original_path	status	classification	retained_path	canonical_source_path	size	sha256	reason
.ZERO_FINAL_RUN2_AUDIT_TMP_17878/ZERO-T1_FREEZE_v1_af4c5abd_CONTENTS.txt	OMITTED_EXACT_MIRROR	OMITTED_FINAL_AUDIT_DUPLICATE	experiments/zeroize/campaign-closure/package-integrity-audit/ZERO-T1_FREEZE_v1_af4c5abd_CONTENTS.txt	ZERO-FINAL_CAMPAIGN_v1_af4c5abd/audit/ZERO-T1_FREEZE_v1_af4c5abd_CONTENTS.txt	721	8b8d3f7a39bd798458f6ae08bc23317c249affccf2676d4ffcac1f479174cae9	Final-audit working copy duplicates the retained campaign-integrity record.
.ZERO_FINAL_RUN2_AUDIT_TMP_17878/ZERO-T1_FREEZE_v1_af4c5abd_INTERNAL_MANIFEST_CHECK.txt	OMITTED_EXACT_MIRROR	OMITTED_FINAL_AUDIT_DUPLICATE	experiments/zeroize/campaign-closure/package-integrity-audit/ZERO-T1_FREEZE_v1_af4c5abd_INTERNAL_MANIFEST_CHECK.txt	ZERO-FINAL_CAMPAIGN_v1_af4c5abd/audit/ZERO-T1_FREEZE_v1_af4c5abd_INTERNAL_MANIFEST_CHECK.txt	398	fef18125943e12b8e1b9fe559410a7da9538287b461ee0e5a669cfae4bd89cb2	Final-audit working copy duplicates the retained campaign-integrity record.
.ZERO_FINAL_RUN2_AUDIT_TMP_17878/ZERO-T1_FREEZE_v1_af4c5abd_PACKAGE_SHA256_CHECK.txt	OMITTED_EXACT_MIRROR	OMITTED_FINAL_AUDIT_DUPLICATE	experiments/zeroize/campaign-closure/package-integrity-audit/ZERO-T1_FREEZE_v1_af4c5abd_PACKAGE_SHA256_CHECK.txt	ZERO-FINAL_CAMPAIGN_v1_af4c5abd/audit/ZERO-T1_FREEZE_v1_af4c5abd_PACKAGE_SHA256_CHECK.txt	85	5c46516d3a4d21e58bfbbd0af40c2c744f6d0da97fc5253376db1d889eab3bc0	Final-audit working copy duplicates the retained campaign-integrity record.
.ZERO_FINAL_RUN2_AUDIT_TMP_17878/ZERO-T2_FREEZE_v1_af4c5abd_CONTENTS.txt	OMITTED_EXACT_MIRROR	OMITTED_FINAL_AUDIT_DUPLICATE	experiments/zeroize/campaign-closure/package-integrity-audit/ZERO-T2_FREEZE_v1_af4c5abd_CONTENTS.txt	ZERO-FINAL_CAMPAIGN_v1_af4c5abd/audit/ZERO-T2_FREEZE_v1_af4c5abd_CONTENTS.txt	687	6f112e9b821e24e345ac75115386f94a273f2c6c876daa2f5c753cede2865e82	Final-audit working copy duplicates the retained campaign-integrity record.
.ZERO_FINAL_RUN2_AUDIT_TMP_17878/ZERO-T2_FREEZE_v1_af4c5abd_INTERNAL_MANIFEST_CHECK.txt	OMITTED_EXACT_MIRROR	OMITTED_FINAL_AUDIT_DUPLICATE	experiments/zeroize/campaign-closure/package-integrity-audit/ZERO-T2_FREEZE_v1_af4c5abd_INTERNAL_MANIFEST_CHECK.txt	ZERO-FINAL_CAMPAIGN_v1_af4c5abd/audit/ZERO-T2_FREEZE_v1_af4c5abd_INTERNAL_MANIFEST_CHECK.txt	364	34693d7f1a6e963130f47038c2d8c3b084329310194b6bdae2201067bad97d30	Final-audit working copy duplicates the retained campaign-integrity record.
.ZERO_FINAL_RUN2_AUDIT_TMP_17878/ZERO-T2_FREEZE_v1_af4c5abd_PACKAGE_SHA256_CHECK.txt	OMITTED_EXACT_MIRROR	OMITTED_FINAL_AUDIT_DUPLICATE	experiments/zeroize/campaign-closure/package-integrity-audit/ZERO-T2_FREEZE_v1_af4c5abd_PACKAGE_SHA256_CHECK.txt	ZERO-FINAL_CAMPAIGN_v1_af4c5abd/audit/ZERO-T2_FREEZE_v1_af4c5abd_PACKAGE_SHA256_CHECK.txt	85	5332aea98358c1350453077b22990106a110e65cc323fafd09a22f4fe604c4dc	Final-audit working copy duplicates the retained campaign-integrity record.
.ZERO_FINAL_RUN2_AUDIT_TMP_17878/ZERO-T3_FREEZE_v1_af4c5abd_CONTENTS.txt	OMITTED_EXACT_MIRROR	OMITTED_FINAL_AUDIT_DUPLICATE	experiments/zeroize/campaign-closure/package-integrity-audit/ZERO-T3_FREEZE_v1_af4c5abd_CONTENTS.txt	ZERO-FINAL_CAMPAIGN_v1_af4c5abd/audit/ZERO-T3_FREEZE_v1_af4c5abd_CONTENTS.txt	695	b86bcc69365c436a2221fae3ad2df7beacab7ae963469fc1348ddfae5b55625b	Final-audit working copy duplicates the retained campaign-integrity record.
.ZERO_FINAL_RUN2_AUDIT_TMP_17878/ZERO-T3_FREEZE_v1_af4c5abd_INTERNAL_MANIFEST_CHECK.txt	OMITTED_EXACT_MIRROR	OMITTED_FINAL_AUDIT_DUPLICATE	experiments/zeroize/campaign-closure/package-integrity-audit/ZERO-T3_FREEZE_v1_af4c5abd_INTERNAL_MANIFEST_CHECK.txt	ZERO-FINAL_CAMPAIGN_v1_af4c5abd/audit/ZERO-T3_FREEZE_v1_af4c5abd_INTERNAL_MANIFEST_CHECK.txt	372	99b549adb1bcd4400cd7f224e1f4c303dd2af47cd3b12cfe3dc7ab84cd430668	Final-audit working copy duplicates the retained campaign-integrity record.
.ZERO_FINAL_RUN2_AUDIT_TMP_17878/ZERO-T3_FREEZE_v1_af4c5abd_PACKAGE_SHA256_CHECK.txt	OMITTED_EXACT_MIRROR	OMITTED_FINAL_AUDIT_DUPLICATE	experiments/zeroize/campaign-closure/package-integrity-audit/ZERO-T3_FREEZE_v1_af4c5abd_PACKAGE_SHA256_CHECK.txt	ZERO-FINAL_CAMPAIGN_v1_af4c5abd/audit/ZERO-T3_FREEZE_v1_af4c5abd_PACKAGE_SHA256_CHECK.txt	85	ee232de3b4788ab293c83ef200b607145adef3c1fc4671e1cbf04a9b7847f2c5	Final-audit working copy duplicates the retained campaign-integrity record.
.ZERO_FINAL_RUN2_AUDIT_TMP_17878/ZERO-T4_FREEZE_v1_af4c5abd_CONTENTS.txt	OMITTED_EXACT_MIRROR	OMITTED_FINAL_AUDIT_DUPLICATE	experiments/zeroize/campaign-closure/package-integrity-audit/ZERO-T4_FREEZE_v1_af4c5abd_CONTENTS.txt	ZERO-FINAL_CAMPAIGN_v1_af4c5abd/audit/ZERO-T4_FREEZE_v1_af4c5abd_CONTENTS.txt	2337	e481d2a0b9022fea98977de9ac2727e24227e370e3b92e7927f64f76af9c0014	Final-audit working copy duplicates the retained campaign-integrity record.
.ZERO_FINAL_RUN2_AUDIT_TMP_17878/ZERO-T4_FREEZE_v1_af4c5abd_INTERNAL_MANIFEST_CHECK.txt	OMITTED_EXACT_MIRROR	OMITTED_FINAL_AUDIT_DUPLICATE	experiments/zeroize/campaign-closure/package-integrity-audit/ZERO-T4_FREEZE_v1_af4c5abd_INTERNAL_MANIFEST_CHECK.txt	ZERO-FINAL_CAMPAIGN_v1_af4c5abd/audit/ZERO-T4_FREEZE_v1_af4c5abd_INTERNAL_MANIFEST_CHECK.txt	1504	42db2631205e73fabf1b012cf9a55da7df63e25c2aabd4afecbded63728f9746	Final-audit working copy duplicates the retained campaign-integrity record.
.ZERO_FINAL_RUN2_AUDIT_TMP_17878/ZERO-T4_FREEZE_v1_af4c5abd_PACKAGE_SHA256_CHECK.txt	OMITTED_EXACT_MIRROR	OMITTED_FINAL_AUDIT_DUPLICATE	experiments/zeroize/campaign-closure/package-integrity-audit/ZERO-T4_FREEZE_v1_af4c5abd_PACKAGE_SHA256_CHECK.txt	ZERO-FINAL_CAMPAIGN_v1_af4c5abd/audit/ZERO-T4_FREEZE_v1_af4c5abd_PACKAGE_SHA256_CHECK.txt	85	5c88dadc1456fcd21281d12923c2d843445d019239847825ea85f73ad63ec2a1	Final-audit working copy duplicates the retained campaign-integrity record.
.ZERO_FINAL_RUN2_AUDIT_TMP_17878/ZERO-V1_FREEZE_v1_af4c5abd_CONTENTS.txt	OMITTED_EXACT_MIRROR	OMITTED_FINAL_AUDIT_DUPLICATE	experiments/zeroize/campaign-closure/package-integrity-audit/ZERO-V1_FREEZE_v1_af4c5abd_CONTENTS.txt	ZERO-FINAL_CAMPAIGN_v1_af4c5abd/audit/ZERO-V1_FREEZE_v1_af4c5abd_CONTENTS.txt	9216	d1f3ba11a7ce6b250fb914fa8e0d41de885cbf40576031340f8901130377e5ed	Final-audit working copy duplicates the retained campaign-integrity record.
.ZERO_FINAL_RUN2_AUDIT_TMP_17878/ZERO-V1_FREEZE_v1_af4c5abd_INTERNAL_MANIFEST_CHECK.txt	OMITTED_EXACT_MIRROR	OMITTED_FINAL_AUDIT_DUPLICATE	experiments/zeroize/campaign-closure/package-integrity-audit/ZERO-V1_FREEZE_v1_af4c5abd_INTERNAL_MANIFEST_CHECK.txt	ZERO-FINAL_CAMPAIGN_v1_af4c5abd/audit/ZERO-V1_FREEZE_v1_af4c5abd_INTERNAL_MANIFEST_CHECK.txt	5913	56a87a121faaa0e3f1b797f98f5996775320773987a45550cfde5ce35ab4e75b	Final-audit working copy duplicates the retained campaign-integrity record.
.ZERO_FINAL_RUN2_AUDIT_TMP_17878/ZERO-V1_FREEZE_v1_af4c5abd_PACKAGE_SHA256_CHECK.txt	OMITTED_EXACT_MIRROR	OMITTED_FINAL_AUDIT_DUPLICATE	experiments/zeroize/campaign-closure/package-integrity-audit/ZERO-V1_FREEZE_v1_af4c5abd_PACKAGE_SHA256_CHECK.txt	ZERO-FINAL_CAMPAIGN_v1_af4c5abd/audit/ZERO-V1_FREEZE_v1_af4c5abd_PACKAGE_SHA256_CHECK.txt	38	1107158fa74b711f3d017e19bc3a17de009d21b96a91beda0e369cb419da2eed	Final-audit working copy duplicates the retained campaign-integrity record.
.ZERO_FINAL_RUN2_AUDIT_TMP_17878/ZERO-V1_PLAN_SHA256_CHECK.txt	OMITTED_EXACT_MIRROR	OMITTED_FINAL_AUDIT_DUPLICATE	experiments/zeroize/V01-mutation-sensitivity/plan/ZERO-V1_PLAN_RECHECK.txt	ZERO-V1_MUTATION_PLAN_af4c5abd/ZERO-V1_PLAN_RECHECK.txt	331	74577ff64540f93f5873c2500d509386f202488537b4b0f18f2623d5b55477e3	Final-audit working copy duplicates the retained campaign-integrity record.
.ZERO_FINAL_RUN2_AUDIT_TMP_17878/extracted/ZERO-T1_FREEZE_v1_af4c5abd/ZERO-T1_FREEZE_v1_af4c5abd/MANIFEST.sha256	OMITTED_EXACT_MIRROR	OMITTED_TEMPORARY_EXTRACTED_FREEZE_MIRROR	experiments/zeroize/T01-exact-slice-erasure-and-prestate-independence/final-evidence/MANIFEST.sha256	ZERO-T1_FREEZE_v1_af4c5abd/MANIFEST.sha256	1142	2da98556667b1032ad8a42881e28bb743e0fa5a33355f44de468cacd084a2119	Temporary final-audit extraction copy; byte-identical canonical evidence is retained.
.ZERO_FINAL_RUN2_AUDIT_TMP_17878/extracted/ZERO-T1_FREEZE_v1_af4c5abd/ZERO-T1_FREEZE_v1_af4c5abd/ZERO-00C_T1_RUN1_FINAL_SHA256SUMS.txt	OMITTED_EXACT_MIRROR	OMITTED_TEMPORARY_EXTRACTED_FREEZE_MIRROR	experiments/zeroize/T01-exact-slice-erasure-and-prestate-independence/raw-run/ZERO-00C_T1_RUN1_FINAL_SHA256SUMS.txt	ZERO-00C_T1_RUN1_af4c5abd/ZERO-00C_T1_RUN1_FINAL_SHA256SUMS.txt	2016	de96c715976b8481b724034bb025eebe307aed3cf85055566f17fe5d3cf9401a	Temporary final-audit extraction copy; byte-identical canonical evidence is retained.
.ZERO_FINAL_RUN2_AUDIT_TMP_17878/extracted/ZERO-T1_FREEZE_v1_af4c5abd/ZERO-T1_FREEZE_v1_af4c5abd/ZERO-T1_COMMANDS.txt	OMITTED_EXACT_MIRROR	OMITTED_TEMPORARY_EXTRACTED_FREEZE_MIRROR	experiments/zeroize/T01-exact-slice-erasure-and-prestate-independence/final-evidence/ZERO-T1_COMMANDS.txt	ZERO-T1_FREEZE_v1_af4c5abd/ZERO-T1_COMMANDS.txt	602	e866978669bd3a89651831b31a291d292630ae1a6507ca17af4abc359b4eff61	Temporary final-audit extraction copy; byte-identical canonical evidence is retained.
.ZERO_FINAL_RUN2_AUDIT_TMP_17878/extracted/ZERO-T1_FREEZE_v1_af4c5abd/ZERO-T1_FREEZE_v1_af4c5abd/ZERO-T1_VERDICT.md	OMITTED_EXACT_MIRROR	OMITTED_TEMPORARY_EXTRACTED_FREEZE_MIRROR	experiments/zeroize/T01-exact-slice-erasure-and-prestate-independence/final-evidence/ZERO-T1_VERDICT.md	ZERO-FINAL_CAMPAIGN_v1_af4c5abd/verdicts/ZERO-T1_VERDICT.md	1758	1d6c0b44834ef30de95b46a436e02423fb4db989c4358b83c6128a621bee78c9	Temporary final-audit extraction copy; byte-identical canonical evidence is retained.
.ZERO_FINAL_RUN2_AUDIT_TMP_17878/extracted/ZERO-T1_FREEZE_v1_af4c5abd/ZERO-T1_FREEZE_v1_af4c5abd/assumption_registry.md	OMITTED_EXACT_MIRROR	OMITTED_TEMPORARY_EXTRACTED_FREEZE_MIRROR	experiments/zeroize/00-campaign-setup/registries/assumption_registry.md	ZERO-00C_T1_RUN1_af4c5abd/assumption_registry.md	1094	0b64fd8fb5ef17fa00fe9e68307dd79554688045a8675a7d084ec95bc307b379	Temporary final-audit extraction copy; byte-identical canonical evidence is retained.
.ZERO_FINAL_RUN2_AUDIT_TMP_17878/extracted/ZERO-T1_FREEZE_v1_af4c5abd/ZERO-T1_FREEZE_v1_af4c5abd/source_binding.txt	OMITTED_EXACT_MIRROR	OMITTED_TEMPORARY_EXTRACTED_FREEZE_MIRROR	experiments/zeroize/00-campaign-setup/registries/source_binding.txt	ZERO-00C_T1_RUN1_af4c5abd/source_binding.txt	890	755eb7844a895cebd3dfe73f58a4269782ebf0401550e2e8bf6fad2ffdb7825c	Temporary final-audit extraction copy; byte-identical canonical evidence is retained.
.ZERO_FINAL_RUN2_AUDIT_TMP_17878/extracted/ZERO-T1_FREEZE_v1_af4c5abd/ZERO-T1_FREEZE_v1_af4c5abd/theorem_registry.md	OMITTED_EXACT_MIRROR	OMITTED_TEMPORARY_EXTRACTED_FREEZE_MIRROR	experiments/zeroize/00-campaign-setup/registries/theorem_registry.md	ZERO-00C_T1_RUN1_af4c5abd/theorem_registry.md	2386	f72f5012cd9a6d85f58740bcb711ffa0e0b092d893fd1fb49f1ab0dcfa325230	Temporary final-audit extraction copy; byte-identical canonical evidence is retained.
.ZERO_FINAL_RUN2_AUDIT_TMP_17878/extracted/ZERO-T1_FREEZE_v1_af4c5abd/ZERO-T1_FREEZE_v1_af4c5abd/zero_t1_cbmc_output.txt	OMITTED_EXACT_MIRROR	OMITTED_TEMPORARY_EXTRACTED_FREEZE_MIRROR	experiments/zeroize/T01-exact-slice-erasure-and-prestate-independence/raw-run/zero_t1_cbmc_output.txt	ZERO-00C_T1_RUN1_af4c5abd/zero_t1_cbmc_output.txt	14022	c342d29d11a590d665d5667e9f98d69a7916f9dccc0d532e64e1463534b6a833	Temporary final-audit extraction copy; byte-identical canonical evidence is retained.
.ZERO_FINAL_RUN2_AUDIT_TMP_17878/extracted/ZERO-T1_FREEZE_v1_af4c5abd/ZERO-T1_FREEZE_v1_af4c5abd/zero_t1_exact_erasure_harness.c	OMITTED_EXACT_MIRROR	OMITTED_TEMPORARY_EXTRACTED_FREEZE_MIRROR	experiments/zeroize/T01-exact-slice-erasure-and-prestate-independence/raw-run/zero_t1_exact_erasure_harness.c	ZERO-00C_T1_RUN1_af4c5abd/zero_t1_exact_erasure_harness.c	2563	1de4583dfd2940c1f7d74fd51a4f80da92410e93fd5f2c3dc075aec0f0b39edd	Temporary final-audit extraction copy; byte-identical canonical evidence is retained.
.ZERO_FINAL_RUN2_AUDIT_TMP_17878/extracted/ZERO-T1_FREEZE_v1_af4c5abd/ZERO-T1_FREEZE_v1_af4c5abd/zero_t1_fail_control_cbmc_output.txt	OMITTED_EXACT_MIRROR	OMITTED_TEMPORARY_EXTRACTED_FREEZE_MIRROR	experiments/zeroize/T01-exact-slice-erasure-and-prestate-independence/raw-run/zero_t1_fail_control_cbmc_output.txt	ZERO-00C_T1_RUN1_af4c5abd/zero_t1_fail_control_cbmc_output.txt	26652	0085ac607c3e8d417a74d039ff72fc605b848c64766448321908e005eabcfc67	Temporary final-audit extraction copy; byte-identical canonical evidence is retained.
.ZERO_FINAL_RUN2_AUDIT_TMP_17878/extracted/ZERO-T1_FREEZE_v1_af4c5abd/ZERO-T1_FREEZE_v1_af4c5abd/zero_t1_fail_control_harness.c	OMITTED_EXACT_MIRROR	OMITTED_TEMPORARY_EXTRACTED_FREEZE_MIRROR	experiments/zeroize/T01-exact-slice-erasure-and-prestate-independence/raw-run/zero_t1_fail_control_harness.c	ZERO-00C_T1_RUN1_af4c5abd/zero_t1_fail_control_harness.c	1099	f368808c57d549c66ed42b4336e86c57664e2ded8fd4e40b5d358713bab86293	Temporary final-audit extraction copy; byte-identical canonical evidence is retained.
.ZERO_FINAL_RUN2_AUDIT_TMP_17878/extracted/ZERO-T1_FREEZE_v1_af4c5abd/ZERO-T1_FREEZE_v1_af4c5abd/zero_t1_library_body_binding.txt	OMITTED_EXACT_MIRROR	OMITTED_TEMPORARY_EXTRACTED_FREEZE_MIRROR	experiments/zeroize/T01-exact-slice-erasure-and-prestate-independence/raw-run/zero_t1_library_body_binding.txt	ZERO-00C_T1_RUN1_af4c5abd/zero_t1_library_body_binding.txt	46115	5e3a16c39a7c7fae41d0fae834fd29a8032767e9e93926a2dee30a2c1f7deda4	Temporary final-audit extraction copy; byte-identical canonical evidence is retained.
.ZERO_FINAL_RUN2_AUDIT_TMP_17878/extracted/ZERO-T1_FREEZE_v1_af4c5abd/ZERO-T1_FREEZE_v1_af4c5abd/zero_t1_raw_body_binding.txt	OMITTED_EXACT_MIRROR	OMITTED_TEMPORARY_EXTRACTED_FREEZE_MIRROR	experiments/zeroize/T01-exact-slice-erasure-and-prestate-independence/raw-run/zero_t1_raw_body_binding.txt	ZERO-00C_T1_RUN1_af4c5abd/zero_t1_raw_body_binding.txt	47488	470be0cf378c08fe834e1d8b797f33513de14358d82bdecdcb68516989da556f	Temporary final-audit extraction copy; byte-identical canonical evidence is retained.
.ZERO_FINAL_RUN2_AUDIT_TMP_17878/extracted/ZERO-T2_FREEZE_v1_af4c5abd/ZERO-T2_FREEZE_v1_af4c5abd/MANIFEST.sha256	OMITTED_EXACT_MIRROR	OMITTED_TEMPORARY_EXTRACTED_FREEZE_MIRROR	experiments/zeroize/T02-frame-confinement-and-zero-length-identity/final-evidence/MANIFEST.sha256	ZERO-T2_FREEZE_v1_af4c5abd/MANIFEST.sha256	1108	f9500d05fc109dd7d6275f9f9660a9737bcd61384b9c8161ded27e246e4fc1ca	Temporary final-audit extraction copy; byte-identical canonical evidence is retained.
.ZERO_FINAL_RUN2_AUDIT_TMP_17878/extracted/ZERO-T2_FREEZE_v1_af4c5abd/ZERO-T2_FREEZE_v1_af4c5abd/ZERO-T2_COMMANDS.txt	OMITTED_EXACT_MIRROR	OMITTED_TEMPORARY_EXTRACTED_FREEZE_MIRROR	experiments/zeroize/00-campaign-setup/shared-command-records/ZERO-T2-T3_SHARED_COMMANDS.txt	ZERO-T2_FREEZE_v1_af4c5abd/ZERO-T2_COMMANDS.txt	534	3706327cb7f1e08f07db31841fb0147c78fe021ee93b6e595d8f486554d31853	Temporary final-audit extraction copy; byte-identical canonical evidence is retained.
.ZERO_FINAL_RUN2_AUDIT_TMP_17878/extracted/ZERO-T2_FREEZE_v1_af4c5abd/ZERO-T2_FREEZE_v1_af4c5abd/ZERO-T2_RUN1_SHA256SUMS.txt	OMITTED_EXACT_MIRROR	OMITTED_TEMPORARY_EXTRACTED_FREEZE_MIRROR	experiments/zeroize/T02-frame-confinement-and-zero-length-identity/raw-run/ZERO-T2_RUN1_SHA256SUMS.txt	ZERO-T2_RUN1_af4c5abd/ZERO-T2_RUN1_SHA256SUMS.txt	1626	f8ff4845b1d762bad60428f007a8ff5a0189cfd8a7e3ea13c1adb7f7b1c3a089	Temporary final-audit extraction copy; byte-identical canonical evidence is retained.
.ZERO_FINAL_RUN2_AUDIT_TMP_17878/extracted/ZERO-T2_FREEZE_v1_af4c5abd/ZERO-T2_FREEZE_v1_af4c5abd/ZERO-T2_VERDICT.md	OMITTED_EXACT_MIRROR	OMITTED_TEMPORARY_EXTRACTED_FREEZE_MIRROR	experiments/zeroize/T02-frame-confinement-and-zero-length-identity/final-evidence/ZERO-T2_VERDICT.md	ZERO-FINAL_CAMPAIGN_v1_af4c5abd/verdicts/ZERO-T2_VERDICT.md	1599	6e008bae694c62bc3031dcac25ae127b9e1a0fb224accf5539f4c6ea2b97285c	Temporary final-audit extraction copy; byte-identical canonical evidence is retained.
.ZERO_FINAL_RUN2_AUDIT_TMP_17878/extracted/ZERO-T2_FREEZE_v1_af4c5abd/ZERO-T2_FREEZE_v1_af4c5abd/assumption_registry.md	OMITTED_EXACT_MIRROR	OMITTED_TEMPORARY_EXTRACTED_FREEZE_MIRROR	experiments/zeroize/00-campaign-setup/registries/assumption_registry.md	ZERO-00C_T1_RUN1_af4c5abd/assumption_registry.md	1094	0b64fd8fb5ef17fa00fe9e68307dd79554688045a8675a7d084ec95bc307b379	Temporary final-audit extraction copy; byte-identical canonical evidence is retained.
.ZERO_FINAL_RUN2_AUDIT_TMP_17878/extracted/ZERO-T2_FREEZE_v1_af4c5abd/ZERO-T2_FREEZE_v1_af4c5abd/source_binding.txt	OMITTED_EXACT_MIRROR	OMITTED_TEMPORARY_EXTRACTED_FREEZE_MIRROR	experiments/zeroize/00-campaign-setup/registries/source_binding.txt	ZERO-00C_T1_RUN1_af4c5abd/source_binding.txt	890	755eb7844a895cebd3dfe73f58a4269782ebf0401550e2e8bf6fad2ffdb7825c	Temporary final-audit extraction copy; byte-identical canonical evidence is retained.
.ZERO_FINAL_RUN2_AUDIT_TMP_17878/extracted/ZERO-T2_FREEZE_v1_af4c5abd/ZERO-T2_FREEZE_v1_af4c5abd/theorem_registry.md	OMITTED_EXACT_MIRROR	OMITTED_TEMPORARY_EXTRACTED_FREEZE_MIRROR	experiments/zeroize/00-campaign-setup/registries/theorem_registry.md	ZERO-00C_T1_RUN1_af4c5abd/theorem_registry.md	2386	f72f5012cd9a6d85f58740bcb711ffa0e0b092d893fd1fb49f1ab0dcfa325230	Temporary final-audit extraction copy; byte-identical canonical evidence is retained.
.ZERO_FINAL_RUN2_AUDIT_TMP_17878/extracted/ZERO-T2_FREEZE_v1_af4c5abd/ZERO-T2_FREEZE_v1_af4c5abd/zero_t2_cbmc_output.txt	OMITTED_EXACT_MIRROR	OMITTED_TEMPORARY_EXTRACTED_FREEZE_MIRROR	experiments/zeroize/T02-frame-confinement-and-zero-length-identity/raw-run/zero_t2_cbmc_output.txt	ZERO-T2_RUN1_af4c5abd/zero_t2_cbmc_output.txt	14778	a1866784bb8a77bc756d35c92cebd0d80408c7ab7376937532aa19d08fae9272	Temporary final-audit extraction copy; byte-identical canonical evidence is retained.
.ZERO_FINAL_RUN2_AUDIT_TMP_17878/extracted/ZERO-T2_FREEZE_v1_af4c5abd/ZERO-T2_FREEZE_v1_af4c5abd/zero_t2_fail_control_cbmc_output.txt	OMITTED_EXACT_MIRROR	OMITTED_TEMPORARY_EXTRACTED_FREEZE_MIRROR	experiments/zeroize/T02-frame-confinement-and-zero-length-identity/raw-run/zero_t2_fail_control_cbmc_output.txt	ZERO-T2_RUN1_af4c5abd/zero_t2_fail_control_cbmc_output.txt	11756	70d8c0a857bee31aa1ce95eb4aef9056d567e108f66638fc2f204864839c7beb	Temporary final-audit extraction copy; byte-identical canonical evidence is retained.
.ZERO_FINAL_RUN2_AUDIT_TMP_17878/extracted/ZERO-T2_FREEZE_v1_af4c5abd/ZERO-T2_FREEZE_v1_af4c5abd/zero_t2_fail_control_harness.c	OMITTED_EXACT_MIRROR	OMITTED_TEMPORARY_EXTRACTED_FREEZE_MIRROR	experiments/zeroize/T02-frame-confinement-and-zero-length-identity/raw-run/zero_t2_fail_control_harness.c	ZERO-T2_RUN1_af4c5abd/zero_t2_fail_control_harness.c	466	0bd8e18b7b67147bf1bd7abaea19c36de219f2632cb6bf8e213f34fc7b546dc6	Temporary final-audit extraction copy; byte-identical canonical evidence is retained.
.ZERO_FINAL_RUN2_AUDIT_TMP_17878/extracted/ZERO-T2_FREEZE_v1_af4c5abd/ZERO-T2_FREEZE_v1_af4c5abd/zero_t2_frame_harness.c	OMITTED_EXACT_MIRROR	OMITTED_TEMPORARY_EXTRACTED_FREEZE_MIRROR	experiments/zeroize/T02-frame-confinement-and-zero-length-identity/raw-run/zero_t2_frame_harness.c	ZERO-T2_RUN1_af4c5abd/zero_t2_frame_harness.c	2900	9c17d24dca430bb7d41dbb4a6547e6a48a8eda5154bd5464acfeed6df098a5b1	Temporary final-audit extraction copy; byte-identical canonical evidence is retained.
.ZERO_FINAL_RUN2_AUDIT_TMP_17878/extracted/ZERO-T2_FREEZE_v1_af4c5abd/ZERO-T2_FREEZE_v1_af4c5abd/zero_t2_library_body.txt	OMITTED_EXACT_MIRROR	OMITTED_TEMPORARY_EXTRACTED_FREEZE_MIRROR	experiments/zeroize/T02-frame-confinement-and-zero-length-identity/raw-run/zero_t2_library_body.txt	ZERO-T2_RUN1_af4c5abd/zero_t2_library_body.txt	46420	0ac2346988a260c2e37a41c9f911e00e8aa7ef791ad55cea2c64d1b89d428701	Temporary final-audit extraction copy; byte-identical canonical evidence is retained.
.ZERO_FINAL_RUN2_AUDIT_TMP_17878/extracted/ZERO-T2_FREEZE_v1_af4c5abd/ZERO-T2_FREEZE_v1_af4c5abd/zero_t2_raw_body.txt	OMITTED_EXACT_MIRROR	OMITTED_TEMPORARY_EXTRACTED_FREEZE_MIRROR	experiments/zeroize/T02-frame-confinement-and-zero-length-identity/raw-run/zero_t2_raw_body.txt	ZERO-T2_RUN1_af4c5abd/zero_t2_raw_body.txt	47793	6033d5c3ce698658bb64c01e4e12fedb6bdcb40683c75c59b0ff0a5551bd1d2e	Temporary final-audit extraction copy; byte-identical canonical evidence is retained.
.ZERO_FINAL_RUN2_AUDIT_TMP_17878/extracted/ZERO-T3_FREEZE_v1_af4c5abd/ZERO-T3_FREEZE_v1_af4c5abd/MANIFEST.sha256	OMITTED_EXACT_MIRROR	OMITTED_TEMPORARY_EXTRACTED_FREEZE_MIRROR	experiments/zeroize/T03-relational-and-compositional-zeroization-laws/final-evidence/MANIFEST.sha256	ZERO-T3_FREEZE_v1_af4c5abd/MANIFEST.sha256	1116	eccd3814022d49267df76d411151ac45665de27261d40b0446140d2f84e23f64	Temporary final-audit extraction copy; byte-identical canonical evidence is retained.
.ZERO_FINAL_RUN2_AUDIT_TMP_17878/extracted/ZERO-T3_FREEZE_v1_af4c5abd/ZERO-T3_FREEZE_v1_af4c5abd/ZERO-T3_COMMANDS.txt	OMITTED_EXACT_MIRROR	OMITTED_TEMPORARY_EXTRACTED_FREEZE_MIRROR	experiments/zeroize/00-campaign-setup/shared-command-records/ZERO-T2-T3_SHARED_COMMANDS.txt	ZERO-T2_FREEZE_v1_af4c5abd/ZERO-T2_COMMANDS.txt	534	3706327cb7f1e08f07db31841fb0147c78fe021ee93b6e595d8f486554d31853	Temporary final-audit extraction copy; byte-identical canonical evidence is retained.
.ZERO_FINAL_RUN2_AUDIT_TMP_17878/extracted/ZERO-T3_FREEZE_v1_af4c5abd/ZERO-T3_FREEZE_v1_af4c5abd/ZERO-T3_RUN1_SHA256SUMS.txt	OMITTED_EXACT_MIRROR	OMITTED_TEMPORARY_EXTRACTED_FREEZE_MIRROR	experiments/zeroize/T03-relational-and-compositional-zeroization-laws/raw-run/ZERO-T3_RUN1_SHA256SUMS.txt	ZERO-T3_RUN1_af4c5abd/ZERO-T3_RUN1_SHA256SUMS.txt	1650	1bb8b3e958b40a5e3e9c4ee8a127856cbb649ea3685038c4c36f17bd83ea15d9	Temporary final-audit extraction copy; byte-identical canonical evidence is retained.
.ZERO_FINAL_RUN2_AUDIT_TMP_17878/extracted/ZERO-T3_FREEZE_v1_af4c5abd/ZERO-T3_FREEZE_v1_af4c5abd/ZERO-T3_VERDICT.md	OMITTED_EXACT_MIRROR	OMITTED_TEMPORARY_EXTRACTED_FREEZE_MIRROR	experiments/zeroize/T03-relational-and-compositional-zeroization-laws/final-evidence/ZERO-T3_VERDICT.md	ZERO-FINAL_CAMPAIGN_v1_af4c5abd/verdicts/ZERO-T3_VERDICT.md	1678	b50c2f9926abf05281a0b4e489894448d302502d69df2cce0dfb2b1571e0fd1e	Temporary final-audit extraction copy; byte-identical canonical evidence is retained.
.ZERO_FINAL_RUN2_AUDIT_TMP_17878/extracted/ZERO-T3_FREEZE_v1_af4c5abd/ZERO-T3_FREEZE_v1_af4c5abd/assumption_registry.md	OMITTED_EXACT_MIRROR	OMITTED_TEMPORARY_EXTRACTED_FREEZE_MIRROR	experiments/zeroize/00-campaign-setup/registries/assumption_registry.md	ZERO-00C_T1_RUN1_af4c5abd/assumption_registry.md	1094	0b64fd8fb5ef17fa00fe9e68307dd79554688045a8675a7d084ec95bc307b379	Temporary final-audit extraction copy; byte-identical canonical evidence is retained.
.ZERO_FINAL_RUN2_AUDIT_TMP_17878/extracted/ZERO-T3_FREEZE_v1_af4c5abd/ZERO-T3_FREEZE_v1_af4c5abd/source_binding.txt	OMITTED_EXACT_MIRROR	OMITTED_TEMPORARY_EXTRACTED_FREEZE_MIRROR	experiments/zeroize/00-campaign-setup/registries/source_binding.txt	ZERO-00C_T1_RUN1_af4c5abd/source_binding.txt	890	755eb7844a895cebd3dfe73f58a4269782ebf0401550e2e8bf6fad2ffdb7825c	Temporary final-audit extraction copy; byte-identical canonical evidence is retained.
.ZERO_FINAL_RUN2_AUDIT_TMP_17878/extracted/ZERO-T3_FREEZE_v1_af4c5abd/ZERO-T3_FREEZE_v1_af4c5abd/theorem_registry.md	OMITTED_EXACT_MIRROR	OMITTED_TEMPORARY_EXTRACTED_FREEZE_MIRROR	experiments/zeroize/00-campaign-setup/registries/theorem_registry.md	ZERO-00C_T1_RUN1_af4c5abd/theorem_registry.md	2386	f72f5012cd9a6d85f58740bcb711ffa0e0b092d893fd1fb49f1ab0dcfa325230	Temporary final-audit extraction copy; byte-identical canonical evidence is retained.
.ZERO_FINAL_RUN2_AUDIT_TMP_17878/extracted/ZERO-T3_FREEZE_v1_af4c5abd/ZERO-T3_FREEZE_v1_af4c5abd/zero_t3_cbmc_output.txt	OMITTED_EXACT_MIRROR	OMITTED_TEMPORARY_EXTRACTED_FREEZE_MIRROR	experiments/zeroize/T03-relational-and-compositional-zeroization-laws/raw-run/zero_t3_cbmc_output.txt	ZERO-T3_RUN1_af4c5abd/zero_t3_cbmc_output.txt	23665	3a2cec9c4508daf95404494ac3b2da5099dac4cd6d27ac2f90de2f80e206a329	Temporary final-audit extraction copy; byte-identical canonical evidence is retained.
.ZERO_FINAL_RUN2_AUDIT_TMP_17878/extracted/ZERO-T3_FREEZE_v1_af4c5abd/ZERO-T3_FREEZE_v1_af4c5abd/zero_t3_compositional_harness.c	OMITTED_EXACT_MIRROR	OMITTED_TEMPORARY_EXTRACTED_FREEZE_MIRROR	experiments/zeroize/T03-relational-and-compositional-zeroization-laws/raw-run/zero_t3_compositional_harness.c	ZERO-T3_RUN1_af4c5abd/zero_t3_compositional_harness.c	7699	8fd29979f955f2eb0a79116107bc1ad03785c1a4905512e162b6ef699ad7b4da	Temporary final-audit extraction copy; byte-identical canonical evidence is retained.
.ZERO_FINAL_RUN2_AUDIT_TMP_17878/extracted/ZERO-T3_FREEZE_v1_af4c5abd/ZERO-T3_FREEZE_v1_af4c5abd/zero_t3_fail_control_cbmc_output.txt	OMITTED_EXACT_MIRROR	OMITTED_TEMPORARY_EXTRACTED_FREEZE_MIRROR	experiments/zeroize/T03-relational-and-compositional-zeroization-laws/raw-run/zero_t3_fail_control_cbmc_output.txt	ZERO-T3_RUN1_af4c5abd/zero_t3_fail_control_cbmc_output.txt	11776	0540432f9c90d9c25f1a9a9f5562319b69e1ae40354bb881105d779f4a267f05	Temporary final-audit extraction copy; byte-identical canonical evidence is retained.
.ZERO_FINAL_RUN2_AUDIT_TMP_17878/extracted/ZERO-T3_FREEZE_v1_af4c5abd/ZERO-T3_FREEZE_v1_af4c5abd/zero_t3_fail_control_harness.c	OMITTED_EXACT_MIRROR	OMITTED_TEMPORARY_EXTRACTED_FREEZE_MIRROR	experiments/zeroize/T03-relational-and-compositional-zeroization-laws/raw-run/zero_t3_fail_control_harness.c	ZERO-T3_RUN1_af4c5abd/zero_t3_fail_control_harness.c	560	652f873cda6b99d986adabd263077b9b8f7328447b1857728b49d248b9cf797a	Temporary final-audit extraction copy; byte-identical canonical evidence is retained.
.ZERO_FINAL_RUN2_AUDIT_TMP_17878/extracted/ZERO-T3_FREEZE_v1_af4c5abd/ZERO-T3_FREEZE_v1_af4c5abd/zero_t3_library_body.txt	OMITTED_EXACT_MIRROR	OMITTED_TEMPORARY_EXTRACTED_FREEZE_MIRROR	experiments/zeroize/T03-relational-and-compositional-zeroization-laws/raw-run/zero_t3_library_body.txt	ZERO-T3_RUN1_af4c5abd/zero_t3_library_body.txt	81846	acf7d4ade6de362f6f9cc06ee70329378419fcef6c76be0a3257202ab1d87b55	Temporary final-audit extraction copy; byte-identical canonical evidence is retained.
.ZERO_FINAL_RUN2_AUDIT_TMP_17878/extracted/ZERO-T3_FREEZE_v1_af4c5abd/ZERO-T3_FREEZE_v1_af4c5abd/zero_t3_raw_body.txt	OMITTED_EXACT_MIRROR	OMITTED_TEMPORARY_EXTRACTED_FREEZE_MIRROR	experiments/zeroize/T03-relational-and-compositional-zeroization-laws/raw-run/zero_t3_raw_body.txt	ZERO-T3_RUN1_af4c5abd/zero_t3_raw_body.txt	83219	7b1924d4db749f19b11758550501c3c0cca291e492495a81314164bbefe93766	Temporary final-audit extraction copy; byte-identical canonical evidence is retained.
.ZERO_FINAL_RUN2_AUDIT_TMP_17878/extracted/ZERO-T4_FREEZE_v1_af4c5abd/ZERO-T4_FREEZE_v1_af4c5abd/MANIFEST.sha256	OMITTED_EXACT_MIRROR	OMITTED_TEMPORARY_EXTRACTED_FREEZE_MIRROR	experiments/zeroize/T04-zero-before-release-handoff/final-evidence/MANIFEST.sha256	ZERO-T4_FREEZE_v1_af4c5abd/MANIFEST.sha256	3488	df121d91413f172b53e370737dc621b564ef0334c14eba2ff491b91373a689af	Temporary final-audit extraction copy; byte-identical canonical evidence is retained.
.ZERO_FINAL_RUN2_AUDIT_TMP_17878/extracted/ZERO-T4_FREEZE_v1_af4c5abd/ZERO-T4_FREEZE_v1_af4c5abd/RUN1_FAILED_ATTEMPT/ZERO-T4_RUN1_FAILURE_CLASSIFICATION.md	OMITTED_EXACT_MIRROR	OMITTED_TEMPORARY_EXTRACTED_FREEZE_MIRROR	experiments/zeroize/T04-zero-before-release-handoff/run1-failed-harness-configuration/ZERO-T4_RUN1_FAILURE_CLASSIFICATION.md	ZERO-T4_RUN1_af4c5abd/ZERO-T4_RUN1_FAILURE_CLASSIFICATION.md	1205	6e5c4343e88010e0895d091f0199dbc71470c77e66bbad0b68008d4c60cce0fa	Temporary final-audit extraction copy; byte-identical canonical evidence is retained.
.ZERO_FINAL_RUN2_AUDIT_TMP_17878/extracted/ZERO-T4_FREEZE_v1_af4c5abd/ZERO-T4_FREEZE_v1_af4c5abd/RUN1_FAILED_ATTEMPT/ZERO-T4_RUN1_FAILURE_SHA256SUMS.txt	OMITTED_EXACT_MIRROR	OMITTED_TEMPORARY_EXTRACTED_FREEZE_MIRROR	experiments/zeroize/T04-zero-before-release-handoff/run1-failed-harness-configuration/ZERO-T4_RUN1_FAILURE_SHA256SUMS.txt	ZERO-T4_RUN1_af4c5abd/ZERO-T4_RUN1_FAILURE_SHA256SUMS.txt	1322	7fff3374e8caa959ee367d359e00a5c1527d130c0b241980b1dd297cbbb39c39	Temporary final-audit extraction copy; byte-identical canonical evidence is retained.
.ZERO_FINAL_RUN2_AUDIT_TMP_17878/extracted/ZERO-T4_FREEZE_v1_af4c5abd/ZERO-T4_FREEZE_v1_af4c5abd/RUN1_FAILED_ATTEMPT/custom_compile_stderr.txt	OMITTED_EXACT_MIRROR	OMITTED_TEMPORARY_EXTRACTED_FREEZE_MIRROR	experiments/zeroize/T04-zero-before-release-handoff/run1-failed-harness-configuration/custom_compile_stderr.txt	ZERO-T4_RUN1_af4c5abd/custom_compile_stderr.txt	1222	9fe729ee56a8c3f709f60cddaebb68a311e07750a234d701d5351d612949d871	Temporary final-audit extraction copy; byte-identical canonical evidence is retained.
.ZERO_FINAL_RUN2_AUDIT_TMP_17878/extracted/ZERO-T4_FREEZE_v1_af4c5abd/ZERO-T4_FREEZE_v1_af4c5abd/RUN1_FAILED_ATTEMPT/default_compile_stderr.txt	OMITTED_EXACT_MIRROR	OMITTED_TEMPORARY_EXTRACTED_FREEZE_MIRROR	experiments/zeroize/T04-zero-before-release-handoff/run1-failed-harness-configuration/default_compile_stderr.txt	ZERO-T4_RUN1_af4c5abd/default_compile_stderr.txt	331	c1f24a3787ade2d1459360e7d2d6d18a131711ee56d5a9ef58fc53ecafb76b63	Temporary final-audit extraction copy; byte-identical canonical evidence is retained.
.ZERO_FINAL_RUN2_AUDIT_TMP_17878/extracted/ZERO-T4_FREEZE_v1_af4c5abd/ZERO-T4_FREEZE_v1_af4c5abd/RUN1_FAILED_ATTEMPT/fail_compile_stderr.txt	OMITTED_EXACT_MIRROR	OMITTED_TEMPORARY_EXTRACTED_FREEZE_MIRROR	experiments/zeroize/T04-zero-before-release-handoff/run1-failed-harness-configuration/fail_compile_stderr.txt	ZERO-T4_RUN1_af4c5abd/fail_compile_stderr.txt	1228	bca613feb53e1f49c844bcebbf1eeda19272121fd8a0bf3435fdbe0f32754a75	Temporary final-audit extraction copy; byte-identical canonical evidence is retained.
.ZERO_FINAL_RUN2_AUDIT_TMP_17878/extracted/ZERO-T4_FREEZE_v1_af4c5abd/ZERO-T4_FREEZE_v1_af4c5abd/RUN1_FAILED_ATTEMPT/zero_t4_custom_free_harness.c	OMITTED_EXACT_MIRROR	OMITTED_TEMPORARY_EXTRACTED_FREEZE_MIRROR	experiments/zeroize/T04-zero-before-release-handoff/run1-failed-harness-configuration/zero_t4_custom_free_harness.c	ZERO-T4_RUN1_af4c5abd/zero_t4_custom_free_harness.c	2349	3d9e7871c7b8f1610881d7fb32575d167cd80f616a47fc2fdd4db791703e7eed	Temporary final-audit extraction copy; byte-identical canonical evidence is retained.
.ZERO_FINAL_RUN2_AUDIT_TMP_17878/extracted/ZERO-T4_FREEZE_v1_af4c5abd/ZERO-T4_FREEZE_v1_af4c5abd/RUN1_FAILED_ATTEMPT/zero_t4_default_free_harness.c	OMITTED_EXACT_MIRROR	OMITTED_TEMPORARY_EXTRACTED_FREEZE_MIRROR	experiments/zeroize/T04-zero-before-release-handoff/run1-failed-harness-configuration/zero_t4_default_free_harness.c	ZERO-T4_RUN1_af4c5abd/zero_t4_default_free_harness.c	822	7eb1f3d2086101b21208aa44dc1f10a442cc1ac50ae35ab5c20010b2ef474d90	Temporary final-audit extraction copy; byte-identical canonical evidence is retained.
.ZERO_FINAL_RUN2_AUDIT_TMP_17878/extracted/ZERO-T4_FREEZE_v1_af4c5abd/ZERO-T4_FREEZE_v1_af4c5abd/RUN1_FAILED_ATTEMPT/zero_t4_fail_controls_harness.c	OMITTED_EXACT_MIRROR	OMITTED_TEMPORARY_EXTRACTED_FREEZE_MIRROR	experiments/zeroize/T04-zero-before-release-handoff/run1-failed-harness-configuration/zero_t4_fail_controls_harness.c	ZERO-T4_RUN1_af4c5abd/zero_t4_fail_controls_harness.c	1797	a84ae1736122966f68547454aac49b9033037ba0df5552c16ff2a897eff6b97a	Temporary final-audit extraction copy; byte-identical canonical evidence is retained.
.ZERO_FINAL_RUN2_AUDIT_TMP_17878/extracted/ZERO-T4_FREEZE_v1_af4c5abd/ZERO-T4_FREEZE_v1_af4c5abd/RUN2_ACCEPTED/ZERO-T4_CONFIG_SHA256.txt	OMITTED_EXACT_MIRROR	OMITTED_TEMPORARY_EXTRACTED_FREEZE_MIRROR	experiments/zeroize/T04-zero-before-release-handoff/run2-accepted/ZERO-T4_CONFIG_SHA256.txt	ZERO-T4_RUN2_af4c5abd/ZERO-T4_CONFIG_SHA256.txt	319	23db2169dec154d5aa35ac8451261fd4d62389e7662b1852619b9156d70cd30d	Temporary final-audit extraction copy; byte-identical canonical evidence is retained.
.ZERO_FINAL_RUN2_AUDIT_TMP_17878/extracted/ZERO-T4_FREEZE_v1_af4c5abd/ZERO-T4_FREEZE_v1_af4c5abd/RUN2_ACCEPTED/ZERO-T4_RUN2_SHA256SUMS.txt	OMITTED_EXACT_MIRROR	OMITTED_TEMPORARY_EXTRACTED_FREEZE_MIRROR	experiments/zeroize/T04-zero-before-release-handoff/run2-accepted/ZERO-T4_RUN2_SHA256SUMS.txt	ZERO-T4_RUN2_af4c5abd/ZERO-T4_RUN2_SHA256SUMS.txt	3442	3acb30d88d391d83298841c9ce944a27f4ce6dbf0c03af5b2b2db4c2ab327418	Temporary final-audit extraction copy; byte-identical canonical evidence is retained.
.ZERO_FINAL_RUN2_AUDIT_TMP_17878/extracted/ZERO-T4_FREEZE_v1_af4c5abd/ZERO-T4_FREEZE_v1_af4c5abd/RUN2_ACCEPTED/ZERO-T4_RUN2_SOURCE_SHA256.txt	OMITTED_EXACT_MIRROR	OMITTED_TEMPORARY_EXTRACTED_FREEZE_MIRROR	experiments/zeroize/T04-zero-before-release-handoff/run2-accepted/ZERO-T4_RUN2_SOURCE_SHA256.txt	ZERO-T4_RUN2_af4c5abd/ZERO-T4_RUN2_SOURCE_SHA256.txt	817	9fa0b899c9cbeaaade0ed465dde35eb88a27b255a757ae38f53a91517fa0b0d5	Temporary final-audit extraction copy; byte-identical canonical evidence is retained.
.ZERO_FINAL_RUN2_AUDIT_TMP_17878/extracted/ZERO-T4_FREEZE_v1_af4c5abd/ZERO-T4_FREEZE_v1_af4c5abd/RUN2_ACCEPTED/custom_macros.txt	OMITTED_EXACT_MIRROR	OMITTED_TEMPORARY_EXTRACTED_FREEZE_MIRROR	experiments/zeroize/T04-zero-before-release-handoff/run2-accepted/custom_macros.txt	ZERO-T4_RUN2_af4c5abd/custom_macros.txt	40831	ee10887b26286e6fddf18568fcee31740abe02725e5d00a1fc339660d0464f9b	Temporary final-audit extraction copy; byte-identical canonical evidence is retained.
.ZERO_FINAL_RUN2_AUDIT_TMP_17878/extracted/ZERO-T4_FREEZE_v1_af4c5abd/ZERO-T4_FREEZE_v1_af4c5abd/RUN2_ACCEPTED/default_macros.txt	OMITTED_EXACT_MIRROR	OMITTED_TEMPORARY_EXTRACTED_FREEZE_MIRROR	experiments/zeroize/T04-zero-before-release-handoff/run2-accepted/default_macros.txt	ZERO-T4_RUN2_af4c5abd/default_macros.txt	40511	e053af698717a9eefe7a895cec93f3af6301fb7f0c5b56a8fcc0ab231df65b5b	Temporary final-audit extraction copy; byte-identical canonical evidence is retained.
.ZERO_FINAL_RUN2_AUDIT_TMP_17878/extracted/ZERO-T4_FREEZE_v1_af4c5abd/ZERO-T4_FREEZE_v1_af4c5abd/RUN2_ACCEPTED/zero_t4_custom_cbmc_output.txt	OMITTED_EXACT_MIRROR	OMITTED_TEMPORARY_EXTRACTED_FREEZE_MIRROR	experiments/zeroize/T04-zero-before-release-handoff/run2-accepted/zero_t4_custom_cbmc_output.txt	ZERO-T4_RUN2_af4c5abd/zero_t4_custom_cbmc_output.txt	17010	f6f9e5d42cd3e068928bfb66b6be8f108472cd7a75c023363c2eb9e8ece9cddc	Temporary final-audit extraction copy; byte-identical canonical evidence is retained.
.ZERO_FINAL_RUN2_AUDIT_TMP_17878/extracted/ZERO-T4_FREEZE_v1_af4c5abd/ZERO-T4_FREEZE_v1_af4c5abd/RUN2_ACCEPTED/zero_t4_custom_config.h	OMITTED_EXACT_MIRROR	OMITTED_TEMPORARY_EXTRACTED_FREEZE_MIRROR	experiments/zeroize/T04-zero-before-release-handoff/run2-accepted/zero_t4_custom_config.h	ZERO-T4_RUN2_af4c5abd/zero_t4_custom_config.h	693	ec72486c011c7b740732e93a5dbc07b6c09908a8bca65c7b5bee98eb50955da9	Temporary final-audit extraction copy; byte-identical canonical evidence is retained.
.ZERO_FINAL_RUN2_AUDIT_TMP_17878/extracted/ZERO-T4_FREEZE_v1_af4c5abd/ZERO-T4_FREEZE_v1_af4c5abd/RUN2_ACCEPTED/zero_t4_custom_free_harness.c	OMITTED_EXACT_MIRROR	OMITTED_TEMPORARY_EXTRACTED_FREEZE_MIRROR	experiments/zeroize/T04-zero-before-release-handoff/run2-accepted/zero_t4_custom_free_harness.c	ZERO-T4_RUN2_af4c5abd/zero_t4_custom_free_harness.c	2286	b42104052d0ecc19db49a6f0452b1240f8a7a7982a86f3ab32f4f513a4622660	Temporary final-audit extraction copy; byte-identical canonical evidence is retained.
.ZERO_FINAL_RUN2_AUDIT_TMP_17878/extracted/ZERO-T4_FREEZE_v1_af4c5abd/ZERO-T4_FREEZE_v1_af4c5abd/RUN2_ACCEPTED/zero_t4_custom_harness_block.txt	OMITTED_EXACT_MIRROR	OMITTED_TEMPORARY_EXTRACTED_FREEZE_MIRROR	experiments/zeroize/T04-zero-before-release-handoff/run2-accepted/zero_t4_custom_harness_block.txt	ZERO-T4_RUN2_af4c5abd/zero_t4_custom_harness_block.txt	10710	098c6b74d7f6fbd44e55759037b69fcdc2c08e3c1ebcfe11ae0a39cdc4c41c7a	Temporary final-audit extraction copy; byte-identical canonical evidence is retained.
.ZERO_FINAL_RUN2_AUDIT_TMP_17878/extracted/ZERO-T4_FREEZE_v1_af4c5abd/ZERO-T4_FREEZE_v1_af4c5abd/RUN2_ACCEPTED/zero_t4_custom_library_body.txt	OMITTED_EXACT_MIRROR	OMITTED_TEMPORARY_EXTRACTED_FREEZE_MIRROR	experiments/zeroize/T04-zero-before-release-handoff/run2-accepted/zero_t4_custom_library_body.txt	ZERO-T4_RUN2_af4c5abd/zero_t4_custom_library_body.txt	44770	558b5dd688434f8f1cf2eeccdbf60e6875328f1046ec8529961b138d3ec0cf87	Temporary final-audit extraction copy; byte-identical canonical evidence is retained.
.ZERO_FINAL_RUN2_AUDIT_TMP_17878/extracted/ZERO-T4_FREEZE_v1_af4c5abd/ZERO-T4_FREEZE_v1_af4c5abd/RUN2_ACCEPTED/zero_t4_custom_raw_body.txt	OMITTED_EXACT_MIRROR	OMITTED_TEMPORARY_EXTRACTED_FREEZE_MIRROR	experiments/zeroize/T04-zero-before-release-handoff/run2-accepted/zero_t4_custom_raw_body.txt	ZERO-T4_RUN2_af4c5abd/zero_t4_custom_raw_body.txt	46143	f0b028303a89a21e7375584756d0a6b30fe0589417f3a73f5eccb473bf3b8091	Temporary final-audit extraction copy; byte-identical canonical evidence is retained.
.ZERO_FINAL_RUN2_AUDIT_TMP_17878/extracted/ZERO-T4_FREEZE_v1_af4c5abd/ZERO-T4_FREEZE_v1_af4c5abd/RUN2_ACCEPTED/zero_t4_default_cbmc_output.txt	OMITTED_EXACT_MIRROR	OMITTED_TEMPORARY_EXTRACTED_FREEZE_MIRROR	experiments/zeroize/T04-zero-before-release-handoff/run2-accepted/zero_t4_default_cbmc_output.txt	ZERO-T4_RUN2_af4c5abd/zero_t4_default_cbmc_output.txt	12989	d8506eaa4b94e768ae7272ccfd1ecff7e46a370ba5de1bd21c88872c69fc3131	Temporary final-audit extraction copy; byte-identical canonical evidence is retained.
.ZERO_FINAL_RUN2_AUDIT_TMP_17878/extracted/ZERO-T4_FREEZE_v1_af4c5abd/ZERO-T4_FREEZE_v1_af4c5abd/RUN2_ACCEPTED/zero_t4_default_config.h	OMITTED_EXACT_MIRROR	OMITTED_TEMPORARY_EXTRACTED_FREEZE_MIRROR	experiments/zeroize/T04-zero-before-release-handoff/run2-accepted/zero_t4_default_config.h	ZERO-T4_RUN2_af4c5abd/zero_t4_default_config.h	601	681fdc4bf37b4194bfd7a0537a02b5ad30250a2a6e8607bb4d126e014a4510f9	Temporary final-audit extraction copy; byte-identical canonical evidence is retained.
.ZERO_FINAL_RUN2_AUDIT_TMP_17878/extracted/ZERO-T4_FREEZE_v1_af4c5abd/ZERO-T4_FREEZE_v1_af4c5abd/RUN2_ACCEPTED/zero_t4_default_free_harness.c	OMITTED_EXACT_MIRROR	OMITTED_TEMPORARY_EXTRACTED_FREEZE_MIRROR	experiments/zeroize/T04-zero-before-release-handoff/run2-accepted/zero_t4_default_free_harness.c	ZERO-T4_RUN2_af4c5abd/zero_t4_default_free_harness.c	983	14aabfc5772d354086e569c70409ebc784f6aae995d0942093f2db6d5410be12	Temporary final-audit extraction copy; byte-identical canonical evidence is retained.
.ZERO_FINAL_RUN2_AUDIT_TMP_17878/extracted/ZERO-T4_FREEZE_v1_af4c5abd/ZERO-T4_FREEZE_v1_af4c5abd/RUN2_ACCEPTED/zero_t4_default_library_body.txt	OMITTED_EXACT_MIRROR	OMITTED_TEMPORARY_EXTRACTED_FREEZE_MIRROR	experiments/zeroize/T04-zero-before-release-handoff/run2-accepted/zero_t4_default_library_body.txt	ZERO-T4_RUN2_af4c5abd/zero_t4_default_library_body.txt	35831	3be7f71857432f7b0aa7826fe4426142f8aa1f8e82dc1ef02f57818ba3bd70fd	Temporary final-audit extraction copy; byte-identical canonical evidence is retained.
.ZERO_FINAL_RUN2_AUDIT_TMP_17878/extracted/ZERO-T4_FREEZE_v1_af4c5abd/ZERO-T4_FREEZE_v1_af4c5abd/RUN2_ACCEPTED/zero_t4_default_raw_body.txt	OMITTED_EXACT_MIRROR	OMITTED_TEMPORARY_EXTRACTED_FREEZE_MIRROR	experiments/zeroize/T04-zero-before-release-handoff/run2-accepted/zero_t4_default_raw_body.txt	ZERO-T4_RUN2_af4c5abd/zero_t4_default_raw_body.txt	37204	5a62d81fd8596444d929f9b98896d1258155a84b502a52803af71723f2ce9899	Temporary final-audit extraction copy; byte-identical canonical evidence is retained.
.ZERO_FINAL_RUN2_AUDIT_TMP_17878/extracted/ZERO-T4_FREEZE_v1_af4c5abd/ZERO-T4_FREEZE_v1_af4c5abd/RUN2_ACCEPTED/zero_t4_fail_controls_cbmc_output.txt	OMITTED_EXACT_MIRROR	OMITTED_TEMPORARY_EXTRACTED_FREEZE_MIRROR	experiments/zeroize/T04-zero-before-release-handoff/run2-accepted/zero_t4_fail_controls_cbmc_output.txt	ZERO-T4_RUN2_af4c5abd/zero_t4_fail_controls_cbmc_output.txt	18663	2a388d4be156fec00c69a9e676fc9b91da0dfa1c4520cdfc7f5360b2b7a0055b	Temporary final-audit extraction copy; byte-identical canonical evidence is retained.
.ZERO_FINAL_RUN2_AUDIT_TMP_17878/extracted/ZERO-T4_FREEZE_v1_af4c5abd/ZERO-T4_FREEZE_v1_af4c5abd/RUN2_ACCEPTED/zero_t4_fail_controls_harness.c	OMITTED_EXACT_MIRROR	OMITTED_TEMPORARY_EXTRACTED_FREEZE_MIRROR	experiments/zeroize/T04-zero-before-release-handoff/run2-accepted/zero_t4_fail_controls_harness.c	ZERO-T4_RUN2_af4c5abd/zero_t4_fail_controls_harness.c	1590	08f463ad9a1c23401653feddf2e95accec307ce82d4f096d8b1e026260ba8044	Temporary final-audit extraction copy; byte-identical canonical evidence is retained.
.ZERO_FINAL_RUN2_AUDIT_TMP_17878/extracted/ZERO-T4_FREEZE_v1_af4c5abd/ZERO-T4_FREEZE_v1_af4c5abd/ZERO-T4_COMMANDS.txt	OMITTED_EXACT_MIRROR	OMITTED_TEMPORARY_EXTRACTED_FREEZE_MIRROR	experiments/zeroize/T04-zero-before-release-handoff/final-evidence/ZERO-T4_COMMANDS.txt	ZERO-T4_FREEZE_v1_af4c5abd/ZERO-T4_COMMANDS.txt	617	dffecbf956b457d8de1fa37f33d0adff71be3ee24fd0e578a43c506475a35b42	Temporary final-audit extraction copy; byte-identical canonical evidence is retained.
.ZERO_FINAL_RUN2_AUDIT_TMP_17878/extracted/ZERO-T4_FREEZE_v1_af4c5abd/ZERO-T4_FREEZE_v1_af4c5abd/ZERO-T4_VERDICT.md	OMITTED_EXACT_MIRROR	OMITTED_TEMPORARY_EXTRACTED_FREEZE_MIRROR	experiments/zeroize/T04-zero-before-release-handoff/final-evidence/ZERO-T4_VERDICT.md	ZERO-FINAL_CAMPAIGN_v1_af4c5abd/verdicts/ZERO-T4_VERDICT.md	2950	39c8c532ff3b6cdb47f1289ac4136fc61c05240bfbef84206985fbccf89fe43a	Temporary final-audit extraction copy; byte-identical canonical evidence is retained.
.ZERO_FINAL_RUN2_AUDIT_TMP_17878/extracted/ZERO-T4_FREEZE_v1_af4c5abd/ZERO-T4_FREEZE_v1_af4c5abd/assumption_registry.md	OMITTED_EXACT_MIRROR	OMITTED_TEMPORARY_EXTRACTED_FREEZE_MIRROR	experiments/zeroize/00-campaign-setup/registries/assumption_registry.md	ZERO-00C_T1_RUN1_af4c5abd/assumption_registry.md	1094	0b64fd8fb5ef17fa00fe9e68307dd79554688045a8675a7d084ec95bc307b379	Temporary final-audit extraction copy; byte-identical canonical evidence is retained.
.ZERO_FINAL_RUN2_AUDIT_TMP_17878/extracted/ZERO-T4_FREEZE_v1_af4c5abd/ZERO-T4_FREEZE_v1_af4c5abd/source_binding.txt	OMITTED_EXACT_MIRROR	OMITTED_TEMPORARY_EXTRACTED_FREEZE_MIRROR	experiments/zeroize/00-campaign-setup/registries/source_binding.txt	ZERO-00C_T1_RUN1_af4c5abd/source_binding.txt	890	755eb7844a895cebd3dfe73f58a4269782ebf0401550e2e8bf6fad2ffdb7825c	Temporary final-audit extraction copy; byte-identical canonical evidence is retained.
.ZERO_FINAL_RUN2_AUDIT_TMP_17878/extracted/ZERO-T4_FREEZE_v1_af4c5abd/ZERO-T4_FREEZE_v1_af4c5abd/theorem_registry.md	OMITTED_EXACT_MIRROR	OMITTED_TEMPORARY_EXTRACTED_FREEZE_MIRROR	experiments/zeroize/00-campaign-setup/registries/theorem_registry.md	ZERO-00C_T1_RUN1_af4c5abd/theorem_registry.md	2386	f72f5012cd9a6d85f58740bcb711ffa0e0b092d893fd1fb49f1ab0dcfa325230	Temporary final-audit extraction copy; byte-identical canonical evidence is retained.
.ZERO_FINAL_RUN2_AUDIT_TMP_17878/extracted/ZERO-T4_FREEZE_v1_af4c5abd/ZERO-T4_FREEZE_v1_af4c5abd/zero_t4_assumption_supplement.md	OMITTED_EXACT_MIRROR	OMITTED_TEMPORARY_EXTRACTED_FREEZE_MIRROR	experiments/zeroize/T04-zero-before-release-handoff/run1-failed-harness-configuration/zero_t4_assumption_supplement.md	ZERO-T4_RUN1_af4c5abd/zero_t4_assumption_supplement.md	868	a6788ef8c9334f61c9a3376a81df55eb98e3d57ba2d1dac4064e35b181098a63	Temporary final-audit extraction copy; byte-identical canonical evidence is retained.
.ZERO_FINAL_RUN2_AUDIT_TMP_17878/extracted/ZERO-V1_FREEZE_v1_af4c5abd/ZERO-V1_FREEZE_v1_af4c5abd/MANIFEST.sha256	OMITTED_EXACT_MIRROR	OMITTED_TEMPORARY_EXTRACTED_FREEZE_MIRROR	experiments/zeroize/V01-mutation-sensitivity/final-evidence/MANIFEST.sha256	ZERO-V1_FREEZE_v1_af4c5abd/MANIFEST.sha256	14035	7466296d8ef2d5aa4c5de1ccd98a2cbe6a8b3719d7562a1e7f7d3b5feb212bad	Temporary final-audit extraction copy; byte-identical canonical evidence is retained.
.ZERO_FINAL_RUN2_AUDIT_TMP_17878/extracted/ZERO-V1_FREEZE_v1_af4c5abd/ZERO-V1_FREEZE_v1_af4c5abd/PLAN/ZERO-V1_ACCEPTANCE_RULES.md	OMITTED_EXACT_MIRROR	OMITTED_TEMPORARY_EXTRACTED_FREEZE_MIRROR	experiments/zeroize/V01-mutation-sensitivity/plan/ZERO-V1_ACCEPTANCE_RULES.md	ZERO-V1_MUTATION_PLAN_af4c5abd/ZERO-V1_ACCEPTANCE_RULES.md	611	e046c047b5cb7de54a68046173a9516744fac677f91a949447fcead650a0814d	Temporary final-audit extraction copy; byte-identical canonical evidence is retained.
.ZERO_FINAL_RUN2_AUDIT_TMP_17878/extracted/ZERO-V1_FREEZE_v1_af4c5abd/ZERO-V1_FREEZE_v1_af4c5abd/PLAN/ZERO-V1_DETECTOR_MATRIX.csv	OMITTED_EXACT_MIRROR	OMITTED_TEMPORARY_EXTRACTED_FREEZE_MIRROR	experiments/zeroize/V01-mutation-sensitivity/plan/ZERO-V1_DETECTOR_MATRIX.csv	ZERO-V1_MUTATION_PLAN_af4c5abd/ZERO-V1_DETECTOR_MATRIX.csv	622	674a25a2fe7942c5e0651f0aa46b4e9e59b4a14e29d9669a7651fd9416859610	Temporary final-audit extraction copy; byte-identical canonical evidence is retained.
.ZERO_FINAL_RUN2_AUDIT_TMP_17878/extracted/ZERO-V1_FREEZE_v1_af4c5abd/ZERO-V1_FREEZE_v1_af4c5abd/PLAN/ZERO-V1_MUTATION_REGISTRY.md	OMITTED_EXACT_MIRROR	OMITTED_TEMPORARY_EXTRACTED_FREEZE_MIRROR	experiments/zeroize/V01-mutation-sensitivity/plan/ZERO-V1_MUTATION_REGISTRY.md	ZERO-V1_MUTATION_PLAN_af4c5abd/ZERO-V1_MUTATION_REGISTRY.md	2107	be88edc17cc0919fcb8ce20352a3e024f9d50fa6da1e20f79c86b2fd380062f1	Temporary final-audit extraction copy; byte-identical canonical evidence is retained.
.ZERO_FINAL_RUN2_AUDIT_TMP_17878/extracted/ZERO-V1_FREEZE_v1_af4c5abd/ZERO-V1_FREEZE_v1_af4c5abd/PLAN/ZERO-V1_PLAN_SHA256SUMS.txt	OMITTED_EXACT_MIRROR	OMITTED_TEMPORARY_EXTRACTED_FREEZE_MIRROR	experiments/zeroize/V01-mutation-sensitivity/plan/ZERO-V1_PLAN_SHA256SUMS.txt	ZERO-V1_MUTATION_PLAN_af4c5abd/ZERO-V1_PLAN_SHA256SUMS.txt	517	9fa229afd120275dc73a0b3e4daebd74bf0e8f5159a31ab84b7be0e97cea68ba	Temporary final-audit extraction copy; byte-identical canonical evidence is retained.
.ZERO_FINAL_RUN2_AUDIT_TMP_17878/extracted/ZERO-V1_FREEZE_v1_af4c5abd/ZERO-V1_FREEZE_v1_af4c5abd/RUN1/M1_remove_wipe/build_status.txt	OMITTED_EXACT_MIRROR	OMITTED_TEMPORARY_EXTRACTED_FREEZE_MIRROR	experiments/zeroize/V01-mutation-sensitivity/raw-run/M1_remove_wipe/build_status.txt	ZERO-V1_RUN1_af4c5abd/M1_remove_wipe/build_status.txt	30	fedab85146b2657c8aceb300b2e4f5243bc6d47afc33bd839602d54c78b14055	Temporary final-audit extraction copy; byte-identical canonical evidence is retained.
.ZERO_FINAL_RUN2_AUDIT_TMP_17878/extracted/ZERO-V1_FREEZE_v1_af4c5abd/ZERO-V1_FREEZE_v1_af4c5abd/RUN1/M1_remove_wipe/cbmc_output.txt	OMITTED_EXACT_MIRROR	OMITTED_TEMPORARY_EXTRACTED_FREEZE_MIRROR	experiments/zeroize/V01-mutation-sensitivity/raw-run/M1_remove_wipe/cbmc_output.txt	ZERO-V1_RUN1_af4c5abd/M1_remove_wipe/cbmc_output.txt	1069	30d66a1e83c8da26a156f0d0a94015405f895585c59f0984a743fb5860eea92a	Temporary final-audit extraction copy; byte-identical canonical evidence is retained.
.ZERO_FINAL_RUN2_AUDIT_TMP_17878/extracted/ZERO-V1_FREEZE_v1_af4c5abd/ZERO-V1_FREEZE_v1_af4c5abd/RUN1/M1_remove_wipe/cbmc_stderr.txt	OMITTED_EXACT_MIRROR	OMITTED_TEMPORARY_EXTRACTED_FREEZE_MIRROR	experiments/zeroize/00-campaign-setup/body-binding-preflight/raw-evidence/fail_add_library_stderr.txt	ZERO-00B2_BODY_PREFLIGHT_af4c5abd/fail_add_library_stderr.txt	0	e3b0c44298fc1c149afbf4c8996fb92427ae41e4649b934ca495991b7852b855	Temporary final-audit extraction copy; byte-identical canonical evidence is retained.
.ZERO_FINAL_RUN2_AUDIT_TMP_17878/extracted/ZERO-V1_FREEZE_v1_af4c5abd/ZERO-V1_FREEZE_v1_af4c5abd/RUN1/M1_remove_wipe/compile_stderr.txt	OMITTED_EXACT_MIRROR	OMITTED_TEMPORARY_EXTRACTED_FREEZE_MIRROR	experiments/zeroize/00-campaign-setup/body-binding-preflight/raw-evidence/fail_add_library_stderr.txt	ZERO-00B2_BODY_PREFLIGHT_af4c5abd/fail_add_library_stderr.txt	0	e3b0c44298fc1c149afbf4c8996fb92427ae41e4649b934ca495991b7852b855	Temporary final-audit extraction copy; byte-identical canonical evidence is retained.
.ZERO_FINAL_RUN2_AUDIT_TMP_17878/extracted/ZERO-V1_FREEZE_v1_af4c5abd/ZERO-V1_FREEZE_v1_af4c5abd/RUN1/M1_remove_wipe/compile_stdout.txt	OMITTED_EXACT_MIRROR	OMITTED_TEMPORARY_EXTRACTED_FREEZE_MIRROR	experiments/zeroize/00-campaign-setup/body-binding-preflight/raw-evidence/fail_add_library_stderr.txt	ZERO-00B2_BODY_PREFLIGHT_af4c5abd/fail_add_library_stderr.txt	0	e3b0c44298fc1c149afbf4c8996fb92427ae41e4649b934ca495991b7852b855	Temporary final-audit extraction copy; byte-identical canonical evidence is retained.
.ZERO_FINAL_RUN2_AUDIT_TMP_17878/extracted/ZERO-V1_FREEZE_v1_af4c5abd/ZERO-V1_FREEZE_v1_af4c5abd/RUN1/M1_remove_wipe/goto_functions.txt	OMITTED_EXACT_MIRROR	OMITTED_TEMPORARY_EXTRACTED_FREEZE_MIRROR	experiments/zeroize/V01-mutation-sensitivity/raw-run/M1_remove_wipe/goto_functions.txt	ZERO-V1_RUN1_af4c5abd/M1_remove_wipe/goto_functions.txt	2289	d58022b28187c7b3ab14dafe06483b221ef98bab7f6d0858d1adfaad75253666	Temporary final-audit extraction copy; byte-identical canonical evidence is retained.
.ZERO_FINAL_RUN2_AUDIT_TMP_17878/extracted/ZERO-V1_FREEZE_v1_af4c5abd/ZERO-V1_FREEZE_v1_af4c5abd/RUN1/M1_remove_wipe/library_stderr.txt	OMITTED_EXACT_MIRROR	OMITTED_TEMPORARY_EXTRACTED_FREEZE_MIRROR	experiments/zeroize/00-campaign-setup/body-binding-preflight/raw-evidence/fail_add_library_stderr.txt	ZERO-00B2_BODY_PREFLIGHT_af4c5abd/fail_add_library_stderr.txt	0	e3b0c44298fc1c149afbf4c8996fb92427ae41e4649b934ca495991b7852b855	Temporary final-audit extraction copy; byte-identical canonical evidence is retained.
.ZERO_FINAL_RUN2_AUDIT_TMP_17878/extracted/ZERO-V1_FREEZE_v1_af4c5abd/ZERO-V1_FREEZE_v1_af4c5abd/RUN1/M1_remove_wipe/library_stdout.txt	OMITTED_EXACT_MIRROR	OMITTED_TEMPORARY_EXTRACTED_FREEZE_MIRROR	experiments/zeroize/V01-mutation-sensitivity/raw-run/M1_remove_wipe/library_stdout.txt	ZERO-V1_RUN1_af4c5abd/M1_remove_wipe/library_stdout.txt	290	6bcb413a726d0bab534b4c5c153c6ba4ff6d8083de45a4cf4b9faddb92bcb65c	Temporary final-audit extraction copy; byte-identical canonical evidence is retained.
.ZERO_FINAL_RUN2_AUDIT_TMP_17878/extracted/ZERO-V1_FREEZE_v1_af4c5abd/ZERO-V1_FREEZE_v1_af4c5abd/RUN1/M1_remove_wipe/mutant.c	OMITTED_EXACT_MIRROR	OMITTED_TEMPORARY_EXTRACTED_FREEZE_MIRROR	experiments/zeroize/V01-mutation-sensitivity/raw-run/M1_remove_wipe/mutant.c	ZERO-V1_RUN1_af4c5abd/M1_remove_wipe/mutant.c	442	b54978a10f917e4e9ea556a63c034ba668ac5293150a328deeadb2df248467a2	Temporary final-audit extraction copy; byte-identical canonical evidence is retained.
.ZERO_FINAL_RUN2_AUDIT_TMP_17878/extracted/ZERO-V1_FREEZE_v1_af4c5abd/ZERO-V1_FREEZE_v1_af4c5abd/RUN1/M1_remove_wipe/mutant.diff	OMITTED_EXACT_MIRROR	OMITTED_TEMPORARY_EXTRACTED_FREEZE_MIRROR	experiments/zeroize/V01-mutation-sensitivity/raw-run/M1_remove_wipe/mutant.diff	ZERO-V1_RUN1_af4c5abd/M1_remove_wipe/mutant.diff	568	f70706c2124dffa4a1fba67d1e217a88867dfc13a57903235d32a66551562e03	Temporary final-audit extraction copy; byte-identical canonical evidence is retained.
.ZERO_FINAL_RUN2_AUDIT_TMP_17878/extracted/ZERO-V1_FREEZE_v1_af4c5abd/ZERO-V1_FREEZE_v1_af4c5abd/RUN1/M1_remove_wipe/mutant.library.goto	OMITTED_EXACT_MIRROR	OMITTED_TEMPORARY_EXTRACTED_FREEZE_MIRROR	experiments/zeroize/V01-mutation-sensitivity/raw-run/M1_remove_wipe/mutant.library.goto	ZERO-V1_RUN1_af4c5abd/M1_remove_wipe/mutant.library.goto	7050	11abc7652391583d6e4675575eccc4284347feb62d731a656b2ac77a5dc2c9d3	Temporary final-audit extraction copy; byte-identical canonical evidence is retained.
.ZERO_FINAL_RUN2_AUDIT_TMP_17878/extracted/ZERO-V1_FREEZE_v1_af4c5abd/ZERO-V1_FREEZE_v1_af4c5abd/RUN1/M1_remove_wipe/mutant.raw.goto	OMITTED_EXACT_MIRROR	OMITTED_TEMPORARY_EXTRACTED_FREEZE_MIRROR	experiments/zeroize/V01-mutation-sensitivity/raw-run/M1_remove_wipe/mutant.raw.goto	ZERO-V1_RUN1_af4c5abd/M1_remove_wipe/mutant.raw.goto	6516	041e69f96480f6f5a63195634bd9af228545a29fcecbb6c5a12c1a26a8e0d0e2	Temporary final-audit extraction copy; byte-identical canonical evidence is retained.
.ZERO_FINAL_RUN2_AUDIT_TMP_17878/extracted/ZERO-V1_FREEZE_v1_af4c5abd/ZERO-V1_FREEZE_v1_af4c5abd/RUN1/M1_remove_wipe/reference.c	OMITTED_EXACT_MIRROR	OMITTED_TEMPORARY_EXTRACTED_FREEZE_MIRROR	experiments/zeroize/V01-mutation-sensitivity/raw-run/M1_remove_wipe/reference.c	ZERO-V1_RUN1_af4c5abd/M1_remove_wipe/reference.c	458	1d6284d74a6ecd536ea323ee2e0bb7328aa39b52411f870fd973473f52a6e87f	Temporary final-audit extraction copy; byte-identical canonical evidence is retained.
.ZERO_FINAL_RUN2_AUDIT_TMP_17878/extracted/ZERO-V1_FREEZE_v1_af4c5abd/ZERO-V1_FREEZE_v1_af4c5abd/RUN1/M1_remove_wipe/result.txt	OMITTED_EXACT_MIRROR	OMITTED_TEMPORARY_EXTRACTED_FREEZE_MIRROR	experiments/zeroize/V01-mutation-sensitivity/raw-run/M1_remove_wipe/result.txt	ZERO-V1_RUN1_af4c5abd/M1_remove_wipe/result.txt	186	5b5135f25b5a9465c92fd61103d20044303c64ef1f69d55dc2357efaf958bb37	Temporary final-audit extraction copy; byte-identical canonical evidence is retained.
.ZERO_FINAL_RUN2_AUDIT_TMP_17878/extracted/ZERO-V1_FREEZE_v1_af4c5abd/ZERO-V1_FREEZE_v1_af4c5abd/RUN1/M1_remove_wipe/source_sha256.txt	OMITTED_EXACT_MIRROR	OMITTED_TEMPORARY_EXTRACTED_FREEZE_MIRROR	experiments/zeroize/V01-mutation-sensitivity/raw-run/M1_remove_wipe/source_sha256.txt	ZERO-V1_RUN1_af4c5abd/M1_remove_wipe/source_sha256.txt	483	492947a98963478299bd8bae17ac9ea1ca6b871ba130fd4c33a9d4e29a8bc1f2	Temporary final-audit extraction copy; byte-identical canonical evidence is retained.
.ZERO_FINAL_RUN2_AUDIT_TMP_17878/extracted/ZERO-V1_FREEZE_v1_af4c5abd/ZERO-V1_FREEZE_v1_af4c5abd/RUN1/M2_fill_with_one/build_status.txt	OMITTED_EXACT_MIRROR	OMITTED_TEMPORARY_EXTRACTED_FREEZE_MIRROR	experiments/zeroize/V01-mutation-sensitivity/raw-run/M1_remove_wipe/build_status.txt	ZERO-V1_RUN1_af4c5abd/M1_remove_wipe/build_status.txt	30	fedab85146b2657c8aceb300b2e4f5243bc6d47afc33bd839602d54c78b14055	Temporary final-audit extraction copy; byte-identical canonical evidence is retained.
.ZERO_FINAL_RUN2_AUDIT_TMP_17878/extracted/ZERO-V1_FREEZE_v1_af4c5abd/ZERO-V1_FREEZE_v1_af4c5abd/RUN1/M2_fill_with_one/cbmc_output.txt	OMITTED_EXACT_MIRROR	OMITTED_TEMPORARY_EXTRACTED_FREEZE_MIRROR	experiments/zeroize/V01-mutation-sensitivity/raw-run/M2_fill_with_one/cbmc_output.txt	ZERO-V1_RUN1_af4c5abd/M2_fill_with_one/cbmc_output.txt	2970	fc9ef23547fbf26bb0ee920011f0614684175a068b2711b5b492487538187a84	Temporary final-audit extraction copy; byte-identical canonical evidence is retained.
.ZERO_FINAL_RUN2_AUDIT_TMP_17878/extracted/ZERO-V1_FREEZE_v1_af4c5abd/ZERO-V1_FREEZE_v1_af4c5abd/RUN1/M2_fill_with_one/cbmc_stderr.txt	OMITTED_EXACT_MIRROR	OMITTED_TEMPORARY_EXTRACTED_FREEZE_MIRROR	experiments/zeroize/00-campaign-setup/body-binding-preflight/raw-evidence/fail_add_library_stderr.txt	ZERO-00B2_BODY_PREFLIGHT_af4c5abd/fail_add_library_stderr.txt	0	e3b0c44298fc1c149afbf4c8996fb92427ae41e4649b934ca495991b7852b855	Temporary final-audit extraction copy; byte-identical canonical evidence is retained.
.ZERO_FINAL_RUN2_AUDIT_TMP_17878/extracted/ZERO-V1_FREEZE_v1_af4c5abd/ZERO-V1_FREEZE_v1_af4c5abd/RUN1/M2_fill_with_one/compile_stderr.txt	OMITTED_EXACT_MIRROR	OMITTED_TEMPORARY_EXTRACTED_FREEZE_MIRROR	experiments/zeroize/00-campaign-setup/body-binding-preflight/raw-evidence/fail_add_library_stderr.txt	ZERO-00B2_BODY_PREFLIGHT_af4c5abd/fail_add_library_stderr.txt	0	e3b0c44298fc1c149afbf4c8996fb92427ae41e4649b934ca495991b7852b855	Temporary final-audit extraction copy; byte-identical canonical evidence is retained.
.ZERO_FINAL_RUN2_AUDIT_TMP_17878/extracted/ZERO-V1_FREEZE_v1_af4c5abd/ZERO-V1_FREEZE_v1_af4c5abd/RUN1/M2_fill_with_one/compile_stdout.txt	OMITTED_EXACT_MIRROR	OMITTED_TEMPORARY_EXTRACTED_FREEZE_MIRROR	experiments/zeroize/00-campaign-setup/body-binding-preflight/raw-evidence/fail_add_library_stderr.txt	ZERO-00B2_BODY_PREFLIGHT_af4c5abd/fail_add_library_stderr.txt	0	e3b0c44298fc1c149afbf4c8996fb92427ae41e4649b934ca495991b7852b855	Temporary final-audit extraction copy; byte-identical canonical evidence is retained.
.ZERO_FINAL_RUN2_AUDIT_TMP_17878/extracted/ZERO-V1_FREEZE_v1_af4c5abd/ZERO-V1_FREEZE_v1_af4c5abd/RUN1/M2_fill_with_one/goto_functions.txt	OMITTED_EXACT_MIRROR	OMITTED_TEMPORARY_EXTRACTED_FREEZE_MIRROR	experiments/zeroize/V01-mutation-sensitivity/raw-run/M2_fill_with_one/goto_functions.txt	ZERO-V1_RUN1_af4c5abd/M2_fill_with_one/goto_functions.txt	4178	583713244127698be13057fc00165cf419e9da06f9e0fb302c6d509fc7f5e72d	Temporary final-audit extraction copy; byte-identical canonical evidence is retained.
.ZERO_FINAL_RUN2_AUDIT_TMP_17878/extracted/ZERO-V1_FREEZE_v1_af4c5abd/ZERO-V1_FREEZE_v1_af4c5abd/RUN1/M2_fill_with_one/library_stderr.txt	OMITTED_EXACT_MIRROR	OMITTED_TEMPORARY_EXTRACTED_FREEZE_MIRROR	experiments/zeroize/00-campaign-setup/body-binding-preflight/raw-evidence/fail_add_library_stderr.txt	ZERO-00B2_BODY_PREFLIGHT_af4c5abd/fail_add_library_stderr.txt	0	e3b0c44298fc1c149afbf4c8996fb92427ae41e4649b934ca495991b7852b855	Temporary final-audit extraction copy; byte-identical canonical evidence is retained.
.ZERO_FINAL_RUN2_AUDIT_TMP_17878/extracted/ZERO-V1_FREEZE_v1_af4c5abd/ZERO-V1_FREEZE_v1_af4c5abd/RUN1/M2_fill_with_one/library_stdout.txt	OMITTED_EXACT_MIRROR	OMITTED_TEMPORARY_EXTRACTED_FREEZE_MIRROR	experiments/zeroize/V01-mutation-sensitivity/raw-run/M2_fill_with_one/library_stdout.txt	ZERO-V1_RUN1_af4c5abd/M2_fill_with_one/library_stdout.txt	294	e7c631fd099a5358d751e0c8502fef736a401c71376b5efa2c475fc72207f3b0	Temporary final-audit extraction copy; byte-identical canonical evidence is retained.
.ZERO_FINAL_RUN2_AUDIT_TMP_17878/extracted/ZERO-V1_FREEZE_v1_af4c5abd/ZERO-V1_FREEZE_v1_af4c5abd/RUN1/M2_fill_with_one/mutant.c	OMITTED_EXACT_MIRROR	OMITTED_TEMPORARY_EXTRACTED_FREEZE_MIRROR	experiments/zeroize/V01-mutation-sensitivity/raw-run/M2_fill_with_one/mutant.c	ZERO-V1_RUN1_af4c5abd/M2_fill_with_one/mutant.c	506	9837c854e79c367a7b47c81871e691e61a60b661cbc5f4f3ef725c1a3aaa52a2	Temporary final-audit extraction copy; byte-identical canonical evidence is retained.
.ZERO_FINAL_RUN2_AUDIT_TMP_17878/extracted/ZERO-V1_FREEZE_v1_af4c5abd/ZERO-V1_FREEZE_v1_af4c5abd/RUN1/M2_fill_with_one/mutant.diff	OMITTED_EXACT_MIRROR	OMITTED_TEMPORARY_EXTRACTED_FREEZE_MIRROR	experiments/zeroize/V01-mutation-sensitivity/raw-run/M2_fill_with_one/mutant.diff	ZERO-V1_RUN1_af4c5abd/M2_fill_with_one/mutant.diff	475	cd704e13c62c5d1139853c52656314a468938a261c7409cbb4a6e1d4e1f45621	Temporary final-audit extraction copy; byte-identical canonical evidence is retained.
.ZERO_FINAL_RUN2_AUDIT_TMP_17878/extracted/ZERO-V1_FREEZE_v1_af4c5abd/ZERO-V1_FREEZE_v1_af4c5abd/RUN1/M2_fill_with_one/mutant.library.goto	OMITTED_EXACT_MIRROR	OMITTED_TEMPORARY_EXTRACTED_FREEZE_MIRROR	experiments/zeroize/V01-mutation-sensitivity/raw-run/M2_fill_with_one/mutant.library.goto	ZERO-V1_RUN1_af4c5abd/M2_fill_with_one/mutant.library.goto	7800	d83d101f8d06eceea6e0b4b860393755e4eab848720711bf4240dd861ddb9664	Temporary final-audit extraction copy; byte-identical canonical evidence is retained.
.ZERO_FINAL_RUN2_AUDIT_TMP_17878/extracted/ZERO-V1_FREEZE_v1_af4c5abd/ZERO-V1_FREEZE_v1_af4c5abd/RUN1/M2_fill_with_one/mutant.raw.goto	OMITTED_EXACT_MIRROR	OMITTED_TEMPORARY_EXTRACTED_FREEZE_MIRROR	experiments/zeroize/V01-mutation-sensitivity/raw-run/M2_fill_with_one/mutant.raw.goto	ZERO-V1_RUN1_af4c5abd/M2_fill_with_one/mutant.raw.goto	7147	4221b4a243838cfcf730520ddc58a0f353a609a9d85bba8b668bad147ebfd8da	Temporary final-audit extraction copy; byte-identical canonical evidence is retained.
.ZERO_FINAL_RUN2_AUDIT_TMP_17878/extracted/ZERO-V1_FREEZE_v1_af4c5abd/ZERO-V1_FREEZE_v1_af4c5abd/RUN1/M2_fill_with_one/reference.c	OMITTED_EXACT_MIRROR	OMITTED_TEMPORARY_EXTRACTED_FREEZE_MIRROR	experiments/zeroize/V01-mutation-sensitivity/raw-run/M2_fill_with_one/reference.c	ZERO-V1_RUN1_af4c5abd/M2_fill_with_one/reference.c	460	fa1f574ce9af1e5966c4a1d35993a445b38f36f5923999f2d2a2445d1ed50239	Temporary final-audit extraction copy; byte-identical canonical evidence is retained.
.ZERO_FINAL_RUN2_AUDIT_TMP_17878/extracted/ZERO-V1_FREEZE_v1_af4c5abd/ZERO-V1_FREEZE_v1_af4c5abd/RUN1/M2_fill_with_one/result.txt	OMITTED_EXACT_MIRROR	OMITTED_TEMPORARY_EXTRACTED_FREEZE_MIRROR	experiments/zeroize/V01-mutation-sensitivity/raw-run/M2_fill_with_one/result.txt	ZERO-V1_RUN1_af4c5abd/M2_fill_with_one/result.txt	188	82f37e8bd040b891b2e59a4c7ef7a5df6142802e673ac96aba9c2d53f7524b06	Temporary final-audit extraction copy; byte-identical canonical evidence is retained.
.ZERO_FINAL_RUN2_AUDIT_TMP_17878/extracted/ZERO-V1_FREEZE_v1_af4c5abd/ZERO-V1_FREEZE_v1_af4c5abd/RUN1/M2_fill_with_one/source_sha256.txt	OMITTED_EXACT_MIRROR	OMITTED_TEMPORARY_EXTRACTED_FREEZE_MIRROR	experiments/zeroize/V01-mutation-sensitivity/raw-run/M2_fill_with_one/source_sha256.txt	ZERO-V1_RUN1_af4c5abd/M2_fill_with_one/source_sha256.txt	489	09ddc27d345646fd9165df7fafa87a612513f588b0ae389da3a6ff6555fb8357	Temporary final-audit extraction copy; byte-identical canonical evidence is retained.
.ZERO_FINAL_RUN2_AUDIT_TMP_17878/extracted/ZERO-V1_FREEZE_v1_af4c5abd/ZERO-V1_FREEZE_v1_af4c5abd/RUN1/M3_length_minus_one/build_status.txt	OMITTED_EXACT_MIRROR	OMITTED_TEMPORARY_EXTRACTED_FREEZE_MIRROR	experiments/zeroize/V01-mutation-sensitivity/raw-run/M1_remove_wipe/build_status.txt	ZERO-V1_RUN1_af4c5abd/M1_remove_wipe/build_status.txt	30	fedab85146b2657c8aceb300b2e4f5243bc6d47afc33bd839602d54c78b14055	Temporary final-audit extraction copy; byte-identical canonical evidence is retained.
.ZERO_FINAL_RUN2_AUDIT_TMP_17878/extracted/ZERO-V1_FREEZE_v1_af4c5abd/ZERO-V1_FREEZE_v1_af4c5abd/RUN1/M3_length_minus_one/cbmc_output.txt	OMITTED_EXACT_MIRROR	OMITTED_TEMPORARY_EXTRACTED_FREEZE_MIRROR	experiments/zeroize/V01-mutation-sensitivity/raw-run/M3_length_minus_one/cbmc_output.txt	ZERO-V1_RUN1_af4c5abd/M3_length_minus_one/cbmc_output.txt	3101	23fbd7312d649bac1861e74774af082dbc4f5579ebeb5e4387512575bc25876a	Temporary final-audit extraction copy; byte-identical canonical evidence is retained.
.ZERO_FINAL_RUN2_AUDIT_TMP_17878/extracted/ZERO-V1_FREEZE_v1_af4c5abd/ZERO-V1_FREEZE_v1_af4c5abd/RUN1/M3_length_minus_one/cbmc_stderr.txt	OMITTED_EXACT_MIRROR	OMITTED_TEMPORARY_EXTRACTED_FREEZE_MIRROR	experiments/zeroize/00-campaign-setup/body-binding-preflight/raw-evidence/fail_add_library_stderr.txt	ZERO-00B2_BODY_PREFLIGHT_af4c5abd/fail_add_library_stderr.txt	0	e3b0c44298fc1c149afbf4c8996fb92427ae41e4649b934ca495991b7852b855	Temporary final-audit extraction copy; byte-identical canonical evidence is retained.
.ZERO_FINAL_RUN2_AUDIT_TMP_17878/extracted/ZERO-V1_FREEZE_v1_af4c5abd/ZERO-V1_FREEZE_v1_af4c5abd/RUN1/M3_length_minus_one/compile_stderr.txt	OMITTED_EXACT_MIRROR	OMITTED_TEMPORARY_EXTRACTED_FREEZE_MIRROR	experiments/zeroize/00-campaign-setup/body-binding-preflight/raw-evidence/fail_add_library_stderr.txt	ZERO-00B2_BODY_PREFLIGHT_af4c5abd/fail_add_library_stderr.txt	0	e3b0c44298fc1c149afbf4c8996fb92427ae41e4649b934ca495991b7852b855	Temporary final-audit extraction copy; byte-identical canonical evidence is retained.
.ZERO_FINAL_RUN2_AUDIT_TMP_17878/extracted/ZERO-V1_FREEZE_v1_af4c5abd/ZERO-V1_FREEZE_v1_af4c5abd/RUN1/M3_length_minus_one/compile_stdout.txt	OMITTED_EXACT_MIRROR	OMITTED_TEMPORARY_EXTRACTED_FREEZE_MIRROR	experiments/zeroize/00-campaign-setup/body-binding-preflight/raw-evidence/fail_add_library_stderr.txt	ZERO-00B2_BODY_PREFLIGHT_af4c5abd/fail_add_library_stderr.txt	0	e3b0c44298fc1c149afbf4c8996fb92427ae41e4649b934ca495991b7852b855	Temporary final-audit extraction copy; byte-identical canonical evidence is retained.
.ZERO_FINAL_RUN2_AUDIT_TMP_17878/extracted/ZERO-V1_FREEZE_v1_af4c5abd/ZERO-V1_FREEZE_v1_af4c5abd/RUN1/M3_length_minus_one/goto_functions.txt	OMITTED_EXACT_MIRROR	OMITTED_TEMPORARY_EXTRACTED_FREEZE_MIRROR	experiments/zeroize/V01-mutation-sensitivity/raw-run/M3_length_minus_one/goto_functions.txt	ZERO-V1_RUN1_af4c5abd/M3_length_minus_one/goto_functions.txt	4657	1cd1d5dc18ee668d71064548d8c3311ce169d00fedf358c23fc76214a72c80e9	Temporary final-audit extraction copy; byte-identical canonical evidence is retained.
.ZERO_FINAL_RUN2_AUDIT_TMP_17878/extracted/ZERO-V1_FREEZE_v1_af4c5abd/ZERO-V1_FREEZE_v1_af4c5abd/RUN1/M3_length_minus_one/library_stderr.txt	OMITTED_EXACT_MIRROR	OMITTED_TEMPORARY_EXTRACTED_FREEZE_MIRROR	experiments/zeroize/00-campaign-setup/body-binding-preflight/raw-evidence/fail_add_library_stderr.txt	ZERO-00B2_BODY_PREFLIGHT_af4c5abd/fail_add_library_stderr.txt	0	e3b0c44298fc1c149afbf4c8996fb92427ae41e4649b934ca495991b7852b855	Temporary final-audit extraction copy; byte-identical canonical evidence is retained.
.ZERO_FINAL_RUN2_AUDIT_TMP_17878/extracted/ZERO-V1_FREEZE_v1_af4c5abd/ZERO-V1_FREEZE_v1_af4c5abd/RUN1/M3_length_minus_one/library_stdout.txt	OMITTED_EXACT_MIRROR	OMITTED_TEMPORARY_EXTRACTED_FREEZE_MIRROR	experiments/zeroize/V01-mutation-sensitivity/raw-run/M3_length_minus_one/library_stdout.txt	ZERO-V1_RUN1_af4c5abd/M3_length_minus_one/library_stdout.txt	300	e5d5073df08654c5273899f743be5742e35d9bb695bbdb441f1cdc49efdd113b	Temporary final-audit extraction copy; byte-identical canonical evidence is retained.
.ZERO_FINAL_RUN2_AUDIT_TMP_17878/extracted/ZERO-V1_FREEZE_v1_af4c5abd/ZERO-V1_FREEZE_v1_af4c5abd/RUN1/M3_length_minus_one/mutant.c	OMITTED_EXACT_MIRROR	OMITTED_TEMPORARY_EXTRACTED_FREEZE_MIRROR	experiments/zeroize/V01-mutation-sensitivity/raw-run/M3_length_minus_one/mutant.c	ZERO-V1_RUN1_af4c5abd/M3_length_minus_one/mutant.c	556	19358de48b46b2356013c6d0166b774749a904c6063cad4fd0b1d57066506b27	Temporary final-audit extraction copy; byte-identical canonical evidence is retained.
.ZERO_FINAL_RUN2_AUDIT_TMP_17878/extracted/ZERO-V1_FREEZE_v1_af4c5abd/ZERO-V1_FREEZE_v1_af4c5abd/RUN1/M3_length_minus_one/mutant.diff	OMITTED_EXACT_MIRROR	OMITTED_TEMPORARY_EXTRACTED_FREEZE_MIRROR	experiments/zeroize/V01-mutation-sensitivity/raw-run/M3_length_minus_one/mutant.diff	ZERO-V1_RUN1_af4c5abd/M3_length_minus_one/mutant.diff	561	8bb569556381d54a65ae5d03dd731c5100903707fd15cbeff78428f5acaaad83	Temporary final-audit extraction copy; byte-identical canonical evidence is retained.
.ZERO_FINAL_RUN2_AUDIT_TMP_17878/extracted/ZERO-V1_FREEZE_v1_af4c5abd/ZERO-V1_FREEZE_v1_af4c5abd/RUN1/M3_length_minus_one/mutant.library.goto	OMITTED_EXACT_MIRROR	OMITTED_TEMPORARY_EXTRACTED_FREEZE_MIRROR	experiments/zeroize/V01-mutation-sensitivity/raw-run/M3_length_minus_one/mutant.library.goto	ZERO-V1_RUN1_af4c5abd/M3_length_minus_one/mutant.library.goto	7997	c00a5a7632ae6c7bfbad94a62247c9d5b9c3f237caf4afdc48557591d8acb5ff	Temporary final-audit extraction copy; byte-identical canonical evidence is retained.
.ZERO_FINAL_RUN2_AUDIT_TMP_17878/extracted/ZERO-V1_FREEZE_v1_af4c5abd/ZERO-V1_FREEZE_v1_af4c5abd/RUN1/M3_length_minus_one/mutant.raw.goto	OMITTED_EXACT_MIRROR	OMITTED_TEMPORARY_EXTRACTED_FREEZE_MIRROR	experiments/zeroize/V01-mutation-sensitivity/raw-run/M3_length_minus_one/mutant.raw.goto	ZERO-V1_RUN1_af4c5abd/M3_length_minus_one/mutant.raw.goto	7335	f55ead86da43355fd88b5eeab4518ef686779682ff776a32c52ca41461462cd1	Temporary final-audit extraction copy; byte-identical canonical evidence is retained.
.ZERO_FINAL_RUN2_AUDIT_TMP_17878/extracted/ZERO-V1_FREEZE_v1_af4c5abd/ZERO-V1_FREEZE_v1_af4c5abd/RUN1/M3_length_minus_one/reference.c	OMITTED_EXACT_MIRROR	OMITTED_TEMPORARY_EXTRACTED_FREEZE_MIRROR	experiments/zeroize/V01-mutation-sensitivity/raw-run/M3_length_minus_one/reference.c	ZERO-V1_RUN1_af4c5abd/M3_length_minus_one/reference.c	463	707b1b8ca2ac9936c5ea6373e0ec71befea691f8c2f71a19dec09ebb6c419af1	Temporary final-audit extraction copy; byte-identical canonical evidence is retained.
.ZERO_FINAL_RUN2_AUDIT_TMP_17878/extracted/ZERO-V1_FREEZE_v1_af4c5abd/ZERO-V1_FREEZE_v1_af4c5abd/RUN1/M3_length_minus_one/result.txt	OMITTED_EXACT_MIRROR	OMITTED_TEMPORARY_EXTRACTED_FREEZE_MIRROR	experiments/zeroize/V01-mutation-sensitivity/raw-run/M3_length_minus_one/result.txt	ZERO-V1_RUN1_af4c5abd/M3_length_minus_one/result.txt	191	2be126773af1eebe75d319fb4932fbfeeed2f9928b573d095d27fe8abe35a626	Temporary final-audit extraction copy; byte-identical canonical evidence is retained.
.ZERO_FINAL_RUN2_AUDIT_TMP_17878/extracted/ZERO-V1_FREEZE_v1_af4c5abd/ZERO-V1_FREEZE_v1_af4c5abd/RUN1/M3_length_minus_one/source_sha256.txt	OMITTED_EXACT_MIRROR	OMITTED_TEMPORARY_EXTRACTED_FREEZE_MIRROR	experiments/zeroize/V01-mutation-sensitivity/raw-run/M3_length_minus_one/source_sha256.txt	ZERO-V1_RUN1_af4c5abd/M3_length_minus_one/source_sha256.txt	498	4621bb2dd42346e4bfd793795fb8826df4f94cd2a867d98f13f80d35520d73c5	Temporary final-audit extraction copy; byte-identical canonical evidence is retained.
.ZERO_FINAL_RUN2_AUDIT_TMP_17878/extracted/ZERO-V1_FREEZE_v1_af4c5abd/ZERO-V1_FREEZE_v1_af4c5abd/RUN1/M4_pointer_plus_one/build_status.txt	OMITTED_EXACT_MIRROR	OMITTED_TEMPORARY_EXTRACTED_FREEZE_MIRROR	experiments/zeroize/V01-mutation-sensitivity/raw-run/M1_remove_wipe/build_status.txt	ZERO-V1_RUN1_af4c5abd/M1_remove_wipe/build_status.txt	30	fedab85146b2657c8aceb300b2e4f5243bc6d47afc33bd839602d54c78b14055	Temporary final-audit extraction copy; byte-identical canonical evidence is retained.
.ZERO_FINAL_RUN2_AUDIT_TMP_17878/extracted/ZERO-V1_FREEZE_v1_af4c5abd/ZERO-V1_FREEZE_v1_af4c5abd/RUN1/M4_pointer_plus_one/cbmc_output.txt	OMITTED_EXACT_MIRROR	OMITTED_TEMPORARY_EXTRACTED_FREEZE_MIRROR	experiments/zeroize/V01-mutation-sensitivity/raw-run/M4_pointer_plus_one/cbmc_output.txt	ZERO-V1_RUN1_af4c5abd/M4_pointer_plus_one/cbmc_output.txt	2988	8a74546e4b7ebb9344674e101cb6d8eadc04d44e36d805965822a0a3b34c49c7	Temporary final-audit extraction copy; byte-identical canonical evidence is retained.
.ZERO_FINAL_RUN2_AUDIT_TMP_17878/extracted/ZERO-V1_FREEZE_v1_af4c5abd/ZERO-V1_FREEZE_v1_af4c5abd/RUN1/M4_pointer_plus_one/cbmc_stderr.txt	OMITTED_EXACT_MIRROR	OMITTED_TEMPORARY_EXTRACTED_FREEZE_MIRROR	experiments/zeroize/00-campaign-setup/body-binding-preflight/raw-evidence/fail_add_library_stderr.txt	ZERO-00B2_BODY_PREFLIGHT_af4c5abd/fail_add_library_stderr.txt	0	e3b0c44298fc1c149afbf4c8996fb92427ae41e4649b934ca495991b7852b855	Temporary final-audit extraction copy; byte-identical canonical evidence is retained.
.ZERO_FINAL_RUN2_AUDIT_TMP_17878/extracted/ZERO-V1_FREEZE_v1_af4c5abd/ZERO-V1_FREEZE_v1_af4c5abd/RUN1/M4_pointer_plus_one/compile_stderr.txt	OMITTED_EXACT_MIRROR	OMITTED_TEMPORARY_EXTRACTED_FREEZE_MIRROR	experiments/zeroize/00-campaign-setup/body-binding-preflight/raw-evidence/fail_add_library_stderr.txt	ZERO-00B2_BODY_PREFLIGHT_af4c5abd/fail_add_library_stderr.txt	0	e3b0c44298fc1c149afbf4c8996fb92427ae41e4649b934ca495991b7852b855	Temporary final-audit extraction copy; byte-identical canonical evidence is retained.
.ZERO_FINAL_RUN2_AUDIT_TMP_17878/extracted/ZERO-V1_FREEZE_v1_af4c5abd/ZERO-V1_FREEZE_v1_af4c5abd/RUN1/M4_pointer_plus_one/compile_stdout.txt	OMITTED_EXACT_MIRROR	OMITTED_TEMPORARY_EXTRACTED_FREEZE_MIRROR	experiments/zeroize/00-campaign-setup/body-binding-preflight/raw-evidence/fail_add_library_stderr.txt	ZERO-00B2_BODY_PREFLIGHT_af4c5abd/fail_add_library_stderr.txt	0	e3b0c44298fc1c149afbf4c8996fb92427ae41e4649b934ca495991b7852b855	Temporary final-audit extraction copy; byte-identical canonical evidence is retained.
.ZERO_FINAL_RUN2_AUDIT_TMP_17878/extracted/ZERO-V1_FREEZE_v1_af4c5abd/ZERO-V1_FREEZE_v1_af4c5abd/RUN1/M4_pointer_plus_one/goto_functions.txt	OMITTED_EXACT_MIRROR	OMITTED_TEMPORARY_EXTRACTED_FREEZE_MIRROR	experiments/zeroize/V01-mutation-sensitivity/raw-run/M4_pointer_plus_one/goto_functions.txt	ZERO-V1_RUN1_af4c5abd/M4_pointer_plus_one/goto_functions.txt	4238	3cfa0d4be4ee6d9a3f9be41a1d2d97fca89adaba85cf4d4eab9f627dd29c3f15	Temporary final-audit extraction copy; byte-identical canonical evidence is retained.
.ZERO_FINAL_RUN2_AUDIT_TMP_17878/extracted/ZERO-V1_FREEZE_v1_af4c5abd/ZERO-V1_FREEZE_v1_af4c5abd/RUN1/M4_pointer_plus_one/library_stderr.txt	OMITTED_EXACT_MIRROR	OMITTED_TEMPORARY_EXTRACTED_FREEZE_MIRROR	experiments/zeroize/00-campaign-setup/body-binding-preflight/raw-evidence/fail_add_library_stderr.txt	ZERO-00B2_BODY_PREFLIGHT_af4c5abd/fail_add_library_stderr.txt	0	e3b0c44298fc1c149afbf4c8996fb92427ae41e4649b934ca495991b7852b855	Temporary final-audit extraction copy; byte-identical canonical evidence is retained.
.ZERO_FINAL_RUN2_AUDIT_TMP_17878/extracted/ZERO-V1_FREEZE_v1_af4c5abd/ZERO-V1_FREEZE_v1_af4c5abd/RUN1/M4_pointer_plus_one/library_stdout.txt	OMITTED_EXACT_MIRROR	OMITTED_TEMPORARY_EXTRACTED_FREEZE_MIRROR	experiments/zeroize/V01-mutation-sensitivity/raw-run/M4_pointer_plus_one/library_stdout.txt	ZERO-V1_RUN1_af4c5abd/M4_pointer_plus_one/library_stdout.txt	300	8ef205a23325b5ec796a4910db8012e53c07e0d06cea62ff06af8383ea5d2478	Temporary final-audit extraction copy; byte-identical canonical evidence is retained.
.ZERO_FINAL_RUN2_AUDIT_TMP_17878/extracted/ZERO-V1_FREEZE_v1_af4c5abd/ZERO-V1_FREEZE_v1_af4c5abd/RUN1/M4_pointer_plus_one/mutant.c	OMITTED_EXACT_MIRROR	OMITTED_TEMPORARY_EXTRACTED_FREEZE_MIRROR	experiments/zeroize/V01-mutation-sensitivity/raw-run/M4_pointer_plus_one/mutant.c	ZERO-V1_RUN1_af4c5abd/M4_pointer_plus_one/mutant.c	532	60b5df2e7f2b23af9928f70269f610b418354d00066aa0a1c5b63d7bee41c4f6	Temporary final-audit extraction copy; byte-identical canonical evidence is retained.
.ZERO_FINAL_RUN2_AUDIT_TMP_17878/extracted/ZERO-V1_FREEZE_v1_af4c5abd/ZERO-V1_FREEZE_v1_af4c5abd/RUN1/M4_pointer_plus_one/mutant.diff	OMITTED_EXACT_MIRROR	OMITTED_TEMPORARY_EXTRACTED_FREEZE_MIRROR	experiments/zeroize/V01-mutation-sensitivity/raw-run/M4_pointer_plus_one/mutant.diff	ZERO-V1_RUN1_af4c5abd/M4_pointer_plus_one/mutant.diff	509	4a05234251f775475a2454f03ff672265885c82d2e7ce7a9a43fbf961ca1f9fe	Temporary final-audit extraction copy; byte-identical canonical evidence is retained.
.ZERO_FINAL_RUN2_AUDIT_TMP_17878/extracted/ZERO-V1_FREEZE_v1_af4c5abd/ZERO-V1_FREEZE_v1_af4c5abd/RUN1/M4_pointer_plus_one/mutant.library.goto	OMITTED_EXACT_MIRROR	OMITTED_TEMPORARY_EXTRACTED_FREEZE_MIRROR	experiments/zeroize/V01-mutation-sensitivity/raw-run/M4_pointer_plus_one/mutant.library.goto	ZERO-V1_RUN1_af4c5abd/M4_pointer_plus_one/mutant.library.goto	7806	1379962b67f2dd47d8d2d00e8bb6e1a254654311a81fa3972348ab56ebc16da4	Temporary final-audit extraction copy; byte-identical canonical evidence is retained.
.ZERO_FINAL_RUN2_AUDIT_TMP_17878/extracted/ZERO-V1_FREEZE_v1_af4c5abd/ZERO-V1_FREEZE_v1_af4c5abd/RUN1/M4_pointer_plus_one/mutant.raw.goto	OMITTED_EXACT_MIRROR	OMITTED_TEMPORARY_EXTRACTED_FREEZE_MIRROR	experiments/zeroize/V01-mutation-sensitivity/raw-run/M4_pointer_plus_one/mutant.raw.goto	ZERO-V1_RUN1_af4c5abd/M4_pointer_plus_one/mutant.raw.goto	7153	ba18434865a3f4d45f05aab2d16aac3688d26d8f71a03a87d9ed5332e9a31325	Temporary final-audit extraction copy; byte-identical canonical evidence is retained.
.ZERO_FINAL_RUN2_AUDIT_TMP_17878/extracted/ZERO-V1_FREEZE_v1_af4c5abd/ZERO-V1_FREEZE_v1_af4c5abd/RUN1/M4_pointer_plus_one/reference.c	OMITTED_EXACT_MIRROR	OMITTED_TEMPORARY_EXTRACTED_FREEZE_MIRROR	experiments/zeroize/V01-mutation-sensitivity/raw-run/M4_pointer_plus_one/reference.c	ZERO-V1_RUN1_af4c5abd/M4_pointer_plus_one/reference.c	463	d082e5162c0fee13c10e756370a62ed24803158588da68976675bae2477f473d	Temporary final-audit extraction copy; byte-identical canonical evidence is retained.
.ZERO_FINAL_RUN2_AUDIT_TMP_17878/extracted/ZERO-V1_FREEZE_v1_af4c5abd/ZERO-V1_FREEZE_v1_af4c5abd/RUN1/M4_pointer_plus_one/result.txt	OMITTED_EXACT_MIRROR	OMITTED_TEMPORARY_EXTRACTED_FREEZE_MIRROR	experiments/zeroize/V01-mutation-sensitivity/raw-run/M4_pointer_plus_one/result.txt	ZERO-V1_RUN1_af4c5abd/M4_pointer_plus_one/result.txt	191	46bbf6c043459e136a611749ae0e10de780effc43244aa774d3d008cc2293915	Temporary final-audit extraction copy; byte-identical canonical evidence is retained.
.ZERO_FINAL_RUN2_AUDIT_TMP_17878/extracted/ZERO-V1_FREEZE_v1_af4c5abd/ZERO-V1_FREEZE_v1_af4c5abd/RUN1/M4_pointer_plus_one/source_sha256.txt	OMITTED_EXACT_MIRROR	OMITTED_TEMPORARY_EXTRACTED_FREEZE_MIRROR	experiments/zeroize/V01-mutation-sensitivity/raw-run/M4_pointer_plus_one/source_sha256.txt	ZERO-V1_RUN1_af4c5abd/M4_pointer_plus_one/source_sha256.txt	498	7266c920f6c9693562cce043a2ff7a96b8316dc16ec0e1a0aa8cc79cfd668f72	Temporary final-audit extraction copy; byte-identical canonical evidence is retained.
.ZERO_FINAL_RUN2_AUDIT_TMP_17878/extracted/ZERO-V1_FREEZE_v1_af4c5abd/ZERO-V1_FREEZE_v1_af4c5abd/RUN1/M5_length_plus_one/build_status.txt	OMITTED_EXACT_MIRROR	OMITTED_TEMPORARY_EXTRACTED_FREEZE_MIRROR	experiments/zeroize/V01-mutation-sensitivity/raw-run/M1_remove_wipe/build_status.txt	ZERO-V1_RUN1_af4c5abd/M1_remove_wipe/build_status.txt	30	fedab85146b2657c8aceb300b2e4f5243bc6d47afc33bd839602d54c78b14055	Temporary final-audit extraction copy; byte-identical canonical evidence is retained.
.ZERO_FINAL_RUN2_AUDIT_TMP_17878/extracted/ZERO-V1_FREEZE_v1_af4c5abd/ZERO-V1_FREEZE_v1_af4c5abd/RUN1/M5_length_plus_one/cbmc_output.txt	OMITTED_EXACT_MIRROR	OMITTED_TEMPORARY_EXTRACTED_FREEZE_MIRROR	experiments/zeroize/V01-mutation-sensitivity/raw-run/M5_length_plus_one/cbmc_output.txt	ZERO-V1_RUN1_af4c5abd/M5_length_plus_one/cbmc_output.txt	2979	08cddb15d879c4f8d14048485e619736f11b8f838f4591091ea5fbe44426113e	Temporary final-audit extraction copy; byte-identical canonical evidence is retained.
.ZERO_FINAL_RUN2_AUDIT_TMP_17878/extracted/ZERO-V1_FREEZE_v1_af4c5abd/ZERO-V1_FREEZE_v1_af4c5abd/RUN1/M5_length_plus_one/cbmc_stderr.txt	OMITTED_EXACT_MIRROR	OMITTED_TEMPORARY_EXTRACTED_FREEZE_MIRROR	experiments/zeroize/00-campaign-setup/body-binding-preflight/raw-evidence/fail_add_library_stderr.txt	ZERO-00B2_BODY_PREFLIGHT_af4c5abd/fail_add_library_stderr.txt	0	e3b0c44298fc1c149afbf4c8996fb92427ae41e4649b934ca495991b7852b855	Temporary final-audit extraction copy; byte-identical canonical evidence is retained.
.ZERO_FINAL_RUN2_AUDIT_TMP_17878/extracted/ZERO-V1_FREEZE_v1_af4c5abd/ZERO-V1_FREEZE_v1_af4c5abd/RUN1/M5_length_plus_one/compile_stderr.txt	OMITTED_EXACT_MIRROR	OMITTED_TEMPORARY_EXTRACTED_FREEZE_MIRROR	experiments/zeroize/00-campaign-setup/body-binding-preflight/raw-evidence/fail_add_library_stderr.txt	ZERO-00B2_BODY_PREFLIGHT_af4c5abd/fail_add_library_stderr.txt	0	e3b0c44298fc1c149afbf4c8996fb92427ae41e4649b934ca495991b7852b855	Temporary final-audit extraction copy; byte-identical canonical evidence is retained.
.ZERO_FINAL_RUN2_AUDIT_TMP_17878/extracted/ZERO-V1_FREEZE_v1_af4c5abd/ZERO-V1_FREEZE_v1_af4c5abd/RUN1/M5_length_plus_one/compile_stdout.txt	OMITTED_EXACT_MIRROR	OMITTED_TEMPORARY_EXTRACTED_FREEZE_MIRROR	experiments/zeroize/00-campaign-setup/body-binding-preflight/raw-evidence/fail_add_library_stderr.txt	ZERO-00B2_BODY_PREFLIGHT_af4c5abd/fail_add_library_stderr.txt	0	e3b0c44298fc1c149afbf4c8996fb92427ae41e4649b934ca495991b7852b855	Temporary final-audit extraction copy; byte-identical canonical evidence is retained.
.ZERO_FINAL_RUN2_AUDIT_TMP_17878/extracted/ZERO-V1_FREEZE_v1_af4c5abd/ZERO-V1_FREEZE_v1_af4c5abd/RUN1/M5_length_plus_one/goto_functions.txt	OMITTED_EXACT_MIRROR	OMITTED_TEMPORARY_EXTRACTED_FREEZE_MIRROR	experiments/zeroize/V01-mutation-sensitivity/raw-run/M5_length_plus_one/goto_functions.txt	ZERO-V1_RUN1_af4c5abd/M5_length_plus_one/goto_functions.txt	4825	3aa3e431c0b20f72e83b495c9c5494ca3d7375208240eb70cd5cae51fc036657	Temporary final-audit extraction copy; byte-identical canonical evidence is retained.
.ZERO_FINAL_RUN2_AUDIT_TMP_17878/extracted/ZERO-V1_FREEZE_v1_af4c5abd/ZERO-V1_FREEZE_v1_af4c5abd/RUN1/M5_length_plus_one/library_stderr.txt	OMITTED_EXACT_MIRROR	OMITTED_TEMPORARY_EXTRACTED_FREEZE_MIRROR	experiments/zeroize/00-campaign-setup/body-binding-preflight/raw-evidence/fail_add_library_stderr.txt	ZERO-00B2_BODY_PREFLIGHT_af4c5abd/fail_add_library_stderr.txt	0	e3b0c44298fc1c149afbf4c8996fb92427ae41e4649b934ca495991b7852b855	Temporary final-audit extraction copy; byte-identical canonical evidence is retained.
.ZERO_FINAL_RUN2_AUDIT_TMP_17878/extracted/ZERO-V1_FREEZE_v1_af4c5abd/ZERO-V1_FREEZE_v1_af4c5abd/RUN1/M5_length_plus_one/library_stdout.txt	OMITTED_EXACT_MIRROR	OMITTED_TEMPORARY_EXTRACTED_FREEZE_MIRROR	experiments/zeroize/V01-mutation-sensitivity/raw-run/M5_length_plus_one/library_stdout.txt	ZERO-V1_RUN1_af4c5abd/M5_length_plus_one/library_stdout.txt	298	71c1b6ba3fe59e43e63f416b5ada9f28e89225f3867e24cadf74c002090e6c88	Temporary final-audit extraction copy; byte-identical canonical evidence is retained.
.ZERO_FINAL_RUN2_AUDIT_TMP_17878/extracted/ZERO-V1_FREEZE_v1_af4c5abd/ZERO-V1_FREEZE_v1_af4c5abd/RUN1/M5_length_plus_one/mutant.c	OMITTED_EXACT_MIRROR	OMITTED_TEMPORARY_EXTRACTED_FREEZE_MIRROR	experiments/zeroize/V01-mutation-sensitivity/raw-run/M5_length_plus_one/mutant.c	ZERO-V1_RUN1_af4c5abd/M5_length_plus_one/mutant.c	751	2dba4aad60f78c314f5e56c19a988b861e16d824063be07a03bdefbb4471785a	Temporary final-audit extraction copy; byte-identical canonical evidence is retained.
.ZERO_FINAL_RUN2_AUDIT_TMP_17878/extracted/ZERO-V1_FREEZE_v1_af4c5abd/ZERO-V1_FREEZE_v1_af4c5abd/RUN1/M5_length_plus_one/mutant.diff	OMITTED_EXACT_MIRROR	OMITTED_TEMPORARY_EXTRACTED_FREEZE_MIRROR	experiments/zeroize/V01-mutation-sensitivity/raw-run/M5_length_plus_one/mutant.diff	ZERO-V1_RUN1_af4c5abd/M5_length_plus_one/mutant.diff	681	384e80f9eb75f53bee629654b319227769a41be12706c7bcb02e4ba926c45253	Temporary final-audit extraction copy; byte-identical canonical evidence is retained.
.ZERO_FINAL_RUN2_AUDIT_TMP_17878/extracted/ZERO-V1_FREEZE_v1_af4c5abd/ZERO-V1_FREEZE_v1_af4c5abd/RUN1/M5_length_plus_one/mutant.library.goto	OMITTED_EXACT_MIRROR	OMITTED_TEMPORARY_EXTRACTED_FREEZE_MIRROR	experiments/zeroize/V01-mutation-sensitivity/raw-run/M5_length_plus_one/mutant.library.goto	ZERO-V1_RUN1_af4c5abd/M5_length_plus_one/mutant.library.goto	8120	dd40a1e28ff0d649f321ff85a5221a0f8d9446a01539e04bb65a02007a03fa81	Temporary final-audit extraction copy; byte-identical canonical evidence is retained.
.ZERO_FINAL_RUN2_AUDIT_TMP_17878/extracted/ZERO-V1_FREEZE_v1_af4c5abd/ZERO-V1_FREEZE_v1_af4c5abd/RUN1/M5_length_plus_one/mutant.raw.goto	OMITTED_EXACT_MIRROR	OMITTED_TEMPORARY_EXTRACTED_FREEZE_MIRROR	experiments/zeroize/V01-mutation-sensitivity/raw-run/M5_length_plus_one/mutant.raw.goto	ZERO-V1_RUN1_af4c5abd/M5_length_plus_one/mutant.raw.goto	7437	fbcdd039a809d8ab9495968fe39d32e922f63be2f8690d9ae07642a46e228676	Temporary final-audit extraction copy; byte-identical canonical evidence is retained.
.ZERO_FINAL_RUN2_AUDIT_TMP_17878/extracted/ZERO-V1_FREEZE_v1_af4c5abd/ZERO-V1_FREEZE_v1_af4c5abd/RUN1/M5_length_plus_one/reference.c	OMITTED_EXACT_MIRROR	OMITTED_TEMPORARY_EXTRACTED_FREEZE_MIRROR	experiments/zeroize/V01-mutation-sensitivity/raw-run/M5_length_plus_one/reference.c	ZERO-V1_RUN1_af4c5abd/M5_length_plus_one/reference.c	511	9cbb80d5b5f129dfbc618b34eeab7047cd8238a66822375e2752f1c7b8ed594b	Temporary final-audit extraction copy; byte-identical canonical evidence is retained.
.ZERO_FINAL_RUN2_AUDIT_TMP_17878/extracted/ZERO-V1_FREEZE_v1_af4c5abd/ZERO-V1_FREEZE_v1_af4c5abd/RUN1/M5_length_plus_one/result.txt	OMITTED_EXACT_MIRROR	OMITTED_TEMPORARY_EXTRACTED_FREEZE_MIRROR	experiments/zeroize/V01-mutation-sensitivity/raw-run/M5_length_plus_one/result.txt	ZERO-V1_RUN1_af4c5abd/M5_length_plus_one/result.txt	190	80156e03ed8f41a58f9f115afc72888c3fe7aadf256a1fcdc7eef6c63e01f0e3	Temporary final-audit extraction copy; byte-identical canonical evidence is retained.
.ZERO_FINAL_RUN2_AUDIT_TMP_17878/extracted/ZERO-V1_FREEZE_v1_af4c5abd/ZERO-V1_FREEZE_v1_af4c5abd/RUN1/M5_length_plus_one/source_sha256.txt	OMITTED_EXACT_MIRROR	OMITTED_TEMPORARY_EXTRACTED_FREEZE_MIRROR	experiments/zeroize/V01-mutation-sensitivity/raw-run/M5_length_plus_one/source_sha256.txt	ZERO-V1_RUN1_af4c5abd/M5_length_plus_one/source_sha256.txt	495	575c89677b79d00f880f4cd3d079446953c6a6a58d729cff8a8ec85a7a5e2f4e	Temporary final-audit extraction copy; byte-identical canonical evidence is retained.
.ZERO_FINAL_RUN2_AUDIT_TMP_17878/extracted/ZERO-V1_FREEZE_v1_af4c5abd/ZERO-V1_FREEZE_v1_af4c5abd/RUN1/M6_free_before_wipe/build_status.txt	OMITTED_EXACT_MIRROR	OMITTED_TEMPORARY_EXTRACTED_FREEZE_MIRROR	experiments/zeroize/V01-mutation-sensitivity/raw-run/M1_remove_wipe/build_status.txt	ZERO-V1_RUN1_af4c5abd/M1_remove_wipe/build_status.txt	30	fedab85146b2657c8aceb300b2e4f5243bc6d47afc33bd839602d54c78b14055	Temporary final-audit extraction copy; byte-identical canonical evidence is retained.
.ZERO_FINAL_RUN2_AUDIT_TMP_17878/extracted/ZERO-V1_FREEZE_v1_af4c5abd/ZERO-V1_FREEZE_v1_af4c5abd/RUN1/M6_free_before_wipe/cbmc_output.txt	OMITTED_EXACT_MIRROR	OMITTED_TEMPORARY_EXTRACTED_FREEZE_MIRROR	experiments/zeroize/V01-mutation-sensitivity/raw-run/M6_free_before_wipe/cbmc_output.txt	ZERO-V1_RUN1_af4c5abd/M6_free_before_wipe/cbmc_output.txt	7028	ef1a54e6bdb936734a02f633c9fd4e9ff3be87fbd65e63e6a816a58c39a2c182	Temporary final-audit extraction copy; byte-identical canonical evidence is retained.
.ZERO_FINAL_RUN2_AUDIT_TMP_17878/extracted/ZERO-V1_FREEZE_v1_af4c5abd/ZERO-V1_FREEZE_v1_af4c5abd/RUN1/M6_free_before_wipe/cbmc_stderr.txt	OMITTED_EXACT_MIRROR	OMITTED_TEMPORARY_EXTRACTED_FREEZE_MIRROR	experiments/zeroize/00-campaign-setup/body-binding-preflight/raw-evidence/fail_add_library_stderr.txt	ZERO-00B2_BODY_PREFLIGHT_af4c5abd/fail_add_library_stderr.txt	0	e3b0c44298fc1c149afbf4c8996fb92427ae41e4649b934ca495991b7852b855	Temporary final-audit extraction copy; byte-identical canonical evidence is retained.
.ZERO_FINAL_RUN2_AUDIT_TMP_17878/extracted/ZERO-V1_FREEZE_v1_af4c5abd/ZERO-V1_FREEZE_v1_af4c5abd/RUN1/M6_free_before_wipe/compile_stderr.txt	OMITTED_EXACT_MIRROR	OMITTED_TEMPORARY_EXTRACTED_FREEZE_MIRROR	experiments/zeroize/00-campaign-setup/body-binding-preflight/raw-evidence/fail_add_library_stderr.txt	ZERO-00B2_BODY_PREFLIGHT_af4c5abd/fail_add_library_stderr.txt	0	e3b0c44298fc1c149afbf4c8996fb92427ae41e4649b934ca495991b7852b855	Temporary final-audit extraction copy; byte-identical canonical evidence is retained.
.ZERO_FINAL_RUN2_AUDIT_TMP_17878/extracted/ZERO-V1_FREEZE_v1_af4c5abd/ZERO-V1_FREEZE_v1_af4c5abd/RUN1/M6_free_before_wipe/compile_stdout.txt	OMITTED_EXACT_MIRROR	OMITTED_TEMPORARY_EXTRACTED_FREEZE_MIRROR	experiments/zeroize/00-campaign-setup/body-binding-preflight/raw-evidence/fail_add_library_stderr.txt	ZERO-00B2_BODY_PREFLIGHT_af4c5abd/fail_add_library_stderr.txt	0	e3b0c44298fc1c149afbf4c8996fb92427ae41e4649b934ca495991b7852b855	Temporary final-audit extraction copy; byte-identical canonical evidence is retained.
.ZERO_FINAL_RUN2_AUDIT_TMP_17878/extracted/ZERO-V1_FREEZE_v1_af4c5abd/ZERO-V1_FREEZE_v1_af4c5abd/RUN1/M6_free_before_wipe/goto_functions.txt	OMITTED_EXACT_MIRROR	OMITTED_TEMPORARY_EXTRACTED_FREEZE_MIRROR	experiments/zeroize/V01-mutation-sensitivity/raw-run/M6_free_before_wipe/goto_functions.txt	ZERO-V1_RUN1_af4c5abd/M6_free_before_wipe/goto_functions.txt	9671	05f2a23dbb8cf8020f2a0626a126dd49fa458f2fd7955b4b69d378ebb977cdb6	Temporary final-audit extraction copy; byte-identical canonical evidence is retained.
.ZERO_FINAL_RUN2_AUDIT_TMP_17878/extracted/ZERO-V1_FREEZE_v1_af4c5abd/ZERO-V1_FREEZE_v1_af4c5abd/RUN1/M6_free_before_wipe/library_stderr.txt	OMITTED_EXACT_MIRROR	OMITTED_TEMPORARY_EXTRACTED_FREEZE_MIRROR	experiments/zeroize/00-campaign-setup/body-binding-preflight/raw-evidence/fail_add_library_stderr.txt	ZERO-00B2_BODY_PREFLIGHT_af4c5abd/fail_add_library_stderr.txt	0	e3b0c44298fc1c149afbf4c8996fb92427ae41e4649b934ca495991b7852b855	Temporary final-audit extraction copy; byte-identical canonical evidence is retained.
.ZERO_FINAL_RUN2_AUDIT_TMP_17878/extracted/ZERO-V1_FREEZE_v1_af4c5abd/ZERO-V1_FREEZE_v1_af4c5abd/RUN1/M6_free_before_wipe/library_stdout.txt	OMITTED_EXACT_MIRROR	OMITTED_TEMPORARY_EXTRACTED_FREEZE_MIRROR	experiments/zeroize/V01-mutation-sensitivity/raw-run/M6_free_before_wipe/library_stdout.txt	ZERO-V1_RUN1_af4c5abd/M6_free_before_wipe/library_stdout.txt	300	f8d180ed6d7d3fe75a205fef14281ab2ece6f2d914b01eabf89ec1b0a5532b6e	Temporary final-audit extraction copy; byte-identical canonical evidence is retained.
.ZERO_FINAL_RUN2_AUDIT_TMP_17878/extracted/ZERO-V1_FREEZE_v1_af4c5abd/ZERO-V1_FREEZE_v1_af4c5abd/RUN1/M6_free_before_wipe/mutant.c	OMITTED_EXACT_MIRROR	OMITTED_TEMPORARY_EXTRACTED_FREEZE_MIRROR	experiments/zeroize/V01-mutation-sensitivity/raw-run/M6_free_before_wipe/mutant.c	ZERO-V1_RUN1_af4c5abd/M6_free_before_wipe/mutant.c	1104	aca6d5049284280478737d00315318a9ef51b08f3a279c46833a394950ae82cc	Temporary final-audit extraction copy; byte-identical canonical evidence is retained.
.ZERO_FINAL_RUN2_AUDIT_TMP_17878/extracted/ZERO-V1_FREEZE_v1_af4c5abd/ZERO-V1_FREEZE_v1_af4c5abd/RUN1/M6_free_before_wipe/mutant.diff	OMITTED_EXACT_MIRROR	OMITTED_TEMPORARY_EXTRACTED_FREEZE_MIRROR	experiments/zeroize/V01-mutation-sensitivity/raw-run/M6_free_before_wipe/mutant.diff	ZERO-V1_RUN1_af4c5abd/M6_free_before_wipe/mutant.diff	553	47f1113bab89a18f1f079f9628a5e76d753b853b911a40f2f5489801cc975b90	Temporary final-audit extraction copy; byte-identical canonical evidence is retained.
.ZERO_FINAL_RUN2_AUDIT_TMP_17878/extracted/ZERO-V1_FREEZE_v1_af4c5abd/ZERO-V1_FREEZE_v1_af4c5abd/RUN1/M6_free_before_wipe/mutant.library.goto	OMITTED_EXACT_MIRROR	OMITTED_TEMPORARY_EXTRACTED_FREEZE_MIRROR	experiments/zeroize/V01-mutation-sensitivity/raw-run/M6_free_before_wipe/mutant.library.goto	ZERO-V1_RUN1_af4c5abd/M6_free_before_wipe/mutant.library.goto	10711	20621ff1076fe727b4a48a257cefb3a2b12c98e0b5f60749030e738771b9d919	Temporary final-audit extraction copy; byte-identical canonical evidence is retained.
.ZERO_FINAL_RUN2_AUDIT_TMP_17878/extracted/ZERO-V1_FREEZE_v1_af4c5abd/ZERO-V1_FREEZE_v1_af4c5abd/RUN1/M6_free_before_wipe/mutant.raw.goto	OMITTED_EXACT_MIRROR	OMITTED_TEMPORARY_EXTRACTED_FREEZE_MIRROR	experiments/zeroize/V01-mutation-sensitivity/raw-run/M6_free_before_wipe/mutant.raw.goto	ZERO-V1_RUN1_af4c5abd/M6_free_before_wipe/mutant.raw.goto	9713	431d30561b24b3ec69d4d242725892bf897c90d92999959759b50a31c7b1111c	Temporary final-audit extraction copy; byte-identical canonical evidence is retained.
.ZERO_FINAL_RUN2_AUDIT_TMP_17878/extracted/ZERO-V1_FREEZE_v1_af4c5abd/ZERO-V1_FREEZE_v1_af4c5abd/RUN1/M6_free_before_wipe/reference.c	OMITTED_EXACT_MIRROR	OMITTED_TEMPORARY_EXTRACTED_FREEZE_MIRROR	experiments/zeroize/V01-mutation-sensitivity/raw-run/M6_free_before_wipe/reference.c	ZERO-V1_RUN1_af4c5abd/M6_free_before_wipe/reference.c	1014	5ed4f36200ece870c11bbe5e03b5fd7b66e9e125a4f0ddffc852633503e4a428	Temporary final-audit extraction copy; byte-identical canonical evidence is retained.
.ZERO_FINAL_RUN2_AUDIT_TMP_17878/extracted/ZERO-V1_FREEZE_v1_af4c5abd/ZERO-V1_FREEZE_v1_af4c5abd/RUN1/M6_free_before_wipe/result.txt	OMITTED_EXACT_MIRROR	OMITTED_TEMPORARY_EXTRACTED_FREEZE_MIRROR	experiments/zeroize/V01-mutation-sensitivity/raw-run/M6_free_before_wipe/result.txt	ZERO-V1_RUN1_af4c5abd/M6_free_before_wipe/result.txt	191	bc65cd00e50d72cc0c15433518b3d25f74b706ab39b85c1bff6b168a61a2281f	Temporary final-audit extraction copy; byte-identical canonical evidence is retained.
.ZERO_FINAL_RUN2_AUDIT_TMP_17878/extracted/ZERO-V1_FREEZE_v1_af4c5abd/ZERO-V1_FREEZE_v1_af4c5abd/RUN1/M6_free_before_wipe/source_sha256.txt	OMITTED_EXACT_MIRROR	OMITTED_TEMPORARY_EXTRACTED_FREEZE_MIRROR	experiments/zeroize/V01-mutation-sensitivity/raw-run/M6_free_before_wipe/source_sha256.txt	ZERO-V1_RUN1_af4c5abd/M6_free_before_wipe/source_sha256.txt	498	86b44b06beb7f8bf7e1231fd8f3b450bf49e42f6b26303e7fd65ad37f244bce6	Temporary final-audit extraction copy; byte-identical canonical evidence is retained.
.ZERO_FINAL_RUN2_AUDIT_TMP_17878/extracted/ZERO-V1_FREEZE_v1_af4c5abd/ZERO-V1_FREEZE_v1_af4c5abd/RUN1/M7_double_free/build_status.txt	OMITTED_EXACT_MIRROR	OMITTED_TEMPORARY_EXTRACTED_FREEZE_MIRROR	experiments/zeroize/V01-mutation-sensitivity/raw-run/M1_remove_wipe/build_status.txt	ZERO-V1_RUN1_af4c5abd/M1_remove_wipe/build_status.txt	30	fedab85146b2657c8aceb300b2e4f5243bc6d47afc33bd839602d54c78b14055	Temporary final-audit extraction copy; byte-identical canonical evidence is retained.
.ZERO_FINAL_RUN2_AUDIT_TMP_17878/extracted/ZERO-V1_FREEZE_v1_af4c5abd/ZERO-V1_FREEZE_v1_af4c5abd/RUN1/M7_double_free/cbmc_output.txt	OMITTED_EXACT_MIRROR	OMITTED_TEMPORARY_EXTRACTED_FREEZE_MIRROR	experiments/zeroize/V01-mutation-sensitivity/raw-run/M7_double_free/cbmc_output.txt	ZERO-V1_RUN1_af4c5abd/M7_double_free/cbmc_output.txt	5910	69a617c5d5257ad0a6f4b0eb8db122b11a950f6e6c68b905e54e158a97e0d3ee	Temporary final-audit extraction copy; byte-identical canonical evidence is retained.
.ZERO_FINAL_RUN2_AUDIT_TMP_17878/extracted/ZERO-V1_FREEZE_v1_af4c5abd/ZERO-V1_FREEZE_v1_af4c5abd/RUN1/M7_double_free/cbmc_stderr.txt	OMITTED_EXACT_MIRROR	OMITTED_TEMPORARY_EXTRACTED_FREEZE_MIRROR	experiments/zeroize/00-campaign-setup/body-binding-preflight/raw-evidence/fail_add_library_stderr.txt	ZERO-00B2_BODY_PREFLIGHT_af4c5abd/fail_add_library_stderr.txt	0	e3b0c44298fc1c149afbf4c8996fb92427ae41e4649b934ca495991b7852b855	Temporary final-audit extraction copy; byte-identical canonical evidence is retained.
.ZERO_FINAL_RUN2_AUDIT_TMP_17878/extracted/ZERO-V1_FREEZE_v1_af4c5abd/ZERO-V1_FREEZE_v1_af4c5abd/RUN1/M7_double_free/compile_stderr.txt	OMITTED_EXACT_MIRROR	OMITTED_TEMPORARY_EXTRACTED_FREEZE_MIRROR	experiments/zeroize/00-campaign-setup/body-binding-preflight/raw-evidence/fail_add_library_stderr.txt	ZERO-00B2_BODY_PREFLIGHT_af4c5abd/fail_add_library_stderr.txt	0	e3b0c44298fc1c149afbf4c8996fb92427ae41e4649b934ca495991b7852b855	Temporary final-audit extraction copy; byte-identical canonical evidence is retained.
.ZERO_FINAL_RUN2_AUDIT_TMP_17878/extracted/ZERO-V1_FREEZE_v1_af4c5abd/ZERO-V1_FREEZE_v1_af4c5abd/RUN1/M7_double_free/compile_stdout.txt	OMITTED_EXACT_MIRROR	OMITTED_TEMPORARY_EXTRACTED_FREEZE_MIRROR	experiments/zeroize/00-campaign-setup/body-binding-preflight/raw-evidence/fail_add_library_stderr.txt	ZERO-00B2_BODY_PREFLIGHT_af4c5abd/fail_add_library_stderr.txt	0	e3b0c44298fc1c149afbf4c8996fb92427ae41e4649b934ca495991b7852b855	Temporary final-audit extraction copy; byte-identical canonical evidence is retained.
.ZERO_FINAL_RUN2_AUDIT_TMP_17878/extracted/ZERO-V1_FREEZE_v1_af4c5abd/ZERO-V1_FREEZE_v1_af4c5abd/RUN1/M7_double_free/goto_functions.txt	OMITTED_EXACT_MIRROR	OMITTED_TEMPORARY_EXTRACTED_FREEZE_MIRROR	experiments/zeroize/V01-mutation-sensitivity/raw-run/M7_double_free/goto_functions.txt	ZERO-V1_RUN1_af4c5abd/M7_double_free/goto_functions.txt	7301	df2c0ee7f3585d0a5285ab8a3561eeb82845c6746c1ef17b8f5435e1e41dee08	Temporary final-audit extraction copy; byte-identical canonical evidence is retained.
.ZERO_FINAL_RUN2_AUDIT_TMP_17878/extracted/ZERO-V1_FREEZE_v1_af4c5abd/ZERO-V1_FREEZE_v1_af4c5abd/RUN1/M7_double_free/library_stderr.txt	OMITTED_EXACT_MIRROR	OMITTED_TEMPORARY_EXTRACTED_FREEZE_MIRROR	experiments/zeroize/00-campaign-setup/body-binding-preflight/raw-evidence/fail_add_library_stderr.txt	ZERO-00B2_BODY_PREFLIGHT_af4c5abd/fail_add_library_stderr.txt	0	e3b0c44298fc1c149afbf4c8996fb92427ae41e4649b934ca495991b7852b855	Temporary final-audit extraction copy; byte-identical canonical evidence is retained.
.ZERO_FINAL_RUN2_AUDIT_TMP_17878/extracted/ZERO-V1_FREEZE_v1_af4c5abd/ZERO-V1_FREEZE_v1_af4c5abd/RUN1/M7_double_free/library_stdout.txt	OMITTED_EXACT_MIRROR	OMITTED_TEMPORARY_EXTRACTED_FREEZE_MIRROR	experiments/zeroize/V01-mutation-sensitivity/raw-run/M7_double_free/library_stdout.txt	ZERO-V1_RUN1_af4c5abd/M7_double_free/library_stdout.txt	290	5d698c515f669817ea325bae7babf0af619d31c79096b6331d8049cdebbb83dd	Temporary final-audit extraction copy; byte-identical canonical evidence is retained.
.ZERO_FINAL_RUN2_AUDIT_TMP_17878/extracted/ZERO-V1_FREEZE_v1_af4c5abd/ZERO-V1_FREEZE_v1_af4c5abd/RUN1/M7_double_free/mutant.c	OMITTED_EXACT_MIRROR	OMITTED_TEMPORARY_EXTRACTED_FREEZE_MIRROR	experiments/zeroize/V01-mutation-sensitivity/raw-run/M7_double_free/mutant.c	ZERO-V1_RUN1_af4c5abd/M7_double_free/mutant.c	952	924982ea339dc296d3b1d9c2312f44831b5b5b53c58980b04e8990628426bc96	Temporary final-audit extraction copy; byte-identical canonical evidence is retained.
.ZERO_FINAL_RUN2_AUDIT_TMP_17878/extracted/ZERO-V1_FREEZE_v1_af4c5abd/ZERO-V1_FREEZE_v1_af4c5abd/RUN1/M7_double_free/mutant.diff	OMITTED_EXACT_MIRROR	OMITTED_TEMPORARY_EXTRACTED_FREEZE_MIRROR	experiments/zeroize/V01-mutation-sensitivity/raw-run/M7_double_free/mutant.diff	ZERO-V1_RUN1_af4c5abd/M7_double_free/mutant.diff	532	e06178ee8be98f61e62fc995eac83167d07360b8da3413b69437cb13ae46a2d2	Temporary final-audit extraction copy; byte-identical canonical evidence is retained.
.ZERO_FINAL_RUN2_AUDIT_TMP_17878/extracted/ZERO-V1_FREEZE_v1_af4c5abd/ZERO-V1_FREEZE_v1_af4c5abd/RUN1/M7_double_free/mutant.library.goto	OMITTED_EXACT_MIRROR	OMITTED_TEMPORARY_EXTRACTED_FREEZE_MIRROR	experiments/zeroize/V01-mutation-sensitivity/raw-run/M7_double_free/mutant.library.goto	ZERO-V1_RUN1_af4c5abd/M7_double_free/mutant.library.goto	10011	2fa8e4c50829d43676031faec8a57ed19891525869b483821aa9e57e689d6bc3	Temporary final-audit extraction copy; byte-identical canonical evidence is retained.
.ZERO_FINAL_RUN2_AUDIT_TMP_17878/extracted/ZERO-V1_FREEZE_v1_af4c5abd/ZERO-V1_FREEZE_v1_af4c5abd/RUN1/M7_double_free/mutant.raw.goto	OMITTED_EXACT_MIRROR	OMITTED_TEMPORARY_EXTRACTED_FREEZE_MIRROR	experiments/zeroize/V01-mutation-sensitivity/raw-run/M7_double_free/mutant.raw.goto	ZERO-V1_RUN1_af4c5abd/M7_double_free/mutant.raw.goto	9064	f1ba4b39ebac0bd4b074ac6976dec5683f2175a54036edd7c256ae2410bfd688	Temporary final-audit extraction copy; byte-identical canonical evidence is retained.
.ZERO_FINAL_RUN2_AUDIT_TMP_17878/extracted/ZERO-V1_FREEZE_v1_af4c5abd/ZERO-V1_FREEZE_v1_af4c5abd/RUN1/M7_double_free/reference.c	OMITTED_EXACT_MIRROR	OMITTED_TEMPORARY_EXTRACTED_FREEZE_MIRROR	experiments/zeroize/V01-mutation-sensitivity/raw-run/M7_double_free/reference.c	ZERO-V1_RUN1_af4c5abd/M7_double_free/reference.c	840	c55c1ee43969d68d35d34f65f4e34eda4a2c30802f477edeacf9a3e272ab8999	Temporary final-audit extraction copy; byte-identical canonical evidence is retained.
.ZERO_FINAL_RUN2_AUDIT_TMP_17878/extracted/ZERO-V1_FREEZE_v1_af4c5abd/ZERO-V1_FREEZE_v1_af4c5abd/RUN1/M7_double_free/result.txt	OMITTED_EXACT_MIRROR	OMITTED_TEMPORARY_EXTRACTED_FREEZE_MIRROR	experiments/zeroize/V01-mutation-sensitivity/raw-run/M7_double_free/result.txt	ZERO-V1_RUN1_af4c5abd/M7_double_free/result.txt	186	fc3a879cbf112a4e2e50889bd9453a976aece18c7e5ab3ceb352a0619ca53c82	Temporary final-audit extraction copy; byte-identical canonical evidence is retained.
.ZERO_FINAL_RUN2_AUDIT_TMP_17878/extracted/ZERO-V1_FREEZE_v1_af4c5abd/ZERO-V1_FREEZE_v1_af4c5abd/RUN1/M7_double_free/source_sha256.txt	OMITTED_EXACT_MIRROR	OMITTED_TEMPORARY_EXTRACTED_FREEZE_MIRROR	experiments/zeroize/V01-mutation-sensitivity/raw-run/M7_double_free/source_sha256.txt	ZERO-V1_RUN1_af4c5abd/M7_double_free/source_sha256.txt	483	f5dae99c7daf989a012052074eede217e56b7fff6bd0a6280529540f733e23e1	Temporary final-audit extraction copy; byte-identical canonical evidence is retained.
.ZERO_FINAL_RUN2_AUDIT_TMP_17878/extracted/ZERO-V1_FREEZE_v1_af4c5abd/ZERO-V1_FREEZE_v1_af4c5abd/RUN1/M8_omit_second_partition/build_status.txt	OMITTED_EXACT_MIRROR	OMITTED_TEMPORARY_EXTRACTED_FREEZE_MIRROR	experiments/zeroize/V01-mutation-sensitivity/raw-run/M1_remove_wipe/build_status.txt	ZERO-V1_RUN1_af4c5abd/M1_remove_wipe/build_status.txt	30	fedab85146b2657c8aceb300b2e4f5243bc6d47afc33bd839602d54c78b14055	Temporary final-audit extraction copy; byte-identical canonical evidence is retained.
.ZERO_FINAL_RUN2_AUDIT_TMP_17878/extracted/ZERO-V1_FREEZE_v1_af4c5abd/ZERO-V1_FREEZE_v1_af4c5abd/RUN1/M8_omit_second_partition/cbmc_output.txt	OMITTED_EXACT_MIRROR	OMITTED_TEMPORARY_EXTRACTED_FREEZE_MIRROR	experiments/zeroize/V01-mutation-sensitivity/raw-run/M8_omit_second_partition/cbmc_output.txt	ZERO-V1_RUN1_af4c5abd/M8_omit_second_partition/cbmc_output.txt	4063	4465b026f833c810866ba9dd9d1758c8b34584d636a2ef738cd85bc4ee149066	Temporary final-audit extraction copy; byte-identical canonical evidence is retained.
.ZERO_FINAL_RUN2_AUDIT_TMP_17878/extracted/ZERO-V1_FREEZE_v1_af4c5abd/ZERO-V1_FREEZE_v1_af4c5abd/RUN1/M8_omit_second_partition/cbmc_stderr.txt	OMITTED_EXACT_MIRROR	OMITTED_TEMPORARY_EXTRACTED_FREEZE_MIRROR	experiments/zeroize/00-campaign-setup/body-binding-preflight/raw-evidence/fail_add_library_stderr.txt	ZERO-00B2_BODY_PREFLIGHT_af4c5abd/fail_add_library_stderr.txt	0	e3b0c44298fc1c149afbf4c8996fb92427ae41e4649b934ca495991b7852b855	Temporary final-audit extraction copy; byte-identical canonical evidence is retained.
.ZERO_FINAL_RUN2_AUDIT_TMP_17878/extracted/ZERO-V1_FREEZE_v1_af4c5abd/ZERO-V1_FREEZE_v1_af4c5abd/RUN1/M8_omit_second_partition/compile_stderr.txt	OMITTED_EXACT_MIRROR	OMITTED_TEMPORARY_EXTRACTED_FREEZE_MIRROR	experiments/zeroize/00-campaign-setup/body-binding-preflight/raw-evidence/fail_add_library_stderr.txt	ZERO-00B2_BODY_PREFLIGHT_af4c5abd/fail_add_library_stderr.txt	0	e3b0c44298fc1c149afbf4c8996fb92427ae41e4649b934ca495991b7852b855	Temporary final-audit extraction copy; byte-identical canonical evidence is retained.
.ZERO_FINAL_RUN2_AUDIT_TMP_17878/extracted/ZERO-V1_FREEZE_v1_af4c5abd/ZERO-V1_FREEZE_v1_af4c5abd/RUN1/M8_omit_second_partition/compile_stdout.txt	OMITTED_EXACT_MIRROR	OMITTED_TEMPORARY_EXTRACTED_FREEZE_MIRROR	experiments/zeroize/00-campaign-setup/body-binding-preflight/raw-evidence/fail_add_library_stderr.txt	ZERO-00B2_BODY_PREFLIGHT_af4c5abd/fail_add_library_stderr.txt	0	e3b0c44298fc1c149afbf4c8996fb92427ae41e4649b934ca495991b7852b855	Temporary final-audit extraction copy; byte-identical canonical evidence is retained.
.ZERO_FINAL_RUN2_AUDIT_TMP_17878/extracted/ZERO-V1_FREEZE_v1_af4c5abd/ZERO-V1_FREEZE_v1_af4c5abd/RUN1/M8_omit_second_partition/goto_functions.txt	OMITTED_EXACT_MIRROR	OMITTED_TEMPORARY_EXTRACTED_FREEZE_MIRROR	experiments/zeroize/V01-mutation-sensitivity/raw-run/M8_omit_second_partition/goto_functions.txt	ZERO-V1_RUN1_af4c5abd/M8_omit_second_partition/goto_functions.txt	6172	f0c674fd6b7b1a7bcdfa4f0f66ed3db6ced56cddf5b281a6990beefca77fc4cd	Temporary final-audit extraction copy; byte-identical canonical evidence is retained.
.ZERO_FINAL_RUN2_AUDIT_TMP_17878/extracted/ZERO-V1_FREEZE_v1_af4c5abd/ZERO-V1_FREEZE_v1_af4c5abd/RUN1/M8_omit_second_partition/library_stderr.txt	OMITTED_EXACT_MIRROR	OMITTED_TEMPORARY_EXTRACTED_FREEZE_MIRROR	experiments/zeroize/00-campaign-setup/body-binding-preflight/raw-evidence/fail_add_library_stderr.txt	ZERO-00B2_BODY_PREFLIGHT_af4c5abd/fail_add_library_stderr.txt	0	e3b0c44298fc1c149afbf4c8996fb92427ae41e4649b934ca495991b7852b855	Temporary final-audit extraction copy; byte-identical canonical evidence is retained.
.ZERO_FINAL_RUN2_AUDIT_TMP_17878/extracted/ZERO-V1_FREEZE_v1_af4c5abd/ZERO-V1_FREEZE_v1_af4c5abd/RUN1/M8_omit_second_partition/library_stdout.txt	OMITTED_EXACT_MIRROR	OMITTED_TEMPORARY_EXTRACTED_FREEZE_MIRROR	experiments/zeroize/V01-mutation-sensitivity/raw-run/M8_omit_second_partition/library_stdout.txt	ZERO-V1_RUN1_af4c5abd/M8_omit_second_partition/library_stdout.txt	310	4f65a05f21ab89a60737700a94b68ddcfe5b492a12d3dca866130973cf7b36b9	Temporary final-audit extraction copy; byte-identical canonical evidence is retained.
.ZERO_FINAL_RUN2_AUDIT_TMP_17878/extracted/ZERO-V1_FREEZE_v1_af4c5abd/ZERO-V1_FREEZE_v1_af4c5abd/RUN1/M8_omit_second_partition/mutant.c	OMITTED_EXACT_MIRROR	OMITTED_TEMPORARY_EXTRACTED_FREEZE_MIRROR	experiments/zeroize/V01-mutation-sensitivity/raw-run/M8_omit_second_partition/mutant.c	ZERO-V1_RUN1_af4c5abd/M8_omit_second_partition/mutant.c	852	b06c8c015dbd61378976516e317f62694c64380f00c6a61490403647e5d7124e	Temporary final-audit extraction copy; byte-identical canonical evidence is retained.
.ZERO_FINAL_RUN2_AUDIT_TMP_17878/extracted/ZERO-V1_FREEZE_v1_af4c5abd/ZERO-V1_FREEZE_v1_af4c5abd/RUN1/M8_omit_second_partition/mutant.diff	OMITTED_EXACT_MIRROR	OMITTED_TEMPORARY_EXTRACTED_FREEZE_MIRROR	experiments/zeroize/V01-mutation-sensitivity/raw-run/M8_omit_second_partition/mutant.diff	ZERO-V1_RUN1_af4c5abd/M8_omit_second_partition/mutant.diff	570	a19abee57159b1109e5bee219ec997d0e2ef66c6aacb3c8af8bc8015789ec7b1	Temporary final-audit extraction copy; byte-identical canonical evidence is retained.
.ZERO_FINAL_RUN2_AUDIT_TMP_17878/extracted/ZERO-V1_FREEZE_v1_af4c5abd/ZERO-V1_FREEZE_v1_af4c5abd/RUN1/M8_omit_second_partition/mutant.library.goto	OMITTED_EXACT_MIRROR	OMITTED_TEMPORARY_EXTRACTED_FREEZE_MIRROR	experiments/zeroize/V01-mutation-sensitivity/raw-run/M8_omit_second_partition/mutant.library.goto	ZERO-V1_RUN1_af4c5abd/M8_omit_second_partition/mutant.library.goto	9318	325053cd1005316c226e8c843d74772543e5875494f656101e02d431fdd161fb	Temporary final-audit extraction copy; byte-identical canonical evidence is retained.
.ZERO_FINAL_RUN2_AUDIT_TMP_17878/extracted/ZERO-V1_FREEZE_v1_af4c5abd/ZERO-V1_FREEZE_v1_af4c5abd/RUN1/M8_omit_second_partition/mutant.raw.goto	OMITTED_EXACT_MIRROR	OMITTED_TEMPORARY_EXTRACTED_FREEZE_MIRROR	experiments/zeroize/V01-mutation-sensitivity/raw-run/M8_omit_second_partition/mutant.raw.goto	ZERO-V1_RUN1_af4c5abd/M8_omit_second_partition/mutant.raw.goto	8663	f69fff4c2ea4e0ebc15aaa4697b754b9ba47b2134d80d4a79f9f897dc088973d	Temporary final-audit extraction copy; byte-identical canonical evidence is retained.
.ZERO_FINAL_RUN2_AUDIT_TMP_17878/extracted/ZERO-V1_FREEZE_v1_af4c5abd/ZERO-V1_FREEZE_v1_af4c5abd/RUN1/M8_omit_second_partition/reference.c	OMITTED_EXACT_MIRROR	OMITTED_TEMPORARY_EXTRACTED_FREEZE_MIRROR	experiments/zeroize/V01-mutation-sensitivity/raw-run/M8_omit_second_partition/reference.c	ZERO-V1_RUN1_af4c5abd/M8_omit_second_partition/reference.c	828	d768548f4d19d81af4522cdef55680e52007c850b050ce2276f6bd5a5025e4d1	Temporary final-audit extraction copy; byte-identical canonical evidence is retained.
.ZERO_FINAL_RUN2_AUDIT_TMP_17878/extracted/ZERO-V1_FREEZE_v1_af4c5abd/ZERO-V1_FREEZE_v1_af4c5abd/RUN1/M8_omit_second_partition/result.txt	OMITTED_EXACT_MIRROR	OMITTED_TEMPORARY_EXTRACTED_FREEZE_MIRROR	experiments/zeroize/V01-mutation-sensitivity/raw-run/M8_omit_second_partition/result.txt	ZERO-V1_RUN1_af4c5abd/M8_omit_second_partition/result.txt	196	116719352da6ce5bcf58c85f699d0c6ff14b765b0bbc838a4d99f5889295d4ef	Temporary final-audit extraction copy; byte-identical canonical evidence is retained.
.ZERO_FINAL_RUN2_AUDIT_TMP_17878/extracted/ZERO-V1_FREEZE_v1_af4c5abd/ZERO-V1_FREEZE_v1_af4c5abd/RUN1/M8_omit_second_partition/source_sha256.txt	OMITTED_EXACT_MIRROR	OMITTED_TEMPORARY_EXTRACTED_FREEZE_MIRROR	experiments/zeroize/V01-mutation-sensitivity/raw-run/M8_omit_second_partition/source_sha256.txt	ZERO-V1_RUN1_af4c5abd/M8_omit_second_partition/source_sha256.txt	513	cee9632fd90505220b51a0266b0f66ac03a02a942d3b60b7f6346ec001048dd9	Temporary final-audit extraction copy; byte-identical canonical evidence is retained.
.ZERO_FINAL_RUN2_AUDIT_TMP_17878/extracted/ZERO-V1_FREEZE_v1_af4c5abd/ZERO-V1_FREEZE_v1_af4c5abd/RUN1/ZERO-V1_EXECUTION_BOUNDARY.md	OMITTED_EXACT_MIRROR	OMITTED_TEMPORARY_EXTRACTED_FREEZE_MIRROR	experiments/zeroize/V01-mutation-sensitivity/raw-run/ZERO-V1_EXECUTION_BOUNDARY.md	ZERO-V1_RUN1_af4c5abd/ZERO-V1_EXECUTION_BOUNDARY.md	622	f8ca089555ae5284ce8e2f9c0aebdfa219d334e6a7e901bf52aced2a672869c4	Temporary final-audit extraction copy; byte-identical canonical evidence is retained.
.ZERO_FINAL_RUN2_AUDIT_TMP_17878/extracted/ZERO-V1_FREEZE_v1_af4c5abd/ZERO-V1_FREEZE_v1_af4c5abd/RUN1/ZERO-V1_RESULTS.csv	OMITTED_EXACT_MIRROR	OMITTED_TEMPORARY_EXTRACTED_FREEZE_MIRROR	experiments/zeroize/V01-mutation-sensitivity/raw-run/ZERO-V1_RESULTS.csv	ZERO-V1_RUN1_af4c5abd/ZERO-V1_RESULTS.csv	423	f954e019beaaf5ed9141739aa6ae5c7fcd86c73c0e5c2f0cbff1d0cb90e11a27	Temporary final-audit extraction copy; byte-identical canonical evidence is retained.
.ZERO_FINAL_RUN2_AUDIT_TMP_17878/extracted/ZERO-V1_FREEZE_v1_af4c5abd/ZERO-V1_FREEZE_v1_af4c5abd/RUN1/ZERO-V1_RUN1_SHA256SUMS.txt	OMITTED_EXACT_MIRROR	OMITTED_TEMPORARY_EXTRACTED_FREEZE_MIRROR	experiments/zeroize/V01-mutation-sensitivity/raw-run/ZERO-V1_RUN1_SHA256SUMS.txt	ZERO-V1_RUN1_af4c5abd/ZERO-V1_RUN1_SHA256SUMS.txt	21041	8a53488621f3ea40551c625a53310e634a90e4c415dcc4a3a43b307146f19d90	Temporary final-audit extraction copy; byte-identical canonical evidence is retained.
.ZERO_FINAL_RUN2_AUDIT_TMP_17878/extracted/ZERO-V1_FREEZE_v1_af4c5abd/ZERO-V1_FREEZE_v1_af4c5abd/RUN1/ZERO-V1_SUMMARY.txt	OMITTED_EXACT_MIRROR	OMITTED_TEMPORARY_EXTRACTED_FREEZE_MIRROR	experiments/zeroize/V01-mutation-sensitivity/raw-run/ZERO-V1_SUMMARY.txt	ZERO-V1_RUN1_af4c5abd/ZERO-V1_SUMMARY.txt	193	c1aff90a82723e8f872eafee6dea84c7dda92896a7c61e4b986764483da42d6d	Temporary final-audit extraction copy; byte-identical canonical evidence is retained.
.ZERO_FINAL_RUN2_AUDIT_TMP_17878/extracted/ZERO-V1_FREEZE_v1_af4c5abd/ZERO-V1_FREEZE_v1_af4c5abd/RUN1/mutant_execution_registry.csv	OMITTED_EXACT_MIRROR	OMITTED_TEMPORARY_EXTRACTED_FREEZE_MIRROR	experiments/zeroize/V01-mutation-sensitivity/raw-run/mutant_execution_registry.csv	ZERO-V1_RUN1_af4c5abd/mutant_execution_registry.csv	443	7a422775f7d5ea59835b5cc2344710eff9d1f0121bae392e36bd3e72f9a2eb84	Temporary final-audit extraction copy; byte-identical canonical evidence is retained.
.ZERO_FINAL_RUN2_AUDIT_TMP_17878/extracted/ZERO-V1_FREEZE_v1_af4c5abd/ZERO-V1_FREEZE_v1_af4c5abd/ZERO-V1_COMMANDS.txt	OMITTED_EXACT_MIRROR	OMITTED_TEMPORARY_EXTRACTED_FREEZE_MIRROR	experiments/zeroize/V01-mutation-sensitivity/final-evidence/ZERO-V1_COMMANDS.txt	ZERO-V1_FREEZE_v1_af4c5abd/ZERO-V1_COMMANDS.txt	434	b9c00b14d21f4cfcc2a20c0ff4f51ba456ffa6266a8704c4b0b5b4c6fdacc6e7	Temporary final-audit extraction copy; byte-identical canonical evidence is retained.
.ZERO_FINAL_RUN2_AUDIT_TMP_17878/extracted/ZERO-V1_FREEZE_v1_af4c5abd/ZERO-V1_FREEZE_v1_af4c5abd/ZERO-V1_VERDICT.md	OMITTED_EXACT_MIRROR	OMITTED_TEMPORARY_EXTRACTED_FREEZE_MIRROR	experiments/zeroize/V01-mutation-sensitivity/final-evidence/ZERO-V1_VERDICT.md	ZERO-FINAL_CAMPAIGN_v1_af4c5abd/verdicts/ZERO-V1_VERDICT.md	1375	9c7cd17c29716de61a241f42a9414023c8a2ec95f39e52695ea6d3a361a367fb	Temporary final-audit extraction copy; byte-identical canonical evidence is retained.
ZERO-FINAL_CAMPAIGN_v1_af4c5abd/archives/ZERO-T1_FREEZE_v1_af4c5abd.tar.gz	OMITTED_EXACT_MIRROR	OMITTED_FROZEN_ARCHIVE_MIRROR	provenance/zeroize/frozen-family-packages/ZERO-T1_FREEZE_v1_af4c5abd.tar.gz	ZERO-T1_FREEZE_v1_af4c5abd.tar.gz	15355	a3fcd0dc7ec6513eaf96f2f9142c7d49db0443b413f7bea12d88583e8c38bc3b	Byte-identical freeze archive is retained once under provenance/frozen-family-packages.
ZERO-FINAL_CAMPAIGN_v1_af4c5abd/archives/ZERO-T2_FREEZE_v1_af4c5abd.tar.gz	OMITTED_EXACT_MIRROR	OMITTED_FROZEN_ARCHIVE_MIRROR	provenance/zeroize/frozen-family-packages/ZERO-T2_FREEZE_v1_af4c5abd.tar.gz	ZERO-T2_FREEZE_v1_af4c5abd.tar.gz	14709	980c7191e65becf755c675895f1584c96d7cdc418e2e3be59d3d9ee956510fd2	Byte-identical freeze archive is retained once under provenance/frozen-family-packages.
ZERO-FINAL_CAMPAIGN_v1_af4c5abd/archives/ZERO-T3_FREEZE_v1_af4c5abd.tar.gz	OMITTED_EXACT_MIRROR	OMITTED_FROZEN_ARCHIVE_MIRROR	provenance/zeroize/frozen-family-packages/ZERO-T3_FREEZE_v1_af4c5abd.tar.gz	ZERO-T3_FREEZE_v1_af4c5abd.tar.gz	20704	a39d8e903a88275b3a947f9fcae914533fb66e58d1e78655235b1fd7c3effc5a	Byte-identical freeze archive is retained once under provenance/frozen-family-packages.
ZERO-FINAL_CAMPAIGN_v1_af4c5abd/archives/ZERO-T4_FREEZE_v1_af4c5abd.tar.gz	OMITTED_EXACT_MIRROR	OMITTED_FROZEN_ARCHIVE_MIRROR	provenance/zeroize/frozen-family-packages/ZERO-T4_FREEZE_v1_af4c5abd.tar.gz	ZERO-T4_FREEZE_v1_af4c5abd.tar.gz	49413	8b044d5120a7a9fd5d7143e877168691d9a76640bff6fafd852d5c53c633704b	Byte-identical freeze archive is retained once under provenance/frozen-family-packages.
ZERO-FINAL_CAMPAIGN_v1_af4c5abd/archives/ZERO-V1_FREEZE_v1_af4c5abd.tar.gz	OMITTED_EXACT_MIRROR	OMITTED_FROZEN_ARCHIVE_MIRROR	provenance/zeroize/frozen-family-packages/ZERO-V1_FREEZE_v1_af4c5abd.tar.gz	ZERO-V1_FREEZE_v1_af4c5abd.tar.gz	85202	1d1ff632c7dd1b9495a267aeac49abef9a9b2f1ef204008b71334768a2f236e5	Byte-identical freeze archive is retained once under provenance/frozen-family-packages.
ZERO-FINAL_CAMPAIGN_v1_af4c5abd/archives/ZERO-V1_FREEZE_v1_af4c5abd.tar.gz.sha256	OMITTED_EXACT_MIRROR	OMITTED_FROZEN_ARCHIVE_MIRROR	provenance/zeroize/frozen-family-packages/ZERO-V1_FREEZE_v1_af4c5abd.tar.gz.sha256	ZERO-V1_FREEZE_v1_af4c5abd.tar.gz.sha256	100	0e2f86dfb681f6ce43e1fed913659a0354ef9d8ecb3d548ea91e518cb07adc36	Byte-identical freeze archive is retained once under provenance/frozen-family-packages.
ZERO-FINAL_CAMPAIGN_v1_af4c5abd/registries/ZERO-V1_ACCEPTANCE_RULES.md	OMITTED_EXACT_MIRROR	OMITTED_FINAL_CAMPAIGN_MIRROR	experiments/zeroize/V01-mutation-sensitivity/plan/ZERO-V1_ACCEPTANCE_RULES.md	ZERO-V1_MUTATION_PLAN_af4c5abd/ZERO-V1_ACCEPTANCE_RULES.md	611	e046c047b5cb7de54a68046173a9516744fac677f91a949447fcead650a0814d	Final-campaign copy duplicates a canonical registry, raw result, verdict or provenance archive.
ZERO-FINAL_CAMPAIGN_v1_af4c5abd/registries/ZERO-V1_DETECTOR_MATRIX.csv	OMITTED_EXACT_MIRROR	OMITTED_FINAL_CAMPAIGN_MIRROR	experiments/zeroize/V01-mutation-sensitivity/plan/ZERO-V1_DETECTOR_MATRIX.csv	ZERO-V1_MUTATION_PLAN_af4c5abd/ZERO-V1_DETECTOR_MATRIX.csv	622	674a25a2fe7942c5e0651f0aa46b4e9e59b4a14e29d9669a7651fd9416859610	Final-campaign copy duplicates a canonical registry, raw result, verdict or provenance archive.
ZERO-FINAL_CAMPAIGN_v1_af4c5abd/registries/ZERO-V1_MUTATION_REGISTRY.md	OMITTED_EXACT_MIRROR	OMITTED_FINAL_CAMPAIGN_MIRROR	experiments/zeroize/V01-mutation-sensitivity/plan/ZERO-V1_MUTATION_REGISTRY.md	ZERO-V1_MUTATION_PLAN_af4c5abd/ZERO-V1_MUTATION_REGISTRY.md	2107	be88edc17cc0919fcb8ce20352a3e024f9d50fa6da1e20f79c86b2fd380062f1	Final-campaign copy duplicates a canonical registry, raw result, verdict or provenance archive.
ZERO-FINAL_CAMPAIGN_v1_af4c5abd/registries/assumption_registry.md	OMITTED_EXACT_MIRROR	OMITTED_FINAL_CAMPAIGN_MIRROR	experiments/zeroize/00-campaign-setup/registries/assumption_registry.md	ZERO-00C_T1_RUN1_af4c5abd/assumption_registry.md	1094	0b64fd8fb5ef17fa00fe9e68307dd79554688045a8675a7d084ec95bc307b379	Final-campaign copy duplicates a canonical registry, raw result, verdict or provenance archive.
ZERO-FINAL_CAMPAIGN_v1_af4c5abd/registries/source_binding.txt	OMITTED_EXACT_MIRROR	OMITTED_FINAL_CAMPAIGN_MIRROR	experiments/zeroize/00-campaign-setup/registries/source_binding.txt	ZERO-00C_T1_RUN1_af4c5abd/source_binding.txt	890	755eb7844a895cebd3dfe73f58a4269782ebf0401550e2e8bf6fad2ffdb7825c	Final-campaign copy duplicates a canonical registry, raw result, verdict or provenance archive.
ZERO-FINAL_CAMPAIGN_v1_af4c5abd/registries/theorem_registry.md	OMITTED_EXACT_MIRROR	OMITTED_FINAL_CAMPAIGN_MIRROR	experiments/zeroize/00-campaign-setup/registries/theorem_registry.md	ZERO-00C_T1_RUN1_af4c5abd/theorem_registry.md	2386	f72f5012cd9a6d85f58740bcb711ffa0e0b092d893fd1fb49f1ab0dcfa325230	Final-campaign copy duplicates a canonical registry, raw result, verdict or provenance archive.
ZERO-FINAL_CAMPAIGN_v1_af4c5abd/results/ZERO-V1_RESULTS.csv	OMITTED_EXACT_MIRROR	OMITTED_FINAL_CAMPAIGN_MIRROR	experiments/zeroize/V01-mutation-sensitivity/raw-run/ZERO-V1_RESULTS.csv	ZERO-V1_RUN1_af4c5abd/ZERO-V1_RESULTS.csv	423	f954e019beaaf5ed9141739aa6ae5c7fcd86c73c0e5c2f0cbff1d0cb90e11a27	Final-campaign copy duplicates a canonical registry, raw result, verdict or provenance archive.
ZERO-FINAL_CAMPAIGN_v1_af4c5abd/results/ZERO-V1_SUMMARY.txt	OMITTED_EXACT_MIRROR	OMITTED_FINAL_CAMPAIGN_MIRROR	experiments/zeroize/V01-mutation-sensitivity/raw-run/ZERO-V1_SUMMARY.txt	ZERO-V1_RUN1_af4c5abd/ZERO-V1_SUMMARY.txt	193	c1aff90a82723e8f872eafee6dea84c7dda92896a7c61e4b986764483da42d6d	Final-campaign copy duplicates a canonical registry, raw result, verdict or provenance archive.
ZERO-FINAL_CAMPAIGN_v1_af4c5abd/run_history/ZERO-T4_RUN1_FAILURE_CLASSIFICATION.md	OMITTED_EXACT_MIRROR	OMITTED_FINAL_CAMPAIGN_MIRROR	experiments/zeroize/T04-zero-before-release-handoff/run1-failed-harness-configuration/ZERO-T4_RUN1_FAILURE_CLASSIFICATION.md	ZERO-T4_RUN1_af4c5abd/ZERO-T4_RUN1_FAILURE_CLASSIFICATION.md	1205	6e5c4343e88010e0895d091f0199dbc71470c77e66bbad0b68008d4c60cce0fa	Final-campaign copy duplicates a canonical registry, raw result, verdict or provenance archive.
ZERO-FINAL_CAMPAIGN_v1_af4c5abd/run_history/ZERO-T4_RUN1_FAILURE_SHA256SUMS.txt	OMITTED_EXACT_MIRROR	OMITTED_FINAL_CAMPAIGN_MIRROR	experiments/zeroize/T04-zero-before-release-handoff/run1-failed-harness-configuration/ZERO-T4_RUN1_FAILURE_SHA256SUMS.txt	ZERO-T4_RUN1_af4c5abd/ZERO-T4_RUN1_FAILURE_SHA256SUMS.txt	1322	7fff3374e8caa959ee367d359e00a5c1527d130c0b241980b1dd297cbbb39c39	Final-campaign copy duplicates a canonical registry, raw result, verdict or provenance archive.
ZERO-FINAL_RUN1_FAILURE_CLASSIFICATION.md	OMITTED_EXACT_MIRROR	OMITTED_ROOT_MIRROR	experiments/zeroize/campaign-closure/run-history/ZERO-FINAL_RUN1_FAILURE_CLASSIFICATION.md	ZERO-FINAL_CAMPAIGN_v1_af4c5abd/run_history/ZERO-FINAL_RUN1_FAILURE_CLASSIFICATION.md	1113	18989cebc7436ea11ee09fa408f60359406dd0135ea612d9d5f7c67820f73cdd	Root-level copy duplicates the retained campaign-closure failure classification.
ZERO-T1_FREEZE_v1_af4c5abd/ZERO-00C_T1_RUN1_FINAL_SHA256SUMS.txt	OMITTED_EXACT_MIRROR	OMITTED_EXPANDED_FREEZE_MIRROR	experiments/zeroize/T01-exact-slice-erasure-and-prestate-independence/raw-run/ZERO-00C_T1_RUN1_FINAL_SHA256SUMS.txt	ZERO-00C_T1_RUN1_af4c5abd/ZERO-00C_T1_RUN1_FINAL_SHA256SUMS.txt	2016	de96c715976b8481b724034bb025eebe307aed3cf85055566f17fe5d3cf9401a	Expanded family-freeze copy duplicates retained raw-run, registry, verdict or final-evidence content.
ZERO-T1_FREEZE_v1_af4c5abd/ZERO-T1_VERDICT.md	OMITTED_EXACT_MIRROR	OMITTED_EXPANDED_FREEZE_MIRROR	experiments/zeroize/T01-exact-slice-erasure-and-prestate-independence/final-evidence/ZERO-T1_VERDICT.md	ZERO-FINAL_CAMPAIGN_v1_af4c5abd/verdicts/ZERO-T1_VERDICT.md	1758	1d6c0b44834ef30de95b46a436e02423fb4db989c4358b83c6128a621bee78c9	Expanded family-freeze copy duplicates retained raw-run, registry, verdict or final-evidence content.
ZERO-T1_FREEZE_v1_af4c5abd/assumption_registry.md	OMITTED_EXACT_MIRROR	OMITTED_EXPANDED_FREEZE_MIRROR	experiments/zeroize/00-campaign-setup/registries/assumption_registry.md	ZERO-00C_T1_RUN1_af4c5abd/assumption_registry.md	1094	0b64fd8fb5ef17fa00fe9e68307dd79554688045a8675a7d084ec95bc307b379	Expanded family-freeze copy duplicates retained raw-run, registry, verdict or final-evidence content.
ZERO-T1_FREEZE_v1_af4c5abd/source_binding.txt	OMITTED_EXACT_MIRROR	OMITTED_EXPANDED_FREEZE_MIRROR	experiments/zeroize/00-campaign-setup/registries/source_binding.txt	ZERO-00C_T1_RUN1_af4c5abd/source_binding.txt	890	755eb7844a895cebd3dfe73f58a4269782ebf0401550e2e8bf6fad2ffdb7825c	Expanded family-freeze copy duplicates retained raw-run, registry, verdict or final-evidence content.
ZERO-T1_FREEZE_v1_af4c5abd/theorem_registry.md	OMITTED_EXACT_MIRROR	OMITTED_EXPANDED_FREEZE_MIRROR	experiments/zeroize/00-campaign-setup/registries/theorem_registry.md	ZERO-00C_T1_RUN1_af4c5abd/theorem_registry.md	2386	f72f5012cd9a6d85f58740bcb711ffa0e0b092d893fd1fb49f1ab0dcfa325230	Expanded family-freeze copy duplicates retained raw-run, registry, verdict or final-evidence content.
ZERO-T1_FREEZE_v1_af4c5abd/zero_t1_cbmc_output.txt	OMITTED_EXACT_MIRROR	OMITTED_EXPANDED_FREEZE_MIRROR	experiments/zeroize/T01-exact-slice-erasure-and-prestate-independence/raw-run/zero_t1_cbmc_output.txt	ZERO-00C_T1_RUN1_af4c5abd/zero_t1_cbmc_output.txt	14022	c342d29d11a590d665d5667e9f98d69a7916f9dccc0d532e64e1463534b6a833	Expanded family-freeze copy duplicates retained raw-run, registry, verdict or final-evidence content.
ZERO-T1_FREEZE_v1_af4c5abd/zero_t1_exact_erasure_harness.c	OMITTED_EXACT_MIRROR	OMITTED_EXPANDED_FREEZE_MIRROR	experiments/zeroize/T01-exact-slice-erasure-and-prestate-independence/raw-run/zero_t1_exact_erasure_harness.c	ZERO-00C_T1_RUN1_af4c5abd/zero_t1_exact_erasure_harness.c	2563	1de4583dfd2940c1f7d74fd51a4f80da92410e93fd5f2c3dc075aec0f0b39edd	Expanded family-freeze copy duplicates retained raw-run, registry, verdict or final-evidence content.
ZERO-T1_FREEZE_v1_af4c5abd/zero_t1_fail_control_cbmc_output.txt	OMITTED_EXACT_MIRROR	OMITTED_EXPANDED_FREEZE_MIRROR	experiments/zeroize/T01-exact-slice-erasure-and-prestate-independence/raw-run/zero_t1_fail_control_cbmc_output.txt	ZERO-00C_T1_RUN1_af4c5abd/zero_t1_fail_control_cbmc_output.txt	26652	0085ac607c3e8d417a74d039ff72fc605b848c64766448321908e005eabcfc67	Expanded family-freeze copy duplicates retained raw-run, registry, verdict or final-evidence content.
ZERO-T1_FREEZE_v1_af4c5abd/zero_t1_fail_control_harness.c	OMITTED_EXACT_MIRROR	OMITTED_EXPANDED_FREEZE_MIRROR	experiments/zeroize/T01-exact-slice-erasure-and-prestate-independence/raw-run/zero_t1_fail_control_harness.c	ZERO-00C_T1_RUN1_af4c5abd/zero_t1_fail_control_harness.c	1099	f368808c57d549c66ed42b4336e86c57664e2ded8fd4e40b5d358713bab86293	Expanded family-freeze copy duplicates retained raw-run, registry, verdict or final-evidence content.
ZERO-T1_FREEZE_v1_af4c5abd/zero_t1_library_body_binding.txt	OMITTED_EXACT_MIRROR	OMITTED_EXPANDED_FREEZE_MIRROR	experiments/zeroize/T01-exact-slice-erasure-and-prestate-independence/raw-run/zero_t1_library_body_binding.txt	ZERO-00C_T1_RUN1_af4c5abd/zero_t1_library_body_binding.txt	46115	5e3a16c39a7c7fae41d0fae834fd29a8032767e9e93926a2dee30a2c1f7deda4	Expanded family-freeze copy duplicates retained raw-run, registry, verdict or final-evidence content.
ZERO-T1_FREEZE_v1_af4c5abd/zero_t1_raw_body_binding.txt	OMITTED_EXACT_MIRROR	OMITTED_EXPANDED_FREEZE_MIRROR	experiments/zeroize/T01-exact-slice-erasure-and-prestate-independence/raw-run/zero_t1_raw_body_binding.txt	ZERO-00C_T1_RUN1_af4c5abd/zero_t1_raw_body_binding.txt	47488	470be0cf378c08fe834e1d8b797f33513de14358d82bdecdcb68516989da556f	Expanded family-freeze copy duplicates retained raw-run, registry, verdict or final-evidence content.
ZERO-T2_FREEZE_v1_af4c5abd/ZERO-T2_RUN1_SHA256SUMS.txt	OMITTED_EXACT_MIRROR	OMITTED_EXPANDED_FREEZE_MIRROR	experiments/zeroize/T02-frame-confinement-and-zero-length-identity/raw-run/ZERO-T2_RUN1_SHA256SUMS.txt	ZERO-T2_RUN1_af4c5abd/ZERO-T2_RUN1_SHA256SUMS.txt	1626	f8ff4845b1d762bad60428f007a8ff5a0189cfd8a7e3ea13c1adb7f7b1c3a089	Expanded family-freeze copy duplicates retained raw-run, registry, verdict or final-evidence content.
ZERO-T2_FREEZE_v1_af4c5abd/ZERO-T2_VERDICT.md	OMITTED_EXACT_MIRROR	OMITTED_EXPANDED_FREEZE_MIRROR	experiments/zeroize/T02-frame-confinement-and-zero-length-identity/final-evidence/ZERO-T2_VERDICT.md	ZERO-FINAL_CAMPAIGN_v1_af4c5abd/verdicts/ZERO-T2_VERDICT.md	1599	6e008bae694c62bc3031dcac25ae127b9e1a0fb224accf5539f4c6ea2b97285c	Expanded family-freeze copy duplicates retained raw-run, registry, verdict or final-evidence content.
ZERO-T2_FREEZE_v1_af4c5abd/assumption_registry.md	OMITTED_EXACT_MIRROR	OMITTED_EXPANDED_FREEZE_MIRROR	experiments/zeroize/00-campaign-setup/registries/assumption_registry.md	ZERO-00C_T1_RUN1_af4c5abd/assumption_registry.md	1094	0b64fd8fb5ef17fa00fe9e68307dd79554688045a8675a7d084ec95bc307b379	Expanded family-freeze copy duplicates retained raw-run, registry, verdict or final-evidence content.
ZERO-T2_FREEZE_v1_af4c5abd/source_binding.txt	OMITTED_EXACT_MIRROR	OMITTED_EXPANDED_FREEZE_MIRROR	experiments/zeroize/00-campaign-setup/registries/source_binding.txt	ZERO-00C_T1_RUN1_af4c5abd/source_binding.txt	890	755eb7844a895cebd3dfe73f58a4269782ebf0401550e2e8bf6fad2ffdb7825c	Expanded family-freeze copy duplicates retained raw-run, registry, verdict or final-evidence content.
ZERO-T2_FREEZE_v1_af4c5abd/theorem_registry.md	OMITTED_EXACT_MIRROR	OMITTED_EXPANDED_FREEZE_MIRROR	experiments/zeroize/00-campaign-setup/registries/theorem_registry.md	ZERO-00C_T1_RUN1_af4c5abd/theorem_registry.md	2386	f72f5012cd9a6d85f58740bcb711ffa0e0b092d893fd1fb49f1ab0dcfa325230	Expanded family-freeze copy duplicates retained raw-run, registry, verdict or final-evidence content.
ZERO-T2_FREEZE_v1_af4c5abd/zero_t2_cbmc_output.txt	OMITTED_EXACT_MIRROR	OMITTED_EXPANDED_FREEZE_MIRROR	experiments/zeroize/T02-frame-confinement-and-zero-length-identity/raw-run/zero_t2_cbmc_output.txt	ZERO-T2_RUN1_af4c5abd/zero_t2_cbmc_output.txt	14778	a1866784bb8a77bc756d35c92cebd0d80408c7ab7376937532aa19d08fae9272	Expanded family-freeze copy duplicates retained raw-run, registry, verdict or final-evidence content.
ZERO-T2_FREEZE_v1_af4c5abd/zero_t2_fail_control_cbmc_output.txt	OMITTED_EXACT_MIRROR	OMITTED_EXPANDED_FREEZE_MIRROR	experiments/zeroize/T02-frame-confinement-and-zero-length-identity/raw-run/zero_t2_fail_control_cbmc_output.txt	ZERO-T2_RUN1_af4c5abd/zero_t2_fail_control_cbmc_output.txt	11756	70d8c0a857bee31aa1ce95eb4aef9056d567e108f66638fc2f204864839c7beb	Expanded family-freeze copy duplicates retained raw-run, registry, verdict or final-evidence content.
ZERO-T2_FREEZE_v1_af4c5abd/zero_t2_fail_control_harness.c	OMITTED_EXACT_MIRROR	OMITTED_EXPANDED_FREEZE_MIRROR	experiments/zeroize/T02-frame-confinement-and-zero-length-identity/raw-run/zero_t2_fail_control_harness.c	ZERO-T2_RUN1_af4c5abd/zero_t2_fail_control_harness.c	466	0bd8e18b7b67147bf1bd7abaea19c36de219f2632cb6bf8e213f34fc7b546dc6	Expanded family-freeze copy duplicates retained raw-run, registry, verdict or final-evidence content.
ZERO-T2_FREEZE_v1_af4c5abd/zero_t2_frame_harness.c	OMITTED_EXACT_MIRROR	OMITTED_EXPANDED_FREEZE_MIRROR	experiments/zeroize/T02-frame-confinement-and-zero-length-identity/raw-run/zero_t2_frame_harness.c	ZERO-T2_RUN1_af4c5abd/zero_t2_frame_harness.c	2900	9c17d24dca430bb7d41dbb4a6547e6a48a8eda5154bd5464acfeed6df098a5b1	Expanded family-freeze copy duplicates retained raw-run, registry, verdict or final-evidence content.
ZERO-T2_FREEZE_v1_af4c5abd/zero_t2_library_body.txt	OMITTED_EXACT_MIRROR	OMITTED_EXPANDED_FREEZE_MIRROR	experiments/zeroize/T02-frame-confinement-and-zero-length-identity/raw-run/zero_t2_library_body.txt	ZERO-T2_RUN1_af4c5abd/zero_t2_library_body.txt	46420	0ac2346988a260c2e37a41c9f911e00e8aa7ef791ad55cea2c64d1b89d428701	Expanded family-freeze copy duplicates retained raw-run, registry, verdict or final-evidence content.
ZERO-T2_FREEZE_v1_af4c5abd/zero_t2_raw_body.txt	OMITTED_EXACT_MIRROR	OMITTED_EXPANDED_FREEZE_MIRROR	experiments/zeroize/T02-frame-confinement-and-zero-length-identity/raw-run/zero_t2_raw_body.txt	ZERO-T2_RUN1_af4c5abd/zero_t2_raw_body.txt	47793	6033d5c3ce698658bb64c01e4e12fedb6bdcb40683c75c59b0ff0a5551bd1d2e	Expanded family-freeze copy duplicates retained raw-run, registry, verdict or final-evidence content.
ZERO-T3_FREEZE_v1_af4c5abd/ZERO-T3_COMMANDS.txt	OMITTED_EXACT_MIRROR	OMITTED_EXPANDED_FREEZE_MIRROR	experiments/zeroize/00-campaign-setup/shared-command-records/ZERO-T2-T3_SHARED_COMMANDS.txt	ZERO-T2_FREEZE_v1_af4c5abd/ZERO-T2_COMMANDS.txt	534	3706327cb7f1e08f07db31841fb0147c78fe021ee93b6e595d8f486554d31853	Expanded family-freeze copy duplicates retained raw-run, registry, verdict or final-evidence content.
ZERO-T3_FREEZE_v1_af4c5abd/ZERO-T3_RUN1_SHA256SUMS.txt	OMITTED_EXACT_MIRROR	OMITTED_EXPANDED_FREEZE_MIRROR	experiments/zeroize/T03-relational-and-compositional-zeroization-laws/raw-run/ZERO-T3_RUN1_SHA256SUMS.txt	ZERO-T3_RUN1_af4c5abd/ZERO-T3_RUN1_SHA256SUMS.txt	1650	1bb8b3e958b40a5e3e9c4ee8a127856cbb649ea3685038c4c36f17bd83ea15d9	Expanded family-freeze copy duplicates retained raw-run, registry, verdict or final-evidence content.
ZERO-T3_FREEZE_v1_af4c5abd/ZERO-T3_VERDICT.md	OMITTED_EXACT_MIRROR	OMITTED_EXPANDED_FREEZE_MIRROR	experiments/zeroize/T03-relational-and-compositional-zeroization-laws/final-evidence/ZERO-T3_VERDICT.md	ZERO-FINAL_CAMPAIGN_v1_af4c5abd/verdicts/ZERO-T3_VERDICT.md	1678	b50c2f9926abf05281a0b4e489894448d302502d69df2cce0dfb2b1571e0fd1e	Expanded family-freeze copy duplicates retained raw-run, registry, verdict or final-evidence content.
ZERO-T3_FREEZE_v1_af4c5abd/assumption_registry.md	OMITTED_EXACT_MIRROR	OMITTED_EXPANDED_FREEZE_MIRROR	experiments/zeroize/00-campaign-setup/registries/assumption_registry.md	ZERO-00C_T1_RUN1_af4c5abd/assumption_registry.md	1094	0b64fd8fb5ef17fa00fe9e68307dd79554688045a8675a7d084ec95bc307b379	Expanded family-freeze copy duplicates retained raw-run, registry, verdict or final-evidence content.
ZERO-T3_FREEZE_v1_af4c5abd/source_binding.txt	OMITTED_EXACT_MIRROR	OMITTED_EXPANDED_FREEZE_MIRROR	experiments/zeroize/00-campaign-setup/registries/source_binding.txt	ZERO-00C_T1_RUN1_af4c5abd/source_binding.txt	890	755eb7844a895cebd3dfe73f58a4269782ebf0401550e2e8bf6fad2ffdb7825c	Expanded family-freeze copy duplicates retained raw-run, registry, verdict or final-evidence content.
ZERO-T3_FREEZE_v1_af4c5abd/theorem_registry.md	OMITTED_EXACT_MIRROR	OMITTED_EXPANDED_FREEZE_MIRROR	experiments/zeroize/00-campaign-setup/registries/theorem_registry.md	ZERO-00C_T1_RUN1_af4c5abd/theorem_registry.md	2386	f72f5012cd9a6d85f58740bcb711ffa0e0b092d893fd1fb49f1ab0dcfa325230	Expanded family-freeze copy duplicates retained raw-run, registry, verdict or final-evidence content.
ZERO-T3_FREEZE_v1_af4c5abd/zero_t3_cbmc_output.txt	OMITTED_EXACT_MIRROR	OMITTED_EXPANDED_FREEZE_MIRROR	experiments/zeroize/T03-relational-and-compositional-zeroization-laws/raw-run/zero_t3_cbmc_output.txt	ZERO-T3_RUN1_af4c5abd/zero_t3_cbmc_output.txt	23665	3a2cec9c4508daf95404494ac3b2da5099dac4cd6d27ac2f90de2f80e206a329	Expanded family-freeze copy duplicates retained raw-run, registry, verdict or final-evidence content.
ZERO-T3_FREEZE_v1_af4c5abd/zero_t3_compositional_harness.c	OMITTED_EXACT_MIRROR	OMITTED_EXPANDED_FREEZE_MIRROR	experiments/zeroize/T03-relational-and-compositional-zeroization-laws/raw-run/zero_t3_compositional_harness.c	ZERO-T3_RUN1_af4c5abd/zero_t3_compositional_harness.c	7699	8fd29979f955f2eb0a79116107bc1ad03785c1a4905512e162b6ef699ad7b4da	Expanded family-freeze copy duplicates retained raw-run, registry, verdict or final-evidence content.
ZERO-T3_FREEZE_v1_af4c5abd/zero_t3_fail_control_cbmc_output.txt	OMITTED_EXACT_MIRROR	OMITTED_EXPANDED_FREEZE_MIRROR	experiments/zeroize/T03-relational-and-compositional-zeroization-laws/raw-run/zero_t3_fail_control_cbmc_output.txt	ZERO-T3_RUN1_af4c5abd/zero_t3_fail_control_cbmc_output.txt	11776	0540432f9c90d9c25f1a9a9f5562319b69e1ae40354bb881105d779f4a267f05	Expanded family-freeze copy duplicates retained raw-run, registry, verdict or final-evidence content.
ZERO-T3_FREEZE_v1_af4c5abd/zero_t3_fail_control_harness.c	OMITTED_EXACT_MIRROR	OMITTED_EXPANDED_FREEZE_MIRROR	experiments/zeroize/T03-relational-and-compositional-zeroization-laws/raw-run/zero_t3_fail_control_harness.c	ZERO-T3_RUN1_af4c5abd/zero_t3_fail_control_harness.c	560	652f873cda6b99d986adabd263077b9b8f7328447b1857728b49d248b9cf797a	Expanded family-freeze copy duplicates retained raw-run, registry, verdict or final-evidence content.
ZERO-T3_FREEZE_v1_af4c5abd/zero_t3_library_body.txt	OMITTED_EXACT_MIRROR	OMITTED_EXPANDED_FREEZE_MIRROR	experiments/zeroize/T03-relational-and-compositional-zeroization-laws/raw-run/zero_t3_library_body.txt	ZERO-T3_RUN1_af4c5abd/zero_t3_library_body.txt	81846	acf7d4ade6de362f6f9cc06ee70329378419fcef6c76be0a3257202ab1d87b55	Expanded family-freeze copy duplicates retained raw-run, registry, verdict or final-evidence content.
ZERO-T3_FREEZE_v1_af4c5abd/zero_t3_raw_body.txt	OMITTED_EXACT_MIRROR	OMITTED_EXPANDED_FREEZE_MIRROR	experiments/zeroize/T03-relational-and-compositional-zeroization-laws/raw-run/zero_t3_raw_body.txt	ZERO-T3_RUN1_af4c5abd/zero_t3_raw_body.txt	83219	7b1924d4db749f19b11758550501c3c0cca291e492495a81314164bbefe93766	Expanded family-freeze copy duplicates retained raw-run, registry, verdict or final-evidence content.
ZERO-T4_FREEZE_v1_af4c5abd/RUN1_FAILED_ATTEMPT/ZERO-T4_RUN1_FAILURE_CLASSIFICATION.md	OMITTED_EXACT_MIRROR	OMITTED_EXPANDED_FREEZE_MIRROR	experiments/zeroize/T04-zero-before-release-handoff/run1-failed-harness-configuration/ZERO-T4_RUN1_FAILURE_CLASSIFICATION.md	ZERO-T4_RUN1_af4c5abd/ZERO-T4_RUN1_FAILURE_CLASSIFICATION.md	1205	6e5c4343e88010e0895d091f0199dbc71470c77e66bbad0b68008d4c60cce0fa	Expanded family-freeze copy duplicates retained raw-run, registry, verdict or final-evidence content.
ZERO-T4_FREEZE_v1_af4c5abd/RUN1_FAILED_ATTEMPT/ZERO-T4_RUN1_FAILURE_SHA256SUMS.txt	OMITTED_EXACT_MIRROR	OMITTED_EXPANDED_FREEZE_MIRROR	experiments/zeroize/T04-zero-before-release-handoff/run1-failed-harness-configuration/ZERO-T4_RUN1_FAILURE_SHA256SUMS.txt	ZERO-T4_RUN1_af4c5abd/ZERO-T4_RUN1_FAILURE_SHA256SUMS.txt	1322	7fff3374e8caa959ee367d359e00a5c1527d130c0b241980b1dd297cbbb39c39	Expanded family-freeze copy duplicates retained raw-run, registry, verdict or final-evidence content.
ZERO-T4_FREEZE_v1_af4c5abd/RUN1_FAILED_ATTEMPT/custom_compile_stderr.txt	OMITTED_EXACT_MIRROR	OMITTED_EXPANDED_FREEZE_MIRROR	experiments/zeroize/T04-zero-before-release-handoff/run1-failed-harness-configuration/custom_compile_stderr.txt	ZERO-T4_RUN1_af4c5abd/custom_compile_stderr.txt	1222	9fe729ee56a8c3f709f60cddaebb68a311e07750a234d701d5351d612949d871	Expanded family-freeze copy duplicates retained raw-run, registry, verdict or final-evidence content.
ZERO-T4_FREEZE_v1_af4c5abd/RUN1_FAILED_ATTEMPT/default_compile_stderr.txt	OMITTED_EXACT_MIRROR	OMITTED_EXPANDED_FREEZE_MIRROR	experiments/zeroize/T04-zero-before-release-handoff/run1-failed-harness-configuration/default_compile_stderr.txt	ZERO-T4_RUN1_af4c5abd/default_compile_stderr.txt	331	c1f24a3787ade2d1459360e7d2d6d18a131711ee56d5a9ef58fc53ecafb76b63	Expanded family-freeze copy duplicates retained raw-run, registry, verdict or final-evidence content.
ZERO-T4_FREEZE_v1_af4c5abd/RUN1_FAILED_ATTEMPT/fail_compile_stderr.txt	OMITTED_EXACT_MIRROR	OMITTED_EXPANDED_FREEZE_MIRROR	experiments/zeroize/T04-zero-before-release-handoff/run1-failed-harness-configuration/fail_compile_stderr.txt	ZERO-T4_RUN1_af4c5abd/fail_compile_stderr.txt	1228	bca613feb53e1f49c844bcebbf1eeda19272121fd8a0bf3435fdbe0f32754a75	Expanded family-freeze copy duplicates retained raw-run, registry, verdict or final-evidence content.
ZERO-T4_FREEZE_v1_af4c5abd/RUN1_FAILED_ATTEMPT/zero_t4_custom_free_harness.c	OMITTED_EXACT_MIRROR	OMITTED_EXPANDED_FREEZE_MIRROR	experiments/zeroize/T04-zero-before-release-handoff/run1-failed-harness-configuration/zero_t4_custom_free_harness.c	ZERO-T4_RUN1_af4c5abd/zero_t4_custom_free_harness.c	2349	3d9e7871c7b8f1610881d7fb32575d167cd80f616a47fc2fdd4db791703e7eed	Expanded family-freeze copy duplicates retained raw-run, registry, verdict or final-evidence content.
ZERO-T4_FREEZE_v1_af4c5abd/RUN1_FAILED_ATTEMPT/zero_t4_default_free_harness.c	OMITTED_EXACT_MIRROR	OMITTED_EXPANDED_FREEZE_MIRROR	experiments/zeroize/T04-zero-before-release-handoff/run1-failed-harness-configuration/zero_t4_default_free_harness.c	ZERO-T4_RUN1_af4c5abd/zero_t4_default_free_harness.c	822	7eb1f3d2086101b21208aa44dc1f10a442cc1ac50ae35ab5c20010b2ef474d90	Expanded family-freeze copy duplicates retained raw-run, registry, verdict or final-evidence content.
ZERO-T4_FREEZE_v1_af4c5abd/RUN1_FAILED_ATTEMPT/zero_t4_fail_controls_harness.c	OMITTED_EXACT_MIRROR	OMITTED_EXPANDED_FREEZE_MIRROR	experiments/zeroize/T04-zero-before-release-handoff/run1-failed-harness-configuration/zero_t4_fail_controls_harness.c	ZERO-T4_RUN1_af4c5abd/zero_t4_fail_controls_harness.c	1797	a84ae1736122966f68547454aac49b9033037ba0df5552c16ff2a897eff6b97a	Expanded family-freeze copy duplicates retained raw-run, registry, verdict or final-evidence content.
ZERO-T4_FREEZE_v1_af4c5abd/RUN2_ACCEPTED/ZERO-T4_CONFIG_SHA256.txt	OMITTED_EXACT_MIRROR	OMITTED_EXPANDED_FREEZE_MIRROR	experiments/zeroize/T04-zero-before-release-handoff/run2-accepted/ZERO-T4_CONFIG_SHA256.txt	ZERO-T4_RUN2_af4c5abd/ZERO-T4_CONFIG_SHA256.txt	319	23db2169dec154d5aa35ac8451261fd4d62389e7662b1852619b9156d70cd30d	Expanded family-freeze copy duplicates retained raw-run, registry, verdict or final-evidence content.
ZERO-T4_FREEZE_v1_af4c5abd/RUN2_ACCEPTED/ZERO-T4_RUN2_SHA256SUMS.txt	OMITTED_EXACT_MIRROR	OMITTED_EXPANDED_FREEZE_MIRROR	experiments/zeroize/T04-zero-before-release-handoff/run2-accepted/ZERO-T4_RUN2_SHA256SUMS.txt	ZERO-T4_RUN2_af4c5abd/ZERO-T4_RUN2_SHA256SUMS.txt	3442	3acb30d88d391d83298841c9ce944a27f4ce6dbf0c03af5b2b2db4c2ab327418	Expanded family-freeze copy duplicates retained raw-run, registry, verdict or final-evidence content.
ZERO-T4_FREEZE_v1_af4c5abd/RUN2_ACCEPTED/ZERO-T4_RUN2_SOURCE_SHA256.txt	OMITTED_EXACT_MIRROR	OMITTED_EXPANDED_FREEZE_MIRROR	experiments/zeroize/T04-zero-before-release-handoff/run2-accepted/ZERO-T4_RUN2_SOURCE_SHA256.txt	ZERO-T4_RUN2_af4c5abd/ZERO-T4_RUN2_SOURCE_SHA256.txt	817	9fa0b899c9cbeaaade0ed465dde35eb88a27b255a757ae38f53a91517fa0b0d5	Expanded family-freeze copy duplicates retained raw-run, registry, verdict or final-evidence content.
ZERO-T4_FREEZE_v1_af4c5abd/RUN2_ACCEPTED/custom_macros.txt	OMITTED_EXACT_MIRROR	OMITTED_EXPANDED_FREEZE_MIRROR	experiments/zeroize/T04-zero-before-release-handoff/run2-accepted/custom_macros.txt	ZERO-T4_RUN2_af4c5abd/custom_macros.txt	40831	ee10887b26286e6fddf18568fcee31740abe02725e5d00a1fc339660d0464f9b	Expanded family-freeze copy duplicates retained raw-run, registry, verdict or final-evidence content.
ZERO-T4_FREEZE_v1_af4c5abd/RUN2_ACCEPTED/default_macros.txt	OMITTED_EXACT_MIRROR	OMITTED_EXPANDED_FREEZE_MIRROR	experiments/zeroize/T04-zero-before-release-handoff/run2-accepted/default_macros.txt	ZERO-T4_RUN2_af4c5abd/default_macros.txt	40511	e053af698717a9eefe7a895cec93f3af6301fb7f0c5b56a8fcc0ab231df65b5b	Expanded family-freeze copy duplicates retained raw-run, registry, verdict or final-evidence content.
ZERO-T4_FREEZE_v1_af4c5abd/RUN2_ACCEPTED/zero_t4_custom_cbmc_output.txt	OMITTED_EXACT_MIRROR	OMITTED_EXPANDED_FREEZE_MIRROR	experiments/zeroize/T04-zero-before-release-handoff/run2-accepted/zero_t4_custom_cbmc_output.txt	ZERO-T4_RUN2_af4c5abd/zero_t4_custom_cbmc_output.txt	17010	f6f9e5d42cd3e068928bfb66b6be8f108472cd7a75c023363c2eb9e8ece9cddc	Expanded family-freeze copy duplicates retained raw-run, registry, verdict or final-evidence content.
ZERO-T4_FREEZE_v1_af4c5abd/RUN2_ACCEPTED/zero_t4_custom_config.h	OMITTED_EXACT_MIRROR	OMITTED_EXPANDED_FREEZE_MIRROR	experiments/zeroize/T04-zero-before-release-handoff/run2-accepted/zero_t4_custom_config.h	ZERO-T4_RUN2_af4c5abd/zero_t4_custom_config.h	693	ec72486c011c7b740732e93a5dbc07b6c09908a8bca65c7b5bee98eb50955da9	Expanded family-freeze copy duplicates retained raw-run, registry, verdict or final-evidence content.
ZERO-T4_FREEZE_v1_af4c5abd/RUN2_ACCEPTED/zero_t4_custom_free_harness.c	OMITTED_EXACT_MIRROR	OMITTED_EXPANDED_FREEZE_MIRROR	experiments/zeroize/T04-zero-before-release-handoff/run2-accepted/zero_t4_custom_free_harness.c	ZERO-T4_RUN2_af4c5abd/zero_t4_custom_free_harness.c	2286	b42104052d0ecc19db49a6f0452b1240f8a7a7982a86f3ab32f4f513a4622660	Expanded family-freeze copy duplicates retained raw-run, registry, verdict or final-evidence content.
ZERO-T4_FREEZE_v1_af4c5abd/RUN2_ACCEPTED/zero_t4_custom_harness_block.txt	OMITTED_EXACT_MIRROR	OMITTED_EXPANDED_FREEZE_MIRROR	experiments/zeroize/T04-zero-before-release-handoff/run2-accepted/zero_t4_custom_harness_block.txt	ZERO-T4_RUN2_af4c5abd/zero_t4_custom_harness_block.txt	10710	098c6b74d7f6fbd44e55759037b69fcdc2c08e3c1ebcfe11ae0a39cdc4c41c7a	Expanded family-freeze copy duplicates retained raw-run, registry, verdict or final-evidence content.
ZERO-T4_FREEZE_v1_af4c5abd/RUN2_ACCEPTED/zero_t4_custom_library_body.txt	OMITTED_EXACT_MIRROR	OMITTED_EXPANDED_FREEZE_MIRROR	experiments/zeroize/T04-zero-before-release-handoff/run2-accepted/zero_t4_custom_library_body.txt	ZERO-T4_RUN2_af4c5abd/zero_t4_custom_library_body.txt	44770	558b5dd688434f8f1cf2eeccdbf60e6875328f1046ec8529961b138d3ec0cf87	Expanded family-freeze copy duplicates retained raw-run, registry, verdict or final-evidence content.
ZERO-T4_FREEZE_v1_af4c5abd/RUN2_ACCEPTED/zero_t4_custom_raw_body.txt	OMITTED_EXACT_MIRROR	OMITTED_EXPANDED_FREEZE_MIRROR	experiments/zeroize/T04-zero-before-release-handoff/run2-accepted/zero_t4_custom_raw_body.txt	ZERO-T4_RUN2_af4c5abd/zero_t4_custom_raw_body.txt	46143	f0b028303a89a21e7375584756d0a6b30fe0589417f3a73f5eccb473bf3b8091	Expanded family-freeze copy duplicates retained raw-run, registry, verdict or final-evidence content.
ZERO-T4_FREEZE_v1_af4c5abd/RUN2_ACCEPTED/zero_t4_default_cbmc_output.txt	OMITTED_EXACT_MIRROR	OMITTED_EXPANDED_FREEZE_MIRROR	experiments/zeroize/T04-zero-before-release-handoff/run2-accepted/zero_t4_default_cbmc_output.txt	ZERO-T4_RUN2_af4c5abd/zero_t4_default_cbmc_output.txt	12989	d8506eaa4b94e768ae7272ccfd1ecff7e46a370ba5de1bd21c88872c69fc3131	Expanded family-freeze copy duplicates retained raw-run, registry, verdict or final-evidence content.
ZERO-T4_FREEZE_v1_af4c5abd/RUN2_ACCEPTED/zero_t4_default_config.h	OMITTED_EXACT_MIRROR	OMITTED_EXPANDED_FREEZE_MIRROR	experiments/zeroize/T04-zero-before-release-handoff/run2-accepted/zero_t4_default_config.h	ZERO-T4_RUN2_af4c5abd/zero_t4_default_config.h	601	681fdc4bf37b4194bfd7a0537a02b5ad30250a2a6e8607bb4d126e014a4510f9	Expanded family-freeze copy duplicates retained raw-run, registry, verdict or final-evidence content.
ZERO-T4_FREEZE_v1_af4c5abd/RUN2_ACCEPTED/zero_t4_default_free_harness.c	OMITTED_EXACT_MIRROR	OMITTED_EXPANDED_FREEZE_MIRROR	experiments/zeroize/T04-zero-before-release-handoff/run2-accepted/zero_t4_default_free_harness.c	ZERO-T4_RUN2_af4c5abd/zero_t4_default_free_harness.c	983	14aabfc5772d354086e569c70409ebc784f6aae995d0942093f2db6d5410be12	Expanded family-freeze copy duplicates retained raw-run, registry, verdict or final-evidence content.
ZERO-T4_FREEZE_v1_af4c5abd/RUN2_ACCEPTED/zero_t4_default_library_body.txt	OMITTED_EXACT_MIRROR	OMITTED_EXPANDED_FREEZE_MIRROR	experiments/zeroize/T04-zero-before-release-handoff/run2-accepted/zero_t4_default_library_body.txt	ZERO-T4_RUN2_af4c5abd/zero_t4_default_library_body.txt	35831	3be7f71857432f7b0aa7826fe4426142f8aa1f8e82dc1ef02f57818ba3bd70fd	Expanded family-freeze copy duplicates retained raw-run, registry, verdict or final-evidence content.
ZERO-T4_FREEZE_v1_af4c5abd/RUN2_ACCEPTED/zero_t4_default_raw_body.txt	OMITTED_EXACT_MIRROR	OMITTED_EXPANDED_FREEZE_MIRROR	experiments/zeroize/T04-zero-before-release-handoff/run2-accepted/zero_t4_default_raw_body.txt	ZERO-T4_RUN2_af4c5abd/zero_t4_default_raw_body.txt	37204	5a62d81fd8596444d929f9b98896d1258155a84b502a52803af71723f2ce9899	Expanded family-freeze copy duplicates retained raw-run, registry, verdict or final-evidence content.
ZERO-T4_FREEZE_v1_af4c5abd/RUN2_ACCEPTED/zero_t4_fail_controls_cbmc_output.txt	OMITTED_EXACT_MIRROR	OMITTED_EXPANDED_FREEZE_MIRROR	experiments/zeroize/T04-zero-before-release-handoff/run2-accepted/zero_t4_fail_controls_cbmc_output.txt	ZERO-T4_RUN2_af4c5abd/zero_t4_fail_controls_cbmc_output.txt	18663	2a388d4be156fec00c69a9e676fc9b91da0dfa1c4520cdfc7f5360b2b7a0055b	Expanded family-freeze copy duplicates retained raw-run, registry, verdict or final-evidence content.
ZERO-T4_FREEZE_v1_af4c5abd/RUN2_ACCEPTED/zero_t4_fail_controls_harness.c	OMITTED_EXACT_MIRROR	OMITTED_EXPANDED_FREEZE_MIRROR	experiments/zeroize/T04-zero-before-release-handoff/run2-accepted/zero_t4_fail_controls_harness.c	ZERO-T4_RUN2_af4c5abd/zero_t4_fail_controls_harness.c	1590	08f463ad9a1c23401653feddf2e95accec307ce82d4f096d8b1e026260ba8044	Expanded family-freeze copy duplicates retained raw-run, registry, verdict or final-evidence content.
ZERO-T4_FREEZE_v1_af4c5abd/ZERO-T4_VERDICT.md	OMITTED_EXACT_MIRROR	OMITTED_EXPANDED_FREEZE_MIRROR	experiments/zeroize/T04-zero-before-release-handoff/final-evidence/ZERO-T4_VERDICT.md	ZERO-FINAL_CAMPAIGN_v1_af4c5abd/verdicts/ZERO-T4_VERDICT.md	2950	39c8c532ff3b6cdb47f1289ac4136fc61c05240bfbef84206985fbccf89fe43a	Expanded family-freeze copy duplicates retained raw-run, registry, verdict or final-evidence content.
ZERO-T4_FREEZE_v1_af4c5abd/assumption_registry.md	OMITTED_EXACT_MIRROR	OMITTED_EXPANDED_FREEZE_MIRROR	experiments/zeroize/00-campaign-setup/registries/assumption_registry.md	ZERO-00C_T1_RUN1_af4c5abd/assumption_registry.md	1094	0b64fd8fb5ef17fa00fe9e68307dd79554688045a8675a7d084ec95bc307b379	Expanded family-freeze copy duplicates retained raw-run, registry, verdict or final-evidence content.
ZERO-T4_FREEZE_v1_af4c5abd/source_binding.txt	OMITTED_EXACT_MIRROR	OMITTED_EXPANDED_FREEZE_MIRROR	experiments/zeroize/00-campaign-setup/registries/source_binding.txt	ZERO-00C_T1_RUN1_af4c5abd/source_binding.txt	890	755eb7844a895cebd3dfe73f58a4269782ebf0401550e2e8bf6fad2ffdb7825c	Expanded family-freeze copy duplicates retained raw-run, registry, verdict or final-evidence content.
ZERO-T4_FREEZE_v1_af4c5abd/theorem_registry.md	OMITTED_EXACT_MIRROR	OMITTED_EXPANDED_FREEZE_MIRROR	experiments/zeroize/00-campaign-setup/registries/theorem_registry.md	ZERO-00C_T1_RUN1_af4c5abd/theorem_registry.md	2386	f72f5012cd9a6d85f58740bcb711ffa0e0b092d893fd1fb49f1ab0dcfa325230	Expanded family-freeze copy duplicates retained raw-run, registry, verdict or final-evidence content.
ZERO-T4_FREEZE_v1_af4c5abd/zero_t4_assumption_supplement.md	OMITTED_EXACT_MIRROR	OMITTED_EXPANDED_FREEZE_MIRROR	experiments/zeroize/T04-zero-before-release-handoff/run1-failed-harness-configuration/zero_t4_assumption_supplement.md	ZERO-T4_RUN1_af4c5abd/zero_t4_assumption_supplement.md	868	a6788ef8c9334f61c9a3376a81df55eb98e3d57ba2d1dac4064e35b181098a63	Expanded family-freeze copy duplicates retained raw-run, registry, verdict or final-evidence content.
ZERO-V1_FREEZE_v1_af4c5abd/PLAN/ZERO-V1_ACCEPTANCE_RULES.md	OMITTED_EXACT_MIRROR	OMITTED_EXPANDED_FREEZE_MIRROR	experiments/zeroize/V01-mutation-sensitivity/plan/ZERO-V1_ACCEPTANCE_RULES.md	ZERO-V1_MUTATION_PLAN_af4c5abd/ZERO-V1_ACCEPTANCE_RULES.md	611	e046c047b5cb7de54a68046173a9516744fac677f91a949447fcead650a0814d	Expanded family-freeze copy duplicates retained raw-run, registry, verdict or final-evidence content.
ZERO-V1_FREEZE_v1_af4c5abd/PLAN/ZERO-V1_DETECTOR_MATRIX.csv	OMITTED_EXACT_MIRROR	OMITTED_EXPANDED_FREEZE_MIRROR	experiments/zeroize/V01-mutation-sensitivity/plan/ZERO-V1_DETECTOR_MATRIX.csv	ZERO-V1_MUTATION_PLAN_af4c5abd/ZERO-V1_DETECTOR_MATRIX.csv	622	674a25a2fe7942c5e0651f0aa46b4e9e59b4a14e29d9669a7651fd9416859610	Expanded family-freeze copy duplicates retained raw-run, registry, verdict or final-evidence content.
ZERO-V1_FREEZE_v1_af4c5abd/PLAN/ZERO-V1_MUTATION_REGISTRY.md	OMITTED_EXACT_MIRROR	OMITTED_EXPANDED_FREEZE_MIRROR	experiments/zeroize/V01-mutation-sensitivity/plan/ZERO-V1_MUTATION_REGISTRY.md	ZERO-V1_MUTATION_PLAN_af4c5abd/ZERO-V1_MUTATION_REGISTRY.md	2107	be88edc17cc0919fcb8ce20352a3e024f9d50fa6da1e20f79c86b2fd380062f1	Expanded family-freeze copy duplicates retained raw-run, registry, verdict or final-evidence content.
ZERO-V1_FREEZE_v1_af4c5abd/PLAN/ZERO-V1_PLAN_SHA256SUMS.txt	OMITTED_EXACT_MIRROR	OMITTED_EXPANDED_FREEZE_MIRROR	experiments/zeroize/V01-mutation-sensitivity/plan/ZERO-V1_PLAN_SHA256SUMS.txt	ZERO-V1_MUTATION_PLAN_af4c5abd/ZERO-V1_PLAN_SHA256SUMS.txt	517	9fa229afd120275dc73a0b3e4daebd74bf0e8f5159a31ab84b7be0e97cea68ba	Expanded family-freeze copy duplicates retained raw-run, registry, verdict or final-evidence content.
ZERO-V1_FREEZE_v1_af4c5abd/RUN1/M1_remove_wipe/build_status.txt	OMITTED_EXACT_MIRROR	OMITTED_EXPANDED_FREEZE_MIRROR	experiments/zeroize/V01-mutation-sensitivity/raw-run/M1_remove_wipe/build_status.txt	ZERO-V1_RUN1_af4c5abd/M1_remove_wipe/build_status.txt	30	fedab85146b2657c8aceb300b2e4f5243bc6d47afc33bd839602d54c78b14055	Expanded family-freeze copy duplicates retained raw-run, registry, verdict or final-evidence content.
ZERO-V1_FREEZE_v1_af4c5abd/RUN1/M1_remove_wipe/cbmc_output.txt	OMITTED_EXACT_MIRROR	OMITTED_EXPANDED_FREEZE_MIRROR	experiments/zeroize/V01-mutation-sensitivity/raw-run/M1_remove_wipe/cbmc_output.txt	ZERO-V1_RUN1_af4c5abd/M1_remove_wipe/cbmc_output.txt	1069	30d66a1e83c8da26a156f0d0a94015405f895585c59f0984a743fb5860eea92a	Expanded family-freeze copy duplicates retained raw-run, registry, verdict or final-evidence content.
ZERO-V1_FREEZE_v1_af4c5abd/RUN1/M1_remove_wipe/cbmc_stderr.txt	OMITTED_EXACT_MIRROR	OMITTED_EXPANDED_FREEZE_MIRROR	experiments/zeroize/00-campaign-setup/body-binding-preflight/raw-evidence/fail_add_library_stderr.txt	ZERO-00B2_BODY_PREFLIGHT_af4c5abd/fail_add_library_stderr.txt	0	e3b0c44298fc1c149afbf4c8996fb92427ae41e4649b934ca495991b7852b855	Expanded family-freeze copy duplicates retained raw-run, registry, verdict or final-evidence content.
ZERO-V1_FREEZE_v1_af4c5abd/RUN1/M1_remove_wipe/compile_stderr.txt	OMITTED_EXACT_MIRROR	OMITTED_EXPANDED_FREEZE_MIRROR	experiments/zeroize/00-campaign-setup/body-binding-preflight/raw-evidence/fail_add_library_stderr.txt	ZERO-00B2_BODY_PREFLIGHT_af4c5abd/fail_add_library_stderr.txt	0	e3b0c44298fc1c149afbf4c8996fb92427ae41e4649b934ca495991b7852b855	Expanded family-freeze copy duplicates retained raw-run, registry, verdict or final-evidence content.
ZERO-V1_FREEZE_v1_af4c5abd/RUN1/M1_remove_wipe/compile_stdout.txt	OMITTED_EXACT_MIRROR	OMITTED_EXPANDED_FREEZE_MIRROR	experiments/zeroize/00-campaign-setup/body-binding-preflight/raw-evidence/fail_add_library_stderr.txt	ZERO-00B2_BODY_PREFLIGHT_af4c5abd/fail_add_library_stderr.txt	0	e3b0c44298fc1c149afbf4c8996fb92427ae41e4649b934ca495991b7852b855	Expanded family-freeze copy duplicates retained raw-run, registry, verdict or final-evidence content.
ZERO-V1_FREEZE_v1_af4c5abd/RUN1/M1_remove_wipe/goto_functions.txt	OMITTED_EXACT_MIRROR	OMITTED_EXPANDED_FREEZE_MIRROR	experiments/zeroize/V01-mutation-sensitivity/raw-run/M1_remove_wipe/goto_functions.txt	ZERO-V1_RUN1_af4c5abd/M1_remove_wipe/goto_functions.txt	2289	d58022b28187c7b3ab14dafe06483b221ef98bab7f6d0858d1adfaad75253666	Expanded family-freeze copy duplicates retained raw-run, registry, verdict or final-evidence content.
ZERO-V1_FREEZE_v1_af4c5abd/RUN1/M1_remove_wipe/library_stderr.txt	OMITTED_EXACT_MIRROR	OMITTED_EXPANDED_FREEZE_MIRROR	experiments/zeroize/00-campaign-setup/body-binding-preflight/raw-evidence/fail_add_library_stderr.txt	ZERO-00B2_BODY_PREFLIGHT_af4c5abd/fail_add_library_stderr.txt	0	e3b0c44298fc1c149afbf4c8996fb92427ae41e4649b934ca495991b7852b855	Expanded family-freeze copy duplicates retained raw-run, registry, verdict or final-evidence content.
ZERO-V1_FREEZE_v1_af4c5abd/RUN1/M1_remove_wipe/library_stdout.txt	OMITTED_EXACT_MIRROR	OMITTED_EXPANDED_FREEZE_MIRROR	experiments/zeroize/V01-mutation-sensitivity/raw-run/M1_remove_wipe/library_stdout.txt	ZERO-V1_RUN1_af4c5abd/M1_remove_wipe/library_stdout.txt	290	6bcb413a726d0bab534b4c5c153c6ba4ff6d8083de45a4cf4b9faddb92bcb65c	Expanded family-freeze copy duplicates retained raw-run, registry, verdict or final-evidence content.
ZERO-V1_FREEZE_v1_af4c5abd/RUN1/M1_remove_wipe/mutant.c	OMITTED_EXACT_MIRROR	OMITTED_EXPANDED_FREEZE_MIRROR	experiments/zeroize/V01-mutation-sensitivity/raw-run/M1_remove_wipe/mutant.c	ZERO-V1_RUN1_af4c5abd/M1_remove_wipe/mutant.c	442	b54978a10f917e4e9ea556a63c034ba668ac5293150a328deeadb2df248467a2	Expanded family-freeze copy duplicates retained raw-run, registry, verdict or final-evidence content.
ZERO-V1_FREEZE_v1_af4c5abd/RUN1/M1_remove_wipe/mutant.diff	OMITTED_EXACT_MIRROR	OMITTED_EXPANDED_FREEZE_MIRROR	experiments/zeroize/V01-mutation-sensitivity/raw-run/M1_remove_wipe/mutant.diff	ZERO-V1_RUN1_af4c5abd/M1_remove_wipe/mutant.diff	568	f70706c2124dffa4a1fba67d1e217a88867dfc13a57903235d32a66551562e03	Expanded family-freeze copy duplicates retained raw-run, registry, verdict or final-evidence content.
ZERO-V1_FREEZE_v1_af4c5abd/RUN1/M1_remove_wipe/mutant.library.goto	OMITTED_EXACT_MIRROR	OMITTED_EXPANDED_FREEZE_MIRROR	experiments/zeroize/V01-mutation-sensitivity/raw-run/M1_remove_wipe/mutant.library.goto	ZERO-V1_RUN1_af4c5abd/M1_remove_wipe/mutant.library.goto	7050	11abc7652391583d6e4675575eccc4284347feb62d731a656b2ac77a5dc2c9d3	Expanded family-freeze copy duplicates retained raw-run, registry, verdict or final-evidence content.
ZERO-V1_FREEZE_v1_af4c5abd/RUN1/M1_remove_wipe/mutant.raw.goto	OMITTED_EXACT_MIRROR	OMITTED_EXPANDED_FREEZE_MIRROR	experiments/zeroize/V01-mutation-sensitivity/raw-run/M1_remove_wipe/mutant.raw.goto	ZERO-V1_RUN1_af4c5abd/M1_remove_wipe/mutant.raw.goto	6516	041e69f96480f6f5a63195634bd9af228545a29fcecbb6c5a12c1a26a8e0d0e2	Expanded family-freeze copy duplicates retained raw-run, registry, verdict or final-evidence content.
ZERO-V1_FREEZE_v1_af4c5abd/RUN1/M1_remove_wipe/reference.c	OMITTED_EXACT_MIRROR	OMITTED_EXPANDED_FREEZE_MIRROR	experiments/zeroize/V01-mutation-sensitivity/raw-run/M1_remove_wipe/reference.c	ZERO-V1_RUN1_af4c5abd/M1_remove_wipe/reference.c	458	1d6284d74a6ecd536ea323ee2e0bb7328aa39b52411f870fd973473f52a6e87f	Expanded family-freeze copy duplicates retained raw-run, registry, verdict or final-evidence content.
ZERO-V1_FREEZE_v1_af4c5abd/RUN1/M1_remove_wipe/result.txt	OMITTED_EXACT_MIRROR	OMITTED_EXPANDED_FREEZE_MIRROR	experiments/zeroize/V01-mutation-sensitivity/raw-run/M1_remove_wipe/result.txt	ZERO-V1_RUN1_af4c5abd/M1_remove_wipe/result.txt	186	5b5135f25b5a9465c92fd61103d20044303c64ef1f69d55dc2357efaf958bb37	Expanded family-freeze copy duplicates retained raw-run, registry, verdict or final-evidence content.
ZERO-V1_FREEZE_v1_af4c5abd/RUN1/M1_remove_wipe/source_sha256.txt	OMITTED_EXACT_MIRROR	OMITTED_EXPANDED_FREEZE_MIRROR	experiments/zeroize/V01-mutation-sensitivity/raw-run/M1_remove_wipe/source_sha256.txt	ZERO-V1_RUN1_af4c5abd/M1_remove_wipe/source_sha256.txt	483	492947a98963478299bd8bae17ac9ea1ca6b871ba130fd4c33a9d4e29a8bc1f2	Expanded family-freeze copy duplicates retained raw-run, registry, verdict or final-evidence content.
ZERO-V1_FREEZE_v1_af4c5abd/RUN1/M2_fill_with_one/build_status.txt	OMITTED_EXACT_MIRROR	OMITTED_EXPANDED_FREEZE_MIRROR	experiments/zeroize/V01-mutation-sensitivity/raw-run/M1_remove_wipe/build_status.txt	ZERO-V1_RUN1_af4c5abd/M1_remove_wipe/build_status.txt	30	fedab85146b2657c8aceb300b2e4f5243bc6d47afc33bd839602d54c78b14055	Expanded family-freeze copy duplicates retained raw-run, registry, verdict or final-evidence content.
ZERO-V1_FREEZE_v1_af4c5abd/RUN1/M2_fill_with_one/cbmc_output.txt	OMITTED_EXACT_MIRROR	OMITTED_EXPANDED_FREEZE_MIRROR	experiments/zeroize/V01-mutation-sensitivity/raw-run/M2_fill_with_one/cbmc_output.txt	ZERO-V1_RUN1_af4c5abd/M2_fill_with_one/cbmc_output.txt	2970	fc9ef23547fbf26bb0ee920011f0614684175a068b2711b5b492487538187a84	Expanded family-freeze copy duplicates retained raw-run, registry, verdict or final-evidence content.
ZERO-V1_FREEZE_v1_af4c5abd/RUN1/M2_fill_with_one/cbmc_stderr.txt	OMITTED_EXACT_MIRROR	OMITTED_EXPANDED_FREEZE_MIRROR	experiments/zeroize/00-campaign-setup/body-binding-preflight/raw-evidence/fail_add_library_stderr.txt	ZERO-00B2_BODY_PREFLIGHT_af4c5abd/fail_add_library_stderr.txt	0	e3b0c44298fc1c149afbf4c8996fb92427ae41e4649b934ca495991b7852b855	Expanded family-freeze copy duplicates retained raw-run, registry, verdict or final-evidence content.
ZERO-V1_FREEZE_v1_af4c5abd/RUN1/M2_fill_with_one/compile_stderr.txt	OMITTED_EXACT_MIRROR	OMITTED_EXPANDED_FREEZE_MIRROR	experiments/zeroize/00-campaign-setup/body-binding-preflight/raw-evidence/fail_add_library_stderr.txt	ZERO-00B2_BODY_PREFLIGHT_af4c5abd/fail_add_library_stderr.txt	0	e3b0c44298fc1c149afbf4c8996fb92427ae41e4649b934ca495991b7852b855	Expanded family-freeze copy duplicates retained raw-run, registry, verdict or final-evidence content.
ZERO-V1_FREEZE_v1_af4c5abd/RUN1/M2_fill_with_one/compile_stdout.txt	OMITTED_EXACT_MIRROR	OMITTED_EXPANDED_FREEZE_MIRROR	experiments/zeroize/00-campaign-setup/body-binding-preflight/raw-evidence/fail_add_library_stderr.txt	ZERO-00B2_BODY_PREFLIGHT_af4c5abd/fail_add_library_stderr.txt	0	e3b0c44298fc1c149afbf4c8996fb92427ae41e4649b934ca495991b7852b855	Expanded family-freeze copy duplicates retained raw-run, registry, verdict or final-evidence content.
ZERO-V1_FREEZE_v1_af4c5abd/RUN1/M2_fill_with_one/goto_functions.txt	OMITTED_EXACT_MIRROR	OMITTED_EXPANDED_FREEZE_MIRROR	experiments/zeroize/V01-mutation-sensitivity/raw-run/M2_fill_with_one/goto_functions.txt	ZERO-V1_RUN1_af4c5abd/M2_fill_with_one/goto_functions.txt	4178	583713244127698be13057fc00165cf419e9da06f9e0fb302c6d509fc7f5e72d	Expanded family-freeze copy duplicates retained raw-run, registry, verdict or final-evidence content.
ZERO-V1_FREEZE_v1_af4c5abd/RUN1/M2_fill_with_one/library_stderr.txt	OMITTED_EXACT_MIRROR	OMITTED_EXPANDED_FREEZE_MIRROR	experiments/zeroize/00-campaign-setup/body-binding-preflight/raw-evidence/fail_add_library_stderr.txt	ZERO-00B2_BODY_PREFLIGHT_af4c5abd/fail_add_library_stderr.txt	0	e3b0c44298fc1c149afbf4c8996fb92427ae41e4649b934ca495991b7852b855	Expanded family-freeze copy duplicates retained raw-run, registry, verdict or final-evidence content.
ZERO-V1_FREEZE_v1_af4c5abd/RUN1/M2_fill_with_one/library_stdout.txt	OMITTED_EXACT_MIRROR	OMITTED_EXPANDED_FREEZE_MIRROR	experiments/zeroize/V01-mutation-sensitivity/raw-run/M2_fill_with_one/library_stdout.txt	ZERO-V1_RUN1_af4c5abd/M2_fill_with_one/library_stdout.txt	294	e7c631fd099a5358d751e0c8502fef736a401c71376b5efa2c475fc72207f3b0	Expanded family-freeze copy duplicates retained raw-run, registry, verdict or final-evidence content.
ZERO-V1_FREEZE_v1_af4c5abd/RUN1/M2_fill_with_one/mutant.c	OMITTED_EXACT_MIRROR	OMITTED_EXPANDED_FREEZE_MIRROR	experiments/zeroize/V01-mutation-sensitivity/raw-run/M2_fill_with_one/mutant.c	ZERO-V1_RUN1_af4c5abd/M2_fill_with_one/mutant.c	506	9837c854e79c367a7b47c81871e691e61a60b661cbc5f4f3ef725c1a3aaa52a2	Expanded family-freeze copy duplicates retained raw-run, registry, verdict or final-evidence content.
ZERO-V1_FREEZE_v1_af4c5abd/RUN1/M2_fill_with_one/mutant.diff	OMITTED_EXACT_MIRROR	OMITTED_EXPANDED_FREEZE_MIRROR	experiments/zeroize/V01-mutation-sensitivity/raw-run/M2_fill_with_one/mutant.diff	ZERO-V1_RUN1_af4c5abd/M2_fill_with_one/mutant.diff	475	cd704e13c62c5d1139853c52656314a468938a261c7409cbb4a6e1d4e1f45621	Expanded family-freeze copy duplicates retained raw-run, registry, verdict or final-evidence content.
ZERO-V1_FREEZE_v1_af4c5abd/RUN1/M2_fill_with_one/mutant.library.goto	OMITTED_EXACT_MIRROR	OMITTED_EXPANDED_FREEZE_MIRROR	experiments/zeroize/V01-mutation-sensitivity/raw-run/M2_fill_with_one/mutant.library.goto	ZERO-V1_RUN1_af4c5abd/M2_fill_with_one/mutant.library.goto	7800	d83d101f8d06eceea6e0b4b860393755e4eab848720711bf4240dd861ddb9664	Expanded family-freeze copy duplicates retained raw-run, registry, verdict or final-evidence content.
ZERO-V1_FREEZE_v1_af4c5abd/RUN1/M2_fill_with_one/mutant.raw.goto	OMITTED_EXACT_MIRROR	OMITTED_EXPANDED_FREEZE_MIRROR	experiments/zeroize/V01-mutation-sensitivity/raw-run/M2_fill_with_one/mutant.raw.goto	ZERO-V1_RUN1_af4c5abd/M2_fill_with_one/mutant.raw.goto	7147	4221b4a243838cfcf730520ddc58a0f353a609a9d85bba8b668bad147ebfd8da	Expanded family-freeze copy duplicates retained raw-run, registry, verdict or final-evidence content.
ZERO-V1_FREEZE_v1_af4c5abd/RUN1/M2_fill_with_one/reference.c	OMITTED_EXACT_MIRROR	OMITTED_EXPANDED_FREEZE_MIRROR	experiments/zeroize/V01-mutation-sensitivity/raw-run/M2_fill_with_one/reference.c	ZERO-V1_RUN1_af4c5abd/M2_fill_with_one/reference.c	460	fa1f574ce9af1e5966c4a1d35993a445b38f36f5923999f2d2a2445d1ed50239	Expanded family-freeze copy duplicates retained raw-run, registry, verdict or final-evidence content.
ZERO-V1_FREEZE_v1_af4c5abd/RUN1/M2_fill_with_one/result.txt	OMITTED_EXACT_MIRROR	OMITTED_EXPANDED_FREEZE_MIRROR	experiments/zeroize/V01-mutation-sensitivity/raw-run/M2_fill_with_one/result.txt	ZERO-V1_RUN1_af4c5abd/M2_fill_with_one/result.txt	188	82f37e8bd040b891b2e59a4c7ef7a5df6142802e673ac96aba9c2d53f7524b06	Expanded family-freeze copy duplicates retained raw-run, registry, verdict or final-evidence content.
ZERO-V1_FREEZE_v1_af4c5abd/RUN1/M2_fill_with_one/source_sha256.txt	OMITTED_EXACT_MIRROR	OMITTED_EXPANDED_FREEZE_MIRROR	experiments/zeroize/V01-mutation-sensitivity/raw-run/M2_fill_with_one/source_sha256.txt	ZERO-V1_RUN1_af4c5abd/M2_fill_with_one/source_sha256.txt	489	09ddc27d345646fd9165df7fafa87a612513f588b0ae389da3a6ff6555fb8357	Expanded family-freeze copy duplicates retained raw-run, registry, verdict or final-evidence content.
ZERO-V1_FREEZE_v1_af4c5abd/RUN1/M3_length_minus_one/build_status.txt	OMITTED_EXACT_MIRROR	OMITTED_EXPANDED_FREEZE_MIRROR	experiments/zeroize/V01-mutation-sensitivity/raw-run/M1_remove_wipe/build_status.txt	ZERO-V1_RUN1_af4c5abd/M1_remove_wipe/build_status.txt	30	fedab85146b2657c8aceb300b2e4f5243bc6d47afc33bd839602d54c78b14055	Expanded family-freeze copy duplicates retained raw-run, registry, verdict or final-evidence content.
ZERO-V1_FREEZE_v1_af4c5abd/RUN1/M3_length_minus_one/cbmc_output.txt	OMITTED_EXACT_MIRROR	OMITTED_EXPANDED_FREEZE_MIRROR	experiments/zeroize/V01-mutation-sensitivity/raw-run/M3_length_minus_one/cbmc_output.txt	ZERO-V1_RUN1_af4c5abd/M3_length_minus_one/cbmc_output.txt	3101	23fbd7312d649bac1861e74774af082dbc4f5579ebeb5e4387512575bc25876a	Expanded family-freeze copy duplicates retained raw-run, registry, verdict or final-evidence content.
ZERO-V1_FREEZE_v1_af4c5abd/RUN1/M3_length_minus_one/cbmc_stderr.txt	OMITTED_EXACT_MIRROR	OMITTED_EXPANDED_FREEZE_MIRROR	experiments/zeroize/00-campaign-setup/body-binding-preflight/raw-evidence/fail_add_library_stderr.txt	ZERO-00B2_BODY_PREFLIGHT_af4c5abd/fail_add_library_stderr.txt	0	e3b0c44298fc1c149afbf4c8996fb92427ae41e4649b934ca495991b7852b855	Expanded family-freeze copy duplicates retained raw-run, registry, verdict or final-evidence content.
ZERO-V1_FREEZE_v1_af4c5abd/RUN1/M3_length_minus_one/compile_stderr.txt	OMITTED_EXACT_MIRROR	OMITTED_EXPANDED_FREEZE_MIRROR	experiments/zeroize/00-campaign-setup/body-binding-preflight/raw-evidence/fail_add_library_stderr.txt	ZERO-00B2_BODY_PREFLIGHT_af4c5abd/fail_add_library_stderr.txt	0	e3b0c44298fc1c149afbf4c8996fb92427ae41e4649b934ca495991b7852b855	Expanded family-freeze copy duplicates retained raw-run, registry, verdict or final-evidence content.
ZERO-V1_FREEZE_v1_af4c5abd/RUN1/M3_length_minus_one/compile_stdout.txt	OMITTED_EXACT_MIRROR	OMITTED_EXPANDED_FREEZE_MIRROR	experiments/zeroize/00-campaign-setup/body-binding-preflight/raw-evidence/fail_add_library_stderr.txt	ZERO-00B2_BODY_PREFLIGHT_af4c5abd/fail_add_library_stderr.txt	0	e3b0c44298fc1c149afbf4c8996fb92427ae41e4649b934ca495991b7852b855	Expanded family-freeze copy duplicates retained raw-run, registry, verdict or final-evidence content.
ZERO-V1_FREEZE_v1_af4c5abd/RUN1/M3_length_minus_one/goto_functions.txt	OMITTED_EXACT_MIRROR	OMITTED_EXPANDED_FREEZE_MIRROR	experiments/zeroize/V01-mutation-sensitivity/raw-run/M3_length_minus_one/goto_functions.txt	ZERO-V1_RUN1_af4c5abd/M3_length_minus_one/goto_functions.txt	4657	1cd1d5dc18ee668d71064548d8c3311ce169d00fedf358c23fc76214a72c80e9	Expanded family-freeze copy duplicates retained raw-run, registry, verdict or final-evidence content.
ZERO-V1_FREEZE_v1_af4c5abd/RUN1/M3_length_minus_one/library_stderr.txt	OMITTED_EXACT_MIRROR	OMITTED_EXPANDED_FREEZE_MIRROR	experiments/zeroize/00-campaign-setup/body-binding-preflight/raw-evidence/fail_add_library_stderr.txt	ZERO-00B2_BODY_PREFLIGHT_af4c5abd/fail_add_library_stderr.txt	0	e3b0c44298fc1c149afbf4c8996fb92427ae41e4649b934ca495991b7852b855	Expanded family-freeze copy duplicates retained raw-run, registry, verdict or final-evidence content.
ZERO-V1_FREEZE_v1_af4c5abd/RUN1/M3_length_minus_one/library_stdout.txt	OMITTED_EXACT_MIRROR	OMITTED_EXPANDED_FREEZE_MIRROR	experiments/zeroize/V01-mutation-sensitivity/raw-run/M3_length_minus_one/library_stdout.txt	ZERO-V1_RUN1_af4c5abd/M3_length_minus_one/library_stdout.txt	300	e5d5073df08654c5273899f743be5742e35d9bb695bbdb441f1cdc49efdd113b	Expanded family-freeze copy duplicates retained raw-run, registry, verdict or final-evidence content.
ZERO-V1_FREEZE_v1_af4c5abd/RUN1/M3_length_minus_one/mutant.c	OMITTED_EXACT_MIRROR	OMITTED_EXPANDED_FREEZE_MIRROR	experiments/zeroize/V01-mutation-sensitivity/raw-run/M3_length_minus_one/mutant.c	ZERO-V1_RUN1_af4c5abd/M3_length_minus_one/mutant.c	556	19358de48b46b2356013c6d0166b774749a904c6063cad4fd0b1d57066506b27	Expanded family-freeze copy duplicates retained raw-run, registry, verdict or final-evidence content.
ZERO-V1_FREEZE_v1_af4c5abd/RUN1/M3_length_minus_one/mutant.diff	OMITTED_EXACT_MIRROR	OMITTED_EXPANDED_FREEZE_MIRROR	experiments/zeroize/V01-mutation-sensitivity/raw-run/M3_length_minus_one/mutant.diff	ZERO-V1_RUN1_af4c5abd/M3_length_minus_one/mutant.diff	561	8bb569556381d54a65ae5d03dd731c5100903707fd15cbeff78428f5acaaad83	Expanded family-freeze copy duplicates retained raw-run, registry, verdict or final-evidence content.
ZERO-V1_FREEZE_v1_af4c5abd/RUN1/M3_length_minus_one/mutant.library.goto	OMITTED_EXACT_MIRROR	OMITTED_EXPANDED_FREEZE_MIRROR	experiments/zeroize/V01-mutation-sensitivity/raw-run/M3_length_minus_one/mutant.library.goto	ZERO-V1_RUN1_af4c5abd/M3_length_minus_one/mutant.library.goto	7997	c00a5a7632ae6c7bfbad94a62247c9d5b9c3f237caf4afdc48557591d8acb5ff	Expanded family-freeze copy duplicates retained raw-run, registry, verdict or final-evidence content.
ZERO-V1_FREEZE_v1_af4c5abd/RUN1/M3_length_minus_one/mutant.raw.goto	OMITTED_EXACT_MIRROR	OMITTED_EXPANDED_FREEZE_MIRROR	experiments/zeroize/V01-mutation-sensitivity/raw-run/M3_length_minus_one/mutant.raw.goto	ZERO-V1_RUN1_af4c5abd/M3_length_minus_one/mutant.raw.goto	7335	f55ead86da43355fd88b5eeab4518ef686779682ff776a32c52ca41461462cd1	Expanded family-freeze copy duplicates retained raw-run, registry, verdict or final-evidence content.
ZERO-V1_FREEZE_v1_af4c5abd/RUN1/M3_length_minus_one/reference.c	OMITTED_EXACT_MIRROR	OMITTED_EXPANDED_FREEZE_MIRROR	experiments/zeroize/V01-mutation-sensitivity/raw-run/M3_length_minus_one/reference.c	ZERO-V1_RUN1_af4c5abd/M3_length_minus_one/reference.c	463	707b1b8ca2ac9936c5ea6373e0ec71befea691f8c2f71a19dec09ebb6c419af1	Expanded family-freeze copy duplicates retained raw-run, registry, verdict or final-evidence content.
ZERO-V1_FREEZE_v1_af4c5abd/RUN1/M3_length_minus_one/result.txt	OMITTED_EXACT_MIRROR	OMITTED_EXPANDED_FREEZE_MIRROR	experiments/zeroize/V01-mutation-sensitivity/raw-run/M3_length_minus_one/result.txt	ZERO-V1_RUN1_af4c5abd/M3_length_minus_one/result.txt	191	2be126773af1eebe75d319fb4932fbfeeed2f9928b573d095d27fe8abe35a626	Expanded family-freeze copy duplicates retained raw-run, registry, verdict or final-evidence content.
ZERO-V1_FREEZE_v1_af4c5abd/RUN1/M3_length_minus_one/source_sha256.txt	OMITTED_EXACT_MIRROR	OMITTED_EXPANDED_FREEZE_MIRROR	experiments/zeroize/V01-mutation-sensitivity/raw-run/M3_length_minus_one/source_sha256.txt	ZERO-V1_RUN1_af4c5abd/M3_length_minus_one/source_sha256.txt	498	4621bb2dd42346e4bfd793795fb8826df4f94cd2a867d98f13f80d35520d73c5	Expanded family-freeze copy duplicates retained raw-run, registry, verdict or final-evidence content.
ZERO-V1_FREEZE_v1_af4c5abd/RUN1/M4_pointer_plus_one/build_status.txt	OMITTED_EXACT_MIRROR	OMITTED_EXPANDED_FREEZE_MIRROR	experiments/zeroize/V01-mutation-sensitivity/raw-run/M1_remove_wipe/build_status.txt	ZERO-V1_RUN1_af4c5abd/M1_remove_wipe/build_status.txt	30	fedab85146b2657c8aceb300b2e4f5243bc6d47afc33bd839602d54c78b14055	Expanded family-freeze copy duplicates retained raw-run, registry, verdict or final-evidence content.
ZERO-V1_FREEZE_v1_af4c5abd/RUN1/M4_pointer_plus_one/cbmc_output.txt	OMITTED_EXACT_MIRROR	OMITTED_EXPANDED_FREEZE_MIRROR	experiments/zeroize/V01-mutation-sensitivity/raw-run/M4_pointer_plus_one/cbmc_output.txt	ZERO-V1_RUN1_af4c5abd/M4_pointer_plus_one/cbmc_output.txt	2988	8a74546e4b7ebb9344674e101cb6d8eadc04d44e36d805965822a0a3b34c49c7	Expanded family-freeze copy duplicates retained raw-run, registry, verdict or final-evidence content.
ZERO-V1_FREEZE_v1_af4c5abd/RUN1/M4_pointer_plus_one/cbmc_stderr.txt	OMITTED_EXACT_MIRROR	OMITTED_EXPANDED_FREEZE_MIRROR	experiments/zeroize/00-campaign-setup/body-binding-preflight/raw-evidence/fail_add_library_stderr.txt	ZERO-00B2_BODY_PREFLIGHT_af4c5abd/fail_add_library_stderr.txt	0	e3b0c44298fc1c149afbf4c8996fb92427ae41e4649b934ca495991b7852b855	Expanded family-freeze copy duplicates retained raw-run, registry, verdict or final-evidence content.
ZERO-V1_FREEZE_v1_af4c5abd/RUN1/M4_pointer_plus_one/compile_stderr.txt	OMITTED_EXACT_MIRROR	OMITTED_EXPANDED_FREEZE_MIRROR	experiments/zeroize/00-campaign-setup/body-binding-preflight/raw-evidence/fail_add_library_stderr.txt	ZERO-00B2_BODY_PREFLIGHT_af4c5abd/fail_add_library_stderr.txt	0	e3b0c44298fc1c149afbf4c8996fb92427ae41e4649b934ca495991b7852b855	Expanded family-freeze copy duplicates retained raw-run, registry, verdict or final-evidence content.
ZERO-V1_FREEZE_v1_af4c5abd/RUN1/M4_pointer_plus_one/compile_stdout.txt	OMITTED_EXACT_MIRROR	OMITTED_EXPANDED_FREEZE_MIRROR	experiments/zeroize/00-campaign-setup/body-binding-preflight/raw-evidence/fail_add_library_stderr.txt	ZERO-00B2_BODY_PREFLIGHT_af4c5abd/fail_add_library_stderr.txt	0	e3b0c44298fc1c149afbf4c8996fb92427ae41e4649b934ca495991b7852b855	Expanded family-freeze copy duplicates retained raw-run, registry, verdict or final-evidence content.
ZERO-V1_FREEZE_v1_af4c5abd/RUN1/M4_pointer_plus_one/goto_functions.txt	OMITTED_EXACT_MIRROR	OMITTED_EXPANDED_FREEZE_MIRROR	experiments/zeroize/V01-mutation-sensitivity/raw-run/M4_pointer_plus_one/goto_functions.txt	ZERO-V1_RUN1_af4c5abd/M4_pointer_plus_one/goto_functions.txt	4238	3cfa0d4be4ee6d9a3f9be41a1d2d97fca89adaba85cf4d4eab9f627dd29c3f15	Expanded family-freeze copy duplicates retained raw-run, registry, verdict or final-evidence content.
ZERO-V1_FREEZE_v1_af4c5abd/RUN1/M4_pointer_plus_one/library_stderr.txt	OMITTED_EXACT_MIRROR	OMITTED_EXPANDED_FREEZE_MIRROR	experiments/zeroize/00-campaign-setup/body-binding-preflight/raw-evidence/fail_add_library_stderr.txt	ZERO-00B2_BODY_PREFLIGHT_af4c5abd/fail_add_library_stderr.txt	0	e3b0c44298fc1c149afbf4c8996fb92427ae41e4649b934ca495991b7852b855	Expanded family-freeze copy duplicates retained raw-run, registry, verdict or final-evidence content.
ZERO-V1_FREEZE_v1_af4c5abd/RUN1/M4_pointer_plus_one/library_stdout.txt	OMITTED_EXACT_MIRROR	OMITTED_EXPANDED_FREEZE_MIRROR	experiments/zeroize/V01-mutation-sensitivity/raw-run/M4_pointer_plus_one/library_stdout.txt	ZERO-V1_RUN1_af4c5abd/M4_pointer_plus_one/library_stdout.txt	300	8ef205a23325b5ec796a4910db8012e53c07e0d06cea62ff06af8383ea5d2478	Expanded family-freeze copy duplicates retained raw-run, registry, verdict or final-evidence content.
ZERO-V1_FREEZE_v1_af4c5abd/RUN1/M4_pointer_plus_one/mutant.c	OMITTED_EXACT_MIRROR	OMITTED_EXPANDED_FREEZE_MIRROR	experiments/zeroize/V01-mutation-sensitivity/raw-run/M4_pointer_plus_one/mutant.c	ZERO-V1_RUN1_af4c5abd/M4_pointer_plus_one/mutant.c	532	60b5df2e7f2b23af9928f70269f610b418354d00066aa0a1c5b63d7bee41c4f6	Expanded family-freeze copy duplicates retained raw-run, registry, verdict or final-evidence content.
ZERO-V1_FREEZE_v1_af4c5abd/RUN1/M4_pointer_plus_one/mutant.diff	OMITTED_EXACT_MIRROR	OMITTED_EXPANDED_FREEZE_MIRROR	experiments/zeroize/V01-mutation-sensitivity/raw-run/M4_pointer_plus_one/mutant.diff	ZERO-V1_RUN1_af4c5abd/M4_pointer_plus_one/mutant.diff	509	4a05234251f775475a2454f03ff672265885c82d2e7ce7a9a43fbf961ca1f9fe	Expanded family-freeze copy duplicates retained raw-run, registry, verdict or final-evidence content.
ZERO-V1_FREEZE_v1_af4c5abd/RUN1/M4_pointer_plus_one/mutant.library.goto	OMITTED_EXACT_MIRROR	OMITTED_EXPANDED_FREEZE_MIRROR	experiments/zeroize/V01-mutation-sensitivity/raw-run/M4_pointer_plus_one/mutant.library.goto	ZERO-V1_RUN1_af4c5abd/M4_pointer_plus_one/mutant.library.goto	7806	1379962b67f2dd47d8d2d00e8bb6e1a254654311a81fa3972348ab56ebc16da4	Expanded family-freeze copy duplicates retained raw-run, registry, verdict or final-evidence content.
ZERO-V1_FREEZE_v1_af4c5abd/RUN1/M4_pointer_plus_one/mutant.raw.goto	OMITTED_EXACT_MIRROR	OMITTED_EXPANDED_FREEZE_MIRROR	experiments/zeroize/V01-mutation-sensitivity/raw-run/M4_pointer_plus_one/mutant.raw.goto	ZERO-V1_RUN1_af4c5abd/M4_pointer_plus_one/mutant.raw.goto	7153	ba18434865a3f4d45f05aab2d16aac3688d26d8f71a03a87d9ed5332e9a31325	Expanded family-freeze copy duplicates retained raw-run, registry, verdict or final-evidence content.
ZERO-V1_FREEZE_v1_af4c5abd/RUN1/M4_pointer_plus_one/reference.c	OMITTED_EXACT_MIRROR	OMITTED_EXPANDED_FREEZE_MIRROR	experiments/zeroize/V01-mutation-sensitivity/raw-run/M4_pointer_plus_one/reference.c	ZERO-V1_RUN1_af4c5abd/M4_pointer_plus_one/reference.c	463	d082e5162c0fee13c10e756370a62ed24803158588da68976675bae2477f473d	Expanded family-freeze copy duplicates retained raw-run, registry, verdict or final-evidence content.
ZERO-V1_FREEZE_v1_af4c5abd/RUN1/M4_pointer_plus_one/result.txt	OMITTED_EXACT_MIRROR	OMITTED_EXPANDED_FREEZE_MIRROR	experiments/zeroize/V01-mutation-sensitivity/raw-run/M4_pointer_plus_one/result.txt	ZERO-V1_RUN1_af4c5abd/M4_pointer_plus_one/result.txt	191	46bbf6c043459e136a611749ae0e10de780effc43244aa774d3d008cc2293915	Expanded family-freeze copy duplicates retained raw-run, registry, verdict or final-evidence content.
ZERO-V1_FREEZE_v1_af4c5abd/RUN1/M4_pointer_plus_one/source_sha256.txt	OMITTED_EXACT_MIRROR	OMITTED_EXPANDED_FREEZE_MIRROR	experiments/zeroize/V01-mutation-sensitivity/raw-run/M4_pointer_plus_one/source_sha256.txt	ZERO-V1_RUN1_af4c5abd/M4_pointer_plus_one/source_sha256.txt	498	7266c920f6c9693562cce043a2ff7a96b8316dc16ec0e1a0aa8cc79cfd668f72	Expanded family-freeze copy duplicates retained raw-run, registry, verdict or final-evidence content.
ZERO-V1_FREEZE_v1_af4c5abd/RUN1/M5_length_plus_one/build_status.txt	OMITTED_EXACT_MIRROR	OMITTED_EXPANDED_FREEZE_MIRROR	experiments/zeroize/V01-mutation-sensitivity/raw-run/M1_remove_wipe/build_status.txt	ZERO-V1_RUN1_af4c5abd/M1_remove_wipe/build_status.txt	30	fedab85146b2657c8aceb300b2e4f5243bc6d47afc33bd839602d54c78b14055	Expanded family-freeze copy duplicates retained raw-run, registry, verdict or final-evidence content.
ZERO-V1_FREEZE_v1_af4c5abd/RUN1/M5_length_plus_one/cbmc_output.txt	OMITTED_EXACT_MIRROR	OMITTED_EXPANDED_FREEZE_MIRROR	experiments/zeroize/V01-mutation-sensitivity/raw-run/M5_length_plus_one/cbmc_output.txt	ZERO-V1_RUN1_af4c5abd/M5_length_plus_one/cbmc_output.txt	2979	08cddb15d879c4f8d14048485e619736f11b8f838f4591091ea5fbe44426113e	Expanded family-freeze copy duplicates retained raw-run, registry, verdict or final-evidence content.
ZERO-V1_FREEZE_v1_af4c5abd/RUN1/M5_length_plus_one/cbmc_stderr.txt	OMITTED_EXACT_MIRROR	OMITTED_EXPANDED_FREEZE_MIRROR	experiments/zeroize/00-campaign-setup/body-binding-preflight/raw-evidence/fail_add_library_stderr.txt	ZERO-00B2_BODY_PREFLIGHT_af4c5abd/fail_add_library_stderr.txt	0	e3b0c44298fc1c149afbf4c8996fb92427ae41e4649b934ca495991b7852b855	Expanded family-freeze copy duplicates retained raw-run, registry, verdict or final-evidence content.
ZERO-V1_FREEZE_v1_af4c5abd/RUN1/M5_length_plus_one/compile_stderr.txt	OMITTED_EXACT_MIRROR	OMITTED_EXPANDED_FREEZE_MIRROR	experiments/zeroize/00-campaign-setup/body-binding-preflight/raw-evidence/fail_add_library_stderr.txt	ZERO-00B2_BODY_PREFLIGHT_af4c5abd/fail_add_library_stderr.txt	0	e3b0c44298fc1c149afbf4c8996fb92427ae41e4649b934ca495991b7852b855	Expanded family-freeze copy duplicates retained raw-run, registry, verdict or final-evidence content.
ZERO-V1_FREEZE_v1_af4c5abd/RUN1/M5_length_plus_one/compile_stdout.txt	OMITTED_EXACT_MIRROR	OMITTED_EXPANDED_FREEZE_MIRROR	experiments/zeroize/00-campaign-setup/body-binding-preflight/raw-evidence/fail_add_library_stderr.txt	ZERO-00B2_BODY_PREFLIGHT_af4c5abd/fail_add_library_stderr.txt	0	e3b0c44298fc1c149afbf4c8996fb92427ae41e4649b934ca495991b7852b855	Expanded family-freeze copy duplicates retained raw-run, registry, verdict or final-evidence content.
ZERO-V1_FREEZE_v1_af4c5abd/RUN1/M5_length_plus_one/goto_functions.txt	OMITTED_EXACT_MIRROR	OMITTED_EXPANDED_FREEZE_MIRROR	experiments/zeroize/V01-mutation-sensitivity/raw-run/M5_length_plus_one/goto_functions.txt	ZERO-V1_RUN1_af4c5abd/M5_length_plus_one/goto_functions.txt	4825	3aa3e431c0b20f72e83b495c9c5494ca3d7375208240eb70cd5cae51fc036657	Expanded family-freeze copy duplicates retained raw-run, registry, verdict or final-evidence content.
ZERO-V1_FREEZE_v1_af4c5abd/RUN1/M5_length_plus_one/library_stderr.txt	OMITTED_EXACT_MIRROR	OMITTED_EXPANDED_FREEZE_MIRROR	experiments/zeroize/00-campaign-setup/body-binding-preflight/raw-evidence/fail_add_library_stderr.txt	ZERO-00B2_BODY_PREFLIGHT_af4c5abd/fail_add_library_stderr.txt	0	e3b0c44298fc1c149afbf4c8996fb92427ae41e4649b934ca495991b7852b855	Expanded family-freeze copy duplicates retained raw-run, registry, verdict or final-evidence content.
ZERO-V1_FREEZE_v1_af4c5abd/RUN1/M5_length_plus_one/library_stdout.txt	OMITTED_EXACT_MIRROR	OMITTED_EXPANDED_FREEZE_MIRROR	experiments/zeroize/V01-mutation-sensitivity/raw-run/M5_length_plus_one/library_stdout.txt	ZERO-V1_RUN1_af4c5abd/M5_length_plus_one/library_stdout.txt	298	71c1b6ba3fe59e43e63f416b5ada9f28e89225f3867e24cadf74c002090e6c88	Expanded family-freeze copy duplicates retained raw-run, registry, verdict or final-evidence content.
ZERO-V1_FREEZE_v1_af4c5abd/RUN1/M5_length_plus_one/mutant.c	OMITTED_EXACT_MIRROR	OMITTED_EXPANDED_FREEZE_MIRROR	experiments/zeroize/V01-mutation-sensitivity/raw-run/M5_length_plus_one/mutant.c	ZERO-V1_RUN1_af4c5abd/M5_length_plus_one/mutant.c	751	2dba4aad60f78c314f5e56c19a988b861e16d824063be07a03bdefbb4471785a	Expanded family-freeze copy duplicates retained raw-run, registry, verdict or final-evidence content.
ZERO-V1_FREEZE_v1_af4c5abd/RUN1/M5_length_plus_one/mutant.diff	OMITTED_EXACT_MIRROR	OMITTED_EXPANDED_FREEZE_MIRROR	experiments/zeroize/V01-mutation-sensitivity/raw-run/M5_length_plus_one/mutant.diff	ZERO-V1_RUN1_af4c5abd/M5_length_plus_one/mutant.diff	681	384e80f9eb75f53bee629654b319227769a41be12706c7bcb02e4ba926c45253	Expanded family-freeze copy duplicates retained raw-run, registry, verdict or final-evidence content.
ZERO-V1_FREEZE_v1_af4c5abd/RUN1/M5_length_plus_one/mutant.library.goto	OMITTED_EXACT_MIRROR	OMITTED_EXPANDED_FREEZE_MIRROR	experiments/zeroize/V01-mutation-sensitivity/raw-run/M5_length_plus_one/mutant.library.goto	ZERO-V1_RUN1_af4c5abd/M5_length_plus_one/mutant.library.goto	8120	dd40a1e28ff0d649f321ff85a5221a0f8d9446a01539e04bb65a02007a03fa81	Expanded family-freeze copy duplicates retained raw-run, registry, verdict or final-evidence content.
ZERO-V1_FREEZE_v1_af4c5abd/RUN1/M5_length_plus_one/mutant.raw.goto	OMITTED_EXACT_MIRROR	OMITTED_EXPANDED_FREEZE_MIRROR	experiments/zeroize/V01-mutation-sensitivity/raw-run/M5_length_plus_one/mutant.raw.goto	ZERO-V1_RUN1_af4c5abd/M5_length_plus_one/mutant.raw.goto	7437	fbcdd039a809d8ab9495968fe39d32e922f63be2f8690d9ae07642a46e228676	Expanded family-freeze copy duplicates retained raw-run, registry, verdict or final-evidence content.
ZERO-V1_FREEZE_v1_af4c5abd/RUN1/M5_length_plus_one/reference.c	OMITTED_EXACT_MIRROR	OMITTED_EXPANDED_FREEZE_MIRROR	experiments/zeroize/V01-mutation-sensitivity/raw-run/M5_length_plus_one/reference.c	ZERO-V1_RUN1_af4c5abd/M5_length_plus_one/reference.c	511	9cbb80d5b5f129dfbc618b34eeab7047cd8238a66822375e2752f1c7b8ed594b	Expanded family-freeze copy duplicates retained raw-run, registry, verdict or final-evidence content.
ZERO-V1_FREEZE_v1_af4c5abd/RUN1/M5_length_plus_one/result.txt	OMITTED_EXACT_MIRROR	OMITTED_EXPANDED_FREEZE_MIRROR	experiments/zeroize/V01-mutation-sensitivity/raw-run/M5_length_plus_one/result.txt	ZERO-V1_RUN1_af4c5abd/M5_length_plus_one/result.txt	190	80156e03ed8f41a58f9f115afc72888c3fe7aadf256a1fcdc7eef6c63e01f0e3	Expanded family-freeze copy duplicates retained raw-run, registry, verdict or final-evidence content.
ZERO-V1_FREEZE_v1_af4c5abd/RUN1/M5_length_plus_one/source_sha256.txt	OMITTED_EXACT_MIRROR	OMITTED_EXPANDED_FREEZE_MIRROR	experiments/zeroize/V01-mutation-sensitivity/raw-run/M5_length_plus_one/source_sha256.txt	ZERO-V1_RUN1_af4c5abd/M5_length_plus_one/source_sha256.txt	495	575c89677b79d00f880f4cd3d079446953c6a6a58d729cff8a8ec85a7a5e2f4e	Expanded family-freeze copy duplicates retained raw-run, registry, verdict or final-evidence content.
ZERO-V1_FREEZE_v1_af4c5abd/RUN1/M6_free_before_wipe/build_status.txt	OMITTED_EXACT_MIRROR	OMITTED_EXPANDED_FREEZE_MIRROR	experiments/zeroize/V01-mutation-sensitivity/raw-run/M1_remove_wipe/build_status.txt	ZERO-V1_RUN1_af4c5abd/M1_remove_wipe/build_status.txt	30	fedab85146b2657c8aceb300b2e4f5243bc6d47afc33bd839602d54c78b14055	Expanded family-freeze copy duplicates retained raw-run, registry, verdict or final-evidence content.
ZERO-V1_FREEZE_v1_af4c5abd/RUN1/M6_free_before_wipe/cbmc_output.txt	OMITTED_EXACT_MIRROR	OMITTED_EXPANDED_FREEZE_MIRROR	experiments/zeroize/V01-mutation-sensitivity/raw-run/M6_free_before_wipe/cbmc_output.txt	ZERO-V1_RUN1_af4c5abd/M6_free_before_wipe/cbmc_output.txt	7028	ef1a54e6bdb936734a02f633c9fd4e9ff3be87fbd65e63e6a816a58c39a2c182	Expanded family-freeze copy duplicates retained raw-run, registry, verdict or final-evidence content.
ZERO-V1_FREEZE_v1_af4c5abd/RUN1/M6_free_before_wipe/cbmc_stderr.txt	OMITTED_EXACT_MIRROR	OMITTED_EXPANDED_FREEZE_MIRROR	experiments/zeroize/00-campaign-setup/body-binding-preflight/raw-evidence/fail_add_library_stderr.txt	ZERO-00B2_BODY_PREFLIGHT_af4c5abd/fail_add_library_stderr.txt	0	e3b0c44298fc1c149afbf4c8996fb92427ae41e4649b934ca495991b7852b855	Expanded family-freeze copy duplicates retained raw-run, registry, verdict or final-evidence content.
ZERO-V1_FREEZE_v1_af4c5abd/RUN1/M6_free_before_wipe/compile_stderr.txt	OMITTED_EXACT_MIRROR	OMITTED_EXPANDED_FREEZE_MIRROR	experiments/zeroize/00-campaign-setup/body-binding-preflight/raw-evidence/fail_add_library_stderr.txt	ZERO-00B2_BODY_PREFLIGHT_af4c5abd/fail_add_library_stderr.txt	0	e3b0c44298fc1c149afbf4c8996fb92427ae41e4649b934ca495991b7852b855	Expanded family-freeze copy duplicates retained raw-run, registry, verdict or final-evidence content.
ZERO-V1_FREEZE_v1_af4c5abd/RUN1/M6_free_before_wipe/compile_stdout.txt	OMITTED_EXACT_MIRROR	OMITTED_EXPANDED_FREEZE_MIRROR	experiments/zeroize/00-campaign-setup/body-binding-preflight/raw-evidence/fail_add_library_stderr.txt	ZERO-00B2_BODY_PREFLIGHT_af4c5abd/fail_add_library_stderr.txt	0	e3b0c44298fc1c149afbf4c8996fb92427ae41e4649b934ca495991b7852b855	Expanded family-freeze copy duplicates retained raw-run, registry, verdict or final-evidence content.
ZERO-V1_FREEZE_v1_af4c5abd/RUN1/M6_free_before_wipe/goto_functions.txt	OMITTED_EXACT_MIRROR	OMITTED_EXPANDED_FREEZE_MIRROR	experiments/zeroize/V01-mutation-sensitivity/raw-run/M6_free_before_wipe/goto_functions.txt	ZERO-V1_RUN1_af4c5abd/M6_free_before_wipe/goto_functions.txt	9671	05f2a23dbb8cf8020f2a0626a126dd49fa458f2fd7955b4b69d378ebb977cdb6	Expanded family-freeze copy duplicates retained raw-run, registry, verdict or final-evidence content.
ZERO-V1_FREEZE_v1_af4c5abd/RUN1/M6_free_before_wipe/library_stderr.txt	OMITTED_EXACT_MIRROR	OMITTED_EXPANDED_FREEZE_MIRROR	experiments/zeroize/00-campaign-setup/body-binding-preflight/raw-evidence/fail_add_library_stderr.txt	ZERO-00B2_BODY_PREFLIGHT_af4c5abd/fail_add_library_stderr.txt	0	e3b0c44298fc1c149afbf4c8996fb92427ae41e4649b934ca495991b7852b855	Expanded family-freeze copy duplicates retained raw-run, registry, verdict or final-evidence content.
ZERO-V1_FREEZE_v1_af4c5abd/RUN1/M6_free_before_wipe/library_stdout.txt	OMITTED_EXACT_MIRROR	OMITTED_EXPANDED_FREEZE_MIRROR	experiments/zeroize/V01-mutation-sensitivity/raw-run/M6_free_before_wipe/library_stdout.txt	ZERO-V1_RUN1_af4c5abd/M6_free_before_wipe/library_stdout.txt	300	f8d180ed6d7d3fe75a205fef14281ab2ece6f2d914b01eabf89ec1b0a5532b6e	Expanded family-freeze copy duplicates retained raw-run, registry, verdict or final-evidence content.
ZERO-V1_FREEZE_v1_af4c5abd/RUN1/M6_free_before_wipe/mutant.c	OMITTED_EXACT_MIRROR	OMITTED_EXPANDED_FREEZE_MIRROR	experiments/zeroize/V01-mutation-sensitivity/raw-run/M6_free_before_wipe/mutant.c	ZERO-V1_RUN1_af4c5abd/M6_free_before_wipe/mutant.c	1104	aca6d5049284280478737d00315318a9ef51b08f3a279c46833a394950ae82cc	Expanded family-freeze copy duplicates retained raw-run, registry, verdict or final-evidence content.
ZERO-V1_FREEZE_v1_af4c5abd/RUN1/M6_free_before_wipe/mutant.diff	OMITTED_EXACT_MIRROR	OMITTED_EXPANDED_FREEZE_MIRROR	experiments/zeroize/V01-mutation-sensitivity/raw-run/M6_free_before_wipe/mutant.diff	ZERO-V1_RUN1_af4c5abd/M6_free_before_wipe/mutant.diff	553	47f1113bab89a18f1f079f9628a5e76d753b853b911a40f2f5489801cc975b90	Expanded family-freeze copy duplicates retained raw-run, registry, verdict or final-evidence content.
ZERO-V1_FREEZE_v1_af4c5abd/RUN1/M6_free_before_wipe/mutant.library.goto	OMITTED_EXACT_MIRROR	OMITTED_EXPANDED_FREEZE_MIRROR	experiments/zeroize/V01-mutation-sensitivity/raw-run/M6_free_before_wipe/mutant.library.goto	ZERO-V1_RUN1_af4c5abd/M6_free_before_wipe/mutant.library.goto	10711	20621ff1076fe727b4a48a257cefb3a2b12c98e0b5f60749030e738771b9d919	Expanded family-freeze copy duplicates retained raw-run, registry, verdict or final-evidence content.
ZERO-V1_FREEZE_v1_af4c5abd/RUN1/M6_free_before_wipe/mutant.raw.goto	OMITTED_EXACT_MIRROR	OMITTED_EXPANDED_FREEZE_MIRROR	experiments/zeroize/V01-mutation-sensitivity/raw-run/M6_free_before_wipe/mutant.raw.goto	ZERO-V1_RUN1_af4c5abd/M6_free_before_wipe/mutant.raw.goto	9713	431d30561b24b3ec69d4d242725892bf897c90d92999959759b50a31c7b1111c	Expanded family-freeze copy duplicates retained raw-run, registry, verdict or final-evidence content.
ZERO-V1_FREEZE_v1_af4c5abd/RUN1/M6_free_before_wipe/reference.c	OMITTED_EXACT_MIRROR	OMITTED_EXPANDED_FREEZE_MIRROR	experiments/zeroize/V01-mutation-sensitivity/raw-run/M6_free_before_wipe/reference.c	ZERO-V1_RUN1_af4c5abd/M6_free_before_wipe/reference.c	1014	5ed4f36200ece870c11bbe5e03b5fd7b66e9e125a4f0ddffc852633503e4a428	Expanded family-freeze copy duplicates retained raw-run, registry, verdict or final-evidence content.
ZERO-V1_FREEZE_v1_af4c5abd/RUN1/M6_free_before_wipe/result.txt	OMITTED_EXACT_MIRROR	OMITTED_EXPANDED_FREEZE_MIRROR	experiments/zeroize/V01-mutation-sensitivity/raw-run/M6_free_before_wipe/result.txt	ZERO-V1_RUN1_af4c5abd/M6_free_before_wipe/result.txt	191	bc65cd00e50d72cc0c15433518b3d25f74b706ab39b85c1bff6b168a61a2281f	Expanded family-freeze copy duplicates retained raw-run, registry, verdict or final-evidence content.
ZERO-V1_FREEZE_v1_af4c5abd/RUN1/M6_free_before_wipe/source_sha256.txt	OMITTED_EXACT_MIRROR	OMITTED_EXPANDED_FREEZE_MIRROR	experiments/zeroize/V01-mutation-sensitivity/raw-run/M6_free_before_wipe/source_sha256.txt	ZERO-V1_RUN1_af4c5abd/M6_free_before_wipe/source_sha256.txt	498	86b44b06beb7f8bf7e1231fd8f3b450bf49e42f6b26303e7fd65ad37f244bce6	Expanded family-freeze copy duplicates retained raw-run, registry, verdict or final-evidence content.
ZERO-V1_FREEZE_v1_af4c5abd/RUN1/M7_double_free/build_status.txt	OMITTED_EXACT_MIRROR	OMITTED_EXPANDED_FREEZE_MIRROR	experiments/zeroize/V01-mutation-sensitivity/raw-run/M1_remove_wipe/build_status.txt	ZERO-V1_RUN1_af4c5abd/M1_remove_wipe/build_status.txt	30	fedab85146b2657c8aceb300b2e4f5243bc6d47afc33bd839602d54c78b14055	Expanded family-freeze copy duplicates retained raw-run, registry, verdict or final-evidence content.
ZERO-V1_FREEZE_v1_af4c5abd/RUN1/M7_double_free/cbmc_output.txt	OMITTED_EXACT_MIRROR	OMITTED_EXPANDED_FREEZE_MIRROR	experiments/zeroize/V01-mutation-sensitivity/raw-run/M7_double_free/cbmc_output.txt	ZERO-V1_RUN1_af4c5abd/M7_double_free/cbmc_output.txt	5910	69a617c5d5257ad0a6f4b0eb8db122b11a950f6e6c68b905e54e158a97e0d3ee	Expanded family-freeze copy duplicates retained raw-run, registry, verdict or final-evidence content.
ZERO-V1_FREEZE_v1_af4c5abd/RUN1/M7_double_free/cbmc_stderr.txt	OMITTED_EXACT_MIRROR	OMITTED_EXPANDED_FREEZE_MIRROR	experiments/zeroize/00-campaign-setup/body-binding-preflight/raw-evidence/fail_add_library_stderr.txt	ZERO-00B2_BODY_PREFLIGHT_af4c5abd/fail_add_library_stderr.txt	0	e3b0c44298fc1c149afbf4c8996fb92427ae41e4649b934ca495991b7852b855	Expanded family-freeze copy duplicates retained raw-run, registry, verdict or final-evidence content.
ZERO-V1_FREEZE_v1_af4c5abd/RUN1/M7_double_free/compile_stderr.txt	OMITTED_EXACT_MIRROR	OMITTED_EXPANDED_FREEZE_MIRROR	experiments/zeroize/00-campaign-setup/body-binding-preflight/raw-evidence/fail_add_library_stderr.txt	ZERO-00B2_BODY_PREFLIGHT_af4c5abd/fail_add_library_stderr.txt	0	e3b0c44298fc1c149afbf4c8996fb92427ae41e4649b934ca495991b7852b855	Expanded family-freeze copy duplicates retained raw-run, registry, verdict or final-evidence content.
ZERO-V1_FREEZE_v1_af4c5abd/RUN1/M7_double_free/compile_stdout.txt	OMITTED_EXACT_MIRROR	OMITTED_EXPANDED_FREEZE_MIRROR	experiments/zeroize/00-campaign-setup/body-binding-preflight/raw-evidence/fail_add_library_stderr.txt	ZERO-00B2_BODY_PREFLIGHT_af4c5abd/fail_add_library_stderr.txt	0	e3b0c44298fc1c149afbf4c8996fb92427ae41e4649b934ca495991b7852b855	Expanded family-freeze copy duplicates retained raw-run, registry, verdict or final-evidence content.
ZERO-V1_FREEZE_v1_af4c5abd/RUN1/M7_double_free/goto_functions.txt	OMITTED_EXACT_MIRROR	OMITTED_EXPANDED_FREEZE_MIRROR	experiments/zeroize/V01-mutation-sensitivity/raw-run/M7_double_free/goto_functions.txt	ZERO-V1_RUN1_af4c5abd/M7_double_free/goto_functions.txt	7301	df2c0ee7f3585d0a5285ab8a3561eeb82845c6746c1ef17b8f5435e1e41dee08	Expanded family-freeze copy duplicates retained raw-run, registry, verdict or final-evidence content.
ZERO-V1_FREEZE_v1_af4c5abd/RUN1/M7_double_free/library_stderr.txt	OMITTED_EXACT_MIRROR	OMITTED_EXPANDED_FREEZE_MIRROR	experiments/zeroize/00-campaign-setup/body-binding-preflight/raw-evidence/fail_add_library_stderr.txt	ZERO-00B2_BODY_PREFLIGHT_af4c5abd/fail_add_library_stderr.txt	0	e3b0c44298fc1c149afbf4c8996fb92427ae41e4649b934ca495991b7852b855	Expanded family-freeze copy duplicates retained raw-run, registry, verdict or final-evidence content.
ZERO-V1_FREEZE_v1_af4c5abd/RUN1/M7_double_free/library_stdout.txt	OMITTED_EXACT_MIRROR	OMITTED_EXPANDED_FREEZE_MIRROR	experiments/zeroize/V01-mutation-sensitivity/raw-run/M7_double_free/library_stdout.txt	ZERO-V1_RUN1_af4c5abd/M7_double_free/library_stdout.txt	290	5d698c515f669817ea325bae7babf0af619d31c79096b6331d8049cdebbb83dd	Expanded family-freeze copy duplicates retained raw-run, registry, verdict or final-evidence content.
ZERO-V1_FREEZE_v1_af4c5abd/RUN1/M7_double_free/mutant.c	OMITTED_EXACT_MIRROR	OMITTED_EXPANDED_FREEZE_MIRROR	experiments/zeroize/V01-mutation-sensitivity/raw-run/M7_double_free/mutant.c	ZERO-V1_RUN1_af4c5abd/M7_double_free/mutant.c	952	924982ea339dc296d3b1d9c2312f44831b5b5b53c58980b04e8990628426bc96	Expanded family-freeze copy duplicates retained raw-run, registry, verdict or final-evidence content.
ZERO-V1_FREEZE_v1_af4c5abd/RUN1/M7_double_free/mutant.diff	OMITTED_EXACT_MIRROR	OMITTED_EXPANDED_FREEZE_MIRROR	experiments/zeroize/V01-mutation-sensitivity/raw-run/M7_double_free/mutant.diff	ZERO-V1_RUN1_af4c5abd/M7_double_free/mutant.diff	532	e06178ee8be98f61e62fc995eac83167d07360b8da3413b69437cb13ae46a2d2	Expanded family-freeze copy duplicates retained raw-run, registry, verdict or final-evidence content.
ZERO-V1_FREEZE_v1_af4c5abd/RUN1/M7_double_free/mutant.library.goto	OMITTED_EXACT_MIRROR	OMITTED_EXPANDED_FREEZE_MIRROR	experiments/zeroize/V01-mutation-sensitivity/raw-run/M7_double_free/mutant.library.goto	ZERO-V1_RUN1_af4c5abd/M7_double_free/mutant.library.goto	10011	2fa8e4c50829d43676031faec8a57ed19891525869b483821aa9e57e689d6bc3	Expanded family-freeze copy duplicates retained raw-run, registry, verdict or final-evidence content.
ZERO-V1_FREEZE_v1_af4c5abd/RUN1/M7_double_free/mutant.raw.goto	OMITTED_EXACT_MIRROR	OMITTED_EXPANDED_FREEZE_MIRROR	experiments/zeroize/V01-mutation-sensitivity/raw-run/M7_double_free/mutant.raw.goto	ZERO-V1_RUN1_af4c5abd/M7_double_free/mutant.raw.goto	9064	f1ba4b39ebac0bd4b074ac6976dec5683f2175a54036edd7c256ae2410bfd688	Expanded family-freeze copy duplicates retained raw-run, registry, verdict or final-evidence content.
ZERO-V1_FREEZE_v1_af4c5abd/RUN1/M7_double_free/reference.c	OMITTED_EXACT_MIRROR	OMITTED_EXPANDED_FREEZE_MIRROR	experiments/zeroize/V01-mutation-sensitivity/raw-run/M7_double_free/reference.c	ZERO-V1_RUN1_af4c5abd/M7_double_free/reference.c	840	c55c1ee43969d68d35d34f65f4e34eda4a2c30802f477edeacf9a3e272ab8999	Expanded family-freeze copy duplicates retained raw-run, registry, verdict or final-evidence content.
ZERO-V1_FREEZE_v1_af4c5abd/RUN1/M7_double_free/result.txt	OMITTED_EXACT_MIRROR	OMITTED_EXPANDED_FREEZE_MIRROR	experiments/zeroize/V01-mutation-sensitivity/raw-run/M7_double_free/result.txt	ZERO-V1_RUN1_af4c5abd/M7_double_free/result.txt	186	fc3a879cbf112a4e2e50889bd9453a976aece18c7e5ab3ceb352a0619ca53c82	Expanded family-freeze copy duplicates retained raw-run, registry, verdict or final-evidence content.
ZERO-V1_FREEZE_v1_af4c5abd/RUN1/M7_double_free/source_sha256.txt	OMITTED_EXACT_MIRROR	OMITTED_EXPANDED_FREEZE_MIRROR	experiments/zeroize/V01-mutation-sensitivity/raw-run/M7_double_free/source_sha256.txt	ZERO-V1_RUN1_af4c5abd/M7_double_free/source_sha256.txt	483	f5dae99c7daf989a012052074eede217e56b7fff6bd0a6280529540f733e23e1	Expanded family-freeze copy duplicates retained raw-run, registry, verdict or final-evidence content.
ZERO-V1_FREEZE_v1_af4c5abd/RUN1/M8_omit_second_partition/build_status.txt	OMITTED_EXACT_MIRROR	OMITTED_EXPANDED_FREEZE_MIRROR	experiments/zeroize/V01-mutation-sensitivity/raw-run/M1_remove_wipe/build_status.txt	ZERO-V1_RUN1_af4c5abd/M1_remove_wipe/build_status.txt	30	fedab85146b2657c8aceb300b2e4f5243bc6d47afc33bd839602d54c78b14055	Expanded family-freeze copy duplicates retained raw-run, registry, verdict or final-evidence content.
ZERO-V1_FREEZE_v1_af4c5abd/RUN1/M8_omit_second_partition/cbmc_output.txt	OMITTED_EXACT_MIRROR	OMITTED_EXPANDED_FREEZE_MIRROR	experiments/zeroize/V01-mutation-sensitivity/raw-run/M8_omit_second_partition/cbmc_output.txt	ZERO-V1_RUN1_af4c5abd/M8_omit_second_partition/cbmc_output.txt	4063	4465b026f833c810866ba9dd9d1758c8b34584d636a2ef738cd85bc4ee149066	Expanded family-freeze copy duplicates retained raw-run, registry, verdict or final-evidence content.
ZERO-V1_FREEZE_v1_af4c5abd/RUN1/M8_omit_second_partition/cbmc_stderr.txt	OMITTED_EXACT_MIRROR	OMITTED_EXPANDED_FREEZE_MIRROR	experiments/zeroize/00-campaign-setup/body-binding-preflight/raw-evidence/fail_add_library_stderr.txt	ZERO-00B2_BODY_PREFLIGHT_af4c5abd/fail_add_library_stderr.txt	0	e3b0c44298fc1c149afbf4c8996fb92427ae41e4649b934ca495991b7852b855	Expanded family-freeze copy duplicates retained raw-run, registry, verdict or final-evidence content.
ZERO-V1_FREEZE_v1_af4c5abd/RUN1/M8_omit_second_partition/compile_stderr.txt	OMITTED_EXACT_MIRROR	OMITTED_EXPANDED_FREEZE_MIRROR	experiments/zeroize/00-campaign-setup/body-binding-preflight/raw-evidence/fail_add_library_stderr.txt	ZERO-00B2_BODY_PREFLIGHT_af4c5abd/fail_add_library_stderr.txt	0	e3b0c44298fc1c149afbf4c8996fb92427ae41e4649b934ca495991b7852b855	Expanded family-freeze copy duplicates retained raw-run, registry, verdict or final-evidence content.
ZERO-V1_FREEZE_v1_af4c5abd/RUN1/M8_omit_second_partition/compile_stdout.txt	OMITTED_EXACT_MIRROR	OMITTED_EXPANDED_FREEZE_MIRROR	experiments/zeroize/00-campaign-setup/body-binding-preflight/raw-evidence/fail_add_library_stderr.txt	ZERO-00B2_BODY_PREFLIGHT_af4c5abd/fail_add_library_stderr.txt	0	e3b0c44298fc1c149afbf4c8996fb92427ae41e4649b934ca495991b7852b855	Expanded family-freeze copy duplicates retained raw-run, registry, verdict or final-evidence content.
ZERO-V1_FREEZE_v1_af4c5abd/RUN1/M8_omit_second_partition/goto_functions.txt	OMITTED_EXACT_MIRROR	OMITTED_EXPANDED_FREEZE_MIRROR	experiments/zeroize/V01-mutation-sensitivity/raw-run/M8_omit_second_partition/goto_functions.txt	ZERO-V1_RUN1_af4c5abd/M8_omit_second_partition/goto_functions.txt	6172	f0c674fd6b7b1a7bcdfa4f0f66ed3db6ced56cddf5b281a6990beefca77fc4cd	Expanded family-freeze copy duplicates retained raw-run, registry, verdict or final-evidence content.
ZERO-V1_FREEZE_v1_af4c5abd/RUN1/M8_omit_second_partition/library_stderr.txt	OMITTED_EXACT_MIRROR	OMITTED_EXPANDED_FREEZE_MIRROR	experiments/zeroize/00-campaign-setup/body-binding-preflight/raw-evidence/fail_add_library_stderr.txt	ZERO-00B2_BODY_PREFLIGHT_af4c5abd/fail_add_library_stderr.txt	0	e3b0c44298fc1c149afbf4c8996fb92427ae41e4649b934ca495991b7852b855	Expanded family-freeze copy duplicates retained raw-run, registry, verdict or final-evidence content.
ZERO-V1_FREEZE_v1_af4c5abd/RUN1/M8_omit_second_partition/library_stdout.txt	OMITTED_EXACT_MIRROR	OMITTED_EXPANDED_FREEZE_MIRROR	experiments/zeroize/V01-mutation-sensitivity/raw-run/M8_omit_second_partition/library_stdout.txt	ZERO-V1_RUN1_af4c5abd/M8_omit_second_partition/library_stdout.txt	310	4f65a05f21ab89a60737700a94b68ddcfe5b492a12d3dca866130973cf7b36b9	Expanded family-freeze copy duplicates retained raw-run, registry, verdict or final-evidence content.
ZERO-V1_FREEZE_v1_af4c5abd/RUN1/M8_omit_second_partition/mutant.c	OMITTED_EXACT_MIRROR	OMITTED_EXPANDED_FREEZE_MIRROR	experiments/zeroize/V01-mutation-sensitivity/raw-run/M8_omit_second_partition/mutant.c	ZERO-V1_RUN1_af4c5abd/M8_omit_second_partition/mutant.c	852	b06c8c015dbd61378976516e317f62694c64380f00c6a61490403647e5d7124e	Expanded family-freeze copy duplicates retained raw-run, registry, verdict or final-evidence content.
ZERO-V1_FREEZE_v1_af4c5abd/RUN1/M8_omit_second_partition/mutant.diff	OMITTED_EXACT_MIRROR	OMITTED_EXPANDED_FREEZE_MIRROR	experiments/zeroize/V01-mutation-sensitivity/raw-run/M8_omit_second_partition/mutant.diff	ZERO-V1_RUN1_af4c5abd/M8_omit_second_partition/mutant.diff	570	a19abee57159b1109e5bee219ec997d0e2ef66c6aacb3c8af8bc8015789ec7b1	Expanded family-freeze copy duplicates retained raw-run, registry, verdict or final-evidence content.
ZERO-V1_FREEZE_v1_af4c5abd/RUN1/M8_omit_second_partition/mutant.library.goto	OMITTED_EXACT_MIRROR	OMITTED_EXPANDED_FREEZE_MIRROR	experiments/zeroize/V01-mutation-sensitivity/raw-run/M8_omit_second_partition/mutant.library.goto	ZERO-V1_RUN1_af4c5abd/M8_omit_second_partition/mutant.library.goto	9318	325053cd1005316c226e8c843d74772543e5875494f656101e02d431fdd161fb	Expanded family-freeze copy duplicates retained raw-run, registry, verdict or final-evidence content.
ZERO-V1_FREEZE_v1_af4c5abd/RUN1/M8_omit_second_partition/mutant.raw.goto	OMITTED_EXACT_MIRROR	OMITTED_EXPANDED_FREEZE_MIRROR	experiments/zeroize/V01-mutation-sensitivity/raw-run/M8_omit_second_partition/mutant.raw.goto	ZERO-V1_RUN1_af4c5abd/M8_omit_second_partition/mutant.raw.goto	8663	f69fff4c2ea4e0ebc15aaa4697b754b9ba47b2134d80d4a79f9f897dc088973d	Expanded family-freeze copy duplicates retained raw-run, registry, verdict or final-evidence content.
ZERO-V1_FREEZE_v1_af4c5abd/RUN1/M8_omit_second_partition/reference.c	OMITTED_EXACT_MIRROR	OMITTED_EXPANDED_FREEZE_MIRROR	experiments/zeroize/V01-mutation-sensitivity/raw-run/M8_omit_second_partition/reference.c	ZERO-V1_RUN1_af4c5abd/M8_omit_second_partition/reference.c	828	d768548f4d19d81af4522cdef55680e52007c850b050ce2276f6bd5a5025e4d1	Expanded family-freeze copy duplicates retained raw-run, registry, verdict or final-evidence content.
ZERO-V1_FREEZE_v1_af4c5abd/RUN1/M8_omit_second_partition/result.txt	OMITTED_EXACT_MIRROR	OMITTED_EXPANDED_FREEZE_MIRROR	experiments/zeroize/V01-mutation-sensitivity/raw-run/M8_omit_second_partition/result.txt	ZERO-V1_RUN1_af4c5abd/M8_omit_second_partition/result.txt	196	116719352da6ce5bcf58c85f699d0c6ff14b765b0bbc838a4d99f5889295d4ef	Expanded family-freeze copy duplicates retained raw-run, registry, verdict or final-evidence content.
ZERO-V1_FREEZE_v1_af4c5abd/RUN1/M8_omit_second_partition/source_sha256.txt	OMITTED_EXACT_MIRROR	OMITTED_EXPANDED_FREEZE_MIRROR	experiments/zeroize/V01-mutation-sensitivity/raw-run/M8_omit_second_partition/source_sha256.txt	ZERO-V1_RUN1_af4c5abd/M8_omit_second_partition/source_sha256.txt	513	cee9632fd90505220b51a0266b0f66ac03a02a942d3b60b7f6346ec001048dd9	Expanded family-freeze copy duplicates retained raw-run, registry, verdict or final-evidence content.
ZERO-V1_FREEZE_v1_af4c5abd/RUN1/ZERO-V1_EXECUTION_BOUNDARY.md	OMITTED_EXACT_MIRROR	OMITTED_EXPANDED_FREEZE_MIRROR	experiments/zeroize/V01-mutation-sensitivity/raw-run/ZERO-V1_EXECUTION_BOUNDARY.md	ZERO-V1_RUN1_af4c5abd/ZERO-V1_EXECUTION_BOUNDARY.md	622	f8ca089555ae5284ce8e2f9c0aebdfa219d334e6a7e901bf52aced2a672869c4	Expanded family-freeze copy duplicates retained raw-run, registry, verdict or final-evidence content.
ZERO-V1_FREEZE_v1_af4c5abd/RUN1/ZERO-V1_RESULTS.csv	OMITTED_EXACT_MIRROR	OMITTED_EXPANDED_FREEZE_MIRROR	experiments/zeroize/V01-mutation-sensitivity/raw-run/ZERO-V1_RESULTS.csv	ZERO-V1_RUN1_af4c5abd/ZERO-V1_RESULTS.csv	423	f954e019beaaf5ed9141739aa6ae5c7fcd86c73c0e5c2f0cbff1d0cb90e11a27	Expanded family-freeze copy duplicates retained raw-run, registry, verdict or final-evidence content.
ZERO-V1_FREEZE_v1_af4c5abd/RUN1/ZERO-V1_RUN1_SHA256SUMS.txt	OMITTED_EXACT_MIRROR	OMITTED_EXPANDED_FREEZE_MIRROR	experiments/zeroize/V01-mutation-sensitivity/raw-run/ZERO-V1_RUN1_SHA256SUMS.txt	ZERO-V1_RUN1_af4c5abd/ZERO-V1_RUN1_SHA256SUMS.txt	21041	8a53488621f3ea40551c625a53310e634a90e4c415dcc4a3a43b307146f19d90	Expanded family-freeze copy duplicates retained raw-run, registry, verdict or final-evidence content.
ZERO-V1_FREEZE_v1_af4c5abd/RUN1/ZERO-V1_SUMMARY.txt	OMITTED_EXACT_MIRROR	OMITTED_EXPANDED_FREEZE_MIRROR	experiments/zeroize/V01-mutation-sensitivity/raw-run/ZERO-V1_SUMMARY.txt	ZERO-V1_RUN1_af4c5abd/ZERO-V1_SUMMARY.txt	193	c1aff90a82723e8f872eafee6dea84c7dda92896a7c61e4b986764483da42d6d	Expanded family-freeze copy duplicates retained raw-run, registry, verdict or final-evidence content.
ZERO-V1_FREEZE_v1_af4c5abd/RUN1/mutant_execution_registry.csv	OMITTED_EXACT_MIRROR	OMITTED_EXPANDED_FREEZE_MIRROR	experiments/zeroize/V01-mutation-sensitivity/raw-run/mutant_execution_registry.csv	ZERO-V1_RUN1_af4c5abd/mutant_execution_registry.csv	443	7a422775f7d5ea59835b5cc2344710eff9d1f0121bae392e36bd3e72f9a2eb84	Expanded family-freeze copy duplicates retained raw-run, registry, verdict or final-evidence content.
ZERO-V1_FREEZE_v1_af4c5abd/ZERO-V1_VERDICT.md	OMITTED_EXACT_MIRROR	OMITTED_EXPANDED_FREEZE_MIRROR	experiments/zeroize/V01-mutation-sensitivity/final-evidence/ZERO-V1_VERDICT.md	ZERO-FINAL_CAMPAIGN_v1_af4c5abd/verdicts/ZERO-V1_VERDICT.md	1375	9c7cd17c29716de61a241f42a9414023c8a2ec95f39e52695ea6d3a361a367fb	Expanded family-freeze copy duplicates retained raw-run, registry, verdict or final-evidence content.
