original_path	status	classification	retained_path	canonical_source_path	size	sha256	reason
.ZERO_FINAL_RUN2_AUDIT_TMP_17878/ZERO-V1_RUN_HASH_CHECK.txt	RETAINED	campaign-closure-integrity-audit	experiments/zeroize/campaign-closure/package-integrity-audit/ZERO-V1_RUN_HASH_CHECK.txt	.ZERO_FINAL_RUN2_AUDIT_TMP_17878/ZERO-V1_RUN_HASH_CHECK.txt	13353	f380a16a13030c515730e83cdb82b3f77a47a0aaed87ef05b5c6d259597071ce	Unique mutation-run hash revalidation record retained from the final audit workspace.
ZERO-00B2_BODY_PREFLIGHT_af4c5abd/ZERO-00B2_SHA256SUMS.txt	RETAINED	campaign-setup-body-binding-preflight	experiments/zeroize/00-campaign-setup/body-binding-preflight/raw-evidence/ZERO-00B2_SHA256SUMS.txt	ZERO-00B2_BODY_PREFLIGHT_af4c5abd/ZERO-00B2_SHA256SUMS.txt	1426	79cb8dd91bbc141058dba54bb7a39c8882ee8efdbdc01c87b510a9cd5bf341da	Original body-binding preflight evidence retained in its run context.
ZERO-00B2_BODY_PREFLIGHT_af4c5abd/exact_compilation_flags.txt	RETAINED	campaign-setup-body-binding-preflight	experiments/zeroize/00-campaign-setup/body-binding-preflight/raw-evidence/exact_compilation_flags.txt	ZERO-00B2_BODY_PREFLIGHT_af4c5abd/exact_compilation_flags.txt	571	cee7a70001a0d068fc77cb6d1c5667977076a597e86a4393ecaf297fcdbfcfb7	Original body-binding preflight evidence retained in its run context.
ZERO-00B2_BODY_PREFLIGHT_af4c5abd/fail_add_library_stderr.txt	RETAINED	campaign-setup-body-binding-preflight	experiments/zeroize/00-campaign-setup/body-binding-preflight/raw-evidence/fail_add_library_stderr.txt	ZERO-00B2_BODY_PREFLIGHT_af4c5abd/fail_add_library_stderr.txt	0	e3b0c44298fc1c149afbf4c8996fb92427ae41e4649b934ca495991b7852b855	Original body-binding preflight evidence retained in its run context.
ZERO-00B2_BODY_PREFLIGHT_af4c5abd/fail_add_library_stdout.txt	RETAINED	campaign-setup-body-binding-preflight	experiments/zeroize/00-campaign-setup/body-binding-preflight/raw-evidence/fail_add_library_stdout.txt	ZERO-00B2_BODY_PREFLIGHT_af4c5abd/fail_add_library_stdout.txt	318	d84ce7fe3d383e9de45da7ae8769b1501729b2040420499548851b21c40b8ca4	Original body-binding preflight evidence retained in its run context.
ZERO-00B2_BODY_PREFLIGHT_af4c5abd/fail_compile_stderr.txt	RETAINED	campaign-setup-body-binding-preflight	experiments/zeroize/00-campaign-setup/body-binding-preflight/raw-evidence/fail_compile_stderr.txt	ZERO-00B2_BODY_PREFLIGHT_af4c5abd/fail_compile_stderr.txt	0	e3b0c44298fc1c149afbf4c8996fb92427ae41e4649b934ca495991b7852b855	Original body-binding preflight evidence retained in its run context.
ZERO-00B2_BODY_PREFLIGHT_af4c5abd/fail_compile_stdout.txt	RETAINED	campaign-setup-body-binding-preflight	experiments/zeroize/00-campaign-setup/body-binding-preflight/raw-evidence/fail_compile_stdout.txt	ZERO-00B2_BODY_PREFLIGHT_af4c5abd/fail_compile_stdout.txt	0	e3b0c44298fc1c149afbf4c8996fb92427ae41e4649b934ca495991b7852b855	Original body-binding preflight evidence retained in its run context.
ZERO-00B2_BODY_PREFLIGHT_af4c5abd/fail_control_cbmc_output.txt	RETAINED	campaign-setup-body-binding-preflight	experiments/zeroize/00-campaign-setup/body-binding-preflight/raw-evidence/fail_control_cbmc_output.txt	ZERO-00B2_BODY_PREFLIGHT_af4c5abd/fail_control_cbmc_output.txt	16784	4bb745335169dbace449ba7c7cb64021d5637737eb54a359f58d6c424f124ddb	Original body-binding preflight evidence retained in its run context.
ZERO-00B2_BODY_PREFLIGHT_af4c5abd/pass_add_library_stderr.txt	RETAINED	campaign-setup-body-binding-preflight	experiments/zeroize/00-campaign-setup/body-binding-preflight/raw-evidence/pass_add_library_stderr.txt	ZERO-00B2_BODY_PREFLIGHT_af4c5abd/pass_add_library_stderr.txt	0	e3b0c44298fc1c149afbf4c8996fb92427ae41e4649b934ca495991b7852b855	Original body-binding preflight evidence retained in its run context.
ZERO-00B2_BODY_PREFLIGHT_af4c5abd/pass_add_library_stdout.txt	RETAINED	campaign-setup-body-binding-preflight	experiments/zeroize/00-campaign-setup/body-binding-preflight/raw-evidence/pass_add_library_stdout.txt	ZERO-00B2_BODY_PREFLIGHT_af4c5abd/pass_add_library_stdout.txt	318	cc452876cadcd3e827c2deaeb6d53079345463dcbdf710e9ca07f12fdd62ffb0	Original body-binding preflight evidence retained in its run context.
ZERO-00B2_BODY_PREFLIGHT_af4c5abd/pass_cbmc_output.txt	RETAINED	campaign-setup-body-binding-preflight	experiments/zeroize/00-campaign-setup/body-binding-preflight/raw-evidence/pass_cbmc_output.txt	ZERO-00B2_BODY_PREFLIGHT_af4c5abd/pass_cbmc_output.txt	11322	93c4168fd6d140f187eee8904bd1703ad5920e6b18c246e10d4d5ff6e431dcea	Original body-binding preflight evidence retained in its run context.
ZERO-00B2_BODY_PREFLIGHT_af4c5abd/pass_compile_stderr.txt	RETAINED	campaign-setup-body-binding-preflight	experiments/zeroize/00-campaign-setup/body-binding-preflight/raw-evidence/pass_compile_stderr.txt	ZERO-00B2_BODY_PREFLIGHT_af4c5abd/pass_compile_stderr.txt	0	e3b0c44298fc1c149afbf4c8996fb92427ae41e4649b934ca495991b7852b855	Original body-binding preflight evidence retained in its run context.
ZERO-00B2_BODY_PREFLIGHT_af4c5abd/pass_compile_stdout.txt	RETAINED	campaign-setup-body-binding-preflight	experiments/zeroize/00-campaign-setup/body-binding-preflight/raw-evidence/pass_compile_stdout.txt	ZERO-00B2_BODY_PREFLIGHT_af4c5abd/pass_compile_stdout.txt	0	e3b0c44298fc1c149afbf4c8996fb92427ae41e4649b934ca495991b7852b855	Original body-binding preflight evidence retained in its run context.
ZERO-00B2_BODY_PREFLIGHT_af4c5abd/pass_raw_goto_functions.txt	RETAINED	campaign-setup-body-binding-preflight	experiments/zeroize/00-campaign-setup/body-binding-preflight/raw-evidence/pass_raw_goto_functions.txt	ZERO-00B2_BODY_PREFLIGHT_af4c5abd/pass_raw_goto_functions.txt	32460	ae69b446862098b8f43eef09422971582528219841a22217dd3675a7fac26eac	Original body-binding preflight evidence retained in its run context.
ZERO-00B2_BODY_PREFLIGHT_af4c5abd/pass_raw_goto_functions_stderr.txt	RETAINED	campaign-setup-body-binding-preflight	experiments/zeroize/00-campaign-setup/body-binding-preflight/raw-evidence/pass_raw_goto_functions_stderr.txt	ZERO-00B2_BODY_PREFLIGHT_af4c5abd/pass_raw_goto_functions_stderr.txt	0	e3b0c44298fc1c149afbf4c8996fb92427ae41e4649b934ca495991b7852b855	Original body-binding preflight evidence retained in its run context.
ZERO-00B2_BODY_PREFLIGHT_af4c5abd/preprocessor_macros.txt	RETAINED	campaign-setup-body-binding-preflight	experiments/zeroize/00-campaign-setup/body-binding-preflight/raw-evidence/preprocessor_macros.txt	ZERO-00B2_BODY_PREFLIGHT_af4c5abd/preprocessor_macros.txt	40298	6779694a597f191de8084a1f0e5d37d9924ff1736714481a4cd35b7b60889b1b	Original body-binding preflight evidence retained in its run context.
ZERO-00B2_BODY_PREFLIGHT_af4c5abd/preprocessor_stderr.txt	RETAINED	campaign-setup-body-binding-preflight	experiments/zeroize/00-campaign-setup/body-binding-preflight/raw-evidence/preprocessor_stderr.txt	ZERO-00B2_BODY_PREFLIGHT_af4c5abd/preprocessor_stderr.txt	0	e3b0c44298fc1c149afbf4c8996fb92427ae41e4649b934ca495991b7852b855	Original body-binding preflight evidence retained in its run context.
ZERO-00B2_BODY_PREFLIGHT_af4c5abd/zeroize_body_preflight_fail.c	RETAINED	campaign-setup-body-binding-preflight	experiments/zeroize/00-campaign-setup/body-binding-preflight/raw-evidence/zeroize_body_preflight_fail.c	ZERO-00B2_BODY_PREFLIGHT_af4c5abd/zeroize_body_preflight_fail.c	488	9ae0af8f80f055a2ffaf1ade71eb58f24d6aed4bd18e94b4ab6419b6ccfd18b6	Original body-binding preflight evidence retained in its run context.
ZERO-00B2_BODY_PREFLIGHT_af4c5abd/zeroize_body_preflight_fail.goto	RETAINED	campaign-setup-body-binding-preflight	experiments/zeroize/00-campaign-setup/body-binding-preflight/raw-evidence/zeroize_body_preflight_fail.goto	ZERO-00B2_BODY_PREFLIGHT_af4c5abd/zeroize_body_preflight_fail.goto	29380	3ca1ef918552f81a357bdd898f6f2d4ea5dfe1026e1d757a12b151559bf1b8a6	Original body-binding preflight evidence retained in its run context.
ZERO-00B2_BODY_PREFLIGHT_af4c5abd/zeroize_body_preflight_fail.raw.goto	RETAINED	campaign-setup-body-binding-preflight	experiments/zeroize/00-campaign-setup/body-binding-preflight/raw-evidence/zeroize_body_preflight_fail.raw.goto	ZERO-00B2_BODY_PREFLIGHT_af4c5abd/zeroize_body_preflight_fail.raw.goto	29405	615274900bbfc226036b129d6c972fa08468b65e12118001034f3b74634bdb0d	Original body-binding preflight evidence retained in its run context.
ZERO-00B2_BODY_PREFLIGHT_af4c5abd/zeroize_body_preflight_pass.c	RETAINED	campaign-setup-body-binding-preflight	experiments/zeroize/00-campaign-setup/body-binding-preflight/raw-evidence/zeroize_body_preflight_pass.c	ZERO-00B2_BODY_PREFLIGHT_af4c5abd/zeroize_body_preflight_pass.c	616	1dc6abc56987e15a6ca1a9a92ac3799a0ba89ef785dcee22b9ab8c4363ecfdf5	Original body-binding preflight evidence retained in its run context.
ZERO-00B2_BODY_PREFLIGHT_af4c5abd/zeroize_body_preflight_pass.goto	RETAINED	campaign-setup-body-binding-preflight	experiments/zeroize/00-campaign-setup/body-binding-preflight/raw-evidence/zeroize_body_preflight_pass.goto	ZERO-00B2_BODY_PREFLIGHT_af4c5abd/zeroize_body_preflight_pass.goto	29798	42267d063c98aea4d5b6932a2c258d482a191f45a762f97fe160f435ab3255a6	Original body-binding preflight evidence retained in its run context.
ZERO-00B2_BODY_PREFLIGHT_af4c5abd/zeroize_body_preflight_pass.raw.goto	RETAINED	campaign-setup-body-binding-preflight	experiments/zeroize/00-campaign-setup/body-binding-preflight/raw-evidence/zeroize_body_preflight_pass.raw.goto	ZERO-00B2_BODY_PREFLIGHT_af4c5abd/zeroize_body_preflight_pass.raw.goto	29838	cb905a9074df38a37795add6ef3fcf9137428f52a628bc9546747fe6be040661	Original body-binding preflight evidence retained in its run context.
ZERO-00C_T1_RUN1_af4c5abd/ZERO-00C_REGISTRY_SHA256.txt	RETAINED	T01-raw-run	experiments/zeroize/T01-exact-slice-erasure-and-prestate-independence/raw-run/ZERO-00C_REGISTRY_SHA256.txt	ZERO-00C_T1_RUN1_af4c5abd/ZERO-00C_REGISTRY_SHA256.txt	479	8724495fd915e53e6f4c886be992661aece3530df6739c0689c6bfef3dbca7b9	Original T1 positive theorem and expected-failure-control run evidence retained.
ZERO-00C_T1_RUN1_af4c5abd/ZERO-00C_T1_RUN1_FINAL_SHA256SUMS.txt	RETAINED	T01-raw-run	experiments/zeroize/T01-exact-slice-erasure-and-prestate-independence/raw-run/ZERO-00C_T1_RUN1_FINAL_SHA256SUMS.txt	ZERO-00C_T1_RUN1_af4c5abd/ZERO-00C_T1_RUN1_FINAL_SHA256SUMS.txt	2016	de96c715976b8481b724034bb025eebe307aed3cf85055566f17fe5d3cf9401a	Original T1 positive theorem and expected-failure-control run evidence retained.
ZERO-00C_T1_RUN1_af4c5abd/ZERO-T1_HARNESS_SHA256.txt	RETAINED	T01-raw-run	experiments/zeroize/T01-exact-slice-erasure-and-prestate-independence/raw-run/ZERO-T1_HARNESS_SHA256.txt	ZERO-00C_T1_RUN1_af4c5abd/ZERO-T1_HARNESS_SHA256.txt	341	49b9c686788d4f4e9fde27bebad4a9e58e49e92a14a2516c49fd6de6ba3088f9	Original T1 positive theorem and expected-failure-control run evidence retained.
ZERO-00C_T1_RUN1_af4c5abd/assumption_registry.md	RETAINED	campaign-registry	experiments/zeroize/00-campaign-setup/registries/assumption_registry.md	ZERO-00C_T1_RUN1_af4c5abd/assumption_registry.md	1094	0b64fd8fb5ef17fa00fe9e68307dd79554688045a8675a7d084ec95bc307b379	Campaign-wide registry/source-binding record retained once to avoid repeated copies in theorem freeze packages.
ZERO-00C_T1_RUN1_af4c5abd/fail_compile_stderr.txt	RETAINED	T01-raw-run	experiments/zeroize/T01-exact-slice-erasure-and-prestate-independence/raw-run/fail_compile_stderr.txt	ZERO-00C_T1_RUN1_af4c5abd/fail_compile_stderr.txt	0	e3b0c44298fc1c149afbf4c8996fb92427ae41e4649b934ca495991b7852b855	Original T1 positive theorem and expected-failure-control run evidence retained.
ZERO-00C_T1_RUN1_af4c5abd/fail_compile_stdout.txt	RETAINED	T01-raw-run	experiments/zeroize/T01-exact-slice-erasure-and-prestate-independence/raw-run/fail_compile_stdout.txt	ZERO-00C_T1_RUN1_af4c5abd/fail_compile_stdout.txt	0	e3b0c44298fc1c149afbf4c8996fb92427ae41e4649b934ca495991b7852b855	Original T1 positive theorem and expected-failure-control run evidence retained.
ZERO-00C_T1_RUN1_af4c5abd/fail_drop_stderr.txt	RETAINED	T01-raw-run	experiments/zeroize/T01-exact-slice-erasure-and-prestate-independence/raw-run/fail_drop_stderr.txt	ZERO-00C_T1_RUN1_af4c5abd/fail_drop_stderr.txt	0	e3b0c44298fc1c149afbf4c8996fb92427ae41e4649b934ca495991b7852b855	Original T1 positive theorem and expected-failure-control run evidence retained.
ZERO-00C_T1_RUN1_af4c5abd/fail_drop_stdout.txt	RETAINED	T01-raw-run	experiments/zeroize/T01-exact-slice-erasure-and-prestate-independence/raw-run/fail_drop_stdout.txt	ZERO-00C_T1_RUN1_af4c5abd/fail_drop_stdout.txt	373	28d8a1e5fc4ed41892e1060e356b99d09c0cd312104c215f64f601072a9c8228	Original T1 positive theorem and expected-failure-control run evidence retained.
ZERO-00C_T1_RUN1_af4c5abd/fail_library_stderr.txt	RETAINED	T01-raw-run	experiments/zeroize/T01-exact-slice-erasure-and-prestate-independence/raw-run/fail_library_stderr.txt	ZERO-00C_T1_RUN1_af4c5abd/fail_library_stderr.txt	0	e3b0c44298fc1c149afbf4c8996fb92427ae41e4649b934ca495991b7852b855	Original T1 positive theorem and expected-failure-control run evidence retained.
ZERO-00C_T1_RUN1_af4c5abd/fail_library_stdout.txt	RETAINED	T01-raw-run	experiments/zeroize/T01-exact-slice-erasure-and-prestate-independence/raw-run/fail_library_stdout.txt	ZERO-00C_T1_RUN1_af4c5abd/fail_library_stdout.txt	296	61f206259abaf44a820d4e5d8b5e5ee8c35b3037a6cb8aeef72591d75ce9f16e	Original T1 positive theorem and expected-failure-control run evidence retained.
ZERO-00C_T1_RUN1_af4c5abd/source_binding.txt	RETAINED	campaign-registry	experiments/zeroize/00-campaign-setup/registries/source_binding.txt	ZERO-00C_T1_RUN1_af4c5abd/source_binding.txt	890	755eb7844a895cebd3dfe73f58a4269782ebf0401550e2e8bf6fad2ffdb7825c	Campaign-wide registry/source-binding record retained once to avoid repeated copies in theorem freeze packages.
ZERO-00C_T1_RUN1_af4c5abd/t1_compile_stderr.txt	RETAINED	T01-raw-run	experiments/zeroize/T01-exact-slice-erasure-and-prestate-independence/raw-run/t1_compile_stderr.txt	ZERO-00C_T1_RUN1_af4c5abd/t1_compile_stderr.txt	0	e3b0c44298fc1c149afbf4c8996fb92427ae41e4649b934ca495991b7852b855	Original T1 positive theorem and expected-failure-control run evidence retained.
ZERO-00C_T1_RUN1_af4c5abd/t1_compile_stdout.txt	RETAINED	T01-raw-run	experiments/zeroize/T01-exact-slice-erasure-and-prestate-independence/raw-run/t1_compile_stdout.txt	ZERO-00C_T1_RUN1_af4c5abd/t1_compile_stdout.txt	0	e3b0c44298fc1c149afbf4c8996fb92427ae41e4649b934ca495991b7852b855	Original T1 positive theorem and expected-failure-control run evidence retained.
ZERO-00C_T1_RUN1_af4c5abd/t1_drop_stderr.txt	RETAINED	T01-raw-run	experiments/zeroize/T01-exact-slice-erasure-and-prestate-independence/raw-run/t1_drop_stderr.txt	ZERO-00C_T1_RUN1_af4c5abd/t1_drop_stderr.txt	0	e3b0c44298fc1c149afbf4c8996fb92427ae41e4649b934ca495991b7852b855	Original T1 positive theorem and expected-failure-control run evidence retained.
ZERO-00C_T1_RUN1_af4c5abd/t1_drop_stdout.txt	RETAINED	T01-raw-run	experiments/zeroize/T01-exact-slice-erasure-and-prestate-independence/raw-run/t1_drop_stdout.txt	ZERO-00C_T1_RUN1_af4c5abd/t1_drop_stdout.txt	375	7dd7093d6f65b4ef32319bb28deacffe9c92537f8e5346a96599d355db467b8f	Original T1 positive theorem and expected-failure-control run evidence retained.
ZERO-00C_T1_RUN1_af4c5abd/t1_library_stderr.txt	RETAINED	T01-raw-run	experiments/zeroize/T01-exact-slice-erasure-and-prestate-independence/raw-run/t1_library_stderr.txt	ZERO-00C_T1_RUN1_af4c5abd/t1_library_stderr.txt	0	e3b0c44298fc1c149afbf4c8996fb92427ae41e4649b934ca495991b7852b855	Original T1 positive theorem and expected-failure-control run evidence retained.
ZERO-00C_T1_RUN1_af4c5abd/t1_library_stdout.txt	RETAINED	T01-raw-run	experiments/zeroize/T01-exact-slice-erasure-and-prestate-independence/raw-run/t1_library_stdout.txt	ZERO-00C_T1_RUN1_af4c5abd/t1_library_stdout.txt	298	f760ed40a002a996fe2db2633f2e7da182f92de468848d347faffd7fb9b8a293	Original T1 positive theorem and expected-failure-control run evidence retained.
ZERO-00C_T1_RUN1_af4c5abd/theorem_registry.md	RETAINED	campaign-registry	experiments/zeroize/00-campaign-setup/registries/theorem_registry.md	ZERO-00C_T1_RUN1_af4c5abd/theorem_registry.md	2386	f72f5012cd9a6d85f58740bcb711ffa0e0b092d893fd1fb49f1ab0dcfa325230	Campaign-wide registry/source-binding record retained once to avoid repeated copies in theorem freeze packages.
ZERO-00C_T1_RUN1_af4c5abd/zero_t1_cbmc_output.txt	RETAINED	T01-raw-run	experiments/zeroize/T01-exact-slice-erasure-and-prestate-independence/raw-run/zero_t1_cbmc_output.txt	ZERO-00C_T1_RUN1_af4c5abd/zero_t1_cbmc_output.txt	14022	c342d29d11a590d665d5667e9f98d69a7916f9dccc0d532e64e1463534b6a833	Original T1 positive theorem and expected-failure-control run evidence retained.
ZERO-00C_T1_RUN1_af4c5abd/zero_t1_cbmc_stderr.txt	RETAINED	T01-raw-run	experiments/zeroize/T01-exact-slice-erasure-and-prestate-independence/raw-run/zero_t1_cbmc_stderr.txt	ZERO-00C_T1_RUN1_af4c5abd/zero_t1_cbmc_stderr.txt	0	e3b0c44298fc1c149afbf4c8996fb92427ae41e4649b934ca495991b7852b855	Original T1 positive theorem and expected-failure-control run evidence retained.
ZERO-00C_T1_RUN1_af4c5abd/zero_t1_exact_erasure.goto	RETAINED	T01-raw-run	experiments/zeroize/T01-exact-slice-erasure-and-prestate-independence/raw-run/zero_t1_exact_erasure.goto	ZERO-00C_T1_RUN1_af4c5abd/zero_t1_exact_erasure.goto	21058	3b2b0e75c0b568ed187af774cecbc6b17317239fb788176ed936e4726e125b7c	Original T1 positive theorem and expected-failure-control run evidence retained.
ZERO-00C_T1_RUN1_af4c5abd/zero_t1_exact_erasure.library.goto	RETAINED	T01-raw-run	experiments/zeroize/T01-exact-slice-erasure-and-prestate-independence/raw-run/zero_t1_exact_erasure.library.goto	ZERO-00C_T1_RUN1_af4c5abd/zero_t1_exact_erasure.library.goto	36115	dd326652735ba15915118fafd96d47ac2d5b9bc2e79ee8885f4eb76e7c868a3c	Original T1 positive theorem and expected-failure-control run evidence retained.
ZERO-00C_T1_RUN1_af4c5abd/zero_t1_exact_erasure.raw.goto	RETAINED	T01-raw-run	experiments/zeroize/T01-exact-slice-erasure-and-prestate-independence/raw-run/zero_t1_exact_erasure.raw.goto	ZERO-00C_T1_RUN1_af4c5abd/zero_t1_exact_erasure.raw.goto	36035	4f956769b789369ec26c8f5736d992965158725f2ef040a7ffea85997d76b31e	Original T1 positive theorem and expected-failure-control run evidence retained.
ZERO-00C_T1_RUN1_af4c5abd/zero_t1_exact_erasure_harness.c	RETAINED	T01-raw-run	experiments/zeroize/T01-exact-slice-erasure-and-prestate-independence/raw-run/zero_t1_exact_erasure_harness.c	ZERO-00C_T1_RUN1_af4c5abd/zero_t1_exact_erasure_harness.c	2563	1de4583dfd2940c1f7d74fd51a4f80da92410e93fd5f2c3dc075aec0f0b39edd	Original T1 positive theorem and expected-failure-control run evidence retained.
ZERO-00C_T1_RUN1_af4c5abd/zero_t1_fail_control.goto	RETAINED	T01-raw-run	experiments/zeroize/T01-exact-slice-erasure-and-prestate-independence/raw-run/zero_t1_fail_control.goto	ZERO-00C_T1_RUN1_af4c5abd/zero_t1_fail_control.goto	20472	817838c6f1c0862bb25011373baaf237b0c2c2649f5cf80cb6b9b491d79e4a44	Original T1 positive theorem and expected-failure-control run evidence retained.
ZERO-00C_T1_RUN1_af4c5abd/zero_t1_fail_control.library.goto	RETAINED	T01-raw-run	experiments/zeroize/T01-exact-slice-erasure-and-prestate-independence/raw-run/zero_t1_fail_control.library.goto	ZERO-00C_T1_RUN1_af4c5abd/zero_t1_fail_control.library.goto	32320	49eb1b64d115958749579e1359506d87cef2165633ff0e6e65f7e53233b5f25b	Original T1 positive theorem and expected-failure-control run evidence retained.
ZERO-00C_T1_RUN1_af4c5abd/zero_t1_fail_control.raw.goto	RETAINED	T01-raw-run	experiments/zeroize/T01-exact-slice-erasure-and-prestate-independence/raw-run/zero_t1_fail_control.raw.goto	ZERO-00C_T1_RUN1_af4c5abd/zero_t1_fail_control.raw.goto	31868	cb1593b37e244cdecad1dad2b1bd6cb7fe0d3b920f82498f5c1c051e2ce20568	Original T1 positive theorem and expected-failure-control run evidence retained.
ZERO-00C_T1_RUN1_af4c5abd/zero_t1_fail_control_cbmc_output.txt	RETAINED	T01-raw-run	experiments/zeroize/T01-exact-slice-erasure-and-prestate-independence/raw-run/zero_t1_fail_control_cbmc_output.txt	ZERO-00C_T1_RUN1_af4c5abd/zero_t1_fail_control_cbmc_output.txt	26652	0085ac607c3e8d417a74d039ff72fc605b848c64766448321908e005eabcfc67	Original T1 positive theorem and expected-failure-control run evidence retained.
ZERO-00C_T1_RUN1_af4c5abd/zero_t1_fail_control_cbmc_stderr.txt	RETAINED	T01-raw-run	experiments/zeroize/T01-exact-slice-erasure-and-prestate-independence/raw-run/zero_t1_fail_control_cbmc_stderr.txt	ZERO-00C_T1_RUN1_af4c5abd/zero_t1_fail_control_cbmc_stderr.txt	0	e3b0c44298fc1c149afbf4c8996fb92427ae41e4649b934ca495991b7852b855	Original T1 positive theorem and expected-failure-control run evidence retained.
ZERO-00C_T1_RUN1_af4c5abd/zero_t1_fail_control_harness.c	RETAINED	T01-raw-run	experiments/zeroize/T01-exact-slice-erasure-and-prestate-independence/raw-run/zero_t1_fail_control_harness.c	ZERO-00C_T1_RUN1_af4c5abd/zero_t1_fail_control_harness.c	1099	f368808c57d549c66ed42b4336e86c57664e2ded8fd4e40b5d358713bab86293	Original T1 positive theorem and expected-failure-control run evidence retained.
ZERO-00C_T1_RUN1_af4c5abd/zero_t1_final_goto_functions.txt	RETAINED	T01-raw-run	experiments/zeroize/T01-exact-slice-erasure-and-prestate-independence/raw-run/zero_t1_final_goto_functions.txt	ZERO-00C_T1_RUN1_af4c5abd/zero_t1_final_goto_functions.txt	128	03e4be88f85d02920b149304c08f9f0e1e63410d29d471c7496ffc8fc4a9b5ac	Original T1 positive theorem and expected-failure-control run evidence retained.
ZERO-00C_T1_RUN1_af4c5abd/zero_t1_final_goto_functions_stderr.txt	RETAINED	T01-raw-run	experiments/zeroize/T01-exact-slice-erasure-and-prestate-independence/raw-run/zero_t1_final_goto_functions_stderr.txt	ZERO-00C_T1_RUN1_af4c5abd/zero_t1_final_goto_functions_stderr.txt	0	e3b0c44298fc1c149afbf4c8996fb92427ae41e4649b934ca495991b7852b855	Original T1 positive theorem and expected-failure-control run evidence retained.
ZERO-00C_T1_RUN1_af4c5abd/zero_t1_library_body_binding.txt	RETAINED	T01-raw-run	experiments/zeroize/T01-exact-slice-erasure-and-prestate-independence/raw-run/zero_t1_library_body_binding.txt	ZERO-00C_T1_RUN1_af4c5abd/zero_t1_library_body_binding.txt	46115	5e3a16c39a7c7fae41d0fae834fd29a8032767e9e93926a2dee30a2c1f7deda4	Original T1 positive theorem and expected-failure-control run evidence retained.
ZERO-00C_T1_RUN1_af4c5abd/zero_t1_library_body_binding_stderr.txt	RETAINED	T01-raw-run	experiments/zeroize/T01-exact-slice-erasure-and-prestate-independence/raw-run/zero_t1_library_body_binding_stderr.txt	ZERO-00C_T1_RUN1_af4c5abd/zero_t1_library_body_binding_stderr.txt	0	e3b0c44298fc1c149afbf4c8996fb92427ae41e4649b934ca495991b7852b855	Original T1 positive theorem and expected-failure-control run evidence retained.
ZERO-00C_T1_RUN1_af4c5abd/zero_t1_library_goto_functions.txt	RETAINED	T01-raw-run	experiments/zeroize/T01-exact-slice-erasure-and-prestate-independence/raw-run/zero_t1_library_goto_functions.txt	ZERO-00C_T1_RUN1_af4c5abd/zero_t1_library_goto_functions.txt	46115	5e3a16c39a7c7fae41d0fae834fd29a8032767e9e93926a2dee30a2c1f7deda4	Original T1 positive theorem and expected-failure-control run evidence retained.
ZERO-00C_T1_RUN1_af4c5abd/zero_t1_library_goto_functions_stderr.txt	RETAINED	T01-raw-run	experiments/zeroize/T01-exact-slice-erasure-and-prestate-independence/raw-run/zero_t1_library_goto_functions_stderr.txt	ZERO-00C_T1_RUN1_af4c5abd/zero_t1_library_goto_functions_stderr.txt	0	e3b0c44298fc1c149afbf4c8996fb92427ae41e4649b934ca495991b7852b855	Original T1 positive theorem and expected-failure-control run evidence retained.
ZERO-00C_T1_RUN1_af4c5abd/zero_t1_library_mlk_zeroize_body.txt	RETAINED	T01-raw-run	experiments/zeroize/T01-exact-slice-erasure-and-prestate-independence/raw-run/zero_t1_library_mlk_zeroize_body.txt	ZERO-00C_T1_RUN1_af4c5abd/zero_t1_library_mlk_zeroize_body.txt	342	d02ace099e91e8530be8b52c1258a2be63964be02bf1be34998d86469fb1922a	Original T1 positive theorem and expected-failure-control run evidence retained.
ZERO-00C_T1_RUN1_af4c5abd/zero_t1_mlk_zeroize_body_block.txt	RETAINED	T01-raw-run	experiments/zeroize/T01-exact-slice-erasure-and-prestate-independence/raw-run/zero_t1_mlk_zeroize_body_block.txt	ZERO-00C_T1_RUN1_af4c5abd/zero_t1_mlk_zeroize_body_block.txt	0	e3b0c44298fc1c149afbf4c8996fb92427ae41e4649b934ca495991b7852b855	Original T1 positive theorem and expected-failure-control run evidence retained.
ZERO-00C_T1_RUN1_af4c5abd/zero_t1_raw_body_binding.txt	RETAINED	T01-raw-run	experiments/zeroize/T01-exact-slice-erasure-and-prestate-independence/raw-run/zero_t1_raw_body_binding.txt	ZERO-00C_T1_RUN1_af4c5abd/zero_t1_raw_body_binding.txt	47488	470be0cf378c08fe834e1d8b797f33513de14358d82bdecdcb68516989da556f	Original T1 positive theorem and expected-failure-control run evidence retained.
ZERO-00C_T1_RUN1_af4c5abd/zero_t1_raw_body_binding_stderr.txt	RETAINED	T01-raw-run	experiments/zeroize/T01-exact-slice-erasure-and-prestate-independence/raw-run/zero_t1_raw_body_binding_stderr.txt	ZERO-00C_T1_RUN1_af4c5abd/zero_t1_raw_body_binding_stderr.txt	0	e3b0c44298fc1c149afbf4c8996fb92427ae41e4649b934ca495991b7852b855	Original T1 positive theorem and expected-failure-control run evidence retained.
ZERO-FINAL_CAMPAIGN_v1_af4c5abd/PACKAGE_INDEX.csv	RETAINED	campaign-closure-index	experiments/zeroize/campaign-closure/PACKAGE_INDEX.csv	ZERO-FINAL_CAMPAIGN_v1_af4c5abd/PACKAGE_INDEX.csv	644	ead03a88a6058ee6b35650cb141f0c930c83191df607d619ced5ccd9e6f669b5	Final campaign package index retained.
ZERO-FINAL_CAMPAIGN_v1_af4c5abd/ZERO-FINAL_CAMPAIGN_VERDICT.md	RETAINED	campaign-closure-verdict	experiments/zeroize/campaign-closure/ZERO-FINAL_CAMPAIGN_VERDICT.md	ZERO-FINAL_CAMPAIGN_v1_af4c5abd/ZERO-FINAL_CAMPAIGN_VERDICT.md	2441	b75ea7fcb0cd07e177630f87fa61756577d561298a3727709adbc28615801d1e	Final source-level zeroization and release-handoff campaign verdict retained.
ZERO-FINAL_CAMPAIGN_v1_af4c5abd/archives/ZERO-T1_FREEZE_v1_af4c5abd.tar.gz.sha256	RETAINED	campaign-closure-integrity-audit	experiments/zeroize/campaign-closure/package-integrity-audit/final-campaign-archive-checksums/ZERO-T1_FREEZE_v1_af4c5abd.tar.gz.sha256	ZERO-FINAL_CAMPAIGN_v1_af4c5abd/archives/ZERO-T1_FREEZE_v1_af4c5abd.tar.gz.sha256	100	da16a5e507ebec1e71cda286044341caada6e05bd92fb8a14bba87cd1ffafbbd	Final-campaign archive checksum retained because its recorded relative path differs from the top-level checksum control.
ZERO-FINAL_CAMPAIGN_v1_af4c5abd/archives/ZERO-T2_FREEZE_v1_af4c5abd.tar.gz.sha256	RETAINED	campaign-closure-integrity-audit	experiments/zeroize/campaign-closure/package-integrity-audit/final-campaign-archive-checksums/ZERO-T2_FREEZE_v1_af4c5abd.tar.gz.sha256	ZERO-FINAL_CAMPAIGN_v1_af4c5abd/archives/ZERO-T2_FREEZE_v1_af4c5abd.tar.gz.sha256	100	8ddb94d072e822bf7f140c50af5f06d72af48f7456024bba1e70280d43700611	Final-campaign archive checksum retained because its recorded relative path differs from the top-level checksum control.
ZERO-FINAL_CAMPAIGN_v1_af4c5abd/archives/ZERO-T3_FREEZE_v1_af4c5abd.tar.gz.sha256	RETAINED	campaign-closure-integrity-audit	experiments/zeroize/campaign-closure/package-integrity-audit/final-campaign-archive-checksums/ZERO-T3_FREEZE_v1_af4c5abd.tar.gz.sha256	ZERO-FINAL_CAMPAIGN_v1_af4c5abd/archives/ZERO-T3_FREEZE_v1_af4c5abd.tar.gz.sha256	100	e94eeb648e63fed2f198ba0f367d1476bc6f37ac68ed56cedd0df3cdf78ce2cc	Final-campaign archive checksum retained because its recorded relative path differs from the top-level checksum control.
ZERO-FINAL_CAMPAIGN_v1_af4c5abd/archives/ZERO-T4_FREEZE_v1_af4c5abd.tar.gz.sha256	RETAINED	campaign-closure-integrity-audit	experiments/zeroize/campaign-closure/package-integrity-audit/final-campaign-archive-checksums/ZERO-T4_FREEZE_v1_af4c5abd.tar.gz.sha256	ZERO-FINAL_CAMPAIGN_v1_af4c5abd/archives/ZERO-T4_FREEZE_v1_af4c5abd.tar.gz.sha256	100	2b1ae33c644085f4bf9bee45030dc4745ada2bec0b562f977fd37599210754b6	Final-campaign archive checksum retained because its recorded relative path differs from the top-level checksum control.
ZERO-FINAL_CAMPAIGN_v1_af4c5abd/audit/ZERO-T1_FREEZE_v1_af4c5abd_CONTENTS.txt	RETAINED	campaign-closure-integrity-audit	experiments/zeroize/campaign-closure/package-integrity-audit/ZERO-T1_FREEZE_v1_af4c5abd_CONTENTS.txt	ZERO-FINAL_CAMPAIGN_v1_af4c5abd/audit/ZERO-T1_FREEZE_v1_af4c5abd_CONTENTS.txt	721	8b8d3f7a39bd798458f6ae08bc23317c249affccf2676d4ffcac1f479174cae9	Final campaign package-integrity audit record retained.
ZERO-FINAL_CAMPAIGN_v1_af4c5abd/audit/ZERO-T1_FREEZE_v1_af4c5abd_INTERNAL_MANIFEST_CHECK.txt	RETAINED	campaign-closure-integrity-audit	experiments/zeroize/campaign-closure/package-integrity-audit/ZERO-T1_FREEZE_v1_af4c5abd_INTERNAL_MANIFEST_CHECK.txt	ZERO-FINAL_CAMPAIGN_v1_af4c5abd/audit/ZERO-T1_FREEZE_v1_af4c5abd_INTERNAL_MANIFEST_CHECK.txt	398	fef18125943e12b8e1b9fe559410a7da9538287b461ee0e5a669cfae4bd89cb2	Final campaign package-integrity audit record retained.
ZERO-FINAL_CAMPAIGN_v1_af4c5abd/audit/ZERO-T1_FREEZE_v1_af4c5abd_PACKAGE_SHA256_CHECK.txt	RETAINED	campaign-closure-integrity-audit	experiments/zeroize/campaign-closure/package-integrity-audit/ZERO-T1_FREEZE_v1_af4c5abd_PACKAGE_SHA256_CHECK.txt	ZERO-FINAL_CAMPAIGN_v1_af4c5abd/audit/ZERO-T1_FREEZE_v1_af4c5abd_PACKAGE_SHA256_CHECK.txt	85	5c46516d3a4d21e58bfbbd0af40c2c744f6d0da97fc5253376db1d889eab3bc0	Final campaign package-integrity audit record retained.
ZERO-FINAL_CAMPAIGN_v1_af4c5abd/audit/ZERO-T2_FREEZE_v1_af4c5abd_CONTENTS.txt	RETAINED	campaign-closure-integrity-audit	experiments/zeroize/campaign-closure/package-integrity-audit/ZERO-T2_FREEZE_v1_af4c5abd_CONTENTS.txt	ZERO-FINAL_CAMPAIGN_v1_af4c5abd/audit/ZERO-T2_FREEZE_v1_af4c5abd_CONTENTS.txt	687	6f112e9b821e24e345ac75115386f94a273f2c6c876daa2f5c753cede2865e82	Final campaign package-integrity audit record retained.
ZERO-FINAL_CAMPAIGN_v1_af4c5abd/audit/ZERO-T2_FREEZE_v1_af4c5abd_INTERNAL_MANIFEST_CHECK.txt	RETAINED	campaign-closure-integrity-audit	experiments/zeroize/campaign-closure/package-integrity-audit/ZERO-T2_FREEZE_v1_af4c5abd_INTERNAL_MANIFEST_CHECK.txt	ZERO-FINAL_CAMPAIGN_v1_af4c5abd/audit/ZERO-T2_FREEZE_v1_af4c5abd_INTERNAL_MANIFEST_CHECK.txt	364	34693d7f1a6e963130f47038c2d8c3b084329310194b6bdae2201067bad97d30	Final campaign package-integrity audit record retained.
ZERO-FINAL_CAMPAIGN_v1_af4c5abd/audit/ZERO-T2_FREEZE_v1_af4c5abd_PACKAGE_SHA256_CHECK.txt	RETAINED	campaign-closure-integrity-audit	experiments/zeroize/campaign-closure/package-integrity-audit/ZERO-T2_FREEZE_v1_af4c5abd_PACKAGE_SHA256_CHECK.txt	ZERO-FINAL_CAMPAIGN_v1_af4c5abd/audit/ZERO-T2_FREEZE_v1_af4c5abd_PACKAGE_SHA256_CHECK.txt	85	5332aea98358c1350453077b22990106a110e65cc323fafd09a22f4fe604c4dc	Final campaign package-integrity audit record retained.
ZERO-FINAL_CAMPAIGN_v1_af4c5abd/audit/ZERO-T3_FREEZE_v1_af4c5abd_CONTENTS.txt	RETAINED	campaign-closure-integrity-audit	experiments/zeroize/campaign-closure/package-integrity-audit/ZERO-T3_FREEZE_v1_af4c5abd_CONTENTS.txt	ZERO-FINAL_CAMPAIGN_v1_af4c5abd/audit/ZERO-T3_FREEZE_v1_af4c5abd_CONTENTS.txt	695	b86bcc69365c436a2221fae3ad2df7beacab7ae963469fc1348ddfae5b55625b	Final campaign package-integrity audit record retained.
ZERO-FINAL_CAMPAIGN_v1_af4c5abd/audit/ZERO-T3_FREEZE_v1_af4c5abd_INTERNAL_MANIFEST_CHECK.txt	RETAINED	campaign-closure-integrity-audit	experiments/zeroize/campaign-closure/package-integrity-audit/ZERO-T3_FREEZE_v1_af4c5abd_INTERNAL_MANIFEST_CHECK.txt	ZERO-FINAL_CAMPAIGN_v1_af4c5abd/audit/ZERO-T3_FREEZE_v1_af4c5abd_INTERNAL_MANIFEST_CHECK.txt	372	99b549adb1bcd4400cd7f224e1f4c303dd2af47cd3b12cfe3dc7ab84cd430668	Final campaign package-integrity audit record retained.
ZERO-FINAL_CAMPAIGN_v1_af4c5abd/audit/ZERO-T3_FREEZE_v1_af4c5abd_PACKAGE_SHA256_CHECK.txt	RETAINED	campaign-closure-integrity-audit	experiments/zeroize/campaign-closure/package-integrity-audit/ZERO-T3_FREEZE_v1_af4c5abd_PACKAGE_SHA256_CHECK.txt	ZERO-FINAL_CAMPAIGN_v1_af4c5abd/audit/ZERO-T3_FREEZE_v1_af4c5abd_PACKAGE_SHA256_CHECK.txt	85	ee232de3b4788ab293c83ef200b607145adef3c1fc4671e1cbf04a9b7847f2c5	Final campaign package-integrity audit record retained.
ZERO-FINAL_CAMPAIGN_v1_af4c5abd/audit/ZERO-T4_FREEZE_v1_af4c5abd_CONTENTS.txt	RETAINED	campaign-closure-integrity-audit	experiments/zeroize/campaign-closure/package-integrity-audit/ZERO-T4_FREEZE_v1_af4c5abd_CONTENTS.txt	ZERO-FINAL_CAMPAIGN_v1_af4c5abd/audit/ZERO-T4_FREEZE_v1_af4c5abd_CONTENTS.txt	2337	e481d2a0b9022fea98977de9ac2727e24227e370e3b92e7927f64f76af9c0014	Final campaign package-integrity audit record retained.
ZERO-FINAL_CAMPAIGN_v1_af4c5abd/audit/ZERO-T4_FREEZE_v1_af4c5abd_INTERNAL_MANIFEST_CHECK.txt	RETAINED	campaign-closure-integrity-audit	experiments/zeroize/campaign-closure/package-integrity-audit/ZERO-T4_FREEZE_v1_af4c5abd_INTERNAL_MANIFEST_CHECK.txt	ZERO-FINAL_CAMPAIGN_v1_af4c5abd/audit/ZERO-T4_FREEZE_v1_af4c5abd_INTERNAL_MANIFEST_CHECK.txt	1504	42db2631205e73fabf1b012cf9a55da7df63e25c2aabd4afecbded63728f9746	Final campaign package-integrity audit record retained.
ZERO-FINAL_CAMPAIGN_v1_af4c5abd/audit/ZERO-T4_FREEZE_v1_af4c5abd_PACKAGE_SHA256_CHECK.txt	RETAINED	campaign-closure-integrity-audit	experiments/zeroize/campaign-closure/package-integrity-audit/ZERO-T4_FREEZE_v1_af4c5abd_PACKAGE_SHA256_CHECK.txt	ZERO-FINAL_CAMPAIGN_v1_af4c5abd/audit/ZERO-T4_FREEZE_v1_af4c5abd_PACKAGE_SHA256_CHECK.txt	85	5c88dadc1456fcd21281d12923c2d843445d019239847825ea85f73ad63ec2a1	Final campaign package-integrity audit record retained.
ZERO-FINAL_CAMPAIGN_v1_af4c5abd/audit/ZERO-V1_FREEZE_v1_af4c5abd_CONTENTS.txt	RETAINED	campaign-closure-integrity-audit	experiments/zeroize/campaign-closure/package-integrity-audit/ZERO-V1_FREEZE_v1_af4c5abd_CONTENTS.txt	ZERO-FINAL_CAMPAIGN_v1_af4c5abd/audit/ZERO-V1_FREEZE_v1_af4c5abd_CONTENTS.txt	9216	d1f3ba11a7ce6b250fb914fa8e0d41de885cbf40576031340f8901130377e5ed	Final campaign package-integrity audit record retained.
ZERO-FINAL_CAMPAIGN_v1_af4c5abd/audit/ZERO-V1_FREEZE_v1_af4c5abd_INTERNAL_MANIFEST_CHECK.txt	RETAINED	campaign-closure-integrity-audit	experiments/zeroize/campaign-closure/package-integrity-audit/ZERO-V1_FREEZE_v1_af4c5abd_INTERNAL_MANIFEST_CHECK.txt	ZERO-FINAL_CAMPAIGN_v1_af4c5abd/audit/ZERO-V1_FREEZE_v1_af4c5abd_INTERNAL_MANIFEST_CHECK.txt	5913	56a87a121faaa0e3f1b797f98f5996775320773987a45550cfde5ce35ab4e75b	Final campaign package-integrity audit record retained.
ZERO-FINAL_CAMPAIGN_v1_af4c5abd/audit/ZERO-V1_FREEZE_v1_af4c5abd_PACKAGE_SHA256_CHECK.txt	RETAINED	campaign-closure-integrity-audit	experiments/zeroize/campaign-closure/package-integrity-audit/ZERO-V1_FREEZE_v1_af4c5abd_PACKAGE_SHA256_CHECK.txt	ZERO-FINAL_CAMPAIGN_v1_af4c5abd/audit/ZERO-V1_FREEZE_v1_af4c5abd_PACKAGE_SHA256_CHECK.txt	38	1107158fa74b711f3d017e19bc3a17de009d21b96a91beda0e369cb419da2eed	Final campaign package-integrity audit record retained.
ZERO-FINAL_CAMPAIGN_v1_af4c5abd/results/ZERO-FINAL_PROPERTY_MATRIX.csv	RETAINED	campaign-closure-results	experiments/zeroize/campaign-closure/results/ZERO-FINAL_PROPERTY_MATRIX.csv	ZERO-FINAL_CAMPAIGN_v1_af4c5abd/results/ZERO-FINAL_PROPERTY_MATRIX.csv	1190	49fa20dc1bd7202eed87e0a0cfe1b9c000d1194002a0698de48752d94f33335a	Final cross-family property matrix retained.
ZERO-FINAL_CAMPAIGN_v1_af4c5abd/run_history/ZERO-FINAL_RUN1_FAILURE_CLASSIFICATION.md	RETAINED	campaign-closure-preserved-failure	experiments/zeroize/campaign-closure/run-history/ZERO-FINAL_RUN1_FAILURE_CLASSIFICATION.md	ZERO-FINAL_CAMPAIGN_v1_af4c5abd/run_history/ZERO-FINAL_RUN1_FAILURE_CLASSIFICATION.md	1113	18989cebc7436ea11ee09fa408f60359406dd0135ea612d9d5f7c67820f73cdd	Final-evidence verifier parser failure retained and classified.
ZERO-FINAL_CAMPAIGN_v1_af4c5abd/verdicts/ZERO-T1_VERDICT.md	RETAINED	final-family-verdict	experiments/zeroize/T01-exact-slice-erasure-and-prestate-independence/final-evidence/ZERO-T1_VERDICT.md	ZERO-FINAL_CAMPAIGN_v1_af4c5abd/verdicts/ZERO-T1_VERDICT.md	1758	1d6c0b44834ef30de95b46a436e02423fb4db989c4358b83c6128a621bee78c9	Final family verdict retained once from the accepted final campaign package.
ZERO-FINAL_CAMPAIGN_v1_af4c5abd/verdicts/ZERO-T2_VERDICT.md	RETAINED	final-family-verdict	experiments/zeroize/T02-frame-confinement-and-zero-length-identity/final-evidence/ZERO-T2_VERDICT.md	ZERO-FINAL_CAMPAIGN_v1_af4c5abd/verdicts/ZERO-T2_VERDICT.md	1599	6e008bae694c62bc3031dcac25ae127b9e1a0fb224accf5539f4c6ea2b97285c	Final family verdict retained once from the accepted final campaign package.
ZERO-FINAL_CAMPAIGN_v1_af4c5abd/verdicts/ZERO-T3_VERDICT.md	RETAINED	final-family-verdict	experiments/zeroize/T03-relational-and-compositional-zeroization-laws/final-evidence/ZERO-T3_VERDICT.md	ZERO-FINAL_CAMPAIGN_v1_af4c5abd/verdicts/ZERO-T3_VERDICT.md	1678	b50c2f9926abf05281a0b4e489894448d302502d69df2cce0dfb2b1571e0fd1e	Final family verdict retained once from the accepted final campaign package.
ZERO-FINAL_CAMPAIGN_v1_af4c5abd/verdicts/ZERO-T4_VERDICT.md	RETAINED	final-family-verdict	experiments/zeroize/T04-zero-before-release-handoff/final-evidence/ZERO-T4_VERDICT.md	ZERO-FINAL_CAMPAIGN_v1_af4c5abd/verdicts/ZERO-T4_VERDICT.md	2950	39c8c532ff3b6cdb47f1289ac4136fc61c05240bfbef84206985fbccf89fe43a	Final family verdict retained once from the accepted final campaign package.
ZERO-FINAL_CAMPAIGN_v1_af4c5abd/verdicts/ZERO-V1_VERDICT.md	RETAINED	final-family-verdict	experiments/zeroize/V01-mutation-sensitivity/final-evidence/ZERO-V1_VERDICT.md	ZERO-FINAL_CAMPAIGN_v1_af4c5abd/verdicts/ZERO-V1_VERDICT.md	1375	9c7cd17c29716de61a241f42a9414023c8a2ec95f39e52695ea6d3a361a367fb	Final family verdict retained once from the accepted final campaign package.
ZERO-T1_FREEZE_v1_af4c5abd.tar.gz	RETAINED	frozen-family-package	provenance/zeroize/frozen-family-packages/ZERO-T1_FREEZE_v1_af4c5abd.tar.gz	ZERO-T1_FREEZE_v1_af4c5abd.tar.gz	15355	a3fcd0dc7ec6513eaf96f2f9142c7d49db0443b413f7bea12d88583e8c38bc3b	Canonical family freeze archive retained once in provenance.
ZERO-T1_FREEZE_v1_af4c5abd.tar.gz.sha256	RETAINED	frozen-family-package-checksum	provenance/zeroize/frozen-family-packages/ZERO-T1_FREEZE_v1_af4c5abd.tar.gz.sha256	ZERO-T1_FREEZE_v1_af4c5abd.tar.gz.sha256	147	15aece7cf8586fc78877cc6ced56e1ebdfa8b77ab0881a8a909dc863f55ecedc	Checksum for canonical family freeze archive retained.
ZERO-T1_FREEZE_v1_af4c5abd/MANIFEST.sha256	RETAINED	final-freeze-manifest	experiments/zeroize/T01-exact-slice-erasure-and-prestate-independence/final-evidence/MANIFEST.sha256	ZERO-T1_FREEZE_v1_af4c5abd/MANIFEST.sha256	1142	2da98556667b1032ad8a42881e28bb743e0fa5a33355f44de468cacd084a2119	Family freeze manifest retained; expanded freeze payload mirrors are omitted.
ZERO-T1_FREEZE_v1_af4c5abd/ZERO-T1_COMMANDS.txt	RETAINED	final-command-record	experiments/zeroize/T01-exact-slice-erasure-and-prestate-independence/final-evidence/ZERO-T1_COMMANDS.txt	ZERO-T1_FREEZE_v1_af4c5abd/ZERO-T1_COMMANDS.txt	602	e866978669bd3a89651831b31a291d292630ae1a6507ca17af4abc359b4eff61	Final family command record retained once.
ZERO-T2_FREEZE_v1_af4c5abd.tar.gz	RETAINED	frozen-family-package	provenance/zeroize/frozen-family-packages/ZERO-T2_FREEZE_v1_af4c5abd.tar.gz	ZERO-T2_FREEZE_v1_af4c5abd.tar.gz	14709	980c7191e65becf755c675895f1584c96d7cdc418e2e3be59d3d9ee956510fd2	Canonical family freeze archive retained once in provenance.
ZERO-T2_FREEZE_v1_af4c5abd.tar.gz.sha256	RETAINED	frozen-family-package-checksum	provenance/zeroize/frozen-family-packages/ZERO-T2_FREEZE_v1_af4c5abd.tar.gz.sha256	ZERO-T2_FREEZE_v1_af4c5abd.tar.gz.sha256	147	35d4d82a7b638dcc20dc76df17d366e91badfa434a6f6b193029dc32b5b5d73f	Checksum for canonical family freeze archive retained.
ZERO-T2_FREEZE_v1_af4c5abd/MANIFEST.sha256	RETAINED	final-freeze-manifest	experiments/zeroize/T02-frame-confinement-and-zero-length-identity/final-evidence/MANIFEST.sha256	ZERO-T2_FREEZE_v1_af4c5abd/MANIFEST.sha256	1108	f9500d05fc109dd7d6275f9f9660a9737bcd61384b9c8161ded27e246e4fc1ca	Family freeze manifest retained; expanded freeze payload mirrors are omitted.
ZERO-T2_FREEZE_v1_af4c5abd/ZERO-T2_COMMANDS.txt	RETAINED	final-command-record	experiments/zeroize/00-campaign-setup/shared-command-records/ZERO-T2-T3_SHARED_COMMANDS.txt	ZERO-T2_FREEZE_v1_af4c5abd/ZERO-T2_COMMANDS.txt	534	3706327cb7f1e08f07db31841fb0147c78fe021ee93b6e595d8f486554d31853	Byte-identical T2/T3 command record retained once as a shared command record.
ZERO-T2_RUN1_af4c5abd/ZERO-T2_HARNESS_SHA256.txt	RETAINED	T02-raw-run	experiments/zeroize/T02-frame-confinement-and-zero-length-identity/raw-run/ZERO-T2_HARNESS_SHA256.txt	ZERO-T2_RUN1_af4c5abd/ZERO-T2_HARNESS_SHA256.txt	325	7369e39bb344b9903de8f819a543f547a072a82c9725794b4c0cd4ebd489893d	Original T2 positive theorem and expected-failure-control run evidence retained.
ZERO-T2_RUN1_af4c5abd/ZERO-T2_RUN1_SHA256SUMS.txt	RETAINED	T02-raw-run	experiments/zeroize/T02-frame-confinement-and-zero-length-identity/raw-run/ZERO-T2_RUN1_SHA256SUMS.txt	ZERO-T2_RUN1_af4c5abd/ZERO-T2_RUN1_SHA256SUMS.txt	1626	f8ff4845b1d762bad60428f007a8ff5a0189cfd8a7e3ea13c1adb7f7b1c3a089	Original T2 positive theorem and expected-failure-control run evidence retained.
ZERO-T2_RUN1_af4c5abd/fail_compile_stderr.txt	RETAINED	T02-raw-run	experiments/zeroize/T02-frame-confinement-and-zero-length-identity/raw-run/fail_compile_stderr.txt	ZERO-T2_RUN1_af4c5abd/fail_compile_stderr.txt	0	e3b0c44298fc1c149afbf4c8996fb92427ae41e4649b934ca495991b7852b855	Original T2 positive theorem and expected-failure-control run evidence retained.
ZERO-T2_RUN1_af4c5abd/fail_compile_stdout.txt	RETAINED	T02-raw-run	experiments/zeroize/T02-frame-confinement-and-zero-length-identity/raw-run/fail_compile_stdout.txt	ZERO-T2_RUN1_af4c5abd/fail_compile_stdout.txt	0	e3b0c44298fc1c149afbf4c8996fb92427ae41e4649b934ca495991b7852b855	Original T2 positive theorem and expected-failure-control run evidence retained.
ZERO-T2_RUN1_af4c5abd/fail_library_stderr.txt	RETAINED	T02-raw-run	experiments/zeroize/T02-frame-confinement-and-zero-length-identity/raw-run/fail_library_stderr.txt	ZERO-T2_RUN1_af4c5abd/fail_library_stderr.txt	0	e3b0c44298fc1c149afbf4c8996fb92427ae41e4649b934ca495991b7852b855	Original T2 positive theorem and expected-failure-control run evidence retained.
ZERO-T2_RUN1_af4c5abd/fail_library_stdout.txt	RETAINED	T02-raw-run	experiments/zeroize/T02-frame-confinement-and-zero-length-identity/raw-run/fail_library_stdout.txt	ZERO-T2_RUN1_af4c5abd/fail_library_stdout.txt	288	3b95c31c4b2d7540fc88fb3dbdc106ef0e3febd01dfa5c8f249bd5e4c7e714b3	Original T2 positive theorem and expected-failure-control run evidence retained.
ZERO-T2_RUN1_af4c5abd/t2_compile_stderr.txt	RETAINED	T02-raw-run	experiments/zeroize/T02-frame-confinement-and-zero-length-identity/raw-run/t2_compile_stderr.txt	ZERO-T2_RUN1_af4c5abd/t2_compile_stderr.txt	0	e3b0c44298fc1c149afbf4c8996fb92427ae41e4649b934ca495991b7852b855	Original T2 positive theorem and expected-failure-control run evidence retained.
ZERO-T2_RUN1_af4c5abd/t2_compile_stdout.txt	RETAINED	T02-raw-run	experiments/zeroize/T02-frame-confinement-and-zero-length-identity/raw-run/t2_compile_stdout.txt	ZERO-T2_RUN1_af4c5abd/t2_compile_stdout.txt	0	e3b0c44298fc1c149afbf4c8996fb92427ae41e4649b934ca495991b7852b855	Original T2 positive theorem and expected-failure-control run evidence retained.
ZERO-T2_RUN1_af4c5abd/t2_library_stderr.txt	RETAINED	T02-raw-run	experiments/zeroize/T02-frame-confinement-and-zero-length-identity/raw-run/t2_library_stderr.txt	ZERO-T2_RUN1_af4c5abd/t2_library_stderr.txt	0	e3b0c44298fc1c149afbf4c8996fb92427ae41e4649b934ca495991b7852b855	Original T2 positive theorem and expected-failure-control run evidence retained.
ZERO-T2_RUN1_af4c5abd/t2_library_stdout.txt	RETAINED	T02-raw-run	experiments/zeroize/T02-frame-confinement-and-zero-length-identity/raw-run/t2_library_stdout.txt	ZERO-T2_RUN1_af4c5abd/t2_library_stdout.txt	274	392c9e2d8239daf18d0745a16f6e81fd0e9cf9357b270689af7d11e50081d20c	Original T2 positive theorem and expected-failure-control run evidence retained.
ZERO-T2_RUN1_af4c5abd/zero_t2_cbmc_output.txt	RETAINED	T02-raw-run	experiments/zeroize/T02-frame-confinement-and-zero-length-identity/raw-run/zero_t2_cbmc_output.txt	ZERO-T2_RUN1_af4c5abd/zero_t2_cbmc_output.txt	14778	a1866784bb8a77bc756d35c92cebd0d80408c7ab7376937532aa19d08fae9272	Original T2 positive theorem and expected-failure-control run evidence retained.
ZERO-T2_RUN1_af4c5abd/zero_t2_cbmc_stderr.txt	RETAINED	T02-raw-run	experiments/zeroize/T02-frame-confinement-and-zero-length-identity/raw-run/zero_t2_cbmc_stderr.txt	ZERO-T2_RUN1_af4c5abd/zero_t2_cbmc_stderr.txt	0	e3b0c44298fc1c149afbf4c8996fb92427ae41e4649b934ca495991b7852b855	Original T2 positive theorem and expected-failure-control run evidence retained.
ZERO-T2_RUN1_af4c5abd/zero_t2_fail_control.library.goto	RETAINED	T02-raw-run	experiments/zeroize/T02-frame-confinement-and-zero-length-identity/raw-run/zero_t2_fail_control.library.goto	ZERO-T2_RUN1_af4c5abd/zero_t2_fail_control.library.goto	29805	79f02bdf0612c493ebece1f632e76f620dc3eccaf3eabd8ff26c2fae033e0876	Original T2 positive theorem and expected-failure-control run evidence retained.
ZERO-T2_RUN1_af4c5abd/zero_t2_fail_control.raw.goto	RETAINED	T02-raw-run	experiments/zeroize/T02-frame-confinement-and-zero-length-identity/raw-run/zero_t2_fail_control.raw.goto	ZERO-T2_RUN1_af4c5abd/zero_t2_fail_control.raw.goto	29869	a42df7708a74993f6109de33ce3bdd801a031b9107b4bbcff8acd0173ae11b32	Original T2 positive theorem and expected-failure-control run evidence retained.
ZERO-T2_RUN1_af4c5abd/zero_t2_fail_control_cbmc_output.txt	RETAINED	T02-raw-run	experiments/zeroize/T02-frame-confinement-and-zero-length-identity/raw-run/zero_t2_fail_control_cbmc_output.txt	ZERO-T2_RUN1_af4c5abd/zero_t2_fail_control_cbmc_output.txt	11756	70d8c0a857bee31aa1ce95eb4aef9056d567e108f66638fc2f204864839c7beb	Original T2 positive theorem and expected-failure-control run evidence retained.
ZERO-T2_RUN1_af4c5abd/zero_t2_fail_control_cbmc_stderr.txt	RETAINED	T02-raw-run	experiments/zeroize/T02-frame-confinement-and-zero-length-identity/raw-run/zero_t2_fail_control_cbmc_stderr.txt	ZERO-T2_RUN1_af4c5abd/zero_t2_fail_control_cbmc_stderr.txt	0	e3b0c44298fc1c149afbf4c8996fb92427ae41e4649b934ca495991b7852b855	Original T2 positive theorem and expected-failure-control run evidence retained.
ZERO-T2_RUN1_af4c5abd/zero_t2_fail_control_harness.c	RETAINED	T02-raw-run	experiments/zeroize/T02-frame-confinement-and-zero-length-identity/raw-run/zero_t2_fail_control_harness.c	ZERO-T2_RUN1_af4c5abd/zero_t2_fail_control_harness.c	466	0bd8e18b7b67147bf1bd7abaea19c36de219f2632cb6bf8e213f34fc7b546dc6	Original T2 positive theorem and expected-failure-control run evidence retained.
ZERO-T2_RUN1_af4c5abd/zero_t2_frame.library.goto	RETAINED	T02-raw-run	experiments/zeroize/T02-frame-confinement-and-zero-length-identity/raw-run/zero_t2_frame.library.goto	ZERO-T2_RUN1_af4c5abd/zero_t2_frame.library.goto	37466	8ba13a22d99fad91a1adc4f1275c0e5a72b642109aa5524f5024043558e055bc	Original T2 positive theorem and expected-failure-control run evidence retained.
ZERO-T2_RUN1_af4c5abd/zero_t2_frame.raw.goto	RETAINED	T02-raw-run	experiments/zeroize/T02-frame-confinement-and-zero-length-identity/raw-run/zero_t2_frame.raw.goto	ZERO-T2_RUN1_af4c5abd/zero_t2_frame.raw.goto	37341	caad38b39a5aa49e894ad73ff32592381e65ee225712fe706e1c68ca55b25e36	Original T2 positive theorem and expected-failure-control run evidence retained.
ZERO-T2_RUN1_af4c5abd/zero_t2_frame_harness.c	RETAINED	T02-raw-run	experiments/zeroize/T02-frame-confinement-and-zero-length-identity/raw-run/zero_t2_frame_harness.c	ZERO-T2_RUN1_af4c5abd/zero_t2_frame_harness.c	2900	9c17d24dca430bb7d41dbb4a6547e6a48a8eda5154bd5464acfeed6df098a5b1	Original T2 positive theorem and expected-failure-control run evidence retained.
ZERO-T2_RUN1_af4c5abd/zero_t2_library_body.txt	RETAINED	T02-raw-run	experiments/zeroize/T02-frame-confinement-and-zero-length-identity/raw-run/zero_t2_library_body.txt	ZERO-T2_RUN1_af4c5abd/zero_t2_library_body.txt	46420	0ac2346988a260c2e37a41c9f911e00e8aa7ef791ad55cea2c64d1b89d428701	Original T2 positive theorem and expected-failure-control run evidence retained.
ZERO-T2_RUN1_af4c5abd/zero_t2_raw_body.txt	RETAINED	T02-raw-run	experiments/zeroize/T02-frame-confinement-and-zero-length-identity/raw-run/zero_t2_raw_body.txt	ZERO-T2_RUN1_af4c5abd/zero_t2_raw_body.txt	47793	6033d5c3ce698658bb64c01e4e12fedb6bdcb40683c75c59b0ff0a5551bd1d2e	Original T2 positive theorem and expected-failure-control run evidence retained.
ZERO-T3_FREEZE_v1_af4c5abd.tar.gz	RETAINED	frozen-family-package	provenance/zeroize/frozen-family-packages/ZERO-T3_FREEZE_v1_af4c5abd.tar.gz	ZERO-T3_FREEZE_v1_af4c5abd.tar.gz	20704	a39d8e903a88275b3a947f9fcae914533fb66e58d1e78655235b1fd7c3effc5a	Canonical family freeze archive retained once in provenance.
ZERO-T3_FREEZE_v1_af4c5abd.tar.gz.sha256	RETAINED	frozen-family-package-checksum	provenance/zeroize/frozen-family-packages/ZERO-T3_FREEZE_v1_af4c5abd.tar.gz.sha256	ZERO-T3_FREEZE_v1_af4c5abd.tar.gz.sha256	147	2136a4233da9b39014d44b73175d10b430726d2057f2dce2db663c6acd6ccb18	Checksum for canonical family freeze archive retained.
ZERO-T3_FREEZE_v1_af4c5abd/MANIFEST.sha256	RETAINED	final-freeze-manifest	experiments/zeroize/T03-relational-and-compositional-zeroization-laws/final-evidence/MANIFEST.sha256	ZERO-T3_FREEZE_v1_af4c5abd/MANIFEST.sha256	1116	eccd3814022d49267df76d411151ac45665de27261d40b0446140d2f84e23f64	Family freeze manifest retained; expanded freeze payload mirrors are omitted.
ZERO-T3_RUN1_af4c5abd/ZERO-T3_HARNESS_SHA256.txt	RETAINED	T03-raw-run	experiments/zeroize/T03-relational-and-compositional-zeroization-laws/raw-run/ZERO-T3_HARNESS_SHA256.txt	ZERO-T3_RUN1_af4c5abd/ZERO-T3_HARNESS_SHA256.txt	333	d0936b6b6228ea1b7bc0a296e2cd263f7bc335c4004a17066a8fc2c1a18d9d7c	Original T3 positive theorem and expected-failure-control run evidence retained.
ZERO-T3_RUN1_af4c5abd/ZERO-T3_RUN1_SHA256SUMS.txt	RETAINED	T03-raw-run	experiments/zeroize/T03-relational-and-compositional-zeroization-laws/raw-run/ZERO-T3_RUN1_SHA256SUMS.txt	ZERO-T3_RUN1_af4c5abd/ZERO-T3_RUN1_SHA256SUMS.txt	1650	1bb8b3e958b40a5e3e9c4ee8a127856cbb649ea3685038c4c36f17bd83ea15d9	Original T3 positive theorem and expected-failure-control run evidence retained.
ZERO-T3_RUN1_af4c5abd/fail_compile_stderr.txt	RETAINED	T03-raw-run	experiments/zeroize/T03-relational-and-compositional-zeroization-laws/raw-run/fail_compile_stderr.txt	ZERO-T3_RUN1_af4c5abd/fail_compile_stderr.txt	0	e3b0c44298fc1c149afbf4c8996fb92427ae41e4649b934ca495991b7852b855	Original T3 positive theorem and expected-failure-control run evidence retained.
ZERO-T3_RUN1_af4c5abd/fail_compile_stdout.txt	RETAINED	T03-raw-run	experiments/zeroize/T03-relational-and-compositional-zeroization-laws/raw-run/fail_compile_stdout.txt	ZERO-T3_RUN1_af4c5abd/fail_compile_stdout.txt	0	e3b0c44298fc1c149afbf4c8996fb92427ae41e4649b934ca495991b7852b855	Original T3 positive theorem and expected-failure-control run evidence retained.
ZERO-T3_RUN1_af4c5abd/fail_library_stderr.txt	RETAINED	T03-raw-run	experiments/zeroize/T03-relational-and-compositional-zeroization-laws/raw-run/fail_library_stderr.txt	ZERO-T3_RUN1_af4c5abd/fail_library_stderr.txt	0	e3b0c44298fc1c149afbf4c8996fb92427ae41e4649b934ca495991b7852b855	Original T3 positive theorem and expected-failure-control run evidence retained.
ZERO-T3_RUN1_af4c5abd/fail_library_stdout.txt	RETAINED	T03-raw-run	experiments/zeroize/T03-relational-and-compositional-zeroization-laws/raw-run/fail_library_stdout.txt	ZERO-T3_RUN1_af4c5abd/fail_library_stdout.txt	288	9cf57cb755ed1cb8001b46d9eb87abe36c48ffc1b0453b34cdecaa868ad59a80	Original T3 positive theorem and expected-failure-control run evidence retained.
ZERO-T3_RUN1_af4c5abd/t3_compile_stderr.txt	RETAINED	T03-raw-run	experiments/zeroize/T03-relational-and-compositional-zeroization-laws/raw-run/t3_compile_stderr.txt	ZERO-T3_RUN1_af4c5abd/t3_compile_stderr.txt	0	e3b0c44298fc1c149afbf4c8996fb92427ae41e4649b934ca495991b7852b855	Original T3 positive theorem and expected-failure-control run evidence retained.
ZERO-T3_RUN1_af4c5abd/t3_compile_stdout.txt	RETAINED	T03-raw-run	experiments/zeroize/T03-relational-and-compositional-zeroization-laws/raw-run/t3_compile_stdout.txt	ZERO-T3_RUN1_af4c5abd/t3_compile_stdout.txt	0	e3b0c44298fc1c149afbf4c8996fb92427ae41e4649b934ca495991b7852b855	Original T3 positive theorem and expected-failure-control run evidence retained.
ZERO-T3_RUN1_af4c5abd/t3_library_stderr.txt	RETAINED	T03-raw-run	experiments/zeroize/T03-relational-and-compositional-zeroization-laws/raw-run/t3_library_stderr.txt	ZERO-T3_RUN1_af4c5abd/t3_library_stderr.txt	0	e3b0c44298fc1c149afbf4c8996fb92427ae41e4649b934ca495991b7852b855	Original T3 positive theorem and expected-failure-control run evidence retained.
ZERO-T3_RUN1_af4c5abd/t3_library_stdout.txt	RETAINED	T03-raw-run	experiments/zeroize/T03-relational-and-compositional-zeroization-laws/raw-run/t3_library_stdout.txt	ZERO-T3_RUN1_af4c5abd/t3_library_stdout.txt	290	57e23ae4ba41e744f8c3b62b1dfd0462205e95583f68e74da60ba804423fe19d	Original T3 positive theorem and expected-failure-control run evidence retained.
ZERO-T3_RUN1_af4c5abd/zero_t3_cbmc_output.txt	RETAINED	T03-raw-run	experiments/zeroize/T03-relational-and-compositional-zeroization-laws/raw-run/zero_t3_cbmc_output.txt	ZERO-T3_RUN1_af4c5abd/zero_t3_cbmc_output.txt	23665	3a2cec9c4508daf95404494ac3b2da5099dac4cd6d27ac2f90de2f80e206a329	Original T3 positive theorem and expected-failure-control run evidence retained.
ZERO-T3_RUN1_af4c5abd/zero_t3_cbmc_stderr.txt	RETAINED	T03-raw-run	experiments/zeroize/T03-relational-and-compositional-zeroization-laws/raw-run/zero_t3_cbmc_stderr.txt	ZERO-T3_RUN1_af4c5abd/zero_t3_cbmc_stderr.txt	0	e3b0c44298fc1c149afbf4c8996fb92427ae41e4649b934ca495991b7852b855	Original T3 positive theorem and expected-failure-control run evidence retained.
ZERO-T3_RUN1_af4c5abd/zero_t3_compositional.library.goto	RETAINED	T03-raw-run	experiments/zeroize/T03-relational-and-compositional-zeroization-laws/raw-run/zero_t3_compositional.library.goto	ZERO-T3_RUN1_af4c5abd/zero_t3_compositional.library.goto	54164	074b73763eae384741f853d4e9b7e730ec36f1aa363729d2435fbb358afe3bb8	Original T3 positive theorem and expected-failure-control run evidence retained.
ZERO-T3_RUN1_af4c5abd/zero_t3_compositional.raw.goto	RETAINED	T03-raw-run	experiments/zeroize/T03-relational-and-compositional-zeroization-laws/raw-run/zero_t3_compositional.raw.goto	ZERO-T3_RUN1_af4c5abd/zero_t3_compositional.raw.goto	53891	6f2c4316ca58d571f409af7ffc618937a79d129d91f089669d4a4497b6f8700c	Original T3 positive theorem and expected-failure-control run evidence retained.
ZERO-T3_RUN1_af4c5abd/zero_t3_compositional_harness.c	RETAINED	T03-raw-run	experiments/zeroize/T03-relational-and-compositional-zeroization-laws/raw-run/zero_t3_compositional_harness.c	ZERO-T3_RUN1_af4c5abd/zero_t3_compositional_harness.c	7699	8fd29979f955f2eb0a79116107bc1ad03785c1a4905512e162b6ef699ad7b4da	Original T3 positive theorem and expected-failure-control run evidence retained.
ZERO-T3_RUN1_af4c5abd/zero_t3_fail_control.library.goto	RETAINED	T03-raw-run	experiments/zeroize/T03-relational-and-compositional-zeroization-laws/raw-run/zero_t3_fail_control.library.goto	ZERO-T3_RUN1_af4c5abd/zero_t3_fail_control.library.goto	30540	2053aa427906cceafbb4670da0342f2a692d6b5c384cea2851b09b2a7f6c4e59	Original T3 positive theorem and expected-failure-control run evidence retained.
ZERO-T3_RUN1_af4c5abd/zero_t3_fail_control.raw.goto	RETAINED	T03-raw-run	experiments/zeroize/T03-relational-and-compositional-zeroization-laws/raw-run/zero_t3_fail_control.raw.goto	ZERO-T3_RUN1_af4c5abd/zero_t3_fail_control.raw.goto	30498	4a7637f29cf261d1390d7a2e096eef7743003585032338d5709974176905b27d	Original T3 positive theorem and expected-failure-control run evidence retained.
ZERO-T3_RUN1_af4c5abd/zero_t3_fail_control_cbmc_output.txt	RETAINED	T03-raw-run	experiments/zeroize/T03-relational-and-compositional-zeroization-laws/raw-run/zero_t3_fail_control_cbmc_output.txt	ZERO-T3_RUN1_af4c5abd/zero_t3_fail_control_cbmc_output.txt	11776	0540432f9c90d9c25f1a9a9f5562319b69e1ae40354bb881105d779f4a267f05	Original T3 positive theorem and expected-failure-control run evidence retained.
ZERO-T3_RUN1_af4c5abd/zero_t3_fail_control_cbmc_stderr.txt	RETAINED	T03-raw-run	experiments/zeroize/T03-relational-and-compositional-zeroization-laws/raw-run/zero_t3_fail_control_cbmc_stderr.txt	ZERO-T3_RUN1_af4c5abd/zero_t3_fail_control_cbmc_stderr.txt	0	e3b0c44298fc1c149afbf4c8996fb92427ae41e4649b934ca495991b7852b855	Original T3 positive theorem and expected-failure-control run evidence retained.
ZERO-T3_RUN1_af4c5abd/zero_t3_fail_control_harness.c	RETAINED	T03-raw-run	experiments/zeroize/T03-relational-and-compositional-zeroization-laws/raw-run/zero_t3_fail_control_harness.c	ZERO-T3_RUN1_af4c5abd/zero_t3_fail_control_harness.c	560	652f873cda6b99d986adabd263077b9b8f7328447b1857728b49d248b9cf797a	Original T3 positive theorem and expected-failure-control run evidence retained.
ZERO-T3_RUN1_af4c5abd/zero_t3_library_body.txt	RETAINED	T03-raw-run	experiments/zeroize/T03-relational-and-compositional-zeroization-laws/raw-run/zero_t3_library_body.txt	ZERO-T3_RUN1_af4c5abd/zero_t3_library_body.txt	81846	acf7d4ade6de362f6f9cc06ee70329378419fcef6c76be0a3257202ab1d87b55	Original T3 positive theorem and expected-failure-control run evidence retained.
ZERO-T3_RUN1_af4c5abd/zero_t3_raw_body.txt	RETAINED	T03-raw-run	experiments/zeroize/T03-relational-and-compositional-zeroization-laws/raw-run/zero_t3_raw_body.txt	ZERO-T3_RUN1_af4c5abd/zero_t3_raw_body.txt	83219	7b1924d4db749f19b11758550501c3c0cca291e492495a81314164bbefe93766	Original T3 positive theorem and expected-failure-control run evidence retained.
ZERO-T4_FREEZE_v1_af4c5abd.tar.gz	RETAINED	frozen-family-package	provenance/zeroize/frozen-family-packages/ZERO-T4_FREEZE_v1_af4c5abd.tar.gz	ZERO-T4_FREEZE_v1_af4c5abd.tar.gz	49413	8b044d5120a7a9fd5d7143e877168691d9a76640bff6fafd852d5c53c633704b	Canonical family freeze archive retained once in provenance.
ZERO-T4_FREEZE_v1_af4c5abd.tar.gz.sha256	RETAINED	frozen-family-package-checksum	provenance/zeroize/frozen-family-packages/ZERO-T4_FREEZE_v1_af4c5abd.tar.gz.sha256	ZERO-T4_FREEZE_v1_af4c5abd.tar.gz.sha256	147	bf0a7964c2b9025fa91b25c6d3f6a54e5511e5e65fde3f8cfcde3b8fc6930e97	Checksum for canonical family freeze archive retained.
ZERO-T4_FREEZE_v1_af4c5abd/MANIFEST.sha256	RETAINED	final-freeze-manifest	experiments/zeroize/T04-zero-before-release-handoff/final-evidence/MANIFEST.sha256	ZERO-T4_FREEZE_v1_af4c5abd/MANIFEST.sha256	3488	df121d91413f172b53e370737dc621b564ef0334c14eba2ff491b91373a689af	Family freeze manifest retained; expanded freeze payload mirrors are omitted.
ZERO-T4_FREEZE_v1_af4c5abd/ZERO-T4_COMMANDS.txt	RETAINED	final-command-record	experiments/zeroize/T04-zero-before-release-handoff/final-evidence/ZERO-T4_COMMANDS.txt	ZERO-T4_FREEZE_v1_af4c5abd/ZERO-T4_COMMANDS.txt	617	dffecbf956b457d8de1fa37f33d0adff71be3ee24fd0e578a43c506475a35b42	Final family command record retained once.
ZERO-T4_RUN1_af4c5abd/ZERO-T4_RUN1_FAILURE_CLASSIFICATION.md	RETAINED	T04-run1-preserved-failure	experiments/zeroize/T04-zero-before-release-handoff/run1-failed-harness-configuration/ZERO-T4_RUN1_FAILURE_CLASSIFICATION.md	ZERO-T4_RUN1_af4c5abd/ZERO-T4_RUN1_FAILURE_CLASSIFICATION.md	1205	6e5c4343e88010e0895d091f0199dbc71470c77e66bbad0b68008d4c60cce0fa	Preserved unsuccessful T4 Run1 harness-configuration attempt and diagnostics.
ZERO-T4_RUN1_af4c5abd/ZERO-T4_RUN1_FAILURE_SHA256SUMS.txt	RETAINED	T04-run1-preserved-failure	experiments/zeroize/T04-zero-before-release-handoff/run1-failed-harness-configuration/ZERO-T4_RUN1_FAILURE_SHA256SUMS.txt	ZERO-T4_RUN1_af4c5abd/ZERO-T4_RUN1_FAILURE_SHA256SUMS.txt	1322	7fff3374e8caa959ee367d359e00a5c1527d130c0b241980b1dd297cbbb39c39	Preserved unsuccessful T4 Run1 harness-configuration attempt and diagnostics.
ZERO-T4_RUN1_af4c5abd/ZERO-T4_SOURCE_SHA256.txt	RETAINED	T04-run1-preserved-failure	experiments/zeroize/T04-zero-before-release-handoff/run1-failed-harness-configuration/ZERO-T4_SOURCE_SHA256.txt	ZERO-T4_RUN1_af4c5abd/ZERO-T4_SOURCE_SHA256.txt	666	cb9e0f6ea117b2d0ab69a69845e189a7510d00a6bc665e7043e303d3d4b3d532	Preserved unsuccessful T4 Run1 harness-configuration attempt and diagnostics.
ZERO-T4_RUN1_af4c5abd/custom_compile_stderr.txt	RETAINED	T04-run1-preserved-failure	experiments/zeroize/T04-zero-before-release-handoff/run1-failed-harness-configuration/custom_compile_stderr.txt	ZERO-T4_RUN1_af4c5abd/custom_compile_stderr.txt	1222	9fe729ee56a8c3f709f60cddaebb68a311e07750a234d701d5351d612949d871	Preserved unsuccessful T4 Run1 harness-configuration attempt and diagnostics.
ZERO-T4_RUN1_af4c5abd/custom_compile_stdout.txt	RETAINED	T04-run1-preserved-failure	experiments/zeroize/T04-zero-before-release-handoff/run1-failed-harness-configuration/custom_compile_stdout.txt	ZERO-T4_RUN1_af4c5abd/custom_compile_stdout.txt	0	e3b0c44298fc1c149afbf4c8996fb92427ae41e4649b934ca495991b7852b855	Preserved unsuccessful T4 Run1 harness-configuration attempt and diagnostics.
ZERO-T4_RUN1_af4c5abd/default_compile_stderr.txt	RETAINED	T04-run1-preserved-failure	experiments/zeroize/T04-zero-before-release-handoff/run1-failed-harness-configuration/default_compile_stderr.txt	ZERO-T4_RUN1_af4c5abd/default_compile_stderr.txt	331	c1f24a3787ade2d1459360e7d2d6d18a131711ee56d5a9ef58fc53ecafb76b63	Preserved unsuccessful T4 Run1 harness-configuration attempt and diagnostics.
ZERO-T4_RUN1_af4c5abd/default_compile_stdout.txt	RETAINED	T04-run1-preserved-failure	experiments/zeroize/T04-zero-before-release-handoff/run1-failed-harness-configuration/default_compile_stdout.txt	ZERO-T4_RUN1_af4c5abd/default_compile_stdout.txt	0	e3b0c44298fc1c149afbf4c8996fb92427ae41e4649b934ca495991b7852b855	Preserved unsuccessful T4 Run1 harness-configuration attempt and diagnostics.
ZERO-T4_RUN1_af4c5abd/fail_compile_stderr.txt	RETAINED	T04-run1-preserved-failure	experiments/zeroize/T04-zero-before-release-handoff/run1-failed-harness-configuration/fail_compile_stderr.txt	ZERO-T4_RUN1_af4c5abd/fail_compile_stderr.txt	1228	bca613feb53e1f49c844bcebbf1eeda19272121fd8a0bf3435fdbe0f32754a75	Preserved unsuccessful T4 Run1 harness-configuration attempt and diagnostics.
ZERO-T4_RUN1_af4c5abd/fail_compile_stdout.txt	RETAINED	T04-run1-preserved-failure	experiments/zeroize/T04-zero-before-release-handoff/run1-failed-harness-configuration/fail_compile_stdout.txt	ZERO-T4_RUN1_af4c5abd/fail_compile_stdout.txt	0	e3b0c44298fc1c149afbf4c8996fb92427ae41e4649b934ca495991b7852b855	Preserved unsuccessful T4 Run1 harness-configuration attempt and diagnostics.
ZERO-T4_RUN1_af4c5abd/zero_t4_assumption_supplement.md	RETAINED	T04-run1-preserved-failure	experiments/zeroize/T04-zero-before-release-handoff/run1-failed-harness-configuration/zero_t4_assumption_supplement.md	ZERO-T4_RUN1_af4c5abd/zero_t4_assumption_supplement.md	868	a6788ef8c9334f61c9a3376a81df55eb98e3d57ba2d1dac4064e35b181098a63	Preserved unsuccessful T4 Run1 harness-configuration attempt and diagnostics.
ZERO-T4_RUN1_af4c5abd/zero_t4_custom_free_harness.c	RETAINED	T04-run1-preserved-failure	experiments/zeroize/T04-zero-before-release-handoff/run1-failed-harness-configuration/zero_t4_custom_free_harness.c	ZERO-T4_RUN1_af4c5abd/zero_t4_custom_free_harness.c	2349	3d9e7871c7b8f1610881d7fb32575d167cd80f616a47fc2fdd4db791703e7eed	Preserved unsuccessful T4 Run1 harness-configuration attempt and diagnostics.
ZERO-T4_RUN1_af4c5abd/zero_t4_default_free_harness.c	RETAINED	T04-run1-preserved-failure	experiments/zeroize/T04-zero-before-release-handoff/run1-failed-harness-configuration/zero_t4_default_free_harness.c	ZERO-T4_RUN1_af4c5abd/zero_t4_default_free_harness.c	822	7eb1f3d2086101b21208aa44dc1f10a442cc1ac50ae35ab5c20010b2ef474d90	Preserved unsuccessful T4 Run1 harness-configuration attempt and diagnostics.
ZERO-T4_RUN1_af4c5abd/zero_t4_fail_controls_harness.c	RETAINED	T04-run1-preserved-failure	experiments/zeroize/T04-zero-before-release-handoff/run1-failed-harness-configuration/zero_t4_fail_controls_harness.c	ZERO-T4_RUN1_af4c5abd/zero_t4_fail_controls_harness.c	1797	a84ae1736122966f68547454aac49b9033037ba0df5552c16ff2a897eff6b97a	Preserved unsuccessful T4 Run1 harness-configuration attempt and diagnostics.
ZERO-T4_RUN2_af4c5abd/ZERO-T4_CONFIG_SHA256.txt	RETAINED	T04-run2-accepted	experiments/zeroize/T04-zero-before-release-handoff/run2-accepted/ZERO-T4_CONFIG_SHA256.txt	ZERO-T4_RUN2_af4c5abd/ZERO-T4_CONFIG_SHA256.txt	319	23db2169dec154d5aa35ac8451261fd4d62389e7662b1852619b9156d70cd30d	Accepted T4 default/custom release-handoff run evidence retained.
ZERO-T4_RUN2_af4c5abd/ZERO-T4_RUN2_SHA256SUMS.txt	RETAINED	T04-run2-accepted	experiments/zeroize/T04-zero-before-release-handoff/run2-accepted/ZERO-T4_RUN2_SHA256SUMS.txt	ZERO-T4_RUN2_af4c5abd/ZERO-T4_RUN2_SHA256SUMS.txt	3442	3acb30d88d391d83298841c9ce944a27f4ce6dbf0c03af5b2b2db4c2ab327418	Accepted T4 default/custom release-handoff run evidence retained.
ZERO-T4_RUN2_af4c5abd/ZERO-T4_RUN2_SOURCE_SHA256.txt	RETAINED	T04-run2-accepted	experiments/zeroize/T04-zero-before-release-handoff/run2-accepted/ZERO-T4_RUN2_SOURCE_SHA256.txt	ZERO-T4_RUN2_af4c5abd/ZERO-T4_RUN2_SOURCE_SHA256.txt	817	9fa0b899c9cbeaaade0ed465dde35eb88a27b255a757ae38f53a91517fa0b0d5	Accepted T4 default/custom release-handoff run evidence retained.
ZERO-T4_RUN2_af4c5abd/custom_compile_stderr.txt	RETAINED	T04-run2-accepted	experiments/zeroize/T04-zero-before-release-handoff/run2-accepted/custom_compile_stderr.txt	ZERO-T4_RUN2_af4c5abd/custom_compile_stderr.txt	0	e3b0c44298fc1c149afbf4c8996fb92427ae41e4649b934ca495991b7852b855	Accepted T4 default/custom release-handoff run evidence retained.
ZERO-T4_RUN2_af4c5abd/custom_compile_stdout.txt	RETAINED	T04-run2-accepted	experiments/zeroize/T04-zero-before-release-handoff/run2-accepted/custom_compile_stdout.txt	ZERO-T4_RUN2_af4c5abd/custom_compile_stdout.txt	0	e3b0c44298fc1c149afbf4c8996fb92427ae41e4649b934ca495991b7852b855	Accepted T4 default/custom release-handoff run evidence retained.
ZERO-T4_RUN2_af4c5abd/custom_library_stderr.txt	RETAINED	T04-run2-accepted	experiments/zeroize/T04-zero-before-release-handoff/run2-accepted/custom_library_stderr.txt	ZERO-T4_RUN2_af4c5abd/custom_library_stderr.txt	0	e3b0c44298fc1c149afbf4c8996fb92427ae41e4649b934ca495991b7852b855	Accepted T4 default/custom release-handoff run evidence retained.
ZERO-T4_RUN2_af4c5abd/custom_library_stdout.txt	RETAINED	T04-run2-accepted	experiments/zeroize/T04-zero-before-release-handoff/run2-accepted/custom_library_stdout.txt	ZERO-T4_RUN2_af4c5abd/custom_library_stdout.txt	276	f7ce4c56dc38a1bc355b4873f52d3ff8477323a82921f602d1d19800d36d85c6	Accepted T4 default/custom release-handoff run evidence retained.
ZERO-T4_RUN2_af4c5abd/custom_macros.txt	RETAINED	T04-run2-accepted	experiments/zeroize/T04-zero-before-release-handoff/run2-accepted/custom_macros.txt	ZERO-T4_RUN2_af4c5abd/custom_macros.txt	40831	ee10887b26286e6fddf18568fcee31740abe02725e5d00a1fc339660d0464f9b	Accepted T4 default/custom release-handoff run evidence retained.
ZERO-T4_RUN2_af4c5abd/default_compile_stderr.txt	RETAINED	T04-run2-accepted	experiments/zeroize/T04-zero-before-release-handoff/run2-accepted/default_compile_stderr.txt	ZERO-T4_RUN2_af4c5abd/default_compile_stderr.txt	0	e3b0c44298fc1c149afbf4c8996fb92427ae41e4649b934ca495991b7852b855	Accepted T4 default/custom release-handoff run evidence retained.
ZERO-T4_RUN2_af4c5abd/default_compile_stdout.txt	RETAINED	T04-run2-accepted	experiments/zeroize/T04-zero-before-release-handoff/run2-accepted/default_compile_stdout.txt	ZERO-T4_RUN2_af4c5abd/default_compile_stdout.txt	0	e3b0c44298fc1c149afbf4c8996fb92427ae41e4649b934ca495991b7852b855	Accepted T4 default/custom release-handoff run evidence retained.
ZERO-T4_RUN2_af4c5abd/default_library_stderr.txt	RETAINED	T04-run2-accepted	experiments/zeroize/T04-zero-before-release-handoff/run2-accepted/default_library_stderr.txt	ZERO-T4_RUN2_af4c5abd/default_library_stderr.txt	0	e3b0c44298fc1c149afbf4c8996fb92427ae41e4649b934ca495991b7852b855	Accepted T4 default/custom release-handoff run evidence retained.
ZERO-T4_RUN2_af4c5abd/default_library_stdout.txt	RETAINED	T04-run2-accepted	experiments/zeroize/T04-zero-before-release-handoff/run2-accepted/default_library_stdout.txt	ZERO-T4_RUN2_af4c5abd/default_library_stdout.txt	278	5fc535df8976fcddefdf20976f1bbbda6a6cf9c5bc5714d06e8368184c2a50f4	Accepted T4 default/custom release-handoff run evidence retained.
ZERO-T4_RUN2_af4c5abd/default_macros.txt	RETAINED	T04-run2-accepted	experiments/zeroize/T04-zero-before-release-handoff/run2-accepted/default_macros.txt	ZERO-T4_RUN2_af4c5abd/default_macros.txt	40511	e053af698717a9eefe7a895cec93f3af6301fb7f0c5b56a8fcc0ab231df65b5b	Accepted T4 default/custom release-handoff run evidence retained.
ZERO-T4_RUN2_af4c5abd/fail_compile_stderr.txt	RETAINED	T04-run2-accepted	experiments/zeroize/T04-zero-before-release-handoff/run2-accepted/fail_compile_stderr.txt	ZERO-T4_RUN2_af4c5abd/fail_compile_stderr.txt	0	e3b0c44298fc1c149afbf4c8996fb92427ae41e4649b934ca495991b7852b855	Accepted T4 default/custom release-handoff run evidence retained.
ZERO-T4_RUN2_af4c5abd/fail_compile_stdout.txt	RETAINED	T04-run2-accepted	experiments/zeroize/T04-zero-before-release-handoff/run2-accepted/fail_compile_stdout.txt	ZERO-T4_RUN2_af4c5abd/fail_compile_stdout.txt	0	e3b0c44298fc1c149afbf4c8996fb92427ae41e4649b934ca495991b7852b855	Accepted T4 default/custom release-handoff run evidence retained.
ZERO-T4_RUN2_af4c5abd/fail_library_stderr.txt	RETAINED	T04-run2-accepted	experiments/zeroize/T04-zero-before-release-handoff/run2-accepted/fail_library_stderr.txt	ZERO-T4_RUN2_af4c5abd/fail_library_stderr.txt	0	e3b0c44298fc1c149afbf4c8996fb92427ae41e4649b934ca495991b7852b855	Accepted T4 default/custom release-handoff run evidence retained.
ZERO-T4_RUN2_af4c5abd/fail_library_stdout.txt	RETAINED	T04-run2-accepted	experiments/zeroize/T04-zero-before-release-handoff/run2-accepted/fail_library_stdout.txt	ZERO-T4_RUN2_af4c5abd/fail_library_stdout.txt	290	3b05223ac8098d0956ac7eb3006f1fb4099fe9648e976570c782dd457d14435a	Accepted T4 default/custom release-handoff run evidence retained.
ZERO-T4_RUN2_af4c5abd/zero_t4_custom.library.goto	RETAINED	T04-run2-accepted	experiments/zeroize/T04-zero-before-release-handoff/run2-accepted/zero_t4_custom.library.goto	ZERO-T4_RUN2_af4c5abd/zero_t4_custom.library.goto	36074	ac87f59939b5a0ded1e016d09c306b5c5bc4582f37d9f9f05a754c8d21be369d	Accepted T4 default/custom release-handoff run evidence retained.
ZERO-T4_RUN2_af4c5abd/zero_t4_custom.raw.goto	RETAINED	T04-run2-accepted	experiments/zeroize/T04-zero-before-release-handoff/run2-accepted/zero_t4_custom.raw.goto	ZERO-T4_RUN2_af4c5abd/zero_t4_custom.raw.goto	35145	4aa10b02c7d1fe6ee221ae3f07aeeab1c8931ebc1152c15678606685c4f7daee	Accepted T4 default/custom release-handoff run evidence retained.
ZERO-T4_RUN2_af4c5abd/zero_t4_custom_cbmc_output.txt	RETAINED	T04-run2-accepted	experiments/zeroize/T04-zero-before-release-handoff/run2-accepted/zero_t4_custom_cbmc_output.txt	ZERO-T4_RUN2_af4c5abd/zero_t4_custom_cbmc_output.txt	17010	f6f9e5d42cd3e068928bfb66b6be8f108472cd7a75c023363c2eb9e8ece9cddc	Accepted T4 default/custom release-handoff run evidence retained.
ZERO-T4_RUN2_af4c5abd/zero_t4_custom_cbmc_stderr.txt	RETAINED	T04-run2-accepted	experiments/zeroize/T04-zero-before-release-handoff/run2-accepted/zero_t4_custom_cbmc_stderr.txt	ZERO-T4_RUN2_af4c5abd/zero_t4_custom_cbmc_stderr.txt	0	e3b0c44298fc1c149afbf4c8996fb92427ae41e4649b934ca495991b7852b855	Accepted T4 default/custom release-handoff run evidence retained.
ZERO-T4_RUN2_af4c5abd/zero_t4_custom_config.h	RETAINED	T04-run2-accepted	experiments/zeroize/T04-zero-before-release-handoff/run2-accepted/zero_t4_custom_config.h	ZERO-T4_RUN2_af4c5abd/zero_t4_custom_config.h	693	ec72486c011c7b740732e93a5dbc07b6c09908a8bca65c7b5bee98eb50955da9	Accepted T4 default/custom release-handoff run evidence retained.
ZERO-T4_RUN2_af4c5abd/zero_t4_custom_free_harness.c	RETAINED	T04-run2-accepted	experiments/zeroize/T04-zero-before-release-handoff/run2-accepted/zero_t4_custom_free_harness.c	ZERO-T4_RUN2_af4c5abd/zero_t4_custom_free_harness.c	2286	b42104052d0ecc19db49a6f0452b1240f8a7a7982a86f3ab32f4f513a4622660	Accepted T4 default/custom release-handoff run evidence retained.
ZERO-T4_RUN2_af4c5abd/zero_t4_custom_harness_block.txt	RETAINED	T04-run2-accepted	experiments/zeroize/T04-zero-before-release-handoff/run2-accepted/zero_t4_custom_harness_block.txt	ZERO-T4_RUN2_af4c5abd/zero_t4_custom_harness_block.txt	10710	098c6b74d7f6fbd44e55759037b69fcdc2c08e3c1ebcfe11ae0a39cdc4c41c7a	Accepted T4 default/custom release-handoff run evidence retained.
ZERO-T4_RUN2_af4c5abd/zero_t4_custom_library_body.txt	RETAINED	T04-run2-accepted	experiments/zeroize/T04-zero-before-release-handoff/run2-accepted/zero_t4_custom_library_body.txt	ZERO-T4_RUN2_af4c5abd/zero_t4_custom_library_body.txt	44770	558b5dd688434f8f1cf2eeccdbf60e6875328f1046ec8529961b138d3ec0cf87	Accepted T4 default/custom release-handoff run evidence retained.
ZERO-T4_RUN2_af4c5abd/zero_t4_custom_raw_body.txt	RETAINED	T04-run2-accepted	experiments/zeroize/T04-zero-before-release-handoff/run2-accepted/zero_t4_custom_raw_body.txt	ZERO-T4_RUN2_af4c5abd/zero_t4_custom_raw_body.txt	46143	f0b028303a89a21e7375584756d0a6b30fe0589417f3a73f5eccb473bf3b8091	Accepted T4 default/custom release-handoff run evidence retained.
ZERO-T4_RUN2_af4c5abd/zero_t4_default.library.goto	RETAINED	T04-run2-accepted	experiments/zeroize/T04-zero-before-release-handoff/run2-accepted/zero_t4_default.library.goto	ZERO-T4_RUN2_af4c5abd/zero_t4_default.library.goto	31238	93ba54a4d5c04817ebea6700aa69f741f8f53c9a2307d6dedf2cae6e863a0e7d	Accepted T4 default/custom release-handoff run evidence retained.
ZERO-T4_RUN2_af4c5abd/zero_t4_default.raw.goto	RETAINED	T04-run2-accepted	experiments/zeroize/T04-zero-before-release-handoff/run2-accepted/zero_t4_default.raw.goto	ZERO-T4_RUN2_af4c5abd/zero_t4_default.raw.goto	31236	d6dcaf49c0e70d3f31e215377634703106aeec589c107a217d32f133d30d26a6	Accepted T4 default/custom release-handoff run evidence retained.
ZERO-T4_RUN2_af4c5abd/zero_t4_default_cbmc_output.txt	RETAINED	T04-run2-accepted	experiments/zeroize/T04-zero-before-release-handoff/run2-accepted/zero_t4_default_cbmc_output.txt	ZERO-T4_RUN2_af4c5abd/zero_t4_default_cbmc_output.txt	12989	d8506eaa4b94e768ae7272ccfd1ecff7e46a370ba5de1bd21c88872c69fc3131	Accepted T4 default/custom release-handoff run evidence retained.
ZERO-T4_RUN2_af4c5abd/zero_t4_default_cbmc_stderr.txt	RETAINED	T04-run2-accepted	experiments/zeroize/T04-zero-before-release-handoff/run2-accepted/zero_t4_default_cbmc_stderr.txt	ZERO-T4_RUN2_af4c5abd/zero_t4_default_cbmc_stderr.txt	0	e3b0c44298fc1c149afbf4c8996fb92427ae41e4649b934ca495991b7852b855	Accepted T4 default/custom release-handoff run evidence retained.
ZERO-T4_RUN2_af4c5abd/zero_t4_default_config.h	RETAINED	T04-run2-accepted	experiments/zeroize/T04-zero-before-release-handoff/run2-accepted/zero_t4_default_config.h	ZERO-T4_RUN2_af4c5abd/zero_t4_default_config.h	601	681fdc4bf37b4194bfd7a0537a02b5ad30250a2a6e8607bb4d126e014a4510f9	Accepted T4 default/custom release-handoff run evidence retained.
ZERO-T4_RUN2_af4c5abd/zero_t4_default_free_harness.c	RETAINED	T04-run2-accepted	experiments/zeroize/T04-zero-before-release-handoff/run2-accepted/zero_t4_default_free_harness.c	ZERO-T4_RUN2_af4c5abd/zero_t4_default_free_harness.c	983	14aabfc5772d354086e569c70409ebc784f6aae995d0942093f2db6d5410be12	Accepted T4 default/custom release-handoff run evidence retained.
ZERO-T4_RUN2_af4c5abd/zero_t4_default_library_body.txt	RETAINED	T04-run2-accepted	experiments/zeroize/T04-zero-before-release-handoff/run2-accepted/zero_t4_default_library_body.txt	ZERO-T4_RUN2_af4c5abd/zero_t4_default_library_body.txt	35831	3be7f71857432f7b0aa7826fe4426142f8aa1f8e82dc1ef02f57818ba3bd70fd	Accepted T4 default/custom release-handoff run evidence retained.
ZERO-T4_RUN2_af4c5abd/zero_t4_default_raw_body.txt	RETAINED	T04-run2-accepted	experiments/zeroize/T04-zero-before-release-handoff/run2-accepted/zero_t4_default_raw_body.txt	ZERO-T4_RUN2_af4c5abd/zero_t4_default_raw_body.txt	37204	5a62d81fd8596444d929f9b98896d1258155a84b502a52803af71723f2ce9899	Accepted T4 default/custom release-handoff run evidence retained.
ZERO-T4_RUN2_af4c5abd/zero_t4_fail_controls.library.goto	RETAINED	T04-run2-accepted	experiments/zeroize/T04-zero-before-release-handoff/run2-accepted/zero_t4_fail_controls.library.goto	ZERO-T4_RUN2_af4c5abd/zero_t4_fail_controls.library.goto	34899	c17b9fa41990248ef314e4353af5f4c12ce405aec32673d2533f82aa21069dfc	Accepted T4 default/custom release-handoff run evidence retained.
ZERO-T4_RUN2_af4c5abd/zero_t4_fail_controls.raw.goto	RETAINED	T04-run2-accepted	experiments/zeroize/T04-zero-before-release-handoff/run2-accepted/zero_t4_fail_controls.raw.goto	ZERO-T4_RUN2_af4c5abd/zero_t4_fail_controls.raw.goto	34035	95703774ff680ffba9dcd5d98efac9c160387d1b96407b6c1bd745845da5065b	Accepted T4 default/custom release-handoff run evidence retained.
ZERO-T4_RUN2_af4c5abd/zero_t4_fail_controls_cbmc_output.txt	RETAINED	T04-run2-accepted	experiments/zeroize/T04-zero-before-release-handoff/run2-accepted/zero_t4_fail_controls_cbmc_output.txt	ZERO-T4_RUN2_af4c5abd/zero_t4_fail_controls_cbmc_output.txt	18663	2a388d4be156fec00c69a9e676fc9b91da0dfa1c4520cdfc7f5360b2b7a0055b	Accepted T4 default/custom release-handoff run evidence retained.
ZERO-T4_RUN2_af4c5abd/zero_t4_fail_controls_cbmc_stderr.txt	RETAINED	T04-run2-accepted	experiments/zeroize/T04-zero-before-release-handoff/run2-accepted/zero_t4_fail_controls_cbmc_stderr.txt	ZERO-T4_RUN2_af4c5abd/zero_t4_fail_controls_cbmc_stderr.txt	0	e3b0c44298fc1c149afbf4c8996fb92427ae41e4649b934ca495991b7852b855	Accepted T4 default/custom release-handoff run evidence retained.
ZERO-T4_RUN2_af4c5abd/zero_t4_fail_controls_harness.c	RETAINED	T04-run2-accepted	experiments/zeroize/T04-zero-before-release-handoff/run2-accepted/zero_t4_fail_controls_harness.c	ZERO-T4_RUN2_af4c5abd/zero_t4_fail_controls_harness.c	1590	08f463ad9a1c23401653feddf2e95accec307ce82d4f096d8b1e026260ba8044	Accepted T4 default/custom release-handoff run evidence retained.
ZERO-V1_FREEZE_v1_af4c5abd.tar.gz	RETAINED	frozen-family-package	provenance/zeroize/frozen-family-packages/ZERO-V1_FREEZE_v1_af4c5abd.tar.gz	ZERO-V1_FREEZE_v1_af4c5abd.tar.gz	85202	1d1ff632c7dd1b9495a267aeac49abef9a9b2f1ef204008b71334768a2f236e5	Canonical family freeze archive retained once in provenance.
ZERO-V1_FREEZE_v1_af4c5abd.tar.gz.sha256	RETAINED	frozen-family-package-checksum	provenance/zeroize/frozen-family-packages/ZERO-V1_FREEZE_v1_af4c5abd.tar.gz.sha256	ZERO-V1_FREEZE_v1_af4c5abd.tar.gz.sha256	100	0e2f86dfb681f6ce43e1fed913659a0354ef9d8ecb3d548ea91e518cb07adc36	Checksum for canonical family freeze archive retained.
ZERO-V1_FREEZE_v1_af4c5abd/MANIFEST.sha256	RETAINED	final-freeze-manifest	experiments/zeroize/V01-mutation-sensitivity/final-evidence/MANIFEST.sha256	ZERO-V1_FREEZE_v1_af4c5abd/MANIFEST.sha256	14035	7466296d8ef2d5aa4c5de1ccd98a2cbe6a8b3719d7562a1e7f7d3b5feb212bad	Family freeze manifest retained; expanded freeze payload mirrors are omitted.
ZERO-V1_FREEZE_v1_af4c5abd/ZERO-V1_COMMANDS.txt	RETAINED	final-command-record	experiments/zeroize/V01-mutation-sensitivity/final-evidence/ZERO-V1_COMMANDS.txt	ZERO-V1_FREEZE_v1_af4c5abd/ZERO-V1_COMMANDS.txt	434	b9c00b14d21f4cfcc2a20c0ff4f51ba456ffa6266a8704c4b0b5b4c6fdacc6e7	Final family command record retained once.
ZERO-V1_MUTATION_PLAN_af4c5abd/ZERO-V1_ACCEPTANCE_RULES.md	RETAINED	V01-mutation-plan	experiments/zeroize/V01-mutation-sensitivity/plan/ZERO-V1_ACCEPTANCE_RULES.md	ZERO-V1_MUTATION_PLAN_af4c5abd/ZERO-V1_ACCEPTANCE_RULES.md	611	e046c047b5cb7de54a68046173a9516744fac677f91a949447fcead650a0814d	Locked mutation registry, detector matrix, acceptance rules and plan checks retained.
ZERO-V1_MUTATION_PLAN_af4c5abd/ZERO-V1_DETECTOR_MATRIX.csv	RETAINED	V01-mutation-plan	experiments/zeroize/V01-mutation-sensitivity/plan/ZERO-V1_DETECTOR_MATRIX.csv	ZERO-V1_MUTATION_PLAN_af4c5abd/ZERO-V1_DETECTOR_MATRIX.csv	622	674a25a2fe7942c5e0651f0aa46b4e9e59b4a14e29d9669a7651fd9416859610	Locked mutation registry, detector matrix, acceptance rules and plan checks retained.
ZERO-V1_MUTATION_PLAN_af4c5abd/ZERO-V1_MUTATION_REGISTRY.md	RETAINED	V01-mutation-plan	experiments/zeroize/V01-mutation-sensitivity/plan/ZERO-V1_MUTATION_REGISTRY.md	ZERO-V1_MUTATION_PLAN_af4c5abd/ZERO-V1_MUTATION_REGISTRY.md	2107	be88edc17cc0919fcb8ce20352a3e024f9d50fa6da1e20f79c86b2fd380062f1	Locked mutation registry, detector matrix, acceptance rules and plan checks retained.
ZERO-V1_MUTATION_PLAN_af4c5abd/ZERO-V1_PLAN_RECHECK.txt	RETAINED	V01-mutation-plan	experiments/zeroize/V01-mutation-sensitivity/plan/ZERO-V1_PLAN_RECHECK.txt	ZERO-V1_MUTATION_PLAN_af4c5abd/ZERO-V1_PLAN_RECHECK.txt	331	74577ff64540f93f5873c2500d509386f202488537b4b0f18f2623d5b55477e3	Locked mutation registry, detector matrix, acceptance rules and plan checks retained.
ZERO-V1_MUTATION_PLAN_af4c5abd/ZERO-V1_PLAN_SHA256SUMS.txt	RETAINED	V01-mutation-plan	experiments/zeroize/V01-mutation-sensitivity/plan/ZERO-V1_PLAN_SHA256SUMS.txt	ZERO-V1_MUTATION_PLAN_af4c5abd/ZERO-V1_PLAN_SHA256SUMS.txt	517	9fa229afd120275dc73a0b3e4daebd74bf0e8f5159a31ab84b7be0e97cea68ba	Locked mutation registry, detector matrix, acceptance rules and plan checks retained.
ZERO-V1_RUN1_af4c5abd/M1_remove_wipe/build_status.txt	RETAINED	V01-mutation-run	experiments/zeroize/V01-mutation-sensitivity/raw-run/M1_remove_wipe/build_status.txt	ZERO-V1_RUN1_af4c5abd/M1_remove_wipe/build_status.txt	30	fedab85146b2657c8aceb300b2e4f5243bc6d47afc33bd839602d54c78b14055	Original eight-mutant execution evidence retained in full run context.
ZERO-V1_RUN1_af4c5abd/M1_remove_wipe/cbmc_output.txt	RETAINED	V01-mutation-run	experiments/zeroize/V01-mutation-sensitivity/raw-run/M1_remove_wipe/cbmc_output.txt	ZERO-V1_RUN1_af4c5abd/M1_remove_wipe/cbmc_output.txt	1069	30d66a1e83c8da26a156f0d0a94015405f895585c59f0984a743fb5860eea92a	Original eight-mutant execution evidence retained in full run context.
ZERO-V1_RUN1_af4c5abd/M1_remove_wipe/cbmc_stderr.txt	RETAINED	V01-mutation-run	experiments/zeroize/V01-mutation-sensitivity/raw-run/M1_remove_wipe/cbmc_stderr.txt	ZERO-V1_RUN1_af4c5abd/M1_remove_wipe/cbmc_stderr.txt	0	e3b0c44298fc1c149afbf4c8996fb92427ae41e4649b934ca495991b7852b855	Original eight-mutant execution evidence retained in full run context.
ZERO-V1_RUN1_af4c5abd/M1_remove_wipe/compile_stderr.txt	RETAINED	V01-mutation-run	experiments/zeroize/V01-mutation-sensitivity/raw-run/M1_remove_wipe/compile_stderr.txt	ZERO-V1_RUN1_af4c5abd/M1_remove_wipe/compile_stderr.txt	0	e3b0c44298fc1c149afbf4c8996fb92427ae41e4649b934ca495991b7852b855	Original eight-mutant execution evidence retained in full run context.
ZERO-V1_RUN1_af4c5abd/M1_remove_wipe/compile_stdout.txt	RETAINED	V01-mutation-run	experiments/zeroize/V01-mutation-sensitivity/raw-run/M1_remove_wipe/compile_stdout.txt	ZERO-V1_RUN1_af4c5abd/M1_remove_wipe/compile_stdout.txt	0	e3b0c44298fc1c149afbf4c8996fb92427ae41e4649b934ca495991b7852b855	Original eight-mutant execution evidence retained in full run context.
ZERO-V1_RUN1_af4c5abd/M1_remove_wipe/goto_functions.txt	RETAINED	V01-mutation-run	experiments/zeroize/V01-mutation-sensitivity/raw-run/M1_remove_wipe/goto_functions.txt	ZERO-V1_RUN1_af4c5abd/M1_remove_wipe/goto_functions.txt	2289	d58022b28187c7b3ab14dafe06483b221ef98bab7f6d0858d1adfaad75253666	Original eight-mutant execution evidence retained in full run context.
ZERO-V1_RUN1_af4c5abd/M1_remove_wipe/library_stderr.txt	RETAINED	V01-mutation-run	experiments/zeroize/V01-mutation-sensitivity/raw-run/M1_remove_wipe/library_stderr.txt	ZERO-V1_RUN1_af4c5abd/M1_remove_wipe/library_stderr.txt	0	e3b0c44298fc1c149afbf4c8996fb92427ae41e4649b934ca495991b7852b855	Original eight-mutant execution evidence retained in full run context.
ZERO-V1_RUN1_af4c5abd/M1_remove_wipe/library_stdout.txt	RETAINED	V01-mutation-run	experiments/zeroize/V01-mutation-sensitivity/raw-run/M1_remove_wipe/library_stdout.txt	ZERO-V1_RUN1_af4c5abd/M1_remove_wipe/library_stdout.txt	290	6bcb413a726d0bab534b4c5c153c6ba4ff6d8083de45a4cf4b9faddb92bcb65c	Original eight-mutant execution evidence retained in full run context.
ZERO-V1_RUN1_af4c5abd/M1_remove_wipe/mutant.c	RETAINED	V01-mutation-run	experiments/zeroize/V01-mutation-sensitivity/raw-run/M1_remove_wipe/mutant.c	ZERO-V1_RUN1_af4c5abd/M1_remove_wipe/mutant.c	442	b54978a10f917e4e9ea556a63c034ba668ac5293150a328deeadb2df248467a2	Original eight-mutant execution evidence retained in full run context.
ZERO-V1_RUN1_af4c5abd/M1_remove_wipe/mutant.diff	RETAINED	V01-mutation-run	experiments/zeroize/V01-mutation-sensitivity/raw-run/M1_remove_wipe/mutant.diff	ZERO-V1_RUN1_af4c5abd/M1_remove_wipe/mutant.diff	568	f70706c2124dffa4a1fba67d1e217a88867dfc13a57903235d32a66551562e03	Original eight-mutant execution evidence retained in full run context.
ZERO-V1_RUN1_af4c5abd/M1_remove_wipe/mutant.library.goto	RETAINED	V01-mutation-run	experiments/zeroize/V01-mutation-sensitivity/raw-run/M1_remove_wipe/mutant.library.goto	ZERO-V1_RUN1_af4c5abd/M1_remove_wipe/mutant.library.goto	7050	11abc7652391583d6e4675575eccc4284347feb62d731a656b2ac77a5dc2c9d3	Original eight-mutant execution evidence retained in full run context.
ZERO-V1_RUN1_af4c5abd/M1_remove_wipe/mutant.raw.goto	RETAINED	V01-mutation-run	experiments/zeroize/V01-mutation-sensitivity/raw-run/M1_remove_wipe/mutant.raw.goto	ZERO-V1_RUN1_af4c5abd/M1_remove_wipe/mutant.raw.goto	6516	041e69f96480f6f5a63195634bd9af228545a29fcecbb6c5a12c1a26a8e0d0e2	Original eight-mutant execution evidence retained in full run context.
ZERO-V1_RUN1_af4c5abd/M1_remove_wipe/reference.c	RETAINED	V01-mutation-run	experiments/zeroize/V01-mutation-sensitivity/raw-run/M1_remove_wipe/reference.c	ZERO-V1_RUN1_af4c5abd/M1_remove_wipe/reference.c	458	1d6284d74a6ecd536ea323ee2e0bb7328aa39b52411f870fd973473f52a6e87f	Original eight-mutant execution evidence retained in full run context.
ZERO-V1_RUN1_af4c5abd/M1_remove_wipe/result.txt	RETAINED	V01-mutation-run	experiments/zeroize/V01-mutation-sensitivity/raw-run/M1_remove_wipe/result.txt	ZERO-V1_RUN1_af4c5abd/M1_remove_wipe/result.txt	186	5b5135f25b5a9465c92fd61103d20044303c64ef1f69d55dc2357efaf958bb37	Original eight-mutant execution evidence retained in full run context.
ZERO-V1_RUN1_af4c5abd/M1_remove_wipe/source_sha256.txt	RETAINED	V01-mutation-run	experiments/zeroize/V01-mutation-sensitivity/raw-run/M1_remove_wipe/source_sha256.txt	ZERO-V1_RUN1_af4c5abd/M1_remove_wipe/source_sha256.txt	483	492947a98963478299bd8bae17ac9ea1ca6b871ba130fd4c33a9d4e29a8bc1f2	Original eight-mutant execution evidence retained in full run context.
ZERO-V1_RUN1_af4c5abd/M2_fill_with_one/build_status.txt	RETAINED	V01-mutation-run	experiments/zeroize/V01-mutation-sensitivity/raw-run/M2_fill_with_one/build_status.txt	ZERO-V1_RUN1_af4c5abd/M2_fill_with_one/build_status.txt	30	fedab85146b2657c8aceb300b2e4f5243bc6d47afc33bd839602d54c78b14055	Original eight-mutant execution evidence retained in full run context.
ZERO-V1_RUN1_af4c5abd/M2_fill_with_one/cbmc_output.txt	RETAINED	V01-mutation-run	experiments/zeroize/V01-mutation-sensitivity/raw-run/M2_fill_with_one/cbmc_output.txt	ZERO-V1_RUN1_af4c5abd/M2_fill_with_one/cbmc_output.txt	2970	fc9ef23547fbf26bb0ee920011f0614684175a068b2711b5b492487538187a84	Original eight-mutant execution evidence retained in full run context.
ZERO-V1_RUN1_af4c5abd/M2_fill_with_one/cbmc_stderr.txt	RETAINED	V01-mutation-run	experiments/zeroize/V01-mutation-sensitivity/raw-run/M2_fill_with_one/cbmc_stderr.txt	ZERO-V1_RUN1_af4c5abd/M2_fill_with_one/cbmc_stderr.txt	0	e3b0c44298fc1c149afbf4c8996fb92427ae41e4649b934ca495991b7852b855	Original eight-mutant execution evidence retained in full run context.
ZERO-V1_RUN1_af4c5abd/M2_fill_with_one/compile_stderr.txt	RETAINED	V01-mutation-run	experiments/zeroize/V01-mutation-sensitivity/raw-run/M2_fill_with_one/compile_stderr.txt	ZERO-V1_RUN1_af4c5abd/M2_fill_with_one/compile_stderr.txt	0	e3b0c44298fc1c149afbf4c8996fb92427ae41e4649b934ca495991b7852b855	Original eight-mutant execution evidence retained in full run context.
ZERO-V1_RUN1_af4c5abd/M2_fill_with_one/compile_stdout.txt	RETAINED	V01-mutation-run	experiments/zeroize/V01-mutation-sensitivity/raw-run/M2_fill_with_one/compile_stdout.txt	ZERO-V1_RUN1_af4c5abd/M2_fill_with_one/compile_stdout.txt	0	e3b0c44298fc1c149afbf4c8996fb92427ae41e4649b934ca495991b7852b855	Original eight-mutant execution evidence retained in full run context.
ZERO-V1_RUN1_af4c5abd/M2_fill_with_one/goto_functions.txt	RETAINED	V01-mutation-run	experiments/zeroize/V01-mutation-sensitivity/raw-run/M2_fill_with_one/goto_functions.txt	ZERO-V1_RUN1_af4c5abd/M2_fill_with_one/goto_functions.txt	4178	583713244127698be13057fc00165cf419e9da06f9e0fb302c6d509fc7f5e72d	Original eight-mutant execution evidence retained in full run context.
ZERO-V1_RUN1_af4c5abd/M2_fill_with_one/library_stderr.txt	RETAINED	V01-mutation-run	experiments/zeroize/V01-mutation-sensitivity/raw-run/M2_fill_with_one/library_stderr.txt	ZERO-V1_RUN1_af4c5abd/M2_fill_with_one/library_stderr.txt	0	e3b0c44298fc1c149afbf4c8996fb92427ae41e4649b934ca495991b7852b855	Original eight-mutant execution evidence retained in full run context.
ZERO-V1_RUN1_af4c5abd/M2_fill_with_one/library_stdout.txt	RETAINED	V01-mutation-run	experiments/zeroize/V01-mutation-sensitivity/raw-run/M2_fill_with_one/library_stdout.txt	ZERO-V1_RUN1_af4c5abd/M2_fill_with_one/library_stdout.txt	294	e7c631fd099a5358d751e0c8502fef736a401c71376b5efa2c475fc72207f3b0	Original eight-mutant execution evidence retained in full run context.
ZERO-V1_RUN1_af4c5abd/M2_fill_with_one/mutant.c	RETAINED	V01-mutation-run	experiments/zeroize/V01-mutation-sensitivity/raw-run/M2_fill_with_one/mutant.c	ZERO-V1_RUN1_af4c5abd/M2_fill_with_one/mutant.c	506	9837c854e79c367a7b47c81871e691e61a60b661cbc5f4f3ef725c1a3aaa52a2	Original eight-mutant execution evidence retained in full run context.
ZERO-V1_RUN1_af4c5abd/M2_fill_with_one/mutant.diff	RETAINED	V01-mutation-run	experiments/zeroize/V01-mutation-sensitivity/raw-run/M2_fill_with_one/mutant.diff	ZERO-V1_RUN1_af4c5abd/M2_fill_with_one/mutant.diff	475	cd704e13c62c5d1139853c52656314a468938a261c7409cbb4a6e1d4e1f45621	Original eight-mutant execution evidence retained in full run context.
ZERO-V1_RUN1_af4c5abd/M2_fill_with_one/mutant.library.goto	RETAINED	V01-mutation-run	experiments/zeroize/V01-mutation-sensitivity/raw-run/M2_fill_with_one/mutant.library.goto	ZERO-V1_RUN1_af4c5abd/M2_fill_with_one/mutant.library.goto	7800	d83d101f8d06eceea6e0b4b860393755e4eab848720711bf4240dd861ddb9664	Original eight-mutant execution evidence retained in full run context.
ZERO-V1_RUN1_af4c5abd/M2_fill_with_one/mutant.raw.goto	RETAINED	V01-mutation-run	experiments/zeroize/V01-mutation-sensitivity/raw-run/M2_fill_with_one/mutant.raw.goto	ZERO-V1_RUN1_af4c5abd/M2_fill_with_one/mutant.raw.goto	7147	4221b4a243838cfcf730520ddc58a0f353a609a9d85bba8b668bad147ebfd8da	Original eight-mutant execution evidence retained in full run context.
ZERO-V1_RUN1_af4c5abd/M2_fill_with_one/reference.c	RETAINED	V01-mutation-run	experiments/zeroize/V01-mutation-sensitivity/raw-run/M2_fill_with_one/reference.c	ZERO-V1_RUN1_af4c5abd/M2_fill_with_one/reference.c	460	fa1f574ce9af1e5966c4a1d35993a445b38f36f5923999f2d2a2445d1ed50239	Original eight-mutant execution evidence retained in full run context.
ZERO-V1_RUN1_af4c5abd/M2_fill_with_one/result.txt	RETAINED	V01-mutation-run	experiments/zeroize/V01-mutation-sensitivity/raw-run/M2_fill_with_one/result.txt	ZERO-V1_RUN1_af4c5abd/M2_fill_with_one/result.txt	188	82f37e8bd040b891b2e59a4c7ef7a5df6142802e673ac96aba9c2d53f7524b06	Original eight-mutant execution evidence retained in full run context.
ZERO-V1_RUN1_af4c5abd/M2_fill_with_one/source_sha256.txt	RETAINED	V01-mutation-run	experiments/zeroize/V01-mutation-sensitivity/raw-run/M2_fill_with_one/source_sha256.txt	ZERO-V1_RUN1_af4c5abd/M2_fill_with_one/source_sha256.txt	489	09ddc27d345646fd9165df7fafa87a612513f588b0ae389da3a6ff6555fb8357	Original eight-mutant execution evidence retained in full run context.
ZERO-V1_RUN1_af4c5abd/M3_length_minus_one/build_status.txt	RETAINED	V01-mutation-run	experiments/zeroize/V01-mutation-sensitivity/raw-run/M3_length_minus_one/build_status.txt	ZERO-V1_RUN1_af4c5abd/M3_length_minus_one/build_status.txt	30	fedab85146b2657c8aceb300b2e4f5243bc6d47afc33bd839602d54c78b14055	Original eight-mutant execution evidence retained in full run context.
ZERO-V1_RUN1_af4c5abd/M3_length_minus_one/cbmc_output.txt	RETAINED	V01-mutation-run	experiments/zeroize/V01-mutation-sensitivity/raw-run/M3_length_minus_one/cbmc_output.txt	ZERO-V1_RUN1_af4c5abd/M3_length_minus_one/cbmc_output.txt	3101	23fbd7312d649bac1861e74774af082dbc4f5579ebeb5e4387512575bc25876a	Original eight-mutant execution evidence retained in full run context.
ZERO-V1_RUN1_af4c5abd/M3_length_minus_one/cbmc_stderr.txt	RETAINED	V01-mutation-run	experiments/zeroize/V01-mutation-sensitivity/raw-run/M3_length_minus_one/cbmc_stderr.txt	ZERO-V1_RUN1_af4c5abd/M3_length_minus_one/cbmc_stderr.txt	0	e3b0c44298fc1c149afbf4c8996fb92427ae41e4649b934ca495991b7852b855	Original eight-mutant execution evidence retained in full run context.
ZERO-V1_RUN1_af4c5abd/M3_length_minus_one/compile_stderr.txt	RETAINED	V01-mutation-run	experiments/zeroize/V01-mutation-sensitivity/raw-run/M3_length_minus_one/compile_stderr.txt	ZERO-V1_RUN1_af4c5abd/M3_length_minus_one/compile_stderr.txt	0	e3b0c44298fc1c149afbf4c8996fb92427ae41e4649b934ca495991b7852b855	Original eight-mutant execution evidence retained in full run context.
ZERO-V1_RUN1_af4c5abd/M3_length_minus_one/compile_stdout.txt	RETAINED	V01-mutation-run	experiments/zeroize/V01-mutation-sensitivity/raw-run/M3_length_minus_one/compile_stdout.txt	ZERO-V1_RUN1_af4c5abd/M3_length_minus_one/compile_stdout.txt	0	e3b0c44298fc1c149afbf4c8996fb92427ae41e4649b934ca495991b7852b855	Original eight-mutant execution evidence retained in full run context.
ZERO-V1_RUN1_af4c5abd/M3_length_minus_one/goto_functions.txt	RETAINED	V01-mutation-run	experiments/zeroize/V01-mutation-sensitivity/raw-run/M3_length_minus_one/goto_functions.txt	ZERO-V1_RUN1_af4c5abd/M3_length_minus_one/goto_functions.txt	4657	1cd1d5dc18ee668d71064548d8c3311ce169d00fedf358c23fc76214a72c80e9	Original eight-mutant execution evidence retained in full run context.
ZERO-V1_RUN1_af4c5abd/M3_length_minus_one/library_stderr.txt	RETAINED	V01-mutation-run	experiments/zeroize/V01-mutation-sensitivity/raw-run/M3_length_minus_one/library_stderr.txt	ZERO-V1_RUN1_af4c5abd/M3_length_minus_one/library_stderr.txt	0	e3b0c44298fc1c149afbf4c8996fb92427ae41e4649b934ca495991b7852b855	Original eight-mutant execution evidence retained in full run context.
ZERO-V1_RUN1_af4c5abd/M3_length_minus_one/library_stdout.txt	RETAINED	V01-mutation-run	experiments/zeroize/V01-mutation-sensitivity/raw-run/M3_length_minus_one/library_stdout.txt	ZERO-V1_RUN1_af4c5abd/M3_length_minus_one/library_stdout.txt	300	e5d5073df08654c5273899f743be5742e35d9bb695bbdb441f1cdc49efdd113b	Original eight-mutant execution evidence retained in full run context.
ZERO-V1_RUN1_af4c5abd/M3_length_minus_one/mutant.c	RETAINED	V01-mutation-run	experiments/zeroize/V01-mutation-sensitivity/raw-run/M3_length_minus_one/mutant.c	ZERO-V1_RUN1_af4c5abd/M3_length_minus_one/mutant.c	556	19358de48b46b2356013c6d0166b774749a904c6063cad4fd0b1d57066506b27	Original eight-mutant execution evidence retained in full run context.
ZERO-V1_RUN1_af4c5abd/M3_length_minus_one/mutant.diff	RETAINED	V01-mutation-run	experiments/zeroize/V01-mutation-sensitivity/raw-run/M3_length_minus_one/mutant.diff	ZERO-V1_RUN1_af4c5abd/M3_length_minus_one/mutant.diff	561	8bb569556381d54a65ae5d03dd731c5100903707fd15cbeff78428f5acaaad83	Original eight-mutant execution evidence retained in full run context.
ZERO-V1_RUN1_af4c5abd/M3_length_minus_one/mutant.library.goto	RETAINED	V01-mutation-run	experiments/zeroize/V01-mutation-sensitivity/raw-run/M3_length_minus_one/mutant.library.goto	ZERO-V1_RUN1_af4c5abd/M3_length_minus_one/mutant.library.goto	7997	c00a5a7632ae6c7bfbad94a62247c9d5b9c3f237caf4afdc48557591d8acb5ff	Original eight-mutant execution evidence retained in full run context.
ZERO-V1_RUN1_af4c5abd/M3_length_minus_one/mutant.raw.goto	RETAINED	V01-mutation-run	experiments/zeroize/V01-mutation-sensitivity/raw-run/M3_length_minus_one/mutant.raw.goto	ZERO-V1_RUN1_af4c5abd/M3_length_minus_one/mutant.raw.goto	7335	f55ead86da43355fd88b5eeab4518ef686779682ff776a32c52ca41461462cd1	Original eight-mutant execution evidence retained in full run context.
ZERO-V1_RUN1_af4c5abd/M3_length_minus_one/reference.c	RETAINED	V01-mutation-run	experiments/zeroize/V01-mutation-sensitivity/raw-run/M3_length_minus_one/reference.c	ZERO-V1_RUN1_af4c5abd/M3_length_minus_one/reference.c	463	707b1b8ca2ac9936c5ea6373e0ec71befea691f8c2f71a19dec09ebb6c419af1	Original eight-mutant execution evidence retained in full run context.
ZERO-V1_RUN1_af4c5abd/M3_length_minus_one/result.txt	RETAINED	V01-mutation-run	experiments/zeroize/V01-mutation-sensitivity/raw-run/M3_length_minus_one/result.txt	ZERO-V1_RUN1_af4c5abd/M3_length_minus_one/result.txt	191	2be126773af1eebe75d319fb4932fbfeeed2f9928b573d095d27fe8abe35a626	Original eight-mutant execution evidence retained in full run context.
ZERO-V1_RUN1_af4c5abd/M3_length_minus_one/source_sha256.txt	RETAINED	V01-mutation-run	experiments/zeroize/V01-mutation-sensitivity/raw-run/M3_length_minus_one/source_sha256.txt	ZERO-V1_RUN1_af4c5abd/M3_length_minus_one/source_sha256.txt	498	4621bb2dd42346e4bfd793795fb8826df4f94cd2a867d98f13f80d35520d73c5	Original eight-mutant execution evidence retained in full run context.
ZERO-V1_RUN1_af4c5abd/M4_pointer_plus_one/build_status.txt	RETAINED	V01-mutation-run	experiments/zeroize/V01-mutation-sensitivity/raw-run/M4_pointer_plus_one/build_status.txt	ZERO-V1_RUN1_af4c5abd/M4_pointer_plus_one/build_status.txt	30	fedab85146b2657c8aceb300b2e4f5243bc6d47afc33bd839602d54c78b14055	Original eight-mutant execution evidence retained in full run context.
ZERO-V1_RUN1_af4c5abd/M4_pointer_plus_one/cbmc_output.txt	RETAINED	V01-mutation-run	experiments/zeroize/V01-mutation-sensitivity/raw-run/M4_pointer_plus_one/cbmc_output.txt	ZERO-V1_RUN1_af4c5abd/M4_pointer_plus_one/cbmc_output.txt	2988	8a74546e4b7ebb9344674e101cb6d8eadc04d44e36d805965822a0a3b34c49c7	Original eight-mutant execution evidence retained in full run context.
ZERO-V1_RUN1_af4c5abd/M4_pointer_plus_one/cbmc_stderr.txt	RETAINED	V01-mutation-run	experiments/zeroize/V01-mutation-sensitivity/raw-run/M4_pointer_plus_one/cbmc_stderr.txt	ZERO-V1_RUN1_af4c5abd/M4_pointer_plus_one/cbmc_stderr.txt	0	e3b0c44298fc1c149afbf4c8996fb92427ae41e4649b934ca495991b7852b855	Original eight-mutant execution evidence retained in full run context.
ZERO-V1_RUN1_af4c5abd/M4_pointer_plus_one/compile_stderr.txt	RETAINED	V01-mutation-run	experiments/zeroize/V01-mutation-sensitivity/raw-run/M4_pointer_plus_one/compile_stderr.txt	ZERO-V1_RUN1_af4c5abd/M4_pointer_plus_one/compile_stderr.txt	0	e3b0c44298fc1c149afbf4c8996fb92427ae41e4649b934ca495991b7852b855	Original eight-mutant execution evidence retained in full run context.
ZERO-V1_RUN1_af4c5abd/M4_pointer_plus_one/compile_stdout.txt	RETAINED	V01-mutation-run	experiments/zeroize/V01-mutation-sensitivity/raw-run/M4_pointer_plus_one/compile_stdout.txt	ZERO-V1_RUN1_af4c5abd/M4_pointer_plus_one/compile_stdout.txt	0	e3b0c44298fc1c149afbf4c8996fb92427ae41e4649b934ca495991b7852b855	Original eight-mutant execution evidence retained in full run context.
ZERO-V1_RUN1_af4c5abd/M4_pointer_plus_one/goto_functions.txt	RETAINED	V01-mutation-run	experiments/zeroize/V01-mutation-sensitivity/raw-run/M4_pointer_plus_one/goto_functions.txt	ZERO-V1_RUN1_af4c5abd/M4_pointer_plus_one/goto_functions.txt	4238	3cfa0d4be4ee6d9a3f9be41a1d2d97fca89adaba85cf4d4eab9f627dd29c3f15	Original eight-mutant execution evidence retained in full run context.
ZERO-V1_RUN1_af4c5abd/M4_pointer_plus_one/library_stderr.txt	RETAINED	V01-mutation-run	experiments/zeroize/V01-mutation-sensitivity/raw-run/M4_pointer_plus_one/library_stderr.txt	ZERO-V1_RUN1_af4c5abd/M4_pointer_plus_one/library_stderr.txt	0	e3b0c44298fc1c149afbf4c8996fb92427ae41e4649b934ca495991b7852b855	Original eight-mutant execution evidence retained in full run context.
ZERO-V1_RUN1_af4c5abd/M4_pointer_plus_one/library_stdout.txt	RETAINED	V01-mutation-run	experiments/zeroize/V01-mutation-sensitivity/raw-run/M4_pointer_plus_one/library_stdout.txt	ZERO-V1_RUN1_af4c5abd/M4_pointer_plus_one/library_stdout.txt	300	8ef205a23325b5ec796a4910db8012e53c07e0d06cea62ff06af8383ea5d2478	Original eight-mutant execution evidence retained in full run context.
ZERO-V1_RUN1_af4c5abd/M4_pointer_plus_one/mutant.c	RETAINED	V01-mutation-run	experiments/zeroize/V01-mutation-sensitivity/raw-run/M4_pointer_plus_one/mutant.c	ZERO-V1_RUN1_af4c5abd/M4_pointer_plus_one/mutant.c	532	60b5df2e7f2b23af9928f70269f610b418354d00066aa0a1c5b63d7bee41c4f6	Original eight-mutant execution evidence retained in full run context.
ZERO-V1_RUN1_af4c5abd/M4_pointer_plus_one/mutant.diff	RETAINED	V01-mutation-run	experiments/zeroize/V01-mutation-sensitivity/raw-run/M4_pointer_plus_one/mutant.diff	ZERO-V1_RUN1_af4c5abd/M4_pointer_plus_one/mutant.diff	509	4a05234251f775475a2454f03ff672265885c82d2e7ce7a9a43fbf961ca1f9fe	Original eight-mutant execution evidence retained in full run context.
ZERO-V1_RUN1_af4c5abd/M4_pointer_plus_one/mutant.library.goto	RETAINED	V01-mutation-run	experiments/zeroize/V01-mutation-sensitivity/raw-run/M4_pointer_plus_one/mutant.library.goto	ZERO-V1_RUN1_af4c5abd/M4_pointer_plus_one/mutant.library.goto	7806	1379962b67f2dd47d8d2d00e8bb6e1a254654311a81fa3972348ab56ebc16da4	Original eight-mutant execution evidence retained in full run context.
ZERO-V1_RUN1_af4c5abd/M4_pointer_plus_one/mutant.raw.goto	RETAINED	V01-mutation-run	experiments/zeroize/V01-mutation-sensitivity/raw-run/M4_pointer_plus_one/mutant.raw.goto	ZERO-V1_RUN1_af4c5abd/M4_pointer_plus_one/mutant.raw.goto	7153	ba18434865a3f4d45f05aab2d16aac3688d26d8f71a03a87d9ed5332e9a31325	Original eight-mutant execution evidence retained in full run context.
ZERO-V1_RUN1_af4c5abd/M4_pointer_plus_one/reference.c	RETAINED	V01-mutation-run	experiments/zeroize/V01-mutation-sensitivity/raw-run/M4_pointer_plus_one/reference.c	ZERO-V1_RUN1_af4c5abd/M4_pointer_plus_one/reference.c	463	d082e5162c0fee13c10e756370a62ed24803158588da68976675bae2477f473d	Original eight-mutant execution evidence retained in full run context.
ZERO-V1_RUN1_af4c5abd/M4_pointer_plus_one/result.txt	RETAINED	V01-mutation-run	experiments/zeroize/V01-mutation-sensitivity/raw-run/M4_pointer_plus_one/result.txt	ZERO-V1_RUN1_af4c5abd/M4_pointer_plus_one/result.txt	191	46bbf6c043459e136a611749ae0e10de780effc43244aa774d3d008cc2293915	Original eight-mutant execution evidence retained in full run context.
ZERO-V1_RUN1_af4c5abd/M4_pointer_plus_one/source_sha256.txt	RETAINED	V01-mutation-run	experiments/zeroize/V01-mutation-sensitivity/raw-run/M4_pointer_plus_one/source_sha256.txt	ZERO-V1_RUN1_af4c5abd/M4_pointer_plus_one/source_sha256.txt	498	7266c920f6c9693562cce043a2ff7a96b8316dc16ec0e1a0aa8cc79cfd668f72	Original eight-mutant execution evidence retained in full run context.
ZERO-V1_RUN1_af4c5abd/M5_length_plus_one/build_status.txt	RETAINED	V01-mutation-run	experiments/zeroize/V01-mutation-sensitivity/raw-run/M5_length_plus_one/build_status.txt	ZERO-V1_RUN1_af4c5abd/M5_length_plus_one/build_status.txt	30	fedab85146b2657c8aceb300b2e4f5243bc6d47afc33bd839602d54c78b14055	Original eight-mutant execution evidence retained in full run context.
ZERO-V1_RUN1_af4c5abd/M5_length_plus_one/cbmc_output.txt	RETAINED	V01-mutation-run	experiments/zeroize/V01-mutation-sensitivity/raw-run/M5_length_plus_one/cbmc_output.txt	ZERO-V1_RUN1_af4c5abd/M5_length_plus_one/cbmc_output.txt	2979	08cddb15d879c4f8d14048485e619736f11b8f838f4591091ea5fbe44426113e	Original eight-mutant execution evidence retained in full run context.
ZERO-V1_RUN1_af4c5abd/M5_length_plus_one/cbmc_stderr.txt	RETAINED	V01-mutation-run	experiments/zeroize/V01-mutation-sensitivity/raw-run/M5_length_plus_one/cbmc_stderr.txt	ZERO-V1_RUN1_af4c5abd/M5_length_plus_one/cbmc_stderr.txt	0	e3b0c44298fc1c149afbf4c8996fb92427ae41e4649b934ca495991b7852b855	Original eight-mutant execution evidence retained in full run context.
ZERO-V1_RUN1_af4c5abd/M5_length_plus_one/compile_stderr.txt	RETAINED	V01-mutation-run	experiments/zeroize/V01-mutation-sensitivity/raw-run/M5_length_plus_one/compile_stderr.txt	ZERO-V1_RUN1_af4c5abd/M5_length_plus_one/compile_stderr.txt	0	e3b0c44298fc1c149afbf4c8996fb92427ae41e4649b934ca495991b7852b855	Original eight-mutant execution evidence retained in full run context.
ZERO-V1_RUN1_af4c5abd/M5_length_plus_one/compile_stdout.txt	RETAINED	V01-mutation-run	experiments/zeroize/V01-mutation-sensitivity/raw-run/M5_length_plus_one/compile_stdout.txt	ZERO-V1_RUN1_af4c5abd/M5_length_plus_one/compile_stdout.txt	0	e3b0c44298fc1c149afbf4c8996fb92427ae41e4649b934ca495991b7852b855	Original eight-mutant execution evidence retained in full run context.
ZERO-V1_RUN1_af4c5abd/M5_length_plus_one/goto_functions.txt	RETAINED	V01-mutation-run	experiments/zeroize/V01-mutation-sensitivity/raw-run/M5_length_plus_one/goto_functions.txt	ZERO-V1_RUN1_af4c5abd/M5_length_plus_one/goto_functions.txt	4825	3aa3e431c0b20f72e83b495c9c5494ca3d7375208240eb70cd5cae51fc036657	Original eight-mutant execution evidence retained in full run context.
ZERO-V1_RUN1_af4c5abd/M5_length_plus_one/library_stderr.txt	RETAINED	V01-mutation-run	experiments/zeroize/V01-mutation-sensitivity/raw-run/M5_length_plus_one/library_stderr.txt	ZERO-V1_RUN1_af4c5abd/M5_length_plus_one/library_stderr.txt	0	e3b0c44298fc1c149afbf4c8996fb92427ae41e4649b934ca495991b7852b855	Original eight-mutant execution evidence retained in full run context.
ZERO-V1_RUN1_af4c5abd/M5_length_plus_one/library_stdout.txt	RETAINED	V01-mutation-run	experiments/zeroize/V01-mutation-sensitivity/raw-run/M5_length_plus_one/library_stdout.txt	ZERO-V1_RUN1_af4c5abd/M5_length_plus_one/library_stdout.txt	298	71c1b6ba3fe59e43e63f416b5ada9f28e89225f3867e24cadf74c002090e6c88	Original eight-mutant execution evidence retained in full run context.
ZERO-V1_RUN1_af4c5abd/M5_length_plus_one/mutant.c	RETAINED	V01-mutation-run	experiments/zeroize/V01-mutation-sensitivity/raw-run/M5_length_plus_one/mutant.c	ZERO-V1_RUN1_af4c5abd/M5_length_plus_one/mutant.c	751	2dba4aad60f78c314f5e56c19a988b861e16d824063be07a03bdefbb4471785a	Original eight-mutant execution evidence retained in full run context.
ZERO-V1_RUN1_af4c5abd/M5_length_plus_one/mutant.diff	RETAINED	V01-mutation-run	experiments/zeroize/V01-mutation-sensitivity/raw-run/M5_length_plus_one/mutant.diff	ZERO-V1_RUN1_af4c5abd/M5_length_plus_one/mutant.diff	681	384e80f9eb75f53bee629654b319227769a41be12706c7bcb02e4ba926c45253	Original eight-mutant execution evidence retained in full run context.
ZERO-V1_RUN1_af4c5abd/M5_length_plus_one/mutant.library.goto	RETAINED	V01-mutation-run	experiments/zeroize/V01-mutation-sensitivity/raw-run/M5_length_plus_one/mutant.library.goto	ZERO-V1_RUN1_af4c5abd/M5_length_plus_one/mutant.library.goto	8120	dd40a1e28ff0d649f321ff85a5221a0f8d9446a01539e04bb65a02007a03fa81	Original eight-mutant execution evidence retained in full run context.
ZERO-V1_RUN1_af4c5abd/M5_length_plus_one/mutant.raw.goto	RETAINED	V01-mutation-run	experiments/zeroize/V01-mutation-sensitivity/raw-run/M5_length_plus_one/mutant.raw.goto	ZERO-V1_RUN1_af4c5abd/M5_length_plus_one/mutant.raw.goto	7437	fbcdd039a809d8ab9495968fe39d32e922f63be2f8690d9ae07642a46e228676	Original eight-mutant execution evidence retained in full run context.
ZERO-V1_RUN1_af4c5abd/M5_length_plus_one/reference.c	RETAINED	V01-mutation-run	experiments/zeroize/V01-mutation-sensitivity/raw-run/M5_length_plus_one/reference.c	ZERO-V1_RUN1_af4c5abd/M5_length_plus_one/reference.c	511	9cbb80d5b5f129dfbc618b34eeab7047cd8238a66822375e2752f1c7b8ed594b	Original eight-mutant execution evidence retained in full run context.
ZERO-V1_RUN1_af4c5abd/M5_length_plus_one/result.txt	RETAINED	V01-mutation-run	experiments/zeroize/V01-mutation-sensitivity/raw-run/M5_length_plus_one/result.txt	ZERO-V1_RUN1_af4c5abd/M5_length_plus_one/result.txt	190	80156e03ed8f41a58f9f115afc72888c3fe7aadf256a1fcdc7eef6c63e01f0e3	Original eight-mutant execution evidence retained in full run context.
ZERO-V1_RUN1_af4c5abd/M5_length_plus_one/source_sha256.txt	RETAINED	V01-mutation-run	experiments/zeroize/V01-mutation-sensitivity/raw-run/M5_length_plus_one/source_sha256.txt	ZERO-V1_RUN1_af4c5abd/M5_length_plus_one/source_sha256.txt	495	575c89677b79d00f880f4cd3d079446953c6a6a58d729cff8a8ec85a7a5e2f4e	Original eight-mutant execution evidence retained in full run context.
ZERO-V1_RUN1_af4c5abd/M6_free_before_wipe/build_status.txt	RETAINED	V01-mutation-run	experiments/zeroize/V01-mutation-sensitivity/raw-run/M6_free_before_wipe/build_status.txt	ZERO-V1_RUN1_af4c5abd/M6_free_before_wipe/build_status.txt	30	fedab85146b2657c8aceb300b2e4f5243bc6d47afc33bd839602d54c78b14055	Original eight-mutant execution evidence retained in full run context.
ZERO-V1_RUN1_af4c5abd/M6_free_before_wipe/cbmc_output.txt	RETAINED	V01-mutation-run	experiments/zeroize/V01-mutation-sensitivity/raw-run/M6_free_before_wipe/cbmc_output.txt	ZERO-V1_RUN1_af4c5abd/M6_free_before_wipe/cbmc_output.txt	7028	ef1a54e6bdb936734a02f633c9fd4e9ff3be87fbd65e63e6a816a58c39a2c182	Original eight-mutant execution evidence retained in full run context.
ZERO-V1_RUN1_af4c5abd/M6_free_before_wipe/cbmc_stderr.txt	RETAINED	V01-mutation-run	experiments/zeroize/V01-mutation-sensitivity/raw-run/M6_free_before_wipe/cbmc_stderr.txt	ZERO-V1_RUN1_af4c5abd/M6_free_before_wipe/cbmc_stderr.txt	0	e3b0c44298fc1c149afbf4c8996fb92427ae41e4649b934ca495991b7852b855	Original eight-mutant execution evidence retained in full run context.
ZERO-V1_RUN1_af4c5abd/M6_free_before_wipe/compile_stderr.txt	RETAINED	V01-mutation-run	experiments/zeroize/V01-mutation-sensitivity/raw-run/M6_free_before_wipe/compile_stderr.txt	ZERO-V1_RUN1_af4c5abd/M6_free_before_wipe/compile_stderr.txt	0	e3b0c44298fc1c149afbf4c8996fb92427ae41e4649b934ca495991b7852b855	Original eight-mutant execution evidence retained in full run context.
ZERO-V1_RUN1_af4c5abd/M6_free_before_wipe/compile_stdout.txt	RETAINED	V01-mutation-run	experiments/zeroize/V01-mutation-sensitivity/raw-run/M6_free_before_wipe/compile_stdout.txt	ZERO-V1_RUN1_af4c5abd/M6_free_before_wipe/compile_stdout.txt	0	e3b0c44298fc1c149afbf4c8996fb92427ae41e4649b934ca495991b7852b855	Original eight-mutant execution evidence retained in full run context.
ZERO-V1_RUN1_af4c5abd/M6_free_before_wipe/goto_functions.txt	RETAINED	V01-mutation-run	experiments/zeroize/V01-mutation-sensitivity/raw-run/M6_free_before_wipe/goto_functions.txt	ZERO-V1_RUN1_af4c5abd/M6_free_before_wipe/goto_functions.txt	9671	05f2a23dbb8cf8020f2a0626a126dd49fa458f2fd7955b4b69d378ebb977cdb6	Original eight-mutant execution evidence retained in full run context.
ZERO-V1_RUN1_af4c5abd/M6_free_before_wipe/library_stderr.txt	RETAINED	V01-mutation-run	experiments/zeroize/V01-mutation-sensitivity/raw-run/M6_free_before_wipe/library_stderr.txt	ZERO-V1_RUN1_af4c5abd/M6_free_before_wipe/library_stderr.txt	0	e3b0c44298fc1c149afbf4c8996fb92427ae41e4649b934ca495991b7852b855	Original eight-mutant execution evidence retained in full run context.
ZERO-V1_RUN1_af4c5abd/M6_free_before_wipe/library_stdout.txt	RETAINED	V01-mutation-run	experiments/zeroize/V01-mutation-sensitivity/raw-run/M6_free_before_wipe/library_stdout.txt	ZERO-V1_RUN1_af4c5abd/M6_free_before_wipe/library_stdout.txt	300	f8d180ed6d7d3fe75a205fef14281ab2ece6f2d914b01eabf89ec1b0a5532b6e	Original eight-mutant execution evidence retained in full run context.
ZERO-V1_RUN1_af4c5abd/M6_free_before_wipe/mutant.c	RETAINED	V01-mutation-run	experiments/zeroize/V01-mutation-sensitivity/raw-run/M6_free_before_wipe/mutant.c	ZERO-V1_RUN1_af4c5abd/M6_free_before_wipe/mutant.c	1104	aca6d5049284280478737d00315318a9ef51b08f3a279c46833a394950ae82cc	Original eight-mutant execution evidence retained in full run context.
ZERO-V1_RUN1_af4c5abd/M6_free_before_wipe/mutant.diff	RETAINED	V01-mutation-run	experiments/zeroize/V01-mutation-sensitivity/raw-run/M6_free_before_wipe/mutant.diff	ZERO-V1_RUN1_af4c5abd/M6_free_before_wipe/mutant.diff	553	47f1113bab89a18f1f079f9628a5e76d753b853b911a40f2f5489801cc975b90	Original eight-mutant execution evidence retained in full run context.
ZERO-V1_RUN1_af4c5abd/M6_free_before_wipe/mutant.library.goto	RETAINED	V01-mutation-run	experiments/zeroize/V01-mutation-sensitivity/raw-run/M6_free_before_wipe/mutant.library.goto	ZERO-V1_RUN1_af4c5abd/M6_free_before_wipe/mutant.library.goto	10711	20621ff1076fe727b4a48a257cefb3a2b12c98e0b5f60749030e738771b9d919	Original eight-mutant execution evidence retained in full run context.
ZERO-V1_RUN1_af4c5abd/M6_free_before_wipe/mutant.raw.goto	RETAINED	V01-mutation-run	experiments/zeroize/V01-mutation-sensitivity/raw-run/M6_free_before_wipe/mutant.raw.goto	ZERO-V1_RUN1_af4c5abd/M6_free_before_wipe/mutant.raw.goto	9713	431d30561b24b3ec69d4d242725892bf897c90d92999959759b50a31c7b1111c	Original eight-mutant execution evidence retained in full run context.
ZERO-V1_RUN1_af4c5abd/M6_free_before_wipe/reference.c	RETAINED	V01-mutation-run	experiments/zeroize/V01-mutation-sensitivity/raw-run/M6_free_before_wipe/reference.c	ZERO-V1_RUN1_af4c5abd/M6_free_before_wipe/reference.c	1014	5ed4f36200ece870c11bbe5e03b5fd7b66e9e125a4f0ddffc852633503e4a428	Original eight-mutant execution evidence retained in full run context.
ZERO-V1_RUN1_af4c5abd/M6_free_before_wipe/result.txt	RETAINED	V01-mutation-run	experiments/zeroize/V01-mutation-sensitivity/raw-run/M6_free_before_wipe/result.txt	ZERO-V1_RUN1_af4c5abd/M6_free_before_wipe/result.txt	191	bc65cd00e50d72cc0c15433518b3d25f74b706ab39b85c1bff6b168a61a2281f	Original eight-mutant execution evidence retained in full run context.
ZERO-V1_RUN1_af4c5abd/M6_free_before_wipe/source_sha256.txt	RETAINED	V01-mutation-run	experiments/zeroize/V01-mutation-sensitivity/raw-run/M6_free_before_wipe/source_sha256.txt	ZERO-V1_RUN1_af4c5abd/M6_free_before_wipe/source_sha256.txt	498	86b44b06beb7f8bf7e1231fd8f3b450bf49e42f6b26303e7fd65ad37f244bce6	Original eight-mutant execution evidence retained in full run context.
ZERO-V1_RUN1_af4c5abd/M7_double_free/build_status.txt	RETAINED	V01-mutation-run	experiments/zeroize/V01-mutation-sensitivity/raw-run/M7_double_free/build_status.txt	ZERO-V1_RUN1_af4c5abd/M7_double_free/build_status.txt	30	fedab85146b2657c8aceb300b2e4f5243bc6d47afc33bd839602d54c78b14055	Original eight-mutant execution evidence retained in full run context.
ZERO-V1_RUN1_af4c5abd/M7_double_free/cbmc_output.txt	RETAINED	V01-mutation-run	experiments/zeroize/V01-mutation-sensitivity/raw-run/M7_double_free/cbmc_output.txt	ZERO-V1_RUN1_af4c5abd/M7_double_free/cbmc_output.txt	5910	69a617c5d5257ad0a6f4b0eb8db122b11a950f6e6c68b905e54e158a97e0d3ee	Original eight-mutant execution evidence retained in full run context.
ZERO-V1_RUN1_af4c5abd/M7_double_free/cbmc_stderr.txt	RETAINED	V01-mutation-run	experiments/zeroize/V01-mutation-sensitivity/raw-run/M7_double_free/cbmc_stderr.txt	ZERO-V1_RUN1_af4c5abd/M7_double_free/cbmc_stderr.txt	0	e3b0c44298fc1c149afbf4c8996fb92427ae41e4649b934ca495991b7852b855	Original eight-mutant execution evidence retained in full run context.
ZERO-V1_RUN1_af4c5abd/M7_double_free/compile_stderr.txt	RETAINED	V01-mutation-run	experiments/zeroize/V01-mutation-sensitivity/raw-run/M7_double_free/compile_stderr.txt	ZERO-V1_RUN1_af4c5abd/M7_double_free/compile_stderr.txt	0	e3b0c44298fc1c149afbf4c8996fb92427ae41e4649b934ca495991b7852b855	Original eight-mutant execution evidence retained in full run context.
ZERO-V1_RUN1_af4c5abd/M7_double_free/compile_stdout.txt	RETAINED	V01-mutation-run	experiments/zeroize/V01-mutation-sensitivity/raw-run/M7_double_free/compile_stdout.txt	ZERO-V1_RUN1_af4c5abd/M7_double_free/compile_stdout.txt	0	e3b0c44298fc1c149afbf4c8996fb92427ae41e4649b934ca495991b7852b855	Original eight-mutant execution evidence retained in full run context.
ZERO-V1_RUN1_af4c5abd/M7_double_free/goto_functions.txt	RETAINED	V01-mutation-run	experiments/zeroize/V01-mutation-sensitivity/raw-run/M7_double_free/goto_functions.txt	ZERO-V1_RUN1_af4c5abd/M7_double_free/goto_functions.txt	7301	df2c0ee7f3585d0a5285ab8a3561eeb82845c6746c1ef17b8f5435e1e41dee08	Original eight-mutant execution evidence retained in full run context.
ZERO-V1_RUN1_af4c5abd/M7_double_free/library_stderr.txt	RETAINED	V01-mutation-run	experiments/zeroize/V01-mutation-sensitivity/raw-run/M7_double_free/library_stderr.txt	ZERO-V1_RUN1_af4c5abd/M7_double_free/library_stderr.txt	0	e3b0c44298fc1c149afbf4c8996fb92427ae41e4649b934ca495991b7852b855	Original eight-mutant execution evidence retained in full run context.
ZERO-V1_RUN1_af4c5abd/M7_double_free/library_stdout.txt	RETAINED	V01-mutation-run	experiments/zeroize/V01-mutation-sensitivity/raw-run/M7_double_free/library_stdout.txt	ZERO-V1_RUN1_af4c5abd/M7_double_free/library_stdout.txt	290	5d698c515f669817ea325bae7babf0af619d31c79096b6331d8049cdebbb83dd	Original eight-mutant execution evidence retained in full run context.
ZERO-V1_RUN1_af4c5abd/M7_double_free/mutant.c	RETAINED	V01-mutation-run	experiments/zeroize/V01-mutation-sensitivity/raw-run/M7_double_free/mutant.c	ZERO-V1_RUN1_af4c5abd/M7_double_free/mutant.c	952	924982ea339dc296d3b1d9c2312f44831b5b5b53c58980b04e8990628426bc96	Original eight-mutant execution evidence retained in full run context.
ZERO-V1_RUN1_af4c5abd/M7_double_free/mutant.diff	RETAINED	V01-mutation-run	experiments/zeroize/V01-mutation-sensitivity/raw-run/M7_double_free/mutant.diff	ZERO-V1_RUN1_af4c5abd/M7_double_free/mutant.diff	532	e06178ee8be98f61e62fc995eac83167d07360b8da3413b69437cb13ae46a2d2	Original eight-mutant execution evidence retained in full run context.
ZERO-V1_RUN1_af4c5abd/M7_double_free/mutant.library.goto	RETAINED	V01-mutation-run	experiments/zeroize/V01-mutation-sensitivity/raw-run/M7_double_free/mutant.library.goto	ZERO-V1_RUN1_af4c5abd/M7_double_free/mutant.library.goto	10011	2fa8e4c50829d43676031faec8a57ed19891525869b483821aa9e57e689d6bc3	Original eight-mutant execution evidence retained in full run context.
ZERO-V1_RUN1_af4c5abd/M7_double_free/mutant.raw.goto	RETAINED	V01-mutation-run	experiments/zeroize/V01-mutation-sensitivity/raw-run/M7_double_free/mutant.raw.goto	ZERO-V1_RUN1_af4c5abd/M7_double_free/mutant.raw.goto	9064	f1ba4b39ebac0bd4b074ac6976dec5683f2175a54036edd7c256ae2410bfd688	Original eight-mutant execution evidence retained in full run context.
ZERO-V1_RUN1_af4c5abd/M7_double_free/reference.c	RETAINED	V01-mutation-run	experiments/zeroize/V01-mutation-sensitivity/raw-run/M7_double_free/reference.c	ZERO-V1_RUN1_af4c5abd/M7_double_free/reference.c	840	c55c1ee43969d68d35d34f65f4e34eda4a2c30802f477edeacf9a3e272ab8999	Original eight-mutant execution evidence retained in full run context.
ZERO-V1_RUN1_af4c5abd/M7_double_free/result.txt	RETAINED	V01-mutation-run	experiments/zeroize/V01-mutation-sensitivity/raw-run/M7_double_free/result.txt	ZERO-V1_RUN1_af4c5abd/M7_double_free/result.txt	186	fc3a879cbf112a4e2e50889bd9453a976aece18c7e5ab3ceb352a0619ca53c82	Original eight-mutant execution evidence retained in full run context.
ZERO-V1_RUN1_af4c5abd/M7_double_free/source_sha256.txt	RETAINED	V01-mutation-run	experiments/zeroize/V01-mutation-sensitivity/raw-run/M7_double_free/source_sha256.txt	ZERO-V1_RUN1_af4c5abd/M7_double_free/source_sha256.txt	483	f5dae99c7daf989a012052074eede217e56b7fff6bd0a6280529540f733e23e1	Original eight-mutant execution evidence retained in full run context.
ZERO-V1_RUN1_af4c5abd/M8_omit_second_partition/build_status.txt	RETAINED	V01-mutation-run	experiments/zeroize/V01-mutation-sensitivity/raw-run/M8_omit_second_partition/build_status.txt	ZERO-V1_RUN1_af4c5abd/M8_omit_second_partition/build_status.txt	30	fedab85146b2657c8aceb300b2e4f5243bc6d47afc33bd839602d54c78b14055	Original eight-mutant execution evidence retained in full run context.
ZERO-V1_RUN1_af4c5abd/M8_omit_second_partition/cbmc_output.txt	RETAINED	V01-mutation-run	experiments/zeroize/V01-mutation-sensitivity/raw-run/M8_omit_second_partition/cbmc_output.txt	ZERO-V1_RUN1_af4c5abd/M8_omit_second_partition/cbmc_output.txt	4063	4465b026f833c810866ba9dd9d1758c8b34584d636a2ef738cd85bc4ee149066	Original eight-mutant execution evidence retained in full run context.
ZERO-V1_RUN1_af4c5abd/M8_omit_second_partition/cbmc_stderr.txt	RETAINED	V01-mutation-run	experiments/zeroize/V01-mutation-sensitivity/raw-run/M8_omit_second_partition/cbmc_stderr.txt	ZERO-V1_RUN1_af4c5abd/M8_omit_second_partition/cbmc_stderr.txt	0	e3b0c44298fc1c149afbf4c8996fb92427ae41e4649b934ca495991b7852b855	Original eight-mutant execution evidence retained in full run context.
ZERO-V1_RUN1_af4c5abd/M8_omit_second_partition/compile_stderr.txt	RETAINED	V01-mutation-run	experiments/zeroize/V01-mutation-sensitivity/raw-run/M8_omit_second_partition/compile_stderr.txt	ZERO-V1_RUN1_af4c5abd/M8_omit_second_partition/compile_stderr.txt	0	e3b0c44298fc1c149afbf4c8996fb92427ae41e4649b934ca495991b7852b855	Original eight-mutant execution evidence retained in full run context.
ZERO-V1_RUN1_af4c5abd/M8_omit_second_partition/compile_stdout.txt	RETAINED	V01-mutation-run	experiments/zeroize/V01-mutation-sensitivity/raw-run/M8_omit_second_partition/compile_stdout.txt	ZERO-V1_RUN1_af4c5abd/M8_omit_second_partition/compile_stdout.txt	0	e3b0c44298fc1c149afbf4c8996fb92427ae41e4649b934ca495991b7852b855	Original eight-mutant execution evidence retained in full run context.
ZERO-V1_RUN1_af4c5abd/M8_omit_second_partition/goto_functions.txt	RETAINED	V01-mutation-run	experiments/zeroize/V01-mutation-sensitivity/raw-run/M8_omit_second_partition/goto_functions.txt	ZERO-V1_RUN1_af4c5abd/M8_omit_second_partition/goto_functions.txt	6172	f0c674fd6b7b1a7bcdfa4f0f66ed3db6ced56cddf5b281a6990beefca77fc4cd	Original eight-mutant execution evidence retained in full run context.
ZERO-V1_RUN1_af4c5abd/M8_omit_second_partition/library_stderr.txt	RETAINED	V01-mutation-run	experiments/zeroize/V01-mutation-sensitivity/raw-run/M8_omit_second_partition/library_stderr.txt	ZERO-V1_RUN1_af4c5abd/M8_omit_second_partition/library_stderr.txt	0	e3b0c44298fc1c149afbf4c8996fb92427ae41e4649b934ca495991b7852b855	Original eight-mutant execution evidence retained in full run context.
ZERO-V1_RUN1_af4c5abd/M8_omit_second_partition/library_stdout.txt	RETAINED	V01-mutation-run	experiments/zeroize/V01-mutation-sensitivity/raw-run/M8_omit_second_partition/library_stdout.txt	ZERO-V1_RUN1_af4c5abd/M8_omit_second_partition/library_stdout.txt	310	4f65a05f21ab89a60737700a94b68ddcfe5b492a12d3dca866130973cf7b36b9	Original eight-mutant execution evidence retained in full run context.
ZERO-V1_RUN1_af4c5abd/M8_omit_second_partition/mutant.c	RETAINED	V01-mutation-run	experiments/zeroize/V01-mutation-sensitivity/raw-run/M8_omit_second_partition/mutant.c	ZERO-V1_RUN1_af4c5abd/M8_omit_second_partition/mutant.c	852	b06c8c015dbd61378976516e317f62694c64380f00c6a61490403647e5d7124e	Original eight-mutant execution evidence retained in full run context.
ZERO-V1_RUN1_af4c5abd/M8_omit_second_partition/mutant.diff	RETAINED	V01-mutation-run	experiments/zeroize/V01-mutation-sensitivity/raw-run/M8_omit_second_partition/mutant.diff	ZERO-V1_RUN1_af4c5abd/M8_omit_second_partition/mutant.diff	570	a19abee57159b1109e5bee219ec997d0e2ef66c6aacb3c8af8bc8015789ec7b1	Original eight-mutant execution evidence retained in full run context.
ZERO-V1_RUN1_af4c5abd/M8_omit_second_partition/mutant.library.goto	RETAINED	V01-mutation-run	experiments/zeroize/V01-mutation-sensitivity/raw-run/M8_omit_second_partition/mutant.library.goto	ZERO-V1_RUN1_af4c5abd/M8_omit_second_partition/mutant.library.goto	9318	325053cd1005316c226e8c843d74772543e5875494f656101e02d431fdd161fb	Original eight-mutant execution evidence retained in full run context.
ZERO-V1_RUN1_af4c5abd/M8_omit_second_partition/mutant.raw.goto	RETAINED	V01-mutation-run	experiments/zeroize/V01-mutation-sensitivity/raw-run/M8_omit_second_partition/mutant.raw.goto	ZERO-V1_RUN1_af4c5abd/M8_omit_second_partition/mutant.raw.goto	8663	f69fff4c2ea4e0ebc15aaa4697b754b9ba47b2134d80d4a79f9f897dc088973d	Original eight-mutant execution evidence retained in full run context.
ZERO-V1_RUN1_af4c5abd/M8_omit_second_partition/reference.c	RETAINED	V01-mutation-run	experiments/zeroize/V01-mutation-sensitivity/raw-run/M8_omit_second_partition/reference.c	ZERO-V1_RUN1_af4c5abd/M8_omit_second_partition/reference.c	828	d768548f4d19d81af4522cdef55680e52007c850b050ce2276f6bd5a5025e4d1	Original eight-mutant execution evidence retained in full run context.
ZERO-V1_RUN1_af4c5abd/M8_omit_second_partition/result.txt	RETAINED	V01-mutation-run	experiments/zeroize/V01-mutation-sensitivity/raw-run/M8_omit_second_partition/result.txt	ZERO-V1_RUN1_af4c5abd/M8_omit_second_partition/result.txt	196	116719352da6ce5bcf58c85f699d0c6ff14b765b0bbc838a4d99f5889295d4ef	Original eight-mutant execution evidence retained in full run context.
ZERO-V1_RUN1_af4c5abd/M8_omit_second_partition/source_sha256.txt	RETAINED	V01-mutation-run	experiments/zeroize/V01-mutation-sensitivity/raw-run/M8_omit_second_partition/source_sha256.txt	ZERO-V1_RUN1_af4c5abd/M8_omit_second_partition/source_sha256.txt	513	cee9632fd90505220b51a0266b0f66ac03a02a942d3b60b7f6346ec001048dd9	Original eight-mutant execution evidence retained in full run context.
ZERO-V1_RUN1_af4c5abd/ZERO-V1_EXECUTION_BOUNDARY.md	RETAINED	V01-mutation-run	experiments/zeroize/V01-mutation-sensitivity/raw-run/ZERO-V1_EXECUTION_BOUNDARY.md	ZERO-V1_RUN1_af4c5abd/ZERO-V1_EXECUTION_BOUNDARY.md	622	f8ca089555ae5284ce8e2f9c0aebdfa219d334e6a7e901bf52aced2a672869c4	Original eight-mutant execution evidence retained in full run context.
ZERO-V1_RUN1_af4c5abd/ZERO-V1_RESULTS.csv	RETAINED	V01-mutation-run	experiments/zeroize/V01-mutation-sensitivity/raw-run/ZERO-V1_RESULTS.csv	ZERO-V1_RUN1_af4c5abd/ZERO-V1_RESULTS.csv	423	f954e019beaaf5ed9141739aa6ae5c7fcd86c73c0e5c2f0cbff1d0cb90e11a27	Original eight-mutant execution evidence retained in full run context.
ZERO-V1_RUN1_af4c5abd/ZERO-V1_RUN1_SHA256SUMS.txt	RETAINED	V01-mutation-run	experiments/zeroize/V01-mutation-sensitivity/raw-run/ZERO-V1_RUN1_SHA256SUMS.txt	ZERO-V1_RUN1_af4c5abd/ZERO-V1_RUN1_SHA256SUMS.txt	21041	8a53488621f3ea40551c625a53310e634a90e4c415dcc4a3a43b307146f19d90	Original eight-mutant execution evidence retained in full run context.
ZERO-V1_RUN1_af4c5abd/ZERO-V1_SUMMARY.txt	RETAINED	V01-mutation-run	experiments/zeroize/V01-mutation-sensitivity/raw-run/ZERO-V1_SUMMARY.txt	ZERO-V1_RUN1_af4c5abd/ZERO-V1_SUMMARY.txt	193	c1aff90a82723e8f872eafee6dea84c7dda92896a7c61e4b986764483da42d6d	Original eight-mutant execution evidence retained in full run context.
ZERO-V1_RUN1_af4c5abd/mutant_execution_registry.csv	RETAINED	V01-mutation-run	experiments/zeroize/V01-mutation-sensitivity/raw-run/mutant_execution_registry.csv	ZERO-V1_RUN1_af4c5abd/mutant_execution_registry.csv	443	7a422775f7d5ea59835b5cc2344710eff9d1f0121bae392e36bd3e72f9a2eb84	Original eight-mutant execution evidence retained in full run context.
