original_archive_path	sha256	size	retained_destination
mlk_kem_check_pk_cleanroom/PKCHECK_00BC_01A_ADMISSION_20260730T013520Z/PKCHECK_00BC_01A_TERMINAL_SUMMARY.txt	26ab3febf1bdf820d216a00600e4f9f2db7cb48db9a2ad47123739af08c56b68	1062	experiments/kem-check-pk/00-campaign-setup/admission-attempts/PKCHECK_00BC_01A_ADMISSION_20260730T013520Z/PKCHECK_00BC_01A_TERMINAL_SUMMARY.txt
mlk_kem_check_pk_cleanroom/PKCHECK_00BC_01A_ADMISSION_20260730T013533Z/PKCHECK_00BC_01A_TERMINAL_SUMMARY.txt	48cf04a7b46dfbdcf2ed5a91208e4de7d1dbefdada4c87f0f8635098618bb905	1062	experiments/kem-check-pk/00-campaign-setup/admission-attempts/PKCHECK_00BC_01A_ADMISSION_20260730T013533Z/PKCHECK_00BC_01A_TERMINAL_SUMMARY.txt
mlk_kem_check_pk_cleanroom/PKCHECK_00BC_01A_ADMISSION_20260730T013748Z/PKCHECK_00BC_01A_TERMINAL_SUMMARY.txt	6d460bb2a23018e74480ee26348cc9a3dca754f3020bf2a948c970872f71336c	194099	experiments/kem-check-pk/00-campaign-setup/admission-attempts/PKCHECK_00BC_01A_ADMISSION_20260730T013748Z/PKCHECK_00BC_01A_TERMINAL_SUMMARY.txt
mlk_kem_check_pk_cleanroom/PKCHECK_00BC_01A_ADMISSION_20260730T013748Z/PKCHECK_01A_DIAG_20260730T014300Z/PKCHECK_01A_DIAG_SUMMARY.txt	1f71593a32c021a95f8f97c832e02aa2b38f81985d83ceebb44b6082d09fd066	22713	experiments/kem-check-pk/00-campaign-setup/admission-attempts/PKCHECK_00BC_01A_ADMISSION_20260730T013748Z/PKCHECK_01A_DIAG_20260730T014300Z/PKCHECK_01A_DIAG_SUMMARY.txt
mlk_kem_check_pk_cleanroom/PKCHECK_00BC_01A_ADMISSION_20260730T013748Z/PKCHECK_01A_DIAG_20260730T014300Z/PKCHECK_01A_DIRECT_CBMC.txt	63e2826c5481ff50315b892525adbf09898bb24a3e400334d317fc48de30558e	546	experiments/kem-check-pk/00-campaign-setup/admission-attempts/PKCHECK_00BC_01A_ADMISSION_20260730T013748Z/PKCHECK_01A_DIAG_20260730T014300Z/PKCHECK_01A_DIRECT_CBMC.txt
mlk_kem_check_pk_cleanroom/PKCHECK_00BC_01A_ADMISSION_20260730T013748Z/PKCHECK_01A_NATIVE_BASELINE.log	f1ae532f027c6a494e83815a8a84236ba3b2264b175f24e99851bc4bd7a370ac	4178	experiments/kem-check-pk/00-campaign-setup/admission-attempts/PKCHECK_00BC_01A_ADMISSION_20260730T013748Z/PKCHECK_01A_NATIVE_BASELINE.log
mlk_kem_check_pk_cleanroom/PKCHECK_00BC_01A_ADMISSION_20260730T013748Z/PKCHECK_01A_SAT_REPLAY_20260730T014641Z/PKCHECK_01A_SAT_REPLAY_SUMMARY.txt	52ec18ee1942128cf0e9da29cca7b08ccdd10eb378fc1641b8638303922e6227	6230	experiments/kem-check-pk/00-campaign-setup/admission-attempts/PKCHECK_00BC_01A_ADMISSION_20260730T013748Z/PKCHECK_01A_SAT_REPLAY_20260730T014641Z/PKCHECK_01A_SAT_REPLAY_SUMMARY.txt
mlk_kem_check_pk_cleanroom/PKCHECK_00BC_01A_ADMISSION_20260730T013748Z/PKCHECK_01A_SAT_REPLAY_20260730T014641Z/result-sat.stderr.txt	e3b0c44298fc1c149afbf4c8996fb92427ae41e4649b934ca495991b7852b855	0	experiments/kem-check-pk/00-campaign-setup/admission-attempts/PKCHECK_00BC_01A_ADMISSION_20260730T013748Z/PKCHECK_01A_SAT_REPLAY_20260730T014641Z/result-sat.stderr.txt
mlk_kem_check_pk_cleanroom/PKCHECK_00BC_01A_ADMISSION_20260730T013748Z/PKCHECK_01A_SAT_REPLAY_20260730T014641Z/result-sat.xml	861fbf6d0da15ae69cc2df8573bfa23fae181e5bed8ddf21c6910f074a717496	72124	experiments/kem-check-pk/00-campaign-setup/admission-attempts/PKCHECK_00BC_01A_ADMISSION_20260730T013748Z/PKCHECK_01A_SAT_REPLAY_20260730T014641Z/result-sat.xml
mlk_kem_check_pk_cleanroom/PKCHECK_00BC_01A_ADMISSION_20260730T013748Z/mlkem-native_af4c5abd_isolated/.clang-format	19533c4050269a0f9385874bcd757e7af3c92fd1b8be4de3ab2bdbc59fd7db32	1224	upstream/mlkem-native/pkcheck-af4c5abd-source-snapshot/.clang-format
mlk_kem_check_pk_cleanroom/PKCHECK_00BC_01A_ADMISSION_20260730T013748Z/mlkem-native_af4c5abd_isolated/.clang-tidy	c48cb41cbb58d49aef228ee3dae3247c501400496a9831258ed0a13a18388c8d	1780	upstream/mlkem-native/pkcheck-af4c5abd-source-snapshot/.clang-tidy
mlk_kem_check_pk_cleanroom/PKCHECK_00BC_01A_ADMISSION_20260730T013748Z/mlkem-native_af4c5abd_isolated/.envrc	8e74b508436ee5f644013bdc3e8e708c529d8fa6f1858041c6fd4d9b30327d61	273	upstream/mlkem-native/pkcheck-af4c5abd-source-snapshot/.envrc
mlk_kem_check_pk_cleanroom/PKCHECK_00BC_01A_ADMISSION_20260730T013748Z/mlkem-native_af4c5abd_isolated/.github/ISSUE_TEMPLATE/bug_report.md	2227bbbfd0215fedb9929fba4e7a81f96a52edd505ab8b9f2530b19cddf794e8	720	upstream/mlkem-native/pkcheck-af4c5abd-source-snapshot/.github/ISSUE_TEMPLATE/bug_report.md
mlk_kem_check_pk_cleanroom/PKCHECK_00BC_01A_ADMISSION_20260730T013748Z/mlkem-native_af4c5abd_isolated/.github/ISSUE_TEMPLATE/feature_request.md	b55ffd57a6683f7c186538a098a4cf4487c6e7894f586a79a92acecd043ccef8	611	upstream/mlkem-native/pkcheck-af4c5abd-source-snapshot/.github/ISSUE_TEMPLATE/feature_request.md
mlk_kem_check_pk_cleanroom/PKCHECK_00BC_01A_ADMISSION_20260730T013748Z/mlkem-native_af4c5abd_isolated/.github/actionlint.yaml	3296abec65e2342fbecbc904893402e7f03bb4004f8488f70150a9bc25886afb	410	upstream/mlkem-native/pkcheck-af4c5abd-source-snapshot/.github/actionlint.yaml
mlk_kem_check_pk_cleanroom/PKCHECK_00BC_01A_ADMISSION_20260730T013748Z/mlkem-native_af4c5abd_isolated/.github/actions/bench/action.yml	8f0f25ee45ff7a9783cd5c4b9f0916ecefc15aba6c6d6f5af8a42ae40d18478a	3833	upstream/mlkem-native/pkcheck-af4c5abd-source-snapshot/.github/actions/bench/action.yml
mlk_kem_check_pk_cleanroom/PKCHECK_00BC_01A_ADMISSION_20260730T013748Z/mlkem-native_af4c5abd_isolated/.github/actions/cbmc/action.yml	c80b4ec5b5ab6e1b8b9d3c3a21fa90437a3061ed7f5f71304271011feda4bee4	2384	upstream/mlkem-native/pkcheck-af4c5abd-source-snapshot/.github/actions/cbmc/action.yml
mlk_kem_check_pk_cleanroom/PKCHECK_00BC_01A_ADMISSION_20260730T013748Z/mlkem-native_af4c5abd_isolated/.github/actions/cbmc/report.py	9b1c3a7d2725814b55ac9ca932c2de8f07e083c9223f116829ae8da0cd6797cd	8845	upstream/mlkem-native/pkcheck-af4c5abd-source-snapshot/.github/actions/cbmc/report.py
mlk_kem_check_pk_cleanroom/PKCHECK_00BC_01A_ADMISSION_20260730T013748Z/mlkem-native_af4c5abd_isolated/.github/actions/config-variations/action.yml	dfc92ba0a3c1d0c5e1de829302194ba8010f5b78473288ce309eb18b4f1f642d	13387	upstream/mlkem-native/pkcheck-af4c5abd-source-snapshot/.github/actions/config-variations/action.yml
mlk_kem_check_pk_cleanroom/PKCHECK_00BC_01A_ADMISSION_20260730T013748Z/mlkem-native_af4c5abd_isolated/.github/actions/ct-test/action.yml	abb9831b710d5ed850984240af5f5cff7596caee01fa93ed622cbe6a880c8408	1541	upstream/mlkem-native/pkcheck-af4c5abd-source-snapshot/.github/actions/ct-test/action.yml
mlk_kem_check_pk_cleanroom/PKCHECK_00BC_01A_ADMISSION_20260730T013748Z/mlkem-native_af4c5abd_isolated/.github/actions/functest/action.yml	44bd8f88267453122d59fbdb65195b953ffa258879bd54ec4154fd195a366070	5261	upstream/mlkem-native/pkcheck-af4c5abd-source-snapshot/.github/actions/functest/action.yml
mlk_kem_check_pk_cleanroom/PKCHECK_00BC_01A_ADMISSION_20260730T013748Z/mlkem-native_af4c5abd_isolated/.github/actions/lint/action.yml	6da6e56d8fee54fa7c9185817371d08c65e47a1944ee8becd1cadd77fcce9fbe	1539	upstream/mlkem-native/pkcheck-af4c5abd-source-snapshot/.github/actions/lint/action.yml
mlk_kem_check_pk_cleanroom/PKCHECK_00BC_01A_ADMISSION_20260730T013748Z/mlkem-native_af4c5abd_isolated/.github/actions/multi-functest/action.yml	24f996e395f71133bdf2b04cdbf00bfe5235b13b83d5b8e761e8ce0ada067dfd	11985	upstream/mlkem-native/pkcheck-af4c5abd-source-snapshot/.github/actions/multi-functest/action.yml
mlk_kem_check_pk_cleanroom/PKCHECK_00BC_01A_ADMISSION_20260730T013748Z/mlkem-native_af4c5abd_isolated/.github/actions/setup-apt/action.yml	e47939c03998bb2a6e01e8c7cef7c34ecbdaeca437192c78683abe1364c68d20	798	upstream/mlkem-native/pkcheck-af4c5abd-source-snapshot/.github/actions/setup-apt/action.yml
mlk_kem_check_pk_cleanroom/PKCHECK_00BC_01A_ADMISSION_20260730T013748Z/mlkem-native_af4c5abd_isolated/.github/actions/setup-aws-lc/action.yml	03646db52a79cffaf889e6deaac3b640af42fa491678d7f71d663c79e826fb0b	1031	upstream/mlkem-native/pkcheck-af4c5abd-source-snapshot/.github/actions/setup-aws-lc/action.yml
mlk_kem_check_pk_cleanroom/PKCHECK_00BC_01A_ADMISSION_20260730T013748Z/mlkem-native_af4c5abd_isolated/.github/actions/setup-brew/action.yml	b1cdb183bbe2f51605fe1a9aebea5e78f8171c4e4cb7c3f11ca7bc6a93330e4b	657	upstream/mlkem-native/pkcheck-af4c5abd-source-snapshot/.github/actions/setup-brew/action.yml
mlk_kem_check_pk_cleanroom/PKCHECK_00BC_01A_ADMISSION_20260730T013748Z/mlkem-native_af4c5abd_isolated/.github/actions/setup-nix/action.yml	8359f13ea2a642bbd3d39991bf5471021345c20c5fd83e143d7d38efe940043b	4795	upstream/mlkem-native/pkcheck-af4c5abd-source-snapshot/.github/actions/setup-nix/action.yml
mlk_kem_check_pk_cleanroom/PKCHECK_00BC_01A_ADMISSION_20260730T013748Z/mlkem-native_af4c5abd_isolated/.github/actions/setup-oqs/action.yml	71a514bf36b7893d0190b0b2f476b11083978630b5d27e01dc5015f07fdb5efe	992	upstream/mlkem-native/pkcheck-af4c5abd-source-snapshot/.github/actions/setup-oqs/action.yml
mlk_kem_check_pk_cleanroom/PKCHECK_00BC_01A_ADMISSION_20260730T013748Z/mlkem-native_af4c5abd_isolated/.github/actions/setup-os/action.yml	9581f5220f5e8a14a6379280b1156dc036fa2d1e06703f8672b99c70d7adb2d5	1228	upstream/mlkem-native/pkcheck-af4c5abd-source-snapshot/.github/actions/setup-os/action.yml
mlk_kem_check_pk_cleanroom/PKCHECK_00BC_01A_ADMISSION_20260730T013748Z/mlkem-native_af4c5abd_isolated/.github/actions/setup-pavona/action.yml	bbb6d90ff6f46fc0f77c2b9ecfd62ae357c4d1338e0225cc5862f306ddc85ccb	1785	upstream/mlkem-native/pkcheck-af4c5abd-source-snapshot/.github/actions/setup-pavona/action.yml
mlk_kem_check_pk_cleanroom/PKCHECK_00BC_01A_ADMISSION_20260730T013748Z/mlkem-native_af4c5abd_isolated/.github/actions/setup-shell/action.yml	929c26c5f040334cbe0d375a780acc378d0bfad75915c1109d210f9a266fdac3	1584	upstream/mlkem-native/pkcheck-af4c5abd-source-snapshot/.github/actions/setup-shell/action.yml
mlk_kem_check_pk_cleanroom/PKCHECK_00BC_01A_ADMISSION_20260730T013748Z/mlkem-native_af4c5abd_isolated/.github/actions/setup-yum/action.yml	a5a540bd2cd7e35952f5bbceb0559f3b34c3966d3f5a88207a19d2cf9000289c	683	upstream/mlkem-native/pkcheck-af4c5abd-source-snapshot/.github/actions/setup-yum/action.yml
mlk_kem_check_pk_cleanroom/PKCHECK_00BC_01A_ADMISSION_20260730T013748Z/mlkem-native_af4c5abd_isolated/.github/dependabot.yml	7d125e8f29830d045136e317ee444ba08f43a9598e291c82310dec105f478b75	218	upstream/mlkem-native/pkcheck-af4c5abd-source-snapshot/.github/dependabot.yml
mlk_kem_check_pk_cleanroom/PKCHECK_00BC_01A_ADMISSION_20260730T013748Z/mlkem-native_af4c5abd_isolated/.github/mlc_config.json	36efebf3af547925b28bb93498e99501583927e7056ed96ba8de09c12a8b934f	888	upstream/mlkem-native/pkcheck-af4c5abd-source-snapshot/.github/mlc_config.json
mlk_kem_check_pk_cleanroom/PKCHECK_00BC_01A_ADMISSION_20260730T013748Z/mlkem-native_af4c5abd_isolated/.github/scripts/check-wycheproof-updates.py	3c0937295ec9224d88af367637a57fa5bfeec5d6de765b97de87942fb40b6bc6	5845	upstream/mlkem-native/pkcheck-af4c5abd-source-snapshot/.github/scripts/check-wycheproof-updates.py
mlk_kem_check_pk_cleanroom/PKCHECK_00BC_01A_ADMISSION_20260730T013748Z/mlkem-native_af4c5abd_isolated/.github/workflows/all.yml	36846d207b3b17a8ea27e4c59b03cf931738dc987054b3a685db2c2fa1d00c62	2565	upstream/mlkem-native/pkcheck-af4c5abd-source-snapshot/.github/workflows/all.yml
mlk_kem_check_pk_cleanroom/PKCHECK_00BC_01A_ADMISSION_20260730T013748Z/mlkem-native_af4c5abd_isolated/.github/workflows/baremetal.yml	f50f76ecd8396ea36441802c518e3e50700131b2aba592bed2175248502a8764	2803	upstream/mlkem-native/pkcheck-af4c5abd-source-snapshot/.github/workflows/baremetal.yml
mlk_kem_check_pk_cleanroom/PKCHECK_00BC_01A_ADMISSION_20260730T013748Z/mlkem-native_af4c5abd_isolated/.github/workflows/base.yml	6ffb65f2a98f95cd3ff7766d5b6942cf093de428d368229272acf7334bf15b9a	10952	upstream/mlkem-native/pkcheck-af4c5abd-source-snapshot/.github/workflows/base.yml
mlk_kem_check_pk_cleanroom/PKCHECK_00BC_01A_ADMISSION_20260730T013748Z/mlkem-native_af4c5abd_isolated/.github/workflows/bench.yml	8b206d56d276c1082a5f610e3267101d1a9f9e7ff0c6f5f4bc960ed31c56ca29	7516	upstream/mlkem-native/pkcheck-af4c5abd-source-snapshot/.github/workflows/bench.yml
mlk_kem_check_pk_cleanroom/PKCHECK_00BC_01A_ADMISSION_20260730T013748Z/mlkem-native_af4c5abd_isolated/.github/workflows/bench_ec2_any.yml	b3b17dcdc5f003a1597490b5d29c17fe777a2e7e456e3a06f8bc7bf53a99f075	2108	upstream/mlkem-native/pkcheck-af4c5abd-source-snapshot/.github/workflows/bench_ec2_any.yml
mlk_kem_check_pk_cleanroom/PKCHECK_00BC_01A_ADMISSION_20260730T013748Z/mlkem-native_af4c5abd_isolated/.github/workflows/bench_ec2_reusable.yml	078b06844c5786cd97121d241a0e7ad0daf322401a3708a1278a2cd1caa8ff50	9762	upstream/mlkem-native/pkcheck-af4c5abd-source-snapshot/.github/workflows/bench_ec2_reusable.yml
mlk_kem_check_pk_cleanroom/PKCHECK_00BC_01A_ADMISSION_20260730T013748Z/mlkem-native_af4c5abd_isolated/.github/workflows/cbmc.yml	94d30cd6b369e31b25e4bab6b268a9b0497c0c72db774c5953cb4242b2d918dc	1958	upstream/mlkem-native/pkcheck-af4c5abd-source-snapshot/.github/workflows/cbmc.yml
mlk_kem_check_pk_cleanroom/PKCHECK_00BC_01A_ADMISSION_20260730T013748Z/mlkem-native_af4c5abd_isolated/.github/workflows/ci.yml	1ac87cf5ed0071b4414cd41b2305a2472a532d604d9b7661cba580f4540ba0d3	28656	upstream/mlkem-native/pkcheck-af4c5abd-source-snapshot/.github/workflows/ci.yml
mlk_kem_check_pk_cleanroom/PKCHECK_00BC_01A_ADMISSION_20260730T013748Z/mlkem-native_af4c5abd_isolated/.github/workflows/ci_ec2_any.yml	e152624ca07bfbe9e3f048dc867fddd5a0e7d45535dc83f634113ec51e5f8ab3	2210	upstream/mlkem-native/pkcheck-af4c5abd-source-snapshot/.github/workflows/ci_ec2_any.yml
mlk_kem_check_pk_cleanroom/PKCHECK_00BC_01A_ADMISSION_20260730T013748Z/mlkem-native_af4c5abd_isolated/.github/workflows/ci_ec2_container.yml	d24918e44a50da0e55dff15a04442883dd889aede6bcaf48b4db2948b77a0b5e	9063	upstream/mlkem-native/pkcheck-af4c5abd-source-snapshot/.github/workflows/ci_ec2_container.yml
mlk_kem_check_pk_cleanroom/PKCHECK_00BC_01A_ADMISSION_20260730T013748Z/mlkem-native_af4c5abd_isolated/.github/workflows/ci_ec2_reusable.yml	e5a6c16de3c646d0f5dcf19d8d0a763ab8cb4d8df57625337e81331f5443f994	10567	upstream/mlkem-native/pkcheck-af4c5abd-source-snapshot/.github/workflows/ci_ec2_reusable.yml
mlk_kem_check_pk_cleanroom/PKCHECK_00BC_01A_ADMISSION_20260730T013748Z/mlkem-native_af4c5abd_isolated/.github/workflows/ct-tests.yml	72656f5050e8160721cd76d2c31decfbd85fd82ebb9c8f8469a9901899edfb93	3387	upstream/mlkem-native/pkcheck-af4c5abd-source-snapshot/.github/workflows/ct-tests.yml
mlk_kem_check_pk_cleanroom/PKCHECK_00BC_01A_ADMISSION_20260730T013748Z/mlkem-native_af4c5abd_isolated/.github/workflows/hol_light.yml	466230396188d7f9b32bb6f9b4eb254e704e2cc57e9fe006fd77221b0741202c	11324	upstream/mlkem-native/pkcheck-af4c5abd-source-snapshot/.github/workflows/hol_light.yml
mlk_kem_check_pk_cleanroom/PKCHECK_00BC_01A_ADMISSION_20260730T013748Z/mlkem-native_af4c5abd_isolated/.github/workflows/integration-awslc-main.yml	b15b33db4bc3f81da791fc11928780a0491b8939ea807d7636ad08f7cc656bf8	453	upstream/mlkem-native/pkcheck-af4c5abd-source-snapshot/.github/workflows/integration-awslc-main.yml
mlk_kem_check_pk_cleanroom/PKCHECK_00BC_01A_ADMISSION_20260730T013748Z/mlkem-native_af4c5abd_isolated/.github/workflows/integration-awslc.yml	7e74eb164596e11c7e18b375b6a488855845393eaa8dd6bfc751b812d8b0ee5b	6257	upstream/mlkem-native/pkcheck-af4c5abd-source-snapshot/.github/workflows/integration-awslc.yml
mlk_kem_check_pk_cleanroom/PKCHECK_00BC_01A_ADMISSION_20260730T013748Z/mlkem-native_af4c5abd_isolated/.github/workflows/integration-liboqs.yml	644f5a138c1c30aa626f000577a03690e4e771111fb6fc9fab0bbe0cd43f4bf3	3842	upstream/mlkem-native/pkcheck-af4c5abd-source-snapshot/.github/workflows/integration-liboqs.yml
mlk_kem_check_pk_cleanroom/PKCHECK_00BC_01A_ADMISSION_20260730T013748Z/mlkem-native_af4c5abd_isolated/.github/workflows/integration-pavona.yml	2af78a85aa2811e4356026b7ed858db08aada4ec971c63873b99dd8d7950e0da	5370	upstream/mlkem-native/pkcheck-af4c5abd-source-snapshot/.github/workflows/integration-pavona.yml
mlk_kem_check_pk_cleanroom/PKCHECK_00BC_01A_ADMISSION_20260730T013748Z/mlkem-native_af4c5abd_isolated/.github/workflows/legacy-compilers.yml	6dedb381b37d6a6116a619d7e1056ca89a880776caf1a4d335585003745a8ffd	20877	upstream/mlkem-native/pkcheck-af4c5abd-source-snapshot/.github/workflows/legacy-compilers.yml
mlk_kem_check_pk_cleanroom/PKCHECK_00BC_01A_ADMISSION_20260730T013748Z/mlkem-native_af4c5abd_isolated/.github/workflows/lint_markdown.yml	a30f9a6147c389d35d7159fac33d5a0c46f638f80dc6511ed2175b7d696625a6	542	upstream/mlkem-native/pkcheck-af4c5abd-source-snapshot/.github/workflows/lint_markdown.yml
mlk_kem_check_pk_cleanroom/PKCHECK_00BC_01A_ADMISSION_20260730T013748Z/mlkem-native_af4c5abd_isolated/.github/workflows/nix.yml	977933c187e1e5f62a2a8f6ed7491bbeeab8f15367e7bb644c5891e24c742d10	5178	upstream/mlkem-native/pkcheck-af4c5abd-source-snapshot/.github/workflows/nix.yml
mlk_kem_check_pk_cleanroom/PKCHECK_00BC_01A_ADMISSION_20260730T013748Z/mlkem-native_af4c5abd_isolated/.github/workflows/riscv.yml	1b76adb511db309433ad32f069b1cd733f4cc3ca23582a6529d58ea414aceb4a	794	upstream/mlkem-native/pkcheck-af4c5abd-source-snapshot/.github/workflows/riscv.yml
mlk_kem_check_pk_cleanroom/PKCHECK_00BC_01A_ADMISSION_20260730T013748Z/mlkem-native_af4c5abd_isolated/.github/workflows/scorecard.yaml	4c9c0ce45f54beff0a981a840ecdf9cc7a414c20a159ad36df620db11646fa84	2308	upstream/mlkem-native/pkcheck-af4c5abd-source-snapshot/.github/workflows/scorecard.yaml
mlk_kem_check_pk_cleanroom/PKCHECK_00BC_01A_ADMISSION_20260730T013748Z/mlkem-native_af4c5abd_isolated/.github/workflows/slothy.yml	340c681fa9fd1adf44ccf412b47ffdd8ae66efa9abd02d4245acf2c0636bd570	687	upstream/mlkem-native/pkcheck-af4c5abd-source-snapshot/.github/workflows/slothy.yml
mlk_kem_check_pk_cleanroom/PKCHECK_00BC_01A_ADMISSION_20260730T013748Z/mlkem-native_af4c5abd_isolated/.github/workflows/wycheproof-updates.yml	e11c0ce142b11ea5ee06f7e15c6d62558fd071f4419ea347c5f035ee8e892334	667	upstream/mlkem-native/pkcheck-af4c5abd-source-snapshot/.github/workflows/wycheproof-updates.yml
mlk_kem_check_pk_cleanroom/PKCHECK_00BC_01A_ADMISSION_20260730T013748Z/mlkem-native_af4c5abd_isolated/.github/workflows/zephyr.yml	46aaa181ab2675a5e7383de1527c1a88d62d99f7b0e40f04244d0f59be47794b	2095	upstream/mlkem-native/pkcheck-af4c5abd-source-snapshot/.github/workflows/zephyr.yml
mlk_kem_check_pk_cleanroom/PKCHECK_00BC_01A_ADMISSION_20260730T013748Z/mlkem-native_af4c5abd_isolated/.gitignore	8c581f31248d20ca87a314c9aa6e41eb8a69a715cffc6166f957ce39f1d10eda	217	upstream/mlkem-native/pkcheck-af4c5abd-source-snapshot/.gitignore
mlk_kem_check_pk_cleanroom/PKCHECK_00BC_01A_ADMISSION_20260730T013748Z/mlkem-native_af4c5abd_isolated/BIBLIOGRAPHY.md	f3d8cbe1be640f5240378f82bda135e8772843ca301849fc0816468c962bb4e8	27490	upstream/mlkem-native/pkcheck-af4c5abd-source-snapshot/BIBLIOGRAPHY.md
mlk_kem_check_pk_cleanroom/PKCHECK_00BC_01A_ADMISSION_20260730T013748Z/mlkem-native_af4c5abd_isolated/BIBLIOGRAPHY.yml	4313ac1436bfdc8fd8a14d496cbaac49c0c29b499fcfb04abbff1509c77c5469	6725	upstream/mlkem-native/pkcheck-af4c5abd-source-snapshot/BIBLIOGRAPHY.yml
mlk_kem_check_pk_cleanroom/PKCHECK_00BC_01A_ADMISSION_20260730T013748Z/mlkem-native_af4c5abd_isolated/BUILDING.md	eb7e69e2b95422539c311de5a0a1c0515209e2feda10b8098d8b618ea8bf3d08	3638	upstream/mlkem-native/pkcheck-af4c5abd-source-snapshot/BUILDING.md
mlk_kem_check_pk_cleanroom/PKCHECK_00BC_01A_ADMISSION_20260730T013748Z/mlkem-native_af4c5abd_isolated/CODEOWNERS	b512ea40ea52efefaa6f16f7ea15bdc288d52c474bf58c73852f63903755276a	135	upstream/mlkem-native/pkcheck-af4c5abd-source-snapshot/CODEOWNERS
mlk_kem_check_pk_cleanroom/PKCHECK_00BC_01A_ADMISSION_20260730T013748Z/mlkem-native_af4c5abd_isolated/CONTRIBUTING.md	04c45bb84bef29aeaf385b026061a9a18f405a91630668f1685fbbd048b1adea	1429	upstream/mlkem-native/pkcheck-af4c5abd-source-snapshot/CONTRIBUTING.md
mlk_kem_check_pk_cleanroom/PKCHECK_00BC_01A_ADMISSION_20260730T013748Z/mlkem-native_af4c5abd_isolated/FIPS202.md	e84d06933a033de2ec76d2a719ad072416890df3b23a56f692323506890e8f07	1971	upstream/mlkem-native/pkcheck-af4c5abd-source-snapshot/FIPS202.md
mlk_kem_check_pk_cleanroom/PKCHECK_00BC_01A_ADMISSION_20260730T013748Z/mlkem-native_af4c5abd_isolated/LICENSE	6393331d41b9fed47a9e18d21b9b844ae8e76bcad8b6da45604c132ae13f3029	15350	upstream/mlkem-native/pkcheck-af4c5abd-source-snapshot/LICENSE
mlk_kem_check_pk_cleanroom/PKCHECK_00BC_01A_ADMISSION_20260730T013748Z/mlkem-native_af4c5abd_isolated/MAINTAINERS.md	d9c28a6493c6a62203ac684097c483bd258a7608222794d9b811b08c37426c76	396	upstream/mlkem-native/pkcheck-af4c5abd-source-snapshot/MAINTAINERS.md
mlk_kem_check_pk_cleanroom/PKCHECK_00BC_01A_ADMISSION_20260730T013748Z/mlkem-native_af4c5abd_isolated/META.py	fa91905412f65a46e3949f461c75846094c849f17c14ce77d3631869537ae577	1914	upstream/mlkem-native/pkcheck-af4c5abd-source-snapshot/META.py
mlk_kem_check_pk_cleanroom/PKCHECK_00BC_01A_ADMISSION_20260730T013748Z/mlkem-native_af4c5abd_isolated/META.yml	8432ca69ec12d53410f6841382bef17af08108f54271a406359946881faf8b61	957	upstream/mlkem-native/pkcheck-af4c5abd-source-snapshot/META.yml
mlk_kem_check_pk_cleanroom/PKCHECK_00BC_01A_ADMISSION_20260730T013748Z/mlkem-native_af4c5abd_isolated/Makefile	86134c7b9d4c7c15628c10d92dfc61d0187b97de29afa2412ed88eb2e7a1e519	11876	upstream/mlkem-native/pkcheck-af4c5abd-source-snapshot/Makefile
mlk_kem_check_pk_cleanroom/PKCHECK_00BC_01A_ADMISSION_20260730T013748Z/mlkem-native_af4c5abd_isolated/Makefile.Microsoft_nmake	6cc2271a4f49fa875328feede8959fdd406980e9bdced45b93931f2acd4380a5	15439	upstream/mlkem-native/pkcheck-af4c5abd-source-snapshot/Makefile.Microsoft_nmake
mlk_kem_check_pk_cleanroom/PKCHECK_00BC_01A_ADMISSION_20260730T013748Z/mlkem-native_af4c5abd_isolated/README.md	336933c7dc844fc882aa60ce2458724ea509c9fbddc299fe06750d256947b608	13356	upstream/mlkem-native/pkcheck-af4c5abd-source-snapshot/README.md
mlk_kem_check_pk_cleanroom/PKCHECK_00BC_01A_ADMISSION_20260730T013748Z/mlkem-native_af4c5abd_isolated/REFERENCE.md	cdf533585d2adb81ec30cb1ae312a11a6319d10fbd449a1c961108af7a98f19e	2848	upstream/mlkem-native/pkcheck-af4c5abd-source-snapshot/REFERENCE.md
mlk_kem_check_pk_cleanroom/PKCHECK_00BC_01A_ADMISSION_20260730T013748Z/mlkem-native_af4c5abd_isolated/RELEASE.md	c674c90a2b8890dc256cfd93b0e8128133e82e593e035ac6b1d3e8638fdb4974	9470	upstream/mlkem-native/pkcheck-af4c5abd-source-snapshot/RELEASE.md
mlk_kem_check_pk_cleanroom/PKCHECK_00BC_01A_ADMISSION_20260730T013748Z/mlkem-native_af4c5abd_isolated/RELICENSE.md	fd5b7bbcc59981be7583286bd67a4dc6fcf0c048db32799e18dcb0734b791369	2193	upstream/mlkem-native/pkcheck-af4c5abd-source-snapshot/RELICENSE.md
mlk_kem_check_pk_cleanroom/PKCHECK_00BC_01A_ADMISSION_20260730T013748Z/mlkem-native_af4c5abd_isolated/SECURITY.md	14154fa4c36fadbdee6419cbc6c44a6734d656d463f592282008b1ac60503126	295	upstream/mlkem-native/pkcheck-af4c5abd-source-snapshot/SECURITY.md
mlk_kem_check_pk_cleanroom/PKCHECK_00BC_01A_ADMISSION_20260730T013748Z/mlkem-native_af4c5abd_isolated/SOUNDNESS.md	f7088ae5b250c15f9c324a02329b66f2a9d64d6e69063eeb490a880fe92677a6	35889	upstream/mlkem-native/pkcheck-af4c5abd-source-snapshot/SOUNDNESS.md
mlk_kem_check_pk_cleanroom/PKCHECK_00BC_01A_ADMISSION_20260730T013748Z/mlkem-native_af4c5abd_isolated/STDLIB.md	4f646be3522d44a3a7a10e29a126348333a71f3a38e12ce05a47c42a6ae7eb79	1458	upstream/mlkem-native/pkcheck-af4c5abd-source-snapshot/STDLIB.md
mlk_kem_check_pk_cleanroom/PKCHECK_00BC_01A_ADMISSION_20260730T013748Z/mlkem-native_af4c5abd_isolated/dev/README.md	2d561aba2f49b6fa1db9f0053b1dce67bf795737d8085041bfbb30db0edeb2af	3119	upstream/mlkem-native/pkcheck-af4c5abd-source-snapshot/dev/README.md
mlk_kem_check_pk_cleanroom/PKCHECK_00BC_01A_ADMISSION_20260730T013748Z/mlkem-native_af4c5abd_isolated/dev/aarch64_clean/README.md	db0816c3bb43c9523f2d3265c9bc905965d77fc83bb1311f83262e0522fa1472	1227	upstream/mlkem-native/pkcheck-af4c5abd-source-snapshot/dev/aarch64_clean/README.md
mlk_kem_check_pk_cleanroom/PKCHECK_00BC_01A_ADMISSION_20260730T013748Z/mlkem-native_af4c5abd_isolated/dev/aarch64_clean/meta.h	68693f9d96cc3893d8633455b4e4c5b5d70ffdfd81b1da67f3c9b82aaf9d8589	4223	upstream/mlkem-native/pkcheck-af4c5abd-source-snapshot/dev/aarch64_clean/meta.h
mlk_kem_check_pk_cleanroom/PKCHECK_00BC_01A_ADMISSION_20260730T013748Z/mlkem-native_af4c5abd_isolated/dev/aarch64_clean/src/aarch64_zetas.c	f254d432c3ad7e9f05b462ccc7c280efeca13af963cd208d62a80c1cdb592517	11373	upstream/mlkem-native/pkcheck-af4c5abd-source-snapshot/dev/aarch64_clean/src/aarch64_zetas.c
mlk_kem_check_pk_cleanroom/PKCHECK_00BC_01A_ADMISSION_20260730T013748Z/mlkem-native_af4c5abd_isolated/dev/aarch64_clean/src/arith_native_aarch64.h	5ba187f6f0eb3e0a212da00647bcc42ddf84b4e7cb1066b6b4ed173dfcff437a	8582	upstream/mlkem-native/pkcheck-af4c5abd-source-snapshot/dev/aarch64_clean/src/arith_native_aarch64.h
mlk_kem_check_pk_cleanroom/PKCHECK_00BC_01A_ADMISSION_20260730T013748Z/mlkem-native_af4c5abd_isolated/dev/aarch64_clean/src/intt_aarch64_asm.S	eb878ba67049bfec1d734be5b6d68061d91d097c86fe701eb40331f6ea2cb260	11050	upstream/mlkem-native/pkcheck-af4c5abd-source-snapshot/dev/aarch64_clean/src/intt_aarch64_asm.S
mlk_kem_check_pk_cleanroom/PKCHECK_00BC_01A_ADMISSION_20260730T013748Z/mlkem-native_af4c5abd_isolated/dev/aarch64_clean/src/ntt_aarch64_asm.S	a51b7f6ed9944aea2ac55f4eaf4fa9116d6c0648c976b1564e8b7937a16a1165	9576	upstream/mlkem-native/pkcheck-af4c5abd-source-snapshot/dev/aarch64_clean/src/ntt_aarch64_asm.S
mlk_kem_check_pk_cleanroom/PKCHECK_00BC_01A_ADMISSION_20260730T013748Z/mlkem-native_af4c5abd_isolated/dev/aarch64_clean/src/poly_mulcache_compute_aarch64_asm.S	eda221773a14b92352ecf380ba3071115c1dbf2e206a503acabf81e952ebc83a	3704	upstream/mlkem-native/pkcheck-af4c5abd-source-snapshot/dev/aarch64_clean/src/poly_mulcache_compute_aarch64_asm.S
mlk_kem_check_pk_cleanroom/PKCHECK_00BC_01A_ADMISSION_20260730T013748Z/mlkem-native_af4c5abd_isolated/dev/aarch64_clean/src/poly_reduce_aarch64_asm.S	8707c33c282159b0379af07b0079225906b71cda38f12349e4d5fd7d0dfa9a76	2749	upstream/mlkem-native/pkcheck-af4c5abd-source-snapshot/dev/aarch64_clean/src/poly_reduce_aarch64_asm.S
mlk_kem_check_pk_cleanroom/PKCHECK_00BC_01A_ADMISSION_20260730T013748Z/mlkem-native_af4c5abd_isolated/dev/aarch64_clean/src/poly_tobytes_aarch64_asm.S	2cb357e210b92e457966d257cb3deda02bc327be090a7814b3bd2f22319ef893	2319	upstream/mlkem-native/pkcheck-af4c5abd-source-snapshot/dev/aarch64_clean/src/poly_tobytes_aarch64_asm.S
mlk_kem_check_pk_cleanroom/PKCHECK_00BC_01A_ADMISSION_20260730T013748Z/mlkem-native_af4c5abd_isolated/dev/aarch64_clean/src/poly_tomont_aarch64_asm.S	f57ef4658a69e1e8d06e6d201d16d59b90ff1d50e9a18b6addaf836c089138ef	2617	upstream/mlkem-native/pkcheck-af4c5abd-source-snapshot/dev/aarch64_clean/src/poly_tomont_aarch64_asm.S
mlk_kem_check_pk_cleanroom/PKCHECK_00BC_01A_ADMISSION_20260730T013748Z/mlkem-native_af4c5abd_isolated/dev/aarch64_clean/src/polyvec_basemul_acc_montgomery_cached_k2_aarch64_asm.S	af38430802d5e5127fcdad262673315986e95e6c0851411c30f0d114214664af	6808	upstream/mlkem-native/pkcheck-af4c5abd-source-snapshot/dev/aarch64_clean/src/polyvec_basemul_acc_montgomery_cached_k2_aarch64_asm.S
mlk_kem_check_pk_cleanroom/PKCHECK_00BC_01A_ADMISSION_20260730T013748Z/mlkem-native_af4c5abd_isolated/dev/aarch64_clean/src/polyvec_basemul_acc_montgomery_cached_k3_aarch64_asm.S	d4b2a6ca5222a062a68f891b24b7d2ccde009df5ad6acd105070a0ffc4f5e25e	7019	upstream/mlkem-native/pkcheck-af4c5abd-source-snapshot/dev/aarch64_clean/src/polyvec_basemul_acc_montgomery_cached_k3_aarch64_asm.S
mlk_kem_check_pk_cleanroom/PKCHECK_00BC_01A_ADMISSION_20260730T013748Z/mlkem-native_af4c5abd_isolated/dev/aarch64_clean/src/polyvec_basemul_acc_montgomery_cached_k4_aarch64_asm.S	0c204e53850eabec513fbe4e6938f747620e0e0700dac02b7e8b409e75969fbc	7396	upstream/mlkem-native/pkcheck-af4c5abd-source-snapshot/dev/aarch64_clean/src/polyvec_basemul_acc_montgomery_cached_k4_aarch64_asm.S
mlk_kem_check_pk_cleanroom/PKCHECK_00BC_01A_ADMISSION_20260730T013748Z/mlkem-native_af4c5abd_isolated/dev/aarch64_clean/src/rej_uniform_aarch64_asm.S	fedc3d1f008de34a75ac8e60ea05bb48c63668b66c355dfe2da95b7a1f92ada9	13954	upstream/mlkem-native/pkcheck-af4c5abd-source-snapshot/dev/aarch64_clean/src/rej_uniform_aarch64_asm.S
mlk_kem_check_pk_cleanroom/PKCHECK_00BC_01A_ADMISSION_20260730T013748Z/mlkem-native_af4c5abd_isolated/dev/aarch64_clean/src/rej_uniform_table.c	0f4e7024475acf7cc84adc8c013356fd650e312b9ea8855da32fa1531f4af7f7	27620	upstream/mlkem-native/pkcheck-af4c5abd-source-snapshot/dev/aarch64_clean/src/rej_uniform_table.c
mlk_kem_check_pk_cleanroom/PKCHECK_00BC_01A_ADMISSION_20260730T013748Z/mlkem-native_af4c5abd_isolated/dev/aarch64_opt/README.md	7ca146a9c55d47d4503b850772c43d508465fab0314af865fca81e3948835410	1213	upstream/mlkem-native/pkcheck-af4c5abd-source-snapshot/dev/aarch64_opt/README.md
mlk_kem_check_pk_cleanroom/PKCHECK_00BC_01A_ADMISSION_20260730T013748Z/mlkem-native_af4c5abd_isolated/dev/aarch64_opt/meta.h	04c27b06cb9b1efe8d3be2a54afeda3ecc81c7eb70e9387f46a2c214f4287031	4217	upstream/mlkem-native/pkcheck-af4c5abd-source-snapshot/dev/aarch64_opt/meta.h
mlk_kem_check_pk_cleanroom/PKCHECK_00BC_01A_ADMISSION_20260730T013748Z/mlkem-native_af4c5abd_isolated/dev/aarch64_opt/src/Makefile	42aec78a028117210d3b86150eed701b4d21d1e0805a624cbb8bde7fa27541a7	4728	upstream/mlkem-native/pkcheck-af4c5abd-source-snapshot/dev/aarch64_opt/src/Makefile
mlk_kem_check_pk_cleanroom/PKCHECK_00BC_01A_ADMISSION_20260730T013748Z/mlkem-native_af4c5abd_isolated/dev/aarch64_opt/src/README.md	070d644f9ce1780bebf3850307fa33a7d920714540412102f8a04824b6764904	1222	upstream/mlkem-native/pkcheck-af4c5abd-source-snapshot/dev/aarch64_opt/src/README.md
mlk_kem_check_pk_cleanroom/PKCHECK_00BC_01A_ADMISSION_20260730T013748Z/mlkem-native_af4c5abd_isolated/dev/aarch64_opt/src/aarch64_zetas.c	f254d432c3ad7e9f05b462ccc7c280efeca13af963cd208d62a80c1cdb592517	11373	upstream/mlkem-native/pkcheck-af4c5abd-source-snapshot/dev/aarch64_opt/src/aarch64_zetas.c
mlk_kem_check_pk_cleanroom/PKCHECK_00BC_01A_ADMISSION_20260730T013748Z/mlkem-native_af4c5abd_isolated/dev/aarch64_opt/src/arith_native_aarch64.h	11aa22cce59eae578250d408061e53ef394f69aa8beb77dba38baa6fc33424b1	8576	upstream/mlkem-native/pkcheck-af4c5abd-source-snapshot/dev/aarch64_opt/src/arith_native_aarch64.h
mlk_kem_check_pk_cleanroom/PKCHECK_00BC_01A_ADMISSION_20260730T013748Z/mlkem-native_af4c5abd_isolated/dev/aarch64_opt/src/intt_aarch64_asm.S	5fd0da08ad04bf2c7aa8429a9e70be083d7822137dbef07b831fc5e3d98ea686	181008	upstream/mlkem-native/pkcheck-af4c5abd-source-snapshot/dev/aarch64_opt/src/intt_aarch64_asm.S
mlk_kem_check_pk_cleanroom/PKCHECK_00BC_01A_ADMISSION_20260730T013748Z/mlkem-native_af4c5abd_isolated/dev/aarch64_opt/src/ntt_aarch64_asm.S	2b6366af6ef9f732dff9e6213e801a443d37d73b3ab365156a8f7fd4ae542584	136153	upstream/mlkem-native/pkcheck-af4c5abd-source-snapshot/dev/aarch64_opt/src/ntt_aarch64_asm.S
mlk_kem_check_pk_cleanroom/PKCHECK_00BC_01A_ADMISSION_20260730T013748Z/mlkem-native_af4c5abd_isolated/dev/aarch64_opt/src/poly_mulcache_compute_aarch64_asm.S	d19a9c0e06fbfc11336ca29afd1e79bca127c8d76a1163cc4c3a90a5c82ab1ae	15567	upstream/mlkem-native/pkcheck-af4c5abd-source-snapshot/dev/aarch64_opt/src/poly_mulcache_compute_aarch64_asm.S
mlk_kem_check_pk_cleanroom/PKCHECK_00BC_01A_ADMISSION_20260730T013748Z/mlkem-native_af4c5abd_isolated/dev/aarch64_opt/src/poly_reduce_aarch64_asm.S	a179c534302db5bb71212e83679a2d6a79f93e0e5406d8416c73be97dfaaee37	21666	upstream/mlkem-native/pkcheck-af4c5abd-source-snapshot/dev/aarch64_opt/src/poly_reduce_aarch64_asm.S
mlk_kem_check_pk_cleanroom/PKCHECK_00BC_01A_ADMISSION_20260730T013748Z/mlkem-native_af4c5abd_isolated/dev/aarch64_opt/src/poly_tobytes_aarch64_asm.S	11c99e2c80519dac46d52be89f5515e481c9c44ad61e8f02606fd646f7f14441	15694	upstream/mlkem-native/pkcheck-af4c5abd-source-snapshot/dev/aarch64_opt/src/poly_tobytes_aarch64_asm.S
mlk_kem_check_pk_cleanroom/PKCHECK_00BC_01A_ADMISSION_20260730T013748Z/mlkem-native_af4c5abd_isolated/dev/aarch64_opt/src/poly_tomont_aarch64_asm.S	71ecafe83460393fb260811a61535874a41027fa55e7a4a7f39a70f1721eca74	12065	upstream/mlkem-native/pkcheck-af4c5abd-source-snapshot/dev/aarch64_opt/src/poly_tomont_aarch64_asm.S
mlk_kem_check_pk_cleanroom/PKCHECK_00BC_01A_ADMISSION_20260730T013748Z/mlkem-native_af4c5abd_isolated/dev/aarch64_opt/src/polyvec_basemul_acc_montgomery_cached_k2_aarch64_asm.S	37f1e1f046253d301ded2a55a4f575b7ecf47312d6d0af56007bcbc8ab896842	35695	upstream/mlkem-native/pkcheck-af4c5abd-source-snapshot/dev/aarch64_opt/src/polyvec_basemul_acc_montgomery_cached_k2_aarch64_asm.S
mlk_kem_check_pk_cleanroom/PKCHECK_00BC_01A_ADMISSION_20260730T013748Z/mlkem-native_af4c5abd_isolated/dev/aarch64_opt/src/polyvec_basemul_acc_montgomery_cached_k3_aarch64_asm.S	d1865ba26a1a03273d885a84ba1a5d102ed8a58d3c41aa03ebbe174110feeb31	49033	upstream/mlkem-native/pkcheck-af4c5abd-source-snapshot/dev/aarch64_opt/src/polyvec_basemul_acc_montgomery_cached_k3_aarch64_asm.S
mlk_kem_check_pk_cleanroom/PKCHECK_00BC_01A_ADMISSION_20260730T013748Z/mlkem-native_af4c5abd_isolated/dev/aarch64_opt/src/polyvec_basemul_acc_montgomery_cached_k4_aarch64_asm.S	427eb86ecd734c306e6aa9bbe03094bca0feefb0716afe950d375d52ab9c2757	62284	upstream/mlkem-native/pkcheck-af4c5abd-source-snapshot/dev/aarch64_opt/src/polyvec_basemul_acc_montgomery_cached_k4_aarch64_asm.S
mlk_kem_check_pk_cleanroom/PKCHECK_00BC_01A_ADMISSION_20260730T013748Z/mlkem-native_af4c5abd_isolated/dev/aarch64_opt/src/rej_uniform_aarch64_asm.S	fedc3d1f008de34a75ac8e60ea05bb48c63668b66c355dfe2da95b7a1f92ada9	13954	upstream/mlkem-native/pkcheck-af4c5abd-source-snapshot/dev/aarch64_opt/src/rej_uniform_aarch64_asm.S
mlk_kem_check_pk_cleanroom/PKCHECK_00BC_01A_ADMISSION_20260730T013748Z/mlkem-native_af4c5abd_isolated/dev/aarch64_opt/src/rej_uniform_table.c	0f4e7024475acf7cc84adc8c013356fd650e312b9ea8855da32fa1531f4af7f7	27620	upstream/mlkem-native/pkcheck-af4c5abd-source-snapshot/dev/aarch64_opt/src/rej_uniform_table.c
mlk_kem_check_pk_cleanroom/PKCHECK_00BC_01A_ADMISSION_20260730T013748Z/mlkem-native_af4c5abd_isolated/dev/fips202/aarch64/auto.h	1fa2622ba914d05f862ee702c6db9c9c35aa20f29832b9cecf74ffb212f3fa58	2176	upstream/mlkem-native/pkcheck-af4c5abd-source-snapshot/dev/fips202/aarch64/auto.h
mlk_kem_check_pk_cleanroom/PKCHECK_00BC_01A_ADMISSION_20260730T013748Z/mlkem-native_af4c5abd_isolated/dev/fips202/aarch64/src/Makefile	ed51c8991a39d7857cdccb7f6e1bc5135ce372e15450b4122f6a7a4bf9d0c47f	4358	upstream/mlkem-native/pkcheck-af4c5abd-source-snapshot/dev/fips202/aarch64/src/Makefile
mlk_kem_check_pk_cleanroom/PKCHECK_00BC_01A_ADMISSION_20260730T013748Z/mlkem-native_af4c5abd_isolated/dev/fips202/aarch64/src/fips202_native_aarch64.h	d9bfb9b361d32af9ec472b530f2f6f54db8d085561ba442f7447f64bd57b9230	3412	upstream/mlkem-native/pkcheck-af4c5abd-source-snapshot/dev/fips202/aarch64/src/fips202_native_aarch64.h
mlk_kem_check_pk_cleanroom/PKCHECK_00BC_01A_ADMISSION_20260730T013748Z/mlkem-native_af4c5abd_isolated/dev/fips202/aarch64/src/keccak_f1600_x1_scalar_aarch64_asm.S	0d33d05d3e465aa671ba7df1b8c330fa1ab61b9ac51f65ff77d710428508d442	30707	upstream/mlkem-native/pkcheck-af4c5abd-source-snapshot/dev/fips202/aarch64/src/keccak_f1600_x1_scalar_aarch64_asm.S
mlk_kem_check_pk_cleanroom/PKCHECK_00BC_01A_ADMISSION_20260730T013748Z/mlkem-native_af4c5abd_isolated/dev/fips202/aarch64/src/keccak_f1600_x1_v84a_aarch64_asm.S	4ed6c7919d1cd769b13b969c4bf5276cd65f477b820e4a9551e85b04ebd8e6ba	11150	upstream/mlkem-native/pkcheck-af4c5abd-source-snapshot/dev/fips202/aarch64/src/keccak_f1600_x1_v84a_aarch64_asm.S
mlk_kem_check_pk_cleanroom/PKCHECK_00BC_01A_ADMISSION_20260730T013748Z/mlkem-native_af4c5abd_isolated/dev/fips202/aarch64/src/keccak_f1600_x2_v84a_aarch64_asm.S	9430e32bf3e7d645683c8962345d48043fc69aefbb5d4c9d86e3e8ff96167c48	10124	upstream/mlkem-native/pkcheck-af4c5abd-source-snapshot/dev/fips202/aarch64/src/keccak_f1600_x2_v84a_aarch64_asm.S
mlk_kem_check_pk_cleanroom/PKCHECK_00BC_01A_ADMISSION_20260730T013748Z/mlkem-native_af4c5abd_isolated/dev/fips202/aarch64/src/keccak_f1600_x4_v8a_scalar_hybrid_aarch64_asm.S	9ec86c2f2b5ec19fcb9d60f0181a96299fc20a0cc386cba96f47c9ef017e81d7	467360	upstream/mlkem-native/pkcheck-af4c5abd-source-snapshot/dev/fips202/aarch64/src/keccak_f1600_x4_v8a_scalar_hybrid_aarch64_asm.S
mlk_kem_check_pk_cleanroom/PKCHECK_00BC_01A_ADMISSION_20260730T013748Z/mlkem-native_af4c5abd_isolated/dev/fips202/aarch64/src/keccak_f1600_x4_v8a_v84a_scalar_hybrid_aarch64_asm.S	a0cd09a6182401c4d6218f0147e8693357ccc16bd016bdff219449e0ae2f94a4	385151	upstream/mlkem-native/pkcheck-af4c5abd-source-snapshot/dev/fips202/aarch64/src/keccak_f1600_x4_v8a_v84a_scalar_hybrid_aarch64_asm.S
mlk_kem_check_pk_cleanroom/PKCHECK_00BC_01A_ADMISSION_20260730T013748Z/mlkem-native_af4c5abd_isolated/dev/fips202/aarch64/src/keccakf1600_round_constants.c	e5ddd2b144d4006bc515a7259dc85be96f2029bcff1ab8802e8aa683767adeb9	2165	upstream/mlkem-native/pkcheck-af4c5abd-source-snapshot/dev/fips202/aarch64/src/keccakf1600_round_constants.c
mlk_kem_check_pk_cleanroom/PKCHECK_00BC_01A_ADMISSION_20260730T013748Z/mlkem-native_af4c5abd_isolated/dev/fips202/aarch64/x1_scalar.h	a9039f9c0cba1d3f1d6d14903dbb9b25bd9ca40e8e89306c3596c238c4224fdb	756	upstream/mlkem-native/pkcheck-af4c5abd-source-snapshot/dev/fips202/aarch64/x1_scalar.h
mlk_kem_check_pk_cleanroom/PKCHECK_00BC_01A_ADMISSION_20260730T013748Z/mlkem-native_af4c5abd_isolated/dev/fips202/aarch64/x1_v84a.h	0760aff3f2f3bf4fe91c919886783b720678590e9663eea617bc03b9474e2f16	914	upstream/mlkem-native/pkcheck-af4c5abd-source-snapshot/dev/fips202/aarch64/x1_v84a.h
mlk_kem_check_pk_cleanroom/PKCHECK_00BC_01A_ADMISSION_20260730T013748Z/mlkem-native_af4c5abd_isolated/dev/fips202/aarch64/x2_v84a.h	13d3535513b22c08887da9d70dddf1691bfe0b333dd3ff3c8b3acc2998102f50	1090	upstream/mlkem-native/pkcheck-af4c5abd-source-snapshot/dev/fips202/aarch64/x2_v84a.h
mlk_kem_check_pk_cleanroom/PKCHECK_00BC_01A_ADMISSION_20260730T013748Z/mlkem-native_af4c5abd_isolated/dev/fips202/aarch64/x4_v8a_scalar.h	997272e9a709075c170d2638b1c324da82e55c1c3e807efac34d67a18ca54f2a	756	upstream/mlkem-native/pkcheck-af4c5abd-source-snapshot/dev/fips202/aarch64/x4_v8a_scalar.h
mlk_kem_check_pk_cleanroom/PKCHECK_00BC_01A_ADMISSION_20260730T013748Z/mlkem-native_af4c5abd_isolated/dev/fips202/aarch64/x4_v8a_v84a_scalar.h	f24dcd429f1881e4903c26af17ee4fe9ca3966e47753f9875fc854d837f641c6	990	upstream/mlkem-native/pkcheck-af4c5abd-source-snapshot/dev/fips202/aarch64/x4_v8a_v84a_scalar.h
mlk_kem_check_pk_cleanroom/PKCHECK_00BC_01A_ADMISSION_20260730T013748Z/mlkem-native_af4c5abd_isolated/dev/fips202/aarch64_symbolic/keccak_f1600_x1_scalar_symbolic.S	6e36c5d9400151bffeca05b9f73ac7dab2fd0eb492e1cfd31354848d859722d0	16293	upstream/mlkem-native/pkcheck-af4c5abd-source-snapshot/dev/fips202/aarch64_symbolic/keccak_f1600_x1_scalar_symbolic.S
mlk_kem_check_pk_cleanroom/PKCHECK_00BC_01A_ADMISSION_20260730T013748Z/mlkem-native_af4c5abd_isolated/dev/fips202/aarch64_symbolic/keccak_f1600_x4_v8a_scalar_hybrid_clean.S	78a490df11f02a2e2abedcb56760d4d250f5c8d6cb02c4bfabd3c5cfe2b57cef	48851	upstream/mlkem-native/pkcheck-af4c5abd-source-snapshot/dev/fips202/aarch64_symbolic/keccak_f1600_x4_v8a_scalar_hybrid_clean.S
mlk_kem_check_pk_cleanroom/PKCHECK_00BC_01A_ADMISSION_20260730T013748Z/mlkem-native_af4c5abd_isolated/dev/fips202/aarch64_symbolic/keccak_f1600_x4_v8a_v84a_scalar_hybrid_clean.S	bb4025e8cfede81589013766016d0bb40223628516cdf8dba395a3f22bbb6fc9	49368	upstream/mlkem-native/pkcheck-af4c5abd-source-snapshot/dev/fips202/aarch64_symbolic/keccak_f1600_x4_v8a_v84a_scalar_hybrid_clean.S
mlk_kem_check_pk_cleanroom/PKCHECK_00BC_01A_ADMISSION_20260730T013748Z/mlkem-native_af4c5abd_isolated/dev/fips202/armv81m/README.md	5c9da77d44a5414feff176697c987f0f4879399b1142467fd9bec5914bf14a16	383	upstream/mlkem-native/pkcheck-af4c5abd-source-snapshot/dev/fips202/armv81m/README.md
mlk_kem_check_pk_cleanroom/PKCHECK_00BC_01A_ADMISSION_20260730T013748Z/mlkem-native_af4c5abd_isolated/dev/fips202/armv81m/mve.h	6febca21704c67e3a5ec62fb531616f095b8641390cfc9cfca476dcae9b74bcb	1918	upstream/mlkem-native/pkcheck-af4c5abd-source-snapshot/dev/fips202/armv81m/mve.h
mlk_kem_check_pk_cleanroom/PKCHECK_00BC_01A_ADMISSION_20260730T013748Z/mlkem-native_af4c5abd_isolated/dev/fips202/armv81m/src/fips202_native_armv81m.h	12bcfd4f63aa27945fdf164b701b3062b04a8585e8ef8815d5530858312ac3a6	1693	upstream/mlkem-native/pkcheck-af4c5abd-source-snapshot/dev/fips202/armv81m/src/fips202_native_armv81m.h
mlk_kem_check_pk_cleanroom/PKCHECK_00BC_01A_ADMISSION_20260730T013748Z/mlkem-native_af4c5abd_isolated/dev/fips202/armv81m/src/keccak_f1600_x4_mve.S	efa957cd2dfc0585379bb963091977e2f52656304d220ee7c0bebf3279698f61	710130	upstream/mlkem-native/pkcheck-af4c5abd-source-snapshot/dev/fips202/armv81m/src/keccak_f1600_x4_mve.S
mlk_kem_check_pk_cleanroom/PKCHECK_00BC_01A_ADMISSION_20260730T013748Z/mlkem-native_af4c5abd_isolated/dev/fips202/armv81m/src/keccak_f1600_x4_mve.c	cc2f5a32ae2c5256088e17e04f89529ca3985baa6813ef4d2f0a971d8698a666	1281	upstream/mlkem-native/pkcheck-af4c5abd-source-snapshot/dev/fips202/armv81m/src/keccak_f1600_x4_mve.c
mlk_kem_check_pk_cleanroom/PKCHECK_00BC_01A_ADMISSION_20260730T013748Z/mlkem-native_af4c5abd_isolated/dev/fips202/armv81m/src/keccakf1600_round_constants.c	a01c0948612bf393e6ba1e1db603474d929245be4a273a7b874b491f0e23e22b	1808	upstream/mlkem-native/pkcheck-af4c5abd-source-snapshot/dev/fips202/armv81m/src/keccakf1600_round_constants.c
mlk_kem_check_pk_cleanroom/PKCHECK_00BC_01A_ADMISSION_20260730T013748Z/mlkem-native_af4c5abd_isolated/dev/fips202/armv81m/src/state_extract_bytes_x4_mve.S	b41042e11fb524b0ae26365acb383d73e99ba0e163123c8bae120cf9e4800426	14865	upstream/mlkem-native/pkcheck-af4c5abd-source-snapshot/dev/fips202/armv81m/src/state_extract_bytes_x4_mve.S
mlk_kem_check_pk_cleanroom/PKCHECK_00BC_01A_ADMISSION_20260730T013748Z/mlkem-native_af4c5abd_isolated/dev/fips202/armv81m/src/state_xor_bytes_x4_mve.S	ab409e7991521c6f26c1e1e6bee8da30f622a27085e0fb0847e38f9144a3a57f	17320	upstream/mlkem-native/pkcheck-af4c5abd-source-snapshot/dev/fips202/armv81m/src/state_xor_bytes_x4_mve.S
mlk_kem_check_pk_cleanroom/PKCHECK_00BC_01A_ADMISSION_20260730T013748Z/mlkem-native_af4c5abd_isolated/dev/fips202/x86_64/keccak_f1600_x4_avx2.h	6073bea5cd5ed95774590cef1a8b5b88b93b8f4f293e2ed53badb2a5db2ce707	895	upstream/mlkem-native/pkcheck-af4c5abd-source-snapshot/dev/fips202/x86_64/keccak_f1600_x4_avx2.h
mlk_kem_check_pk_cleanroom/PKCHECK_00BC_01A_ADMISSION_20260730T013748Z/mlkem-native_af4c5abd_isolated/dev/fips202/x86_64/src/fips202_native_x86_64.h	3a8ac7a9e8f0e2a100e98508f22d0250e4632fce81b0902c91050cf76a14411e	1666	upstream/mlkem-native/pkcheck-af4c5abd-source-snapshot/dev/fips202/x86_64/src/fips202_native_x86_64.h
mlk_kem_check_pk_cleanroom/PKCHECK_00BC_01A_ADMISSION_20260730T013748Z/mlkem-native_af4c5abd_isolated/dev/fips202/x86_64/src/keccak_f1600_x4_avx2_asm.S	b064da266ec575af8c6bd42c6a2d06304968452d476fed210d964071c521434c	30492	upstream/mlkem-native/pkcheck-af4c5abd-source-snapshot/dev/fips202/x86_64/src/keccak_f1600_x4_avx2_asm.S
mlk_kem_check_pk_cleanroom/PKCHECK_00BC_01A_ADMISSION_20260730T013748Z/mlkem-native_af4c5abd_isolated/dev/fips202/x86_64/src/keccakf1600_constants.c	e1783332d6248856c4b53d4b777b50fd4ab0eab409ea1c2722ecfc7b6b8809ac	1676	upstream/mlkem-native/pkcheck-af4c5abd-source-snapshot/dev/fips202/x86_64/src/keccakf1600_constants.c
mlk_kem_check_pk_cleanroom/PKCHECK_00BC_01A_ADMISSION_20260730T013748Z/mlkem-native_af4c5abd_isolated/dev/ppc64le/README.md	2451f7f8ba5746d25fc4537f990c5d9adb01bbc44da33f467e771c0dd15b83c5	227	upstream/mlkem-native/pkcheck-af4c5abd-source-snapshot/dev/ppc64le/README.md
mlk_kem_check_pk_cleanroom/PKCHECK_00BC_01A_ADMISSION_20260730T013748Z/mlkem-native_af4c5abd_isolated/dev/ppc64le/meta.h	eeaea83dbf813c5bc3abb07153da84451f20749c76dd986c7f6acb5d6ace2207	1849	upstream/mlkem-native/pkcheck-af4c5abd-source-snapshot/dev/ppc64le/meta.h
mlk_kem_check_pk_cleanroom/PKCHECK_00BC_01A_ADMISSION_20260730T013748Z/mlkem-native_af4c5abd_isolated/dev/ppc64le/src/arith_native_ppc64le.h	cc1cfa350508bee748e150fc3d932ab62ec6da21842de73824afe57200609f8e	785	upstream/mlkem-native/pkcheck-af4c5abd-source-snapshot/dev/ppc64le/src/arith_native_ppc64le.h
mlk_kem_check_pk_cleanroom/PKCHECK_00BC_01A_ADMISSION_20260730T013748Z/mlkem-native_af4c5abd_isolated/dev/ppc64le/src/consts.c	f651fcd8d1c53f645cb9ef4a17a86575c787fa0e9cdf3b31c10417f20bcbfe98	15486	upstream/mlkem-native/pkcheck-af4c5abd-source-snapshot/dev/ppc64le/src/consts.c
mlk_kem_check_pk_cleanroom/PKCHECK_00BC_01A_ADMISSION_20260730T013748Z/mlkem-native_af4c5abd_isolated/dev/ppc64le/src/consts.h	847c8bd61b5d95170a10ca77ba11f89e8c85c0ef12f6ca4f38c20cd36394180e	976	upstream/mlkem-native/pkcheck-af4c5abd-source-snapshot/dev/ppc64le/src/consts.h
mlk_kem_check_pk_cleanroom/PKCHECK_00BC_01A_ADMISSION_20260730T013748Z/mlkem-native_af4c5abd_isolated/dev/ppc64le/src/intt_ppc_asm.S	d2c48f733061392e35f1c82058b86435651008c7ca1f08a781fab5a90079ae7d	33035	upstream/mlkem-native/pkcheck-af4c5abd-source-snapshot/dev/ppc64le/src/intt_ppc_asm.S
mlk_kem_check_pk_cleanroom/PKCHECK_00BC_01A_ADMISSION_20260730T013748Z/mlkem-native_af4c5abd_isolated/dev/ppc64le/src/ntt_ppc_asm.S	95210a285ac86fb92a34052c52b0ed30b8de3e5f680c78a533a33fe95ae9ca73	25746	upstream/mlkem-native/pkcheck-af4c5abd-source-snapshot/dev/ppc64le/src/ntt_ppc_asm.S
mlk_kem_check_pk_cleanroom/PKCHECK_00BC_01A_ADMISSION_20260730T013748Z/mlkem-native_af4c5abd_isolated/dev/ppc64le/src/poly_tomont_ppc_asm.S	a32389edf6d2ed30761b1bd7b86cad54bd582bb76f5c1b1dbd9618cfa5617756	7048	upstream/mlkem-native/pkcheck-af4c5abd-source-snapshot/dev/ppc64le/src/poly_tomont_ppc_asm.S
mlk_kem_check_pk_cleanroom/PKCHECK_00BC_01A_ADMISSION_20260730T013748Z/mlkem-native_af4c5abd_isolated/dev/ppc64le/src/reduce_ppc_asm.S	9256c91b1eb1e48f6f764cbfbe1780d3b18cbe5197ee9d584f1df957fd5ab2c6	16274	upstream/mlkem-native/pkcheck-af4c5abd-source-snapshot/dev/ppc64le/src/reduce_ppc_asm.S
mlk_kem_check_pk_cleanroom/PKCHECK_00BC_01A_ADMISSION_20260730T013748Z/mlkem-native_af4c5abd_isolated/dev/x86_64/README.md	662ba0d26dabc8fe4ceb3f242fed251a7bb53692fded593247315e268b87eda1	450	upstream/mlkem-native/pkcheck-af4c5abd-source-snapshot/dev/x86_64/README.md
mlk_kem_check_pk_cleanroom/PKCHECK_00BC_01A_ADMISSION_20260730T013748Z/mlkem-native_af4c5abd_isolated/dev/x86_64/meta.h	80d50455459ea21042c9e12ca01e46f87803363366529a33d8abf8f6b71afedf	8766	upstream/mlkem-native/pkcheck-af4c5abd-source-snapshot/dev/x86_64/meta.h
mlk_kem_check_pk_cleanroom/PKCHECK_00BC_01A_ADMISSION_20260730T013748Z/mlkem-native_af4c5abd_isolated/dev/x86_64/src/arith_native_x86_64.h	02bb7233beabbbc4b626c2a827e22cd992617260334d5f71b665804645fa293f	13543	upstream/mlkem-native/pkcheck-af4c5abd-source-snapshot/dev/x86_64/src/arith_native_x86_64.h
mlk_kem_check_pk_cleanroom/PKCHECK_00BC_01A_ADMISSION_20260730T013748Z/mlkem-native_af4c5abd_isolated/dev/x86_64/src/compress_consts.c	562965e31635041e2133ccc7602b6185bdce5472541f3b54ac72795fb6bc98f2	4105	upstream/mlkem-native/pkcheck-af4c5abd-source-snapshot/dev/x86_64/src/compress_consts.c
mlk_kem_check_pk_cleanroom/PKCHECK_00BC_01A_ADMISSION_20260730T013748Z/mlkem-native_af4c5abd_isolated/dev/x86_64/src/compress_consts.h	9a58088b7f7fb603b4d30772de626a16f2b5f9099009a334107022505a660c67	1580	upstream/mlkem-native/pkcheck-af4c5abd-source-snapshot/dev/x86_64/src/compress_consts.h
mlk_kem_check_pk_cleanroom/PKCHECK_00BC_01A_ADMISSION_20260730T013748Z/mlkem-native_af4c5abd_isolated/dev/x86_64/src/consts.c	92b37dd2361425c2816f624a982b64bbb4b4a7563f02604470c7541a83acf435	5940	upstream/mlkem-native/pkcheck-af4c5abd-source-snapshot/dev/x86_64/src/consts.c
mlk_kem_check_pk_cleanroom/PKCHECK_00BC_01A_ADMISSION_20260730T013748Z/mlkem-native_af4c5abd_isolated/dev/x86_64/src/consts.h	9c3145261e895a6ae7afa507a1859c6d1ba8d44b0b8343da7d4011f240b527d9	740	upstream/mlkem-native/pkcheck-af4c5abd-source-snapshot/dev/x86_64/src/consts.h
mlk_kem_check_pk_cleanroom/PKCHECK_00BC_01A_ADMISSION_20260730T013748Z/mlkem-native_af4c5abd_isolated/dev/x86_64/src/fq.inc	9119d73ba60d16ccfa7a260574307f4a3d8b544b33b2d3c7adee44895e1eb650	891	upstream/mlkem-native/pkcheck-af4c5abd-source-snapshot/dev/x86_64/src/fq.inc
mlk_kem_check_pk_cleanroom/PKCHECK_00BC_01A_ADMISSION_20260730T013748Z/mlkem-native_af4c5abd_isolated/dev/x86_64/src/intt_avx2_asm.S	cde9b5cf4292bdf4ab016f2f5132234cc5115ad0c9f7135b5a6de8387896b671	10645	upstream/mlkem-native/pkcheck-af4c5abd-source-snapshot/dev/x86_64/src/intt_avx2_asm.S
mlk_kem_check_pk_cleanroom/PKCHECK_00BC_01A_ADMISSION_20260730T013748Z/mlkem-native_af4c5abd_isolated/dev/x86_64/src/ntt_avx2_asm.S	cd0ce34fffb989cf76ba72035b14ad71487fb3b7b9c9cd06879e12442b575e83	7912	upstream/mlkem-native/pkcheck-af4c5abd-source-snapshot/dev/x86_64/src/ntt_avx2_asm.S
mlk_kem_check_pk_cleanroom/PKCHECK_00BC_01A_ADMISSION_20260730T013748Z/mlkem-native_af4c5abd_isolated/dev/x86_64/src/nttfrombytes_avx2_asm.S	23094ca8ac551a5fdb5098ed59c782f6fc3c968f80c3f34d2ad0333085029c48	3090	upstream/mlkem-native/pkcheck-af4c5abd-source-snapshot/dev/x86_64/src/nttfrombytes_avx2_asm.S
mlk_kem_check_pk_cleanroom/PKCHECK_00BC_01A_ADMISSION_20260730T013748Z/mlkem-native_af4c5abd_isolated/dev/x86_64/src/ntttobytes_avx2_asm.S	dd7f10b104a15f1fbe3c83f03569f614afa4c2df558b5d180a65c7acec22ee2b	2910	upstream/mlkem-native/pkcheck-af4c5abd-source-snapshot/dev/x86_64/src/ntttobytes_avx2_asm.S
mlk_kem_check_pk_cleanroom/PKCHECK_00BC_01A_ADMISSION_20260730T013748Z/mlkem-native_af4c5abd_isolated/dev/x86_64/src/nttunpack_avx2_asm.S	44dd8afde0678ea2c0cc2e066c68b0fd0765351d3701e9a5c9e1351b8166f07a	2311	upstream/mlkem-native/pkcheck-af4c5abd-source-snapshot/dev/x86_64/src/nttunpack_avx2_asm.S
mlk_kem_check_pk_cleanroom/PKCHECK_00BC_01A_ADMISSION_20260730T013748Z/mlkem-native_af4c5abd_isolated/dev/x86_64/src/poly_basemul.inc	1d6af52652f37f92c7208c39506b0b058740833d7343f91e569e3ac3c99f4396	4209	upstream/mlkem-native/pkcheck-af4c5abd-source-snapshot/dev/x86_64/src/poly_basemul.inc
mlk_kem_check_pk_cleanroom/PKCHECK_00BC_01A_ADMISSION_20260730T013748Z/mlkem-native_af4c5abd_isolated/dev/x86_64/src/poly_compress_d10_avx2_asm.S	bd844a55020f1ea844c6222f4e4c24a83056d6cbd5acacee2ca57286ca38b1ef	4828	upstream/mlkem-native/pkcheck-af4c5abd-source-snapshot/dev/x86_64/src/poly_compress_d10_avx2_asm.S
mlk_kem_check_pk_cleanroom/PKCHECK_00BC_01A_ADMISSION_20260730T013748Z/mlkem-native_af4c5abd_isolated/dev/x86_64/src/poly_compress_d11_avx2_asm.S	b4ce17057839b7e4e76e5c517c2a6638a483dca4c08379c37e5f3c7c88d10ef9	4669	upstream/mlkem-native/pkcheck-af4c5abd-source-snapshot/dev/x86_64/src/poly_compress_d11_avx2_asm.S
mlk_kem_check_pk_cleanroom/PKCHECK_00BC_01A_ADMISSION_20260730T013748Z/mlkem-native_af4c5abd_isolated/dev/x86_64/src/poly_compress_d4_avx2_asm.S	90fed7f96d6b1d9bb7952682d2d93fdd47ab17c7146cbe2d1d734fa211c66d81	4185	upstream/mlkem-native/pkcheck-af4c5abd-source-snapshot/dev/x86_64/src/poly_compress_d4_avx2_asm.S
mlk_kem_check_pk_cleanroom/PKCHECK_00BC_01A_ADMISSION_20260730T013748Z/mlkem-native_af4c5abd_isolated/dev/x86_64/src/poly_compress_d5_avx2_asm.S	c7d8526b8a50668cdd38fa246ab733af2fdf204b2ef5ddc18e04f212d69eef1c	4613	upstream/mlkem-native/pkcheck-af4c5abd-source-snapshot/dev/x86_64/src/poly_compress_d5_avx2_asm.S
mlk_kem_check_pk_cleanroom/PKCHECK_00BC_01A_ADMISSION_20260730T013748Z/mlkem-native_af4c5abd_isolated/dev/x86_64/src/poly_decompress_d10_avx2_asm.S	e13703eed0d0c9232fe88ee5cf7ff6a30f5e666f279449eab1187ce8d8866287	3682	upstream/mlkem-native/pkcheck-af4c5abd-source-snapshot/dev/x86_64/src/poly_decompress_d10_avx2_asm.S
mlk_kem_check_pk_cleanroom/PKCHECK_00BC_01A_ADMISSION_20260730T013748Z/mlkem-native_af4c5abd_isolated/dev/x86_64/src/poly_decompress_d11_avx2_asm.S	931601c4ae43cdebdba029c5178c5d04eda0e165ddbb99865c91ca2e543837b7	3914	upstream/mlkem-native/pkcheck-af4c5abd-source-snapshot/dev/x86_64/src/poly_decompress_d11_avx2_asm.S
mlk_kem_check_pk_cleanroom/PKCHECK_00BC_01A_ADMISSION_20260730T013748Z/mlkem-native_af4c5abd_isolated/dev/x86_64/src/poly_decompress_d4_avx2_asm.S	26455eb3cafa245be446a96fc1c81723549e8c5618227d33467bb181fb522777	3585	upstream/mlkem-native/pkcheck-af4c5abd-source-snapshot/dev/x86_64/src/poly_decompress_d4_avx2_asm.S
mlk_kem_check_pk_cleanroom/PKCHECK_00BC_01A_ADMISSION_20260730T013748Z/mlkem-native_af4c5abd_isolated/dev/x86_64/src/poly_decompress_d5_avx2_asm.S	1ada70e9d28b41625a27a0293e9fe1a10c0cde570704e93922c3c0b91d4bf8bc	3494	upstream/mlkem-native/pkcheck-af4c5abd-source-snapshot/dev/x86_64/src/poly_decompress_d5_avx2_asm.S
mlk_kem_check_pk_cleanroom/PKCHECK_00BC_01A_ADMISSION_20260730T013748Z/mlkem-native_af4c5abd_isolated/dev/x86_64/src/poly_mulcache_compute_avx2_asm.S	279c2acc573510b867192faa70ce07c2441d5f31273a364536eb1b9c310e0f51	2110	upstream/mlkem-native/pkcheck-af4c5abd-source-snapshot/dev/x86_64/src/poly_mulcache_compute_avx2_asm.S
mlk_kem_check_pk_cleanroom/PKCHECK_00BC_01A_ADMISSION_20260730T013748Z/mlkem-native_af4c5abd_isolated/dev/x86_64/src/polyvec_basemul_acc_montgomery_cached_k2_avx2_asm.S	3f0f7ab75a8f05523451e2a10b4a8c7daed43a48975896fa265f1acc5527f2f2	1786	upstream/mlkem-native/pkcheck-af4c5abd-source-snapshot/dev/x86_64/src/polyvec_basemul_acc_montgomery_cached_k2_avx2_asm.S
mlk_kem_check_pk_cleanroom/PKCHECK_00BC_01A_ADMISSION_20260730T013748Z/mlkem-native_af4c5abd_isolated/dev/x86_64/src/polyvec_basemul_acc_montgomery_cached_k3_avx2_asm.S	7ff023497b2f98cd2d2b1505dd8478b8e8886ae5f9f0fb507050438f26e7ae5b	1786	upstream/mlkem-native/pkcheck-af4c5abd-source-snapshot/dev/x86_64/src/polyvec_basemul_acc_montgomery_cached_k3_avx2_asm.S
mlk_kem_check_pk_cleanroom/PKCHECK_00BC_01A_ADMISSION_20260730T013748Z/mlkem-native_af4c5abd_isolated/dev/x86_64/src/polyvec_basemul_acc_montgomery_cached_k4_avx2_asm.S	6264216a29647f2f6ef8cde0be7a9e685795a002ce8c3cba8e6c714bd647e516	1787	upstream/mlkem-native/pkcheck-af4c5abd-source-snapshot/dev/x86_64/src/polyvec_basemul_acc_montgomery_cached_k4_avx2_asm.S
mlk_kem_check_pk_cleanroom/PKCHECK_00BC_01A_ADMISSION_20260730T013748Z/mlkem-native_af4c5abd_isolated/dev/x86_64/src/reduce_avx2_asm.S	8435e347c0fb45614c93b60f87bfe363ba961756f114a93ddf6f1c3ead548520	2526	upstream/mlkem-native/pkcheck-af4c5abd-source-snapshot/dev/x86_64/src/reduce_avx2_asm.S
mlk_kem_check_pk_cleanroom/PKCHECK_00BC_01A_ADMISSION_20260730T013748Z/mlkem-native_af4c5abd_isolated/dev/x86_64/src/rej_uniform_avx2_asm.S	500a934d7e90923c6c106a3903b992d416e903e893f2c9b222e255a7290dcffc	6335	upstream/mlkem-native/pkcheck-af4c5abd-source-snapshot/dev/x86_64/src/rej_uniform_avx2_asm.S
mlk_kem_check_pk_cleanroom/PKCHECK_00BC_01A_ADMISSION_20260730T013748Z/mlkem-native_af4c5abd_isolated/dev/x86_64/src/rej_uniform_table.c	be662d58c00fdfc8dfa14bdaf580f7af0c21ffb3211eba5e6a89654ab34afa22	27658	upstream/mlkem-native/pkcheck-af4c5abd-source-snapshot/dev/x86_64/src/rej_uniform_table.c
mlk_kem_check_pk_cleanroom/PKCHECK_00BC_01A_ADMISSION_20260730T013748Z/mlkem-native_af4c5abd_isolated/dev/x86_64/src/shuffle.inc	98aa8f89f296799caed9b3e0525984bb49d7c437c797f81a115c8f7ec9be17c5	1119	upstream/mlkem-native/pkcheck-af4c5abd-source-snapshot/dev/x86_64/src/shuffle.inc
mlk_kem_check_pk_cleanroom/PKCHECK_00BC_01A_ADMISSION_20260730T013748Z/mlkem-native_af4c5abd_isolated/dev/x86_64/src/tomont_avx2_asm.S	7fec44c4ca710fa03fcc39e7c4320d0d209284896b8a722b9b17a61a876b7d9b	2675	upstream/mlkem-native/pkcheck-af4c5abd-source-snapshot/dev/x86_64/src/tomont_avx2_asm.S
mlk_kem_check_pk_cleanroom/PKCHECK_00BC_01A_ADMISSION_20260730T013748Z/mlkem-native_af4c5abd_isolated/examples/README.md	c32302629549cc7b296db15ef08c9232cf367d30623b1d81ebbd1d843ed22667	2448	upstream/mlkem-native/pkcheck-af4c5abd-source-snapshot/examples/README.md
mlk_kem_check_pk_cleanroom/PKCHECK_00BC_01A_ADMISSION_20260730T013748Z/mlkem-native_af4c5abd_isolated/examples/basic/.gitignore	a16ce390164578975ec29da9b161ac23ca477f6b6b8fc8f5b051bda34e3b01ac	59	upstream/mlkem-native/pkcheck-af4c5abd-source-snapshot/examples/basic/.gitignore
mlk_kem_check_pk_cleanroom/PKCHECK_00BC_01A_ADMISSION_20260730T013748Z/mlkem-native_af4c5abd_isolated/examples/basic/Makefile	6408f76c5dc2effd5064c9f294ff39dfe060ac1426a3a9af55a9090336167cb8	2952	upstream/mlkem-native/pkcheck-af4c5abd-source-snapshot/examples/basic/Makefile
mlk_kem_check_pk_cleanroom/PKCHECK_00BC_01A_ADMISSION_20260730T013748Z/mlkem-native_af4c5abd_isolated/examples/basic/README.md	7a6d28163cf25da025eff48caa8665210e132d7722dce044d8f170e4f7b61294	1287	upstream/mlkem-native/pkcheck-af4c5abd-source-snapshot/examples/basic/README.md
mlk_kem_check_pk_cleanroom/PKCHECK_00BC_01A_ADMISSION_20260730T013748Z/mlkem-native_af4c5abd_isolated/examples/basic/auto.mk	179af17d2e0a2442e9fe7b8a195af549dc0cf445de4a1ff9810818096293fffb	7211	upstream/mlkem-native/pkcheck-af4c5abd-source-snapshot/examples/basic/auto.mk
mlk_kem_check_pk_cleanroom/PKCHECK_00BC_01A_ADMISSION_20260730T013748Z/mlkem-native_af4c5abd_isolated/examples/basic/main.c	a2828917c9059c8b946d67fda24b174c444df9fec7a56e92959a866d041a66b1	3413	upstream/mlkem-native/pkcheck-af4c5abd-source-snapshot/examples/basic/main.c
mlk_kem_check_pk_cleanroom/PKCHECK_00BC_01A_ADMISSION_20260730T013748Z/mlkem-native_af4c5abd_isolated/examples/basic/mlkem_native/mlkem_native.h	df582b5462c592df89f0f8764af073acaa968086dc61e6c2d5cd6b12ac43c1b1	19752	upstream/mlkem-native/pkcheck-af4c5abd-source-snapshot/examples/basic/mlkem_native/mlkem_native.h
mlk_kem_check_pk_cleanroom/PKCHECK_00BC_01A_ADMISSION_20260730T013748Z/mlkem-native_af4c5abd_isolated/examples/basic/mlkem_native/mlkem_native_config.h	a1da5666025805b84c6a37f316a2e3d4659ad68e32b25d3f802699313f0b8776	21897	upstream/mlkem-native/pkcheck-af4c5abd-source-snapshot/examples/basic/mlkem_native/mlkem_native_config.h
mlk_kem_check_pk_cleanroom/PKCHECK_00BC_01A_ADMISSION_20260730T013748Z/mlkem-native_af4c5abd_isolated/examples/basic/mlkem_native/src/cbmc.h	12fe62f76060aa2cdd41de6170e0c787c516ae753ed32579c9c39b1af55130fb	7954	upstream/mlkem-native/pkcheck-af4c5abd-source-snapshot/examples/basic/mlkem_native/src/cbmc.h
mlk_kem_check_pk_cleanroom/PKCHECK_00BC_01A_ADMISSION_20260730T013748Z/mlkem-native_af4c5abd_isolated/examples/basic/mlkem_native/src/common.h	cc48998e9595ec4e59a3aa53d6be9e55ecccb3cdc047e661ccd94fa99955d675	9434	upstream/mlkem-native/pkcheck-af4c5abd-source-snapshot/examples/basic/mlkem_native/src/common.h
mlk_kem_check_pk_cleanroom/PKCHECK_00BC_01A_ADMISSION_20260730T013748Z/mlkem-native_af4c5abd_isolated/examples/basic/mlkem_native/src/compress.c	9201bea6ddd1d7622cc6496d2f745fee52397d203392f75a3d6e52a400de5bad	24427	upstream/mlkem-native/pkcheck-af4c5abd-source-snapshot/examples/basic/mlkem_native/src/compress.c
mlk_kem_check_pk_cleanroom/PKCHECK_00BC_01A_ADMISSION_20260730T013748Z/mlkem-native_af4c5abd_isolated/examples/basic/mlkem_native/src/compress.h	0f357a30e7ea37351854dc550e502e5a7eaf80184896bf92b40073175706e0dd	20187	upstream/mlkem-native/pkcheck-af4c5abd-source-snapshot/examples/basic/mlkem_native/src/compress.h
mlk_kem_check_pk_cleanroom/PKCHECK_00BC_01A_ADMISSION_20260730T013748Z/mlkem-native_af4c5abd_isolated/examples/basic/mlkem_native/src/context.h	9e4cdb00eac5a3d1553e64a02dcba66300302f17f1f0d4f3bba64b65c1f53a90	1834	upstream/mlkem-native/pkcheck-af4c5abd-source-snapshot/examples/basic/mlkem_native/src/context.h
mlk_kem_check_pk_cleanroom/PKCHECK_00BC_01A_ADMISSION_20260730T013748Z/mlkem-native_af4c5abd_isolated/examples/basic/mlkem_native/src/debug.c	263ac19f2b2bf5c784cbf04fd4c968762abedc6961d44f507c8953b52a38827e	1605	upstream/mlkem-native/pkcheck-af4c5abd-source-snapshot/examples/basic/mlkem_native/src/debug.c
mlk_kem_check_pk_cleanroom/PKCHECK_00BC_01A_ADMISSION_20260730T013748Z/mlkem-native_af4c5abd_isolated/examples/basic/mlkem_native/src/debug.h	d1fab329b439fc6dd9c4234f3fe053e74b000d416e0f4e4464542813667f3750	4740	upstream/mlkem-native/pkcheck-af4c5abd-source-snapshot/examples/basic/mlkem_native/src/debug.h
mlk_kem_check_pk_cleanroom/PKCHECK_00BC_01A_ADMISSION_20260730T013748Z/mlkem-native_af4c5abd_isolated/examples/basic/mlkem_native/src/fips202/fips202.c	fb0654c0b33c45c929fdb2af2287807a7b8f312ac7f3baa3ddfaef0c030ef0b2	7438	upstream/mlkem-native/pkcheck-af4c5abd-source-snapshot/examples/basic/mlkem_native/src/fips202/fips202.c
mlk_kem_check_pk_cleanroom/PKCHECK_00BC_01A_ADMISSION_20260730T013748Z/mlkem-native_af4c5abd_isolated/examples/basic/mlkem_native/src/fips202/fips202.h	cad68aaacc2f3511f0a5a0c70f7ac827e76c78e862f1c5616de2b74c8b96a4a5	4922	upstream/mlkem-native/pkcheck-af4c5abd-source-snapshot/examples/basic/mlkem_native/src/fips202/fips202.h
mlk_kem_check_pk_cleanroom/PKCHECK_00BC_01A_ADMISSION_20260730T013748Z/mlkem-native_af4c5abd_isolated/examples/basic/mlkem_native/src/fips202/fips202x4.c	2e481ccbafc00765b210725c8e454f2b4dc622844eccf6a0c1e025657fcb5fe8	7353	upstream/mlkem-native/pkcheck-af4c5abd-source-snapshot/examples/basic/mlkem_native/src/fips202/fips202x4.c
mlk_kem_check_pk_cleanroom/PKCHECK_00BC_01A_ADMISSION_20260730T013748Z/mlkem-native_af4c5abd_isolated/examples/basic/mlkem_native/src/fips202/fips202x4.h	c8d2e50f7ccce19822030786a1a99f0892db63ebe5b020fa91a5383c9700dd22	3156	upstream/mlkem-native/pkcheck-af4c5abd-source-snapshot/examples/basic/mlkem_native/src/fips202/fips202x4.h
mlk_kem_check_pk_cleanroom/PKCHECK_00BC_01A_ADMISSION_20260730T013748Z/mlkem-native_af4c5abd_isolated/examples/basic/mlkem_native/src/fips202/keccakf1600.c	65770564ec922faca7ec072eefc16bfdba2495a20d51cae0f6cce207835cdd7e	15788	upstream/mlkem-native/pkcheck-af4c5abd-source-snapshot/examples/basic/mlkem_native/src/fips202/keccakf1600.c
mlk_kem_check_pk_cleanroom/PKCHECK_00BC_01A_ADMISSION_20260730T013748Z/mlkem-native_af4c5abd_isolated/examples/basic/mlkem_native/src/fips202/keccakf1600.h	88c06d4c546f46920a65001bcfad8cabb6173fb01ae071e02412c46043bdf54f	4385	upstream/mlkem-native/pkcheck-af4c5abd-source-snapshot/examples/basic/mlkem_native/src/fips202/keccakf1600.h
mlk_kem_check_pk_cleanroom/PKCHECK_00BC_01A_ADMISSION_20260730T013748Z/mlkem-native_af4c5abd_isolated/examples/basic/mlkem_native/src/fips202/native/aarch64/auto.h	1229009312b61690b2f56babf7a6f648fa9c51ef30d6a5d2a5b44cb23fcc00ff	2185	upstream/mlkem-native/pkcheck-af4c5abd-source-snapshot/examples/basic/mlkem_native/src/fips202/native/aarch64/auto.h
mlk_kem_check_pk_cleanroom/PKCHECK_00BC_01A_ADMISSION_20260730T013748Z/mlkem-native_af4c5abd_isolated/examples/basic/mlkem_native/src/fips202/native/aarch64/src/fips202_native_aarch64.h	76f1cd9df93bd940b50f1e8863a72ee58c261be7dd37ae3d696134cde0af6035	3421	upstream/mlkem-native/pkcheck-af4c5abd-source-snapshot/examples/basic/mlkem_native/src/fips202/native/aarch64/src/fips202_native_aarch64.h
mlk_kem_check_pk_cleanroom/PKCHECK_00BC_01A_ADMISSION_20260730T013748Z/mlkem-native_af4c5abd_isolated/examples/basic/mlkem_native/src/fips202/native/aarch64/src/keccak_f1600_x1_scalar_aarch64_asm.S	6fbe5f3b9607bf318a8e74d22452bce5890832b5048fdb952842f929036d7586	11586	upstream/mlkem-native/pkcheck-af4c5abd-source-snapshot/examples/basic/mlkem_native/src/fips202/native/aarch64/src/keccak_f1600_x1_scalar_aarch64_asm.S
mlk_kem_check_pk_cleanroom/PKCHECK_00BC_01A_ADMISSION_20260730T013748Z/mlkem-native_af4c5abd_isolated/examples/basic/mlkem_native/src/fips202/native/aarch64/src/keccak_f1600_x1_v84a_aarch64_asm.S	a0c147e3dc50889e1acf527610951b84b0d2fead2cf3ebac0f581019bef03e9c	6944	upstream/mlkem-native/pkcheck-af4c5abd-source-snapshot/examples/basic/mlkem_native/src/fips202/native/aarch64/src/keccak_f1600_x1_v84a_aarch64_asm.S
mlk_kem_check_pk_cleanroom/PKCHECK_00BC_01A_ADMISSION_20260730T013748Z/mlkem-native_af4c5abd_isolated/examples/basic/mlkem_native/src/fips202/native/aarch64/src/keccak_f1600_x2_v84a_aarch64_asm.S	3f5c48c3b3dd108995929abf43f4920228adfe9a9f5ba7be6cdca380925bd0ee	8986	upstream/mlkem-native/pkcheck-af4c5abd-source-snapshot/examples/basic/mlkem_native/src/fips202/native/aarch64/src/keccak_f1600_x2_v84a_aarch64_asm.S
mlk_kem_check_pk_cleanroom/PKCHECK_00BC_01A_ADMISSION_20260730T013748Z/mlkem-native_af4c5abd_isolated/examples/basic/mlkem_native/src/fips202/native/aarch64/src/keccak_f1600_x4_v8a_scalar_hybrid_aarch64_asm.S	dc389f0d1f8b677c37737608f706292f985e328bd72e668d1c974c8cfbf47793	35953	upstream/mlkem-native/pkcheck-af4c5abd-source-snapshot/examples/basic/mlkem_native/src/fips202/native/aarch64/src/keccak_f1600_x4_v8a_scalar_hybrid_aarch64_asm.S
mlk_kem_check_pk_cleanroom/PKCHECK_00BC_01A_ADMISSION_20260730T013748Z/mlkem-native_af4c5abd_isolated/examples/basic/mlkem_native/src/fips202/native/aarch64/src/keccak_f1600_x4_v8a_v84a_scalar_hybrid_aarch64_asm.S	b81dddd63984b5750f2cddc5a4ccc6b5e3ed7f541a15a62f1cd375bc819dd9d3	33242	upstream/mlkem-native/pkcheck-af4c5abd-source-snapshot/examples/basic/mlkem_native/src/fips202/native/aarch64/src/keccak_f1600_x4_v8a_v84a_scalar_hybrid_aarch64_asm.S
mlk_kem_check_pk_cleanroom/PKCHECK_00BC_01A_ADMISSION_20260730T013748Z/mlkem-native_af4c5abd_isolated/examples/basic/mlkem_native/src/fips202/native/aarch64/src/keccakf1600_round_constants.c	e5ddd2b144d4006bc515a7259dc85be96f2029bcff1ab8802e8aa683767adeb9	2165	upstream/mlkem-native/pkcheck-af4c5abd-source-snapshot/examples/basic/mlkem_native/src/fips202/native/aarch64/src/keccakf1600_round_constants.c
mlk_kem_check_pk_cleanroom/PKCHECK_00BC_01A_ADMISSION_20260730T013748Z/mlkem-native_af4c5abd_isolated/examples/basic/mlkem_native/src/fips202/native/aarch64/x1_scalar.h	31a5c395ec7a2fcf084fc64e9e5b36d9b57c60f52242453970888f99a8cd033f	765	upstream/mlkem-native/pkcheck-af4c5abd-source-snapshot/examples/basic/mlkem_native/src/fips202/native/aarch64/x1_scalar.h
mlk_kem_check_pk_cleanroom/PKCHECK_00BC_01A_ADMISSION_20260730T013748Z/mlkem-native_af4c5abd_isolated/examples/basic/mlkem_native/src/fips202/native/aarch64/x1_v84a.h	fd96189141a839c07acfb64e4460841e999716730be080376b2604d0aa709687	923	upstream/mlkem-native/pkcheck-af4c5abd-source-snapshot/examples/basic/mlkem_native/src/fips202/native/aarch64/x1_v84a.h
mlk_kem_check_pk_cleanroom/PKCHECK_00BC_01A_ADMISSION_20260730T013748Z/mlkem-native_af4c5abd_isolated/examples/basic/mlkem_native/src/fips202/native/aarch64/x2_v84a.h	cea8a31cdac31aae7c62e02d8ee8b223d51fc8e48fd9f0059bed33e2e09476ac	1099	upstream/mlkem-native/pkcheck-af4c5abd-source-snapshot/examples/basic/mlkem_native/src/fips202/native/aarch64/x2_v84a.h
mlk_kem_check_pk_cleanroom/PKCHECK_00BC_01A_ADMISSION_20260730T013748Z/mlkem-native_af4c5abd_isolated/examples/basic/mlkem_native/src/fips202/native/aarch64/x4_v8a_scalar.h	fc1ba65c9557eddad623ec15e193fa8ff18d970cd348ecd736bed092c5f4f5e2	765	upstream/mlkem-native/pkcheck-af4c5abd-source-snapshot/examples/basic/mlkem_native/src/fips202/native/aarch64/x4_v8a_scalar.h
mlk_kem_check_pk_cleanroom/PKCHECK_00BC_01A_ADMISSION_20260730T013748Z/mlkem-native_af4c5abd_isolated/examples/basic/mlkem_native/src/fips202/native/aarch64/x4_v8a_v84a_scalar.h	af16e048da60454ae457d8519adf37c1e1ccf5decb455158d6a829be6a030f20	999	upstream/mlkem-native/pkcheck-af4c5abd-source-snapshot/examples/basic/mlkem_native/src/fips202/native/aarch64/x4_v8a_v84a_scalar.h
mlk_kem_check_pk_cleanroom/PKCHECK_00BC_01A_ADMISSION_20260730T013748Z/mlkem-native_af4c5abd_isolated/examples/basic/mlkem_native/src/fips202/native/api.h	d4d8734a33d4b91e4ff53955751943ba60ea89a3b9da94a1f8bd42f1b4ee9c86	5069	upstream/mlkem-native/pkcheck-af4c5abd-source-snapshot/examples/basic/mlkem_native/src/fips202/native/api.h
mlk_kem_check_pk_cleanroom/PKCHECK_00BC_01A_ADMISSION_20260730T013748Z/mlkem-native_af4c5abd_isolated/examples/basic/mlkem_native/src/fips202/native/armv81m/README.md	ef41c9e748a12dac3da3c0a7d9a890115886ee0a1bb8d7141fb76f28fd9e8668	483	upstream/mlkem-native/pkcheck-af4c5abd-source-snapshot/examples/basic/mlkem_native/src/fips202/native/armv81m/README.md
mlk_kem_check_pk_cleanroom/PKCHECK_00BC_01A_ADMISSION_20260730T013748Z/mlkem-native_af4c5abd_isolated/examples/basic/mlkem_native/src/fips202/native/armv81m/mve.h	1be4f1af21ecdc4d388917441a7135fa3bc1f189b4b4f8bcd7723d12013b3f25	1927	upstream/mlkem-native/pkcheck-af4c5abd-source-snapshot/examples/basic/mlkem_native/src/fips202/native/armv81m/mve.h
mlk_kem_check_pk_cleanroom/PKCHECK_00BC_01A_ADMISSION_20260730T013748Z/mlkem-native_af4c5abd_isolated/examples/basic/mlkem_native/src/fips202/native/armv81m/src/fips202_native_armv81m.h	ca26af0242b3909d82a41581384bf8bd660f5fe84b09a80e4b94addb735f054c	1702	upstream/mlkem-native/pkcheck-af4c5abd-source-snapshot/examples/basic/mlkem_native/src/fips202/native/armv81m/src/fips202_native_armv81m.h
mlk_kem_check_pk_cleanroom/PKCHECK_00BC_01A_ADMISSION_20260730T013748Z/mlkem-native_af4c5abd_isolated/examples/basic/mlkem_native/src/fips202/native/armv81m/src/keccak_f1600_x4_mve.S	50c5f44d3a677becc5e018da38f0c5b07d5b5b988de2fee4e255ac9a5b4e9307	21417	upstream/mlkem-native/pkcheck-af4c5abd-source-snapshot/examples/basic/mlkem_native/src/fips202/native/armv81m/src/keccak_f1600_x4_mve.S
mlk_kem_check_pk_cleanroom/PKCHECK_00BC_01A_ADMISSION_20260730T013748Z/mlkem-native_af4c5abd_isolated/examples/basic/mlkem_native/src/fips202/native/armv81m/src/keccak_f1600_x4_mve.c	cc2f5a32ae2c5256088e17e04f89529ca3985baa6813ef4d2f0a971d8698a666	1281	upstream/mlkem-native/pkcheck-af4c5abd-source-snapshot/examples/basic/mlkem_native/src/fips202/native/armv81m/src/keccak_f1600_x4_mve.c
mlk_kem_check_pk_cleanroom/PKCHECK_00BC_01A_ADMISSION_20260730T013748Z/mlkem-native_af4c5abd_isolated/examples/basic/mlkem_native/src/fips202/native/armv81m/src/keccakf1600_round_constants.c	a01c0948612bf393e6ba1e1db603474d929245be4a273a7b874b491f0e23e22b	1808	upstream/mlkem-native/pkcheck-af4c5abd-source-snapshot/examples/basic/mlkem_native/src/fips202/native/armv81m/src/keccakf1600_round_constants.c
mlk_kem_check_pk_cleanroom/PKCHECK_00BC_01A_ADMISSION_20260730T013748Z/mlkem-native_af4c5abd_isolated/examples/basic/mlkem_native/src/fips202/native/armv81m/src/state_extract_bytes_x4_mve.S	59962bfe29c558c7d7fdcd7e002defa6b25e6bdfd0dd640c0a8be22f95d9e4ec	10888	upstream/mlkem-native/pkcheck-af4c5abd-source-snapshot/examples/basic/mlkem_native/src/fips202/native/armv81m/src/state_extract_bytes_x4_mve.S
mlk_kem_check_pk_cleanroom/PKCHECK_00BC_01A_ADMISSION_20260730T013748Z/mlkem-native_af4c5abd_isolated/examples/basic/mlkem_native/src/fips202/native/armv81m/src/state_xor_bytes_x4_mve.S	ae067d3b4331387e974066486f8db9403c55dff34a3f9c770d3d86a25e0c57cd	11446	upstream/mlkem-native/pkcheck-af4c5abd-source-snapshot/examples/basic/mlkem_native/src/fips202/native/armv81m/src/state_xor_bytes_x4_mve.S
mlk_kem_check_pk_cleanroom/PKCHECK_00BC_01A_ADMISSION_20260730T013748Z/mlkem-native_af4c5abd_isolated/examples/basic/mlkem_native/src/fips202/native/auto.h	590e5d36ce4e9d699501b458ea0653a365e12bbd9f63a6abc7bbdaab2d6b2cfd	742	upstream/mlkem-native/pkcheck-af4c5abd-source-snapshot/examples/basic/mlkem_native/src/fips202/native/auto.h
mlk_kem_check_pk_cleanroom/PKCHECK_00BC_01A_ADMISSION_20260730T013748Z/mlkem-native_af4c5abd_isolated/examples/basic/mlkem_native/src/fips202/native/x86_64/keccak_f1600_x4_avx2.h	30aa6ddce6398b400244c747f6a5653e9ac7fc7f75b43ca07e274a31081dd6a8	904	upstream/mlkem-native/pkcheck-af4c5abd-source-snapshot/examples/basic/mlkem_native/src/fips202/native/x86_64/keccak_f1600_x4_avx2.h
mlk_kem_check_pk_cleanroom/PKCHECK_00BC_01A_ADMISSION_20260730T013748Z/mlkem-native_af4c5abd_isolated/examples/basic/mlkem_native/src/fips202/native/x86_64/src/fips202_native_x86_64.h	451788547142ab61d2c17439d3e110991f336d90bd432fcd4b04e88c7989fefc	1675	upstream/mlkem-native/pkcheck-af4c5abd-source-snapshot/examples/basic/mlkem_native/src/fips202/native/x86_64/src/fips202_native_x86_64.h
mlk_kem_check_pk_cleanroom/PKCHECK_00BC_01A_ADMISSION_20260730T013748Z/mlkem-native_af4c5abd_isolated/examples/basic/mlkem_native/src/fips202/native/x86_64/src/keccak_f1600_x4_avx2_asm.S	8c39fef87dc62ec8ee98d30cbc73633a1c14e780d1e54a74baf4ca78f8c65791	20857	upstream/mlkem-native/pkcheck-af4c5abd-source-snapshot/examples/basic/mlkem_native/src/fips202/native/x86_64/src/keccak_f1600_x4_avx2_asm.S
mlk_kem_check_pk_cleanroom/PKCHECK_00BC_01A_ADMISSION_20260730T013748Z/mlkem-native_af4c5abd_isolated/examples/basic/mlkem_native/src/fips202/native/x86_64/src/keccakf1600_constants.c	e1783332d6248856c4b53d4b777b50fd4ab0eab409ea1c2722ecfc7b6b8809ac	1676	upstream/mlkem-native/pkcheck-af4c5abd-source-snapshot/examples/basic/mlkem_native/src/fips202/native/x86_64/src/keccakf1600_constants.c
mlk_kem_check_pk_cleanroom/PKCHECK_00BC_01A_ADMISSION_20260730T013748Z/mlkem-native_af4c5abd_isolated/examples/basic/mlkem_native/src/indcpa.c	ffc9cd09fb9a5926c8540b52181b064e7ae46b3d117e10ca51ac0d0ca940f6bd	23665	upstream/mlkem-native/pkcheck-af4c5abd-source-snapshot/examples/basic/mlkem_native/src/indcpa.c
mlk_kem_check_pk_cleanroom/PKCHECK_00BC_01A_ADMISSION_20260730T013748Z/mlkem-native_af4c5abd_isolated/examples/basic/mlkem_native/src/indcpa.h	25537257adf04a0db9764a1034f0f7af0be25ec0a37c47faff81fb32ee93c5f1	6836	upstream/mlkem-native/pkcheck-af4c5abd-source-snapshot/examples/basic/mlkem_native/src/indcpa.h
mlk_kem_check_pk_cleanroom/PKCHECK_00BC_01A_ADMISSION_20260730T013748Z/mlkem-native_af4c5abd_isolated/examples/basic/mlkem_native/src/kem.c	b3de1f7602b10c6033eee8b235138190ed09df917ec9326c2b38ce1083c541ce	13814	upstream/mlkem-native/pkcheck-af4c5abd-source-snapshot/examples/basic/mlkem_native/src/kem.c
mlk_kem_check_pk_cleanroom/PKCHECK_00BC_01A_ADMISSION_20260730T013748Z/mlkem-native_af4c5abd_isolated/examples/basic/mlkem_native/src/kem.h	e239f5d705fca7729e7838e836aa2fab814ddc4ffbaf7eeb73a32242b15d960d	13133	upstream/mlkem-native/pkcheck-af4c5abd-source-snapshot/examples/basic/mlkem_native/src/kem.h
mlk_kem_check_pk_cleanroom/PKCHECK_00BC_01A_ADMISSION_20260730T013748Z/mlkem-native_af4c5abd_isolated/examples/basic/mlkem_native/src/native/aarch64/README.md	6ffcd01b440924698a857730185d07fc29f868de611db3555ccd00b2486a4b65	1211	upstream/mlkem-native/pkcheck-af4c5abd-source-snapshot/examples/basic/mlkem_native/src/native/aarch64/README.md
mlk_kem_check_pk_cleanroom/PKCHECK_00BC_01A_ADMISSION_20260730T013748Z/mlkem-native_af4c5abd_isolated/examples/basic/mlkem_native/src/native/aarch64/meta.h	2a83df86204cb9b3602a019619a26c24876b2921254caaae53080bff8889f7b2	4214	upstream/mlkem-native/pkcheck-af4c5abd-source-snapshot/examples/basic/mlkem_native/src/native/aarch64/meta.h
mlk_kem_check_pk_cleanroom/PKCHECK_00BC_01A_ADMISSION_20260730T013748Z/mlkem-native_af4c5abd_isolated/examples/basic/mlkem_native/src/native/aarch64/src/aarch64_zetas.c	f254d432c3ad7e9f05b462ccc7c280efeca13af963cd208d62a80c1cdb592517	11373	upstream/mlkem-native/pkcheck-af4c5abd-source-snapshot/examples/basic/mlkem_native/src/native/aarch64/src/aarch64_zetas.c
mlk_kem_check_pk_cleanroom/PKCHECK_00BC_01A_ADMISSION_20260730T013748Z/mlkem-native_af4c5abd_isolated/examples/basic/mlkem_native/src/native/aarch64/src/arith_native_aarch64.h	cf3f258e98e21d3db85b6a543677c592e1bdc0cb9e88df647cd85ccd46b71b15	8573	upstream/mlkem-native/pkcheck-af4c5abd-source-snapshot/examples/basic/mlkem_native/src/native/aarch64/src/arith_native_aarch64.h
mlk_kem_check_pk_cleanroom/PKCHECK_00BC_01A_ADMISSION_20260730T013748Z/mlkem-native_af4c5abd_isolated/examples/basic/mlkem_native/src/native/aarch64/src/intt_aarch64_asm.S	30a3679a885c5c6e6d7312b57ad5a55e8f666495e4f5526b5d400a903ebb6cec	21082	upstream/mlkem-native/pkcheck-af4c5abd-source-snapshot/examples/basic/mlkem_native/src/native/aarch64/src/intt_aarch64_asm.S
mlk_kem_check_pk_cleanroom/PKCHECK_00BC_01A_ADMISSION_20260730T013748Z/mlkem-native_af4c5abd_isolated/examples/basic/mlkem_native/src/native/aarch64/src/ntt_aarch64_asm.S	dee8b0da4ca812cf3e06ab1180ba5325fe5f2f59dc175be0a85f16bca795e52c	18678	upstream/mlkem-native/pkcheck-af4c5abd-source-snapshot/examples/basic/mlkem_native/src/native/aarch64/src/ntt_aarch64_asm.S
mlk_kem_check_pk_cleanroom/PKCHECK_00BC_01A_ADMISSION_20260730T013748Z/mlkem-native_af4c5abd_isolated/examples/basic/mlkem_native/src/native/aarch64/src/poly_mulcache_compute_aarch64_asm.S	ffd3430b4126b3eca17189c362a08999140f4ebf0f04afd01342ec5a05e811ed	3866	upstream/mlkem-native/pkcheck-af4c5abd-source-snapshot/examples/basic/mlkem_native/src/native/aarch64/src/poly_mulcache_compute_aarch64_asm.S
mlk_kem_check_pk_cleanroom/PKCHECK_00BC_01A_ADMISSION_20260730T013748Z/mlkem-native_af4c5abd_isolated/examples/basic/mlkem_native/src/native/aarch64/src/poly_reduce_aarch64_asm.S	1b7d61373aa19548a87de892bfcfda9702295393002ba88eeb3be3d35ec700ab	4752	upstream/mlkem-native/pkcheck-af4c5abd-source-snapshot/examples/basic/mlkem_native/src/native/aarch64/src/poly_reduce_aarch64_asm.S
mlk_kem_check_pk_cleanroom/PKCHECK_00BC_01A_ADMISSION_20260730T013748Z/mlkem-native_af4c5abd_isolated/examples/basic/mlkem_native/src/native/aarch64/src/poly_tobytes_aarch64_asm.S	925af2035e63f5c8866cd83361ad666e4d442a666aef485eba2790d0d2f613b5	3489	upstream/mlkem-native/pkcheck-af4c5abd-source-snapshot/examples/basic/mlkem_native/src/native/aarch64/src/poly_tobytes_aarch64_asm.S
mlk_kem_check_pk_cleanroom/PKCHECK_00BC_01A_ADMISSION_20260730T013748Z/mlkem-native_af4c5abd_isolated/examples/basic/mlkem_native/src/native/aarch64/src/poly_tomont_aarch64_asm.S	928fbd8b2666d5b6eec6284211742ba96ce70bc8061b0e93557e5ecee73ad3b9	2862	upstream/mlkem-native/pkcheck-af4c5abd-source-snapshot/examples/basic/mlkem_native/src/native/aarch64/src/poly_tomont_aarch64_asm.S
mlk_kem_check_pk_cleanroom/PKCHECK_00BC_01A_ADMISSION_20260730T013748Z/mlkem-native_af4c5abd_isolated/examples/basic/mlkem_native/src/native/aarch64/src/polyvec_basemul_acc_montgomery_cached_k2_aarch64_asm.S	458b153b637e49f93ccee39f6c12c379d4fd982125eceb68e01307d277662b70	8656	upstream/mlkem-native/pkcheck-af4c5abd-source-snapshot/examples/basic/mlkem_native/src/native/aarch64/src/polyvec_basemul_acc_montgomery_cached_k2_aarch64_asm.S
mlk_kem_check_pk_cleanroom/PKCHECK_00BC_01A_ADMISSION_20260730T013748Z/mlkem-native_af4c5abd_isolated/examples/basic/mlkem_native/src/native/aarch64/src/polyvec_basemul_acc_montgomery_cached_k3_aarch64_asm.S	f4fcc1351d09a503dd8b73e9b0b18b4ffe49cc01fbb3611e204c06a621798c95	10500	upstream/mlkem-native/pkcheck-af4c5abd-source-snapshot/examples/basic/mlkem_native/src/native/aarch64/src/polyvec_basemul_acc_montgomery_cached_k3_aarch64_asm.S
mlk_kem_check_pk_cleanroom/PKCHECK_00BC_01A_ADMISSION_20260730T013748Z/mlkem-native_af4c5abd_isolated/examples/basic/mlkem_native/src/native/aarch64/src/polyvec_basemul_acc_montgomery_cached_k4_aarch64_asm.S	a17756f307c353f9aa2ab6fc3b00717609426468c6e1fe7707b8d461b0c18855	12351	upstream/mlkem-native/pkcheck-af4c5abd-source-snapshot/examples/basic/mlkem_native/src/native/aarch64/src/polyvec_basemul_acc_montgomery_cached_k4_aarch64_asm.S
mlk_kem_check_pk_cleanroom/PKCHECK_00BC_01A_ADMISSION_20260730T013748Z/mlkem-native_af4c5abd_isolated/examples/basic/mlkem_native/src/native/aarch64/src/rej_uniform_aarch64_asm.S	a659079e5298fc99c408ccada099770832281b37fd7e5959e8908299a440ce05	6535	upstream/mlkem-native/pkcheck-af4c5abd-source-snapshot/examples/basic/mlkem_native/src/native/aarch64/src/rej_uniform_aarch64_asm.S
mlk_kem_check_pk_cleanroom/PKCHECK_00BC_01A_ADMISSION_20260730T013748Z/mlkem-native_af4c5abd_isolated/examples/basic/mlkem_native/src/native/aarch64/src/rej_uniform_table.c	0f4e7024475acf7cc84adc8c013356fd650e312b9ea8855da32fa1531f4af7f7	27620	upstream/mlkem-native/pkcheck-af4c5abd-source-snapshot/examples/basic/mlkem_native/src/native/aarch64/src/rej_uniform_table.c
mlk_kem_check_pk_cleanroom/PKCHECK_00BC_01A_ADMISSION_20260730T013748Z/mlkem-native_af4c5abd_isolated/examples/basic/mlkem_native/src/native/api.h	651e2401c7b63e97442f08d3f6ea422fd425ec85ca47dcfdd02d9f5fa78e5ae9	28338	upstream/mlkem-native/pkcheck-af4c5abd-source-snapshot/examples/basic/mlkem_native/src/native/api.h
mlk_kem_check_pk_cleanroom/PKCHECK_00BC_01A_ADMISSION_20260730T013748Z/mlkem-native_af4c5abd_isolated/examples/basic/mlkem_native/src/native/meta.h	eb30d087373d9f809ef8bcbf5396e68e79f0b210efd9436c47f9c5dd2b07a089	604	upstream/mlkem-native/pkcheck-af4c5abd-source-snapshot/examples/basic/mlkem_native/src/native/meta.h
mlk_kem_check_pk_cleanroom/PKCHECK_00BC_01A_ADMISSION_20260730T013748Z/mlkem-native_af4c5abd_isolated/examples/basic/mlkem_native/src/native/ppc64le/README.md	c4ad2278ef016d2816b8d1049b73fd42e5a0f4acc3dd4dba3c969a94d80a2034	226	upstream/mlkem-native/pkcheck-af4c5abd-source-snapshot/examples/basic/mlkem_native/src/native/ppc64le/README.md
mlk_kem_check_pk_cleanroom/PKCHECK_00BC_01A_ADMISSION_20260730T013748Z/mlkem-native_af4c5abd_isolated/examples/basic/mlkem_native/src/native/ppc64le/meta.h	ca485705ed13888726c8ddd568be32612c4e118aeaf01e4e2642e17ac138dd78	1858	upstream/mlkem-native/pkcheck-af4c5abd-source-snapshot/examples/basic/mlkem_native/src/native/ppc64le/meta.h
mlk_kem_check_pk_cleanroom/PKCHECK_00BC_01A_ADMISSION_20260730T013748Z/mlkem-native_af4c5abd_isolated/examples/basic/mlkem_native/src/native/ppc64le/src/arith_native_ppc64le.h	7db7bf729b7de84356645c4090739e6e20aa40543b788e6d1e68e4b794a6c276	794	upstream/mlkem-native/pkcheck-af4c5abd-source-snapshot/examples/basic/mlkem_native/src/native/ppc64le/src/arith_native_ppc64le.h
mlk_kem_check_pk_cleanroom/PKCHECK_00BC_01A_ADMISSION_20260730T013748Z/mlkem-native_af4c5abd_isolated/examples/basic/mlkem_native/src/native/ppc64le/src/consts.c	f651fcd8d1c53f645cb9ef4a17a86575c787fa0e9cdf3b31c10417f20bcbfe98	15486	upstream/mlkem-native/pkcheck-af4c5abd-source-snapshot/examples/basic/mlkem_native/src/native/ppc64le/src/consts.c
mlk_kem_check_pk_cleanroom/PKCHECK_00BC_01A_ADMISSION_20260730T013748Z/mlkem-native_af4c5abd_isolated/examples/basic/mlkem_native/src/native/ppc64le/src/consts.h	6da9424313bb9fbb1c0f366df9c058e6464023732c09185be5f829791b6cf12e	985	upstream/mlkem-native/pkcheck-af4c5abd-source-snapshot/examples/basic/mlkem_native/src/native/ppc64le/src/consts.h
mlk_kem_check_pk_cleanroom/PKCHECK_00BC_01A_ADMISSION_20260730T013748Z/mlkem-native_af4c5abd_isolated/examples/basic/mlkem_native/src/native/ppc64le/src/intt_ppc_asm.S	c3c2222b1a47112df089e93ffabd4fd019744d0be6ea5a9c3d15eadd637bab37	83617	upstream/mlkem-native/pkcheck-af4c5abd-source-snapshot/examples/basic/mlkem_native/src/native/ppc64le/src/intt_ppc_asm.S
mlk_kem_check_pk_cleanroom/PKCHECK_00BC_01A_ADMISSION_20260730T013748Z/mlkem-native_af4c5abd_isolated/examples/basic/mlkem_native/src/native/ppc64le/src/ntt_ppc_asm.S	3fad90c5bcc5a809ef822e9eaf145b62a95ca28f0b1cde29c64c3f392e5dd562	43672	upstream/mlkem-native/pkcheck-af4c5abd-source-snapshot/examples/basic/mlkem_native/src/native/ppc64le/src/ntt_ppc_asm.S
mlk_kem_check_pk_cleanroom/PKCHECK_00BC_01A_ADMISSION_20260730T013748Z/mlkem-native_af4c5abd_isolated/examples/basic/mlkem_native/src/native/ppc64le/src/poly_tomont_ppc_asm.S	272e46991f5f22f5e92dbfddc54f7ac8622b2162a1b6e3b984cb5acca835166c	8241	upstream/mlkem-native/pkcheck-af4c5abd-source-snapshot/examples/basic/mlkem_native/src/native/ppc64le/src/poly_tomont_ppc_asm.S
mlk_kem_check_pk_cleanroom/PKCHECK_00BC_01A_ADMISSION_20260730T013748Z/mlkem-native_af4c5abd_isolated/examples/basic/mlkem_native/src/native/ppc64le/src/reduce_ppc_asm.S	5ed62d46877909cea8e01daad1715f6684ff9d779226c98d2d47b5688f629932	18506	upstream/mlkem-native/pkcheck-af4c5abd-source-snapshot/examples/basic/mlkem_native/src/native/ppc64le/src/reduce_ppc_asm.S
mlk_kem_check_pk_cleanroom/PKCHECK_00BC_01A_ADMISSION_20260730T013748Z/mlkem-native_af4c5abd_isolated/examples/basic/mlkem_native/src/native/riscv64/README.md	cc8a354ecbf09f5e490b643440a52d6a33118e04191e3ab8c6754e49aa03ed1b	495	upstream/mlkem-native/pkcheck-af4c5abd-source-snapshot/examples/basic/mlkem_native/src/native/riscv64/README.md
mlk_kem_check_pk_cleanroom/PKCHECK_00BC_01A_ADMISSION_20260730T013748Z/mlkem-native_af4c5abd_isolated/examples/basic/mlkem_native/src/native/riscv64/meta.h	f589ac7e4847a3cfcaee07f8737290c6d57a1022118d1fc883363fa84eca2b93	4008	upstream/mlkem-native/pkcheck-af4c5abd-source-snapshot/examples/basic/mlkem_native/src/native/riscv64/meta.h
mlk_kem_check_pk_cleanroom/PKCHECK_00BC_01A_ADMISSION_20260730T013748Z/mlkem-native_af4c5abd_isolated/examples/basic/mlkem_native/src/native/riscv64/src/arith_native_riscv64.h	d66aaf515aaff3da763ab7f636812e7444501f85d8441c4d1acb23fa4820de5e	1849	upstream/mlkem-native/pkcheck-af4c5abd-source-snapshot/examples/basic/mlkem_native/src/native/riscv64/src/arith_native_riscv64.h
mlk_kem_check_pk_cleanroom/PKCHECK_00BC_01A_ADMISSION_20260730T013748Z/mlkem-native_af4c5abd_isolated/examples/basic/mlkem_native/src/native/riscv64/src/rv64v_debug.c	43855e347be504e3489133e6349cdef8e903646c06d08718ce4addf84e8e79c8	3133	upstream/mlkem-native/pkcheck-af4c5abd-source-snapshot/examples/basic/mlkem_native/src/native/riscv64/src/rv64v_debug.c
mlk_kem_check_pk_cleanroom/PKCHECK_00BC_01A_ADMISSION_20260730T013748Z/mlkem-native_af4c5abd_isolated/examples/basic/mlkem_native/src/native/riscv64/src/rv64v_debug.h	213b1c5efc36ae5f94ed20a4cda43b9e905819283418b6cfac23e8ba5b449452	5860	upstream/mlkem-native/pkcheck-af4c5abd-source-snapshot/examples/basic/mlkem_native/src/native/riscv64/src/rv64v_debug.h
mlk_kem_check_pk_cleanroom/PKCHECK_00BC_01A_ADMISSION_20260730T013748Z/mlkem-native_af4c5abd_isolated/examples/basic/mlkem_native/src/native/riscv64/src/rv64v_izetas.inc	d29ca53fe5a70fcc2dcb3227bff3d92c37e0c35f14f995635026effc7f612422	1256	upstream/mlkem-native/pkcheck-af4c5abd-source-snapshot/examples/basic/mlkem_native/src/native/riscv64/src/rv64v_izetas.inc
mlk_kem_check_pk_cleanroom/PKCHECK_00BC_01A_ADMISSION_20260730T013748Z/mlkem-native_af4c5abd_isolated/examples/basic/mlkem_native/src/native/riscv64/src/rv64v_poly.c	6f5bc47ccc4b2d357d5aabffed4ae58ee5927415ce14a35169e2e96830c2e1d0	28791	upstream/mlkem-native/pkcheck-af4c5abd-source-snapshot/examples/basic/mlkem_native/src/native/riscv64/src/rv64v_poly.c
mlk_kem_check_pk_cleanroom/PKCHECK_00BC_01A_ADMISSION_20260730T013748Z/mlkem-native_af4c5abd_isolated/examples/basic/mlkem_native/src/native/riscv64/src/rv64v_zetas.inc	34ceb2ecb5cdc4f03b830029a31b06ba44efa6bc0e8e615d45277765c57388e4	1256	upstream/mlkem-native/pkcheck-af4c5abd-source-snapshot/examples/basic/mlkem_native/src/native/riscv64/src/rv64v_zetas.inc
mlk_kem_check_pk_cleanroom/PKCHECK_00BC_01A_ADMISSION_20260730T013748Z/mlkem-native_af4c5abd_isolated/examples/basic/mlkem_native/src/native/riscv64/src/rv64v_zetas_basemul.inc	093d13133e258b9c362e2db0fea19b1d201877a9e1e7e014174a693d9862f5df	2203	upstream/mlkem-native/pkcheck-af4c5abd-source-snapshot/examples/basic/mlkem_native/src/native/riscv64/src/rv64v_zetas_basemul.inc
mlk_kem_check_pk_cleanroom/PKCHECK_00BC_01A_ADMISSION_20260730T013748Z/mlkem-native_af4c5abd_isolated/examples/basic/mlkem_native/src/native/x86_64/README.md	59963fb54af67d45463616ac56c579f113ce5193dd74aa694c9dada7e997c214	237	upstream/mlkem-native/pkcheck-af4c5abd-source-snapshot/examples/basic/mlkem_native/src/native/x86_64/README.md
mlk_kem_check_pk_cleanroom/PKCHECK_00BC_01A_ADMISSION_20260730T013748Z/mlkem-native_af4c5abd_isolated/examples/basic/mlkem_native/src/native/x86_64/meta.h	5610fedff3fdc502ba971824ed300f0ad49c7d60ae3ad707c90fa1d815d652a3	8775	upstream/mlkem-native/pkcheck-af4c5abd-source-snapshot/examples/basic/mlkem_native/src/native/x86_64/meta.h
mlk_kem_check_pk_cleanroom/PKCHECK_00BC_01A_ADMISSION_20260730T013748Z/mlkem-native_af4c5abd_isolated/examples/basic/mlkem_native/src/native/x86_64/src/arith_native_x86_64.h	ae77631908fc59e4c6fad80d861fbadf920212631394319a04c18bfe14c91764	13552	upstream/mlkem-native/pkcheck-af4c5abd-source-snapshot/examples/basic/mlkem_native/src/native/x86_64/src/arith_native_x86_64.h
mlk_kem_check_pk_cleanroom/PKCHECK_00BC_01A_ADMISSION_20260730T013748Z/mlkem-native_af4c5abd_isolated/examples/basic/mlkem_native/src/native/x86_64/src/compress_consts.c	562965e31635041e2133ccc7602b6185bdce5472541f3b54ac72795fb6bc98f2	4105	upstream/mlkem-native/pkcheck-af4c5abd-source-snapshot/examples/basic/mlkem_native/src/native/x86_64/src/compress_consts.c
mlk_kem_check_pk_cleanroom/PKCHECK_00BC_01A_ADMISSION_20260730T013748Z/mlkem-native_af4c5abd_isolated/examples/basic/mlkem_native/src/native/x86_64/src/compress_consts.h	2748f5adee7f2a50008ba934459533e183b1cebe581eedcb85ece373516bd915	1589	upstream/mlkem-native/pkcheck-af4c5abd-source-snapshot/examples/basic/mlkem_native/src/native/x86_64/src/compress_consts.h
mlk_kem_check_pk_cleanroom/PKCHECK_00BC_01A_ADMISSION_20260730T013748Z/mlkem-native_af4c5abd_isolated/examples/basic/mlkem_native/src/native/x86_64/src/consts.c	92b37dd2361425c2816f624a982b64bbb4b4a7563f02604470c7541a83acf435	5940	upstream/mlkem-native/pkcheck-af4c5abd-source-snapshot/examples/basic/mlkem_native/src/native/x86_64/src/consts.c
mlk_kem_check_pk_cleanroom/PKCHECK_00BC_01A_ADMISSION_20260730T013748Z/mlkem-native_af4c5abd_isolated/examples/basic/mlkem_native/src/native/x86_64/src/consts.h	f0046a67ebd4195f6180b179c0fe329c1bbfddc37203825a5ebf0dffa7991e15	749	upstream/mlkem-native/pkcheck-af4c5abd-source-snapshot/examples/basic/mlkem_native/src/native/x86_64/src/consts.h
mlk_kem_check_pk_cleanroom/PKCHECK_00BC_01A_ADMISSION_20260730T013748Z/mlkem-native_af4c5abd_isolated/examples/basic/mlkem_native/src/native/x86_64/src/intt_avx2_asm.S	a8a8bc6b50f98ead9e20bfb55ac11114c0515f0225ec68a8a9f370443a38b5ce	32189	upstream/mlkem-native/pkcheck-af4c5abd-source-snapshot/examples/basic/mlkem_native/src/native/x86_64/src/intt_avx2_asm.S
mlk_kem_check_pk_cleanroom/PKCHECK_00BC_01A_ADMISSION_20260730T013748Z/mlkem-native_af4c5abd_isolated/examples/basic/mlkem_native/src/native/x86_64/src/ntt_avx2_asm.S	70416a0ad9998fc2f3f0d662f1b4d692f234cadc83ac3ba81ca501c3d636d26c	28634	upstream/mlkem-native/pkcheck-af4c5abd-source-snapshot/examples/basic/mlkem_native/src/native/x86_64/src/ntt_avx2_asm.S
mlk_kem_check_pk_cleanroom/PKCHECK_00BC_01A_ADMISSION_20260730T013748Z/mlkem-native_af4c5abd_isolated/examples/basic/mlkem_native/src/native/x86_64/src/nttfrombytes_avx2_asm.S	001af6a58e96327ecf42bacec9f0f2868637443831de53bff36253fbd5f18e0a	10915	upstream/mlkem-native/pkcheck-af4c5abd-source-snapshot/examples/basic/mlkem_native/src/native/x86_64/src/nttfrombytes_avx2_asm.S
mlk_kem_check_pk_cleanroom/PKCHECK_00BC_01A_ADMISSION_20260730T013748Z/mlkem-native_af4c5abd_isolated/examples/basic/mlkem_native/src/native/x86_64/src/ntttobytes_avx2_asm.S	d2ad03151e8671da73900559e1f22b61327209dcd748a2dbc1209a494439c7db	10409	upstream/mlkem-native/pkcheck-af4c5abd-source-snapshot/examples/basic/mlkem_native/src/native/x86_64/src/ntttobytes_avx2_asm.S
mlk_kem_check_pk_cleanroom/PKCHECK_00BC_01A_ADMISSION_20260730T013748Z/mlkem-native_af4c5abd_isolated/examples/basic/mlkem_native/src/native/x86_64/src/nttunpack_avx2_asm.S	01af3a79b639f0c1edfd4311bfe986d78112ede758a277b88d6707a8ac0203e1	11482	upstream/mlkem-native/pkcheck-af4c5abd-source-snapshot/examples/basic/mlkem_native/src/native/x86_64/src/nttunpack_avx2_asm.S
mlk_kem_check_pk_cleanroom/PKCHECK_00BC_01A_ADMISSION_20260730T013748Z/mlkem-native_af4c5abd_isolated/examples/basic/mlkem_native/src/native/x86_64/src/poly_compress_d10_avx2_asm.S	459855f032dc08dd6112f535601f8b510692bafb7c7431e3a6018c84ee483d36	14850	upstream/mlkem-native/pkcheck-af4c5abd-source-snapshot/examples/basic/mlkem_native/src/native/x86_64/src/poly_compress_d10_avx2_asm.S
mlk_kem_check_pk_cleanroom/PKCHECK_00BC_01A_ADMISSION_20260730T013748Z/mlkem-native_af4c5abd_isolated/examples/basic/mlkem_native/src/native/x86_64/src/poly_compress_d11_avx2_asm.S	2b392cb520706e848f3a417d417c08165044f9066c9dd1ded8f292280e513440	19359	upstream/mlkem-native/pkcheck-af4c5abd-source-snapshot/examples/basic/mlkem_native/src/native/x86_64/src/poly_compress_d11_avx2_asm.S
mlk_kem_check_pk_cleanroom/PKCHECK_00BC_01A_ADMISSION_20260730T013748Z/mlkem-native_af4c5abd_isolated/examples/basic/mlkem_native/src/native/x86_64/src/poly_compress_d4_avx2_asm.S	166f9d829d9f1f40e1b066de49c4c181aa1db1fbcda88f3131cb0e62d4be984d	6384	upstream/mlkem-native/pkcheck-af4c5abd-source-snapshot/examples/basic/mlkem_native/src/native/x86_64/src/poly_compress_d4_avx2_asm.S
mlk_kem_check_pk_cleanroom/PKCHECK_00BC_01A_ADMISSION_20260730T013748Z/mlkem-native_af4c5abd_isolated/examples/basic/mlkem_native/src/native/x86_64/src/poly_compress_d5_avx2_asm.S	435aaeb0eabccaf585079a6051301a0847f5e6da4236e8b20fce65ddd3b8a49d	8480	upstream/mlkem-native/pkcheck-af4c5abd-source-snapshot/examples/basic/mlkem_native/src/native/x86_64/src/poly_compress_d5_avx2_asm.S
mlk_kem_check_pk_cleanroom/PKCHECK_00BC_01A_ADMISSION_20260730T013748Z/mlkem-native_af4c5abd_isolated/examples/basic/mlkem_native/src/native/x86_64/src/poly_decompress_d10_avx2_asm.S	d7f625f1488f40ed5db555f3d4fa772a12c17b1b29e2922a539691184179d494	9138	upstream/mlkem-native/pkcheck-af4c5abd-source-snapshot/examples/basic/mlkem_native/src/native/x86_64/src/poly_decompress_d10_avx2_asm.S
mlk_kem_check_pk_cleanroom/PKCHECK_00BC_01A_ADMISSION_20260730T013748Z/mlkem-native_af4c5abd_isolated/examples/basic/mlkem_native/src/native/x86_64/src/poly_decompress_d11_avx2_asm.S	45190c13cd3079b8bac79f8c6321be6786cb383ae3ebeef05f7fc79018701ad1	11155	upstream/mlkem-native/pkcheck-af4c5abd-source-snapshot/examples/basic/mlkem_native/src/native/x86_64/src/poly_decompress_d11_avx2_asm.S
mlk_kem_check_pk_cleanroom/PKCHECK_00BC_01A_ADMISSION_20260730T013748Z/mlkem-native_af4c5abd_isolated/examples/basic/mlkem_native/src/native/x86_64/src/poly_decompress_d4_avx2_asm.S	21f854e623079f1d100e757056e92ac0e7541634ba0bc933e1f46a479f18f42f	7067	upstream/mlkem-native/pkcheck-af4c5abd-source-snapshot/examples/basic/mlkem_native/src/native/x86_64/src/poly_decompress_d4_avx2_asm.S
mlk_kem_check_pk_cleanroom/PKCHECK_00BC_01A_ADMISSION_20260730T013748Z/mlkem-native_af4c5abd_isolated/examples/basic/mlkem_native/src/native/x86_64/src/poly_decompress_d5_avx2_asm.S	33030255964bffb490c486c67955b87deadaa7e0c785a672d5b00ac927c715ca	7687	upstream/mlkem-native/pkcheck-af4c5abd-source-snapshot/examples/basic/mlkem_native/src/native/x86_64/src/poly_decompress_d5_avx2_asm.S
mlk_kem_check_pk_cleanroom/PKCHECK_00BC_01A_ADMISSION_20260730T013748Z/mlkem-native_af4c5abd_isolated/examples/basic/mlkem_native/src/native/x86_64/src/poly_mulcache_compute_avx2_asm.S	1e2f765339130173959a59d3e0bd401613141f3f9ffbbf73097935254fcc8601	3698	upstream/mlkem-native/pkcheck-af4c5abd-source-snapshot/examples/basic/mlkem_native/src/native/x86_64/src/poly_mulcache_compute_avx2_asm.S
mlk_kem_check_pk_cleanroom/PKCHECK_00BC_01A_ADMISSION_20260730T013748Z/mlkem-native_af4c5abd_isolated/examples/basic/mlkem_native/src/native/x86_64/src/polyvec_basemul_acc_montgomery_cached_k2_avx2_asm.S	c7503836f6acb3e595d9a028d34dcd6b8b981687e299fff7ab33c543458745f9	19019	upstream/mlkem-native/pkcheck-af4c5abd-source-snapshot/examples/basic/mlkem_native/src/native/x86_64/src/polyvec_basemul_acc_montgomery_cached_k2_avx2_asm.S
mlk_kem_check_pk_cleanroom/PKCHECK_00BC_01A_ADMISSION_20260730T013748Z/mlkem-native_af4c5abd_isolated/examples/basic/mlkem_native/src/native/x86_64/src/polyvec_basemul_acc_montgomery_cached_k3_avx2_asm.S	4b7c254cfce65a8a2af80f8c82022e2ea3cf4af589ea143ff32feff649dc0d8c	27963	upstream/mlkem-native/pkcheck-af4c5abd-source-snapshot/examples/basic/mlkem_native/src/native/x86_64/src/polyvec_basemul_acc_montgomery_cached_k3_avx2_asm.S
mlk_kem_check_pk_cleanroom/PKCHECK_00BC_01A_ADMISSION_20260730T013748Z/mlkem-native_af4c5abd_isolated/examples/basic/mlkem_native/src/native/x86_64/src/polyvec_basemul_acc_montgomery_cached_k4_avx2_asm.S	07ad9aef4253ed87ee1fe3a47fa5bdd2ec13d3a0c7020e57fa6570090c251815	36908	upstream/mlkem-native/pkcheck-af4c5abd-source-snapshot/examples/basic/mlkem_native/src/native/x86_64/src/polyvec_basemul_acc_montgomery_cached_k4_avx2_asm.S
mlk_kem_check_pk_cleanroom/PKCHECK_00BC_01A_ADMISSION_20260730T013748Z/mlkem-native_af4c5abd_isolated/examples/basic/mlkem_native/src/native/x86_64/src/reduce_avx2_asm.S	d0812932f720ea634a8ffb4f0923f8b388256b2081e5944e0d0f65a7829081c8	7642	upstream/mlkem-native/pkcheck-af4c5abd-source-snapshot/examples/basic/mlkem_native/src/native/x86_64/src/reduce_avx2_asm.S
mlk_kem_check_pk_cleanroom/PKCHECK_00BC_01A_ADMISSION_20260730T013748Z/mlkem-native_af4c5abd_isolated/examples/basic/mlkem_native/src/native/x86_64/src/rej_uniform_avx2_asm.S	97eef83984599d8933158e080d8822f2b925d0cf5a64b51c568d2dbe59097cb3	4360	upstream/mlkem-native/pkcheck-af4c5abd-source-snapshot/examples/basic/mlkem_native/src/native/x86_64/src/rej_uniform_avx2_asm.S
mlk_kem_check_pk_cleanroom/PKCHECK_00BC_01A_ADMISSION_20260730T013748Z/mlkem-native_af4c5abd_isolated/examples/basic/mlkem_native/src/native/x86_64/src/rej_uniform_table.c	be662d58c00fdfc8dfa14bdaf580f7af0c21ffb3211eba5e6a89654ab34afa22	27658	upstream/mlkem-native/pkcheck-af4c5abd-source-snapshot/examples/basic/mlkem_native/src/native/x86_64/src/rej_uniform_table.c
mlk_kem_check_pk_cleanroom/PKCHECK_00BC_01A_ADMISSION_20260730T013748Z/mlkem-native_af4c5abd_isolated/examples/basic/mlkem_native/src/native/x86_64/src/tomont_avx2_asm.S	9bf8187fceae7fbfdcb5e35d9222707066b7e5b6d1079cda46eca078ac813864	5475	upstream/mlkem-native/pkcheck-af4c5abd-source-snapshot/examples/basic/mlkem_native/src/native/x86_64/src/tomont_avx2_asm.S
mlk_kem_check_pk_cleanroom/PKCHECK_00BC_01A_ADMISSION_20260730T013748Z/mlkem-native_af4c5abd_isolated/examples/basic/mlkem_native/src/params.h	450fe3e0e50496921920473ae4321660f178c23d51f1453f3c537ee63c4158cb	2566	upstream/mlkem-native/pkcheck-af4c5abd-source-snapshot/examples/basic/mlkem_native/src/params.h
mlk_kem_check_pk_cleanroom/PKCHECK_00BC_01A_ADMISSION_20260730T013748Z/mlkem-native_af4c5abd_isolated/examples/basic/mlkem_native/src/poly.c	f427dda46e29d53d3e33d683c9a8483bade3568eff43fb97b868a21bfd07c722	18569	upstream/mlkem-native/pkcheck-af4c5abd-source-snapshot/examples/basic/mlkem_native/src/poly.c
mlk_kem_check_pk_cleanroom/PKCHECK_00BC_01A_ADMISSION_20260730T013748Z/mlkem-native_af4c5abd_isolated/examples/basic/mlkem_native/src/poly.h	f24f980110953c1d361e04137e13e2f85f76db776903f85c98f24900e85f7aef	10117	upstream/mlkem-native/pkcheck-af4c5abd-source-snapshot/examples/basic/mlkem_native/src/poly.h
mlk_kem_check_pk_cleanroom/PKCHECK_00BC_01A_ADMISSION_20260730T013748Z/mlkem-native_af4c5abd_isolated/examples/basic/mlkem_native/src/poly_k.c	7dea24a0591b0fb033f7a8be214d687fbde11541c274a114ac3067af12b87c32	17662	upstream/mlkem-native/pkcheck-af4c5abd-source-snapshot/examples/basic/mlkem_native/src/poly_k.c
mlk_kem_check_pk_cleanroom/PKCHECK_00BC_01A_ADMISSION_20260730T013748Z/mlkem-native_af4c5abd_isolated/examples/basic/mlkem_native/src/poly_k.h	09bdfd4a19a9cb495832a78d0f099a6c949c40014472b33fb54d66bb56e660e0	22592	upstream/mlkem-native/pkcheck-af4c5abd-source-snapshot/examples/basic/mlkem_native/src/poly_k.h
mlk_kem_check_pk_cleanroom/PKCHECK_00BC_01A_ADMISSION_20260730T013748Z/mlkem-native_af4c5abd_isolated/examples/basic/mlkem_native/src/randombytes.h	137eb6e5854b8e58c2caec6eea86530c8e7495706f6f5b3e007e25a9875e164f	1649	upstream/mlkem-native/pkcheck-af4c5abd-source-snapshot/examples/basic/mlkem_native/src/randombytes.h
mlk_kem_check_pk_cleanroom/PKCHECK_00BC_01A_ADMISSION_20260730T013748Z/mlkem-native_af4c5abd_isolated/examples/basic/mlkem_native/src/sampling.c	0408bd0744346e2c59924ebc8a9a55e750a453b1595fc0fc85532f1626bdec0a	12913	upstream/mlkem-native/pkcheck-af4c5abd-source-snapshot/examples/basic/mlkem_native/src/sampling.c
mlk_kem_check_pk_cleanroom/PKCHECK_00BC_01A_ADMISSION_20260730T013748Z/mlkem-native_af4c5abd_isolated/examples/basic/mlkem_native/src/sampling.h	92501263f89afc3d6a5f06079bacbe1dfd5ba6db744c887e08cc1c521c0030eb	3853	upstream/mlkem-native/pkcheck-af4c5abd-source-snapshot/examples/basic/mlkem_native/src/sampling.h
mlk_kem_check_pk_cleanroom/PKCHECK_00BC_01A_ADMISSION_20260730T013748Z/mlkem-native_af4c5abd_isolated/examples/basic/mlkem_native/src/symmetric.h	168d0ec3bf50bd45cb0a103d7984e9ccf52f78697718b7e85efdf1beda7abc95	2596	upstream/mlkem-native/pkcheck-af4c5abd-source-snapshot/examples/basic/mlkem_native/src/symmetric.h
mlk_kem_check_pk_cleanroom/PKCHECK_00BC_01A_ADMISSION_20260730T013748Z/mlkem-native_af4c5abd_isolated/examples/basic/mlkem_native/src/sys.h	02e6b8901bb6334a378aab1f13538693f04726a5111aed7cc6c4cdbd41188f50	9543	upstream/mlkem-native/pkcheck-af4c5abd-source-snapshot/examples/basic/mlkem_native/src/sys.h
mlk_kem_check_pk_cleanroom/PKCHECK_00BC_01A_ADMISSION_20260730T013748Z/mlkem-native_af4c5abd_isolated/examples/basic/mlkem_native/src/verify.c	f8f89f1b8c8e5811ce134c0d90fb7828027336afeed231dc3ccb7ee6b73b9335	622	upstream/mlkem-native/pkcheck-af4c5abd-source-snapshot/examples/basic/mlkem_native/src/verify.c
mlk_kem_check_pk_cleanroom/PKCHECK_00BC_01A_ADMISSION_20260730T013748Z/mlkem-native_af4c5abd_isolated/examples/basic/mlkem_native/src/verify.h	13f44749f65099bee5bc55be260932d5e832bbd091335f1e47c31df464c1881f	15010	upstream/mlkem-native/pkcheck-af4c5abd-source-snapshot/examples/basic/mlkem_native/src/verify.h
mlk_kem_check_pk_cleanroom/PKCHECK_00BC_01A_ADMISSION_20260730T013748Z/mlkem-native_af4c5abd_isolated/examples/basic/mlkem_native/src/zetas.inc	303d1abccc4757d49a5c8df5f88080fefef617b7360056db5311bd94354096d4	1337	upstream/mlkem-native/pkcheck-af4c5abd-source-snapshot/examples/basic/mlkem_native/src/zetas.inc
mlk_kem_check_pk_cleanroom/PKCHECK_00BC_01A_ADMISSION_20260730T013748Z/mlkem-native_af4c5abd_isolated/examples/basic/test_only_rng/notrandombytes.c	a11629c3372cd8b1ceb7ac6df80b9e1344c63b1df2f55a0d7d1cea2b34ddc12f	2013	upstream/mlkem-native/pkcheck-af4c5abd-source-snapshot/examples/basic/test_only_rng/notrandombytes.c
mlk_kem_check_pk_cleanroom/PKCHECK_00BC_01A_ADMISSION_20260730T013748Z/mlkem-native_af4c5abd_isolated/examples/basic/test_only_rng/notrandombytes.h	b7308b590b9d7bd57e9b6b37cbd5e0d1c2a6174926cefff72bbf4f90045cfd2b	674	upstream/mlkem-native/pkcheck-af4c5abd-source-snapshot/examples/basic/test_only_rng/notrandombytes.h
mlk_kem_check_pk_cleanroom/PKCHECK_00BC_01A_ADMISSION_20260730T013748Z/mlkem-native_af4c5abd_isolated/examples/basic_deterministic/.gitignore	a16ce390164578975ec29da9b161ac23ca477f6b6b8fc8f5b051bda34e3b01ac	59	upstream/mlkem-native/pkcheck-af4c5abd-source-snapshot/examples/basic_deterministic/.gitignore
mlk_kem_check_pk_cleanroom/PKCHECK_00BC_01A_ADMISSION_20260730T013748Z/mlkem-native_af4c5abd_isolated/examples/basic_deterministic/Makefile	7cb98ddb9e4a39944dedb1b916307b62ac7ec0e4c93cd0141bd0cf42f30206c3	2630	upstream/mlkem-native/pkcheck-af4c5abd-source-snapshot/examples/basic_deterministic/Makefile
mlk_kem_check_pk_cleanroom/PKCHECK_00BC_01A_ADMISSION_20260730T013748Z/mlkem-native_af4c5abd_isolated/examples/basic_deterministic/README.md	c9fc8cbcc4a7c6310ed2cc33be7661931a530296b44b8bbc52f37ba7433233d1	1136	upstream/mlkem-native/pkcheck-af4c5abd-source-snapshot/examples/basic_deterministic/README.md
mlk_kem_check_pk_cleanroom/PKCHECK_00BC_01A_ADMISSION_20260730T013748Z/mlkem-native_af4c5abd_isolated/examples/basic_deterministic/auto.mk	179af17d2e0a2442e9fe7b8a195af549dc0cf445de4a1ff9810818096293fffb	7211	upstream/mlkem-native/pkcheck-af4c5abd-source-snapshot/examples/basic_deterministic/auto.mk
mlk_kem_check_pk_cleanroom/PKCHECK_00BC_01A_ADMISSION_20260730T013748Z/mlkem-native_af4c5abd_isolated/examples/basic_deterministic/main.c	33b59cb86c458335cef4a7ae06f3e4844d0cf90315349a52729b9bf9854ef47b	3567	upstream/mlkem-native/pkcheck-af4c5abd-source-snapshot/examples/basic_deterministic/main.c
mlk_kem_check_pk_cleanroom/PKCHECK_00BC_01A_ADMISSION_20260730T013748Z/mlkem-native_af4c5abd_isolated/examples/basic_deterministic/mlkem_native/mlkem_native.h	df582b5462c592df89f0f8764af073acaa968086dc61e6c2d5cd6b12ac43c1b1	19752	upstream/mlkem-native/pkcheck-af4c5abd-source-snapshot/examples/basic_deterministic/mlkem_native/mlkem_native.h
mlk_kem_check_pk_cleanroom/PKCHECK_00BC_01A_ADMISSION_20260730T013748Z/mlkem-native_af4c5abd_isolated/examples/basic_deterministic/mlkem_native/mlkem_native_config.h	4b355b7d568fbba04e6c89750f35edc8c4121be8b57cc8351728016f15999eed	22307	upstream/mlkem-native/pkcheck-af4c5abd-source-snapshot/examples/basic_deterministic/mlkem_native/mlkem_native_config.h
mlk_kem_check_pk_cleanroom/PKCHECK_00BC_01A_ADMISSION_20260730T013748Z/mlkem-native_af4c5abd_isolated/examples/basic_deterministic/mlkem_native/src/cbmc.h	12fe62f76060aa2cdd41de6170e0c787c516ae753ed32579c9c39b1af55130fb	7954	upstream/mlkem-native/pkcheck-af4c5abd-source-snapshot/examples/basic_deterministic/mlkem_native/src/cbmc.h
mlk_kem_check_pk_cleanroom/PKCHECK_00BC_01A_ADMISSION_20260730T013748Z/mlkem-native_af4c5abd_isolated/examples/basic_deterministic/mlkem_native/src/common.h	cc48998e9595ec4e59a3aa53d6be9e55ecccb3cdc047e661ccd94fa99955d675	9434	upstream/mlkem-native/pkcheck-af4c5abd-source-snapshot/examples/basic_deterministic/mlkem_native/src/common.h
mlk_kem_check_pk_cleanroom/PKCHECK_00BC_01A_ADMISSION_20260730T013748Z/mlkem-native_af4c5abd_isolated/examples/basic_deterministic/mlkem_native/src/compress.c	9201bea6ddd1d7622cc6496d2f745fee52397d203392f75a3d6e52a400de5bad	24427	upstream/mlkem-native/pkcheck-af4c5abd-source-snapshot/examples/basic_deterministic/mlkem_native/src/compress.c
mlk_kem_check_pk_cleanroom/PKCHECK_00BC_01A_ADMISSION_20260730T013748Z/mlkem-native_af4c5abd_isolated/examples/basic_deterministic/mlkem_native/src/compress.h	0f357a30e7ea37351854dc550e502e5a7eaf80184896bf92b40073175706e0dd	20187	upstream/mlkem-native/pkcheck-af4c5abd-source-snapshot/examples/basic_deterministic/mlkem_native/src/compress.h
mlk_kem_check_pk_cleanroom/PKCHECK_00BC_01A_ADMISSION_20260730T013748Z/mlkem-native_af4c5abd_isolated/examples/basic_deterministic/mlkem_native/src/context.h	9e4cdb00eac5a3d1553e64a02dcba66300302f17f1f0d4f3bba64b65c1f53a90	1834	upstream/mlkem-native/pkcheck-af4c5abd-source-snapshot/examples/basic_deterministic/mlkem_native/src/context.h
mlk_kem_check_pk_cleanroom/PKCHECK_00BC_01A_ADMISSION_20260730T013748Z/mlkem-native_af4c5abd_isolated/examples/basic_deterministic/mlkem_native/src/debug.c	263ac19f2b2bf5c784cbf04fd4c968762abedc6961d44f507c8953b52a38827e	1605	upstream/mlkem-native/pkcheck-af4c5abd-source-snapshot/examples/basic_deterministic/mlkem_native/src/debug.c
mlk_kem_check_pk_cleanroom/PKCHECK_00BC_01A_ADMISSION_20260730T013748Z/mlkem-native_af4c5abd_isolated/examples/basic_deterministic/mlkem_native/src/debug.h	d1fab329b439fc6dd9c4234f3fe053e74b000d416e0f4e4464542813667f3750	4740	upstream/mlkem-native/pkcheck-af4c5abd-source-snapshot/examples/basic_deterministic/mlkem_native/src/debug.h
mlk_kem_check_pk_cleanroom/PKCHECK_00BC_01A_ADMISSION_20260730T013748Z/mlkem-native_af4c5abd_isolated/examples/basic_deterministic/mlkem_native/src/fips202/fips202.c	fb0654c0b33c45c929fdb2af2287807a7b8f312ac7f3baa3ddfaef0c030ef0b2	7438	upstream/mlkem-native/pkcheck-af4c5abd-source-snapshot/examples/basic_deterministic/mlkem_native/src/fips202/fips202.c
mlk_kem_check_pk_cleanroom/PKCHECK_00BC_01A_ADMISSION_20260730T013748Z/mlkem-native_af4c5abd_isolated/examples/basic_deterministic/mlkem_native/src/fips202/fips202.h	cad68aaacc2f3511f0a5a0c70f7ac827e76c78e862f1c5616de2b74c8b96a4a5	4922	upstream/mlkem-native/pkcheck-af4c5abd-source-snapshot/examples/basic_deterministic/mlkem_native/src/fips202/fips202.h
mlk_kem_check_pk_cleanroom/PKCHECK_00BC_01A_ADMISSION_20260730T013748Z/mlkem-native_af4c5abd_isolated/examples/basic_deterministic/mlkem_native/src/fips202/fips202x4.c	2e481ccbafc00765b210725c8e454f2b4dc622844eccf6a0c1e025657fcb5fe8	7353	upstream/mlkem-native/pkcheck-af4c5abd-source-snapshot/examples/basic_deterministic/mlkem_native/src/fips202/fips202x4.c
mlk_kem_check_pk_cleanroom/PKCHECK_00BC_01A_ADMISSION_20260730T013748Z/mlkem-native_af4c5abd_isolated/examples/basic_deterministic/mlkem_native/src/fips202/fips202x4.h	c8d2e50f7ccce19822030786a1a99f0892db63ebe5b020fa91a5383c9700dd22	3156	upstream/mlkem-native/pkcheck-af4c5abd-source-snapshot/examples/basic_deterministic/mlkem_native/src/fips202/fips202x4.h
mlk_kem_check_pk_cleanroom/PKCHECK_00BC_01A_ADMISSION_20260730T013748Z/mlkem-native_af4c5abd_isolated/examples/basic_deterministic/mlkem_native/src/fips202/keccakf1600.c	65770564ec922faca7ec072eefc16bfdba2495a20d51cae0f6cce207835cdd7e	15788	upstream/mlkem-native/pkcheck-af4c5abd-source-snapshot/examples/basic_deterministic/mlkem_native/src/fips202/keccakf1600.c
mlk_kem_check_pk_cleanroom/PKCHECK_00BC_01A_ADMISSION_20260730T013748Z/mlkem-native_af4c5abd_isolated/examples/basic_deterministic/mlkem_native/src/fips202/keccakf1600.h	88c06d4c546f46920a65001bcfad8cabb6173fb01ae071e02412c46043bdf54f	4385	upstream/mlkem-native/pkcheck-af4c5abd-source-snapshot/examples/basic_deterministic/mlkem_native/src/fips202/keccakf1600.h
mlk_kem_check_pk_cleanroom/PKCHECK_00BC_01A_ADMISSION_20260730T013748Z/mlkem-native_af4c5abd_isolated/examples/basic_deterministic/mlkem_native/src/fips202/native/aarch64/auto.h	1229009312b61690b2f56babf7a6f648fa9c51ef30d6a5d2a5b44cb23fcc00ff	2185	upstream/mlkem-native/pkcheck-af4c5abd-source-snapshot/examples/basic_deterministic/mlkem_native/src/fips202/native/aarch64/auto.h
mlk_kem_check_pk_cleanroom/PKCHECK_00BC_01A_ADMISSION_20260730T013748Z/mlkem-native_af4c5abd_isolated/examples/basic_deterministic/mlkem_native/src/fips202/native/aarch64/src/fips202_native_aarch64.h	76f1cd9df93bd940b50f1e8863a72ee58c261be7dd37ae3d696134cde0af6035	3421	upstream/mlkem-native/pkcheck-af4c5abd-source-snapshot/examples/basic_deterministic/mlkem_native/src/fips202/native/aarch64/src/fips202_native_aarch64.h
mlk_kem_check_pk_cleanroom/PKCHECK_00BC_01A_ADMISSION_20260730T013748Z/mlkem-native_af4c5abd_isolated/examples/basic_deterministic/mlkem_native/src/fips202/native/aarch64/src/keccak_f1600_x1_scalar_aarch64_asm.S	6fbe5f3b9607bf318a8e74d22452bce5890832b5048fdb952842f929036d7586	11586	upstream/mlkem-native/pkcheck-af4c5abd-source-snapshot/examples/basic_deterministic/mlkem_native/src/fips202/native/aarch64/src/keccak_f1600_x1_scalar_aarch64_asm.S
mlk_kem_check_pk_cleanroom/PKCHECK_00BC_01A_ADMISSION_20260730T013748Z/mlkem-native_af4c5abd_isolated/examples/basic_deterministic/mlkem_native/src/fips202/native/aarch64/src/keccak_f1600_x1_v84a_aarch64_asm.S	a0c147e3dc50889e1acf527610951b84b0d2fead2cf3ebac0f581019bef03e9c	6944	upstream/mlkem-native/pkcheck-af4c5abd-source-snapshot/examples/basic_deterministic/mlkem_native/src/fips202/native/aarch64/src/keccak_f1600_x1_v84a_aarch64_asm.S
mlk_kem_check_pk_cleanroom/PKCHECK_00BC_01A_ADMISSION_20260730T013748Z/mlkem-native_af4c5abd_isolated/examples/basic_deterministic/mlkem_native/src/fips202/native/aarch64/src/keccak_f1600_x2_v84a_aarch64_asm.S	3f5c48c3b3dd108995929abf43f4920228adfe9a9f5ba7be6cdca380925bd0ee	8986	upstream/mlkem-native/pkcheck-af4c5abd-source-snapshot/examples/basic_deterministic/mlkem_native/src/fips202/native/aarch64/src/keccak_f1600_x2_v84a_aarch64_asm.S
mlk_kem_check_pk_cleanroom/PKCHECK_00BC_01A_ADMISSION_20260730T013748Z/mlkem-native_af4c5abd_isolated/examples/basic_deterministic/mlkem_native/src/fips202/native/aarch64/src/keccak_f1600_x4_v8a_scalar_hybrid_aarch64_asm.S	dc389f0d1f8b677c37737608f706292f985e328bd72e668d1c974c8cfbf47793	35953	upstream/mlkem-native/pkcheck-af4c5abd-source-snapshot/examples/basic_deterministic/mlkem_native/src/fips202/native/aarch64/src/keccak_f1600_x4_v8a_scalar_hybrid_aarch64_asm.S
mlk_kem_check_pk_cleanroom/PKCHECK_00BC_01A_ADMISSION_20260730T013748Z/mlkem-native_af4c5abd_isolated/examples/basic_deterministic/mlkem_native/src/fips202/native/aarch64/src/keccak_f1600_x4_v8a_v84a_scalar_hybrid_aarch64_asm.S	b81dddd63984b5750f2cddc5a4ccc6b5e3ed7f541a15a62f1cd375bc819dd9d3	33242	upstream/mlkem-native/pkcheck-af4c5abd-source-snapshot/examples/basic_deterministic/mlkem_native/src/fips202/native/aarch64/src/keccak_f1600_x4_v8a_v84a_scalar_hybrid_aarch64_asm.S
mlk_kem_check_pk_cleanroom/PKCHECK_00BC_01A_ADMISSION_20260730T013748Z/mlkem-native_af4c5abd_isolated/examples/basic_deterministic/mlkem_native/src/fips202/native/aarch64/src/keccakf1600_round_constants.c	e5ddd2b144d4006bc515a7259dc85be96f2029bcff1ab8802e8aa683767adeb9	2165	upstream/mlkem-native/pkcheck-af4c5abd-source-snapshot/examples/basic_deterministic/mlkem_native/src/fips202/native/aarch64/src/keccakf1600_round_constants.c
mlk_kem_check_pk_cleanroom/PKCHECK_00BC_01A_ADMISSION_20260730T013748Z/mlkem-native_af4c5abd_isolated/examples/basic_deterministic/mlkem_native/src/fips202/native/aarch64/x1_scalar.h	31a5c395ec7a2fcf084fc64e9e5b36d9b57c60f52242453970888f99a8cd033f	765	upstream/mlkem-native/pkcheck-af4c5abd-source-snapshot/examples/basic_deterministic/mlkem_native/src/fips202/native/aarch64/x1_scalar.h
mlk_kem_check_pk_cleanroom/PKCHECK_00BC_01A_ADMISSION_20260730T013748Z/mlkem-native_af4c5abd_isolated/examples/basic_deterministic/mlkem_native/src/fips202/native/aarch64/x1_v84a.h	fd96189141a839c07acfb64e4460841e999716730be080376b2604d0aa709687	923	upstream/mlkem-native/pkcheck-af4c5abd-source-snapshot/examples/basic_deterministic/mlkem_native/src/fips202/native/aarch64/x1_v84a.h
mlk_kem_check_pk_cleanroom/PKCHECK_00BC_01A_ADMISSION_20260730T013748Z/mlkem-native_af4c5abd_isolated/examples/basic_deterministic/mlkem_native/src/fips202/native/aarch64/x2_v84a.h	cea8a31cdac31aae7c62e02d8ee8b223d51fc8e48fd9f0059bed33e2e09476ac	1099	upstream/mlkem-native/pkcheck-af4c5abd-source-snapshot/examples/basic_deterministic/mlkem_native/src/fips202/native/aarch64/x2_v84a.h
mlk_kem_check_pk_cleanroom/PKCHECK_00BC_01A_ADMISSION_20260730T013748Z/mlkem-native_af4c5abd_isolated/examples/basic_deterministic/mlkem_native/src/fips202/native/aarch64/x4_v8a_scalar.h	fc1ba65c9557eddad623ec15e193fa8ff18d970cd348ecd736bed092c5f4f5e2	765	upstream/mlkem-native/pkcheck-af4c5abd-source-snapshot/examples/basic_deterministic/mlkem_native/src/fips202/native/aarch64/x4_v8a_scalar.h
mlk_kem_check_pk_cleanroom/PKCHECK_00BC_01A_ADMISSION_20260730T013748Z/mlkem-native_af4c5abd_isolated/examples/basic_deterministic/mlkem_native/src/fips202/native/aarch64/x4_v8a_v84a_scalar.h	af16e048da60454ae457d8519adf37c1e1ccf5decb455158d6a829be6a030f20	999	upstream/mlkem-native/pkcheck-af4c5abd-source-snapshot/examples/basic_deterministic/mlkem_native/src/fips202/native/aarch64/x4_v8a_v84a_scalar.h
mlk_kem_check_pk_cleanroom/PKCHECK_00BC_01A_ADMISSION_20260730T013748Z/mlkem-native_af4c5abd_isolated/examples/basic_deterministic/mlkem_native/src/fips202/native/api.h	d4d8734a33d4b91e4ff53955751943ba60ea89a3b9da94a1f8bd42f1b4ee9c86	5069	upstream/mlkem-native/pkcheck-af4c5abd-source-snapshot/examples/basic_deterministic/mlkem_native/src/fips202/native/api.h
mlk_kem_check_pk_cleanroom/PKCHECK_00BC_01A_ADMISSION_20260730T013748Z/mlkem-native_af4c5abd_isolated/examples/basic_deterministic/mlkem_native/src/fips202/native/armv81m/README.md	ef41c9e748a12dac3da3c0a7d9a890115886ee0a1bb8d7141fb76f28fd9e8668	483	upstream/mlkem-native/pkcheck-af4c5abd-source-snapshot/examples/basic_deterministic/mlkem_native/src/fips202/native/armv81m/README.md
mlk_kem_check_pk_cleanroom/PKCHECK_00BC_01A_ADMISSION_20260730T013748Z/mlkem-native_af4c5abd_isolated/examples/basic_deterministic/mlkem_native/src/fips202/native/armv81m/mve.h	1be4f1af21ecdc4d388917441a7135fa3bc1f189b4b4f8bcd7723d12013b3f25	1927	upstream/mlkem-native/pkcheck-af4c5abd-source-snapshot/examples/basic_deterministic/mlkem_native/src/fips202/native/armv81m/mve.h
mlk_kem_check_pk_cleanroom/PKCHECK_00BC_01A_ADMISSION_20260730T013748Z/mlkem-native_af4c5abd_isolated/examples/basic_deterministic/mlkem_native/src/fips202/native/armv81m/src/fips202_native_armv81m.h	ca26af0242b3909d82a41581384bf8bd660f5fe84b09a80e4b94addb735f054c	1702	upstream/mlkem-native/pkcheck-af4c5abd-source-snapshot/examples/basic_deterministic/mlkem_native/src/fips202/native/armv81m/src/fips202_native_armv81m.h
mlk_kem_check_pk_cleanroom/PKCHECK_00BC_01A_ADMISSION_20260730T013748Z/mlkem-native_af4c5abd_isolated/examples/basic_deterministic/mlkem_native/src/fips202/native/armv81m/src/keccak_f1600_x4_mve.S	50c5f44d3a677becc5e018da38f0c5b07d5b5b988de2fee4e255ac9a5b4e9307	21417	upstream/mlkem-native/pkcheck-af4c5abd-source-snapshot/examples/basic_deterministic/mlkem_native/src/fips202/native/armv81m/src/keccak_f1600_x4_mve.S
mlk_kem_check_pk_cleanroom/PKCHECK_00BC_01A_ADMISSION_20260730T013748Z/mlkem-native_af4c5abd_isolated/examples/basic_deterministic/mlkem_native/src/fips202/native/armv81m/src/keccak_f1600_x4_mve.c	cc2f5a32ae2c5256088e17e04f89529ca3985baa6813ef4d2f0a971d8698a666	1281	upstream/mlkem-native/pkcheck-af4c5abd-source-snapshot/examples/basic_deterministic/mlkem_native/src/fips202/native/armv81m/src/keccak_f1600_x4_mve.c
mlk_kem_check_pk_cleanroom/PKCHECK_00BC_01A_ADMISSION_20260730T013748Z/mlkem-native_af4c5abd_isolated/examples/basic_deterministic/mlkem_native/src/fips202/native/armv81m/src/keccakf1600_round_constants.c	a01c0948612bf393e6ba1e1db603474d929245be4a273a7b874b491f0e23e22b	1808	upstream/mlkem-native/pkcheck-af4c5abd-source-snapshot/examples/basic_deterministic/mlkem_native/src/fips202/native/armv81m/src/keccakf1600_round_constants.c
mlk_kem_check_pk_cleanroom/PKCHECK_00BC_01A_ADMISSION_20260730T013748Z/mlkem-native_af4c5abd_isolated/examples/basic_deterministic/mlkem_native/src/fips202/native/armv81m/src/state_extract_bytes_x4_mve.S	59962bfe29c558c7d7fdcd7e002defa6b25e6bdfd0dd640c0a8be22f95d9e4ec	10888	upstream/mlkem-native/pkcheck-af4c5abd-source-snapshot/examples/basic_deterministic/mlkem_native/src/fips202/native/armv81m/src/state_extract_bytes_x4_mve.S
mlk_kem_check_pk_cleanroom/PKCHECK_00BC_01A_ADMISSION_20260730T013748Z/mlkem-native_af4c5abd_isolated/examples/basic_deterministic/mlkem_native/src/fips202/native/armv81m/src/state_xor_bytes_x4_mve.S	ae067d3b4331387e974066486f8db9403c55dff34a3f9c770d3d86a25e0c57cd	11446	upstream/mlkem-native/pkcheck-af4c5abd-source-snapshot/examples/basic_deterministic/mlkem_native/src/fips202/native/armv81m/src/state_xor_bytes_x4_mve.S
mlk_kem_check_pk_cleanroom/PKCHECK_00BC_01A_ADMISSION_20260730T013748Z/mlkem-native_af4c5abd_isolated/examples/basic_deterministic/mlkem_native/src/fips202/native/auto.h	590e5d36ce4e9d699501b458ea0653a365e12bbd9f63a6abc7bbdaab2d6b2cfd	742	upstream/mlkem-native/pkcheck-af4c5abd-source-snapshot/examples/basic_deterministic/mlkem_native/src/fips202/native/auto.h
mlk_kem_check_pk_cleanroom/PKCHECK_00BC_01A_ADMISSION_20260730T013748Z/mlkem-native_af4c5abd_isolated/examples/basic_deterministic/mlkem_native/src/fips202/native/x86_64/keccak_f1600_x4_avx2.h	30aa6ddce6398b400244c747f6a5653e9ac7fc7f75b43ca07e274a31081dd6a8	904	upstream/mlkem-native/pkcheck-af4c5abd-source-snapshot/examples/basic_deterministic/mlkem_native/src/fips202/native/x86_64/keccak_f1600_x4_avx2.h
mlk_kem_check_pk_cleanroom/PKCHECK_00BC_01A_ADMISSION_20260730T013748Z/mlkem-native_af4c5abd_isolated/examples/basic_deterministic/mlkem_native/src/fips202/native/x86_64/src/fips202_native_x86_64.h	451788547142ab61d2c17439d3e110991f336d90bd432fcd4b04e88c7989fefc	1675	upstream/mlkem-native/pkcheck-af4c5abd-source-snapshot/examples/basic_deterministic/mlkem_native/src/fips202/native/x86_64/src/fips202_native_x86_64.h
mlk_kem_check_pk_cleanroom/PKCHECK_00BC_01A_ADMISSION_20260730T013748Z/mlkem-native_af4c5abd_isolated/examples/basic_deterministic/mlkem_native/src/fips202/native/x86_64/src/keccak_f1600_x4_avx2_asm.S	8c39fef87dc62ec8ee98d30cbc73633a1c14e780d1e54a74baf4ca78f8c65791	20857	upstream/mlkem-native/pkcheck-af4c5abd-source-snapshot/examples/basic_deterministic/mlkem_native/src/fips202/native/x86_64/src/keccak_f1600_x4_avx2_asm.S
mlk_kem_check_pk_cleanroom/PKCHECK_00BC_01A_ADMISSION_20260730T013748Z/mlkem-native_af4c5abd_isolated/examples/basic_deterministic/mlkem_native/src/fips202/native/x86_64/src/keccakf1600_constants.c	e1783332d6248856c4b53d4b777b50fd4ab0eab409ea1c2722ecfc7b6b8809ac	1676	upstream/mlkem-native/pkcheck-af4c5abd-source-snapshot/examples/basic_deterministic/mlkem_native/src/fips202/native/x86_64/src/keccakf1600_constants.c
mlk_kem_check_pk_cleanroom/PKCHECK_00BC_01A_ADMISSION_20260730T013748Z/mlkem-native_af4c5abd_isolated/examples/basic_deterministic/mlkem_native/src/indcpa.c	ffc9cd09fb9a5926c8540b52181b064e7ae46b3d117e10ca51ac0d0ca940f6bd	23665	upstream/mlkem-native/pkcheck-af4c5abd-source-snapshot/examples/basic_deterministic/mlkem_native/src/indcpa.c
mlk_kem_check_pk_cleanroom/PKCHECK_00BC_01A_ADMISSION_20260730T013748Z/mlkem-native_af4c5abd_isolated/examples/basic_deterministic/mlkem_native/src/indcpa.h	25537257adf04a0db9764a1034f0f7af0be25ec0a37c47faff81fb32ee93c5f1	6836	upstream/mlkem-native/pkcheck-af4c5abd-source-snapshot/examples/basic_deterministic/mlkem_native/src/indcpa.h
mlk_kem_check_pk_cleanroom/PKCHECK_00BC_01A_ADMISSION_20260730T013748Z/mlkem-native_af4c5abd_isolated/examples/basic_deterministic/mlkem_native/src/kem.c	b3de1f7602b10c6033eee8b235138190ed09df917ec9326c2b38ce1083c541ce	13814	upstream/mlkem-native/pkcheck-af4c5abd-source-snapshot/examples/basic_deterministic/mlkem_native/src/kem.c
mlk_kem_check_pk_cleanroom/PKCHECK_00BC_01A_ADMISSION_20260730T013748Z/mlkem-native_af4c5abd_isolated/examples/basic_deterministic/mlkem_native/src/kem.h	e239f5d705fca7729e7838e836aa2fab814ddc4ffbaf7eeb73a32242b15d960d	13133	upstream/mlkem-native/pkcheck-af4c5abd-source-snapshot/examples/basic_deterministic/mlkem_native/src/kem.h
mlk_kem_check_pk_cleanroom/PKCHECK_00BC_01A_ADMISSION_20260730T013748Z/mlkem-native_af4c5abd_isolated/examples/basic_deterministic/mlkem_native/src/native/aarch64/README.md	6ffcd01b440924698a857730185d07fc29f868de611db3555ccd00b2486a4b65	1211	upstream/mlkem-native/pkcheck-af4c5abd-source-snapshot/examples/basic_deterministic/mlkem_native/src/native/aarch64/README.md
mlk_kem_check_pk_cleanroom/PKCHECK_00BC_01A_ADMISSION_20260730T013748Z/mlkem-native_af4c5abd_isolated/examples/basic_deterministic/mlkem_native/src/native/aarch64/meta.h	2a83df86204cb9b3602a019619a26c24876b2921254caaae53080bff8889f7b2	4214	upstream/mlkem-native/pkcheck-af4c5abd-source-snapshot/examples/basic_deterministic/mlkem_native/src/native/aarch64/meta.h
mlk_kem_check_pk_cleanroom/PKCHECK_00BC_01A_ADMISSION_20260730T013748Z/mlkem-native_af4c5abd_isolated/examples/basic_deterministic/mlkem_native/src/native/aarch64/src/aarch64_zetas.c	f254d432c3ad7e9f05b462ccc7c280efeca13af963cd208d62a80c1cdb592517	11373	upstream/mlkem-native/pkcheck-af4c5abd-source-snapshot/examples/basic_deterministic/mlkem_native/src/native/aarch64/src/aarch64_zetas.c
mlk_kem_check_pk_cleanroom/PKCHECK_00BC_01A_ADMISSION_20260730T013748Z/mlkem-native_af4c5abd_isolated/examples/basic_deterministic/mlkem_native/src/native/aarch64/src/arith_native_aarch64.h	cf3f258e98e21d3db85b6a543677c592e1bdc0cb9e88df647cd85ccd46b71b15	8573	upstream/mlkem-native/pkcheck-af4c5abd-source-snapshot/examples/basic_deterministic/mlkem_native/src/native/aarch64/src/arith_native_aarch64.h
mlk_kem_check_pk_cleanroom/PKCHECK_00BC_01A_ADMISSION_20260730T013748Z/mlkem-native_af4c5abd_isolated/examples/basic_deterministic/mlkem_native/src/native/aarch64/src/intt_aarch64_asm.S	30a3679a885c5c6e6d7312b57ad5a55e8f666495e4f5526b5d400a903ebb6cec	21082	upstream/mlkem-native/pkcheck-af4c5abd-source-snapshot/examples/basic_deterministic/mlkem_native/src/native/aarch64/src/intt_aarch64_asm.S
mlk_kem_check_pk_cleanroom/PKCHECK_00BC_01A_ADMISSION_20260730T013748Z/mlkem-native_af4c5abd_isolated/examples/basic_deterministic/mlkem_native/src/native/aarch64/src/ntt_aarch64_asm.S	dee8b0da4ca812cf3e06ab1180ba5325fe5f2f59dc175be0a85f16bca795e52c	18678	upstream/mlkem-native/pkcheck-af4c5abd-source-snapshot/examples/basic_deterministic/mlkem_native/src/native/aarch64/src/ntt_aarch64_asm.S
mlk_kem_check_pk_cleanroom/PKCHECK_00BC_01A_ADMISSION_20260730T013748Z/mlkem-native_af4c5abd_isolated/examples/basic_deterministic/mlkem_native/src/native/aarch64/src/poly_mulcache_compute_aarch64_asm.S	ffd3430b4126b3eca17189c362a08999140f4ebf0f04afd01342ec5a05e811ed	3866	upstream/mlkem-native/pkcheck-af4c5abd-source-snapshot/examples/basic_deterministic/mlkem_native/src/native/aarch64/src/poly_mulcache_compute_aarch64_asm.S
mlk_kem_check_pk_cleanroom/PKCHECK_00BC_01A_ADMISSION_20260730T013748Z/mlkem-native_af4c5abd_isolated/examples/basic_deterministic/mlkem_native/src/native/aarch64/src/poly_reduce_aarch64_asm.S	1b7d61373aa19548a87de892bfcfda9702295393002ba88eeb3be3d35ec700ab	4752	upstream/mlkem-native/pkcheck-af4c5abd-source-snapshot/examples/basic_deterministic/mlkem_native/src/native/aarch64/src/poly_reduce_aarch64_asm.S
mlk_kem_check_pk_cleanroom/PKCHECK_00BC_01A_ADMISSION_20260730T013748Z/mlkem-native_af4c5abd_isolated/examples/basic_deterministic/mlkem_native/src/native/aarch64/src/poly_tobytes_aarch64_asm.S	925af2035e63f5c8866cd83361ad666e4d442a666aef485eba2790d0d2f613b5	3489	upstream/mlkem-native/pkcheck-af4c5abd-source-snapshot/examples/basic_deterministic/mlkem_native/src/native/aarch64/src/poly_tobytes_aarch64_asm.S
mlk_kem_check_pk_cleanroom/PKCHECK_00BC_01A_ADMISSION_20260730T013748Z/mlkem-native_af4c5abd_isolated/examples/basic_deterministic/mlkem_native/src/native/aarch64/src/poly_tomont_aarch64_asm.S	928fbd8b2666d5b6eec6284211742ba96ce70bc8061b0e93557e5ecee73ad3b9	2862	upstream/mlkem-native/pkcheck-af4c5abd-source-snapshot/examples/basic_deterministic/mlkem_native/src/native/aarch64/src/poly_tomont_aarch64_asm.S
mlk_kem_check_pk_cleanroom/PKCHECK_00BC_01A_ADMISSION_20260730T013748Z/mlkem-native_af4c5abd_isolated/examples/basic_deterministic/mlkem_native/src/native/aarch64/src/polyvec_basemul_acc_montgomery_cached_k2_aarch64_asm.S	458b153b637e49f93ccee39f6c12c379d4fd982125eceb68e01307d277662b70	8656	upstream/mlkem-native/pkcheck-af4c5abd-source-snapshot/examples/basic_deterministic/mlkem_native/src/native/aarch64/src/polyvec_basemul_acc_montgomery_cached_k2_aarch64_asm.S
mlk_kem_check_pk_cleanroom/PKCHECK_00BC_01A_ADMISSION_20260730T013748Z/mlkem-native_af4c5abd_isolated/examples/basic_deterministic/mlkem_native/src/native/aarch64/src/polyvec_basemul_acc_montgomery_cached_k3_aarch64_asm.S	f4fcc1351d09a503dd8b73e9b0b18b4ffe49cc01fbb3611e204c06a621798c95	10500	upstream/mlkem-native/pkcheck-af4c5abd-source-snapshot/examples/basic_deterministic/mlkem_native/src/native/aarch64/src/polyvec_basemul_acc_montgomery_cached_k3_aarch64_asm.S
mlk_kem_check_pk_cleanroom/PKCHECK_00BC_01A_ADMISSION_20260730T013748Z/mlkem-native_af4c5abd_isolated/examples/basic_deterministic/mlkem_native/src/native/aarch64/src/polyvec_basemul_acc_montgomery_cached_k4_aarch64_asm.S	a17756f307c353f9aa2ab6fc3b00717609426468c6e1fe7707b8d461b0c18855	12351	upstream/mlkem-native/pkcheck-af4c5abd-source-snapshot/examples/basic_deterministic/mlkem_native/src/native/aarch64/src/polyvec_basemul_acc_montgomery_cached_k4_aarch64_asm.S
mlk_kem_check_pk_cleanroom/PKCHECK_00BC_01A_ADMISSION_20260730T013748Z/mlkem-native_af4c5abd_isolated/examples/basic_deterministic/mlkem_native/src/native/aarch64/src/rej_uniform_aarch64_asm.S	a659079e5298fc99c408ccada099770832281b37fd7e5959e8908299a440ce05	6535	upstream/mlkem-native/pkcheck-af4c5abd-source-snapshot/examples/basic_deterministic/mlkem_native/src/native/aarch64/src/rej_uniform_aarch64_asm.S
mlk_kem_check_pk_cleanroom/PKCHECK_00BC_01A_ADMISSION_20260730T013748Z/mlkem-native_af4c5abd_isolated/examples/basic_deterministic/mlkem_native/src/native/aarch64/src/rej_uniform_table.c	0f4e7024475acf7cc84adc8c013356fd650e312b9ea8855da32fa1531f4af7f7	27620	upstream/mlkem-native/pkcheck-af4c5abd-source-snapshot/examples/basic_deterministic/mlkem_native/src/native/aarch64/src/rej_uniform_table.c
mlk_kem_check_pk_cleanroom/PKCHECK_00BC_01A_ADMISSION_20260730T013748Z/mlkem-native_af4c5abd_isolated/examples/basic_deterministic/mlkem_native/src/native/api.h	651e2401c7b63e97442f08d3f6ea422fd425ec85ca47dcfdd02d9f5fa78e5ae9	28338	upstream/mlkem-native/pkcheck-af4c5abd-source-snapshot/examples/basic_deterministic/mlkem_native/src/native/api.h
mlk_kem_check_pk_cleanroom/PKCHECK_00BC_01A_ADMISSION_20260730T013748Z/mlkem-native_af4c5abd_isolated/examples/basic_deterministic/mlkem_native/src/native/meta.h	eb30d087373d9f809ef8bcbf5396e68e79f0b210efd9436c47f9c5dd2b07a089	604	upstream/mlkem-native/pkcheck-af4c5abd-source-snapshot/examples/basic_deterministic/mlkem_native/src/native/meta.h
mlk_kem_check_pk_cleanroom/PKCHECK_00BC_01A_ADMISSION_20260730T013748Z/mlkem-native_af4c5abd_isolated/examples/basic_deterministic/mlkem_native/src/native/ppc64le/README.md	c4ad2278ef016d2816b8d1049b73fd42e5a0f4acc3dd4dba3c969a94d80a2034	226	upstream/mlkem-native/pkcheck-af4c5abd-source-snapshot/examples/basic_deterministic/mlkem_native/src/native/ppc64le/README.md
mlk_kem_check_pk_cleanroom/PKCHECK_00BC_01A_ADMISSION_20260730T013748Z/mlkem-native_af4c5abd_isolated/examples/basic_deterministic/mlkem_native/src/native/ppc64le/meta.h	ca485705ed13888726c8ddd568be32612c4e118aeaf01e4e2642e17ac138dd78	1858	upstream/mlkem-native/pkcheck-af4c5abd-source-snapshot/examples/basic_deterministic/mlkem_native/src/native/ppc64le/meta.h
mlk_kem_check_pk_cleanroom/PKCHECK_00BC_01A_ADMISSION_20260730T013748Z/mlkem-native_af4c5abd_isolated/examples/basic_deterministic/mlkem_native/src/native/ppc64le/src/arith_native_ppc64le.h	7db7bf729b7de84356645c4090739e6e20aa40543b788e6d1e68e4b794a6c276	794	upstream/mlkem-native/pkcheck-af4c5abd-source-snapshot/examples/basic_deterministic/mlkem_native/src/native/ppc64le/src/arith_native_ppc64le.h
mlk_kem_check_pk_cleanroom/PKCHECK_00BC_01A_ADMISSION_20260730T013748Z/mlkem-native_af4c5abd_isolated/examples/basic_deterministic/mlkem_native/src/native/ppc64le/src/consts.c	f651fcd8d1c53f645cb9ef4a17a86575c787fa0e9cdf3b31c10417f20bcbfe98	15486	upstream/mlkem-native/pkcheck-af4c5abd-source-snapshot/examples/basic_deterministic/mlkem_native/src/native/ppc64le/src/consts.c
mlk_kem_check_pk_cleanroom/PKCHECK_00BC_01A_ADMISSION_20260730T013748Z/mlkem-native_af4c5abd_isolated/examples/basic_deterministic/mlkem_native/src/native/ppc64le/src/consts.h	6da9424313bb9fbb1c0f366df9c058e6464023732c09185be5f829791b6cf12e	985	upstream/mlkem-native/pkcheck-af4c5abd-source-snapshot/examples/basic_deterministic/mlkem_native/src/native/ppc64le/src/consts.h
mlk_kem_check_pk_cleanroom/PKCHECK_00BC_01A_ADMISSION_20260730T013748Z/mlkem-native_af4c5abd_isolated/examples/basic_deterministic/mlkem_native/src/native/ppc64le/src/intt_ppc_asm.S	c3c2222b1a47112df089e93ffabd4fd019744d0be6ea5a9c3d15eadd637bab37	83617	upstream/mlkem-native/pkcheck-af4c5abd-source-snapshot/examples/basic_deterministic/mlkem_native/src/native/ppc64le/src/intt_ppc_asm.S
mlk_kem_check_pk_cleanroom/PKCHECK_00BC_01A_ADMISSION_20260730T013748Z/mlkem-native_af4c5abd_isolated/examples/basic_deterministic/mlkem_native/src/native/ppc64le/src/ntt_ppc_asm.S	3fad90c5bcc5a809ef822e9eaf145b62a95ca28f0b1cde29c64c3f392e5dd562	43672	upstream/mlkem-native/pkcheck-af4c5abd-source-snapshot/examples/basic_deterministic/mlkem_native/src/native/ppc64le/src/ntt_ppc_asm.S
mlk_kem_check_pk_cleanroom/PKCHECK_00BC_01A_ADMISSION_20260730T013748Z/mlkem-native_af4c5abd_isolated/examples/basic_deterministic/mlkem_native/src/native/ppc64le/src/poly_tomont_ppc_asm.S	272e46991f5f22f5e92dbfddc54f7ac8622b2162a1b6e3b984cb5acca835166c	8241	upstream/mlkem-native/pkcheck-af4c5abd-source-snapshot/examples/basic_deterministic/mlkem_native/src/native/ppc64le/src/poly_tomont_ppc_asm.S
mlk_kem_check_pk_cleanroom/PKCHECK_00BC_01A_ADMISSION_20260730T013748Z/mlkem-native_af4c5abd_isolated/examples/basic_deterministic/mlkem_native/src/native/ppc64le/src/reduce_ppc_asm.S	5ed62d46877909cea8e01daad1715f6684ff9d779226c98d2d47b5688f629932	18506	upstream/mlkem-native/pkcheck-af4c5abd-source-snapshot/examples/basic_deterministic/mlkem_native/src/native/ppc64le/src/reduce_ppc_asm.S
mlk_kem_check_pk_cleanroom/PKCHECK_00BC_01A_ADMISSION_20260730T013748Z/mlkem-native_af4c5abd_isolated/examples/basic_deterministic/mlkem_native/src/native/riscv64/README.md	cc8a354ecbf09f5e490b643440a52d6a33118e04191e3ab8c6754e49aa03ed1b	495	upstream/mlkem-native/pkcheck-af4c5abd-source-snapshot/examples/basic_deterministic/mlkem_native/src/native/riscv64/README.md
mlk_kem_check_pk_cleanroom/PKCHECK_00BC_01A_ADMISSION_20260730T013748Z/mlkem-native_af4c5abd_isolated/examples/basic_deterministic/mlkem_native/src/native/riscv64/meta.h	f589ac7e4847a3cfcaee07f8737290c6d57a1022118d1fc883363fa84eca2b93	4008	upstream/mlkem-native/pkcheck-af4c5abd-source-snapshot/examples/basic_deterministic/mlkem_native/src/native/riscv64/meta.h
mlk_kem_check_pk_cleanroom/PKCHECK_00BC_01A_ADMISSION_20260730T013748Z/mlkem-native_af4c5abd_isolated/examples/basic_deterministic/mlkem_native/src/native/riscv64/src/arith_native_riscv64.h	d66aaf515aaff3da763ab7f636812e7444501f85d8441c4d1acb23fa4820de5e	1849	upstream/mlkem-native/pkcheck-af4c5abd-source-snapshot/examples/basic_deterministic/mlkem_native/src/native/riscv64/src/arith_native_riscv64.h
mlk_kem_check_pk_cleanroom/PKCHECK_00BC_01A_ADMISSION_20260730T013748Z/mlkem-native_af4c5abd_isolated/examples/basic_deterministic/mlkem_native/src/native/riscv64/src/rv64v_debug.c	43855e347be504e3489133e6349cdef8e903646c06d08718ce4addf84e8e79c8	3133	upstream/mlkem-native/pkcheck-af4c5abd-source-snapshot/examples/basic_deterministic/mlkem_native/src/native/riscv64/src/rv64v_debug.c
mlk_kem_check_pk_cleanroom/PKCHECK_00BC_01A_ADMISSION_20260730T013748Z/mlkem-native_af4c5abd_isolated/examples/basic_deterministic/mlkem_native/src/native/riscv64/src/rv64v_debug.h	213b1c5efc36ae5f94ed20a4cda43b9e905819283418b6cfac23e8ba5b449452	5860	upstream/mlkem-native/pkcheck-af4c5abd-source-snapshot/examples/basic_deterministic/mlkem_native/src/native/riscv64/src/rv64v_debug.h
mlk_kem_check_pk_cleanroom/PKCHECK_00BC_01A_ADMISSION_20260730T013748Z/mlkem-native_af4c5abd_isolated/examples/basic_deterministic/mlkem_native/src/native/riscv64/src/rv64v_izetas.inc	d29ca53fe5a70fcc2dcb3227bff3d92c37e0c35f14f995635026effc7f612422	1256	upstream/mlkem-native/pkcheck-af4c5abd-source-snapshot/examples/basic_deterministic/mlkem_native/src/native/riscv64/src/rv64v_izetas.inc
mlk_kem_check_pk_cleanroom/PKCHECK_00BC_01A_ADMISSION_20260730T013748Z/mlkem-native_af4c5abd_isolated/examples/basic_deterministic/mlkem_native/src/native/riscv64/src/rv64v_poly.c	6f5bc47ccc4b2d357d5aabffed4ae58ee5927415ce14a35169e2e96830c2e1d0	28791	upstream/mlkem-native/pkcheck-af4c5abd-source-snapshot/examples/basic_deterministic/mlkem_native/src/native/riscv64/src/rv64v_poly.c
mlk_kem_check_pk_cleanroom/PKCHECK_00BC_01A_ADMISSION_20260730T013748Z/mlkem-native_af4c5abd_isolated/examples/basic_deterministic/mlkem_native/src/native/riscv64/src/rv64v_zetas.inc	34ceb2ecb5cdc4f03b830029a31b06ba44efa6bc0e8e615d45277765c57388e4	1256	upstream/mlkem-native/pkcheck-af4c5abd-source-snapshot/examples/basic_deterministic/mlkem_native/src/native/riscv64/src/rv64v_zetas.inc
mlk_kem_check_pk_cleanroom/PKCHECK_00BC_01A_ADMISSION_20260730T013748Z/mlkem-native_af4c5abd_isolated/examples/basic_deterministic/mlkem_native/src/native/riscv64/src/rv64v_zetas_basemul.inc	093d13133e258b9c362e2db0fea19b1d201877a9e1e7e014174a693d9862f5df	2203	upstream/mlkem-native/pkcheck-af4c5abd-source-snapshot/examples/basic_deterministic/mlkem_native/src/native/riscv64/src/rv64v_zetas_basemul.inc
mlk_kem_check_pk_cleanroom/PKCHECK_00BC_01A_ADMISSION_20260730T013748Z/mlkem-native_af4c5abd_isolated/examples/basic_deterministic/mlkem_native/src/native/x86_64/README.md	59963fb54af67d45463616ac56c579f113ce5193dd74aa694c9dada7e997c214	237	upstream/mlkem-native/pkcheck-af4c5abd-source-snapshot/examples/basic_deterministic/mlkem_native/src/native/x86_64/README.md
mlk_kem_check_pk_cleanroom/PKCHECK_00BC_01A_ADMISSION_20260730T013748Z/mlkem-native_af4c5abd_isolated/examples/basic_deterministic/mlkem_native/src/native/x86_64/meta.h	5610fedff3fdc502ba971824ed300f0ad49c7d60ae3ad707c90fa1d815d652a3	8775	upstream/mlkem-native/pkcheck-af4c5abd-source-snapshot/examples/basic_deterministic/mlkem_native/src/native/x86_64/meta.h
mlk_kem_check_pk_cleanroom/PKCHECK_00BC_01A_ADMISSION_20260730T013748Z/mlkem-native_af4c5abd_isolated/examples/basic_deterministic/mlkem_native/src/native/x86_64/src/arith_native_x86_64.h	ae77631908fc59e4c6fad80d861fbadf920212631394319a04c18bfe14c91764	13552	upstream/mlkem-native/pkcheck-af4c5abd-source-snapshot/examples/basic_deterministic/mlkem_native/src/native/x86_64/src/arith_native_x86_64.h
mlk_kem_check_pk_cleanroom/PKCHECK_00BC_01A_ADMISSION_20260730T013748Z/mlkem-native_af4c5abd_isolated/examples/basic_deterministic/mlkem_native/src/native/x86_64/src/compress_consts.c	562965e31635041e2133ccc7602b6185bdce5472541f3b54ac72795fb6bc98f2	4105	upstream/mlkem-native/pkcheck-af4c5abd-source-snapshot/examples/basic_deterministic/mlkem_native/src/native/x86_64/src/compress_consts.c
mlk_kem_check_pk_cleanroom/PKCHECK_00BC_01A_ADMISSION_20260730T013748Z/mlkem-native_af4c5abd_isolated/examples/basic_deterministic/mlkem_native/src/native/x86_64/src/compress_consts.h	2748f5adee7f2a50008ba934459533e183b1cebe581eedcb85ece373516bd915	1589	upstream/mlkem-native/pkcheck-af4c5abd-source-snapshot/examples/basic_deterministic/mlkem_native/src/native/x86_64/src/compress_consts.h
mlk_kem_check_pk_cleanroom/PKCHECK_00BC_01A_ADMISSION_20260730T013748Z/mlkem-native_af4c5abd_isolated/examples/basic_deterministic/mlkem_native/src/native/x86_64/src/consts.c	92b37dd2361425c2816f624a982b64bbb4b4a7563f02604470c7541a83acf435	5940	upstream/mlkem-native/pkcheck-af4c5abd-source-snapshot/examples/basic_deterministic/mlkem_native/src/native/x86_64/src/consts.c
mlk_kem_check_pk_cleanroom/PKCHECK_00BC_01A_ADMISSION_20260730T013748Z/mlkem-native_af4c5abd_isolated/examples/basic_deterministic/mlkem_native/src/native/x86_64/src/consts.h	f0046a67ebd4195f6180b179c0fe329c1bbfddc37203825a5ebf0dffa7991e15	749	upstream/mlkem-native/pkcheck-af4c5abd-source-snapshot/examples/basic_deterministic/mlkem_native/src/native/x86_64/src/consts.h
mlk_kem_check_pk_cleanroom/PKCHECK_00BC_01A_ADMISSION_20260730T013748Z/mlkem-native_af4c5abd_isolated/examples/basic_deterministic/mlkem_native/src/native/x86_64/src/intt_avx2_asm.S	a8a8bc6b50f98ead9e20bfb55ac11114c0515f0225ec68a8a9f370443a38b5ce	32189	upstream/mlkem-native/pkcheck-af4c5abd-source-snapshot/examples/basic_deterministic/mlkem_native/src/native/x86_64/src/intt_avx2_asm.S
mlk_kem_check_pk_cleanroom/PKCHECK_00BC_01A_ADMISSION_20260730T013748Z/mlkem-native_af4c5abd_isolated/examples/basic_deterministic/mlkem_native/src/native/x86_64/src/ntt_avx2_asm.S	70416a0ad9998fc2f3f0d662f1b4d692f234cadc83ac3ba81ca501c3d636d26c	28634	upstream/mlkem-native/pkcheck-af4c5abd-source-snapshot/examples/basic_deterministic/mlkem_native/src/native/x86_64/src/ntt_avx2_asm.S
mlk_kem_check_pk_cleanroom/PKCHECK_00BC_01A_ADMISSION_20260730T013748Z/mlkem-native_af4c5abd_isolated/examples/basic_deterministic/mlkem_native/src/native/x86_64/src/nttfrombytes_avx2_asm.S	001af6a58e96327ecf42bacec9f0f2868637443831de53bff36253fbd5f18e0a	10915	upstream/mlkem-native/pkcheck-af4c5abd-source-snapshot/examples/basic_deterministic/mlkem_native/src/native/x86_64/src/nttfrombytes_avx2_asm.S
mlk_kem_check_pk_cleanroom/PKCHECK_00BC_01A_ADMISSION_20260730T013748Z/mlkem-native_af4c5abd_isolated/examples/basic_deterministic/mlkem_native/src/native/x86_64/src/ntttobytes_avx2_asm.S	d2ad03151e8671da73900559e1f22b61327209dcd748a2dbc1209a494439c7db	10409	upstream/mlkem-native/pkcheck-af4c5abd-source-snapshot/examples/basic_deterministic/mlkem_native/src/native/x86_64/src/ntttobytes_avx2_asm.S
mlk_kem_check_pk_cleanroom/PKCHECK_00BC_01A_ADMISSION_20260730T013748Z/mlkem-native_af4c5abd_isolated/examples/basic_deterministic/mlkem_native/src/native/x86_64/src/nttunpack_avx2_asm.S	01af3a79b639f0c1edfd4311bfe986d78112ede758a277b88d6707a8ac0203e1	11482	upstream/mlkem-native/pkcheck-af4c5abd-source-snapshot/examples/basic_deterministic/mlkem_native/src/native/x86_64/src/nttunpack_avx2_asm.S
mlk_kem_check_pk_cleanroom/PKCHECK_00BC_01A_ADMISSION_20260730T013748Z/mlkem-native_af4c5abd_isolated/examples/basic_deterministic/mlkem_native/src/native/x86_64/src/poly_compress_d10_avx2_asm.S	459855f032dc08dd6112f535601f8b510692bafb7c7431e3a6018c84ee483d36	14850	upstream/mlkem-native/pkcheck-af4c5abd-source-snapshot/examples/basic_deterministic/mlkem_native/src/native/x86_64/src/poly_compress_d10_avx2_asm.S
mlk_kem_check_pk_cleanroom/PKCHECK_00BC_01A_ADMISSION_20260730T013748Z/mlkem-native_af4c5abd_isolated/examples/basic_deterministic/mlkem_native/src/native/x86_64/src/poly_compress_d11_avx2_asm.S	2b392cb520706e848f3a417d417c08165044f9066c9dd1ded8f292280e513440	19359	upstream/mlkem-native/pkcheck-af4c5abd-source-snapshot/examples/basic_deterministic/mlkem_native/src/native/x86_64/src/poly_compress_d11_avx2_asm.S
mlk_kem_check_pk_cleanroom/PKCHECK_00BC_01A_ADMISSION_20260730T013748Z/mlkem-native_af4c5abd_isolated/examples/basic_deterministic/mlkem_native/src/native/x86_64/src/poly_compress_d4_avx2_asm.S	166f9d829d9f1f40e1b066de49c4c181aa1db1fbcda88f3131cb0e62d4be984d	6384	upstream/mlkem-native/pkcheck-af4c5abd-source-snapshot/examples/basic_deterministic/mlkem_native/src/native/x86_64/src/poly_compress_d4_avx2_asm.S
mlk_kem_check_pk_cleanroom/PKCHECK_00BC_01A_ADMISSION_20260730T013748Z/mlkem-native_af4c5abd_isolated/examples/basic_deterministic/mlkem_native/src/native/x86_64/src/poly_compress_d5_avx2_asm.S	435aaeb0eabccaf585079a6051301a0847f5e6da4236e8b20fce65ddd3b8a49d	8480	upstream/mlkem-native/pkcheck-af4c5abd-source-snapshot/examples/basic_deterministic/mlkem_native/src/native/x86_64/src/poly_compress_d5_avx2_asm.S
mlk_kem_check_pk_cleanroom/PKCHECK_00BC_01A_ADMISSION_20260730T013748Z/mlkem-native_af4c5abd_isolated/examples/basic_deterministic/mlkem_native/src/native/x86_64/src/poly_decompress_d10_avx2_asm.S	d7f625f1488f40ed5db555f3d4fa772a12c17b1b29e2922a539691184179d494	9138	upstream/mlkem-native/pkcheck-af4c5abd-source-snapshot/examples/basic_deterministic/mlkem_native/src/native/x86_64/src/poly_decompress_d10_avx2_asm.S
mlk_kem_check_pk_cleanroom/PKCHECK_00BC_01A_ADMISSION_20260730T013748Z/mlkem-native_af4c5abd_isolated/examples/basic_deterministic/mlkem_native/src/native/x86_64/src/poly_decompress_d11_avx2_asm.S	45190c13cd3079b8bac79f8c6321be6786cb383ae3ebeef05f7fc79018701ad1	11155	upstream/mlkem-native/pkcheck-af4c5abd-source-snapshot/examples/basic_deterministic/mlkem_native/src/native/x86_64/src/poly_decompress_d11_avx2_asm.S
mlk_kem_check_pk_cleanroom/PKCHECK_00BC_01A_ADMISSION_20260730T013748Z/mlkem-native_af4c5abd_isolated/examples/basic_deterministic/mlkem_native/src/native/x86_64/src/poly_decompress_d4_avx2_asm.S	21f854e623079f1d100e757056e92ac0e7541634ba0bc933e1f46a479f18f42f	7067	upstream/mlkem-native/pkcheck-af4c5abd-source-snapshot/examples/basic_deterministic/mlkem_native/src/native/x86_64/src/poly_decompress_d4_avx2_asm.S
mlk_kem_check_pk_cleanroom/PKCHECK_00BC_01A_ADMISSION_20260730T013748Z/mlkem-native_af4c5abd_isolated/examples/basic_deterministic/mlkem_native/src/native/x86_64/src/poly_decompress_d5_avx2_asm.S	33030255964bffb490c486c67955b87deadaa7e0c785a672d5b00ac927c715ca	7687	upstream/mlkem-native/pkcheck-af4c5abd-source-snapshot/examples/basic_deterministic/mlkem_native/src/native/x86_64/src/poly_decompress_d5_avx2_asm.S
mlk_kem_check_pk_cleanroom/PKCHECK_00BC_01A_ADMISSION_20260730T013748Z/mlkem-native_af4c5abd_isolated/examples/basic_deterministic/mlkem_native/src/native/x86_64/src/poly_mulcache_compute_avx2_asm.S	1e2f765339130173959a59d3e0bd401613141f3f9ffbbf73097935254fcc8601	3698	upstream/mlkem-native/pkcheck-af4c5abd-source-snapshot/examples/basic_deterministic/mlkem_native/src/native/x86_64/src/poly_mulcache_compute_avx2_asm.S
mlk_kem_check_pk_cleanroom/PKCHECK_00BC_01A_ADMISSION_20260730T013748Z/mlkem-native_af4c5abd_isolated/examples/basic_deterministic/mlkem_native/src/native/x86_64/src/polyvec_basemul_acc_montgomery_cached_k2_avx2_asm.S	c7503836f6acb3e595d9a028d34dcd6b8b981687e299fff7ab33c543458745f9	19019	upstream/mlkem-native/pkcheck-af4c5abd-source-snapshot/examples/basic_deterministic/mlkem_native/src/native/x86_64/src/polyvec_basemul_acc_montgomery_cached_k2_avx2_asm.S
mlk_kem_check_pk_cleanroom/PKCHECK_00BC_01A_ADMISSION_20260730T013748Z/mlkem-native_af4c5abd_isolated/examples/basic_deterministic/mlkem_native/src/native/x86_64/src/polyvec_basemul_acc_montgomery_cached_k3_avx2_asm.S	4b7c254cfce65a8a2af80f8c82022e2ea3cf4af589ea143ff32feff649dc0d8c	27963	upstream/mlkem-native/pkcheck-af4c5abd-source-snapshot/examples/basic_deterministic/mlkem_native/src/native/x86_64/src/polyvec_basemul_acc_montgomery_cached_k3_avx2_asm.S
mlk_kem_check_pk_cleanroom/PKCHECK_00BC_01A_ADMISSION_20260730T013748Z/mlkem-native_af4c5abd_isolated/examples/basic_deterministic/mlkem_native/src/native/x86_64/src/polyvec_basemul_acc_montgomery_cached_k4_avx2_asm.S	07ad9aef4253ed87ee1fe3a47fa5bdd2ec13d3a0c7020e57fa6570090c251815	36908	upstream/mlkem-native/pkcheck-af4c5abd-source-snapshot/examples/basic_deterministic/mlkem_native/src/native/x86_64/src/polyvec_basemul_acc_montgomery_cached_k4_avx2_asm.S
mlk_kem_check_pk_cleanroom/PKCHECK_00BC_01A_ADMISSION_20260730T013748Z/mlkem-native_af4c5abd_isolated/examples/basic_deterministic/mlkem_native/src/native/x86_64/src/reduce_avx2_asm.S	d0812932f720ea634a8ffb4f0923f8b388256b2081e5944e0d0f65a7829081c8	7642	upstream/mlkem-native/pkcheck-af4c5abd-source-snapshot/examples/basic_deterministic/mlkem_native/src/native/x86_64/src/reduce_avx2_asm.S
mlk_kem_check_pk_cleanroom/PKCHECK_00BC_01A_ADMISSION_20260730T013748Z/mlkem-native_af4c5abd_isolated/examples/basic_deterministic/mlkem_native/src/native/x86_64/src/rej_uniform_avx2_asm.S	97eef83984599d8933158e080d8822f2b925d0cf5a64b51c568d2dbe59097cb3	4360	upstream/mlkem-native/pkcheck-af4c5abd-source-snapshot/examples/basic_deterministic/mlkem_native/src/native/x86_64/src/rej_uniform_avx2_asm.S
mlk_kem_check_pk_cleanroom/PKCHECK_00BC_01A_ADMISSION_20260730T013748Z/mlkem-native_af4c5abd_isolated/examples/basic_deterministic/mlkem_native/src/native/x86_64/src/rej_uniform_table.c	be662d58c00fdfc8dfa14bdaf580f7af0c21ffb3211eba5e6a89654ab34afa22	27658	upstream/mlkem-native/pkcheck-af4c5abd-source-snapshot/examples/basic_deterministic/mlkem_native/src/native/x86_64/src/rej_uniform_table.c
mlk_kem_check_pk_cleanroom/PKCHECK_00BC_01A_ADMISSION_20260730T013748Z/mlkem-native_af4c5abd_isolated/examples/basic_deterministic/mlkem_native/src/native/x86_64/src/tomont_avx2_asm.S	9bf8187fceae7fbfdcb5e35d9222707066b7e5b6d1079cda46eca078ac813864	5475	upstream/mlkem-native/pkcheck-af4c5abd-source-snapshot/examples/basic_deterministic/mlkem_native/src/native/x86_64/src/tomont_avx2_asm.S
mlk_kem_check_pk_cleanroom/PKCHECK_00BC_01A_ADMISSION_20260730T013748Z/mlkem-native_af4c5abd_isolated/examples/basic_deterministic/mlkem_native/src/params.h	450fe3e0e50496921920473ae4321660f178c23d51f1453f3c537ee63c4158cb	2566	upstream/mlkem-native/pkcheck-af4c5abd-source-snapshot/examples/basic_deterministic/mlkem_native/src/params.h
mlk_kem_check_pk_cleanroom/PKCHECK_00BC_01A_ADMISSION_20260730T013748Z/mlkem-native_af4c5abd_isolated/examples/basic_deterministic/mlkem_native/src/poly.c	f427dda46e29d53d3e33d683c9a8483bade3568eff43fb97b868a21bfd07c722	18569	upstream/mlkem-native/pkcheck-af4c5abd-source-snapshot/examples/basic_deterministic/mlkem_native/src/poly.c
mlk_kem_check_pk_cleanroom/PKCHECK_00BC_01A_ADMISSION_20260730T013748Z/mlkem-native_af4c5abd_isolated/examples/basic_deterministic/mlkem_native/src/poly.h	f24f980110953c1d361e04137e13e2f85f76db776903f85c98f24900e85f7aef	10117	upstream/mlkem-native/pkcheck-af4c5abd-source-snapshot/examples/basic_deterministic/mlkem_native/src/poly.h
mlk_kem_check_pk_cleanroom/PKCHECK_00BC_01A_ADMISSION_20260730T013748Z/mlkem-native_af4c5abd_isolated/examples/basic_deterministic/mlkem_native/src/poly_k.c	7dea24a0591b0fb033f7a8be214d687fbde11541c274a114ac3067af12b87c32	17662	upstream/mlkem-native/pkcheck-af4c5abd-source-snapshot/examples/basic_deterministic/mlkem_native/src/poly_k.c
mlk_kem_check_pk_cleanroom/PKCHECK_00BC_01A_ADMISSION_20260730T013748Z/mlkem-native_af4c5abd_isolated/examples/basic_deterministic/mlkem_native/src/poly_k.h	09bdfd4a19a9cb495832a78d0f099a6c949c40014472b33fb54d66bb56e660e0	22592	upstream/mlkem-native/pkcheck-af4c5abd-source-snapshot/examples/basic_deterministic/mlkem_native/src/poly_k.h
mlk_kem_check_pk_cleanroom/PKCHECK_00BC_01A_ADMISSION_20260730T013748Z/mlkem-native_af4c5abd_isolated/examples/basic_deterministic/mlkem_native/src/randombytes.h	137eb6e5854b8e58c2caec6eea86530c8e7495706f6f5b3e007e25a9875e164f	1649	upstream/mlkem-native/pkcheck-af4c5abd-source-snapshot/examples/basic_deterministic/mlkem_native/src/randombytes.h
mlk_kem_check_pk_cleanroom/PKCHECK_00BC_01A_ADMISSION_20260730T013748Z/mlkem-native_af4c5abd_isolated/examples/basic_deterministic/mlkem_native/src/sampling.c	0408bd0744346e2c59924ebc8a9a55e750a453b1595fc0fc85532f1626bdec0a	12913	upstream/mlkem-native/pkcheck-af4c5abd-source-snapshot/examples/basic_deterministic/mlkem_native/src/sampling.c
mlk_kem_check_pk_cleanroom/PKCHECK_00BC_01A_ADMISSION_20260730T013748Z/mlkem-native_af4c5abd_isolated/examples/basic_deterministic/mlkem_native/src/sampling.h	92501263f89afc3d6a5f06079bacbe1dfd5ba6db744c887e08cc1c521c0030eb	3853	upstream/mlkem-native/pkcheck-af4c5abd-source-snapshot/examples/basic_deterministic/mlkem_native/src/sampling.h
mlk_kem_check_pk_cleanroom/PKCHECK_00BC_01A_ADMISSION_20260730T013748Z/mlkem-native_af4c5abd_isolated/examples/basic_deterministic/mlkem_native/src/symmetric.h	168d0ec3bf50bd45cb0a103d7984e9ccf52f78697718b7e85efdf1beda7abc95	2596	upstream/mlkem-native/pkcheck-af4c5abd-source-snapshot/examples/basic_deterministic/mlkem_native/src/symmetric.h
mlk_kem_check_pk_cleanroom/PKCHECK_00BC_01A_ADMISSION_20260730T013748Z/mlkem-native_af4c5abd_isolated/examples/basic_deterministic/mlkem_native/src/sys.h	02e6b8901bb6334a378aab1f13538693f04726a5111aed7cc6c4cdbd41188f50	9543	upstream/mlkem-native/pkcheck-af4c5abd-source-snapshot/examples/basic_deterministic/mlkem_native/src/sys.h
mlk_kem_check_pk_cleanroom/PKCHECK_00BC_01A_ADMISSION_20260730T013748Z/mlkem-native_af4c5abd_isolated/examples/basic_deterministic/mlkem_native/src/verify.c	f8f89f1b8c8e5811ce134c0d90fb7828027336afeed231dc3ccb7ee6b73b9335	622	upstream/mlkem-native/pkcheck-af4c5abd-source-snapshot/examples/basic_deterministic/mlkem_native/src/verify.c
mlk_kem_check_pk_cleanroom/PKCHECK_00BC_01A_ADMISSION_20260730T013748Z/mlkem-native_af4c5abd_isolated/examples/basic_deterministic/mlkem_native/src/verify.h	13f44749f65099bee5bc55be260932d5e832bbd091335f1e47c31df464c1881f	15010	upstream/mlkem-native/pkcheck-af4c5abd-source-snapshot/examples/basic_deterministic/mlkem_native/src/verify.h
mlk_kem_check_pk_cleanroom/PKCHECK_00BC_01A_ADMISSION_20260730T013748Z/mlkem-native_af4c5abd_isolated/examples/basic_deterministic/mlkem_native/src/zetas.inc	303d1abccc4757d49a5c8df5f88080fefef617b7360056db5311bd94354096d4	1337	upstream/mlkem-native/pkcheck-af4c5abd-source-snapshot/examples/basic_deterministic/mlkem_native/src/zetas.inc
mlk_kem_check_pk_cleanroom/PKCHECK_00BC_01A_ADMISSION_20260730T013748Z/mlkem-native_af4c5abd_isolated/examples/bring_your_own_fips202/.gitignore	a16ce390164578975ec29da9b161ac23ca477f6b6b8fc8f5b051bda34e3b01ac	59	upstream/mlkem-native/pkcheck-af4c5abd-source-snapshot/examples/bring_your_own_fips202/.gitignore
mlk_kem_check_pk_cleanroom/PKCHECK_00BC_01A_ADMISSION_20260730T013748Z/mlkem-native_af4c5abd_isolated/examples/bring_your_own_fips202/Makefile	cbd817865b79f232fe1d2629d425ce9cc46f56dc6068faa17f8d77516f4cdc1f	2906	upstream/mlkem-native/pkcheck-af4c5abd-source-snapshot/examples/bring_your_own_fips202/Makefile
mlk_kem_check_pk_cleanroom/PKCHECK_00BC_01A_ADMISSION_20260730T013748Z/mlkem-native_af4c5abd_isolated/examples/bring_your_own_fips202/README.md	57132412ef78c13623989238d8e6d2c3482659f5ac6f8af15c72b89ecc52c45f	2156	upstream/mlkem-native/pkcheck-af4c5abd-source-snapshot/examples/bring_your_own_fips202/README.md
mlk_kem_check_pk_cleanroom/PKCHECK_00BC_01A_ADMISSION_20260730T013748Z/mlkem-native_af4c5abd_isolated/examples/bring_your_own_fips202/auto.mk	179af17d2e0a2442e9fe7b8a195af549dc0cf445de4a1ff9810818096293fffb	7211	upstream/mlkem-native/pkcheck-af4c5abd-source-snapshot/examples/bring_your_own_fips202/auto.mk
mlk_kem_check_pk_cleanroom/PKCHECK_00BC_01A_ADMISSION_20260730T013748Z/mlkem-native_af4c5abd_isolated/examples/bring_your_own_fips202/custom_fips202/README.md	962c7eba477b1f328d9a82daa0cce9ddc6577779faeac12f176de4fe62e84ae2	406	upstream/mlkem-native/pkcheck-af4c5abd-source-snapshot/examples/bring_your_own_fips202/custom_fips202/README.md
mlk_kem_check_pk_cleanroom/PKCHECK_00BC_01A_ADMISSION_20260730T013748Z/mlkem-native_af4c5abd_isolated/examples/bring_your_own_fips202/custom_fips202/fips202.h	0cb35aa4b2db9ef048a3d631cdd7deb18c38c8660d7bf4e6192d7fec94040a6b	5631	upstream/mlkem-native/pkcheck-af4c5abd-source-snapshot/examples/bring_your_own_fips202/custom_fips202/fips202.h
mlk_kem_check_pk_cleanroom/PKCHECK_00BC_01A_ADMISSION_20260730T013748Z/mlkem-native_af4c5abd_isolated/examples/bring_your_own_fips202/custom_fips202/fips202x4.h	ca6ed15b059cea8821e7126cdbf10c99a5fa63cee1564ac8564841f885ebe1a0	3028	upstream/mlkem-native/pkcheck-af4c5abd-source-snapshot/examples/bring_your_own_fips202/custom_fips202/fips202x4.h
mlk_kem_check_pk_cleanroom/PKCHECK_00BC_01A_ADMISSION_20260730T013748Z/mlkem-native_af4c5abd_isolated/examples/bring_your_own_fips202/custom_fips202/tiny_sha3/LICENSE	c5ebc5c092628cbb9018d4b73d7330ffc84e3f44576c1bddcd884c3e5158a18c	1138	upstream/mlkem-native/pkcheck-af4c5abd-source-snapshot/examples/bring_your_own_fips202/custom_fips202/tiny_sha3/LICENSE
mlk_kem_check_pk_cleanroom/PKCHECK_00BC_01A_ADMISSION_20260730T013748Z/mlkem-native_af4c5abd_isolated/examples/bring_your_own_fips202/custom_fips202/tiny_sha3/README.md	300725b916d1fa1895f4b194d2ffa2ca0c8316111cc9dbea21678c82505a05b5	1796	upstream/mlkem-native/pkcheck-af4c5abd-source-snapshot/examples/bring_your_own_fips202/custom_fips202/tiny_sha3/README.md
mlk_kem_check_pk_cleanroom/PKCHECK_00BC_01A_ADMISSION_20260730T013748Z/mlkem-native_af4c5abd_isolated/examples/bring_your_own_fips202/custom_fips202/tiny_sha3/sha3.c	dce26ca356762c85fc1a3a529d488b00694a7c0a4c1cfc05cfdab76dd8c3377b	4731	upstream/mlkem-native/pkcheck-af4c5abd-source-snapshot/examples/bring_your_own_fips202/custom_fips202/tiny_sha3/sha3.c
mlk_kem_check_pk_cleanroom/PKCHECK_00BC_01A_ADMISSION_20260730T013748Z/mlkem-native_af4c5abd_isolated/examples/bring_your_own_fips202/custom_fips202/tiny_sha3/sha3.h	70b7c2edd20951dcd8bee44ae114567ac406083a28eb127afd2d57e8b16a2bd8	1248	upstream/mlkem-native/pkcheck-af4c5abd-source-snapshot/examples/bring_your_own_fips202/custom_fips202/tiny_sha3/sha3.h
mlk_kem_check_pk_cleanroom/PKCHECK_00BC_01A_ADMISSION_20260730T013748Z/mlkem-native_af4c5abd_isolated/examples/bring_your_own_fips202/main.c	94365d793e6e7b355eec2352846543c6e3801f49a68235a0a0193a77c160bef7	3457	upstream/mlkem-native/pkcheck-af4c5abd-source-snapshot/examples/bring_your_own_fips202/main.c
mlk_kem_check_pk_cleanroom/PKCHECK_00BC_01A_ADMISSION_20260730T013748Z/mlkem-native_af4c5abd_isolated/examples/bring_your_own_fips202/mlkem_native/mlkem_native.h	df582b5462c592df89f0f8764af073acaa968086dc61e6c2d5cd6b12ac43c1b1	19752	upstream/mlkem-native/pkcheck-af4c5abd-source-snapshot/examples/bring_your_own_fips202/mlkem_native/mlkem_native.h
mlk_kem_check_pk_cleanroom/PKCHECK_00BC_01A_ADMISSION_20260730T013748Z/mlkem-native_af4c5abd_isolated/examples/bring_your_own_fips202/mlkem_native/mlkem_native_config.h	54538fb38bc2918eb0f263ba1fc0b4c023f4abbab1761db38afc038311bfcda9	22367	upstream/mlkem-native/pkcheck-af4c5abd-source-snapshot/examples/bring_your_own_fips202/mlkem_native/mlkem_native_config.h
mlk_kem_check_pk_cleanroom/PKCHECK_00BC_01A_ADMISSION_20260730T013748Z/mlkem-native_af4c5abd_isolated/examples/bring_your_own_fips202/mlkem_native/src/cbmc.h	12fe62f76060aa2cdd41de6170e0c787c516ae753ed32579c9c39b1af55130fb	7954	upstream/mlkem-native/pkcheck-af4c5abd-source-snapshot/examples/bring_your_own_fips202/mlkem_native/src/cbmc.h
mlk_kem_check_pk_cleanroom/PKCHECK_00BC_01A_ADMISSION_20260730T013748Z/mlkem-native_af4c5abd_isolated/examples/bring_your_own_fips202/mlkem_native/src/common.h	cc48998e9595ec4e59a3aa53d6be9e55ecccb3cdc047e661ccd94fa99955d675	9434	upstream/mlkem-native/pkcheck-af4c5abd-source-snapshot/examples/bring_your_own_fips202/mlkem_native/src/common.h
mlk_kem_check_pk_cleanroom/PKCHECK_00BC_01A_ADMISSION_20260730T013748Z/mlkem-native_af4c5abd_isolated/examples/bring_your_own_fips202/mlkem_native/src/compress.c	9201bea6ddd1d7622cc6496d2f745fee52397d203392f75a3d6e52a400de5bad	24427	upstream/mlkem-native/pkcheck-af4c5abd-source-snapshot/examples/bring_your_own_fips202/mlkem_native/src/compress.c
mlk_kem_check_pk_cleanroom/PKCHECK_00BC_01A_ADMISSION_20260730T013748Z/mlkem-native_af4c5abd_isolated/examples/bring_your_own_fips202/mlkem_native/src/compress.h	0f357a30e7ea37351854dc550e502e5a7eaf80184896bf92b40073175706e0dd	20187	upstream/mlkem-native/pkcheck-af4c5abd-source-snapshot/examples/bring_your_own_fips202/mlkem_native/src/compress.h
mlk_kem_check_pk_cleanroom/PKCHECK_00BC_01A_ADMISSION_20260730T013748Z/mlkem-native_af4c5abd_isolated/examples/bring_your_own_fips202/mlkem_native/src/context.h	9e4cdb00eac5a3d1553e64a02dcba66300302f17f1f0d4f3bba64b65c1f53a90	1834	upstream/mlkem-native/pkcheck-af4c5abd-source-snapshot/examples/bring_your_own_fips202/mlkem_native/src/context.h
mlk_kem_check_pk_cleanroom/PKCHECK_00BC_01A_ADMISSION_20260730T013748Z/mlkem-native_af4c5abd_isolated/examples/bring_your_own_fips202/mlkem_native/src/debug.c	263ac19f2b2bf5c784cbf04fd4c968762abedc6961d44f507c8953b52a38827e	1605	upstream/mlkem-native/pkcheck-af4c5abd-source-snapshot/examples/bring_your_own_fips202/mlkem_native/src/debug.c
mlk_kem_check_pk_cleanroom/PKCHECK_00BC_01A_ADMISSION_20260730T013748Z/mlkem-native_af4c5abd_isolated/examples/bring_your_own_fips202/mlkem_native/src/debug.h	d1fab329b439fc6dd9c4234f3fe053e74b000d416e0f4e4464542813667f3750	4740	upstream/mlkem-native/pkcheck-af4c5abd-source-snapshot/examples/bring_your_own_fips202/mlkem_native/src/debug.h
mlk_kem_check_pk_cleanroom/PKCHECK_00BC_01A_ADMISSION_20260730T013748Z/mlkem-native_af4c5abd_isolated/examples/bring_your_own_fips202/mlkem_native/src/indcpa.c	ffc9cd09fb9a5926c8540b52181b064e7ae46b3d117e10ca51ac0d0ca940f6bd	23665	upstream/mlkem-native/pkcheck-af4c5abd-source-snapshot/examples/bring_your_own_fips202/mlkem_native/src/indcpa.c
mlk_kem_check_pk_cleanroom/PKCHECK_00BC_01A_ADMISSION_20260730T013748Z/mlkem-native_af4c5abd_isolated/examples/bring_your_own_fips202/mlkem_native/src/indcpa.h	25537257adf04a0db9764a1034f0f7af0be25ec0a37c47faff81fb32ee93c5f1	6836	upstream/mlkem-native/pkcheck-af4c5abd-source-snapshot/examples/bring_your_own_fips202/mlkem_native/src/indcpa.h
mlk_kem_check_pk_cleanroom/PKCHECK_00BC_01A_ADMISSION_20260730T013748Z/mlkem-native_af4c5abd_isolated/examples/bring_your_own_fips202/mlkem_native/src/kem.c	b3de1f7602b10c6033eee8b235138190ed09df917ec9326c2b38ce1083c541ce	13814	upstream/mlkem-native/pkcheck-af4c5abd-source-snapshot/examples/bring_your_own_fips202/mlkem_native/src/kem.c
mlk_kem_check_pk_cleanroom/PKCHECK_00BC_01A_ADMISSION_20260730T013748Z/mlkem-native_af4c5abd_isolated/examples/bring_your_own_fips202/mlkem_native/src/kem.h	e239f5d705fca7729e7838e836aa2fab814ddc4ffbaf7eeb73a32242b15d960d	13133	upstream/mlkem-native/pkcheck-af4c5abd-source-snapshot/examples/bring_your_own_fips202/mlkem_native/src/kem.h
mlk_kem_check_pk_cleanroom/PKCHECK_00BC_01A_ADMISSION_20260730T013748Z/mlkem-native_af4c5abd_isolated/examples/bring_your_own_fips202/mlkem_native/src/params.h	450fe3e0e50496921920473ae4321660f178c23d51f1453f3c537ee63c4158cb	2566	upstream/mlkem-native/pkcheck-af4c5abd-source-snapshot/examples/bring_your_own_fips202/mlkem_native/src/params.h
mlk_kem_check_pk_cleanroom/PKCHECK_00BC_01A_ADMISSION_20260730T013748Z/mlkem-native_af4c5abd_isolated/examples/bring_your_own_fips202/mlkem_native/src/poly.c	f427dda46e29d53d3e33d683c9a8483bade3568eff43fb97b868a21bfd07c722	18569	upstream/mlkem-native/pkcheck-af4c5abd-source-snapshot/examples/bring_your_own_fips202/mlkem_native/src/poly.c
mlk_kem_check_pk_cleanroom/PKCHECK_00BC_01A_ADMISSION_20260730T013748Z/mlkem-native_af4c5abd_isolated/examples/bring_your_own_fips202/mlkem_native/src/poly.h	f24f980110953c1d361e04137e13e2f85f76db776903f85c98f24900e85f7aef	10117	upstream/mlkem-native/pkcheck-af4c5abd-source-snapshot/examples/bring_your_own_fips202/mlkem_native/src/poly.h
mlk_kem_check_pk_cleanroom/PKCHECK_00BC_01A_ADMISSION_20260730T013748Z/mlkem-native_af4c5abd_isolated/examples/bring_your_own_fips202/mlkem_native/src/poly_k.c	7dea24a0591b0fb033f7a8be214d687fbde11541c274a114ac3067af12b87c32	17662	upstream/mlkem-native/pkcheck-af4c5abd-source-snapshot/examples/bring_your_own_fips202/mlkem_native/src/poly_k.c
mlk_kem_check_pk_cleanroom/PKCHECK_00BC_01A_ADMISSION_20260730T013748Z/mlkem-native_af4c5abd_isolated/examples/bring_your_own_fips202/mlkem_native/src/poly_k.h	09bdfd4a19a9cb495832a78d0f099a6c949c40014472b33fb54d66bb56e660e0	22592	upstream/mlkem-native/pkcheck-af4c5abd-source-snapshot/examples/bring_your_own_fips202/mlkem_native/src/poly_k.h
mlk_kem_check_pk_cleanroom/PKCHECK_00BC_01A_ADMISSION_20260730T013748Z/mlkem-native_af4c5abd_isolated/examples/bring_your_own_fips202/mlkem_native/src/randombytes.h	137eb6e5854b8e58c2caec6eea86530c8e7495706f6f5b3e007e25a9875e164f	1649	upstream/mlkem-native/pkcheck-af4c5abd-source-snapshot/examples/bring_your_own_fips202/mlkem_native/src/randombytes.h
mlk_kem_check_pk_cleanroom/PKCHECK_00BC_01A_ADMISSION_20260730T013748Z/mlkem-native_af4c5abd_isolated/examples/bring_your_own_fips202/mlkem_native/src/sampling.c	0408bd0744346e2c59924ebc8a9a55e750a453b1595fc0fc85532f1626bdec0a	12913	upstream/mlkem-native/pkcheck-af4c5abd-source-snapshot/examples/bring_your_own_fips202/mlkem_native/src/sampling.c
mlk_kem_check_pk_cleanroom/PKCHECK_00BC_01A_ADMISSION_20260730T013748Z/mlkem-native_af4c5abd_isolated/examples/bring_your_own_fips202/mlkem_native/src/sampling.h	92501263f89afc3d6a5f06079bacbe1dfd5ba6db744c887e08cc1c521c0030eb	3853	upstream/mlkem-native/pkcheck-af4c5abd-source-snapshot/examples/bring_your_own_fips202/mlkem_native/src/sampling.h
mlk_kem_check_pk_cleanroom/PKCHECK_00BC_01A_ADMISSION_20260730T013748Z/mlkem-native_af4c5abd_isolated/examples/bring_your_own_fips202/mlkem_native/src/symmetric.h	168d0ec3bf50bd45cb0a103d7984e9ccf52f78697718b7e85efdf1beda7abc95	2596	upstream/mlkem-native/pkcheck-af4c5abd-source-snapshot/examples/bring_your_own_fips202/mlkem_native/src/symmetric.h
mlk_kem_check_pk_cleanroom/PKCHECK_00BC_01A_ADMISSION_20260730T013748Z/mlkem-native_af4c5abd_isolated/examples/bring_your_own_fips202/mlkem_native/src/sys.h	02e6b8901bb6334a378aab1f13538693f04726a5111aed7cc6c4cdbd41188f50	9543	upstream/mlkem-native/pkcheck-af4c5abd-source-snapshot/examples/bring_your_own_fips202/mlkem_native/src/sys.h
mlk_kem_check_pk_cleanroom/PKCHECK_00BC_01A_ADMISSION_20260730T013748Z/mlkem-native_af4c5abd_isolated/examples/bring_your_own_fips202/mlkem_native/src/verify.c	f8f89f1b8c8e5811ce134c0d90fb7828027336afeed231dc3ccb7ee6b73b9335	622	upstream/mlkem-native/pkcheck-af4c5abd-source-snapshot/examples/bring_your_own_fips202/mlkem_native/src/verify.c
mlk_kem_check_pk_cleanroom/PKCHECK_00BC_01A_ADMISSION_20260730T013748Z/mlkem-native_af4c5abd_isolated/examples/bring_your_own_fips202/mlkem_native/src/verify.h	13f44749f65099bee5bc55be260932d5e832bbd091335f1e47c31df464c1881f	15010	upstream/mlkem-native/pkcheck-af4c5abd-source-snapshot/examples/bring_your_own_fips202/mlkem_native/src/verify.h
mlk_kem_check_pk_cleanroom/PKCHECK_00BC_01A_ADMISSION_20260730T013748Z/mlkem-native_af4c5abd_isolated/examples/bring_your_own_fips202/mlkem_native/src/zetas.inc	303d1abccc4757d49a5c8df5f88080fefef617b7360056db5311bd94354096d4	1337	upstream/mlkem-native/pkcheck-af4c5abd-source-snapshot/examples/bring_your_own_fips202/mlkem_native/src/zetas.inc
mlk_kem_check_pk_cleanroom/PKCHECK_00BC_01A_ADMISSION_20260730T013748Z/mlkem-native_af4c5abd_isolated/examples/bring_your_own_fips202/test_only_rng/notrandombytes.c	a11629c3372cd8b1ceb7ac6df80b9e1344c63b1df2f55a0d7d1cea2b34ddc12f	2013	upstream/mlkem-native/pkcheck-af4c5abd-source-snapshot/examples/bring_your_own_fips202/test_only_rng/notrandombytes.c
mlk_kem_check_pk_cleanroom/PKCHECK_00BC_01A_ADMISSION_20260730T013748Z/mlkem-native_af4c5abd_isolated/examples/bring_your_own_fips202/test_only_rng/notrandombytes.h	b7308b590b9d7bd57e9b6b37cbd5e0d1c2a6174926cefff72bbf4f90045cfd2b	674	upstream/mlkem-native/pkcheck-af4c5abd-source-snapshot/examples/bring_your_own_fips202/test_only_rng/notrandombytes.h
mlk_kem_check_pk_cleanroom/PKCHECK_00BC_01A_ADMISSION_20260730T013748Z/mlkem-native_af4c5abd_isolated/examples/bring_your_own_fips202_static/.gitignore	a16ce390164578975ec29da9b161ac23ca477f6b6b8fc8f5b051bda34e3b01ac	59	upstream/mlkem-native/pkcheck-af4c5abd-source-snapshot/examples/bring_your_own_fips202_static/.gitignore
mlk_kem_check_pk_cleanroom/PKCHECK_00BC_01A_ADMISSION_20260730T013748Z/mlkem-native_af4c5abd_isolated/examples/bring_your_own_fips202_static/Makefile	cbd817865b79f232fe1d2629d425ce9cc46f56dc6068faa17f8d77516f4cdc1f	2906	upstream/mlkem-native/pkcheck-af4c5abd-source-snapshot/examples/bring_your_own_fips202_static/Makefile
mlk_kem_check_pk_cleanroom/PKCHECK_00BC_01A_ADMISSION_20260730T013748Z/mlkem-native_af4c5abd_isolated/examples/bring_your_own_fips202_static/README.md	1bfeb3c59419accb0e4f9841aa6d77551585a6f0bdbe60d9918a261bdc643c2f	2099	upstream/mlkem-native/pkcheck-af4c5abd-source-snapshot/examples/bring_your_own_fips202_static/README.md
mlk_kem_check_pk_cleanroom/PKCHECK_00BC_01A_ADMISSION_20260730T013748Z/mlkem-native_af4c5abd_isolated/examples/bring_your_own_fips202_static/auto.mk	179af17d2e0a2442e9fe7b8a195af549dc0cf445de4a1ff9810818096293fffb	7211	upstream/mlkem-native/pkcheck-af4c5abd-source-snapshot/examples/bring_your_own_fips202_static/auto.mk
mlk_kem_check_pk_cleanroom/PKCHECK_00BC_01A_ADMISSION_20260730T013748Z/mlkem-native_af4c5abd_isolated/examples/bring_your_own_fips202_static/custom_fips202/README.md	021317637d005be7ee1beb07c346543940e770a63b7eb1bd3d6f80dcd2d66859	609	upstream/mlkem-native/pkcheck-af4c5abd-source-snapshot/examples/bring_your_own_fips202_static/custom_fips202/README.md
mlk_kem_check_pk_cleanroom/PKCHECK_00BC_01A_ADMISSION_20260730T013748Z/mlkem-native_af4c5abd_isolated/examples/bring_your_own_fips202_static/custom_fips202/fips202.h	6120d1577750df7aeecaf9f3d3fea662b3fa3e2ad977c7a01d1ec6d3e4550c12	5838	upstream/mlkem-native/pkcheck-af4c5abd-source-snapshot/examples/bring_your_own_fips202_static/custom_fips202/fips202.h
mlk_kem_check_pk_cleanroom/PKCHECK_00BC_01A_ADMISSION_20260730T013748Z/mlkem-native_af4c5abd_isolated/examples/bring_your_own_fips202_static/custom_fips202/tiny_sha3/LICENSE	c5ebc5c092628cbb9018d4b73d7330ffc84e3f44576c1bddcd884c3e5158a18c	1138	upstream/mlkem-native/pkcheck-af4c5abd-source-snapshot/examples/bring_your_own_fips202_static/custom_fips202/tiny_sha3/LICENSE
mlk_kem_check_pk_cleanroom/PKCHECK_00BC_01A_ADMISSION_20260730T013748Z/mlkem-native_af4c5abd_isolated/examples/bring_your_own_fips202_static/custom_fips202/tiny_sha3/README.md	300725b916d1fa1895f4b194d2ffa2ca0c8316111cc9dbea21678c82505a05b5	1796	upstream/mlkem-native/pkcheck-af4c5abd-source-snapshot/examples/bring_your_own_fips202_static/custom_fips202/tiny_sha3/README.md
mlk_kem_check_pk_cleanroom/PKCHECK_00BC_01A_ADMISSION_20260730T013748Z/mlkem-native_af4c5abd_isolated/examples/bring_your_own_fips202_static/custom_fips202/tiny_sha3/sha3.c	dce26ca356762c85fc1a3a529d488b00694a7c0a4c1cfc05cfdab76dd8c3377b	4731	upstream/mlkem-native/pkcheck-af4c5abd-source-snapshot/examples/bring_your_own_fips202_static/custom_fips202/tiny_sha3/sha3.c
mlk_kem_check_pk_cleanroom/PKCHECK_00BC_01A_ADMISSION_20260730T013748Z/mlkem-native_af4c5abd_isolated/examples/bring_your_own_fips202_static/custom_fips202/tiny_sha3/sha3.h	70b7c2edd20951dcd8bee44ae114567ac406083a28eb127afd2d57e8b16a2bd8	1248	upstream/mlkem-native/pkcheck-af4c5abd-source-snapshot/examples/bring_your_own_fips202_static/custom_fips202/tiny_sha3/sha3.h
mlk_kem_check_pk_cleanroom/PKCHECK_00BC_01A_ADMISSION_20260730T013748Z/mlkem-native_af4c5abd_isolated/examples/bring_your_own_fips202_static/main.c	94365d793e6e7b355eec2352846543c6e3801f49a68235a0a0193a77c160bef7	3457	upstream/mlkem-native/pkcheck-af4c5abd-source-snapshot/examples/bring_your_own_fips202_static/main.c
mlk_kem_check_pk_cleanroom/PKCHECK_00BC_01A_ADMISSION_20260730T013748Z/mlkem-native_af4c5abd_isolated/examples/bring_your_own_fips202_static/mlkem_native/mlkem_native.h	df582b5462c592df89f0f8764af073acaa968086dc61e6c2d5cd6b12ac43c1b1	19752	upstream/mlkem-native/pkcheck-af4c5abd-source-snapshot/examples/bring_your_own_fips202_static/mlkem_native/mlkem_native.h
mlk_kem_check_pk_cleanroom/PKCHECK_00BC_01A_ADMISSION_20260730T013748Z/mlkem-native_af4c5abd_isolated/examples/bring_your_own_fips202_static/mlkem_native/mlkem_native_config.h	f776797ffac9902e20a6ed258635d7e19128f12ba3bc40550a34e978b2c8ed48	22406	upstream/mlkem-native/pkcheck-af4c5abd-source-snapshot/examples/bring_your_own_fips202_static/mlkem_native/mlkem_native_config.h
mlk_kem_check_pk_cleanroom/PKCHECK_00BC_01A_ADMISSION_20260730T013748Z/mlkem-native_af4c5abd_isolated/examples/bring_your_own_fips202_static/mlkem_native/src/cbmc.h	12fe62f76060aa2cdd41de6170e0c787c516ae753ed32579c9c39b1af55130fb	7954	upstream/mlkem-native/pkcheck-af4c5abd-source-snapshot/examples/bring_your_own_fips202_static/mlkem_native/src/cbmc.h
mlk_kem_check_pk_cleanroom/PKCHECK_00BC_01A_ADMISSION_20260730T013748Z/mlkem-native_af4c5abd_isolated/examples/bring_your_own_fips202_static/mlkem_native/src/common.h	cc48998e9595ec4e59a3aa53d6be9e55ecccb3cdc047e661ccd94fa99955d675	9434	upstream/mlkem-native/pkcheck-af4c5abd-source-snapshot/examples/bring_your_own_fips202_static/mlkem_native/src/common.h
mlk_kem_check_pk_cleanroom/PKCHECK_00BC_01A_ADMISSION_20260730T013748Z/mlkem-native_af4c5abd_isolated/examples/bring_your_own_fips202_static/mlkem_native/src/compress.c	9201bea6ddd1d7622cc6496d2f745fee52397d203392f75a3d6e52a400de5bad	24427	upstream/mlkem-native/pkcheck-af4c5abd-source-snapshot/examples/bring_your_own_fips202_static/mlkem_native/src/compress.c
mlk_kem_check_pk_cleanroom/PKCHECK_00BC_01A_ADMISSION_20260730T013748Z/mlkem-native_af4c5abd_isolated/examples/bring_your_own_fips202_static/mlkem_native/src/compress.h	0f357a30e7ea37351854dc550e502e5a7eaf80184896bf92b40073175706e0dd	20187	upstream/mlkem-native/pkcheck-af4c5abd-source-snapshot/examples/bring_your_own_fips202_static/mlkem_native/src/compress.h
mlk_kem_check_pk_cleanroom/PKCHECK_00BC_01A_ADMISSION_20260730T013748Z/mlkem-native_af4c5abd_isolated/examples/bring_your_own_fips202_static/mlkem_native/src/context.h	9e4cdb00eac5a3d1553e64a02dcba66300302f17f1f0d4f3bba64b65c1f53a90	1834	upstream/mlkem-native/pkcheck-af4c5abd-source-snapshot/examples/bring_your_own_fips202_static/mlkem_native/src/context.h
mlk_kem_check_pk_cleanroom/PKCHECK_00BC_01A_ADMISSION_20260730T013748Z/mlkem-native_af4c5abd_isolated/examples/bring_your_own_fips202_static/mlkem_native/src/debug.c	263ac19f2b2bf5c784cbf04fd4c968762abedc6961d44f507c8953b52a38827e	1605	upstream/mlkem-native/pkcheck-af4c5abd-source-snapshot/examples/bring_your_own_fips202_static/mlkem_native/src/debug.c
mlk_kem_check_pk_cleanroom/PKCHECK_00BC_01A_ADMISSION_20260730T013748Z/mlkem-native_af4c5abd_isolated/examples/bring_your_own_fips202_static/mlkem_native/src/debug.h	d1fab329b439fc6dd9c4234f3fe053e74b000d416e0f4e4464542813667f3750	4740	upstream/mlkem-native/pkcheck-af4c5abd-source-snapshot/examples/bring_your_own_fips202_static/mlkem_native/src/debug.h
mlk_kem_check_pk_cleanroom/PKCHECK_00BC_01A_ADMISSION_20260730T013748Z/mlkem-native_af4c5abd_isolated/examples/bring_your_own_fips202_static/mlkem_native/src/indcpa.c	ffc9cd09fb9a5926c8540b52181b064e7ae46b3d117e10ca51ac0d0ca940f6bd	23665	upstream/mlkem-native/pkcheck-af4c5abd-source-snapshot/examples/bring_your_own_fips202_static/mlkem_native/src/indcpa.c
mlk_kem_check_pk_cleanroom/PKCHECK_00BC_01A_ADMISSION_20260730T013748Z/mlkem-native_af4c5abd_isolated/examples/bring_your_own_fips202_static/mlkem_native/src/indcpa.h	25537257adf04a0db9764a1034f0f7af0be25ec0a37c47faff81fb32ee93c5f1	6836	upstream/mlkem-native/pkcheck-af4c5abd-source-snapshot/examples/bring_your_own_fips202_static/mlkem_native/src/indcpa.h
mlk_kem_check_pk_cleanroom/PKCHECK_00BC_01A_ADMISSION_20260730T013748Z/mlkem-native_af4c5abd_isolated/examples/bring_your_own_fips202_static/mlkem_native/src/kem.c	b3de1f7602b10c6033eee8b235138190ed09df917ec9326c2b38ce1083c541ce	13814	upstream/mlkem-native/pkcheck-af4c5abd-source-snapshot/examples/bring_your_own_fips202_static/mlkem_native/src/kem.c
mlk_kem_check_pk_cleanroom/PKCHECK_00BC_01A_ADMISSION_20260730T013748Z/mlkem-native_af4c5abd_isolated/examples/bring_your_own_fips202_static/mlkem_native/src/kem.h	e239f5d705fca7729e7838e836aa2fab814ddc4ffbaf7eeb73a32242b15d960d	13133	upstream/mlkem-native/pkcheck-af4c5abd-source-snapshot/examples/bring_your_own_fips202_static/mlkem_native/src/kem.h
mlk_kem_check_pk_cleanroom/PKCHECK_00BC_01A_ADMISSION_20260730T013748Z/mlkem-native_af4c5abd_isolated/examples/bring_your_own_fips202_static/mlkem_native/src/native/aarch64/README.md	6ffcd01b440924698a857730185d07fc29f868de611db3555ccd00b2486a4b65	1211	upstream/mlkem-native/pkcheck-af4c5abd-source-snapshot/examples/bring_your_own_fips202_static/mlkem_native/src/native/aarch64/README.md
mlk_kem_check_pk_cleanroom/PKCHECK_00BC_01A_ADMISSION_20260730T013748Z/mlkem-native_af4c5abd_isolated/examples/bring_your_own_fips202_static/mlkem_native/src/native/aarch64/meta.h	2a83df86204cb9b3602a019619a26c24876b2921254caaae53080bff8889f7b2	4214	upstream/mlkem-native/pkcheck-af4c5abd-source-snapshot/examples/bring_your_own_fips202_static/mlkem_native/src/native/aarch64/meta.h
mlk_kem_check_pk_cleanroom/PKCHECK_00BC_01A_ADMISSION_20260730T013748Z/mlkem-native_af4c5abd_isolated/examples/bring_your_own_fips202_static/mlkem_native/src/native/aarch64/src/aarch64_zetas.c	f254d432c3ad7e9f05b462ccc7c280efeca13af963cd208d62a80c1cdb592517	11373	upstream/mlkem-native/pkcheck-af4c5abd-source-snapshot/examples/bring_your_own_fips202_static/mlkem_native/src/native/aarch64/src/aarch64_zetas.c
mlk_kem_check_pk_cleanroom/PKCHECK_00BC_01A_ADMISSION_20260730T013748Z/mlkem-native_af4c5abd_isolated/examples/bring_your_own_fips202_static/mlkem_native/src/native/aarch64/src/arith_native_aarch64.h	cf3f258e98e21d3db85b6a543677c592e1bdc0cb9e88df647cd85ccd46b71b15	8573	upstream/mlkem-native/pkcheck-af4c5abd-source-snapshot/examples/bring_your_own_fips202_static/mlkem_native/src/native/aarch64/src/arith_native_aarch64.h
mlk_kem_check_pk_cleanroom/PKCHECK_00BC_01A_ADMISSION_20260730T013748Z/mlkem-native_af4c5abd_isolated/examples/bring_your_own_fips202_static/mlkem_native/src/native/aarch64/src/intt_aarch64_asm.S	30a3679a885c5c6e6d7312b57ad5a55e8f666495e4f5526b5d400a903ebb6cec	21082	upstream/mlkem-native/pkcheck-af4c5abd-source-snapshot/examples/bring_your_own_fips202_static/mlkem_native/src/native/aarch64/src/intt_aarch64_asm.S
mlk_kem_check_pk_cleanroom/PKCHECK_00BC_01A_ADMISSION_20260730T013748Z/mlkem-native_af4c5abd_isolated/examples/bring_your_own_fips202_static/mlkem_native/src/native/aarch64/src/ntt_aarch64_asm.S	dee8b0da4ca812cf3e06ab1180ba5325fe5f2f59dc175be0a85f16bca795e52c	18678	upstream/mlkem-native/pkcheck-af4c5abd-source-snapshot/examples/bring_your_own_fips202_static/mlkem_native/src/native/aarch64/src/ntt_aarch64_asm.S
mlk_kem_check_pk_cleanroom/PKCHECK_00BC_01A_ADMISSION_20260730T013748Z/mlkem-native_af4c5abd_isolated/examples/bring_your_own_fips202_static/mlkem_native/src/native/aarch64/src/poly_mulcache_compute_aarch64_asm.S	ffd3430b4126b3eca17189c362a08999140f4ebf0f04afd01342ec5a05e811ed	3866	upstream/mlkem-native/pkcheck-af4c5abd-source-snapshot/examples/bring_your_own_fips202_static/mlkem_native/src/native/aarch64/src/poly_mulcache_compute_aarch64_asm.S
mlk_kem_check_pk_cleanroom/PKCHECK_00BC_01A_ADMISSION_20260730T013748Z/mlkem-native_af4c5abd_isolated/examples/bring_your_own_fips202_static/mlkem_native/src/native/aarch64/src/poly_reduce_aarch64_asm.S	1b7d61373aa19548a87de892bfcfda9702295393002ba88eeb3be3d35ec700ab	4752	upstream/mlkem-native/pkcheck-af4c5abd-source-snapshot/examples/bring_your_own_fips202_static/mlkem_native/src/native/aarch64/src/poly_reduce_aarch64_asm.S
mlk_kem_check_pk_cleanroom/PKCHECK_00BC_01A_ADMISSION_20260730T013748Z/mlkem-native_af4c5abd_isolated/examples/bring_your_own_fips202_static/mlkem_native/src/native/aarch64/src/poly_tobytes_aarch64_asm.S	925af2035e63f5c8866cd83361ad666e4d442a666aef485eba2790d0d2f613b5	3489	upstream/mlkem-native/pkcheck-af4c5abd-source-snapshot/examples/bring_your_own_fips202_static/mlkem_native/src/native/aarch64/src/poly_tobytes_aarch64_asm.S
mlk_kem_check_pk_cleanroom/PKCHECK_00BC_01A_ADMISSION_20260730T013748Z/mlkem-native_af4c5abd_isolated/examples/bring_your_own_fips202_static/mlkem_native/src/native/aarch64/src/poly_tomont_aarch64_asm.S	928fbd8b2666d5b6eec6284211742ba96ce70bc8061b0e93557e5ecee73ad3b9	2862	upstream/mlkem-native/pkcheck-af4c5abd-source-snapshot/examples/bring_your_own_fips202_static/mlkem_native/src/native/aarch64/src/poly_tomont_aarch64_asm.S
mlk_kem_check_pk_cleanroom/PKCHECK_00BC_01A_ADMISSION_20260730T013748Z/mlkem-native_af4c5abd_isolated/examples/bring_your_own_fips202_static/mlkem_native/src/native/aarch64/src/polyvec_basemul_acc_montgomery_cached_k2_aarch64_asm.S	458b153b637e49f93ccee39f6c12c379d4fd982125eceb68e01307d277662b70	8656	upstream/mlkem-native/pkcheck-af4c5abd-source-snapshot/examples/bring_your_own_fips202_static/mlkem_native/src/native/aarch64/src/polyvec_basemul_acc_montgomery_cached_k2_aarch64_asm.S
mlk_kem_check_pk_cleanroom/PKCHECK_00BC_01A_ADMISSION_20260730T013748Z/mlkem-native_af4c5abd_isolated/examples/bring_your_own_fips202_static/mlkem_native/src/native/aarch64/src/polyvec_basemul_acc_montgomery_cached_k3_aarch64_asm.S	f4fcc1351d09a503dd8b73e9b0b18b4ffe49cc01fbb3611e204c06a621798c95	10500	upstream/mlkem-native/pkcheck-af4c5abd-source-snapshot/examples/bring_your_own_fips202_static/mlkem_native/src/native/aarch64/src/polyvec_basemul_acc_montgomery_cached_k3_aarch64_asm.S
mlk_kem_check_pk_cleanroom/PKCHECK_00BC_01A_ADMISSION_20260730T013748Z/mlkem-native_af4c5abd_isolated/examples/bring_your_own_fips202_static/mlkem_native/src/native/aarch64/src/polyvec_basemul_acc_montgomery_cached_k4_aarch64_asm.S	a17756f307c353f9aa2ab6fc3b00717609426468c6e1fe7707b8d461b0c18855	12351	upstream/mlkem-native/pkcheck-af4c5abd-source-snapshot/examples/bring_your_own_fips202_static/mlkem_native/src/native/aarch64/src/polyvec_basemul_acc_montgomery_cached_k4_aarch64_asm.S
mlk_kem_check_pk_cleanroom/PKCHECK_00BC_01A_ADMISSION_20260730T013748Z/mlkem-native_af4c5abd_isolated/examples/bring_your_own_fips202_static/mlkem_native/src/native/aarch64/src/rej_uniform_aarch64_asm.S	a659079e5298fc99c408ccada099770832281b37fd7e5959e8908299a440ce05	6535	upstream/mlkem-native/pkcheck-af4c5abd-source-snapshot/examples/bring_your_own_fips202_static/mlkem_native/src/native/aarch64/src/rej_uniform_aarch64_asm.S
mlk_kem_check_pk_cleanroom/PKCHECK_00BC_01A_ADMISSION_20260730T013748Z/mlkem-native_af4c5abd_isolated/examples/bring_your_own_fips202_static/mlkem_native/src/native/aarch64/src/rej_uniform_table.c	0f4e7024475acf7cc84adc8c013356fd650e312b9ea8855da32fa1531f4af7f7	27620	upstream/mlkem-native/pkcheck-af4c5abd-source-snapshot/examples/bring_your_own_fips202_static/mlkem_native/src/native/aarch64/src/rej_uniform_table.c
mlk_kem_check_pk_cleanroom/PKCHECK_00BC_01A_ADMISSION_20260730T013748Z/mlkem-native_af4c5abd_isolated/examples/bring_your_own_fips202_static/mlkem_native/src/native/api.h	651e2401c7b63e97442f08d3f6ea422fd425ec85ca47dcfdd02d9f5fa78e5ae9	28338	upstream/mlkem-native/pkcheck-af4c5abd-source-snapshot/examples/bring_your_own_fips202_static/mlkem_native/src/native/api.h
mlk_kem_check_pk_cleanroom/PKCHECK_00BC_01A_ADMISSION_20260730T013748Z/mlkem-native_af4c5abd_isolated/examples/bring_your_own_fips202_static/mlkem_native/src/native/meta.h	eb30d087373d9f809ef8bcbf5396e68e79f0b210efd9436c47f9c5dd2b07a089	604	upstream/mlkem-native/pkcheck-af4c5abd-source-snapshot/examples/bring_your_own_fips202_static/mlkem_native/src/native/meta.h
mlk_kem_check_pk_cleanroom/PKCHECK_00BC_01A_ADMISSION_20260730T013748Z/mlkem-native_af4c5abd_isolated/examples/bring_your_own_fips202_static/mlkem_native/src/native/ppc64le/README.md	c4ad2278ef016d2816b8d1049b73fd42e5a0f4acc3dd4dba3c969a94d80a2034	226	upstream/mlkem-native/pkcheck-af4c5abd-source-snapshot/examples/bring_your_own_fips202_static/mlkem_native/src/native/ppc64le/README.md
mlk_kem_check_pk_cleanroom/PKCHECK_00BC_01A_ADMISSION_20260730T013748Z/mlkem-native_af4c5abd_isolated/examples/bring_your_own_fips202_static/mlkem_native/src/native/ppc64le/meta.h	ca485705ed13888726c8ddd568be32612c4e118aeaf01e4e2642e17ac138dd78	1858	upstream/mlkem-native/pkcheck-af4c5abd-source-snapshot/examples/bring_your_own_fips202_static/mlkem_native/src/native/ppc64le/meta.h
mlk_kem_check_pk_cleanroom/PKCHECK_00BC_01A_ADMISSION_20260730T013748Z/mlkem-native_af4c5abd_isolated/examples/bring_your_own_fips202_static/mlkem_native/src/native/ppc64le/src/arith_native_ppc64le.h	7db7bf729b7de84356645c4090739e6e20aa40543b788e6d1e68e4b794a6c276	794	upstream/mlkem-native/pkcheck-af4c5abd-source-snapshot/examples/bring_your_own_fips202_static/mlkem_native/src/native/ppc64le/src/arith_native_ppc64le.h
mlk_kem_check_pk_cleanroom/PKCHECK_00BC_01A_ADMISSION_20260730T013748Z/mlkem-native_af4c5abd_isolated/examples/bring_your_own_fips202_static/mlkem_native/src/native/ppc64le/src/consts.c	f651fcd8d1c53f645cb9ef4a17a86575c787fa0e9cdf3b31c10417f20bcbfe98	15486	upstream/mlkem-native/pkcheck-af4c5abd-source-snapshot/examples/bring_your_own_fips202_static/mlkem_native/src/native/ppc64le/src/consts.c
mlk_kem_check_pk_cleanroom/PKCHECK_00BC_01A_ADMISSION_20260730T013748Z/mlkem-native_af4c5abd_isolated/examples/bring_your_own_fips202_static/mlkem_native/src/native/ppc64le/src/consts.h	6da9424313bb9fbb1c0f366df9c058e6464023732c09185be5f829791b6cf12e	985	upstream/mlkem-native/pkcheck-af4c5abd-source-snapshot/examples/bring_your_own_fips202_static/mlkem_native/src/native/ppc64le/src/consts.h
mlk_kem_check_pk_cleanroom/PKCHECK_00BC_01A_ADMISSION_20260730T013748Z/mlkem-native_af4c5abd_isolated/examples/bring_your_own_fips202_static/mlkem_native/src/native/ppc64le/src/intt_ppc_asm.S	c3c2222b1a47112df089e93ffabd4fd019744d0be6ea5a9c3d15eadd637bab37	83617	upstream/mlkem-native/pkcheck-af4c5abd-source-snapshot/examples/bring_your_own_fips202_static/mlkem_native/src/native/ppc64le/src/intt_ppc_asm.S
mlk_kem_check_pk_cleanroom/PKCHECK_00BC_01A_ADMISSION_20260730T013748Z/mlkem-native_af4c5abd_isolated/examples/bring_your_own_fips202_static/mlkem_native/src/native/ppc64le/src/ntt_ppc_asm.S	3fad90c5bcc5a809ef822e9eaf145b62a95ca28f0b1cde29c64c3f392e5dd562	43672	upstream/mlkem-native/pkcheck-af4c5abd-source-snapshot/examples/bring_your_own_fips202_static/mlkem_native/src/native/ppc64le/src/ntt_ppc_asm.S
mlk_kem_check_pk_cleanroom/PKCHECK_00BC_01A_ADMISSION_20260730T013748Z/mlkem-native_af4c5abd_isolated/examples/bring_your_own_fips202_static/mlkem_native/src/native/ppc64le/src/poly_tomont_ppc_asm.S	272e46991f5f22f5e92dbfddc54f7ac8622b2162a1b6e3b984cb5acca835166c	8241	upstream/mlkem-native/pkcheck-af4c5abd-source-snapshot/examples/bring_your_own_fips202_static/mlkem_native/src/native/ppc64le/src/poly_tomont_ppc_asm.S
mlk_kem_check_pk_cleanroom/PKCHECK_00BC_01A_ADMISSION_20260730T013748Z/mlkem-native_af4c5abd_isolated/examples/bring_your_own_fips202_static/mlkem_native/src/native/ppc64le/src/reduce_ppc_asm.S	5ed62d46877909cea8e01daad1715f6684ff9d779226c98d2d47b5688f629932	18506	upstream/mlkem-native/pkcheck-af4c5abd-source-snapshot/examples/bring_your_own_fips202_static/mlkem_native/src/native/ppc64le/src/reduce_ppc_asm.S
mlk_kem_check_pk_cleanroom/PKCHECK_00BC_01A_ADMISSION_20260730T013748Z/mlkem-native_af4c5abd_isolated/examples/bring_your_own_fips202_static/mlkem_native/src/native/riscv64/README.md	cc8a354ecbf09f5e490b643440a52d6a33118e04191e3ab8c6754e49aa03ed1b	495	upstream/mlkem-native/pkcheck-af4c5abd-source-snapshot/examples/bring_your_own_fips202_static/mlkem_native/src/native/riscv64/README.md
mlk_kem_check_pk_cleanroom/PKCHECK_00BC_01A_ADMISSION_20260730T013748Z/mlkem-native_af4c5abd_isolated/examples/bring_your_own_fips202_static/mlkem_native/src/native/riscv64/meta.h	f589ac7e4847a3cfcaee07f8737290c6d57a1022118d1fc883363fa84eca2b93	4008	upstream/mlkem-native/pkcheck-af4c5abd-source-snapshot/examples/bring_your_own_fips202_static/mlkem_native/src/native/riscv64/meta.h
mlk_kem_check_pk_cleanroom/PKCHECK_00BC_01A_ADMISSION_20260730T013748Z/mlkem-native_af4c5abd_isolated/examples/bring_your_own_fips202_static/mlkem_native/src/native/riscv64/src/arith_native_riscv64.h	d66aaf515aaff3da763ab7f636812e7444501f85d8441c4d1acb23fa4820de5e	1849	upstream/mlkem-native/pkcheck-af4c5abd-source-snapshot/examples/bring_your_own_fips202_static/mlkem_native/src/native/riscv64/src/arith_native_riscv64.h
mlk_kem_check_pk_cleanroom/PKCHECK_00BC_01A_ADMISSION_20260730T013748Z/mlkem-native_af4c5abd_isolated/examples/bring_your_own_fips202_static/mlkem_native/src/native/riscv64/src/rv64v_debug.c	43855e347be504e3489133e6349cdef8e903646c06d08718ce4addf84e8e79c8	3133	upstream/mlkem-native/pkcheck-af4c5abd-source-snapshot/examples/bring_your_own_fips202_static/mlkem_native/src/native/riscv64/src/rv64v_debug.c
mlk_kem_check_pk_cleanroom/PKCHECK_00BC_01A_ADMISSION_20260730T013748Z/mlkem-native_af4c5abd_isolated/examples/bring_your_own_fips202_static/mlkem_native/src/native/riscv64/src/rv64v_debug.h	213b1c5efc36ae5f94ed20a4cda43b9e905819283418b6cfac23e8ba5b449452	5860	upstream/mlkem-native/pkcheck-af4c5abd-source-snapshot/examples/bring_your_own_fips202_static/mlkem_native/src/native/riscv64/src/rv64v_debug.h
mlk_kem_check_pk_cleanroom/PKCHECK_00BC_01A_ADMISSION_20260730T013748Z/mlkem-native_af4c5abd_isolated/examples/bring_your_own_fips202_static/mlkem_native/src/native/riscv64/src/rv64v_izetas.inc	d29ca53fe5a70fcc2dcb3227bff3d92c37e0c35f14f995635026effc7f612422	1256	upstream/mlkem-native/pkcheck-af4c5abd-source-snapshot/examples/bring_your_own_fips202_static/mlkem_native/src/native/riscv64/src/rv64v_izetas.inc
mlk_kem_check_pk_cleanroom/PKCHECK_00BC_01A_ADMISSION_20260730T013748Z/mlkem-native_af4c5abd_isolated/examples/bring_your_own_fips202_static/mlkem_native/src/native/riscv64/src/rv64v_poly.c	6f5bc47ccc4b2d357d5aabffed4ae58ee5927415ce14a35169e2e96830c2e1d0	28791	upstream/mlkem-native/pkcheck-af4c5abd-source-snapshot/examples/bring_your_own_fips202_static/mlkem_native/src/native/riscv64/src/rv64v_poly.c
mlk_kem_check_pk_cleanroom/PKCHECK_00BC_01A_ADMISSION_20260730T013748Z/mlkem-native_af4c5abd_isolated/examples/bring_your_own_fips202_static/mlkem_native/src/native/riscv64/src/rv64v_zetas.inc	34ceb2ecb5cdc4f03b830029a31b06ba44efa6bc0e8e615d45277765c57388e4	1256	upstream/mlkem-native/pkcheck-af4c5abd-source-snapshot/examples/bring_your_own_fips202_static/mlkem_native/src/native/riscv64/src/rv64v_zetas.inc
mlk_kem_check_pk_cleanroom/PKCHECK_00BC_01A_ADMISSION_20260730T013748Z/mlkem-native_af4c5abd_isolated/examples/bring_your_own_fips202_static/mlkem_native/src/native/riscv64/src/rv64v_zetas_basemul.inc	093d13133e258b9c362e2db0fea19b1d201877a9e1e7e014174a693d9862f5df	2203	upstream/mlkem-native/pkcheck-af4c5abd-source-snapshot/examples/bring_your_own_fips202_static/mlkem_native/src/native/riscv64/src/rv64v_zetas_basemul.inc
mlk_kem_check_pk_cleanroom/PKCHECK_00BC_01A_ADMISSION_20260730T013748Z/mlkem-native_af4c5abd_isolated/examples/bring_your_own_fips202_static/mlkem_native/src/native/x86_64/README.md	59963fb54af67d45463616ac56c579f113ce5193dd74aa694c9dada7e997c214	237	upstream/mlkem-native/pkcheck-af4c5abd-source-snapshot/examples/bring_your_own_fips202_static/mlkem_native/src/native/x86_64/README.md
mlk_kem_check_pk_cleanroom/PKCHECK_00BC_01A_ADMISSION_20260730T013748Z/mlkem-native_af4c5abd_isolated/examples/bring_your_own_fips202_static/mlkem_native/src/native/x86_64/meta.h	5610fedff3fdc502ba971824ed300f0ad49c7d60ae3ad707c90fa1d815d652a3	8775	upstream/mlkem-native/pkcheck-af4c5abd-source-snapshot/examples/bring_your_own_fips202_static/mlkem_native/src/native/x86_64/meta.h
mlk_kem_check_pk_cleanroom/PKCHECK_00BC_01A_ADMISSION_20260730T013748Z/mlkem-native_af4c5abd_isolated/examples/bring_your_own_fips202_static/mlkem_native/src/native/x86_64/src/arith_native_x86_64.h	ae77631908fc59e4c6fad80d861fbadf920212631394319a04c18bfe14c91764	13552	upstream/mlkem-native/pkcheck-af4c5abd-source-snapshot/examples/bring_your_own_fips202_static/mlkem_native/src/native/x86_64/src/arith_native_x86_64.h
mlk_kem_check_pk_cleanroom/PKCHECK_00BC_01A_ADMISSION_20260730T013748Z/mlkem-native_af4c5abd_isolated/examples/bring_your_own_fips202_static/mlkem_native/src/native/x86_64/src/compress_consts.c	562965e31635041e2133ccc7602b6185bdce5472541f3b54ac72795fb6bc98f2	4105	upstream/mlkem-native/pkcheck-af4c5abd-source-snapshot/examples/bring_your_own_fips202_static/mlkem_native/src/native/x86_64/src/compress_consts.c
mlk_kem_check_pk_cleanroom/PKCHECK_00BC_01A_ADMISSION_20260730T013748Z/mlkem-native_af4c5abd_isolated/examples/bring_your_own_fips202_static/mlkem_native/src/native/x86_64/src/compress_consts.h	2748f5adee7f2a50008ba934459533e183b1cebe581eedcb85ece373516bd915	1589	upstream/mlkem-native/pkcheck-af4c5abd-source-snapshot/examples/bring_your_own_fips202_static/mlkem_native/src/native/x86_64/src/compress_consts.h
mlk_kem_check_pk_cleanroom/PKCHECK_00BC_01A_ADMISSION_20260730T013748Z/mlkem-native_af4c5abd_isolated/examples/bring_your_own_fips202_static/mlkem_native/src/native/x86_64/src/consts.c	92b37dd2361425c2816f624a982b64bbb4b4a7563f02604470c7541a83acf435	5940	upstream/mlkem-native/pkcheck-af4c5abd-source-snapshot/examples/bring_your_own_fips202_static/mlkem_native/src/native/x86_64/src/consts.c
mlk_kem_check_pk_cleanroom/PKCHECK_00BC_01A_ADMISSION_20260730T013748Z/mlkem-native_af4c5abd_isolated/examples/bring_your_own_fips202_static/mlkem_native/src/native/x86_64/src/consts.h	f0046a67ebd4195f6180b179c0fe329c1bbfddc37203825a5ebf0dffa7991e15	749	upstream/mlkem-native/pkcheck-af4c5abd-source-snapshot/examples/bring_your_own_fips202_static/mlkem_native/src/native/x86_64/src/consts.h
mlk_kem_check_pk_cleanroom/PKCHECK_00BC_01A_ADMISSION_20260730T013748Z/mlkem-native_af4c5abd_isolated/examples/bring_your_own_fips202_static/mlkem_native/src/native/x86_64/src/intt_avx2_asm.S	a8a8bc6b50f98ead9e20bfb55ac11114c0515f0225ec68a8a9f370443a38b5ce	32189	upstream/mlkem-native/pkcheck-af4c5abd-source-snapshot/examples/bring_your_own_fips202_static/mlkem_native/src/native/x86_64/src/intt_avx2_asm.S
mlk_kem_check_pk_cleanroom/PKCHECK_00BC_01A_ADMISSION_20260730T013748Z/mlkem-native_af4c5abd_isolated/examples/bring_your_own_fips202_static/mlkem_native/src/native/x86_64/src/ntt_avx2_asm.S	70416a0ad9998fc2f3f0d662f1b4d692f234cadc83ac3ba81ca501c3d636d26c	28634	upstream/mlkem-native/pkcheck-af4c5abd-source-snapshot/examples/bring_your_own_fips202_static/mlkem_native/src/native/x86_64/src/ntt_avx2_asm.S
mlk_kem_check_pk_cleanroom/PKCHECK_00BC_01A_ADMISSION_20260730T013748Z/mlkem-native_af4c5abd_isolated/examples/bring_your_own_fips202_static/mlkem_native/src/native/x86_64/src/nttfrombytes_avx2_asm.S	001af6a58e96327ecf42bacec9f0f2868637443831de53bff36253fbd5f18e0a	10915	upstream/mlkem-native/pkcheck-af4c5abd-source-snapshot/examples/bring_your_own_fips202_static/mlkem_native/src/native/x86_64/src/nttfrombytes_avx2_asm.S
mlk_kem_check_pk_cleanroom/PKCHECK_00BC_01A_ADMISSION_20260730T013748Z/mlkem-native_af4c5abd_isolated/examples/bring_your_own_fips202_static/mlkem_native/src/native/x86_64/src/ntttobytes_avx2_asm.S	d2ad03151e8671da73900559e1f22b61327209dcd748a2dbc1209a494439c7db	10409	upstream/mlkem-native/pkcheck-af4c5abd-source-snapshot/examples/bring_your_own_fips202_static/mlkem_native/src/native/x86_64/src/ntttobytes_avx2_asm.S
mlk_kem_check_pk_cleanroom/PKCHECK_00BC_01A_ADMISSION_20260730T013748Z/mlkem-native_af4c5abd_isolated/examples/bring_your_own_fips202_static/mlkem_native/src/native/x86_64/src/nttunpack_avx2_asm.S	01af3a79b639f0c1edfd4311bfe986d78112ede758a277b88d6707a8ac0203e1	11482	upstream/mlkem-native/pkcheck-af4c5abd-source-snapshot/examples/bring_your_own_fips202_static/mlkem_native/src/native/x86_64/src/nttunpack_avx2_asm.S
mlk_kem_check_pk_cleanroom/PKCHECK_00BC_01A_ADMISSION_20260730T013748Z/mlkem-native_af4c5abd_isolated/examples/bring_your_own_fips202_static/mlkem_native/src/native/x86_64/src/poly_compress_d10_avx2_asm.S	459855f032dc08dd6112f535601f8b510692bafb7c7431e3a6018c84ee483d36	14850	upstream/mlkem-native/pkcheck-af4c5abd-source-snapshot/examples/bring_your_own_fips202_static/mlkem_native/src/native/x86_64/src/poly_compress_d10_avx2_asm.S
mlk_kem_check_pk_cleanroom/PKCHECK_00BC_01A_ADMISSION_20260730T013748Z/mlkem-native_af4c5abd_isolated/examples/bring_your_own_fips202_static/mlkem_native/src/native/x86_64/src/poly_compress_d11_avx2_asm.S	2b392cb520706e848f3a417d417c08165044f9066c9dd1ded8f292280e513440	19359	upstream/mlkem-native/pkcheck-af4c5abd-source-snapshot/examples/bring_your_own_fips202_static/mlkem_native/src/native/x86_64/src/poly_compress_d11_avx2_asm.S
mlk_kem_check_pk_cleanroom/PKCHECK_00BC_01A_ADMISSION_20260730T013748Z/mlkem-native_af4c5abd_isolated/examples/bring_your_own_fips202_static/mlkem_native/src/native/x86_64/src/poly_compress_d4_avx2_asm.S	166f9d829d9f1f40e1b066de49c4c181aa1db1fbcda88f3131cb0e62d4be984d	6384	upstream/mlkem-native/pkcheck-af4c5abd-source-snapshot/examples/bring_your_own_fips202_static/mlkem_native/src/native/x86_64/src/poly_compress_d4_avx2_asm.S
mlk_kem_check_pk_cleanroom/PKCHECK_00BC_01A_ADMISSION_20260730T013748Z/mlkem-native_af4c5abd_isolated/examples/bring_your_own_fips202_static/mlkem_native/src/native/x86_64/src/poly_compress_d5_avx2_asm.S	435aaeb0eabccaf585079a6051301a0847f5e6da4236e8b20fce65ddd3b8a49d	8480	upstream/mlkem-native/pkcheck-af4c5abd-source-snapshot/examples/bring_your_own_fips202_static/mlkem_native/src/native/x86_64/src/poly_compress_d5_avx2_asm.S
mlk_kem_check_pk_cleanroom/PKCHECK_00BC_01A_ADMISSION_20260730T013748Z/mlkem-native_af4c5abd_isolated/examples/bring_your_own_fips202_static/mlkem_native/src/native/x86_64/src/poly_decompress_d10_avx2_asm.S	d7f625f1488f40ed5db555f3d4fa772a12c17b1b29e2922a539691184179d494	9138	upstream/mlkem-native/pkcheck-af4c5abd-source-snapshot/examples/bring_your_own_fips202_static/mlkem_native/src/native/x86_64/src/poly_decompress_d10_avx2_asm.S
mlk_kem_check_pk_cleanroom/PKCHECK_00BC_01A_ADMISSION_20260730T013748Z/mlkem-native_af4c5abd_isolated/examples/bring_your_own_fips202_static/mlkem_native/src/native/x86_64/src/poly_decompress_d11_avx2_asm.S	45190c13cd3079b8bac79f8c6321be6786cb383ae3ebeef05f7fc79018701ad1	11155	upstream/mlkem-native/pkcheck-af4c5abd-source-snapshot/examples/bring_your_own_fips202_static/mlkem_native/src/native/x86_64/src/poly_decompress_d11_avx2_asm.S
mlk_kem_check_pk_cleanroom/PKCHECK_00BC_01A_ADMISSION_20260730T013748Z/mlkem-native_af4c5abd_isolated/examples/bring_your_own_fips202_static/mlkem_native/src/native/x86_64/src/poly_decompress_d4_avx2_asm.S	21f854e623079f1d100e757056e92ac0e7541634ba0bc933e1f46a479f18f42f	7067	upstream/mlkem-native/pkcheck-af4c5abd-source-snapshot/examples/bring_your_own_fips202_static/mlkem_native/src/native/x86_64/src/poly_decompress_d4_avx2_asm.S
mlk_kem_check_pk_cleanroom/PKCHECK_00BC_01A_ADMISSION_20260730T013748Z/mlkem-native_af4c5abd_isolated/examples/bring_your_own_fips202_static/mlkem_native/src/native/x86_64/src/poly_decompress_d5_avx2_asm.S	33030255964bffb490c486c67955b87deadaa7e0c785a672d5b00ac927c715ca	7687	upstream/mlkem-native/pkcheck-af4c5abd-source-snapshot/examples/bring_your_own_fips202_static/mlkem_native/src/native/x86_64/src/poly_decompress_d5_avx2_asm.S
mlk_kem_check_pk_cleanroom/PKCHECK_00BC_01A_ADMISSION_20260730T013748Z/mlkem-native_af4c5abd_isolated/examples/bring_your_own_fips202_static/mlkem_native/src/native/x86_64/src/poly_mulcache_compute_avx2_asm.S	1e2f765339130173959a59d3e0bd401613141f3f9ffbbf73097935254fcc8601	3698	upstream/mlkem-native/pkcheck-af4c5abd-source-snapshot/examples/bring_your_own_fips202_static/mlkem_native/src/native/x86_64/src/poly_mulcache_compute_avx2_asm.S
mlk_kem_check_pk_cleanroom/PKCHECK_00BC_01A_ADMISSION_20260730T013748Z/mlkem-native_af4c5abd_isolated/examples/bring_your_own_fips202_static/mlkem_native/src/native/x86_64/src/polyvec_basemul_acc_montgomery_cached_k2_avx2_asm.S	c7503836f6acb3e595d9a028d34dcd6b8b981687e299fff7ab33c543458745f9	19019	upstream/mlkem-native/pkcheck-af4c5abd-source-snapshot/examples/bring_your_own_fips202_static/mlkem_native/src/native/x86_64/src/polyvec_basemul_acc_montgomery_cached_k2_avx2_asm.S
mlk_kem_check_pk_cleanroom/PKCHECK_00BC_01A_ADMISSION_20260730T013748Z/mlkem-native_af4c5abd_isolated/examples/bring_your_own_fips202_static/mlkem_native/src/native/x86_64/src/polyvec_basemul_acc_montgomery_cached_k3_avx2_asm.S	4b7c254cfce65a8a2af80f8c82022e2ea3cf4af589ea143ff32feff649dc0d8c	27963	upstream/mlkem-native/pkcheck-af4c5abd-source-snapshot/examples/bring_your_own_fips202_static/mlkem_native/src/native/x86_64/src/polyvec_basemul_acc_montgomery_cached_k3_avx2_asm.S
mlk_kem_check_pk_cleanroom/PKCHECK_00BC_01A_ADMISSION_20260730T013748Z/mlkem-native_af4c5abd_isolated/examples/bring_your_own_fips202_static/mlkem_native/src/native/x86_64/src/polyvec_basemul_acc_montgomery_cached_k4_avx2_asm.S	07ad9aef4253ed87ee1fe3a47fa5bdd2ec13d3a0c7020e57fa6570090c251815	36908	upstream/mlkem-native/pkcheck-af4c5abd-source-snapshot/examples/bring_your_own_fips202_static/mlkem_native/src/native/x86_64/src/polyvec_basemul_acc_montgomery_cached_k4_avx2_asm.S
mlk_kem_check_pk_cleanroom/PKCHECK_00BC_01A_ADMISSION_20260730T013748Z/mlkem-native_af4c5abd_isolated/examples/bring_your_own_fips202_static/mlkem_native/src/native/x86_64/src/reduce_avx2_asm.S	d0812932f720ea634a8ffb4f0923f8b388256b2081e5944e0d0f65a7829081c8	7642	upstream/mlkem-native/pkcheck-af4c5abd-source-snapshot/examples/bring_your_own_fips202_static/mlkem_native/src/native/x86_64/src/reduce_avx2_asm.S
mlk_kem_check_pk_cleanroom/PKCHECK_00BC_01A_ADMISSION_20260730T013748Z/mlkem-native_af4c5abd_isolated/examples/bring_your_own_fips202_static/mlkem_native/src/native/x86_64/src/rej_uniform_avx2_asm.S	97eef83984599d8933158e080d8822f2b925d0cf5a64b51c568d2dbe59097cb3	4360	upstream/mlkem-native/pkcheck-af4c5abd-source-snapshot/examples/bring_your_own_fips202_static/mlkem_native/src/native/x86_64/src/rej_uniform_avx2_asm.S
mlk_kem_check_pk_cleanroom/PKCHECK_00BC_01A_ADMISSION_20260730T013748Z/mlkem-native_af4c5abd_isolated/examples/bring_your_own_fips202_static/mlkem_native/src/native/x86_64/src/rej_uniform_table.c	be662d58c00fdfc8dfa14bdaf580f7af0c21ffb3211eba5e6a89654ab34afa22	27658	upstream/mlkem-native/pkcheck-af4c5abd-source-snapshot/examples/bring_your_own_fips202_static/mlkem_native/src/native/x86_64/src/rej_uniform_table.c
mlk_kem_check_pk_cleanroom/PKCHECK_00BC_01A_ADMISSION_20260730T013748Z/mlkem-native_af4c5abd_isolated/examples/bring_your_own_fips202_static/mlkem_native/src/native/x86_64/src/tomont_avx2_asm.S	9bf8187fceae7fbfdcb5e35d9222707066b7e5b6d1079cda46eca078ac813864	5475	upstream/mlkem-native/pkcheck-af4c5abd-source-snapshot/examples/bring_your_own_fips202_static/mlkem_native/src/native/x86_64/src/tomont_avx2_asm.S
mlk_kem_check_pk_cleanroom/PKCHECK_00BC_01A_ADMISSION_20260730T013748Z/mlkem-native_af4c5abd_isolated/examples/bring_your_own_fips202_static/mlkem_native/src/params.h	450fe3e0e50496921920473ae4321660f178c23d51f1453f3c537ee63c4158cb	2566	upstream/mlkem-native/pkcheck-af4c5abd-source-snapshot/examples/bring_your_own_fips202_static/mlkem_native/src/params.h
mlk_kem_check_pk_cleanroom/PKCHECK_00BC_01A_ADMISSION_20260730T013748Z/mlkem-native_af4c5abd_isolated/examples/bring_your_own_fips202_static/mlkem_native/src/poly.c	f427dda46e29d53d3e33d683c9a8483bade3568eff43fb97b868a21bfd07c722	18569	upstream/mlkem-native/pkcheck-af4c5abd-source-snapshot/examples/bring_your_own_fips202_static/mlkem_native/src/poly.c
mlk_kem_check_pk_cleanroom/PKCHECK_00BC_01A_ADMISSION_20260730T013748Z/mlkem-native_af4c5abd_isolated/examples/bring_your_own_fips202_static/mlkem_native/src/poly.h	f24f980110953c1d361e04137e13e2f85f76db776903f85c98f24900e85f7aef	10117	upstream/mlkem-native/pkcheck-af4c5abd-source-snapshot/examples/bring_your_own_fips202_static/mlkem_native/src/poly.h
mlk_kem_check_pk_cleanroom/PKCHECK_00BC_01A_ADMISSION_20260730T013748Z/mlkem-native_af4c5abd_isolated/examples/bring_your_own_fips202_static/mlkem_native/src/poly_k.c	7dea24a0591b0fb033f7a8be214d687fbde11541c274a114ac3067af12b87c32	17662	upstream/mlkem-native/pkcheck-af4c5abd-source-snapshot/examples/bring_your_own_fips202_static/mlkem_native/src/poly_k.c
mlk_kem_check_pk_cleanroom/PKCHECK_00BC_01A_ADMISSION_20260730T013748Z/mlkem-native_af4c5abd_isolated/examples/bring_your_own_fips202_static/mlkem_native/src/poly_k.h	09bdfd4a19a9cb495832a78d0f099a6c949c40014472b33fb54d66bb56e660e0	22592	upstream/mlkem-native/pkcheck-af4c5abd-source-snapshot/examples/bring_your_own_fips202_static/mlkem_native/src/poly_k.h
mlk_kem_check_pk_cleanroom/PKCHECK_00BC_01A_ADMISSION_20260730T013748Z/mlkem-native_af4c5abd_isolated/examples/bring_your_own_fips202_static/mlkem_native/src/randombytes.h	137eb6e5854b8e58c2caec6eea86530c8e7495706f6f5b3e007e25a9875e164f	1649	upstream/mlkem-native/pkcheck-af4c5abd-source-snapshot/examples/bring_your_own_fips202_static/mlkem_native/src/randombytes.h
mlk_kem_check_pk_cleanroom/PKCHECK_00BC_01A_ADMISSION_20260730T013748Z/mlkem-native_af4c5abd_isolated/examples/bring_your_own_fips202_static/mlkem_native/src/sampling.c	0408bd0744346e2c59924ebc8a9a55e750a453b1595fc0fc85532f1626bdec0a	12913	upstream/mlkem-native/pkcheck-af4c5abd-source-snapshot/examples/bring_your_own_fips202_static/mlkem_native/src/sampling.c
mlk_kem_check_pk_cleanroom/PKCHECK_00BC_01A_ADMISSION_20260730T013748Z/mlkem-native_af4c5abd_isolated/examples/bring_your_own_fips202_static/mlkem_native/src/sampling.h	92501263f89afc3d6a5f06079bacbe1dfd5ba6db744c887e08cc1c521c0030eb	3853	upstream/mlkem-native/pkcheck-af4c5abd-source-snapshot/examples/bring_your_own_fips202_static/mlkem_native/src/sampling.h
mlk_kem_check_pk_cleanroom/PKCHECK_00BC_01A_ADMISSION_20260730T013748Z/mlkem-native_af4c5abd_isolated/examples/bring_your_own_fips202_static/mlkem_native/src/symmetric.h	168d0ec3bf50bd45cb0a103d7984e9ccf52f78697718b7e85efdf1beda7abc95	2596	upstream/mlkem-native/pkcheck-af4c5abd-source-snapshot/examples/bring_your_own_fips202_static/mlkem_native/src/symmetric.h
mlk_kem_check_pk_cleanroom/PKCHECK_00BC_01A_ADMISSION_20260730T013748Z/mlkem-native_af4c5abd_isolated/examples/bring_your_own_fips202_static/mlkem_native/src/sys.h	02e6b8901bb6334a378aab1f13538693f04726a5111aed7cc6c4cdbd41188f50	9543	upstream/mlkem-native/pkcheck-af4c5abd-source-snapshot/examples/bring_your_own_fips202_static/mlkem_native/src/sys.h
mlk_kem_check_pk_cleanroom/PKCHECK_00BC_01A_ADMISSION_20260730T013748Z/mlkem-native_af4c5abd_isolated/examples/bring_your_own_fips202_static/mlkem_native/src/verify.c	f8f89f1b8c8e5811ce134c0d90fb7828027336afeed231dc3ccb7ee6b73b9335	622	upstream/mlkem-native/pkcheck-af4c5abd-source-snapshot/examples/bring_your_own_fips202_static/mlkem_native/src/verify.c
mlk_kem_check_pk_cleanroom/PKCHECK_00BC_01A_ADMISSION_20260730T013748Z/mlkem-native_af4c5abd_isolated/examples/bring_your_own_fips202_static/mlkem_native/src/verify.h	13f44749f65099bee5bc55be260932d5e832bbd091335f1e47c31df464c1881f	15010	upstream/mlkem-native/pkcheck-af4c5abd-source-snapshot/examples/bring_your_own_fips202_static/mlkem_native/src/verify.h
mlk_kem_check_pk_cleanroom/PKCHECK_00BC_01A_ADMISSION_20260730T013748Z/mlkem-native_af4c5abd_isolated/examples/bring_your_own_fips202_static/mlkem_native/src/zetas.inc	303d1abccc4757d49a5c8df5f88080fefef617b7360056db5311bd94354096d4	1337	upstream/mlkem-native/pkcheck-af4c5abd-source-snapshot/examples/bring_your_own_fips202_static/mlkem_native/src/zetas.inc
mlk_kem_check_pk_cleanroom/PKCHECK_00BC_01A_ADMISSION_20260730T013748Z/mlkem-native_af4c5abd_isolated/examples/bring_your_own_fips202_static/test_only_rng/notrandombytes.c	a11629c3372cd8b1ceb7ac6df80b9e1344c63b1df2f55a0d7d1cea2b34ddc12f	2013	upstream/mlkem-native/pkcheck-af4c5abd-source-snapshot/examples/bring_your_own_fips202_static/test_only_rng/notrandombytes.c
mlk_kem_check_pk_cleanroom/PKCHECK_00BC_01A_ADMISSION_20260730T013748Z/mlkem-native_af4c5abd_isolated/examples/bring_your_own_fips202_static/test_only_rng/notrandombytes.h	b7308b590b9d7bd57e9b6b37cbd5e0d1c2a6174926cefff72bbf4f90045cfd2b	674	upstream/mlkem-native/pkcheck-af4c5abd-source-snapshot/examples/bring_your_own_fips202_static/test_only_rng/notrandombytes.h
mlk_kem_check_pk_cleanroom/PKCHECK_00BC_01A_ADMISSION_20260730T013748Z/mlkem-native_af4c5abd_isolated/examples/custom_backend/.gitignore	a16ce390164578975ec29da9b161ac23ca477f6b6b8fc8f5b051bda34e3b01ac	59	upstream/mlkem-native/pkcheck-af4c5abd-source-snapshot/examples/custom_backend/.gitignore
mlk_kem_check_pk_cleanroom/PKCHECK_00BC_01A_ADMISSION_20260730T013748Z/mlkem-native_af4c5abd_isolated/examples/custom_backend/Makefile	b6185a71e686a674b2bf57f57b1dceb1d4d2876f4da7ea7010d27fcca5533d6d	2786	upstream/mlkem-native/pkcheck-af4c5abd-source-snapshot/examples/custom_backend/Makefile
mlk_kem_check_pk_cleanroom/PKCHECK_00BC_01A_ADMISSION_20260730T013748Z/mlkem-native_af4c5abd_isolated/examples/custom_backend/README.md	51b8eabfcf16043f26551dbc89619dc0d5dbf0e34ba1a3f144d5c41a4c902a14	2472	upstream/mlkem-native/pkcheck-af4c5abd-source-snapshot/examples/custom_backend/README.md
mlk_kem_check_pk_cleanroom/PKCHECK_00BC_01A_ADMISSION_20260730T013748Z/mlkem-native_af4c5abd_isolated/examples/custom_backend/auto.mk	179af17d2e0a2442e9fe7b8a195af549dc0cf445de4a1ff9810818096293fffb	7211	upstream/mlkem-native/pkcheck-af4c5abd-source-snapshot/examples/custom_backend/auto.mk
mlk_kem_check_pk_cleanroom/PKCHECK_00BC_01A_ADMISSION_20260730T013748Z/mlkem-native_af4c5abd_isolated/examples/custom_backend/main.c	a55666564ee3ecf8c8d65a407973114cf15c3d7c7daa5e399ebf2535fc4e148b	3509	upstream/mlkem-native/pkcheck-af4c5abd-source-snapshot/examples/custom_backend/main.c
mlk_kem_check_pk_cleanroom/PKCHECK_00BC_01A_ADMISSION_20260730T013748Z/mlkem-native_af4c5abd_isolated/examples/custom_backend/mlkem_native/mlkem_native.h	df582b5462c592df89f0f8764af073acaa968086dc61e6c2d5cd6b12ac43c1b1	19752	upstream/mlkem-native/pkcheck-af4c5abd-source-snapshot/examples/custom_backend/mlkem_native/mlkem_native.h
mlk_kem_check_pk_cleanroom/PKCHECK_00BC_01A_ADMISSION_20260730T013748Z/mlkem-native_af4c5abd_isolated/examples/custom_backend/mlkem_native/mlkem_native_config.h	a8dce674ab9650a95cf6d1190176dfbced183aecb00488471a18b645c935a080	22241	upstream/mlkem-native/pkcheck-af4c5abd-source-snapshot/examples/custom_backend/mlkem_native/mlkem_native_config.h
mlk_kem_check_pk_cleanroom/PKCHECK_00BC_01A_ADMISSION_20260730T013748Z/mlkem-native_af4c5abd_isolated/examples/custom_backend/mlkem_native/src/cbmc.h	12fe62f76060aa2cdd41de6170e0c787c516ae753ed32579c9c39b1af55130fb	7954	upstream/mlkem-native/pkcheck-af4c5abd-source-snapshot/examples/custom_backend/mlkem_native/src/cbmc.h
mlk_kem_check_pk_cleanroom/PKCHECK_00BC_01A_ADMISSION_20260730T013748Z/mlkem-native_af4c5abd_isolated/examples/custom_backend/mlkem_native/src/common.h	cc48998e9595ec4e59a3aa53d6be9e55ecccb3cdc047e661ccd94fa99955d675	9434	upstream/mlkem-native/pkcheck-af4c5abd-source-snapshot/examples/custom_backend/mlkem_native/src/common.h
mlk_kem_check_pk_cleanroom/PKCHECK_00BC_01A_ADMISSION_20260730T013748Z/mlkem-native_af4c5abd_isolated/examples/custom_backend/mlkem_native/src/compress.c	9201bea6ddd1d7622cc6496d2f745fee52397d203392f75a3d6e52a400de5bad	24427	upstream/mlkem-native/pkcheck-af4c5abd-source-snapshot/examples/custom_backend/mlkem_native/src/compress.c
mlk_kem_check_pk_cleanroom/PKCHECK_00BC_01A_ADMISSION_20260730T013748Z/mlkem-native_af4c5abd_isolated/examples/custom_backend/mlkem_native/src/compress.h	0f357a30e7ea37351854dc550e502e5a7eaf80184896bf92b40073175706e0dd	20187	upstream/mlkem-native/pkcheck-af4c5abd-source-snapshot/examples/custom_backend/mlkem_native/src/compress.h
mlk_kem_check_pk_cleanroom/PKCHECK_00BC_01A_ADMISSION_20260730T013748Z/mlkem-native_af4c5abd_isolated/examples/custom_backend/mlkem_native/src/context.h	9e4cdb00eac5a3d1553e64a02dcba66300302f17f1f0d4f3bba64b65c1f53a90	1834	upstream/mlkem-native/pkcheck-af4c5abd-source-snapshot/examples/custom_backend/mlkem_native/src/context.h
mlk_kem_check_pk_cleanroom/PKCHECK_00BC_01A_ADMISSION_20260730T013748Z/mlkem-native_af4c5abd_isolated/examples/custom_backend/mlkem_native/src/debug.c	263ac19f2b2bf5c784cbf04fd4c968762abedc6961d44f507c8953b52a38827e	1605	upstream/mlkem-native/pkcheck-af4c5abd-source-snapshot/examples/custom_backend/mlkem_native/src/debug.c
mlk_kem_check_pk_cleanroom/PKCHECK_00BC_01A_ADMISSION_20260730T013748Z/mlkem-native_af4c5abd_isolated/examples/custom_backend/mlkem_native/src/debug.h	d1fab329b439fc6dd9c4234f3fe053e74b000d416e0f4e4464542813667f3750	4740	upstream/mlkem-native/pkcheck-af4c5abd-source-snapshot/examples/custom_backend/mlkem_native/src/debug.h
mlk_kem_check_pk_cleanroom/PKCHECK_00BC_01A_ADMISSION_20260730T013748Z/mlkem-native_af4c5abd_isolated/examples/custom_backend/mlkem_native/src/fips202/fips202.c	fb0654c0b33c45c929fdb2af2287807a7b8f312ac7f3baa3ddfaef0c030ef0b2	7438	upstream/mlkem-native/pkcheck-af4c5abd-source-snapshot/examples/custom_backend/mlkem_native/src/fips202/fips202.c
mlk_kem_check_pk_cleanroom/PKCHECK_00BC_01A_ADMISSION_20260730T013748Z/mlkem-native_af4c5abd_isolated/examples/custom_backend/mlkem_native/src/fips202/fips202.h	cad68aaacc2f3511f0a5a0c70f7ac827e76c78e862f1c5616de2b74c8b96a4a5	4922	upstream/mlkem-native/pkcheck-af4c5abd-source-snapshot/examples/custom_backend/mlkem_native/src/fips202/fips202.h
mlk_kem_check_pk_cleanroom/PKCHECK_00BC_01A_ADMISSION_20260730T013748Z/mlkem-native_af4c5abd_isolated/examples/custom_backend/mlkem_native/src/fips202/fips202x4.c	2e481ccbafc00765b210725c8e454f2b4dc622844eccf6a0c1e025657fcb5fe8	7353	upstream/mlkem-native/pkcheck-af4c5abd-source-snapshot/examples/custom_backend/mlkem_native/src/fips202/fips202x4.c
mlk_kem_check_pk_cleanroom/PKCHECK_00BC_01A_ADMISSION_20260730T013748Z/mlkem-native_af4c5abd_isolated/examples/custom_backend/mlkem_native/src/fips202/fips202x4.h	c8d2e50f7ccce19822030786a1a99f0892db63ebe5b020fa91a5383c9700dd22	3156	upstream/mlkem-native/pkcheck-af4c5abd-source-snapshot/examples/custom_backend/mlkem_native/src/fips202/fips202x4.h
mlk_kem_check_pk_cleanroom/PKCHECK_00BC_01A_ADMISSION_20260730T013748Z/mlkem-native_af4c5abd_isolated/examples/custom_backend/mlkem_native/src/fips202/keccakf1600.c	65770564ec922faca7ec072eefc16bfdba2495a20d51cae0f6cce207835cdd7e	15788	upstream/mlkem-native/pkcheck-af4c5abd-source-snapshot/examples/custom_backend/mlkem_native/src/fips202/keccakf1600.c
mlk_kem_check_pk_cleanroom/PKCHECK_00BC_01A_ADMISSION_20260730T013748Z/mlkem-native_af4c5abd_isolated/examples/custom_backend/mlkem_native/src/fips202/keccakf1600.h	88c06d4c546f46920a65001bcfad8cabb6173fb01ae071e02412c46043bdf54f	4385	upstream/mlkem-native/pkcheck-af4c5abd-source-snapshot/examples/custom_backend/mlkem_native/src/fips202/keccakf1600.h
mlk_kem_check_pk_cleanroom/PKCHECK_00BC_01A_ADMISSION_20260730T013748Z/mlkem-native_af4c5abd_isolated/examples/custom_backend/mlkem_native/src/fips202/native/api.h	d4d8734a33d4b91e4ff53955751943ba60ea89a3b9da94a1f8bd42f1b4ee9c86	5069	upstream/mlkem-native/pkcheck-af4c5abd-source-snapshot/examples/custom_backend/mlkem_native/src/fips202/native/api.h
mlk_kem_check_pk_cleanroom/PKCHECK_00BC_01A_ADMISSION_20260730T013748Z/mlkem-native_af4c5abd_isolated/examples/custom_backend/mlkem_native/src/fips202/native/custom/custom.h	832c2965a7fa662fbeba45c98fff017fa24cfc1b6f9bfee6d164c8fb4c1c26b7	557	upstream/mlkem-native/pkcheck-af4c5abd-source-snapshot/examples/custom_backend/mlkem_native/src/fips202/native/custom/custom.h
mlk_kem_check_pk_cleanroom/PKCHECK_00BC_01A_ADMISSION_20260730T013748Z/mlkem-native_af4c5abd_isolated/examples/custom_backend/mlkem_native/src/fips202/native/custom/src/LICENSE	c5ebc5c092628cbb9018d4b73d7330ffc84e3f44576c1bddcd884c3e5158a18c	1138	upstream/mlkem-native/pkcheck-af4c5abd-source-snapshot/examples/custom_backend/mlkem_native/src/fips202/native/custom/src/LICENSE
mlk_kem_check_pk_cleanroom/PKCHECK_00BC_01A_ADMISSION_20260730T013748Z/mlkem-native_af4c5abd_isolated/examples/custom_backend/mlkem_native/src/fips202/native/custom/src/README.md	300725b916d1fa1895f4b194d2ffa2ca0c8316111cc9dbea21678c82505a05b5	1796	upstream/mlkem-native/pkcheck-af4c5abd-source-snapshot/examples/custom_backend/mlkem_native/src/fips202/native/custom/src/README.md
mlk_kem_check_pk_cleanroom/PKCHECK_00BC_01A_ADMISSION_20260730T013748Z/mlkem-native_af4c5abd_isolated/examples/custom_backend/mlkem_native/src/fips202/native/custom/src/sha3.c	718fd2f6a91b0c867090d47ee584d60ded4880b4f457f8eabac7e100dd975f61	5361	upstream/mlkem-native/pkcheck-af4c5abd-source-snapshot/examples/custom_backend/mlkem_native/src/fips202/native/custom/src/sha3.c
mlk_kem_check_pk_cleanroom/PKCHECK_00BC_01A_ADMISSION_20260730T013748Z/mlkem-native_af4c5abd_isolated/examples/custom_backend/mlkem_native/src/fips202/native/custom/src/sha3.h	978c970f8caf977a5a96a6cd4c9460815be9a7a018dc8a0b1399b872edbc6acb	1313	upstream/mlkem-native/pkcheck-af4c5abd-source-snapshot/examples/custom_backend/mlkem_native/src/fips202/native/custom/src/sha3.h
mlk_kem_check_pk_cleanroom/PKCHECK_00BC_01A_ADMISSION_20260730T013748Z/mlkem-native_af4c5abd_isolated/examples/custom_backend/mlkem_native/src/indcpa.c	ffc9cd09fb9a5926c8540b52181b064e7ae46b3d117e10ca51ac0d0ca940f6bd	23665	upstream/mlkem-native/pkcheck-af4c5abd-source-snapshot/examples/custom_backend/mlkem_native/src/indcpa.c
mlk_kem_check_pk_cleanroom/PKCHECK_00BC_01A_ADMISSION_20260730T013748Z/mlkem-native_af4c5abd_isolated/examples/custom_backend/mlkem_native/src/indcpa.h	25537257adf04a0db9764a1034f0f7af0be25ec0a37c47faff81fb32ee93c5f1	6836	upstream/mlkem-native/pkcheck-af4c5abd-source-snapshot/examples/custom_backend/mlkem_native/src/indcpa.h
mlk_kem_check_pk_cleanroom/PKCHECK_00BC_01A_ADMISSION_20260730T013748Z/mlkem-native_af4c5abd_isolated/examples/custom_backend/mlkem_native/src/kem.c	b3de1f7602b10c6033eee8b235138190ed09df917ec9326c2b38ce1083c541ce	13814	upstream/mlkem-native/pkcheck-af4c5abd-source-snapshot/examples/custom_backend/mlkem_native/src/kem.c
mlk_kem_check_pk_cleanroom/PKCHECK_00BC_01A_ADMISSION_20260730T013748Z/mlkem-native_af4c5abd_isolated/examples/custom_backend/mlkem_native/src/kem.h	e239f5d705fca7729e7838e836aa2fab814ddc4ffbaf7eeb73a32242b15d960d	13133	upstream/mlkem-native/pkcheck-af4c5abd-source-snapshot/examples/custom_backend/mlkem_native/src/kem.h
mlk_kem_check_pk_cleanroom/PKCHECK_00BC_01A_ADMISSION_20260730T013748Z/mlkem-native_af4c5abd_isolated/examples/custom_backend/mlkem_native/src/params.h	450fe3e0e50496921920473ae4321660f178c23d51f1453f3c537ee63c4158cb	2566	upstream/mlkem-native/pkcheck-af4c5abd-source-snapshot/examples/custom_backend/mlkem_native/src/params.h
mlk_kem_check_pk_cleanroom/PKCHECK_00BC_01A_ADMISSION_20260730T013748Z/mlkem-native_af4c5abd_isolated/examples/custom_backend/mlkem_native/src/poly.c	f427dda46e29d53d3e33d683c9a8483bade3568eff43fb97b868a21bfd07c722	18569	upstream/mlkem-native/pkcheck-af4c5abd-source-snapshot/examples/custom_backend/mlkem_native/src/poly.c
mlk_kem_check_pk_cleanroom/PKCHECK_00BC_01A_ADMISSION_20260730T013748Z/mlkem-native_af4c5abd_isolated/examples/custom_backend/mlkem_native/src/poly.h	f24f980110953c1d361e04137e13e2f85f76db776903f85c98f24900e85f7aef	10117	upstream/mlkem-native/pkcheck-af4c5abd-source-snapshot/examples/custom_backend/mlkem_native/src/poly.h
mlk_kem_check_pk_cleanroom/PKCHECK_00BC_01A_ADMISSION_20260730T013748Z/mlkem-native_af4c5abd_isolated/examples/custom_backend/mlkem_native/src/poly_k.c	7dea24a0591b0fb033f7a8be214d687fbde11541c274a114ac3067af12b87c32	17662	upstream/mlkem-native/pkcheck-af4c5abd-source-snapshot/examples/custom_backend/mlkem_native/src/poly_k.c
mlk_kem_check_pk_cleanroom/PKCHECK_00BC_01A_ADMISSION_20260730T013748Z/mlkem-native_af4c5abd_isolated/examples/custom_backend/mlkem_native/src/poly_k.h	09bdfd4a19a9cb495832a78d0f099a6c949c40014472b33fb54d66bb56e660e0	22592	upstream/mlkem-native/pkcheck-af4c5abd-source-snapshot/examples/custom_backend/mlkem_native/src/poly_k.h
mlk_kem_check_pk_cleanroom/PKCHECK_00BC_01A_ADMISSION_20260730T013748Z/mlkem-native_af4c5abd_isolated/examples/custom_backend/mlkem_native/src/randombytes.h	137eb6e5854b8e58c2caec6eea86530c8e7495706f6f5b3e007e25a9875e164f	1649	upstream/mlkem-native/pkcheck-af4c5abd-source-snapshot/examples/custom_backend/mlkem_native/src/randombytes.h
mlk_kem_check_pk_cleanroom/PKCHECK_00BC_01A_ADMISSION_20260730T013748Z/mlkem-native_af4c5abd_isolated/examples/custom_backend/mlkem_native/src/sampling.c	0408bd0744346e2c59924ebc8a9a55e750a453b1595fc0fc85532f1626bdec0a	12913	upstream/mlkem-native/pkcheck-af4c5abd-source-snapshot/examples/custom_backend/mlkem_native/src/sampling.c
mlk_kem_check_pk_cleanroom/PKCHECK_00BC_01A_ADMISSION_20260730T013748Z/mlkem-native_af4c5abd_isolated/examples/custom_backend/mlkem_native/src/sampling.h	92501263f89afc3d6a5f06079bacbe1dfd5ba6db744c887e08cc1c521c0030eb	3853	upstream/mlkem-native/pkcheck-af4c5abd-source-snapshot/examples/custom_backend/mlkem_native/src/sampling.h
mlk_kem_check_pk_cleanroom/PKCHECK_00BC_01A_ADMISSION_20260730T013748Z/mlkem-native_af4c5abd_isolated/examples/custom_backend/mlkem_native/src/symmetric.h	168d0ec3bf50bd45cb0a103d7984e9ccf52f78697718b7e85efdf1beda7abc95	2596	upstream/mlkem-native/pkcheck-af4c5abd-source-snapshot/examples/custom_backend/mlkem_native/src/symmetric.h
mlk_kem_check_pk_cleanroom/PKCHECK_00BC_01A_ADMISSION_20260730T013748Z/mlkem-native_af4c5abd_isolated/examples/custom_backend/mlkem_native/src/sys.h	02e6b8901bb6334a378aab1f13538693f04726a5111aed7cc6c4cdbd41188f50	9543	upstream/mlkem-native/pkcheck-af4c5abd-source-snapshot/examples/custom_backend/mlkem_native/src/sys.h
mlk_kem_check_pk_cleanroom/PKCHECK_00BC_01A_ADMISSION_20260730T013748Z/mlkem-native_af4c5abd_isolated/examples/custom_backend/mlkem_native/src/verify.c	f8f89f1b8c8e5811ce134c0d90fb7828027336afeed231dc3ccb7ee6b73b9335	622	upstream/mlkem-native/pkcheck-af4c5abd-source-snapshot/examples/custom_backend/mlkem_native/src/verify.c
mlk_kem_check_pk_cleanroom/PKCHECK_00BC_01A_ADMISSION_20260730T013748Z/mlkem-native_af4c5abd_isolated/examples/custom_backend/mlkem_native/src/verify.h	13f44749f65099bee5bc55be260932d5e832bbd091335f1e47c31df464c1881f	15010	upstream/mlkem-native/pkcheck-af4c5abd-source-snapshot/examples/custom_backend/mlkem_native/src/verify.h
mlk_kem_check_pk_cleanroom/PKCHECK_00BC_01A_ADMISSION_20260730T013748Z/mlkem-native_af4c5abd_isolated/examples/custom_backend/mlkem_native/src/zetas.inc	303d1abccc4757d49a5c8df5f88080fefef617b7360056db5311bd94354096d4	1337	upstream/mlkem-native/pkcheck-af4c5abd-source-snapshot/examples/custom_backend/mlkem_native/src/zetas.inc
mlk_kem_check_pk_cleanroom/PKCHECK_00BC_01A_ADMISSION_20260730T013748Z/mlkem-native_af4c5abd_isolated/examples/custom_backend/test_only_rng/notrandombytes.c	a11629c3372cd8b1ceb7ac6df80b9e1344c63b1df2f55a0d7d1cea2b34ddc12f	2013	upstream/mlkem-native/pkcheck-af4c5abd-source-snapshot/examples/custom_backend/test_only_rng/notrandombytes.c
mlk_kem_check_pk_cleanroom/PKCHECK_00BC_01A_ADMISSION_20260730T013748Z/mlkem-native_af4c5abd_isolated/examples/custom_backend/test_only_rng/notrandombytes.h	b7308b590b9d7bd57e9b6b37cbd5e0d1c2a6174926cefff72bbf4f90045cfd2b	674	upstream/mlkem-native/pkcheck-af4c5abd-source-snapshot/examples/custom_backend/test_only_rng/notrandombytes.h
mlk_kem_check_pk_cleanroom/PKCHECK_00BC_01A_ADMISSION_20260730T013748Z/mlkem-native_af4c5abd_isolated/examples/monolithic_build/.gitignore	a16ce390164578975ec29da9b161ac23ca477f6b6b8fc8f5b051bda34e3b01ac	59	upstream/mlkem-native/pkcheck-af4c5abd-source-snapshot/examples/monolithic_build/.gitignore
mlk_kem_check_pk_cleanroom/PKCHECK_00BC_01A_ADMISSION_20260730T013748Z/mlkem-native_af4c5abd_isolated/examples/monolithic_build/Makefile	99bd346a36353c426479241eb2ae5d3372392fa4a889335afb216f7b8a7f8e7a	3392	upstream/mlkem-native/pkcheck-af4c5abd-source-snapshot/examples/monolithic_build/Makefile
mlk_kem_check_pk_cleanroom/PKCHECK_00BC_01A_ADMISSION_20260730T013748Z/mlkem-native_af4c5abd_isolated/examples/monolithic_build/README.md	54b93ede40c79c0701888ab6fcb355381b84327dade9280dfb34d792481c7016	1730	upstream/mlkem-native/pkcheck-af4c5abd-source-snapshot/examples/monolithic_build/README.md
mlk_kem_check_pk_cleanroom/PKCHECK_00BC_01A_ADMISSION_20260730T013748Z/mlkem-native_af4c5abd_isolated/examples/monolithic_build/main.c	66a5e62ef17cf2ef661ccd3cffed573b57797e685f4a617c18d007f7e3dbf793	3501	upstream/mlkem-native/pkcheck-af4c5abd-source-snapshot/examples/monolithic_build/main.c
mlk_kem_check_pk_cleanroom/PKCHECK_00BC_01A_ADMISSION_20260730T013748Z/mlkem-native_af4c5abd_isolated/examples/monolithic_build/mlkem_native/mlkem_native.c	bef0cf45ac2cc8338fa05ce0deb478c7d077f46f0ee59b24d03daa983ac56a45	21926	upstream/mlkem-native/pkcheck-af4c5abd-source-snapshot/examples/monolithic_build/mlkem_native/mlkem_native.c
mlk_kem_check_pk_cleanroom/PKCHECK_00BC_01A_ADMISSION_20260730T013748Z/mlkem-native_af4c5abd_isolated/examples/monolithic_build/mlkem_native/mlkem_native.h	df582b5462c592df89f0f8764af073acaa968086dc61e6c2d5cd6b12ac43c1b1	19752	upstream/mlkem-native/pkcheck-af4c5abd-source-snapshot/examples/monolithic_build/mlkem_native/mlkem_native.h
mlk_kem_check_pk_cleanroom/PKCHECK_00BC_01A_ADMISSION_20260730T013748Z/mlkem-native_af4c5abd_isolated/examples/monolithic_build/mlkem_native/mlkem_native_config.h	0f6e666677eacf8ebdf8464f90b8f8dbe93e7ba4f2b4a5c77690c56f608e91a5	22281	upstream/mlkem-native/pkcheck-af4c5abd-source-snapshot/examples/monolithic_build/mlkem_native/mlkem_native_config.h
mlk_kem_check_pk_cleanroom/PKCHECK_00BC_01A_ADMISSION_20260730T013748Z/mlkem-native_af4c5abd_isolated/examples/monolithic_build/mlkem_native/src/cbmc.h	12fe62f76060aa2cdd41de6170e0c787c516ae753ed32579c9c39b1af55130fb	7954	upstream/mlkem-native/pkcheck-af4c5abd-source-snapshot/examples/monolithic_build/mlkem_native/src/cbmc.h
mlk_kem_check_pk_cleanroom/PKCHECK_00BC_01A_ADMISSION_20260730T013748Z/mlkem-native_af4c5abd_isolated/examples/monolithic_build/mlkem_native/src/common.h	cc48998e9595ec4e59a3aa53d6be9e55ecccb3cdc047e661ccd94fa99955d675	9434	upstream/mlkem-native/pkcheck-af4c5abd-source-snapshot/examples/monolithic_build/mlkem_native/src/common.h
mlk_kem_check_pk_cleanroom/PKCHECK_00BC_01A_ADMISSION_20260730T013748Z/mlkem-native_af4c5abd_isolated/examples/monolithic_build/mlkem_native/src/compress.c	9201bea6ddd1d7622cc6496d2f745fee52397d203392f75a3d6e52a400de5bad	24427	upstream/mlkem-native/pkcheck-af4c5abd-source-snapshot/examples/monolithic_build/mlkem_native/src/compress.c
mlk_kem_check_pk_cleanroom/PKCHECK_00BC_01A_ADMISSION_20260730T013748Z/mlkem-native_af4c5abd_isolated/examples/monolithic_build/mlkem_native/src/compress.h	0f357a30e7ea37351854dc550e502e5a7eaf80184896bf92b40073175706e0dd	20187	upstream/mlkem-native/pkcheck-af4c5abd-source-snapshot/examples/monolithic_build/mlkem_native/src/compress.h
mlk_kem_check_pk_cleanroom/PKCHECK_00BC_01A_ADMISSION_20260730T013748Z/mlkem-native_af4c5abd_isolated/examples/monolithic_build/mlkem_native/src/context.h	9e4cdb00eac5a3d1553e64a02dcba66300302f17f1f0d4f3bba64b65c1f53a90	1834	upstream/mlkem-native/pkcheck-af4c5abd-source-snapshot/examples/monolithic_build/mlkem_native/src/context.h
mlk_kem_check_pk_cleanroom/PKCHECK_00BC_01A_ADMISSION_20260730T013748Z/mlkem-native_af4c5abd_isolated/examples/monolithic_build/mlkem_native/src/debug.c	263ac19f2b2bf5c784cbf04fd4c968762abedc6961d44f507c8953b52a38827e	1605	upstream/mlkem-native/pkcheck-af4c5abd-source-snapshot/examples/monolithic_build/mlkem_native/src/debug.c
mlk_kem_check_pk_cleanroom/PKCHECK_00BC_01A_ADMISSION_20260730T013748Z/mlkem-native_af4c5abd_isolated/examples/monolithic_build/mlkem_native/src/debug.h	d1fab329b439fc6dd9c4234f3fe053e74b000d416e0f4e4464542813667f3750	4740	upstream/mlkem-native/pkcheck-af4c5abd-source-snapshot/examples/monolithic_build/mlkem_native/src/debug.h
mlk_kem_check_pk_cleanroom/PKCHECK_00BC_01A_ADMISSION_20260730T013748Z/mlkem-native_af4c5abd_isolated/examples/monolithic_build/mlkem_native/src/fips202/fips202.c	fb0654c0b33c45c929fdb2af2287807a7b8f312ac7f3baa3ddfaef0c030ef0b2	7438	upstream/mlkem-native/pkcheck-af4c5abd-source-snapshot/examples/monolithic_build/mlkem_native/src/fips202/fips202.c
mlk_kem_check_pk_cleanroom/PKCHECK_00BC_01A_ADMISSION_20260730T013748Z/mlkem-native_af4c5abd_isolated/examples/monolithic_build/mlkem_native/src/fips202/fips202.h	cad68aaacc2f3511f0a5a0c70f7ac827e76c78e862f1c5616de2b74c8b96a4a5	4922	upstream/mlkem-native/pkcheck-af4c5abd-source-snapshot/examples/monolithic_build/mlkem_native/src/fips202/fips202.h
mlk_kem_check_pk_cleanroom/PKCHECK_00BC_01A_ADMISSION_20260730T013748Z/mlkem-native_af4c5abd_isolated/examples/monolithic_build/mlkem_native/src/fips202/fips202x4.c	2e481ccbafc00765b210725c8e454f2b4dc622844eccf6a0c1e025657fcb5fe8	7353	upstream/mlkem-native/pkcheck-af4c5abd-source-snapshot/examples/monolithic_build/mlkem_native/src/fips202/fips202x4.c
mlk_kem_check_pk_cleanroom/PKCHECK_00BC_01A_ADMISSION_20260730T013748Z/mlkem-native_af4c5abd_isolated/examples/monolithic_build/mlkem_native/src/fips202/fips202x4.h	c8d2e50f7ccce19822030786a1a99f0892db63ebe5b020fa91a5383c9700dd22	3156	upstream/mlkem-native/pkcheck-af4c5abd-source-snapshot/examples/monolithic_build/mlkem_native/src/fips202/fips202x4.h
mlk_kem_check_pk_cleanroom/PKCHECK_00BC_01A_ADMISSION_20260730T013748Z/mlkem-native_af4c5abd_isolated/examples/monolithic_build/mlkem_native/src/fips202/keccakf1600.c	65770564ec922faca7ec072eefc16bfdba2495a20d51cae0f6cce207835cdd7e	15788	upstream/mlkem-native/pkcheck-af4c5abd-source-snapshot/examples/monolithic_build/mlkem_native/src/fips202/keccakf1600.c
mlk_kem_check_pk_cleanroom/PKCHECK_00BC_01A_ADMISSION_20260730T013748Z/mlkem-native_af4c5abd_isolated/examples/monolithic_build/mlkem_native/src/fips202/keccakf1600.h	88c06d4c546f46920a65001bcfad8cabb6173fb01ae071e02412c46043bdf54f	4385	upstream/mlkem-native/pkcheck-af4c5abd-source-snapshot/examples/monolithic_build/mlkem_native/src/fips202/keccakf1600.h
mlk_kem_check_pk_cleanroom/PKCHECK_00BC_01A_ADMISSION_20260730T013748Z/mlkem-native_af4c5abd_isolated/examples/monolithic_build/mlkem_native/src/indcpa.c	ffc9cd09fb9a5926c8540b52181b064e7ae46b3d117e10ca51ac0d0ca940f6bd	23665	upstream/mlkem-native/pkcheck-af4c5abd-source-snapshot/examples/monolithic_build/mlkem_native/src/indcpa.c
mlk_kem_check_pk_cleanroom/PKCHECK_00BC_01A_ADMISSION_20260730T013748Z/mlkem-native_af4c5abd_isolated/examples/monolithic_build/mlkem_native/src/indcpa.h	25537257adf04a0db9764a1034f0f7af0be25ec0a37c47faff81fb32ee93c5f1	6836	upstream/mlkem-native/pkcheck-af4c5abd-source-snapshot/examples/monolithic_build/mlkem_native/src/indcpa.h
mlk_kem_check_pk_cleanroom/PKCHECK_00BC_01A_ADMISSION_20260730T013748Z/mlkem-native_af4c5abd_isolated/examples/monolithic_build/mlkem_native/src/kem.c	b3de1f7602b10c6033eee8b235138190ed09df917ec9326c2b38ce1083c541ce	13814	upstream/mlkem-native/pkcheck-af4c5abd-source-snapshot/examples/monolithic_build/mlkem_native/src/kem.c
mlk_kem_check_pk_cleanroom/PKCHECK_00BC_01A_ADMISSION_20260730T013748Z/mlkem-native_af4c5abd_isolated/examples/monolithic_build/mlkem_native/src/kem.h	e239f5d705fca7729e7838e836aa2fab814ddc4ffbaf7eeb73a32242b15d960d	13133	upstream/mlkem-native/pkcheck-af4c5abd-source-snapshot/examples/monolithic_build/mlkem_native/src/kem.h
mlk_kem_check_pk_cleanroom/PKCHECK_00BC_01A_ADMISSION_20260730T013748Z/mlkem-native_af4c5abd_isolated/examples/monolithic_build/mlkem_native/src/params.h	450fe3e0e50496921920473ae4321660f178c23d51f1453f3c537ee63c4158cb	2566	upstream/mlkem-native/pkcheck-af4c5abd-source-snapshot/examples/monolithic_build/mlkem_native/src/params.h
mlk_kem_check_pk_cleanroom/PKCHECK_00BC_01A_ADMISSION_20260730T013748Z/mlkem-native_af4c5abd_isolated/examples/monolithic_build/mlkem_native/src/poly.c	f427dda46e29d53d3e33d683c9a8483bade3568eff43fb97b868a21bfd07c722	18569	upstream/mlkem-native/pkcheck-af4c5abd-source-snapshot/examples/monolithic_build/mlkem_native/src/poly.c
mlk_kem_check_pk_cleanroom/PKCHECK_00BC_01A_ADMISSION_20260730T013748Z/mlkem-native_af4c5abd_isolated/examples/monolithic_build/mlkem_native/src/poly.h	f24f980110953c1d361e04137e13e2f85f76db776903f85c98f24900e85f7aef	10117	upstream/mlkem-native/pkcheck-af4c5abd-source-snapshot/examples/monolithic_build/mlkem_native/src/poly.h
mlk_kem_check_pk_cleanroom/PKCHECK_00BC_01A_ADMISSION_20260730T013748Z/mlkem-native_af4c5abd_isolated/examples/monolithic_build/mlkem_native/src/poly_k.c	7dea24a0591b0fb033f7a8be214d687fbde11541c274a114ac3067af12b87c32	17662	upstream/mlkem-native/pkcheck-af4c5abd-source-snapshot/examples/monolithic_build/mlkem_native/src/poly_k.c
mlk_kem_check_pk_cleanroom/PKCHECK_00BC_01A_ADMISSION_20260730T013748Z/mlkem-native_af4c5abd_isolated/examples/monolithic_build/mlkem_native/src/poly_k.h	09bdfd4a19a9cb495832a78d0f099a6c949c40014472b33fb54d66bb56e660e0	22592	upstream/mlkem-native/pkcheck-af4c5abd-source-snapshot/examples/monolithic_build/mlkem_native/src/poly_k.h
mlk_kem_check_pk_cleanroom/PKCHECK_00BC_01A_ADMISSION_20260730T013748Z/mlkem-native_af4c5abd_isolated/examples/monolithic_build/mlkem_native/src/randombytes.h	137eb6e5854b8e58c2caec6eea86530c8e7495706f6f5b3e007e25a9875e164f	1649	upstream/mlkem-native/pkcheck-af4c5abd-source-snapshot/examples/monolithic_build/mlkem_native/src/randombytes.h
mlk_kem_check_pk_cleanroom/PKCHECK_00BC_01A_ADMISSION_20260730T013748Z/mlkem-native_af4c5abd_isolated/examples/monolithic_build/mlkem_native/src/sampling.c	0408bd0744346e2c59924ebc8a9a55e750a453b1595fc0fc85532f1626bdec0a	12913	upstream/mlkem-native/pkcheck-af4c5abd-source-snapshot/examples/monolithic_build/mlkem_native/src/sampling.c
mlk_kem_check_pk_cleanroom/PKCHECK_00BC_01A_ADMISSION_20260730T013748Z/mlkem-native_af4c5abd_isolated/examples/monolithic_build/mlkem_native/src/sampling.h	92501263f89afc3d6a5f06079bacbe1dfd5ba6db744c887e08cc1c521c0030eb	3853	upstream/mlkem-native/pkcheck-af4c5abd-source-snapshot/examples/monolithic_build/mlkem_native/src/sampling.h
mlk_kem_check_pk_cleanroom/PKCHECK_00BC_01A_ADMISSION_20260730T013748Z/mlkem-native_af4c5abd_isolated/examples/monolithic_build/mlkem_native/src/symmetric.h	168d0ec3bf50bd45cb0a103d7984e9ccf52f78697718b7e85efdf1beda7abc95	2596	upstream/mlkem-native/pkcheck-af4c5abd-source-snapshot/examples/monolithic_build/mlkem_native/src/symmetric.h
mlk_kem_check_pk_cleanroom/PKCHECK_00BC_01A_ADMISSION_20260730T013748Z/mlkem-native_af4c5abd_isolated/examples/monolithic_build/mlkem_native/src/sys.h	02e6b8901bb6334a378aab1f13538693f04726a5111aed7cc6c4cdbd41188f50	9543	upstream/mlkem-native/pkcheck-af4c5abd-source-snapshot/examples/monolithic_build/mlkem_native/src/sys.h
mlk_kem_check_pk_cleanroom/PKCHECK_00BC_01A_ADMISSION_20260730T013748Z/mlkem-native_af4c5abd_isolated/examples/monolithic_build/mlkem_native/src/verify.c	f8f89f1b8c8e5811ce134c0d90fb7828027336afeed231dc3ccb7ee6b73b9335	622	upstream/mlkem-native/pkcheck-af4c5abd-source-snapshot/examples/monolithic_build/mlkem_native/src/verify.c
mlk_kem_check_pk_cleanroom/PKCHECK_00BC_01A_ADMISSION_20260730T013748Z/mlkem-native_af4c5abd_isolated/examples/monolithic_build/mlkem_native/src/verify.h	13f44749f65099bee5bc55be260932d5e832bbd091335f1e47c31df464c1881f	15010	upstream/mlkem-native/pkcheck-af4c5abd-source-snapshot/examples/monolithic_build/mlkem_native/src/verify.h
mlk_kem_check_pk_cleanroom/PKCHECK_00BC_01A_ADMISSION_20260730T013748Z/mlkem-native_af4c5abd_isolated/examples/monolithic_build/mlkem_native/src/zetas.inc	303d1abccc4757d49a5c8df5f88080fefef617b7360056db5311bd94354096d4	1337	upstream/mlkem-native/pkcheck-af4c5abd-source-snapshot/examples/monolithic_build/mlkem_native/src/zetas.inc
mlk_kem_check_pk_cleanroom/PKCHECK_00BC_01A_ADMISSION_20260730T013748Z/mlkem-native_af4c5abd_isolated/examples/monolithic_build/test_only_rng/notrandombytes.c	a11629c3372cd8b1ceb7ac6df80b9e1344c63b1df2f55a0d7d1cea2b34ddc12f	2013	upstream/mlkem-native/pkcheck-af4c5abd-source-snapshot/examples/monolithic_build/test_only_rng/notrandombytes.c
mlk_kem_check_pk_cleanroom/PKCHECK_00BC_01A_ADMISSION_20260730T013748Z/mlkem-native_af4c5abd_isolated/examples/monolithic_build/test_only_rng/notrandombytes.h	b7308b590b9d7bd57e9b6b37cbd5e0d1c2a6174926cefff72bbf4f90045cfd2b	674	upstream/mlkem-native/pkcheck-af4c5abd-source-snapshot/examples/monolithic_build/test_only_rng/notrandombytes.h
mlk_kem_check_pk_cleanroom/PKCHECK_00BC_01A_ADMISSION_20260730T013748Z/mlkem-native_af4c5abd_isolated/examples/monolithic_build_multilevel/.gitignore	a16ce390164578975ec29da9b161ac23ca477f6b6b8fc8f5b051bda34e3b01ac	59	upstream/mlkem-native/pkcheck-af4c5abd-source-snapshot/examples/monolithic_build_multilevel/.gitignore
mlk_kem_check_pk_cleanroom/PKCHECK_00BC_01A_ADMISSION_20260730T013748Z/mlkem-native_af4c5abd_isolated/examples/monolithic_build_multilevel/Makefile	879df6dd26a383709805dd627aa65d9c8384986c61ef689a2417493112ed84e4	2219	upstream/mlkem-native/pkcheck-af4c5abd-source-snapshot/examples/monolithic_build_multilevel/Makefile
mlk_kem_check_pk_cleanroom/PKCHECK_00BC_01A_ADMISSION_20260730T013748Z/mlkem-native_af4c5abd_isolated/examples/monolithic_build_multilevel/README.md	03f61a92ce35ebc63b2612bd225f038f81fca7602ecf4495db6b4380c7f9c323	3161	upstream/mlkem-native/pkcheck-af4c5abd-source-snapshot/examples/monolithic_build_multilevel/README.md
mlk_kem_check_pk_cleanroom/PKCHECK_00BC_01A_ADMISSION_20260730T013748Z/mlkem-native_af4c5abd_isolated/examples/monolithic_build_multilevel/main.c	3a05d5c7ce24773bc5c7e0a63f7decace71cf996dca2ebc0e65ea83a6ee7c6ad	5938	upstream/mlkem-native/pkcheck-af4c5abd-source-snapshot/examples/monolithic_build_multilevel/main.c
mlk_kem_check_pk_cleanroom/PKCHECK_00BC_01A_ADMISSION_20260730T013748Z/mlkem-native_af4c5abd_isolated/examples/monolithic_build_multilevel/mlkem_native/mlkem_native.c	bef0cf45ac2cc8338fa05ce0deb478c7d077f46f0ee59b24d03daa983ac56a45	21926	upstream/mlkem-native/pkcheck-af4c5abd-source-snapshot/examples/monolithic_build_multilevel/mlkem_native/mlkem_native.c
mlk_kem_check_pk_cleanroom/PKCHECK_00BC_01A_ADMISSION_20260730T013748Z/mlkem-native_af4c5abd_isolated/examples/monolithic_build_multilevel/mlkem_native/mlkem_native.h	df582b5462c592df89f0f8764af073acaa968086dc61e6c2d5cd6b12ac43c1b1	19752	upstream/mlkem-native/pkcheck-af4c5abd-source-snapshot/examples/monolithic_build_multilevel/mlkem_native/mlkem_native.h
mlk_kem_check_pk_cleanroom/PKCHECK_00BC_01A_ADMISSION_20260730T013748Z/mlkem-native_af4c5abd_isolated/examples/monolithic_build_multilevel/mlkem_native/mlkem_native_config.h	ed084cb7528983eab53c59316083af2ed9fb6acfd8788e43d6f33c5f21630145	22345	upstream/mlkem-native/pkcheck-af4c5abd-source-snapshot/examples/monolithic_build_multilevel/mlkem_native/mlkem_native_config.h
mlk_kem_check_pk_cleanroom/PKCHECK_00BC_01A_ADMISSION_20260730T013748Z/mlkem-native_af4c5abd_isolated/examples/monolithic_build_multilevel/mlkem_native/src/cbmc.h	12fe62f76060aa2cdd41de6170e0c787c516ae753ed32579c9c39b1af55130fb	7954	upstream/mlkem-native/pkcheck-af4c5abd-source-snapshot/examples/monolithic_build_multilevel/mlkem_native/src/cbmc.h
mlk_kem_check_pk_cleanroom/PKCHECK_00BC_01A_ADMISSION_20260730T013748Z/mlkem-native_af4c5abd_isolated/examples/monolithic_build_multilevel/mlkem_native/src/common.h	cc48998e9595ec4e59a3aa53d6be9e55ecccb3cdc047e661ccd94fa99955d675	9434	upstream/mlkem-native/pkcheck-af4c5abd-source-snapshot/examples/monolithic_build_multilevel/mlkem_native/src/common.h
mlk_kem_check_pk_cleanroom/PKCHECK_00BC_01A_ADMISSION_20260730T013748Z/mlkem-native_af4c5abd_isolated/examples/monolithic_build_multilevel/mlkem_native/src/compress.c	9201bea6ddd1d7622cc6496d2f745fee52397d203392f75a3d6e52a400de5bad	24427	upstream/mlkem-native/pkcheck-af4c5abd-source-snapshot/examples/monolithic_build_multilevel/mlkem_native/src/compress.c
mlk_kem_check_pk_cleanroom/PKCHECK_00BC_01A_ADMISSION_20260730T013748Z/mlkem-native_af4c5abd_isolated/examples/monolithic_build_multilevel/mlkem_native/src/compress.h	0f357a30e7ea37351854dc550e502e5a7eaf80184896bf92b40073175706e0dd	20187	upstream/mlkem-native/pkcheck-af4c5abd-source-snapshot/examples/monolithic_build_multilevel/mlkem_native/src/compress.h
mlk_kem_check_pk_cleanroom/PKCHECK_00BC_01A_ADMISSION_20260730T013748Z/mlkem-native_af4c5abd_isolated/examples/monolithic_build_multilevel/mlkem_native/src/context.h	9e4cdb00eac5a3d1553e64a02dcba66300302f17f1f0d4f3bba64b65c1f53a90	1834	upstream/mlkem-native/pkcheck-af4c5abd-source-snapshot/examples/monolithic_build_multilevel/mlkem_native/src/context.h
mlk_kem_check_pk_cleanroom/PKCHECK_00BC_01A_ADMISSION_20260730T013748Z/mlkem-native_af4c5abd_isolated/examples/monolithic_build_multilevel/mlkem_native/src/debug.c	263ac19f2b2bf5c784cbf04fd4c968762abedc6961d44f507c8953b52a38827e	1605	upstream/mlkem-native/pkcheck-af4c5abd-source-snapshot/examples/monolithic_build_multilevel/mlkem_native/src/debug.c
mlk_kem_check_pk_cleanroom/PKCHECK_00BC_01A_ADMISSION_20260730T013748Z/mlkem-native_af4c5abd_isolated/examples/monolithic_build_multilevel/mlkem_native/src/debug.h	d1fab329b439fc6dd9c4234f3fe053e74b000d416e0f4e4464542813667f3750	4740	upstream/mlkem-native/pkcheck-af4c5abd-source-snapshot/examples/monolithic_build_multilevel/mlkem_native/src/debug.h
mlk_kem_check_pk_cleanroom/PKCHECK_00BC_01A_ADMISSION_20260730T013748Z/mlkem-native_af4c5abd_isolated/examples/monolithic_build_multilevel/mlkem_native/src/fips202/fips202.c	fb0654c0b33c45c929fdb2af2287807a7b8f312ac7f3baa3ddfaef0c030ef0b2	7438	upstream/mlkem-native/pkcheck-af4c5abd-source-snapshot/examples/monolithic_build_multilevel/mlkem_native/src/fips202/fips202.c
mlk_kem_check_pk_cleanroom/PKCHECK_00BC_01A_ADMISSION_20260730T013748Z/mlkem-native_af4c5abd_isolated/examples/monolithic_build_multilevel/mlkem_native/src/fips202/fips202.h	cad68aaacc2f3511f0a5a0c70f7ac827e76c78e862f1c5616de2b74c8b96a4a5	4922	upstream/mlkem-native/pkcheck-af4c5abd-source-snapshot/examples/monolithic_build_multilevel/mlkem_native/src/fips202/fips202.h
mlk_kem_check_pk_cleanroom/PKCHECK_00BC_01A_ADMISSION_20260730T013748Z/mlkem-native_af4c5abd_isolated/examples/monolithic_build_multilevel/mlkem_native/src/fips202/fips202x4.c	2e481ccbafc00765b210725c8e454f2b4dc622844eccf6a0c1e025657fcb5fe8	7353	upstream/mlkem-native/pkcheck-af4c5abd-source-snapshot/examples/monolithic_build_multilevel/mlkem_native/src/fips202/fips202x4.c
mlk_kem_check_pk_cleanroom/PKCHECK_00BC_01A_ADMISSION_20260730T013748Z/mlkem-native_af4c5abd_isolated/examples/monolithic_build_multilevel/mlkem_native/src/fips202/fips202x4.h	c8d2e50f7ccce19822030786a1a99f0892db63ebe5b020fa91a5383c9700dd22	3156	upstream/mlkem-native/pkcheck-af4c5abd-source-snapshot/examples/monolithic_build_multilevel/mlkem_native/src/fips202/fips202x4.h
mlk_kem_check_pk_cleanroom/PKCHECK_00BC_01A_ADMISSION_20260730T013748Z/mlkem-native_af4c5abd_isolated/examples/monolithic_build_multilevel/mlkem_native/src/fips202/keccakf1600.c	65770564ec922faca7ec072eefc16bfdba2495a20d51cae0f6cce207835cdd7e	15788	upstream/mlkem-native/pkcheck-af4c5abd-source-snapshot/examples/monolithic_build_multilevel/mlkem_native/src/fips202/keccakf1600.c
mlk_kem_check_pk_cleanroom/PKCHECK_00BC_01A_ADMISSION_20260730T013748Z/mlkem-native_af4c5abd_isolated/examples/monolithic_build_multilevel/mlkem_native/src/fips202/keccakf1600.h	88c06d4c546f46920a65001bcfad8cabb6173fb01ae071e02412c46043bdf54f	4385	upstream/mlkem-native/pkcheck-af4c5abd-source-snapshot/examples/monolithic_build_multilevel/mlkem_native/src/fips202/keccakf1600.h
mlk_kem_check_pk_cleanroom/PKCHECK_00BC_01A_ADMISSION_20260730T013748Z/mlkem-native_af4c5abd_isolated/examples/monolithic_build_multilevel/mlkem_native/src/fips202/native/aarch64/auto.h	1229009312b61690b2f56babf7a6f648fa9c51ef30d6a5d2a5b44cb23fcc00ff	2185	upstream/mlkem-native/pkcheck-af4c5abd-source-snapshot/examples/monolithic_build_multilevel/mlkem_native/src/fips202/native/aarch64/auto.h
mlk_kem_check_pk_cleanroom/PKCHECK_00BC_01A_ADMISSION_20260730T013748Z/mlkem-native_af4c5abd_isolated/examples/monolithic_build_multilevel/mlkem_native/src/fips202/native/aarch64/src/fips202_native_aarch64.h	76f1cd9df93bd940b50f1e8863a72ee58c261be7dd37ae3d696134cde0af6035	3421	upstream/mlkem-native/pkcheck-af4c5abd-source-snapshot/examples/monolithic_build_multilevel/mlkem_native/src/fips202/native/aarch64/src/fips202_native_aarch64.h
mlk_kem_check_pk_cleanroom/PKCHECK_00BC_01A_ADMISSION_20260730T013748Z/mlkem-native_af4c5abd_isolated/examples/monolithic_build_multilevel/mlkem_native/src/fips202/native/aarch64/src/keccak_f1600_x1_scalar_aarch64_asm.S	6fbe5f3b9607bf318a8e74d22452bce5890832b5048fdb952842f929036d7586	11586	upstream/mlkem-native/pkcheck-af4c5abd-source-snapshot/examples/monolithic_build_multilevel/mlkem_native/src/fips202/native/aarch64/src/keccak_f1600_x1_scalar_aarch64_asm.S
mlk_kem_check_pk_cleanroom/PKCHECK_00BC_01A_ADMISSION_20260730T013748Z/mlkem-native_af4c5abd_isolated/examples/monolithic_build_multilevel/mlkem_native/src/fips202/native/aarch64/src/keccak_f1600_x1_v84a_aarch64_asm.S	a0c147e3dc50889e1acf527610951b84b0d2fead2cf3ebac0f581019bef03e9c	6944	upstream/mlkem-native/pkcheck-af4c5abd-source-snapshot/examples/monolithic_build_multilevel/mlkem_native/src/fips202/native/aarch64/src/keccak_f1600_x1_v84a_aarch64_asm.S
mlk_kem_check_pk_cleanroom/PKCHECK_00BC_01A_ADMISSION_20260730T013748Z/mlkem-native_af4c5abd_isolated/examples/monolithic_build_multilevel/mlkem_native/src/fips202/native/aarch64/src/keccak_f1600_x2_v84a_aarch64_asm.S	3f5c48c3b3dd108995929abf43f4920228adfe9a9f5ba7be6cdca380925bd0ee	8986	upstream/mlkem-native/pkcheck-af4c5abd-source-snapshot/examples/monolithic_build_multilevel/mlkem_native/src/fips202/native/aarch64/src/keccak_f1600_x2_v84a_aarch64_asm.S
mlk_kem_check_pk_cleanroom/PKCHECK_00BC_01A_ADMISSION_20260730T013748Z/mlkem-native_af4c5abd_isolated/examples/monolithic_build_multilevel/mlkem_native/src/fips202/native/aarch64/src/keccak_f1600_x4_v8a_scalar_hybrid_aarch64_asm.S	dc389f0d1f8b677c37737608f706292f985e328bd72e668d1c974c8cfbf47793	35953	upstream/mlkem-native/pkcheck-af4c5abd-source-snapshot/examples/monolithic_build_multilevel/mlkem_native/src/fips202/native/aarch64/src/keccak_f1600_x4_v8a_scalar_hybrid_aarch64_asm.S
mlk_kem_check_pk_cleanroom/PKCHECK_00BC_01A_ADMISSION_20260730T013748Z/mlkem-native_af4c5abd_isolated/examples/monolithic_build_multilevel/mlkem_native/src/fips202/native/aarch64/src/keccak_f1600_x4_v8a_v84a_scalar_hybrid_aarch64_asm.S	b81dddd63984b5750f2cddc5a4ccc6b5e3ed7f541a15a62f1cd375bc819dd9d3	33242	upstream/mlkem-native/pkcheck-af4c5abd-source-snapshot/examples/monolithic_build_multilevel/mlkem_native/src/fips202/native/aarch64/src/keccak_f1600_x4_v8a_v84a_scalar_hybrid_aarch64_asm.S
mlk_kem_check_pk_cleanroom/PKCHECK_00BC_01A_ADMISSION_20260730T013748Z/mlkem-native_af4c5abd_isolated/examples/monolithic_build_multilevel/mlkem_native/src/fips202/native/aarch64/src/keccakf1600_round_constants.c	e5ddd2b144d4006bc515a7259dc85be96f2029bcff1ab8802e8aa683767adeb9	2165	upstream/mlkem-native/pkcheck-af4c5abd-source-snapshot/examples/monolithic_build_multilevel/mlkem_native/src/fips202/native/aarch64/src/keccakf1600_round_constants.c
mlk_kem_check_pk_cleanroom/PKCHECK_00BC_01A_ADMISSION_20260730T013748Z/mlkem-native_af4c5abd_isolated/examples/monolithic_build_multilevel/mlkem_native/src/fips202/native/aarch64/x1_scalar.h	31a5c395ec7a2fcf084fc64e9e5b36d9b57c60f52242453970888f99a8cd033f	765	upstream/mlkem-native/pkcheck-af4c5abd-source-snapshot/examples/monolithic_build_multilevel/mlkem_native/src/fips202/native/aarch64/x1_scalar.h
mlk_kem_check_pk_cleanroom/PKCHECK_00BC_01A_ADMISSION_20260730T013748Z/mlkem-native_af4c5abd_isolated/examples/monolithic_build_multilevel/mlkem_native/src/fips202/native/aarch64/x1_v84a.h	fd96189141a839c07acfb64e4460841e999716730be080376b2604d0aa709687	923	upstream/mlkem-native/pkcheck-af4c5abd-source-snapshot/examples/monolithic_build_multilevel/mlkem_native/src/fips202/native/aarch64/x1_v84a.h
mlk_kem_check_pk_cleanroom/PKCHECK_00BC_01A_ADMISSION_20260730T013748Z/mlkem-native_af4c5abd_isolated/examples/monolithic_build_multilevel/mlkem_native/src/fips202/native/aarch64/x2_v84a.h	cea8a31cdac31aae7c62e02d8ee8b223d51fc8e48fd9f0059bed33e2e09476ac	1099	upstream/mlkem-native/pkcheck-af4c5abd-source-snapshot/examples/monolithic_build_multilevel/mlkem_native/src/fips202/native/aarch64/x2_v84a.h
mlk_kem_check_pk_cleanroom/PKCHECK_00BC_01A_ADMISSION_20260730T013748Z/mlkem-native_af4c5abd_isolated/examples/monolithic_build_multilevel/mlkem_native/src/fips202/native/aarch64/x4_v8a_scalar.h	fc1ba65c9557eddad623ec15e193fa8ff18d970cd348ecd736bed092c5f4f5e2	765	upstream/mlkem-native/pkcheck-af4c5abd-source-snapshot/examples/monolithic_build_multilevel/mlkem_native/src/fips202/native/aarch64/x4_v8a_scalar.h
mlk_kem_check_pk_cleanroom/PKCHECK_00BC_01A_ADMISSION_20260730T013748Z/mlkem-native_af4c5abd_isolated/examples/monolithic_build_multilevel/mlkem_native/src/fips202/native/aarch64/x4_v8a_v84a_scalar.h	af16e048da60454ae457d8519adf37c1e1ccf5decb455158d6a829be6a030f20	999	upstream/mlkem-native/pkcheck-af4c5abd-source-snapshot/examples/monolithic_build_multilevel/mlkem_native/src/fips202/native/aarch64/x4_v8a_v84a_scalar.h
mlk_kem_check_pk_cleanroom/PKCHECK_00BC_01A_ADMISSION_20260730T013748Z/mlkem-native_af4c5abd_isolated/examples/monolithic_build_multilevel/mlkem_native/src/fips202/native/api.h	d4d8734a33d4b91e4ff53955751943ba60ea89a3b9da94a1f8bd42f1b4ee9c86	5069	upstream/mlkem-native/pkcheck-af4c5abd-source-snapshot/examples/monolithic_build_multilevel/mlkem_native/src/fips202/native/api.h
mlk_kem_check_pk_cleanroom/PKCHECK_00BC_01A_ADMISSION_20260730T013748Z/mlkem-native_af4c5abd_isolated/examples/monolithic_build_multilevel/mlkem_native/src/fips202/native/armv81m/README.md	ef41c9e748a12dac3da3c0a7d9a890115886ee0a1bb8d7141fb76f28fd9e8668	483	upstream/mlkem-native/pkcheck-af4c5abd-source-snapshot/examples/monolithic_build_multilevel/mlkem_native/src/fips202/native/armv81m/README.md
mlk_kem_check_pk_cleanroom/PKCHECK_00BC_01A_ADMISSION_20260730T013748Z/mlkem-native_af4c5abd_isolated/examples/monolithic_build_multilevel/mlkem_native/src/fips202/native/armv81m/mve.h	1be4f1af21ecdc4d388917441a7135fa3bc1f189b4b4f8bcd7723d12013b3f25	1927	upstream/mlkem-native/pkcheck-af4c5abd-source-snapshot/examples/monolithic_build_multilevel/mlkem_native/src/fips202/native/armv81m/mve.h
mlk_kem_check_pk_cleanroom/PKCHECK_00BC_01A_ADMISSION_20260730T013748Z/mlkem-native_af4c5abd_isolated/examples/monolithic_build_multilevel/mlkem_native/src/fips202/native/armv81m/src/fips202_native_armv81m.h	ca26af0242b3909d82a41581384bf8bd660f5fe84b09a80e4b94addb735f054c	1702	upstream/mlkem-native/pkcheck-af4c5abd-source-snapshot/examples/monolithic_build_multilevel/mlkem_native/src/fips202/native/armv81m/src/fips202_native_armv81m.h
mlk_kem_check_pk_cleanroom/PKCHECK_00BC_01A_ADMISSION_20260730T013748Z/mlkem-native_af4c5abd_isolated/examples/monolithic_build_multilevel/mlkem_native/src/fips202/native/armv81m/src/keccak_f1600_x4_mve.S	50c5f44d3a677becc5e018da38f0c5b07d5b5b988de2fee4e255ac9a5b4e9307	21417	upstream/mlkem-native/pkcheck-af4c5abd-source-snapshot/examples/monolithic_build_multilevel/mlkem_native/src/fips202/native/armv81m/src/keccak_f1600_x4_mve.S
mlk_kem_check_pk_cleanroom/PKCHECK_00BC_01A_ADMISSION_20260730T013748Z/mlkem-native_af4c5abd_isolated/examples/monolithic_build_multilevel/mlkem_native/src/fips202/native/armv81m/src/keccak_f1600_x4_mve.c	cc2f5a32ae2c5256088e17e04f89529ca3985baa6813ef4d2f0a971d8698a666	1281	upstream/mlkem-native/pkcheck-af4c5abd-source-snapshot/examples/monolithic_build_multilevel/mlkem_native/src/fips202/native/armv81m/src/keccak_f1600_x4_mve.c
mlk_kem_check_pk_cleanroom/PKCHECK_00BC_01A_ADMISSION_20260730T013748Z/mlkem-native_af4c5abd_isolated/examples/monolithic_build_multilevel/mlkem_native/src/fips202/native/armv81m/src/keccakf1600_round_constants.c	a01c0948612bf393e6ba1e1db603474d929245be4a273a7b874b491f0e23e22b	1808	upstream/mlkem-native/pkcheck-af4c5abd-source-snapshot/examples/monolithic_build_multilevel/mlkem_native/src/fips202/native/armv81m/src/keccakf1600_round_constants.c
mlk_kem_check_pk_cleanroom/PKCHECK_00BC_01A_ADMISSION_20260730T013748Z/mlkem-native_af4c5abd_isolated/examples/monolithic_build_multilevel/mlkem_native/src/fips202/native/armv81m/src/state_extract_bytes_x4_mve.S	59962bfe29c558c7d7fdcd7e002defa6b25e6bdfd0dd640c0a8be22f95d9e4ec	10888	upstream/mlkem-native/pkcheck-af4c5abd-source-snapshot/examples/monolithic_build_multilevel/mlkem_native/src/fips202/native/armv81m/src/state_extract_bytes_x4_mve.S
mlk_kem_check_pk_cleanroom/PKCHECK_00BC_01A_ADMISSION_20260730T013748Z/mlkem-native_af4c5abd_isolated/examples/monolithic_build_multilevel/mlkem_native/src/fips202/native/armv81m/src/state_xor_bytes_x4_mve.S	ae067d3b4331387e974066486f8db9403c55dff34a3f9c770d3d86a25e0c57cd	11446	upstream/mlkem-native/pkcheck-af4c5abd-source-snapshot/examples/monolithic_build_multilevel/mlkem_native/src/fips202/native/armv81m/src/state_xor_bytes_x4_mve.S
mlk_kem_check_pk_cleanroom/PKCHECK_00BC_01A_ADMISSION_20260730T013748Z/mlkem-native_af4c5abd_isolated/examples/monolithic_build_multilevel/mlkem_native/src/fips202/native/auto.h	590e5d36ce4e9d699501b458ea0653a365e12bbd9f63a6abc7bbdaab2d6b2cfd	742	upstream/mlkem-native/pkcheck-af4c5abd-source-snapshot/examples/monolithic_build_multilevel/mlkem_native/src/fips202/native/auto.h
mlk_kem_check_pk_cleanroom/PKCHECK_00BC_01A_ADMISSION_20260730T013748Z/mlkem-native_af4c5abd_isolated/examples/monolithic_build_multilevel/mlkem_native/src/fips202/native/x86_64/keccak_f1600_x4_avx2.h	30aa6ddce6398b400244c747f6a5653e9ac7fc7f75b43ca07e274a31081dd6a8	904	upstream/mlkem-native/pkcheck-af4c5abd-source-snapshot/examples/monolithic_build_multilevel/mlkem_native/src/fips202/native/x86_64/keccak_f1600_x4_avx2.h
mlk_kem_check_pk_cleanroom/PKCHECK_00BC_01A_ADMISSION_20260730T013748Z/mlkem-native_af4c5abd_isolated/examples/monolithic_build_multilevel/mlkem_native/src/fips202/native/x86_64/src/fips202_native_x86_64.h	451788547142ab61d2c17439d3e110991f336d90bd432fcd4b04e88c7989fefc	1675	upstream/mlkem-native/pkcheck-af4c5abd-source-snapshot/examples/monolithic_build_multilevel/mlkem_native/src/fips202/native/x86_64/src/fips202_native_x86_64.h
mlk_kem_check_pk_cleanroom/PKCHECK_00BC_01A_ADMISSION_20260730T013748Z/mlkem-native_af4c5abd_isolated/examples/monolithic_build_multilevel/mlkem_native/src/fips202/native/x86_64/src/keccak_f1600_x4_avx2_asm.S	8c39fef87dc62ec8ee98d30cbc73633a1c14e780d1e54a74baf4ca78f8c65791	20857	upstream/mlkem-native/pkcheck-af4c5abd-source-snapshot/examples/monolithic_build_multilevel/mlkem_native/src/fips202/native/x86_64/src/keccak_f1600_x4_avx2_asm.S
mlk_kem_check_pk_cleanroom/PKCHECK_00BC_01A_ADMISSION_20260730T013748Z/mlkem-native_af4c5abd_isolated/examples/monolithic_build_multilevel/mlkem_native/src/fips202/native/x86_64/src/keccakf1600_constants.c	e1783332d6248856c4b53d4b777b50fd4ab0eab409ea1c2722ecfc7b6b8809ac	1676	upstream/mlkem-native/pkcheck-af4c5abd-source-snapshot/examples/monolithic_build_multilevel/mlkem_native/src/fips202/native/x86_64/src/keccakf1600_constants.c
mlk_kem_check_pk_cleanroom/PKCHECK_00BC_01A_ADMISSION_20260730T013748Z/mlkem-native_af4c5abd_isolated/examples/monolithic_build_multilevel/mlkem_native/src/indcpa.c	ffc9cd09fb9a5926c8540b52181b064e7ae46b3d117e10ca51ac0d0ca940f6bd	23665	upstream/mlkem-native/pkcheck-af4c5abd-source-snapshot/examples/monolithic_build_multilevel/mlkem_native/src/indcpa.c
mlk_kem_check_pk_cleanroom/PKCHECK_00BC_01A_ADMISSION_20260730T013748Z/mlkem-native_af4c5abd_isolated/examples/monolithic_build_multilevel/mlkem_native/src/indcpa.h	25537257adf04a0db9764a1034f0f7af0be25ec0a37c47faff81fb32ee93c5f1	6836	upstream/mlkem-native/pkcheck-af4c5abd-source-snapshot/examples/monolithic_build_multilevel/mlkem_native/src/indcpa.h
mlk_kem_check_pk_cleanroom/PKCHECK_00BC_01A_ADMISSION_20260730T013748Z/mlkem-native_af4c5abd_isolated/examples/monolithic_build_multilevel/mlkem_native/src/kem.c	b3de1f7602b10c6033eee8b235138190ed09df917ec9326c2b38ce1083c541ce	13814	upstream/mlkem-native/pkcheck-af4c5abd-source-snapshot/examples/monolithic_build_multilevel/mlkem_native/src/kem.c
mlk_kem_check_pk_cleanroom/PKCHECK_00BC_01A_ADMISSION_20260730T013748Z/mlkem-native_af4c5abd_isolated/examples/monolithic_build_multilevel/mlkem_native/src/kem.h	e239f5d705fca7729e7838e836aa2fab814ddc4ffbaf7eeb73a32242b15d960d	13133	upstream/mlkem-native/pkcheck-af4c5abd-source-snapshot/examples/monolithic_build_multilevel/mlkem_native/src/kem.h
mlk_kem_check_pk_cleanroom/PKCHECK_00BC_01A_ADMISSION_20260730T013748Z/mlkem-native_af4c5abd_isolated/examples/monolithic_build_multilevel/mlkem_native/src/native/aarch64/README.md	6ffcd01b440924698a857730185d07fc29f868de611db3555ccd00b2486a4b65	1211	upstream/mlkem-native/pkcheck-af4c5abd-source-snapshot/examples/monolithic_build_multilevel/mlkem_native/src/native/aarch64/README.md
mlk_kem_check_pk_cleanroom/PKCHECK_00BC_01A_ADMISSION_20260730T013748Z/mlkem-native_af4c5abd_isolated/examples/monolithic_build_multilevel/mlkem_native/src/native/aarch64/meta.h	2a83df86204cb9b3602a019619a26c24876b2921254caaae53080bff8889f7b2	4214	upstream/mlkem-native/pkcheck-af4c5abd-source-snapshot/examples/monolithic_build_multilevel/mlkem_native/src/native/aarch64/meta.h
mlk_kem_check_pk_cleanroom/PKCHECK_00BC_01A_ADMISSION_20260730T013748Z/mlkem-native_af4c5abd_isolated/examples/monolithic_build_multilevel/mlkem_native/src/native/aarch64/src/aarch64_zetas.c	f254d432c3ad7e9f05b462ccc7c280efeca13af963cd208d62a80c1cdb592517	11373	upstream/mlkem-native/pkcheck-af4c5abd-source-snapshot/examples/monolithic_build_multilevel/mlkem_native/src/native/aarch64/src/aarch64_zetas.c
mlk_kem_check_pk_cleanroom/PKCHECK_00BC_01A_ADMISSION_20260730T013748Z/mlkem-native_af4c5abd_isolated/examples/monolithic_build_multilevel/mlkem_native/src/native/aarch64/src/arith_native_aarch64.h	cf3f258e98e21d3db85b6a543677c592e1bdc0cb9e88df647cd85ccd46b71b15	8573	upstream/mlkem-native/pkcheck-af4c5abd-source-snapshot/examples/monolithic_build_multilevel/mlkem_native/src/native/aarch64/src/arith_native_aarch64.h
mlk_kem_check_pk_cleanroom/PKCHECK_00BC_01A_ADMISSION_20260730T013748Z/mlkem-native_af4c5abd_isolated/examples/monolithic_build_multilevel/mlkem_native/src/native/aarch64/src/intt_aarch64_asm.S	30a3679a885c5c6e6d7312b57ad5a55e8f666495e4f5526b5d400a903ebb6cec	21082	upstream/mlkem-native/pkcheck-af4c5abd-source-snapshot/examples/monolithic_build_multilevel/mlkem_native/src/native/aarch64/src/intt_aarch64_asm.S
mlk_kem_check_pk_cleanroom/PKCHECK_00BC_01A_ADMISSION_20260730T013748Z/mlkem-native_af4c5abd_isolated/examples/monolithic_build_multilevel/mlkem_native/src/native/aarch64/src/ntt_aarch64_asm.S	dee8b0da4ca812cf3e06ab1180ba5325fe5f2f59dc175be0a85f16bca795e52c	18678	upstream/mlkem-native/pkcheck-af4c5abd-source-snapshot/examples/monolithic_build_multilevel/mlkem_native/src/native/aarch64/src/ntt_aarch64_asm.S
mlk_kem_check_pk_cleanroom/PKCHECK_00BC_01A_ADMISSION_20260730T013748Z/mlkem-native_af4c5abd_isolated/examples/monolithic_build_multilevel/mlkem_native/src/native/aarch64/src/poly_mulcache_compute_aarch64_asm.S	ffd3430b4126b3eca17189c362a08999140f4ebf0f04afd01342ec5a05e811ed	3866	upstream/mlkem-native/pkcheck-af4c5abd-source-snapshot/examples/monolithic_build_multilevel/mlkem_native/src/native/aarch64/src/poly_mulcache_compute_aarch64_asm.S
mlk_kem_check_pk_cleanroom/PKCHECK_00BC_01A_ADMISSION_20260730T013748Z/mlkem-native_af4c5abd_isolated/examples/monolithic_build_multilevel/mlkem_native/src/native/aarch64/src/poly_reduce_aarch64_asm.S	1b7d61373aa19548a87de892bfcfda9702295393002ba88eeb3be3d35ec700ab	4752	upstream/mlkem-native/pkcheck-af4c5abd-source-snapshot/examples/monolithic_build_multilevel/mlkem_native/src/native/aarch64/src/poly_reduce_aarch64_asm.S
mlk_kem_check_pk_cleanroom/PKCHECK_00BC_01A_ADMISSION_20260730T013748Z/mlkem-native_af4c5abd_isolated/examples/monolithic_build_multilevel/mlkem_native/src/native/aarch64/src/poly_tobytes_aarch64_asm.S	925af2035e63f5c8866cd83361ad666e4d442a666aef485eba2790d0d2f613b5	3489	upstream/mlkem-native/pkcheck-af4c5abd-source-snapshot/examples/monolithic_build_multilevel/mlkem_native/src/native/aarch64/src/poly_tobytes_aarch64_asm.S
mlk_kem_check_pk_cleanroom/PKCHECK_00BC_01A_ADMISSION_20260730T013748Z/mlkem-native_af4c5abd_isolated/examples/monolithic_build_multilevel/mlkem_native/src/native/aarch64/src/poly_tomont_aarch64_asm.S	928fbd8b2666d5b6eec6284211742ba96ce70bc8061b0e93557e5ecee73ad3b9	2862	upstream/mlkem-native/pkcheck-af4c5abd-source-snapshot/examples/monolithic_build_multilevel/mlkem_native/src/native/aarch64/src/poly_tomont_aarch64_asm.S
mlk_kem_check_pk_cleanroom/PKCHECK_00BC_01A_ADMISSION_20260730T013748Z/mlkem-native_af4c5abd_isolated/examples/monolithic_build_multilevel/mlkem_native/src/native/aarch64/src/polyvec_basemul_acc_montgomery_cached_k2_aarch64_asm.S	458b153b637e49f93ccee39f6c12c379d4fd982125eceb68e01307d277662b70	8656	upstream/mlkem-native/pkcheck-af4c5abd-source-snapshot/examples/monolithic_build_multilevel/mlkem_native/src/native/aarch64/src/polyvec_basemul_acc_montgomery_cached_k2_aarch64_asm.S
mlk_kem_check_pk_cleanroom/PKCHECK_00BC_01A_ADMISSION_20260730T013748Z/mlkem-native_af4c5abd_isolated/examples/monolithic_build_multilevel/mlkem_native/src/native/aarch64/src/polyvec_basemul_acc_montgomery_cached_k3_aarch64_asm.S	f4fcc1351d09a503dd8b73e9b0b18b4ffe49cc01fbb3611e204c06a621798c95	10500	upstream/mlkem-native/pkcheck-af4c5abd-source-snapshot/examples/monolithic_build_multilevel/mlkem_native/src/native/aarch64/src/polyvec_basemul_acc_montgomery_cached_k3_aarch64_asm.S
mlk_kem_check_pk_cleanroom/PKCHECK_00BC_01A_ADMISSION_20260730T013748Z/mlkem-native_af4c5abd_isolated/examples/monolithic_build_multilevel/mlkem_native/src/native/aarch64/src/polyvec_basemul_acc_montgomery_cached_k4_aarch64_asm.S	a17756f307c353f9aa2ab6fc3b00717609426468c6e1fe7707b8d461b0c18855	12351	upstream/mlkem-native/pkcheck-af4c5abd-source-snapshot/examples/monolithic_build_multilevel/mlkem_native/src/native/aarch64/src/polyvec_basemul_acc_montgomery_cached_k4_aarch64_asm.S
mlk_kem_check_pk_cleanroom/PKCHECK_00BC_01A_ADMISSION_20260730T013748Z/mlkem-native_af4c5abd_isolated/examples/monolithic_build_multilevel/mlkem_native/src/native/aarch64/src/rej_uniform_aarch64_asm.S	a659079e5298fc99c408ccada099770832281b37fd7e5959e8908299a440ce05	6535	upstream/mlkem-native/pkcheck-af4c5abd-source-snapshot/examples/monolithic_build_multilevel/mlkem_native/src/native/aarch64/src/rej_uniform_aarch64_asm.S
mlk_kem_check_pk_cleanroom/PKCHECK_00BC_01A_ADMISSION_20260730T013748Z/mlkem-native_af4c5abd_isolated/examples/monolithic_build_multilevel/mlkem_native/src/native/aarch64/src/rej_uniform_table.c	0f4e7024475acf7cc84adc8c013356fd650e312b9ea8855da32fa1531f4af7f7	27620	upstream/mlkem-native/pkcheck-af4c5abd-source-snapshot/examples/monolithic_build_multilevel/mlkem_native/src/native/aarch64/src/rej_uniform_table.c
mlk_kem_check_pk_cleanroom/PKCHECK_00BC_01A_ADMISSION_20260730T013748Z/mlkem-native_af4c5abd_isolated/examples/monolithic_build_multilevel/mlkem_native/src/native/api.h	651e2401c7b63e97442f08d3f6ea422fd425ec85ca47dcfdd02d9f5fa78e5ae9	28338	upstream/mlkem-native/pkcheck-af4c5abd-source-snapshot/examples/monolithic_build_multilevel/mlkem_native/src/native/api.h
mlk_kem_check_pk_cleanroom/PKCHECK_00BC_01A_ADMISSION_20260730T013748Z/mlkem-native_af4c5abd_isolated/examples/monolithic_build_multilevel/mlkem_native/src/native/meta.h	eb30d087373d9f809ef8bcbf5396e68e79f0b210efd9436c47f9c5dd2b07a089	604	upstream/mlkem-native/pkcheck-af4c5abd-source-snapshot/examples/monolithic_build_multilevel/mlkem_native/src/native/meta.h
mlk_kem_check_pk_cleanroom/PKCHECK_00BC_01A_ADMISSION_20260730T013748Z/mlkem-native_af4c5abd_isolated/examples/monolithic_build_multilevel/mlkem_native/src/native/ppc64le/README.md	c4ad2278ef016d2816b8d1049b73fd42e5a0f4acc3dd4dba3c969a94d80a2034	226	upstream/mlkem-native/pkcheck-af4c5abd-source-snapshot/examples/monolithic_build_multilevel/mlkem_native/src/native/ppc64le/README.md
mlk_kem_check_pk_cleanroom/PKCHECK_00BC_01A_ADMISSION_20260730T013748Z/mlkem-native_af4c5abd_isolated/examples/monolithic_build_multilevel/mlkem_native/src/native/ppc64le/meta.h	ca485705ed13888726c8ddd568be32612c4e118aeaf01e4e2642e17ac138dd78	1858	upstream/mlkem-native/pkcheck-af4c5abd-source-snapshot/examples/monolithic_build_multilevel/mlkem_native/src/native/ppc64le/meta.h
mlk_kem_check_pk_cleanroom/PKCHECK_00BC_01A_ADMISSION_20260730T013748Z/mlkem-native_af4c5abd_isolated/examples/monolithic_build_multilevel/mlkem_native/src/native/ppc64le/src/arith_native_ppc64le.h	7db7bf729b7de84356645c4090739e6e20aa40543b788e6d1e68e4b794a6c276	794	upstream/mlkem-native/pkcheck-af4c5abd-source-snapshot/examples/monolithic_build_multilevel/mlkem_native/src/native/ppc64le/src/arith_native_ppc64le.h
mlk_kem_check_pk_cleanroom/PKCHECK_00BC_01A_ADMISSION_20260730T013748Z/mlkem-native_af4c5abd_isolated/examples/monolithic_build_multilevel/mlkem_native/src/native/ppc64le/src/consts.c	f651fcd8d1c53f645cb9ef4a17a86575c787fa0e9cdf3b31c10417f20bcbfe98	15486	upstream/mlkem-native/pkcheck-af4c5abd-source-snapshot/examples/monolithic_build_multilevel/mlkem_native/src/native/ppc64le/src/consts.c
mlk_kem_check_pk_cleanroom/PKCHECK_00BC_01A_ADMISSION_20260730T013748Z/mlkem-native_af4c5abd_isolated/examples/monolithic_build_multilevel/mlkem_native/src/native/ppc64le/src/consts.h	6da9424313bb9fbb1c0f366df9c058e6464023732c09185be5f829791b6cf12e	985	upstream/mlkem-native/pkcheck-af4c5abd-source-snapshot/examples/monolithic_build_multilevel/mlkem_native/src/native/ppc64le/src/consts.h
mlk_kem_check_pk_cleanroom/PKCHECK_00BC_01A_ADMISSION_20260730T013748Z/mlkem-native_af4c5abd_isolated/examples/monolithic_build_multilevel/mlkem_native/src/native/ppc64le/src/intt_ppc_asm.S	c3c2222b1a47112df089e93ffabd4fd019744d0be6ea5a9c3d15eadd637bab37	83617	upstream/mlkem-native/pkcheck-af4c5abd-source-snapshot/examples/monolithic_build_multilevel/mlkem_native/src/native/ppc64le/src/intt_ppc_asm.S
mlk_kem_check_pk_cleanroom/PKCHECK_00BC_01A_ADMISSION_20260730T013748Z/mlkem-native_af4c5abd_isolated/examples/monolithic_build_multilevel/mlkem_native/src/native/ppc64le/src/ntt_ppc_asm.S	3fad90c5bcc5a809ef822e9eaf145b62a95ca28f0b1cde29c64c3f392e5dd562	43672	upstream/mlkem-native/pkcheck-af4c5abd-source-snapshot/examples/monolithic_build_multilevel/mlkem_native/src/native/ppc64le/src/ntt_ppc_asm.S
mlk_kem_check_pk_cleanroom/PKCHECK_00BC_01A_ADMISSION_20260730T013748Z/mlkem-native_af4c5abd_isolated/examples/monolithic_build_multilevel/mlkem_native/src/native/ppc64le/src/poly_tomont_ppc_asm.S	272e46991f5f22f5e92dbfddc54f7ac8622b2162a1b6e3b984cb5acca835166c	8241	upstream/mlkem-native/pkcheck-af4c5abd-source-snapshot/examples/monolithic_build_multilevel/mlkem_native/src/native/ppc64le/src/poly_tomont_ppc_asm.S
mlk_kem_check_pk_cleanroom/PKCHECK_00BC_01A_ADMISSION_20260730T013748Z/mlkem-native_af4c5abd_isolated/examples/monolithic_build_multilevel/mlkem_native/src/native/ppc64le/src/reduce_ppc_asm.S	5ed62d46877909cea8e01daad1715f6684ff9d779226c98d2d47b5688f629932	18506	upstream/mlkem-native/pkcheck-af4c5abd-source-snapshot/examples/monolithic_build_multilevel/mlkem_native/src/native/ppc64le/src/reduce_ppc_asm.S
mlk_kem_check_pk_cleanroom/PKCHECK_00BC_01A_ADMISSION_20260730T013748Z/mlkem-native_af4c5abd_isolated/examples/monolithic_build_multilevel/mlkem_native/src/native/riscv64/README.md	cc8a354ecbf09f5e490b643440a52d6a33118e04191e3ab8c6754e49aa03ed1b	495	upstream/mlkem-native/pkcheck-af4c5abd-source-snapshot/examples/monolithic_build_multilevel/mlkem_native/src/native/riscv64/README.md
mlk_kem_check_pk_cleanroom/PKCHECK_00BC_01A_ADMISSION_20260730T013748Z/mlkem-native_af4c5abd_isolated/examples/monolithic_build_multilevel/mlkem_native/src/native/riscv64/meta.h	f589ac7e4847a3cfcaee07f8737290c6d57a1022118d1fc883363fa84eca2b93	4008	upstream/mlkem-native/pkcheck-af4c5abd-source-snapshot/examples/monolithic_build_multilevel/mlkem_native/src/native/riscv64/meta.h
mlk_kem_check_pk_cleanroom/PKCHECK_00BC_01A_ADMISSION_20260730T013748Z/mlkem-native_af4c5abd_isolated/examples/monolithic_build_multilevel/mlkem_native/src/native/riscv64/src/arith_native_riscv64.h	d66aaf515aaff3da763ab7f636812e7444501f85d8441c4d1acb23fa4820de5e	1849	upstream/mlkem-native/pkcheck-af4c5abd-source-snapshot/examples/monolithic_build_multilevel/mlkem_native/src/native/riscv64/src/arith_native_riscv64.h
mlk_kem_check_pk_cleanroom/PKCHECK_00BC_01A_ADMISSION_20260730T013748Z/mlkem-native_af4c5abd_isolated/examples/monolithic_build_multilevel/mlkem_native/src/native/riscv64/src/rv64v_debug.c	43855e347be504e3489133e6349cdef8e903646c06d08718ce4addf84e8e79c8	3133	upstream/mlkem-native/pkcheck-af4c5abd-source-snapshot/examples/monolithic_build_multilevel/mlkem_native/src/native/riscv64/src/rv64v_debug.c
mlk_kem_check_pk_cleanroom/PKCHECK_00BC_01A_ADMISSION_20260730T013748Z/mlkem-native_af4c5abd_isolated/examples/monolithic_build_multilevel/mlkem_native/src/native/riscv64/src/rv64v_debug.h	213b1c5efc36ae5f94ed20a4cda43b9e905819283418b6cfac23e8ba5b449452	5860	upstream/mlkem-native/pkcheck-af4c5abd-source-snapshot/examples/monolithic_build_multilevel/mlkem_native/src/native/riscv64/src/rv64v_debug.h
mlk_kem_check_pk_cleanroom/PKCHECK_00BC_01A_ADMISSION_20260730T013748Z/mlkem-native_af4c5abd_isolated/examples/monolithic_build_multilevel/mlkem_native/src/native/riscv64/src/rv64v_izetas.inc	d29ca53fe5a70fcc2dcb3227bff3d92c37e0c35f14f995635026effc7f612422	1256	upstream/mlkem-native/pkcheck-af4c5abd-source-snapshot/examples/monolithic_build_multilevel/mlkem_native/src/native/riscv64/src/rv64v_izetas.inc
mlk_kem_check_pk_cleanroom/PKCHECK_00BC_01A_ADMISSION_20260730T013748Z/mlkem-native_af4c5abd_isolated/examples/monolithic_build_multilevel/mlkem_native/src/native/riscv64/src/rv64v_poly.c	6f5bc47ccc4b2d357d5aabffed4ae58ee5927415ce14a35169e2e96830c2e1d0	28791	upstream/mlkem-native/pkcheck-af4c5abd-source-snapshot/examples/monolithic_build_multilevel/mlkem_native/src/native/riscv64/src/rv64v_poly.c
mlk_kem_check_pk_cleanroom/PKCHECK_00BC_01A_ADMISSION_20260730T013748Z/mlkem-native_af4c5abd_isolated/examples/monolithic_build_multilevel/mlkem_native/src/native/riscv64/src/rv64v_zetas.inc	34ceb2ecb5cdc4f03b830029a31b06ba44efa6bc0e8e615d45277765c57388e4	1256	upstream/mlkem-native/pkcheck-af4c5abd-source-snapshot/examples/monolithic_build_multilevel/mlkem_native/src/native/riscv64/src/rv64v_zetas.inc
mlk_kem_check_pk_cleanroom/PKCHECK_00BC_01A_ADMISSION_20260730T013748Z/mlkem-native_af4c5abd_isolated/examples/monolithic_build_multilevel/mlkem_native/src/native/riscv64/src/rv64v_zetas_basemul.inc	093d13133e258b9c362e2db0fea19b1d201877a9e1e7e014174a693d9862f5df	2203	upstream/mlkem-native/pkcheck-af4c5abd-source-snapshot/examples/monolithic_build_multilevel/mlkem_native/src/native/riscv64/src/rv64v_zetas_basemul.inc
mlk_kem_check_pk_cleanroom/PKCHECK_00BC_01A_ADMISSION_20260730T013748Z/mlkem-native_af4c5abd_isolated/examples/monolithic_build_multilevel/mlkem_native/src/native/x86_64/README.md	59963fb54af67d45463616ac56c579f113ce5193dd74aa694c9dada7e997c214	237	upstream/mlkem-native/pkcheck-af4c5abd-source-snapshot/examples/monolithic_build_multilevel/mlkem_native/src/native/x86_64/README.md
mlk_kem_check_pk_cleanroom/PKCHECK_00BC_01A_ADMISSION_20260730T013748Z/mlkem-native_af4c5abd_isolated/examples/monolithic_build_multilevel/mlkem_native/src/native/x86_64/meta.h	5610fedff3fdc502ba971824ed300f0ad49c7d60ae3ad707c90fa1d815d652a3	8775	upstream/mlkem-native/pkcheck-af4c5abd-source-snapshot/examples/monolithic_build_multilevel/mlkem_native/src/native/x86_64/meta.h
mlk_kem_check_pk_cleanroom/PKCHECK_00BC_01A_ADMISSION_20260730T013748Z/mlkem-native_af4c5abd_isolated/examples/monolithic_build_multilevel/mlkem_native/src/native/x86_64/src/arith_native_x86_64.h	ae77631908fc59e4c6fad80d861fbadf920212631394319a04c18bfe14c91764	13552	upstream/mlkem-native/pkcheck-af4c5abd-source-snapshot/examples/monolithic_build_multilevel/mlkem_native/src/native/x86_64/src/arith_native_x86_64.h
mlk_kem_check_pk_cleanroom/PKCHECK_00BC_01A_ADMISSION_20260730T013748Z/mlkem-native_af4c5abd_isolated/examples/monolithic_build_multilevel/mlkem_native/src/native/x86_64/src/compress_consts.c	562965e31635041e2133ccc7602b6185bdce5472541f3b54ac72795fb6bc98f2	4105	upstream/mlkem-native/pkcheck-af4c5abd-source-snapshot/examples/monolithic_build_multilevel/mlkem_native/src/native/x86_64/src/compress_consts.c
mlk_kem_check_pk_cleanroom/PKCHECK_00BC_01A_ADMISSION_20260730T013748Z/mlkem-native_af4c5abd_isolated/examples/monolithic_build_multilevel/mlkem_native/src/native/x86_64/src/compress_consts.h	2748f5adee7f2a50008ba934459533e183b1cebe581eedcb85ece373516bd915	1589	upstream/mlkem-native/pkcheck-af4c5abd-source-snapshot/examples/monolithic_build_multilevel/mlkem_native/src/native/x86_64/src/compress_consts.h
mlk_kem_check_pk_cleanroom/PKCHECK_00BC_01A_ADMISSION_20260730T013748Z/mlkem-native_af4c5abd_isolated/examples/monolithic_build_multilevel/mlkem_native/src/native/x86_64/src/consts.c	92b37dd2361425c2816f624a982b64bbb4b4a7563f02604470c7541a83acf435	5940	upstream/mlkem-native/pkcheck-af4c5abd-source-snapshot/examples/monolithic_build_multilevel/mlkem_native/src/native/x86_64/src/consts.c
mlk_kem_check_pk_cleanroom/PKCHECK_00BC_01A_ADMISSION_20260730T013748Z/mlkem-native_af4c5abd_isolated/examples/monolithic_build_multilevel/mlkem_native/src/native/x86_64/src/consts.h	f0046a67ebd4195f6180b179c0fe329c1bbfddc37203825a5ebf0dffa7991e15	749	upstream/mlkem-native/pkcheck-af4c5abd-source-snapshot/examples/monolithic_build_multilevel/mlkem_native/src/native/x86_64/src/consts.h
mlk_kem_check_pk_cleanroom/PKCHECK_00BC_01A_ADMISSION_20260730T013748Z/mlkem-native_af4c5abd_isolated/examples/monolithic_build_multilevel/mlkem_native/src/native/x86_64/src/intt_avx2_asm.S	a8a8bc6b50f98ead9e20bfb55ac11114c0515f0225ec68a8a9f370443a38b5ce	32189	upstream/mlkem-native/pkcheck-af4c5abd-source-snapshot/examples/monolithic_build_multilevel/mlkem_native/src/native/x86_64/src/intt_avx2_asm.S
mlk_kem_check_pk_cleanroom/PKCHECK_00BC_01A_ADMISSION_20260730T013748Z/mlkem-native_af4c5abd_isolated/examples/monolithic_build_multilevel/mlkem_native/src/native/x86_64/src/ntt_avx2_asm.S	70416a0ad9998fc2f3f0d662f1b4d692f234cadc83ac3ba81ca501c3d636d26c	28634	upstream/mlkem-native/pkcheck-af4c5abd-source-snapshot/examples/monolithic_build_multilevel/mlkem_native/src/native/x86_64/src/ntt_avx2_asm.S
mlk_kem_check_pk_cleanroom/PKCHECK_00BC_01A_ADMISSION_20260730T013748Z/mlkem-native_af4c5abd_isolated/examples/monolithic_build_multilevel/mlkem_native/src/native/x86_64/src/nttfrombytes_avx2_asm.S	001af6a58e96327ecf42bacec9f0f2868637443831de53bff36253fbd5f18e0a	10915	upstream/mlkem-native/pkcheck-af4c5abd-source-snapshot/examples/monolithic_build_multilevel/mlkem_native/src/native/x86_64/src/nttfrombytes_avx2_asm.S
mlk_kem_check_pk_cleanroom/PKCHECK_00BC_01A_ADMISSION_20260730T013748Z/mlkem-native_af4c5abd_isolated/examples/monolithic_build_multilevel/mlkem_native/src/native/x86_64/src/ntttobytes_avx2_asm.S	d2ad03151e8671da73900559e1f22b61327209dcd748a2dbc1209a494439c7db	10409	upstream/mlkem-native/pkcheck-af4c5abd-source-snapshot/examples/monolithic_build_multilevel/mlkem_native/src/native/x86_64/src/ntttobytes_avx2_asm.S
mlk_kem_check_pk_cleanroom/PKCHECK_00BC_01A_ADMISSION_20260730T013748Z/mlkem-native_af4c5abd_isolated/examples/monolithic_build_multilevel/mlkem_native/src/native/x86_64/src/nttunpack_avx2_asm.S	01af3a79b639f0c1edfd4311bfe986d78112ede758a277b88d6707a8ac0203e1	11482	upstream/mlkem-native/pkcheck-af4c5abd-source-snapshot/examples/monolithic_build_multilevel/mlkem_native/src/native/x86_64/src/nttunpack_avx2_asm.S
mlk_kem_check_pk_cleanroom/PKCHECK_00BC_01A_ADMISSION_20260730T013748Z/mlkem-native_af4c5abd_isolated/examples/monolithic_build_multilevel/mlkem_native/src/native/x86_64/src/poly_compress_d10_avx2_asm.S	459855f032dc08dd6112f535601f8b510692bafb7c7431e3a6018c84ee483d36	14850	upstream/mlkem-native/pkcheck-af4c5abd-source-snapshot/examples/monolithic_build_multilevel/mlkem_native/src/native/x86_64/src/poly_compress_d10_avx2_asm.S
mlk_kem_check_pk_cleanroom/PKCHECK_00BC_01A_ADMISSION_20260730T013748Z/mlkem-native_af4c5abd_isolated/examples/monolithic_build_multilevel/mlkem_native/src/native/x86_64/src/poly_compress_d11_avx2_asm.S	2b392cb520706e848f3a417d417c08165044f9066c9dd1ded8f292280e513440	19359	upstream/mlkem-native/pkcheck-af4c5abd-source-snapshot/examples/monolithic_build_multilevel/mlkem_native/src/native/x86_64/src/poly_compress_d11_avx2_asm.S
mlk_kem_check_pk_cleanroom/PKCHECK_00BC_01A_ADMISSION_20260730T013748Z/mlkem-native_af4c5abd_isolated/examples/monolithic_build_multilevel/mlkem_native/src/native/x86_64/src/poly_compress_d4_avx2_asm.S	166f9d829d9f1f40e1b066de49c4c181aa1db1fbcda88f3131cb0e62d4be984d	6384	upstream/mlkem-native/pkcheck-af4c5abd-source-snapshot/examples/monolithic_build_multilevel/mlkem_native/src/native/x86_64/src/poly_compress_d4_avx2_asm.S
mlk_kem_check_pk_cleanroom/PKCHECK_00BC_01A_ADMISSION_20260730T013748Z/mlkem-native_af4c5abd_isolated/examples/monolithic_build_multilevel/mlkem_native/src/native/x86_64/src/poly_compress_d5_avx2_asm.S	435aaeb0eabccaf585079a6051301a0847f5e6da4236e8b20fce65ddd3b8a49d	8480	upstream/mlkem-native/pkcheck-af4c5abd-source-snapshot/examples/monolithic_build_multilevel/mlkem_native/src/native/x86_64/src/poly_compress_d5_avx2_asm.S
mlk_kem_check_pk_cleanroom/PKCHECK_00BC_01A_ADMISSION_20260730T013748Z/mlkem-native_af4c5abd_isolated/examples/monolithic_build_multilevel/mlkem_native/src/native/x86_64/src/poly_decompress_d10_avx2_asm.S	d7f625f1488f40ed5db555f3d4fa772a12c17b1b29e2922a539691184179d494	9138	upstream/mlkem-native/pkcheck-af4c5abd-source-snapshot/examples/monolithic_build_multilevel/mlkem_native/src/native/x86_64/src/poly_decompress_d10_avx2_asm.S
mlk_kem_check_pk_cleanroom/PKCHECK_00BC_01A_ADMISSION_20260730T013748Z/mlkem-native_af4c5abd_isolated/examples/monolithic_build_multilevel/mlkem_native/src/native/x86_64/src/poly_decompress_d11_avx2_asm.S	45190c13cd3079b8bac79f8c6321be6786cb383ae3ebeef05f7fc79018701ad1	11155	upstream/mlkem-native/pkcheck-af4c5abd-source-snapshot/examples/monolithic_build_multilevel/mlkem_native/src/native/x86_64/src/poly_decompress_d11_avx2_asm.S
mlk_kem_check_pk_cleanroom/PKCHECK_00BC_01A_ADMISSION_20260730T013748Z/mlkem-native_af4c5abd_isolated/examples/monolithic_build_multilevel/mlkem_native/src/native/x86_64/src/poly_decompress_d4_avx2_asm.S	21f854e623079f1d100e757056e92ac0e7541634ba0bc933e1f46a479f18f42f	7067	upstream/mlkem-native/pkcheck-af4c5abd-source-snapshot/examples/monolithic_build_multilevel/mlkem_native/src/native/x86_64/src/poly_decompress_d4_avx2_asm.S
mlk_kem_check_pk_cleanroom/PKCHECK_00BC_01A_ADMISSION_20260730T013748Z/mlkem-native_af4c5abd_isolated/examples/monolithic_build_multilevel/mlkem_native/src/native/x86_64/src/poly_decompress_d5_avx2_asm.S	33030255964bffb490c486c67955b87deadaa7e0c785a672d5b00ac927c715ca	7687	upstream/mlkem-native/pkcheck-af4c5abd-source-snapshot/examples/monolithic_build_multilevel/mlkem_native/src/native/x86_64/src/poly_decompress_d5_avx2_asm.S
mlk_kem_check_pk_cleanroom/PKCHECK_00BC_01A_ADMISSION_20260730T013748Z/mlkem-native_af4c5abd_isolated/examples/monolithic_build_multilevel/mlkem_native/src/native/x86_64/src/poly_mulcache_compute_avx2_asm.S	1e2f765339130173959a59d3e0bd401613141f3f9ffbbf73097935254fcc8601	3698	upstream/mlkem-native/pkcheck-af4c5abd-source-snapshot/examples/monolithic_build_multilevel/mlkem_native/src/native/x86_64/src/poly_mulcache_compute_avx2_asm.S
mlk_kem_check_pk_cleanroom/PKCHECK_00BC_01A_ADMISSION_20260730T013748Z/mlkem-native_af4c5abd_isolated/examples/monolithic_build_multilevel/mlkem_native/src/native/x86_64/src/polyvec_basemul_acc_montgomery_cached_k2_avx2_asm.S	c7503836f6acb3e595d9a028d34dcd6b8b981687e299fff7ab33c543458745f9	19019	upstream/mlkem-native/pkcheck-af4c5abd-source-snapshot/examples/monolithic_build_multilevel/mlkem_native/src/native/x86_64/src/polyvec_basemul_acc_montgomery_cached_k2_avx2_asm.S
mlk_kem_check_pk_cleanroom/PKCHECK_00BC_01A_ADMISSION_20260730T013748Z/mlkem-native_af4c5abd_isolated/examples/monolithic_build_multilevel/mlkem_native/src/native/x86_64/src/polyvec_basemul_acc_montgomery_cached_k3_avx2_asm.S	4b7c254cfce65a8a2af80f8c82022e2ea3cf4af589ea143ff32feff649dc0d8c	27963	upstream/mlkem-native/pkcheck-af4c5abd-source-snapshot/examples/monolithic_build_multilevel/mlkem_native/src/native/x86_64/src/polyvec_basemul_acc_montgomery_cached_k3_avx2_asm.S
mlk_kem_check_pk_cleanroom/PKCHECK_00BC_01A_ADMISSION_20260730T013748Z/mlkem-native_af4c5abd_isolated/examples/monolithic_build_multilevel/mlkem_native/src/native/x86_64/src/polyvec_basemul_acc_montgomery_cached_k4_avx2_asm.S	07ad9aef4253ed87ee1fe3a47fa5bdd2ec13d3a0c7020e57fa6570090c251815	36908	upstream/mlkem-native/pkcheck-af4c5abd-source-snapshot/examples/monolithic_build_multilevel/mlkem_native/src/native/x86_64/src/polyvec_basemul_acc_montgomery_cached_k4_avx2_asm.S
mlk_kem_check_pk_cleanroom/PKCHECK_00BC_01A_ADMISSION_20260730T013748Z/mlkem-native_af4c5abd_isolated/examples/monolithic_build_multilevel/mlkem_native/src/native/x86_64/src/reduce_avx2_asm.S	d0812932f720ea634a8ffb4f0923f8b388256b2081e5944e0d0f65a7829081c8	7642	upstream/mlkem-native/pkcheck-af4c5abd-source-snapshot/examples/monolithic_build_multilevel/mlkem_native/src/native/x86_64/src/reduce_avx2_asm.S
mlk_kem_check_pk_cleanroom/PKCHECK_00BC_01A_ADMISSION_20260730T013748Z/mlkem-native_af4c5abd_isolated/examples/monolithic_build_multilevel/mlkem_native/src/native/x86_64/src/rej_uniform_avx2_asm.S	97eef83984599d8933158e080d8822f2b925d0cf5a64b51c568d2dbe59097cb3	4360	upstream/mlkem-native/pkcheck-af4c5abd-source-snapshot/examples/monolithic_build_multilevel/mlkem_native/src/native/x86_64/src/rej_uniform_avx2_asm.S
mlk_kem_check_pk_cleanroom/PKCHECK_00BC_01A_ADMISSION_20260730T013748Z/mlkem-native_af4c5abd_isolated/examples/monolithic_build_multilevel/mlkem_native/src/native/x86_64/src/rej_uniform_table.c	be662d58c00fdfc8dfa14bdaf580f7af0c21ffb3211eba5e6a89654ab34afa22	27658	upstream/mlkem-native/pkcheck-af4c5abd-source-snapshot/examples/monolithic_build_multilevel/mlkem_native/src/native/x86_64/src/rej_uniform_table.c
mlk_kem_check_pk_cleanroom/PKCHECK_00BC_01A_ADMISSION_20260730T013748Z/mlkem-native_af4c5abd_isolated/examples/monolithic_build_multilevel/mlkem_native/src/native/x86_64/src/tomont_avx2_asm.S	9bf8187fceae7fbfdcb5e35d9222707066b7e5b6d1079cda46eca078ac813864	5475	upstream/mlkem-native/pkcheck-af4c5abd-source-snapshot/examples/monolithic_build_multilevel/mlkem_native/src/native/x86_64/src/tomont_avx2_asm.S
mlk_kem_check_pk_cleanroom/PKCHECK_00BC_01A_ADMISSION_20260730T013748Z/mlkem-native_af4c5abd_isolated/examples/monolithic_build_multilevel/mlkem_native/src/params.h	450fe3e0e50496921920473ae4321660f178c23d51f1453f3c537ee63c4158cb	2566	upstream/mlkem-native/pkcheck-af4c5abd-source-snapshot/examples/monolithic_build_multilevel/mlkem_native/src/params.h
mlk_kem_check_pk_cleanroom/PKCHECK_00BC_01A_ADMISSION_20260730T013748Z/mlkem-native_af4c5abd_isolated/examples/monolithic_build_multilevel/mlkem_native/src/poly.c	f427dda46e29d53d3e33d683c9a8483bade3568eff43fb97b868a21bfd07c722	18569	upstream/mlkem-native/pkcheck-af4c5abd-source-snapshot/examples/monolithic_build_multilevel/mlkem_native/src/poly.c
mlk_kem_check_pk_cleanroom/PKCHECK_00BC_01A_ADMISSION_20260730T013748Z/mlkem-native_af4c5abd_isolated/examples/monolithic_build_multilevel/mlkem_native/src/poly.h	f24f980110953c1d361e04137e13e2f85f76db776903f85c98f24900e85f7aef	10117	upstream/mlkem-native/pkcheck-af4c5abd-source-snapshot/examples/monolithic_build_multilevel/mlkem_native/src/poly.h
mlk_kem_check_pk_cleanroom/PKCHECK_00BC_01A_ADMISSION_20260730T013748Z/mlkem-native_af4c5abd_isolated/examples/monolithic_build_multilevel/mlkem_native/src/poly_k.c	7dea24a0591b0fb033f7a8be214d687fbde11541c274a114ac3067af12b87c32	17662	upstream/mlkem-native/pkcheck-af4c5abd-source-snapshot/examples/monolithic_build_multilevel/mlkem_native/src/poly_k.c
mlk_kem_check_pk_cleanroom/PKCHECK_00BC_01A_ADMISSION_20260730T013748Z/mlkem-native_af4c5abd_isolated/examples/monolithic_build_multilevel/mlkem_native/src/poly_k.h	09bdfd4a19a9cb495832a78d0f099a6c949c40014472b33fb54d66bb56e660e0	22592	upstream/mlkem-native/pkcheck-af4c5abd-source-snapshot/examples/monolithic_build_multilevel/mlkem_native/src/poly_k.h
mlk_kem_check_pk_cleanroom/PKCHECK_00BC_01A_ADMISSION_20260730T013748Z/mlkem-native_af4c5abd_isolated/examples/monolithic_build_multilevel/mlkem_native/src/randombytes.h	137eb6e5854b8e58c2caec6eea86530c8e7495706f6f5b3e007e25a9875e164f	1649	upstream/mlkem-native/pkcheck-af4c5abd-source-snapshot/examples/monolithic_build_multilevel/mlkem_native/src/randombytes.h
mlk_kem_check_pk_cleanroom/PKCHECK_00BC_01A_ADMISSION_20260730T013748Z/mlkem-native_af4c5abd_isolated/examples/monolithic_build_multilevel/mlkem_native/src/sampling.c	0408bd0744346e2c59924ebc8a9a55e750a453b1595fc0fc85532f1626bdec0a	12913	upstream/mlkem-native/pkcheck-af4c5abd-source-snapshot/examples/monolithic_build_multilevel/mlkem_native/src/sampling.c
mlk_kem_check_pk_cleanroom/PKCHECK_00BC_01A_ADMISSION_20260730T013748Z/mlkem-native_af4c5abd_isolated/examples/monolithic_build_multilevel/mlkem_native/src/sampling.h	92501263f89afc3d6a5f06079bacbe1dfd5ba6db744c887e08cc1c521c0030eb	3853	upstream/mlkem-native/pkcheck-af4c5abd-source-snapshot/examples/monolithic_build_multilevel/mlkem_native/src/sampling.h
mlk_kem_check_pk_cleanroom/PKCHECK_00BC_01A_ADMISSION_20260730T013748Z/mlkem-native_af4c5abd_isolated/examples/monolithic_build_multilevel/mlkem_native/src/symmetric.h	168d0ec3bf50bd45cb0a103d7984e9ccf52f78697718b7e85efdf1beda7abc95	2596	upstream/mlkem-native/pkcheck-af4c5abd-source-snapshot/examples/monolithic_build_multilevel/mlkem_native/src/symmetric.h
mlk_kem_check_pk_cleanroom/PKCHECK_00BC_01A_ADMISSION_20260730T013748Z/mlkem-native_af4c5abd_isolated/examples/monolithic_build_multilevel/mlkem_native/src/sys.h	02e6b8901bb6334a378aab1f13538693f04726a5111aed7cc6c4cdbd41188f50	9543	upstream/mlkem-native/pkcheck-af4c5abd-source-snapshot/examples/monolithic_build_multilevel/mlkem_native/src/sys.h
mlk_kem_check_pk_cleanroom/PKCHECK_00BC_01A_ADMISSION_20260730T013748Z/mlkem-native_af4c5abd_isolated/examples/monolithic_build_multilevel/mlkem_native/src/verify.c	f8f89f1b8c8e5811ce134c0d90fb7828027336afeed231dc3ccb7ee6b73b9335	622	upstream/mlkem-native/pkcheck-af4c5abd-source-snapshot/examples/monolithic_build_multilevel/mlkem_native/src/verify.c
mlk_kem_check_pk_cleanroom/PKCHECK_00BC_01A_ADMISSION_20260730T013748Z/mlkem-native_af4c5abd_isolated/examples/monolithic_build_multilevel/mlkem_native/src/verify.h	13f44749f65099bee5bc55be260932d5e832bbd091335f1e47c31df464c1881f	15010	upstream/mlkem-native/pkcheck-af4c5abd-source-snapshot/examples/monolithic_build_multilevel/mlkem_native/src/verify.h
mlk_kem_check_pk_cleanroom/PKCHECK_00BC_01A_ADMISSION_20260730T013748Z/mlkem-native_af4c5abd_isolated/examples/monolithic_build_multilevel/mlkem_native/src/zetas.inc	303d1abccc4757d49a5c8df5f88080fefef617b7360056db5311bd94354096d4	1337	upstream/mlkem-native/pkcheck-af4c5abd-source-snapshot/examples/monolithic_build_multilevel/mlkem_native/src/zetas.inc
mlk_kem_check_pk_cleanroom/PKCHECK_00BC_01A_ADMISSION_20260730T013748Z/mlkem-native_af4c5abd_isolated/examples/monolithic_build_multilevel/mlkem_native_all.c	be0470ee1b1ed03d46cc788ee92e75cf547a952445a5f8e45fc9eec5ebbac9f0	1189	upstream/mlkem-native/pkcheck-af4c5abd-source-snapshot/examples/monolithic_build_multilevel/mlkem_native_all.c
mlk_kem_check_pk_cleanroom/PKCHECK_00BC_01A_ADMISSION_20260730T013748Z/mlkem-native_af4c5abd_isolated/examples/monolithic_build_multilevel/mlkem_native_all.h	d9d4effcc7a7adbf4c432e3fe63c22fd22dfaf9db767c65299f988d5df91bdbb	579	upstream/mlkem-native/pkcheck-af4c5abd-source-snapshot/examples/monolithic_build_multilevel/mlkem_native_all.h
mlk_kem_check_pk_cleanroom/PKCHECK_00BC_01A_ADMISSION_20260730T013748Z/mlkem-native_af4c5abd_isolated/examples/monolithic_build_multilevel/test_only_rng/notrandombytes.c	a11629c3372cd8b1ceb7ac6df80b9e1344c63b1df2f55a0d7d1cea2b34ddc12f	2013	upstream/mlkem-native/pkcheck-af4c5abd-source-snapshot/examples/monolithic_build_multilevel/test_only_rng/notrandombytes.c
mlk_kem_check_pk_cleanroom/PKCHECK_00BC_01A_ADMISSION_20260730T013748Z/mlkem-native_af4c5abd_isolated/examples/monolithic_build_multilevel/test_only_rng/notrandombytes.h	b7308b590b9d7bd57e9b6b37cbd5e0d1c2a6174926cefff72bbf4f90045cfd2b	674	upstream/mlkem-native/pkcheck-af4c5abd-source-snapshot/examples/monolithic_build_multilevel/test_only_rng/notrandombytes.h
mlk_kem_check_pk_cleanroom/PKCHECK_00BC_01A_ADMISSION_20260730T013748Z/mlkem-native_af4c5abd_isolated/examples/monolithic_build_multilevel_native/.gitignore	a16ce390164578975ec29da9b161ac23ca477f6b6b8fc8f5b051bda34e3b01ac	59	upstream/mlkem-native/pkcheck-af4c5abd-source-snapshot/examples/monolithic_build_multilevel_native/.gitignore
mlk_kem_check_pk_cleanroom/PKCHECK_00BC_01A_ADMISSION_20260730T013748Z/mlkem-native_af4c5abd_isolated/examples/monolithic_build_multilevel_native/Makefile	9e6166f55ee61d7e92735f467f77c944c8e0e9f9df39a8def2d5cecb087e8865	2628	upstream/mlkem-native/pkcheck-af4c5abd-source-snapshot/examples/monolithic_build_multilevel_native/Makefile
mlk_kem_check_pk_cleanroom/PKCHECK_00BC_01A_ADMISSION_20260730T013748Z/mlkem-native_af4c5abd_isolated/examples/monolithic_build_multilevel_native/README.md	583d4be5635f2082a85dc7f44f990ac46b8c7a460e70689c7ec804a92468bb49	3059	upstream/mlkem-native/pkcheck-af4c5abd-source-snapshot/examples/monolithic_build_multilevel_native/README.md
mlk_kem_check_pk_cleanroom/PKCHECK_00BC_01A_ADMISSION_20260730T013748Z/mlkem-native_af4c5abd_isolated/examples/monolithic_build_multilevel_native/auto.mk	179af17d2e0a2442e9fe7b8a195af549dc0cf445de4a1ff9810818096293fffb	7211	upstream/mlkem-native/pkcheck-af4c5abd-source-snapshot/examples/monolithic_build_multilevel_native/auto.mk
mlk_kem_check_pk_cleanroom/PKCHECK_00BC_01A_ADMISSION_20260730T013748Z/mlkem-native_af4c5abd_isolated/examples/monolithic_build_multilevel_native/main.c	29739c4d124609e1d49b2e0df82ba11b87a72a499198476d646d143cd104b8d1	6000	upstream/mlkem-native/pkcheck-af4c5abd-source-snapshot/examples/monolithic_build_multilevel_native/main.c
mlk_kem_check_pk_cleanroom/PKCHECK_00BC_01A_ADMISSION_20260730T013748Z/mlkem-native_af4c5abd_isolated/examples/monolithic_build_multilevel_native/mlkem_native/mlkem_native.c	bef0cf45ac2cc8338fa05ce0deb478c7d077f46f0ee59b24d03daa983ac56a45	21926	upstream/mlkem-native/pkcheck-af4c5abd-source-snapshot/examples/monolithic_build_multilevel_native/mlkem_native/mlkem_native.c
mlk_kem_check_pk_cleanroom/PKCHECK_00BC_01A_ADMISSION_20260730T013748Z/mlkem-native_af4c5abd_isolated/examples/monolithic_build_multilevel_native/mlkem_native/mlkem_native.h	df582b5462c592df89f0f8764af073acaa968086dc61e6c2d5cd6b12ac43c1b1	19752	upstream/mlkem-native/pkcheck-af4c5abd-source-snapshot/examples/monolithic_build_multilevel_native/mlkem_native/mlkem_native.h
mlk_kem_check_pk_cleanroom/PKCHECK_00BC_01A_ADMISSION_20260730T013748Z/mlkem-native_af4c5abd_isolated/examples/monolithic_build_multilevel_native/mlkem_native/mlkem_native_asm.S	3200c6dea105102cf67246bf1392b708024e9b8419d097a87564fcf619f5d9ee	24162	upstream/mlkem-native/pkcheck-af4c5abd-source-snapshot/examples/monolithic_build_multilevel_native/mlkem_native/mlkem_native_asm.S
mlk_kem_check_pk_cleanroom/PKCHECK_00BC_01A_ADMISSION_20260730T013748Z/mlkem-native_af4c5abd_isolated/examples/monolithic_build_multilevel_native/mlkem_native/mlkem_native_config.h	627a584e5248714990a266ae26373deb7fae0410b1a0d1dd7d26aaa10be8dc74	22793	upstream/mlkem-native/pkcheck-af4c5abd-source-snapshot/examples/monolithic_build_multilevel_native/mlkem_native/mlkem_native_config.h
mlk_kem_check_pk_cleanroom/PKCHECK_00BC_01A_ADMISSION_20260730T013748Z/mlkem-native_af4c5abd_isolated/examples/monolithic_build_multilevel_native/mlkem_native/src/cbmc.h	12fe62f76060aa2cdd41de6170e0c787c516ae753ed32579c9c39b1af55130fb	7954	upstream/mlkem-native/pkcheck-af4c5abd-source-snapshot/examples/monolithic_build_multilevel_native/mlkem_native/src/cbmc.h
mlk_kem_check_pk_cleanroom/PKCHECK_00BC_01A_ADMISSION_20260730T013748Z/mlkem-native_af4c5abd_isolated/examples/monolithic_build_multilevel_native/mlkem_native/src/common.h	cc48998e9595ec4e59a3aa53d6be9e55ecccb3cdc047e661ccd94fa99955d675	9434	upstream/mlkem-native/pkcheck-af4c5abd-source-snapshot/examples/monolithic_build_multilevel_native/mlkem_native/src/common.h
mlk_kem_check_pk_cleanroom/PKCHECK_00BC_01A_ADMISSION_20260730T013748Z/mlkem-native_af4c5abd_isolated/examples/monolithic_build_multilevel_native/mlkem_native/src/compress.c	9201bea6ddd1d7622cc6496d2f745fee52397d203392f75a3d6e52a400de5bad	24427	upstream/mlkem-native/pkcheck-af4c5abd-source-snapshot/examples/monolithic_build_multilevel_native/mlkem_native/src/compress.c
mlk_kem_check_pk_cleanroom/PKCHECK_00BC_01A_ADMISSION_20260730T013748Z/mlkem-native_af4c5abd_isolated/examples/monolithic_build_multilevel_native/mlkem_native/src/compress.h	0f357a30e7ea37351854dc550e502e5a7eaf80184896bf92b40073175706e0dd	20187	upstream/mlkem-native/pkcheck-af4c5abd-source-snapshot/examples/monolithic_build_multilevel_native/mlkem_native/src/compress.h
mlk_kem_check_pk_cleanroom/PKCHECK_00BC_01A_ADMISSION_20260730T013748Z/mlkem-native_af4c5abd_isolated/examples/monolithic_build_multilevel_native/mlkem_native/src/context.h	9e4cdb00eac5a3d1553e64a02dcba66300302f17f1f0d4f3bba64b65c1f53a90	1834	upstream/mlkem-native/pkcheck-af4c5abd-source-snapshot/examples/monolithic_build_multilevel_native/mlkem_native/src/context.h
mlk_kem_check_pk_cleanroom/PKCHECK_00BC_01A_ADMISSION_20260730T013748Z/mlkem-native_af4c5abd_isolated/examples/monolithic_build_multilevel_native/mlkem_native/src/debug.c	263ac19f2b2bf5c784cbf04fd4c968762abedc6961d44f507c8953b52a38827e	1605	upstream/mlkem-native/pkcheck-af4c5abd-source-snapshot/examples/monolithic_build_multilevel_native/mlkem_native/src/debug.c
mlk_kem_check_pk_cleanroom/PKCHECK_00BC_01A_ADMISSION_20260730T013748Z/mlkem-native_af4c5abd_isolated/examples/monolithic_build_multilevel_native/mlkem_native/src/debug.h	d1fab329b439fc6dd9c4234f3fe053e74b000d416e0f4e4464542813667f3750	4740	upstream/mlkem-native/pkcheck-af4c5abd-source-snapshot/examples/monolithic_build_multilevel_native/mlkem_native/src/debug.h
mlk_kem_check_pk_cleanroom/PKCHECK_00BC_01A_ADMISSION_20260730T013748Z/mlkem-native_af4c5abd_isolated/examples/monolithic_build_multilevel_native/mlkem_native/src/fips202/fips202.c	fb0654c0b33c45c929fdb2af2287807a7b8f312ac7f3baa3ddfaef0c030ef0b2	7438	upstream/mlkem-native/pkcheck-af4c5abd-source-snapshot/examples/monolithic_build_multilevel_native/mlkem_native/src/fips202/fips202.c
mlk_kem_check_pk_cleanroom/PKCHECK_00BC_01A_ADMISSION_20260730T013748Z/mlkem-native_af4c5abd_isolated/examples/monolithic_build_multilevel_native/mlkem_native/src/fips202/fips202.h	cad68aaacc2f3511f0a5a0c70f7ac827e76c78e862f1c5616de2b74c8b96a4a5	4922	upstream/mlkem-native/pkcheck-af4c5abd-source-snapshot/examples/monolithic_build_multilevel_native/mlkem_native/src/fips202/fips202.h
mlk_kem_check_pk_cleanroom/PKCHECK_00BC_01A_ADMISSION_20260730T013748Z/mlkem-native_af4c5abd_isolated/examples/monolithic_build_multilevel_native/mlkem_native/src/fips202/fips202x4.c	2e481ccbafc00765b210725c8e454f2b4dc622844eccf6a0c1e025657fcb5fe8	7353	upstream/mlkem-native/pkcheck-af4c5abd-source-snapshot/examples/monolithic_build_multilevel_native/mlkem_native/src/fips202/fips202x4.c
mlk_kem_check_pk_cleanroom/PKCHECK_00BC_01A_ADMISSION_20260730T013748Z/mlkem-native_af4c5abd_isolated/examples/monolithic_build_multilevel_native/mlkem_native/src/fips202/fips202x4.h	c8d2e50f7ccce19822030786a1a99f0892db63ebe5b020fa91a5383c9700dd22	3156	upstream/mlkem-native/pkcheck-af4c5abd-source-snapshot/examples/monolithic_build_multilevel_native/mlkem_native/src/fips202/fips202x4.h
mlk_kem_check_pk_cleanroom/PKCHECK_00BC_01A_ADMISSION_20260730T013748Z/mlkem-native_af4c5abd_isolated/examples/monolithic_build_multilevel_native/mlkem_native/src/fips202/keccakf1600.c	65770564ec922faca7ec072eefc16bfdba2495a20d51cae0f6cce207835cdd7e	15788	upstream/mlkem-native/pkcheck-af4c5abd-source-snapshot/examples/monolithic_build_multilevel_native/mlkem_native/src/fips202/keccakf1600.c
mlk_kem_check_pk_cleanroom/PKCHECK_00BC_01A_ADMISSION_20260730T013748Z/mlkem-native_af4c5abd_isolated/examples/monolithic_build_multilevel_native/mlkem_native/src/fips202/keccakf1600.h	88c06d4c546f46920a65001bcfad8cabb6173fb01ae071e02412c46043bdf54f	4385	upstream/mlkem-native/pkcheck-af4c5abd-source-snapshot/examples/monolithic_build_multilevel_native/mlkem_native/src/fips202/keccakf1600.h
mlk_kem_check_pk_cleanroom/PKCHECK_00BC_01A_ADMISSION_20260730T013748Z/mlkem-native_af4c5abd_isolated/examples/monolithic_build_multilevel_native/mlkem_native/src/fips202/native/aarch64/auto.h	1229009312b61690b2f56babf7a6f648fa9c51ef30d6a5d2a5b44cb23fcc00ff	2185	upstream/mlkem-native/pkcheck-af4c5abd-source-snapshot/examples/monolithic_build_multilevel_native/mlkem_native/src/fips202/native/aarch64/auto.h
mlk_kem_check_pk_cleanroom/PKCHECK_00BC_01A_ADMISSION_20260730T013748Z/mlkem-native_af4c5abd_isolated/examples/monolithic_build_multilevel_native/mlkem_native/src/fips202/native/aarch64/src/fips202_native_aarch64.h	76f1cd9df93bd940b50f1e8863a72ee58c261be7dd37ae3d696134cde0af6035	3421	upstream/mlkem-native/pkcheck-af4c5abd-source-snapshot/examples/monolithic_build_multilevel_native/mlkem_native/src/fips202/native/aarch64/src/fips202_native_aarch64.h
mlk_kem_check_pk_cleanroom/PKCHECK_00BC_01A_ADMISSION_20260730T013748Z/mlkem-native_af4c5abd_isolated/examples/monolithic_build_multilevel_native/mlkem_native/src/fips202/native/aarch64/src/keccak_f1600_x1_scalar_aarch64_asm.S	6fbe5f3b9607bf318a8e74d22452bce5890832b5048fdb952842f929036d7586	11586	upstream/mlkem-native/pkcheck-af4c5abd-source-snapshot/examples/monolithic_build_multilevel_native/mlkem_native/src/fips202/native/aarch64/src/keccak_f1600_x1_scalar_aarch64_asm.S
mlk_kem_check_pk_cleanroom/PKCHECK_00BC_01A_ADMISSION_20260730T013748Z/mlkem-native_af4c5abd_isolated/examples/monolithic_build_multilevel_native/mlkem_native/src/fips202/native/aarch64/src/keccak_f1600_x1_v84a_aarch64_asm.S	a0c147e3dc50889e1acf527610951b84b0d2fead2cf3ebac0f581019bef03e9c	6944	upstream/mlkem-native/pkcheck-af4c5abd-source-snapshot/examples/monolithic_build_multilevel_native/mlkem_native/src/fips202/native/aarch64/src/keccak_f1600_x1_v84a_aarch64_asm.S
mlk_kem_check_pk_cleanroom/PKCHECK_00BC_01A_ADMISSION_20260730T013748Z/mlkem-native_af4c5abd_isolated/examples/monolithic_build_multilevel_native/mlkem_native/src/fips202/native/aarch64/src/keccak_f1600_x2_v84a_aarch64_asm.S	3f5c48c3b3dd108995929abf43f4920228adfe9a9f5ba7be6cdca380925bd0ee	8986	upstream/mlkem-native/pkcheck-af4c5abd-source-snapshot/examples/monolithic_build_multilevel_native/mlkem_native/src/fips202/native/aarch64/src/keccak_f1600_x2_v84a_aarch64_asm.S
mlk_kem_check_pk_cleanroom/PKCHECK_00BC_01A_ADMISSION_20260730T013748Z/mlkem-native_af4c5abd_isolated/examples/monolithic_build_multilevel_native/mlkem_native/src/fips202/native/aarch64/src/keccak_f1600_x4_v8a_scalar_hybrid_aarch64_asm.S	dc389f0d1f8b677c37737608f706292f985e328bd72e668d1c974c8cfbf47793	35953	upstream/mlkem-native/pkcheck-af4c5abd-source-snapshot/examples/monolithic_build_multilevel_native/mlkem_native/src/fips202/native/aarch64/src/keccak_f1600_x4_v8a_scalar_hybrid_aarch64_asm.S
mlk_kem_check_pk_cleanroom/PKCHECK_00BC_01A_ADMISSION_20260730T013748Z/mlkem-native_af4c5abd_isolated/examples/monolithic_build_multilevel_native/mlkem_native/src/fips202/native/aarch64/src/keccak_f1600_x4_v8a_v84a_scalar_hybrid_aarch64_asm.S	b81dddd63984b5750f2cddc5a4ccc6b5e3ed7f541a15a62f1cd375bc819dd9d3	33242	upstream/mlkem-native/pkcheck-af4c5abd-source-snapshot/examples/monolithic_build_multilevel_native/mlkem_native/src/fips202/native/aarch64/src/keccak_f1600_x4_v8a_v84a_scalar_hybrid_aarch64_asm.S
mlk_kem_check_pk_cleanroom/PKCHECK_00BC_01A_ADMISSION_20260730T013748Z/mlkem-native_af4c5abd_isolated/examples/monolithic_build_multilevel_native/mlkem_native/src/fips202/native/aarch64/src/keccakf1600_round_constants.c	e5ddd2b144d4006bc515a7259dc85be96f2029bcff1ab8802e8aa683767adeb9	2165	upstream/mlkem-native/pkcheck-af4c5abd-source-snapshot/examples/monolithic_build_multilevel_native/mlkem_native/src/fips202/native/aarch64/src/keccakf1600_round_constants.c
mlk_kem_check_pk_cleanroom/PKCHECK_00BC_01A_ADMISSION_20260730T013748Z/mlkem-native_af4c5abd_isolated/examples/monolithic_build_multilevel_native/mlkem_native/src/fips202/native/aarch64/x1_scalar.h	31a5c395ec7a2fcf084fc64e9e5b36d9b57c60f52242453970888f99a8cd033f	765	upstream/mlkem-native/pkcheck-af4c5abd-source-snapshot/examples/monolithic_build_multilevel_native/mlkem_native/src/fips202/native/aarch64/x1_scalar.h
mlk_kem_check_pk_cleanroom/PKCHECK_00BC_01A_ADMISSION_20260730T013748Z/mlkem-native_af4c5abd_isolated/examples/monolithic_build_multilevel_native/mlkem_native/src/fips202/native/aarch64/x1_v84a.h	fd96189141a839c07acfb64e4460841e999716730be080376b2604d0aa709687	923	upstream/mlkem-native/pkcheck-af4c5abd-source-snapshot/examples/monolithic_build_multilevel_native/mlkem_native/src/fips202/native/aarch64/x1_v84a.h
mlk_kem_check_pk_cleanroom/PKCHECK_00BC_01A_ADMISSION_20260730T013748Z/mlkem-native_af4c5abd_isolated/examples/monolithic_build_multilevel_native/mlkem_native/src/fips202/native/aarch64/x2_v84a.h	cea8a31cdac31aae7c62e02d8ee8b223d51fc8e48fd9f0059bed33e2e09476ac	1099	upstream/mlkem-native/pkcheck-af4c5abd-source-snapshot/examples/monolithic_build_multilevel_native/mlkem_native/src/fips202/native/aarch64/x2_v84a.h
mlk_kem_check_pk_cleanroom/PKCHECK_00BC_01A_ADMISSION_20260730T013748Z/mlkem-native_af4c5abd_isolated/examples/monolithic_build_multilevel_native/mlkem_native/src/fips202/native/aarch64/x4_v8a_scalar.h	fc1ba65c9557eddad623ec15e193fa8ff18d970cd348ecd736bed092c5f4f5e2	765	upstream/mlkem-native/pkcheck-af4c5abd-source-snapshot/examples/monolithic_build_multilevel_native/mlkem_native/src/fips202/native/aarch64/x4_v8a_scalar.h
mlk_kem_check_pk_cleanroom/PKCHECK_00BC_01A_ADMISSION_20260730T013748Z/mlkem-native_af4c5abd_isolated/examples/monolithic_build_multilevel_native/mlkem_native/src/fips202/native/aarch64/x4_v8a_v84a_scalar.h	af16e048da60454ae457d8519adf37c1e1ccf5decb455158d6a829be6a030f20	999	upstream/mlkem-native/pkcheck-af4c5abd-source-snapshot/examples/monolithic_build_multilevel_native/mlkem_native/src/fips202/native/aarch64/x4_v8a_v84a_scalar.h
mlk_kem_check_pk_cleanroom/PKCHECK_00BC_01A_ADMISSION_20260730T013748Z/mlkem-native_af4c5abd_isolated/examples/monolithic_build_multilevel_native/mlkem_native/src/fips202/native/api.h	d4d8734a33d4b91e4ff53955751943ba60ea89a3b9da94a1f8bd42f1b4ee9c86	5069	upstream/mlkem-native/pkcheck-af4c5abd-source-snapshot/examples/monolithic_build_multilevel_native/mlkem_native/src/fips202/native/api.h
mlk_kem_check_pk_cleanroom/PKCHECK_00BC_01A_ADMISSION_20260730T013748Z/mlkem-native_af4c5abd_isolated/examples/monolithic_build_multilevel_native/mlkem_native/src/fips202/native/armv81m/README.md	ef41c9e748a12dac3da3c0a7d9a890115886ee0a1bb8d7141fb76f28fd9e8668	483	upstream/mlkem-native/pkcheck-af4c5abd-source-snapshot/examples/monolithic_build_multilevel_native/mlkem_native/src/fips202/native/armv81m/README.md
mlk_kem_check_pk_cleanroom/PKCHECK_00BC_01A_ADMISSION_20260730T013748Z/mlkem-native_af4c5abd_isolated/examples/monolithic_build_multilevel_native/mlkem_native/src/fips202/native/armv81m/mve.h	1be4f1af21ecdc4d388917441a7135fa3bc1f189b4b4f8bcd7723d12013b3f25	1927	upstream/mlkem-native/pkcheck-af4c5abd-source-snapshot/examples/monolithic_build_multilevel_native/mlkem_native/src/fips202/native/armv81m/mve.h
mlk_kem_check_pk_cleanroom/PKCHECK_00BC_01A_ADMISSION_20260730T013748Z/mlkem-native_af4c5abd_isolated/examples/monolithic_build_multilevel_native/mlkem_native/src/fips202/native/armv81m/src/fips202_native_armv81m.h	ca26af0242b3909d82a41581384bf8bd660f5fe84b09a80e4b94addb735f054c	1702	upstream/mlkem-native/pkcheck-af4c5abd-source-snapshot/examples/monolithic_build_multilevel_native/mlkem_native/src/fips202/native/armv81m/src/fips202_native_armv81m.h
mlk_kem_check_pk_cleanroom/PKCHECK_00BC_01A_ADMISSION_20260730T013748Z/mlkem-native_af4c5abd_isolated/examples/monolithic_build_multilevel_native/mlkem_native/src/fips202/native/armv81m/src/keccak_f1600_x4_mve.S	50c5f44d3a677becc5e018da38f0c5b07d5b5b988de2fee4e255ac9a5b4e9307	21417	upstream/mlkem-native/pkcheck-af4c5abd-source-snapshot/examples/monolithic_build_multilevel_native/mlkem_native/src/fips202/native/armv81m/src/keccak_f1600_x4_mve.S
mlk_kem_check_pk_cleanroom/PKCHECK_00BC_01A_ADMISSION_20260730T013748Z/mlkem-native_af4c5abd_isolated/examples/monolithic_build_multilevel_native/mlkem_native/src/fips202/native/armv81m/src/keccak_f1600_x4_mve.c	cc2f5a32ae2c5256088e17e04f89529ca3985baa6813ef4d2f0a971d8698a666	1281	upstream/mlkem-native/pkcheck-af4c5abd-source-snapshot/examples/monolithic_build_multilevel_native/mlkem_native/src/fips202/native/armv81m/src/keccak_f1600_x4_mve.c
mlk_kem_check_pk_cleanroom/PKCHECK_00BC_01A_ADMISSION_20260730T013748Z/mlkem-native_af4c5abd_isolated/examples/monolithic_build_multilevel_native/mlkem_native/src/fips202/native/armv81m/src/keccakf1600_round_constants.c	a01c0948612bf393e6ba1e1db603474d929245be4a273a7b874b491f0e23e22b	1808	upstream/mlkem-native/pkcheck-af4c5abd-source-snapshot/examples/monolithic_build_multilevel_native/mlkem_native/src/fips202/native/armv81m/src/keccakf1600_round_constants.c
mlk_kem_check_pk_cleanroom/PKCHECK_00BC_01A_ADMISSION_20260730T013748Z/mlkem-native_af4c5abd_isolated/examples/monolithic_build_multilevel_native/mlkem_native/src/fips202/native/armv81m/src/state_extract_bytes_x4_mve.S	59962bfe29c558c7d7fdcd7e002defa6b25e6bdfd0dd640c0a8be22f95d9e4ec	10888	upstream/mlkem-native/pkcheck-af4c5abd-source-snapshot/examples/monolithic_build_multilevel_native/mlkem_native/src/fips202/native/armv81m/src/state_extract_bytes_x4_mve.S
mlk_kem_check_pk_cleanroom/PKCHECK_00BC_01A_ADMISSION_20260730T013748Z/mlkem-native_af4c5abd_isolated/examples/monolithic_build_multilevel_native/mlkem_native/src/fips202/native/armv81m/src/state_xor_bytes_x4_mve.S	ae067d3b4331387e974066486f8db9403c55dff34a3f9c770d3d86a25e0c57cd	11446	upstream/mlkem-native/pkcheck-af4c5abd-source-snapshot/examples/monolithic_build_multilevel_native/mlkem_native/src/fips202/native/armv81m/src/state_xor_bytes_x4_mve.S
mlk_kem_check_pk_cleanroom/PKCHECK_00BC_01A_ADMISSION_20260730T013748Z/mlkem-native_af4c5abd_isolated/examples/monolithic_build_multilevel_native/mlkem_native/src/fips202/native/auto.h	590e5d36ce4e9d699501b458ea0653a365e12bbd9f63a6abc7bbdaab2d6b2cfd	742	upstream/mlkem-native/pkcheck-af4c5abd-source-snapshot/examples/monolithic_build_multilevel_native/mlkem_native/src/fips202/native/auto.h
mlk_kem_check_pk_cleanroom/PKCHECK_00BC_01A_ADMISSION_20260730T013748Z/mlkem-native_af4c5abd_isolated/examples/monolithic_build_multilevel_native/mlkem_native/src/fips202/native/x86_64/keccak_f1600_x4_avx2.h	30aa6ddce6398b400244c747f6a5653e9ac7fc7f75b43ca07e274a31081dd6a8	904	upstream/mlkem-native/pkcheck-af4c5abd-source-snapshot/examples/monolithic_build_multilevel_native/mlkem_native/src/fips202/native/x86_64/keccak_f1600_x4_avx2.h
mlk_kem_check_pk_cleanroom/PKCHECK_00BC_01A_ADMISSION_20260730T013748Z/mlkem-native_af4c5abd_isolated/examples/monolithic_build_multilevel_native/mlkem_native/src/fips202/native/x86_64/src/fips202_native_x86_64.h	451788547142ab61d2c17439d3e110991f336d90bd432fcd4b04e88c7989fefc	1675	upstream/mlkem-native/pkcheck-af4c5abd-source-snapshot/examples/monolithic_build_multilevel_native/mlkem_native/src/fips202/native/x86_64/src/fips202_native_x86_64.h
mlk_kem_check_pk_cleanroom/PKCHECK_00BC_01A_ADMISSION_20260730T013748Z/mlkem-native_af4c5abd_isolated/examples/monolithic_build_multilevel_native/mlkem_native/src/fips202/native/x86_64/src/keccak_f1600_x4_avx2_asm.S	8c39fef87dc62ec8ee98d30cbc73633a1c14e780d1e54a74baf4ca78f8c65791	20857	upstream/mlkem-native/pkcheck-af4c5abd-source-snapshot/examples/monolithic_build_multilevel_native/mlkem_native/src/fips202/native/x86_64/src/keccak_f1600_x4_avx2_asm.S
mlk_kem_check_pk_cleanroom/PKCHECK_00BC_01A_ADMISSION_20260730T013748Z/mlkem-native_af4c5abd_isolated/examples/monolithic_build_multilevel_native/mlkem_native/src/fips202/native/x86_64/src/keccakf1600_constants.c	e1783332d6248856c4b53d4b777b50fd4ab0eab409ea1c2722ecfc7b6b8809ac	1676	upstream/mlkem-native/pkcheck-af4c5abd-source-snapshot/examples/monolithic_build_multilevel_native/mlkem_native/src/fips202/native/x86_64/src/keccakf1600_constants.c
mlk_kem_check_pk_cleanroom/PKCHECK_00BC_01A_ADMISSION_20260730T013748Z/mlkem-native_af4c5abd_isolated/examples/monolithic_build_multilevel_native/mlkem_native/src/indcpa.c	ffc9cd09fb9a5926c8540b52181b064e7ae46b3d117e10ca51ac0d0ca940f6bd	23665	upstream/mlkem-native/pkcheck-af4c5abd-source-snapshot/examples/monolithic_build_multilevel_native/mlkem_native/src/indcpa.c
mlk_kem_check_pk_cleanroom/PKCHECK_00BC_01A_ADMISSION_20260730T013748Z/mlkem-native_af4c5abd_isolated/examples/monolithic_build_multilevel_native/mlkem_native/src/indcpa.h	25537257adf04a0db9764a1034f0f7af0be25ec0a37c47faff81fb32ee93c5f1	6836	upstream/mlkem-native/pkcheck-af4c5abd-source-snapshot/examples/monolithic_build_multilevel_native/mlkem_native/src/indcpa.h
mlk_kem_check_pk_cleanroom/PKCHECK_00BC_01A_ADMISSION_20260730T013748Z/mlkem-native_af4c5abd_isolated/examples/monolithic_build_multilevel_native/mlkem_native/src/kem.c	b3de1f7602b10c6033eee8b235138190ed09df917ec9326c2b38ce1083c541ce	13814	upstream/mlkem-native/pkcheck-af4c5abd-source-snapshot/examples/monolithic_build_multilevel_native/mlkem_native/src/kem.c
mlk_kem_check_pk_cleanroom/PKCHECK_00BC_01A_ADMISSION_20260730T013748Z/mlkem-native_af4c5abd_isolated/examples/monolithic_build_multilevel_native/mlkem_native/src/kem.h	e239f5d705fca7729e7838e836aa2fab814ddc4ffbaf7eeb73a32242b15d960d	13133	upstream/mlkem-native/pkcheck-af4c5abd-source-snapshot/examples/monolithic_build_multilevel_native/mlkem_native/src/kem.h
mlk_kem_check_pk_cleanroom/PKCHECK_00BC_01A_ADMISSION_20260730T013748Z/mlkem-native_af4c5abd_isolated/examples/monolithic_build_multilevel_native/mlkem_native/src/native/aarch64/README.md	6ffcd01b440924698a857730185d07fc29f868de611db3555ccd00b2486a4b65	1211	upstream/mlkem-native/pkcheck-af4c5abd-source-snapshot/examples/monolithic_build_multilevel_native/mlkem_native/src/native/aarch64/README.md
mlk_kem_check_pk_cleanroom/PKCHECK_00BC_01A_ADMISSION_20260730T013748Z/mlkem-native_af4c5abd_isolated/examples/monolithic_build_multilevel_native/mlkem_native/src/native/aarch64/meta.h	2a83df86204cb9b3602a019619a26c24876b2921254caaae53080bff8889f7b2	4214	upstream/mlkem-native/pkcheck-af4c5abd-source-snapshot/examples/monolithic_build_multilevel_native/mlkem_native/src/native/aarch64/meta.h
mlk_kem_check_pk_cleanroom/PKCHECK_00BC_01A_ADMISSION_20260730T013748Z/mlkem-native_af4c5abd_isolated/examples/monolithic_build_multilevel_native/mlkem_native/src/native/aarch64/src/aarch64_zetas.c	f254d432c3ad7e9f05b462ccc7c280efeca13af963cd208d62a80c1cdb592517	11373	upstream/mlkem-native/pkcheck-af4c5abd-source-snapshot/examples/monolithic_build_multilevel_native/mlkem_native/src/native/aarch64/src/aarch64_zetas.c
mlk_kem_check_pk_cleanroom/PKCHECK_00BC_01A_ADMISSION_20260730T013748Z/mlkem-native_af4c5abd_isolated/examples/monolithic_build_multilevel_native/mlkem_native/src/native/aarch64/src/arith_native_aarch64.h	cf3f258e98e21d3db85b6a543677c592e1bdc0cb9e88df647cd85ccd46b71b15	8573	upstream/mlkem-native/pkcheck-af4c5abd-source-snapshot/examples/monolithic_build_multilevel_native/mlkem_native/src/native/aarch64/src/arith_native_aarch64.h
mlk_kem_check_pk_cleanroom/PKCHECK_00BC_01A_ADMISSION_20260730T013748Z/mlkem-native_af4c5abd_isolated/examples/monolithic_build_multilevel_native/mlkem_native/src/native/aarch64/src/intt_aarch64_asm.S	30a3679a885c5c6e6d7312b57ad5a55e8f666495e4f5526b5d400a903ebb6cec	21082	upstream/mlkem-native/pkcheck-af4c5abd-source-snapshot/examples/monolithic_build_multilevel_native/mlkem_native/src/native/aarch64/src/intt_aarch64_asm.S
mlk_kem_check_pk_cleanroom/PKCHECK_00BC_01A_ADMISSION_20260730T013748Z/mlkem-native_af4c5abd_isolated/examples/monolithic_build_multilevel_native/mlkem_native/src/native/aarch64/src/ntt_aarch64_asm.S	dee8b0da4ca812cf3e06ab1180ba5325fe5f2f59dc175be0a85f16bca795e52c	18678	upstream/mlkem-native/pkcheck-af4c5abd-source-snapshot/examples/monolithic_build_multilevel_native/mlkem_native/src/native/aarch64/src/ntt_aarch64_asm.S
mlk_kem_check_pk_cleanroom/PKCHECK_00BC_01A_ADMISSION_20260730T013748Z/mlkem-native_af4c5abd_isolated/examples/monolithic_build_multilevel_native/mlkem_native/src/native/aarch64/src/poly_mulcache_compute_aarch64_asm.S	ffd3430b4126b3eca17189c362a08999140f4ebf0f04afd01342ec5a05e811ed	3866	upstream/mlkem-native/pkcheck-af4c5abd-source-snapshot/examples/monolithic_build_multilevel_native/mlkem_native/src/native/aarch64/src/poly_mulcache_compute_aarch64_asm.S
mlk_kem_check_pk_cleanroom/PKCHECK_00BC_01A_ADMISSION_20260730T013748Z/mlkem-native_af4c5abd_isolated/examples/monolithic_build_multilevel_native/mlkem_native/src/native/aarch64/src/poly_reduce_aarch64_asm.S	1b7d61373aa19548a87de892bfcfda9702295393002ba88eeb3be3d35ec700ab	4752	upstream/mlkem-native/pkcheck-af4c5abd-source-snapshot/examples/monolithic_build_multilevel_native/mlkem_native/src/native/aarch64/src/poly_reduce_aarch64_asm.S
mlk_kem_check_pk_cleanroom/PKCHECK_00BC_01A_ADMISSION_20260730T013748Z/mlkem-native_af4c5abd_isolated/examples/monolithic_build_multilevel_native/mlkem_native/src/native/aarch64/src/poly_tobytes_aarch64_asm.S	925af2035e63f5c8866cd83361ad666e4d442a666aef485eba2790d0d2f613b5	3489	upstream/mlkem-native/pkcheck-af4c5abd-source-snapshot/examples/monolithic_build_multilevel_native/mlkem_native/src/native/aarch64/src/poly_tobytes_aarch64_asm.S
mlk_kem_check_pk_cleanroom/PKCHECK_00BC_01A_ADMISSION_20260730T013748Z/mlkem-native_af4c5abd_isolated/examples/monolithic_build_multilevel_native/mlkem_native/src/native/aarch64/src/poly_tomont_aarch64_asm.S	928fbd8b2666d5b6eec6284211742ba96ce70bc8061b0e93557e5ecee73ad3b9	2862	upstream/mlkem-native/pkcheck-af4c5abd-source-snapshot/examples/monolithic_build_multilevel_native/mlkem_native/src/native/aarch64/src/poly_tomont_aarch64_asm.S
mlk_kem_check_pk_cleanroom/PKCHECK_00BC_01A_ADMISSION_20260730T013748Z/mlkem-native_af4c5abd_isolated/examples/monolithic_build_multilevel_native/mlkem_native/src/native/aarch64/src/polyvec_basemul_acc_montgomery_cached_k2_aarch64_asm.S	458b153b637e49f93ccee39f6c12c379d4fd982125eceb68e01307d277662b70	8656	upstream/mlkem-native/pkcheck-af4c5abd-source-snapshot/examples/monolithic_build_multilevel_native/mlkem_native/src/native/aarch64/src/polyvec_basemul_acc_montgomery_cached_k2_aarch64_asm.S
mlk_kem_check_pk_cleanroom/PKCHECK_00BC_01A_ADMISSION_20260730T013748Z/mlkem-native_af4c5abd_isolated/examples/monolithic_build_multilevel_native/mlkem_native/src/native/aarch64/src/polyvec_basemul_acc_montgomery_cached_k3_aarch64_asm.S	f4fcc1351d09a503dd8b73e9b0b18b4ffe49cc01fbb3611e204c06a621798c95	10500	upstream/mlkem-native/pkcheck-af4c5abd-source-snapshot/examples/monolithic_build_multilevel_native/mlkem_native/src/native/aarch64/src/polyvec_basemul_acc_montgomery_cached_k3_aarch64_asm.S
mlk_kem_check_pk_cleanroom/PKCHECK_00BC_01A_ADMISSION_20260730T013748Z/mlkem-native_af4c5abd_isolated/examples/monolithic_build_multilevel_native/mlkem_native/src/native/aarch64/src/polyvec_basemul_acc_montgomery_cached_k4_aarch64_asm.S	a17756f307c353f9aa2ab6fc3b00717609426468c6e1fe7707b8d461b0c18855	12351	upstream/mlkem-native/pkcheck-af4c5abd-source-snapshot/examples/monolithic_build_multilevel_native/mlkem_native/src/native/aarch64/src/polyvec_basemul_acc_montgomery_cached_k4_aarch64_asm.S
mlk_kem_check_pk_cleanroom/PKCHECK_00BC_01A_ADMISSION_20260730T013748Z/mlkem-native_af4c5abd_isolated/examples/monolithic_build_multilevel_native/mlkem_native/src/native/aarch64/src/rej_uniform_aarch64_asm.S	a659079e5298fc99c408ccada099770832281b37fd7e5959e8908299a440ce05	6535	upstream/mlkem-native/pkcheck-af4c5abd-source-snapshot/examples/monolithic_build_multilevel_native/mlkem_native/src/native/aarch64/src/rej_uniform_aarch64_asm.S
mlk_kem_check_pk_cleanroom/PKCHECK_00BC_01A_ADMISSION_20260730T013748Z/mlkem-native_af4c5abd_isolated/examples/monolithic_build_multilevel_native/mlkem_native/src/native/aarch64/src/rej_uniform_table.c	0f4e7024475acf7cc84adc8c013356fd650e312b9ea8855da32fa1531f4af7f7	27620	upstream/mlkem-native/pkcheck-af4c5abd-source-snapshot/examples/monolithic_build_multilevel_native/mlkem_native/src/native/aarch64/src/rej_uniform_table.c
mlk_kem_check_pk_cleanroom/PKCHECK_00BC_01A_ADMISSION_20260730T013748Z/mlkem-native_af4c5abd_isolated/examples/monolithic_build_multilevel_native/mlkem_native/src/native/api.h	651e2401c7b63e97442f08d3f6ea422fd425ec85ca47dcfdd02d9f5fa78e5ae9	28338	upstream/mlkem-native/pkcheck-af4c5abd-source-snapshot/examples/monolithic_build_multilevel_native/mlkem_native/src/native/api.h
mlk_kem_check_pk_cleanroom/PKCHECK_00BC_01A_ADMISSION_20260730T013748Z/mlkem-native_af4c5abd_isolated/examples/monolithic_build_multilevel_native/mlkem_native/src/native/meta.h	eb30d087373d9f809ef8bcbf5396e68e79f0b210efd9436c47f9c5dd2b07a089	604	upstream/mlkem-native/pkcheck-af4c5abd-source-snapshot/examples/monolithic_build_multilevel_native/mlkem_native/src/native/meta.h
mlk_kem_check_pk_cleanroom/PKCHECK_00BC_01A_ADMISSION_20260730T013748Z/mlkem-native_af4c5abd_isolated/examples/monolithic_build_multilevel_native/mlkem_native/src/native/ppc64le/README.md	c4ad2278ef016d2816b8d1049b73fd42e5a0f4acc3dd4dba3c969a94d80a2034	226	upstream/mlkem-native/pkcheck-af4c5abd-source-snapshot/examples/monolithic_build_multilevel_native/mlkem_native/src/native/ppc64le/README.md
mlk_kem_check_pk_cleanroom/PKCHECK_00BC_01A_ADMISSION_20260730T013748Z/mlkem-native_af4c5abd_isolated/examples/monolithic_build_multilevel_native/mlkem_native/src/native/ppc64le/meta.h	ca485705ed13888726c8ddd568be32612c4e118aeaf01e4e2642e17ac138dd78	1858	upstream/mlkem-native/pkcheck-af4c5abd-source-snapshot/examples/monolithic_build_multilevel_native/mlkem_native/src/native/ppc64le/meta.h
mlk_kem_check_pk_cleanroom/PKCHECK_00BC_01A_ADMISSION_20260730T013748Z/mlkem-native_af4c5abd_isolated/examples/monolithic_build_multilevel_native/mlkem_native/src/native/ppc64le/src/arith_native_ppc64le.h	7db7bf729b7de84356645c4090739e6e20aa40543b788e6d1e68e4b794a6c276	794	upstream/mlkem-native/pkcheck-af4c5abd-source-snapshot/examples/monolithic_build_multilevel_native/mlkem_native/src/native/ppc64le/src/arith_native_ppc64le.h
mlk_kem_check_pk_cleanroom/PKCHECK_00BC_01A_ADMISSION_20260730T013748Z/mlkem-native_af4c5abd_isolated/examples/monolithic_build_multilevel_native/mlkem_native/src/native/ppc64le/src/consts.c	f651fcd8d1c53f645cb9ef4a17a86575c787fa0e9cdf3b31c10417f20bcbfe98	15486	upstream/mlkem-native/pkcheck-af4c5abd-source-snapshot/examples/monolithic_build_multilevel_native/mlkem_native/src/native/ppc64le/src/consts.c
mlk_kem_check_pk_cleanroom/PKCHECK_00BC_01A_ADMISSION_20260730T013748Z/mlkem-native_af4c5abd_isolated/examples/monolithic_build_multilevel_native/mlkem_native/src/native/ppc64le/src/consts.h	6da9424313bb9fbb1c0f366df9c058e6464023732c09185be5f829791b6cf12e	985	upstream/mlkem-native/pkcheck-af4c5abd-source-snapshot/examples/monolithic_build_multilevel_native/mlkem_native/src/native/ppc64le/src/consts.h
mlk_kem_check_pk_cleanroom/PKCHECK_00BC_01A_ADMISSION_20260730T013748Z/mlkem-native_af4c5abd_isolated/examples/monolithic_build_multilevel_native/mlkem_native/src/native/ppc64le/src/intt_ppc_asm.S	c3c2222b1a47112df089e93ffabd4fd019744d0be6ea5a9c3d15eadd637bab37	83617	upstream/mlkem-native/pkcheck-af4c5abd-source-snapshot/examples/monolithic_build_multilevel_native/mlkem_native/src/native/ppc64le/src/intt_ppc_asm.S
mlk_kem_check_pk_cleanroom/PKCHECK_00BC_01A_ADMISSION_20260730T013748Z/mlkem-native_af4c5abd_isolated/examples/monolithic_build_multilevel_native/mlkem_native/src/native/ppc64le/src/ntt_ppc_asm.S	3fad90c5bcc5a809ef822e9eaf145b62a95ca28f0b1cde29c64c3f392e5dd562	43672	upstream/mlkem-native/pkcheck-af4c5abd-source-snapshot/examples/monolithic_build_multilevel_native/mlkem_native/src/native/ppc64le/src/ntt_ppc_asm.S
mlk_kem_check_pk_cleanroom/PKCHECK_00BC_01A_ADMISSION_20260730T013748Z/mlkem-native_af4c5abd_isolated/examples/monolithic_build_multilevel_native/mlkem_native/src/native/ppc64le/src/poly_tomont_ppc_asm.S	272e46991f5f22f5e92dbfddc54f7ac8622b2162a1b6e3b984cb5acca835166c	8241	upstream/mlkem-native/pkcheck-af4c5abd-source-snapshot/examples/monolithic_build_multilevel_native/mlkem_native/src/native/ppc64le/src/poly_tomont_ppc_asm.S
mlk_kem_check_pk_cleanroom/PKCHECK_00BC_01A_ADMISSION_20260730T013748Z/mlkem-native_af4c5abd_isolated/examples/monolithic_build_multilevel_native/mlkem_native/src/native/ppc64le/src/reduce_ppc_asm.S	5ed62d46877909cea8e01daad1715f6684ff9d779226c98d2d47b5688f629932	18506	upstream/mlkem-native/pkcheck-af4c5abd-source-snapshot/examples/monolithic_build_multilevel_native/mlkem_native/src/native/ppc64le/src/reduce_ppc_asm.S
mlk_kem_check_pk_cleanroom/PKCHECK_00BC_01A_ADMISSION_20260730T013748Z/mlkem-native_af4c5abd_isolated/examples/monolithic_build_multilevel_native/mlkem_native/src/native/riscv64/README.md	cc8a354ecbf09f5e490b643440a52d6a33118e04191e3ab8c6754e49aa03ed1b	495	upstream/mlkem-native/pkcheck-af4c5abd-source-snapshot/examples/monolithic_build_multilevel_native/mlkem_native/src/native/riscv64/README.md
mlk_kem_check_pk_cleanroom/PKCHECK_00BC_01A_ADMISSION_20260730T013748Z/mlkem-native_af4c5abd_isolated/examples/monolithic_build_multilevel_native/mlkem_native/src/native/riscv64/meta.h	f589ac7e4847a3cfcaee07f8737290c6d57a1022118d1fc883363fa84eca2b93	4008	upstream/mlkem-native/pkcheck-af4c5abd-source-snapshot/examples/monolithic_build_multilevel_native/mlkem_native/src/native/riscv64/meta.h
mlk_kem_check_pk_cleanroom/PKCHECK_00BC_01A_ADMISSION_20260730T013748Z/mlkem-native_af4c5abd_isolated/examples/monolithic_build_multilevel_native/mlkem_native/src/native/riscv64/src/arith_native_riscv64.h	d66aaf515aaff3da763ab7f636812e7444501f85d8441c4d1acb23fa4820de5e	1849	upstream/mlkem-native/pkcheck-af4c5abd-source-snapshot/examples/monolithic_build_multilevel_native/mlkem_native/src/native/riscv64/src/arith_native_riscv64.h
mlk_kem_check_pk_cleanroom/PKCHECK_00BC_01A_ADMISSION_20260730T013748Z/mlkem-native_af4c5abd_isolated/examples/monolithic_build_multilevel_native/mlkem_native/src/native/riscv64/src/rv64v_debug.c	43855e347be504e3489133e6349cdef8e903646c06d08718ce4addf84e8e79c8	3133	upstream/mlkem-native/pkcheck-af4c5abd-source-snapshot/examples/monolithic_build_multilevel_native/mlkem_native/src/native/riscv64/src/rv64v_debug.c
mlk_kem_check_pk_cleanroom/PKCHECK_00BC_01A_ADMISSION_20260730T013748Z/mlkem-native_af4c5abd_isolated/examples/monolithic_build_multilevel_native/mlkem_native/src/native/riscv64/src/rv64v_debug.h	213b1c5efc36ae5f94ed20a4cda43b9e905819283418b6cfac23e8ba5b449452	5860	upstream/mlkem-native/pkcheck-af4c5abd-source-snapshot/examples/monolithic_build_multilevel_native/mlkem_native/src/native/riscv64/src/rv64v_debug.h
mlk_kem_check_pk_cleanroom/PKCHECK_00BC_01A_ADMISSION_20260730T013748Z/mlkem-native_af4c5abd_isolated/examples/monolithic_build_multilevel_native/mlkem_native/src/native/riscv64/src/rv64v_izetas.inc	d29ca53fe5a70fcc2dcb3227bff3d92c37e0c35f14f995635026effc7f612422	1256	upstream/mlkem-native/pkcheck-af4c5abd-source-snapshot/examples/monolithic_build_multilevel_native/mlkem_native/src/native/riscv64/src/rv64v_izetas.inc
mlk_kem_check_pk_cleanroom/PKCHECK_00BC_01A_ADMISSION_20260730T013748Z/mlkem-native_af4c5abd_isolated/examples/monolithic_build_multilevel_native/mlkem_native/src/native/riscv64/src/rv64v_poly.c	6f5bc47ccc4b2d357d5aabffed4ae58ee5927415ce14a35169e2e96830c2e1d0	28791	upstream/mlkem-native/pkcheck-af4c5abd-source-snapshot/examples/monolithic_build_multilevel_native/mlkem_native/src/native/riscv64/src/rv64v_poly.c
mlk_kem_check_pk_cleanroom/PKCHECK_00BC_01A_ADMISSION_20260730T013748Z/mlkem-native_af4c5abd_isolated/examples/monolithic_build_multilevel_native/mlkem_native/src/native/riscv64/src/rv64v_zetas.inc	34ceb2ecb5cdc4f03b830029a31b06ba44efa6bc0e8e615d45277765c57388e4	1256	upstream/mlkem-native/pkcheck-af4c5abd-source-snapshot/examples/monolithic_build_multilevel_native/mlkem_native/src/native/riscv64/src/rv64v_zetas.inc
mlk_kem_check_pk_cleanroom/PKCHECK_00BC_01A_ADMISSION_20260730T013748Z/mlkem-native_af4c5abd_isolated/examples/monolithic_build_multilevel_native/mlkem_native/src/native/riscv64/src/rv64v_zetas_basemul.inc	093d13133e258b9c362e2db0fea19b1d201877a9e1e7e014174a693d9862f5df	2203	upstream/mlkem-native/pkcheck-af4c5abd-source-snapshot/examples/monolithic_build_multilevel_native/mlkem_native/src/native/riscv64/src/rv64v_zetas_basemul.inc
mlk_kem_check_pk_cleanroom/PKCHECK_00BC_01A_ADMISSION_20260730T013748Z/mlkem-native_af4c5abd_isolated/examples/monolithic_build_multilevel_native/mlkem_native/src/native/x86_64/README.md	59963fb54af67d45463616ac56c579f113ce5193dd74aa694c9dada7e997c214	237	upstream/mlkem-native/pkcheck-af4c5abd-source-snapshot/examples/monolithic_build_multilevel_native/mlkem_native/src/native/x86_64/README.md
mlk_kem_check_pk_cleanroom/PKCHECK_00BC_01A_ADMISSION_20260730T013748Z/mlkem-native_af4c5abd_isolated/examples/monolithic_build_multilevel_native/mlkem_native/src/native/x86_64/meta.h	5610fedff3fdc502ba971824ed300f0ad49c7d60ae3ad707c90fa1d815d652a3	8775	upstream/mlkem-native/pkcheck-af4c5abd-source-snapshot/examples/monolithic_build_multilevel_native/mlkem_native/src/native/x86_64/meta.h
mlk_kem_check_pk_cleanroom/PKCHECK_00BC_01A_ADMISSION_20260730T013748Z/mlkem-native_af4c5abd_isolated/examples/monolithic_build_multilevel_native/mlkem_native/src/native/x86_64/src/arith_native_x86_64.h	ae77631908fc59e4c6fad80d861fbadf920212631394319a04c18bfe14c91764	13552	upstream/mlkem-native/pkcheck-af4c5abd-source-snapshot/examples/monolithic_build_multilevel_native/mlkem_native/src/native/x86_64/src/arith_native_x86_64.h
mlk_kem_check_pk_cleanroom/PKCHECK_00BC_01A_ADMISSION_20260730T013748Z/mlkem-native_af4c5abd_isolated/examples/monolithic_build_multilevel_native/mlkem_native/src/native/x86_64/src/compress_consts.c	562965e31635041e2133ccc7602b6185bdce5472541f3b54ac72795fb6bc98f2	4105	upstream/mlkem-native/pkcheck-af4c5abd-source-snapshot/examples/monolithic_build_multilevel_native/mlkem_native/src/native/x86_64/src/compress_consts.c
mlk_kem_check_pk_cleanroom/PKCHECK_00BC_01A_ADMISSION_20260730T013748Z/mlkem-native_af4c5abd_isolated/examples/monolithic_build_multilevel_native/mlkem_native/src/native/x86_64/src/compress_consts.h	2748f5adee7f2a50008ba934459533e183b1cebe581eedcb85ece373516bd915	1589	upstream/mlkem-native/pkcheck-af4c5abd-source-snapshot/examples/monolithic_build_multilevel_native/mlkem_native/src/native/x86_64/src/compress_consts.h
mlk_kem_check_pk_cleanroom/PKCHECK_00BC_01A_ADMISSION_20260730T013748Z/mlkem-native_af4c5abd_isolated/examples/monolithic_build_multilevel_native/mlkem_native/src/native/x86_64/src/consts.c	92b37dd2361425c2816f624a982b64bbb4b4a7563f02604470c7541a83acf435	5940	upstream/mlkem-native/pkcheck-af4c5abd-source-snapshot/examples/monolithic_build_multilevel_native/mlkem_native/src/native/x86_64/src/consts.c
mlk_kem_check_pk_cleanroom/PKCHECK_00BC_01A_ADMISSION_20260730T013748Z/mlkem-native_af4c5abd_isolated/examples/monolithic_build_multilevel_native/mlkem_native/src/native/x86_64/src/consts.h	f0046a67ebd4195f6180b179c0fe329c1bbfddc37203825a5ebf0dffa7991e15	749	upstream/mlkem-native/pkcheck-af4c5abd-source-snapshot/examples/monolithic_build_multilevel_native/mlkem_native/src/native/x86_64/src/consts.h
mlk_kem_check_pk_cleanroom/PKCHECK_00BC_01A_ADMISSION_20260730T013748Z/mlkem-native_af4c5abd_isolated/examples/monolithic_build_multilevel_native/mlkem_native/src/native/x86_64/src/intt_avx2_asm.S	a8a8bc6b50f98ead9e20bfb55ac11114c0515f0225ec68a8a9f370443a38b5ce	32189	upstream/mlkem-native/pkcheck-af4c5abd-source-snapshot/examples/monolithic_build_multilevel_native/mlkem_native/src/native/x86_64/src/intt_avx2_asm.S
mlk_kem_check_pk_cleanroom/PKCHECK_00BC_01A_ADMISSION_20260730T013748Z/mlkem-native_af4c5abd_isolated/examples/monolithic_build_multilevel_native/mlkem_native/src/native/x86_64/src/ntt_avx2_asm.S	70416a0ad9998fc2f3f0d662f1b4d692f234cadc83ac3ba81ca501c3d636d26c	28634	upstream/mlkem-native/pkcheck-af4c5abd-source-snapshot/examples/monolithic_build_multilevel_native/mlkem_native/src/native/x86_64/src/ntt_avx2_asm.S
mlk_kem_check_pk_cleanroom/PKCHECK_00BC_01A_ADMISSION_20260730T013748Z/mlkem-native_af4c5abd_isolated/examples/monolithic_build_multilevel_native/mlkem_native/src/native/x86_64/src/nttfrombytes_avx2_asm.S	001af6a58e96327ecf42bacec9f0f2868637443831de53bff36253fbd5f18e0a	10915	upstream/mlkem-native/pkcheck-af4c5abd-source-snapshot/examples/monolithic_build_multilevel_native/mlkem_native/src/native/x86_64/src/nttfrombytes_avx2_asm.S
mlk_kem_check_pk_cleanroom/PKCHECK_00BC_01A_ADMISSION_20260730T013748Z/mlkem-native_af4c5abd_isolated/examples/monolithic_build_multilevel_native/mlkem_native/src/native/x86_64/src/ntttobytes_avx2_asm.S	d2ad03151e8671da73900559e1f22b61327209dcd748a2dbc1209a494439c7db	10409	upstream/mlkem-native/pkcheck-af4c5abd-source-snapshot/examples/monolithic_build_multilevel_native/mlkem_native/src/native/x86_64/src/ntttobytes_avx2_asm.S
mlk_kem_check_pk_cleanroom/PKCHECK_00BC_01A_ADMISSION_20260730T013748Z/mlkem-native_af4c5abd_isolated/examples/monolithic_build_multilevel_native/mlkem_native/src/native/x86_64/src/nttunpack_avx2_asm.S	01af3a79b639f0c1edfd4311bfe986d78112ede758a277b88d6707a8ac0203e1	11482	upstream/mlkem-native/pkcheck-af4c5abd-source-snapshot/examples/monolithic_build_multilevel_native/mlkem_native/src/native/x86_64/src/nttunpack_avx2_asm.S
mlk_kem_check_pk_cleanroom/PKCHECK_00BC_01A_ADMISSION_20260730T013748Z/mlkem-native_af4c5abd_isolated/examples/monolithic_build_multilevel_native/mlkem_native/src/native/x86_64/src/poly_compress_d10_avx2_asm.S	459855f032dc08dd6112f535601f8b510692bafb7c7431e3a6018c84ee483d36	14850	upstream/mlkem-native/pkcheck-af4c5abd-source-snapshot/examples/monolithic_build_multilevel_native/mlkem_native/src/native/x86_64/src/poly_compress_d10_avx2_asm.S
mlk_kem_check_pk_cleanroom/PKCHECK_00BC_01A_ADMISSION_20260730T013748Z/mlkem-native_af4c5abd_isolated/examples/monolithic_build_multilevel_native/mlkem_native/src/native/x86_64/src/poly_compress_d11_avx2_asm.S	2b392cb520706e848f3a417d417c08165044f9066c9dd1ded8f292280e513440	19359	upstream/mlkem-native/pkcheck-af4c5abd-source-snapshot/examples/monolithic_build_multilevel_native/mlkem_native/src/native/x86_64/src/poly_compress_d11_avx2_asm.S
mlk_kem_check_pk_cleanroom/PKCHECK_00BC_01A_ADMISSION_20260730T013748Z/mlkem-native_af4c5abd_isolated/examples/monolithic_build_multilevel_native/mlkem_native/src/native/x86_64/src/poly_compress_d4_avx2_asm.S	166f9d829d9f1f40e1b066de49c4c181aa1db1fbcda88f3131cb0e62d4be984d	6384	upstream/mlkem-native/pkcheck-af4c5abd-source-snapshot/examples/monolithic_build_multilevel_native/mlkem_native/src/native/x86_64/src/poly_compress_d4_avx2_asm.S
mlk_kem_check_pk_cleanroom/PKCHECK_00BC_01A_ADMISSION_20260730T013748Z/mlkem-native_af4c5abd_isolated/examples/monolithic_build_multilevel_native/mlkem_native/src/native/x86_64/src/poly_compress_d5_avx2_asm.S	435aaeb0eabccaf585079a6051301a0847f5e6da4236e8b20fce65ddd3b8a49d	8480	upstream/mlkem-native/pkcheck-af4c5abd-source-snapshot/examples/monolithic_build_multilevel_native/mlkem_native/src/native/x86_64/src/poly_compress_d5_avx2_asm.S
mlk_kem_check_pk_cleanroom/PKCHECK_00BC_01A_ADMISSION_20260730T013748Z/mlkem-native_af4c5abd_isolated/examples/monolithic_build_multilevel_native/mlkem_native/src/native/x86_64/src/poly_decompress_d10_avx2_asm.S	d7f625f1488f40ed5db555f3d4fa772a12c17b1b29e2922a539691184179d494	9138	upstream/mlkem-native/pkcheck-af4c5abd-source-snapshot/examples/monolithic_build_multilevel_native/mlkem_native/src/native/x86_64/src/poly_decompress_d10_avx2_asm.S
mlk_kem_check_pk_cleanroom/PKCHECK_00BC_01A_ADMISSION_20260730T013748Z/mlkem-native_af4c5abd_isolated/examples/monolithic_build_multilevel_native/mlkem_native/src/native/x86_64/src/poly_decompress_d11_avx2_asm.S	45190c13cd3079b8bac79f8c6321be6786cb383ae3ebeef05f7fc79018701ad1	11155	upstream/mlkem-native/pkcheck-af4c5abd-source-snapshot/examples/monolithic_build_multilevel_native/mlkem_native/src/native/x86_64/src/poly_decompress_d11_avx2_asm.S
mlk_kem_check_pk_cleanroom/PKCHECK_00BC_01A_ADMISSION_20260730T013748Z/mlkem-native_af4c5abd_isolated/examples/monolithic_build_multilevel_native/mlkem_native/src/native/x86_64/src/poly_decompress_d4_avx2_asm.S	21f854e623079f1d100e757056e92ac0e7541634ba0bc933e1f46a479f18f42f	7067	upstream/mlkem-native/pkcheck-af4c5abd-source-snapshot/examples/monolithic_build_multilevel_native/mlkem_native/src/native/x86_64/src/poly_decompress_d4_avx2_asm.S
mlk_kem_check_pk_cleanroom/PKCHECK_00BC_01A_ADMISSION_20260730T013748Z/mlkem-native_af4c5abd_isolated/examples/monolithic_build_multilevel_native/mlkem_native/src/native/x86_64/src/poly_decompress_d5_avx2_asm.S	33030255964bffb490c486c67955b87deadaa7e0c785a672d5b00ac927c715ca	7687	upstream/mlkem-native/pkcheck-af4c5abd-source-snapshot/examples/monolithic_build_multilevel_native/mlkem_native/src/native/x86_64/src/poly_decompress_d5_avx2_asm.S
mlk_kem_check_pk_cleanroom/PKCHECK_00BC_01A_ADMISSION_20260730T013748Z/mlkem-native_af4c5abd_isolated/examples/monolithic_build_multilevel_native/mlkem_native/src/native/x86_64/src/poly_mulcache_compute_avx2_asm.S	1e2f765339130173959a59d3e0bd401613141f3f9ffbbf73097935254fcc8601	3698	upstream/mlkem-native/pkcheck-af4c5abd-source-snapshot/examples/monolithic_build_multilevel_native/mlkem_native/src/native/x86_64/src/poly_mulcache_compute_avx2_asm.S
mlk_kem_check_pk_cleanroom/PKCHECK_00BC_01A_ADMISSION_20260730T013748Z/mlkem-native_af4c5abd_isolated/examples/monolithic_build_multilevel_native/mlkem_native/src/native/x86_64/src/polyvec_basemul_acc_montgomery_cached_k2_avx2_asm.S	c7503836f6acb3e595d9a028d34dcd6b8b981687e299fff7ab33c543458745f9	19019	upstream/mlkem-native/pkcheck-af4c5abd-source-snapshot/examples/monolithic_build_multilevel_native/mlkem_native/src/native/x86_64/src/polyvec_basemul_acc_montgomery_cached_k2_avx2_asm.S
mlk_kem_check_pk_cleanroom/PKCHECK_00BC_01A_ADMISSION_20260730T013748Z/mlkem-native_af4c5abd_isolated/examples/monolithic_build_multilevel_native/mlkem_native/src/native/x86_64/src/polyvec_basemul_acc_montgomery_cached_k3_avx2_asm.S	4b7c254cfce65a8a2af80f8c82022e2ea3cf4af589ea143ff32feff649dc0d8c	27963	upstream/mlkem-native/pkcheck-af4c5abd-source-snapshot/examples/monolithic_build_multilevel_native/mlkem_native/src/native/x86_64/src/polyvec_basemul_acc_montgomery_cached_k3_avx2_asm.S
mlk_kem_check_pk_cleanroom/PKCHECK_00BC_01A_ADMISSION_20260730T013748Z/mlkem-native_af4c5abd_isolated/examples/monolithic_build_multilevel_native/mlkem_native/src/native/x86_64/src/polyvec_basemul_acc_montgomery_cached_k4_avx2_asm.S	07ad9aef4253ed87ee1fe3a47fa5bdd2ec13d3a0c7020e57fa6570090c251815	36908	upstream/mlkem-native/pkcheck-af4c5abd-source-snapshot/examples/monolithic_build_multilevel_native/mlkem_native/src/native/x86_64/src/polyvec_basemul_acc_montgomery_cached_k4_avx2_asm.S
mlk_kem_check_pk_cleanroom/PKCHECK_00BC_01A_ADMISSION_20260730T013748Z/mlkem-native_af4c5abd_isolated/examples/monolithic_build_multilevel_native/mlkem_native/src/native/x86_64/src/reduce_avx2_asm.S	d0812932f720ea634a8ffb4f0923f8b388256b2081e5944e0d0f65a7829081c8	7642	upstream/mlkem-native/pkcheck-af4c5abd-source-snapshot/examples/monolithic_build_multilevel_native/mlkem_native/src/native/x86_64/src/reduce_avx2_asm.S
mlk_kem_check_pk_cleanroom/PKCHECK_00BC_01A_ADMISSION_20260730T013748Z/mlkem-native_af4c5abd_isolated/examples/monolithic_build_multilevel_native/mlkem_native/src/native/x86_64/src/rej_uniform_avx2_asm.S	97eef83984599d8933158e080d8822f2b925d0cf5a64b51c568d2dbe59097cb3	4360	upstream/mlkem-native/pkcheck-af4c5abd-source-snapshot/examples/monolithic_build_multilevel_native/mlkem_native/src/native/x86_64/src/rej_uniform_avx2_asm.S
mlk_kem_check_pk_cleanroom/PKCHECK_00BC_01A_ADMISSION_20260730T013748Z/mlkem-native_af4c5abd_isolated/examples/monolithic_build_multilevel_native/mlkem_native/src/native/x86_64/src/rej_uniform_table.c	be662d58c00fdfc8dfa14bdaf580f7af0c21ffb3211eba5e6a89654ab34afa22	27658	upstream/mlkem-native/pkcheck-af4c5abd-source-snapshot/examples/monolithic_build_multilevel_native/mlkem_native/src/native/x86_64/src/rej_uniform_table.c
mlk_kem_check_pk_cleanroom/PKCHECK_00BC_01A_ADMISSION_20260730T013748Z/mlkem-native_af4c5abd_isolated/examples/monolithic_build_multilevel_native/mlkem_native/src/native/x86_64/src/tomont_avx2_asm.S	9bf8187fceae7fbfdcb5e35d9222707066b7e5b6d1079cda46eca078ac813864	5475	upstream/mlkem-native/pkcheck-af4c5abd-source-snapshot/examples/monolithic_build_multilevel_native/mlkem_native/src/native/x86_64/src/tomont_avx2_asm.S
mlk_kem_check_pk_cleanroom/PKCHECK_00BC_01A_ADMISSION_20260730T013748Z/mlkem-native_af4c5abd_isolated/examples/monolithic_build_multilevel_native/mlkem_native/src/params.h	450fe3e0e50496921920473ae4321660f178c23d51f1453f3c537ee63c4158cb	2566	upstream/mlkem-native/pkcheck-af4c5abd-source-snapshot/examples/monolithic_build_multilevel_native/mlkem_native/src/params.h
mlk_kem_check_pk_cleanroom/PKCHECK_00BC_01A_ADMISSION_20260730T013748Z/mlkem-native_af4c5abd_isolated/examples/monolithic_build_multilevel_native/mlkem_native/src/poly.c	f427dda46e29d53d3e33d683c9a8483bade3568eff43fb97b868a21bfd07c722	18569	upstream/mlkem-native/pkcheck-af4c5abd-source-snapshot/examples/monolithic_build_multilevel_native/mlkem_native/src/poly.c
mlk_kem_check_pk_cleanroom/PKCHECK_00BC_01A_ADMISSION_20260730T013748Z/mlkem-native_af4c5abd_isolated/examples/monolithic_build_multilevel_native/mlkem_native/src/poly.h	f24f980110953c1d361e04137e13e2f85f76db776903f85c98f24900e85f7aef	10117	upstream/mlkem-native/pkcheck-af4c5abd-source-snapshot/examples/monolithic_build_multilevel_native/mlkem_native/src/poly.h
mlk_kem_check_pk_cleanroom/PKCHECK_00BC_01A_ADMISSION_20260730T013748Z/mlkem-native_af4c5abd_isolated/examples/monolithic_build_multilevel_native/mlkem_native/src/poly_k.c	7dea24a0591b0fb033f7a8be214d687fbde11541c274a114ac3067af12b87c32	17662	upstream/mlkem-native/pkcheck-af4c5abd-source-snapshot/examples/monolithic_build_multilevel_native/mlkem_native/src/poly_k.c
mlk_kem_check_pk_cleanroom/PKCHECK_00BC_01A_ADMISSION_20260730T013748Z/mlkem-native_af4c5abd_isolated/examples/monolithic_build_multilevel_native/mlkem_native/src/poly_k.h	09bdfd4a19a9cb495832a78d0f099a6c949c40014472b33fb54d66bb56e660e0	22592	upstream/mlkem-native/pkcheck-af4c5abd-source-snapshot/examples/monolithic_build_multilevel_native/mlkem_native/src/poly_k.h
mlk_kem_check_pk_cleanroom/PKCHECK_00BC_01A_ADMISSION_20260730T013748Z/mlkem-native_af4c5abd_isolated/examples/monolithic_build_multilevel_native/mlkem_native/src/randombytes.h	137eb6e5854b8e58c2caec6eea86530c8e7495706f6f5b3e007e25a9875e164f	1649	upstream/mlkem-native/pkcheck-af4c5abd-source-snapshot/examples/monolithic_build_multilevel_native/mlkem_native/src/randombytes.h
mlk_kem_check_pk_cleanroom/PKCHECK_00BC_01A_ADMISSION_20260730T013748Z/mlkem-native_af4c5abd_isolated/examples/monolithic_build_multilevel_native/mlkem_native/src/sampling.c	0408bd0744346e2c59924ebc8a9a55e750a453b1595fc0fc85532f1626bdec0a	12913	upstream/mlkem-native/pkcheck-af4c5abd-source-snapshot/examples/monolithic_build_multilevel_native/mlkem_native/src/sampling.c
mlk_kem_check_pk_cleanroom/PKCHECK_00BC_01A_ADMISSION_20260730T013748Z/mlkem-native_af4c5abd_isolated/examples/monolithic_build_multilevel_native/mlkem_native/src/sampling.h	92501263f89afc3d6a5f06079bacbe1dfd5ba6db744c887e08cc1c521c0030eb	3853	upstream/mlkem-native/pkcheck-af4c5abd-source-snapshot/examples/monolithic_build_multilevel_native/mlkem_native/src/sampling.h
mlk_kem_check_pk_cleanroom/PKCHECK_00BC_01A_ADMISSION_20260730T013748Z/mlkem-native_af4c5abd_isolated/examples/monolithic_build_multilevel_native/mlkem_native/src/symmetric.h	168d0ec3bf50bd45cb0a103d7984e9ccf52f78697718b7e85efdf1beda7abc95	2596	upstream/mlkem-native/pkcheck-af4c5abd-source-snapshot/examples/monolithic_build_multilevel_native/mlkem_native/src/symmetric.h
mlk_kem_check_pk_cleanroom/PKCHECK_00BC_01A_ADMISSION_20260730T013748Z/mlkem-native_af4c5abd_isolated/examples/monolithic_build_multilevel_native/mlkem_native/src/sys.h	02e6b8901bb6334a378aab1f13538693f04726a5111aed7cc6c4cdbd41188f50	9543	upstream/mlkem-native/pkcheck-af4c5abd-source-snapshot/examples/monolithic_build_multilevel_native/mlkem_native/src/sys.h
mlk_kem_check_pk_cleanroom/PKCHECK_00BC_01A_ADMISSION_20260730T013748Z/mlkem-native_af4c5abd_isolated/examples/monolithic_build_multilevel_native/mlkem_native/src/verify.c	f8f89f1b8c8e5811ce134c0d90fb7828027336afeed231dc3ccb7ee6b73b9335	622	upstream/mlkem-native/pkcheck-af4c5abd-source-snapshot/examples/monolithic_build_multilevel_native/mlkem_native/src/verify.c
mlk_kem_check_pk_cleanroom/PKCHECK_00BC_01A_ADMISSION_20260730T013748Z/mlkem-native_af4c5abd_isolated/examples/monolithic_build_multilevel_native/mlkem_native/src/verify.h	13f44749f65099bee5bc55be260932d5e832bbd091335f1e47c31df464c1881f	15010	upstream/mlkem-native/pkcheck-af4c5abd-source-snapshot/examples/monolithic_build_multilevel_native/mlkem_native/src/verify.h
mlk_kem_check_pk_cleanroom/PKCHECK_00BC_01A_ADMISSION_20260730T013748Z/mlkem-native_af4c5abd_isolated/examples/monolithic_build_multilevel_native/mlkem_native/src/zetas.inc	303d1abccc4757d49a5c8df5f88080fefef617b7360056db5311bd94354096d4	1337	upstream/mlkem-native/pkcheck-af4c5abd-source-snapshot/examples/monolithic_build_multilevel_native/mlkem_native/src/zetas.inc
mlk_kem_check_pk_cleanroom/PKCHECK_00BC_01A_ADMISSION_20260730T013748Z/mlkem-native_af4c5abd_isolated/examples/monolithic_build_multilevel_native/mlkem_native_all.c	6bd6e70eddbc42e4b63005a2892acf4fb36ef8fcc98a120968655bf401056543	884	upstream/mlkem-native/pkcheck-af4c5abd-source-snapshot/examples/monolithic_build_multilevel_native/mlkem_native_all.c
mlk_kem_check_pk_cleanroom/PKCHECK_00BC_01A_ADMISSION_20260730T013748Z/mlkem-native_af4c5abd_isolated/examples/monolithic_build_multilevel_native/test_only_rng/notrandombytes.c	a11629c3372cd8b1ceb7ac6df80b9e1344c63b1df2f55a0d7d1cea2b34ddc12f	2013	upstream/mlkem-native/pkcheck-af4c5abd-source-snapshot/examples/monolithic_build_multilevel_native/test_only_rng/notrandombytes.c
mlk_kem_check_pk_cleanroom/PKCHECK_00BC_01A_ADMISSION_20260730T013748Z/mlkem-native_af4c5abd_isolated/examples/monolithic_build_multilevel_native/test_only_rng/notrandombytes.h	b7308b590b9d7bd57e9b6b37cbd5e0d1c2a6174926cefff72bbf4f90045cfd2b	674	upstream/mlkem-native/pkcheck-af4c5abd-source-snapshot/examples/monolithic_build_multilevel_native/test_only_rng/notrandombytes.h
mlk_kem_check_pk_cleanroom/PKCHECK_00BC_01A_ADMISSION_20260730T013748Z/mlkem-native_af4c5abd_isolated/examples/monolithic_build_native/.gitignore	a16ce390164578975ec29da9b161ac23ca477f6b6b8fc8f5b051bda34e3b01ac	59	upstream/mlkem-native/pkcheck-af4c5abd-source-snapshot/examples/monolithic_build_native/.gitignore
mlk_kem_check_pk_cleanroom/PKCHECK_00BC_01A_ADMISSION_20260730T013748Z/mlkem-native_af4c5abd_isolated/examples/monolithic_build_native/Makefile	1255301993a784854088c59cc39a73c640d8a00fa6a3a230520dc23754ab5c9c	4203	upstream/mlkem-native/pkcheck-af4c5abd-source-snapshot/examples/monolithic_build_native/Makefile
mlk_kem_check_pk_cleanroom/PKCHECK_00BC_01A_ADMISSION_20260730T013748Z/mlkem-native_af4c5abd_isolated/examples/monolithic_build_native/README.md	5b86d4a3d515fb56bf555a443d523ab0a8b816de3846f4ee94ff410aa75dd30c	1759	upstream/mlkem-native/pkcheck-af4c5abd-source-snapshot/examples/monolithic_build_native/README.md
mlk_kem_check_pk_cleanroom/PKCHECK_00BC_01A_ADMISSION_20260730T013748Z/mlkem-native_af4c5abd_isolated/examples/monolithic_build_native/auto.mk	179af17d2e0a2442e9fe7b8a195af549dc0cf445de4a1ff9810818096293fffb	7211	upstream/mlkem-native/pkcheck-af4c5abd-source-snapshot/examples/monolithic_build_native/auto.mk
mlk_kem_check_pk_cleanroom/PKCHECK_00BC_01A_ADMISSION_20260730T013748Z/mlkem-native_af4c5abd_isolated/examples/monolithic_build_native/main.c	351b0951910a5f2f4c9a53efe324d0c5171b0d8e70dd2c11cb2e08da2d189170	3543	upstream/mlkem-native/pkcheck-af4c5abd-source-snapshot/examples/monolithic_build_native/main.c
mlk_kem_check_pk_cleanroom/PKCHECK_00BC_01A_ADMISSION_20260730T013748Z/mlkem-native_af4c5abd_isolated/examples/monolithic_build_native/mlkem_native/mlkem_native.c	bef0cf45ac2cc8338fa05ce0deb478c7d077f46f0ee59b24d03daa983ac56a45	21926	upstream/mlkem-native/pkcheck-af4c5abd-source-snapshot/examples/monolithic_build_native/mlkem_native/mlkem_native.c
mlk_kem_check_pk_cleanroom/PKCHECK_00BC_01A_ADMISSION_20260730T013748Z/mlkem-native_af4c5abd_isolated/examples/monolithic_build_native/mlkem_native/mlkem_native.h	df582b5462c592df89f0f8764af073acaa968086dc61e6c2d5cd6b12ac43c1b1	19752	upstream/mlkem-native/pkcheck-af4c5abd-source-snapshot/examples/monolithic_build_native/mlkem_native/mlkem_native.h
mlk_kem_check_pk_cleanroom/PKCHECK_00BC_01A_ADMISSION_20260730T013748Z/mlkem-native_af4c5abd_isolated/examples/monolithic_build_native/mlkem_native/mlkem_native_asm.S	3200c6dea105102cf67246bf1392b708024e9b8419d097a87564fcf619f5d9ee	24162	upstream/mlkem-native/pkcheck-af4c5abd-source-snapshot/examples/monolithic_build_native/mlkem_native/mlkem_native_asm.S
mlk_kem_check_pk_cleanroom/PKCHECK_00BC_01A_ADMISSION_20260730T013748Z/mlkem-native_af4c5abd_isolated/examples/monolithic_build_native/mlkem_native/mlkem_native_config.h	182cbeab8429af9cc1906be56a52d2f187cc0a3b077764896b519b4b24a7e0d3	22308	upstream/mlkem-native/pkcheck-af4c5abd-source-snapshot/examples/monolithic_build_native/mlkem_native/mlkem_native_config.h
mlk_kem_check_pk_cleanroom/PKCHECK_00BC_01A_ADMISSION_20260730T013748Z/mlkem-native_af4c5abd_isolated/examples/monolithic_build_native/mlkem_native/src/cbmc.h	12fe62f76060aa2cdd41de6170e0c787c516ae753ed32579c9c39b1af55130fb	7954	upstream/mlkem-native/pkcheck-af4c5abd-source-snapshot/examples/monolithic_build_native/mlkem_native/src/cbmc.h
mlk_kem_check_pk_cleanroom/PKCHECK_00BC_01A_ADMISSION_20260730T013748Z/mlkem-native_af4c5abd_isolated/examples/monolithic_build_native/mlkem_native/src/common.h	cc48998e9595ec4e59a3aa53d6be9e55ecccb3cdc047e661ccd94fa99955d675	9434	upstream/mlkem-native/pkcheck-af4c5abd-source-snapshot/examples/monolithic_build_native/mlkem_native/src/common.h
mlk_kem_check_pk_cleanroom/PKCHECK_00BC_01A_ADMISSION_20260730T013748Z/mlkem-native_af4c5abd_isolated/examples/monolithic_build_native/mlkem_native/src/compress.c	9201bea6ddd1d7622cc6496d2f745fee52397d203392f75a3d6e52a400de5bad	24427	upstream/mlkem-native/pkcheck-af4c5abd-source-snapshot/examples/monolithic_build_native/mlkem_native/src/compress.c
mlk_kem_check_pk_cleanroom/PKCHECK_00BC_01A_ADMISSION_20260730T013748Z/mlkem-native_af4c5abd_isolated/examples/monolithic_build_native/mlkem_native/src/compress.h	0f357a30e7ea37351854dc550e502e5a7eaf80184896bf92b40073175706e0dd	20187	upstream/mlkem-native/pkcheck-af4c5abd-source-snapshot/examples/monolithic_build_native/mlkem_native/src/compress.h
mlk_kem_check_pk_cleanroom/PKCHECK_00BC_01A_ADMISSION_20260730T013748Z/mlkem-native_af4c5abd_isolated/examples/monolithic_build_native/mlkem_native/src/context.h	9e4cdb00eac5a3d1553e64a02dcba66300302f17f1f0d4f3bba64b65c1f53a90	1834	upstream/mlkem-native/pkcheck-af4c5abd-source-snapshot/examples/monolithic_build_native/mlkem_native/src/context.h
mlk_kem_check_pk_cleanroom/PKCHECK_00BC_01A_ADMISSION_20260730T013748Z/mlkem-native_af4c5abd_isolated/examples/monolithic_build_native/mlkem_native/src/debug.c	263ac19f2b2bf5c784cbf04fd4c968762abedc6961d44f507c8953b52a38827e	1605	upstream/mlkem-native/pkcheck-af4c5abd-source-snapshot/examples/monolithic_build_native/mlkem_native/src/debug.c
mlk_kem_check_pk_cleanroom/PKCHECK_00BC_01A_ADMISSION_20260730T013748Z/mlkem-native_af4c5abd_isolated/examples/monolithic_build_native/mlkem_native/src/debug.h	d1fab329b439fc6dd9c4234f3fe053e74b000d416e0f4e4464542813667f3750	4740	upstream/mlkem-native/pkcheck-af4c5abd-source-snapshot/examples/monolithic_build_native/mlkem_native/src/debug.h
mlk_kem_check_pk_cleanroom/PKCHECK_00BC_01A_ADMISSION_20260730T013748Z/mlkem-native_af4c5abd_isolated/examples/monolithic_build_native/mlkem_native/src/fips202/fips202.c	fb0654c0b33c45c929fdb2af2287807a7b8f312ac7f3baa3ddfaef0c030ef0b2	7438	upstream/mlkem-native/pkcheck-af4c5abd-source-snapshot/examples/monolithic_build_native/mlkem_native/src/fips202/fips202.c
mlk_kem_check_pk_cleanroom/PKCHECK_00BC_01A_ADMISSION_20260730T013748Z/mlkem-native_af4c5abd_isolated/examples/monolithic_build_native/mlkem_native/src/fips202/fips202.h	cad68aaacc2f3511f0a5a0c70f7ac827e76c78e862f1c5616de2b74c8b96a4a5	4922	upstream/mlkem-native/pkcheck-af4c5abd-source-snapshot/examples/monolithic_build_native/mlkem_native/src/fips202/fips202.h
mlk_kem_check_pk_cleanroom/PKCHECK_00BC_01A_ADMISSION_20260730T013748Z/mlkem-native_af4c5abd_isolated/examples/monolithic_build_native/mlkem_native/src/fips202/fips202x4.c	2e481ccbafc00765b210725c8e454f2b4dc622844eccf6a0c1e025657fcb5fe8	7353	upstream/mlkem-native/pkcheck-af4c5abd-source-snapshot/examples/monolithic_build_native/mlkem_native/src/fips202/fips202x4.c
mlk_kem_check_pk_cleanroom/PKCHECK_00BC_01A_ADMISSION_20260730T013748Z/mlkem-native_af4c5abd_isolated/examples/monolithic_build_native/mlkem_native/src/fips202/fips202x4.h	c8d2e50f7ccce19822030786a1a99f0892db63ebe5b020fa91a5383c9700dd22	3156	upstream/mlkem-native/pkcheck-af4c5abd-source-snapshot/examples/monolithic_build_native/mlkem_native/src/fips202/fips202x4.h
mlk_kem_check_pk_cleanroom/PKCHECK_00BC_01A_ADMISSION_20260730T013748Z/mlkem-native_af4c5abd_isolated/examples/monolithic_build_native/mlkem_native/src/fips202/keccakf1600.c	65770564ec922faca7ec072eefc16bfdba2495a20d51cae0f6cce207835cdd7e	15788	upstream/mlkem-native/pkcheck-af4c5abd-source-snapshot/examples/monolithic_build_native/mlkem_native/src/fips202/keccakf1600.c
mlk_kem_check_pk_cleanroom/PKCHECK_00BC_01A_ADMISSION_20260730T013748Z/mlkem-native_af4c5abd_isolated/examples/monolithic_build_native/mlkem_native/src/fips202/keccakf1600.h	88c06d4c546f46920a65001bcfad8cabb6173fb01ae071e02412c46043bdf54f	4385	upstream/mlkem-native/pkcheck-af4c5abd-source-snapshot/examples/monolithic_build_native/mlkem_native/src/fips202/keccakf1600.h
mlk_kem_check_pk_cleanroom/PKCHECK_00BC_01A_ADMISSION_20260730T013748Z/mlkem-native_af4c5abd_isolated/examples/monolithic_build_native/mlkem_native/src/fips202/native/aarch64/auto.h	1229009312b61690b2f56babf7a6f648fa9c51ef30d6a5d2a5b44cb23fcc00ff	2185	upstream/mlkem-native/pkcheck-af4c5abd-source-snapshot/examples/monolithic_build_native/mlkem_native/src/fips202/native/aarch64/auto.h
mlk_kem_check_pk_cleanroom/PKCHECK_00BC_01A_ADMISSION_20260730T013748Z/mlkem-native_af4c5abd_isolated/examples/monolithic_build_native/mlkem_native/src/fips202/native/aarch64/src/fips202_native_aarch64.h	76f1cd9df93bd940b50f1e8863a72ee58c261be7dd37ae3d696134cde0af6035	3421	upstream/mlkem-native/pkcheck-af4c5abd-source-snapshot/examples/monolithic_build_native/mlkem_native/src/fips202/native/aarch64/src/fips202_native_aarch64.h
mlk_kem_check_pk_cleanroom/PKCHECK_00BC_01A_ADMISSION_20260730T013748Z/mlkem-native_af4c5abd_isolated/examples/monolithic_build_native/mlkem_native/src/fips202/native/aarch64/src/keccak_f1600_x1_scalar_aarch64_asm.S	6fbe5f3b9607bf318a8e74d22452bce5890832b5048fdb952842f929036d7586	11586	upstream/mlkem-native/pkcheck-af4c5abd-source-snapshot/examples/monolithic_build_native/mlkem_native/src/fips202/native/aarch64/src/keccak_f1600_x1_scalar_aarch64_asm.S
mlk_kem_check_pk_cleanroom/PKCHECK_00BC_01A_ADMISSION_20260730T013748Z/mlkem-native_af4c5abd_isolated/examples/monolithic_build_native/mlkem_native/src/fips202/native/aarch64/src/keccak_f1600_x1_v84a_aarch64_asm.S	a0c147e3dc50889e1acf527610951b84b0d2fead2cf3ebac0f581019bef03e9c	6944	upstream/mlkem-native/pkcheck-af4c5abd-source-snapshot/examples/monolithic_build_native/mlkem_native/src/fips202/native/aarch64/src/keccak_f1600_x1_v84a_aarch64_asm.S
mlk_kem_check_pk_cleanroom/PKCHECK_00BC_01A_ADMISSION_20260730T013748Z/mlkem-native_af4c5abd_isolated/examples/monolithic_build_native/mlkem_native/src/fips202/native/aarch64/src/keccak_f1600_x2_v84a_aarch64_asm.S	3f5c48c3b3dd108995929abf43f4920228adfe9a9f5ba7be6cdca380925bd0ee	8986	upstream/mlkem-native/pkcheck-af4c5abd-source-snapshot/examples/monolithic_build_native/mlkem_native/src/fips202/native/aarch64/src/keccak_f1600_x2_v84a_aarch64_asm.S
mlk_kem_check_pk_cleanroom/PKCHECK_00BC_01A_ADMISSION_20260730T013748Z/mlkem-native_af4c5abd_isolated/examples/monolithic_build_native/mlkem_native/src/fips202/native/aarch64/src/keccak_f1600_x4_v8a_scalar_hybrid_aarch64_asm.S	dc389f0d1f8b677c37737608f706292f985e328bd72e668d1c974c8cfbf47793	35953	upstream/mlkem-native/pkcheck-af4c5abd-source-snapshot/examples/monolithic_build_native/mlkem_native/src/fips202/native/aarch64/src/keccak_f1600_x4_v8a_scalar_hybrid_aarch64_asm.S
mlk_kem_check_pk_cleanroom/PKCHECK_00BC_01A_ADMISSION_20260730T013748Z/mlkem-native_af4c5abd_isolated/examples/monolithic_build_native/mlkem_native/src/fips202/native/aarch64/src/keccak_f1600_x4_v8a_v84a_scalar_hybrid_aarch64_asm.S	b81dddd63984b5750f2cddc5a4ccc6b5e3ed7f541a15a62f1cd375bc819dd9d3	33242	upstream/mlkem-native/pkcheck-af4c5abd-source-snapshot/examples/monolithic_build_native/mlkem_native/src/fips202/native/aarch64/src/keccak_f1600_x4_v8a_v84a_scalar_hybrid_aarch64_asm.S
mlk_kem_check_pk_cleanroom/PKCHECK_00BC_01A_ADMISSION_20260730T013748Z/mlkem-native_af4c5abd_isolated/examples/monolithic_build_native/mlkem_native/src/fips202/native/aarch64/src/keccakf1600_round_constants.c	e5ddd2b144d4006bc515a7259dc85be96f2029bcff1ab8802e8aa683767adeb9	2165	upstream/mlkem-native/pkcheck-af4c5abd-source-snapshot/examples/monolithic_build_native/mlkem_native/src/fips202/native/aarch64/src/keccakf1600_round_constants.c
mlk_kem_check_pk_cleanroom/PKCHECK_00BC_01A_ADMISSION_20260730T013748Z/mlkem-native_af4c5abd_isolated/examples/monolithic_build_native/mlkem_native/src/fips202/native/aarch64/x1_scalar.h	31a5c395ec7a2fcf084fc64e9e5b36d9b57c60f52242453970888f99a8cd033f	765	upstream/mlkem-native/pkcheck-af4c5abd-source-snapshot/examples/monolithic_build_native/mlkem_native/src/fips202/native/aarch64/x1_scalar.h
mlk_kem_check_pk_cleanroom/PKCHECK_00BC_01A_ADMISSION_20260730T013748Z/mlkem-native_af4c5abd_isolated/examples/monolithic_build_native/mlkem_native/src/fips202/native/aarch64/x1_v84a.h	fd96189141a839c07acfb64e4460841e999716730be080376b2604d0aa709687	923	upstream/mlkem-native/pkcheck-af4c5abd-source-snapshot/examples/monolithic_build_native/mlkem_native/src/fips202/native/aarch64/x1_v84a.h
mlk_kem_check_pk_cleanroom/PKCHECK_00BC_01A_ADMISSION_20260730T013748Z/mlkem-native_af4c5abd_isolated/examples/monolithic_build_native/mlkem_native/src/fips202/native/aarch64/x2_v84a.h	cea8a31cdac31aae7c62e02d8ee8b223d51fc8e48fd9f0059bed33e2e09476ac	1099	upstream/mlkem-native/pkcheck-af4c5abd-source-snapshot/examples/monolithic_build_native/mlkem_native/src/fips202/native/aarch64/x2_v84a.h
mlk_kem_check_pk_cleanroom/PKCHECK_00BC_01A_ADMISSION_20260730T013748Z/mlkem-native_af4c5abd_isolated/examples/monolithic_build_native/mlkem_native/src/fips202/native/aarch64/x4_v8a_scalar.h	fc1ba65c9557eddad623ec15e193fa8ff18d970cd348ecd736bed092c5f4f5e2	765	upstream/mlkem-native/pkcheck-af4c5abd-source-snapshot/examples/monolithic_build_native/mlkem_native/src/fips202/native/aarch64/x4_v8a_scalar.h
mlk_kem_check_pk_cleanroom/PKCHECK_00BC_01A_ADMISSION_20260730T013748Z/mlkem-native_af4c5abd_isolated/examples/monolithic_build_native/mlkem_native/src/fips202/native/aarch64/x4_v8a_v84a_scalar.h	af16e048da60454ae457d8519adf37c1e1ccf5decb455158d6a829be6a030f20	999	upstream/mlkem-native/pkcheck-af4c5abd-source-snapshot/examples/monolithic_build_native/mlkem_native/src/fips202/native/aarch64/x4_v8a_v84a_scalar.h
mlk_kem_check_pk_cleanroom/PKCHECK_00BC_01A_ADMISSION_20260730T013748Z/mlkem-native_af4c5abd_isolated/examples/monolithic_build_native/mlkem_native/src/fips202/native/api.h	d4d8734a33d4b91e4ff53955751943ba60ea89a3b9da94a1f8bd42f1b4ee9c86	5069	upstream/mlkem-native/pkcheck-af4c5abd-source-snapshot/examples/monolithic_build_native/mlkem_native/src/fips202/native/api.h
mlk_kem_check_pk_cleanroom/PKCHECK_00BC_01A_ADMISSION_20260730T013748Z/mlkem-native_af4c5abd_isolated/examples/monolithic_build_native/mlkem_native/src/fips202/native/armv81m/README.md	ef41c9e748a12dac3da3c0a7d9a890115886ee0a1bb8d7141fb76f28fd9e8668	483	upstream/mlkem-native/pkcheck-af4c5abd-source-snapshot/examples/monolithic_build_native/mlkem_native/src/fips202/native/armv81m/README.md
mlk_kem_check_pk_cleanroom/PKCHECK_00BC_01A_ADMISSION_20260730T013748Z/mlkem-native_af4c5abd_isolated/examples/monolithic_build_native/mlkem_native/src/fips202/native/armv81m/mve.h	1be4f1af21ecdc4d388917441a7135fa3bc1f189b4b4f8bcd7723d12013b3f25	1927	upstream/mlkem-native/pkcheck-af4c5abd-source-snapshot/examples/monolithic_build_native/mlkem_native/src/fips202/native/armv81m/mve.h
mlk_kem_check_pk_cleanroom/PKCHECK_00BC_01A_ADMISSION_20260730T013748Z/mlkem-native_af4c5abd_isolated/examples/monolithic_build_native/mlkem_native/src/fips202/native/armv81m/src/fips202_native_armv81m.h	ca26af0242b3909d82a41581384bf8bd660f5fe84b09a80e4b94addb735f054c	1702	upstream/mlkem-native/pkcheck-af4c5abd-source-snapshot/examples/monolithic_build_native/mlkem_native/src/fips202/native/armv81m/src/fips202_native_armv81m.h
mlk_kem_check_pk_cleanroom/PKCHECK_00BC_01A_ADMISSION_20260730T013748Z/mlkem-native_af4c5abd_isolated/examples/monolithic_build_native/mlkem_native/src/fips202/native/armv81m/src/keccak_f1600_x4_mve.S	50c5f44d3a677becc5e018da38f0c5b07d5b5b988de2fee4e255ac9a5b4e9307	21417	upstream/mlkem-native/pkcheck-af4c5abd-source-snapshot/examples/monolithic_build_native/mlkem_native/src/fips202/native/armv81m/src/keccak_f1600_x4_mve.S
mlk_kem_check_pk_cleanroom/PKCHECK_00BC_01A_ADMISSION_20260730T013748Z/mlkem-native_af4c5abd_isolated/examples/monolithic_build_native/mlkem_native/src/fips202/native/armv81m/src/keccak_f1600_x4_mve.c	cc2f5a32ae2c5256088e17e04f89529ca3985baa6813ef4d2f0a971d8698a666	1281	upstream/mlkem-native/pkcheck-af4c5abd-source-snapshot/examples/monolithic_build_native/mlkem_native/src/fips202/native/armv81m/src/keccak_f1600_x4_mve.c
mlk_kem_check_pk_cleanroom/PKCHECK_00BC_01A_ADMISSION_20260730T013748Z/mlkem-native_af4c5abd_isolated/examples/monolithic_build_native/mlkem_native/src/fips202/native/armv81m/src/keccakf1600_round_constants.c	a01c0948612bf393e6ba1e1db603474d929245be4a273a7b874b491f0e23e22b	1808	upstream/mlkem-native/pkcheck-af4c5abd-source-snapshot/examples/monolithic_build_native/mlkem_native/src/fips202/native/armv81m/src/keccakf1600_round_constants.c
mlk_kem_check_pk_cleanroom/PKCHECK_00BC_01A_ADMISSION_20260730T013748Z/mlkem-native_af4c5abd_isolated/examples/monolithic_build_native/mlkem_native/src/fips202/native/armv81m/src/state_extract_bytes_x4_mve.S	59962bfe29c558c7d7fdcd7e002defa6b25e6bdfd0dd640c0a8be22f95d9e4ec	10888	upstream/mlkem-native/pkcheck-af4c5abd-source-snapshot/examples/monolithic_build_native/mlkem_native/src/fips202/native/armv81m/src/state_extract_bytes_x4_mve.S
mlk_kem_check_pk_cleanroom/PKCHECK_00BC_01A_ADMISSION_20260730T013748Z/mlkem-native_af4c5abd_isolated/examples/monolithic_build_native/mlkem_native/src/fips202/native/armv81m/src/state_xor_bytes_x4_mve.S	ae067d3b4331387e974066486f8db9403c55dff34a3f9c770d3d86a25e0c57cd	11446	upstream/mlkem-native/pkcheck-af4c5abd-source-snapshot/examples/monolithic_build_native/mlkem_native/src/fips202/native/armv81m/src/state_xor_bytes_x4_mve.S
mlk_kem_check_pk_cleanroom/PKCHECK_00BC_01A_ADMISSION_20260730T013748Z/mlkem-native_af4c5abd_isolated/examples/monolithic_build_native/mlkem_native/src/fips202/native/auto.h	590e5d36ce4e9d699501b458ea0653a365e12bbd9f63a6abc7bbdaab2d6b2cfd	742	upstream/mlkem-native/pkcheck-af4c5abd-source-snapshot/examples/monolithic_build_native/mlkem_native/src/fips202/native/auto.h
mlk_kem_check_pk_cleanroom/PKCHECK_00BC_01A_ADMISSION_20260730T013748Z/mlkem-native_af4c5abd_isolated/examples/monolithic_build_native/mlkem_native/src/fips202/native/x86_64/keccak_f1600_x4_avx2.h	30aa6ddce6398b400244c747f6a5653e9ac7fc7f75b43ca07e274a31081dd6a8	904	upstream/mlkem-native/pkcheck-af4c5abd-source-snapshot/examples/monolithic_build_native/mlkem_native/src/fips202/native/x86_64/keccak_f1600_x4_avx2.h
mlk_kem_check_pk_cleanroom/PKCHECK_00BC_01A_ADMISSION_20260730T013748Z/mlkem-native_af4c5abd_isolated/examples/monolithic_build_native/mlkem_native/src/fips202/native/x86_64/src/fips202_native_x86_64.h	451788547142ab61d2c17439d3e110991f336d90bd432fcd4b04e88c7989fefc	1675	upstream/mlkem-native/pkcheck-af4c5abd-source-snapshot/examples/monolithic_build_native/mlkem_native/src/fips202/native/x86_64/src/fips202_native_x86_64.h
mlk_kem_check_pk_cleanroom/PKCHECK_00BC_01A_ADMISSION_20260730T013748Z/mlkem-native_af4c5abd_isolated/examples/monolithic_build_native/mlkem_native/src/fips202/native/x86_64/src/keccak_f1600_x4_avx2_asm.S	8c39fef87dc62ec8ee98d30cbc73633a1c14e780d1e54a74baf4ca78f8c65791	20857	upstream/mlkem-native/pkcheck-af4c5abd-source-snapshot/examples/monolithic_build_native/mlkem_native/src/fips202/native/x86_64/src/keccak_f1600_x4_avx2_asm.S
mlk_kem_check_pk_cleanroom/PKCHECK_00BC_01A_ADMISSION_20260730T013748Z/mlkem-native_af4c5abd_isolated/examples/monolithic_build_native/mlkem_native/src/fips202/native/x86_64/src/keccakf1600_constants.c	e1783332d6248856c4b53d4b777b50fd4ab0eab409ea1c2722ecfc7b6b8809ac	1676	upstream/mlkem-native/pkcheck-af4c5abd-source-snapshot/examples/monolithic_build_native/mlkem_native/src/fips202/native/x86_64/src/keccakf1600_constants.c
mlk_kem_check_pk_cleanroom/PKCHECK_00BC_01A_ADMISSION_20260730T013748Z/mlkem-native_af4c5abd_isolated/examples/monolithic_build_native/mlkem_native/src/indcpa.c	ffc9cd09fb9a5926c8540b52181b064e7ae46b3d117e10ca51ac0d0ca940f6bd	23665	upstream/mlkem-native/pkcheck-af4c5abd-source-snapshot/examples/monolithic_build_native/mlkem_native/src/indcpa.c
mlk_kem_check_pk_cleanroom/PKCHECK_00BC_01A_ADMISSION_20260730T013748Z/mlkem-native_af4c5abd_isolated/examples/monolithic_build_native/mlkem_native/src/indcpa.h	25537257adf04a0db9764a1034f0f7af0be25ec0a37c47faff81fb32ee93c5f1	6836	upstream/mlkem-native/pkcheck-af4c5abd-source-snapshot/examples/monolithic_build_native/mlkem_native/src/indcpa.h
mlk_kem_check_pk_cleanroom/PKCHECK_00BC_01A_ADMISSION_20260730T013748Z/mlkem-native_af4c5abd_isolated/examples/monolithic_build_native/mlkem_native/src/kem.c	b3de1f7602b10c6033eee8b235138190ed09df917ec9326c2b38ce1083c541ce	13814	upstream/mlkem-native/pkcheck-af4c5abd-source-snapshot/examples/monolithic_build_native/mlkem_native/src/kem.c
mlk_kem_check_pk_cleanroom/PKCHECK_00BC_01A_ADMISSION_20260730T013748Z/mlkem-native_af4c5abd_isolated/examples/monolithic_build_native/mlkem_native/src/kem.h	e239f5d705fca7729e7838e836aa2fab814ddc4ffbaf7eeb73a32242b15d960d	13133	upstream/mlkem-native/pkcheck-af4c5abd-source-snapshot/examples/monolithic_build_native/mlkem_native/src/kem.h
mlk_kem_check_pk_cleanroom/PKCHECK_00BC_01A_ADMISSION_20260730T013748Z/mlkem-native_af4c5abd_isolated/examples/monolithic_build_native/mlkem_native/src/native/aarch64/README.md	6ffcd01b440924698a857730185d07fc29f868de611db3555ccd00b2486a4b65	1211	upstream/mlkem-native/pkcheck-af4c5abd-source-snapshot/examples/monolithic_build_native/mlkem_native/src/native/aarch64/README.md
mlk_kem_check_pk_cleanroom/PKCHECK_00BC_01A_ADMISSION_20260730T013748Z/mlkem-native_af4c5abd_isolated/examples/monolithic_build_native/mlkem_native/src/native/aarch64/meta.h	2a83df86204cb9b3602a019619a26c24876b2921254caaae53080bff8889f7b2	4214	upstream/mlkem-native/pkcheck-af4c5abd-source-snapshot/examples/monolithic_build_native/mlkem_native/src/native/aarch64/meta.h
mlk_kem_check_pk_cleanroom/PKCHECK_00BC_01A_ADMISSION_20260730T013748Z/mlkem-native_af4c5abd_isolated/examples/monolithic_build_native/mlkem_native/src/native/aarch64/src/aarch64_zetas.c	f254d432c3ad7e9f05b462ccc7c280efeca13af963cd208d62a80c1cdb592517	11373	upstream/mlkem-native/pkcheck-af4c5abd-source-snapshot/examples/monolithic_build_native/mlkem_native/src/native/aarch64/src/aarch64_zetas.c
mlk_kem_check_pk_cleanroom/PKCHECK_00BC_01A_ADMISSION_20260730T013748Z/mlkem-native_af4c5abd_isolated/examples/monolithic_build_native/mlkem_native/src/native/aarch64/src/arith_native_aarch64.h	cf3f258e98e21d3db85b6a543677c592e1bdc0cb9e88df647cd85ccd46b71b15	8573	upstream/mlkem-native/pkcheck-af4c5abd-source-snapshot/examples/monolithic_build_native/mlkem_native/src/native/aarch64/src/arith_native_aarch64.h
mlk_kem_check_pk_cleanroom/PKCHECK_00BC_01A_ADMISSION_20260730T013748Z/mlkem-native_af4c5abd_isolated/examples/monolithic_build_native/mlkem_native/src/native/aarch64/src/intt_aarch64_asm.S	30a3679a885c5c6e6d7312b57ad5a55e8f666495e4f5526b5d400a903ebb6cec	21082	upstream/mlkem-native/pkcheck-af4c5abd-source-snapshot/examples/monolithic_build_native/mlkem_native/src/native/aarch64/src/intt_aarch64_asm.S
mlk_kem_check_pk_cleanroom/PKCHECK_00BC_01A_ADMISSION_20260730T013748Z/mlkem-native_af4c5abd_isolated/examples/monolithic_build_native/mlkem_native/src/native/aarch64/src/ntt_aarch64_asm.S	dee8b0da4ca812cf3e06ab1180ba5325fe5f2f59dc175be0a85f16bca795e52c	18678	upstream/mlkem-native/pkcheck-af4c5abd-source-snapshot/examples/monolithic_build_native/mlkem_native/src/native/aarch64/src/ntt_aarch64_asm.S
mlk_kem_check_pk_cleanroom/PKCHECK_00BC_01A_ADMISSION_20260730T013748Z/mlkem-native_af4c5abd_isolated/examples/monolithic_build_native/mlkem_native/src/native/aarch64/src/poly_mulcache_compute_aarch64_asm.S	ffd3430b4126b3eca17189c362a08999140f4ebf0f04afd01342ec5a05e811ed	3866	upstream/mlkem-native/pkcheck-af4c5abd-source-snapshot/examples/monolithic_build_native/mlkem_native/src/native/aarch64/src/poly_mulcache_compute_aarch64_asm.S
mlk_kem_check_pk_cleanroom/PKCHECK_00BC_01A_ADMISSION_20260730T013748Z/mlkem-native_af4c5abd_isolated/examples/monolithic_build_native/mlkem_native/src/native/aarch64/src/poly_reduce_aarch64_asm.S	1b7d61373aa19548a87de892bfcfda9702295393002ba88eeb3be3d35ec700ab	4752	upstream/mlkem-native/pkcheck-af4c5abd-source-snapshot/examples/monolithic_build_native/mlkem_native/src/native/aarch64/src/poly_reduce_aarch64_asm.S
mlk_kem_check_pk_cleanroom/PKCHECK_00BC_01A_ADMISSION_20260730T013748Z/mlkem-native_af4c5abd_isolated/examples/monolithic_build_native/mlkem_native/src/native/aarch64/src/poly_tobytes_aarch64_asm.S	925af2035e63f5c8866cd83361ad666e4d442a666aef485eba2790d0d2f613b5	3489	upstream/mlkem-native/pkcheck-af4c5abd-source-snapshot/examples/monolithic_build_native/mlkem_native/src/native/aarch64/src/poly_tobytes_aarch64_asm.S
mlk_kem_check_pk_cleanroom/PKCHECK_00BC_01A_ADMISSION_20260730T013748Z/mlkem-native_af4c5abd_isolated/examples/monolithic_build_native/mlkem_native/src/native/aarch64/src/poly_tomont_aarch64_asm.S	928fbd8b2666d5b6eec6284211742ba96ce70bc8061b0e93557e5ecee73ad3b9	2862	upstream/mlkem-native/pkcheck-af4c5abd-source-snapshot/examples/monolithic_build_native/mlkem_native/src/native/aarch64/src/poly_tomont_aarch64_asm.S
mlk_kem_check_pk_cleanroom/PKCHECK_00BC_01A_ADMISSION_20260730T013748Z/mlkem-native_af4c5abd_isolated/examples/monolithic_build_native/mlkem_native/src/native/aarch64/src/polyvec_basemul_acc_montgomery_cached_k2_aarch64_asm.S	458b153b637e49f93ccee39f6c12c379d4fd982125eceb68e01307d277662b70	8656	upstream/mlkem-native/pkcheck-af4c5abd-source-snapshot/examples/monolithic_build_native/mlkem_native/src/native/aarch64/src/polyvec_basemul_acc_montgomery_cached_k2_aarch64_asm.S
mlk_kem_check_pk_cleanroom/PKCHECK_00BC_01A_ADMISSION_20260730T013748Z/mlkem-native_af4c5abd_isolated/examples/monolithic_build_native/mlkem_native/src/native/aarch64/src/polyvec_basemul_acc_montgomery_cached_k3_aarch64_asm.S	f4fcc1351d09a503dd8b73e9b0b18b4ffe49cc01fbb3611e204c06a621798c95	10500	upstream/mlkem-native/pkcheck-af4c5abd-source-snapshot/examples/monolithic_build_native/mlkem_native/src/native/aarch64/src/polyvec_basemul_acc_montgomery_cached_k3_aarch64_asm.S
mlk_kem_check_pk_cleanroom/PKCHECK_00BC_01A_ADMISSION_20260730T013748Z/mlkem-native_af4c5abd_isolated/examples/monolithic_build_native/mlkem_native/src/native/aarch64/src/polyvec_basemul_acc_montgomery_cached_k4_aarch64_asm.S	a17756f307c353f9aa2ab6fc3b00717609426468c6e1fe7707b8d461b0c18855	12351	upstream/mlkem-native/pkcheck-af4c5abd-source-snapshot/examples/monolithic_build_native/mlkem_native/src/native/aarch64/src/polyvec_basemul_acc_montgomery_cached_k4_aarch64_asm.S
mlk_kem_check_pk_cleanroom/PKCHECK_00BC_01A_ADMISSION_20260730T013748Z/mlkem-native_af4c5abd_isolated/examples/monolithic_build_native/mlkem_native/src/native/aarch64/src/rej_uniform_aarch64_asm.S	a659079e5298fc99c408ccada099770832281b37fd7e5959e8908299a440ce05	6535	upstream/mlkem-native/pkcheck-af4c5abd-source-snapshot/examples/monolithic_build_native/mlkem_native/src/native/aarch64/src/rej_uniform_aarch64_asm.S
mlk_kem_check_pk_cleanroom/PKCHECK_00BC_01A_ADMISSION_20260730T013748Z/mlkem-native_af4c5abd_isolated/examples/monolithic_build_native/mlkem_native/src/native/aarch64/src/rej_uniform_table.c	0f4e7024475acf7cc84adc8c013356fd650e312b9ea8855da32fa1531f4af7f7	27620	upstream/mlkem-native/pkcheck-af4c5abd-source-snapshot/examples/monolithic_build_native/mlkem_native/src/native/aarch64/src/rej_uniform_table.c
mlk_kem_check_pk_cleanroom/PKCHECK_00BC_01A_ADMISSION_20260730T013748Z/mlkem-native_af4c5abd_isolated/examples/monolithic_build_native/mlkem_native/src/native/api.h	651e2401c7b63e97442f08d3f6ea422fd425ec85ca47dcfdd02d9f5fa78e5ae9	28338	upstream/mlkem-native/pkcheck-af4c5abd-source-snapshot/examples/monolithic_build_native/mlkem_native/src/native/api.h
mlk_kem_check_pk_cleanroom/PKCHECK_00BC_01A_ADMISSION_20260730T013748Z/mlkem-native_af4c5abd_isolated/examples/monolithic_build_native/mlkem_native/src/native/meta.h	eb30d087373d9f809ef8bcbf5396e68e79f0b210efd9436c47f9c5dd2b07a089	604	upstream/mlkem-native/pkcheck-af4c5abd-source-snapshot/examples/monolithic_build_native/mlkem_native/src/native/meta.h
mlk_kem_check_pk_cleanroom/PKCHECK_00BC_01A_ADMISSION_20260730T013748Z/mlkem-native_af4c5abd_isolated/examples/monolithic_build_native/mlkem_native/src/native/ppc64le/README.md	c4ad2278ef016d2816b8d1049b73fd42e5a0f4acc3dd4dba3c969a94d80a2034	226	upstream/mlkem-native/pkcheck-af4c5abd-source-snapshot/examples/monolithic_build_native/mlkem_native/src/native/ppc64le/README.md
mlk_kem_check_pk_cleanroom/PKCHECK_00BC_01A_ADMISSION_20260730T013748Z/mlkem-native_af4c5abd_isolated/examples/monolithic_build_native/mlkem_native/src/native/ppc64le/meta.h	ca485705ed13888726c8ddd568be32612c4e118aeaf01e4e2642e17ac138dd78	1858	upstream/mlkem-native/pkcheck-af4c5abd-source-snapshot/examples/monolithic_build_native/mlkem_native/src/native/ppc64le/meta.h
mlk_kem_check_pk_cleanroom/PKCHECK_00BC_01A_ADMISSION_20260730T013748Z/mlkem-native_af4c5abd_isolated/examples/monolithic_build_native/mlkem_native/src/native/ppc64le/src/arith_native_ppc64le.h	7db7bf729b7de84356645c4090739e6e20aa40543b788e6d1e68e4b794a6c276	794	upstream/mlkem-native/pkcheck-af4c5abd-source-snapshot/examples/monolithic_build_native/mlkem_native/src/native/ppc64le/src/arith_native_ppc64le.h
mlk_kem_check_pk_cleanroom/PKCHECK_00BC_01A_ADMISSION_20260730T013748Z/mlkem-native_af4c5abd_isolated/examples/monolithic_build_native/mlkem_native/src/native/ppc64le/src/consts.c	f651fcd8d1c53f645cb9ef4a17a86575c787fa0e9cdf3b31c10417f20bcbfe98	15486	upstream/mlkem-native/pkcheck-af4c5abd-source-snapshot/examples/monolithic_build_native/mlkem_native/src/native/ppc64le/src/consts.c
mlk_kem_check_pk_cleanroom/PKCHECK_00BC_01A_ADMISSION_20260730T013748Z/mlkem-native_af4c5abd_isolated/examples/monolithic_build_native/mlkem_native/src/native/ppc64le/src/consts.h	6da9424313bb9fbb1c0f366df9c058e6464023732c09185be5f829791b6cf12e	985	upstream/mlkem-native/pkcheck-af4c5abd-source-snapshot/examples/monolithic_build_native/mlkem_native/src/native/ppc64le/src/consts.h
mlk_kem_check_pk_cleanroom/PKCHECK_00BC_01A_ADMISSION_20260730T013748Z/mlkem-native_af4c5abd_isolated/examples/monolithic_build_native/mlkem_native/src/native/ppc64le/src/intt_ppc_asm.S	c3c2222b1a47112df089e93ffabd4fd019744d0be6ea5a9c3d15eadd637bab37	83617	upstream/mlkem-native/pkcheck-af4c5abd-source-snapshot/examples/monolithic_build_native/mlkem_native/src/native/ppc64le/src/intt_ppc_asm.S
mlk_kem_check_pk_cleanroom/PKCHECK_00BC_01A_ADMISSION_20260730T013748Z/mlkem-native_af4c5abd_isolated/examples/monolithic_build_native/mlkem_native/src/native/ppc64le/src/ntt_ppc_asm.S	3fad90c5bcc5a809ef822e9eaf145b62a95ca28f0b1cde29c64c3f392e5dd562	43672	upstream/mlkem-native/pkcheck-af4c5abd-source-snapshot/examples/monolithic_build_native/mlkem_native/src/native/ppc64le/src/ntt_ppc_asm.S
mlk_kem_check_pk_cleanroom/PKCHECK_00BC_01A_ADMISSION_20260730T013748Z/mlkem-native_af4c5abd_isolated/examples/monolithic_build_native/mlkem_native/src/native/ppc64le/src/poly_tomont_ppc_asm.S	272e46991f5f22f5e92dbfddc54f7ac8622b2162a1b6e3b984cb5acca835166c	8241	upstream/mlkem-native/pkcheck-af4c5abd-source-snapshot/examples/monolithic_build_native/mlkem_native/src/native/ppc64le/src/poly_tomont_ppc_asm.S
mlk_kem_check_pk_cleanroom/PKCHECK_00BC_01A_ADMISSION_20260730T013748Z/mlkem-native_af4c5abd_isolated/examples/monolithic_build_native/mlkem_native/src/native/ppc64le/src/reduce_ppc_asm.S	5ed62d46877909cea8e01daad1715f6684ff9d779226c98d2d47b5688f629932	18506	upstream/mlkem-native/pkcheck-af4c5abd-source-snapshot/examples/monolithic_build_native/mlkem_native/src/native/ppc64le/src/reduce_ppc_asm.S
mlk_kem_check_pk_cleanroom/PKCHECK_00BC_01A_ADMISSION_20260730T013748Z/mlkem-native_af4c5abd_isolated/examples/monolithic_build_native/mlkem_native/src/native/riscv64/README.md	cc8a354ecbf09f5e490b643440a52d6a33118e04191e3ab8c6754e49aa03ed1b	495	upstream/mlkem-native/pkcheck-af4c5abd-source-snapshot/examples/monolithic_build_native/mlkem_native/src/native/riscv64/README.md
mlk_kem_check_pk_cleanroom/PKCHECK_00BC_01A_ADMISSION_20260730T013748Z/mlkem-native_af4c5abd_isolated/examples/monolithic_build_native/mlkem_native/src/native/riscv64/meta.h	f589ac7e4847a3cfcaee07f8737290c6d57a1022118d1fc883363fa84eca2b93	4008	upstream/mlkem-native/pkcheck-af4c5abd-source-snapshot/examples/monolithic_build_native/mlkem_native/src/native/riscv64/meta.h
mlk_kem_check_pk_cleanroom/PKCHECK_00BC_01A_ADMISSION_20260730T013748Z/mlkem-native_af4c5abd_isolated/examples/monolithic_build_native/mlkem_native/src/native/riscv64/src/arith_native_riscv64.h	d66aaf515aaff3da763ab7f636812e7444501f85d8441c4d1acb23fa4820de5e	1849	upstream/mlkem-native/pkcheck-af4c5abd-source-snapshot/examples/monolithic_build_native/mlkem_native/src/native/riscv64/src/arith_native_riscv64.h
mlk_kem_check_pk_cleanroom/PKCHECK_00BC_01A_ADMISSION_20260730T013748Z/mlkem-native_af4c5abd_isolated/examples/monolithic_build_native/mlkem_native/src/native/riscv64/src/rv64v_debug.c	43855e347be504e3489133e6349cdef8e903646c06d08718ce4addf84e8e79c8	3133	upstream/mlkem-native/pkcheck-af4c5abd-source-snapshot/examples/monolithic_build_native/mlkem_native/src/native/riscv64/src/rv64v_debug.c
mlk_kem_check_pk_cleanroom/PKCHECK_00BC_01A_ADMISSION_20260730T013748Z/mlkem-native_af4c5abd_isolated/examples/monolithic_build_native/mlkem_native/src/native/riscv64/src/rv64v_debug.h	213b1c5efc36ae5f94ed20a4cda43b9e905819283418b6cfac23e8ba5b449452	5860	upstream/mlkem-native/pkcheck-af4c5abd-source-snapshot/examples/monolithic_build_native/mlkem_native/src/native/riscv64/src/rv64v_debug.h
mlk_kem_check_pk_cleanroom/PKCHECK_00BC_01A_ADMISSION_20260730T013748Z/mlkem-native_af4c5abd_isolated/examples/monolithic_build_native/mlkem_native/src/native/riscv64/src/rv64v_izetas.inc	d29ca53fe5a70fcc2dcb3227bff3d92c37e0c35f14f995635026effc7f612422	1256	upstream/mlkem-native/pkcheck-af4c5abd-source-snapshot/examples/monolithic_build_native/mlkem_native/src/native/riscv64/src/rv64v_izetas.inc
mlk_kem_check_pk_cleanroom/PKCHECK_00BC_01A_ADMISSION_20260730T013748Z/mlkem-native_af4c5abd_isolated/examples/monolithic_build_native/mlkem_native/src/native/riscv64/src/rv64v_poly.c	6f5bc47ccc4b2d357d5aabffed4ae58ee5927415ce14a35169e2e96830c2e1d0	28791	upstream/mlkem-native/pkcheck-af4c5abd-source-snapshot/examples/monolithic_build_native/mlkem_native/src/native/riscv64/src/rv64v_poly.c
mlk_kem_check_pk_cleanroom/PKCHECK_00BC_01A_ADMISSION_20260730T013748Z/mlkem-native_af4c5abd_isolated/examples/monolithic_build_native/mlkem_native/src/native/riscv64/src/rv64v_zetas.inc	34ceb2ecb5cdc4f03b830029a31b06ba44efa6bc0e8e615d45277765c57388e4	1256	upstream/mlkem-native/pkcheck-af4c5abd-source-snapshot/examples/monolithic_build_native/mlkem_native/src/native/riscv64/src/rv64v_zetas.inc
mlk_kem_check_pk_cleanroom/PKCHECK_00BC_01A_ADMISSION_20260730T013748Z/mlkem-native_af4c5abd_isolated/examples/monolithic_build_native/mlkem_native/src/native/riscv64/src/rv64v_zetas_basemul.inc	093d13133e258b9c362e2db0fea19b1d201877a9e1e7e014174a693d9862f5df	2203	upstream/mlkem-native/pkcheck-af4c5abd-source-snapshot/examples/monolithic_build_native/mlkem_native/src/native/riscv64/src/rv64v_zetas_basemul.inc
mlk_kem_check_pk_cleanroom/PKCHECK_00BC_01A_ADMISSION_20260730T013748Z/mlkem-native_af4c5abd_isolated/examples/monolithic_build_native/mlkem_native/src/native/x86_64/README.md	59963fb54af67d45463616ac56c579f113ce5193dd74aa694c9dada7e997c214	237	upstream/mlkem-native/pkcheck-af4c5abd-source-snapshot/examples/monolithic_build_native/mlkem_native/src/native/x86_64/README.md
mlk_kem_check_pk_cleanroom/PKCHECK_00BC_01A_ADMISSION_20260730T013748Z/mlkem-native_af4c5abd_isolated/examples/monolithic_build_native/mlkem_native/src/native/x86_64/meta.h	5610fedff3fdc502ba971824ed300f0ad49c7d60ae3ad707c90fa1d815d652a3	8775	upstream/mlkem-native/pkcheck-af4c5abd-source-snapshot/examples/monolithic_build_native/mlkem_native/src/native/x86_64/meta.h
mlk_kem_check_pk_cleanroom/PKCHECK_00BC_01A_ADMISSION_20260730T013748Z/mlkem-native_af4c5abd_isolated/examples/monolithic_build_native/mlkem_native/src/native/x86_64/src/arith_native_x86_64.h	ae77631908fc59e4c6fad80d861fbadf920212631394319a04c18bfe14c91764	13552	upstream/mlkem-native/pkcheck-af4c5abd-source-snapshot/examples/monolithic_build_native/mlkem_native/src/native/x86_64/src/arith_native_x86_64.h
mlk_kem_check_pk_cleanroom/PKCHECK_00BC_01A_ADMISSION_20260730T013748Z/mlkem-native_af4c5abd_isolated/examples/monolithic_build_native/mlkem_native/src/native/x86_64/src/compress_consts.c	562965e31635041e2133ccc7602b6185bdce5472541f3b54ac72795fb6bc98f2	4105	upstream/mlkem-native/pkcheck-af4c5abd-source-snapshot/examples/monolithic_build_native/mlkem_native/src/native/x86_64/src/compress_consts.c
mlk_kem_check_pk_cleanroom/PKCHECK_00BC_01A_ADMISSION_20260730T013748Z/mlkem-native_af4c5abd_isolated/examples/monolithic_build_native/mlkem_native/src/native/x86_64/src/compress_consts.h	2748f5adee7f2a50008ba934459533e183b1cebe581eedcb85ece373516bd915	1589	upstream/mlkem-native/pkcheck-af4c5abd-source-snapshot/examples/monolithic_build_native/mlkem_native/src/native/x86_64/src/compress_consts.h
mlk_kem_check_pk_cleanroom/PKCHECK_00BC_01A_ADMISSION_20260730T013748Z/mlkem-native_af4c5abd_isolated/examples/monolithic_build_native/mlkem_native/src/native/x86_64/src/consts.c	92b37dd2361425c2816f624a982b64bbb4b4a7563f02604470c7541a83acf435	5940	upstream/mlkem-native/pkcheck-af4c5abd-source-snapshot/examples/monolithic_build_native/mlkem_native/src/native/x86_64/src/consts.c
mlk_kem_check_pk_cleanroom/PKCHECK_00BC_01A_ADMISSION_20260730T013748Z/mlkem-native_af4c5abd_isolated/examples/monolithic_build_native/mlkem_native/src/native/x86_64/src/consts.h	f0046a67ebd4195f6180b179c0fe329c1bbfddc37203825a5ebf0dffa7991e15	749	upstream/mlkem-native/pkcheck-af4c5abd-source-snapshot/examples/monolithic_build_native/mlkem_native/src/native/x86_64/src/consts.h
mlk_kem_check_pk_cleanroom/PKCHECK_00BC_01A_ADMISSION_20260730T013748Z/mlkem-native_af4c5abd_isolated/examples/monolithic_build_native/mlkem_native/src/native/x86_64/src/intt_avx2_asm.S	a8a8bc6b50f98ead9e20bfb55ac11114c0515f0225ec68a8a9f370443a38b5ce	32189	upstream/mlkem-native/pkcheck-af4c5abd-source-snapshot/examples/monolithic_build_native/mlkem_native/src/native/x86_64/src/intt_avx2_asm.S
mlk_kem_check_pk_cleanroom/PKCHECK_00BC_01A_ADMISSION_20260730T013748Z/mlkem-native_af4c5abd_isolated/examples/monolithic_build_native/mlkem_native/src/native/x86_64/src/ntt_avx2_asm.S	70416a0ad9998fc2f3f0d662f1b4d692f234cadc83ac3ba81ca501c3d636d26c	28634	upstream/mlkem-native/pkcheck-af4c5abd-source-snapshot/examples/monolithic_build_native/mlkem_native/src/native/x86_64/src/ntt_avx2_asm.S
mlk_kem_check_pk_cleanroom/PKCHECK_00BC_01A_ADMISSION_20260730T013748Z/mlkem-native_af4c5abd_isolated/examples/monolithic_build_native/mlkem_native/src/native/x86_64/src/nttfrombytes_avx2_asm.S	001af6a58e96327ecf42bacec9f0f2868637443831de53bff36253fbd5f18e0a	10915	upstream/mlkem-native/pkcheck-af4c5abd-source-snapshot/examples/monolithic_build_native/mlkem_native/src/native/x86_64/src/nttfrombytes_avx2_asm.S
mlk_kem_check_pk_cleanroom/PKCHECK_00BC_01A_ADMISSION_20260730T013748Z/mlkem-native_af4c5abd_isolated/examples/monolithic_build_native/mlkem_native/src/native/x86_64/src/ntttobytes_avx2_asm.S	d2ad03151e8671da73900559e1f22b61327209dcd748a2dbc1209a494439c7db	10409	upstream/mlkem-native/pkcheck-af4c5abd-source-snapshot/examples/monolithic_build_native/mlkem_native/src/native/x86_64/src/ntttobytes_avx2_asm.S
mlk_kem_check_pk_cleanroom/PKCHECK_00BC_01A_ADMISSION_20260730T013748Z/mlkem-native_af4c5abd_isolated/examples/monolithic_build_native/mlkem_native/src/native/x86_64/src/nttunpack_avx2_asm.S	01af3a79b639f0c1edfd4311bfe986d78112ede758a277b88d6707a8ac0203e1	11482	upstream/mlkem-native/pkcheck-af4c5abd-source-snapshot/examples/monolithic_build_native/mlkem_native/src/native/x86_64/src/nttunpack_avx2_asm.S
mlk_kem_check_pk_cleanroom/PKCHECK_00BC_01A_ADMISSION_20260730T013748Z/mlkem-native_af4c5abd_isolated/examples/monolithic_build_native/mlkem_native/src/native/x86_64/src/poly_compress_d10_avx2_asm.S	459855f032dc08dd6112f535601f8b510692bafb7c7431e3a6018c84ee483d36	14850	upstream/mlkem-native/pkcheck-af4c5abd-source-snapshot/examples/monolithic_build_native/mlkem_native/src/native/x86_64/src/poly_compress_d10_avx2_asm.S
mlk_kem_check_pk_cleanroom/PKCHECK_00BC_01A_ADMISSION_20260730T013748Z/mlkem-native_af4c5abd_isolated/examples/monolithic_build_native/mlkem_native/src/native/x86_64/src/poly_compress_d11_avx2_asm.S	2b392cb520706e848f3a417d417c08165044f9066c9dd1ded8f292280e513440	19359	upstream/mlkem-native/pkcheck-af4c5abd-source-snapshot/examples/monolithic_build_native/mlkem_native/src/native/x86_64/src/poly_compress_d11_avx2_asm.S
mlk_kem_check_pk_cleanroom/PKCHECK_00BC_01A_ADMISSION_20260730T013748Z/mlkem-native_af4c5abd_isolated/examples/monolithic_build_native/mlkem_native/src/native/x86_64/src/poly_compress_d4_avx2_asm.S	166f9d829d9f1f40e1b066de49c4c181aa1db1fbcda88f3131cb0e62d4be984d	6384	upstream/mlkem-native/pkcheck-af4c5abd-source-snapshot/examples/monolithic_build_native/mlkem_native/src/native/x86_64/src/poly_compress_d4_avx2_asm.S
mlk_kem_check_pk_cleanroom/PKCHECK_00BC_01A_ADMISSION_20260730T013748Z/mlkem-native_af4c5abd_isolated/examples/monolithic_build_native/mlkem_native/src/native/x86_64/src/poly_compress_d5_avx2_asm.S	435aaeb0eabccaf585079a6051301a0847f5e6da4236e8b20fce65ddd3b8a49d	8480	upstream/mlkem-native/pkcheck-af4c5abd-source-snapshot/examples/monolithic_build_native/mlkem_native/src/native/x86_64/src/poly_compress_d5_avx2_asm.S
mlk_kem_check_pk_cleanroom/PKCHECK_00BC_01A_ADMISSION_20260730T013748Z/mlkem-native_af4c5abd_isolated/examples/monolithic_build_native/mlkem_native/src/native/x86_64/src/poly_decompress_d10_avx2_asm.S	d7f625f1488f40ed5db555f3d4fa772a12c17b1b29e2922a539691184179d494	9138	upstream/mlkem-native/pkcheck-af4c5abd-source-snapshot/examples/monolithic_build_native/mlkem_native/src/native/x86_64/src/poly_decompress_d10_avx2_asm.S
mlk_kem_check_pk_cleanroom/PKCHECK_00BC_01A_ADMISSION_20260730T013748Z/mlkem-native_af4c5abd_isolated/examples/monolithic_build_native/mlkem_native/src/native/x86_64/src/poly_decompress_d11_avx2_asm.S	45190c13cd3079b8bac79f8c6321be6786cb383ae3ebeef05f7fc79018701ad1	11155	upstream/mlkem-native/pkcheck-af4c5abd-source-snapshot/examples/monolithic_build_native/mlkem_native/src/native/x86_64/src/poly_decompress_d11_avx2_asm.S
mlk_kem_check_pk_cleanroom/PKCHECK_00BC_01A_ADMISSION_20260730T013748Z/mlkem-native_af4c5abd_isolated/examples/monolithic_build_native/mlkem_native/src/native/x86_64/src/poly_decompress_d4_avx2_asm.S	21f854e623079f1d100e757056e92ac0e7541634ba0bc933e1f46a479f18f42f	7067	upstream/mlkem-native/pkcheck-af4c5abd-source-snapshot/examples/monolithic_build_native/mlkem_native/src/native/x86_64/src/poly_decompress_d4_avx2_asm.S
mlk_kem_check_pk_cleanroom/PKCHECK_00BC_01A_ADMISSION_20260730T013748Z/mlkem-native_af4c5abd_isolated/examples/monolithic_build_native/mlkem_native/src/native/x86_64/src/poly_decompress_d5_avx2_asm.S	33030255964bffb490c486c67955b87deadaa7e0c785a672d5b00ac927c715ca	7687	upstream/mlkem-native/pkcheck-af4c5abd-source-snapshot/examples/monolithic_build_native/mlkem_native/src/native/x86_64/src/poly_decompress_d5_avx2_asm.S
mlk_kem_check_pk_cleanroom/PKCHECK_00BC_01A_ADMISSION_20260730T013748Z/mlkem-native_af4c5abd_isolated/examples/monolithic_build_native/mlkem_native/src/native/x86_64/src/poly_mulcache_compute_avx2_asm.S	1e2f765339130173959a59d3e0bd401613141f3f9ffbbf73097935254fcc8601	3698	upstream/mlkem-native/pkcheck-af4c5abd-source-snapshot/examples/monolithic_build_native/mlkem_native/src/native/x86_64/src/poly_mulcache_compute_avx2_asm.S
mlk_kem_check_pk_cleanroom/PKCHECK_00BC_01A_ADMISSION_20260730T013748Z/mlkem-native_af4c5abd_isolated/examples/monolithic_build_native/mlkem_native/src/native/x86_64/src/polyvec_basemul_acc_montgomery_cached_k2_avx2_asm.S	c7503836f6acb3e595d9a028d34dcd6b8b981687e299fff7ab33c543458745f9	19019	upstream/mlkem-native/pkcheck-af4c5abd-source-snapshot/examples/monolithic_build_native/mlkem_native/src/native/x86_64/src/polyvec_basemul_acc_montgomery_cached_k2_avx2_asm.S
mlk_kem_check_pk_cleanroom/PKCHECK_00BC_01A_ADMISSION_20260730T013748Z/mlkem-native_af4c5abd_isolated/examples/monolithic_build_native/mlkem_native/src/native/x86_64/src/polyvec_basemul_acc_montgomery_cached_k3_avx2_asm.S	4b7c254cfce65a8a2af80f8c82022e2ea3cf4af589ea143ff32feff649dc0d8c	27963	upstream/mlkem-native/pkcheck-af4c5abd-source-snapshot/examples/monolithic_build_native/mlkem_native/src/native/x86_64/src/polyvec_basemul_acc_montgomery_cached_k3_avx2_asm.S
mlk_kem_check_pk_cleanroom/PKCHECK_00BC_01A_ADMISSION_20260730T013748Z/mlkem-native_af4c5abd_isolated/examples/monolithic_build_native/mlkem_native/src/native/x86_64/src/polyvec_basemul_acc_montgomery_cached_k4_avx2_asm.S	07ad9aef4253ed87ee1fe3a47fa5bdd2ec13d3a0c7020e57fa6570090c251815	36908	upstream/mlkem-native/pkcheck-af4c5abd-source-snapshot/examples/monolithic_build_native/mlkem_native/src/native/x86_64/src/polyvec_basemul_acc_montgomery_cached_k4_avx2_asm.S
mlk_kem_check_pk_cleanroom/PKCHECK_00BC_01A_ADMISSION_20260730T013748Z/mlkem-native_af4c5abd_isolated/examples/monolithic_build_native/mlkem_native/src/native/x86_64/src/reduce_avx2_asm.S	d0812932f720ea634a8ffb4f0923f8b388256b2081e5944e0d0f65a7829081c8	7642	upstream/mlkem-native/pkcheck-af4c5abd-source-snapshot/examples/monolithic_build_native/mlkem_native/src/native/x86_64/src/reduce_avx2_asm.S
mlk_kem_check_pk_cleanroom/PKCHECK_00BC_01A_ADMISSION_20260730T013748Z/mlkem-native_af4c5abd_isolated/examples/monolithic_build_native/mlkem_native/src/native/x86_64/src/rej_uniform_avx2_asm.S	97eef83984599d8933158e080d8822f2b925d0cf5a64b51c568d2dbe59097cb3	4360	upstream/mlkem-native/pkcheck-af4c5abd-source-snapshot/examples/monolithic_build_native/mlkem_native/src/native/x86_64/src/rej_uniform_avx2_asm.S
mlk_kem_check_pk_cleanroom/PKCHECK_00BC_01A_ADMISSION_20260730T013748Z/mlkem-native_af4c5abd_isolated/examples/monolithic_build_native/mlkem_native/src/native/x86_64/src/rej_uniform_table.c	be662d58c00fdfc8dfa14bdaf580f7af0c21ffb3211eba5e6a89654ab34afa22	27658	upstream/mlkem-native/pkcheck-af4c5abd-source-snapshot/examples/monolithic_build_native/mlkem_native/src/native/x86_64/src/rej_uniform_table.c
mlk_kem_check_pk_cleanroom/PKCHECK_00BC_01A_ADMISSION_20260730T013748Z/mlkem-native_af4c5abd_isolated/examples/monolithic_build_native/mlkem_native/src/native/x86_64/src/tomont_avx2_asm.S	9bf8187fceae7fbfdcb5e35d9222707066b7e5b6d1079cda46eca078ac813864	5475	upstream/mlkem-native/pkcheck-af4c5abd-source-snapshot/examples/monolithic_build_native/mlkem_native/src/native/x86_64/src/tomont_avx2_asm.S
mlk_kem_check_pk_cleanroom/PKCHECK_00BC_01A_ADMISSION_20260730T013748Z/mlkem-native_af4c5abd_isolated/examples/monolithic_build_native/mlkem_native/src/params.h	450fe3e0e50496921920473ae4321660f178c23d51f1453f3c537ee63c4158cb	2566	upstream/mlkem-native/pkcheck-af4c5abd-source-snapshot/examples/monolithic_build_native/mlkem_native/src/params.h
mlk_kem_check_pk_cleanroom/PKCHECK_00BC_01A_ADMISSION_20260730T013748Z/mlkem-native_af4c5abd_isolated/examples/monolithic_build_native/mlkem_native/src/poly.c	f427dda46e29d53d3e33d683c9a8483bade3568eff43fb97b868a21bfd07c722	18569	upstream/mlkem-native/pkcheck-af4c5abd-source-snapshot/examples/monolithic_build_native/mlkem_native/src/poly.c
mlk_kem_check_pk_cleanroom/PKCHECK_00BC_01A_ADMISSION_20260730T013748Z/mlkem-native_af4c5abd_isolated/examples/monolithic_build_native/mlkem_native/src/poly.h	f24f980110953c1d361e04137e13e2f85f76db776903f85c98f24900e85f7aef	10117	upstream/mlkem-native/pkcheck-af4c5abd-source-snapshot/examples/monolithic_build_native/mlkem_native/src/poly.h
mlk_kem_check_pk_cleanroom/PKCHECK_00BC_01A_ADMISSION_20260730T013748Z/mlkem-native_af4c5abd_isolated/examples/monolithic_build_native/mlkem_native/src/poly_k.c	7dea24a0591b0fb033f7a8be214d687fbde11541c274a114ac3067af12b87c32	17662	upstream/mlkem-native/pkcheck-af4c5abd-source-snapshot/examples/monolithic_build_native/mlkem_native/src/poly_k.c
mlk_kem_check_pk_cleanroom/PKCHECK_00BC_01A_ADMISSION_20260730T013748Z/mlkem-native_af4c5abd_isolated/examples/monolithic_build_native/mlkem_native/src/poly_k.h	09bdfd4a19a9cb495832a78d0f099a6c949c40014472b33fb54d66bb56e660e0	22592	upstream/mlkem-native/pkcheck-af4c5abd-source-snapshot/examples/monolithic_build_native/mlkem_native/src/poly_k.h
mlk_kem_check_pk_cleanroom/PKCHECK_00BC_01A_ADMISSION_20260730T013748Z/mlkem-native_af4c5abd_isolated/examples/monolithic_build_native/mlkem_native/src/randombytes.h	137eb6e5854b8e58c2caec6eea86530c8e7495706f6f5b3e007e25a9875e164f	1649	upstream/mlkem-native/pkcheck-af4c5abd-source-snapshot/examples/monolithic_build_native/mlkem_native/src/randombytes.h
mlk_kem_check_pk_cleanroom/PKCHECK_00BC_01A_ADMISSION_20260730T013748Z/mlkem-native_af4c5abd_isolated/examples/monolithic_build_native/mlkem_native/src/sampling.c	0408bd0744346e2c59924ebc8a9a55e750a453b1595fc0fc85532f1626bdec0a	12913	upstream/mlkem-native/pkcheck-af4c5abd-source-snapshot/examples/monolithic_build_native/mlkem_native/src/sampling.c
mlk_kem_check_pk_cleanroom/PKCHECK_00BC_01A_ADMISSION_20260730T013748Z/mlkem-native_af4c5abd_isolated/examples/monolithic_build_native/mlkem_native/src/sampling.h	92501263f89afc3d6a5f06079bacbe1dfd5ba6db744c887e08cc1c521c0030eb	3853	upstream/mlkem-native/pkcheck-af4c5abd-source-snapshot/examples/monolithic_build_native/mlkem_native/src/sampling.h
mlk_kem_check_pk_cleanroom/PKCHECK_00BC_01A_ADMISSION_20260730T013748Z/mlkem-native_af4c5abd_isolated/examples/monolithic_build_native/mlkem_native/src/symmetric.h	168d0ec3bf50bd45cb0a103d7984e9ccf52f78697718b7e85efdf1beda7abc95	2596	upstream/mlkem-native/pkcheck-af4c5abd-source-snapshot/examples/monolithic_build_native/mlkem_native/src/symmetric.h
mlk_kem_check_pk_cleanroom/PKCHECK_00BC_01A_ADMISSION_20260730T013748Z/mlkem-native_af4c5abd_isolated/examples/monolithic_build_native/mlkem_native/src/sys.h	02e6b8901bb6334a378aab1f13538693f04726a5111aed7cc6c4cdbd41188f50	9543	upstream/mlkem-native/pkcheck-af4c5abd-source-snapshot/examples/monolithic_build_native/mlkem_native/src/sys.h
mlk_kem_check_pk_cleanroom/PKCHECK_00BC_01A_ADMISSION_20260730T013748Z/mlkem-native_af4c5abd_isolated/examples/monolithic_build_native/mlkem_native/src/verify.c	f8f89f1b8c8e5811ce134c0d90fb7828027336afeed231dc3ccb7ee6b73b9335	622	upstream/mlkem-native/pkcheck-af4c5abd-source-snapshot/examples/monolithic_build_native/mlkem_native/src/verify.c
mlk_kem_check_pk_cleanroom/PKCHECK_00BC_01A_ADMISSION_20260730T013748Z/mlkem-native_af4c5abd_isolated/examples/monolithic_build_native/mlkem_native/src/verify.h	13f44749f65099bee5bc55be260932d5e832bbd091335f1e47c31df464c1881f	15010	upstream/mlkem-native/pkcheck-af4c5abd-source-snapshot/examples/monolithic_build_native/mlkem_native/src/verify.h
mlk_kem_check_pk_cleanroom/PKCHECK_00BC_01A_ADMISSION_20260730T013748Z/mlkem-native_af4c5abd_isolated/examples/monolithic_build_native/mlkem_native/src/zetas.inc	303d1abccc4757d49a5c8df5f88080fefef617b7360056db5311bd94354096d4	1337	upstream/mlkem-native/pkcheck-af4c5abd-source-snapshot/examples/monolithic_build_native/mlkem_native/src/zetas.inc
mlk_kem_check_pk_cleanroom/PKCHECK_00BC_01A_ADMISSION_20260730T013748Z/mlkem-native_af4c5abd_isolated/examples/monolithic_build_native/test_only_rng/notrandombytes.c	a11629c3372cd8b1ceb7ac6df80b9e1344c63b1df2f55a0d7d1cea2b34ddc12f	2013	upstream/mlkem-native/pkcheck-af4c5abd-source-snapshot/examples/monolithic_build_native/test_only_rng/notrandombytes.c
mlk_kem_check_pk_cleanroom/PKCHECK_00BC_01A_ADMISSION_20260730T013748Z/mlkem-native_af4c5abd_isolated/examples/monolithic_build_native/test_only_rng/notrandombytes.h	b7308b590b9d7bd57e9b6b37cbd5e0d1c2a6174926cefff72bbf4f90045cfd2b	674	upstream/mlkem-native/pkcheck-af4c5abd-source-snapshot/examples/monolithic_build_native/test_only_rng/notrandombytes.h
mlk_kem_check_pk_cleanroom/PKCHECK_00BC_01A_ADMISSION_20260730T013748Z/mlkem-native_af4c5abd_isolated/examples/multilevel_build/.gitignore	a16ce390164578975ec29da9b161ac23ca477f6b6b8fc8f5b051bda34e3b01ac	59	upstream/mlkem-native/pkcheck-af4c5abd-source-snapshot/examples/multilevel_build/.gitignore
mlk_kem_check_pk_cleanroom/PKCHECK_00BC_01A_ADMISSION_20260730T013748Z/mlkem-native_af4c5abd_isolated/examples/multilevel_build/Makefile	22bfd49aec5802b826735cf461fe4dbd0a8cb0c97d6e382572baedacef37e218	3366	upstream/mlkem-native/pkcheck-af4c5abd-source-snapshot/examples/multilevel_build/Makefile
mlk_kem_check_pk_cleanroom/PKCHECK_00BC_01A_ADMISSION_20260730T013748Z/mlkem-native_af4c5abd_isolated/examples/multilevel_build/README.md	2eac1ade9b3b6248b54fa3db6da2bdbe778368fccb53f8b7dce8e99318c91eb0	1975	upstream/mlkem-native/pkcheck-af4c5abd-source-snapshot/examples/multilevel_build/README.md
mlk_kem_check_pk_cleanroom/PKCHECK_00BC_01A_ADMISSION_20260730T013748Z/mlkem-native_af4c5abd_isolated/examples/multilevel_build/auto.mk	179af17d2e0a2442e9fe7b8a195af549dc0cf445de4a1ff9810818096293fffb	7211	upstream/mlkem-native/pkcheck-af4c5abd-source-snapshot/examples/multilevel_build/auto.mk
mlk_kem_check_pk_cleanroom/PKCHECK_00BC_01A_ADMISSION_20260730T013748Z/mlkem-native_af4c5abd_isolated/examples/multilevel_build/main.c	948f3c660f90c158e4d4248855adae42bcaf3c8eb62c780edd7b6f40d5da4082	5937	upstream/mlkem-native/pkcheck-af4c5abd-source-snapshot/examples/multilevel_build/main.c
mlk_kem_check_pk_cleanroom/PKCHECK_00BC_01A_ADMISSION_20260730T013748Z/mlkem-native_af4c5abd_isolated/examples/multilevel_build/mlkem_native/mlkem_native.h	df582b5462c592df89f0f8764af073acaa968086dc61e6c2d5cd6b12ac43c1b1	19752	upstream/mlkem-native/pkcheck-af4c5abd-source-snapshot/examples/multilevel_build/mlkem_native/mlkem_native.h
mlk_kem_check_pk_cleanroom/PKCHECK_00BC_01A_ADMISSION_20260730T013748Z/mlkem-native_af4c5abd_isolated/examples/multilevel_build/mlkem_native/mlkem_native_config.h	e4f400655da441655cb3bf99a00a29384804f9ae30dd6ddb45480a25fcef9265	22292	upstream/mlkem-native/pkcheck-af4c5abd-source-snapshot/examples/multilevel_build/mlkem_native/mlkem_native_config.h
mlk_kem_check_pk_cleanroom/PKCHECK_00BC_01A_ADMISSION_20260730T013748Z/mlkem-native_af4c5abd_isolated/examples/multilevel_build/mlkem_native/src/cbmc.h	12fe62f76060aa2cdd41de6170e0c787c516ae753ed32579c9c39b1af55130fb	7954	upstream/mlkem-native/pkcheck-af4c5abd-source-snapshot/examples/multilevel_build/mlkem_native/src/cbmc.h
mlk_kem_check_pk_cleanroom/PKCHECK_00BC_01A_ADMISSION_20260730T013748Z/mlkem-native_af4c5abd_isolated/examples/multilevel_build/mlkem_native/src/common.h	cc48998e9595ec4e59a3aa53d6be9e55ecccb3cdc047e661ccd94fa99955d675	9434	upstream/mlkem-native/pkcheck-af4c5abd-source-snapshot/examples/multilevel_build/mlkem_native/src/common.h
mlk_kem_check_pk_cleanroom/PKCHECK_00BC_01A_ADMISSION_20260730T013748Z/mlkem-native_af4c5abd_isolated/examples/multilevel_build/mlkem_native/src/compress.c	9201bea6ddd1d7622cc6496d2f745fee52397d203392f75a3d6e52a400de5bad	24427	upstream/mlkem-native/pkcheck-af4c5abd-source-snapshot/examples/multilevel_build/mlkem_native/src/compress.c
mlk_kem_check_pk_cleanroom/PKCHECK_00BC_01A_ADMISSION_20260730T013748Z/mlkem-native_af4c5abd_isolated/examples/multilevel_build/mlkem_native/src/compress.h	0f357a30e7ea37351854dc550e502e5a7eaf80184896bf92b40073175706e0dd	20187	upstream/mlkem-native/pkcheck-af4c5abd-source-snapshot/examples/multilevel_build/mlkem_native/src/compress.h
mlk_kem_check_pk_cleanroom/PKCHECK_00BC_01A_ADMISSION_20260730T013748Z/mlkem-native_af4c5abd_isolated/examples/multilevel_build/mlkem_native/src/context.h	9e4cdb00eac5a3d1553e64a02dcba66300302f17f1f0d4f3bba64b65c1f53a90	1834	upstream/mlkem-native/pkcheck-af4c5abd-source-snapshot/examples/multilevel_build/mlkem_native/src/context.h
mlk_kem_check_pk_cleanroom/PKCHECK_00BC_01A_ADMISSION_20260730T013748Z/mlkem-native_af4c5abd_isolated/examples/multilevel_build/mlkem_native/src/debug.c	263ac19f2b2bf5c784cbf04fd4c968762abedc6961d44f507c8953b52a38827e	1605	upstream/mlkem-native/pkcheck-af4c5abd-source-snapshot/examples/multilevel_build/mlkem_native/src/debug.c
mlk_kem_check_pk_cleanroom/PKCHECK_00BC_01A_ADMISSION_20260730T013748Z/mlkem-native_af4c5abd_isolated/examples/multilevel_build/mlkem_native/src/debug.h	d1fab329b439fc6dd9c4234f3fe053e74b000d416e0f4e4464542813667f3750	4740	upstream/mlkem-native/pkcheck-af4c5abd-source-snapshot/examples/multilevel_build/mlkem_native/src/debug.h
mlk_kem_check_pk_cleanroom/PKCHECK_00BC_01A_ADMISSION_20260730T013748Z/mlkem-native_af4c5abd_isolated/examples/multilevel_build/mlkem_native/src/fips202/fips202.c	fb0654c0b33c45c929fdb2af2287807a7b8f312ac7f3baa3ddfaef0c030ef0b2	7438	upstream/mlkem-native/pkcheck-af4c5abd-source-snapshot/examples/multilevel_build/mlkem_native/src/fips202/fips202.c
mlk_kem_check_pk_cleanroom/PKCHECK_00BC_01A_ADMISSION_20260730T013748Z/mlkem-native_af4c5abd_isolated/examples/multilevel_build/mlkem_native/src/fips202/fips202.h	cad68aaacc2f3511f0a5a0c70f7ac827e76c78e862f1c5616de2b74c8b96a4a5	4922	upstream/mlkem-native/pkcheck-af4c5abd-source-snapshot/examples/multilevel_build/mlkem_native/src/fips202/fips202.h
mlk_kem_check_pk_cleanroom/PKCHECK_00BC_01A_ADMISSION_20260730T013748Z/mlkem-native_af4c5abd_isolated/examples/multilevel_build/mlkem_native/src/fips202/fips202x4.c	2e481ccbafc00765b210725c8e454f2b4dc622844eccf6a0c1e025657fcb5fe8	7353	upstream/mlkem-native/pkcheck-af4c5abd-source-snapshot/examples/multilevel_build/mlkem_native/src/fips202/fips202x4.c
mlk_kem_check_pk_cleanroom/PKCHECK_00BC_01A_ADMISSION_20260730T013748Z/mlkem-native_af4c5abd_isolated/examples/multilevel_build/mlkem_native/src/fips202/fips202x4.h	c8d2e50f7ccce19822030786a1a99f0892db63ebe5b020fa91a5383c9700dd22	3156	upstream/mlkem-native/pkcheck-af4c5abd-source-snapshot/examples/multilevel_build/mlkem_native/src/fips202/fips202x4.h
mlk_kem_check_pk_cleanroom/PKCHECK_00BC_01A_ADMISSION_20260730T013748Z/mlkem-native_af4c5abd_isolated/examples/multilevel_build/mlkem_native/src/fips202/keccakf1600.c	65770564ec922faca7ec072eefc16bfdba2495a20d51cae0f6cce207835cdd7e	15788	upstream/mlkem-native/pkcheck-af4c5abd-source-snapshot/examples/multilevel_build/mlkem_native/src/fips202/keccakf1600.c
mlk_kem_check_pk_cleanroom/PKCHECK_00BC_01A_ADMISSION_20260730T013748Z/mlkem-native_af4c5abd_isolated/examples/multilevel_build/mlkem_native/src/fips202/keccakf1600.h	88c06d4c546f46920a65001bcfad8cabb6173fb01ae071e02412c46043bdf54f	4385	upstream/mlkem-native/pkcheck-af4c5abd-source-snapshot/examples/multilevel_build/mlkem_native/src/fips202/keccakf1600.h
mlk_kem_check_pk_cleanroom/PKCHECK_00BC_01A_ADMISSION_20260730T013748Z/mlkem-native_af4c5abd_isolated/examples/multilevel_build/mlkem_native/src/fips202/native/aarch64/auto.h	1229009312b61690b2f56babf7a6f648fa9c51ef30d6a5d2a5b44cb23fcc00ff	2185	upstream/mlkem-native/pkcheck-af4c5abd-source-snapshot/examples/multilevel_build/mlkem_native/src/fips202/native/aarch64/auto.h
mlk_kem_check_pk_cleanroom/PKCHECK_00BC_01A_ADMISSION_20260730T013748Z/mlkem-native_af4c5abd_isolated/examples/multilevel_build/mlkem_native/src/fips202/native/aarch64/src/fips202_native_aarch64.h	76f1cd9df93bd940b50f1e8863a72ee58c261be7dd37ae3d696134cde0af6035	3421	upstream/mlkem-native/pkcheck-af4c5abd-source-snapshot/examples/multilevel_build/mlkem_native/src/fips202/native/aarch64/src/fips202_native_aarch64.h
mlk_kem_check_pk_cleanroom/PKCHECK_00BC_01A_ADMISSION_20260730T013748Z/mlkem-native_af4c5abd_isolated/examples/multilevel_build/mlkem_native/src/fips202/native/aarch64/src/keccak_f1600_x1_scalar_aarch64_asm.S	6fbe5f3b9607bf318a8e74d22452bce5890832b5048fdb952842f929036d7586	11586	upstream/mlkem-native/pkcheck-af4c5abd-source-snapshot/examples/multilevel_build/mlkem_native/src/fips202/native/aarch64/src/keccak_f1600_x1_scalar_aarch64_asm.S
mlk_kem_check_pk_cleanroom/PKCHECK_00BC_01A_ADMISSION_20260730T013748Z/mlkem-native_af4c5abd_isolated/examples/multilevel_build/mlkem_native/src/fips202/native/aarch64/src/keccak_f1600_x1_v84a_aarch64_asm.S	a0c147e3dc50889e1acf527610951b84b0d2fead2cf3ebac0f581019bef03e9c	6944	upstream/mlkem-native/pkcheck-af4c5abd-source-snapshot/examples/multilevel_build/mlkem_native/src/fips202/native/aarch64/src/keccak_f1600_x1_v84a_aarch64_asm.S
mlk_kem_check_pk_cleanroom/PKCHECK_00BC_01A_ADMISSION_20260730T013748Z/mlkem-native_af4c5abd_isolated/examples/multilevel_build/mlkem_native/src/fips202/native/aarch64/src/keccak_f1600_x2_v84a_aarch64_asm.S	3f5c48c3b3dd108995929abf43f4920228adfe9a9f5ba7be6cdca380925bd0ee	8986	upstream/mlkem-native/pkcheck-af4c5abd-source-snapshot/examples/multilevel_build/mlkem_native/src/fips202/native/aarch64/src/keccak_f1600_x2_v84a_aarch64_asm.S
mlk_kem_check_pk_cleanroom/PKCHECK_00BC_01A_ADMISSION_20260730T013748Z/mlkem-native_af4c5abd_isolated/examples/multilevel_build/mlkem_native/src/fips202/native/aarch64/src/keccak_f1600_x4_v8a_scalar_hybrid_aarch64_asm.S	dc389f0d1f8b677c37737608f706292f985e328bd72e668d1c974c8cfbf47793	35953	upstream/mlkem-native/pkcheck-af4c5abd-source-snapshot/examples/multilevel_build/mlkem_native/src/fips202/native/aarch64/src/keccak_f1600_x4_v8a_scalar_hybrid_aarch64_asm.S
mlk_kem_check_pk_cleanroom/PKCHECK_00BC_01A_ADMISSION_20260730T013748Z/mlkem-native_af4c5abd_isolated/examples/multilevel_build/mlkem_native/src/fips202/native/aarch64/src/keccak_f1600_x4_v8a_v84a_scalar_hybrid_aarch64_asm.S	b81dddd63984b5750f2cddc5a4ccc6b5e3ed7f541a15a62f1cd375bc819dd9d3	33242	upstream/mlkem-native/pkcheck-af4c5abd-source-snapshot/examples/multilevel_build/mlkem_native/src/fips202/native/aarch64/src/keccak_f1600_x4_v8a_v84a_scalar_hybrid_aarch64_asm.S
mlk_kem_check_pk_cleanroom/PKCHECK_00BC_01A_ADMISSION_20260730T013748Z/mlkem-native_af4c5abd_isolated/examples/multilevel_build/mlkem_native/src/fips202/native/aarch64/src/keccakf1600_round_constants.c	e5ddd2b144d4006bc515a7259dc85be96f2029bcff1ab8802e8aa683767adeb9	2165	upstream/mlkem-native/pkcheck-af4c5abd-source-snapshot/examples/multilevel_build/mlkem_native/src/fips202/native/aarch64/src/keccakf1600_round_constants.c
mlk_kem_check_pk_cleanroom/PKCHECK_00BC_01A_ADMISSION_20260730T013748Z/mlkem-native_af4c5abd_isolated/examples/multilevel_build/mlkem_native/src/fips202/native/aarch64/x1_scalar.h	31a5c395ec7a2fcf084fc64e9e5b36d9b57c60f52242453970888f99a8cd033f	765	upstream/mlkem-native/pkcheck-af4c5abd-source-snapshot/examples/multilevel_build/mlkem_native/src/fips202/native/aarch64/x1_scalar.h
mlk_kem_check_pk_cleanroom/PKCHECK_00BC_01A_ADMISSION_20260730T013748Z/mlkem-native_af4c5abd_isolated/examples/multilevel_build/mlkem_native/src/fips202/native/aarch64/x1_v84a.h	fd96189141a839c07acfb64e4460841e999716730be080376b2604d0aa709687	923	upstream/mlkem-native/pkcheck-af4c5abd-source-snapshot/examples/multilevel_build/mlkem_native/src/fips202/native/aarch64/x1_v84a.h
mlk_kem_check_pk_cleanroom/PKCHECK_00BC_01A_ADMISSION_20260730T013748Z/mlkem-native_af4c5abd_isolated/examples/multilevel_build/mlkem_native/src/fips202/native/aarch64/x2_v84a.h	cea8a31cdac31aae7c62e02d8ee8b223d51fc8e48fd9f0059bed33e2e09476ac	1099	upstream/mlkem-native/pkcheck-af4c5abd-source-snapshot/examples/multilevel_build/mlkem_native/src/fips202/native/aarch64/x2_v84a.h
mlk_kem_check_pk_cleanroom/PKCHECK_00BC_01A_ADMISSION_20260730T013748Z/mlkem-native_af4c5abd_isolated/examples/multilevel_build/mlkem_native/src/fips202/native/aarch64/x4_v8a_scalar.h	fc1ba65c9557eddad623ec15e193fa8ff18d970cd348ecd736bed092c5f4f5e2	765	upstream/mlkem-native/pkcheck-af4c5abd-source-snapshot/examples/multilevel_build/mlkem_native/src/fips202/native/aarch64/x4_v8a_scalar.h
mlk_kem_check_pk_cleanroom/PKCHECK_00BC_01A_ADMISSION_20260730T013748Z/mlkem-native_af4c5abd_isolated/examples/multilevel_build/mlkem_native/src/fips202/native/aarch64/x4_v8a_v84a_scalar.h	af16e048da60454ae457d8519adf37c1e1ccf5decb455158d6a829be6a030f20	999	upstream/mlkem-native/pkcheck-af4c5abd-source-snapshot/examples/multilevel_build/mlkem_native/src/fips202/native/aarch64/x4_v8a_v84a_scalar.h
mlk_kem_check_pk_cleanroom/PKCHECK_00BC_01A_ADMISSION_20260730T013748Z/mlkem-native_af4c5abd_isolated/examples/multilevel_build/mlkem_native/src/fips202/native/api.h	d4d8734a33d4b91e4ff53955751943ba60ea89a3b9da94a1f8bd42f1b4ee9c86	5069	upstream/mlkem-native/pkcheck-af4c5abd-source-snapshot/examples/multilevel_build/mlkem_native/src/fips202/native/api.h
mlk_kem_check_pk_cleanroom/PKCHECK_00BC_01A_ADMISSION_20260730T013748Z/mlkem-native_af4c5abd_isolated/examples/multilevel_build/mlkem_native/src/fips202/native/armv81m/README.md	ef41c9e748a12dac3da3c0a7d9a890115886ee0a1bb8d7141fb76f28fd9e8668	483	upstream/mlkem-native/pkcheck-af4c5abd-source-snapshot/examples/multilevel_build/mlkem_native/src/fips202/native/armv81m/README.md
mlk_kem_check_pk_cleanroom/PKCHECK_00BC_01A_ADMISSION_20260730T013748Z/mlkem-native_af4c5abd_isolated/examples/multilevel_build/mlkem_native/src/fips202/native/armv81m/mve.h	1be4f1af21ecdc4d388917441a7135fa3bc1f189b4b4f8bcd7723d12013b3f25	1927	upstream/mlkem-native/pkcheck-af4c5abd-source-snapshot/examples/multilevel_build/mlkem_native/src/fips202/native/armv81m/mve.h
mlk_kem_check_pk_cleanroom/PKCHECK_00BC_01A_ADMISSION_20260730T013748Z/mlkem-native_af4c5abd_isolated/examples/multilevel_build/mlkem_native/src/fips202/native/armv81m/src/fips202_native_armv81m.h	ca26af0242b3909d82a41581384bf8bd660f5fe84b09a80e4b94addb735f054c	1702	upstream/mlkem-native/pkcheck-af4c5abd-source-snapshot/examples/multilevel_build/mlkem_native/src/fips202/native/armv81m/src/fips202_native_armv81m.h
mlk_kem_check_pk_cleanroom/PKCHECK_00BC_01A_ADMISSION_20260730T013748Z/mlkem-native_af4c5abd_isolated/examples/multilevel_build/mlkem_native/src/fips202/native/armv81m/src/keccak_f1600_x4_mve.S	50c5f44d3a677becc5e018da38f0c5b07d5b5b988de2fee4e255ac9a5b4e9307	21417	upstream/mlkem-native/pkcheck-af4c5abd-source-snapshot/examples/multilevel_build/mlkem_native/src/fips202/native/armv81m/src/keccak_f1600_x4_mve.S
mlk_kem_check_pk_cleanroom/PKCHECK_00BC_01A_ADMISSION_20260730T013748Z/mlkem-native_af4c5abd_isolated/examples/multilevel_build/mlkem_native/src/fips202/native/armv81m/src/keccak_f1600_x4_mve.c	cc2f5a32ae2c5256088e17e04f89529ca3985baa6813ef4d2f0a971d8698a666	1281	upstream/mlkem-native/pkcheck-af4c5abd-source-snapshot/examples/multilevel_build/mlkem_native/src/fips202/native/armv81m/src/keccak_f1600_x4_mve.c
mlk_kem_check_pk_cleanroom/PKCHECK_00BC_01A_ADMISSION_20260730T013748Z/mlkem-native_af4c5abd_isolated/examples/multilevel_build/mlkem_native/src/fips202/native/armv81m/src/keccakf1600_round_constants.c	a01c0948612bf393e6ba1e1db603474d929245be4a273a7b874b491f0e23e22b	1808	upstream/mlkem-native/pkcheck-af4c5abd-source-snapshot/examples/multilevel_build/mlkem_native/src/fips202/native/armv81m/src/keccakf1600_round_constants.c
mlk_kem_check_pk_cleanroom/PKCHECK_00BC_01A_ADMISSION_20260730T013748Z/mlkem-native_af4c5abd_isolated/examples/multilevel_build/mlkem_native/src/fips202/native/armv81m/src/state_extract_bytes_x4_mve.S	59962bfe29c558c7d7fdcd7e002defa6b25e6bdfd0dd640c0a8be22f95d9e4ec	10888	upstream/mlkem-native/pkcheck-af4c5abd-source-snapshot/examples/multilevel_build/mlkem_native/src/fips202/native/armv81m/src/state_extract_bytes_x4_mve.S
mlk_kem_check_pk_cleanroom/PKCHECK_00BC_01A_ADMISSION_20260730T013748Z/mlkem-native_af4c5abd_isolated/examples/multilevel_build/mlkem_native/src/fips202/native/armv81m/src/state_xor_bytes_x4_mve.S	ae067d3b4331387e974066486f8db9403c55dff34a3f9c770d3d86a25e0c57cd	11446	upstream/mlkem-native/pkcheck-af4c5abd-source-snapshot/examples/multilevel_build/mlkem_native/src/fips202/native/armv81m/src/state_xor_bytes_x4_mve.S
mlk_kem_check_pk_cleanroom/PKCHECK_00BC_01A_ADMISSION_20260730T013748Z/mlkem-native_af4c5abd_isolated/examples/multilevel_build/mlkem_native/src/fips202/native/auto.h	590e5d36ce4e9d699501b458ea0653a365e12bbd9f63a6abc7bbdaab2d6b2cfd	742	upstream/mlkem-native/pkcheck-af4c5abd-source-snapshot/examples/multilevel_build/mlkem_native/src/fips202/native/auto.h
mlk_kem_check_pk_cleanroom/PKCHECK_00BC_01A_ADMISSION_20260730T013748Z/mlkem-native_af4c5abd_isolated/examples/multilevel_build/mlkem_native/src/fips202/native/x86_64/keccak_f1600_x4_avx2.h	30aa6ddce6398b400244c747f6a5653e9ac7fc7f75b43ca07e274a31081dd6a8	904	upstream/mlkem-native/pkcheck-af4c5abd-source-snapshot/examples/multilevel_build/mlkem_native/src/fips202/native/x86_64/keccak_f1600_x4_avx2.h
mlk_kem_check_pk_cleanroom/PKCHECK_00BC_01A_ADMISSION_20260730T013748Z/mlkem-native_af4c5abd_isolated/examples/multilevel_build/mlkem_native/src/fips202/native/x86_64/src/fips202_native_x86_64.h	451788547142ab61d2c17439d3e110991f336d90bd432fcd4b04e88c7989fefc	1675	upstream/mlkem-native/pkcheck-af4c5abd-source-snapshot/examples/multilevel_build/mlkem_native/src/fips202/native/x86_64/src/fips202_native_x86_64.h
mlk_kem_check_pk_cleanroom/PKCHECK_00BC_01A_ADMISSION_20260730T013748Z/mlkem-native_af4c5abd_isolated/examples/multilevel_build/mlkem_native/src/fips202/native/x86_64/src/keccak_f1600_x4_avx2_asm.S	8c39fef87dc62ec8ee98d30cbc73633a1c14e780d1e54a74baf4ca78f8c65791	20857	upstream/mlkem-native/pkcheck-af4c5abd-source-snapshot/examples/multilevel_build/mlkem_native/src/fips202/native/x86_64/src/keccak_f1600_x4_avx2_asm.S
mlk_kem_check_pk_cleanroom/PKCHECK_00BC_01A_ADMISSION_20260730T013748Z/mlkem-native_af4c5abd_isolated/examples/multilevel_build/mlkem_native/src/fips202/native/x86_64/src/keccakf1600_constants.c	e1783332d6248856c4b53d4b777b50fd4ab0eab409ea1c2722ecfc7b6b8809ac	1676	upstream/mlkem-native/pkcheck-af4c5abd-source-snapshot/examples/multilevel_build/mlkem_native/src/fips202/native/x86_64/src/keccakf1600_constants.c
mlk_kem_check_pk_cleanroom/PKCHECK_00BC_01A_ADMISSION_20260730T013748Z/mlkem-native_af4c5abd_isolated/examples/multilevel_build/mlkem_native/src/indcpa.c	ffc9cd09fb9a5926c8540b52181b064e7ae46b3d117e10ca51ac0d0ca940f6bd	23665	upstream/mlkem-native/pkcheck-af4c5abd-source-snapshot/examples/multilevel_build/mlkem_native/src/indcpa.c
mlk_kem_check_pk_cleanroom/PKCHECK_00BC_01A_ADMISSION_20260730T013748Z/mlkem-native_af4c5abd_isolated/examples/multilevel_build/mlkem_native/src/indcpa.h	25537257adf04a0db9764a1034f0f7af0be25ec0a37c47faff81fb32ee93c5f1	6836	upstream/mlkem-native/pkcheck-af4c5abd-source-snapshot/examples/multilevel_build/mlkem_native/src/indcpa.h
mlk_kem_check_pk_cleanroom/PKCHECK_00BC_01A_ADMISSION_20260730T013748Z/mlkem-native_af4c5abd_isolated/examples/multilevel_build/mlkem_native/src/kem.c	b3de1f7602b10c6033eee8b235138190ed09df917ec9326c2b38ce1083c541ce	13814	upstream/mlkem-native/pkcheck-af4c5abd-source-snapshot/examples/multilevel_build/mlkem_native/src/kem.c
mlk_kem_check_pk_cleanroom/PKCHECK_00BC_01A_ADMISSION_20260730T013748Z/mlkem-native_af4c5abd_isolated/examples/multilevel_build/mlkem_native/src/kem.h	e239f5d705fca7729e7838e836aa2fab814ddc4ffbaf7eeb73a32242b15d960d	13133	upstream/mlkem-native/pkcheck-af4c5abd-source-snapshot/examples/multilevel_build/mlkem_native/src/kem.h
mlk_kem_check_pk_cleanroom/PKCHECK_00BC_01A_ADMISSION_20260730T013748Z/mlkem-native_af4c5abd_isolated/examples/multilevel_build/mlkem_native/src/native/aarch64/README.md	6ffcd01b440924698a857730185d07fc29f868de611db3555ccd00b2486a4b65	1211	upstream/mlkem-native/pkcheck-af4c5abd-source-snapshot/examples/multilevel_build/mlkem_native/src/native/aarch64/README.md
mlk_kem_check_pk_cleanroom/PKCHECK_00BC_01A_ADMISSION_20260730T013748Z/mlkem-native_af4c5abd_isolated/examples/multilevel_build/mlkem_native/src/native/aarch64/meta.h	2a83df86204cb9b3602a019619a26c24876b2921254caaae53080bff8889f7b2	4214	upstream/mlkem-native/pkcheck-af4c5abd-source-snapshot/examples/multilevel_build/mlkem_native/src/native/aarch64/meta.h
mlk_kem_check_pk_cleanroom/PKCHECK_00BC_01A_ADMISSION_20260730T013748Z/mlkem-native_af4c5abd_isolated/examples/multilevel_build/mlkem_native/src/native/aarch64/src/aarch64_zetas.c	f254d432c3ad7e9f05b462ccc7c280efeca13af963cd208d62a80c1cdb592517	11373	upstream/mlkem-native/pkcheck-af4c5abd-source-snapshot/examples/multilevel_build/mlkem_native/src/native/aarch64/src/aarch64_zetas.c
mlk_kem_check_pk_cleanroom/PKCHECK_00BC_01A_ADMISSION_20260730T013748Z/mlkem-native_af4c5abd_isolated/examples/multilevel_build/mlkem_native/src/native/aarch64/src/arith_native_aarch64.h	cf3f258e98e21d3db85b6a543677c592e1bdc0cb9e88df647cd85ccd46b71b15	8573	upstream/mlkem-native/pkcheck-af4c5abd-source-snapshot/examples/multilevel_build/mlkem_native/src/native/aarch64/src/arith_native_aarch64.h
mlk_kem_check_pk_cleanroom/PKCHECK_00BC_01A_ADMISSION_20260730T013748Z/mlkem-native_af4c5abd_isolated/examples/multilevel_build/mlkem_native/src/native/aarch64/src/intt_aarch64_asm.S	30a3679a885c5c6e6d7312b57ad5a55e8f666495e4f5526b5d400a903ebb6cec	21082	upstream/mlkem-native/pkcheck-af4c5abd-source-snapshot/examples/multilevel_build/mlkem_native/src/native/aarch64/src/intt_aarch64_asm.S
mlk_kem_check_pk_cleanroom/PKCHECK_00BC_01A_ADMISSION_20260730T013748Z/mlkem-native_af4c5abd_isolated/examples/multilevel_build/mlkem_native/src/native/aarch64/src/ntt_aarch64_asm.S	dee8b0da4ca812cf3e06ab1180ba5325fe5f2f59dc175be0a85f16bca795e52c	18678	upstream/mlkem-native/pkcheck-af4c5abd-source-snapshot/examples/multilevel_build/mlkem_native/src/native/aarch64/src/ntt_aarch64_asm.S
mlk_kem_check_pk_cleanroom/PKCHECK_00BC_01A_ADMISSION_20260730T013748Z/mlkem-native_af4c5abd_isolated/examples/multilevel_build/mlkem_native/src/native/aarch64/src/poly_mulcache_compute_aarch64_asm.S	ffd3430b4126b3eca17189c362a08999140f4ebf0f04afd01342ec5a05e811ed	3866	upstream/mlkem-native/pkcheck-af4c5abd-source-snapshot/examples/multilevel_build/mlkem_native/src/native/aarch64/src/poly_mulcache_compute_aarch64_asm.S
mlk_kem_check_pk_cleanroom/PKCHECK_00BC_01A_ADMISSION_20260730T013748Z/mlkem-native_af4c5abd_isolated/examples/multilevel_build/mlkem_native/src/native/aarch64/src/poly_reduce_aarch64_asm.S	1b7d61373aa19548a87de892bfcfda9702295393002ba88eeb3be3d35ec700ab	4752	upstream/mlkem-native/pkcheck-af4c5abd-source-snapshot/examples/multilevel_build/mlkem_native/src/native/aarch64/src/poly_reduce_aarch64_asm.S
mlk_kem_check_pk_cleanroom/PKCHECK_00BC_01A_ADMISSION_20260730T013748Z/mlkem-native_af4c5abd_isolated/examples/multilevel_build/mlkem_native/src/native/aarch64/src/poly_tobytes_aarch64_asm.S	925af2035e63f5c8866cd83361ad666e4d442a666aef485eba2790d0d2f613b5	3489	upstream/mlkem-native/pkcheck-af4c5abd-source-snapshot/examples/multilevel_build/mlkem_native/src/native/aarch64/src/poly_tobytes_aarch64_asm.S
mlk_kem_check_pk_cleanroom/PKCHECK_00BC_01A_ADMISSION_20260730T013748Z/mlkem-native_af4c5abd_isolated/examples/multilevel_build/mlkem_native/src/native/aarch64/src/poly_tomont_aarch64_asm.S	928fbd8b2666d5b6eec6284211742ba96ce70bc8061b0e93557e5ecee73ad3b9	2862	upstream/mlkem-native/pkcheck-af4c5abd-source-snapshot/examples/multilevel_build/mlkem_native/src/native/aarch64/src/poly_tomont_aarch64_asm.S
mlk_kem_check_pk_cleanroom/PKCHECK_00BC_01A_ADMISSION_20260730T013748Z/mlkem-native_af4c5abd_isolated/examples/multilevel_build/mlkem_native/src/native/aarch64/src/polyvec_basemul_acc_montgomery_cached_k2_aarch64_asm.S	458b153b637e49f93ccee39f6c12c379d4fd982125eceb68e01307d277662b70	8656	upstream/mlkem-native/pkcheck-af4c5abd-source-snapshot/examples/multilevel_build/mlkem_native/src/native/aarch64/src/polyvec_basemul_acc_montgomery_cached_k2_aarch64_asm.S
mlk_kem_check_pk_cleanroom/PKCHECK_00BC_01A_ADMISSION_20260730T013748Z/mlkem-native_af4c5abd_isolated/examples/multilevel_build/mlkem_native/src/native/aarch64/src/polyvec_basemul_acc_montgomery_cached_k3_aarch64_asm.S	f4fcc1351d09a503dd8b73e9b0b18b4ffe49cc01fbb3611e204c06a621798c95	10500	upstream/mlkem-native/pkcheck-af4c5abd-source-snapshot/examples/multilevel_build/mlkem_native/src/native/aarch64/src/polyvec_basemul_acc_montgomery_cached_k3_aarch64_asm.S
mlk_kem_check_pk_cleanroom/PKCHECK_00BC_01A_ADMISSION_20260730T013748Z/mlkem-native_af4c5abd_isolated/examples/multilevel_build/mlkem_native/src/native/aarch64/src/polyvec_basemul_acc_montgomery_cached_k4_aarch64_asm.S	a17756f307c353f9aa2ab6fc3b00717609426468c6e1fe7707b8d461b0c18855	12351	upstream/mlkem-native/pkcheck-af4c5abd-source-snapshot/examples/multilevel_build/mlkem_native/src/native/aarch64/src/polyvec_basemul_acc_montgomery_cached_k4_aarch64_asm.S
mlk_kem_check_pk_cleanroom/PKCHECK_00BC_01A_ADMISSION_20260730T013748Z/mlkem-native_af4c5abd_isolated/examples/multilevel_build/mlkem_native/src/native/aarch64/src/rej_uniform_aarch64_asm.S	a659079e5298fc99c408ccada099770832281b37fd7e5959e8908299a440ce05	6535	upstream/mlkem-native/pkcheck-af4c5abd-source-snapshot/examples/multilevel_build/mlkem_native/src/native/aarch64/src/rej_uniform_aarch64_asm.S
mlk_kem_check_pk_cleanroom/PKCHECK_00BC_01A_ADMISSION_20260730T013748Z/mlkem-native_af4c5abd_isolated/examples/multilevel_build/mlkem_native/src/native/aarch64/src/rej_uniform_table.c	0f4e7024475acf7cc84adc8c013356fd650e312b9ea8855da32fa1531f4af7f7	27620	upstream/mlkem-native/pkcheck-af4c5abd-source-snapshot/examples/multilevel_build/mlkem_native/src/native/aarch64/src/rej_uniform_table.c
mlk_kem_check_pk_cleanroom/PKCHECK_00BC_01A_ADMISSION_20260730T013748Z/mlkem-native_af4c5abd_isolated/examples/multilevel_build/mlkem_native/src/native/api.h	651e2401c7b63e97442f08d3f6ea422fd425ec85ca47dcfdd02d9f5fa78e5ae9	28338	upstream/mlkem-native/pkcheck-af4c5abd-source-snapshot/examples/multilevel_build/mlkem_native/src/native/api.h
mlk_kem_check_pk_cleanroom/PKCHECK_00BC_01A_ADMISSION_20260730T013748Z/mlkem-native_af4c5abd_isolated/examples/multilevel_build/mlkem_native/src/native/meta.h	eb30d087373d9f809ef8bcbf5396e68e79f0b210efd9436c47f9c5dd2b07a089	604	upstream/mlkem-native/pkcheck-af4c5abd-source-snapshot/examples/multilevel_build/mlkem_native/src/native/meta.h
mlk_kem_check_pk_cleanroom/PKCHECK_00BC_01A_ADMISSION_20260730T013748Z/mlkem-native_af4c5abd_isolated/examples/multilevel_build/mlkem_native/src/native/ppc64le/README.md	c4ad2278ef016d2816b8d1049b73fd42e5a0f4acc3dd4dba3c969a94d80a2034	226	upstream/mlkem-native/pkcheck-af4c5abd-source-snapshot/examples/multilevel_build/mlkem_native/src/native/ppc64le/README.md
mlk_kem_check_pk_cleanroom/PKCHECK_00BC_01A_ADMISSION_20260730T013748Z/mlkem-native_af4c5abd_isolated/examples/multilevel_build/mlkem_native/src/native/ppc64le/meta.h	ca485705ed13888726c8ddd568be32612c4e118aeaf01e4e2642e17ac138dd78	1858	upstream/mlkem-native/pkcheck-af4c5abd-source-snapshot/examples/multilevel_build/mlkem_native/src/native/ppc64le/meta.h
mlk_kem_check_pk_cleanroom/PKCHECK_00BC_01A_ADMISSION_20260730T013748Z/mlkem-native_af4c5abd_isolated/examples/multilevel_build/mlkem_native/src/native/ppc64le/src/arith_native_ppc64le.h	7db7bf729b7de84356645c4090739e6e20aa40543b788e6d1e68e4b794a6c276	794	upstream/mlkem-native/pkcheck-af4c5abd-source-snapshot/examples/multilevel_build/mlkem_native/src/native/ppc64le/src/arith_native_ppc64le.h
mlk_kem_check_pk_cleanroom/PKCHECK_00BC_01A_ADMISSION_20260730T013748Z/mlkem-native_af4c5abd_isolated/examples/multilevel_build/mlkem_native/src/native/ppc64le/src/consts.c	f651fcd8d1c53f645cb9ef4a17a86575c787fa0e9cdf3b31c10417f20bcbfe98	15486	upstream/mlkem-native/pkcheck-af4c5abd-source-snapshot/examples/multilevel_build/mlkem_native/src/native/ppc64le/src/consts.c
mlk_kem_check_pk_cleanroom/PKCHECK_00BC_01A_ADMISSION_20260730T013748Z/mlkem-native_af4c5abd_isolated/examples/multilevel_build/mlkem_native/src/native/ppc64le/src/consts.h	6da9424313bb9fbb1c0f366df9c058e6464023732c09185be5f829791b6cf12e	985	upstream/mlkem-native/pkcheck-af4c5abd-source-snapshot/examples/multilevel_build/mlkem_native/src/native/ppc64le/src/consts.h
mlk_kem_check_pk_cleanroom/PKCHECK_00BC_01A_ADMISSION_20260730T013748Z/mlkem-native_af4c5abd_isolated/examples/multilevel_build/mlkem_native/src/native/ppc64le/src/intt_ppc_asm.S	c3c2222b1a47112df089e93ffabd4fd019744d0be6ea5a9c3d15eadd637bab37	83617	upstream/mlkem-native/pkcheck-af4c5abd-source-snapshot/examples/multilevel_build/mlkem_native/src/native/ppc64le/src/intt_ppc_asm.S
mlk_kem_check_pk_cleanroom/PKCHECK_00BC_01A_ADMISSION_20260730T013748Z/mlkem-native_af4c5abd_isolated/examples/multilevel_build/mlkem_native/src/native/ppc64le/src/ntt_ppc_asm.S	3fad90c5bcc5a809ef822e9eaf145b62a95ca28f0b1cde29c64c3f392e5dd562	43672	upstream/mlkem-native/pkcheck-af4c5abd-source-snapshot/examples/multilevel_build/mlkem_native/src/native/ppc64le/src/ntt_ppc_asm.S
mlk_kem_check_pk_cleanroom/PKCHECK_00BC_01A_ADMISSION_20260730T013748Z/mlkem-native_af4c5abd_isolated/examples/multilevel_build/mlkem_native/src/native/ppc64le/src/poly_tomont_ppc_asm.S	272e46991f5f22f5e92dbfddc54f7ac8622b2162a1b6e3b984cb5acca835166c	8241	upstream/mlkem-native/pkcheck-af4c5abd-source-snapshot/examples/multilevel_build/mlkem_native/src/native/ppc64le/src/poly_tomont_ppc_asm.S
mlk_kem_check_pk_cleanroom/PKCHECK_00BC_01A_ADMISSION_20260730T013748Z/mlkem-native_af4c5abd_isolated/examples/multilevel_build/mlkem_native/src/native/ppc64le/src/reduce_ppc_asm.S	5ed62d46877909cea8e01daad1715f6684ff9d779226c98d2d47b5688f629932	18506	upstream/mlkem-native/pkcheck-af4c5abd-source-snapshot/examples/multilevel_build/mlkem_native/src/native/ppc64le/src/reduce_ppc_asm.S
mlk_kem_check_pk_cleanroom/PKCHECK_00BC_01A_ADMISSION_20260730T013748Z/mlkem-native_af4c5abd_isolated/examples/multilevel_build/mlkem_native/src/native/riscv64/README.md	cc8a354ecbf09f5e490b643440a52d6a33118e04191e3ab8c6754e49aa03ed1b	495	upstream/mlkem-native/pkcheck-af4c5abd-source-snapshot/examples/multilevel_build/mlkem_native/src/native/riscv64/README.md
mlk_kem_check_pk_cleanroom/PKCHECK_00BC_01A_ADMISSION_20260730T013748Z/mlkem-native_af4c5abd_isolated/examples/multilevel_build/mlkem_native/src/native/riscv64/meta.h	f589ac7e4847a3cfcaee07f8737290c6d57a1022118d1fc883363fa84eca2b93	4008	upstream/mlkem-native/pkcheck-af4c5abd-source-snapshot/examples/multilevel_build/mlkem_native/src/native/riscv64/meta.h
mlk_kem_check_pk_cleanroom/PKCHECK_00BC_01A_ADMISSION_20260730T013748Z/mlkem-native_af4c5abd_isolated/examples/multilevel_build/mlkem_native/src/native/riscv64/src/arith_native_riscv64.h	d66aaf515aaff3da763ab7f636812e7444501f85d8441c4d1acb23fa4820de5e	1849	upstream/mlkem-native/pkcheck-af4c5abd-source-snapshot/examples/multilevel_build/mlkem_native/src/native/riscv64/src/arith_native_riscv64.h
mlk_kem_check_pk_cleanroom/PKCHECK_00BC_01A_ADMISSION_20260730T013748Z/mlkem-native_af4c5abd_isolated/examples/multilevel_build/mlkem_native/src/native/riscv64/src/rv64v_debug.c	43855e347be504e3489133e6349cdef8e903646c06d08718ce4addf84e8e79c8	3133	upstream/mlkem-native/pkcheck-af4c5abd-source-snapshot/examples/multilevel_build/mlkem_native/src/native/riscv64/src/rv64v_debug.c
mlk_kem_check_pk_cleanroom/PKCHECK_00BC_01A_ADMISSION_20260730T013748Z/mlkem-native_af4c5abd_isolated/examples/multilevel_build/mlkem_native/src/native/riscv64/src/rv64v_debug.h	213b1c5efc36ae5f94ed20a4cda43b9e905819283418b6cfac23e8ba5b449452	5860	upstream/mlkem-native/pkcheck-af4c5abd-source-snapshot/examples/multilevel_build/mlkem_native/src/native/riscv64/src/rv64v_debug.h
mlk_kem_check_pk_cleanroom/PKCHECK_00BC_01A_ADMISSION_20260730T013748Z/mlkem-native_af4c5abd_isolated/examples/multilevel_build/mlkem_native/src/native/riscv64/src/rv64v_izetas.inc	d29ca53fe5a70fcc2dcb3227bff3d92c37e0c35f14f995635026effc7f612422	1256	upstream/mlkem-native/pkcheck-af4c5abd-source-snapshot/examples/multilevel_build/mlkem_native/src/native/riscv64/src/rv64v_izetas.inc
mlk_kem_check_pk_cleanroom/PKCHECK_00BC_01A_ADMISSION_20260730T013748Z/mlkem-native_af4c5abd_isolated/examples/multilevel_build/mlkem_native/src/native/riscv64/src/rv64v_poly.c	6f5bc47ccc4b2d357d5aabffed4ae58ee5927415ce14a35169e2e96830c2e1d0	28791	upstream/mlkem-native/pkcheck-af4c5abd-source-snapshot/examples/multilevel_build/mlkem_native/src/native/riscv64/src/rv64v_poly.c
mlk_kem_check_pk_cleanroom/PKCHECK_00BC_01A_ADMISSION_20260730T013748Z/mlkem-native_af4c5abd_isolated/examples/multilevel_build/mlkem_native/src/native/riscv64/src/rv64v_zetas.inc	34ceb2ecb5cdc4f03b830029a31b06ba44efa6bc0e8e615d45277765c57388e4	1256	upstream/mlkem-native/pkcheck-af4c5abd-source-snapshot/examples/multilevel_build/mlkem_native/src/native/riscv64/src/rv64v_zetas.inc
mlk_kem_check_pk_cleanroom/PKCHECK_00BC_01A_ADMISSION_20260730T013748Z/mlkem-native_af4c5abd_isolated/examples/multilevel_build/mlkem_native/src/native/riscv64/src/rv64v_zetas_basemul.inc	093d13133e258b9c362e2db0fea19b1d201877a9e1e7e014174a693d9862f5df	2203	upstream/mlkem-native/pkcheck-af4c5abd-source-snapshot/examples/multilevel_build/mlkem_native/src/native/riscv64/src/rv64v_zetas_basemul.inc
mlk_kem_check_pk_cleanroom/PKCHECK_00BC_01A_ADMISSION_20260730T013748Z/mlkem-native_af4c5abd_isolated/examples/multilevel_build/mlkem_native/src/native/x86_64/README.md	59963fb54af67d45463616ac56c579f113ce5193dd74aa694c9dada7e997c214	237	upstream/mlkem-native/pkcheck-af4c5abd-source-snapshot/examples/multilevel_build/mlkem_native/src/native/x86_64/README.md
mlk_kem_check_pk_cleanroom/PKCHECK_00BC_01A_ADMISSION_20260730T013748Z/mlkem-native_af4c5abd_isolated/examples/multilevel_build/mlkem_native/src/native/x86_64/meta.h	5610fedff3fdc502ba971824ed300f0ad49c7d60ae3ad707c90fa1d815d652a3	8775	upstream/mlkem-native/pkcheck-af4c5abd-source-snapshot/examples/multilevel_build/mlkem_native/src/native/x86_64/meta.h
mlk_kem_check_pk_cleanroom/PKCHECK_00BC_01A_ADMISSION_20260730T013748Z/mlkem-native_af4c5abd_isolated/examples/multilevel_build/mlkem_native/src/native/x86_64/src/arith_native_x86_64.h	ae77631908fc59e4c6fad80d861fbadf920212631394319a04c18bfe14c91764	13552	upstream/mlkem-native/pkcheck-af4c5abd-source-snapshot/examples/multilevel_build/mlkem_native/src/native/x86_64/src/arith_native_x86_64.h
mlk_kem_check_pk_cleanroom/PKCHECK_00BC_01A_ADMISSION_20260730T013748Z/mlkem-native_af4c5abd_isolated/examples/multilevel_build/mlkem_native/src/native/x86_64/src/compress_consts.c	562965e31635041e2133ccc7602b6185bdce5472541f3b54ac72795fb6bc98f2	4105	upstream/mlkem-native/pkcheck-af4c5abd-source-snapshot/examples/multilevel_build/mlkem_native/src/native/x86_64/src/compress_consts.c
mlk_kem_check_pk_cleanroom/PKCHECK_00BC_01A_ADMISSION_20260730T013748Z/mlkem-native_af4c5abd_isolated/examples/multilevel_build/mlkem_native/src/native/x86_64/src/compress_consts.h	2748f5adee7f2a50008ba934459533e183b1cebe581eedcb85ece373516bd915	1589	upstream/mlkem-native/pkcheck-af4c5abd-source-snapshot/examples/multilevel_build/mlkem_native/src/native/x86_64/src/compress_consts.h
mlk_kem_check_pk_cleanroom/PKCHECK_00BC_01A_ADMISSION_20260730T013748Z/mlkem-native_af4c5abd_isolated/examples/multilevel_build/mlkem_native/src/native/x86_64/src/consts.c	92b37dd2361425c2816f624a982b64bbb4b4a7563f02604470c7541a83acf435	5940	upstream/mlkem-native/pkcheck-af4c5abd-source-snapshot/examples/multilevel_build/mlkem_native/src/native/x86_64/src/consts.c
mlk_kem_check_pk_cleanroom/PKCHECK_00BC_01A_ADMISSION_20260730T013748Z/mlkem-native_af4c5abd_isolated/examples/multilevel_build/mlkem_native/src/native/x86_64/src/consts.h	f0046a67ebd4195f6180b179c0fe329c1bbfddc37203825a5ebf0dffa7991e15	749	upstream/mlkem-native/pkcheck-af4c5abd-source-snapshot/examples/multilevel_build/mlkem_native/src/native/x86_64/src/consts.h
mlk_kem_check_pk_cleanroom/PKCHECK_00BC_01A_ADMISSION_20260730T013748Z/mlkem-native_af4c5abd_isolated/examples/multilevel_build/mlkem_native/src/native/x86_64/src/intt_avx2_asm.S	a8a8bc6b50f98ead9e20bfb55ac11114c0515f0225ec68a8a9f370443a38b5ce	32189	upstream/mlkem-native/pkcheck-af4c5abd-source-snapshot/examples/multilevel_build/mlkem_native/src/native/x86_64/src/intt_avx2_asm.S
mlk_kem_check_pk_cleanroom/PKCHECK_00BC_01A_ADMISSION_20260730T013748Z/mlkem-native_af4c5abd_isolated/examples/multilevel_build/mlkem_native/src/native/x86_64/src/ntt_avx2_asm.S	70416a0ad9998fc2f3f0d662f1b4d692f234cadc83ac3ba81ca501c3d636d26c	28634	upstream/mlkem-native/pkcheck-af4c5abd-source-snapshot/examples/multilevel_build/mlkem_native/src/native/x86_64/src/ntt_avx2_asm.S
mlk_kem_check_pk_cleanroom/PKCHECK_00BC_01A_ADMISSION_20260730T013748Z/mlkem-native_af4c5abd_isolated/examples/multilevel_build/mlkem_native/src/native/x86_64/src/nttfrombytes_avx2_asm.S	001af6a58e96327ecf42bacec9f0f2868637443831de53bff36253fbd5f18e0a	10915	upstream/mlkem-native/pkcheck-af4c5abd-source-snapshot/examples/multilevel_build/mlkem_native/src/native/x86_64/src/nttfrombytes_avx2_asm.S
mlk_kem_check_pk_cleanroom/PKCHECK_00BC_01A_ADMISSION_20260730T013748Z/mlkem-native_af4c5abd_isolated/examples/multilevel_build/mlkem_native/src/native/x86_64/src/ntttobytes_avx2_asm.S	d2ad03151e8671da73900559e1f22b61327209dcd748a2dbc1209a494439c7db	10409	upstream/mlkem-native/pkcheck-af4c5abd-source-snapshot/examples/multilevel_build/mlkem_native/src/native/x86_64/src/ntttobytes_avx2_asm.S
mlk_kem_check_pk_cleanroom/PKCHECK_00BC_01A_ADMISSION_20260730T013748Z/mlkem-native_af4c5abd_isolated/examples/multilevel_build/mlkem_native/src/native/x86_64/src/nttunpack_avx2_asm.S	01af3a79b639f0c1edfd4311bfe986d78112ede758a277b88d6707a8ac0203e1	11482	upstream/mlkem-native/pkcheck-af4c5abd-source-snapshot/examples/multilevel_build/mlkem_native/src/native/x86_64/src/nttunpack_avx2_asm.S
mlk_kem_check_pk_cleanroom/PKCHECK_00BC_01A_ADMISSION_20260730T013748Z/mlkem-native_af4c5abd_isolated/examples/multilevel_build/mlkem_native/src/native/x86_64/src/poly_compress_d10_avx2_asm.S	459855f032dc08dd6112f535601f8b510692bafb7c7431e3a6018c84ee483d36	14850	upstream/mlkem-native/pkcheck-af4c5abd-source-snapshot/examples/multilevel_build/mlkem_native/src/native/x86_64/src/poly_compress_d10_avx2_asm.S
mlk_kem_check_pk_cleanroom/PKCHECK_00BC_01A_ADMISSION_20260730T013748Z/mlkem-native_af4c5abd_isolated/examples/multilevel_build/mlkem_native/src/native/x86_64/src/poly_compress_d11_avx2_asm.S	2b392cb520706e848f3a417d417c08165044f9066c9dd1ded8f292280e513440	19359	upstream/mlkem-native/pkcheck-af4c5abd-source-snapshot/examples/multilevel_build/mlkem_native/src/native/x86_64/src/poly_compress_d11_avx2_asm.S
mlk_kem_check_pk_cleanroom/PKCHECK_00BC_01A_ADMISSION_20260730T013748Z/mlkem-native_af4c5abd_isolated/examples/multilevel_build/mlkem_native/src/native/x86_64/src/poly_compress_d4_avx2_asm.S	166f9d829d9f1f40e1b066de49c4c181aa1db1fbcda88f3131cb0e62d4be984d	6384	upstream/mlkem-native/pkcheck-af4c5abd-source-snapshot/examples/multilevel_build/mlkem_native/src/native/x86_64/src/poly_compress_d4_avx2_asm.S
mlk_kem_check_pk_cleanroom/PKCHECK_00BC_01A_ADMISSION_20260730T013748Z/mlkem-native_af4c5abd_isolated/examples/multilevel_build/mlkem_native/src/native/x86_64/src/poly_compress_d5_avx2_asm.S	435aaeb0eabccaf585079a6051301a0847f5e6da4236e8b20fce65ddd3b8a49d	8480	upstream/mlkem-native/pkcheck-af4c5abd-source-snapshot/examples/multilevel_build/mlkem_native/src/native/x86_64/src/poly_compress_d5_avx2_asm.S
mlk_kem_check_pk_cleanroom/PKCHECK_00BC_01A_ADMISSION_20260730T013748Z/mlkem-native_af4c5abd_isolated/examples/multilevel_build/mlkem_native/src/native/x86_64/src/poly_decompress_d10_avx2_asm.S	d7f625f1488f40ed5db555f3d4fa772a12c17b1b29e2922a539691184179d494	9138	upstream/mlkem-native/pkcheck-af4c5abd-source-snapshot/examples/multilevel_build/mlkem_native/src/native/x86_64/src/poly_decompress_d10_avx2_asm.S
mlk_kem_check_pk_cleanroom/PKCHECK_00BC_01A_ADMISSION_20260730T013748Z/mlkem-native_af4c5abd_isolated/examples/multilevel_build/mlkem_native/src/native/x86_64/src/poly_decompress_d11_avx2_asm.S	45190c13cd3079b8bac79f8c6321be6786cb383ae3ebeef05f7fc79018701ad1	11155	upstream/mlkem-native/pkcheck-af4c5abd-source-snapshot/examples/multilevel_build/mlkem_native/src/native/x86_64/src/poly_decompress_d11_avx2_asm.S
mlk_kem_check_pk_cleanroom/PKCHECK_00BC_01A_ADMISSION_20260730T013748Z/mlkem-native_af4c5abd_isolated/examples/multilevel_build/mlkem_native/src/native/x86_64/src/poly_decompress_d4_avx2_asm.S	21f854e623079f1d100e757056e92ac0e7541634ba0bc933e1f46a479f18f42f	7067	upstream/mlkem-native/pkcheck-af4c5abd-source-snapshot/examples/multilevel_build/mlkem_native/src/native/x86_64/src/poly_decompress_d4_avx2_asm.S
mlk_kem_check_pk_cleanroom/PKCHECK_00BC_01A_ADMISSION_20260730T013748Z/mlkem-native_af4c5abd_isolated/examples/multilevel_build/mlkem_native/src/native/x86_64/src/poly_decompress_d5_avx2_asm.S	33030255964bffb490c486c67955b87deadaa7e0c785a672d5b00ac927c715ca	7687	upstream/mlkem-native/pkcheck-af4c5abd-source-snapshot/examples/multilevel_build/mlkem_native/src/native/x86_64/src/poly_decompress_d5_avx2_asm.S
mlk_kem_check_pk_cleanroom/PKCHECK_00BC_01A_ADMISSION_20260730T013748Z/mlkem-native_af4c5abd_isolated/examples/multilevel_build/mlkem_native/src/native/x86_64/src/poly_mulcache_compute_avx2_asm.S	1e2f765339130173959a59d3e0bd401613141f3f9ffbbf73097935254fcc8601	3698	upstream/mlkem-native/pkcheck-af4c5abd-source-snapshot/examples/multilevel_build/mlkem_native/src/native/x86_64/src/poly_mulcache_compute_avx2_asm.S
mlk_kem_check_pk_cleanroom/PKCHECK_00BC_01A_ADMISSION_20260730T013748Z/mlkem-native_af4c5abd_isolated/examples/multilevel_build/mlkem_native/src/native/x86_64/src/polyvec_basemul_acc_montgomery_cached_k2_avx2_asm.S	c7503836f6acb3e595d9a028d34dcd6b8b981687e299fff7ab33c543458745f9	19019	upstream/mlkem-native/pkcheck-af4c5abd-source-snapshot/examples/multilevel_build/mlkem_native/src/native/x86_64/src/polyvec_basemul_acc_montgomery_cached_k2_avx2_asm.S
mlk_kem_check_pk_cleanroom/PKCHECK_00BC_01A_ADMISSION_20260730T013748Z/mlkem-native_af4c5abd_isolated/examples/multilevel_build/mlkem_native/src/native/x86_64/src/polyvec_basemul_acc_montgomery_cached_k3_avx2_asm.S	4b7c254cfce65a8a2af80f8c82022e2ea3cf4af589ea143ff32feff649dc0d8c	27963	upstream/mlkem-native/pkcheck-af4c5abd-source-snapshot/examples/multilevel_build/mlkem_native/src/native/x86_64/src/polyvec_basemul_acc_montgomery_cached_k3_avx2_asm.S
mlk_kem_check_pk_cleanroom/PKCHECK_00BC_01A_ADMISSION_20260730T013748Z/mlkem-native_af4c5abd_isolated/examples/multilevel_build/mlkem_native/src/native/x86_64/src/polyvec_basemul_acc_montgomery_cached_k4_avx2_asm.S	07ad9aef4253ed87ee1fe3a47fa5bdd2ec13d3a0c7020e57fa6570090c251815	36908	upstream/mlkem-native/pkcheck-af4c5abd-source-snapshot/examples/multilevel_build/mlkem_native/src/native/x86_64/src/polyvec_basemul_acc_montgomery_cached_k4_avx2_asm.S
mlk_kem_check_pk_cleanroom/PKCHECK_00BC_01A_ADMISSION_20260730T013748Z/mlkem-native_af4c5abd_isolated/examples/multilevel_build/mlkem_native/src/native/x86_64/src/reduce_avx2_asm.S	d0812932f720ea634a8ffb4f0923f8b388256b2081e5944e0d0f65a7829081c8	7642	upstream/mlkem-native/pkcheck-af4c5abd-source-snapshot/examples/multilevel_build/mlkem_native/src/native/x86_64/src/reduce_avx2_asm.S
mlk_kem_check_pk_cleanroom/PKCHECK_00BC_01A_ADMISSION_20260730T013748Z/mlkem-native_af4c5abd_isolated/examples/multilevel_build/mlkem_native/src/native/x86_64/src/rej_uniform_avx2_asm.S	97eef83984599d8933158e080d8822f2b925d0cf5a64b51c568d2dbe59097cb3	4360	upstream/mlkem-native/pkcheck-af4c5abd-source-snapshot/examples/multilevel_build/mlkem_native/src/native/x86_64/src/rej_uniform_avx2_asm.S
mlk_kem_check_pk_cleanroom/PKCHECK_00BC_01A_ADMISSION_20260730T013748Z/mlkem-native_af4c5abd_isolated/examples/multilevel_build/mlkem_native/src/native/x86_64/src/rej_uniform_table.c	be662d58c00fdfc8dfa14bdaf580f7af0c21ffb3211eba5e6a89654ab34afa22	27658	upstream/mlkem-native/pkcheck-af4c5abd-source-snapshot/examples/multilevel_build/mlkem_native/src/native/x86_64/src/rej_uniform_table.c
mlk_kem_check_pk_cleanroom/PKCHECK_00BC_01A_ADMISSION_20260730T013748Z/mlkem-native_af4c5abd_isolated/examples/multilevel_build/mlkem_native/src/native/x86_64/src/tomont_avx2_asm.S	9bf8187fceae7fbfdcb5e35d9222707066b7e5b6d1079cda46eca078ac813864	5475	upstream/mlkem-native/pkcheck-af4c5abd-source-snapshot/examples/multilevel_build/mlkem_native/src/native/x86_64/src/tomont_avx2_asm.S
mlk_kem_check_pk_cleanroom/PKCHECK_00BC_01A_ADMISSION_20260730T013748Z/mlkem-native_af4c5abd_isolated/examples/multilevel_build/mlkem_native/src/params.h	450fe3e0e50496921920473ae4321660f178c23d51f1453f3c537ee63c4158cb	2566	upstream/mlkem-native/pkcheck-af4c5abd-source-snapshot/examples/multilevel_build/mlkem_native/src/params.h
mlk_kem_check_pk_cleanroom/PKCHECK_00BC_01A_ADMISSION_20260730T013748Z/mlkem-native_af4c5abd_isolated/examples/multilevel_build/mlkem_native/src/poly.c	f427dda46e29d53d3e33d683c9a8483bade3568eff43fb97b868a21bfd07c722	18569	upstream/mlkem-native/pkcheck-af4c5abd-source-snapshot/examples/multilevel_build/mlkem_native/src/poly.c
mlk_kem_check_pk_cleanroom/PKCHECK_00BC_01A_ADMISSION_20260730T013748Z/mlkem-native_af4c5abd_isolated/examples/multilevel_build/mlkem_native/src/poly.h	f24f980110953c1d361e04137e13e2f85f76db776903f85c98f24900e85f7aef	10117	upstream/mlkem-native/pkcheck-af4c5abd-source-snapshot/examples/multilevel_build/mlkem_native/src/poly.h
mlk_kem_check_pk_cleanroom/PKCHECK_00BC_01A_ADMISSION_20260730T013748Z/mlkem-native_af4c5abd_isolated/examples/multilevel_build/mlkem_native/src/poly_k.c	7dea24a0591b0fb033f7a8be214d687fbde11541c274a114ac3067af12b87c32	17662	upstream/mlkem-native/pkcheck-af4c5abd-source-snapshot/examples/multilevel_build/mlkem_native/src/poly_k.c
mlk_kem_check_pk_cleanroom/PKCHECK_00BC_01A_ADMISSION_20260730T013748Z/mlkem-native_af4c5abd_isolated/examples/multilevel_build/mlkem_native/src/poly_k.h	09bdfd4a19a9cb495832a78d0f099a6c949c40014472b33fb54d66bb56e660e0	22592	upstream/mlkem-native/pkcheck-af4c5abd-source-snapshot/examples/multilevel_build/mlkem_native/src/poly_k.h
mlk_kem_check_pk_cleanroom/PKCHECK_00BC_01A_ADMISSION_20260730T013748Z/mlkem-native_af4c5abd_isolated/examples/multilevel_build/mlkem_native/src/randombytes.h	137eb6e5854b8e58c2caec6eea86530c8e7495706f6f5b3e007e25a9875e164f	1649	upstream/mlkem-native/pkcheck-af4c5abd-source-snapshot/examples/multilevel_build/mlkem_native/src/randombytes.h
mlk_kem_check_pk_cleanroom/PKCHECK_00BC_01A_ADMISSION_20260730T013748Z/mlkem-native_af4c5abd_isolated/examples/multilevel_build/mlkem_native/src/sampling.c	0408bd0744346e2c59924ebc8a9a55e750a453b1595fc0fc85532f1626bdec0a	12913	upstream/mlkem-native/pkcheck-af4c5abd-source-snapshot/examples/multilevel_build/mlkem_native/src/sampling.c
mlk_kem_check_pk_cleanroom/PKCHECK_00BC_01A_ADMISSION_20260730T013748Z/mlkem-native_af4c5abd_isolated/examples/multilevel_build/mlkem_native/src/sampling.h	92501263f89afc3d6a5f06079bacbe1dfd5ba6db744c887e08cc1c521c0030eb	3853	upstream/mlkem-native/pkcheck-af4c5abd-source-snapshot/examples/multilevel_build/mlkem_native/src/sampling.h
mlk_kem_check_pk_cleanroom/PKCHECK_00BC_01A_ADMISSION_20260730T013748Z/mlkem-native_af4c5abd_isolated/examples/multilevel_build/mlkem_native/src/symmetric.h	168d0ec3bf50bd45cb0a103d7984e9ccf52f78697718b7e85efdf1beda7abc95	2596	upstream/mlkem-native/pkcheck-af4c5abd-source-snapshot/examples/multilevel_build/mlkem_native/src/symmetric.h
mlk_kem_check_pk_cleanroom/PKCHECK_00BC_01A_ADMISSION_20260730T013748Z/mlkem-native_af4c5abd_isolated/examples/multilevel_build/mlkem_native/src/sys.h	02e6b8901bb6334a378aab1f13538693f04726a5111aed7cc6c4cdbd41188f50	9543	upstream/mlkem-native/pkcheck-af4c5abd-source-snapshot/examples/multilevel_build/mlkem_native/src/sys.h
mlk_kem_check_pk_cleanroom/PKCHECK_00BC_01A_ADMISSION_20260730T013748Z/mlkem-native_af4c5abd_isolated/examples/multilevel_build/mlkem_native/src/verify.c	f8f89f1b8c8e5811ce134c0d90fb7828027336afeed231dc3ccb7ee6b73b9335	622	upstream/mlkem-native/pkcheck-af4c5abd-source-snapshot/examples/multilevel_build/mlkem_native/src/verify.c
mlk_kem_check_pk_cleanroom/PKCHECK_00BC_01A_ADMISSION_20260730T013748Z/mlkem-native_af4c5abd_isolated/examples/multilevel_build/mlkem_native/src/verify.h	13f44749f65099bee5bc55be260932d5e832bbd091335f1e47c31df464c1881f	15010	upstream/mlkem-native/pkcheck-af4c5abd-source-snapshot/examples/multilevel_build/mlkem_native/src/verify.h
mlk_kem_check_pk_cleanroom/PKCHECK_00BC_01A_ADMISSION_20260730T013748Z/mlkem-native_af4c5abd_isolated/examples/multilevel_build/mlkem_native/src/zetas.inc	303d1abccc4757d49a5c8df5f88080fefef617b7360056db5311bd94354096d4	1337	upstream/mlkem-native/pkcheck-af4c5abd-source-snapshot/examples/multilevel_build/mlkem_native/src/zetas.inc
mlk_kem_check_pk_cleanroom/PKCHECK_00BC_01A_ADMISSION_20260730T013748Z/mlkem-native_af4c5abd_isolated/examples/multilevel_build/mlkem_native_all.h	a33a9a640095e434c490e7777c244af9ca473cbba43cf023da878e792424e425	618	upstream/mlkem-native/pkcheck-af4c5abd-source-snapshot/examples/multilevel_build/mlkem_native_all.h
mlk_kem_check_pk_cleanroom/PKCHECK_00BC_01A_ADMISSION_20260730T013748Z/mlkem-native_af4c5abd_isolated/examples/multilevel_build/test_only_rng/notrandombytes.c	a11629c3372cd8b1ceb7ac6df80b9e1344c63b1df2f55a0d7d1cea2b34ddc12f	2013	upstream/mlkem-native/pkcheck-af4c5abd-source-snapshot/examples/multilevel_build/test_only_rng/notrandombytes.c
mlk_kem_check_pk_cleanroom/PKCHECK_00BC_01A_ADMISSION_20260730T013748Z/mlkem-native_af4c5abd_isolated/examples/multilevel_build/test_only_rng/notrandombytes.h	b7308b590b9d7bd57e9b6b37cbd5e0d1c2a6174926cefff72bbf4f90045cfd2b	674	upstream/mlkem-native/pkcheck-af4c5abd-source-snapshot/examples/multilevel_build/test_only_rng/notrandombytes.h
mlk_kem_check_pk_cleanroom/PKCHECK_00BC_01A_ADMISSION_20260730T013748Z/mlkem-native_af4c5abd_isolated/examples/multilevel_build_native/.gitignore	a16ce390164578975ec29da9b161ac23ca477f6b6b8fc8f5b051bda34e3b01ac	59	upstream/mlkem-native/pkcheck-af4c5abd-source-snapshot/examples/multilevel_build_native/.gitignore
mlk_kem_check_pk_cleanroom/PKCHECK_00BC_01A_ADMISSION_20260730T013748Z/mlkem-native_af4c5abd_isolated/examples/multilevel_build_native/Makefile	f691116b85aca3a233a783a9f560d6a1daa2adf876b8795bbcd97b9a1c9969e1	3524	upstream/mlkem-native/pkcheck-af4c5abd-source-snapshot/examples/multilevel_build_native/Makefile
mlk_kem_check_pk_cleanroom/PKCHECK_00BC_01A_ADMISSION_20260730T013748Z/mlkem-native_af4c5abd_isolated/examples/multilevel_build_native/README.md	c2a529c3b4cc08e63e93909a9b5cd064f8ce717dc246101b85a84877e762b3d7	2385	upstream/mlkem-native/pkcheck-af4c5abd-source-snapshot/examples/multilevel_build_native/README.md
mlk_kem_check_pk_cleanroom/PKCHECK_00BC_01A_ADMISSION_20260730T013748Z/mlkem-native_af4c5abd_isolated/examples/multilevel_build_native/auto.mk	179af17d2e0a2442e9fe7b8a195af549dc0cf445de4a1ff9810818096293fffb	7211	upstream/mlkem-native/pkcheck-af4c5abd-source-snapshot/examples/multilevel_build_native/auto.mk
mlk_kem_check_pk_cleanroom/PKCHECK_00BC_01A_ADMISSION_20260730T013748Z/mlkem-native_af4c5abd_isolated/examples/multilevel_build_native/main.c	3a05d5c7ce24773bc5c7e0a63f7decace71cf996dca2ebc0e65ea83a6ee7c6ad	5938	upstream/mlkem-native/pkcheck-af4c5abd-source-snapshot/examples/multilevel_build_native/main.c
mlk_kem_check_pk_cleanroom/PKCHECK_00BC_01A_ADMISSION_20260730T013748Z/mlkem-native_af4c5abd_isolated/examples/multilevel_build_native/mlkem_native/mlkem_native.h	df582b5462c592df89f0f8764af073acaa968086dc61e6c2d5cd6b12ac43c1b1	19752	upstream/mlkem-native/pkcheck-af4c5abd-source-snapshot/examples/multilevel_build_native/mlkem_native/mlkem_native.h
mlk_kem_check_pk_cleanroom/PKCHECK_00BC_01A_ADMISSION_20260730T013748Z/mlkem-native_af4c5abd_isolated/examples/multilevel_build_native/mlkem_native/mlkem_native_config.h	f9aa33f2b3bbfd8721775ed2aa7103a85e18ca0baffd8d9f174281ee05361bd0	22252	upstream/mlkem-native/pkcheck-af4c5abd-source-snapshot/examples/multilevel_build_native/mlkem_native/mlkem_native_config.h
mlk_kem_check_pk_cleanroom/PKCHECK_00BC_01A_ADMISSION_20260730T013748Z/mlkem-native_af4c5abd_isolated/examples/multilevel_build_native/mlkem_native/src/cbmc.h	12fe62f76060aa2cdd41de6170e0c787c516ae753ed32579c9c39b1af55130fb	7954	upstream/mlkem-native/pkcheck-af4c5abd-source-snapshot/examples/multilevel_build_native/mlkem_native/src/cbmc.h
mlk_kem_check_pk_cleanroom/PKCHECK_00BC_01A_ADMISSION_20260730T013748Z/mlkem-native_af4c5abd_isolated/examples/multilevel_build_native/mlkem_native/src/common.h	cc48998e9595ec4e59a3aa53d6be9e55ecccb3cdc047e661ccd94fa99955d675	9434	upstream/mlkem-native/pkcheck-af4c5abd-source-snapshot/examples/multilevel_build_native/mlkem_native/src/common.h
mlk_kem_check_pk_cleanroom/PKCHECK_00BC_01A_ADMISSION_20260730T013748Z/mlkem-native_af4c5abd_isolated/examples/multilevel_build_native/mlkem_native/src/compress.c	9201bea6ddd1d7622cc6496d2f745fee52397d203392f75a3d6e52a400de5bad	24427	upstream/mlkem-native/pkcheck-af4c5abd-source-snapshot/examples/multilevel_build_native/mlkem_native/src/compress.c
mlk_kem_check_pk_cleanroom/PKCHECK_00BC_01A_ADMISSION_20260730T013748Z/mlkem-native_af4c5abd_isolated/examples/multilevel_build_native/mlkem_native/src/compress.h	0f357a30e7ea37351854dc550e502e5a7eaf80184896bf92b40073175706e0dd	20187	upstream/mlkem-native/pkcheck-af4c5abd-source-snapshot/examples/multilevel_build_native/mlkem_native/src/compress.h
mlk_kem_check_pk_cleanroom/PKCHECK_00BC_01A_ADMISSION_20260730T013748Z/mlkem-native_af4c5abd_isolated/examples/multilevel_build_native/mlkem_native/src/context.h	9e4cdb00eac5a3d1553e64a02dcba66300302f17f1f0d4f3bba64b65c1f53a90	1834	upstream/mlkem-native/pkcheck-af4c5abd-source-snapshot/examples/multilevel_build_native/mlkem_native/src/context.h
mlk_kem_check_pk_cleanroom/PKCHECK_00BC_01A_ADMISSION_20260730T013748Z/mlkem-native_af4c5abd_isolated/examples/multilevel_build_native/mlkem_native/src/debug.c	263ac19f2b2bf5c784cbf04fd4c968762abedc6961d44f507c8953b52a38827e	1605	upstream/mlkem-native/pkcheck-af4c5abd-source-snapshot/examples/multilevel_build_native/mlkem_native/src/debug.c
mlk_kem_check_pk_cleanroom/PKCHECK_00BC_01A_ADMISSION_20260730T013748Z/mlkem-native_af4c5abd_isolated/examples/multilevel_build_native/mlkem_native/src/debug.h	d1fab329b439fc6dd9c4234f3fe053e74b000d416e0f4e4464542813667f3750	4740	upstream/mlkem-native/pkcheck-af4c5abd-source-snapshot/examples/multilevel_build_native/mlkem_native/src/debug.h
mlk_kem_check_pk_cleanroom/PKCHECK_00BC_01A_ADMISSION_20260730T013748Z/mlkem-native_af4c5abd_isolated/examples/multilevel_build_native/mlkem_native/src/fips202/fips202.c	fb0654c0b33c45c929fdb2af2287807a7b8f312ac7f3baa3ddfaef0c030ef0b2	7438	upstream/mlkem-native/pkcheck-af4c5abd-source-snapshot/examples/multilevel_build_native/mlkem_native/src/fips202/fips202.c
mlk_kem_check_pk_cleanroom/PKCHECK_00BC_01A_ADMISSION_20260730T013748Z/mlkem-native_af4c5abd_isolated/examples/multilevel_build_native/mlkem_native/src/fips202/fips202.h	cad68aaacc2f3511f0a5a0c70f7ac827e76c78e862f1c5616de2b74c8b96a4a5	4922	upstream/mlkem-native/pkcheck-af4c5abd-source-snapshot/examples/multilevel_build_native/mlkem_native/src/fips202/fips202.h
mlk_kem_check_pk_cleanroom/PKCHECK_00BC_01A_ADMISSION_20260730T013748Z/mlkem-native_af4c5abd_isolated/examples/multilevel_build_native/mlkem_native/src/fips202/fips202x4.c	2e481ccbafc00765b210725c8e454f2b4dc622844eccf6a0c1e025657fcb5fe8	7353	upstream/mlkem-native/pkcheck-af4c5abd-source-snapshot/examples/multilevel_build_native/mlkem_native/src/fips202/fips202x4.c
mlk_kem_check_pk_cleanroom/PKCHECK_00BC_01A_ADMISSION_20260730T013748Z/mlkem-native_af4c5abd_isolated/examples/multilevel_build_native/mlkem_native/src/fips202/fips202x4.h	c8d2e50f7ccce19822030786a1a99f0892db63ebe5b020fa91a5383c9700dd22	3156	upstream/mlkem-native/pkcheck-af4c5abd-source-snapshot/examples/multilevel_build_native/mlkem_native/src/fips202/fips202x4.h
mlk_kem_check_pk_cleanroom/PKCHECK_00BC_01A_ADMISSION_20260730T013748Z/mlkem-native_af4c5abd_isolated/examples/multilevel_build_native/mlkem_native/src/fips202/keccakf1600.c	65770564ec922faca7ec072eefc16bfdba2495a20d51cae0f6cce207835cdd7e	15788	upstream/mlkem-native/pkcheck-af4c5abd-source-snapshot/examples/multilevel_build_native/mlkem_native/src/fips202/keccakf1600.c
mlk_kem_check_pk_cleanroom/PKCHECK_00BC_01A_ADMISSION_20260730T013748Z/mlkem-native_af4c5abd_isolated/examples/multilevel_build_native/mlkem_native/src/fips202/keccakf1600.h	88c06d4c546f46920a65001bcfad8cabb6173fb01ae071e02412c46043bdf54f	4385	upstream/mlkem-native/pkcheck-af4c5abd-source-snapshot/examples/multilevel_build_native/mlkem_native/src/fips202/keccakf1600.h
mlk_kem_check_pk_cleanroom/PKCHECK_00BC_01A_ADMISSION_20260730T013748Z/mlkem-native_af4c5abd_isolated/examples/multilevel_build_native/mlkem_native/src/fips202/native/aarch64/auto.h	1229009312b61690b2f56babf7a6f648fa9c51ef30d6a5d2a5b44cb23fcc00ff	2185	upstream/mlkem-native/pkcheck-af4c5abd-source-snapshot/examples/multilevel_build_native/mlkem_native/src/fips202/native/aarch64/auto.h
mlk_kem_check_pk_cleanroom/PKCHECK_00BC_01A_ADMISSION_20260730T013748Z/mlkem-native_af4c5abd_isolated/examples/multilevel_build_native/mlkem_native/src/fips202/native/aarch64/src/fips202_native_aarch64.h	76f1cd9df93bd940b50f1e8863a72ee58c261be7dd37ae3d696134cde0af6035	3421	upstream/mlkem-native/pkcheck-af4c5abd-source-snapshot/examples/multilevel_build_native/mlkem_native/src/fips202/native/aarch64/src/fips202_native_aarch64.h
mlk_kem_check_pk_cleanroom/PKCHECK_00BC_01A_ADMISSION_20260730T013748Z/mlkem-native_af4c5abd_isolated/examples/multilevel_build_native/mlkem_native/src/fips202/native/aarch64/src/keccak_f1600_x1_scalar_aarch64_asm.S	6fbe5f3b9607bf318a8e74d22452bce5890832b5048fdb952842f929036d7586	11586	upstream/mlkem-native/pkcheck-af4c5abd-source-snapshot/examples/multilevel_build_native/mlkem_native/src/fips202/native/aarch64/src/keccak_f1600_x1_scalar_aarch64_asm.S
mlk_kem_check_pk_cleanroom/PKCHECK_00BC_01A_ADMISSION_20260730T013748Z/mlkem-native_af4c5abd_isolated/examples/multilevel_build_native/mlkem_native/src/fips202/native/aarch64/src/keccak_f1600_x1_v84a_aarch64_asm.S	a0c147e3dc50889e1acf527610951b84b0d2fead2cf3ebac0f581019bef03e9c	6944	upstream/mlkem-native/pkcheck-af4c5abd-source-snapshot/examples/multilevel_build_native/mlkem_native/src/fips202/native/aarch64/src/keccak_f1600_x1_v84a_aarch64_asm.S
mlk_kem_check_pk_cleanroom/PKCHECK_00BC_01A_ADMISSION_20260730T013748Z/mlkem-native_af4c5abd_isolated/examples/multilevel_build_native/mlkem_native/src/fips202/native/aarch64/src/keccak_f1600_x2_v84a_aarch64_asm.S	3f5c48c3b3dd108995929abf43f4920228adfe9a9f5ba7be6cdca380925bd0ee	8986	upstream/mlkem-native/pkcheck-af4c5abd-source-snapshot/examples/multilevel_build_native/mlkem_native/src/fips202/native/aarch64/src/keccak_f1600_x2_v84a_aarch64_asm.S
mlk_kem_check_pk_cleanroom/PKCHECK_00BC_01A_ADMISSION_20260730T013748Z/mlkem-native_af4c5abd_isolated/examples/multilevel_build_native/mlkem_native/src/fips202/native/aarch64/src/keccak_f1600_x4_v8a_scalar_hybrid_aarch64_asm.S	dc389f0d1f8b677c37737608f706292f985e328bd72e668d1c974c8cfbf47793	35953	upstream/mlkem-native/pkcheck-af4c5abd-source-snapshot/examples/multilevel_build_native/mlkem_native/src/fips202/native/aarch64/src/keccak_f1600_x4_v8a_scalar_hybrid_aarch64_asm.S
mlk_kem_check_pk_cleanroom/PKCHECK_00BC_01A_ADMISSION_20260730T013748Z/mlkem-native_af4c5abd_isolated/examples/multilevel_build_native/mlkem_native/src/fips202/native/aarch64/src/keccak_f1600_x4_v8a_v84a_scalar_hybrid_aarch64_asm.S	b81dddd63984b5750f2cddc5a4ccc6b5e3ed7f541a15a62f1cd375bc819dd9d3	33242	upstream/mlkem-native/pkcheck-af4c5abd-source-snapshot/examples/multilevel_build_native/mlkem_native/src/fips202/native/aarch64/src/keccak_f1600_x4_v8a_v84a_scalar_hybrid_aarch64_asm.S
mlk_kem_check_pk_cleanroom/PKCHECK_00BC_01A_ADMISSION_20260730T013748Z/mlkem-native_af4c5abd_isolated/examples/multilevel_build_native/mlkem_native/src/fips202/native/aarch64/src/keccakf1600_round_constants.c	e5ddd2b144d4006bc515a7259dc85be96f2029bcff1ab8802e8aa683767adeb9	2165	upstream/mlkem-native/pkcheck-af4c5abd-source-snapshot/examples/multilevel_build_native/mlkem_native/src/fips202/native/aarch64/src/keccakf1600_round_constants.c
mlk_kem_check_pk_cleanroom/PKCHECK_00BC_01A_ADMISSION_20260730T013748Z/mlkem-native_af4c5abd_isolated/examples/multilevel_build_native/mlkem_native/src/fips202/native/aarch64/x1_scalar.h	31a5c395ec7a2fcf084fc64e9e5b36d9b57c60f52242453970888f99a8cd033f	765	upstream/mlkem-native/pkcheck-af4c5abd-source-snapshot/examples/multilevel_build_native/mlkem_native/src/fips202/native/aarch64/x1_scalar.h
mlk_kem_check_pk_cleanroom/PKCHECK_00BC_01A_ADMISSION_20260730T013748Z/mlkem-native_af4c5abd_isolated/examples/multilevel_build_native/mlkem_native/src/fips202/native/aarch64/x1_v84a.h	fd96189141a839c07acfb64e4460841e999716730be080376b2604d0aa709687	923	upstream/mlkem-native/pkcheck-af4c5abd-source-snapshot/examples/multilevel_build_native/mlkem_native/src/fips202/native/aarch64/x1_v84a.h
mlk_kem_check_pk_cleanroom/PKCHECK_00BC_01A_ADMISSION_20260730T013748Z/mlkem-native_af4c5abd_isolated/examples/multilevel_build_native/mlkem_native/src/fips202/native/aarch64/x2_v84a.h	cea8a31cdac31aae7c62e02d8ee8b223d51fc8e48fd9f0059bed33e2e09476ac	1099	upstream/mlkem-native/pkcheck-af4c5abd-source-snapshot/examples/multilevel_build_native/mlkem_native/src/fips202/native/aarch64/x2_v84a.h
mlk_kem_check_pk_cleanroom/PKCHECK_00BC_01A_ADMISSION_20260730T013748Z/mlkem-native_af4c5abd_isolated/examples/multilevel_build_native/mlkem_native/src/fips202/native/aarch64/x4_v8a_scalar.h	fc1ba65c9557eddad623ec15e193fa8ff18d970cd348ecd736bed092c5f4f5e2	765	upstream/mlkem-native/pkcheck-af4c5abd-source-snapshot/examples/multilevel_build_native/mlkem_native/src/fips202/native/aarch64/x4_v8a_scalar.h
mlk_kem_check_pk_cleanroom/PKCHECK_00BC_01A_ADMISSION_20260730T013748Z/mlkem-native_af4c5abd_isolated/examples/multilevel_build_native/mlkem_native/src/fips202/native/aarch64/x4_v8a_v84a_scalar.h	af16e048da60454ae457d8519adf37c1e1ccf5decb455158d6a829be6a030f20	999	upstream/mlkem-native/pkcheck-af4c5abd-source-snapshot/examples/multilevel_build_native/mlkem_native/src/fips202/native/aarch64/x4_v8a_v84a_scalar.h
mlk_kem_check_pk_cleanroom/PKCHECK_00BC_01A_ADMISSION_20260730T013748Z/mlkem-native_af4c5abd_isolated/examples/multilevel_build_native/mlkem_native/src/fips202/native/api.h	d4d8734a33d4b91e4ff53955751943ba60ea89a3b9da94a1f8bd42f1b4ee9c86	5069	upstream/mlkem-native/pkcheck-af4c5abd-source-snapshot/examples/multilevel_build_native/mlkem_native/src/fips202/native/api.h
mlk_kem_check_pk_cleanroom/PKCHECK_00BC_01A_ADMISSION_20260730T013748Z/mlkem-native_af4c5abd_isolated/examples/multilevel_build_native/mlkem_native/src/fips202/native/armv81m/README.md	ef41c9e748a12dac3da3c0a7d9a890115886ee0a1bb8d7141fb76f28fd9e8668	483	upstream/mlkem-native/pkcheck-af4c5abd-source-snapshot/examples/multilevel_build_native/mlkem_native/src/fips202/native/armv81m/README.md
mlk_kem_check_pk_cleanroom/PKCHECK_00BC_01A_ADMISSION_20260730T013748Z/mlkem-native_af4c5abd_isolated/examples/multilevel_build_native/mlkem_native/src/fips202/native/armv81m/mve.h	1be4f1af21ecdc4d388917441a7135fa3bc1f189b4b4f8bcd7723d12013b3f25	1927	upstream/mlkem-native/pkcheck-af4c5abd-source-snapshot/examples/multilevel_build_native/mlkem_native/src/fips202/native/armv81m/mve.h
mlk_kem_check_pk_cleanroom/PKCHECK_00BC_01A_ADMISSION_20260730T013748Z/mlkem-native_af4c5abd_isolated/examples/multilevel_build_native/mlkem_native/src/fips202/native/armv81m/src/fips202_native_armv81m.h	ca26af0242b3909d82a41581384bf8bd660f5fe84b09a80e4b94addb735f054c	1702	upstream/mlkem-native/pkcheck-af4c5abd-source-snapshot/examples/multilevel_build_native/mlkem_native/src/fips202/native/armv81m/src/fips202_native_armv81m.h
mlk_kem_check_pk_cleanroom/PKCHECK_00BC_01A_ADMISSION_20260730T013748Z/mlkem-native_af4c5abd_isolated/examples/multilevel_build_native/mlkem_native/src/fips202/native/armv81m/src/keccak_f1600_x4_mve.S	50c5f44d3a677becc5e018da38f0c5b07d5b5b988de2fee4e255ac9a5b4e9307	21417	upstream/mlkem-native/pkcheck-af4c5abd-source-snapshot/examples/multilevel_build_native/mlkem_native/src/fips202/native/armv81m/src/keccak_f1600_x4_mve.S
mlk_kem_check_pk_cleanroom/PKCHECK_00BC_01A_ADMISSION_20260730T013748Z/mlkem-native_af4c5abd_isolated/examples/multilevel_build_native/mlkem_native/src/fips202/native/armv81m/src/keccak_f1600_x4_mve.c	cc2f5a32ae2c5256088e17e04f89529ca3985baa6813ef4d2f0a971d8698a666	1281	upstream/mlkem-native/pkcheck-af4c5abd-source-snapshot/examples/multilevel_build_native/mlkem_native/src/fips202/native/armv81m/src/keccak_f1600_x4_mve.c
mlk_kem_check_pk_cleanroom/PKCHECK_00BC_01A_ADMISSION_20260730T013748Z/mlkem-native_af4c5abd_isolated/examples/multilevel_build_native/mlkem_native/src/fips202/native/armv81m/src/keccakf1600_round_constants.c	a01c0948612bf393e6ba1e1db603474d929245be4a273a7b874b491f0e23e22b	1808	upstream/mlkem-native/pkcheck-af4c5abd-source-snapshot/examples/multilevel_build_native/mlkem_native/src/fips202/native/armv81m/src/keccakf1600_round_constants.c
mlk_kem_check_pk_cleanroom/PKCHECK_00BC_01A_ADMISSION_20260730T013748Z/mlkem-native_af4c5abd_isolated/examples/multilevel_build_native/mlkem_native/src/fips202/native/armv81m/src/state_extract_bytes_x4_mve.S	59962bfe29c558c7d7fdcd7e002defa6b25e6bdfd0dd640c0a8be22f95d9e4ec	10888	upstream/mlkem-native/pkcheck-af4c5abd-source-snapshot/examples/multilevel_build_native/mlkem_native/src/fips202/native/armv81m/src/state_extract_bytes_x4_mve.S
mlk_kem_check_pk_cleanroom/PKCHECK_00BC_01A_ADMISSION_20260730T013748Z/mlkem-native_af4c5abd_isolated/examples/multilevel_build_native/mlkem_native/src/fips202/native/armv81m/src/state_xor_bytes_x4_mve.S	ae067d3b4331387e974066486f8db9403c55dff34a3f9c770d3d86a25e0c57cd	11446	upstream/mlkem-native/pkcheck-af4c5abd-source-snapshot/examples/multilevel_build_native/mlkem_native/src/fips202/native/armv81m/src/state_xor_bytes_x4_mve.S
mlk_kem_check_pk_cleanroom/PKCHECK_00BC_01A_ADMISSION_20260730T013748Z/mlkem-native_af4c5abd_isolated/examples/multilevel_build_native/mlkem_native/src/fips202/native/auto.h	590e5d36ce4e9d699501b458ea0653a365e12bbd9f63a6abc7bbdaab2d6b2cfd	742	upstream/mlkem-native/pkcheck-af4c5abd-source-snapshot/examples/multilevel_build_native/mlkem_native/src/fips202/native/auto.h
mlk_kem_check_pk_cleanroom/PKCHECK_00BC_01A_ADMISSION_20260730T013748Z/mlkem-native_af4c5abd_isolated/examples/multilevel_build_native/mlkem_native/src/fips202/native/x86_64/keccak_f1600_x4_avx2.h	30aa6ddce6398b400244c747f6a5653e9ac7fc7f75b43ca07e274a31081dd6a8	904	upstream/mlkem-native/pkcheck-af4c5abd-source-snapshot/examples/multilevel_build_native/mlkem_native/src/fips202/native/x86_64/keccak_f1600_x4_avx2.h
mlk_kem_check_pk_cleanroom/PKCHECK_00BC_01A_ADMISSION_20260730T013748Z/mlkem-native_af4c5abd_isolated/examples/multilevel_build_native/mlkem_native/src/fips202/native/x86_64/src/fips202_native_x86_64.h	451788547142ab61d2c17439d3e110991f336d90bd432fcd4b04e88c7989fefc	1675	upstream/mlkem-native/pkcheck-af4c5abd-source-snapshot/examples/multilevel_build_native/mlkem_native/src/fips202/native/x86_64/src/fips202_native_x86_64.h
mlk_kem_check_pk_cleanroom/PKCHECK_00BC_01A_ADMISSION_20260730T013748Z/mlkem-native_af4c5abd_isolated/examples/multilevel_build_native/mlkem_native/src/fips202/native/x86_64/src/keccak_f1600_x4_avx2_asm.S	8c39fef87dc62ec8ee98d30cbc73633a1c14e780d1e54a74baf4ca78f8c65791	20857	upstream/mlkem-native/pkcheck-af4c5abd-source-snapshot/examples/multilevel_build_native/mlkem_native/src/fips202/native/x86_64/src/keccak_f1600_x4_avx2_asm.S
mlk_kem_check_pk_cleanroom/PKCHECK_00BC_01A_ADMISSION_20260730T013748Z/mlkem-native_af4c5abd_isolated/examples/multilevel_build_native/mlkem_native/src/fips202/native/x86_64/src/keccakf1600_constants.c	e1783332d6248856c4b53d4b777b50fd4ab0eab409ea1c2722ecfc7b6b8809ac	1676	upstream/mlkem-native/pkcheck-af4c5abd-source-snapshot/examples/multilevel_build_native/mlkem_native/src/fips202/native/x86_64/src/keccakf1600_constants.c
mlk_kem_check_pk_cleanroom/PKCHECK_00BC_01A_ADMISSION_20260730T013748Z/mlkem-native_af4c5abd_isolated/examples/multilevel_build_native/mlkem_native/src/indcpa.c	ffc9cd09fb9a5926c8540b52181b064e7ae46b3d117e10ca51ac0d0ca940f6bd	23665	upstream/mlkem-native/pkcheck-af4c5abd-source-snapshot/examples/multilevel_build_native/mlkem_native/src/indcpa.c
mlk_kem_check_pk_cleanroom/PKCHECK_00BC_01A_ADMISSION_20260730T013748Z/mlkem-native_af4c5abd_isolated/examples/multilevel_build_native/mlkem_native/src/indcpa.h	25537257adf04a0db9764a1034f0f7af0be25ec0a37c47faff81fb32ee93c5f1	6836	upstream/mlkem-native/pkcheck-af4c5abd-source-snapshot/examples/multilevel_build_native/mlkem_native/src/indcpa.h
mlk_kem_check_pk_cleanroom/PKCHECK_00BC_01A_ADMISSION_20260730T013748Z/mlkem-native_af4c5abd_isolated/examples/multilevel_build_native/mlkem_native/src/kem.c	b3de1f7602b10c6033eee8b235138190ed09df917ec9326c2b38ce1083c541ce	13814	upstream/mlkem-native/pkcheck-af4c5abd-source-snapshot/examples/multilevel_build_native/mlkem_native/src/kem.c
mlk_kem_check_pk_cleanroom/PKCHECK_00BC_01A_ADMISSION_20260730T013748Z/mlkem-native_af4c5abd_isolated/examples/multilevel_build_native/mlkem_native/src/kem.h	e239f5d705fca7729e7838e836aa2fab814ddc4ffbaf7eeb73a32242b15d960d	13133	upstream/mlkem-native/pkcheck-af4c5abd-source-snapshot/examples/multilevel_build_native/mlkem_native/src/kem.h
mlk_kem_check_pk_cleanroom/PKCHECK_00BC_01A_ADMISSION_20260730T013748Z/mlkem-native_af4c5abd_isolated/examples/multilevel_build_native/mlkem_native/src/native/aarch64/README.md	6ffcd01b440924698a857730185d07fc29f868de611db3555ccd00b2486a4b65	1211	upstream/mlkem-native/pkcheck-af4c5abd-source-snapshot/examples/multilevel_build_native/mlkem_native/src/native/aarch64/README.md
mlk_kem_check_pk_cleanroom/PKCHECK_00BC_01A_ADMISSION_20260730T013748Z/mlkem-native_af4c5abd_isolated/examples/multilevel_build_native/mlkem_native/src/native/aarch64/meta.h	2a83df86204cb9b3602a019619a26c24876b2921254caaae53080bff8889f7b2	4214	upstream/mlkem-native/pkcheck-af4c5abd-source-snapshot/examples/multilevel_build_native/mlkem_native/src/native/aarch64/meta.h
mlk_kem_check_pk_cleanroom/PKCHECK_00BC_01A_ADMISSION_20260730T013748Z/mlkem-native_af4c5abd_isolated/examples/multilevel_build_native/mlkem_native/src/native/aarch64/src/aarch64_zetas.c	f254d432c3ad7e9f05b462ccc7c280efeca13af963cd208d62a80c1cdb592517	11373	upstream/mlkem-native/pkcheck-af4c5abd-source-snapshot/examples/multilevel_build_native/mlkem_native/src/native/aarch64/src/aarch64_zetas.c
mlk_kem_check_pk_cleanroom/PKCHECK_00BC_01A_ADMISSION_20260730T013748Z/mlkem-native_af4c5abd_isolated/examples/multilevel_build_native/mlkem_native/src/native/aarch64/src/arith_native_aarch64.h	cf3f258e98e21d3db85b6a543677c592e1bdc0cb9e88df647cd85ccd46b71b15	8573	upstream/mlkem-native/pkcheck-af4c5abd-source-snapshot/examples/multilevel_build_native/mlkem_native/src/native/aarch64/src/arith_native_aarch64.h
mlk_kem_check_pk_cleanroom/PKCHECK_00BC_01A_ADMISSION_20260730T013748Z/mlkem-native_af4c5abd_isolated/examples/multilevel_build_native/mlkem_native/src/native/aarch64/src/intt_aarch64_asm.S	30a3679a885c5c6e6d7312b57ad5a55e8f666495e4f5526b5d400a903ebb6cec	21082	upstream/mlkem-native/pkcheck-af4c5abd-source-snapshot/examples/multilevel_build_native/mlkem_native/src/native/aarch64/src/intt_aarch64_asm.S
mlk_kem_check_pk_cleanroom/PKCHECK_00BC_01A_ADMISSION_20260730T013748Z/mlkem-native_af4c5abd_isolated/examples/multilevel_build_native/mlkem_native/src/native/aarch64/src/ntt_aarch64_asm.S	dee8b0da4ca812cf3e06ab1180ba5325fe5f2f59dc175be0a85f16bca795e52c	18678	upstream/mlkem-native/pkcheck-af4c5abd-source-snapshot/examples/multilevel_build_native/mlkem_native/src/native/aarch64/src/ntt_aarch64_asm.S
mlk_kem_check_pk_cleanroom/PKCHECK_00BC_01A_ADMISSION_20260730T013748Z/mlkem-native_af4c5abd_isolated/examples/multilevel_build_native/mlkem_native/src/native/aarch64/src/poly_mulcache_compute_aarch64_asm.S	ffd3430b4126b3eca17189c362a08999140f4ebf0f04afd01342ec5a05e811ed	3866	upstream/mlkem-native/pkcheck-af4c5abd-source-snapshot/examples/multilevel_build_native/mlkem_native/src/native/aarch64/src/poly_mulcache_compute_aarch64_asm.S
mlk_kem_check_pk_cleanroom/PKCHECK_00BC_01A_ADMISSION_20260730T013748Z/mlkem-native_af4c5abd_isolated/examples/multilevel_build_native/mlkem_native/src/native/aarch64/src/poly_reduce_aarch64_asm.S	1b7d61373aa19548a87de892bfcfda9702295393002ba88eeb3be3d35ec700ab	4752	upstream/mlkem-native/pkcheck-af4c5abd-source-snapshot/examples/multilevel_build_native/mlkem_native/src/native/aarch64/src/poly_reduce_aarch64_asm.S
mlk_kem_check_pk_cleanroom/PKCHECK_00BC_01A_ADMISSION_20260730T013748Z/mlkem-native_af4c5abd_isolated/examples/multilevel_build_native/mlkem_native/src/native/aarch64/src/poly_tobytes_aarch64_asm.S	925af2035e63f5c8866cd83361ad666e4d442a666aef485eba2790d0d2f613b5	3489	upstream/mlkem-native/pkcheck-af4c5abd-source-snapshot/examples/multilevel_build_native/mlkem_native/src/native/aarch64/src/poly_tobytes_aarch64_asm.S
mlk_kem_check_pk_cleanroom/PKCHECK_00BC_01A_ADMISSION_20260730T013748Z/mlkem-native_af4c5abd_isolated/examples/multilevel_build_native/mlkem_native/src/native/aarch64/src/poly_tomont_aarch64_asm.S	928fbd8b2666d5b6eec6284211742ba96ce70bc8061b0e93557e5ecee73ad3b9	2862	upstream/mlkem-native/pkcheck-af4c5abd-source-snapshot/examples/multilevel_build_native/mlkem_native/src/native/aarch64/src/poly_tomont_aarch64_asm.S
mlk_kem_check_pk_cleanroom/PKCHECK_00BC_01A_ADMISSION_20260730T013748Z/mlkem-native_af4c5abd_isolated/examples/multilevel_build_native/mlkem_native/src/native/aarch64/src/polyvec_basemul_acc_montgomery_cached_k2_aarch64_asm.S	458b153b637e49f93ccee39f6c12c379d4fd982125eceb68e01307d277662b70	8656	upstream/mlkem-native/pkcheck-af4c5abd-source-snapshot/examples/multilevel_build_native/mlkem_native/src/native/aarch64/src/polyvec_basemul_acc_montgomery_cached_k2_aarch64_asm.S
mlk_kem_check_pk_cleanroom/PKCHECK_00BC_01A_ADMISSION_20260730T013748Z/mlkem-native_af4c5abd_isolated/examples/multilevel_build_native/mlkem_native/src/native/aarch64/src/polyvec_basemul_acc_montgomery_cached_k3_aarch64_asm.S	f4fcc1351d09a503dd8b73e9b0b18b4ffe49cc01fbb3611e204c06a621798c95	10500	upstream/mlkem-native/pkcheck-af4c5abd-source-snapshot/examples/multilevel_build_native/mlkem_native/src/native/aarch64/src/polyvec_basemul_acc_montgomery_cached_k3_aarch64_asm.S
mlk_kem_check_pk_cleanroom/PKCHECK_00BC_01A_ADMISSION_20260730T013748Z/mlkem-native_af4c5abd_isolated/examples/multilevel_build_native/mlkem_native/src/native/aarch64/src/polyvec_basemul_acc_montgomery_cached_k4_aarch64_asm.S	a17756f307c353f9aa2ab6fc3b00717609426468c6e1fe7707b8d461b0c18855	12351	upstream/mlkem-native/pkcheck-af4c5abd-source-snapshot/examples/multilevel_build_native/mlkem_native/src/native/aarch64/src/polyvec_basemul_acc_montgomery_cached_k4_aarch64_asm.S
mlk_kem_check_pk_cleanroom/PKCHECK_00BC_01A_ADMISSION_20260730T013748Z/mlkem-native_af4c5abd_isolated/examples/multilevel_build_native/mlkem_native/src/native/aarch64/src/rej_uniform_aarch64_asm.S	a659079e5298fc99c408ccada099770832281b37fd7e5959e8908299a440ce05	6535	upstream/mlkem-native/pkcheck-af4c5abd-source-snapshot/examples/multilevel_build_native/mlkem_native/src/native/aarch64/src/rej_uniform_aarch64_asm.S
mlk_kem_check_pk_cleanroom/PKCHECK_00BC_01A_ADMISSION_20260730T013748Z/mlkem-native_af4c5abd_isolated/examples/multilevel_build_native/mlkem_native/src/native/aarch64/src/rej_uniform_table.c	0f4e7024475acf7cc84adc8c013356fd650e312b9ea8855da32fa1531f4af7f7	27620	upstream/mlkem-native/pkcheck-af4c5abd-source-snapshot/examples/multilevel_build_native/mlkem_native/src/native/aarch64/src/rej_uniform_table.c
mlk_kem_check_pk_cleanroom/PKCHECK_00BC_01A_ADMISSION_20260730T013748Z/mlkem-native_af4c5abd_isolated/examples/multilevel_build_native/mlkem_native/src/native/api.h	651e2401c7b63e97442f08d3f6ea422fd425ec85ca47dcfdd02d9f5fa78e5ae9	28338	upstream/mlkem-native/pkcheck-af4c5abd-source-snapshot/examples/multilevel_build_native/mlkem_native/src/native/api.h
mlk_kem_check_pk_cleanroom/PKCHECK_00BC_01A_ADMISSION_20260730T013748Z/mlkem-native_af4c5abd_isolated/examples/multilevel_build_native/mlkem_native/src/native/meta.h	eb30d087373d9f809ef8bcbf5396e68e79f0b210efd9436c47f9c5dd2b07a089	604	upstream/mlkem-native/pkcheck-af4c5abd-source-snapshot/examples/multilevel_build_native/mlkem_native/src/native/meta.h
mlk_kem_check_pk_cleanroom/PKCHECK_00BC_01A_ADMISSION_20260730T013748Z/mlkem-native_af4c5abd_isolated/examples/multilevel_build_native/mlkem_native/src/native/ppc64le/README.md	c4ad2278ef016d2816b8d1049b73fd42e5a0f4acc3dd4dba3c969a94d80a2034	226	upstream/mlkem-native/pkcheck-af4c5abd-source-snapshot/examples/multilevel_build_native/mlkem_native/src/native/ppc64le/README.md
mlk_kem_check_pk_cleanroom/PKCHECK_00BC_01A_ADMISSION_20260730T013748Z/mlkem-native_af4c5abd_isolated/examples/multilevel_build_native/mlkem_native/src/native/ppc64le/meta.h	ca485705ed13888726c8ddd568be32612c4e118aeaf01e4e2642e17ac138dd78	1858	upstream/mlkem-native/pkcheck-af4c5abd-source-snapshot/examples/multilevel_build_native/mlkem_native/src/native/ppc64le/meta.h
mlk_kem_check_pk_cleanroom/PKCHECK_00BC_01A_ADMISSION_20260730T013748Z/mlkem-native_af4c5abd_isolated/examples/multilevel_build_native/mlkem_native/src/native/ppc64le/src/arith_native_ppc64le.h	7db7bf729b7de84356645c4090739e6e20aa40543b788e6d1e68e4b794a6c276	794	upstream/mlkem-native/pkcheck-af4c5abd-source-snapshot/examples/multilevel_build_native/mlkem_native/src/native/ppc64le/src/arith_native_ppc64le.h
mlk_kem_check_pk_cleanroom/PKCHECK_00BC_01A_ADMISSION_20260730T013748Z/mlkem-native_af4c5abd_isolated/examples/multilevel_build_native/mlkem_native/src/native/ppc64le/src/consts.c	f651fcd8d1c53f645cb9ef4a17a86575c787fa0e9cdf3b31c10417f20bcbfe98	15486	upstream/mlkem-native/pkcheck-af4c5abd-source-snapshot/examples/multilevel_build_native/mlkem_native/src/native/ppc64le/src/consts.c
mlk_kem_check_pk_cleanroom/PKCHECK_00BC_01A_ADMISSION_20260730T013748Z/mlkem-native_af4c5abd_isolated/examples/multilevel_build_native/mlkem_native/src/native/ppc64le/src/consts.h	6da9424313bb9fbb1c0f366df9c058e6464023732c09185be5f829791b6cf12e	985	upstream/mlkem-native/pkcheck-af4c5abd-source-snapshot/examples/multilevel_build_native/mlkem_native/src/native/ppc64le/src/consts.h
mlk_kem_check_pk_cleanroom/PKCHECK_00BC_01A_ADMISSION_20260730T013748Z/mlkem-native_af4c5abd_isolated/examples/multilevel_build_native/mlkem_native/src/native/ppc64le/src/intt_ppc_asm.S	c3c2222b1a47112df089e93ffabd4fd019744d0be6ea5a9c3d15eadd637bab37	83617	upstream/mlkem-native/pkcheck-af4c5abd-source-snapshot/examples/multilevel_build_native/mlkem_native/src/native/ppc64le/src/intt_ppc_asm.S
mlk_kem_check_pk_cleanroom/PKCHECK_00BC_01A_ADMISSION_20260730T013748Z/mlkem-native_af4c5abd_isolated/examples/multilevel_build_native/mlkem_native/src/native/ppc64le/src/ntt_ppc_asm.S	3fad90c5bcc5a809ef822e9eaf145b62a95ca28f0b1cde29c64c3f392e5dd562	43672	upstream/mlkem-native/pkcheck-af4c5abd-source-snapshot/examples/multilevel_build_native/mlkem_native/src/native/ppc64le/src/ntt_ppc_asm.S
mlk_kem_check_pk_cleanroom/PKCHECK_00BC_01A_ADMISSION_20260730T013748Z/mlkem-native_af4c5abd_isolated/examples/multilevel_build_native/mlkem_native/src/native/ppc64le/src/poly_tomont_ppc_asm.S	272e46991f5f22f5e92dbfddc54f7ac8622b2162a1b6e3b984cb5acca835166c	8241	upstream/mlkem-native/pkcheck-af4c5abd-source-snapshot/examples/multilevel_build_native/mlkem_native/src/native/ppc64le/src/poly_tomont_ppc_asm.S
mlk_kem_check_pk_cleanroom/PKCHECK_00BC_01A_ADMISSION_20260730T013748Z/mlkem-native_af4c5abd_isolated/examples/multilevel_build_native/mlkem_native/src/native/ppc64le/src/reduce_ppc_asm.S	5ed62d46877909cea8e01daad1715f6684ff9d779226c98d2d47b5688f629932	18506	upstream/mlkem-native/pkcheck-af4c5abd-source-snapshot/examples/multilevel_build_native/mlkem_native/src/native/ppc64le/src/reduce_ppc_asm.S
mlk_kem_check_pk_cleanroom/PKCHECK_00BC_01A_ADMISSION_20260730T013748Z/mlkem-native_af4c5abd_isolated/examples/multilevel_build_native/mlkem_native/src/native/riscv64/README.md	cc8a354ecbf09f5e490b643440a52d6a33118e04191e3ab8c6754e49aa03ed1b	495	upstream/mlkem-native/pkcheck-af4c5abd-source-snapshot/examples/multilevel_build_native/mlkem_native/src/native/riscv64/README.md
mlk_kem_check_pk_cleanroom/PKCHECK_00BC_01A_ADMISSION_20260730T013748Z/mlkem-native_af4c5abd_isolated/examples/multilevel_build_native/mlkem_native/src/native/riscv64/meta.h	f589ac7e4847a3cfcaee07f8737290c6d57a1022118d1fc883363fa84eca2b93	4008	upstream/mlkem-native/pkcheck-af4c5abd-source-snapshot/examples/multilevel_build_native/mlkem_native/src/native/riscv64/meta.h
mlk_kem_check_pk_cleanroom/PKCHECK_00BC_01A_ADMISSION_20260730T013748Z/mlkem-native_af4c5abd_isolated/examples/multilevel_build_native/mlkem_native/src/native/riscv64/src/arith_native_riscv64.h	d66aaf515aaff3da763ab7f636812e7444501f85d8441c4d1acb23fa4820de5e	1849	upstream/mlkem-native/pkcheck-af4c5abd-source-snapshot/examples/multilevel_build_native/mlkem_native/src/native/riscv64/src/arith_native_riscv64.h
mlk_kem_check_pk_cleanroom/PKCHECK_00BC_01A_ADMISSION_20260730T013748Z/mlkem-native_af4c5abd_isolated/examples/multilevel_build_native/mlkem_native/src/native/riscv64/src/rv64v_debug.c	43855e347be504e3489133e6349cdef8e903646c06d08718ce4addf84e8e79c8	3133	upstream/mlkem-native/pkcheck-af4c5abd-source-snapshot/examples/multilevel_build_native/mlkem_native/src/native/riscv64/src/rv64v_debug.c
mlk_kem_check_pk_cleanroom/PKCHECK_00BC_01A_ADMISSION_20260730T013748Z/mlkem-native_af4c5abd_isolated/examples/multilevel_build_native/mlkem_native/src/native/riscv64/src/rv64v_debug.h	213b1c5efc36ae5f94ed20a4cda43b9e905819283418b6cfac23e8ba5b449452	5860	upstream/mlkem-native/pkcheck-af4c5abd-source-snapshot/examples/multilevel_build_native/mlkem_native/src/native/riscv64/src/rv64v_debug.h
mlk_kem_check_pk_cleanroom/PKCHECK_00BC_01A_ADMISSION_20260730T013748Z/mlkem-native_af4c5abd_isolated/examples/multilevel_build_native/mlkem_native/src/native/riscv64/src/rv64v_izetas.inc	d29ca53fe5a70fcc2dcb3227bff3d92c37e0c35f14f995635026effc7f612422	1256	upstream/mlkem-native/pkcheck-af4c5abd-source-snapshot/examples/multilevel_build_native/mlkem_native/src/native/riscv64/src/rv64v_izetas.inc
mlk_kem_check_pk_cleanroom/PKCHECK_00BC_01A_ADMISSION_20260730T013748Z/mlkem-native_af4c5abd_isolated/examples/multilevel_build_native/mlkem_native/src/native/riscv64/src/rv64v_poly.c	6f5bc47ccc4b2d357d5aabffed4ae58ee5927415ce14a35169e2e96830c2e1d0	28791	upstream/mlkem-native/pkcheck-af4c5abd-source-snapshot/examples/multilevel_build_native/mlkem_native/src/native/riscv64/src/rv64v_poly.c
mlk_kem_check_pk_cleanroom/PKCHECK_00BC_01A_ADMISSION_20260730T013748Z/mlkem-native_af4c5abd_isolated/examples/multilevel_build_native/mlkem_native/src/native/riscv64/src/rv64v_zetas.inc	34ceb2ecb5cdc4f03b830029a31b06ba44efa6bc0e8e615d45277765c57388e4	1256	upstream/mlkem-native/pkcheck-af4c5abd-source-snapshot/examples/multilevel_build_native/mlkem_native/src/native/riscv64/src/rv64v_zetas.inc
mlk_kem_check_pk_cleanroom/PKCHECK_00BC_01A_ADMISSION_20260730T013748Z/mlkem-native_af4c5abd_isolated/examples/multilevel_build_native/mlkem_native/src/native/riscv64/src/rv64v_zetas_basemul.inc	093d13133e258b9c362e2db0fea19b1d201877a9e1e7e014174a693d9862f5df	2203	upstream/mlkem-native/pkcheck-af4c5abd-source-snapshot/examples/multilevel_build_native/mlkem_native/src/native/riscv64/src/rv64v_zetas_basemul.inc
mlk_kem_check_pk_cleanroom/PKCHECK_00BC_01A_ADMISSION_20260730T013748Z/mlkem-native_af4c5abd_isolated/examples/multilevel_build_native/mlkem_native/src/native/x86_64/README.md	59963fb54af67d45463616ac56c579f113ce5193dd74aa694c9dada7e997c214	237	upstream/mlkem-native/pkcheck-af4c5abd-source-snapshot/examples/multilevel_build_native/mlkem_native/src/native/x86_64/README.md
mlk_kem_check_pk_cleanroom/PKCHECK_00BC_01A_ADMISSION_20260730T013748Z/mlkem-native_af4c5abd_isolated/examples/multilevel_build_native/mlkem_native/src/native/x86_64/meta.h	5610fedff3fdc502ba971824ed300f0ad49c7d60ae3ad707c90fa1d815d652a3	8775	upstream/mlkem-native/pkcheck-af4c5abd-source-snapshot/examples/multilevel_build_native/mlkem_native/src/native/x86_64/meta.h
mlk_kem_check_pk_cleanroom/PKCHECK_00BC_01A_ADMISSION_20260730T013748Z/mlkem-native_af4c5abd_isolated/examples/multilevel_build_native/mlkem_native/src/native/x86_64/src/arith_native_x86_64.h	ae77631908fc59e4c6fad80d861fbadf920212631394319a04c18bfe14c91764	13552	upstream/mlkem-native/pkcheck-af4c5abd-source-snapshot/examples/multilevel_build_native/mlkem_native/src/native/x86_64/src/arith_native_x86_64.h
mlk_kem_check_pk_cleanroom/PKCHECK_00BC_01A_ADMISSION_20260730T013748Z/mlkem-native_af4c5abd_isolated/examples/multilevel_build_native/mlkem_native/src/native/x86_64/src/compress_consts.c	562965e31635041e2133ccc7602b6185bdce5472541f3b54ac72795fb6bc98f2	4105	upstream/mlkem-native/pkcheck-af4c5abd-source-snapshot/examples/multilevel_build_native/mlkem_native/src/native/x86_64/src/compress_consts.c
mlk_kem_check_pk_cleanroom/PKCHECK_00BC_01A_ADMISSION_20260730T013748Z/mlkem-native_af4c5abd_isolated/examples/multilevel_build_native/mlkem_native/src/native/x86_64/src/compress_consts.h	2748f5adee7f2a50008ba934459533e183b1cebe581eedcb85ece373516bd915	1589	upstream/mlkem-native/pkcheck-af4c5abd-source-snapshot/examples/multilevel_build_native/mlkem_native/src/native/x86_64/src/compress_consts.h
mlk_kem_check_pk_cleanroom/PKCHECK_00BC_01A_ADMISSION_20260730T013748Z/mlkem-native_af4c5abd_isolated/examples/multilevel_build_native/mlkem_native/src/native/x86_64/src/consts.c	92b37dd2361425c2816f624a982b64bbb4b4a7563f02604470c7541a83acf435	5940	upstream/mlkem-native/pkcheck-af4c5abd-source-snapshot/examples/multilevel_build_native/mlkem_native/src/native/x86_64/src/consts.c
mlk_kem_check_pk_cleanroom/PKCHECK_00BC_01A_ADMISSION_20260730T013748Z/mlkem-native_af4c5abd_isolated/examples/multilevel_build_native/mlkem_native/src/native/x86_64/src/consts.h	f0046a67ebd4195f6180b179c0fe329c1bbfddc37203825a5ebf0dffa7991e15	749	upstream/mlkem-native/pkcheck-af4c5abd-source-snapshot/examples/multilevel_build_native/mlkem_native/src/native/x86_64/src/consts.h
mlk_kem_check_pk_cleanroom/PKCHECK_00BC_01A_ADMISSION_20260730T013748Z/mlkem-native_af4c5abd_isolated/examples/multilevel_build_native/mlkem_native/src/native/x86_64/src/intt_avx2_asm.S	a8a8bc6b50f98ead9e20bfb55ac11114c0515f0225ec68a8a9f370443a38b5ce	32189	upstream/mlkem-native/pkcheck-af4c5abd-source-snapshot/examples/multilevel_build_native/mlkem_native/src/native/x86_64/src/intt_avx2_asm.S
mlk_kem_check_pk_cleanroom/PKCHECK_00BC_01A_ADMISSION_20260730T013748Z/mlkem-native_af4c5abd_isolated/examples/multilevel_build_native/mlkem_native/src/native/x86_64/src/ntt_avx2_asm.S	70416a0ad9998fc2f3f0d662f1b4d692f234cadc83ac3ba81ca501c3d636d26c	28634	upstream/mlkem-native/pkcheck-af4c5abd-source-snapshot/examples/multilevel_build_native/mlkem_native/src/native/x86_64/src/ntt_avx2_asm.S
mlk_kem_check_pk_cleanroom/PKCHECK_00BC_01A_ADMISSION_20260730T013748Z/mlkem-native_af4c5abd_isolated/examples/multilevel_build_native/mlkem_native/src/native/x86_64/src/nttfrombytes_avx2_asm.S	001af6a58e96327ecf42bacec9f0f2868637443831de53bff36253fbd5f18e0a	10915	upstream/mlkem-native/pkcheck-af4c5abd-source-snapshot/examples/multilevel_build_native/mlkem_native/src/native/x86_64/src/nttfrombytes_avx2_asm.S
mlk_kem_check_pk_cleanroom/PKCHECK_00BC_01A_ADMISSION_20260730T013748Z/mlkem-native_af4c5abd_isolated/examples/multilevel_build_native/mlkem_native/src/native/x86_64/src/ntttobytes_avx2_asm.S	d2ad03151e8671da73900559e1f22b61327209dcd748a2dbc1209a494439c7db	10409	upstream/mlkem-native/pkcheck-af4c5abd-source-snapshot/examples/multilevel_build_native/mlkem_native/src/native/x86_64/src/ntttobytes_avx2_asm.S
mlk_kem_check_pk_cleanroom/PKCHECK_00BC_01A_ADMISSION_20260730T013748Z/mlkem-native_af4c5abd_isolated/examples/multilevel_build_native/mlkem_native/src/native/x86_64/src/nttunpack_avx2_asm.S	01af3a79b639f0c1edfd4311bfe986d78112ede758a277b88d6707a8ac0203e1	11482	upstream/mlkem-native/pkcheck-af4c5abd-source-snapshot/examples/multilevel_build_native/mlkem_native/src/native/x86_64/src/nttunpack_avx2_asm.S
mlk_kem_check_pk_cleanroom/PKCHECK_00BC_01A_ADMISSION_20260730T013748Z/mlkem-native_af4c5abd_isolated/examples/multilevel_build_native/mlkem_native/src/native/x86_64/src/poly_compress_d10_avx2_asm.S	459855f032dc08dd6112f535601f8b510692bafb7c7431e3a6018c84ee483d36	14850	upstream/mlkem-native/pkcheck-af4c5abd-source-snapshot/examples/multilevel_build_native/mlkem_native/src/native/x86_64/src/poly_compress_d10_avx2_asm.S
mlk_kem_check_pk_cleanroom/PKCHECK_00BC_01A_ADMISSION_20260730T013748Z/mlkem-native_af4c5abd_isolated/examples/multilevel_build_native/mlkem_native/src/native/x86_64/src/poly_compress_d11_avx2_asm.S	2b392cb520706e848f3a417d417c08165044f9066c9dd1ded8f292280e513440	19359	upstream/mlkem-native/pkcheck-af4c5abd-source-snapshot/examples/multilevel_build_native/mlkem_native/src/native/x86_64/src/poly_compress_d11_avx2_asm.S
mlk_kem_check_pk_cleanroom/PKCHECK_00BC_01A_ADMISSION_20260730T013748Z/mlkem-native_af4c5abd_isolated/examples/multilevel_build_native/mlkem_native/src/native/x86_64/src/poly_compress_d4_avx2_asm.S	166f9d829d9f1f40e1b066de49c4c181aa1db1fbcda88f3131cb0e62d4be984d	6384	upstream/mlkem-native/pkcheck-af4c5abd-source-snapshot/examples/multilevel_build_native/mlkem_native/src/native/x86_64/src/poly_compress_d4_avx2_asm.S
mlk_kem_check_pk_cleanroom/PKCHECK_00BC_01A_ADMISSION_20260730T013748Z/mlkem-native_af4c5abd_isolated/examples/multilevel_build_native/mlkem_native/src/native/x86_64/src/poly_compress_d5_avx2_asm.S	435aaeb0eabccaf585079a6051301a0847f5e6da4236e8b20fce65ddd3b8a49d	8480	upstream/mlkem-native/pkcheck-af4c5abd-source-snapshot/examples/multilevel_build_native/mlkem_native/src/native/x86_64/src/poly_compress_d5_avx2_asm.S
mlk_kem_check_pk_cleanroom/PKCHECK_00BC_01A_ADMISSION_20260730T013748Z/mlkem-native_af4c5abd_isolated/examples/multilevel_build_native/mlkem_native/src/native/x86_64/src/poly_decompress_d10_avx2_asm.S	d7f625f1488f40ed5db555f3d4fa772a12c17b1b29e2922a539691184179d494	9138	upstream/mlkem-native/pkcheck-af4c5abd-source-snapshot/examples/multilevel_build_native/mlkem_native/src/native/x86_64/src/poly_decompress_d10_avx2_asm.S
mlk_kem_check_pk_cleanroom/PKCHECK_00BC_01A_ADMISSION_20260730T013748Z/mlkem-native_af4c5abd_isolated/examples/multilevel_build_native/mlkem_native/src/native/x86_64/src/poly_decompress_d11_avx2_asm.S	45190c13cd3079b8bac79f8c6321be6786cb383ae3ebeef05f7fc79018701ad1	11155	upstream/mlkem-native/pkcheck-af4c5abd-source-snapshot/examples/multilevel_build_native/mlkem_native/src/native/x86_64/src/poly_decompress_d11_avx2_asm.S
mlk_kem_check_pk_cleanroom/PKCHECK_00BC_01A_ADMISSION_20260730T013748Z/mlkem-native_af4c5abd_isolated/examples/multilevel_build_native/mlkem_native/src/native/x86_64/src/poly_decompress_d4_avx2_asm.S	21f854e623079f1d100e757056e92ac0e7541634ba0bc933e1f46a479f18f42f	7067	upstream/mlkem-native/pkcheck-af4c5abd-source-snapshot/examples/multilevel_build_native/mlkem_native/src/native/x86_64/src/poly_decompress_d4_avx2_asm.S
mlk_kem_check_pk_cleanroom/PKCHECK_00BC_01A_ADMISSION_20260730T013748Z/mlkem-native_af4c5abd_isolated/examples/multilevel_build_native/mlkem_native/src/native/x86_64/src/poly_decompress_d5_avx2_asm.S	33030255964bffb490c486c67955b87deadaa7e0c785a672d5b00ac927c715ca	7687	upstream/mlkem-native/pkcheck-af4c5abd-source-snapshot/examples/multilevel_build_native/mlkem_native/src/native/x86_64/src/poly_decompress_d5_avx2_asm.S
mlk_kem_check_pk_cleanroom/PKCHECK_00BC_01A_ADMISSION_20260730T013748Z/mlkem-native_af4c5abd_isolated/examples/multilevel_build_native/mlkem_native/src/native/x86_64/src/poly_mulcache_compute_avx2_asm.S	1e2f765339130173959a59d3e0bd401613141f3f9ffbbf73097935254fcc8601	3698	upstream/mlkem-native/pkcheck-af4c5abd-source-snapshot/examples/multilevel_build_native/mlkem_native/src/native/x86_64/src/poly_mulcache_compute_avx2_asm.S
mlk_kem_check_pk_cleanroom/PKCHECK_00BC_01A_ADMISSION_20260730T013748Z/mlkem-native_af4c5abd_isolated/examples/multilevel_build_native/mlkem_native/src/native/x86_64/src/polyvec_basemul_acc_montgomery_cached_k2_avx2_asm.S	c7503836f6acb3e595d9a028d34dcd6b8b981687e299fff7ab33c543458745f9	19019	upstream/mlkem-native/pkcheck-af4c5abd-source-snapshot/examples/multilevel_build_native/mlkem_native/src/native/x86_64/src/polyvec_basemul_acc_montgomery_cached_k2_avx2_asm.S
mlk_kem_check_pk_cleanroom/PKCHECK_00BC_01A_ADMISSION_20260730T013748Z/mlkem-native_af4c5abd_isolated/examples/multilevel_build_native/mlkem_native/src/native/x86_64/src/polyvec_basemul_acc_montgomery_cached_k3_avx2_asm.S	4b7c254cfce65a8a2af80f8c82022e2ea3cf4af589ea143ff32feff649dc0d8c	27963	upstream/mlkem-native/pkcheck-af4c5abd-source-snapshot/examples/multilevel_build_native/mlkem_native/src/native/x86_64/src/polyvec_basemul_acc_montgomery_cached_k3_avx2_asm.S
mlk_kem_check_pk_cleanroom/PKCHECK_00BC_01A_ADMISSION_20260730T013748Z/mlkem-native_af4c5abd_isolated/examples/multilevel_build_native/mlkem_native/src/native/x86_64/src/polyvec_basemul_acc_montgomery_cached_k4_avx2_asm.S	07ad9aef4253ed87ee1fe3a47fa5bdd2ec13d3a0c7020e57fa6570090c251815	36908	upstream/mlkem-native/pkcheck-af4c5abd-source-snapshot/examples/multilevel_build_native/mlkem_native/src/native/x86_64/src/polyvec_basemul_acc_montgomery_cached_k4_avx2_asm.S
mlk_kem_check_pk_cleanroom/PKCHECK_00BC_01A_ADMISSION_20260730T013748Z/mlkem-native_af4c5abd_isolated/examples/multilevel_build_native/mlkem_native/src/native/x86_64/src/reduce_avx2_asm.S	d0812932f720ea634a8ffb4f0923f8b388256b2081e5944e0d0f65a7829081c8	7642	upstream/mlkem-native/pkcheck-af4c5abd-source-snapshot/examples/multilevel_build_native/mlkem_native/src/native/x86_64/src/reduce_avx2_asm.S
mlk_kem_check_pk_cleanroom/PKCHECK_00BC_01A_ADMISSION_20260730T013748Z/mlkem-native_af4c5abd_isolated/examples/multilevel_build_native/mlkem_native/src/native/x86_64/src/rej_uniform_avx2_asm.S	97eef83984599d8933158e080d8822f2b925d0cf5a64b51c568d2dbe59097cb3	4360	upstream/mlkem-native/pkcheck-af4c5abd-source-snapshot/examples/multilevel_build_native/mlkem_native/src/native/x86_64/src/rej_uniform_avx2_asm.S
mlk_kem_check_pk_cleanroom/PKCHECK_00BC_01A_ADMISSION_20260730T013748Z/mlkem-native_af4c5abd_isolated/examples/multilevel_build_native/mlkem_native/src/native/x86_64/src/rej_uniform_table.c	be662d58c00fdfc8dfa14bdaf580f7af0c21ffb3211eba5e6a89654ab34afa22	27658	upstream/mlkem-native/pkcheck-af4c5abd-source-snapshot/examples/multilevel_build_native/mlkem_native/src/native/x86_64/src/rej_uniform_table.c
mlk_kem_check_pk_cleanroom/PKCHECK_00BC_01A_ADMISSION_20260730T013748Z/mlkem-native_af4c5abd_isolated/examples/multilevel_build_native/mlkem_native/src/native/x86_64/src/tomont_avx2_asm.S	9bf8187fceae7fbfdcb5e35d9222707066b7e5b6d1079cda46eca078ac813864	5475	upstream/mlkem-native/pkcheck-af4c5abd-source-snapshot/examples/multilevel_build_native/mlkem_native/src/native/x86_64/src/tomont_avx2_asm.S
mlk_kem_check_pk_cleanroom/PKCHECK_00BC_01A_ADMISSION_20260730T013748Z/mlkem-native_af4c5abd_isolated/examples/multilevel_build_native/mlkem_native/src/params.h	450fe3e0e50496921920473ae4321660f178c23d51f1453f3c537ee63c4158cb	2566	upstream/mlkem-native/pkcheck-af4c5abd-source-snapshot/examples/multilevel_build_native/mlkem_native/src/params.h
mlk_kem_check_pk_cleanroom/PKCHECK_00BC_01A_ADMISSION_20260730T013748Z/mlkem-native_af4c5abd_isolated/examples/multilevel_build_native/mlkem_native/src/poly.c	f427dda46e29d53d3e33d683c9a8483bade3568eff43fb97b868a21bfd07c722	18569	upstream/mlkem-native/pkcheck-af4c5abd-source-snapshot/examples/multilevel_build_native/mlkem_native/src/poly.c
mlk_kem_check_pk_cleanroom/PKCHECK_00BC_01A_ADMISSION_20260730T013748Z/mlkem-native_af4c5abd_isolated/examples/multilevel_build_native/mlkem_native/src/poly.h	f24f980110953c1d361e04137e13e2f85f76db776903f85c98f24900e85f7aef	10117	upstream/mlkem-native/pkcheck-af4c5abd-source-snapshot/examples/multilevel_build_native/mlkem_native/src/poly.h
mlk_kem_check_pk_cleanroom/PKCHECK_00BC_01A_ADMISSION_20260730T013748Z/mlkem-native_af4c5abd_isolated/examples/multilevel_build_native/mlkem_native/src/poly_k.c	7dea24a0591b0fb033f7a8be214d687fbde11541c274a114ac3067af12b87c32	17662	upstream/mlkem-native/pkcheck-af4c5abd-source-snapshot/examples/multilevel_build_native/mlkem_native/src/poly_k.c
mlk_kem_check_pk_cleanroom/PKCHECK_00BC_01A_ADMISSION_20260730T013748Z/mlkem-native_af4c5abd_isolated/examples/multilevel_build_native/mlkem_native/src/poly_k.h	09bdfd4a19a9cb495832a78d0f099a6c949c40014472b33fb54d66bb56e660e0	22592	upstream/mlkem-native/pkcheck-af4c5abd-source-snapshot/examples/multilevel_build_native/mlkem_native/src/poly_k.h
mlk_kem_check_pk_cleanroom/PKCHECK_00BC_01A_ADMISSION_20260730T013748Z/mlkem-native_af4c5abd_isolated/examples/multilevel_build_native/mlkem_native/src/randombytes.h	137eb6e5854b8e58c2caec6eea86530c8e7495706f6f5b3e007e25a9875e164f	1649	upstream/mlkem-native/pkcheck-af4c5abd-source-snapshot/examples/multilevel_build_native/mlkem_native/src/randombytes.h
mlk_kem_check_pk_cleanroom/PKCHECK_00BC_01A_ADMISSION_20260730T013748Z/mlkem-native_af4c5abd_isolated/examples/multilevel_build_native/mlkem_native/src/sampling.c	0408bd0744346e2c59924ebc8a9a55e750a453b1595fc0fc85532f1626bdec0a	12913	upstream/mlkem-native/pkcheck-af4c5abd-source-snapshot/examples/multilevel_build_native/mlkem_native/src/sampling.c
mlk_kem_check_pk_cleanroom/PKCHECK_00BC_01A_ADMISSION_20260730T013748Z/mlkem-native_af4c5abd_isolated/examples/multilevel_build_native/mlkem_native/src/sampling.h	92501263f89afc3d6a5f06079bacbe1dfd5ba6db744c887e08cc1c521c0030eb	3853	upstream/mlkem-native/pkcheck-af4c5abd-source-snapshot/examples/multilevel_build_native/mlkem_native/src/sampling.h
mlk_kem_check_pk_cleanroom/PKCHECK_00BC_01A_ADMISSION_20260730T013748Z/mlkem-native_af4c5abd_isolated/examples/multilevel_build_native/mlkem_native/src/symmetric.h	168d0ec3bf50bd45cb0a103d7984e9ccf52f78697718b7e85efdf1beda7abc95	2596	upstream/mlkem-native/pkcheck-af4c5abd-source-snapshot/examples/multilevel_build_native/mlkem_native/src/symmetric.h
mlk_kem_check_pk_cleanroom/PKCHECK_00BC_01A_ADMISSION_20260730T013748Z/mlkem-native_af4c5abd_isolated/examples/multilevel_build_native/mlkem_native/src/sys.h	02e6b8901bb6334a378aab1f13538693f04726a5111aed7cc6c4cdbd41188f50	9543	upstream/mlkem-native/pkcheck-af4c5abd-source-snapshot/examples/multilevel_build_native/mlkem_native/src/sys.h
mlk_kem_check_pk_cleanroom/PKCHECK_00BC_01A_ADMISSION_20260730T013748Z/mlkem-native_af4c5abd_isolated/examples/multilevel_build_native/mlkem_native/src/verify.c	f8f89f1b8c8e5811ce134c0d90fb7828027336afeed231dc3ccb7ee6b73b9335	622	upstream/mlkem-native/pkcheck-af4c5abd-source-snapshot/examples/multilevel_build_native/mlkem_native/src/verify.c
mlk_kem_check_pk_cleanroom/PKCHECK_00BC_01A_ADMISSION_20260730T013748Z/mlkem-native_af4c5abd_isolated/examples/multilevel_build_native/mlkem_native/src/verify.h	13f44749f65099bee5bc55be260932d5e832bbd091335f1e47c31df464c1881f	15010	upstream/mlkem-native/pkcheck-af4c5abd-source-snapshot/examples/multilevel_build_native/mlkem_native/src/verify.h
mlk_kem_check_pk_cleanroom/PKCHECK_00BC_01A_ADMISSION_20260730T013748Z/mlkem-native_af4c5abd_isolated/examples/multilevel_build_native/mlkem_native/src/zetas.inc	303d1abccc4757d49a5c8df5f88080fefef617b7360056db5311bd94354096d4	1337	upstream/mlkem-native/pkcheck-af4c5abd-source-snapshot/examples/multilevel_build_native/mlkem_native/src/zetas.inc
mlk_kem_check_pk_cleanroom/PKCHECK_00BC_01A_ADMISSION_20260730T013748Z/mlkem-native_af4c5abd_isolated/examples/multilevel_build_native/mlkem_native_all.h	a33a9a640095e434c490e7777c244af9ca473cbba43cf023da878e792424e425	618	upstream/mlkem-native/pkcheck-af4c5abd-source-snapshot/examples/multilevel_build_native/mlkem_native_all.h
mlk_kem_check_pk_cleanroom/PKCHECK_00BC_01A_ADMISSION_20260730T013748Z/mlkem-native_af4c5abd_isolated/examples/multilevel_build_native/test_only_rng/notrandombytes.c	a11629c3372cd8b1ceb7ac6df80b9e1344c63b1df2f55a0d7d1cea2b34ddc12f	2013	upstream/mlkem-native/pkcheck-af4c5abd-source-snapshot/examples/multilevel_build_native/test_only_rng/notrandombytes.c
mlk_kem_check_pk_cleanroom/PKCHECK_00BC_01A_ADMISSION_20260730T013748Z/mlkem-native_af4c5abd_isolated/examples/multilevel_build_native/test_only_rng/notrandombytes.h	b7308b590b9d7bd57e9b6b37cbd5e0d1c2a6174926cefff72bbf4f90045cfd2b	674	upstream/mlkem-native/pkcheck-af4c5abd-source-snapshot/examples/multilevel_build_native/test_only_rng/notrandombytes.h
mlk_kem_check_pk_cleanroom/PKCHECK_00BC_01A_ADMISSION_20260730T013748Z/mlkem-native_af4c5abd_isolated/flake.lock	8f1762cc57561256465ef3b467f44b99b606c3b196870b81a329b8de0cebdd69	1606	upstream/mlkem-native/pkcheck-af4c5abd-source-snapshot/flake.lock
mlk_kem_check_pk_cleanroom/PKCHECK_00BC_01A_ADMISSION_20260730T013748Z/mlkem-native_af4c5abd_isolated/flake.nix	88c6b5a2b8acfb1e5b37d147066325f9264ed0fb774b5ce90b41e9f645ed5d91	10473	upstream/mlkem-native/pkcheck-af4c5abd-source-snapshot/flake.nix
mlk_kem_check_pk_cleanroom/PKCHECK_00BC_01A_ADMISSION_20260730T013748Z/mlkem-native_af4c5abd_isolated/integration/aws-lc/pre_import.patch	dfa02acbcb2952c6edc42e128d99861f1d9879b8ed3bfd3f065ff9c2ffbd42fe	3386	upstream/mlkem-native/pkcheck-af4c5abd-source-snapshot/integration/aws-lc/pre_import.patch
mlk_kem_check_pk_cleanroom/PKCHECK_00BC_01A_ADMISSION_20260730T013748Z/mlkem-native_af4c5abd_isolated/integration/liboqs/ML-KEM-1024_META.yml	abdddabf2838fed139a1747b8d8e82b5aa3d6ca180f5533d8e12f7210aed7f29	5678	upstream/mlkem-native/pkcheck-af4c5abd-source-snapshot/integration/liboqs/ML-KEM-1024_META.yml
mlk_kem_check_pk_cleanroom/PKCHECK_00BC_01A_ADMISSION_20260730T013748Z/mlkem-native_af4c5abd_isolated/integration/liboqs/ML-KEM-512_META.yml	699b2c3a52ed70042d098efaf2b43f9eda041d8524369272813572f4ae8d658e	5651	upstream/mlkem-native/pkcheck-af4c5abd-source-snapshot/integration/liboqs/ML-KEM-512_META.yml
mlk_kem_check_pk_cleanroom/PKCHECK_00BC_01A_ADMISSION_20260730T013748Z/mlkem-native_af4c5abd_isolated/integration/liboqs/ML-KEM-768_META.yml	ca333878fa4f9dd65f477cf6d1304a43686f8dad18e2a84c1cfbe3fa751ce171	5653	upstream/mlkem-native/pkcheck-af4c5abd-source-snapshot/integration/liboqs/ML-KEM-768_META.yml
mlk_kem_check_pk_cleanroom/PKCHECK_00BC_01A_ADMISSION_20260730T013748Z/mlkem-native_af4c5abd_isolated/integration/liboqs/config_aarch64.h	fec48c354e6fb60b10e442307808bee5db8b4693203585dc22e7e239bbce4012	11842	upstream/mlkem-native/pkcheck-af4c5abd-source-snapshot/integration/liboqs/config_aarch64.h
mlk_kem_check_pk_cleanroom/PKCHECK_00BC_01A_ADMISSION_20260730T013748Z/mlkem-native_af4c5abd_isolated/integration/liboqs/config_c.h	fd08cbb8c466feb6a1af5de00fd28e95dbe487df3c36292249505b689d81b234	10169	upstream/mlkem-native/pkcheck-af4c5abd-source-snapshot/integration/liboqs/config_c.h
mlk_kem_check_pk_cleanroom/PKCHECK_00BC_01A_ADMISSION_20260730T013748Z/mlkem-native_af4c5abd_isolated/integration/liboqs/config_ppc64le.h	ec8c179209886541496fddffdb34982a2339b0f7f67b2c6c664cbd17c392ffbc	11842	upstream/mlkem-native/pkcheck-af4c5abd-source-snapshot/integration/liboqs/config_ppc64le.h
mlk_kem_check_pk_cleanroom/PKCHECK_00BC_01A_ADMISSION_20260730T013748Z/mlkem-native_af4c5abd_isolated/integration/liboqs/config_x86_64.h	835c3afa95244eb1c23013bde5af4cb22a06a4bdc0e9a829e738840c42136714	11837	upstream/mlkem-native/pkcheck-af4c5abd-source-snapshot/integration/liboqs/config_x86_64.h
mlk_kem_check_pk_cleanroom/PKCHECK_00BC_01A_ADMISSION_20260730T013748Z/mlkem-native_af4c5abd_isolated/integration/liboqs/fips202_glue.h	e01a0abbc9571bf3407fc25382131bf307ac9c94f0e5c00b6cecc2ae7b41a256	758	upstream/mlkem-native/pkcheck-af4c5abd-source-snapshot/integration/liboqs/fips202_glue.h
mlk_kem_check_pk_cleanroom/PKCHECK_00BC_01A_ADMISSION_20260730T013748Z/mlkem-native_af4c5abd_isolated/integration/liboqs/fips202x4_glue.h	b622bb7ca8bd348c8781bb0b29ec89b12c290a6fe2f5b3376d84dda285a39f9b	736	upstream/mlkem-native/pkcheck-af4c5abd-source-snapshot/integration/liboqs/fips202x4_glue.h
mlk_kem_check_pk_cleanroom/PKCHECK_00BC_01A_ADMISSION_20260730T013748Z/mlkem-native_af4c5abd_isolated/integration/pavona/add_context.patch	b1449296f00603ecefd47245fae88fcb43e79219026a0c7832bc92d739858234	579	upstream/mlkem-native/pkcheck-af4c5abd-source-snapshot/integration/pavona/add_context.patch
mlk_kem_check_pk_cleanroom/PKCHECK_00BC_01A_ADMISSION_20260730T013748Z/mlkem-native_af4c5abd_isolated/integration/pavona/derand-only.patch	db0a2324fefd0858cef94b0ee3d5cd781c0fd2569e4089d435f498e811cc8f50	8332	upstream/mlkem-native/pkcheck-af4c5abd-source-snapshot/integration/pavona/derand-only.patch
mlk_kem_check_pk_cleanroom/PKCHECK_00BC_01A_ADMISSION_20260730T013748Z/mlkem-native_af4c5abd_isolated/mlkem/README.md	9a0ac2dd53f22d2a2e9b5995de871395cdc4e060b1cc2959713ce137b25fe864	1800	upstream/mlkem-native/pkcheck-af4c5abd-source-snapshot/mlkem/README.md
mlk_kem_check_pk_cleanroom/PKCHECK_00BC_01A_ADMISSION_20260730T013748Z/mlkem-native_af4c5abd_isolated/mlkem/mlkem_native.c	bef0cf45ac2cc8338fa05ce0deb478c7d077f46f0ee59b24d03daa983ac56a45	21926	upstream/mlkem-native/pkcheck-af4c5abd-source-snapshot/mlkem/mlkem_native.c
mlk_kem_check_pk_cleanroom/PKCHECK_00BC_01A_ADMISSION_20260730T013748Z/mlkem-native_af4c5abd_isolated/mlkem/mlkem_native.h	df582b5462c592df89f0f8764af073acaa968086dc61e6c2d5cd6b12ac43c1b1	19752	upstream/mlkem-native/pkcheck-af4c5abd-source-snapshot/mlkem/mlkem_native.h
mlk_kem_check_pk_cleanroom/PKCHECK_00BC_01A_ADMISSION_20260730T013748Z/mlkem-native_af4c5abd_isolated/mlkem/mlkem_native_asm.S	3200c6dea105102cf67246bf1392b708024e9b8419d097a87564fcf619f5d9ee	24162	upstream/mlkem-native/pkcheck-af4c5abd-source-snapshot/mlkem/mlkem_native_asm.S
mlk_kem_check_pk_cleanroom/PKCHECK_00BC_01A_ADMISSION_20260730T013748Z/mlkem-native_af4c5abd_isolated/mlkem/mlkem_native_config.h	a1da5666025805b84c6a37f316a2e3d4659ad68e32b25d3f802699313f0b8776	21897	upstream/mlkem-native/pkcheck-af4c5abd-source-snapshot/mlkem/mlkem_native_config.h
mlk_kem_check_pk_cleanroom/PKCHECK_00BC_01A_ADMISSION_20260730T013748Z/mlkem-native_af4c5abd_isolated/mlkem/src/cbmc.h	12fe62f76060aa2cdd41de6170e0c787c516ae753ed32579c9c39b1af55130fb	7954	upstream/mlkem-native/pkcheck-af4c5abd-source-snapshot/mlkem/src/cbmc.h
mlk_kem_check_pk_cleanroom/PKCHECK_00BC_01A_ADMISSION_20260730T013748Z/mlkem-native_af4c5abd_isolated/mlkem/src/common.h	cc48998e9595ec4e59a3aa53d6be9e55ecccb3cdc047e661ccd94fa99955d675	9434	upstream/mlkem-native/pkcheck-af4c5abd-source-snapshot/mlkem/src/common.h
mlk_kem_check_pk_cleanroom/PKCHECK_00BC_01A_ADMISSION_20260730T013748Z/mlkem-native_af4c5abd_isolated/mlkem/src/compress.c	9201bea6ddd1d7622cc6496d2f745fee52397d203392f75a3d6e52a400de5bad	24427	upstream/mlkem-native/pkcheck-af4c5abd-source-snapshot/mlkem/src/compress.c
mlk_kem_check_pk_cleanroom/PKCHECK_00BC_01A_ADMISSION_20260730T013748Z/mlkem-native_af4c5abd_isolated/mlkem/src/compress.h	0f357a30e7ea37351854dc550e502e5a7eaf80184896bf92b40073175706e0dd	20187	upstream/mlkem-native/pkcheck-af4c5abd-source-snapshot/mlkem/src/compress.h
mlk_kem_check_pk_cleanroom/PKCHECK_00BC_01A_ADMISSION_20260730T013748Z/mlkem-native_af4c5abd_isolated/mlkem/src/context.h	9e4cdb00eac5a3d1553e64a02dcba66300302f17f1f0d4f3bba64b65c1f53a90	1834	upstream/mlkem-native/pkcheck-af4c5abd-source-snapshot/mlkem/src/context.h
mlk_kem_check_pk_cleanroom/PKCHECK_00BC_01A_ADMISSION_20260730T013748Z/mlkem-native_af4c5abd_isolated/mlkem/src/debug.c	263ac19f2b2bf5c784cbf04fd4c968762abedc6961d44f507c8953b52a38827e	1605	upstream/mlkem-native/pkcheck-af4c5abd-source-snapshot/mlkem/src/debug.c
mlk_kem_check_pk_cleanroom/PKCHECK_00BC_01A_ADMISSION_20260730T013748Z/mlkem-native_af4c5abd_isolated/mlkem/src/debug.h	d1fab329b439fc6dd9c4234f3fe053e74b000d416e0f4e4464542813667f3750	4740	upstream/mlkem-native/pkcheck-af4c5abd-source-snapshot/mlkem/src/debug.h
mlk_kem_check_pk_cleanroom/PKCHECK_00BC_01A_ADMISSION_20260730T013748Z/mlkem-native_af4c5abd_isolated/mlkem/src/fips202/fips202.c	fb0654c0b33c45c929fdb2af2287807a7b8f312ac7f3baa3ddfaef0c030ef0b2	7438	upstream/mlkem-native/pkcheck-af4c5abd-source-snapshot/mlkem/src/fips202/fips202.c
mlk_kem_check_pk_cleanroom/PKCHECK_00BC_01A_ADMISSION_20260730T013748Z/mlkem-native_af4c5abd_isolated/mlkem/src/fips202/fips202.h	cad68aaacc2f3511f0a5a0c70f7ac827e76c78e862f1c5616de2b74c8b96a4a5	4922	upstream/mlkem-native/pkcheck-af4c5abd-source-snapshot/mlkem/src/fips202/fips202.h
mlk_kem_check_pk_cleanroom/PKCHECK_00BC_01A_ADMISSION_20260730T013748Z/mlkem-native_af4c5abd_isolated/mlkem/src/fips202/fips202x4.c	2e481ccbafc00765b210725c8e454f2b4dc622844eccf6a0c1e025657fcb5fe8	7353	upstream/mlkem-native/pkcheck-af4c5abd-source-snapshot/mlkem/src/fips202/fips202x4.c
mlk_kem_check_pk_cleanroom/PKCHECK_00BC_01A_ADMISSION_20260730T013748Z/mlkem-native_af4c5abd_isolated/mlkem/src/fips202/fips202x4.h	c8d2e50f7ccce19822030786a1a99f0892db63ebe5b020fa91a5383c9700dd22	3156	upstream/mlkem-native/pkcheck-af4c5abd-source-snapshot/mlkem/src/fips202/fips202x4.h
mlk_kem_check_pk_cleanroom/PKCHECK_00BC_01A_ADMISSION_20260730T013748Z/mlkem-native_af4c5abd_isolated/mlkem/src/fips202/keccakf1600.c	65770564ec922faca7ec072eefc16bfdba2495a20d51cae0f6cce207835cdd7e	15788	upstream/mlkem-native/pkcheck-af4c5abd-source-snapshot/mlkem/src/fips202/keccakf1600.c
mlk_kem_check_pk_cleanroom/PKCHECK_00BC_01A_ADMISSION_20260730T013748Z/mlkem-native_af4c5abd_isolated/mlkem/src/fips202/keccakf1600.h	88c06d4c546f46920a65001bcfad8cabb6173fb01ae071e02412c46043bdf54f	4385	upstream/mlkem-native/pkcheck-af4c5abd-source-snapshot/mlkem/src/fips202/keccakf1600.h
mlk_kem_check_pk_cleanroom/PKCHECK_00BC_01A_ADMISSION_20260730T013748Z/mlkem-native_af4c5abd_isolated/mlkem/src/fips202/native/aarch64/auto.h	1229009312b61690b2f56babf7a6f648fa9c51ef30d6a5d2a5b44cb23fcc00ff	2185	upstream/mlkem-native/pkcheck-af4c5abd-source-snapshot/mlkem/src/fips202/native/aarch64/auto.h
mlk_kem_check_pk_cleanroom/PKCHECK_00BC_01A_ADMISSION_20260730T013748Z/mlkem-native_af4c5abd_isolated/mlkem/src/fips202/native/aarch64/src/fips202_native_aarch64.h	76f1cd9df93bd940b50f1e8863a72ee58c261be7dd37ae3d696134cde0af6035	3421	upstream/mlkem-native/pkcheck-af4c5abd-source-snapshot/mlkem/src/fips202/native/aarch64/src/fips202_native_aarch64.h
mlk_kem_check_pk_cleanroom/PKCHECK_00BC_01A_ADMISSION_20260730T013748Z/mlkem-native_af4c5abd_isolated/mlkem/src/fips202/native/aarch64/src/keccak_f1600_x1_scalar_aarch64_asm.S	6fbe5f3b9607bf318a8e74d22452bce5890832b5048fdb952842f929036d7586	11586	upstream/mlkem-native/pkcheck-af4c5abd-source-snapshot/mlkem/src/fips202/native/aarch64/src/keccak_f1600_x1_scalar_aarch64_asm.S
mlk_kem_check_pk_cleanroom/PKCHECK_00BC_01A_ADMISSION_20260730T013748Z/mlkem-native_af4c5abd_isolated/mlkem/src/fips202/native/aarch64/src/keccak_f1600_x1_v84a_aarch64_asm.S	a0c147e3dc50889e1acf527610951b84b0d2fead2cf3ebac0f581019bef03e9c	6944	upstream/mlkem-native/pkcheck-af4c5abd-source-snapshot/mlkem/src/fips202/native/aarch64/src/keccak_f1600_x1_v84a_aarch64_asm.S
mlk_kem_check_pk_cleanroom/PKCHECK_00BC_01A_ADMISSION_20260730T013748Z/mlkem-native_af4c5abd_isolated/mlkem/src/fips202/native/aarch64/src/keccak_f1600_x2_v84a_aarch64_asm.S	3f5c48c3b3dd108995929abf43f4920228adfe9a9f5ba7be6cdca380925bd0ee	8986	upstream/mlkem-native/pkcheck-af4c5abd-source-snapshot/mlkem/src/fips202/native/aarch64/src/keccak_f1600_x2_v84a_aarch64_asm.S
mlk_kem_check_pk_cleanroom/PKCHECK_00BC_01A_ADMISSION_20260730T013748Z/mlkem-native_af4c5abd_isolated/mlkem/src/fips202/native/aarch64/src/keccak_f1600_x4_v8a_scalar_hybrid_aarch64_asm.S	dc389f0d1f8b677c37737608f706292f985e328bd72e668d1c974c8cfbf47793	35953	upstream/mlkem-native/pkcheck-af4c5abd-source-snapshot/mlkem/src/fips202/native/aarch64/src/keccak_f1600_x4_v8a_scalar_hybrid_aarch64_asm.S
mlk_kem_check_pk_cleanroom/PKCHECK_00BC_01A_ADMISSION_20260730T013748Z/mlkem-native_af4c5abd_isolated/mlkem/src/fips202/native/aarch64/src/keccak_f1600_x4_v8a_v84a_scalar_hybrid_aarch64_asm.S	b81dddd63984b5750f2cddc5a4ccc6b5e3ed7f541a15a62f1cd375bc819dd9d3	33242	upstream/mlkem-native/pkcheck-af4c5abd-source-snapshot/mlkem/src/fips202/native/aarch64/src/keccak_f1600_x4_v8a_v84a_scalar_hybrid_aarch64_asm.S
mlk_kem_check_pk_cleanroom/PKCHECK_00BC_01A_ADMISSION_20260730T013748Z/mlkem-native_af4c5abd_isolated/mlkem/src/fips202/native/aarch64/src/keccakf1600_round_constants.c	e5ddd2b144d4006bc515a7259dc85be96f2029bcff1ab8802e8aa683767adeb9	2165	upstream/mlkem-native/pkcheck-af4c5abd-source-snapshot/mlkem/src/fips202/native/aarch64/src/keccakf1600_round_constants.c
mlk_kem_check_pk_cleanroom/PKCHECK_00BC_01A_ADMISSION_20260730T013748Z/mlkem-native_af4c5abd_isolated/mlkem/src/fips202/native/aarch64/x1_scalar.h	31a5c395ec7a2fcf084fc64e9e5b36d9b57c60f52242453970888f99a8cd033f	765	upstream/mlkem-native/pkcheck-af4c5abd-source-snapshot/mlkem/src/fips202/native/aarch64/x1_scalar.h
mlk_kem_check_pk_cleanroom/PKCHECK_00BC_01A_ADMISSION_20260730T013748Z/mlkem-native_af4c5abd_isolated/mlkem/src/fips202/native/aarch64/x1_v84a.h	fd96189141a839c07acfb64e4460841e999716730be080376b2604d0aa709687	923	upstream/mlkem-native/pkcheck-af4c5abd-source-snapshot/mlkem/src/fips202/native/aarch64/x1_v84a.h
mlk_kem_check_pk_cleanroom/PKCHECK_00BC_01A_ADMISSION_20260730T013748Z/mlkem-native_af4c5abd_isolated/mlkem/src/fips202/native/aarch64/x2_v84a.h	cea8a31cdac31aae7c62e02d8ee8b223d51fc8e48fd9f0059bed33e2e09476ac	1099	upstream/mlkem-native/pkcheck-af4c5abd-source-snapshot/mlkem/src/fips202/native/aarch64/x2_v84a.h
mlk_kem_check_pk_cleanroom/PKCHECK_00BC_01A_ADMISSION_20260730T013748Z/mlkem-native_af4c5abd_isolated/mlkem/src/fips202/native/aarch64/x4_v8a_scalar.h	fc1ba65c9557eddad623ec15e193fa8ff18d970cd348ecd736bed092c5f4f5e2	765	upstream/mlkem-native/pkcheck-af4c5abd-source-snapshot/mlkem/src/fips202/native/aarch64/x4_v8a_scalar.h
mlk_kem_check_pk_cleanroom/PKCHECK_00BC_01A_ADMISSION_20260730T013748Z/mlkem-native_af4c5abd_isolated/mlkem/src/fips202/native/aarch64/x4_v8a_v84a_scalar.h	af16e048da60454ae457d8519adf37c1e1ccf5decb455158d6a829be6a030f20	999	upstream/mlkem-native/pkcheck-af4c5abd-source-snapshot/mlkem/src/fips202/native/aarch64/x4_v8a_v84a_scalar.h
mlk_kem_check_pk_cleanroom/PKCHECK_00BC_01A_ADMISSION_20260730T013748Z/mlkem-native_af4c5abd_isolated/mlkem/src/fips202/native/api.h	d4d8734a33d4b91e4ff53955751943ba60ea89a3b9da94a1f8bd42f1b4ee9c86	5069	upstream/mlkem-native/pkcheck-af4c5abd-source-snapshot/mlkem/src/fips202/native/api.h
mlk_kem_check_pk_cleanroom/PKCHECK_00BC_01A_ADMISSION_20260730T013748Z/mlkem-native_af4c5abd_isolated/mlkem/src/fips202/native/armv81m/README.md	ef41c9e748a12dac3da3c0a7d9a890115886ee0a1bb8d7141fb76f28fd9e8668	483	upstream/mlkem-native/pkcheck-af4c5abd-source-snapshot/mlkem/src/fips202/native/armv81m/README.md
mlk_kem_check_pk_cleanroom/PKCHECK_00BC_01A_ADMISSION_20260730T013748Z/mlkem-native_af4c5abd_isolated/mlkem/src/fips202/native/armv81m/mve.h	1be4f1af21ecdc4d388917441a7135fa3bc1f189b4b4f8bcd7723d12013b3f25	1927	upstream/mlkem-native/pkcheck-af4c5abd-source-snapshot/mlkem/src/fips202/native/armv81m/mve.h
mlk_kem_check_pk_cleanroom/PKCHECK_00BC_01A_ADMISSION_20260730T013748Z/mlkem-native_af4c5abd_isolated/mlkem/src/fips202/native/armv81m/src/fips202_native_armv81m.h	ca26af0242b3909d82a41581384bf8bd660f5fe84b09a80e4b94addb735f054c	1702	upstream/mlkem-native/pkcheck-af4c5abd-source-snapshot/mlkem/src/fips202/native/armv81m/src/fips202_native_armv81m.h
mlk_kem_check_pk_cleanroom/PKCHECK_00BC_01A_ADMISSION_20260730T013748Z/mlkem-native_af4c5abd_isolated/mlkem/src/fips202/native/armv81m/src/keccak_f1600_x4_mve.S	50c5f44d3a677becc5e018da38f0c5b07d5b5b988de2fee4e255ac9a5b4e9307	21417	upstream/mlkem-native/pkcheck-af4c5abd-source-snapshot/mlkem/src/fips202/native/armv81m/src/keccak_f1600_x4_mve.S
mlk_kem_check_pk_cleanroom/PKCHECK_00BC_01A_ADMISSION_20260730T013748Z/mlkem-native_af4c5abd_isolated/mlkem/src/fips202/native/armv81m/src/keccak_f1600_x4_mve.c	cc2f5a32ae2c5256088e17e04f89529ca3985baa6813ef4d2f0a971d8698a666	1281	upstream/mlkem-native/pkcheck-af4c5abd-source-snapshot/mlkem/src/fips202/native/armv81m/src/keccak_f1600_x4_mve.c
mlk_kem_check_pk_cleanroom/PKCHECK_00BC_01A_ADMISSION_20260730T013748Z/mlkem-native_af4c5abd_isolated/mlkem/src/fips202/native/armv81m/src/keccakf1600_round_constants.c	a01c0948612bf393e6ba1e1db603474d929245be4a273a7b874b491f0e23e22b	1808	upstream/mlkem-native/pkcheck-af4c5abd-source-snapshot/mlkem/src/fips202/native/armv81m/src/keccakf1600_round_constants.c
mlk_kem_check_pk_cleanroom/PKCHECK_00BC_01A_ADMISSION_20260730T013748Z/mlkem-native_af4c5abd_isolated/mlkem/src/fips202/native/armv81m/src/state_extract_bytes_x4_mve.S	59962bfe29c558c7d7fdcd7e002defa6b25e6bdfd0dd640c0a8be22f95d9e4ec	10888	upstream/mlkem-native/pkcheck-af4c5abd-source-snapshot/mlkem/src/fips202/native/armv81m/src/state_extract_bytes_x4_mve.S
mlk_kem_check_pk_cleanroom/PKCHECK_00BC_01A_ADMISSION_20260730T013748Z/mlkem-native_af4c5abd_isolated/mlkem/src/fips202/native/armv81m/src/state_xor_bytes_x4_mve.S	ae067d3b4331387e974066486f8db9403c55dff34a3f9c770d3d86a25e0c57cd	11446	upstream/mlkem-native/pkcheck-af4c5abd-source-snapshot/mlkem/src/fips202/native/armv81m/src/state_xor_bytes_x4_mve.S
mlk_kem_check_pk_cleanroom/PKCHECK_00BC_01A_ADMISSION_20260730T013748Z/mlkem-native_af4c5abd_isolated/mlkem/src/fips202/native/auto.h	590e5d36ce4e9d699501b458ea0653a365e12bbd9f63a6abc7bbdaab2d6b2cfd	742	upstream/mlkem-native/pkcheck-af4c5abd-source-snapshot/mlkem/src/fips202/native/auto.h
mlk_kem_check_pk_cleanroom/PKCHECK_00BC_01A_ADMISSION_20260730T013748Z/mlkem-native_af4c5abd_isolated/mlkem/src/fips202/native/x86_64/keccak_f1600_x4_avx2.h	30aa6ddce6398b400244c747f6a5653e9ac7fc7f75b43ca07e274a31081dd6a8	904	upstream/mlkem-native/pkcheck-af4c5abd-source-snapshot/mlkem/src/fips202/native/x86_64/keccak_f1600_x4_avx2.h
mlk_kem_check_pk_cleanroom/PKCHECK_00BC_01A_ADMISSION_20260730T013748Z/mlkem-native_af4c5abd_isolated/mlkem/src/fips202/native/x86_64/src/fips202_native_x86_64.h	451788547142ab61d2c17439d3e110991f336d90bd432fcd4b04e88c7989fefc	1675	upstream/mlkem-native/pkcheck-af4c5abd-source-snapshot/mlkem/src/fips202/native/x86_64/src/fips202_native_x86_64.h
mlk_kem_check_pk_cleanroom/PKCHECK_00BC_01A_ADMISSION_20260730T013748Z/mlkem-native_af4c5abd_isolated/mlkem/src/fips202/native/x86_64/src/keccak_f1600_x4_avx2_asm.S	8c39fef87dc62ec8ee98d30cbc73633a1c14e780d1e54a74baf4ca78f8c65791	20857	upstream/mlkem-native/pkcheck-af4c5abd-source-snapshot/mlkem/src/fips202/native/x86_64/src/keccak_f1600_x4_avx2_asm.S
mlk_kem_check_pk_cleanroom/PKCHECK_00BC_01A_ADMISSION_20260730T013748Z/mlkem-native_af4c5abd_isolated/mlkem/src/fips202/native/x86_64/src/keccakf1600_constants.c	e1783332d6248856c4b53d4b777b50fd4ab0eab409ea1c2722ecfc7b6b8809ac	1676	upstream/mlkem-native/pkcheck-af4c5abd-source-snapshot/mlkem/src/fips202/native/x86_64/src/keccakf1600_constants.c
mlk_kem_check_pk_cleanroom/PKCHECK_00BC_01A_ADMISSION_20260730T013748Z/mlkem-native_af4c5abd_isolated/mlkem/src/indcpa.c	ffc9cd09fb9a5926c8540b52181b064e7ae46b3d117e10ca51ac0d0ca940f6bd	23665	upstream/mlkem-native/pkcheck-af4c5abd-source-snapshot/mlkem/src/indcpa.c
mlk_kem_check_pk_cleanroom/PKCHECK_00BC_01A_ADMISSION_20260730T013748Z/mlkem-native_af4c5abd_isolated/mlkem/src/indcpa.h	25537257adf04a0db9764a1034f0f7af0be25ec0a37c47faff81fb32ee93c5f1	6836	upstream/mlkem-native/pkcheck-af4c5abd-source-snapshot/mlkem/src/indcpa.h
mlk_kem_check_pk_cleanroom/PKCHECK_00BC_01A_ADMISSION_20260730T013748Z/mlkem-native_af4c5abd_isolated/mlkem/src/kem.c	b3de1f7602b10c6033eee8b235138190ed09df917ec9326c2b38ce1083c541ce	13814	upstream/mlkem-native/pkcheck-af4c5abd-source-snapshot/mlkem/src/kem.c
mlk_kem_check_pk_cleanroom/PKCHECK_00BC_01A_ADMISSION_20260730T013748Z/mlkem-native_af4c5abd_isolated/mlkem/src/kem.h	e239f5d705fca7729e7838e836aa2fab814ddc4ffbaf7eeb73a32242b15d960d	13133	upstream/mlkem-native/pkcheck-af4c5abd-source-snapshot/mlkem/src/kem.h
mlk_kem_check_pk_cleanroom/PKCHECK_00BC_01A_ADMISSION_20260730T013748Z/mlkem-native_af4c5abd_isolated/mlkem/src/native/aarch64/README.md	6ffcd01b440924698a857730185d07fc29f868de611db3555ccd00b2486a4b65	1211	upstream/mlkem-native/pkcheck-af4c5abd-source-snapshot/mlkem/src/native/aarch64/README.md
mlk_kem_check_pk_cleanroom/PKCHECK_00BC_01A_ADMISSION_20260730T013748Z/mlkem-native_af4c5abd_isolated/mlkem/src/native/aarch64/meta.h	2a83df86204cb9b3602a019619a26c24876b2921254caaae53080bff8889f7b2	4214	upstream/mlkem-native/pkcheck-af4c5abd-source-snapshot/mlkem/src/native/aarch64/meta.h
mlk_kem_check_pk_cleanroom/PKCHECK_00BC_01A_ADMISSION_20260730T013748Z/mlkem-native_af4c5abd_isolated/mlkem/src/native/aarch64/src/aarch64_zetas.c	f254d432c3ad7e9f05b462ccc7c280efeca13af963cd208d62a80c1cdb592517	11373	upstream/mlkem-native/pkcheck-af4c5abd-source-snapshot/mlkem/src/native/aarch64/src/aarch64_zetas.c
mlk_kem_check_pk_cleanroom/PKCHECK_00BC_01A_ADMISSION_20260730T013748Z/mlkem-native_af4c5abd_isolated/mlkem/src/native/aarch64/src/arith_native_aarch64.h	cf3f258e98e21d3db85b6a543677c592e1bdc0cb9e88df647cd85ccd46b71b15	8573	upstream/mlkem-native/pkcheck-af4c5abd-source-snapshot/mlkem/src/native/aarch64/src/arith_native_aarch64.h
mlk_kem_check_pk_cleanroom/PKCHECK_00BC_01A_ADMISSION_20260730T013748Z/mlkem-native_af4c5abd_isolated/mlkem/src/native/aarch64/src/intt_aarch64_asm.S	30a3679a885c5c6e6d7312b57ad5a55e8f666495e4f5526b5d400a903ebb6cec	21082	upstream/mlkem-native/pkcheck-af4c5abd-source-snapshot/mlkem/src/native/aarch64/src/intt_aarch64_asm.S
mlk_kem_check_pk_cleanroom/PKCHECK_00BC_01A_ADMISSION_20260730T013748Z/mlkem-native_af4c5abd_isolated/mlkem/src/native/aarch64/src/ntt_aarch64_asm.S	dee8b0da4ca812cf3e06ab1180ba5325fe5f2f59dc175be0a85f16bca795e52c	18678	upstream/mlkem-native/pkcheck-af4c5abd-source-snapshot/mlkem/src/native/aarch64/src/ntt_aarch64_asm.S
mlk_kem_check_pk_cleanroom/PKCHECK_00BC_01A_ADMISSION_20260730T013748Z/mlkem-native_af4c5abd_isolated/mlkem/src/native/aarch64/src/poly_mulcache_compute_aarch64_asm.S	ffd3430b4126b3eca17189c362a08999140f4ebf0f04afd01342ec5a05e811ed	3866	upstream/mlkem-native/pkcheck-af4c5abd-source-snapshot/mlkem/src/native/aarch64/src/poly_mulcache_compute_aarch64_asm.S
mlk_kem_check_pk_cleanroom/PKCHECK_00BC_01A_ADMISSION_20260730T013748Z/mlkem-native_af4c5abd_isolated/mlkem/src/native/aarch64/src/poly_reduce_aarch64_asm.S	1b7d61373aa19548a87de892bfcfda9702295393002ba88eeb3be3d35ec700ab	4752	upstream/mlkem-native/pkcheck-af4c5abd-source-snapshot/mlkem/src/native/aarch64/src/poly_reduce_aarch64_asm.S
mlk_kem_check_pk_cleanroom/PKCHECK_00BC_01A_ADMISSION_20260730T013748Z/mlkem-native_af4c5abd_isolated/mlkem/src/native/aarch64/src/poly_tobytes_aarch64_asm.S	925af2035e63f5c8866cd83361ad666e4d442a666aef485eba2790d0d2f613b5	3489	upstream/mlkem-native/pkcheck-af4c5abd-source-snapshot/mlkem/src/native/aarch64/src/poly_tobytes_aarch64_asm.S
mlk_kem_check_pk_cleanroom/PKCHECK_00BC_01A_ADMISSION_20260730T013748Z/mlkem-native_af4c5abd_isolated/mlkem/src/native/aarch64/src/poly_tomont_aarch64_asm.S	928fbd8b2666d5b6eec6284211742ba96ce70bc8061b0e93557e5ecee73ad3b9	2862	upstream/mlkem-native/pkcheck-af4c5abd-source-snapshot/mlkem/src/native/aarch64/src/poly_tomont_aarch64_asm.S
mlk_kem_check_pk_cleanroom/PKCHECK_00BC_01A_ADMISSION_20260730T013748Z/mlkem-native_af4c5abd_isolated/mlkem/src/native/aarch64/src/polyvec_basemul_acc_montgomery_cached_k2_aarch64_asm.S	458b153b637e49f93ccee39f6c12c379d4fd982125eceb68e01307d277662b70	8656	upstream/mlkem-native/pkcheck-af4c5abd-source-snapshot/mlkem/src/native/aarch64/src/polyvec_basemul_acc_montgomery_cached_k2_aarch64_asm.S
mlk_kem_check_pk_cleanroom/PKCHECK_00BC_01A_ADMISSION_20260730T013748Z/mlkem-native_af4c5abd_isolated/mlkem/src/native/aarch64/src/polyvec_basemul_acc_montgomery_cached_k3_aarch64_asm.S	f4fcc1351d09a503dd8b73e9b0b18b4ffe49cc01fbb3611e204c06a621798c95	10500	upstream/mlkem-native/pkcheck-af4c5abd-source-snapshot/mlkem/src/native/aarch64/src/polyvec_basemul_acc_montgomery_cached_k3_aarch64_asm.S
mlk_kem_check_pk_cleanroom/PKCHECK_00BC_01A_ADMISSION_20260730T013748Z/mlkem-native_af4c5abd_isolated/mlkem/src/native/aarch64/src/polyvec_basemul_acc_montgomery_cached_k4_aarch64_asm.S	a17756f307c353f9aa2ab6fc3b00717609426468c6e1fe7707b8d461b0c18855	12351	upstream/mlkem-native/pkcheck-af4c5abd-source-snapshot/mlkem/src/native/aarch64/src/polyvec_basemul_acc_montgomery_cached_k4_aarch64_asm.S
mlk_kem_check_pk_cleanroom/PKCHECK_00BC_01A_ADMISSION_20260730T013748Z/mlkem-native_af4c5abd_isolated/mlkem/src/native/aarch64/src/rej_uniform_aarch64_asm.S	a659079e5298fc99c408ccada099770832281b37fd7e5959e8908299a440ce05	6535	upstream/mlkem-native/pkcheck-af4c5abd-source-snapshot/mlkem/src/native/aarch64/src/rej_uniform_aarch64_asm.S
mlk_kem_check_pk_cleanroom/PKCHECK_00BC_01A_ADMISSION_20260730T013748Z/mlkem-native_af4c5abd_isolated/mlkem/src/native/aarch64/src/rej_uniform_table.c	0f4e7024475acf7cc84adc8c013356fd650e312b9ea8855da32fa1531f4af7f7	27620	upstream/mlkem-native/pkcheck-af4c5abd-source-snapshot/mlkem/src/native/aarch64/src/rej_uniform_table.c
mlk_kem_check_pk_cleanroom/PKCHECK_00BC_01A_ADMISSION_20260730T013748Z/mlkem-native_af4c5abd_isolated/mlkem/src/native/api.h	651e2401c7b63e97442f08d3f6ea422fd425ec85ca47dcfdd02d9f5fa78e5ae9	28338	upstream/mlkem-native/pkcheck-af4c5abd-source-snapshot/mlkem/src/native/api.h
mlk_kem_check_pk_cleanroom/PKCHECK_00BC_01A_ADMISSION_20260730T013748Z/mlkem-native_af4c5abd_isolated/mlkem/src/native/meta.h	eb30d087373d9f809ef8bcbf5396e68e79f0b210efd9436c47f9c5dd2b07a089	604	upstream/mlkem-native/pkcheck-af4c5abd-source-snapshot/mlkem/src/native/meta.h
mlk_kem_check_pk_cleanroom/PKCHECK_00BC_01A_ADMISSION_20260730T013748Z/mlkem-native_af4c5abd_isolated/mlkem/src/native/ppc64le/README.md	c4ad2278ef016d2816b8d1049b73fd42e5a0f4acc3dd4dba3c969a94d80a2034	226	upstream/mlkem-native/pkcheck-af4c5abd-source-snapshot/mlkem/src/native/ppc64le/README.md
mlk_kem_check_pk_cleanroom/PKCHECK_00BC_01A_ADMISSION_20260730T013748Z/mlkem-native_af4c5abd_isolated/mlkem/src/native/ppc64le/meta.h	ca485705ed13888726c8ddd568be32612c4e118aeaf01e4e2642e17ac138dd78	1858	upstream/mlkem-native/pkcheck-af4c5abd-source-snapshot/mlkem/src/native/ppc64le/meta.h
mlk_kem_check_pk_cleanroom/PKCHECK_00BC_01A_ADMISSION_20260730T013748Z/mlkem-native_af4c5abd_isolated/mlkem/src/native/ppc64le/src/arith_native_ppc64le.h	7db7bf729b7de84356645c4090739e6e20aa40543b788e6d1e68e4b794a6c276	794	upstream/mlkem-native/pkcheck-af4c5abd-source-snapshot/mlkem/src/native/ppc64le/src/arith_native_ppc64le.h
mlk_kem_check_pk_cleanroom/PKCHECK_00BC_01A_ADMISSION_20260730T013748Z/mlkem-native_af4c5abd_isolated/mlkem/src/native/ppc64le/src/consts.c	f651fcd8d1c53f645cb9ef4a17a86575c787fa0e9cdf3b31c10417f20bcbfe98	15486	upstream/mlkem-native/pkcheck-af4c5abd-source-snapshot/mlkem/src/native/ppc64le/src/consts.c
mlk_kem_check_pk_cleanroom/PKCHECK_00BC_01A_ADMISSION_20260730T013748Z/mlkem-native_af4c5abd_isolated/mlkem/src/native/ppc64le/src/consts.h	6da9424313bb9fbb1c0f366df9c058e6464023732c09185be5f829791b6cf12e	985	upstream/mlkem-native/pkcheck-af4c5abd-source-snapshot/mlkem/src/native/ppc64le/src/consts.h
mlk_kem_check_pk_cleanroom/PKCHECK_00BC_01A_ADMISSION_20260730T013748Z/mlkem-native_af4c5abd_isolated/mlkem/src/native/ppc64le/src/intt_ppc_asm.S	c3c2222b1a47112df089e93ffabd4fd019744d0be6ea5a9c3d15eadd637bab37	83617	upstream/mlkem-native/pkcheck-af4c5abd-source-snapshot/mlkem/src/native/ppc64le/src/intt_ppc_asm.S
mlk_kem_check_pk_cleanroom/PKCHECK_00BC_01A_ADMISSION_20260730T013748Z/mlkem-native_af4c5abd_isolated/mlkem/src/native/ppc64le/src/ntt_ppc_asm.S	3fad90c5bcc5a809ef822e9eaf145b62a95ca28f0b1cde29c64c3f392e5dd562	43672	upstream/mlkem-native/pkcheck-af4c5abd-source-snapshot/mlkem/src/native/ppc64le/src/ntt_ppc_asm.S
mlk_kem_check_pk_cleanroom/PKCHECK_00BC_01A_ADMISSION_20260730T013748Z/mlkem-native_af4c5abd_isolated/mlkem/src/native/ppc64le/src/poly_tomont_ppc_asm.S	272e46991f5f22f5e92dbfddc54f7ac8622b2162a1b6e3b984cb5acca835166c	8241	upstream/mlkem-native/pkcheck-af4c5abd-source-snapshot/mlkem/src/native/ppc64le/src/poly_tomont_ppc_asm.S
mlk_kem_check_pk_cleanroom/PKCHECK_00BC_01A_ADMISSION_20260730T013748Z/mlkem-native_af4c5abd_isolated/mlkem/src/native/ppc64le/src/reduce_ppc_asm.S	5ed62d46877909cea8e01daad1715f6684ff9d779226c98d2d47b5688f629932	18506	upstream/mlkem-native/pkcheck-af4c5abd-source-snapshot/mlkem/src/native/ppc64le/src/reduce_ppc_asm.S
mlk_kem_check_pk_cleanroom/PKCHECK_00BC_01A_ADMISSION_20260730T013748Z/mlkem-native_af4c5abd_isolated/mlkem/src/native/riscv64/README.md	cc8a354ecbf09f5e490b643440a52d6a33118e04191e3ab8c6754e49aa03ed1b	495	upstream/mlkem-native/pkcheck-af4c5abd-source-snapshot/mlkem/src/native/riscv64/README.md
mlk_kem_check_pk_cleanroom/PKCHECK_00BC_01A_ADMISSION_20260730T013748Z/mlkem-native_af4c5abd_isolated/mlkem/src/native/riscv64/meta.h	f589ac7e4847a3cfcaee07f8737290c6d57a1022118d1fc883363fa84eca2b93	4008	upstream/mlkem-native/pkcheck-af4c5abd-source-snapshot/mlkem/src/native/riscv64/meta.h
mlk_kem_check_pk_cleanroom/PKCHECK_00BC_01A_ADMISSION_20260730T013748Z/mlkem-native_af4c5abd_isolated/mlkem/src/native/riscv64/src/arith_native_riscv64.h	d66aaf515aaff3da763ab7f636812e7444501f85d8441c4d1acb23fa4820de5e	1849	upstream/mlkem-native/pkcheck-af4c5abd-source-snapshot/mlkem/src/native/riscv64/src/arith_native_riscv64.h
mlk_kem_check_pk_cleanroom/PKCHECK_00BC_01A_ADMISSION_20260730T013748Z/mlkem-native_af4c5abd_isolated/mlkem/src/native/riscv64/src/rv64v_debug.c	43855e347be504e3489133e6349cdef8e903646c06d08718ce4addf84e8e79c8	3133	upstream/mlkem-native/pkcheck-af4c5abd-source-snapshot/mlkem/src/native/riscv64/src/rv64v_debug.c
mlk_kem_check_pk_cleanroom/PKCHECK_00BC_01A_ADMISSION_20260730T013748Z/mlkem-native_af4c5abd_isolated/mlkem/src/native/riscv64/src/rv64v_debug.h	213b1c5efc36ae5f94ed20a4cda43b9e905819283418b6cfac23e8ba5b449452	5860	upstream/mlkem-native/pkcheck-af4c5abd-source-snapshot/mlkem/src/native/riscv64/src/rv64v_debug.h
mlk_kem_check_pk_cleanroom/PKCHECK_00BC_01A_ADMISSION_20260730T013748Z/mlkem-native_af4c5abd_isolated/mlkem/src/native/riscv64/src/rv64v_izetas.inc	d29ca53fe5a70fcc2dcb3227bff3d92c37e0c35f14f995635026effc7f612422	1256	upstream/mlkem-native/pkcheck-af4c5abd-source-snapshot/mlkem/src/native/riscv64/src/rv64v_izetas.inc
mlk_kem_check_pk_cleanroom/PKCHECK_00BC_01A_ADMISSION_20260730T013748Z/mlkem-native_af4c5abd_isolated/mlkem/src/native/riscv64/src/rv64v_poly.c	6f5bc47ccc4b2d357d5aabffed4ae58ee5927415ce14a35169e2e96830c2e1d0	28791	upstream/mlkem-native/pkcheck-af4c5abd-source-snapshot/mlkem/src/native/riscv64/src/rv64v_poly.c
mlk_kem_check_pk_cleanroom/PKCHECK_00BC_01A_ADMISSION_20260730T013748Z/mlkem-native_af4c5abd_isolated/mlkem/src/native/riscv64/src/rv64v_zetas.inc	34ceb2ecb5cdc4f03b830029a31b06ba44efa6bc0e8e615d45277765c57388e4	1256	upstream/mlkem-native/pkcheck-af4c5abd-source-snapshot/mlkem/src/native/riscv64/src/rv64v_zetas.inc
mlk_kem_check_pk_cleanroom/PKCHECK_00BC_01A_ADMISSION_20260730T013748Z/mlkem-native_af4c5abd_isolated/mlkem/src/native/riscv64/src/rv64v_zetas_basemul.inc	093d13133e258b9c362e2db0fea19b1d201877a9e1e7e014174a693d9862f5df	2203	upstream/mlkem-native/pkcheck-af4c5abd-source-snapshot/mlkem/src/native/riscv64/src/rv64v_zetas_basemul.inc
mlk_kem_check_pk_cleanroom/PKCHECK_00BC_01A_ADMISSION_20260730T013748Z/mlkem-native_af4c5abd_isolated/mlkem/src/native/x86_64/README.md	59963fb54af67d45463616ac56c579f113ce5193dd74aa694c9dada7e997c214	237	upstream/mlkem-native/pkcheck-af4c5abd-source-snapshot/mlkem/src/native/x86_64/README.md
mlk_kem_check_pk_cleanroom/PKCHECK_00BC_01A_ADMISSION_20260730T013748Z/mlkem-native_af4c5abd_isolated/mlkem/src/native/x86_64/meta.h	5610fedff3fdc502ba971824ed300f0ad49c7d60ae3ad707c90fa1d815d652a3	8775	upstream/mlkem-native/pkcheck-af4c5abd-source-snapshot/mlkem/src/native/x86_64/meta.h
mlk_kem_check_pk_cleanroom/PKCHECK_00BC_01A_ADMISSION_20260730T013748Z/mlkem-native_af4c5abd_isolated/mlkem/src/native/x86_64/src/arith_native_x86_64.h	ae77631908fc59e4c6fad80d861fbadf920212631394319a04c18bfe14c91764	13552	upstream/mlkem-native/pkcheck-af4c5abd-source-snapshot/mlkem/src/native/x86_64/src/arith_native_x86_64.h
mlk_kem_check_pk_cleanroom/PKCHECK_00BC_01A_ADMISSION_20260730T013748Z/mlkem-native_af4c5abd_isolated/mlkem/src/native/x86_64/src/compress_consts.c	562965e31635041e2133ccc7602b6185bdce5472541f3b54ac72795fb6bc98f2	4105	upstream/mlkem-native/pkcheck-af4c5abd-source-snapshot/mlkem/src/native/x86_64/src/compress_consts.c
mlk_kem_check_pk_cleanroom/PKCHECK_00BC_01A_ADMISSION_20260730T013748Z/mlkem-native_af4c5abd_isolated/mlkem/src/native/x86_64/src/compress_consts.h	2748f5adee7f2a50008ba934459533e183b1cebe581eedcb85ece373516bd915	1589	upstream/mlkem-native/pkcheck-af4c5abd-source-snapshot/mlkem/src/native/x86_64/src/compress_consts.h
mlk_kem_check_pk_cleanroom/PKCHECK_00BC_01A_ADMISSION_20260730T013748Z/mlkem-native_af4c5abd_isolated/mlkem/src/native/x86_64/src/consts.c	92b37dd2361425c2816f624a982b64bbb4b4a7563f02604470c7541a83acf435	5940	upstream/mlkem-native/pkcheck-af4c5abd-source-snapshot/mlkem/src/native/x86_64/src/consts.c
mlk_kem_check_pk_cleanroom/PKCHECK_00BC_01A_ADMISSION_20260730T013748Z/mlkem-native_af4c5abd_isolated/mlkem/src/native/x86_64/src/consts.h	f0046a67ebd4195f6180b179c0fe329c1bbfddc37203825a5ebf0dffa7991e15	749	upstream/mlkem-native/pkcheck-af4c5abd-source-snapshot/mlkem/src/native/x86_64/src/consts.h
mlk_kem_check_pk_cleanroom/PKCHECK_00BC_01A_ADMISSION_20260730T013748Z/mlkem-native_af4c5abd_isolated/mlkem/src/native/x86_64/src/intt_avx2_asm.S	a8a8bc6b50f98ead9e20bfb55ac11114c0515f0225ec68a8a9f370443a38b5ce	32189	upstream/mlkem-native/pkcheck-af4c5abd-source-snapshot/mlkem/src/native/x86_64/src/intt_avx2_asm.S
mlk_kem_check_pk_cleanroom/PKCHECK_00BC_01A_ADMISSION_20260730T013748Z/mlkem-native_af4c5abd_isolated/mlkem/src/native/x86_64/src/ntt_avx2_asm.S	70416a0ad9998fc2f3f0d662f1b4d692f234cadc83ac3ba81ca501c3d636d26c	28634	upstream/mlkem-native/pkcheck-af4c5abd-source-snapshot/mlkem/src/native/x86_64/src/ntt_avx2_asm.S
mlk_kem_check_pk_cleanroom/PKCHECK_00BC_01A_ADMISSION_20260730T013748Z/mlkem-native_af4c5abd_isolated/mlkem/src/native/x86_64/src/nttfrombytes_avx2_asm.S	001af6a58e96327ecf42bacec9f0f2868637443831de53bff36253fbd5f18e0a	10915	upstream/mlkem-native/pkcheck-af4c5abd-source-snapshot/mlkem/src/native/x86_64/src/nttfrombytes_avx2_asm.S
mlk_kem_check_pk_cleanroom/PKCHECK_00BC_01A_ADMISSION_20260730T013748Z/mlkem-native_af4c5abd_isolated/mlkem/src/native/x86_64/src/ntttobytes_avx2_asm.S	d2ad03151e8671da73900559e1f22b61327209dcd748a2dbc1209a494439c7db	10409	upstream/mlkem-native/pkcheck-af4c5abd-source-snapshot/mlkem/src/native/x86_64/src/ntttobytes_avx2_asm.S
mlk_kem_check_pk_cleanroom/PKCHECK_00BC_01A_ADMISSION_20260730T013748Z/mlkem-native_af4c5abd_isolated/mlkem/src/native/x86_64/src/nttunpack_avx2_asm.S	01af3a79b639f0c1edfd4311bfe986d78112ede758a277b88d6707a8ac0203e1	11482	upstream/mlkem-native/pkcheck-af4c5abd-source-snapshot/mlkem/src/native/x86_64/src/nttunpack_avx2_asm.S
mlk_kem_check_pk_cleanroom/PKCHECK_00BC_01A_ADMISSION_20260730T013748Z/mlkem-native_af4c5abd_isolated/mlkem/src/native/x86_64/src/poly_compress_d10_avx2_asm.S	459855f032dc08dd6112f535601f8b510692bafb7c7431e3a6018c84ee483d36	14850	upstream/mlkem-native/pkcheck-af4c5abd-source-snapshot/mlkem/src/native/x86_64/src/poly_compress_d10_avx2_asm.S
mlk_kem_check_pk_cleanroom/PKCHECK_00BC_01A_ADMISSION_20260730T013748Z/mlkem-native_af4c5abd_isolated/mlkem/src/native/x86_64/src/poly_compress_d11_avx2_asm.S	2b392cb520706e848f3a417d417c08165044f9066c9dd1ded8f292280e513440	19359	upstream/mlkem-native/pkcheck-af4c5abd-source-snapshot/mlkem/src/native/x86_64/src/poly_compress_d11_avx2_asm.S
mlk_kem_check_pk_cleanroom/PKCHECK_00BC_01A_ADMISSION_20260730T013748Z/mlkem-native_af4c5abd_isolated/mlkem/src/native/x86_64/src/poly_compress_d4_avx2_asm.S	166f9d829d9f1f40e1b066de49c4c181aa1db1fbcda88f3131cb0e62d4be984d	6384	upstream/mlkem-native/pkcheck-af4c5abd-source-snapshot/mlkem/src/native/x86_64/src/poly_compress_d4_avx2_asm.S
mlk_kem_check_pk_cleanroom/PKCHECK_00BC_01A_ADMISSION_20260730T013748Z/mlkem-native_af4c5abd_isolated/mlkem/src/native/x86_64/src/poly_compress_d5_avx2_asm.S	435aaeb0eabccaf585079a6051301a0847f5e6da4236e8b20fce65ddd3b8a49d	8480	upstream/mlkem-native/pkcheck-af4c5abd-source-snapshot/mlkem/src/native/x86_64/src/poly_compress_d5_avx2_asm.S
mlk_kem_check_pk_cleanroom/PKCHECK_00BC_01A_ADMISSION_20260730T013748Z/mlkem-native_af4c5abd_isolated/mlkem/src/native/x86_64/src/poly_decompress_d10_avx2_asm.S	d7f625f1488f40ed5db555f3d4fa772a12c17b1b29e2922a539691184179d494	9138	upstream/mlkem-native/pkcheck-af4c5abd-source-snapshot/mlkem/src/native/x86_64/src/poly_decompress_d10_avx2_asm.S
mlk_kem_check_pk_cleanroom/PKCHECK_00BC_01A_ADMISSION_20260730T013748Z/mlkem-native_af4c5abd_isolated/mlkem/src/native/x86_64/src/poly_decompress_d11_avx2_asm.S	45190c13cd3079b8bac79f8c6321be6786cb383ae3ebeef05f7fc79018701ad1	11155	upstream/mlkem-native/pkcheck-af4c5abd-source-snapshot/mlkem/src/native/x86_64/src/poly_decompress_d11_avx2_asm.S
mlk_kem_check_pk_cleanroom/PKCHECK_00BC_01A_ADMISSION_20260730T013748Z/mlkem-native_af4c5abd_isolated/mlkem/src/native/x86_64/src/poly_decompress_d4_avx2_asm.S	21f854e623079f1d100e757056e92ac0e7541634ba0bc933e1f46a479f18f42f	7067	upstream/mlkem-native/pkcheck-af4c5abd-source-snapshot/mlkem/src/native/x86_64/src/poly_decompress_d4_avx2_asm.S
mlk_kem_check_pk_cleanroom/PKCHECK_00BC_01A_ADMISSION_20260730T013748Z/mlkem-native_af4c5abd_isolated/mlkem/src/native/x86_64/src/poly_decompress_d5_avx2_asm.S	33030255964bffb490c486c67955b87deadaa7e0c785a672d5b00ac927c715ca	7687	upstream/mlkem-native/pkcheck-af4c5abd-source-snapshot/mlkem/src/native/x86_64/src/poly_decompress_d5_avx2_asm.S
mlk_kem_check_pk_cleanroom/PKCHECK_00BC_01A_ADMISSION_20260730T013748Z/mlkem-native_af4c5abd_isolated/mlkem/src/native/x86_64/src/poly_mulcache_compute_avx2_asm.S	1e2f765339130173959a59d3e0bd401613141f3f9ffbbf73097935254fcc8601	3698	upstream/mlkem-native/pkcheck-af4c5abd-source-snapshot/mlkem/src/native/x86_64/src/poly_mulcache_compute_avx2_asm.S
mlk_kem_check_pk_cleanroom/PKCHECK_00BC_01A_ADMISSION_20260730T013748Z/mlkem-native_af4c5abd_isolated/mlkem/src/native/x86_64/src/polyvec_basemul_acc_montgomery_cached_k2_avx2_asm.S	c7503836f6acb3e595d9a028d34dcd6b8b981687e299fff7ab33c543458745f9	19019	upstream/mlkem-native/pkcheck-af4c5abd-source-snapshot/mlkem/src/native/x86_64/src/polyvec_basemul_acc_montgomery_cached_k2_avx2_asm.S
mlk_kem_check_pk_cleanroom/PKCHECK_00BC_01A_ADMISSION_20260730T013748Z/mlkem-native_af4c5abd_isolated/mlkem/src/native/x86_64/src/polyvec_basemul_acc_montgomery_cached_k3_avx2_asm.S	4b7c254cfce65a8a2af80f8c82022e2ea3cf4af589ea143ff32feff649dc0d8c	27963	upstream/mlkem-native/pkcheck-af4c5abd-source-snapshot/mlkem/src/native/x86_64/src/polyvec_basemul_acc_montgomery_cached_k3_avx2_asm.S
mlk_kem_check_pk_cleanroom/PKCHECK_00BC_01A_ADMISSION_20260730T013748Z/mlkem-native_af4c5abd_isolated/mlkem/src/native/x86_64/src/polyvec_basemul_acc_montgomery_cached_k4_avx2_asm.S	07ad9aef4253ed87ee1fe3a47fa5bdd2ec13d3a0c7020e57fa6570090c251815	36908	upstream/mlkem-native/pkcheck-af4c5abd-source-snapshot/mlkem/src/native/x86_64/src/polyvec_basemul_acc_montgomery_cached_k4_avx2_asm.S
mlk_kem_check_pk_cleanroom/PKCHECK_00BC_01A_ADMISSION_20260730T013748Z/mlkem-native_af4c5abd_isolated/mlkem/src/native/x86_64/src/reduce_avx2_asm.S	d0812932f720ea634a8ffb4f0923f8b388256b2081e5944e0d0f65a7829081c8	7642	upstream/mlkem-native/pkcheck-af4c5abd-source-snapshot/mlkem/src/native/x86_64/src/reduce_avx2_asm.S
mlk_kem_check_pk_cleanroom/PKCHECK_00BC_01A_ADMISSION_20260730T013748Z/mlkem-native_af4c5abd_isolated/mlkem/src/native/x86_64/src/rej_uniform_avx2_asm.S	97eef83984599d8933158e080d8822f2b925d0cf5a64b51c568d2dbe59097cb3	4360	upstream/mlkem-native/pkcheck-af4c5abd-source-snapshot/mlkem/src/native/x86_64/src/rej_uniform_avx2_asm.S
mlk_kem_check_pk_cleanroom/PKCHECK_00BC_01A_ADMISSION_20260730T013748Z/mlkem-native_af4c5abd_isolated/mlkem/src/native/x86_64/src/rej_uniform_table.c	be662d58c00fdfc8dfa14bdaf580f7af0c21ffb3211eba5e6a89654ab34afa22	27658	upstream/mlkem-native/pkcheck-af4c5abd-source-snapshot/mlkem/src/native/x86_64/src/rej_uniform_table.c
mlk_kem_check_pk_cleanroom/PKCHECK_00BC_01A_ADMISSION_20260730T013748Z/mlkem-native_af4c5abd_isolated/mlkem/src/native/x86_64/src/tomont_avx2_asm.S	9bf8187fceae7fbfdcb5e35d9222707066b7e5b6d1079cda46eca078ac813864	5475	upstream/mlkem-native/pkcheck-af4c5abd-source-snapshot/mlkem/src/native/x86_64/src/tomont_avx2_asm.S
mlk_kem_check_pk_cleanroom/PKCHECK_00BC_01A_ADMISSION_20260730T013748Z/mlkem-native_af4c5abd_isolated/mlkem/src/params.h	450fe3e0e50496921920473ae4321660f178c23d51f1453f3c537ee63c4158cb	2566	upstream/mlkem-native/pkcheck-af4c5abd-source-snapshot/mlkem/src/params.h
mlk_kem_check_pk_cleanroom/PKCHECK_00BC_01A_ADMISSION_20260730T013748Z/mlkem-native_af4c5abd_isolated/mlkem/src/poly.c	f427dda46e29d53d3e33d683c9a8483bade3568eff43fb97b868a21bfd07c722	18569	upstream/mlkem-native/pkcheck-af4c5abd-source-snapshot/mlkem/src/poly.c
mlk_kem_check_pk_cleanroom/PKCHECK_00BC_01A_ADMISSION_20260730T013748Z/mlkem-native_af4c5abd_isolated/mlkem/src/poly.h	f24f980110953c1d361e04137e13e2f85f76db776903f85c98f24900e85f7aef	10117	upstream/mlkem-native/pkcheck-af4c5abd-source-snapshot/mlkem/src/poly.h
mlk_kem_check_pk_cleanroom/PKCHECK_00BC_01A_ADMISSION_20260730T013748Z/mlkem-native_af4c5abd_isolated/mlkem/src/poly_k.c	7dea24a0591b0fb033f7a8be214d687fbde11541c274a114ac3067af12b87c32	17662	upstream/mlkem-native/pkcheck-af4c5abd-source-snapshot/mlkem/src/poly_k.c
mlk_kem_check_pk_cleanroom/PKCHECK_00BC_01A_ADMISSION_20260730T013748Z/mlkem-native_af4c5abd_isolated/mlkem/src/poly_k.h	09bdfd4a19a9cb495832a78d0f099a6c949c40014472b33fb54d66bb56e660e0	22592	upstream/mlkem-native/pkcheck-af4c5abd-source-snapshot/mlkem/src/poly_k.h
mlk_kem_check_pk_cleanroom/PKCHECK_00BC_01A_ADMISSION_20260730T013748Z/mlkem-native_af4c5abd_isolated/mlkem/src/randombytes.h	137eb6e5854b8e58c2caec6eea86530c8e7495706f6f5b3e007e25a9875e164f	1649	upstream/mlkem-native/pkcheck-af4c5abd-source-snapshot/mlkem/src/randombytes.h
mlk_kem_check_pk_cleanroom/PKCHECK_00BC_01A_ADMISSION_20260730T013748Z/mlkem-native_af4c5abd_isolated/mlkem/src/sampling.c	0408bd0744346e2c59924ebc8a9a55e750a453b1595fc0fc85532f1626bdec0a	12913	upstream/mlkem-native/pkcheck-af4c5abd-source-snapshot/mlkem/src/sampling.c
mlk_kem_check_pk_cleanroom/PKCHECK_00BC_01A_ADMISSION_20260730T013748Z/mlkem-native_af4c5abd_isolated/mlkem/src/sampling.h	92501263f89afc3d6a5f06079bacbe1dfd5ba6db744c887e08cc1c521c0030eb	3853	upstream/mlkem-native/pkcheck-af4c5abd-source-snapshot/mlkem/src/sampling.h
mlk_kem_check_pk_cleanroom/PKCHECK_00BC_01A_ADMISSION_20260730T013748Z/mlkem-native_af4c5abd_isolated/mlkem/src/symmetric.h	168d0ec3bf50bd45cb0a103d7984e9ccf52f78697718b7e85efdf1beda7abc95	2596	upstream/mlkem-native/pkcheck-af4c5abd-source-snapshot/mlkem/src/symmetric.h
mlk_kem_check_pk_cleanroom/PKCHECK_00BC_01A_ADMISSION_20260730T013748Z/mlkem-native_af4c5abd_isolated/mlkem/src/sys.h	02e6b8901bb6334a378aab1f13538693f04726a5111aed7cc6c4cdbd41188f50	9543	upstream/mlkem-native/pkcheck-af4c5abd-source-snapshot/mlkem/src/sys.h
mlk_kem_check_pk_cleanroom/PKCHECK_00BC_01A_ADMISSION_20260730T013748Z/mlkem-native_af4c5abd_isolated/mlkem/src/verify.c	f8f89f1b8c8e5811ce134c0d90fb7828027336afeed231dc3ccb7ee6b73b9335	622	upstream/mlkem-native/pkcheck-af4c5abd-source-snapshot/mlkem/src/verify.c
mlk_kem_check_pk_cleanroom/PKCHECK_00BC_01A_ADMISSION_20260730T013748Z/mlkem-native_af4c5abd_isolated/mlkem/src/verify.h	13f44749f65099bee5bc55be260932d5e832bbd091335f1e47c31df464c1881f	15010	upstream/mlkem-native/pkcheck-af4c5abd-source-snapshot/mlkem/src/verify.h
mlk_kem_check_pk_cleanroom/PKCHECK_00BC_01A_ADMISSION_20260730T013748Z/mlkem-native_af4c5abd_isolated/mlkem/src/zetas.inc	303d1abccc4757d49a5c8df5f88080fefef617b7360056db5311bd94354096d4	1337	upstream/mlkem-native/pkcheck-af4c5abd-source-snapshot/mlkem/src/zetas.inc
mlk_kem_check_pk_cleanroom/PKCHECK_00BC_01A_ADMISSION_20260730T013748Z/mlkem-native_af4c5abd_isolated/nix/aarch64_be-none-linux-gnu-gcc.nix	1c715226a52956872915138c0a741110a30d015d507917560d80a1a6fd97f77e	1015	upstream/mlkem-native/pkcheck-af4c5abd-source-snapshot/nix/aarch64_be-none-linux-gnu-gcc.nix
mlk_kem_check_pk_cleanroom/PKCHECK_00BC_01A_ADMISSION_20260730T013748Z/mlkem-native_af4c5abd_isolated/nix/avr/default.nix	25a0b546366f0e752f1f092ad5f0c3cac413dcf185c73bca0b1f68bcfd6dcde4	838	upstream/mlkem-native/pkcheck-af4c5abd-source-snapshot/nix/avr/default.nix
mlk_kem_check_pk_cleanroom/PKCHECK_00BC_01A_ADMISSION_20260730T013748Z/mlkem-native_af4c5abd_isolated/nix/avr/simavr-16k-eeprom.patch	75a8d85185e78ae4164a5b45168838ad1d5b4da4a593127e079e2769f1a367f5	393	upstream/mlkem-native/pkcheck-af4c5abd-source-snapshot/nix/avr/simavr-16k-eeprom.patch
mlk_kem_check_pk_cleanroom/PKCHECK_00BC_01A_ADMISSION_20260730T013748Z/mlkem-native_af4c5abd_isolated/nix/avr/simavr-32kb-ram.patch	9f768bd79bdaaaa485bd019704a08dd6808ec8465e84a5d5eaad2bd23dc000dd	641	upstream/mlkem-native/pkcheck-af4c5abd-source-snapshot/nix/avr/simavr-32kb-ram.patch
mlk_kem_check_pk_cleanroom/PKCHECK_00BC_01A_ADMISSION_20260730T013748Z/mlkem-native_af4c5abd_isolated/nix/avr/simavr-uart-output-fix.patch	9e09e40ce6b43a7aeb8f41c8e74dd8f83e2bff7d4db72936abf637b840663cac	734	upstream/mlkem-native/pkcheck-af4c5abd-source-snapshot/nix/avr/simavr-uart-output-fix.patch
mlk_kem_check_pk_cleanroom/PKCHECK_00BC_01A_ADMISSION_20260730T013748Z/mlkem-native_af4c5abd_isolated/nix/cbmc/cbmc-viewer.nix	1109fb04c687bd34fb9aa8860c158ec8768268a2d01dad905ff1627f73a4490e	729	upstream/mlkem-native/pkcheck-af4c5abd-source-snapshot/nix/cbmc/cbmc-viewer.nix
mlk_kem_check_pk_cleanroom/PKCHECK_00BC_01A_ADMISSION_20260730T013748Z/mlkem-native_af4c5abd_isolated/nix/cbmc/default.nix	0b1aea6d0fd9b4be351dfc07571e78d4c93f5bdceac5851cc01026c2fc8147c2	1031	upstream/mlkem-native/pkcheck-af4c5abd-source-snapshot/nix/cbmc/default.nix
mlk_kem_check_pk_cleanroom/PKCHECK_00BC_01A_ADMISSION_20260730T013748Z/mlkem-native_af4c5abd_isolated/nix/cbmc/litani.nix	746975ddb719d014d111e8bf48e2e105f3d46cc2ecd3f126299acdda719dd9f0	891	upstream/mlkem-native/pkcheck-af4c5abd-source-snapshot/nix/cbmc/litani.nix
mlk_kem_check_pk_cleanroom/PKCHECK_00BC_01A_ADMISSION_20260730T013748Z/mlkem-native_af4c5abd_isolated/nix/hol_light/default.nix	94af346a357dacd06dffedf40353bca8e2410532add22cbff610f174539069e6	549	upstream/mlkem-native/pkcheck-af4c5abd-source-snapshot/nix/hol_light/default.nix
mlk_kem_check_pk_cleanroom/PKCHECK_00BC_01A_ADMISSION_20260730T013748Z/mlkem-native_af4c5abd_isolated/nix/hol_light/hol-server.sh	5f05b6f314076bfcc8dd8ad0f6d1794ef468d35888afbf171ff342fed7ddd148	1091	upstream/mlkem-native/pkcheck-af4c5abd-source-snapshot/nix/hol_light/hol-server.sh
mlk_kem_check_pk_cleanroom/PKCHECK_00BC_01A_ADMISSION_20260730T013748Z/mlkem-native_af4c5abd_isolated/nix/hol_light/hol_server.nix	2ba70e8900250d9e2affba2304e81b40180ffd24e97b73509a79e9ebd3fb1da9	812	upstream/mlkem-native/pkcheck-af4c5abd-source-snapshot/nix/hol_light/hol_server.nix
mlk_kem_check_pk_cleanroom/PKCHECK_00BC_01A_ADMISSION_20260730T013748Z/mlkem-native_af4c5abd_isolated/nix/legacy/default.nix	13947f2428e7cae2851162e8316c78bd1fe99c48784847d915f7841ef84d1f9a	1462	upstream/mlkem-native/pkcheck-af4c5abd-source-snapshot/nix/legacy/default.nix
mlk_kem_check_pk_cleanroom/PKCHECK_00BC_01A_ADMISSION_20260730T013748Z/mlkem-native_af4c5abd_isolated/nix/legacy/module.nix	570ce1e9a7ae3117b7540e12bda15b592f77b6412d0d57847d7925009e6b1f82	529	upstream/mlkem-native/pkcheck-af4c5abd-source-snapshot/nix/legacy/module.nix
mlk_kem_check_pk_cleanroom/PKCHECK_00BC_01A_ADMISSION_20260730T013748Z/mlkem-native_af4c5abd_isolated/nix/openocd/default.nix	017e89795fb0f8200ba8fa8f4b5afd60624f0fb52e6fbf88dfcbb6d28fb29a38	549	upstream/mlkem-native/pkcheck-af4c5abd-source-snapshot/nix/openocd/default.nix
mlk_kem_check_pk_cleanroom/PKCHECK_00BC_01A_ADMISSION_20260730T013748Z/mlkem-native_af4c5abd_isolated/nix/s2n_bignum/default.nix	924a5e4b317d14bc625a83c5fb0db5a16fb4f69eb2fc5c557dce2a352686be87	553	upstream/mlkem-native/pkcheck-af4c5abd-source-snapshot/nix/s2n_bignum/default.nix
mlk_kem_check_pk_cleanroom/PKCHECK_00BC_01A_ADMISSION_20260730T013748Z/mlkem-native_af4c5abd_isolated/nix/slothy/default.nix	f8a68c5f4e6c1843fd995a852c374d139d5c1d60d358f8b856838e908069e428	574	upstream/mlkem-native/pkcheck-af4c5abd-source-snapshot/nix/slothy/default.nix
mlk_kem_check_pk_cleanroom/PKCHECK_00BC_01A_ADMISSION_20260730T013748Z/mlkem-native_af4c5abd_isolated/nix/util.nix	2ad10a83fd66b88cc012d206531d148d9f85625e969703a486591ccc0433c3d2	6534	upstream/mlkem-native/pkcheck-af4c5abd-source-snapshot/nix/util.nix
mlk_kem_check_pk_cleanroom/PKCHECK_00BC_01A_ADMISSION_20260730T013748Z/mlkem-native_af4c5abd_isolated/nix/valgrind/README.md	da28716e0e29fbf93048135f61ea47e3a20fe298525ca8147359196bb109cf74	549	upstream/mlkem-native/pkcheck-af4c5abd-source-snapshot/nix/valgrind/README.md
mlk_kem_check_pk_cleanroom/PKCHECK_00BC_01A_ADMISSION_20260730T013748Z/mlkem-native_af4c5abd_isolated/nix/valgrind/default.nix	1be843f53e7abc5fadfae2fed67d9d0b69e588526abe267dcbd3d51bffae15f1	164	upstream/mlkem-native/pkcheck-af4c5abd-source-snapshot/nix/valgrind/default.nix
mlk_kem_check_pk_cleanroom/PKCHECK_00BC_01A_ADMISSION_20260730T013748Z/mlkem-native_af4c5abd_isolated/nix/valgrind/valgrind-varlat-patch-20240808.txt	d54b140f2bacaea91470940a963950b7126685810df2192640cd103328b421f4	36011	upstream/mlkem-native/pkcheck-af4c5abd-source-snapshot/nix/valgrind/valgrind-varlat-patch-20240808.txt
mlk_kem_check_pk_cleanroom/PKCHECK_00BC_01A_ADMISSION_20260730T013748Z/mlkem-native_af4c5abd_isolated/nix/zephyr/default.nix	2725f58c765e21e10f30a9997714922687f9e0e485974f1accf2d8d8b42f0e00	1837	upstream/mlkem-native/pkcheck-af4c5abd-source-snapshot/nix/zephyr/default.nix
mlk_kem_check_pk_cleanroom/PKCHECK_00BC_01A_ADMISSION_20260730T013748Z/mlkem-native_af4c5abd_isolated/proofs/README.md	c3784925c79832593b7627da7d8fe83fa2258f46614c6ff40cfcd54aa1d2ab37	831	upstream/mlkem-native/pkcheck-af4c5abd-source-snapshot/proofs/README.md
mlk_kem_check_pk_cleanroom/PKCHECK_00BC_01A_ADMISSION_20260730T013748Z/mlkem-native_af4c5abd_isolated/proofs/cbmc/.gitignore	696195008871a682c338331dce7f604be05b361a6d2d575ee75113990a894922	317	upstream/mlkem-native/pkcheck-af4c5abd-source-snapshot/proofs/cbmc/.gitignore
mlk_kem_check_pk_cleanroom/PKCHECK_00BC_01A_ADMISSION_20260730T013748Z/mlkem-native_af4c5abd_isolated/proofs/cbmc/Makefile.common	a17e5e370b3ff348a49c8a7c366be6b0850fb4fc3b6eaa008b6dae5e92ffcaab	45164	upstream/mlkem-native/pkcheck-af4c5abd-source-snapshot/proofs/cbmc/Makefile.common
mlk_kem_check_pk_cleanroom/PKCHECK_00BC_01A_ADMISSION_20260730T013748Z/mlkem-native_af4c5abd_isolated/proofs/cbmc/Makefile_params.common	ba7a87f04fc45269d77ee6035f5daf39e24d6e3b5c3921617677554e920e99e5	184	upstream/mlkem-native/pkcheck-af4c5abd-source-snapshot/proofs/cbmc/Makefile_params.common
mlk_kem_check_pk_cleanroom/PKCHECK_00BC_01A_ADMISSION_20260730T013748Z/mlkem-native_af4c5abd_isolated/proofs/cbmc/README.md	2bfcf066dd68d747f3b283504be3e6aa9abb28d6d68a3cffcf4980706bdd349f	3253	upstream/mlkem-native/pkcheck-af4c5abd-source-snapshot/proofs/cbmc/README.md
mlk_kem_check_pk_cleanroom/PKCHECK_00BC_01A_ADMISSION_20260730T013748Z/mlkem-native_af4c5abd_isolated/proofs/cbmc/barrett_reduce/Makefile	60b43149f1fa523659a5d5fc55b1ecdf6d2f44f0c2988f8903b699bbf3e23672	2002	upstream/mlkem-native/pkcheck-af4c5abd-source-snapshot/proofs/cbmc/barrett_reduce/Makefile
mlk_kem_check_pk_cleanroom/PKCHECK_00BC_01A_ADMISSION_20260730T013748Z/mlkem-native_af4c5abd_isolated/proofs/cbmc/barrett_reduce/barrett_reduce_harness.c	2257c68f1412b9b4a4a66b7bd5c178d87dd0d571ad1a487df4392ce1c84b20dc	331	upstream/mlkem-native/pkcheck-af4c5abd-source-snapshot/proofs/cbmc/barrett_reduce/barrett_reduce_harness.c
mlk_kem_check_pk_cleanroom/PKCHECK_00BC_01A_ADMISSION_20260730T013748Z/mlkem-native_af4c5abd_isolated/proofs/cbmc/check_pct/Makefile	c1ba86469b14b646e40c92f679e5deb13c93ae9c1ef284096230beeb8934cdde	2095	upstream/mlkem-native/pkcheck-af4c5abd-source-snapshot/proofs/cbmc/check_pct/Makefile
mlk_kem_check_pk_cleanroom/PKCHECK_00BC_01A_ADMISSION_20260730T013748Z/mlkem-native_af4c5abd_isolated/proofs/cbmc/check_pct/check_pct_harness.c	d7f34fafd3a51aaa93985f9b59a9586913f8046a30be78dc2213157856b12e0a	506	upstream/mlkem-native/pkcheck-af4c5abd-source-snapshot/proofs/cbmc/check_pct/check_pct_harness.c
mlk_kem_check_pk_cleanroom/PKCHECK_00BC_01A_ADMISSION_20260730T013748Z/mlkem-native_af4c5abd_isolated/proofs/cbmc/ct_cmask_neg_i16/Makefile	f41df3bd80f00208a8a544a5672787df30e62a7b83b89756abb6255a8f1e8545	2088	upstream/mlkem-native/pkcheck-af4c5abd-source-snapshot/proofs/cbmc/ct_cmask_neg_i16/Makefile
mlk_kem_check_pk_cleanroom/PKCHECK_00BC_01A_ADMISSION_20260730T013748Z/mlkem-native_af4c5abd_isolated/proofs/cbmc/ct_cmask_neg_i16/ct_cmask_neg_i16_harness.c	1508e4812b852d0f6e0daa359f79099c72e7747cb0c8555ec97838c8b00d928b	273	upstream/mlkem-native/pkcheck-af4c5abd-source-snapshot/proofs/cbmc/ct_cmask_neg_i16/ct_cmask_neg_i16_harness.c
mlk_kem_check_pk_cleanroom/PKCHECK_00BC_01A_ADMISSION_20260730T013748Z/mlkem-native_af4c5abd_isolated/proofs/cbmc/ct_cmask_nonzero_u16/Makefile	8d8cbcfb02d34e966a5b40e162b9f0ec451230c29d43db857982f8481e0026c4	2104	upstream/mlkem-native/pkcheck-af4c5abd-source-snapshot/proofs/cbmc/ct_cmask_nonzero_u16/Makefile
mlk_kem_check_pk_cleanroom/PKCHECK_00BC_01A_ADMISSION_20260730T013748Z/mlkem-native_af4c5abd_isolated/proofs/cbmc/ct_cmask_nonzero_u16/ct_cmask_nonzero_u16_harness.c	23a5c0c4903738a7964b6f2028c576ed87035881a0903a13ef6290079627db2a	267	upstream/mlkem-native/pkcheck-af4c5abd-source-snapshot/proofs/cbmc/ct_cmask_nonzero_u16/ct_cmask_nonzero_u16_harness.c
mlk_kem_check_pk_cleanroom/PKCHECK_00BC_01A_ADMISSION_20260730T013748Z/mlkem-native_af4c5abd_isolated/proofs/cbmc/ct_cmask_nonzero_u8/Makefile	4ca00658bddd2ca9944b94084822ecf702d7961e65d97a6440380d580f864d63	2100	upstream/mlkem-native/pkcheck-af4c5abd-source-snapshot/proofs/cbmc/ct_cmask_nonzero_u8/Makefile
mlk_kem_check_pk_cleanroom/PKCHECK_00BC_01A_ADMISSION_20260730T013748Z/mlkem-native_af4c5abd_isolated/proofs/cbmc/ct_cmask_nonzero_u8/ct_cmask_nonzero_u8_harness.c	29a972350579f3826dd5a485882674212774e07eb9c03e4a63f370fd5b033d16	265	upstream/mlkem-native/pkcheck-af4c5abd-source-snapshot/proofs/cbmc/ct_cmask_nonzero_u8/ct_cmask_nonzero_u8_harness.c
mlk_kem_check_pk_cleanroom/PKCHECK_00BC_01A_ADMISSION_20260730T013748Z/mlkem-native_af4c5abd_isolated/proofs/cbmc/ct_cmov_zero/Makefile	e53300647fbe16583774d443800005320f8ec7e2e6378520b26137cdaf29d3f2	2030	upstream/mlkem-native/pkcheck-af4c5abd-source-snapshot/proofs/cbmc/ct_cmov_zero/Makefile
mlk_kem_check_pk_cleanroom/PKCHECK_00BC_01A_ADMISSION_20260730T013748Z/mlkem-native_af4c5abd_isolated/proofs/cbmc/ct_cmov_zero/ct_cmov_zero_harness.c	bf61fcbada52fa123afded01336118b1c5868f3323240fdbad7921f587e25237	293	upstream/mlkem-native/pkcheck-af4c5abd-source-snapshot/proofs/cbmc/ct_cmov_zero/ct_cmov_zero_harness.c
mlk_kem_check_pk_cleanroom/PKCHECK_00BC_01A_ADMISSION_20260730T013748Z/mlkem-native_af4c5abd_isolated/proofs/cbmc/ct_get_optblocker_i32/Makefile	dec32b887922c6feb12fbbe0f319aac5d96c555a1e2e6c134e6cb40a9a1015f4	2095	upstream/mlkem-native/pkcheck-af4c5abd-source-snapshot/proofs/cbmc/ct_get_optblocker_i32/Makefile
mlk_kem_check_pk_cleanroom/PKCHECK_00BC_01A_ADMISSION_20260730T013748Z/mlkem-native_af4c5abd_isolated/proofs/cbmc/ct_get_optblocker_i32/ct_get_optblocker_i32_harness.c	c85fdae9263977362a78964cd86d534416a5f1170dc0c1771be6c7eb3f9bbcfc	255	upstream/mlkem-native/pkcheck-af4c5abd-source-snapshot/proofs/cbmc/ct_get_optblocker_i32/ct_get_optblocker_i32_harness.c
mlk_kem_check_pk_cleanroom/PKCHECK_00BC_01A_ADMISSION_20260730T013748Z/mlkem-native_af4c5abd_isolated/proofs/cbmc/ct_get_optblocker_u32/Makefile	17d9e66604708a01787dd74046515c0ced34d6e69f424f4c461f96628d5f68e2	2095	upstream/mlkem-native/pkcheck-af4c5abd-source-snapshot/proofs/cbmc/ct_get_optblocker_u32/Makefile
mlk_kem_check_pk_cleanroom/PKCHECK_00BC_01A_ADMISSION_20260730T013748Z/mlkem-native_af4c5abd_isolated/proofs/cbmc/ct_get_optblocker_u32/ct_get_optblocker_u32_harness.c	9d6afd2a1cdc93484ce4304c48c1e8b57ff642868667570606c40d82d2b1fa25	256	upstream/mlkem-native/pkcheck-af4c5abd-source-snapshot/proofs/cbmc/ct_get_optblocker_u32/ct_get_optblocker_u32_harness.c
mlk_kem_check_pk_cleanroom/PKCHECK_00BC_01A_ADMISSION_20260730T013748Z/mlkem-native_af4c5abd_isolated/proofs/cbmc/ct_get_optblocker_u8/Makefile	99a8cad75b4f67a8ba3fbc884280f06101d8b728fd3658b4a31a3883fcdc3995	2091	upstream/mlkem-native/pkcheck-af4c5abd-source-snapshot/proofs/cbmc/ct_get_optblocker_u8/Makefile
mlk_kem_check_pk_cleanroom/PKCHECK_00BC_01A_ADMISSION_20260730T013748Z/mlkem-native_af4c5abd_isolated/proofs/cbmc/ct_get_optblocker_u8/ct_get_optblocker_u8_harness.c	b1b6627c615ae6115b35338a73c4a9e961ef92f26581db0541d634c8f6dca4c6	254	upstream/mlkem-native/pkcheck-af4c5abd-source-snapshot/proofs/cbmc/ct_get_optblocker_u8/ct_get_optblocker_u8_harness.c
mlk_kem_check_pk_cleanroom/PKCHECK_00BC_01A_ADMISSION_20260730T013748Z/mlkem-native_af4c5abd_isolated/proofs/cbmc/ct_memcmp/Makefile	c1e659e7bd2c8444f6b82b107f95de196fcf490f7c25d64ba2dc0d392ce2c48e	2058	upstream/mlkem-native/pkcheck-af4c5abd-source-snapshot/proofs/cbmc/ct_memcmp/Makefile
mlk_kem_check_pk_cleanroom/PKCHECK_00BC_01A_ADMISSION_20260730T013748Z/mlkem-native_af4c5abd_isolated/proofs/cbmc/ct_memcmp/ct_memcmp_harness.c	dbaae9902286baf318e9dfaceaaa5fac897ceaf11e36d1c779c007dc888a683a	297	upstream/mlkem-native/pkcheck-af4c5abd-source-snapshot/proofs/cbmc/ct_memcmp/ct_memcmp_harness.c
mlk_kem_check_pk_cleanroom/PKCHECK_00BC_01A_ADMISSION_20260730T013748Z/mlkem-native_af4c5abd_isolated/proofs/cbmc/ct_sel_int16/Makefile	f1e970928f03a8c2285b5024c9965d307d80db1b7e3ff893b014cc382a0454be	2075	upstream/mlkem-native/pkcheck-af4c5abd-source-snapshot/proofs/cbmc/ct_sel_int16/Makefile
mlk_kem_check_pk_cleanroom/PKCHECK_00BC_01A_ADMISSION_20260730T013748Z/mlkem-native_af4c5abd_isolated/proofs/cbmc/ct_sel_int16/ct_sel_int16_harness.c	1bbe69e15a48df16aa11c1bf3f7ca47b135111caecbeb083a3beae84a184eebd	287	upstream/mlkem-native/pkcheck-af4c5abd-source-snapshot/proofs/cbmc/ct_sel_int16/ct_sel_int16_harness.c
mlk_kem_check_pk_cleanroom/PKCHECK_00BC_01A_ADMISSION_20260730T013748Z/mlkem-native_af4c5abd_isolated/proofs/cbmc/ct_sel_uint8/Makefile	0986769c4d0539d9897f543f43d999ad6e593d7160726ad80f178c4bdd5c0a7f	2074	upstream/mlkem-native/pkcheck-af4c5abd-source-snapshot/proofs/cbmc/ct_sel_uint8/Makefile
mlk_kem_check_pk_cleanroom/PKCHECK_00BC_01A_ADMISSION_20260730T013748Z/mlkem-native_af4c5abd_isolated/proofs/cbmc/ct_sel_uint8/ct_sel_uint8_harness.c	ebeeddc7b5cbe9c3019af890b00b204d297392e437eb241a3294b46aa6e083cb	276	upstream/mlkem-native/pkcheck-af4c5abd-source-snapshot/proofs/cbmc/ct_sel_uint8/ct_sel_uint8_harness.c
mlk_kem_check_pk_cleanroom/PKCHECK_00BC_01A_ADMISSION_20260730T013748Z/mlkem-native_af4c5abd_isolated/proofs/cbmc/dummy_backend.h	210e72728be211d1a720262463c89124c3335fda75944db504024795a2bcc529	971	upstream/mlkem-native/pkcheck-af4c5abd-source-snapshot/proofs/cbmc/dummy_backend.h
mlk_kem_check_pk_cleanroom/PKCHECK_00BC_01A_ADMISSION_20260730T013748Z/mlkem-native_af4c5abd_isolated/proofs/cbmc/dummy_backend_fips202_x1.h	bd43b88b392e4f7f58d619d9404b2feaa2560e50fc97811df8541ce109aa3f84	316	upstream/mlkem-native/pkcheck-af4c5abd-source-snapshot/proofs/cbmc/dummy_backend_fips202_x1.h
mlk_kem_check_pk_cleanroom/PKCHECK_00BC_01A_ADMISSION_20260730T013748Z/mlkem-native_af4c5abd_isolated/proofs/cbmc/dummy_backend_fips202_x4.h	f5e9dd96130c8321bea6ddbf89f580ab67c42dc0d8f08e3e34a86d3e07e961e5	408	upstream/mlkem-native/pkcheck-af4c5abd-source-snapshot/proofs/cbmc/dummy_backend_fips202_x4.h
mlk_kem_check_pk_cleanroom/PKCHECK_00BC_01A_ADMISSION_20260730T013748Z/mlkem-native_af4c5abd_isolated/proofs/cbmc/enc_getnoise_eta1_eta2/Makefile	403a7d79d75258987224739963c878689f794684b09edf18401ac340d8228780	2455	upstream/mlkem-native/pkcheck-af4c5abd-source-snapshot/proofs/cbmc/enc_getnoise_eta1_eta2/Makefile
mlk_kem_check_pk_cleanroom/PKCHECK_00BC_01A_ADMISSION_20260730T013748Z/mlkem-native_af4c5abd_isolated/proofs/cbmc/enc_getnoise_eta1_eta2/enc_getnoise_eta1_eta2_harness.c	6f683fdb835d642288a4162d486b01d4800f7d1694d2427933383631a7aee4bb	622	upstream/mlkem-native/pkcheck-af4c5abd-source-snapshot/proofs/cbmc/enc_getnoise_eta1_eta2/enc_getnoise_eta1_eta2_harness.c
mlk_kem_check_pk_cleanroom/PKCHECK_00BC_01A_ADMISSION_20260730T013748Z/mlkem-native_af4c5abd_isolated/proofs/cbmc/fqmul/Makefile	318daff8367947f35adf20e005cc2702d21b25f2a86560627b1cfba579fcf67d	1997	upstream/mlkem-native/pkcheck-af4c5abd-source-snapshot/proofs/cbmc/fqmul/Makefile
mlk_kem_check_pk_cleanroom/PKCHECK_00BC_01A_ADMISSION_20260730T013748Z/mlkem-native_af4c5abd_isolated/proofs/cbmc/fqmul/fqmul_harness.c	b03b722e44d3b6bf18cb4dd82c5166c074a29ed0f54c9c90eacb8e80f376093a	320	upstream/mlkem-native/pkcheck-af4c5abd-source-snapshot/proofs/cbmc/fqmul/fqmul_harness.c
mlk_kem_check_pk_cleanroom/PKCHECK_00BC_01A_ADMISSION_20260730T013748Z/mlkem-native_af4c5abd_isolated/proofs/cbmc/gen_matrix/Makefile	56debda63f58640943bd868e6e9dda7ecf793f75c1ec6af2a693efe2a54ec32b	2239	upstream/mlkem-native/pkcheck-af4c5abd-source-snapshot/proofs/cbmc/gen_matrix/Makefile
mlk_kem_check_pk_cleanroom/PKCHECK_00BC_01A_ADMISSION_20260730T013748Z/mlkem-native_af4c5abd_isolated/proofs/cbmc/gen_matrix/gen_matrix_harness.c	e128dcc6ffefe06006a543f95e74763e174bf376d98303c8fe2f6fededb884fd	467	upstream/mlkem-native/pkcheck-af4c5abd-source-snapshot/proofs/cbmc/gen_matrix/gen_matrix_harness.c
mlk_kem_check_pk_cleanroom/PKCHECK_00BC_01A_ADMISSION_20260730T013748Z/mlkem-native_af4c5abd_isolated/proofs/cbmc/gen_matrix_serial/Makefile	605b1ea38ca45e7f8a4d0b44029a84a3477e087a26bc664c5b1b8c099885f39a	2205	upstream/mlkem-native/pkcheck-af4c5abd-source-snapshot/proofs/cbmc/gen_matrix_serial/Makefile
mlk_kem_check_pk_cleanroom/PKCHECK_00BC_01A_ADMISSION_20260730T013748Z/mlkem-native_af4c5abd_isolated/proofs/cbmc/gen_matrix_serial/gen_matrix_serial_harness.c	d59524be1588b115050da971e26fbaa8d0766b4162565970be0b53fd954e3976	399	upstream/mlkem-native/pkcheck-af4c5abd-source-snapshot/proofs/cbmc/gen_matrix_serial/gen_matrix_serial_harness.c
mlk_kem_check_pk_cleanroom/PKCHECK_00BC_01A_ADMISSION_20260730T013748Z/mlkem-native_af4c5abd_isolated/proofs/cbmc/indcpa_dec/Makefile	9d96867c1ae63dae2f7107e4e956571d0c9cc3ddd7ef75db48c9629f769d5d7e	2532	upstream/mlkem-native/pkcheck-af4c5abd-source-snapshot/proofs/cbmc/indcpa_dec/Makefile
mlk_kem_check_pk_cleanroom/PKCHECK_00BC_01A_ADMISSION_20260730T013748Z/mlkem-native_af4c5abd_isolated/proofs/cbmc/indcpa_dec/indcpa_dec_harness.c	ed7b14ce5df0145e4b3857211c99f7979b113373c0a9ffd86869329c24962ba0	302	upstream/mlkem-native/pkcheck-af4c5abd-source-snapshot/proofs/cbmc/indcpa_dec/indcpa_dec_harness.c
mlk_kem_check_pk_cleanroom/PKCHECK_00BC_01A_ADMISSION_20260730T013748Z/mlkem-native_af4c5abd_isolated/proofs/cbmc/indcpa_enc/Makefile	b167b9a5bcbe3274df4e9da8c20f7dc773f39a6a05ae6dd908a873b576af8392	2811	upstream/mlkem-native/pkcheck-af4c5abd-source-snapshot/proofs/cbmc/indcpa_enc/Makefile
mlk_kem_check_pk_cleanroom/PKCHECK_00BC_01A_ADMISSION_20260730T013748Z/mlkem-native_af4c5abd_isolated/proofs/cbmc/indcpa_enc/indcpa_enc_harness.c	662833d466cd95d4433f2d6931d4238cef9537b6d85ccefcb7351db9ffbe2ad1	324	upstream/mlkem-native/pkcheck-af4c5abd-source-snapshot/proofs/cbmc/indcpa_enc/indcpa_enc_harness.c
mlk_kem_check_pk_cleanroom/PKCHECK_00BC_01A_ADMISSION_20260730T013748Z/mlkem-native_af4c5abd_isolated/proofs/cbmc/indcpa_keypair_derand/Makefile	27fb982533f7521552c7d1be340b81313916c2d0c15b2e14adb9a4e71e349f9a	2494	upstream/mlkem-native/pkcheck-af4c5abd-source-snapshot/proofs/cbmc/indcpa_keypair_derand/Makefile
mlk_kem_check_pk_cleanroom/PKCHECK_00BC_01A_ADMISSION_20260730T013748Z/mlkem-native_af4c5abd_isolated/proofs/cbmc/indcpa_keypair_derand/indcpa_keypair_derand_harness.c	d0b23c6e108c7565c0859d9a50260a0528eeb402c128c350bc77408e380413c5	339	upstream/mlkem-native/pkcheck-af4c5abd-source-snapshot/proofs/cbmc/indcpa_keypair_derand/indcpa_keypair_derand_harness.c
mlk_kem_check_pk_cleanroom/PKCHECK_00BC_01A_ADMISSION_20260730T013748Z/mlkem-native_af4c5abd_isolated/proofs/cbmc/intt_native_aarch64/Makefile	f7b0a4c4f3c19cd92b251f879db78d59449a925363a30c5b86433d1678597bc2	2398	upstream/mlkem-native/pkcheck-af4c5abd-source-snapshot/proofs/cbmc/intt_native_aarch64/Makefile
mlk_kem_check_pk_cleanroom/PKCHECK_00BC_01A_ADMISSION_20260730T013748Z/mlkem-native_af4c5abd_isolated/proofs/cbmc/intt_native_aarch64/intt_native_aarch64_harness.c	d3424467659425031ea4e0b5dba60b9708ab0fae8df0d3fb6e989e865ed85ed2	331	upstream/mlkem-native/pkcheck-af4c5abd-source-snapshot/proofs/cbmc/intt_native_aarch64/intt_native_aarch64_harness.c
mlk_kem_check_pk_cleanroom/PKCHECK_00BC_01A_ADMISSION_20260730T013748Z/mlkem-native_af4c5abd_isolated/proofs/cbmc/intt_native_x86_64/Makefile	6c9aba90c63eef3f095dd030ce21c4b68953e2d011c9708b21f96a60dcfaf7e0	2357	upstream/mlkem-native/pkcheck-af4c5abd-source-snapshot/proofs/cbmc/intt_native_x86_64/Makefile
mlk_kem_check_pk_cleanroom/PKCHECK_00BC_01A_ADMISSION_20260730T013748Z/mlkem-native_af4c5abd_isolated/proofs/cbmc/intt_native_x86_64/intt_native_x86_64_harness.c	d3424467659425031ea4e0b5dba60b9708ab0fae8df0d3fb6e989e865ed85ed2	331	upstream/mlkem-native/pkcheck-af4c5abd-source-snapshot/proofs/cbmc/intt_native_x86_64/intt_native_x86_64_harness.c
mlk_kem_check_pk_cleanroom/PKCHECK_00BC_01A_ADMISSION_20260730T013748Z/mlkem-native_af4c5abd_isolated/proofs/cbmc/invntt_layer/Makefile	3491f2f41fdf90d7bb5b8bc3f4abce4390477cd835cca417ef790656a52f7b48	2051	upstream/mlkem-native/pkcheck-af4c5abd-source-snapshot/proofs/cbmc/invntt_layer/Makefile
mlk_kem_check_pk_cleanroom/PKCHECK_00BC_01A_ADMISSION_20260730T013748Z/mlkem-native_af4c5abd_isolated/proofs/cbmc/invntt_layer/invntt_layer_harness.c	05eb26df25235055e21d022b6888ad6e9129a97766fb37678927fdd6cc104e3a	334	upstream/mlkem-native/pkcheck-af4c5abd-source-snapshot/proofs/cbmc/invntt_layer/invntt_layer_harness.c
mlk_kem_check_pk_cleanroom/PKCHECK_00BC_01A_ADMISSION_20260730T013748Z/mlkem-native_af4c5abd_isolated/proofs/cbmc/keccak_absorb_once/Makefile	f6f37fe9d19f88b1d52e1fe8611b5e9173e0128166041054039ea06f8017ff0d	2110	upstream/mlkem-native/pkcheck-af4c5abd-source-snapshot/proofs/cbmc/keccak_absorb_once/Makefile
mlk_kem_check_pk_cleanroom/PKCHECK_00BC_01A_ADMISSION_20260730T013748Z/mlkem-native_af4c5abd_isolated/proofs/cbmc/keccak_absorb_once/keccak_absorb_once_harness.c	84a95e8deabb6a2b6b1aef884a025b8cb3af814545d50c5b990bdd9622b141c3	511	upstream/mlkem-native/pkcheck-af4c5abd-source-snapshot/proofs/cbmc/keccak_absorb_once/keccak_absorb_once_harness.c
mlk_kem_check_pk_cleanroom/PKCHECK_00BC_01A_ADMISSION_20260730T013748Z/mlkem-native_af4c5abd_isolated/proofs/cbmc/keccak_absorb_once_x4/Makefile	e19a40e149838a550d29808955b2821d6540ebc407dafa61b4c43046c88c2268	2128	upstream/mlkem-native/pkcheck-af4c5abd-source-snapshot/proofs/cbmc/keccak_absorb_once_x4/Makefile
mlk_kem_check_pk_cleanroom/PKCHECK_00BC_01A_ADMISSION_20260730T013748Z/mlkem-native_af4c5abd_isolated/proofs/cbmc/keccak_absorb_once_x4/keccak_absorb_once_x4_harness.c	14b1120057a2e045697171c132a40f88c696e0f53a8dedb15b227b49e62532ba	653	upstream/mlkem-native/pkcheck-af4c5abd-source-snapshot/proofs/cbmc/keccak_absorb_once_x4/keccak_absorb_once_x4_harness.c
mlk_kem_check_pk_cleanroom/PKCHECK_00BC_01A_ADMISSION_20260730T013748Z/mlkem-native_af4c5abd_isolated/proofs/cbmc/keccak_f1600_x1_native_aarch64/Makefile	9ff6c644fac3e64caff67b6c1d03552ef8a55db96d560de625ec7bbe4a559c82	2287	upstream/mlkem-native/pkcheck-af4c5abd-source-snapshot/proofs/cbmc/keccak_f1600_x1_native_aarch64/Makefile
mlk_kem_check_pk_cleanroom/PKCHECK_00BC_01A_ADMISSION_20260730T013748Z/mlkem-native_af4c5abd_isolated/proofs/cbmc/keccak_f1600_x1_native_aarch64/keccak_f1600_x1_native_aarch64_harness.c	6ec5ff24af95e300f1567e15371a4f64be24e4383963cf94944cd1c0e4ceb072	305	upstream/mlkem-native/pkcheck-af4c5abd-source-snapshot/proofs/cbmc/keccak_f1600_x1_native_aarch64/keccak_f1600_x1_native_aarch64_harness.c
mlk_kem_check_pk_cleanroom/PKCHECK_00BC_01A_ADMISSION_20260730T013748Z/mlkem-native_af4c5abd_isolated/proofs/cbmc/keccak_f1600_x1_native_aarch64_v84a/Makefile	6cfea0fe4afff472b56d9f06933cb04cc8e06243b1ebcb6872b0c6bd73ebb926	2314	upstream/mlkem-native/pkcheck-af4c5abd-source-snapshot/proofs/cbmc/keccak_f1600_x1_native_aarch64_v84a/Makefile
mlk_kem_check_pk_cleanroom/PKCHECK_00BC_01A_ADMISSION_20260730T013748Z/mlkem-native_af4c5abd_isolated/proofs/cbmc/keccak_f1600_x1_native_aarch64_v84a/keccak_f1600_x1_native_aarch64_v84a_harness.c	6ec5ff24af95e300f1567e15371a4f64be24e4383963cf94944cd1c0e4ceb072	305	upstream/mlkem-native/pkcheck-af4c5abd-source-snapshot/proofs/cbmc/keccak_f1600_x1_native_aarch64_v84a/keccak_f1600_x1_native_aarch64_v84a_harness.c
mlk_kem_check_pk_cleanroom/PKCHECK_00BC_01A_ADMISSION_20260730T013748Z/mlkem-native_af4c5abd_isolated/proofs/cbmc/keccak_f1600_x4_native_aarch64_v84a/Makefile	47398ee21bacfb24dda7b4f4b87028f7fb4e7c7071156e14ae982438444fc3a6	2326	upstream/mlkem-native/pkcheck-af4c5abd-source-snapshot/proofs/cbmc/keccak_f1600_x4_native_aarch64_v84a/Makefile
mlk_kem_check_pk_cleanroom/PKCHECK_00BC_01A_ADMISSION_20260730T013748Z/mlkem-native_af4c5abd_isolated/proofs/cbmc/keccak_f1600_x4_native_aarch64_v84a/keccak_f1600_x4_native_aarch64_v84a_harness.c	2daeb1924916fa2f6ddd8bd80971ca31a1c7f4bf3afa77d63194d0cc1a8c788d	305	upstream/mlkem-native/pkcheck-af4c5abd-source-snapshot/proofs/cbmc/keccak_f1600_x4_native_aarch64_v84a/keccak_f1600_x4_native_aarch64_v84a_harness.c
mlk_kem_check_pk_cleanroom/PKCHECK_00BC_01A_ADMISSION_20260730T013748Z/mlkem-native_af4c5abd_isolated/proofs/cbmc/keccak_f1600_x4_native_aarch64_v8a_scalar_hybrid/Makefile	0f85e2caf43e210b0f06e4c05bfa28e2bb5af22e783c9d86fe50d98a78a2c37a	2364	upstream/mlkem-native/pkcheck-af4c5abd-source-snapshot/proofs/cbmc/keccak_f1600_x4_native_aarch64_v8a_scalar_hybrid/Makefile
mlk_kem_check_pk_cleanroom/PKCHECK_00BC_01A_ADMISSION_20260730T013748Z/mlkem-native_af4c5abd_isolated/proofs/cbmc/keccak_f1600_x4_native_aarch64_v8a_scalar_hybrid/keccak_f1600_x4_native_aarch64_v8a_scalar_hybrid_harness.c	2daeb1924916fa2f6ddd8bd80971ca31a1c7f4bf3afa77d63194d0cc1a8c788d	305	upstream/mlkem-native/pkcheck-af4c5abd-source-snapshot/proofs/cbmc/keccak_f1600_x4_native_aarch64_v8a_scalar_hybrid/keccak_f1600_x4_native_aarch64_v8a_scalar_hybrid_harness.c
mlk_kem_check_pk_cleanroom/PKCHECK_00BC_01A_ADMISSION_20260730T013748Z/mlkem-native_af4c5abd_isolated/proofs/cbmc/keccak_f1600_x4_native_aarch64_v8a_v84a_scalar_hybrid/Makefile	7d56000099d41a0c9c03fa54953ae695bcba05d2f0709a83abc43cf083f8ac9f	2410	upstream/mlkem-native/pkcheck-af4c5abd-source-snapshot/proofs/cbmc/keccak_f1600_x4_native_aarch64_v8a_v84a_scalar_hybrid/Makefile
mlk_kem_check_pk_cleanroom/PKCHECK_00BC_01A_ADMISSION_20260730T013748Z/mlkem-native_af4c5abd_isolated/proofs/cbmc/keccak_f1600_x4_native_aarch64_v8a_v84a_scalar_hybrid/keccak_f1600_x4_native_aarch64_v8a_v84a_scalar_hybrid_harness.c	2daeb1924916fa2f6ddd8bd80971ca31a1c7f4bf3afa77d63194d0cc1a8c788d	305	upstream/mlkem-native/pkcheck-af4c5abd-source-snapshot/proofs/cbmc/keccak_f1600_x4_native_aarch64_v8a_v84a_scalar_hybrid/keccak_f1600_x4_native_aarch64_v8a_v84a_scalar_hybrid_harness.c
mlk_kem_check_pk_cleanroom/PKCHECK_00BC_01A_ADMISSION_20260730T013748Z/mlkem-native_af4c5abd_isolated/proofs/cbmc/keccak_f1600_x4_native_avx2/Makefile	97113f3ae01a5894460eede18be78b036b58dd4277bcb28b397da2e85418eb30	2278	upstream/mlkem-native/pkcheck-af4c5abd-source-snapshot/proofs/cbmc/keccak_f1600_x4_native_avx2/Makefile
mlk_kem_check_pk_cleanroom/PKCHECK_00BC_01A_ADMISSION_20260730T013748Z/mlkem-native_af4c5abd_isolated/proofs/cbmc/keccak_f1600_x4_native_avx2/keccak_f1600_x4_native_avx2_harness.c	2daeb1924916fa2f6ddd8bd80971ca31a1c7f4bf3afa77d63194d0cc1a8c788d	305	upstream/mlkem-native/pkcheck-af4c5abd-source-snapshot/proofs/cbmc/keccak_f1600_x4_native_avx2/keccak_f1600_x4_native_avx2_harness.c
mlk_kem_check_pk_cleanroom/PKCHECK_00BC_01A_ADMISSION_20260730T013748Z/mlkem-native_af4c5abd_isolated/proofs/cbmc/keccak_squeeze_once/Makefile	af1ffc4d999128b466303ae6d00afee4039929ec3cb1a4382f02227737813313	2118	upstream/mlkem-native/pkcheck-af4c5abd-source-snapshot/proofs/cbmc/keccak_squeeze_once/Makefile
mlk_kem_check_pk_cleanroom/PKCHECK_00BC_01A_ADMISSION_20260730T013748Z/mlkem-native_af4c5abd_isolated/proofs/cbmc/keccak_squeeze_once/keccak_squeeze_once_harness.c	d14d982dbf973015a4413a059c5049f8b241a1834d628f53e68a999f395f2847	481	upstream/mlkem-native/pkcheck-af4c5abd-source-snapshot/proofs/cbmc/keccak_squeeze_once/keccak_squeeze_once_harness.c
mlk_kem_check_pk_cleanroom/PKCHECK_00BC_01A_ADMISSION_20260730T013748Z/mlkem-native_af4c5abd_isolated/proofs/cbmc/keccak_squeezeblocks/Makefile	f6f7e2a60372ace3dd428443c4d3f02fdadc3cbf60ac134ebb82ff6734b67248	2122	upstream/mlkem-native/pkcheck-af4c5abd-source-snapshot/proofs/cbmc/keccak_squeezeblocks/Makefile
mlk_kem_check_pk_cleanroom/PKCHECK_00BC_01A_ADMISSION_20260730T013748Z/mlkem-native_af4c5abd_isolated/proofs/cbmc/keccak_squeezeblocks/keccak_squeezeblocks_harness.c	6f3e51d5c0bac6c10a608d702ebebc53c1c75bb5f9227d40f16d3760354c9552	487	upstream/mlkem-native/pkcheck-af4c5abd-source-snapshot/proofs/cbmc/keccak_squeezeblocks/keccak_squeezeblocks_harness.c
mlk_kem_check_pk_cleanroom/PKCHECK_00BC_01A_ADMISSION_20260730T013748Z/mlkem-native_af4c5abd_isolated/proofs/cbmc/keccak_squeezeblocks_x4/Makefile	115eb04f372283071dee41cddbf8b09c91e99c0484d75e71a9c048e3416e5996	2140	upstream/mlkem-native/pkcheck-af4c5abd-source-snapshot/proofs/cbmc/keccak_squeezeblocks_x4/Makefile
mlk_kem_check_pk_cleanroom/PKCHECK_00BC_01A_ADMISSION_20260730T013748Z/mlkem-native_af4c5abd_isolated/proofs/cbmc/keccak_squeezeblocks_x4/keccak_squeezeblocks_x4_harness.c	0d41d111ab504515e458b1a5d804a39b458636629c5cfa617543efb62b957576	619	upstream/mlkem-native/pkcheck-af4c5abd-source-snapshot/proofs/cbmc/keccak_squeezeblocks_x4/keccak_squeezeblocks_x4_harness.c
mlk_kem_check_pk_cleanroom/PKCHECK_00BC_01A_ADMISSION_20260730T013748Z/mlkem-native_af4c5abd_isolated/proofs/cbmc/keccakf1600_extract_bytes/Makefile	1b194ea09749ed9078a9a20fbfe45e4a071cd18052eebd46c145088e657af7a1	2065	upstream/mlkem-native/pkcheck-af4c5abd-source-snapshot/proofs/cbmc/keccakf1600_extract_bytes/Makefile
mlk_kem_check_pk_cleanroom/PKCHECK_00BC_01A_ADMISSION_20260730T013748Z/mlkem-native_af4c5abd_isolated/proofs/cbmc/keccakf1600_extract_bytes/keccakf1600_extract_bytes_harness.c	4d771a2c189c1de66b0486971f92f966f9811ed2e41080dbad8c7cd782de07e9	346	upstream/mlkem-native/pkcheck-af4c5abd-source-snapshot/proofs/cbmc/keccakf1600_extract_bytes/keccakf1600_extract_bytes_harness.c
mlk_kem_check_pk_cleanroom/PKCHECK_00BC_01A_ADMISSION_20260730T013748Z/mlkem-native_af4c5abd_isolated/proofs/cbmc/keccakf1600_extract_bytes_BE/Makefile	a8f0ad44e3b9db484a98190405f60c6b7907b10c750a7b6a2912d42e18282fb8	2128	upstream/mlkem-native/pkcheck-af4c5abd-source-snapshot/proofs/cbmc/keccakf1600_extract_bytes_BE/Makefile
mlk_kem_check_pk_cleanroom/PKCHECK_00BC_01A_ADMISSION_20260730T013748Z/mlkem-native_af4c5abd_isolated/proofs/cbmc/keccakf1600_extract_bytes_BE/keccakf1600_extract_bytes_be_harness.c	4d771a2c189c1de66b0486971f92f966f9811ed2e41080dbad8c7cd782de07e9	346	upstream/mlkem-native/pkcheck-af4c5abd-source-snapshot/proofs/cbmc/keccakf1600_extract_bytes_BE/keccakf1600_extract_bytes_be_harness.c
mlk_kem_check_pk_cleanroom/PKCHECK_00BC_01A_ADMISSION_20260730T013748Z/mlkem-native_af4c5abd_isolated/proofs/cbmc/keccakf1600_permute/Makefile	74f0eb0db5e4187250a46d6e5ed3f4b8e65efe446881419b20482e5473e5cdf1	2062	upstream/mlkem-native/pkcheck-af4c5abd-source-snapshot/proofs/cbmc/keccakf1600_permute/Makefile
mlk_kem_check_pk_cleanroom/PKCHECK_00BC_01A_ADMISSION_20260730T013748Z/mlkem-native_af4c5abd_isolated/proofs/cbmc/keccakf1600_permute/keccakf1600_permute_harness.c	3d5488354836a92e2257d623303806d5c26cd75176942c7714bf71dc5b8c45aa	249	upstream/mlkem-native/pkcheck-af4c5abd-source-snapshot/proofs/cbmc/keccakf1600_permute/keccakf1600_permute_harness.c
mlk_kem_check_pk_cleanroom/PKCHECK_00BC_01A_ADMISSION_20260730T013748Z/mlkem-native_af4c5abd_isolated/proofs/cbmc/keccakf1600_permute_c/Makefile	aa143ad606cff4f07884cb0d973152ed87421e4ae29d99646af2e79db856d1f8	2045	upstream/mlkem-native/pkcheck-af4c5abd-source-snapshot/proofs/cbmc/keccakf1600_permute_c/Makefile
mlk_kem_check_pk_cleanroom/PKCHECK_00BC_01A_ADMISSION_20260730T013748Z/mlkem-native_af4c5abd_isolated/proofs/cbmc/keccakf1600_permute_c/keccakf1600_permute_c_harness.c	a8fab99363e2a03f5da8a6d9b1c08d8fc899e799a13b2b3b1ac9738b525b9e26	301	upstream/mlkem-native/pkcheck-af4c5abd-source-snapshot/proofs/cbmc/keccakf1600_permute_c/keccakf1600_permute_c_harness.c
mlk_kem_check_pk_cleanroom/PKCHECK_00BC_01A_ADMISSION_20260730T013748Z/mlkem-native_af4c5abd_isolated/proofs/cbmc/keccakf1600_permute_native/Makefile	802162b9a2ff30a551540e91ee37f05c5089936583aab10e150d1b4f045ee9c9	2217	upstream/mlkem-native/pkcheck-af4c5abd-source-snapshot/proofs/cbmc/keccakf1600_permute_native/Makefile
mlk_kem_check_pk_cleanroom/PKCHECK_00BC_01A_ADMISSION_20260730T013748Z/mlkem-native_af4c5abd_isolated/proofs/cbmc/keccakf1600_permute_native/keccakf1600_permute_native_harness.c	3d5488354836a92e2257d623303806d5c26cd75176942c7714bf71dc5b8c45aa	249	upstream/mlkem-native/pkcheck-af4c5abd-source-snapshot/proofs/cbmc/keccakf1600_permute_native/keccakf1600_permute_native_harness.c
mlk_kem_check_pk_cleanroom/PKCHECK_00BC_01A_ADMISSION_20260730T013748Z/mlkem-native_af4c5abd_isolated/proofs/cbmc/keccakf1600_xor_bytes/Makefile	c1b277f21b44c1413babf12e6b9ecd601d184e63287ebcf1cf8c4dd453852b6c	2049	upstream/mlkem-native/pkcheck-af4c5abd-source-snapshot/proofs/cbmc/keccakf1600_xor_bytes/Makefile
mlk_kem_check_pk_cleanroom/PKCHECK_00BC_01A_ADMISSION_20260730T013748Z/mlkem-native_af4c5abd_isolated/proofs/cbmc/keccakf1600_xor_bytes/keccakf1600_xor_bytes_harness.c	6e7459b283764294b12771b84955892b4a9d6b2f0e82361af61e854e1f00ba25	348	upstream/mlkem-native/pkcheck-af4c5abd-source-snapshot/proofs/cbmc/keccakf1600_xor_bytes/keccakf1600_xor_bytes_harness.c
mlk_kem_check_pk_cleanroom/PKCHECK_00BC_01A_ADMISSION_20260730T013748Z/mlkem-native_af4c5abd_isolated/proofs/cbmc/keccakf1600_xor_bytes_BE/Makefile	428ec7cc8925f9a079c4e6669c420c4e5fbc8bf0560548233e76af2bfb091b3d	2111	upstream/mlkem-native/pkcheck-af4c5abd-source-snapshot/proofs/cbmc/keccakf1600_xor_bytes_BE/Makefile
mlk_kem_check_pk_cleanroom/PKCHECK_00BC_01A_ADMISSION_20260730T013748Z/mlkem-native_af4c5abd_isolated/proofs/cbmc/keccakf1600_xor_bytes_BE/keccakf1600_xor_bytes_be_harness.c	6e7459b283764294b12771b84955892b4a9d6b2f0e82361af61e854e1f00ba25	348	upstream/mlkem-native/pkcheck-af4c5abd-source-snapshot/proofs/cbmc/keccakf1600_xor_bytes_BE/keccakf1600_xor_bytes_be_harness.c
mlk_kem_check_pk_cleanroom/PKCHECK_00BC_01A_ADMISSION_20260730T013748Z/mlkem-native_af4c5abd_isolated/proofs/cbmc/keccakf1600x4_extract_bytes/Makefile	6263eff8adf1cd4f6c50b545cd23633bbf78b6dfc78a8a523b4eb21aa4343197	2106	upstream/mlkem-native/pkcheck-af4c5abd-source-snapshot/proofs/cbmc/keccakf1600x4_extract_bytes/Makefile
mlk_kem_check_pk_cleanroom/PKCHECK_00BC_01A_ADMISSION_20260730T013748Z/mlkem-native_af4c5abd_isolated/proofs/cbmc/keccakf1600x4_extract_bytes/keccakf1600x4_extract_bytes_harness.c	54dd51aa542cf4d3e021ca5b63e94e446a68c7f5d4839e9671027ae5e4e95b74	429	upstream/mlkem-native/pkcheck-af4c5abd-source-snapshot/proofs/cbmc/keccakf1600x4_extract_bytes/keccakf1600x4_extract_bytes_harness.c
mlk_kem_check_pk_cleanroom/PKCHECK_00BC_01A_ADMISSION_20260730T013748Z/mlkem-native_af4c5abd_isolated/proofs/cbmc/keccakf1600x4_extract_bytes_c/Makefile	6e14b950cdddc5678a18d8891005b5d24e346c4f6a54ab0d487d903b6915c7cc	2106	upstream/mlkem-native/pkcheck-af4c5abd-source-snapshot/proofs/cbmc/keccakf1600x4_extract_bytes_c/Makefile
mlk_kem_check_pk_cleanroom/PKCHECK_00BC_01A_ADMISSION_20260730T013748Z/mlkem-native_af4c5abd_isolated/proofs/cbmc/keccakf1600x4_extract_bytes_c/keccakf1600x4_extract_bytes_c_harness.c	3e294184af7729482b78161b7553509942706a76f45237e6068f089db426c293	769	upstream/mlkem-native/pkcheck-af4c5abd-source-snapshot/proofs/cbmc/keccakf1600x4_extract_bytes_c/keccakf1600x4_extract_bytes_c_harness.c
mlk_kem_check_pk_cleanroom/PKCHECK_00BC_01A_ADMISSION_20260730T013748Z/mlkem-native_af4c5abd_isolated/proofs/cbmc/keccakf1600x4_extract_bytes_native/Makefile	42f1e95a672e5fdd4488dbf12bf9761ccd39b14d98a095dae52cec338493274f	1163	upstream/mlkem-native/pkcheck-af4c5abd-source-snapshot/proofs/cbmc/keccakf1600x4_extract_bytes_native/Makefile
mlk_kem_check_pk_cleanroom/PKCHECK_00BC_01A_ADMISSION_20260730T013748Z/mlkem-native_af4c5abd_isolated/proofs/cbmc/keccakf1600x4_extract_bytes_native/keccakf1600x4_extract_bytes_native_harness.c	54dd51aa542cf4d3e021ca5b63e94e446a68c7f5d4839e9671027ae5e4e95b74	429	upstream/mlkem-native/pkcheck-af4c5abd-source-snapshot/proofs/cbmc/keccakf1600x4_extract_bytes_native/keccakf1600x4_extract_bytes_native_harness.c
mlk_kem_check_pk_cleanroom/PKCHECK_00BC_01A_ADMISSION_20260730T013748Z/mlkem-native_af4c5abd_isolated/proofs/cbmc/keccakf1600x4_permute/Makefile	79402d9b414d199c66b269241baa19262101eadbb9f5e9379c33173c36e25b4c	2068	upstream/mlkem-native/pkcheck-af4c5abd-source-snapshot/proofs/cbmc/keccakf1600x4_permute/Makefile
mlk_kem_check_pk_cleanroom/PKCHECK_00BC_01A_ADMISSION_20260730T013748Z/mlkem-native_af4c5abd_isolated/proofs/cbmc/keccakf1600x4_permute/keccakf1600x4_permute_harness.c	038db9e70d95cae65bd1f5d7dbaff8625f2d4eaf9f461e05d1d9ae0bc9564519	251	upstream/mlkem-native/pkcheck-af4c5abd-source-snapshot/proofs/cbmc/keccakf1600x4_permute/keccakf1600x4_permute_harness.c
mlk_kem_check_pk_cleanroom/PKCHECK_00BC_01A_ADMISSION_20260730T013748Z/mlkem-native_af4c5abd_isolated/proofs/cbmc/keccakf1600x4_permute_native_x4/Makefile	79a80c4c7c8a6fc0863c5180fec57736cbc8ba8cbaa5c0c51cb6027d5936434a	2204	upstream/mlkem-native/pkcheck-af4c5abd-source-snapshot/proofs/cbmc/keccakf1600x4_permute_native_x4/Makefile
mlk_kem_check_pk_cleanroom/PKCHECK_00BC_01A_ADMISSION_20260730T013748Z/mlkem-native_af4c5abd_isolated/proofs/cbmc/keccakf1600x4_permute_native_x4/keccakf1600x4_permute_native_x4_harness.c	038db9e70d95cae65bd1f5d7dbaff8625f2d4eaf9f461e05d1d9ae0bc9564519	251	upstream/mlkem-native/pkcheck-af4c5abd-source-snapshot/proofs/cbmc/keccakf1600x4_permute_native_x4/keccakf1600x4_permute_native_x4_harness.c
mlk_kem_check_pk_cleanroom/PKCHECK_00BC_01A_ADMISSION_20260730T013748Z/mlkem-native_af4c5abd_isolated/proofs/cbmc/keccakf1600x4_xor_bytes/Makefile	51c57baea093ea829eda462cfea4c4cab721de0fdc9a812e71f604e2130a6af0	2086	upstream/mlkem-native/pkcheck-af4c5abd-source-snapshot/proofs/cbmc/keccakf1600x4_xor_bytes/Makefile
mlk_kem_check_pk_cleanroom/PKCHECK_00BC_01A_ADMISSION_20260730T013748Z/mlkem-native_af4c5abd_isolated/proofs/cbmc/keccakf1600x4_xor_bytes/keccakf1600x4_xor_bytes_harness.c	450b5b5fa50bd729f52fb7ab34f2e7351056c17fc3367cb6901ae5b1f2299709	427	upstream/mlkem-native/pkcheck-af4c5abd-source-snapshot/proofs/cbmc/keccakf1600x4_xor_bytes/keccakf1600x4_xor_bytes_harness.c
mlk_kem_check_pk_cleanroom/PKCHECK_00BC_01A_ADMISSION_20260730T013748Z/mlkem-native_af4c5abd_isolated/proofs/cbmc/keccakf1600x4_xor_bytes_c/Makefile	989403f073603939ad7fce3f42dd55bd10bc4c57ed89beaf9c1de9fd18f9dbb9	2086	upstream/mlkem-native/pkcheck-af4c5abd-source-snapshot/proofs/cbmc/keccakf1600x4_xor_bytes_c/Makefile
mlk_kem_check_pk_cleanroom/PKCHECK_00BC_01A_ADMISSION_20260730T013748Z/mlkem-native_af4c5abd_isolated/proofs/cbmc/keccakf1600x4_xor_bytes_c/keccakf1600x4_xor_bytes_c_harness.c	145b63736248b48169768150edc0c158eaccef585543fa9cd1e52467790c9f1b	772	upstream/mlkem-native/pkcheck-af4c5abd-source-snapshot/proofs/cbmc/keccakf1600x4_xor_bytes_c/keccakf1600x4_xor_bytes_c_harness.c
mlk_kem_check_pk_cleanroom/PKCHECK_00BC_01A_ADMISSION_20260730T013748Z/mlkem-native_af4c5abd_isolated/proofs/cbmc/keccakf1600x4_xor_bytes_native/Makefile	3d8712b9b0057841a76e60791ac731836a6b692c25c1ba941a784ed3311de809	1139	upstream/mlkem-native/pkcheck-af4c5abd-source-snapshot/proofs/cbmc/keccakf1600x4_xor_bytes_native/Makefile
mlk_kem_check_pk_cleanroom/PKCHECK_00BC_01A_ADMISSION_20260730T013748Z/mlkem-native_af4c5abd_isolated/proofs/cbmc/keccakf1600x4_xor_bytes_native/keccakf1600x4_xor_bytes_native_harness.c	450b5b5fa50bd729f52fb7ab34f2e7351056c17fc3367cb6901ae5b1f2299709	427	upstream/mlkem-native/pkcheck-af4c5abd-source-snapshot/proofs/cbmc/keccakf1600x4_xor_bytes_native/keccakf1600x4_xor_bytes_native_harness.c
mlk_kem_check_pk_cleanroom/PKCHECK_00BC_01A_ADMISSION_20260730T013748Z/mlkem-native_af4c5abd_isolated/proofs/cbmc/kem_check_pk/.litani_cache_dir	0a807a12bcbf52b3aa9e06824982d85020a4ab57febd5881b481b3a4a43738dd	54	experiments/kem-check-pk/00-campaign-setup/native-baseline-proof/raw-evidence/.litani_cache_dir
mlk_kem_check_pk_cleanroom/PKCHECK_00BC_01A_ADMISSION_20260730T013748Z/mlkem-native_af4c5abd_isolated/proofs/cbmc/kem_check_pk/.ninja_log	0e3ed91bcdb155b38d5680820cedc7c8357630c41b70358c09f5c12464b0b93d	5290	experiments/kem-check-pk/00-campaign-setup/native-baseline-proof/raw-evidence/.ninja_log
mlk_kem_check_pk_cleanroom/PKCHECK_00BC_01A_ADMISSION_20260730T013748Z/mlkem-native_af4c5abd_isolated/proofs/cbmc/kem_check_pk/Makefile	5879f4fa29081163f73d0d01675ae0169fcc82b2119a0a7b2c7731b774fef7d6	2174	upstream/mlkem-native/pkcheck-af4c5abd-source-snapshot/proofs/cbmc/kem_check_pk/Makefile
mlk_kem_check_pk_cleanroom/PKCHECK_00BC_01A_ADMISSION_20260730T013748Z/mlkem-native_af4c5abd_isolated/proofs/cbmc/kem_check_pk/gotos/kem_check_pk_harness.goto	af97c5becb4a79d6bd86ac02cdd6b366bee98dce4eafac8a4fe884a7e31f76e9	280468	experiments/kem-check-pk/00-campaign-setup/native-baseline-proof/raw-evidence/gotos/kem_check_pk_harness.goto
mlk_kem_check_pk_cleanroom/PKCHECK_00BC_01A_ADMISSION_20260730T013748Z/mlkem-native_af4c5abd_isolated/proofs/cbmc/kem_check_pk/gotos/kem_check_pk_harness0100.goto	5856fba605da4a2456e36dc4a7acca6821f0b8dda6f1f3344c47f4d2f2fcf5c4	153631	experiments/kem-check-pk/00-campaign-setup/native-baseline-proof/raw-evidence/gotos/kem_check_pk_harness0100.goto
mlk_kem_check_pk_cleanroom/PKCHECK_00BC_01A_ADMISSION_20260730T013748Z/mlkem-native_af4c5abd_isolated/proofs/cbmc/kem_check_pk/gotos/kem_check_pk_harness0200.goto	798079c8b3f30c0b627098b64b085553c7fcc255d9c83955a5cdd0cb681b48b8	153317	experiments/kem-check-pk/00-campaign-setup/native-baseline-proof/raw-evidence/gotos/kem_check_pk_harness0200.goto
mlk_kem_check_pk_cleanroom/PKCHECK_00BC_01A_ADMISSION_20260730T013748Z/mlkem-native_af4c5abd_isolated/proofs/cbmc/kem_check_pk/gotos/kem_check_pk_harness0300.goto	798079c8b3f30c0b627098b64b085553c7fcc255d9c83955a5cdd0cb681b48b8	153317	experiments/kem-check-pk/00-campaign-setup/native-baseline-proof/raw-evidence/gotos/kem_check_pk_harness0300.goto
mlk_kem_check_pk_cleanroom/PKCHECK_00BC_01A_ADMISSION_20260730T013748Z/mlkem-native_af4c5abd_isolated/proofs/cbmc/kem_check_pk/gotos/kem_check_pk_harness0400.goto	de2602839a17e74485cbb7392d1d2074520d65878c05478445643c0f5e8a8cde	165805	experiments/kem-check-pk/00-campaign-setup/native-baseline-proof/raw-evidence/gotos/kem_check_pk_harness0400.goto
mlk_kem_check_pk_cleanroom/PKCHECK_00BC_01A_ADMISSION_20260730T013748Z/mlkem-native_af4c5abd_isolated/proofs/cbmc/kem_check_pk/gotos/kem_check_pk_harness0500.goto	395a1f183c5d71eff8da1823e4d036d5696598bc5883f156bcda5fed33f94463	164439	experiments/kem-check-pk/00-campaign-setup/native-baseline-proof/raw-evidence/gotos/kem_check_pk_harness0500.goto
mlk_kem_check_pk_cleanroom/PKCHECK_00BC_01A_ADMISSION_20260730T013748Z/mlkem-native_af4c5abd_isolated/proofs/cbmc/kem_check_pk/gotos/kem_check_pk_harness0600.goto	01b6c4cefdedb843a09fdd72f4c08118631f8507541759eb30ab286d1ea2993f	283077	experiments/kem-check-pk/00-campaign-setup/native-baseline-proof/raw-evidence/gotos/kem_check_pk_harness0600.goto
mlk_kem_check_pk_cleanroom/PKCHECK_00BC_01A_ADMISSION_20260730T013748Z/mlkem-native_af4c5abd_isolated/proofs/cbmc/kem_check_pk/gotos/kem_check_pk_harness0700.goto	996b322d378eb3161f788363714263f344ee752d85ab13105985539f426c2450	282920	experiments/kem-check-pk/00-campaign-setup/native-baseline-proof/raw-evidence/gotos/kem_check_pk_harness0700.goto
mlk_kem_check_pk_cleanroom/PKCHECK_00BC_01A_ADMISSION_20260730T013748Z/mlkem-native_af4c5abd_isolated/proofs/cbmc/kem_check_pk/gotos/kem_check_pk_harness0800.goto	af97c5becb4a79d6bd86ac02cdd6b366bee98dce4eafac8a4fe884a7e31f76e9	280468	experiments/kem-check-pk/00-campaign-setup/native-baseline-proof/raw-evidence/gotos/kem_check_pk_harness0800.goto
mlk_kem_check_pk_cleanroom/PKCHECK_00BC_01A_ADMISSION_20260730T013748Z/mlkem-native_af4c5abd_isolated/proofs/cbmc/kem_check_pk/gotos/project0100.goto	2035cd208fa7f1586b24d2990628123afc8ef2bc23555de404beca6c62c1f293	150154	experiments/kem-check-pk/00-campaign-setup/native-baseline-proof/raw-evidence/gotos/project0100.goto
mlk_kem_check_pk_cleanroom/PKCHECK_00BC_01A_ADMISSION_20260730T013748Z/mlkem-native_af4c5abd_isolated/proofs/cbmc/kem_check_pk/gotos/project0200.goto	8f43e439dd19f8627ca5c0d0c13f28c5f964f6c9a2cd5463ce24b67153098305	154139	experiments/kem-check-pk/00-campaign-setup/native-baseline-proof/raw-evidence/gotos/project0200.goto
mlk_kem_check_pk_cleanroom/PKCHECK_00BC_01A_ADMISSION_20260730T013748Z/mlkem-native_af4c5abd_isolated/proofs/cbmc/kem_check_pk/gotos/proof0100.goto	34345435cdf4be8902bf88a9104354f66da574cada806cf36bc547e725a1fa19	16380	experiments/kem-check-pk/00-campaign-setup/native-baseline-proof/raw-evidence/gotos/proof0100.goto
mlk_kem_check_pk_cleanroom/PKCHECK_00BC_01A_ADMISSION_20260730T013748Z/mlkem-native_af4c5abd_isolated/proofs/cbmc/kem_check_pk/kem_check_pk_harness.c	73326d4adc74568fc1976582f23ed5fd83ab66085ae9384eaf04f41f5373fcce	285	upstream/mlkem-native/pkcheck-af4c5abd-source-snapshot/proofs/cbmc/kem_check_pk/kem_check_pk_harness.c
mlk_kem_check_pk_cleanroom/PKCHECK_00BC_01A_ADMISSION_20260730T013748Z/mlkem-native_af4c5abd_isolated/proofs/cbmc/kem_check_pk/logs/check_function_contracts-log.txt	eb73047f0f430d18eb47a2e44608ff352a4bd8402bc1deb914800d386abc3b14	1562	experiments/kem-check-pk/00-campaign-setup/native-baseline-proof/raw-evidence/logs/check_function_contracts-log.txt
mlk_kem_check_pk_cleanroom/PKCHECK_00BC_01A_ADMISSION_20260730T013748Z/mlkem-native_af4c5abd_isolated/proofs/cbmc/kem_check_pk/logs/coverage-err-log.txt	01ba4719c80b6fe911b091a7c05124b64eeece964e09c058ef8f9805daca546b	1	experiments/kem-check-pk/00-campaign-setup/native-baseline-proof/raw-evidence/logs/coverage-err-log.txt
mlk_kem_check_pk_cleanroom/PKCHECK_00BC_01A_ADMISSION_20260730T013748Z/mlkem-native_af4c5abd_isolated/proofs/cbmc/kem_check_pk/logs/coverage.xml	52f1e7edb695436cae26c6b1779ab834b7ff537217255928f7bd443f8c90b886	203868	experiments/kem-check-pk/00-campaign-setup/native-baseline-proof/raw-evidence/logs/coverage.xml
mlk_kem_check_pk_cleanroom/PKCHECK_00BC_01A_ADMISSION_20260730T013748Z/mlkem-native_af4c5abd_isolated/proofs/cbmc/kem_check_pk/logs/drop_unused_functions-log.txt	fb18fe2bdf1e1dbcfcc3ba4ae01cc82139c139393bae0ef9323204e4d2dc950b	544	experiments/kem-check-pk/00-campaign-setup/native-baseline-proof/raw-evidence/logs/drop_unused_functions-log.txt
mlk_kem_check_pk_cleanroom/PKCHECK_00BC_01A_ADMISSION_20260730T013748Z/mlkem-native_af4c5abd_isolated/proofs/cbmc/kem_check_pk/logs/link_proof_project-log.txt	01ba4719c80b6fe911b091a7c05124b64eeece964e09c058ef8f9805daca546b	1	experiments/kem-check-pk/00-campaign-setup/native-baseline-proof/raw-evidence/logs/link_proof_project-log.txt
mlk_kem_check_pk_cleanroom/PKCHECK_00BC_01A_ADMISSION_20260730T013748Z/mlkem-native_af4c5abd_isolated/proofs/cbmc/kem_check_pk/logs/linking-library-models-log.txt	a19a3028a174053821f6e4768c8c70245080339a466ece97a1fd19cd3f0dd873	463	experiments/kem-check-pk/00-campaign-setup/native-baseline-proof/raw-evidence/logs/linking-library-models-log.txt
mlk_kem_check_pk_cleanroom/PKCHECK_00BC_01A_ADMISSION_20260730T013748Z/mlkem-native_af4c5abd_isolated/proofs/cbmc/kem_check_pk/logs/nondet_static-log.txt	01ba4719c80b6fe911b091a7c05124b64eeece964e09c058ef8f9805daca546b	1	experiments/kem-check-pk/00-campaign-setup/native-baseline-proof/raw-evidence/logs/nondet_static-log.txt
mlk_kem_check_pk_cleanroom/PKCHECK_00BC_01A_ADMISSION_20260730T013748Z/mlkem-native_af4c5abd_isolated/proofs/cbmc/kem_check_pk/logs/project_sources-log.txt	01ba4719c80b6fe911b091a7c05124b64eeece964e09c058ef8f9805daca546b	1	experiments/kem-check-pk/00-campaign-setup/native-baseline-proof/raw-evidence/logs/project_sources-log.txt
mlk_kem_check_pk_cleanroom/PKCHECK_00BC_01A_ADMISSION_20260730T013748Z/mlkem-native_af4c5abd_isolated/proofs/cbmc/kem_check_pk/logs/proof_sources-log.txt	01ba4719c80b6fe911b091a7c05124b64eeece964e09c058ef8f9805daca546b	1	experiments/kem-check-pk/00-campaign-setup/native-baseline-proof/raw-evidence/logs/proof_sources-log.txt
mlk_kem_check_pk_cleanroom/PKCHECK_00BC_01A_ADMISSION_20260730T013748Z/mlkem-native_af4c5abd_isolated/proofs/cbmc/kem_check_pk/logs/property-err-log.txt	01ba4719c80b6fe911b091a7c05124b64eeece964e09c058ef8f9805daca546b	1	experiments/kem-check-pk/00-campaign-setup/native-baseline-proof/raw-evidence/logs/property-err-log.txt
mlk_kem_check_pk_cleanroom/PKCHECK_00BC_01A_ADMISSION_20260730T013748Z/mlkem-native_af4c5abd_isolated/proofs/cbmc/kem_check_pk/logs/property.xml	8b3a0f72c367329a794cecc1d58c40314c6cb5101efb627bf535fd8feef2ba9a	119819	experiments/kem-check-pk/00-campaign-setup/native-baseline-proof/raw-evidence/logs/property.xml
mlk_kem_check_pk_cleanroom/PKCHECK_00BC_01A_ADMISSION_20260730T013748Z/mlkem-native_af4c5abd_isolated/proofs/cbmc/kem_check_pk/logs/remove_function_body-log.txt	b4df2dc218c2d64bfea2a7c97f332476c32f67d5fc3d5f884254ef9dec41ba82	405	experiments/kem-check-pk/00-campaign-setup/native-baseline-proof/raw-evidence/logs/remove_function_body-log.txt
mlk_kem_check_pk_cleanroom/PKCHECK_00BC_01A_ADMISSION_20260730T013748Z/mlkem-native_af4c5abd_isolated/proofs/cbmc/kem_check_pk/logs/restrict_function_pointer-log.txt	3cae0ee18494d5ae374ec7754916bf6e08894974521d362618b231ff47d6ff89	518	experiments/kem-check-pk/00-campaign-setup/native-baseline-proof/raw-evidence/logs/restrict_function_pointer-log.txt
mlk_kem_check_pk_cleanroom/PKCHECK_00BC_01A_ADMISSION_20260730T013748Z/mlkem-native_af4c5abd_isolated/proofs/cbmc/kem_check_pk/logs/result-err-log.txt	01ba4719c80b6fe911b091a7c05124b64eeece964e09c058ef8f9805daca546b	1	experiments/kem-check-pk/00-campaign-setup/native-baseline-proof/raw-evidence/logs/result-err-log.txt
mlk_kem_check_pk_cleanroom/PKCHECK_00BC_01A_ADMISSION_20260730T013748Z/mlkem-native_af4c5abd_isolated/proofs/cbmc/kem_check_pk/logs/result.xml	9faf240d1ae205cfb8e72582e0bf8b5ac41f69fca79dab7842d8d3dd61696944	71842	experiments/kem-check-pk/00-campaign-setup/native-baseline-proof/raw-evidence/logs/result.xml
mlk_kem_check_pk_cleanroom/PKCHECK_00BC_01A_ADMISSION_20260730T013748Z/mlkem-native_af4c5abd_isolated/proofs/cbmc/kem_check_pk/logs/slice_global_inits-log.txt	00186f255bac2c985477a80697c9377810558705885676d5b004529a4e9ddfae	574	experiments/kem-check-pk/00-campaign-setup/native-baseline-proof/raw-evidence/logs/slice_global_inits-log.txt
mlk_kem_check_pk_cleanroom/PKCHECK_00BC_01A_ADMISSION_20260730T013748Z/mlkem-native_af4c5abd_isolated/proofs/cbmc/kem_check_pk/logs/unwind_loops-log.txt	b04f570b6c0ba591ca9ce0aed48097b22fd2b9cfd743c6df3c13cfb5888d884d	431	experiments/kem-check-pk/00-campaign-setup/native-baseline-proof/raw-evidence/logs/unwind_loops-log.txt
mlk_kem_check_pk_cleanroom/PKCHECK_00BC_01A_ADMISSION_20260730T013748Z/mlkem-native_af4c5abd_isolated/proofs/cbmc/kem_check_sk/Makefile	65d0ef9aa5e4cedbab613932dc6ee9fcad7ce84924284f37661160e35834ab2e	2074	upstream/mlkem-native/pkcheck-af4c5abd-source-snapshot/proofs/cbmc/kem_check_sk/Makefile
mlk_kem_check_pk_cleanroom/PKCHECK_00BC_01A_ADMISSION_20260730T013748Z/mlkem-native_af4c5abd_isolated/proofs/cbmc/kem_check_sk/kem_check_sk_harness.c	5707fd906cdbd95739ea9f0f3c99ed4d9edad4fb71039d35f08bf0244e825559	285	upstream/mlkem-native/pkcheck-af4c5abd-source-snapshot/proofs/cbmc/kem_check_sk/kem_check_sk_harness.c
mlk_kem_check_pk_cleanroom/PKCHECK_00BC_01A_ADMISSION_20260730T013748Z/mlkem-native_af4c5abd_isolated/proofs/cbmc/kem_dec/Makefile	34cc976e0f1e6b02118dbd8229941dfd496b3d7b62d025cb458c7c0140ac7d88	2296	upstream/mlkem-native/pkcheck-af4c5abd-source-snapshot/proofs/cbmc/kem_dec/Makefile
mlk_kem_check_pk_cleanroom/PKCHECK_00BC_01A_ADMISSION_20260730T013748Z/mlkem-native_af4c5abd_isolated/proofs/cbmc/kem_dec/kem_dec_harness.c	d9c1fc30ec475e8ed9f9ef6e8e8fc48f1edb5438c7fa0648f044ef843e5737c7	294	upstream/mlkem-native/pkcheck-af4c5abd-source-snapshot/proofs/cbmc/kem_dec/kem_dec_harness.c
mlk_kem_check_pk_cleanroom/PKCHECK_00BC_01A_ADMISSION_20260730T013748Z/mlkem-native_af4c5abd_isolated/proofs/cbmc/kem_enc/Makefile	62ef0b9fe79a543b80ab8d6176bf9da57fb42c3bd680ce3361b5bb97c8dd2f05	2058	upstream/mlkem-native/pkcheck-af4c5abd-source-snapshot/proofs/cbmc/kem_enc/Makefile
mlk_kem_check_pk_cleanroom/PKCHECK_00BC_01A_ADMISSION_20260730T013748Z/mlkem-native_af4c5abd_isolated/proofs/cbmc/kem_enc/kem_enc_harness.c	2da4dde9e0222528c7d78483952686ccd9b5738f1b389b4dfe7ed736978e5212	294	upstream/mlkem-native/pkcheck-af4c5abd-source-snapshot/proofs/cbmc/kem_enc/kem_enc_harness.c
mlk_kem_check_pk_cleanroom/PKCHECK_00BC_01A_ADMISSION_20260730T013748Z/mlkem-native_af4c5abd_isolated/proofs/cbmc/kem_enc_derand/Makefile	b807790d0a087f00a733989aab9f482a7523842959545aca34b67cbb47a8777c	2300	upstream/mlkem-native/pkcheck-af4c5abd-source-snapshot/proofs/cbmc/kem_enc_derand/Makefile
mlk_kem_check_pk_cleanroom/PKCHECK_00BC_01A_ADMISSION_20260730T013748Z/mlkem-native_af4c5abd_isolated/proofs/cbmc/kem_enc_derand/kem_enc_derand_harness.c	403b38f37fc9fa8ca5eafe7e8ca981a2e6fdd3b5f4d348622207b6ca022c3378	329	upstream/mlkem-native/pkcheck-af4c5abd-source-snapshot/proofs/cbmc/kem_enc_derand/kem_enc_derand_harness.c
mlk_kem_check_pk_cleanroom/PKCHECK_00BC_01A_ADMISSION_20260730T013748Z/mlkem-native_af4c5abd_isolated/proofs/cbmc/kem_keypair/Makefile	108abd455156e8076f25fe9de1543efd00be70d9d24146994695299c5c070c49	2078	upstream/mlkem-native/pkcheck-af4c5abd-source-snapshot/proofs/cbmc/kem_keypair/Makefile
mlk_kem_check_pk_cleanroom/PKCHECK_00BC_01A_ADMISSION_20260730T013748Z/mlkem-native_af4c5abd_isolated/proofs/cbmc/kem_keypair/kem_keypair_harness.c	ab6e3085b34466fc32689ebbe8d30487db37846b6dc8c2ff36e4e8b36b022bf6	291	upstream/mlkem-native/pkcheck-af4c5abd-source-snapshot/proofs/cbmc/kem_keypair/kem_keypair_harness.c
mlk_kem_check_pk_cleanroom/PKCHECK_00BC_01A_ADMISSION_20260730T013748Z/mlkem-native_af4c5abd_isolated/proofs/cbmc/kem_keypair_derand/Makefile	739a2a8ea69da4253edb75b3597acf7ccab0b23f28cb6a7878193ac9113d9859	2112	upstream/mlkem-native/pkcheck-af4c5abd-source-snapshot/proofs/cbmc/kem_keypair_derand/Makefile
mlk_kem_check_pk_cleanroom/PKCHECK_00BC_01A_ADMISSION_20260730T013748Z/mlkem-native_af4c5abd_isolated/proofs/cbmc/kem_keypair_derand/kem_keypair_derand_harness.c	4248b09c0d673e3b0df7c846e5f17c609cd17282a0e81e51d13234572e2f0998	330	upstream/mlkem-native/pkcheck-af4c5abd-source-snapshot/proofs/cbmc/kem_keypair_derand/kem_keypair_derand_harness.c
mlk_kem_check_pk_cleanroom/PKCHECK_00BC_01A_ADMISSION_20260730T013748Z/mlkem-native_af4c5abd_isolated/proofs/cbmc/keypair_getnoise_eta1/Makefile	9497ea752c0a3a041e86e9be9e6f2033df6ff61945fda61dc23390c315cbcec3	2045	upstream/mlkem-native/pkcheck-af4c5abd-source-snapshot/proofs/cbmc/keypair_getnoise_eta1/Makefile
mlk_kem_check_pk_cleanroom/PKCHECK_00BC_01A_ADMISSION_20260730T013748Z/mlkem-native_af4c5abd_isolated/proofs/cbmc/keypair_getnoise_eta1/keypair_getnoise_eta1_harness.c	251d35f45033fbbff695f1e6722953bb685e930485d1a0cbb5b5f19ec2770fa4	572	upstream/mlkem-native/pkcheck-af4c5abd-source-snapshot/proofs/cbmc/keypair_getnoise_eta1/keypair_getnoise_eta1_harness.c
mlk_kem_check_pk_cleanroom/PKCHECK_00BC_01A_ADMISSION_20260730T013748Z/mlkem-native_af4c5abd_isolated/proofs/cbmc/lib/__init__.py	6c6ec57de9f82ef42d82760f144a4571cb16b3cd6de33aaa7aa9fd65e8ab1fa1	38	upstream/mlkem-native/pkcheck-af4c5abd-source-snapshot/proofs/cbmc/lib/__init__.py
mlk_kem_check_pk_cleanroom/PKCHECK_00BC_01A_ADMISSION_20260730T013748Z/mlkem-native_af4c5abd_isolated/proofs/cbmc/lib/print_tool_versions.py	97971f41694084d9ef85bdf2b88f78f5cf27630a6c34f2fc60127307336fedcf	1860	upstream/mlkem-native/pkcheck-af4c5abd-source-snapshot/proofs/cbmc/lib/print_tool_versions.py
mlk_kem_check_pk_cleanroom/PKCHECK_00BC_01A_ADMISSION_20260730T013748Z/mlkem-native_af4c5abd_isolated/proofs/cbmc/lib/summarize.py	dcf46e4a9b0cc3af0ebfd4851c3da7763a3a23f10bf057e9ebd9917a20ca542d	7046	upstream/mlkem-native/pkcheck-af4c5abd-source-snapshot/proofs/cbmc/lib/summarize.py
mlk_kem_check_pk_cleanroom/PKCHECK_00BC_01A_ADMISSION_20260730T013748Z/mlkem-native_af4c5abd_isolated/proofs/cbmc/lib/z3_bv_sort	4c804881fa8ad4d43398726770bc13eb944eb0c9f629587693905f71662fb872	154	upstream/mlkem-native/pkcheck-af4c5abd-source-snapshot/proofs/cbmc/lib/z3_bv_sort
mlk_kem_check_pk_cleanroom/PKCHECK_00BC_01A_ADMISSION_20260730T013748Z/mlkem-native_af4c5abd_isolated/proofs/cbmc/lib/z3_smt_only	ef1a0ded024f74fec1db704f00a3daa041fbc1ab3ccf113fd223be83d7de6c1e	155	upstream/mlkem-native/pkcheck-af4c5abd-source-snapshot/proofs/cbmc/lib/z3_smt_only
mlk_kem_check_pk_cleanroom/PKCHECK_00BC_01A_ADMISSION_20260730T013748Z/mlkem-native_af4c5abd_isolated/proofs/cbmc/list_proofs.sh	c26b86910c06eae5ca6af5e5d351e8e28d27ec064aef8906e28c81cd8c6cd79e	346	upstream/mlkem-native/pkcheck-af4c5abd-source-snapshot/proofs/cbmc/list_proofs.sh
mlk_kem_check_pk_cleanroom/PKCHECK_00BC_01A_ADMISSION_20260730T013748Z/mlkem-native_af4c5abd_isolated/proofs/cbmc/matvec_mul/Makefile	b6c6ef527d9c1a4abfc1b4849fc286855994ac59e3cb8689d727868f0d34a21d	2017	upstream/mlkem-native/pkcheck-af4c5abd-source-snapshot/proofs/cbmc/matvec_mul/Makefile
mlk_kem_check_pk_cleanroom/PKCHECK_00BC_01A_ADMISSION_20260730T013748Z/mlkem-native_af4c5abd_isolated/proofs/cbmc/matvec_mul/matvec_mul_harness.c	6a7b13cde1287eca869d2795beb3b656cb0d00cd8da9bb7a07f9784f8c1d7f39	595	upstream/mlkem-native/pkcheck-af4c5abd-source-snapshot/proofs/cbmc/matvec_mul/matvec_mul_harness.c
mlk_kem_check_pk_cleanroom/PKCHECK_00BC_01A_ADMISSION_20260730T013748Z/mlkem-native_af4c5abd_isolated/proofs/cbmc/mlkem_native_config_cbmc.h	80ddb0475ebf187ce3ebde81a156632b098f191b81b1ed922b54fe8aec35cfaf	22207	upstream/mlkem-native/pkcheck-af4c5abd-source-snapshot/proofs/cbmc/mlkem_native_config_cbmc.h
mlk_kem_check_pk_cleanroom/PKCHECK_00BC_01A_ADMISSION_20260730T013748Z/mlkem-native_af4c5abd_isolated/proofs/cbmc/montgomery_reduce/Makefile	beadf31620e8118e45153d7f65e69667fde5da8c8b26aa18d6a46aa1253da46f	2045	upstream/mlkem-native/pkcheck-af4c5abd-source-snapshot/proofs/cbmc/montgomery_reduce/Makefile
mlk_kem_check_pk_cleanroom/PKCHECK_00BC_01A_ADMISSION_20260730T013748Z/mlkem-native_af4c5abd_isolated/proofs/cbmc/montgomery_reduce/montgomery_reduce_harness.c	9b12179135d0cf6b7e1d79e5ab5883bd376228f9672b8dbf4ad7039125df944d	399	upstream/mlkem-native/pkcheck-af4c5abd-source-snapshot/proofs/cbmc/montgomery_reduce/montgomery_reduce_harness.c
mlk_kem_check_pk_cleanroom/PKCHECK_00BC_01A_ADMISSION_20260730T013748Z/mlkem-native_af4c5abd_isolated/proofs/cbmc/ntt_butterfly_block/Makefile	2502a2c24175da91157cda2bdeb1ce128cc16ebb369384094c0c7f7e6f8cd52d	2035	upstream/mlkem-native/pkcheck-af4c5abd-source-snapshot/proofs/cbmc/ntt_butterfly_block/Makefile
mlk_kem_check_pk_cleanroom/PKCHECK_00BC_01A_ADMISSION_20260730T013748Z/mlkem-native_af4c5abd_isolated/proofs/cbmc/ntt_butterfly_block/ntt_butterfly_block_harness.c	fb8ef8311c180d948b0dee957254971a92ecd4a1ce64e0f93d28569fdda3a7fc	463	upstream/mlkem-native/pkcheck-af4c5abd-source-snapshot/proofs/cbmc/ntt_butterfly_block/ntt_butterfly_block_harness.c
mlk_kem_check_pk_cleanroom/PKCHECK_00BC_01A_ADMISSION_20260730T013748Z/mlkem-native_af4c5abd_isolated/proofs/cbmc/ntt_layer/Makefile	3d8b880f5ac7c74d488c2dd46474fc969897b85e5b3d91a5e5799d0b643ab83f	2009	upstream/mlkem-native/pkcheck-af4c5abd-source-snapshot/proofs/cbmc/ntt_layer/Makefile
mlk_kem_check_pk_cleanroom/PKCHECK_00BC_01A_ADMISSION_20260730T013748Z/mlkem-native_af4c5abd_isolated/proofs/cbmc/ntt_layer/ntt_layer_harness.c	8ce709fd519677ef9bcffddf1b3b10eafb4b5c3368e97b20ee274dd53f661976	306	upstream/mlkem-native/pkcheck-af4c5abd-source-snapshot/proofs/cbmc/ntt_layer/ntt_layer_harness.c
mlk_kem_check_pk_cleanroom/PKCHECK_00BC_01A_ADMISSION_20260730T013748Z/mlkem-native_af4c5abd_isolated/proofs/cbmc/ntt_native_aarch64/Makefile	ec5e855f1647839273d0b8e74aa0e9c7afc123edfc04c5a31f8c17bdb8a26343	2393	upstream/mlkem-native/pkcheck-af4c5abd-source-snapshot/proofs/cbmc/ntt_native_aarch64/Makefile
mlk_kem_check_pk_cleanroom/PKCHECK_00BC_01A_ADMISSION_20260730T013748Z/mlkem-native_af4c5abd_isolated/proofs/cbmc/ntt_native_aarch64/ntt_native_aarch64_harness.c	e268e1eceee475df9deb5003601cdecc3fc32a5ddb2c6891bef36ac1c1ad172a	329	upstream/mlkem-native/pkcheck-af4c5abd-source-snapshot/proofs/cbmc/ntt_native_aarch64/ntt_native_aarch64_harness.c
mlk_kem_check_pk_cleanroom/PKCHECK_00BC_01A_ADMISSION_20260730T013748Z/mlkem-native_af4c5abd_isolated/proofs/cbmc/ntt_native_x86_64/Makefile	ab7e8fc64a480725266bb477f6ca67524ee2692232fbe0c859ed83eded29c554	2350	upstream/mlkem-native/pkcheck-af4c5abd-source-snapshot/proofs/cbmc/ntt_native_x86_64/Makefile
mlk_kem_check_pk_cleanroom/PKCHECK_00BC_01A_ADMISSION_20260730T013748Z/mlkem-native_af4c5abd_isolated/proofs/cbmc/ntt_native_x86_64/ntt_native_x86_64_harness.c	e268e1eceee475df9deb5003601cdecc3fc32a5ddb2c6891bef36ac1c1ad172a	329	upstream/mlkem-native/pkcheck-af4c5abd-source-snapshot/proofs/cbmc/ntt_native_x86_64/ntt_native_x86_64_harness.c
mlk_kem_check_pk_cleanroom/PKCHECK_00BC_01A_ADMISSION_20260730T013748Z/mlkem-native_af4c5abd_isolated/proofs/cbmc/nttunpack_native_x86_64/Makefile	fd79e638e1193c28dbf7c3af896dfd063396d8abbc11b572836570bfa9eacb81	2348	upstream/mlkem-native/pkcheck-af4c5abd-source-snapshot/proofs/cbmc/nttunpack_native_x86_64/Makefile
mlk_kem_check_pk_cleanroom/PKCHECK_00BC_01A_ADMISSION_20260730T013748Z/mlkem-native_af4c5abd_isolated/proofs/cbmc/nttunpack_native_x86_64/nttunpack_native_x86_64_harness.c	9b1465a119418ce2dc94b5275270f80a5d3c7beaae5a59cd852ee2397bc68a2b	459	upstream/mlkem-native/pkcheck-af4c5abd-source-snapshot/proofs/cbmc/nttunpack_native_x86_64/nttunpack_native_x86_64_harness.c
mlk_kem_check_pk_cleanroom/PKCHECK_00BC_01A_ADMISSION_20260730T013748Z/mlkem-native_af4c5abd_isolated/proofs/cbmc/poly_add/Makefile	0df1004d25414b9163721a6741810f9e4f73a4bbaa033ea9c8c0519c0f364686	1978	upstream/mlkem-native/pkcheck-af4c5abd-source-snapshot/proofs/cbmc/poly_add/Makefile
mlk_kem_check_pk_cleanroom/PKCHECK_00BC_01A_ADMISSION_20260730T013748Z/mlkem-native_af4c5abd_isolated/proofs/cbmc/poly_add/poly_add_harness.c	ff4c40902b23a6a30c717f9381be5d5ba65cb027ed07489311ce4720c6bb9188	253	upstream/mlkem-native/pkcheck-af4c5abd-source-snapshot/proofs/cbmc/poly_add/poly_add_harness.c
mlk_kem_check_pk_cleanroom/PKCHECK_00BC_01A_ADMISSION_20260730T013748Z/mlkem-native_af4c5abd_isolated/proofs/cbmc/poly_cbd_eta1/Makefile	bee1111207fcaf0b53f816cf03c75b98c1a14faa8344e1c39edd7e3f850399e2	2031	upstream/mlkem-native/pkcheck-af4c5abd-source-snapshot/proofs/cbmc/poly_cbd_eta1/Makefile
mlk_kem_check_pk_cleanroom/PKCHECK_00BC_01A_ADMISSION_20260730T013748Z/mlkem-native_af4c5abd_isolated/proofs/cbmc/poly_cbd_eta1/poly_cbd_eta1_harness.c	21cd108089fe43e509b513dd41bb25f3c2957720f7bdc31d86a135800d4ba8c1	419	upstream/mlkem-native/pkcheck-af4c5abd-source-snapshot/proofs/cbmc/poly_cbd_eta1/poly_cbd_eta1_harness.c
mlk_kem_check_pk_cleanroom/PKCHECK_00BC_01A_ADMISSION_20260730T013748Z/mlkem-native_af4c5abd_isolated/proofs/cbmc/poly_cbd_eta2/Makefile	f133ca5a0999e53469996f97c1b2ab520a85fb7e6e9394094fec8a5506b88ffd	2188	upstream/mlkem-native/pkcheck-af4c5abd-source-snapshot/proofs/cbmc/poly_cbd_eta2/Makefile
mlk_kem_check_pk_cleanroom/PKCHECK_00BC_01A_ADMISSION_20260730T013748Z/mlkem-native_af4c5abd_isolated/proofs/cbmc/poly_cbd_eta2/poly_cbd_eta2_harness.c	8477942e898ad33f66759719a2cfd746faa561e34395879208cfdd746552dec4	560	upstream/mlkem-native/pkcheck-af4c5abd-source-snapshot/proofs/cbmc/poly_cbd_eta2/poly_cbd_eta2_harness.c
mlk_kem_check_pk_cleanroom/PKCHECK_00BC_01A_ADMISSION_20260730T013748Z/mlkem-native_af4c5abd_isolated/proofs/cbmc/poly_compress_d10/Makefile	a4d54c0645b55ed633430f6e90aee901f49a04213541d69d4721b7702bd8bb0a	1342	upstream/mlkem-native/pkcheck-af4c5abd-source-snapshot/proofs/cbmc/poly_compress_d10/Makefile
mlk_kem_check_pk_cleanroom/PKCHECK_00BC_01A_ADMISSION_20260730T013748Z/mlkem-native_af4c5abd_isolated/proofs/cbmc/poly_compress_d10/poly_compress_d10_harness.c	0972dd9bc7ade48dbfa3e9df2bcddffdf155c397b9f33726530d76159184443a	285	upstream/mlkem-native/pkcheck-af4c5abd-source-snapshot/proofs/cbmc/poly_compress_d10/poly_compress_d10_harness.c
mlk_kem_check_pk_cleanroom/PKCHECK_00BC_01A_ADMISSION_20260730T013748Z/mlkem-native_af4c5abd_isolated/proofs/cbmc/poly_compress_d10_c/Makefile	ee71f626d0cb67ecdb2c390a337d176abc4dcb169a42fe8b1386c957fd40105c	1299	upstream/mlkem-native/pkcheck-af4c5abd-source-snapshot/proofs/cbmc/poly_compress_d10_c/Makefile
mlk_kem_check_pk_cleanroom/PKCHECK_00BC_01A_ADMISSION_20260730T013748Z/mlkem-native_af4c5abd_isolated/proofs/cbmc/poly_compress_d10_c/poly_compress_d10_c_harness.c	cc8a6267dad27e7b8024d0cf0035af5e7694032605a2175da51fb54319d8c7ff	408	upstream/mlkem-native/pkcheck-af4c5abd-source-snapshot/proofs/cbmc/poly_compress_d10_c/poly_compress_d10_c_harness.c
mlk_kem_check_pk_cleanroom/PKCHECK_00BC_01A_ADMISSION_20260730T013748Z/mlkem-native_af4c5abd_isolated/proofs/cbmc/poly_compress_d10_native/Makefile	846766596c7bf076089811076f3d68bd7b1511d982b382a7c16e6609aee2f707	1512	upstream/mlkem-native/pkcheck-af4c5abd-source-snapshot/proofs/cbmc/poly_compress_d10_native/Makefile
mlk_kem_check_pk_cleanroom/PKCHECK_00BC_01A_ADMISSION_20260730T013748Z/mlkem-native_af4c5abd_isolated/proofs/cbmc/poly_compress_d10_native/poly_compress_d10_native_harness.c	0972dd9bc7ade48dbfa3e9df2bcddffdf155c397b9f33726530d76159184443a	285	upstream/mlkem-native/pkcheck-af4c5abd-source-snapshot/proofs/cbmc/poly_compress_d10_native/poly_compress_d10_native_harness.c
mlk_kem_check_pk_cleanroom/PKCHECK_00BC_01A_ADMISSION_20260730T013748Z/mlkem-native_af4c5abd_isolated/proofs/cbmc/poly_compress_d10_native_x86_64/Makefile	7715c064bf9347134126d94bda033d53a57066d92ab49de1754668da34c09360	2362	upstream/mlkem-native/pkcheck-af4c5abd-source-snapshot/proofs/cbmc/poly_compress_d10_native_x86_64/Makefile
mlk_kem_check_pk_cleanroom/PKCHECK_00BC_01A_ADMISSION_20260730T013748Z/mlkem-native_af4c5abd_isolated/proofs/cbmc/poly_compress_d10_native_x86_64/poly_compress_d10_native_x86_64_harness.c	4a3d13e99734e7c838462b3416b8e6e047ae495638c8fd48e66e1a1db3934b10	522	upstream/mlkem-native/pkcheck-af4c5abd-source-snapshot/proofs/cbmc/poly_compress_d10_native_x86_64/poly_compress_d10_native_x86_64_harness.c
mlk_kem_check_pk_cleanroom/PKCHECK_00BC_01A_ADMISSION_20260730T013748Z/mlkem-native_af4c5abd_isolated/proofs/cbmc/poly_compress_d11/Makefile	97f6785957a0adda2b3774e62813fce2f38007b067289d822614ce8b1c5e22e0	1341	upstream/mlkem-native/pkcheck-af4c5abd-source-snapshot/proofs/cbmc/poly_compress_d11/Makefile
mlk_kem_check_pk_cleanroom/PKCHECK_00BC_01A_ADMISSION_20260730T013748Z/mlkem-native_af4c5abd_isolated/proofs/cbmc/poly_compress_d11/poly_compress_d11_harness.c	10b760e2cd19161b7071a81dbabd7619498a5e0d383416cd2e62b0709399926e	285	upstream/mlkem-native/pkcheck-af4c5abd-source-snapshot/proofs/cbmc/poly_compress_d11/poly_compress_d11_harness.c
mlk_kem_check_pk_cleanroom/PKCHECK_00BC_01A_ADMISSION_20260730T013748Z/mlkem-native_af4c5abd_isolated/proofs/cbmc/poly_compress_d11_c/Makefile	d93a7cc48ce5ad1bcc2b42eaef726d0c678915bdc2b45c3928cf621131fa0024	1298	upstream/mlkem-native/pkcheck-af4c5abd-source-snapshot/proofs/cbmc/poly_compress_d11_c/Makefile
mlk_kem_check_pk_cleanroom/PKCHECK_00BC_01A_ADMISSION_20260730T013748Z/mlkem-native_af4c5abd_isolated/proofs/cbmc/poly_compress_d11_c/poly_compress_d11_c_harness.c	94d662154f18e2f37ac886f94dbfc01ddd2e9787619cb66555c3c7b7d9674dfc	408	upstream/mlkem-native/pkcheck-af4c5abd-source-snapshot/proofs/cbmc/poly_compress_d11_c/poly_compress_d11_c_harness.c
mlk_kem_check_pk_cleanroom/PKCHECK_00BC_01A_ADMISSION_20260730T013748Z/mlkem-native_af4c5abd_isolated/proofs/cbmc/poly_compress_d11_native/Makefile	f4172a222efb1faf826c9e2e0c6e51daaf6a2528ff437985052779dfedff935d	1511	upstream/mlkem-native/pkcheck-af4c5abd-source-snapshot/proofs/cbmc/poly_compress_d11_native/Makefile
mlk_kem_check_pk_cleanroom/PKCHECK_00BC_01A_ADMISSION_20260730T013748Z/mlkem-native_af4c5abd_isolated/proofs/cbmc/poly_compress_d11_native/poly_compress_d11_native_harness.c	10b760e2cd19161b7071a81dbabd7619498a5e0d383416cd2e62b0709399926e	285	upstream/mlkem-native/pkcheck-af4c5abd-source-snapshot/proofs/cbmc/poly_compress_d11_native/poly_compress_d11_native_harness.c
mlk_kem_check_pk_cleanroom/PKCHECK_00BC_01A_ADMISSION_20260730T013748Z/mlkem-native_af4c5abd_isolated/proofs/cbmc/poly_compress_d11_native_x86_64/Makefile	2771fab9c0f2008e56ea66e7a7bec0f7bb2712de9dfe325f805a8f0716814554	2361	upstream/mlkem-native/pkcheck-af4c5abd-source-snapshot/proofs/cbmc/poly_compress_d11_native_x86_64/Makefile
mlk_kem_check_pk_cleanroom/PKCHECK_00BC_01A_ADMISSION_20260730T013748Z/mlkem-native_af4c5abd_isolated/proofs/cbmc/poly_compress_d11_native_x86_64/poly_compress_d11_native_x86_64_harness.c	a385b88b6ba73d28d4f89b54875cf6a51a5aabb100b9ad6026de7b6b1c713bf7	522	upstream/mlkem-native/pkcheck-af4c5abd-source-snapshot/proofs/cbmc/poly_compress_d11_native_x86_64/poly_compress_d11_native_x86_64_harness.c
mlk_kem_check_pk_cleanroom/PKCHECK_00BC_01A_ADMISSION_20260730T013748Z/mlkem-native_af4c5abd_isolated/proofs/cbmc/poly_compress_d4/Makefile	af749aaa5ddcb8ab13cfc66bf21c0f6292d0b4919c589b5861d55dbc11ec14c7	1337	upstream/mlkem-native/pkcheck-af4c5abd-source-snapshot/proofs/cbmc/poly_compress_d4/Makefile
mlk_kem_check_pk_cleanroom/PKCHECK_00BC_01A_ADMISSION_20260730T013748Z/mlkem-native_af4c5abd_isolated/proofs/cbmc/poly_compress_d4/poly_compress_d4_harness.c	8def98a7d627b9f6d3a7b4aa8776bc8622815f10706f1e3a371879161b7b3e35	284	upstream/mlkem-native/pkcheck-af4c5abd-source-snapshot/proofs/cbmc/poly_compress_d4/poly_compress_d4_harness.c
mlk_kem_check_pk_cleanroom/PKCHECK_00BC_01A_ADMISSION_20260730T013748Z/mlkem-native_af4c5abd_isolated/proofs/cbmc/poly_compress_d4_c/Makefile	4e871e99079704c94b01baad132cc2bb680f35333980d2a7cdb1f25a188cfc67	1295	upstream/mlkem-native/pkcheck-af4c5abd-source-snapshot/proofs/cbmc/poly_compress_d4_c/Makefile
mlk_kem_check_pk_cleanroom/PKCHECK_00BC_01A_ADMISSION_20260730T013748Z/mlkem-native_af4c5abd_isolated/proofs/cbmc/poly_compress_d4_c/poly_compress_d4_c_harness.c	1c05299a02f0e160792fb3b07b992aefac92d31910e5fc128c6b8223cafe143b	404	upstream/mlkem-native/pkcheck-af4c5abd-source-snapshot/proofs/cbmc/poly_compress_d4_c/poly_compress_d4_c_harness.c
mlk_kem_check_pk_cleanroom/PKCHECK_00BC_01A_ADMISSION_20260730T013748Z/mlkem-native_af4c5abd_isolated/proofs/cbmc/poly_compress_d4_native/Makefile	58c41e38ec087af622b386f7fb09c909960ede756b295895d853b7870f13cdb9	1506	upstream/mlkem-native/pkcheck-af4c5abd-source-snapshot/proofs/cbmc/poly_compress_d4_native/Makefile
mlk_kem_check_pk_cleanroom/PKCHECK_00BC_01A_ADMISSION_20260730T013748Z/mlkem-native_af4c5abd_isolated/proofs/cbmc/poly_compress_d4_native/poly_compress_d4_native_harness.c	8def98a7d627b9f6d3a7b4aa8776bc8622815f10706f1e3a371879161b7b3e35	284	upstream/mlkem-native/pkcheck-af4c5abd-source-snapshot/proofs/cbmc/poly_compress_d4_native/poly_compress_d4_native_harness.c
mlk_kem_check_pk_cleanroom/PKCHECK_00BC_01A_ADMISSION_20260730T013748Z/mlkem-native_af4c5abd_isolated/proofs/cbmc/poly_compress_d4_native_x86_64/Makefile	c822f78458fa18c1087bd3b34315ad50f04369a4ee8573817bfa55e77ede5cc1	2357	upstream/mlkem-native/pkcheck-af4c5abd-source-snapshot/proofs/cbmc/poly_compress_d4_native_x86_64/Makefile
mlk_kem_check_pk_cleanroom/PKCHECK_00BC_01A_ADMISSION_20260730T013748Z/mlkem-native_af4c5abd_isolated/proofs/cbmc/poly_compress_d4_native_x86_64/poly_compress_d4_native_x86_64_harness.c	cfc0a179346a215d67e8fb8c79d80a1868ac872d16b6f15484056787cadf11da	517	upstream/mlkem-native/pkcheck-af4c5abd-source-snapshot/proofs/cbmc/poly_compress_d4_native_x86_64/poly_compress_d4_native_x86_64_harness.c
mlk_kem_check_pk_cleanroom/PKCHECK_00BC_01A_ADMISSION_20260730T013748Z/mlkem-native_af4c5abd_isolated/proofs/cbmc/poly_compress_d5/Makefile	0213ef396d5dd20364061291a6f10ca770bc5680d90cfd1f1e4f5432ea177a9c	1336	upstream/mlkem-native/pkcheck-af4c5abd-source-snapshot/proofs/cbmc/poly_compress_d5/Makefile
mlk_kem_check_pk_cleanroom/PKCHECK_00BC_01A_ADMISSION_20260730T013748Z/mlkem-native_af4c5abd_isolated/proofs/cbmc/poly_compress_d5/poly_compress_d5_harness.c	2bee4bbed28a072e2b36e5cee258a018fe58cbf705944f93c34d0bd1257dd5b6	284	upstream/mlkem-native/pkcheck-af4c5abd-source-snapshot/proofs/cbmc/poly_compress_d5/poly_compress_d5_harness.c
mlk_kem_check_pk_cleanroom/PKCHECK_00BC_01A_ADMISSION_20260730T013748Z/mlkem-native_af4c5abd_isolated/proofs/cbmc/poly_compress_d5_c/Makefile	1c296508ec34fd0a5bd57966bfd2d90fca8ec08f5967ca507dd63d51ca657ab5	1294	upstream/mlkem-native/pkcheck-af4c5abd-source-snapshot/proofs/cbmc/poly_compress_d5_c/Makefile
mlk_kem_check_pk_cleanroom/PKCHECK_00BC_01A_ADMISSION_20260730T013748Z/mlkem-native_af4c5abd_isolated/proofs/cbmc/poly_compress_d5_c/poly_compress_d5_c_harness.c	abac101cd177190494338bbceb76fa25f41af172df094a3ec79074114ce96e84	404	upstream/mlkem-native/pkcheck-af4c5abd-source-snapshot/proofs/cbmc/poly_compress_d5_c/poly_compress_d5_c_harness.c
mlk_kem_check_pk_cleanroom/PKCHECK_00BC_01A_ADMISSION_20260730T013748Z/mlkem-native_af4c5abd_isolated/proofs/cbmc/poly_compress_d5_native/Makefile	4075402e9df2c46009a44b7d28be9c7711091fd6fca89d925bb2bde0bf690e12	1505	upstream/mlkem-native/pkcheck-af4c5abd-source-snapshot/proofs/cbmc/poly_compress_d5_native/Makefile
mlk_kem_check_pk_cleanroom/PKCHECK_00BC_01A_ADMISSION_20260730T013748Z/mlkem-native_af4c5abd_isolated/proofs/cbmc/poly_compress_d5_native/poly_compress_d5_native_harness.c	2bee4bbed28a072e2b36e5cee258a018fe58cbf705944f93c34d0bd1257dd5b6	284	upstream/mlkem-native/pkcheck-af4c5abd-source-snapshot/proofs/cbmc/poly_compress_d5_native/poly_compress_d5_native_harness.c
mlk_kem_check_pk_cleanroom/PKCHECK_00BC_01A_ADMISSION_20260730T013748Z/mlkem-native_af4c5abd_isolated/proofs/cbmc/poly_compress_d5_native_x86_64/Makefile	dec9907b690fdfd06f63e3d32818a48f5bc00ddf98d7700291da8d06e270df70	2356	upstream/mlkem-native/pkcheck-af4c5abd-source-snapshot/proofs/cbmc/poly_compress_d5_native_x86_64/Makefile
mlk_kem_check_pk_cleanroom/PKCHECK_00BC_01A_ADMISSION_20260730T013748Z/mlkem-native_af4c5abd_isolated/proofs/cbmc/poly_compress_d5_native_x86_64/poly_compress_d5_native_x86_64_harness.c	8af79257d6de6ec42d6bdb653b6a21047acf1ee62dd5a998aa63902366494fe8	517	upstream/mlkem-native/pkcheck-af4c5abd-source-snapshot/proofs/cbmc/poly_compress_d5_native_x86_64/poly_compress_d5_native_x86_64_harness.c
mlk_kem_check_pk_cleanroom/PKCHECK_00BC_01A_ADMISSION_20260730T013748Z/mlkem-native_af4c5abd_isolated/proofs/cbmc/poly_compress_du/Makefile	bee9cb56a17cdbe21bd7a57e5f2605e13329399bb38b58869a72973fc5883d07	1813	upstream/mlkem-native/pkcheck-af4c5abd-source-snapshot/proofs/cbmc/poly_compress_du/Makefile
mlk_kem_check_pk_cleanroom/PKCHECK_00BC_01A_ADMISSION_20260730T013748Z/mlkem-native_af4c5abd_isolated/proofs/cbmc/poly_compress_du/poly_compress_du_harness.c	67725a2ae45779fa72e85c549f2d4fc14da60db520986a1a85b3119853ec7440	274	upstream/mlkem-native/pkcheck-af4c5abd-source-snapshot/proofs/cbmc/poly_compress_du/poly_compress_du_harness.c
mlk_kem_check_pk_cleanroom/PKCHECK_00BC_01A_ADMISSION_20260730T013748Z/mlkem-native_af4c5abd_isolated/proofs/cbmc/poly_compress_dv/Makefile	57dfcd18bba5d6dddac64d9fdb11afe8b6a1071c3dbd89257a799cac48a8b707	1809	upstream/mlkem-native/pkcheck-af4c5abd-source-snapshot/proofs/cbmc/poly_compress_dv/Makefile
mlk_kem_check_pk_cleanroom/PKCHECK_00BC_01A_ADMISSION_20260730T013748Z/mlkem-native_af4c5abd_isolated/proofs/cbmc/poly_compress_dv/poly_compress_dv_harness.c	1b4219b33cd7adcd6c5b24ba35e76c3c5116effa2b575adb13bfee9662a06d41	274	upstream/mlkem-native/pkcheck-af4c5abd-source-snapshot/proofs/cbmc/poly_compress_dv/poly_compress_dv_harness.c
mlk_kem_check_pk_cleanroom/PKCHECK_00BC_01A_ADMISSION_20260730T013748Z/mlkem-native_af4c5abd_isolated/proofs/cbmc/poly_decompress_d10/Makefile	7f5a3cf34fd89f509748c4a1b8acee7c20d04008e8ec12d58910156c30b1155a	1352	upstream/mlkem-native/pkcheck-af4c5abd-source-snapshot/proofs/cbmc/poly_decompress_d10/Makefile
mlk_kem_check_pk_cleanroom/PKCHECK_00BC_01A_ADMISSION_20260730T013748Z/mlkem-native_af4c5abd_isolated/proofs/cbmc/poly_decompress_d10/poly_decompress_d10_harness.c	c4d7ab8a6e977538980bce0e9f8550d0abdb1966e78cf2c2572e83efd203180b	287	upstream/mlkem-native/pkcheck-af4c5abd-source-snapshot/proofs/cbmc/poly_decompress_d10/poly_decompress_d10_harness.c
mlk_kem_check_pk_cleanroom/PKCHECK_00BC_01A_ADMISSION_20260730T013748Z/mlkem-native_af4c5abd_isolated/proofs/cbmc/poly_decompress_d10_c/Makefile	ce12c7bf13256f1ac9f421aa92ad965a05e78102108a26b81f0bc32e1eb52609	1307	upstream/mlkem-native/pkcheck-af4c5abd-source-snapshot/proofs/cbmc/poly_decompress_d10_c/Makefile
mlk_kem_check_pk_cleanroom/PKCHECK_00BC_01A_ADMISSION_20260730T013748Z/mlkem-native_af4c5abd_isolated/proofs/cbmc/poly_decompress_d10_c/poly_decompress_d10_c_harness.c	ebcc04c8b0c7d8ffb084be4e15a64b90820b1240358261b15c4ac099bd740797	414	upstream/mlkem-native/pkcheck-af4c5abd-source-snapshot/proofs/cbmc/poly_decompress_d10_c/poly_decompress_d10_c_harness.c
mlk_kem_check_pk_cleanroom/PKCHECK_00BC_01A_ADMISSION_20260730T013748Z/mlkem-native_af4c5abd_isolated/proofs/cbmc/poly_decompress_d10_native/Makefile	12d5c743787beec06f5443aa2b1dc6e1c94d9196a7df26ba461e70a3ae53f12b	1524	upstream/mlkem-native/pkcheck-af4c5abd-source-snapshot/proofs/cbmc/poly_decompress_d10_native/Makefile
mlk_kem_check_pk_cleanroom/PKCHECK_00BC_01A_ADMISSION_20260730T013748Z/mlkem-native_af4c5abd_isolated/proofs/cbmc/poly_decompress_d10_native/poly_decompress_d10_native_harness.c	c4d7ab8a6e977538980bce0e9f8550d0abdb1966e78cf2c2572e83efd203180b	287	upstream/mlkem-native/pkcheck-af4c5abd-source-snapshot/proofs/cbmc/poly_decompress_d10_native/poly_decompress_d10_native_harness.c
mlk_kem_check_pk_cleanroom/PKCHECK_00BC_01A_ADMISSION_20260730T013748Z/mlkem-native_af4c5abd_isolated/proofs/cbmc/poly_decompress_d10_native_x86_64/Makefile	3811acce65572d0ae2fe516a1190197d3688976195c2ac68121681a6c0fffc5d	2372	upstream/mlkem-native/pkcheck-af4c5abd-source-snapshot/proofs/cbmc/poly_decompress_d10_native_x86_64/Makefile
mlk_kem_check_pk_cleanroom/PKCHECK_00BC_01A_ADMISSION_20260730T013748Z/mlkem-native_af4c5abd_isolated/proofs/cbmc/poly_decompress_d10_native_x86_64/poly_decompress_d10_native_x86_64_harness.c	56c8d27ed33f6834946009dc3305586a4194210fb3c07dbf8ab57ebf08171fa6	500	upstream/mlkem-native/pkcheck-af4c5abd-source-snapshot/proofs/cbmc/poly_decompress_d10_native_x86_64/poly_decompress_d10_native_x86_64_harness.c
mlk_kem_check_pk_cleanroom/PKCHECK_00BC_01A_ADMISSION_20260730T013748Z/mlkem-native_af4c5abd_isolated/proofs/cbmc/poly_decompress_d11/Makefile	a331858481df8932734484e58eda7a8c2e13c8f8c4fa526a5a5950592365b728	1351	upstream/mlkem-native/pkcheck-af4c5abd-source-snapshot/proofs/cbmc/poly_decompress_d11/Makefile
mlk_kem_check_pk_cleanroom/PKCHECK_00BC_01A_ADMISSION_20260730T013748Z/mlkem-native_af4c5abd_isolated/proofs/cbmc/poly_decompress_d11/poly_decompress_d11_harness.c	21e763d2ccdbaabce26916d33363afef6cd15d5be19c6c66ef4432109a5722ab	287	upstream/mlkem-native/pkcheck-af4c5abd-source-snapshot/proofs/cbmc/poly_decompress_d11/poly_decompress_d11_harness.c
mlk_kem_check_pk_cleanroom/PKCHECK_00BC_01A_ADMISSION_20260730T013748Z/mlkem-native_af4c5abd_isolated/proofs/cbmc/poly_decompress_d11_c/Makefile	1ddf75bdc0e1dc3e6d6b1a7afdbdfdcda1d0e7243e0ac7a9b3e928abe939789d	1306	upstream/mlkem-native/pkcheck-af4c5abd-source-snapshot/proofs/cbmc/poly_decompress_d11_c/Makefile
mlk_kem_check_pk_cleanroom/PKCHECK_00BC_01A_ADMISSION_20260730T013748Z/mlkem-native_af4c5abd_isolated/proofs/cbmc/poly_decompress_d11_c/poly_decompress_d11_c_harness.c	38cd179b9cbb9a7f0d4250a36ae0a6b6630ae560f2148146f7f80c47de3fc75a	414	upstream/mlkem-native/pkcheck-af4c5abd-source-snapshot/proofs/cbmc/poly_decompress_d11_c/poly_decompress_d11_c_harness.c
mlk_kem_check_pk_cleanroom/PKCHECK_00BC_01A_ADMISSION_20260730T013748Z/mlkem-native_af4c5abd_isolated/proofs/cbmc/poly_decompress_d11_native/Makefile	7d74b6da1fec7b9aa072f1f379928def7110a3f201e62442ad9c89cf53353b58	1523	upstream/mlkem-native/pkcheck-af4c5abd-source-snapshot/proofs/cbmc/poly_decompress_d11_native/Makefile
mlk_kem_check_pk_cleanroom/PKCHECK_00BC_01A_ADMISSION_20260730T013748Z/mlkem-native_af4c5abd_isolated/proofs/cbmc/poly_decompress_d11_native/poly_decompress_d11_native_harness.c	21e763d2ccdbaabce26916d33363afef6cd15d5be19c6c66ef4432109a5722ab	287	upstream/mlkem-native/pkcheck-af4c5abd-source-snapshot/proofs/cbmc/poly_decompress_d11_native/poly_decompress_d11_native_harness.c
mlk_kem_check_pk_cleanroom/PKCHECK_00BC_01A_ADMISSION_20260730T013748Z/mlkem-native_af4c5abd_isolated/proofs/cbmc/poly_decompress_d11_native_x86_64/Makefile	cf780a0e9ca67cbde19a53f6efdfd4f87d19c751b04019aebd7ff23c67e1631b	2371	upstream/mlkem-native/pkcheck-af4c5abd-source-snapshot/proofs/cbmc/poly_decompress_d11_native_x86_64/Makefile
mlk_kem_check_pk_cleanroom/PKCHECK_00BC_01A_ADMISSION_20260730T013748Z/mlkem-native_af4c5abd_isolated/proofs/cbmc/poly_decompress_d11_native_x86_64/poly_decompress_d11_native_x86_64_harness.c	4415010b04c7dd706b891968cc10cbcfc9791c164fcd8414d3bdf51900818978	500	upstream/mlkem-native/pkcheck-af4c5abd-source-snapshot/proofs/cbmc/poly_decompress_d11_native_x86_64/poly_decompress_d11_native_x86_64_harness.c
mlk_kem_check_pk_cleanroom/PKCHECK_00BC_01A_ADMISSION_20260730T013748Z/mlkem-native_af4c5abd_isolated/proofs/cbmc/poly_decompress_d4/Makefile	a0d7bcfa9ebbd7c7c7dc3c1a23027e6500b1b25abf8c0d8290726589e40fd84f	1347	upstream/mlkem-native/pkcheck-af4c5abd-source-snapshot/proofs/cbmc/poly_decompress_d4/Makefile
mlk_kem_check_pk_cleanroom/PKCHECK_00BC_01A_ADMISSION_20260730T013748Z/mlkem-native_af4c5abd_isolated/proofs/cbmc/poly_decompress_d4/poly_decompress_d4_harness.c	8ff218380247822e3b035bb5a24e106022706203bd9f7d4deb47edab4d881426	286	upstream/mlkem-native/pkcheck-af4c5abd-source-snapshot/proofs/cbmc/poly_decompress_d4/poly_decompress_d4_harness.c
mlk_kem_check_pk_cleanroom/PKCHECK_00BC_01A_ADMISSION_20260730T013748Z/mlkem-native_af4c5abd_isolated/proofs/cbmc/poly_decompress_d4_c/Makefile	59af1e11e7ef2e8b5ce4567d879917170fc3784e32a2e72471c7be7630479d1e	1303	upstream/mlkem-native/pkcheck-af4c5abd-source-snapshot/proofs/cbmc/poly_decompress_d4_c/Makefile
mlk_kem_check_pk_cleanroom/PKCHECK_00BC_01A_ADMISSION_20260730T013748Z/mlkem-native_af4c5abd_isolated/proofs/cbmc/poly_decompress_d4_c/poly_decompress_d4_c_harness.c	c7edc717d7e7d7411b13f6776f386fffa52b4b9252da9f9f9b48df6a29cb4602	410	upstream/mlkem-native/pkcheck-af4c5abd-source-snapshot/proofs/cbmc/poly_decompress_d4_c/poly_decompress_d4_c_harness.c
mlk_kem_check_pk_cleanroom/PKCHECK_00BC_01A_ADMISSION_20260730T013748Z/mlkem-native_af4c5abd_isolated/proofs/cbmc/poly_decompress_d4_native/Makefile	c2bb9aca094546fdc1cb327b6e0371a78a08bd354e19b522522607fe51fee59d	1518	upstream/mlkem-native/pkcheck-af4c5abd-source-snapshot/proofs/cbmc/poly_decompress_d4_native/Makefile
mlk_kem_check_pk_cleanroom/PKCHECK_00BC_01A_ADMISSION_20260730T013748Z/mlkem-native_af4c5abd_isolated/proofs/cbmc/poly_decompress_d4_native/poly_decompress_d4_native_harness.c	8ff218380247822e3b035bb5a24e106022706203bd9f7d4deb47edab4d881426	286	upstream/mlkem-native/pkcheck-af4c5abd-source-snapshot/proofs/cbmc/poly_decompress_d4_native/poly_decompress_d4_native_harness.c
mlk_kem_check_pk_cleanroom/PKCHECK_00BC_01A_ADMISSION_20260730T013748Z/mlkem-native_af4c5abd_isolated/proofs/cbmc/poly_decompress_d4_native_x86_64/Makefile	a9f112b116590136bafe7b3d54bdcef90e5289583ab037c981501db6bea24b90	2367	upstream/mlkem-native/pkcheck-af4c5abd-source-snapshot/proofs/cbmc/poly_decompress_d4_native_x86_64/Makefile
mlk_kem_check_pk_cleanroom/PKCHECK_00BC_01A_ADMISSION_20260730T013748Z/mlkem-native_af4c5abd_isolated/proofs/cbmc/poly_decompress_d4_native_x86_64/poly_decompress_d4_native_x86_64_harness.c	e6e238ad82d3373f1dba7129c08913f1b767bc401c3078231e9f94e72264fd9f	496	upstream/mlkem-native/pkcheck-af4c5abd-source-snapshot/proofs/cbmc/poly_decompress_d4_native_x86_64/poly_decompress_d4_native_x86_64_harness.c
mlk_kem_check_pk_cleanroom/PKCHECK_00BC_01A_ADMISSION_20260730T013748Z/mlkem-native_af4c5abd_isolated/proofs/cbmc/poly_decompress_d5/Makefile	fca6a8e67ab99177d6bd0fdcb055c034e1da56d730c5b5bb1041a7a3b59658d5	1346	upstream/mlkem-native/pkcheck-af4c5abd-source-snapshot/proofs/cbmc/poly_decompress_d5/Makefile
mlk_kem_check_pk_cleanroom/PKCHECK_00BC_01A_ADMISSION_20260730T013748Z/mlkem-native_af4c5abd_isolated/proofs/cbmc/poly_decompress_d5/poly_decompress_d5_harness.c	82610c6213efd3314555cabc24b24bcc4bb222e61768d5876c6c5ee55dac2779	286	upstream/mlkem-native/pkcheck-af4c5abd-source-snapshot/proofs/cbmc/poly_decompress_d5/poly_decompress_d5_harness.c
mlk_kem_check_pk_cleanroom/PKCHECK_00BC_01A_ADMISSION_20260730T013748Z/mlkem-native_af4c5abd_isolated/proofs/cbmc/poly_decompress_d5_c/Makefile	8ea5e1c4c6f8779f0c91460a98bcc78389f3f6daa86b874ef31f8461624ca7c2	1302	upstream/mlkem-native/pkcheck-af4c5abd-source-snapshot/proofs/cbmc/poly_decompress_d5_c/Makefile
mlk_kem_check_pk_cleanroom/PKCHECK_00BC_01A_ADMISSION_20260730T013748Z/mlkem-native_af4c5abd_isolated/proofs/cbmc/poly_decompress_d5_c/poly_decompress_d5_c_harness.c	956aaaf76833e108296ae1f94b4a74331a8bd073b5e11aa93ccabf55a7931811	410	upstream/mlkem-native/pkcheck-af4c5abd-source-snapshot/proofs/cbmc/poly_decompress_d5_c/poly_decompress_d5_c_harness.c
mlk_kem_check_pk_cleanroom/PKCHECK_00BC_01A_ADMISSION_20260730T013748Z/mlkem-native_af4c5abd_isolated/proofs/cbmc/poly_decompress_d5_native/Makefile	e016914efdf1f90bd892d808102bff3050a732a0045702452ce17ccb278d482a	1517	upstream/mlkem-native/pkcheck-af4c5abd-source-snapshot/proofs/cbmc/poly_decompress_d5_native/Makefile
mlk_kem_check_pk_cleanroom/PKCHECK_00BC_01A_ADMISSION_20260730T013748Z/mlkem-native_af4c5abd_isolated/proofs/cbmc/poly_decompress_d5_native/poly_decompress_d5_native_harness.c	82610c6213efd3314555cabc24b24bcc4bb222e61768d5876c6c5ee55dac2779	286	upstream/mlkem-native/pkcheck-af4c5abd-source-snapshot/proofs/cbmc/poly_decompress_d5_native/poly_decompress_d5_native_harness.c
mlk_kem_check_pk_cleanroom/PKCHECK_00BC_01A_ADMISSION_20260730T013748Z/mlkem-native_af4c5abd_isolated/proofs/cbmc/poly_decompress_d5_native_x86_64/Makefile	4ac0be3a3972f060701f26cb6eed9d5b8e076caba7cc1a296add6ed7ac373f9b	2366	upstream/mlkem-native/pkcheck-af4c5abd-source-snapshot/proofs/cbmc/poly_decompress_d5_native_x86_64/Makefile
mlk_kem_check_pk_cleanroom/PKCHECK_00BC_01A_ADMISSION_20260730T013748Z/mlkem-native_af4c5abd_isolated/proofs/cbmc/poly_decompress_d5_native_x86_64/poly_decompress_d5_native_x86_64_harness.c	6e5922dcf17b8c0a5d56bda2d936dfb6384d7e1b673de9b731f815a2829ea4b2	496	upstream/mlkem-native/pkcheck-af4c5abd-source-snapshot/proofs/cbmc/poly_decompress_d5_native_x86_64/poly_decompress_d5_native_x86_64_harness.c
mlk_kem_check_pk_cleanroom/PKCHECK_00BC_01A_ADMISSION_20260730T013748Z/mlkem-native_af4c5abd_isolated/proofs/cbmc/poly_decompress_du/Makefile	f1b809e5e634fbf54dc94020412edab60aa5d0cf10f8f2d8d01d596868d62fce	1401	upstream/mlkem-native/pkcheck-af4c5abd-source-snapshot/proofs/cbmc/poly_decompress_du/Makefile
mlk_kem_check_pk_cleanroom/PKCHECK_00BC_01A_ADMISSION_20260730T013748Z/mlkem-native_af4c5abd_isolated/proofs/cbmc/poly_decompress_du/poly_decompress_du_harness.c	f77b03ab2fc27cc8a1cd805e5cc49498a2ac552a9d83c4ca1778d3b47158caa2	276	upstream/mlkem-native/pkcheck-af4c5abd-source-snapshot/proofs/cbmc/poly_decompress_du/poly_decompress_du_harness.c
mlk_kem_check_pk_cleanroom/PKCHECK_00BC_01A_ADMISSION_20260730T013748Z/mlkem-native_af4c5abd_isolated/proofs/cbmc/poly_decompress_dv/Makefile	07d5947e9b85838ae766cc17bffba04875bc2923f6962f7c4114e6f8386f5d07	1397	upstream/mlkem-native/pkcheck-af4c5abd-source-snapshot/proofs/cbmc/poly_decompress_dv/Makefile
mlk_kem_check_pk_cleanroom/PKCHECK_00BC_01A_ADMISSION_20260730T013748Z/mlkem-native_af4c5abd_isolated/proofs/cbmc/poly_decompress_dv/poly_decompress_dv_harness.c	6ec58c890ce36b509e8a3bdb68f91491999375dd483eda795aecc570204830b2	276	upstream/mlkem-native/pkcheck-af4c5abd-source-snapshot/proofs/cbmc/poly_decompress_dv/poly_decompress_dv_harness.c
mlk_kem_check_pk_cleanroom/PKCHECK_00BC_01A_ADMISSION_20260730T013748Z/mlkem-native_af4c5abd_isolated/proofs/cbmc/poly_frombytes/Makefile	3601f238829f584219de93a05fb899aa9dce088340c3c3b2ee182a3148af28e3	2030	upstream/mlkem-native/pkcheck-af4c5abd-source-snapshot/proofs/cbmc/poly_frombytes/Makefile
mlk_kem_check_pk_cleanroom/PKCHECK_00BC_01A_ADMISSION_20260730T013748Z/mlkem-native_af4c5abd_isolated/proofs/cbmc/poly_frombytes/poly_frombytes_harness.c	e467153a7c219afa6bc9a1d3c96277ee06531464e330bcdb3b3f834c6ca84dec	313	upstream/mlkem-native/pkcheck-af4c5abd-source-snapshot/proofs/cbmc/poly_frombytes/poly_frombytes_harness.c
mlk_kem_check_pk_cleanroom/PKCHECK_00BC_01A_ADMISSION_20260730T013748Z/mlkem-native_af4c5abd_isolated/proofs/cbmc/poly_frombytes_c/Makefile	65f98fe017981b612b3cc5b9d2e4b811da1032f7cec10218816a34fc380c650a	1229	upstream/mlkem-native/pkcheck-af4c5abd-source-snapshot/proofs/cbmc/poly_frombytes_c/Makefile
mlk_kem_check_pk_cleanroom/PKCHECK_00BC_01A_ADMISSION_20260730T013748Z/mlkem-native_af4c5abd_isolated/proofs/cbmc/poly_frombytes_c/poly_frombytes_c_harness.c	b340a67f20c4b12770dfbf0d440dac30401c54b92e4a7718c2bf557afe76f154	390	upstream/mlkem-native/pkcheck-af4c5abd-source-snapshot/proofs/cbmc/poly_frombytes_c/poly_frombytes_c_harness.c
mlk_kem_check_pk_cleanroom/PKCHECK_00BC_01A_ADMISSION_20260730T013748Z/mlkem-native_af4c5abd_isolated/proofs/cbmc/poly_frombytes_native/Makefile	fb053360a86900064c48b46427726f7d295304751c9deca21771cf457fe8c7bb	2197	upstream/mlkem-native/pkcheck-af4c5abd-source-snapshot/proofs/cbmc/poly_frombytes_native/Makefile
mlk_kem_check_pk_cleanroom/PKCHECK_00BC_01A_ADMISSION_20260730T013748Z/mlkem-native_af4c5abd_isolated/proofs/cbmc/poly_frombytes_native/poly_frombytes_native_harness.c	e467153a7c219afa6bc9a1d3c96277ee06531464e330bcdb3b3f834c6ca84dec	313	upstream/mlkem-native/pkcheck-af4c5abd-source-snapshot/proofs/cbmc/poly_frombytes_native/poly_frombytes_native_harness.c
mlk_kem_check_pk_cleanroom/PKCHECK_00BC_01A_ADMISSION_20260730T013748Z/mlkem-native_af4c5abd_isolated/proofs/cbmc/poly_frombytes_native_x86_64/Makefile	a1825f011d2cf0f961c29cd82c816e026318776db88320d5b754c2c6d62db84c	2235	upstream/mlkem-native/pkcheck-af4c5abd-source-snapshot/proofs/cbmc/poly_frombytes_native_x86_64/Makefile
mlk_kem_check_pk_cleanroom/PKCHECK_00BC_01A_ADMISSION_20260730T013748Z/mlkem-native_af4c5abd_isolated/proofs/cbmc/poly_frombytes_native_x86_64/poly_frombytes_native_x86_64_harness.c	df58711ce3b7e6670621775e894c165a2c64b6fe7a16f9c37f4643d2b1f975eb	394	upstream/mlkem-native/pkcheck-af4c5abd-source-snapshot/proofs/cbmc/poly_frombytes_native_x86_64/poly_frombytes_native_x86_64_harness.c
mlk_kem_check_pk_cleanroom/PKCHECK_00BC_01A_ADMISSION_20260730T013748Z/mlkem-native_af4c5abd_isolated/proofs/cbmc/poly_frommsg/Makefile	64dae10011cfde69469954bf21a5c42f80b012e393d93ddde7a4ea27168126fd	2067	upstream/mlkem-native/pkcheck-af4c5abd-source-snapshot/proofs/cbmc/poly_frommsg/Makefile
mlk_kem_check_pk_cleanroom/PKCHECK_00BC_01A_ADMISSION_20260730T013748Z/mlkem-native_af4c5abd_isolated/proofs/cbmc/poly_frommsg/poly_frommsg_harness.c	60c5e7a0ce1320dacc016a369f924f7de5caf5bcd071d9eed1aadffaa4ee7923	261	upstream/mlkem-native/pkcheck-af4c5abd-source-snapshot/proofs/cbmc/poly_frommsg/poly_frommsg_harness.c
mlk_kem_check_pk_cleanroom/PKCHECK_00BC_01A_ADMISSION_20260730T013748Z/mlkem-native_af4c5abd_isolated/proofs/cbmc/poly_getnoise_eta1122_4x/Makefile	c491d487c3e1db96e7348b631540ecdff78fada143f8853fccb3fe58899f3bbb	2289	upstream/mlkem-native/pkcheck-af4c5abd-source-snapshot/proofs/cbmc/poly_getnoise_eta1122_4x/Makefile
mlk_kem_check_pk_cleanroom/PKCHECK_00BC_01A_ADMISSION_20260730T013748Z/mlkem-native_af4c5abd_isolated/proofs/cbmc/poly_getnoise_eta1122_4x/poly_getnoise_eta1122_4x_harness.c	f52b8d5bee0497542175bdec844a6a506452825da55e49f8b0c49c3c9786824a	520	upstream/mlkem-native/pkcheck-af4c5abd-source-snapshot/proofs/cbmc/poly_getnoise_eta1122_4x/poly_getnoise_eta1122_4x_harness.c
mlk_kem_check_pk_cleanroom/PKCHECK_00BC_01A_ADMISSION_20260730T013748Z/mlkem-native_af4c5abd_isolated/proofs/cbmc/poly_getnoise_eta1122_4x_native/Makefile	ce690d3fcb16e3cfb017f9af9e65995c816286578454b5f5e068f8b78d098e3c	2370	upstream/mlkem-native/pkcheck-af4c5abd-source-snapshot/proofs/cbmc/poly_getnoise_eta1122_4x_native/Makefile
mlk_kem_check_pk_cleanroom/PKCHECK_00BC_01A_ADMISSION_20260730T013748Z/mlkem-native_af4c5abd_isolated/proofs/cbmc/poly_getnoise_eta1122_4x_native/poly_getnoise_eta1122_4x_native_harness.c	f52b8d5bee0497542175bdec844a6a506452825da55e49f8b0c49c3c9786824a	520	upstream/mlkem-native/pkcheck-af4c5abd-source-snapshot/proofs/cbmc/poly_getnoise_eta1122_4x_native/poly_getnoise_eta1122_4x_native_harness.c
mlk_kem_check_pk_cleanroom/PKCHECK_00BC_01A_ADMISSION_20260730T013748Z/mlkem-native_af4c5abd_isolated/proofs/cbmc/poly_getnoise_eta1_4x/Makefile	ccb6bb4d400be76de56e220ccd5dd8444603b82a933a349eaa3a7b2ec38dc602	2128	upstream/mlkem-native/pkcheck-af4c5abd-source-snapshot/proofs/cbmc/poly_getnoise_eta1_4x/Makefile
mlk_kem_check_pk_cleanroom/PKCHECK_00BC_01A_ADMISSION_20260730T013748Z/mlkem-native_af4c5abd_isolated/proofs/cbmc/poly_getnoise_eta1_4x/poly_getnoise_eta1_4x_harness.c	ea76138bb7a1c0fb4d20784daed7eb84d7f8e815dfe19df4ddb2de80c0991397	401	upstream/mlkem-native/pkcheck-af4c5abd-source-snapshot/proofs/cbmc/poly_getnoise_eta1_4x/poly_getnoise_eta1_4x_harness.c
mlk_kem_check_pk_cleanroom/PKCHECK_00BC_01A_ADMISSION_20260730T013748Z/mlkem-native_af4c5abd_isolated/proofs/cbmc/poly_getnoise_eta1_4x_native/Makefile	1f2175151c41ff28e21edb0726e6bb6b35c8e08b64bac6d284678c3738bfd4f2	2251	upstream/mlkem-native/pkcheck-af4c5abd-source-snapshot/proofs/cbmc/poly_getnoise_eta1_4x_native/Makefile
mlk_kem_check_pk_cleanroom/PKCHECK_00BC_01A_ADMISSION_20260730T013748Z/mlkem-native_af4c5abd_isolated/proofs/cbmc/poly_getnoise_eta1_4x_native/poly_getnoise_eta1_4x_native_harness.c	ea76138bb7a1c0fb4d20784daed7eb84d7f8e815dfe19df4ddb2de80c0991397	401	upstream/mlkem-native/pkcheck-af4c5abd-source-snapshot/proofs/cbmc/poly_getnoise_eta1_4x_native/poly_getnoise_eta1_4x_native_harness.c
mlk_kem_check_pk_cleanroom/PKCHECK_00BC_01A_ADMISSION_20260730T013748Z/mlkem-native_af4c5abd_isolated/proofs/cbmc/poly_getnoise_eta2/Makefile	48dbf4158c994170be9e5ba0944dd01b546da4c073e676693e225f1a13fbe449	2422	upstream/mlkem-native/pkcheck-af4c5abd-source-snapshot/proofs/cbmc/poly_getnoise_eta2/Makefile
mlk_kem_check_pk_cleanroom/PKCHECK_00BC_01A_ADMISSION_20260730T013748Z/mlkem-native_af4c5abd_isolated/proofs/cbmc/poly_getnoise_eta2/poly_getnoise_eta2_harness.c	08d5286b34d651d7ad3621c4c7a9c17ad27a0021e742065d484d50add2548bd4	435	upstream/mlkem-native/pkcheck-af4c5abd-source-snapshot/proofs/cbmc/poly_getnoise_eta2/poly_getnoise_eta2_harness.c
mlk_kem_check_pk_cleanroom/PKCHECK_00BC_01A_ADMISSION_20260730T013748Z/mlkem-native_af4c5abd_isolated/proofs/cbmc/poly_invntt_tomont/Makefile	c8cab649cf4740131b9c5e5e1671033c0095bc3a5073ea2e896308733ccaa669	2043	upstream/mlkem-native/pkcheck-af4c5abd-source-snapshot/proofs/cbmc/poly_invntt_tomont/Makefile
mlk_kem_check_pk_cleanroom/PKCHECK_00BC_01A_ADMISSION_20260730T013748Z/mlkem-native_af4c5abd_isolated/proofs/cbmc/poly_invntt_tomont/poly_invntt_tomont_harness.c	fc9a4d7dd9c191c8421cdf977ce64dad3aea9adfb3e3187f1d34671fb98d49c3	256	upstream/mlkem-native/pkcheck-af4c5abd-source-snapshot/proofs/cbmc/poly_invntt_tomont/poly_invntt_tomont_harness.c
mlk_kem_check_pk_cleanroom/PKCHECK_00BC_01A_ADMISSION_20260730T013748Z/mlkem-native_af4c5abd_isolated/proofs/cbmc/poly_invntt_tomont_c/Makefile	cddaed6d1489902fa292099330a3f0c540b0156d6d5d3ed68b978e0dcdcb246f	1295	upstream/mlkem-native/pkcheck-af4c5abd-source-snapshot/proofs/cbmc/poly_invntt_tomont_c/Makefile
mlk_kem_check_pk_cleanroom/PKCHECK_00BC_01A_ADMISSION_20260730T013748Z/mlkem-native_af4c5abd_isolated/proofs/cbmc/poly_invntt_tomont_c/poly_invntt_tomont_c_harness.c	e16edbff8578504d93a551e2ff4f8c4ec681cd6379451ae51c519ccef6a7c19e	303	upstream/mlkem-native/pkcheck-af4c5abd-source-snapshot/proofs/cbmc/poly_invntt_tomont_c/poly_invntt_tomont_c_harness.c
mlk_kem_check_pk_cleanroom/PKCHECK_00BC_01A_ADMISSION_20260730T013748Z/mlkem-native_af4c5abd_isolated/proofs/cbmc/poly_invntt_tomont_native/Makefile	6e44d25c14b24ce123cf3ea1f3182e502d32311652b82cf0afc72b3fb33368d8	2192	upstream/mlkem-native/pkcheck-af4c5abd-source-snapshot/proofs/cbmc/poly_invntt_tomont_native/Makefile
mlk_kem_check_pk_cleanroom/PKCHECK_00BC_01A_ADMISSION_20260730T013748Z/mlkem-native_af4c5abd_isolated/proofs/cbmc/poly_invntt_tomont_native/poly_invntt_tomont_native_harness.c	fc9a4d7dd9c191c8421cdf977ce64dad3aea9adfb3e3187f1d34671fb98d49c3	256	upstream/mlkem-native/pkcheck-af4c5abd-source-snapshot/proofs/cbmc/poly_invntt_tomont_native/poly_invntt_tomont_native_harness.c
mlk_kem_check_pk_cleanroom/PKCHECK_00BC_01A_ADMISSION_20260730T013748Z/mlkem-native_af4c5abd_isolated/proofs/cbmc/poly_mulcache_compute/Makefile	2a292a911d2783d6cf4eac182aa0e262aedb787b0861df2496f3a85d50731b22	2057	upstream/mlkem-native/pkcheck-af4c5abd-source-snapshot/proofs/cbmc/poly_mulcache_compute/Makefile
mlk_kem_check_pk_cleanroom/PKCHECK_00BC_01A_ADMISSION_20260730T013748Z/mlkem-native_af4c5abd_isolated/proofs/cbmc/poly_mulcache_compute/poly_mulcache_compute_harness.c	0d7204414cd1d46c88b4e2f020d0ebbf7f2f64622c9c24489627fe89c34a9617	287	upstream/mlkem-native/pkcheck-af4c5abd-source-snapshot/proofs/cbmc/poly_mulcache_compute/poly_mulcache_compute_harness.c
mlk_kem_check_pk_cleanroom/PKCHECK_00BC_01A_ADMISSION_20260730T013748Z/mlkem-native_af4c5abd_isolated/proofs/cbmc/poly_mulcache_compute_c/Makefile	be04980f31e05ed6d651f4ba19e05cde6222dad0017b4ef60b4077434af5d9af	1262	upstream/mlkem-native/pkcheck-af4c5abd-source-snapshot/proofs/cbmc/poly_mulcache_compute_c/Makefile
mlk_kem_check_pk_cleanroom/PKCHECK_00BC_01A_ADMISSION_20260730T013748Z/mlkem-native_af4c5abd_isolated/proofs/cbmc/poly_mulcache_compute_c/poly_mulcache_compute_c_harness.c	0c34e7b5e24e1aea4e327a03ef2595fd449aadc737eac670026d7efc0edcc011	365	upstream/mlkem-native/pkcheck-af4c5abd-source-snapshot/proofs/cbmc/poly_mulcache_compute_c/poly_mulcache_compute_c_harness.c
mlk_kem_check_pk_cleanroom/PKCHECK_00BC_01A_ADMISSION_20260730T013748Z/mlkem-native_af4c5abd_isolated/proofs/cbmc/poly_mulcache_compute_native/Makefile	8ef5a334fe5c63e5199aadf1b6045519be143c5dfbb3b7bf306f76eb32b4ba04	2231	upstream/mlkem-native/pkcheck-af4c5abd-source-snapshot/proofs/cbmc/poly_mulcache_compute_native/Makefile
mlk_kem_check_pk_cleanroom/PKCHECK_00BC_01A_ADMISSION_20260730T013748Z/mlkem-native_af4c5abd_isolated/proofs/cbmc/poly_mulcache_compute_native/poly_mulcache_compute_native_harness.c	0d7204414cd1d46c88b4e2f020d0ebbf7f2f64622c9c24489627fe89c34a9617	287	upstream/mlkem-native/pkcheck-af4c5abd-source-snapshot/proofs/cbmc/poly_mulcache_compute_native/poly_mulcache_compute_native_harness.c
mlk_kem_check_pk_cleanroom/PKCHECK_00BC_01A_ADMISSION_20260730T013748Z/mlkem-native_af4c5abd_isolated/proofs/cbmc/poly_mulcache_compute_native_aarch64/Makefile	3ac6e2a9c5ee75cd25d0fee158592e09ff658939c8388aeffad113c87fa0cc5d	2484	upstream/mlkem-native/pkcheck-af4c5abd-source-snapshot/proofs/cbmc/poly_mulcache_compute_native_aarch64/Makefile
mlk_kem_check_pk_cleanroom/PKCHECK_00BC_01A_ADMISSION_20260730T013748Z/mlkem-native_af4c5abd_isolated/proofs/cbmc/poly_mulcache_compute_native_aarch64/poly_mulcache_compute_native_aarch64_harness.c	f9c2ad96cc0b2871c7ea8b7417289527474aae5da7046e5431a0f1ef97c34aba	447	upstream/mlkem-native/pkcheck-af4c5abd-source-snapshot/proofs/cbmc/poly_mulcache_compute_native_aarch64/poly_mulcache_compute_native_aarch64_harness.c
mlk_kem_check_pk_cleanroom/PKCHECK_00BC_01A_ADMISSION_20260730T013748Z/mlkem-native_af4c5abd_isolated/proofs/cbmc/poly_mulcache_compute_native_x86_64/Makefile	2d741703ea932bf788aa1a7b0d942ee1c8ac3782ac6d826174ac7c5bf858f3e9	2441	upstream/mlkem-native/pkcheck-af4c5abd-source-snapshot/proofs/cbmc/poly_mulcache_compute_native_x86_64/Makefile
mlk_kem_check_pk_cleanroom/PKCHECK_00BC_01A_ADMISSION_20260730T013748Z/mlkem-native_af4c5abd_isolated/proofs/cbmc/poly_mulcache_compute_native_x86_64/poly_mulcache_compute_native_x86_64_harness.c	f9c2ad96cc0b2871c7ea8b7417289527474aae5da7046e5431a0f1ef97c34aba	447	upstream/mlkem-native/pkcheck-af4c5abd-source-snapshot/proofs/cbmc/poly_mulcache_compute_native_x86_64/poly_mulcache_compute_native_x86_64_harness.c
mlk_kem_check_pk_cleanroom/PKCHECK_00BC_01A_ADMISSION_20260730T013748Z/mlkem-native_af4c5abd_isolated/proofs/cbmc/poly_ntt/Makefile	777d723257a137112e9cf6ac812bbd93143f8893cd28d1da5f078005405e5850	1996	upstream/mlkem-native/pkcheck-af4c5abd-source-snapshot/proofs/cbmc/poly_ntt/Makefile
mlk_kem_check_pk_cleanroom/PKCHECK_00BC_01A_ADMISSION_20260730T013748Z/mlkem-native_af4c5abd_isolated/proofs/cbmc/poly_ntt/poly_ntt_harness.c	91195648f21066152b24c08006e8321da611dd328ea20556be0b1269a83f7014	231	upstream/mlkem-native/pkcheck-af4c5abd-source-snapshot/proofs/cbmc/poly_ntt/poly_ntt_harness.c
mlk_kem_check_pk_cleanroom/PKCHECK_00BC_01A_ADMISSION_20260730T013748Z/mlkem-native_af4c5abd_isolated/proofs/cbmc/poly_ntt_c/Makefile	7a8863b27e8af16e21c559bdcc9ae576a708e3d8e8155c2191f755733d22096a	1214	upstream/mlkem-native/pkcheck-af4c5abd-source-snapshot/proofs/cbmc/poly_ntt_c/Makefile
mlk_kem_check_pk_cleanroom/PKCHECK_00BC_01A_ADMISSION_20260730T013748Z/mlkem-native_af4c5abd_isolated/proofs/cbmc/poly_ntt_c/poly_ntt_c_harness.c	f243dbca522ce0f4ff0749835e0409a5e6e26ad17678f02f24910c6255d4d60d	309	upstream/mlkem-native/pkcheck-af4c5abd-source-snapshot/proofs/cbmc/poly_ntt_c/poly_ntt_c_harness.c
mlk_kem_check_pk_cleanroom/PKCHECK_00BC_01A_ADMISSION_20260730T013748Z/mlkem-native_af4c5abd_isolated/proofs/cbmc/poly_ntt_native/Makefile	b1fe22ba71a98812cb04b9c2c9e20d49245904ff881b74cb33b6263cf5dc2d30	2141	upstream/mlkem-native/pkcheck-af4c5abd-source-snapshot/proofs/cbmc/poly_ntt_native/Makefile
mlk_kem_check_pk_cleanroom/PKCHECK_00BC_01A_ADMISSION_20260730T013748Z/mlkem-native_af4c5abd_isolated/proofs/cbmc/poly_ntt_native/poly_ntt_native_harness.c	91195648f21066152b24c08006e8321da611dd328ea20556be0b1269a83f7014	231	upstream/mlkem-native/pkcheck-af4c5abd-source-snapshot/proofs/cbmc/poly_ntt_native/poly_ntt_native_harness.c
mlk_kem_check_pk_cleanroom/PKCHECK_00BC_01A_ADMISSION_20260730T013748Z/mlkem-native_af4c5abd_isolated/proofs/cbmc/poly_reduce/Makefile	83316cbd1e83d8397b61ef0f1829c0dc42d8c527bc6aeb86268620ae895dcc1c	2011	upstream/mlkem-native/pkcheck-af4c5abd-source-snapshot/proofs/cbmc/poly_reduce/Makefile
mlk_kem_check_pk_cleanroom/PKCHECK_00BC_01A_ADMISSION_20260730T013748Z/mlkem-native_af4c5abd_isolated/proofs/cbmc/poly_reduce/poly_reduce_harness.c	dc5ff23e7af7579f6a6baeea3a4a1bb38e030a5a4fd7e2d0d6da053bc9cd5f51	285	upstream/mlkem-native/pkcheck-af4c5abd-source-snapshot/proofs/cbmc/poly_reduce/poly_reduce_harness.c
mlk_kem_check_pk_cleanroom/PKCHECK_00BC_01A_ADMISSION_20260730T013748Z/mlkem-native_af4c5abd_isolated/proofs/cbmc/poly_reduce_c/Makefile	0683127fba5d2cefcdb804742160e9b0c8ddd23383c997beb0762576156c3f6f	1291	upstream/mlkem-native/pkcheck-af4c5abd-source-snapshot/proofs/cbmc/poly_reduce_c/Makefile
mlk_kem_check_pk_cleanroom/PKCHECK_00BC_01A_ADMISSION_20260730T013748Z/mlkem-native_af4c5abd_isolated/proofs/cbmc/poly_reduce_c/poly_reduce_c_harness.c	1a9c8d770e6b46ba8a58d769bd77d599673bc022971154190b0c5d6d93ee96ba	366	upstream/mlkem-native/pkcheck-af4c5abd-source-snapshot/proofs/cbmc/poly_reduce_c/poly_reduce_c_harness.c
mlk_kem_check_pk_cleanroom/PKCHECK_00BC_01A_ADMISSION_20260730T013748Z/mlkem-native_af4c5abd_isolated/proofs/cbmc/poly_reduce_native/Makefile	af2f8b2693a3a5cb9d050dc841255b8a23e2d4eea0651a2bbfadef46a66d3062	2175	upstream/mlkem-native/pkcheck-af4c5abd-source-snapshot/proofs/cbmc/poly_reduce_native/Makefile
mlk_kem_check_pk_cleanroom/PKCHECK_00BC_01A_ADMISSION_20260730T013748Z/mlkem-native_af4c5abd_isolated/proofs/cbmc/poly_reduce_native/poly_reduce_native_harness.c	b782dba5a45d298a90e90f419f3b95e750562c9d4a5ab1c6094960316c05dc28	289	upstream/mlkem-native/pkcheck-af4c5abd-source-snapshot/proofs/cbmc/poly_reduce_native/poly_reduce_native_harness.c
mlk_kem_check_pk_cleanroom/PKCHECK_00BC_01A_ADMISSION_20260730T013748Z/mlkem-native_af4c5abd_isolated/proofs/cbmc/poly_reduce_native_aarch64/Makefile	36e2d46df5795c5f421654b0b3ac84484a5690fca39b545e563517912cdf1b5f	2378	upstream/mlkem-native/pkcheck-af4c5abd-source-snapshot/proofs/cbmc/poly_reduce_native_aarch64/Makefile
mlk_kem_check_pk_cleanroom/PKCHECK_00BC_01A_ADMISSION_20260730T013748Z/mlkem-native_af4c5abd_isolated/proofs/cbmc/poly_reduce_native_aarch64/poly_reduce_native_aarch64_harness.c	3f5870f1277ce3b68277e915b4cbc50db356ec1beeaf1d9429946a8d73adf433	342	upstream/mlkem-native/pkcheck-af4c5abd-source-snapshot/proofs/cbmc/poly_reduce_native_aarch64/poly_reduce_native_aarch64_harness.c
mlk_kem_check_pk_cleanroom/PKCHECK_00BC_01A_ADMISSION_20260730T013748Z/mlkem-native_af4c5abd_isolated/proofs/cbmc/poly_reduce_native_x86_64/Makefile	3f879f4170c9a1e22c7adf9ef827214c829f8fb26148d00bc97e6760dbe1af04	2338	upstream/mlkem-native/pkcheck-af4c5abd-source-snapshot/proofs/cbmc/poly_reduce_native_x86_64/Makefile
mlk_kem_check_pk_cleanroom/PKCHECK_00BC_01A_ADMISSION_20260730T013748Z/mlkem-native_af4c5abd_isolated/proofs/cbmc/poly_reduce_native_x86_64/poly_reduce_native_x86_64_harness.c	014624e6835b52bc9472e1f9d34d3afe6262b248899e475bf9b70311589707d2	345	upstream/mlkem-native/pkcheck-af4c5abd-source-snapshot/proofs/cbmc/poly_reduce_native_x86_64/poly_reduce_native_x86_64_harness.c
mlk_kem_check_pk_cleanroom/PKCHECK_00BC_01A_ADMISSION_20260730T013748Z/mlkem-native_af4c5abd_isolated/proofs/cbmc/poly_rej_uniform/Makefile	6b06e0ecfb01b88bcfc2b9612bfc19d252e2c04d2ec6cc106cc6f16c5c105702	2177	upstream/mlkem-native/pkcheck-af4c5abd-source-snapshot/proofs/cbmc/poly_rej_uniform/Makefile
mlk_kem_check_pk_cleanroom/PKCHECK_00BC_01A_ADMISSION_20260730T013748Z/mlkem-native_af4c5abd_isolated/proofs/cbmc/poly_rej_uniform/poly_rej_uniform_harness.c	d1db50617aaa0b3a7fb6c3874098ebf329710b030c3a0e4ed3d0532841e6d0b8	290	upstream/mlkem-native/pkcheck-af4c5abd-source-snapshot/proofs/cbmc/poly_rej_uniform/poly_rej_uniform_harness.c
mlk_kem_check_pk_cleanroom/PKCHECK_00BC_01A_ADMISSION_20260730T013748Z/mlkem-native_af4c5abd_isolated/proofs/cbmc/poly_rej_uniform_x4/Makefile	3b7448f37adad8e31d50450b454e5ad8fa4fe5038ea69c697b35b7febb378f11	2230	upstream/mlkem-native/pkcheck-af4c5abd-source-snapshot/proofs/cbmc/poly_rej_uniform_x4/Makefile
mlk_kem_check_pk_cleanroom/PKCHECK_00BC_01A_ADMISSION_20260730T013748Z/mlkem-native_af4c5abd_isolated/proofs/cbmc/poly_rej_uniform_x4/poly_rej_uniform_x4_harness.c	6b4a750ea601489e900d978d65cb84625918cb355d8a717b79750f6624e114cf	403	upstream/mlkem-native/pkcheck-af4c5abd-source-snapshot/proofs/cbmc/poly_rej_uniform_x4/poly_rej_uniform_x4_harness.c
mlk_kem_check_pk_cleanroom/PKCHECK_00BC_01A_ADMISSION_20260730T013748Z/mlkem-native_af4c5abd_isolated/proofs/cbmc/poly_sub/Makefile	d576e9ca8f1c952e79ae0b21d93b768a9d0d14b38584e76e953a800253afece8	1978	upstream/mlkem-native/pkcheck-af4c5abd-source-snapshot/proofs/cbmc/poly_sub/Makefile
mlk_kem_check_pk_cleanroom/PKCHECK_00BC_01A_ADMISSION_20260730T013748Z/mlkem-native_af4c5abd_isolated/proofs/cbmc/poly_sub/poly_sub_harness.c	12d6a569b8a0bc6a4fc9340f1378f28e11c94beb43730b291161d6a24f8f67d1	253	upstream/mlkem-native/pkcheck-af4c5abd-source-snapshot/proofs/cbmc/poly_sub/poly_sub_harness.c
mlk_kem_check_pk_cleanroom/PKCHECK_00BC_01A_ADMISSION_20260730T013748Z/mlkem-native_af4c5abd_isolated/proofs/cbmc/poly_tobytes/Makefile	8246ad0449b785689b32860b55b232830e42435aca8447d7b87c6c01ff4322da	2020	upstream/mlkem-native/pkcheck-af4c5abd-source-snapshot/proofs/cbmc/poly_tobytes/Makefile
mlk_kem_check_pk_cleanroom/PKCHECK_00BC_01A_ADMISSION_20260730T013748Z/mlkem-native_af4c5abd_isolated/proofs/cbmc/poly_tobytes/poly_tobytes_harness.c	23f8b50d4fce28432d0cd2121697477ace3382bc43e87ddffc5f8fd0110b1174	311	upstream/mlkem-native/pkcheck-af4c5abd-source-snapshot/proofs/cbmc/poly_tobytes/poly_tobytes_harness.c
mlk_kem_check_pk_cleanroom/PKCHECK_00BC_01A_ADMISSION_20260730T013748Z/mlkem-native_af4c5abd_isolated/proofs/cbmc/poly_tobytes_c/Makefile	a5b54c2340e07d861ee2defc713a23d61d97d92aba268edb9a5c507ae5988a6e	1221	upstream/mlkem-native/pkcheck-af4c5abd-source-snapshot/proofs/cbmc/poly_tobytes_c/Makefile
mlk_kem_check_pk_cleanroom/PKCHECK_00BC_01A_ADMISSION_20260730T013748Z/mlkem-native_af4c5abd_isolated/proofs/cbmc/poly_tobytes_c/poly_tobytes_c_harness.c	f3237d410a9ac62a6d01915d0c136b490303a4eb77ed36e6cd1aff23b7507b05	427	upstream/mlkem-native/pkcheck-af4c5abd-source-snapshot/proofs/cbmc/poly_tobytes_c/poly_tobytes_c_harness.c
mlk_kem_check_pk_cleanroom/PKCHECK_00BC_01A_ADMISSION_20260730T013748Z/mlkem-native_af4c5abd_isolated/proofs/cbmc/poly_tobytes_native/Makefile	5d9a567d9d06273d69ada1c5470fc8af5b28b7652e9f04dead5456692d633725	2185	upstream/mlkem-native/pkcheck-af4c5abd-source-snapshot/proofs/cbmc/poly_tobytes_native/Makefile
mlk_kem_check_pk_cleanroom/PKCHECK_00BC_01A_ADMISSION_20260730T013748Z/mlkem-native_af4c5abd_isolated/proofs/cbmc/poly_tobytes_native/poly_tobytes_native_harness.c	23f8b50d4fce28432d0cd2121697477ace3382bc43e87ddffc5f8fd0110b1174	311	upstream/mlkem-native/pkcheck-af4c5abd-source-snapshot/proofs/cbmc/poly_tobytes_native/poly_tobytes_native_harness.c
mlk_kem_check_pk_cleanroom/PKCHECK_00BC_01A_ADMISSION_20260730T013748Z/mlkem-native_af4c5abd_isolated/proofs/cbmc/poly_tobytes_native_aarch64/Makefile	4e2ec969821e4144c70e40ea74eadbeb579c95e4181b1448814c736edbb5238e	2383	upstream/mlkem-native/pkcheck-af4c5abd-source-snapshot/proofs/cbmc/poly_tobytes_native_aarch64/Makefile
mlk_kem_check_pk_cleanroom/PKCHECK_00BC_01A_ADMISSION_20260730T013748Z/mlkem-native_af4c5abd_isolated/proofs/cbmc/poly_tobytes_native_aarch64/poly_tobytes_native_aarch64_harness.c	57596a314406068775605d6dab637603bbb612e03422c3e9ccf3a9c2983b3116	423	upstream/mlkem-native/pkcheck-af4c5abd-source-snapshot/proofs/cbmc/poly_tobytes_native_aarch64/poly_tobytes_native_aarch64_harness.c
mlk_kem_check_pk_cleanroom/PKCHECK_00BC_01A_ADMISSION_20260730T013748Z/mlkem-native_af4c5abd_isolated/proofs/cbmc/poly_tobytes_native_x86_64/Makefile	93371b0e4e2db49cb88bd8316be864cbd37900f7f405d779f940fa36e5188b2c	2346	upstream/mlkem-native/pkcheck-af4c5abd-source-snapshot/proofs/cbmc/poly_tobytes_native_x86_64/Makefile
mlk_kem_check_pk_cleanroom/PKCHECK_00BC_01A_ADMISSION_20260730T013748Z/mlkem-native_af4c5abd_isolated/proofs/cbmc/poly_tobytes_native_x86_64/poly_tobytes_native_x86_64_harness.c	57596a314406068775605d6dab637603bbb612e03422c3e9ccf3a9c2983b3116	423	upstream/mlkem-native/pkcheck-af4c5abd-source-snapshot/proofs/cbmc/poly_tobytes_native_x86_64/poly_tobytes_native_x86_64_harness.c
mlk_kem_check_pk_cleanroom/PKCHECK_00BC_01A_ADMISSION_20260730T013748Z/mlkem-native_af4c5abd_isolated/proofs/cbmc/poly_tomont/Makefile	7c2ddea38e3d6abdfb5659459cf451e673d7e88da417db8491cd90c9b0236890	2007	upstream/mlkem-native/pkcheck-af4c5abd-source-snapshot/proofs/cbmc/poly_tomont/Makefile
mlk_kem_check_pk_cleanroom/PKCHECK_00BC_01A_ADMISSION_20260730T013748Z/mlkem-native_af4c5abd_isolated/proofs/cbmc/poly_tomont/poly_tomont_harness.c	67f7036e24743a850c679a25acf1350d832360287eeaa4eb29a2d8b7933744d0	250	upstream/mlkem-native/pkcheck-af4c5abd-source-snapshot/proofs/cbmc/poly_tomont/poly_tomont_harness.c
mlk_kem_check_pk_cleanroom/PKCHECK_00BC_01A_ADMISSION_20260730T013748Z/mlkem-native_af4c5abd_isolated/proofs/cbmc/poly_tomont_c/Makefile	64fd6c18f4df960ad8ae21e0cb92b5e1d8d246f7cca041be5afca8f8841df725	2007	upstream/mlkem-native/pkcheck-af4c5abd-source-snapshot/proofs/cbmc/poly_tomont_c/Makefile
mlk_kem_check_pk_cleanroom/PKCHECK_00BC_01A_ADMISSION_20260730T013748Z/mlkem-native_af4c5abd_isolated/proofs/cbmc/poly_tomont_c/poly_tomont_c_harness.c	bd44942ac9f5b7e1dd00577c3a4f66466004d84186bfeb12e8ac03eb7bc8e45b	331	upstream/mlkem-native/pkcheck-af4c5abd-source-snapshot/proofs/cbmc/poly_tomont_c/poly_tomont_c_harness.c
mlk_kem_check_pk_cleanroom/PKCHECK_00BC_01A_ADMISSION_20260730T013748Z/mlkem-native_af4c5abd_isolated/proofs/cbmc/poly_tomont_native/Makefile	eb680baa155f54fb8f7da9a07ff607385b726f781043203ccc88ce6dd155e4b6	2171	upstream/mlkem-native/pkcheck-af4c5abd-source-snapshot/proofs/cbmc/poly_tomont_native/Makefile
mlk_kem_check_pk_cleanroom/PKCHECK_00BC_01A_ADMISSION_20260730T013748Z/mlkem-native_af4c5abd_isolated/proofs/cbmc/poly_tomont_native/poly_tomont_native_harness.c	67f7036e24743a850c679a25acf1350d832360287eeaa4eb29a2d8b7933744d0	250	upstream/mlkem-native/pkcheck-af4c5abd-source-snapshot/proofs/cbmc/poly_tomont_native/poly_tomont_native_harness.c
mlk_kem_check_pk_cleanroom/PKCHECK_00BC_01A_ADMISSION_20260730T013748Z/mlkem-native_af4c5abd_isolated/proofs/cbmc/poly_tomont_native_aarch64/Makefile	ee1301478ce47c0b7406e715bee392d11137cd8cf474ae94a53f0f088bdfd0f0	2378	upstream/mlkem-native/pkcheck-af4c5abd-source-snapshot/proofs/cbmc/poly_tomont_native_aarch64/Makefile
mlk_kem_check_pk_cleanroom/PKCHECK_00BC_01A_ADMISSION_20260730T013748Z/mlkem-native_af4c5abd_isolated/proofs/cbmc/poly_tomont_native_aarch64/poly_tomont_native_aarch64_harness.c	4f114bb3b5321d1bf5e4a42325fb79e4e8b07da998d36966890338143a32bd66	342	upstream/mlkem-native/pkcheck-af4c5abd-source-snapshot/proofs/cbmc/poly_tomont_native_aarch64/poly_tomont_native_aarch64_harness.c
mlk_kem_check_pk_cleanroom/PKCHECK_00BC_01A_ADMISSION_20260730T013748Z/mlkem-native_af4c5abd_isolated/proofs/cbmc/poly_tomont_native_x86_64/Makefile	d062bb20bccb57d3e691b486bb47f2d359d8662838bf6abd4ea49d83d2e9d9a3	2338	upstream/mlkem-native/pkcheck-af4c5abd-source-snapshot/proofs/cbmc/poly_tomont_native_x86_64/Makefile
mlk_kem_check_pk_cleanroom/PKCHECK_00BC_01A_ADMISSION_20260730T013748Z/mlkem-native_af4c5abd_isolated/proofs/cbmc/poly_tomont_native_x86_64/poly_tomont_native_x86_64_harness.c	4f114bb3b5321d1bf5e4a42325fb79e4e8b07da998d36966890338143a32bd66	342	upstream/mlkem-native/pkcheck-af4c5abd-source-snapshot/proofs/cbmc/poly_tomont_native_x86_64/poly_tomont_native_x86_64_harness.c
mlk_kem_check_pk_cleanroom/PKCHECK_00BC_01A_ADMISSION_20260730T013748Z/mlkem-native_af4c5abd_isolated/proofs/cbmc/poly_tomsg/Makefile	9f2c928bc763aaaecd77520042aac8db78a0bfcefd3c4f579d41220592159fc4	1994	upstream/mlkem-native/pkcheck-af4c5abd-source-snapshot/proofs/cbmc/poly_tomsg/Makefile
mlk_kem_check_pk_cleanroom/PKCHECK_00BC_01A_ADMISSION_20260730T013748Z/mlkem-native_af4c5abd_isolated/proofs/cbmc/poly_tomsg/poly_tomsg_harness.c	3e656fedeaf8534dc9cd19250b559cd7ca4def24a976ed70b88f7b5013305398	313	upstream/mlkem-native/pkcheck-af4c5abd-source-snapshot/proofs/cbmc/poly_tomsg/poly_tomsg_harness.c
mlk_kem_check_pk_cleanroom/PKCHECK_00BC_01A_ADMISSION_20260730T013748Z/mlkem-native_af4c5abd_isolated/proofs/cbmc/polymat_permute_bitrev_to_custom/Makefile	a21b30c0db379a73606854d06a3a929cd91a6822a6043999edf241e80c14593a	2099	upstream/mlkem-native/pkcheck-af4c5abd-source-snapshot/proofs/cbmc/polymat_permute_bitrev_to_custom/Makefile
mlk_kem_check_pk_cleanroom/PKCHECK_00BC_01A_ADMISSION_20260730T013748Z/mlkem-native_af4c5abd_isolated/proofs/cbmc/polymat_permute_bitrev_to_custom/polymat_permute_bitrev_to_custom_harness.c	74a276530a076efd5fa35a2936d3555860ceeca408d7fdce4725228009f90422	428	upstream/mlkem-native/pkcheck-af4c5abd-source-snapshot/proofs/cbmc/polymat_permute_bitrev_to_custom/polymat_permute_bitrev_to_custom_harness.c
mlk_kem_check_pk_cleanroom/PKCHECK_00BC_01A_ADMISSION_20260730T013748Z/mlkem-native_af4c5abd_isolated/proofs/cbmc/polyvec_add/Makefile	41f6583e92dc7ad78a76c397ecc014dddbaeaa465ae08fcdf009aaafc32bd21a	1992	upstream/mlkem-native/pkcheck-af4c5abd-source-snapshot/proofs/cbmc/polyvec_add/Makefile
mlk_kem_check_pk_cleanroom/PKCHECK_00BC_01A_ADMISSION_20260730T013748Z/mlkem-native_af4c5abd_isolated/proofs/cbmc/polyvec_add/polyvec_add_harness.c	127cb386d34844049c5000a442ffece3f135379daa4c097031cb97417ae1679e	261	upstream/mlkem-native/pkcheck-af4c5abd-source-snapshot/proofs/cbmc/polyvec_add/polyvec_add_harness.c
mlk_kem_check_pk_cleanroom/PKCHECK_00BC_01A_ADMISSION_20260730T013748Z/mlkem-native_af4c5abd_isolated/proofs/cbmc/polyvec_basemul_acc_montgomery_cached/Makefile	992845549f6be1941a933726b6d16435852cd35b82be96994fb9fc1b778df625	2140	upstream/mlkem-native/pkcheck-af4c5abd-source-snapshot/proofs/cbmc/polyvec_basemul_acc_montgomery_cached/Makefile
mlk_kem_check_pk_cleanroom/PKCHECK_00BC_01A_ADMISSION_20260730T013748Z/mlkem-native_af4c5abd_isolated/proofs/cbmc/polyvec_basemul_acc_montgomery_cached/polyvec_basemul_acc_montgomery_cached_harness.c	c1418a61801656ffe6bd934dc32fbcbfb4ec348e6a40f5363508f5451be061dc	350	upstream/mlkem-native/pkcheck-af4c5abd-source-snapshot/proofs/cbmc/polyvec_basemul_acc_montgomery_cached/polyvec_basemul_acc_montgomery_cached_harness.c
mlk_kem_check_pk_cleanroom/PKCHECK_00BC_01A_ADMISSION_20260730T013748Z/mlkem-native_af4c5abd_isolated/proofs/cbmc/polyvec_basemul_acc_montgomery_cached_c/Makefile	04553df5547cb68b4d7caa1091d854581a030b1132fec911785eb14ea2d3ee32	1340	upstream/mlkem-native/pkcheck-af4c5abd-source-snapshot/proofs/cbmc/polyvec_basemul_acc_montgomery_cached_c/Makefile
mlk_kem_check_pk_cleanroom/PKCHECK_00BC_01A_ADMISSION_20260730T013748Z/mlkem-native_af4c5abd_isolated/proofs/cbmc/polyvec_basemul_acc_montgomery_cached_c/polyvec_basemul_acc_montgomery_cached_c_harness.c	8bb83a9f9725a2b39c6a2ff81f8619879b6890e98576400bbf72016ce87d4fa1	623	upstream/mlkem-native/pkcheck-af4c5abd-source-snapshot/proofs/cbmc/polyvec_basemul_acc_montgomery_cached_c/polyvec_basemul_acc_montgomery_cached_c_harness.c
mlk_kem_check_pk_cleanroom/PKCHECK_00BC_01A_ADMISSION_20260730T013748Z/mlkem-native_af4c5abd_isolated/proofs/cbmc/polyvec_basemul_acc_montgomery_cached_k2_native_aarch64/Makefile	bcc218f1279844e1dbf90b2a10aea3703c63cffe36860d25487e14cbe578c138	2585	upstream/mlkem-native/pkcheck-af4c5abd-source-snapshot/proofs/cbmc/polyvec_basemul_acc_montgomery_cached_k2_native_aarch64/Makefile
mlk_kem_check_pk_cleanroom/PKCHECK_00BC_01A_ADMISSION_20260730T013748Z/mlkem-native_af4c5abd_isolated/proofs/cbmc/polyvec_basemul_acc_montgomery_cached_k2_native_aarch64/polyvec_basemul_acc_montgomery_cached_k2_native_aarch64_harness.c	b3a46147965dbce7adc55be889d17c6f672c6d468aafb152010bf7e73264ad60	593	upstream/mlkem-native/pkcheck-af4c5abd-source-snapshot/proofs/cbmc/polyvec_basemul_acc_montgomery_cached_k2_native_aarch64/polyvec_basemul_acc_montgomery_cached_k2_native_aarch64_harness.c
mlk_kem_check_pk_cleanroom/PKCHECK_00BC_01A_ADMISSION_20260730T013748Z/mlkem-native_af4c5abd_isolated/proofs/cbmc/polyvec_basemul_acc_montgomery_cached_k2_native_x86_64/Makefile	7439e706299cfa447d54e733b6136cba25102a0bd71334a62bd467fd707d4a05	2550	upstream/mlkem-native/pkcheck-af4c5abd-source-snapshot/proofs/cbmc/polyvec_basemul_acc_montgomery_cached_k2_native_x86_64/Makefile
mlk_kem_check_pk_cleanroom/PKCHECK_00BC_01A_ADMISSION_20260730T013748Z/mlkem-native_af4c5abd_isolated/proofs/cbmc/polyvec_basemul_acc_montgomery_cached_k2_native_x86_64/polyvec_basemul_acc_montgomery_cached_k2_native_x86_64_harness.c	b3a46147965dbce7adc55be889d17c6f672c6d468aafb152010bf7e73264ad60	593	upstream/mlkem-native/pkcheck-af4c5abd-source-snapshot/proofs/cbmc/polyvec_basemul_acc_montgomery_cached_k2_native_x86_64/polyvec_basemul_acc_montgomery_cached_k2_native_x86_64_harness.c
mlk_kem_check_pk_cleanroom/PKCHECK_00BC_01A_ADMISSION_20260730T013748Z/mlkem-native_af4c5abd_isolated/proofs/cbmc/polyvec_basemul_acc_montgomery_cached_k3_native_aarch64/Makefile	41e2feec45d09094f74c1aef6970f86e6afd757ec5a3571114da7f0ae37724f9	2585	upstream/mlkem-native/pkcheck-af4c5abd-source-snapshot/proofs/cbmc/polyvec_basemul_acc_montgomery_cached_k3_native_aarch64/Makefile
mlk_kem_check_pk_cleanroom/PKCHECK_00BC_01A_ADMISSION_20260730T013748Z/mlkem-native_af4c5abd_isolated/proofs/cbmc/polyvec_basemul_acc_montgomery_cached_k3_native_aarch64/polyvec_basemul_acc_montgomery_cached_k3_native_aarch64_harness.c	46ff5acec3393c0ca1863ce6fd7552305f56ae7f764dbdbef5a27f81364b3761	593	upstream/mlkem-native/pkcheck-af4c5abd-source-snapshot/proofs/cbmc/polyvec_basemul_acc_montgomery_cached_k3_native_aarch64/polyvec_basemul_acc_montgomery_cached_k3_native_aarch64_harness.c
mlk_kem_check_pk_cleanroom/PKCHECK_00BC_01A_ADMISSION_20260730T013748Z/mlkem-native_af4c5abd_isolated/proofs/cbmc/polyvec_basemul_acc_montgomery_cached_k3_native_x86_64/Makefile	d789c9c5e7014d252047596786e7d5161c1eb122dbf61a7819ee4ab04abbe8a2	2550	upstream/mlkem-native/pkcheck-af4c5abd-source-snapshot/proofs/cbmc/polyvec_basemul_acc_montgomery_cached_k3_native_x86_64/Makefile
mlk_kem_check_pk_cleanroom/PKCHECK_00BC_01A_ADMISSION_20260730T013748Z/mlkem-native_af4c5abd_isolated/proofs/cbmc/polyvec_basemul_acc_montgomery_cached_k3_native_x86_64/polyvec_basemul_acc_montgomery_cached_k3_native_x86_64_harness.c	63fbfc29a50a7f3babb7ec0e00dbc4d8d3bd87f1622e320ec38461e3628050d6	592	upstream/mlkem-native/pkcheck-af4c5abd-source-snapshot/proofs/cbmc/polyvec_basemul_acc_montgomery_cached_k3_native_x86_64/polyvec_basemul_acc_montgomery_cached_k3_native_x86_64_harness.c
mlk_kem_check_pk_cleanroom/PKCHECK_00BC_01A_ADMISSION_20260730T013748Z/mlkem-native_af4c5abd_isolated/proofs/cbmc/polyvec_basemul_acc_montgomery_cached_k4_native_aarch64/Makefile	74372bedd91980757ab8c3e30885c4ca2a2ec8b2383f8d42c8c89b4b327e30fe	2585	upstream/mlkem-native/pkcheck-af4c5abd-source-snapshot/proofs/cbmc/polyvec_basemul_acc_montgomery_cached_k4_native_aarch64/Makefile
mlk_kem_check_pk_cleanroom/PKCHECK_00BC_01A_ADMISSION_20260730T013748Z/mlkem-native_af4c5abd_isolated/proofs/cbmc/polyvec_basemul_acc_montgomery_cached_k4_native_aarch64/polyvec_basemul_acc_montgomery_cached_k4_native_aarch64_harness.c	626b95b3bd3c0340f6e1ab425aad57bad6c95bc44ba4cef7137e474cf9660d0b	593	upstream/mlkem-native/pkcheck-af4c5abd-source-snapshot/proofs/cbmc/polyvec_basemul_acc_montgomery_cached_k4_native_aarch64/polyvec_basemul_acc_montgomery_cached_k4_native_aarch64_harness.c
mlk_kem_check_pk_cleanroom/PKCHECK_00BC_01A_ADMISSION_20260730T013748Z/mlkem-native_af4c5abd_isolated/proofs/cbmc/polyvec_basemul_acc_montgomery_cached_k4_native_x86_64/Makefile	ae1a4992f2aa19b969d1d3a06fc6aff9549629f596662c948e31cc116c075d66	2550	upstream/mlkem-native/pkcheck-af4c5abd-source-snapshot/proofs/cbmc/polyvec_basemul_acc_montgomery_cached_k4_native_x86_64/Makefile
mlk_kem_check_pk_cleanroom/PKCHECK_00BC_01A_ADMISSION_20260730T013748Z/mlkem-native_af4c5abd_isolated/proofs/cbmc/polyvec_basemul_acc_montgomery_cached_k4_native_x86_64/polyvec_basemul_acc_montgomery_cached_k4_native_x86_64_harness.c	626b95b3bd3c0340f6e1ab425aad57bad6c95bc44ba4cef7137e474cf9660d0b	593	upstream/mlkem-native/pkcheck-af4c5abd-source-snapshot/proofs/cbmc/polyvec_basemul_acc_montgomery_cached_k4_native_x86_64/polyvec_basemul_acc_montgomery_cached_k4_native_x86_64_harness.c
mlk_kem_check_pk_cleanroom/PKCHECK_00BC_01A_ADMISSION_20260730T013748Z/mlkem-native_af4c5abd_isolated/proofs/cbmc/polyvec_basemul_acc_montgomery_cached_native/Makefile	59437d9dab8e969f7eb9655b1df12834897957967abf2cd74e8c8101282a7390	2333	upstream/mlkem-native/pkcheck-af4c5abd-source-snapshot/proofs/cbmc/polyvec_basemul_acc_montgomery_cached_native/Makefile
mlk_kem_check_pk_cleanroom/PKCHECK_00BC_01A_ADMISSION_20260730T013748Z/mlkem-native_af4c5abd_isolated/proofs/cbmc/polyvec_basemul_acc_montgomery_cached_native/polyvec_basemul_acc_montgomery_cached_native_harness.c	c1418a61801656ffe6bd934dc32fbcbfb4ec348e6a40f5363508f5451be061dc	350	upstream/mlkem-native/pkcheck-af4c5abd-source-snapshot/proofs/cbmc/polyvec_basemul_acc_montgomery_cached_native/polyvec_basemul_acc_montgomery_cached_native_harness.c
mlk_kem_check_pk_cleanroom/PKCHECK_00BC_01A_ADMISSION_20260730T013748Z/mlkem-native_af4c5abd_isolated/proofs/cbmc/polyvec_compress_du/Makefile	f8e82ca1a6bcd050f9778611670d1b4d8233f9ae7c04103a464e7849f952de23	2100	upstream/mlkem-native/pkcheck-af4c5abd-source-snapshot/proofs/cbmc/polyvec_compress_du/Makefile
mlk_kem_check_pk_cleanroom/PKCHECK_00BC_01A_ADMISSION_20260730T013748Z/mlkem-native_af4c5abd_isolated/proofs/cbmc/polyvec_compress_du/polyvec_compress_du_harness.c	68c72cae06e3309cc9af3dbdd1ca21e4e053a463df891d69a5947233c0f35103	298	upstream/mlkem-native/pkcheck-af4c5abd-source-snapshot/proofs/cbmc/polyvec_compress_du/polyvec_compress_du_harness.c
mlk_kem_check_pk_cleanroom/PKCHECK_00BC_01A_ADMISSION_20260730T013748Z/mlkem-native_af4c5abd_isolated/proofs/cbmc/polyvec_decompress_du/Makefile	ef6335daa46e5567950b226bb2d267a35704b85d23bb6f09d2f5810e3d9a4026	2112	upstream/mlkem-native/pkcheck-af4c5abd-source-snapshot/proofs/cbmc/polyvec_decompress_du/Makefile
mlk_kem_check_pk_cleanroom/PKCHECK_00BC_01A_ADMISSION_20260730T013748Z/mlkem-native_af4c5abd_isolated/proofs/cbmc/polyvec_decompress_du/polyvec_decompress_du_harness.c	e3f917f53319f50a346278ef65b97e0e693bdc0dc237ed054aa0da388a93424f	300	upstream/mlkem-native/pkcheck-af4c5abd-source-snapshot/proofs/cbmc/polyvec_decompress_du/polyvec_decompress_du_harness.c
mlk_kem_check_pk_cleanroom/PKCHECK_00BC_01A_ADMISSION_20260730T013748Z/mlkem-native_af4c5abd_isolated/proofs/cbmc/polyvec_frombytes/Makefile	dcb1b7483b0953269f85c15d8dc46902f9758eb682b083c8dd82d56935a7d3bb	2087	upstream/mlkem-native/pkcheck-af4c5abd-source-snapshot/proofs/cbmc/polyvec_frombytes/Makefile
mlk_kem_check_pk_cleanroom/PKCHECK_00BC_01A_ADMISSION_20260730T013748Z/mlkem-native_af4c5abd_isolated/proofs/cbmc/polyvec_frombytes/polyvec_frombytes_harness.c	2dbfa33ba88a2c62a9560f79a75f94730da921db74ac259691634f33564c131d	262	upstream/mlkem-native/pkcheck-af4c5abd-source-snapshot/proofs/cbmc/polyvec_frombytes/polyvec_frombytes_harness.c
mlk_kem_check_pk_cleanroom/PKCHECK_00BC_01A_ADMISSION_20260730T013748Z/mlkem-native_af4c5abd_isolated/proofs/cbmc/polyvec_invntt_tomont/Makefile	3ff4eff2b6a8f00a85aee844599cf85f8744fbda4f86ac4aefa39c9937a55b4d	2111	upstream/mlkem-native/pkcheck-af4c5abd-source-snapshot/proofs/cbmc/polyvec_invntt_tomont/Makefile
mlk_kem_check_pk_cleanroom/PKCHECK_00BC_01A_ADMISSION_20260730T013748Z/mlkem-native_af4c5abd_isolated/proofs/cbmc/polyvec_invntt_tomont/polyvec_invntt_tomont_harness.c	9b23010d1ccff5293faf48fbec40425898ba144d3fa5281a869d05f805e688c8	264	upstream/mlkem-native/pkcheck-af4c5abd-source-snapshot/proofs/cbmc/polyvec_invntt_tomont/polyvec_invntt_tomont_harness.c
mlk_kem_check_pk_cleanroom/PKCHECK_00BC_01A_ADMISSION_20260730T013748Z/mlkem-native_af4c5abd_isolated/proofs/cbmc/polyvec_mulcache_compute/Makefile	a53c2c79382a50564af84c3ce4cc0432f604b6daa9ea461b24c57835a127dd54	2156	upstream/mlkem-native/pkcheck-af4c5abd-source-snapshot/proofs/cbmc/polyvec_mulcache_compute/Makefile
mlk_kem_check_pk_cleanroom/PKCHECK_00BC_01A_ADMISSION_20260730T013748Z/mlkem-native_af4c5abd_isolated/proofs/cbmc/polyvec_mulcache_compute/polyvec_mulcache_compute_harness.c	c65d35856df727693be84bdfe48d62408dca16a8cc335c090f470eeb3ae62f7e	298	upstream/mlkem-native/pkcheck-af4c5abd-source-snapshot/proofs/cbmc/polyvec_mulcache_compute/polyvec_mulcache_compute_harness.c
mlk_kem_check_pk_cleanroom/PKCHECK_00BC_01A_ADMISSION_20260730T013748Z/mlkem-native_af4c5abd_isolated/proofs/cbmc/polyvec_ntt/Makefile	700dfbc651a6cb5ab61f3afa18fd2aa9c9521c1e2f7776ac44bc03f7bd76f303	2051	upstream/mlkem-native/pkcheck-af4c5abd-source-snapshot/proofs/cbmc/polyvec_ntt/Makefile
mlk_kem_check_pk_cleanroom/PKCHECK_00BC_01A_ADMISSION_20260730T013748Z/mlkem-native_af4c5abd_isolated/proofs/cbmc/polyvec_ntt/polyvec_ntt_harness.c	a1cdc42f1c352fc50c3e8666336e7c68d8a00c62f522ee3cbee08ec994d84d1b	254	upstream/mlkem-native/pkcheck-af4c5abd-source-snapshot/proofs/cbmc/polyvec_ntt/polyvec_ntt_harness.c
mlk_kem_check_pk_cleanroom/PKCHECK_00BC_01A_ADMISSION_20260730T013748Z/mlkem-native_af4c5abd_isolated/proofs/cbmc/polyvec_permute_bitrev_to_custom/Makefile	bf184dfc052bb78a7146d26541d97166ce547c3872e7bc846afba3d1f84cbf87	2033	upstream/mlkem-native/pkcheck-af4c5abd-source-snapshot/proofs/cbmc/polyvec_permute_bitrev_to_custom/Makefile
mlk_kem_check_pk_cleanroom/PKCHECK_00BC_01A_ADMISSION_20260730T013748Z/mlkem-native_af4c5abd_isolated/proofs/cbmc/polyvec_permute_bitrev_to_custom/polyvec_permute_bitrev_to_custom_harness.c	17b89a202be6a65f271f873c6bfbdc2fe364a4b32d52317116f9e8bcc2d9e41d	428	upstream/mlkem-native/pkcheck-af4c5abd-source-snapshot/proofs/cbmc/polyvec_permute_bitrev_to_custom/polyvec_permute_bitrev_to_custom_harness.c
mlk_kem_check_pk_cleanroom/PKCHECK_00BC_01A_ADMISSION_20260730T013748Z/mlkem-native_af4c5abd_isolated/proofs/cbmc/polyvec_permute_bitrev_to_custom_native/Makefile	8f95326d9315df43b3dcbc36b8f6ee1fe073a8520956355ca917d4cedcf25d19	2179	upstream/mlkem-native/pkcheck-af4c5abd-source-snapshot/proofs/cbmc/polyvec_permute_bitrev_to_custom_native/Makefile
mlk_kem_check_pk_cleanroom/PKCHECK_00BC_01A_ADMISSION_20260730T013748Z/mlkem-native_af4c5abd_isolated/proofs/cbmc/polyvec_permute_bitrev_to_custom_native/polyvec_permute_bitrev_to_custom_native_harness.c	17b89a202be6a65f271f873c6bfbdc2fe364a4b32d52317116f9e8bcc2d9e41d	428	upstream/mlkem-native/pkcheck-af4c5abd-source-snapshot/proofs/cbmc/polyvec_permute_bitrev_to_custom_native/polyvec_permute_bitrev_to_custom_native_harness.c
mlk_kem_check_pk_cleanroom/PKCHECK_00BC_01A_ADMISSION_20260730T013748Z/mlkem-native_af4c5abd_isolated/proofs/cbmc/polyvec_reduce/Makefile	a05671547ce363bd0909ad7756759dc1935a5cca8ebc9903e8a3c18cc504e24b	2069	upstream/mlkem-native/pkcheck-af4c5abd-source-snapshot/proofs/cbmc/polyvec_reduce/Makefile
mlk_kem_check_pk_cleanroom/PKCHECK_00BC_01A_ADMISSION_20260730T013748Z/mlkem-native_af4c5abd_isolated/proofs/cbmc/polyvec_reduce/polyvec_reduce_harness.c	1397c8d44303ba667c618caad619bf1c4c0a6ef70525a118671efe526910ca46	242	upstream/mlkem-native/pkcheck-af4c5abd-source-snapshot/proofs/cbmc/polyvec_reduce/polyvec_reduce_harness.c
mlk_kem_check_pk_cleanroom/PKCHECK_00BC_01A_ADMISSION_20260730T013748Z/mlkem-native_af4c5abd_isolated/proofs/cbmc/polyvec_tobytes/Makefile	75982685ed968b852037950968eeeacc63edad3b87b2c65bb610ab1ec1aecb20	2011	upstream/mlkem-native/pkcheck-af4c5abd-source-snapshot/proofs/cbmc/polyvec_tobytes/Makefile
mlk_kem_check_pk_cleanroom/PKCHECK_00BC_01A_ADMISSION_20260730T013748Z/mlkem-native_af4c5abd_isolated/proofs/cbmc/polyvec_tobytes/polyvec_tobytes_harness.c	01ab95a8f3d705922b200d17ba472a8b6381e935a43d4a028b5be36dc1b5a581	260	upstream/mlkem-native/pkcheck-af4c5abd-source-snapshot/proofs/cbmc/polyvec_tobytes/polyvec_tobytes_harness.c
mlk_kem_check_pk_cleanroom/PKCHECK_00BC_01A_ADMISSION_20260730T013748Z/mlkem-native_af4c5abd_isolated/proofs/cbmc/polyvec_tomont/Makefile	f0a6969572a559c854e5492651b1e98d2d011bbdd177442458bc67ebb7e54f90	2069	upstream/mlkem-native/pkcheck-af4c5abd-source-snapshot/proofs/cbmc/polyvec_tomont/Makefile
mlk_kem_check_pk_cleanroom/PKCHECK_00BC_01A_ADMISSION_20260730T013748Z/mlkem-native_af4c5abd_isolated/proofs/cbmc/polyvec_tomont/polyvec_tomont_harness.c	a43ed289b061d47fdd39f8379912132d803f67cacca95feafdd9028b7f20ad6a	242	upstream/mlkem-native/pkcheck-af4c5abd-source-snapshot/proofs/cbmc/polyvec_tomont/polyvec_tomont_harness.c
mlk_kem_check_pk_cleanroom/PKCHECK_00BC_01A_ADMISSION_20260730T013748Z/mlkem-native_af4c5abd_isolated/proofs/cbmc/proof_guide.md	79ce7c38279195008678419a6dc80dad8ae10f448cfd18eb181001f217d32835	23977	upstream/mlkem-native/pkcheck-af4c5abd-source-snapshot/proofs/cbmc/proof_guide.md
mlk_kem_check_pk_cleanroom/PKCHECK_00BC_01A_ADMISSION_20260730T013748Z/mlkem-native_af4c5abd_isolated/proofs/cbmc/rej_uniform/Makefile	dd519920e3ca01a2cee08a21a6f6c6c2a5736c81150a7b4cf48d7eba9f179d0e	2015	upstream/mlkem-native/pkcheck-af4c5abd-source-snapshot/proofs/cbmc/rej_uniform/Makefile
mlk_kem_check_pk_cleanroom/PKCHECK_00BC_01A_ADMISSION_20260730T013748Z/mlkem-native_af4c5abd_isolated/proofs/cbmc/rej_uniform/rej_uniform_harness.c	a5afc8218ddec34bfc1752ceb944a92fdbcff3e3c9f9b7ce4eadaf5589d6dd27	468	upstream/mlkem-native/pkcheck-af4c5abd-source-snapshot/proofs/cbmc/rej_uniform/rej_uniform_harness.c
mlk_kem_check_pk_cleanroom/PKCHECK_00BC_01A_ADMISSION_20260730T013748Z/mlkem-native_af4c5abd_isolated/proofs/cbmc/rej_uniform_c/Makefile	3fa8224a9c798b77d61c3b87a375c7c5e9815642bb11cfb68f9eb6ae98105838	1217	upstream/mlkem-native/pkcheck-af4c5abd-source-snapshot/proofs/cbmc/rej_uniform_c/Makefile
mlk_kem_check_pk_cleanroom/PKCHECK_00BC_01A_ADMISSION_20260730T013748Z/mlkem-native_af4c5abd_isolated/proofs/cbmc/rej_uniform_c/rej_uniform_c_harness.c	313ac13240374c2c74f1c70ec3a861f331082c5c2d3d9f4ea2e04deb88a59a80	483	upstream/mlkem-native/pkcheck-af4c5abd-source-snapshot/proofs/cbmc/rej_uniform_c/rej_uniform_c_harness.c
mlk_kem_check_pk_cleanroom/PKCHECK_00BC_01A_ADMISSION_20260730T013748Z/mlkem-native_af4c5abd_isolated/proofs/cbmc/rej_uniform_native/Makefile	db50e878ddb8eb46bbfdfcc4d7ce6fbbb6fe7eed0b7a66b494024b8cdd45488a	2171	upstream/mlkem-native/pkcheck-af4c5abd-source-snapshot/proofs/cbmc/rej_uniform_native/Makefile
mlk_kem_check_pk_cleanroom/PKCHECK_00BC_01A_ADMISSION_20260730T013748Z/mlkem-native_af4c5abd_isolated/proofs/cbmc/rej_uniform_native/rej_uniform_native_harness.c	a5afc8218ddec34bfc1752ceb944a92fdbcff3e3c9f9b7ce4eadaf5589d6dd27	468	upstream/mlkem-native/pkcheck-af4c5abd-source-snapshot/proofs/cbmc/rej_uniform_native/rej_uniform_native_harness.c
mlk_kem_check_pk_cleanroom/PKCHECK_00BC_01A_ADMISSION_20260730T013748Z/mlkem-native_af4c5abd_isolated/proofs/cbmc/rej_uniform_native_aarch64/Makefile	7ad6b3c71e7ba8a0806be638b41b0bb6bcd6e8fbcf3ecd6f603fe82098b51244	2441	upstream/mlkem-native/pkcheck-af4c5abd-source-snapshot/proofs/cbmc/rej_uniform_native_aarch64/Makefile
mlk_kem_check_pk_cleanroom/PKCHECK_00BC_01A_ADMISSION_20260730T013748Z/mlkem-native_af4c5abd_isolated/proofs/cbmc/rej_uniform_native_aarch64/rej_uniform_native_aarch64_harness.c	6f13510cb44b936d51129ecb71419e11cc6630578e4593027aa06a4a2e54dfd4	456	upstream/mlkem-native/pkcheck-af4c5abd-source-snapshot/proofs/cbmc/rej_uniform_native_aarch64/rej_uniform_native_aarch64_harness.c
mlk_kem_check_pk_cleanroom/PKCHECK_00BC_01A_ADMISSION_20260730T013748Z/mlkem-native_af4c5abd_isolated/proofs/cbmc/rej_uniform_native_x86_64/Makefile	8be3505b2dc483c027065efd44ff4c1ab056a908c812705227c0b135a9291219	2405	upstream/mlkem-native/pkcheck-af4c5abd-source-snapshot/proofs/cbmc/rej_uniform_native_x86_64/Makefile
mlk_kem_check_pk_cleanroom/PKCHECK_00BC_01A_ADMISSION_20260730T013748Z/mlkem-native_af4c5abd_isolated/proofs/cbmc/rej_uniform_native_x86_64/rej_uniform_native_x86_64_harness.c	6f13510cb44b936d51129ecb71419e11cc6630578e4593027aa06a4a2e54dfd4	456	upstream/mlkem-native/pkcheck-af4c5abd-source-snapshot/proofs/cbmc/rej_uniform_native_x86_64/rej_uniform_native_x86_64_harness.c
mlk_kem_check_pk_cleanroom/PKCHECK_00BC_01A_ADMISSION_20260730T013748Z/mlkem-native_af4c5abd_isolated/proofs/cbmc/run-cbmc-proofs.py	46ce8b5df14695a335acc3dcc2a07aba79918b32a8cef2ad0084631356b404c9	16075	upstream/mlkem-native/pkcheck-af4c5abd-source-snapshot/proofs/cbmc/run-cbmc-proofs.py
mlk_kem_check_pk_cleanroom/PKCHECK_00BC_01A_ADMISSION_20260730T013748Z/mlkem-native_af4c5abd_isolated/proofs/cbmc/scalar_compress_d1/Makefile	233daf6c6cd1b2d3e449b5793103b4275113cbe88aea5d7b1024bbe727de0ffd	1886	upstream/mlkem-native/pkcheck-af4c5abd-source-snapshot/proofs/cbmc/scalar_compress_d1/Makefile
mlk_kem_check_pk_cleanroom/PKCHECK_00BC_01A_ADMISSION_20260730T013748Z/mlkem-native_af4c5abd_isolated/proofs/cbmc/scalar_compress_d1/scalar_compress_d1_harness.c	0c5da49d6735c625b18f8a936c743c430ac7f551206ba3fbc53be25f030248a0	310	upstream/mlkem-native/pkcheck-af4c5abd-source-snapshot/proofs/cbmc/scalar_compress_d1/scalar_compress_d1_harness.c
mlk_kem_check_pk_cleanroom/PKCHECK_00BC_01A_ADMISSION_20260730T013748Z/mlkem-native_af4c5abd_isolated/proofs/cbmc/scalar_compress_d10/Makefile	2c58087f72460b3f5b743866c40618affc144d5af511eba51daac9d70b95f912	1889	upstream/mlkem-native/pkcheck-af4c5abd-source-snapshot/proofs/cbmc/scalar_compress_d10/Makefile
mlk_kem_check_pk_cleanroom/PKCHECK_00BC_01A_ADMISSION_20260730T013748Z/mlkem-native_af4c5abd_isolated/proofs/cbmc/scalar_compress_d10/scalar_compress_d10_harness.c	fae049245d4c5faaa37702b85365fb24f1c9201d63bbfcccea650af8d3e921d5	312	upstream/mlkem-native/pkcheck-af4c5abd-source-snapshot/proofs/cbmc/scalar_compress_d10/scalar_compress_d10_harness.c
mlk_kem_check_pk_cleanroom/PKCHECK_00BC_01A_ADMISSION_20260730T013748Z/mlkem-native_af4c5abd_isolated/proofs/cbmc/scalar_compress_d11/Makefile	3ffbd569c2201d03c7fb7171cb09c171275f02479627755c81b74495da158e81	1889	upstream/mlkem-native/pkcheck-af4c5abd-source-snapshot/proofs/cbmc/scalar_compress_d11/Makefile
mlk_kem_check_pk_cleanroom/PKCHECK_00BC_01A_ADMISSION_20260730T013748Z/mlkem-native_af4c5abd_isolated/proofs/cbmc/scalar_compress_d11/scalar_compress_d11_harness.c	53eadc28faefe507900fe2f44cdf6ec93ce26b3e42de6482dbb4710c96701176	312	upstream/mlkem-native/pkcheck-af4c5abd-source-snapshot/proofs/cbmc/scalar_compress_d11/scalar_compress_d11_harness.c
mlk_kem_check_pk_cleanroom/PKCHECK_00BC_01A_ADMISSION_20260730T013748Z/mlkem-native_af4c5abd_isolated/proofs/cbmc/scalar_compress_d4/Makefile	30e2dfadbb24b48af99c2516feede3d9f4a5ffe167cd696349fb99723316589e	1886	upstream/mlkem-native/pkcheck-af4c5abd-source-snapshot/proofs/cbmc/scalar_compress_d4/Makefile
mlk_kem_check_pk_cleanroom/PKCHECK_00BC_01A_ADMISSION_20260730T013748Z/mlkem-native_af4c5abd_isolated/proofs/cbmc/scalar_compress_d4/scalar_compress_d4_harness.c	dae16469290837e13d29fc49688a8bc75c2362a87f201886771da59fadb92807	310	upstream/mlkem-native/pkcheck-af4c5abd-source-snapshot/proofs/cbmc/scalar_compress_d4/scalar_compress_d4_harness.c
mlk_kem_check_pk_cleanroom/PKCHECK_00BC_01A_ADMISSION_20260730T013748Z/mlkem-native_af4c5abd_isolated/proofs/cbmc/scalar_compress_d5/Makefile	91ceea5db91e0a075d1435f375c77fc403d97f23e6ae9e84a85ec3463606e0fd	1886	upstream/mlkem-native/pkcheck-af4c5abd-source-snapshot/proofs/cbmc/scalar_compress_d5/Makefile
mlk_kem_check_pk_cleanroom/PKCHECK_00BC_01A_ADMISSION_20260730T013748Z/mlkem-native_af4c5abd_isolated/proofs/cbmc/scalar_compress_d5/scalar_compress_d5_harness.c	282dca2ed3745e72b49afd87d2061ebdd0c39bd7216df579b6eb9ef30753a034	310	upstream/mlkem-native/pkcheck-af4c5abd-source-snapshot/proofs/cbmc/scalar_compress_d5/scalar_compress_d5_harness.c
mlk_kem_check_pk_cleanroom/PKCHECK_00BC_01A_ADMISSION_20260730T013748Z/mlkem-native_af4c5abd_isolated/proofs/cbmc/scalar_decompress_d10/Makefile	293da27ecc62219687fb4667dcfe2fc77b468be6b6b787b4736187a9a8606bc2	1895	upstream/mlkem-native/pkcheck-af4c5abd-source-snapshot/proofs/cbmc/scalar_decompress_d10/Makefile
mlk_kem_check_pk_cleanroom/PKCHECK_00BC_01A_ADMISSION_20260730T013748Z/mlkem-native_af4c5abd_isolated/proofs/cbmc/scalar_decompress_d10/scalar_decompress_d10_harness.c	1d4988051796ae4982bfa003abaca55bba0542a4749f9b185fc2892e8e978926	264	upstream/mlkem-native/pkcheck-af4c5abd-source-snapshot/proofs/cbmc/scalar_decompress_d10/scalar_decompress_d10_harness.c
mlk_kem_check_pk_cleanroom/PKCHECK_00BC_01A_ADMISSION_20260730T013748Z/mlkem-native_af4c5abd_isolated/proofs/cbmc/scalar_decompress_d11/Makefile	34ec430df3fd1e2c9503147cedd644e47490fe07a22adba1f5581ce27ab6fd9d	1895	upstream/mlkem-native/pkcheck-af4c5abd-source-snapshot/proofs/cbmc/scalar_decompress_d11/Makefile
mlk_kem_check_pk_cleanroom/PKCHECK_00BC_01A_ADMISSION_20260730T013748Z/mlkem-native_af4c5abd_isolated/proofs/cbmc/scalar_decompress_d11/scalar_decompress_d11_harness.c	8c6105c9d781162db89b239bd67fc3c1e3c539940427963e98120bba09965817	264	upstream/mlkem-native/pkcheck-af4c5abd-source-snapshot/proofs/cbmc/scalar_decompress_d11/scalar_decompress_d11_harness.c
mlk_kem_check_pk_cleanroom/PKCHECK_00BC_01A_ADMISSION_20260730T013748Z/mlkem-native_af4c5abd_isolated/proofs/cbmc/scalar_decompress_d4/Makefile	6fcf42b53523836859ced61f3758e648b7be79040562f5c19a64817c0162e3ae	1892	upstream/mlkem-native/pkcheck-af4c5abd-source-snapshot/proofs/cbmc/scalar_decompress_d4/Makefile
mlk_kem_check_pk_cleanroom/PKCHECK_00BC_01A_ADMISSION_20260730T013748Z/mlkem-native_af4c5abd_isolated/proofs/cbmc/scalar_decompress_d4/scalar_decompress_d4_harness.c	9d334f611c0690f5f37a4835540563339619416db24b1e6c05bad58cbc009ef2	262	upstream/mlkem-native/pkcheck-af4c5abd-source-snapshot/proofs/cbmc/scalar_decompress_d4/scalar_decompress_d4_harness.c
mlk_kem_check_pk_cleanroom/PKCHECK_00BC_01A_ADMISSION_20260730T013748Z/mlkem-native_af4c5abd_isolated/proofs/cbmc/scalar_decompress_d5/Makefile	d8399983f6d8eed9651b76059c01c7ed3e76a569525f5ff474172631bcb29a24	1892	upstream/mlkem-native/pkcheck-af4c5abd-source-snapshot/proofs/cbmc/scalar_decompress_d5/Makefile
mlk_kem_check_pk_cleanroom/PKCHECK_00BC_01A_ADMISSION_20260730T013748Z/mlkem-native_af4c5abd_isolated/proofs/cbmc/scalar_decompress_d5/scalar_decompress_d5_harness.c	af61845330ec27afcf2946bf6682924396fb8990cb174109c3bdc773bb0a2554	262	upstream/mlkem-native/pkcheck-af4c5abd-source-snapshot/proofs/cbmc/scalar_decompress_d5/scalar_decompress_d5_harness.c
mlk_kem_check_pk_cleanroom/PKCHECK_00BC_01A_ADMISSION_20260730T013748Z/mlkem-native_af4c5abd_isolated/proofs/cbmc/scalar_signed_to_unsigned_q/Makefile	bea04cbfd2eeff047d23f6bfcc9cdd64d0f3557402f7f11d204f99a1022588f5	2077	upstream/mlkem-native/pkcheck-af4c5abd-source-snapshot/proofs/cbmc/scalar_signed_to_unsigned_q/Makefile
mlk_kem_check_pk_cleanroom/PKCHECK_00BC_01A_ADMISSION_20260730T013748Z/mlkem-native_af4c5abd_isolated/proofs/cbmc/scalar_signed_to_unsigned_q/scalar_signed_to_unsigned_q_harness.c	db059c559d2ad2c63b9ed8a5a64ba85701c5a6e5e2c2b0c4f71174df2fd2babd	405	upstream/mlkem-native/pkcheck-af4c5abd-source-snapshot/proofs/cbmc/scalar_signed_to_unsigned_q/scalar_signed_to_unsigned_q_harness.c
mlk_kem_check_pk_cleanroom/PKCHECK_00BC_01A_ADMISSION_20260730T013748Z/mlkem-native_af4c5abd_isolated/proofs/cbmc/sha3_256/Makefile	5b823634f70b126d56747d3d60fea111addbfa5d9fcd3f4515cd0abbd0ab3ee9	2067	upstream/mlkem-native/pkcheck-af4c5abd-source-snapshot/proofs/cbmc/sha3_256/Makefile
mlk_kem_check_pk_cleanroom/PKCHECK_00BC_01A_ADMISSION_20260730T013748Z/mlkem-native_af4c5abd_isolated/proofs/cbmc/sha3_256/sha3_256_harness.c	2e8291b48f81cb0093d9f31bf547e2572f411e33947312d21e817b6bf58974bd	357	upstream/mlkem-native/pkcheck-af4c5abd-source-snapshot/proofs/cbmc/sha3_256/sha3_256_harness.c
mlk_kem_check_pk_cleanroom/PKCHECK_00BC_01A_ADMISSION_20260730T013748Z/mlkem-native_af4c5abd_isolated/proofs/cbmc/sha3_512/Makefile	4cc7260f1529cc63546f24485646279d9887eaa1eb4b940aae1b988fa65a9b2d	2067	upstream/mlkem-native/pkcheck-af4c5abd-source-snapshot/proofs/cbmc/sha3_512/Makefile
mlk_kem_check_pk_cleanroom/PKCHECK_00BC_01A_ADMISSION_20260730T013748Z/mlkem-native_af4c5abd_isolated/proofs/cbmc/sha3_512/sha3_512_harness.c	26dc3496091885305535526a9ec2c7a09ad883ed1eb4e374be79df28adf7be29	357	upstream/mlkem-native/pkcheck-af4c5abd-source-snapshot/proofs/cbmc/sha3_512/sha3_512_harness.c
mlk_kem_check_pk_cleanroom/PKCHECK_00BC_01A_ADMISSION_20260730T013748Z/mlkem-native_af4c5abd_isolated/proofs/cbmc/shake128_absorb_once/Makefile	f2c9aa2accf73b138c35cbd5c48d2d6dd57be07792d8e14541b4c0d357ca3dbb	2063	upstream/mlkem-native/pkcheck-af4c5abd-source-snapshot/proofs/cbmc/shake128_absorb_once/Makefile
mlk_kem_check_pk_cleanroom/PKCHECK_00BC_01A_ADMISSION_20260730T013748Z/mlkem-native_af4c5abd_isolated/proofs/cbmc/shake128_absorb_once/shake128_absorb_once_harness.c	afdebffa18bc862a8d3a2907d18efb98eac04b9cb40e439238c3064da4d1c69d	375	upstream/mlkem-native/pkcheck-af4c5abd-source-snapshot/proofs/cbmc/shake128_absorb_once/shake128_absorb_once_harness.c
mlk_kem_check_pk_cleanroom/PKCHECK_00BC_01A_ADMISSION_20260730T013748Z/mlkem-native_af4c5abd_isolated/proofs/cbmc/shake128_squeezeblocks/Makefile	027373ab3ed58134c3d7ee5f39682e0004ae66f1cabd72cc42c7ddcf4cf32bbb	2073	upstream/mlkem-native/pkcheck-af4c5abd-source-snapshot/proofs/cbmc/shake128_squeezeblocks/Makefile
mlk_kem_check_pk_cleanroom/PKCHECK_00BC_01A_ADMISSION_20260730T013748Z/mlkem-native_af4c5abd_isolated/proofs/cbmc/shake128_squeezeblocks/shake128_squeezeblocks_harness.c	02dad714d1c44aaae17afee6f43ca7753054528123f106e1b2e9c1e130dc6982	377	upstream/mlkem-native/pkcheck-af4c5abd-source-snapshot/proofs/cbmc/shake128_squeezeblocks/shake128_squeezeblocks_harness.c
mlk_kem_check_pk_cleanroom/PKCHECK_00BC_01A_ADMISSION_20260730T013748Z/mlkem-native_af4c5abd_isolated/proofs/cbmc/shake128x4_absorb_once/Makefile	100d84c7cd37432e01c7e47fae22e74456aa8a2c1d2c5825130962b668eba869	2076	upstream/mlkem-native/pkcheck-af4c5abd-source-snapshot/proofs/cbmc/shake128x4_absorb_once/Makefile
mlk_kem_check_pk_cleanroom/PKCHECK_00BC_01A_ADMISSION_20260730T013748Z/mlkem-native_af4c5abd_isolated/proofs/cbmc/shake128x4_absorb_once/shake128x4_absorb_once_harness.c	6d89e39fbdaafa070d5de356da471f09f0733153b30a64327bb85f0a22feb38b	407	upstream/mlkem-native/pkcheck-af4c5abd-source-snapshot/proofs/cbmc/shake128x4_absorb_once/shake128x4_absorb_once_harness.c
mlk_kem_check_pk_cleanroom/PKCHECK_00BC_01A_ADMISSION_20260730T013748Z/mlkem-native_af4c5abd_isolated/proofs/cbmc/shake128x4_squeezeblocks/Makefile	6256919b7510a45553494a2c399412a94cbd172706e5b3b69b3dd22e097077a4	2086	upstream/mlkem-native/pkcheck-af4c5abd-source-snapshot/proofs/cbmc/shake128x4_squeezeblocks/Makefile
mlk_kem_check_pk_cleanroom/PKCHECK_00BC_01A_ADMISSION_20260730T013748Z/mlkem-native_af4c5abd_isolated/proofs/cbmc/shake128x4_squeezeblocks/shake128x4_squeezeblocks_harness.c	3fbba9844cdec12bb5b9aad2210fcc6a890d0367c17c825dcf2bf1ebe3588759	470	upstream/mlkem-native/pkcheck-af4c5abd-source-snapshot/proofs/cbmc/shake128x4_squeezeblocks/shake128x4_squeezeblocks_harness.c
mlk_kem_check_pk_cleanroom/PKCHECK_00BC_01A_ADMISSION_20260730T013748Z/mlkem-native_af4c5abd_isolated/proofs/cbmc/shake256/Makefile	81e9992147d98bbf3c4d9e2a9329a5c6e76df30e83e7c6800b3e6dd421a2bc2c	2067	upstream/mlkem-native/pkcheck-af4c5abd-source-snapshot/proofs/cbmc/shake256/Makefile
mlk_kem_check_pk_cleanroom/PKCHECK_00BC_01A_ADMISSION_20260730T013748Z/mlkem-native_af4c5abd_isolated/proofs/cbmc/shake256/shake256_harness.c	d2fd119e2a173ae6c7e4ff7debc44b28df2a5362eb8f7b102998d135e88e5612	382	upstream/mlkem-native/pkcheck-af4c5abd-source-snapshot/proofs/cbmc/shake256/shake256_harness.c
mlk_kem_check_pk_cleanroom/PKCHECK_00BC_01A_ADMISSION_20260730T013748Z/mlkem-native_af4c5abd_isolated/proofs/cbmc/shake256x4/Makefile	ec34b5dd10eb5e51e31537721653b43d7c958e23431fd950eb1edece6c99d990	2084	upstream/mlkem-native/pkcheck-af4c5abd-source-snapshot/proofs/cbmc/shake256x4/Makefile
mlk_kem_check_pk_cleanroom/PKCHECK_00BC_01A_ADMISSION_20260730T013748Z/mlkem-native_af4c5abd_isolated/proofs/cbmc/shake256x4/shake256x4_harness.c	4140de64ccf325e67ad3010876a9b14aaaa0e829700ecff15e931faa82855474	509	upstream/mlkem-native/pkcheck-af4c5abd-source-snapshot/proofs/cbmc/shake256x4/shake256x4_harness.c
mlk_kem_check_pk_cleanroom/PKCHECK_00BC_01A_ADMISSION_20260730T013748Z/mlkem-native_af4c5abd_isolated/proofs/cbmc/sys_check_capability/Makefile	72cd033ff3a5140e9bbbf611f06a5270d938461000180aab9914736aa1f818b7	2144	upstream/mlkem-native/pkcheck-af4c5abd-source-snapshot/proofs/cbmc/sys_check_capability/Makefile
mlk_kem_check_pk_cleanroom/PKCHECK_00BC_01A_ADMISSION_20260730T013748Z/mlkem-native_af4c5abd_isolated/proofs/cbmc/sys_check_capability/sys_check_capability_harness.c	738753871686e9e7e596bdf7fb19e445b24191265f265d54f328e3cf94087a14	261	upstream/mlkem-native/pkcheck-af4c5abd-source-snapshot/proofs/cbmc/sys_check_capability/sys_check_capability_harness.c
mlk_kem_check_pk_cleanroom/PKCHECK_00BC_01A_ADMISSION_20260730T013748Z/mlkem-native_af4c5abd_isolated/proofs/cbmc/value_barrier_i32/Makefile	91b5b3be69f09d8a65ef293cbeb258f6bb606e3905d56c3824bd377a35df7a58	2077	upstream/mlkem-native/pkcheck-af4c5abd-source-snapshot/proofs/cbmc/value_barrier_i32/Makefile
mlk_kem_check_pk_cleanroom/PKCHECK_00BC_01A_ADMISSION_20260730T013748Z/mlkem-native_af4c5abd_isolated/proofs/cbmc/value_barrier_i32/value_barrier_i32_harness.c	4b3215a99410e5b92b8f59452930e2b60f059f02888bcd27b9328409b5c17c98	262	upstream/mlkem-native/pkcheck-af4c5abd-source-snapshot/proofs/cbmc/value_barrier_i32/value_barrier_i32_harness.c
mlk_kem_check_pk_cleanroom/PKCHECK_00BC_01A_ADMISSION_20260730T013748Z/mlkem-native_af4c5abd_isolated/proofs/cbmc/value_barrier_u32/Makefile	66b15ade2a323ac321a0d4d87a1785558e7d05350e5e54635c34b81fbd9b6b15	2077	upstream/mlkem-native/pkcheck-af4c5abd-source-snapshot/proofs/cbmc/value_barrier_u32/Makefile
mlk_kem_check_pk_cleanroom/PKCHECK_00BC_01A_ADMISSION_20260730T013748Z/mlkem-native_af4c5abd_isolated/proofs/cbmc/value_barrier_u32/value_barrier_u32_harness.c	09ab131946020c6285b475fb406979471e72b0275ec8ae0ba63278936d1a0751	263	upstream/mlkem-native/pkcheck-af4c5abd-source-snapshot/proofs/cbmc/value_barrier_u32/value_barrier_u32_harness.c
mlk_kem_check_pk_cleanroom/PKCHECK_00BC_01A_ADMISSION_20260730T013748Z/mlkem-native_af4c5abd_isolated/proofs/cbmc/value_barrier_u8/Makefile	4b5b98ddffa67442614701d6fa9bc5222afd3ac4f1566d29444b5e358b4f5171	2072	upstream/mlkem-native/pkcheck-af4c5abd-source-snapshot/proofs/cbmc/value_barrier_u8/Makefile
mlk_kem_check_pk_cleanroom/PKCHECK_00BC_01A_ADMISSION_20260730T013748Z/mlkem-native_af4c5abd_isolated/proofs/cbmc/value_barrier_u8/value_barrier_u8_harness.c	6d8c05f5b8f5aa3c53ee7d44c75cdf85dc67657d0ca172342fb67b2352e4cb18	261	upstream/mlkem-native/pkcheck-af4c5abd-source-snapshot/proofs/cbmc/value_barrier_u8/value_barrier_u8_harness.c
mlk_kem_check_pk_cleanroom/PKCHECK_00BC_01A_ADMISSION_20260730T013748Z/mlkem-native_af4c5abd_isolated/proofs/hol_light/.gitignore	6ad334856b03fb2a557a9e537b688cb5f0055ce5d88ac960a9b09b113474caae	94	upstream/mlkem-native/pkcheck-af4c5abd-source-snapshot/proofs/hol_light/.gitignore
mlk_kem_check_pk_cleanroom/PKCHECK_00BC_01A_ADMISSION_20260730T013748Z/mlkem-native_af4c5abd_isolated/proofs/hol_light/README.md	d4fa9e633088c653871a702b3652748fa69cf61c24e627cd3c70dcbd89842e83	10312	upstream/mlkem-native/pkcheck-af4c5abd-source-snapshot/proofs/hol_light/README.md
mlk_kem_check_pk_cleanroom/PKCHECK_00BC_01A_ADMISSION_20260730T013748Z/mlkem-native_af4c5abd_isolated/proofs/hol_light/aarch64/Makefile	e2e561c6b856b2c18af3fddfb804aeef8611173468536dc7cb08d1b7a8e18c5e	5583	upstream/mlkem-native/pkcheck-af4c5abd-source-snapshot/proofs/hol_light/aarch64/Makefile
mlk_kem_check_pk_cleanroom/PKCHECK_00BC_01A_ADMISSION_20260730T013748Z/mlkem-native_af4c5abd_isolated/proofs/hol_light/aarch64/list_proofs.sh	7ffea6053332094c674ac1c503e94683b3e01d73fa19df11f10369d8e342beca	363	upstream/mlkem-native/pkcheck-af4c5abd-source-snapshot/proofs/hol_light/aarch64/list_proofs.sh
mlk_kem_check_pk_cleanroom/PKCHECK_00BC_01A_ADMISSION_20260730T013748Z/mlkem-native_af4c5abd_isolated/proofs/hol_light/aarch64/list_thms.sh	4d208ba2539c3e3e607f02effbd66cae7dd8dc1518afe3eacda56fb1039b7523	509	upstream/mlkem-native/pkcheck-af4c5abd-source-snapshot/proofs/hol_light/aarch64/list_thms.sh
mlk_kem_check_pk_cleanroom/PKCHECK_00BC_01A_ADMISSION_20260730T013748Z/mlkem-native_af4c5abd_isolated/proofs/hol_light/aarch64/mlkem/intt_aarch64_asm.S	6d4b6ede9aa27cd8877f17e054e3e681bbaf5445c3eb7a4c08cf4cc25f84345c	20911	upstream/mlkem-native/pkcheck-af4c5abd-source-snapshot/proofs/hol_light/aarch64/mlkem/intt_aarch64_asm.S
mlk_kem_check_pk_cleanroom/PKCHECK_00BC_01A_ADMISSION_20260730T013748Z/mlkem-native_af4c5abd_isolated/proofs/hol_light/aarch64/mlkem/keccak_f1600_x1_scalar_aarch64_asm.S	076e16acfc4e31b767568765be31c362557f061452c5b929bc0b7573f4a86ee0	11395	upstream/mlkem-native/pkcheck-af4c5abd-source-snapshot/proofs/hol_light/aarch64/mlkem/keccak_f1600_x1_scalar_aarch64_asm.S
mlk_kem_check_pk_cleanroom/PKCHECK_00BC_01A_ADMISSION_20260730T013748Z/mlkem-native_af4c5abd_isolated/proofs/hol_light/aarch64/mlkem/keccak_f1600_x1_v84a_aarch64_asm.S	8d8974a476193ad5111f06d397e23c5b0204579833608227982a2bc88ca3c064	6692	upstream/mlkem-native/pkcheck-af4c5abd-source-snapshot/proofs/hol_light/aarch64/mlkem/keccak_f1600_x1_v84a_aarch64_asm.S
mlk_kem_check_pk_cleanroom/PKCHECK_00BC_01A_ADMISSION_20260730T013748Z/mlkem-native_af4c5abd_isolated/proofs/hol_light/aarch64/mlkem/keccak_f1600_x2_v84a_aarch64_asm.S	c72868830c06e3df8ca86df88e873e960d0596a5d3a92d17a9848e76a9e6d32c	8734	upstream/mlkem-native/pkcheck-af4c5abd-source-snapshot/proofs/hol_light/aarch64/mlkem/keccak_f1600_x2_v84a_aarch64_asm.S
mlk_kem_check_pk_cleanroom/PKCHECK_00BC_01A_ADMISSION_20260730T013748Z/mlkem-native_af4c5abd_isolated/proofs/hol_light/aarch64/mlkem/keccak_f1600_x4_v8a_scalar_hybrid_aarch64_asm.S	0a37c8bd2dfe7243a66c86da0d5f7b27f1edbd76c82ed4ac20e6daf6aef186ef	35751	upstream/mlkem-native/pkcheck-af4c5abd-source-snapshot/proofs/hol_light/aarch64/mlkem/keccak_f1600_x4_v8a_scalar_hybrid_aarch64_asm.S
mlk_kem_check_pk_cleanroom/PKCHECK_00BC_01A_ADMISSION_20260730T013748Z/mlkem-native_af4c5abd_isolated/proofs/hol_light/aarch64/mlkem/keccak_f1600_x4_v8a_v84a_scalar_hybrid_aarch64_asm.S	6eb81dbd07ded73a621a320b52c23af6ac7af5042d6ac824e33dba263d4d349a	32970	upstream/mlkem-native/pkcheck-af4c5abd-source-snapshot/proofs/hol_light/aarch64/mlkem/keccak_f1600_x4_v8a_v84a_scalar_hybrid_aarch64_asm.S
mlk_kem_check_pk_cleanroom/PKCHECK_00BC_01A_ADMISSION_20260730T013748Z/mlkem-native_af4c5abd_isolated/proofs/hol_light/aarch64/mlkem/ntt_aarch64_asm.S	59cace313192248ad9b43d6743a9cacd76b750c5ea1693fd1c7ed580c1fa5ec4	18506	upstream/mlkem-native/pkcheck-af4c5abd-source-snapshot/proofs/hol_light/aarch64/mlkem/ntt_aarch64_asm.S
mlk_kem_check_pk_cleanroom/PKCHECK_00BC_01A_ADMISSION_20260730T013748Z/mlkem-native_af4c5abd_isolated/proofs/hol_light/aarch64/mlkem/poly_mulcache_compute_aarch64_asm.S	61b0f852ae68d93edd7a8213fe96b946744063fcff682690a76d98bbbefe2f2e	3712	upstream/mlkem-native/pkcheck-af4c5abd-source-snapshot/proofs/hol_light/aarch64/mlkem/poly_mulcache_compute_aarch64_asm.S
mlk_kem_check_pk_cleanroom/PKCHECK_00BC_01A_ADMISSION_20260730T013748Z/mlkem-native_af4c5abd_isolated/proofs/hol_light/aarch64/mlkem/poly_reduce_aarch64_asm.S	9d74ed9696bad5f5ed3f25d884d602101986b3f8757e7fb3c71ef610181db0a4	4588	upstream/mlkem-native/pkcheck-af4c5abd-source-snapshot/proofs/hol_light/aarch64/mlkem/poly_reduce_aarch64_asm.S
mlk_kem_check_pk_cleanroom/PKCHECK_00BC_01A_ADMISSION_20260730T013748Z/mlkem-native_af4c5abd_isolated/proofs/hol_light/aarch64/mlkem/poly_tobytes_aarch64_asm.S	8fa0a4f7cdb28048a7d1d3740b03652ef153d37f66902b9a646a85038224a321	3326	upstream/mlkem-native/pkcheck-af4c5abd-source-snapshot/proofs/hol_light/aarch64/mlkem/poly_tobytes_aarch64_asm.S
mlk_kem_check_pk_cleanroom/PKCHECK_00BC_01A_ADMISSION_20260730T013748Z/mlkem-native_af4c5abd_isolated/proofs/hol_light/aarch64/mlkem/poly_tomont_aarch64_asm.S	a84fb89aac1d99a3fa038f598c898e346a5726d75eec4db5ebc4278750fd90b7	2698	upstream/mlkem-native/pkcheck-af4c5abd-source-snapshot/proofs/hol_light/aarch64/mlkem/poly_tomont_aarch64_asm.S
mlk_kem_check_pk_cleanroom/PKCHECK_00BC_01A_ADMISSION_20260730T013748Z/mlkem-native_af4c5abd_isolated/proofs/hol_light/aarch64/mlkem/polyvec_basemul_acc_montgomery_cached_k2_aarch64_asm.S	96f924f7b2120d3430625cf14f363bb2033057ad3ee8d825a9a29c7393f5ad8c	8388	upstream/mlkem-native/pkcheck-af4c5abd-source-snapshot/proofs/hol_light/aarch64/mlkem/polyvec_basemul_acc_montgomery_cached_k2_aarch64_asm.S
mlk_kem_check_pk_cleanroom/PKCHECK_00BC_01A_ADMISSION_20260730T013748Z/mlkem-native_af4c5abd_isolated/proofs/hol_light/aarch64/mlkem/polyvec_basemul_acc_montgomery_cached_k3_aarch64_asm.S	78654feefa1baede01f8933b86939e3d4cd292dc8af0dfe8fe25fa415afc9968	10233	upstream/mlkem-native/pkcheck-af4c5abd-source-snapshot/proofs/hol_light/aarch64/mlkem/polyvec_basemul_acc_montgomery_cached_k3_aarch64_asm.S
mlk_kem_check_pk_cleanroom/PKCHECK_00BC_01A_ADMISSION_20260730T013748Z/mlkem-native_af4c5abd_isolated/proofs/hol_light/aarch64/mlkem/polyvec_basemul_acc_montgomery_cached_k4_aarch64_asm.S	7bdd61c2dbc092b1ffe0492a9e5d5c588e799f5c2ccd62c6ca2f13ca5cd1ea52	12084	upstream/mlkem-native/pkcheck-af4c5abd-source-snapshot/proofs/hol_light/aarch64/mlkem/polyvec_basemul_acc_montgomery_cached_k4_aarch64_asm.S
mlk_kem_check_pk_cleanroom/PKCHECK_00BC_01A_ADMISSION_20260730T013748Z/mlkem-native_af4c5abd_isolated/proofs/hol_light/aarch64/mlkem/rej_uniform_aarch64_asm.S	4e33790efcf2ac98e99abd3f736f342df1910c654c9646038121095aae97a9a4	6366	upstream/mlkem-native/pkcheck-af4c5abd-source-snapshot/proofs/hol_light/aarch64/mlkem/rej_uniform_aarch64_asm.S
mlk_kem_check_pk_cleanroom/PKCHECK_00BC_01A_ADMISSION_20260730T013748Z/mlkem-native_af4c5abd_isolated/proofs/hol_light/aarch64/proofs/build-proof.sh	87648e9085bf7a2be94f71e9c4545b53c4c32ff93c55166e186ca13c164a60f5	2553	upstream/mlkem-native/pkcheck-af4c5abd-source-snapshot/proofs/hol_light/aarch64/proofs/build-proof.sh
mlk_kem_check_pk_cleanroom/PKCHECK_00BC_01A_ADMISSION_20260730T013748Z/mlkem-native_af4c5abd_isolated/proofs/hol_light/aarch64/proofs/dump_bytecode.ml	b938e09a2db097b33b17eba50e3ab105cffa274641d68363faf2b443e1564093	4009	upstream/mlkem-native/pkcheck-af4c5abd-source-snapshot/proofs/hol_light/aarch64/proofs/dump_bytecode.ml
mlk_kem_check_pk_cleanroom/PKCHECK_00BC_01A_ADMISSION_20260730T013748Z/mlkem-native_af4c5abd_isolated/proofs/hol_light/aarch64/proofs/intt_aarch64_asm.ml	a1654cf7c65219ffb3e1aaa57f918157e45fc657def87a6ba56672627c245b9c	45330	upstream/mlkem-native/pkcheck-af4c5abd-source-snapshot/proofs/hol_light/aarch64/proofs/intt_aarch64_asm.ml
mlk_kem_check_pk_cleanroom/PKCHECK_00BC_01A_ADMISSION_20260730T013748Z/mlkem-native_af4c5abd_isolated/proofs/hol_light/aarch64/proofs/keccak_f1600_x1_scalar_aarch64_asm.ml	8bdb8d7af26085f4b2994ef9cc5337364a32b8bbff21534f0a7b448eeb41af9f	29799	upstream/mlkem-native/pkcheck-af4c5abd-source-snapshot/proofs/hol_light/aarch64/proofs/keccak_f1600_x1_scalar_aarch64_asm.ml
mlk_kem_check_pk_cleanroom/PKCHECK_00BC_01A_ADMISSION_20260730T013748Z/mlkem-native_af4c5abd_isolated/proofs/hol_light/aarch64/proofs/keccak_f1600_x1_v84a_aarch64_asm.ml	c1a99a6a4a28d271d87f386b1d66e8c1bcca4e3ff90d9f6b64fc9323676335f3	17270	upstream/mlkem-native/pkcheck-af4c5abd-source-snapshot/proofs/hol_light/aarch64/proofs/keccak_f1600_x1_v84a_aarch64_asm.ml
mlk_kem_check_pk_cleanroom/PKCHECK_00BC_01A_ADMISSION_20260730T013748Z/mlkem-native_af4c5abd_isolated/proofs/hol_light/aarch64/proofs/keccak_f1600_x2_v84a_aarch64_asm.ml	4eeb9d700d85741bbb0d1b171397bd782353aa477a42c50f3654580856482ebf	21689	upstream/mlkem-native/pkcheck-af4c5abd-source-snapshot/proofs/hol_light/aarch64/proofs/keccak_f1600_x2_v84a_aarch64_asm.ml
mlk_kem_check_pk_cleanroom/PKCHECK_00BC_01A_ADMISSION_20260730T013748Z/mlkem-native_af4c5abd_isolated/proofs/hol_light/aarch64/proofs/keccak_f1600_x4_v8a_scalar_hybrid_aarch64_asm.ml	67d1b299a58b24ead6d4d057f6273e2948dbc255c3fedeabefdc494418546737	85312	upstream/mlkem-native/pkcheck-af4c5abd-source-snapshot/proofs/hol_light/aarch64/proofs/keccak_f1600_x4_v8a_scalar_hybrid_aarch64_asm.ml
mlk_kem_check_pk_cleanroom/PKCHECK_00BC_01A_ADMISSION_20260730T013748Z/mlkem-native_af4c5abd_isolated/proofs/hol_light/aarch64/proofs/keccak_f1600_x4_v8a_v84a_scalar_hybrid_aarch64_asm.ml	962ba1a753fa9ec615c657fe13a041ac3f5ee6c46eb1d8a99255b1650869dba8	80190	upstream/mlkem-native/pkcheck-af4c5abd-source-snapshot/proofs/hol_light/aarch64/proofs/keccak_f1600_x4_v8a_v84a_scalar_hybrid_aarch64_asm.ml
mlk_kem_check_pk_cleanroom/PKCHECK_00BC_01A_ADMISSION_20260730T013748Z/mlkem-native_af4c5abd_isolated/proofs/hol_light/aarch64/proofs/keccak_utils.ml	bf680ac731280d04dad6fd18d58de3428fbb6cebaf3d8dd622e1d67c97b884fe	3891	upstream/mlkem-native/pkcheck-af4c5abd-source-snapshot/proofs/hol_light/aarch64/proofs/keccak_utils.ml
mlk_kem_check_pk_cleanroom/PKCHECK_00BC_01A_ADMISSION_20260730T013748Z/mlkem-native_af4c5abd_isolated/proofs/hol_light/aarch64/proofs/mlkem_rej_uniform_table.ml	70d845da1c0d0e71cc08cb92e686767cd561deb338d7e4fbe56426884ee5a0aa	21491	upstream/mlkem-native/pkcheck-af4c5abd-source-snapshot/proofs/hol_light/aarch64/proofs/mlkem_rej_uniform_table.ml
mlk_kem_check_pk_cleanroom/PKCHECK_00BC_01A_ADMISSION_20260730T013748Z/mlkem-native_af4c5abd_isolated/proofs/hol_light/aarch64/proofs/mlkem_utils.ml	2a4b5b7c6b3179c95b5ac4c206aca82c62d71310603ca4116d1acedb7c8bd724	3758	upstream/mlkem-native/pkcheck-af4c5abd-source-snapshot/proofs/hol_light/aarch64/proofs/mlkem_utils.ml
mlk_kem_check_pk_cleanroom/PKCHECK_00BC_01A_ADMISSION_20260730T013748Z/mlkem-native_af4c5abd_isolated/proofs/hol_light/aarch64/proofs/mlkem_zetas.ml	383dca1dc0542ae975018c433ee1066464da9a5c9282e56085d480ca5122df16	10862	upstream/mlkem-native/pkcheck-af4c5abd-source-snapshot/proofs/hol_light/aarch64/proofs/mlkem_zetas.ml
mlk_kem_check_pk_cleanroom/PKCHECK_00BC_01A_ADMISSION_20260730T013748Z/mlkem-native_af4c5abd_isolated/proofs/hol_light/aarch64/proofs/ntt_aarch64_asm.ml	39691061b4f9be370b38b6a51aa86deb7783d72c608997a22d995e1d9bade3c8	41231	upstream/mlkem-native/pkcheck-af4c5abd-source-snapshot/proofs/hol_light/aarch64/proofs/ntt_aarch64_asm.ml
mlk_kem_check_pk_cleanroom/PKCHECK_00BC_01A_ADMISSION_20260730T013748Z/mlkem-native_af4c5abd_isolated/proofs/hol_light/aarch64/proofs/poly_mulcache_compute_aarch64_asm.ml	fafc433773e16504ab4a33e7a308d4dcd8e4de22ff24a263427f912bd0922895	15440	upstream/mlkem-native/pkcheck-af4c5abd-source-snapshot/proofs/hol_light/aarch64/proofs/poly_mulcache_compute_aarch64_asm.ml
mlk_kem_check_pk_cleanroom/PKCHECK_00BC_01A_ADMISSION_20260730T013748Z/mlkem-native_af4c5abd_isolated/proofs/hol_light/aarch64/proofs/poly_reduce_aarch64_asm.ml	0b68df9097b13301f59ad482ce1af647aa939102b82fb30743e6fd538ee88c86	15222	upstream/mlkem-native/pkcheck-af4c5abd-source-snapshot/proofs/hol_light/aarch64/proofs/poly_reduce_aarch64_asm.ml
mlk_kem_check_pk_cleanroom/PKCHECK_00BC_01A_ADMISSION_20260730T013748Z/mlkem-native_af4c5abd_isolated/proofs/hol_light/aarch64/proofs/poly_tobytes_aarch64_asm.ml	4f6eaf0ca83985094ed942473cc43f3f330592df25a9025e829e471a9b79d5fc	13974	upstream/mlkem-native/pkcheck-af4c5abd-source-snapshot/proofs/hol_light/aarch64/proofs/poly_tobytes_aarch64_asm.ml
mlk_kem_check_pk_cleanroom/PKCHECK_00BC_01A_ADMISSION_20260730T013748Z/mlkem-native_af4c5abd_isolated/proofs/hol_light/aarch64/proofs/poly_tomont_aarch64_asm.ml	d5e7dc9c5419927afabd2ac6ca51f86e1198bf4e546180f61133a781e6b8d7e1	13553	upstream/mlkem-native/pkcheck-af4c5abd-source-snapshot/proofs/hol_light/aarch64/proofs/poly_tomont_aarch64_asm.ml
mlk_kem_check_pk_cleanroom/PKCHECK_00BC_01A_ADMISSION_20260730T013748Z/mlkem-native_af4c5abd_isolated/proofs/hol_light/aarch64/proofs/polyvec_basemul_acc_montgomery_cached_k2_aarch64_asm.ml	70abfb8c0a8d4a231fed3f0612ea9f4d6a95a8c5a1bb85cc20e1d9ec7961237b	26293	upstream/mlkem-native/pkcheck-af4c5abd-source-snapshot/proofs/hol_light/aarch64/proofs/polyvec_basemul_acc_montgomery_cached_k2_aarch64_asm.ml
mlk_kem_check_pk_cleanroom/PKCHECK_00BC_01A_ADMISSION_20260730T013748Z/mlkem-native_af4c5abd_isolated/proofs/hol_light/aarch64/proofs/polyvec_basemul_acc_montgomery_cached_k3_aarch64_asm.ml	fbec40baffe2de13f6ffbc2945788cb6b900e716bb3a79ba44116a0bba351a58	31079	upstream/mlkem-native/pkcheck-af4c5abd-source-snapshot/proofs/hol_light/aarch64/proofs/polyvec_basemul_acc_montgomery_cached_k3_aarch64_asm.ml
mlk_kem_check_pk_cleanroom/PKCHECK_00BC_01A_ADMISSION_20260730T013748Z/mlkem-native_af4c5abd_isolated/proofs/hol_light/aarch64/proofs/polyvec_basemul_acc_montgomery_cached_k4_aarch64_asm.ml	c83ee4b0dafec7f8de2aa0237ce2db63396cfe0d4283de8db1b828bd53310b20	35985	upstream/mlkem-native/pkcheck-af4c5abd-source-snapshot/proofs/hol_light/aarch64/proofs/polyvec_basemul_acc_montgomery_cached_k4_aarch64_asm.ml
mlk_kem_check_pk_cleanroom/PKCHECK_00BC_01A_ADMISSION_20260730T013748Z/mlkem-native_af4c5abd_isolated/proofs/hol_light/aarch64/proofs/rej_uniform_aarch64_asm.ml	76112296d3debd105bd3ac0c458ef8bd935ea521bbecc8de24d230b4c71df264	141838	upstream/mlkem-native/pkcheck-af4c5abd-source-snapshot/proofs/hol_light/aarch64/proofs/rej_uniform_aarch64_asm.ml
mlk_kem_check_pk_cleanroom/PKCHECK_00BC_01A_ADMISSION_20260730T013748Z/mlkem-native_af4c5abd_isolated/proofs/hol_light/aarch64/proofs/subroutine_signatures.ml	43e60c6f41c15e85e1a4d41c294d97f2f5b6f2c111cd23a6dde809860e4d417d	7563	upstream/mlkem-native/pkcheck-af4c5abd-source-snapshot/proofs/hol_light/aarch64/proofs/subroutine_signatures.ml
mlk_kem_check_pk_cleanroom/PKCHECK_00BC_01A_ADMISSION_20260730T013748Z/mlkem-native_af4c5abd_isolated/proofs/hol_light/common/keccak_constants.ml	de5bebae348011d425238fadd6082a2f3cd67cf5aed073fc24d0621a3c8e566d	1057	upstream/mlkem-native/pkcheck-af4c5abd-source-snapshot/proofs/hol_light/common/keccak_constants.ml
mlk_kem_check_pk_cleanroom/PKCHECK_00BC_01A_ADMISSION_20260730T013748Z/mlkem-native_af4c5abd_isolated/proofs/hol_light/common/keccak_spec.ml	9193505d58c2e8c0a577c03b8a840badc84dcd2c7d7bab551e3ca76d5d1f2fb9	5358	upstream/mlkem-native/pkcheck-af4c5abd-source-snapshot/proofs/hol_light/common/keccak_spec.ml
mlk_kem_check_pk_cleanroom/PKCHECK_00BC_01A_ADMISSION_20260730T013748Z/mlkem-native_af4c5abd_isolated/proofs/hol_light/common/mlkem_specs.ml	3baad89795d649d0a5e56781cbca21220945b37ea92165275949a732d2fe993d	70594	upstream/mlkem-native/pkcheck-af4c5abd-source-snapshot/proofs/hol_light/common/mlkem_specs.ml
mlk_kem_check_pk_cleanroom/PKCHECK_00BC_01A_ADMISSION_20260730T013748Z/mlkem-native_af4c5abd_isolated/proofs/hol_light/s2n_bignum_allowlist.txt	a0459c1cded7c664a93e93924d06febd7a6524ed5f8f3055e4e1908969f7aac4	817	upstream/mlkem-native/pkcheck-af4c5abd-source-snapshot/proofs/hol_light/s2n_bignum_allowlist.txt
mlk_kem_check_pk_cleanroom/PKCHECK_00BC_01A_ADMISSION_20260730T013748Z/mlkem-native_af4c5abd_isolated/proofs/hol_light/x86_64/Makefile	a26c2f0f44deb3fa24bdfb8a33294bb9d2eb2bfdcd6bcfd9d5807a2236ec9b4a	5360	upstream/mlkem-native/pkcheck-af4c5abd-source-snapshot/proofs/hol_light/x86_64/Makefile
mlk_kem_check_pk_cleanroom/PKCHECK_00BC_01A_ADMISSION_20260730T013748Z/mlkem-native_af4c5abd_isolated/proofs/hol_light/x86_64/list_proofs.sh	e6ce3f2f43908915b1e1c54518e610d9745830f4fe11abd4522dc1abb90fcf2a	362	upstream/mlkem-native/pkcheck-af4c5abd-source-snapshot/proofs/hol_light/x86_64/list_proofs.sh
mlk_kem_check_pk_cleanroom/PKCHECK_00BC_01A_ADMISSION_20260730T013748Z/mlkem-native_af4c5abd_isolated/proofs/hol_light/x86_64/list_thms.sh	9d8c5e5ad606861356d324d03349d547e7fb862cb119504eaafec44e51bd1077	508	upstream/mlkem-native/pkcheck-af4c5abd-source-snapshot/proofs/hol_light/x86_64/list_thms.sh
mlk_kem_check_pk_cleanroom/PKCHECK_00BC_01A_ADMISSION_20260730T013748Z/mlkem-native_af4c5abd_isolated/proofs/hol_light/x86_64/mlkem/intt_avx2_asm.S	3e1c3bd38c235b0eb65c8caa2c39a7c62a4daea32cce411ee9055e4aa9b18af2	32004	upstream/mlkem-native/pkcheck-af4c5abd-source-snapshot/proofs/hol_light/x86_64/mlkem/intt_avx2_asm.S
mlk_kem_check_pk_cleanroom/PKCHECK_00BC_01A_ADMISSION_20260730T013748Z/mlkem-native_af4c5abd_isolated/proofs/hol_light/x86_64/mlkem/keccak_f1600_x4_avx2_asm.S	a266a0749df278e0ecd85af801b5ca6761b492a6e1ecbc374ffe3115fda42b12	20690	upstream/mlkem-native/pkcheck-af4c5abd-source-snapshot/proofs/hol_light/x86_64/mlkem/keccak_f1600_x4_avx2_asm.S
mlk_kem_check_pk_cleanroom/PKCHECK_00BC_01A_ADMISSION_20260730T013748Z/mlkem-native_af4c5abd_isolated/proofs/hol_light/x86_64/mlkem/ntt_avx2_asm.S	d1a68c178a29228fa1c50f693c387f3dfe18ba37edada44b52dfe6221e1cd172	28446	upstream/mlkem-native/pkcheck-af4c5abd-source-snapshot/proofs/hol_light/x86_64/mlkem/ntt_avx2_asm.S
mlk_kem_check_pk_cleanroom/PKCHECK_00BC_01A_ADMISSION_20260730T013748Z/mlkem-native_af4c5abd_isolated/proofs/hol_light/x86_64/mlkem/nttfrombytes_avx2_asm.S	95bee96c167ee3c318c477eca6b64f665fbbbc0523229706f2236c3fc15471fa	10736	upstream/mlkem-native/pkcheck-af4c5abd-source-snapshot/proofs/hol_light/x86_64/mlkem/nttfrombytes_avx2_asm.S
mlk_kem_check_pk_cleanroom/PKCHECK_00BC_01A_ADMISSION_20260730T013748Z/mlkem-native_af4c5abd_isolated/proofs/hol_light/x86_64/mlkem/ntttobytes_avx2_asm.S	4d409587541e5f9068441b63b174e2cf74aebe1fa0d922fb71af01122874fb72	10228	upstream/mlkem-native/pkcheck-af4c5abd-source-snapshot/proofs/hol_light/x86_64/mlkem/ntttobytes_avx2_asm.S
mlk_kem_check_pk_cleanroom/PKCHECK_00BC_01A_ADMISSION_20260730T013748Z/mlkem-native_af4c5abd_isolated/proofs/hol_light/x86_64/mlkem/nttunpack_avx2_asm.S	e10802a1ccf404afdee4648ff0b73950b9135a9c83428a37c395511303a2b42f	11300	upstream/mlkem-native/pkcheck-af4c5abd-source-snapshot/proofs/hol_light/x86_64/mlkem/nttunpack_avx2_asm.S
mlk_kem_check_pk_cleanroom/PKCHECK_00BC_01A_ADMISSION_20260730T013748Z/mlkem-native_af4c5abd_isolated/proofs/hol_light/x86_64/mlkem/poly_compress_d10_avx2_asm.S	078bd7ee68b38ebf975ae75a16e04fc956585a957c82d2c1a6f83985d0491657	14505	upstream/mlkem-native/pkcheck-af4c5abd-source-snapshot/proofs/hol_light/x86_64/mlkem/poly_compress_d10_avx2_asm.S
mlk_kem_check_pk_cleanroom/PKCHECK_00BC_01A_ADMISSION_20260730T013748Z/mlkem-native_af4c5abd_isolated/proofs/hol_light/x86_64/mlkem/poly_compress_d11_avx2_asm.S	c44a805f3e9b3eeeda2a63abacb3d1312f53b1d2283386dfad5a6ae9a5c824c8	19058	upstream/mlkem-native/pkcheck-af4c5abd-source-snapshot/proofs/hol_light/x86_64/mlkem/poly_compress_d11_avx2_asm.S
mlk_kem_check_pk_cleanroom/PKCHECK_00BC_01A_ADMISSION_20260730T013748Z/mlkem-native_af4c5abd_isolated/proofs/hol_light/x86_64/mlkem/poly_compress_d4_avx2_asm.S	4c07554e0dc295505fb18d61a0ae905939076d0034f67a0c6eb8c9ac2a8e9cc6	6038	upstream/mlkem-native/pkcheck-af4c5abd-source-snapshot/proofs/hol_light/x86_64/mlkem/poly_compress_d4_avx2_asm.S
mlk_kem_check_pk_cleanroom/PKCHECK_00BC_01A_ADMISSION_20260730T013748Z/mlkem-native_af4c5abd_isolated/proofs/hol_light/x86_64/mlkem/poly_compress_d5_avx2_asm.S	298ddc4327c91ab9c91b46dcd47426a167833aeeb7160088c025e04efe823dc7	8178	upstream/mlkem-native/pkcheck-af4c5abd-source-snapshot/proofs/hol_light/x86_64/mlkem/poly_compress_d5_avx2_asm.S
mlk_kem_check_pk_cleanroom/PKCHECK_00BC_01A_ADMISSION_20260730T013748Z/mlkem-native_af4c5abd_isolated/proofs/hol_light/x86_64/mlkem/poly_decompress_d10_avx2_asm.S	49675ce1abb3fbd14468878c26042b97239e55aa44e9b3c6e757a15c6be6798a	8795	upstream/mlkem-native/pkcheck-af4c5abd-source-snapshot/proofs/hol_light/x86_64/mlkem/poly_decompress_d10_avx2_asm.S
mlk_kem_check_pk_cleanroom/PKCHECK_00BC_01A_ADMISSION_20260730T013748Z/mlkem-native_af4c5abd_isolated/proofs/hol_light/x86_64/mlkem/poly_decompress_d11_avx2_asm.S	ee3aee3fd2dd7fb25e6e073380484f7427dcb0be56fc2ce547fdfa8f8cec7c4c	10856	upstream/mlkem-native/pkcheck-af4c5abd-source-snapshot/proofs/hol_light/x86_64/mlkem/poly_decompress_d11_avx2_asm.S
mlk_kem_check_pk_cleanroom/PKCHECK_00BC_01A_ADMISSION_20260730T013748Z/mlkem-native_af4c5abd_isolated/proofs/hol_light/x86_64/mlkem/poly_decompress_d4_avx2_asm.S	48faa9817891a18a812a58bf234aaa94b277f211b0293f34f2304e917f47f892	6723	upstream/mlkem-native/pkcheck-af4c5abd-source-snapshot/proofs/hol_light/x86_64/mlkem/poly_decompress_d4_avx2_asm.S
mlk_kem_check_pk_cleanroom/PKCHECK_00BC_01A_ADMISSION_20260730T013748Z/mlkem-native_af4c5abd_isolated/proofs/hol_light/x86_64/mlkem/poly_decompress_d5_avx2_asm.S	fa0171270781879ec505337394b0afb1e7b1ef7c278d126ce6c4a7cd99b476e7	7387	upstream/mlkem-native/pkcheck-af4c5abd-source-snapshot/proofs/hol_light/x86_64/mlkem/poly_decompress_d5_avx2_asm.S
mlk_kem_check_pk_cleanroom/PKCHECK_00BC_01A_ADMISSION_20260730T013748Z/mlkem-native_af4c5abd_isolated/proofs/hol_light/x86_64/mlkem/poly_mulcache_compute_avx2_asm.S	7b478dc4c2d4f0f8fd09c8897c32ea135efdd850e19eb0bbe1a5a5efebbd550e	3528	upstream/mlkem-native/pkcheck-af4c5abd-source-snapshot/proofs/hol_light/x86_64/mlkem/poly_mulcache_compute_avx2_asm.S
mlk_kem_check_pk_cleanroom/PKCHECK_00BC_01A_ADMISSION_20260730T013748Z/mlkem-native_af4c5abd_isolated/proofs/hol_light/x86_64/mlkem/polyvec_basemul_acc_montgomery_cached_k2_avx2_asm.S	40d41ea18e0a50380cbb9ae9a0396b883601acd55286345c25d42b60cd8eb591	18741	upstream/mlkem-native/pkcheck-af4c5abd-source-snapshot/proofs/hol_light/x86_64/mlkem/polyvec_basemul_acc_montgomery_cached_k2_avx2_asm.S
mlk_kem_check_pk_cleanroom/PKCHECK_00BC_01A_ADMISSION_20260730T013748Z/mlkem-native_af4c5abd_isolated/proofs/hol_light/x86_64/mlkem/polyvec_basemul_acc_montgomery_cached_k3_avx2_asm.S	35ae85ca0f4c5bcf4dfd41cd28d7ad4477da6e904c4008c30c92f06207fb10dc	27685	upstream/mlkem-native/pkcheck-af4c5abd-source-snapshot/proofs/hol_light/x86_64/mlkem/polyvec_basemul_acc_montgomery_cached_k3_avx2_asm.S
mlk_kem_check_pk_cleanroom/PKCHECK_00BC_01A_ADMISSION_20260730T013748Z/mlkem-native_af4c5abd_isolated/proofs/hol_light/x86_64/mlkem/polyvec_basemul_acc_montgomery_cached_k4_avx2_asm.S	758b20e78fe9caed845e68b83fc8aa7d4646047bb91524aac9c025e9a0d1803c	36630	upstream/mlkem-native/pkcheck-af4c5abd-source-snapshot/proofs/hol_light/x86_64/mlkem/polyvec_basemul_acc_montgomery_cached_k4_avx2_asm.S
mlk_kem_check_pk_cleanroom/PKCHECK_00BC_01A_ADMISSION_20260730T013748Z/mlkem-native_af4c5abd_isolated/proofs/hol_light/x86_64/mlkem/reduce_avx2_asm.S	edaea50424b0b77d8579b97c4fcc199cb01a739aa2a05ff086a5878eb293433b	7457	upstream/mlkem-native/pkcheck-af4c5abd-source-snapshot/proofs/hol_light/x86_64/mlkem/reduce_avx2_asm.S
mlk_kem_check_pk_cleanroom/PKCHECK_00BC_01A_ADMISSION_20260730T013748Z/mlkem-native_af4c5abd_isolated/proofs/hol_light/x86_64/mlkem/rej_uniform_avx2_asm.S	097d9264910089739cb3d248a04511c6bf379efb91ffb4819ec52317555107d9	4180	upstream/mlkem-native/pkcheck-af4c5abd-source-snapshot/proofs/hol_light/x86_64/mlkem/rej_uniform_avx2_asm.S
mlk_kem_check_pk_cleanroom/PKCHECK_00BC_01A_ADMISSION_20260730T013748Z/mlkem-native_af4c5abd_isolated/proofs/hol_light/x86_64/mlkem/tomont_avx2_asm.S	214caa2783f82429bccfaa0e62c6823d00a660205fc92a3834e2a1a1824c8d1f	5290	upstream/mlkem-native/pkcheck-af4c5abd-source-snapshot/proofs/hol_light/x86_64/mlkem/tomont_avx2_asm.S
mlk_kem_check_pk_cleanroom/PKCHECK_00BC_01A_ADMISSION_20260730T013748Z/mlkem-native_af4c5abd_isolated/proofs/hol_light/x86_64/proofs/build-proof.sh	905ce9edf808e7072e397c116b6c18d1f16423eb5a6c79fe4c2c2a974d987f9d	2552	upstream/mlkem-native/pkcheck-af4c5abd-source-snapshot/proofs/hol_light/x86_64/proofs/build-proof.sh
mlk_kem_check_pk_cleanroom/PKCHECK_00BC_01A_ADMISSION_20260730T013748Z/mlkem-native_af4c5abd_isolated/proofs/hol_light/x86_64/proofs/dump_bytecode.ml	dc419d322945f43e0c3f9575f364a6f209302ca0e7e7c704bb8061295323539a	5102	upstream/mlkem-native/pkcheck-af4c5abd-source-snapshot/proofs/hol_light/x86_64/proofs/dump_bytecode.ml
mlk_kem_check_pk_cleanroom/PKCHECK_00BC_01A_ADMISSION_20260730T013748Z/mlkem-native_af4c5abd_isolated/proofs/hol_light/x86_64/proofs/intt_avx2_asm.ml	d7b311ef1cf76d70edc522da44995c482731e7c7de2fccf10f8d64da78c80318	81692	upstream/mlkem-native/pkcheck-af4c5abd-source-snapshot/proofs/hol_light/x86_64/proofs/intt_avx2_asm.ml
mlk_kem_check_pk_cleanroom/PKCHECK_00BC_01A_ADMISSION_20260730T013748Z/mlkem-native_af4c5abd_isolated/proofs/hol_light/x86_64/proofs/keccak_f1600_x4_avx2_asm.ml	822fd0a3d8e6d4001b501ae434647744c4ab27b39c2a98cc9d466f6d762991e8	82091	upstream/mlkem-native/pkcheck-af4c5abd-source-snapshot/proofs/hol_light/x86_64/proofs/keccak_f1600_x4_avx2_asm.ml
mlk_kem_check_pk_cleanroom/PKCHECK_00BC_01A_ADMISSION_20260730T013748Z/mlkem-native_af4c5abd_isolated/proofs/hol_light/x86_64/proofs/keccak_f1600_x4_avx2_constants.ml	50228eab18af1b94b2859ef43f7d887e1ec98831f8ce1c210130ffa2ca2cf742	683	upstream/mlkem-native/pkcheck-af4c5abd-source-snapshot/proofs/hol_light/x86_64/proofs/keccak_f1600_x4_avx2_constants.ml
mlk_kem_check_pk_cleanroom/PKCHECK_00BC_01A_ADMISSION_20260730T013748Z/mlkem-native_af4c5abd_isolated/proofs/hol_light/x86_64/proofs/keccak_utils.ml	017144873187595c117b21e3f28289e3cd3bcd942641b218b03065d7719fd082	5792	upstream/mlkem-native/pkcheck-af4c5abd-source-snapshot/proofs/hol_light/x86_64/proofs/keccak_utils.ml
mlk_kem_check_pk_cleanroom/PKCHECK_00BC_01A_ADMISSION_20260730T013748Z/mlkem-native_af4c5abd_isolated/proofs/hol_light/x86_64/proofs/mlkem_compress_common.ml	2713eefed0a88b83139701705d7d1d6fa696f6babd5aae712e26f69277899960	28740	upstream/mlkem-native/pkcheck-af4c5abd-source-snapshot/proofs/hol_light/x86_64/proofs/mlkem_compress_common.ml
mlk_kem_check_pk_cleanroom/PKCHECK_00BC_01A_ADMISSION_20260730T013748Z/mlkem-native_af4c5abd_isolated/proofs/hol_light/x86_64/proofs/mlkem_compress_consts.ml	982db7fce65d0304e9c40a681318e040aab2ce45defdfbd1ba92025fd0eebc4a	3118	upstream/mlkem-native/pkcheck-af4c5abd-source-snapshot/proofs/hol_light/x86_64/proofs/mlkem_compress_consts.ml
mlk_kem_check_pk_cleanroom/PKCHECK_00BC_01A_ADMISSION_20260730T013748Z/mlkem-native_af4c5abd_isolated/proofs/hol_light/x86_64/proofs/mlkem_rej_uniform_table.ml	70d845da1c0d0e71cc08cb92e686767cd561deb338d7e4fbe56426884ee5a0aa	21491	upstream/mlkem-native/pkcheck-af4c5abd-source-snapshot/proofs/hol_light/x86_64/proofs/mlkem_rej_uniform_table.ml
mlk_kem_check_pk_cleanroom/PKCHECK_00BC_01A_ADMISSION_20260730T013748Z/mlkem-native_af4c5abd_isolated/proofs/hol_light/x86_64/proofs/mlkem_utils.ml	cea42f214349c1ef6ee07b9bd49e98e4bacf48b16fe2550e307c99c3de2104da	418	upstream/mlkem-native/pkcheck-af4c5abd-source-snapshot/proofs/hol_light/x86_64/proofs/mlkem_utils.ml
mlk_kem_check_pk_cleanroom/PKCHECK_00BC_01A_ADMISSION_20260730T013748Z/mlkem-native_af4c5abd_isolated/proofs/hol_light/x86_64/proofs/mlkem_zetas.ml	7829981af16e1853bb2fffae5bc622206df05e176631c38fc762ac6f803b4e35	5704	upstream/mlkem-native/pkcheck-af4c5abd-source-snapshot/proofs/hol_light/x86_64/proofs/mlkem_zetas.ml
mlk_kem_check_pk_cleanroom/PKCHECK_00BC_01A_ADMISSION_20260730T013748Z/mlkem-native_af4c5abd_isolated/proofs/hol_light/x86_64/proofs/ntt_avx2_asm.ml	d6d3e18744717b1e55aa87cc639a4c6a74da36b485cfd8b33eb0acbd040df7e6	78071	upstream/mlkem-native/pkcheck-af4c5abd-source-snapshot/proofs/hol_light/x86_64/proofs/ntt_avx2_asm.ml
mlk_kem_check_pk_cleanroom/PKCHECK_00BC_01A_ADMISSION_20260730T013748Z/mlkem-native_af4c5abd_isolated/proofs/hol_light/x86_64/proofs/nttfrombytes_avx2_asm.ml	325432866180367b5b82fc293635469866b0e01fecd7a3b02f31d5732b3a0f7c	31009	upstream/mlkem-native/pkcheck-af4c5abd-source-snapshot/proofs/hol_light/x86_64/proofs/nttfrombytes_avx2_asm.ml
mlk_kem_check_pk_cleanroom/PKCHECK_00BC_01A_ADMISSION_20260730T013748Z/mlkem-native_af4c5abd_isolated/proofs/hol_light/x86_64/proofs/ntttobytes_avx2_asm.ml	ba70ce367cf5932d7c301bba9e9d41f114675a9d1168740f440a6784ece4a5e6	28661	upstream/mlkem-native/pkcheck-af4c5abd-source-snapshot/proofs/hol_light/x86_64/proofs/ntttobytes_avx2_asm.ml
mlk_kem_check_pk_cleanroom/PKCHECK_00BC_01A_ADMISSION_20260730T013748Z/mlkem-native_af4c5abd_isolated/proofs/hol_light/x86_64/proofs/nttunpack_avx2_asm.ml	0ddc91d06ce6ad277a6f9220433461bfef13857788290fa9bcb2e024264e8399	26765	upstream/mlkem-native/pkcheck-af4c5abd-source-snapshot/proofs/hol_light/x86_64/proofs/nttunpack_avx2_asm.ml
mlk_kem_check_pk_cleanroom/PKCHECK_00BC_01A_ADMISSION_20260730T013748Z/mlkem-native_af4c5abd_isolated/proofs/hol_light/x86_64/proofs/poly_compress_d10_avx2_asm.ml	2618867e190325b7b7072b9e7f768439fb85ff739fb99ee551ce65a08a29bfae	56314	upstream/mlkem-native/pkcheck-af4c5abd-source-snapshot/proofs/hol_light/x86_64/proofs/poly_compress_d10_avx2_asm.ml
mlk_kem_check_pk_cleanroom/PKCHECK_00BC_01A_ADMISSION_20260730T013748Z/mlkem-native_af4c5abd_isolated/proofs/hol_light/x86_64/proofs/poly_compress_d11_avx2_asm.ml	daa1fce2b18ece1f0158e5600dac6faff39389f80dd4d5a16bebb0cd41a24959	61721	upstream/mlkem-native/pkcheck-af4c5abd-source-snapshot/proofs/hol_light/x86_64/proofs/poly_compress_d11_avx2_asm.ml
mlk_kem_check_pk_cleanroom/PKCHECK_00BC_01A_ADMISSION_20260730T013748Z/mlkem-native_af4c5abd_isolated/proofs/hol_light/x86_64/proofs/poly_compress_d4_avx2_asm.ml	fd0dec736bf29270081ad4bc70cb7a68288bd3632794d29f388ee57f4b7f14de	29726	upstream/mlkem-native/pkcheck-af4c5abd-source-snapshot/proofs/hol_light/x86_64/proofs/poly_compress_d4_avx2_asm.ml
mlk_kem_check_pk_cleanroom/PKCHECK_00BC_01A_ADMISSION_20260730T013748Z/mlkem-native_af4c5abd_isolated/proofs/hol_light/x86_64/proofs/poly_compress_d5_avx2_asm.ml	24827f36a29b714ae1339c9b3707e7984423997b0ba530bdb1b93f6e3fd53ca3	43388	upstream/mlkem-native/pkcheck-af4c5abd-source-snapshot/proofs/hol_light/x86_64/proofs/poly_compress_d5_avx2_asm.ml
mlk_kem_check_pk_cleanroom/PKCHECK_00BC_01A_ADMISSION_20260730T013748Z/mlkem-native_af4c5abd_isolated/proofs/hol_light/x86_64/proofs/poly_decompress_d10_avx2_asm.ml	8852b35d4938aee6b26ef9217084cc56adda5120de9db052a6cef0ea1ba6ced6	34991	upstream/mlkem-native/pkcheck-af4c5abd-source-snapshot/proofs/hol_light/x86_64/proofs/poly_decompress_d10_avx2_asm.ml
mlk_kem_check_pk_cleanroom/PKCHECK_00BC_01A_ADMISSION_20260730T013748Z/mlkem-native_af4c5abd_isolated/proofs/hol_light/x86_64/proofs/poly_decompress_d11_avx2_asm.ml	8f9235baea99aae43e984710f429b296edcc4bba77ef23648a81b9e7c4af8ade	40756	upstream/mlkem-native/pkcheck-af4c5abd-source-snapshot/proofs/hol_light/x86_64/proofs/poly_decompress_d11_avx2_asm.ml
mlk_kem_check_pk_cleanroom/PKCHECK_00BC_01A_ADMISSION_20260730T013748Z/mlkem-native_af4c5abd_isolated/proofs/hol_light/x86_64/proofs/poly_decompress_d4_avx2_asm.ml	3325f77beed60a557c9e4c4ed98209f9f1bff69c7816820332aae40c74e94337	29489	upstream/mlkem-native/pkcheck-af4c5abd-source-snapshot/proofs/hol_light/x86_64/proofs/poly_decompress_d4_avx2_asm.ml
mlk_kem_check_pk_cleanroom/PKCHECK_00BC_01A_ADMISSION_20260730T013748Z/mlkem-native_af4c5abd_isolated/proofs/hol_light/x86_64/proofs/poly_decompress_d5_avx2_asm.ml	06ffff2aba8ef139b7db937f1e64c83102e5ba31df9d2359d9fe4222e2c8a0c0	30342	upstream/mlkem-native/pkcheck-af4c5abd-source-snapshot/proofs/hol_light/x86_64/proofs/poly_decompress_d5_avx2_asm.ml
mlk_kem_check_pk_cleanroom/PKCHECK_00BC_01A_ADMISSION_20260730T013748Z/mlkem-native_af4c5abd_isolated/proofs/hol_light/x86_64/proofs/poly_mulcache_compute_avx2_asm.ml	787720e046f6439dde4cfb0e94cb2722d03bfbc75338355dc68efeab81b6d9e1	21759	upstream/mlkem-native/pkcheck-af4c5abd-source-snapshot/proofs/hol_light/x86_64/proofs/poly_mulcache_compute_avx2_asm.ml
mlk_kem_check_pk_cleanroom/PKCHECK_00BC_01A_ADMISSION_20260730T013748Z/mlkem-native_af4c5abd_isolated/proofs/hol_light/x86_64/proofs/polyvec_basemul_acc_montgomery_cached_k2_avx2_asm.ml	d98b3854df020da2877b131ff9d1434a41368846f1267b4db0b71d1bf733366d	75225	upstream/mlkem-native/pkcheck-af4c5abd-source-snapshot/proofs/hol_light/x86_64/proofs/polyvec_basemul_acc_montgomery_cached_k2_avx2_asm.ml
mlk_kem_check_pk_cleanroom/PKCHECK_00BC_01A_ADMISSION_20260730T013748Z/mlkem-native_af4c5abd_isolated/proofs/hol_light/x86_64/proofs/polyvec_basemul_acc_montgomery_cached_k3_avx2_asm.ml	1373dbacd6cbbf69e15cc9d14290e8cc058b5042a80cb50706034a2db1069b6a	106735	upstream/mlkem-native/pkcheck-af4c5abd-source-snapshot/proofs/hol_light/x86_64/proofs/polyvec_basemul_acc_montgomery_cached_k3_avx2_asm.ml
mlk_kem_check_pk_cleanroom/PKCHECK_00BC_01A_ADMISSION_20260730T013748Z/mlkem-native_af4c5abd_isolated/proofs/hol_light/x86_64/proofs/polyvec_basemul_acc_montgomery_cached_k4_avx2_asm.ml	58d10a1a48fcccf36d743fdffd3d6333a68cf2709079c280f6b55df8a2e7e870	138262	upstream/mlkem-native/pkcheck-af4c5abd-source-snapshot/proofs/hol_light/x86_64/proofs/polyvec_basemul_acc_montgomery_cached_k4_avx2_asm.ml
mlk_kem_check_pk_cleanroom/PKCHECK_00BC_01A_ADMISSION_20260730T013748Z/mlkem-native_af4c5abd_isolated/proofs/hol_light/x86_64/proofs/reduce_avx2_asm.ml	159e5aafdf4cc0df1ef50abf90b1438e563c30d63c3b4380114d3ab034fb572f	28680	upstream/mlkem-native/pkcheck-af4c5abd-source-snapshot/proofs/hol_light/x86_64/proofs/reduce_avx2_asm.ml
mlk_kem_check_pk_cleanroom/PKCHECK_00BC_01A_ADMISSION_20260730T013748Z/mlkem-native_af4c5abd_isolated/proofs/hol_light/x86_64/proofs/rej_uniform_avx2_asm.ml	28efee5030e30a609c177835eaae31c0e3502156943792b7f029d5091ada23b5	75931	upstream/mlkem-native/pkcheck-af4c5abd-source-snapshot/proofs/hol_light/x86_64/proofs/rej_uniform_avx2_asm.ml
mlk_kem_check_pk_cleanroom/PKCHECK_00BC_01A_ADMISSION_20260730T013748Z/mlkem-native_af4c5abd_isolated/proofs/hol_light/x86_64/proofs/subroutine_signatures.ml	a7756eb11fd26eaa8b9fdb0338656f04139722b0d1ab53eb9809ef7b5ade88ae	10515	upstream/mlkem-native/pkcheck-af4c5abd-source-snapshot/proofs/hol_light/x86_64/proofs/subroutine_signatures.ml
mlk_kem_check_pk_cleanroom/PKCHECK_00BC_01A_ADMISSION_20260730T013748Z/mlkem-native_af4c5abd_isolated/proofs/hol_light/x86_64/proofs/tomont_avx2_asm.ml	0bd177fdde28551f89fbf63dc9ae58f448ef3ace9819cc8fa21c0a045f40f5dc	22576	upstream/mlkem-native/pkcheck-af4c5abd-source-snapshot/proofs/hol_light/x86_64/proofs/tomont_avx2_asm.ml
mlk_kem_check_pk_cleanroom/PKCHECK_00BC_01A_ADMISSION_20260730T013748Z/mlkem-native_af4c5abd_isolated/ruff.toml	a08315e572a0a7b73aa64296ee07fed76e85d350f44225d57675f471dd717cd6	510	upstream/mlkem-native/pkcheck-af4c5abd-source-snapshot/ruff.toml
mlk_kem_check_pk_cleanroom/PKCHECK_00BC_01A_ADMISSION_20260730T013748Z/mlkem-native_af4c5abd_isolated/scripts/Doxyfile.lint	f54f6ba5d3d5e51e21d184cddc6a6f896b60914d42fe765e89af37de5a8bf048	1141	upstream/mlkem-native/pkcheck-af4c5abd-source-snapshot/scripts/Doxyfile.lint
mlk_kem_check_pk_cleanroom/PKCHECK_00BC_01A_ADMISSION_20260730T013748Z/mlkem-native_af4c5abd_isolated/scripts/README.md	26db15766cbf03b236af46f992b9ece4b1b097718f1ac49c573b73f724b46777	888	upstream/mlkem-native/pkcheck-af4c5abd-source-snapshot/scripts/README.md
mlk_kem_check_pk_cleanroom/PKCHECK_00BC_01A_ADMISSION_20260730T013748Z/mlkem-native_af4c5abd_isolated/scripts/autogen	8582b1938d4947af19f15625409a42e2ea3a57ed1580f39e2af46be87b5df604	191413	upstream/mlkem-native/pkcheck-af4c5abd-source-snapshot/scripts/autogen
mlk_kem_check_pk_cleanroom/PKCHECK_00BC_01A_ADMISSION_20260730T013748Z/mlkem-native_af4c5abd_isolated/scripts/cfify	7fd72a28b494a401eb632881e23d46c650d25bc821e01a463d29a744723308f1	22954	upstream/mlkem-native/pkcheck-af4c5abd-source-snapshot/scripts/cfify
mlk_kem_check_pk_cleanroom/PKCHECK_00BC_01A_ADMISSION_20260730T013748Z/mlkem-native_af4c5abd_isolated/scripts/check-contracts	badd0dceca088d3749b92b385a6b5a7bae57004866e0398113937bf414341641	6221	upstream/mlkem-native/pkcheck-af4c5abd-source-snapshot/scripts/check-contracts
mlk_kem_check_pk_cleanroom/PKCHECK_00BC_01A_ADMISSION_20260730T013748Z/mlkem-native_af4c5abd_isolated/scripts/check-hol-light-imports	65da89708a75f32a668a4a2551771b7f7fd00886f2a68ea562db9bbf6f7db919	2663	upstream/mlkem-native/pkcheck-af4c5abd-source-snapshot/scripts/check-hol-light-imports
mlk_kem_check_pk_cleanroom/PKCHECK_00BC_01A_ADMISSION_20260730T013748Z/mlkem-native_af4c5abd_isolated/scripts/check-magic	7505981d90efc5fd1debf4bb693da074bcc94c2450cf2a78f4feb413d0892548	5371	upstream/mlkem-native/pkcheck-af4c5abd-source-snapshot/scripts/check-magic
mlk_kem_check_pk_cleanroom/PKCHECK_00BC_01A_ADMISSION_20260730T013748Z/mlkem-native_af4c5abd_isolated/scripts/check-namespace	a8c1c04b45b99e1b592183e8744f3674fada6a09692377b9c46cbc44fa7327ec	2534	upstream/mlkem-native/pkcheck-af4c5abd-source-snapshot/scripts/check-namespace
mlk_kem_check_pk_cleanroom/PKCHECK_00BC_01A_ADMISSION_20260730T013748Z/mlkem-native_af4c5abd_isolated/scripts/format	4e0c356027ee67f82c6b51ed12613f3a4fe14835cc4469695a4681bbd9454ea2	2198	upstream/mlkem-native/pkcheck-af4c5abd-source-snapshot/scripts/format
mlk_kem_check_pk_cleanroom/PKCHECK_00BC_01A_ADMISSION_20260730T013748Z/mlkem-native_af4c5abd_isolated/scripts/lint	1cbce262fdebc77b80aa1a5db310db30da2daf39291c1508098d2e525433a239	13162	upstream/mlkem-native/pkcheck-af4c5abd-source-snapshot/scripts/lint
mlk_kem_check_pk_cleanroom/PKCHECK_00BC_01A_ADMISSION_20260730T013748Z/mlkem-native_af4c5abd_isolated/scripts/simpasm	6b86d0de3a71ad47ee83c00e6458552c243c318ec0a35486f7aa94b5e3cf3a04	17784	upstream/mlkem-native/pkcheck-af4c5abd-source-snapshot/scripts/simpasm
mlk_kem_check_pk_cleanroom/PKCHECK_00BC_01A_ADMISSION_20260730T013748Z/mlkem-native_af4c5abd_isolated/scripts/stack	f928373fbc75a6d2d1217db1ab645a13fa472d4e5abcc7dcd1ca32e15d6e4959	8856	upstream/mlkem-native/pkcheck-af4c5abd-source-snapshot/scripts/stack
mlk_kem_check_pk_cleanroom/PKCHECK_00BC_01A_ADMISSION_20260730T013748Z/mlkem-native_af4c5abd_isolated/scripts/tests	3b91b805538de0042628204f56a4161d3504db83bebfc618d26404060bd43a6a	51762	upstream/mlkem-native/pkcheck-af4c5abd-source-snapshot/scripts/tests
mlk_kem_check_pk_cleanroom/PKCHECK_00BC_01A_ADMISSION_20260730T013748Z/mlkem-native_af4c5abd_isolated/test/abicheck/README.md	354b594ca02c66ea56305cd65601450823c43b39469db3edd8abec8e6d20e6ef	3043	upstream/mlkem-native/pkcheck-af4c5abd-source-snapshot/test/abicheck/README.md
mlk_kem_check_pk_cleanroom/PKCHECK_00BC_01A_ADMISSION_20260730T013748Z/mlkem-native_af4c5abd_isolated/test/abicheck/aarch64/abicheck_aarch64.c	13f7f8bff4929ba832246fc029e31886c6eb55024a83b3092ce608f1f6eb3cc7	1628	upstream/mlkem-native/pkcheck-af4c5abd-source-snapshot/test/abicheck/aarch64/abicheck_aarch64.c
mlk_kem_check_pk_cleanroom/PKCHECK_00BC_01A_ADMISSION_20260730T013748Z/mlkem-native_af4c5abd_isolated/test/abicheck/aarch64/abicheck_aarch64.h	8c563aeeaeff727ac8538c220c450aa3142727e8d7fc99600216d284fa438195	1180	upstream/mlkem-native/pkcheck-af4c5abd-source-snapshot/test/abicheck/aarch64/abicheck_aarch64.h
mlk_kem_check_pk_cleanroom/PKCHECK_00BC_01A_ADMISSION_20260730T013748Z/mlkem-native_af4c5abd_isolated/test/abicheck/aarch64/abicheck_aarch64.mk	d6f4b8d4e9ed83a6ef245f1544c035c1d1e4d8faca31644cfdd42dc30acc1d8a	1132	upstream/mlkem-native/pkcheck-af4c5abd-source-snapshot/test/abicheck/aarch64/abicheck_aarch64.mk
mlk_kem_check_pk_cleanroom/PKCHECK_00BC_01A_ADMISSION_20260730T013748Z/mlkem-native_af4c5abd_isolated/test/abicheck/aarch64/callstub_aarch64.S	7233606c180060385cf03f0ac282494576a75041724988a8a3c8228014baa2be	7538	upstream/mlkem-native/pkcheck-af4c5abd-source-snapshot/test/abicheck/aarch64/callstub_aarch64.S
mlk_kem_check_pk_cleanroom/PKCHECK_00BC_01A_ADMISSION_20260730T013748Z/mlkem-native_af4c5abd_isolated/test/abicheck/aarch64/checks/check_intt_aarch64_asm.c	a047d258f8e6e63736f35d5c187b36cc7694310e82afc389d812e1217eec6185	2024	upstream/mlkem-native/pkcheck-af4c5abd-source-snapshot/test/abicheck/aarch64/checks/check_intt_aarch64_asm.c
mlk_kem_check_pk_cleanroom/PKCHECK_00BC_01A_ADMISSION_20260730T013748Z/mlkem-native_af4c5abd_isolated/test/abicheck/aarch64/checks/check_keccak_f1600_x1_scalar_aarch64_asm.c	a1f30e32636463dbc1cb5355731ab153ff001ad129c6f50b8381d0ece0bdbc1e	1931	upstream/mlkem-native/pkcheck-af4c5abd-source-snapshot/test/abicheck/aarch64/checks/check_keccak_f1600_x1_scalar_aarch64_asm.c
mlk_kem_check_pk_cleanroom/PKCHECK_00BC_01A_ADMISSION_20260730T013748Z/mlkem-native_af4c5abd_isolated/test/abicheck/aarch64/checks/check_keccak_f1600_x1_v84a_aarch64_asm.c	79da7b99dd0e488523a858eacdc2c6eb9311233120fd44201855a555a995d535	2233	upstream/mlkem-native/pkcheck-af4c5abd-source-snapshot/test/abicheck/aarch64/checks/check_keccak_f1600_x1_v84a_aarch64_asm.c
mlk_kem_check_pk_cleanroom/PKCHECK_00BC_01A_ADMISSION_20260730T013748Z/mlkem-native_af4c5abd_isolated/test/abicheck/aarch64/checks/check_keccak_f1600_x2_v84a_aarch64_asm.c	f7f5c4abb9100a79eb1ee27c1f8e91fd55490a8ded4ee4daf48403d0c0a21f4a	2264	upstream/mlkem-native/pkcheck-af4c5abd-source-snapshot/test/abicheck/aarch64/checks/check_keccak_f1600_x2_v84a_aarch64_asm.c
mlk_kem_check_pk_cleanroom/PKCHECK_00BC_01A_ADMISSION_20260730T013748Z/mlkem-native_af4c5abd_isolated/test/abicheck/aarch64/checks/check_keccak_f1600_x4_v8a_scalar_hybrid_aarch64_asm.c	4b7a5e12148cca566bfa3667bdf3f1200f4e122ca495336f076bcc48aa5aafc8	2072	upstream/mlkem-native/pkcheck-af4c5abd-source-snapshot/test/abicheck/aarch64/checks/check_keccak_f1600_x4_v8a_scalar_hybrid_aarch64_asm.c
mlk_kem_check_pk_cleanroom/PKCHECK_00BC_01A_ADMISSION_20260730T013748Z/mlkem-native_af4c5abd_isolated/test/abicheck/aarch64/checks/check_keccak_f1600_x4_v8a_v84a_scalar_hybrid_aarch64_asm.c	21052c69e8cb6cc418d58b9694b7385d0fed222bf97e535a50c63551d7b3e479	2381	upstream/mlkem-native/pkcheck-af4c5abd-source-snapshot/test/abicheck/aarch64/checks/check_keccak_f1600_x4_v8a_v84a_scalar_hybrid_aarch64_asm.c
mlk_kem_check_pk_cleanroom/PKCHECK_00BC_01A_ADMISSION_20260730T013748Z/mlkem-native_af4c5abd_isolated/test/abicheck/aarch64/checks/check_ntt_aarch64_asm.c	7e05a9487a3faa0f66bc8f7c48e0b031ac0bd0d4adf1fb5a29fcfa3a495cbb2e	2005	upstream/mlkem-native/pkcheck-af4c5abd-source-snapshot/test/abicheck/aarch64/checks/check_ntt_aarch64_asm.c
mlk_kem_check_pk_cleanroom/PKCHECK_00BC_01A_ADMISSION_20260730T013748Z/mlkem-native_af4c5abd_isolated/test/abicheck/aarch64/checks/check_poly_mulcache_compute_aarch64_asm.c	b1a4f92a93dc16642469674d8caca58da0419cfcf19c8ee88faaa830069b661f	2303	upstream/mlkem-native/pkcheck-af4c5abd-source-snapshot/test/abicheck/aarch64/checks/check_poly_mulcache_compute_aarch64_asm.c
mlk_kem_check_pk_cleanroom/PKCHECK_00BC_01A_ADMISSION_20260730T013748Z/mlkem-native_af4c5abd_isolated/test/abicheck/aarch64/checks/check_poly_reduce_aarch64_asm.c	b316f5489d1d1dc4c352b40352954cbdb7975aea86a4721fb712dfb0954bfec2	1676	upstream/mlkem-native/pkcheck-af4c5abd-source-snapshot/test/abicheck/aarch64/checks/check_poly_reduce_aarch64_asm.c
mlk_kem_check_pk_cleanroom/PKCHECK_00BC_01A_ADMISSION_20260730T013748Z/mlkem-native_af4c5abd_isolated/test/abicheck/aarch64/checks/check_poly_tobytes_aarch64_asm.c	ba2df8971ed7511a45a1eddba2a126fac2271c59cfe3c39fff6e27aa97bf29ec	1825	upstream/mlkem-native/pkcheck-af4c5abd-source-snapshot/test/abicheck/aarch64/checks/check_poly_tobytes_aarch64_asm.c
mlk_kem_check_pk_cleanroom/PKCHECK_00BC_01A_ADMISSION_20260730T013748Z/mlkem-native_af4c5abd_isolated/test/abicheck/aarch64/checks/check_poly_tomont_aarch64_asm.c	b5b9d7721cefc0016f52aae138ae629b124733f958cf89e3683ddd6ff0f47a63	1676	upstream/mlkem-native/pkcheck-af4c5abd-source-snapshot/test/abicheck/aarch64/checks/check_poly_tomont_aarch64_asm.c
mlk_kem_check_pk_cleanroom/PKCHECK_00BC_01A_ADMISSION_20260730T013748Z/mlkem-native_af4c5abd_isolated/test/abicheck/aarch64/checks/check_polyvec_basemul_acc_montgomery_cached_k2_aarch64_asm.c	02c3c8c4f7f27992587f47b33f5328dc2dc59702eb94e2fbcf323480298a69f1	2302	upstream/mlkem-native/pkcheck-af4c5abd-source-snapshot/test/abicheck/aarch64/checks/check_polyvec_basemul_acc_montgomery_cached_k2_aarch64_asm.c
mlk_kem_check_pk_cleanroom/PKCHECK_00BC_01A_ADMISSION_20260730T013748Z/mlkem-native_af4c5abd_isolated/test/abicheck/aarch64/checks/check_polyvec_basemul_acc_montgomery_cached_k3_aarch64_asm.c	af28f3cbc4f78f8cb5b07c984e09ec4e20b47eba3e9015b52e00d2be4ba9f4a8	2302	upstream/mlkem-native/pkcheck-af4c5abd-source-snapshot/test/abicheck/aarch64/checks/check_polyvec_basemul_acc_montgomery_cached_k3_aarch64_asm.c
mlk_kem_check_pk_cleanroom/PKCHECK_00BC_01A_ADMISSION_20260730T013748Z/mlkem-native_af4c5abd_isolated/test/abicheck/aarch64/checks/check_polyvec_basemul_acc_montgomery_cached_k4_aarch64_asm.c	2446fbf35cc079ae253468315097a7445beb61d80c645dd902f4907bf8535311	2305	upstream/mlkem-native/pkcheck-af4c5abd-source-snapshot/test/abicheck/aarch64/checks/check_polyvec_basemul_acc_montgomery_cached_k4_aarch64_asm.c
mlk_kem_check_pk_cleanroom/PKCHECK_00BC_01A_ADMISSION_20260730T013748Z/mlkem-native_af4c5abd_isolated/test/abicheck/aarch64/checks/check_rej_uniform_aarch64_asm.c	411ecc87330dffaa55225c4bb55f86eba4b69abc4a1a38f2eabf75e8a1f93959	2092	upstream/mlkem-native/pkcheck-af4c5abd-source-snapshot/test/abicheck/aarch64/checks/check_rej_uniform_aarch64_asm.c
mlk_kem_check_pk_cleanroom/PKCHECK_00BC_01A_ADMISSION_20260730T013748Z/mlkem-native_af4c5abd_isolated/test/abicheck/aarch64/checks_aarch64_all.h	165f3963ba4392f93b4dfdd8e7b78725626325f7be5cff2a5edf0ad71821c6ad	2868	upstream/mlkem-native/pkcheck-af4c5abd-source-snapshot/test/abicheck/aarch64/checks_aarch64_all.h
mlk_kem_check_pk_cleanroom/PKCHECK_00BC_01A_ADMISSION_20260730T013748Z/mlkem-native_af4c5abd_isolated/test/abicheck/aarch64/selftest_aarch64.S	75f352eaf1cb258d6f98e06a37c931b73500e03f685aca3e638cfb6bf10a414f	2828	upstream/mlkem-native/pkcheck-af4c5abd-source-snapshot/test/abicheck/aarch64/selftest_aarch64.S
mlk_kem_check_pk_cleanroom/PKCHECK_00BC_01A_ADMISSION_20260730T013748Z/mlkem-native_af4c5abd_isolated/test/abicheck/abicheck.c	b9fcb51805ca90457d72a647b2b3efae61fe9d04b4839d3e78f911ba3ca3563c	1939	upstream/mlkem-native/pkcheck-af4c5abd-source-snapshot/test/abicheck/abicheck.c
mlk_kem_check_pk_cleanroom/PKCHECK_00BC_01A_ADMISSION_20260730T013748Z/mlkem-native_af4c5abd_isolated/test/abicheck/abicheck.mk	eff1b557cb4963c29eb3eb316fa98f219dae129204838a7ae3dba8fea5cc0956	565	upstream/mlkem-native/pkcheck-af4c5abd-source-snapshot/test/abicheck/abicheck.mk
mlk_kem_check_pk_cleanroom/PKCHECK_00BC_01A_ADMISSION_20260730T013748Z/mlkem-native_af4c5abd_isolated/test/abicheck/abicheck_common.h	6c40148aacf831eb0d902fe93ae4c0f95a2d36875c7d216a34afe1be948e1797	2734	upstream/mlkem-native/pkcheck-af4c5abd-source-snapshot/test/abicheck/abicheck_common.h
mlk_kem_check_pk_cleanroom/PKCHECK_00BC_01A_ADMISSION_20260730T013748Z/mlkem-native_af4c5abd_isolated/test/abicheck/armv81m/abicheck_armv81m.c	12329e048fb06c20b656eacccabeb1de88ed64847660c6b9b15c6d88d8fd47e1	1778	upstream/mlkem-native/pkcheck-af4c5abd-source-snapshot/test/abicheck/armv81m/abicheck_armv81m.c
mlk_kem_check_pk_cleanroom/PKCHECK_00BC_01A_ADMISSION_20260730T013748Z/mlkem-native_af4c5abd_isolated/test/abicheck/armv81m/abicheck_armv81m.h	65abb17c24a8e1d6ba2edc7c53e204fc2f4be762f6d9def7daf31baff7bf94e5	1609	upstream/mlkem-native/pkcheck-af4c5abd-source-snapshot/test/abicheck/armv81m/abicheck_armv81m.h
mlk_kem_check_pk_cleanroom/PKCHECK_00BC_01A_ADMISSION_20260730T013748Z/mlkem-native_af4c5abd_isolated/test/abicheck/armv81m/abicheck_armv81m.mk	cfa19b8c601bfc7c12726cb551d4fbb6fa8ce8ac4bb0a85a3384c27539bee643	1156	upstream/mlkem-native/pkcheck-af4c5abd-source-snapshot/test/abicheck/armv81m/abicheck_armv81m.mk
mlk_kem_check_pk_cleanroom/PKCHECK_00BC_01A_ADMISSION_20260730T013748Z/mlkem-native_af4c5abd_isolated/test/abicheck/armv81m/callstub_armv81m.S	c2b163607fcb1a389f01d9ec8122e5013699b2bb474699592886534572417170	7164	upstream/mlkem-native/pkcheck-af4c5abd-source-snapshot/test/abicheck/armv81m/callstub_armv81m.S
mlk_kem_check_pk_cleanroom/PKCHECK_00BC_01A_ADMISSION_20260730T013748Z/mlkem-native_af4c5abd_isolated/test/abicheck/armv81m/checks/check_keccak_f1600_x4_mve_asm.c	b74029aef97be4c562a419370d8adc48e8e029363657d1ca08f527dd88cd1755	2489	upstream/mlkem-native/pkcheck-af4c5abd-source-snapshot/test/abicheck/armv81m/checks/check_keccak_f1600_x4_mve_asm.c
mlk_kem_check_pk_cleanroom/PKCHECK_00BC_01A_ADMISSION_20260730T013748Z/mlkem-native_af4c5abd_isolated/test/abicheck/armv81m/checks_armv81m_all.h	4918e565d09650ecfcef710e29114e36ad110efacc56eabcaf2ef0fdcb12cdde	798	upstream/mlkem-native/pkcheck-af4c5abd-source-snapshot/test/abicheck/armv81m/checks_armv81m_all.h
mlk_kem_check_pk_cleanroom/PKCHECK_00BC_01A_ADMISSION_20260730T013748Z/mlkem-native_af4c5abd_isolated/test/abicheck/armv81m/selftest_armv81m.S	118447d866abc9ba69490f738e271db1ca6046427c8a8aee133943bfd2e58da8	1796	upstream/mlkem-native/pkcheck-af4c5abd-source-snapshot/test/abicheck/armv81m/selftest_armv81m.S
mlk_kem_check_pk_cleanroom/PKCHECK_00BC_01A_ADMISSION_20260730T013748Z/mlkem-native_af4c5abd_isolated/test/abicheck/ppc64le/abicheck_ppc64le.c	b36e7014b49d2a66310b216ee9a095a5537fc326d87a9975c50070835439babb	2083	upstream/mlkem-native/pkcheck-af4c5abd-source-snapshot/test/abicheck/ppc64le/abicheck_ppc64le.c
mlk_kem_check_pk_cleanroom/PKCHECK_00BC_01A_ADMISSION_20260730T013748Z/mlkem-native_af4c5abd_isolated/test/abicheck/ppc64le/abicheck_ppc64le.h	b11eb567319f4587498bccf8225e669de39961762b2da082cf5def6760bd787c	1806	upstream/mlkem-native/pkcheck-af4c5abd-source-snapshot/test/abicheck/ppc64le/abicheck_ppc64le.h
mlk_kem_check_pk_cleanroom/PKCHECK_00BC_01A_ADMISSION_20260730T013748Z/mlkem-native_af4c5abd_isolated/test/abicheck/ppc64le/abicheck_ppc64le.mk	87792018070b5663c258e4ca897a954fcf48265dfba0112632622d4ddd7a5f7e	1165	upstream/mlkem-native/pkcheck-af4c5abd-source-snapshot/test/abicheck/ppc64le/abicheck_ppc64le.mk
mlk_kem_check_pk_cleanroom/PKCHECK_00BC_01A_ADMISSION_20260730T013748Z/mlkem-native_af4c5abd_isolated/test/abicheck/ppc64le/callstub_ppc64le.S	3d351317c6324958ec0ceef67990068d57fd8a8b4a352b0edcc840a8c0467e70	15544	upstream/mlkem-native/pkcheck-af4c5abd-source-snapshot/test/abicheck/ppc64le/callstub_ppc64le.S
mlk_kem_check_pk_cleanroom/PKCHECK_00BC_01A_ADMISSION_20260730T013748Z/mlkem-native_af4c5abd_isolated/test/abicheck/ppc64le/checks/check_intt_ppc_asm.c	7beb3bdcbc97bc5f6b21d00132a9f6de579d33cfc1f75adb2272cacf742719bd	1814	upstream/mlkem-native/pkcheck-af4c5abd-source-snapshot/test/abicheck/ppc64le/checks/check_intt_ppc_asm.c
mlk_kem_check_pk_cleanroom/PKCHECK_00BC_01A_ADMISSION_20260730T013748Z/mlkem-native_af4c5abd_isolated/test/abicheck/ppc64le/checks/check_ntt_ppc_asm.c	20ec1d89b5a7aaf626c1810233924020801f69ac0a9f266f624d324ad827149f	1807	upstream/mlkem-native/pkcheck-af4c5abd-source-snapshot/test/abicheck/ppc64le/checks/check_ntt_ppc_asm.c
mlk_kem_check_pk_cleanroom/PKCHECK_00BC_01A_ADMISSION_20260730T013748Z/mlkem-native_af4c5abd_isolated/test/abicheck/ppc64le/checks/check_poly_tomont_ppc_asm.c	3bbb76b8b7017cfcf71982933bdbedb11f84910a59c2a78be3fd205cb18c3fe8	1856	upstream/mlkem-native/pkcheck-af4c5abd-source-snapshot/test/abicheck/ppc64le/checks/check_poly_tomont_ppc_asm.c
mlk_kem_check_pk_cleanroom/PKCHECK_00BC_01A_ADMISSION_20260730T013748Z/mlkem-native_af4c5abd_isolated/test/abicheck/ppc64le/checks/check_reduce_ppc_asm.c	ec4dfc382efc7e2816ba0771b0d081a34e542ae485311bb06f395d3e1470b769	1822	upstream/mlkem-native/pkcheck-af4c5abd-source-snapshot/test/abicheck/ppc64le/checks/check_reduce_ppc_asm.c
mlk_kem_check_pk_cleanroom/PKCHECK_00BC_01A_ADMISSION_20260730T013748Z/mlkem-native_af4c5abd_isolated/test/abicheck/ppc64le/checks_ppc64le_all.h	45d6390b400fef4cc7bd82459f319b71c7af327e06396a046333033b82b164bf	921	upstream/mlkem-native/pkcheck-af4c5abd-source-snapshot/test/abicheck/ppc64le/checks_ppc64le_all.h
mlk_kem_check_pk_cleanroom/PKCHECK_00BC_01A_ADMISSION_20260730T013748Z/mlkem-native_af4c5abd_isolated/test/abicheck/ppc64le/selftest_ppc64le.S	6d27ce7a850a07b14c9cb9f73bcaff0bb7fca02c29f500d72d05f715c1e78b55	3851	upstream/mlkem-native/pkcheck-af4c5abd-source-snapshot/test/abicheck/ppc64le/selftest_ppc64le.S
mlk_kem_check_pk_cleanroom/PKCHECK_00BC_01A_ADMISSION_20260730T013748Z/mlkem-native_af4c5abd_isolated/test/abicheck/selftest.c	ce325d887d7f288c71043e90674f0df55b1f49d1ee1d7cd436053cc62907daf4	16531	upstream/mlkem-native/pkcheck-af4c5abd-source-snapshot/test/abicheck/selftest.c
mlk_kem_check_pk_cleanroom/PKCHECK_00BC_01A_ADMISSION_20260730T013748Z/mlkem-native_af4c5abd_isolated/test/abicheck/selftest.h	4e6f566969bbeb986bc5a546c05e7046b66e9ed34a6a438a586de248aae4feeb	383	upstream/mlkem-native/pkcheck-af4c5abd-source-snapshot/test/abicheck/selftest.h
mlk_kem_check_pk_cleanroom/PKCHECK_00BC_01A_ADMISSION_20260730T013748Z/mlkem-native_af4c5abd_isolated/test/abicheck/x86_64/abicheck_x86_64.c	5a061d1fe3ef396bc656df358e040236266d5531a91d1359cb34fd5924598e7e	1643	upstream/mlkem-native/pkcheck-af4c5abd-source-snapshot/test/abicheck/x86_64/abicheck_x86_64.c
mlk_kem_check_pk_cleanroom/PKCHECK_00BC_01A_ADMISSION_20260730T013748Z/mlkem-native_af4c5abd_isolated/test/abicheck/x86_64/abicheck_x86_64.h	d12c8f70f3c7932a0d06c7faae3b827b021956037a7cd401ac09efbcc7e02b98	1347	upstream/mlkem-native/pkcheck-af4c5abd-source-snapshot/test/abicheck/x86_64/abicheck_x86_64.h
mlk_kem_check_pk_cleanroom/PKCHECK_00BC_01A_ADMISSION_20260730T013748Z/mlkem-native_af4c5abd_isolated/test/abicheck/x86_64/abicheck_x86_64.mk	9fc962c9a09f661b3c17fe0cf147b92de93a5fd6d0ba50c4894d86a977c7705d	2133	upstream/mlkem-native/pkcheck-af4c5abd-source-snapshot/test/abicheck/x86_64/abicheck_x86_64.mk
mlk_kem_check_pk_cleanroom/PKCHECK_00BC_01A_ADMISSION_20260730T013748Z/mlkem-native_af4c5abd_isolated/test/abicheck/x86_64/callstub_x86_64.S	5d87add15f6c667df8e98fff8900c01700e47faf4ddb96c5412cfb659e3b2da6	4436	upstream/mlkem-native/pkcheck-af4c5abd-source-snapshot/test/abicheck/x86_64/callstub_x86_64.S
mlk_kem_check_pk_cleanroom/PKCHECK_00BC_01A_ADMISSION_20260730T013748Z/mlkem-native_af4c5abd_isolated/test/abicheck/x86_64/checks/check_invntt_avx2_asm.c	a6f485e76ffe275579b5a559722409e1e2afbc4c99fcf17f1c7ada3a1bf61c5c	2109	upstream/mlkem-native/pkcheck-af4c5abd-source-snapshot/test/abicheck/x86_64/checks/check_invntt_avx2_asm.c
mlk_kem_check_pk_cleanroom/PKCHECK_00BC_01A_ADMISSION_20260730T013748Z/mlkem-native_af4c5abd_isolated/test/abicheck/x86_64/checks/check_keccak_f1600_x4_avx2_asm.c	e3cb204537aeb5c6139367b692d8ded17a484b7d478a044a52401675fb95edc8	2613	upstream/mlkem-native/pkcheck-af4c5abd-source-snapshot/test/abicheck/x86_64/checks/check_keccak_f1600_x4_avx2_asm.c
mlk_kem_check_pk_cleanroom/PKCHECK_00BC_01A_ADMISSION_20260730T013748Z/mlkem-native_af4c5abd_isolated/test/abicheck/x86_64/checks/check_ntt_avx2_asm.c	255ed8d5b41aa8c2c9cfdfe761c4774cc15d15a375d55e9adad63335c8c58c09	2094	upstream/mlkem-native/pkcheck-af4c5abd-source-snapshot/test/abicheck/x86_64/checks/check_ntt_avx2_asm.c
mlk_kem_check_pk_cleanroom/PKCHECK_00BC_01A_ADMISSION_20260730T013748Z/mlkem-native_af4c5abd_isolated/test/abicheck/x86_64/checks/check_nttfrombytes_avx2_asm.c	f1d78eab5ac6e3988a706ccc5e64a0450a8128d93df6acf8df9e2be2c80bb67c	2155	upstream/mlkem-native/pkcheck-af4c5abd-source-snapshot/test/abicheck/x86_64/checks/check_nttfrombytes_avx2_asm.c
mlk_kem_check_pk_cleanroom/PKCHECK_00BC_01A_ADMISSION_20260730T013748Z/mlkem-native_af4c5abd_isolated/test/abicheck/x86_64/checks/check_ntttobytes_avx2_asm.c	f5de8d5dbc374d2704cc624d34833e081759e49f170c71804577bab2c52ee375	2151	upstream/mlkem-native/pkcheck-af4c5abd-source-snapshot/test/abicheck/x86_64/checks/check_ntttobytes_avx2_asm.c
mlk_kem_check_pk_cleanroom/PKCHECK_00BC_01A_ADMISSION_20260730T013748Z/mlkem-native_af4c5abd_isolated/test/abicheck/x86_64/checks/check_nttunpack_avx2_asm.c	42993ee8d80fb1b91df2312134a960165de3e0949d0e34ecda83b107d41f8e7c	1975	upstream/mlkem-native/pkcheck-af4c5abd-source-snapshot/test/abicheck/x86_64/checks/check_nttunpack_avx2_asm.c
mlk_kem_check_pk_cleanroom/PKCHECK_00BC_01A_ADMISSION_20260730T013748Z/mlkem-native_af4c5abd_isolated/test/abicheck/x86_64/checks/check_poly_compress_d10_avx2_asm.c	4107fba525fa7577c7a9adf8fdad88e846d1fa3b33ea95794fe1ec40bb8e8a91	2374	upstream/mlkem-native/pkcheck-af4c5abd-source-snapshot/test/abicheck/x86_64/checks/check_poly_compress_d10_avx2_asm.c
mlk_kem_check_pk_cleanroom/PKCHECK_00BC_01A_ADMISSION_20260730T013748Z/mlkem-native_af4c5abd_isolated/test/abicheck/x86_64/checks/check_poly_compress_d11_avx2_asm.c	3d7ce8fe0230c2f786eaea6b5134efbc898e0e5f6dedf0865a3a98bdab8c3424	2374	upstream/mlkem-native/pkcheck-af4c5abd-source-snapshot/test/abicheck/x86_64/checks/check_poly_compress_d11_avx2_asm.c
mlk_kem_check_pk_cleanroom/PKCHECK_00BC_01A_ADMISSION_20260730T013748Z/mlkem-native_af4c5abd_isolated/test/abicheck/x86_64/checks/check_poly_compress_d4_avx2_asm.c	62aab62077fea158c599a6440a549d7c4a39efdd0f265636fa2afe4eff1df97c	2363	upstream/mlkem-native/pkcheck-af4c5abd-source-snapshot/test/abicheck/x86_64/checks/check_poly_compress_d4_avx2_asm.c
mlk_kem_check_pk_cleanroom/PKCHECK_00BC_01A_ADMISSION_20260730T013748Z/mlkem-native_af4c5abd_isolated/test/abicheck/x86_64/checks/check_poly_compress_d5_avx2_asm.c	16953e1824104daa72996fde47898100e09e2a3fe6e78e5913a982d7026313ea	2363	upstream/mlkem-native/pkcheck-af4c5abd-source-snapshot/test/abicheck/x86_64/checks/check_poly_compress_d5_avx2_asm.c
mlk_kem_check_pk_cleanroom/PKCHECK_00BC_01A_ADMISSION_20260730T013748Z/mlkem-native_af4c5abd_isolated/test/abicheck/x86_64/checks/check_poly_decompress_d10_avx2_asm.c	0f773cada20108d9aada2eaab0f635b05d3c3fa45a9e19e0662d673d8b2fef8c	2388	upstream/mlkem-native/pkcheck-af4c5abd-source-snapshot/test/abicheck/x86_64/checks/check_poly_decompress_d10_avx2_asm.c
mlk_kem_check_pk_cleanroom/PKCHECK_00BC_01A_ADMISSION_20260730T013748Z/mlkem-native_af4c5abd_isolated/test/abicheck/x86_64/checks/check_poly_decompress_d11_avx2_asm.c	c39dff36181d89347d8e4aa6b2a4644c2fe927ef220c9914c88d4d604f2f68b7	2389	upstream/mlkem-native/pkcheck-af4c5abd-source-snapshot/test/abicheck/x86_64/checks/check_poly_decompress_d11_avx2_asm.c
mlk_kem_check_pk_cleanroom/PKCHECK_00BC_01A_ADMISSION_20260730T013748Z/mlkem-native_af4c5abd_isolated/test/abicheck/x86_64/checks/check_poly_decompress_d4_avx2_asm.c	ae6bad13b7a2f499ff878e31f2ca375f5e3782361a41908c41fd8bdd1b44d2f1	2382	upstream/mlkem-native/pkcheck-af4c5abd-source-snapshot/test/abicheck/x86_64/checks/check_poly_decompress_d4_avx2_asm.c
mlk_kem_check_pk_cleanroom/PKCHECK_00BC_01A_ADMISSION_20260730T013748Z/mlkem-native_af4c5abd_isolated/test/abicheck/x86_64/checks/check_poly_decompress_d5_avx2_asm.c	36fa0ed7d092a5c04bff34d0f1d97372ebc604d2d3c5588a23ce53c7966e30bc	2382	upstream/mlkem-native/pkcheck-af4c5abd-source-snapshot/test/abicheck/x86_64/checks/check_poly_decompress_d5_avx2_asm.c
mlk_kem_check_pk_cleanroom/PKCHECK_00BC_01A_ADMISSION_20260730T013748Z/mlkem-native_af4c5abd_isolated/test/abicheck/x86_64/checks/check_poly_mulcache_compute_avx2_asm.c	65c028d6ae4099b8684671dbd07bd82408ca5807e659277f9a387ef33cc510f6	2424	upstream/mlkem-native/pkcheck-af4c5abd-source-snapshot/test/abicheck/x86_64/checks/check_poly_mulcache_compute_avx2_asm.c
mlk_kem_check_pk_cleanroom/PKCHECK_00BC_01A_ADMISSION_20260730T013748Z/mlkem-native_af4c5abd_isolated/test/abicheck/x86_64/checks/check_polyvec_basemul_acc_montgomery_cached_k2_avx2_asm.c	d5c56dd44f5936368ec2a1f54cd1a6436675396571e765c4899113ce04e36e6e	2670	upstream/mlkem-native/pkcheck-af4c5abd-source-snapshot/test/abicheck/x86_64/checks/check_polyvec_basemul_acc_montgomery_cached_k2_avx2_asm.c
mlk_kem_check_pk_cleanroom/PKCHECK_00BC_01A_ADMISSION_20260730T013748Z/mlkem-native_af4c5abd_isolated/test/abicheck/x86_64/checks/check_polyvec_basemul_acc_montgomery_cached_k3_avx2_asm.c	db682e165ad3ce12e863b5a9154058646ed429a606f3d9ac5cd7bf1f92fd6786	2670	upstream/mlkem-native/pkcheck-af4c5abd-source-snapshot/test/abicheck/x86_64/checks/check_polyvec_basemul_acc_montgomery_cached_k3_avx2_asm.c
mlk_kem_check_pk_cleanroom/PKCHECK_00BC_01A_ADMISSION_20260730T013748Z/mlkem-native_af4c5abd_isolated/test/abicheck/x86_64/checks/check_polyvec_basemul_acc_montgomery_cached_k4_avx2_asm.c	fdf3936778341b3ea519fc565bffab3cf77f2e1baaef3e136967c4149f0eb01b	2671	upstream/mlkem-native/pkcheck-af4c5abd-source-snapshot/test/abicheck/x86_64/checks/check_polyvec_basemul_acc_montgomery_cached_k4_avx2_asm.c
mlk_kem_check_pk_cleanroom/PKCHECK_00BC_01A_ADMISSION_20260730T013748Z/mlkem-native_af4c5abd_isolated/test/abicheck/x86_64/checks/check_reduce_avx2_asm.c	1ff32108a3ec69db3ed16c3af2580bf81919c9eba1dd27eabac12bf02d9e9dfb	1934	upstream/mlkem-native/pkcheck-af4c5abd-source-snapshot/test/abicheck/x86_64/checks/check_reduce_avx2_asm.c
mlk_kem_check_pk_cleanroom/PKCHECK_00BC_01A_ADMISSION_20260730T013748Z/mlkem-native_af4c5abd_isolated/test/abicheck/x86_64/checks/check_rej_uniform_avx2_asm.c	3cba169a39e31cdf640518161fc3dfb83fe780bec63b39de67aa6a739b7e0764	2353	upstream/mlkem-native/pkcheck-af4c5abd-source-snapshot/test/abicheck/x86_64/checks/check_rej_uniform_avx2_asm.c
mlk_kem_check_pk_cleanroom/PKCHECK_00BC_01A_ADMISSION_20260730T013748Z/mlkem-native_af4c5abd_isolated/test/abicheck/x86_64/checks/check_tomont_avx2_asm.c	2d24b65460307a6a2d2810d1ad60a228d264af78213e505a2ac36bee797b11ff	1934	upstream/mlkem-native/pkcheck-af4c5abd-source-snapshot/test/abicheck/x86_64/checks/check_tomont_avx2_asm.c
mlk_kem_check_pk_cleanroom/PKCHECK_00BC_01A_ADMISSION_20260730T013748Z/mlkem-native_af4c5abd_isolated/test/abicheck/x86_64/checks_x86_64_all.h	3e5d4d07d60e68a5995b8cdae787dada2b78c0355a336bac788c2001bab0a61e	3271	upstream/mlkem-native/pkcheck-af4c5abd-source-snapshot/test/abicheck/x86_64/checks_x86_64_all.h
mlk_kem_check_pk_cleanroom/PKCHECK_00BC_01A_ADMISSION_20260730T013748Z/mlkem-native_af4c5abd_isolated/test/abicheck/x86_64/selftest_x86_64.S	d6a293fdbb535323feebf64ad14c0a0a6abedad7466e993e3aa96f332f04e346	1131	upstream/mlkem-native/pkcheck-af4c5abd-source-snapshot/test/abicheck/x86_64/selftest_x86_64.S
mlk_kem_check_pk_cleanroom/PKCHECK_00BC_01A_ADMISSION_20260730T013748Z/mlkem-native_af4c5abd_isolated/test/acvp/acvp_client.py	a8d3a45b5e21477496232430029b6b9393db119624c1755561ba06e023d8408f	11630	upstream/mlkem-native/pkcheck-af4c5abd-source-snapshot/test/acvp/acvp_client.py
mlk_kem_check_pk_cleanroom/PKCHECK_00BC_01A_ADMISSION_20260730T013748Z/mlkem-native_af4c5abd_isolated/test/acvp/acvp_mlkem.c	8c9922b570eabb5cc17fbe357ad075a4b0c9ade51352af6423f9e576549c30a2	11004	upstream/mlkem-native/pkcheck-af4c5abd-source-snapshot/test/acvp/acvp_mlkem.c
mlk_kem_check_pk_cleanroom/PKCHECK_00BC_01A_ADMISSION_20260730T013748Z/mlkem-native_af4c5abd_isolated/test/baremetal/platform/aarch64-virt/exec_wrapper.py	b83010738d13419a602fb524db3dfc7fdaac54297e36345c83fc2010d43fa87c	1099	upstream/mlkem-native/pkcheck-af4c5abd-source-snapshot/test/baremetal/platform/aarch64-virt/exec_wrapper.py
mlk_kem_check_pk_cleanroom/PKCHECK_00BC_01A_ADMISSION_20260730T013748Z/mlkem-native_af4c5abd_isolated/test/baremetal/platform/aarch64-virt/platform.mk	fa62c54e7d0effaa54262333ffb4a79bf4fc5a78d925e6f7099d6cc990ac59be	1071	upstream/mlkem-native/pkcheck-af4c5abd-source-snapshot/test/baremetal/platform/aarch64-virt/platform.mk
mlk_kem_check_pk_cleanroom/PKCHECK_00BC_01A_ADMISSION_20260730T013748Z/mlkem-native_af4c5abd_isolated/test/baremetal/platform/aarch64-virt/semihosting.c	3349be304076b8f9059fc26b8afd8bbe0074c0d25682b0b6f2328fc861fc3378	9992	upstream/mlkem-native/pkcheck-af4c5abd-source-snapshot/test/baremetal/platform/aarch64-virt/semihosting.c
mlk_kem_check_pk_cleanroom/PKCHECK_00BC_01A_ADMISSION_20260730T013748Z/mlkem-native_af4c5abd_isolated/test/baremetal/platform/aarch64-virt/startup.S	06a20b8f30c7659ab3c2efc8a7b696f8dfa6cd6f58e0bf3e2affb177bfce2ab8	3748	upstream/mlkem-native/pkcheck-af4c5abd-source-snapshot/test/baremetal/platform/aarch64-virt/startup.S
mlk_kem_check_pk_cleanroom/PKCHECK_00BC_01A_ADMISSION_20260730T013748Z/mlkem-native_af4c5abd_isolated/test/baremetal/platform/aarch64-virt/virt.ld	5557b6d2a7a7a9e6180b35a98c44b5fb1410fdd8a3307d39e7b8ae22613364b6	1386	upstream/mlkem-native/pkcheck-af4c5abd-source-snapshot/test/baremetal/platform/aarch64-virt/virt.ld
mlk_kem_check_pk_cleanroom/PKCHECK_00BC_01A_ADMISSION_20260730T013748Z/mlkem-native_af4c5abd_isolated/test/baremetal/platform/avr/README.md	5708cd32de5e087abbceaa0c4e4d9eb1d40a8b3ccdbf63672c2446bb86d31f85	661	upstream/mlkem-native/pkcheck-af4c5abd-source-snapshot/test/baremetal/platform/avr/README.md
mlk_kem_check_pk_cleanroom/PKCHECK_00BC_01A_ADMISSION_20260730T013748Z/mlkem-native_af4c5abd_isolated/test/baremetal/platform/avr/avr_wrapper.c	31c01bed70c5c2354ec1a59ff1b5f4d6951bb03d54c25d7024453df3aa25ef62	2018	upstream/mlkem-native/pkcheck-af4c5abd-source-snapshot/test/baremetal/platform/avr/avr_wrapper.c
mlk_kem_check_pk_cleanroom/PKCHECK_00BC_01A_ADMISSION_20260730T013748Z/mlkem-native_af4c5abd_isolated/test/baremetal/platform/avr/exec_wrapper.py	09834802063f55dde13abb0fe5907df336718a88b9641c5176799e775379eace	5040	upstream/mlkem-native/pkcheck-af4c5abd-source-snapshot/test/baremetal/platform/avr/exec_wrapper.py
mlk_kem_check_pk_cleanroom/PKCHECK_00BC_01A_ADMISSION_20260730T013748Z/mlkem-native_af4c5abd_isolated/test/baremetal/platform/avr/init7.S	2fe4175d3d79e31b61d500f16402ecb33c07e1769e064862c61b8901aac12e9d	592	upstream/mlkem-native/pkcheck-af4c5abd-source-snapshot/test/baremetal/platform/avr/init7.S
mlk_kem_check_pk_cleanroom/PKCHECK_00BC_01A_ADMISSION_20260730T013748Z/mlkem-native_af4c5abd_isolated/test/baremetal/platform/avr/platform.mk	2f316ee190793ba5f7104b9eec34d75c52acec78f30e8babb66e6800d35035c6	1498	upstream/mlkem-native/pkcheck-af4c5abd-source-snapshot/test/baremetal/platform/avr/platform.mk
mlk_kem_check_pk_cleanroom/PKCHECK_00BC_01A_ADMISSION_20260730T013748Z/mlkem-native_af4c5abd_isolated/test/bench/bench_components_mlkem.c	b0ed3944a0b39a48e9879a0db5be5fddf994c93a98d125a8119d7beece4e77bb	13662	upstream/mlkem-native/pkcheck-af4c5abd-source-snapshot/test/bench/bench_components_mlkem.c
mlk_kem_check_pk_cleanroom/PKCHECK_00BC_01A_ADMISSION_20260730T013748Z/mlkem-native_af4c5abd_isolated/test/bench/bench_mlkem.c	ebe874d641ee999fa1534e62b50e4f4f470984e5ef11b6a182b100e4a2e63943	4891	upstream/mlkem-native/pkcheck-af4c5abd-source-snapshot/test/bench/bench_mlkem.c
mlk_kem_check_pk_cleanroom/PKCHECK_00BC_01A_ADMISSION_20260730T013748Z/mlkem-native_af4c5abd_isolated/test/configs/break_pct_config.h	05126ac95ce550ccd6ab4f6b93fea916d8361790c6cd678da330f02ed7663709	22427	upstream/mlkem-native/pkcheck-af4c5abd-source-snapshot/test/configs/break_pct_config.h
mlk_kem_check_pk_cleanroom/PKCHECK_00BC_01A_ADMISSION_20260730T013748Z/mlkem-native_af4c5abd_isolated/test/configs/configs.yml	97f085667f1ec443a237c6f4b7a781084c0cf2f7526885c8eff0008fbb2f6eab	18393	upstream/mlkem-native/pkcheck-af4c5abd-source-snapshot/test/configs/configs.yml
mlk_kem_check_pk_cleanroom/PKCHECK_00BC_01A_ADMISSION_20260730T013748Z/mlkem-native_af4c5abd_isolated/test/configs/custom_heap_alloc_config.h	d6ba017de742fb604a191a7f5d20449ac66beec77770aaf6fcd4c84aa0418efc	22793	upstream/mlkem-native/pkcheck-af4c5abd-source-snapshot/test/configs/custom_heap_alloc_config.h
mlk_kem_check_pk_cleanroom/PKCHECK_00BC_01A_ADMISSION_20260730T013748Z/mlkem-native_af4c5abd_isolated/test/configs/custom_memcpy_config.h	851f4b251c9b0820f27a8c16e5c71cefc2df9b96b2583d81787fce058dcefb86	22478	upstream/mlkem-native/pkcheck-af4c5abd-source-snapshot/test/configs/custom_memcpy_config.h
mlk_kem_check_pk_cleanroom/PKCHECK_00BC_01A_ADMISSION_20260730T013748Z/mlkem-native_af4c5abd_isolated/test/configs/custom_memset_config.h	4246761d445c1a0726e9798cf0b79dee9766b7c06e7462f78ede935acc7b14f6	22432	upstream/mlkem-native/pkcheck-af4c5abd-source-snapshot/test/configs/custom_memset_config.h
mlk_kem_check_pk_cleanroom/PKCHECK_00BC_01A_ADMISSION_20260730T013748Z/mlkem-native_af4c5abd_isolated/test/configs/custom_native_capability_config_0.h	a806746d87e63c2895b76075e339308b1eaed30df11d0143f1459dfe4db76a46	22341	upstream/mlkem-native/pkcheck-af4c5abd-source-snapshot/test/configs/custom_native_capability_config_0.h
mlk_kem_check_pk_cleanroom/PKCHECK_00BC_01A_ADMISSION_20260730T013748Z/mlkem-native_af4c5abd_isolated/test/configs/custom_native_capability_config_1.h	f488376ce997c5001003110e53a869e5f3b9d9391e7b8b2b342e5303a29f2517	22305	upstream/mlkem-native/pkcheck-af4c5abd-source-snapshot/test/configs/custom_native_capability_config_1.h
mlk_kem_check_pk_cleanroom/PKCHECK_00BC_01A_ADMISSION_20260730T013748Z/mlkem-native_af4c5abd_isolated/test/configs/custom_native_capability_config_CPUID_AVX2.h	57235615bba57b6cebe0d8eed11bae85091edf4d7798aa6a33f29a80c36641a7	23243	upstream/mlkem-native/pkcheck-af4c5abd-source-snapshot/test/configs/custom_native_capability_config_CPUID_AVX2.h
mlk_kem_check_pk_cleanroom/PKCHECK_00BC_01A_ADMISSION_20260730T013748Z/mlkem-native_af4c5abd_isolated/test/configs/custom_native_capability_config_ID_AA64PFR1_EL1.h	eadd33a23d93440740b783f180c4a5d32a4ae4b542dca445bc2c5d4a35296f6a	22921	upstream/mlkem-native/pkcheck-af4c5abd-source-snapshot/test/configs/custom_native_capability_config_ID_AA64PFR1_EL1.h
mlk_kem_check_pk_cleanroom/PKCHECK_00BC_01A_ADMISSION_20260730T013748Z/mlkem-native_af4c5abd_isolated/test/configs/custom_randombytes_config.h	e6cee5b0ba7bc2dd4755731d855afcc57e974d545345de7b774dc9b4c6c2f14b	22294	upstream/mlkem-native/pkcheck-af4c5abd-source-snapshot/test/configs/custom_randombytes_config.h
mlk_kem_check_pk_cleanroom/PKCHECK_00BC_01A_ADMISSION_20260730T013748Z/mlkem-native_af4c5abd_isolated/test/configs/custom_stdlib_config.h	f0cf4706dd6b1233c688723ef740c882b276cd832af47e434ad08a626be89e6b	22695	upstream/mlkem-native/pkcheck-af4c5abd-source-snapshot/test/configs/custom_stdlib_config.h
mlk_kem_check_pk_cleanroom/PKCHECK_00BC_01A_ADMISSION_20260730T013748Z/mlkem-native_af4c5abd_isolated/test/configs/custom_zeroize_config.h	bccd5b25b55cf31ac97f384f5510a87e47105611f1da137ef7afe6444f8d8388	22276	upstream/mlkem-native/pkcheck-af4c5abd-source-snapshot/test/configs/custom_zeroize_config.h
mlk_kem_check_pk_cleanroom/PKCHECK_00BC_01A_ADMISSION_20260730T013748Z/mlkem-native_af4c5abd_isolated/test/configs/no_asm_config.h	38ae3d03ae0a0c739c5f43d2a59c52d3167e74031742b50a9d8aeebb7c2c5511	22297	upstream/mlkem-native/pkcheck-af4c5abd-source-snapshot/test/configs/no_asm_config.h
mlk_kem_check_pk_cleanroom/PKCHECK_00BC_01A_ADMISSION_20260730T013748Z/mlkem-native_af4c5abd_isolated/test/configs/serial_fips202_config.h	1dff27a7a4e8d3c62f063f0c16bdf3e8b2dbbbed033a101588f3c44d4b2ef4ca	22263	upstream/mlkem-native/pkcheck-af4c5abd-source-snapshot/test/configs/serial_fips202_config.h
mlk_kem_check_pk_cleanroom/PKCHECK_00BC_01A_ADMISSION_20260730T013748Z/mlkem-native_af4c5abd_isolated/test/configs/test_alloc_config.h	dde5c684bdb8351f24d6abd9986bba3d25d40da55575b202d77970cf62ca204c	22707	upstream/mlkem-native/pkcheck-af4c5abd-source-snapshot/test/configs/test_alloc_config.h
mlk_kem_check_pk_cleanroom/PKCHECK_00BC_01A_ADMISSION_20260730T013748Z/mlkem-native_af4c5abd_isolated/test/hal/hal.c	e0627461ae344d2d51bcee96b2f95d3673b0a933fa1edfc3314b12923b85479e	10221	upstream/mlkem-native/pkcheck-af4c5abd-source-snapshot/test/hal/hal.c
mlk_kem_check_pk_cleanroom/PKCHECK_00BC_01A_ADMISSION_20260730T013748Z/mlkem-native_af4c5abd_isolated/test/hal/hal.h	04abb03de311a58374259754eb25755530a9e8063261e85edfcfa94f2ca6775b	1370	upstream/mlkem-native/pkcheck-af4c5abd-source-snapshot/test/hal/hal.h
mlk_kem_check_pk_cleanroom/PKCHECK_00BC_01A_ADMISSION_20260730T013748Z/mlkem-native_af4c5abd_isolated/test/mk/auto.mk	179af17d2e0a2442e9fe7b8a195af549dc0cf445de4a1ff9810818096293fffb	7211	upstream/mlkem-native/pkcheck-af4c5abd-source-snapshot/test/mk/auto.mk
mlk_kem_check_pk_cleanroom/PKCHECK_00BC_01A_ADMISSION_20260730T013748Z/mlkem-native_af4c5abd_isolated/test/mk/components.mk	34d8a3219b2f44c803607e77f197e156add6ab820c7eb6e4f63aebdf8c0bc0b6	11770	upstream/mlkem-native/pkcheck-af4c5abd-source-snapshot/test/mk/components.mk
mlk_kem_check_pk_cleanroom/PKCHECK_00BC_01A_ADMISSION_20260730T013748Z/mlkem-native_af4c5abd_isolated/test/mk/config.mk	16e8ec0d61bc7dc4096bfe55066f282db896e6ade94f53c2bfd68268856ad7b2	2932	upstream/mlkem-native/pkcheck-af4c5abd-source-snapshot/test/mk/config.mk
mlk_kem_check_pk_cleanroom/PKCHECK_00BC_01A_ADMISSION_20260730T013748Z/mlkem-native_af4c5abd_isolated/test/mk/rules.mk	6bb68d2f8a323ee8a229112a9bb74a1fd49767df4cc98eb476b36c0f04156f0c	3925	upstream/mlkem-native/pkcheck-af4c5abd-source-snapshot/test/mk/rules.mk
mlk_kem_check_pk_cleanroom/PKCHECK_00BC_01A_ADMISSION_20260730T013748Z/mlkem-native_af4c5abd_isolated/test/notrandombytes/notrandombytes.c	a11629c3372cd8b1ceb7ac6df80b9e1344c63b1df2f55a0d7d1cea2b34ddc12f	2013	upstream/mlkem-native/pkcheck-af4c5abd-source-snapshot/test/notrandombytes/notrandombytes.c
mlk_kem_check_pk_cleanroom/PKCHECK_00BC_01A_ADMISSION_20260730T013748Z/mlkem-native_af4c5abd_isolated/test/notrandombytes/notrandombytes.h	b7308b590b9d7bd57e9b6b37cbd5e0d1c2a6174926cefff72bbf4f90045cfd2b	674	upstream/mlkem-native/pkcheck-af4c5abd-source-snapshot/test/notrandombytes/notrandombytes.h
mlk_kem_check_pk_cleanroom/PKCHECK_00BC_01A_ADMISSION_20260730T013748Z/mlkem-native_af4c5abd_isolated/test/src/gen_KAT.c	bbff4737681141d70d68c5e6c886e2f139525787c9ca6b7597c3c1b00223d0a8	2868	upstream/mlkem-native/pkcheck-af4c5abd-source-snapshot/test/src/gen_KAT.c
mlk_kem_check_pk_cleanroom/PKCHECK_00BC_01A_ADMISSION_20260730T013748Z/mlkem-native_af4c5abd_isolated/test/src/test_alloc.c	b7cddff33af9e06ce6b51e149dbf768c263f48847ea16196648652876f85c481	18350	upstream/mlkem-native/pkcheck-af4c5abd-source-snapshot/test/src/test_alloc.c
mlk_kem_check_pk_cleanroom/PKCHECK_00BC_01A_ADMISSION_20260730T013748Z/mlkem-native_af4c5abd_isolated/test/src/test_mlkem.c	72ebadaf64255b590a3e16ff47ae64c391ac829acf83cbc5f320df448e070c00	6188	upstream/mlkem-native/pkcheck-af4c5abd-source-snapshot/test/src/test_mlkem.c
mlk_kem_check_pk_cleanroom/PKCHECK_00BC_01A_ADMISSION_20260730T013748Z/mlkem-native_af4c5abd_isolated/test/src/test_rng_fail.c	1cee3df21818cd49dbe6babe17a59936c0c84c84ece8f1f5369be1c017c2eb5f	7955	upstream/mlkem-native/pkcheck-af4c5abd-source-snapshot/test/src/test_rng_fail.c
mlk_kem_check_pk_cleanroom/PKCHECK_00BC_01A_ADMISSION_20260730T013748Z/mlkem-native_af4c5abd_isolated/test/src/test_stack.c	1611b53d2373770635d941276f05b5f70cec370f7917bff13043582a57200d53	2011	upstream/mlkem-native/pkcheck-af4c5abd-source-snapshot/test/src/test_stack.c
mlk_kem_check_pk_cleanroom/PKCHECK_00BC_01A_ADMISSION_20260730T013748Z/mlkem-native_af4c5abd_isolated/test/src/test_unit.c	0adedd28e444e4c6298cf4fc9ead15e50ce0288bb0fd3e5e8c9c1338b188ece2	43069	upstream/mlkem-native/pkcheck-af4c5abd-source-snapshot/test/src/test_unit.c
mlk_kem_check_pk_cleanroom/PKCHECK_00BC_01A_ADMISSION_20260730T013748Z/mlkem-native_af4c5abd_isolated/test/test_bounds.py	94375c7fda6ab94f44c5c9bbb5f2e94a6bb36faecc7775effa3a08ea9aabb52f	4482	upstream/mlkem-native/pkcheck-af4c5abd-source-snapshot/test/test_bounds.py
mlk_kem_check_pk_cleanroom/PKCHECK_00BC_01A_ADMISSION_20260730T013748Z/mlkem-native_af4c5abd_isolated/test/wycheproof/wycheproof_client.py	4eb1820a2439c4035ee6b93dd451aefb6101958a68dc1d86c433d7368f358e5b	11397	upstream/mlkem-native/pkcheck-af4c5abd-source-snapshot/test/wycheproof/wycheproof_client.py
mlk_kem_check_pk_cleanroom/PKCHECK_00BC_01A_ADMISSION_20260730T013748Z/mlkem-native_af4c5abd_isolated/test/wycheproof/wycheproof_mlkem.c	375fa9b2468aa7813a4a7b1b0b8f51b2508f711165fd318a514f6041e70875fc	4686	upstream/mlkem-native/pkcheck-af4c5abd-source-snapshot/test/wycheproof/wycheproof_mlkem.c
mlk_kem_check_pk_cleanroom/PKCHECK_00BC_01A_ADMISSION_20260730T013748Z/mlkem-native_af4c5abd_isolated/test/zephyr/README.md	43fb22cc09af215c6bdf966bab188df99cb70953b13aba57c2d0b46b2a7a5cde	2778	upstream/mlkem-native/pkcheck-af4c5abd-source-snapshot/test/zephyr/README.md
mlk_kem_check_pk_cleanroom/PKCHECK_00BC_01A_ADMISSION_20260730T013748Z/mlkem-native_af4c5abd_isolated/test/zephyr/app/CMakeLists.txt	f8203d0063cd2a58996255d1bcf27b164f996b47c5c8bd62cfa10eabf1319e1b	3947	upstream/mlkem-native/pkcheck-af4c5abd-source-snapshot/test/zephyr/app/CMakeLists.txt
mlk_kem_check_pk_cleanroom/PKCHECK_00BC_01A_ADMISSION_20260730T013748Z/mlkem-native_af4c5abd_isolated/test/zephyr/app/Kconfig	6dc668faceb87e8e83f58eed508ada947b06f63f77d946a0e37dbeac2f247523	501	upstream/mlkem-native/pkcheck-af4c5abd-source-snapshot/test/zephyr/app/Kconfig
mlk_kem_check_pk_cleanroom/PKCHECK_00BC_01A_ADMISSION_20260730T013748Z/mlkem-native_af4c5abd_isolated/test/zephyr/app/nucleo_n657x0_q.conf	81c5db3a20c41cd0572105aed7a19fbd70ace1faa8954822d80e74e4f57b9273	1098	upstream/mlkem-native/pkcheck-af4c5abd-source-snapshot/test/zephyr/app/nucleo_n657x0_q.conf
mlk_kem_check_pk_cleanroom/PKCHECK_00BC_01A_ADMISSION_20260730T013748Z/mlkem-native_af4c5abd_isolated/test/zephyr/app/nucleo_n657x0_q.overlay	abdec34255a17be7ffff05caeece5ae623f84d2a81693f579d0d843a0cbfdc4e	744	upstream/mlkem-native/pkcheck-af4c5abd-source-snapshot/test/zephyr/app/nucleo_n657x0_q.overlay
mlk_kem_check_pk_cleanroom/PKCHECK_00BC_01A_ADMISSION_20260730T013748Z/mlkem-native_af4c5abd_isolated/test/zephyr/app/prj.conf	3eb90bc6092a41ec15b7e74ed427a269535a656a39b7a2178fcd337436fb4a31	151	upstream/mlkem-native/pkcheck-af4c5abd-source-snapshot/test/zephyr/app/prj.conf
mlk_kem_check_pk_cleanroom/PKCHECK_00BC_01A_ADMISSION_20260730T013748Z/mlkem-native_af4c5abd_isolated/test/zephyr/app/shim.c	afe2b968e35cdf15f00a1e1be57a51346e348ef0e21430009c11f9fabfa53284	2056	upstream/mlkem-native/pkcheck-af4c5abd-source-snapshot/test/zephyr/app/shim.c
mlk_kem_check_pk_cleanroom/PKCHECK_00BC_01A_ADMISSION_20260730T013748Z/mlkem-native_af4c5abd_isolated/test/zephyr/app/shim_nucleo_n657x0_q.c	70189e909194b3afbfcd3c009826bc881e9457c68a737f6d22fcfc8aeb617914	5794	upstream/mlkem-native/pkcheck-af4c5abd-source-snapshot/test/zephyr/app/shim_nucleo_n657x0_q.c
mlk_kem_check_pk_cleanroom/PKCHECK_00BC_01A_ADMISSION_20260730T013748Z/mlkem-native_af4c5abd_isolated/test/zephyr/exec_wrapper.py	cbdfa787abf79439afb36943aef140760a02b7dd97ae5dc205e33d73cd18e4d6	1033	upstream/mlkem-native/pkcheck-af4c5abd-source-snapshot/test/zephyr/exec_wrapper.py
mlk_kem_check_pk_cleanroom/PKCHECK_00BC_01A_ADMISSION_20260730T013748Z/mlkem-native_af4c5abd_isolated/test/zephyr/nucleo_n657x0_q/README.md	059089b9af79dc3592593ba5a850a09624aad8cf6517d0cb4f328aa732b5ce70	4662	upstream/mlkem-native/pkcheck-af4c5abd-source-snapshot/test/zephyr/nucleo_n657x0_q/README.md
mlk_kem_check_pk_cleanroom/PKCHECK_00BC_01A_ADMISSION_20260730T013748Z/mlkem-native_af4c5abd_isolated/test/zephyr/nucleo_n657x0_q/exec_wrapper.py	74c7fb9794843628123074a8dd770715007a3da16ffa3245bb8763f5d4b331b7	17152	upstream/mlkem-native/pkcheck-af4c5abd-source-snapshot/test/zephyr/nucleo_n657x0_q/exec_wrapper.py
mlk_kem_check_pk_cleanroom/PKCHECK_00BC_01A_ADMISSION_20260730T013748Z/mlkem-native_af4c5abd_isolated/test/zephyr/nucleo_n657x0_q/nucleo_host/flexmem_configure.py	f43e488a9433b2aac36dd68512a58c7175bf365f80c2c3e9f1d62a5e15c8f906	4085	upstream/mlkem-native/pkcheck-af4c5abd-source-snapshot/test/zephyr/nucleo_n657x0_q/nucleo_host/flexmem_configure.py
mlk_kem_check_pk_cleanroom/PKCHECK_00BC_01A_ADMISSION_20260730T013748Z/mlkem-native_af4c5abd_isolated/test/zephyr/nucleo_n657x0_q/nucleo_host/gdb_script.py	dbb0d0284338f7de96fbe15d606b0944581d3cd72051491d11ecfedc191b81ba	3697	upstream/mlkem-native/pkcheck-af4c5abd-source-snapshot/test/zephyr/nucleo_n657x0_q/nucleo_host/gdb_script.py
mlk_kem_check_pk_cleanroom/PKCHECK_00BC_01A_ADMISSION_20260730T013748Z/mlkem-native_af4c5abd_isolated/test/zephyr/nucleo_n657x0_q/nucleo_host/openocd_tools.py	a5b6d2c043f55e0221099d8aae9915978e0b2adb7c29f06911efc1b496527014	6445	upstream/mlkem-native/pkcheck-af4c5abd-source-snapshot/test/zephyr/nucleo_n657x0_q/nucleo_host/openocd_tools.py
mlk_kem_check_pk_cleanroom/PKCHECK_00BC_01A_ADMISSION_20260730T013748Z/mlkem-native_af4c5abd_isolated/test/zephyr/nucleo_n657x0_q/nucleo_host/results.py	8a6ee84987fc2b579f94ab286907f2e9990eb52957b47151f3e384a625cce673	3048	upstream/mlkem-native/pkcheck-af4c5abd-source-snapshot/test/zephyr/nucleo_n657x0_q/nucleo_host/results.py
mlk_kem_check_pk_cleanroom/PKCHECK_00BC_01A_ADMISSION_20260730T013748Z/mlkem-native_af4c5abd_isolated/test/zephyr/nucleo_n657x0_q/nucleo_host/symbols.py	cbbeffee3bfa5b58c8b0b07099633fb8e5f3f88fd1540a07d512eef4f5f09e42	2528	upstream/mlkem-native/pkcheck-af4c5abd-source-snapshot/test/zephyr/nucleo_n657x0_q/nucleo_host/symbols.py
mlk_kem_check_pk_cleanroom/PKCHECK_00BC_01A_ADMISSION_20260730T013748Z/mlkem-native_af4c5abd_isolated/test/zephyr/platform.mk	79aeba6be58c4126fb4ad80ea743af298396169b9d80ba699edee6b821592137	7307	upstream/mlkem-native/pkcheck-af4c5abd-source-snapshot/test/zephyr/platform.mk
mlk_kem_check_pk_cleanroom/PKCHECK_01B_ACTUAL_BODY_ADMISSION_20260730T015957Z/PKCHECK_01B_CONTINUE_20260730T020602Z/PKCHECK_01B_CONTINUE_SUMMARY.txt	35816c3f363977daa1cc3fae56d2361814fafdc5e10856a87c72dc0b4a0a0cbc	52735	experiments/kem-check-pk/T01-validation-semantics/records-and-early-development/PKCHECK_01B_ACTUAL_BODY_ADMISSION_20260730T015957Z/PKCHECK_01B_CONTINUE_20260730T020602Z/PKCHECK_01B_CONTINUE_SUMMARY.txt
mlk_kem_check_pk_cleanroom/PKCHECK_01B_ACTUAL_BODY_ADMISSION_20260730T015957Z/PKCHECK_01B_CONTINUE_20260730T020602Z/PKCHECK_01B_MAKE.log	44689e7c89b4af4179422e8a230d25ebeaad884684af23d966fc6da14ec541f2	4413	experiments/kem-check-pk/T01-validation-semantics/records-and-early-development/PKCHECK_01B_ACTUAL_BODY_ADMISSION_20260730T015957Z/PKCHECK_01B_CONTINUE_20260730T020602Z/PKCHECK_01B_MAKE.log
mlk_kem_check_pk_cleanroom/PKCHECK_01B_ACTUAL_BODY_ADMISSION_20260730T015957Z/PKCHECK_01B_CONTINUE_20260730T020602Z/goto-functions.stderr.txt	e3b0c44298fc1c149afbf4c8996fb92427ae41e4649b934ca495991b7852b855	0	experiments/kem-check-pk/T01-validation-semantics/records-and-early-development/PKCHECK_01B_ACTUAL_BODY_ADMISSION_20260730T015957Z/PKCHECK_01B_CONTINUE_20260730T020602Z/goto-functions.stderr.txt
mlk_kem_check_pk_cleanroom/PKCHECK_01B_ACTUAL_BODY_ADMISSION_20260730T015957Z/PKCHECK_01B_CONTINUE_20260730T020602Z/goto-functions.txt	d91e66bbe7e68e4560d93b3dbcdbdf8ec253ce213ad42b83b2cfe84bc20f8abb	337013	experiments/kem-check-pk/T01-validation-semantics/records-and-early-development/PKCHECK_01B_ACTUAL_BODY_ADMISSION_20260730T015957Z/PKCHECK_01B_CONTINUE_20260730T020602Z/goto-functions.txt
mlk_kem_check_pk_cleanroom/PKCHECK_01B_ACTUAL_BODY_ADMISSION_20260730T015957Z/PKCHECK_01B_CONTINUE_20260730T020602Z/pkcheck_01b_preflight.goto	97ea3882f586a1428fe39fe0f05ffcd774ab1f2ff74d10032de31f25801bb0da	27975	experiments/kem-check-pk/T01-validation-semantics/records-and-early-development/PKCHECK_01B_ACTUAL_BODY_ADMISSION_20260730T015957Z/PKCHECK_01B_CONTINUE_20260730T020602Z/pkcheck_01b_preflight.goto
mlk_kem_check_pk_cleanroom/PKCHECK_01B_ACTUAL_BODY_ADMISSION_20260730T015957Z/PKCHECK_01B_CONTINUE_20260730T020602Z/preflight.stderr.txt	e3b0c44298fc1c149afbf4c8996fb92427ae41e4649b934ca495991b7852b855	0	experiments/kem-check-pk/T01-validation-semantics/records-and-early-development/PKCHECK_01B_ACTUAL_BODY_ADMISSION_20260730T015957Z/PKCHECK_01B_CONTINUE_20260730T020602Z/preflight.stderr.txt
mlk_kem_check_pk_cleanroom/PKCHECK_01B_ACTUAL_BODY_ADMISSION_20260730T015957Z/PKCHECK_01B_CONTINUE_20260730T020602Z/preflight.stdout.txt	e3b0c44298fc1c149afbf4c8996fb92427ae41e4649b934ca495991b7852b855	0	experiments/kem-check-pk/T01-validation-semantics/records-and-early-development/PKCHECK_01B_ACTUAL_BODY_ADMISSION_20260730T015957Z/PKCHECK_01B_CONTINUE_20260730T020602Z/preflight.stdout.txt
mlk_kem_check_pk_cleanroom/PKCHECK_01B_ACTUAL_BODY_ADMISSION_20260730T015957Z/PKCHECK_01B_TERMINAL_SUMMARY.txt	0437a05ec773ace307ddf86afa33688eb2d45fa82eb63d311b492362e6420c55	21985	experiments/kem-check-pk/T01-validation-semantics/records-and-early-development/PKCHECK_01B_ACTUAL_BODY_ADMISSION_20260730T015957Z/PKCHECK_01B_TERMINAL_SUMMARY.txt
mlk_kem_check_pk_cleanroom/PKCHECK_01B_ACTUAL_BODY_ADMISSION_20260730T015957Z/PKCHECK_01C_REPAIR_20260730T021509Z/Makefile.before	cf10daa3502270bdc9d43002ec781223d56cb186f6c0118af07a7e88882a3629	1234	experiments/kem-check-pk/T01-validation-semantics/records-and-early-development/PKCHECK_01B_ACTUAL_BODY_ADMISSION_20260730T015957Z/PKCHECK_01C_REPAIR_20260730T021509Z/Makefile.before
mlk_kem_check_pk_cleanroom/PKCHECK_01B_ACTUAL_BODY_ADMISSION_20260730T015957Z/PKCHECK_01C_REPAIR_20260730T021509Z/PKCHECK_01C_MAKE.log	6a6432209f5b4dea7876074569c93bd7df671d16a1138fedf04b0fb08e5b922e	4413	experiments/kem-check-pk/T01-validation-semantics/records-and-early-development/PKCHECK_01B_ACTUAL_BODY_ADMISSION_20260730T015957Z/PKCHECK_01C_REPAIR_20260730T021509Z/PKCHECK_01C_MAKE.log
mlk_kem_check_pk_cleanroom/PKCHECK_01B_ACTUAL_BODY_ADMISSION_20260730T015957Z/PKCHECK_01C_REPAIR_20260730T021509Z/PKCHECK_01C_PATCH_RECORD.txt	fc6db92936ece76f5f062cf9e4ff5de85564746cf59541807d126b785b9d911f	904	experiments/kem-check-pk/T01-validation-semantics/records-and-early-development/PKCHECK_01B_ACTUAL_BODY_ADMISSION_20260730T015957Z/PKCHECK_01C_REPAIR_20260730T021509Z/PKCHECK_01C_PATCH_RECORD.txt
mlk_kem_check_pk_cleanroom/PKCHECK_01B_ACTUAL_BODY_ADMISSION_20260730T015957Z/PKCHECK_01C_REPAIR_20260730T021509Z/PKCHECK_01C_TERMINAL_SUMMARY.txt	5bbf1f970eb14b7f9553eafb9d69f27812d9d2604deb090afa6a6ccac21ca9ba	34227	experiments/kem-check-pk/T01-validation-semantics/records-and-early-development/PKCHECK_01B_ACTUAL_BODY_ADMISSION_20260730T015957Z/PKCHECK_01C_REPAIR_20260730T021509Z/PKCHECK_01C_TERMINAL_SUMMARY.txt
mlk_kem_check_pk_cleanroom/PKCHECK_01B_ACTUAL_BODY_ADMISSION_20260730T015957Z/PKCHECK_01C_REPAIR_20260730T021509Z/goto-functions.stderr.txt	e3b0c44298fc1c149afbf4c8996fb92427ae41e4649b934ca495991b7852b855	0	experiments/kem-check-pk/T01-validation-semantics/records-and-early-development/PKCHECK_01B_ACTUAL_BODY_ADMISSION_20260730T015957Z/PKCHECK_01C_REPAIR_20260730T021509Z/goto-functions.stderr.txt
mlk_kem_check_pk_cleanroom/PKCHECK_01B_ACTUAL_BODY_ADMISSION_20260730T015957Z/PKCHECK_01C_REPAIR_20260730T021509Z/goto-functions.txt	136e49317f4fa840f735b9d2604fb2bdd8ca924485cecc1f821f037a1faf8086	347634	experiments/kem-check-pk/T01-validation-semantics/records-and-early-development/PKCHECK_01B_ACTUAL_BODY_ADMISSION_20260730T015957Z/PKCHECK_01C_REPAIR_20260730T021509Z/goto-functions.txt
mlk_kem_check_pk_cleanroom/PKCHECK_01B_ACTUAL_BODY_ADMISSION_20260730T015957Z/PKCHECK_01C_REPAIR_20260730T021509Z/pkcheck_01b_harness.before.c	680a093dce40bba73f6a85e32c2382cda61709eaab47d5de7afcdb36fc740c3b	3314	experiments/kem-check-pk/T01-validation-semantics/records-and-early-development/PKCHECK_01B_ACTUAL_BODY_ADMISSION_20260730T015957Z/PKCHECK_01C_REPAIR_20260730T021509Z/pkcheck_01b_harness.before.c
mlk_kem_check_pk_cleanroom/PKCHECK_01B_ACTUAL_BODY_ADMISSION_20260730T015957Z/PKCHECK_01C_REPAIR_20260730T021509Z/pkcheck_01c_preflight.goto	9662fd8add11cff0a87e7a3cc37dad2ad06f14efc26f08f0e987e32ac42fea2e	27024	experiments/kem-check-pk/T01-validation-semantics/records-and-early-development/PKCHECK_01B_ACTUAL_BODY_ADMISSION_20260730T015957Z/PKCHECK_01C_REPAIR_20260730T021509Z/pkcheck_01c_preflight.goto
mlk_kem_check_pk_cleanroom/PKCHECK_01B_ACTUAL_BODY_ADMISSION_20260730T015957Z/PKCHECK_01C_REPAIR_20260730T021509Z/preflight.stderr.txt	e3b0c44298fc1c149afbf4c8996fb92427ae41e4649b934ca495991b7852b855	0	experiments/kem-check-pk/T01-validation-semantics/records-and-early-development/PKCHECK_01B_ACTUAL_BODY_ADMISSION_20260730T015957Z/PKCHECK_01C_REPAIR_20260730T021509Z/preflight.stderr.txt
mlk_kem_check_pk_cleanroom/PKCHECK_01B_ACTUAL_BODY_ADMISSION_20260730T015957Z/PKCHECK_01C_REPAIR_20260730T021509Z/preflight.stdout.txt	e3b0c44298fc1c149afbf4c8996fb92427ae41e4649b934ca495991b7852b855	0	experiments/kem-check-pk/T01-validation-semantics/records-and-early-development/PKCHECK_01B_ACTUAL_BODY_ADMISSION_20260730T015957Z/PKCHECK_01C_REPAIR_20260730T021509Z/preflight.stdout.txt
mlk_kem_check_pk_cleanroom/PKCHECK_01B_ACTUAL_BODY_ADMISSION_20260730T015957Z/PKCHECK_01D_UNWIND_CLOSURE_20260730T022208Z/PKCHECK_01D_TERMINAL_SUMMARY.txt	fa81a7aaf5af3ac7ab4e7537d17036d6b746595012c1f3735cee40127f020846	5725	experiments/kem-check-pk/T01-validation-semantics/records-and-early-development/PKCHECK_01B_ACTUAL_BODY_ADMISSION_20260730T015957Z/PKCHECK_01D_UNWIND_CLOSURE_20260730T022208Z/PKCHECK_01D_TERMINAL_SUMMARY.txt
mlk_kem_check_pk_cleanroom/PKCHECK_01B_ACTUAL_BODY_ADMISSION_20260730T015957Z/PKCHECK_01D_UNWIND_CLOSURE_20260730T022208Z/show-loops.stderr.txt	e3b0c44298fc1c149afbf4c8996fb92427ae41e4649b934ca495991b7852b855	0	experiments/kem-check-pk/T01-validation-semantics/records-and-early-development/PKCHECK_01B_ACTUAL_BODY_ADMISSION_20260730T015957Z/PKCHECK_01D_UNWIND_CLOSURE_20260730T022208Z/show-loops.stderr.txt
mlk_kem_check_pk_cleanroom/PKCHECK_01B_ACTUAL_BODY_ADMISSION_20260730T015957Z/PKCHECK_01D_UNWIND_CLOSURE_20260730T022208Z/show-loops.txt	4bc79a53724c8fac214cfb19f7c27e5bb00cacf17ad69cb6cebcbaca23b4e7df	1378	experiments/kem-check-pk/T01-validation-semantics/records-and-early-development/PKCHECK_01B_ACTUAL_BODY_ADMISSION_20260730T015957Z/PKCHECK_01D_UNWIND_CLOSURE_20260730T022208Z/show-loops.txt
mlk_kem_check_pk_cleanroom/PKCHECK_01B_ACTUAL_BODY_ADMISSION_20260730T015957Z/PKCHECK_01D_UNWIND_CLOSURE_20260730T022208Z/target-unwind-result.xml	76dbf6f041fd5a6d36822e2b55f6e6b319a4a0b8d7282d6a27db0a4a620ee85e	77045	experiments/kem-check-pk/T01-validation-semantics/records-and-early-development/PKCHECK_01B_ACTUAL_BODY_ADMISSION_20260730T015957Z/PKCHECK_01D_UNWIND_CLOSURE_20260730T022208Z/target-unwind-result.xml
mlk_kem_check_pk_cleanroom/PKCHECK_01B_ACTUAL_BODY_ADMISSION_20260730T015957Z/PKCHECK_01D_UNWIND_CLOSURE_20260730T022208Z/target-unwind.stderr.txt	e3b0c44298fc1c149afbf4c8996fb92427ae41e4649b934ca495991b7852b855	0	experiments/kem-check-pk/T01-validation-semantics/records-and-early-development/PKCHECK_01B_ACTUAL_BODY_ADMISSION_20260730T015957Z/PKCHECK_01D_UNWIND_CLOSURE_20260730T022208Z/target-unwind.stderr.txt
mlk_kem_check_pk_cleanroom/PKCHECK_01B_ACTUAL_BODY_ADMISSION_20260730T015957Z/PKCHECK_01E_UNWIND_DIAG_20260730T022619Z/PKCHECK_01E_TERMINAL_SUMMARY.txt	ebb6c379e4af024caf7f0f3839f5be7cd38ad59d65aba75bbfaab4e48693bcf8	104961	experiments/kem-check-pk/T01-validation-semantics/records-and-early-development/PKCHECK_01B_ACTUAL_BODY_ADMISSION_20260730T015957Z/PKCHECK_01E_UNWIND_DIAG_20260730T022619Z/PKCHECK_01E_TERMINAL_SUMMARY.txt
mlk_kem_check_pk_cleanroom/PKCHECK_01B_ACTUAL_BODY_ADMISSION_20260730T015957Z/PKCHECK_01E_UNWIND_DIAG_20260730T022619Z/goto-instrument-show-loops.stderr.txt	e3b0c44298fc1c149afbf4c8996fb92427ae41e4649b934ca495991b7852b855	0	experiments/kem-check-pk/T01-validation-semantics/records-and-early-development/PKCHECK_01B_ACTUAL_BODY_ADMISSION_20260730T015957Z/PKCHECK_01E_UNWIND_DIAG_20260730T022619Z/goto-instrument-show-loops.stderr.txt
mlk_kem_check_pk_cleanroom/PKCHECK_01B_ACTUAL_BODY_ADMISSION_20260730T015957Z/PKCHECK_01E_UNWIND_DIAG_20260730T022619Z/goto-instrument-show-loops.txt	0f5d5f063f9e35f78fcbeeaf200e95e5a709c0b873f188230ea54b8cdb52e56d	1183	experiments/kem-check-pk/T01-validation-semantics/records-and-early-development/PKCHECK_01B_ACTUAL_BODY_ADMISSION_20260730T015957Z/PKCHECK_01E_UNWIND_DIAG_20260730T022619Z/goto-instrument-show-loops.txt
mlk_kem_check_pk_cleanroom/PKCHECK_01B_ACTUAL_BODY_ADMISSION_20260730T015957Z/PKCHECK_01E_UNWIND_DIAG_20260730T022619Z/show-functions.stderr.txt	e3b0c44298fc1c149afbf4c8996fb92427ae41e4649b934ca495991b7852b855	0	experiments/kem-check-pk/T01-validation-semantics/records-and-early-development/PKCHECK_01B_ACTUAL_BODY_ADMISSION_20260730T015957Z/PKCHECK_01E_UNWIND_DIAG_20260730T022619Z/show-functions.stderr.txt
mlk_kem_check_pk_cleanroom/PKCHECK_01B_ACTUAL_BODY_ADMISSION_20260730T015957Z/PKCHECK_01E_UNWIND_DIAG_20260730T022619Z/show-functions.txt	136e49317f4fa840f735b9d2604fb2bdd8ca924485cecc1f821f037a1faf8086	347634	experiments/kem-check-pk/T01-validation-semantics/records-and-early-development/PKCHECK_01B_ACTUAL_BODY_ADMISSION_20260730T015957Z/PKCHECK_01E_UNWIND_DIAG_20260730T022619Z/show-functions.txt
mlk_kem_check_pk_cleanroom/PKCHECK_01B_ACTUAL_BODY_ADMISSION_20260730T015957Z/PKCHECK_01E_UNWIND_DIAG_20260730T022619Z/show-loops-new.stderr.txt	e3b0c44298fc1c149afbf4c8996fb92427ae41e4649b934ca495991b7852b855	0	experiments/kem-check-pk/T01-validation-semantics/records-and-early-development/PKCHECK_01B_ACTUAL_BODY_ADMISSION_20260730T015957Z/PKCHECK_01E_UNWIND_DIAG_20260730T022619Z/show-loops-new.stderr.txt
mlk_kem_check_pk_cleanroom/PKCHECK_01B_ACTUAL_BODY_ADMISSION_20260730T015957Z/PKCHECK_01E_UNWIND_DIAG_20260730T022619Z/show-loops-new.txt	4bc79a53724c8fac214cfb19f7c27e5bb00cacf17ad69cb6cebcbaca23b4e7df	1378	experiments/kem-check-pk/T01-validation-semantics/records-and-early-development/PKCHECK_01B_ACTUAL_BODY_ADMISSION_20260730T015957Z/PKCHECK_01E_UNWIND_DIAG_20260730T022619Z/show-loops-new.txt
mlk_kem_check_pk_cleanroom/PKCHECK_01B_ACTUAL_BODY_ADMISSION_20260730T015957Z/PKCHECK_01E_UNWIND_DIAG_20260730T022619Z/show-properties.stderr.txt	e3b0c44298fc1c149afbf4c8996fb92427ae41e4649b934ca495991b7852b855	0	experiments/kem-check-pk/T01-validation-semantics/records-and-early-development/PKCHECK_01B_ACTUAL_BODY_ADMISSION_20260730T015957Z/PKCHECK_01E_UNWIND_DIAG_20260730T022619Z/show-properties.stderr.txt
mlk_kem_check_pk_cleanroom/PKCHECK_01B_ACTUAL_BODY_ADMISSION_20260730T015957Z/PKCHECK_01E_UNWIND_DIAG_20260730T022619Z/show-properties.txt	b1b65892874e5d546dad06476f7ba3b94655f86299853835809f0d2f3407eb64	25306	experiments/kem-check-pk/T01-validation-semantics/records-and-early-development/PKCHECK_01B_ACTUAL_BODY_ADMISSION_20260730T015957Z/PKCHECK_01E_UNWIND_DIAG_20260730T022619Z/show-properties.txt
mlk_kem_check_pk_cleanroom/PKCHECK_01B_ACTUAL_BODY_ADMISSION_20260730T015957Z/PKCHECK_01F_CONTINUE_20260730T023850Z/PKCHECK_01F_CONTINUE_SUMMARY.txt	b4b08f9379e2690b4c68b47d863a0f6286386d10bd62725d46ff9a4f121a5ece	27839	experiments/kem-check-pk/T01-validation-semantics/records-and-early-development/PKCHECK_01B_ACTUAL_BODY_ADMISSION_20260730T015957Z/PKCHECK_01F_CONTINUE_20260730T023850Z/PKCHECK_01F_CONTINUE_SUMMARY.txt
mlk_kem_check_pk_cleanroom/PKCHECK_01B_ACTUAL_BODY_ADMISSION_20260730T015957Z/PKCHECK_01F_CONTINUE_20260730T023850Z/PKCHECK_01F_MAKE.log	46cd3b2c5513ae4c58324ebded442dc9389bd55f452d3504fc56a2637dded37c	6433	experiments/kem-check-pk/T01-validation-semantics/records-and-early-development/PKCHECK_01B_ACTUAL_BODY_ADMISSION_20260730T015957Z/PKCHECK_01F_CONTINUE_20260730T023850Z/PKCHECK_01F_MAKE.log
mlk_kem_check_pk_cleanroom/PKCHECK_01B_ACTUAL_BODY_ADMISSION_20260730T015957Z/PKCHECK_01F_CONTINUE_20260730T023850Z/actual-unwind-lines.txt	8fbde570966bf21c615c8e1a37a105a8d34b78d03896fe2766b060bd89d290cc	227	experiments/kem-check-pk/T01-validation-semantics/records-and-early-development/PKCHECK_01B_ACTUAL_BODY_ADMISSION_20260730T015957Z/PKCHECK_01F_CONTINUE_20260730T023850Z/actual-unwind-lines.txt
mlk_kem_check_pk_cleanroom/PKCHECK_01B_ACTUAL_BODY_ADMISSION_20260730T015957Z/PKCHECK_01F_CONTINUE_20260730T023850Z/expected-unwind-lines.txt	8fbde570966bf21c615c8e1a37a105a8d34b78d03896fe2766b060bd89d290cc	227	experiments/kem-check-pk/T01-validation-semantics/records-and-early-development/PKCHECK_01B_ACTUAL_BODY_ADMISSION_20260730T015957Z/PKCHECK_01F_CONTINUE_20260730T023850Z/expected-unwind-lines.txt
mlk_kem_check_pk_cleanroom/PKCHECK_01B_ACTUAL_BODY_ADMISSION_20260730T015957Z/PKCHECK_01F_CONTINUE_20260730T023850Z/final-functions.stderr.txt	e3b0c44298fc1c149afbf4c8996fb92427ae41e4649b934ca495991b7852b855	0	experiments/kem-check-pk/T01-validation-semantics/records-and-early-development/PKCHECK_01B_ACTUAL_BODY_ADMISSION_20260730T015957Z/PKCHECK_01F_CONTINUE_20260730T023850Z/final-functions.stderr.txt
mlk_kem_check_pk_cleanroom/PKCHECK_01B_ACTUAL_BODY_ADMISSION_20260730T015957Z/PKCHECK_01F_CONTINUE_20260730T023850Z/final-functions.txt	a482f7a3d2f4f5830b8f183fd280c962ea4f72f80d8e5ad4b4d7a181caf39ddc	3899279	experiments/kem-check-pk/T01-validation-semantics/records-and-early-development/PKCHECK_01B_ACTUAL_BODY_ADMISSION_20260730T015957Z/PKCHECK_01F_CONTINUE_20260730T023850Z/final-functions.txt
mlk_kem_check_pk_cleanroom/PKCHECK_01B_ACTUAL_BODY_ADMISSION_20260730T015957Z/PKCHECK_01F_CONTINUE_20260730T023850Z/final-loops.stderr.txt	e3b0c44298fc1c149afbf4c8996fb92427ae41e4649b934ca495991b7852b855	0	experiments/kem-check-pk/T01-validation-semantics/records-and-early-development/PKCHECK_01B_ACTUAL_BODY_ADMISSION_20260730T015957Z/PKCHECK_01F_CONTINUE_20260730T023850Z/final-loops.stderr.txt
mlk_kem_check_pk_cleanroom/PKCHECK_01B_ACTUAL_BODY_ADMISSION_20260730T015957Z/PKCHECK_01F_CONTINUE_20260730T023850Z/final-loops.txt	dac552fce30cca8201b8cc5a6936cf42df01b14b5456b4fa61335869140b0b36	1183	experiments/kem-check-pk/T01-validation-semantics/records-and-early-development/PKCHECK_01B_ACTUAL_BODY_ADMISSION_20260730T015957Z/PKCHECK_01F_CONTINUE_20260730T023850Z/final-loops.txt
mlk_kem_check_pk_cleanroom/PKCHECK_01B_ACTUAL_BODY_ADMISSION_20260730T015957Z/PKCHECK_01F_CONTINUE_20260730T023850Z/final-properties.stderr.txt	e3b0c44298fc1c149afbf4c8996fb92427ae41e4649b934ca495991b7852b855	0	experiments/kem-check-pk/T01-validation-semantics/records-and-early-development/PKCHECK_01B_ACTUAL_BODY_ADMISSION_20260730T015957Z/PKCHECK_01F_CONTINUE_20260730T023850Z/final-properties.stderr.txt
mlk_kem_check_pk_cleanroom/PKCHECK_01B_ACTUAL_BODY_ADMISSION_20260730T015957Z/PKCHECK_01F_CONTINUE_20260730T023850Z/final-properties.txt	df2acc73837a15cdf61cc2f0dad807700c652310f773cf23681db0077a06c879	338048	experiments/kem-check-pk/T01-validation-semantics/records-and-early-development/PKCHECK_01B_ACTUAL_BODY_ADMISSION_20260730T015957Z/PKCHECK_01F_CONTINUE_20260730T023850Z/final-properties.txt
mlk_kem_check_pk_cleanroom/PKCHECK_01B_ACTUAL_BODY_ADMISSION_20260730T015957Z/PKCHECK_01F_CONTINUE_20260730T023850Z/make-dry-run.txt	37e8a4b0315efccc46d6a4bf6629e0584e95b41bf501a993f257768595e3d378	27251	experiments/kem-check-pk/T01-validation-semantics/records-and-early-development/PKCHECK_01B_ACTUAL_BODY_ADMISSION_20260730T015957Z/PKCHECK_01F_CONTINUE_20260730T023850Z/make-dry-run.txt
mlk_kem_check_pk_cleanroom/PKCHECK_01B_ACTUAL_BODY_ADMISSION_20260730T015957Z/PKCHECK_01F_EXACT_UNWIND_REBUILD_20260730T023454Z/Makefile.before	9458d2764a2be68f0db359a94f94a652d5ebcc18a92d3286b5dc96dab08e75e1	1284	experiments/kem-check-pk/T01-validation-semantics/records-and-early-development/PKCHECK_01B_ACTUAL_BODY_ADMISSION_20260730T015957Z/PKCHECK_01F_EXACT_UNWIND_REBUILD_20260730T023454Z/Makefile.before
mlk_kem_check_pk_cleanroom/PKCHECK_01B_ACTUAL_BODY_ADMISSION_20260730T015957Z/PKCHECK_01F_EXACT_UNWIND_REBUILD_20260730T023454Z/PKCHECK_01F_PATCH_RECORD.txt	083371be1a1fb033664885ea5323a362fe5e394f2a2d13b7a83013a1345060c9	812	experiments/kem-check-pk/T01-validation-semantics/records-and-early-development/PKCHECK_01B_ACTUAL_BODY_ADMISSION_20260730T015957Z/PKCHECK_01F_EXACT_UNWIND_REBUILD_20260730T023454Z/PKCHECK_01F_PATCH_RECORD.txt
mlk_kem_check_pk_cleanroom/PKCHECK_01B_ACTUAL_BODY_ADMISSION_20260730T015957Z/PKCHECK_01F_EXACT_UNWIND_REBUILD_20260730T023454Z/PKCHECK_01F_TERMINAL_SUMMARY.txt	999ec08e9c505d802bdc3fbe2c8615e266adb719403dd9d50529e3de5daab7f2	24023	experiments/kem-check-pk/T01-validation-semantics/records-and-early-development/PKCHECK_01B_ACTUAL_BODY_ADMISSION_20260730T015957Z/PKCHECK_01F_EXACT_UNWIND_REBUILD_20260730T023454Z/PKCHECK_01F_TERMINAL_SUMMARY.txt
mlk_kem_check_pk_cleanroom/PKCHECK_01B_ACTUAL_BODY_ADMISSION_20260730T015957Z/PKCHECK_01F_EXACT_UNWIND_REBUILD_20260730T023454Z/make-dry-run.txt	37e8a4b0315efccc46d6a4bf6629e0584e95b41bf501a993f257768595e3d378	27251	experiments/kem-check-pk/T01-validation-semantics/records-and-early-development/PKCHECK_01B_ACTUAL_BODY_ADMISSION_20260730T015957Z/PKCHECK_01F_EXACT_UNWIND_REBUILD_20260730T023454Z/make-dry-run.txt
mlk_kem_check_pk_cleanroom/PKCHECK_01B_ACTUAL_BODY_ADMISSION_20260730T015957Z/PKCHECK_01F_EXACT_UNWIND_REBUILD_20260730T023454Z/pkcheck_01c_final.before.goto	9b7d42de1de5ad8753bbfee5303e9f6411ff04ea106fb8a5cd7156edeac8913d	370680	experiments/kem-check-pk/T01-validation-semantics/records-and-early-development/PKCHECK_01B_ACTUAL_BODY_ADMISSION_20260730T015957Z/PKCHECK_01F_EXACT_UNWIND_REBUILD_20260730T023454Z/pkcheck_01c_final.before.goto
mlk_kem_check_pk_cleanroom/PKCHECK_01B_ACTUAL_BODY_ADMISSION_20260730T015957Z/PKCHECK_01F_EXACT_UNWIND_REBUILD_20260730T023454Z/pkcheck_01c_pre_unwind.before.goto	9c8e24a84469c35e38bf0e1fa7f5828469cefa539d153f99130c8a9e63fb04f7	339327	experiments/kem-check-pk/T01-validation-semantics/records-and-early-development/PKCHECK_01B_ACTUAL_BODY_ADMISSION_20260730T015957Z/PKCHECK_01F_EXACT_UNWIND_REBUILD_20260730T023454Z/pkcheck_01c_pre_unwind.before.goto
mlk_kem_check_pk_cleanroom/PKCHECK_01B_ACTUAL_BODY_ADMISSION_20260730T015957Z/PKCHECK_01F_EXACT_UNWIND_REBUILD_20260730T023454Z/pre-unwind-loops.stderr.txt	e3b0c44298fc1c149afbf4c8996fb92427ae41e4649b934ca495991b7852b855	0	experiments/kem-check-pk/T01-validation-semantics/records-and-early-development/PKCHECK_01B_ACTUAL_BODY_ADMISSION_20260730T015957Z/PKCHECK_01F_EXACT_UNWIND_REBUILD_20260730T023454Z/pre-unwind-loops.stderr.txt
mlk_kem_check_pk_cleanroom/PKCHECK_01B_ACTUAL_BODY_ADMISSION_20260730T015957Z/PKCHECK_01F_EXACT_UNWIND_REBUILD_20260730T023454Z/pre-unwind-loops.txt	6ab5df86ffa1ba7adb842fed1bec400d69409167d37d853991a7762238ff8051	13289	experiments/kem-check-pk/T01-validation-semantics/records-and-early-development/PKCHECK_01B_ACTUAL_BODY_ADMISSION_20260730T015957Z/PKCHECK_01F_EXACT_UNWIND_REBUILD_20260730T023454Z/pre-unwind-loops.txt
mlk_kem_check_pk_cleanroom/PKCHECK_01B_ACTUAL_BODY_ADMISSION_20260730T015957Z/PKCHECK_01G_CRITICAL_SHARDS_20260730T024606Z/PKCHECK_01G_TERMINAL_SUMMARY.txt	557bc6159f9c4785a75d881735c9d842d85c1adc998902016d53a87bee438f5f	43331	experiments/kem-check-pk/T01-validation-semantics/records-and-early-development/PKCHECK_01B_ACTUAL_BODY_ADMISSION_20260730T015957Z/PKCHECK_01G_CRITICAL_SHARDS_20260730T024606Z/PKCHECK_01G_TERMINAL_SUMMARY.txt
mlk_kem_check_pk_cleanroom/PKCHECK_01B_ACTUAL_BODY_ADMISSION_20260730T015957Z/PKCHECK_01G_CRITICAL_SHARDS_20260730T024606Z/critical-properties.tsv	bf71e335746ce5a57fd98f959d7910ad1bbfa956e29a9df417dd5dc6c2478f16	746	experiments/kem-check-pk/T01-validation-semantics/records-and-early-development/PKCHECK_01B_ACTUAL_BODY_ADMISSION_20260730T015957Z/PKCHECK_01G_CRITICAL_SHARDS_20260730T024606Z/critical-properties.tsv
mlk_kem_check_pk_cleanroom/PKCHECK_01B_ACTUAL_BODY_ADMISSION_20260730T015957Z/PKCHECK_01G_CRITICAL_SHARDS_20260730T024606Z/kernel-kill-evidence.txt	c0c0dc3af1268143480dac88619cd4b17c291ed98fc79abc7b8cc0216919bc6a	2460	experiments/kem-check-pk/T01-validation-semantics/records-and-early-development/PKCHECK_01B_ACTUAL_BODY_ADMISSION_20260730T015957Z/PKCHECK_01G_CRITICAL_SHARDS_20260730T024606Z/kernel-kill-evidence.txt
mlk_kem_check_pk_cleanroom/PKCHECK_01B_ACTUAL_BODY_ADMISSION_20260730T015957Z/PKCHECK_01G_CRITICAL_SHARDS_20260730T024606Z/shard-summary.tsv	33e920cdf7b5adc0710ab7527d8c1923426ddd9b0c0e72970182987590b6f9fe	757	experiments/kem-check-pk/T01-validation-semantics/records-and-early-development/PKCHECK_01B_ACTUAL_BODY_ADMISSION_20260730T015957Z/PKCHECK_01G_CRITICAL_SHARDS_20260730T024606Z/shard-summary.tsv
mlk_kem_check_pk_cleanroom/PKCHECK_01B_ACTUAL_BODY_ADMISSION_20260730T015957Z/PKCHECK_01G_CRITICAL_SHARDS_20260730T024606Z/shards/01_mlk_poly_frombytes_c.unwind.1/meta.txt	10af1a68bc7bf93d7ded5de5eff95ac4dbb882554773767b51d39ce4183053bf	171	experiments/kem-check-pk/T01-validation-semantics/records-and-early-development/PKCHECK_01B_ACTUAL_BODY_ADMISSION_20260730T015957Z/PKCHECK_01G_CRITICAL_SHARDS_20260730T024606Z/shards/01_mlk_poly_frombytes_c.unwind.1/meta.txt
mlk_kem_check_pk_cleanroom/PKCHECK_01B_ACTUAL_BODY_ADMISSION_20260730T015957Z/PKCHECK_01G_CRITICAL_SHARDS_20260730T024606Z/shards/01_mlk_poly_frombytes_c.unwind.1/result.xml	9ed6303264e48847ce499942b1caa5f39d804fcae3ae41b557bc8f5f70ace3f3	1602	experiments/kem-check-pk/T01-validation-semantics/records-and-early-development/PKCHECK_01B_ACTUAL_BODY_ADMISSION_20260730T015957Z/PKCHECK_01G_CRITICAL_SHARDS_20260730T024606Z/shards/01_mlk_poly_frombytes_c.unwind.1/result.xml
mlk_kem_check_pk_cleanroom/PKCHECK_01B_ACTUAL_BODY_ADMISSION_20260730T015957Z/PKCHECK_01G_CRITICAL_SHARDS_20260730T024606Z/shards/01_mlk_poly_frombytes_c.unwind.1/stderr.txt	e3b0c44298fc1c149afbf4c8996fb92427ae41e4649b934ca495991b7852b855	0	experiments/kem-check-pk/T01-validation-semantics/records-and-early-development/PKCHECK_01B_ACTUAL_BODY_ADMISSION_20260730T015957Z/PKCHECK_01G_CRITICAL_SHARDS_20260730T024606Z/shards/01_mlk_poly_frombytes_c.unwind.1/stderr.txt
mlk_kem_check_pk_cleanroom/PKCHECK_01B_ACTUAL_BODY_ADMISSION_20260730T015957Z/PKCHECK_01G_CRITICAL_SHARDS_20260730T024606Z/shards/01_mlk_poly_frombytes_c.unwind.1/time.txt	c7c70b081ab326cd1ee64b8f683000408b7e88b20d400674df4f6849c4a4dea9	1175	experiments/kem-check-pk/T01-validation-semantics/records-and-early-development/PKCHECK_01B_ACTUAL_BODY_ADMISSION_20260730T015957Z/PKCHECK_01G_CRITICAL_SHARDS_20260730T024606Z/shards/01_mlk_poly_frombytes_c.unwind.1/time.txt
mlk_kem_check_pk_cleanroom/PKCHECK_01B_ACTUAL_BODY_ADMISSION_20260730T015957Z/PKCHECK_01G_CRITICAL_SHARDS_20260730T024606Z/shards/02_mlk_poly_reduce_c.unwind.1/meta.txt	e673841794dd8d11df49b55be823cf51d68ec43f104258fb6dbb7b91eaa7700b	168	experiments/kem-check-pk/T01-validation-semantics/records-and-early-development/PKCHECK_01B_ACTUAL_BODY_ADMISSION_20260730T015957Z/PKCHECK_01G_CRITICAL_SHARDS_20260730T024606Z/shards/02_mlk_poly_reduce_c.unwind.1/meta.txt
mlk_kem_check_pk_cleanroom/PKCHECK_01B_ACTUAL_BODY_ADMISSION_20260730T015957Z/PKCHECK_01G_CRITICAL_SHARDS_20260730T024606Z/shards/02_mlk_poly_reduce_c.unwind.1/result.xml	5f9e337787181031ac3e23012ad071f8da2e3634251ff1e8d92bdd47c46c1789	1592	experiments/kem-check-pk/T01-validation-semantics/records-and-early-development/PKCHECK_01B_ACTUAL_BODY_ADMISSION_20260730T015957Z/PKCHECK_01G_CRITICAL_SHARDS_20260730T024606Z/shards/02_mlk_poly_reduce_c.unwind.1/result.xml
mlk_kem_check_pk_cleanroom/PKCHECK_01B_ACTUAL_BODY_ADMISSION_20260730T015957Z/PKCHECK_01G_CRITICAL_SHARDS_20260730T024606Z/shards/02_mlk_poly_reduce_c.unwind.1/stderr.txt	e3b0c44298fc1c149afbf4c8996fb92427ae41e4649b934ca495991b7852b855	0	experiments/kem-check-pk/T01-validation-semantics/records-and-early-development/PKCHECK_01B_ACTUAL_BODY_ADMISSION_20260730T015957Z/PKCHECK_01G_CRITICAL_SHARDS_20260730T024606Z/shards/02_mlk_poly_reduce_c.unwind.1/stderr.txt
mlk_kem_check_pk_cleanroom/PKCHECK_01B_ACTUAL_BODY_ADMISSION_20260730T015957Z/PKCHECK_01G_CRITICAL_SHARDS_20260730T024606Z/shards/02_mlk_poly_reduce_c.unwind.1/time.txt	ba46601bafa25dece431c6f82e3af4a10bbf6e36a29f28300ecd4d28193b4ebd	1168	experiments/kem-check-pk/T01-validation-semantics/records-and-early-development/PKCHECK_01B_ACTUAL_BODY_ADMISSION_20260730T015957Z/PKCHECK_01G_CRITICAL_SHARDS_20260730T024606Z/shards/02_mlk_poly_reduce_c.unwind.1/time.txt
mlk_kem_check_pk_cleanroom/PKCHECK_01B_ACTUAL_BODY_ADMISSION_20260730T015957Z/PKCHECK_01G_CRITICAL_SHARDS_20260730T024606Z/shards/03_mlk_poly_tobytes_c.unwind.1/meta.txt	452662c289763cf782572b60028c6e917a9bd2069dae56814e4a626baada1eea	169	experiments/kem-check-pk/T01-validation-semantics/records-and-early-development/PKCHECK_01B_ACTUAL_BODY_ADMISSION_20260730T015957Z/PKCHECK_01G_CRITICAL_SHARDS_20260730T024606Z/shards/03_mlk_poly_tobytes_c.unwind.1/meta.txt
mlk_kem_check_pk_cleanroom/PKCHECK_01B_ACTUAL_BODY_ADMISSION_20260730T015957Z/PKCHECK_01G_CRITICAL_SHARDS_20260730T024606Z/shards/03_mlk_poly_tobytes_c.unwind.1/result.xml	ee5cb26fe2df5e669aca34c087a11c75ca067961bb3c2b0920471f52b4fb00e3	1598	experiments/kem-check-pk/T01-validation-semantics/records-and-early-development/PKCHECK_01B_ACTUAL_BODY_ADMISSION_20260730T015957Z/PKCHECK_01G_CRITICAL_SHARDS_20260730T024606Z/shards/03_mlk_poly_tobytes_c.unwind.1/result.xml
mlk_kem_check_pk_cleanroom/PKCHECK_01B_ACTUAL_BODY_ADMISSION_20260730T015957Z/PKCHECK_01G_CRITICAL_SHARDS_20260730T024606Z/shards/03_mlk_poly_tobytes_c.unwind.1/stderr.txt	e3b0c44298fc1c149afbf4c8996fb92427ae41e4649b934ca495991b7852b855	0	experiments/kem-check-pk/T01-validation-semantics/records-and-early-development/PKCHECK_01B_ACTUAL_BODY_ADMISSION_20260730T015957Z/PKCHECK_01G_CRITICAL_SHARDS_20260730T024606Z/shards/03_mlk_poly_tobytes_c.unwind.1/stderr.txt
mlk_kem_check_pk_cleanroom/PKCHECK_01B_ACTUAL_BODY_ADMISSION_20260730T015957Z/PKCHECK_01G_CRITICAL_SHARDS_20260730T024606Z/shards/03_mlk_poly_tobytes_c.unwind.1/time.txt	2d35eaad54c1a480ebcb4390e017f46a369ae6b7a3f08689dacaf215e80b6a99	1170	experiments/kem-check-pk/T01-validation-semantics/records-and-early-development/PKCHECK_01B_ACTUAL_BODY_ADMISSION_20260730T015957Z/PKCHECK_01G_CRITICAL_SHARDS_20260730T024606Z/shards/03_mlk_poly_tobytes_c.unwind.1/time.txt
mlk_kem_check_pk_cleanroom/PKCHECK_01B_ACTUAL_BODY_ADMISSION_20260730T015957Z/PKCHECK_01G_CRITICAL_SHARDS_20260730T024606Z/shards/04_mlk_polyvec_frombytes.unwind.1/meta.txt	e1ba8a7761d04971495eba77250aa1847522ae79cd85f4a9002220fc3c27c91b	172	experiments/kem-check-pk/T01-validation-semantics/records-and-early-development/PKCHECK_01B_ACTUAL_BODY_ADMISSION_20260730T015957Z/PKCHECK_01G_CRITICAL_SHARDS_20260730T024606Z/shards/04_mlk_polyvec_frombytes.unwind.1/meta.txt
mlk_kem_check_pk_cleanroom/PKCHECK_01B_ACTUAL_BODY_ADMISSION_20260730T015957Z/PKCHECK_01G_CRITICAL_SHARDS_20260730T024606Z/shards/04_mlk_polyvec_frombytes.unwind.1/result.xml	32df5a83d5db06e7df5b604d5a936ef1585b6b070156444b8f6759cbc821023a	1602	experiments/kem-check-pk/T01-validation-semantics/records-and-early-development/PKCHECK_01B_ACTUAL_BODY_ADMISSION_20260730T015957Z/PKCHECK_01G_CRITICAL_SHARDS_20260730T024606Z/shards/04_mlk_polyvec_frombytes.unwind.1/result.xml
mlk_kem_check_pk_cleanroom/PKCHECK_01B_ACTUAL_BODY_ADMISSION_20260730T015957Z/PKCHECK_01G_CRITICAL_SHARDS_20260730T024606Z/shards/04_mlk_polyvec_frombytes.unwind.1/stderr.txt	e3b0c44298fc1c149afbf4c8996fb92427ae41e4649b934ca495991b7852b855	0	experiments/kem-check-pk/T01-validation-semantics/records-and-early-development/PKCHECK_01B_ACTUAL_BODY_ADMISSION_20260730T015957Z/PKCHECK_01G_CRITICAL_SHARDS_20260730T024606Z/shards/04_mlk_polyvec_frombytes.unwind.1/stderr.txt
mlk_kem_check_pk_cleanroom/PKCHECK_01B_ACTUAL_BODY_ADMISSION_20260730T015957Z/PKCHECK_01G_CRITICAL_SHARDS_20260730T024606Z/shards/04_mlk_polyvec_frombytes.unwind.1/time.txt	ee622f2f0c1ee4f1897424e817bc121d99882d1737f7b6759b906db3ec944deb	1173	experiments/kem-check-pk/T01-validation-semantics/records-and-early-development/PKCHECK_01B_ACTUAL_BODY_ADMISSION_20260730T015957Z/PKCHECK_01G_CRITICAL_SHARDS_20260730T024606Z/shards/04_mlk_polyvec_frombytes.unwind.1/time.txt
mlk_kem_check_pk_cleanroom/PKCHECK_01B_ACTUAL_BODY_ADMISSION_20260730T015957Z/PKCHECK_01G_CRITICAL_SHARDS_20260730T024606Z/shards/05_mlk_polyvec_reduce.unwind.1/meta.txt	ee74414f11bb3a87002f4ae04b46189f85a9bd52c902289e18652e975023ecbf	169	experiments/kem-check-pk/T01-validation-semantics/records-and-early-development/PKCHECK_01B_ACTUAL_BODY_ADMISSION_20260730T015957Z/PKCHECK_01G_CRITICAL_SHARDS_20260730T024606Z/shards/05_mlk_polyvec_reduce.unwind.1/meta.txt
mlk_kem_check_pk_cleanroom/PKCHECK_01B_ACTUAL_BODY_ADMISSION_20260730T015957Z/PKCHECK_01G_CRITICAL_SHARDS_20260730T024606Z/shards/05_mlk_polyvec_reduce.unwind.1/result.xml	d1dfa8b52b2b128168f2b9d851ddb2227825ff007b02f86f9ddf4a6e2097ec4f	1596	experiments/kem-check-pk/T01-validation-semantics/records-and-early-development/PKCHECK_01B_ACTUAL_BODY_ADMISSION_20260730T015957Z/PKCHECK_01G_CRITICAL_SHARDS_20260730T024606Z/shards/05_mlk_polyvec_reduce.unwind.1/result.xml
mlk_kem_check_pk_cleanroom/PKCHECK_01B_ACTUAL_BODY_ADMISSION_20260730T015957Z/PKCHECK_01G_CRITICAL_SHARDS_20260730T024606Z/shards/05_mlk_polyvec_reduce.unwind.1/stderr.txt	e3b0c44298fc1c149afbf4c8996fb92427ae41e4649b934ca495991b7852b855	0	experiments/kem-check-pk/T01-validation-semantics/records-and-early-development/PKCHECK_01B_ACTUAL_BODY_ADMISSION_20260730T015957Z/PKCHECK_01G_CRITICAL_SHARDS_20260730T024606Z/shards/05_mlk_polyvec_reduce.unwind.1/stderr.txt
mlk_kem_check_pk_cleanroom/PKCHECK_01B_ACTUAL_BODY_ADMISSION_20260730T015957Z/PKCHECK_01G_CRITICAL_SHARDS_20260730T024606Z/shards/05_mlk_polyvec_reduce.unwind.1/time.txt	9ed70ebbd70d29c664b4cc69a877d031990ff488c8b8a3d1c34564384ab9d4c2	1169	experiments/kem-check-pk/T01-validation-semantics/records-and-early-development/PKCHECK_01B_ACTUAL_BODY_ADMISSION_20260730T015957Z/PKCHECK_01G_CRITICAL_SHARDS_20260730T024606Z/shards/05_mlk_polyvec_reduce.unwind.1/time.txt
mlk_kem_check_pk_cleanroom/PKCHECK_01B_ACTUAL_BODY_ADMISSION_20260730T015957Z/PKCHECK_01G_CRITICAL_SHARDS_20260730T024606Z/shards/06_mlk_polyvec_tobytes.unwind.1/meta.txt	485085f9cd6b4544e3aff95e7ecbdf6a1b6c506342342ce17317e3e68a74a002	170	experiments/kem-check-pk/T01-validation-semantics/records-and-early-development/PKCHECK_01B_ACTUAL_BODY_ADMISSION_20260730T015957Z/PKCHECK_01G_CRITICAL_SHARDS_20260730T024606Z/shards/06_mlk_polyvec_tobytes.unwind.1/meta.txt
mlk_kem_check_pk_cleanroom/PKCHECK_01B_ACTUAL_BODY_ADMISSION_20260730T015957Z/PKCHECK_01G_CRITICAL_SHARDS_20260730T024606Z/shards/06_mlk_polyvec_tobytes.unwind.1/result.xml	e56716f00e270bcbf5399cc87a65829824f32abcf7f146bdcb8e2a4c8b263b0a	1597	experiments/kem-check-pk/T01-validation-semantics/records-and-early-development/PKCHECK_01B_ACTUAL_BODY_ADMISSION_20260730T015957Z/PKCHECK_01G_CRITICAL_SHARDS_20260730T024606Z/shards/06_mlk_polyvec_tobytes.unwind.1/result.xml
mlk_kem_check_pk_cleanroom/PKCHECK_01B_ACTUAL_BODY_ADMISSION_20260730T015957Z/PKCHECK_01G_CRITICAL_SHARDS_20260730T024606Z/shards/06_mlk_polyvec_tobytes.unwind.1/stderr.txt	e3b0c44298fc1c149afbf4c8996fb92427ae41e4649b934ca495991b7852b855	0	experiments/kem-check-pk/T01-validation-semantics/records-and-early-development/PKCHECK_01B_ACTUAL_BODY_ADMISSION_20260730T015957Z/PKCHECK_01G_CRITICAL_SHARDS_20260730T024606Z/shards/06_mlk_polyvec_tobytes.unwind.1/stderr.txt
mlk_kem_check_pk_cleanroom/PKCHECK_01B_ACTUAL_BODY_ADMISSION_20260730T015957Z/PKCHECK_01G_CRITICAL_SHARDS_20260730T024606Z/shards/06_mlk_polyvec_tobytes.unwind.1/time.txt	ae23cfe0d132187e0fb3584ee4add741825d7404f2f710e1f4c53b35d7d0fdfd	1171	experiments/kem-check-pk/T01-validation-semantics/records-and-early-development/PKCHECK_01B_ACTUAL_BODY_ADMISSION_20260730T015957Z/PKCHECK_01G_CRITICAL_SHARDS_20260730T024606Z/shards/06_mlk_polyvec_tobytes.unwind.1/time.txt
mlk_kem_check_pk_cleanroom/PKCHECK_01B_ACTUAL_BODY_ADMISSION_20260730T015957Z/PKCHECK_01G_CRITICAL_SHARDS_20260730T024606Z/shards/07_harness.assertion.1/meta.txt	d14cded2991218aa363ad5aec81d5bc210216066383925cb5e2f0dcd18087368	187	experiments/kem-check-pk/T01-validation-semantics/records-and-early-development/PKCHECK_01B_ACTUAL_BODY_ADMISSION_20260730T015957Z/PKCHECK_01G_CRITICAL_SHARDS_20260730T024606Z/shards/07_harness.assertion.1/meta.txt
mlk_kem_check_pk_cleanroom/PKCHECK_01B_ACTUAL_BODY_ADMISSION_20260730T015957Z/PKCHECK_01G_CRITICAL_SHARDS_20260730T024606Z/shards/07_harness.assertion.1/result.xml	cff009b1add957a2d22962c2a39cc5a316691a2e65f36992638d1030a4ee7d42	2005	experiments/kem-check-pk/T01-validation-semantics/records-and-early-development/PKCHECK_01B_ACTUAL_BODY_ADMISSION_20260730T015957Z/PKCHECK_01G_CRITICAL_SHARDS_20260730T024606Z/shards/07_harness.assertion.1/result.xml
mlk_kem_check_pk_cleanroom/PKCHECK_01B_ACTUAL_BODY_ADMISSION_20260730T015957Z/PKCHECK_01G_CRITICAL_SHARDS_20260730T024606Z/shards/07_harness.assertion.1/stderr.txt	e3b0c44298fc1c149afbf4c8996fb92427ae41e4649b934ca495991b7852b855	0	experiments/kem-check-pk/T01-validation-semantics/records-and-early-development/PKCHECK_01B_ACTUAL_BODY_ADMISSION_20260730T015957Z/PKCHECK_01G_CRITICAL_SHARDS_20260730T024606Z/shards/07_harness.assertion.1/stderr.txt
mlk_kem_check_pk_cleanroom/PKCHECK_01B_ACTUAL_BODY_ADMISSION_20260730T015957Z/PKCHECK_01G_CRITICAL_SHARDS_20260730T024606Z/shards/07_harness.assertion.1/time.txt	dc40d81431d56e03e79d71d0876d3dd2d002761150aa1a39816d18a96734613f	1162	experiments/kem-check-pk/T01-validation-semantics/records-and-early-development/PKCHECK_01B_ACTUAL_BODY_ADMISSION_20260730T015957Z/PKCHECK_01G_CRITICAL_SHARDS_20260730T024606Z/shards/07_harness.assertion.1/time.txt
mlk_kem_check_pk_cleanroom/PKCHECK_01B_ACTUAL_BODY_ADMISSION_20260730T015957Z/PKCHECK_01G_CRITICAL_SHARDS_20260730T024606Z/shards/08_harness.assertion.2/meta.txt	6b2d49709cfad3ea8b2f8e671a7ffde425eca44e781e1c7ec0871a6632991c94	193	experiments/kem-check-pk/T01-validation-semantics/records-and-early-development/PKCHECK_01B_ACTUAL_BODY_ADMISSION_20260730T015957Z/PKCHECK_01G_CRITICAL_SHARDS_20260730T024606Z/shards/08_harness.assertion.2/meta.txt
mlk_kem_check_pk_cleanroom/PKCHECK_01B_ACTUAL_BODY_ADMISSION_20260730T015957Z/PKCHECK_01G_CRITICAL_SHARDS_20260730T024606Z/shards/08_harness.assertion.2/result.xml	01913a37e30eed9df966ece398db6f7d6bf1b8f5b945c037a7a7cb7ae291d079	1992	experiments/kem-check-pk/T01-validation-semantics/records-and-early-development/PKCHECK_01B_ACTUAL_BODY_ADMISSION_20260730T015957Z/PKCHECK_01G_CRITICAL_SHARDS_20260730T024606Z/shards/08_harness.assertion.2/result.xml
mlk_kem_check_pk_cleanroom/PKCHECK_01B_ACTUAL_BODY_ADMISSION_20260730T015957Z/PKCHECK_01G_CRITICAL_SHARDS_20260730T024606Z/shards/08_harness.assertion.2/stderr.txt	e3b0c44298fc1c149afbf4c8996fb92427ae41e4649b934ca495991b7852b855	0	experiments/kem-check-pk/T01-validation-semantics/records-and-early-development/PKCHECK_01B_ACTUAL_BODY_ADMISSION_20260730T015957Z/PKCHECK_01G_CRITICAL_SHARDS_20260730T024606Z/shards/08_harness.assertion.2/stderr.txt
mlk_kem_check_pk_cleanroom/PKCHECK_01B_ACTUAL_BODY_ADMISSION_20260730T015957Z/PKCHECK_01G_CRITICAL_SHARDS_20260730T024606Z/shards/08_harness.assertion.2/time.txt	b100e2e94c716231f3f3e5463d6bb786f3ede53aa2cc4addf5377652b51c49f1	1162	experiments/kem-check-pk/T01-validation-semantics/records-and-early-development/PKCHECK_01B_ACTUAL_BODY_ADMISSION_20260730T015957Z/PKCHECK_01G_CRITICAL_SHARDS_20260730T024606Z/shards/08_harness.assertion.2/time.txt
mlk_kem_check_pk_cleanroom/PKCHECK_01B_ACTUAL_BODY_ADMISSION_20260730T015957Z/PKCHECK_01G_CRITICAL_SHARDS_20260730T024606Z/shards/09_harness.assertion.3/meta.txt	2b8709c124357e4c5663aeead54ceb2785242382933a45b9bc0de2be09d1eaf9	211	experiments/kem-check-pk/T01-validation-semantics/records-and-early-development/PKCHECK_01B_ACTUAL_BODY_ADMISSION_20260730T015957Z/PKCHECK_01G_CRITICAL_SHARDS_20260730T024606Z/shards/09_harness.assertion.3/meta.txt
mlk_kem_check_pk_cleanroom/PKCHECK_01B_ACTUAL_BODY_ADMISSION_20260730T015957Z/PKCHECK_01G_CRITICAL_SHARDS_20260730T024606Z/shards/09_harness.assertion.3/result.xml	e4d678ad06b466feb5e3005a55a4dafa020744b0c8aee3a3f76cabb2f3d5d7ed	1993	experiments/kem-check-pk/T01-validation-semantics/records-and-early-development/PKCHECK_01B_ACTUAL_BODY_ADMISSION_20260730T015957Z/PKCHECK_01G_CRITICAL_SHARDS_20260730T024606Z/shards/09_harness.assertion.3/result.xml
mlk_kem_check_pk_cleanroom/PKCHECK_01B_ACTUAL_BODY_ADMISSION_20260730T015957Z/PKCHECK_01G_CRITICAL_SHARDS_20260730T024606Z/shards/09_harness.assertion.3/stderr.txt	e3b0c44298fc1c149afbf4c8996fb92427ae41e4649b934ca495991b7852b855	0	experiments/kem-check-pk/T01-validation-semantics/records-and-early-development/PKCHECK_01B_ACTUAL_BODY_ADMISSION_20260730T015957Z/PKCHECK_01G_CRITICAL_SHARDS_20260730T024606Z/shards/09_harness.assertion.3/stderr.txt
mlk_kem_check_pk_cleanroom/PKCHECK_01B_ACTUAL_BODY_ADMISSION_20260730T015957Z/PKCHECK_01G_CRITICAL_SHARDS_20260730T024606Z/shards/09_harness.assertion.3/time.txt	a9ac5324f6b56b5c1cf9698e0e921ae56dd0c6c8bee826b704555e9c895678ee	1163	experiments/kem-check-pk/T01-validation-semantics/records-and-early-development/PKCHECK_01B_ACTUAL_BODY_ADMISSION_20260730T015957Z/PKCHECK_01G_CRITICAL_SHARDS_20260730T024606Z/shards/09_harness.assertion.3/time.txt
mlk_kem_check_pk_cleanroom/PKCHECK_01B_ACTUAL_BODY_ADMISSION_20260730T015957Z/PKCHECK_01G_CRITICAL_SHARDS_20260730T024606Z/shards/10_harness.assertion.4/meta.txt	2dd3671453f4962659d68a14556bdfb8b99c5ddf3925640c4b7959561893b90d	206	experiments/kem-check-pk/T01-validation-semantics/records-and-early-development/PKCHECK_01B_ACTUAL_BODY_ADMISSION_20260730T015957Z/PKCHECK_01G_CRITICAL_SHARDS_20260730T024606Z/shards/10_harness.assertion.4/meta.txt
mlk_kem_check_pk_cleanroom/PKCHECK_01B_ACTUAL_BODY_ADMISSION_20260730T015957Z/PKCHECK_01G_CRITICAL_SHARDS_20260730T024606Z/shards/10_harness.assertion.4/result.xml	1156bcdff75d2547b0de9d5beae6c6c415fa2bbb4d786713dff1ee46968486b6	1242	experiments/kem-check-pk/T01-validation-semantics/records-and-early-development/PKCHECK_01B_ACTUAL_BODY_ADMISSION_20260730T015957Z/PKCHECK_01G_CRITICAL_SHARDS_20260730T024606Z/shards/10_harness.assertion.4/result.xml
mlk_kem_check_pk_cleanroom/PKCHECK_01B_ACTUAL_BODY_ADMISSION_20260730T015957Z/PKCHECK_01G_CRITICAL_SHARDS_20260730T024606Z/shards/10_harness.assertion.4/stderr.txt	e3b0c44298fc1c149afbf4c8996fb92427ae41e4649b934ca495991b7852b855	0	experiments/kem-check-pk/T01-validation-semantics/records-and-early-development/PKCHECK_01B_ACTUAL_BODY_ADMISSION_20260730T015957Z/PKCHECK_01G_CRITICAL_SHARDS_20260730T024606Z/shards/10_harness.assertion.4/stderr.txt
mlk_kem_check_pk_cleanroom/PKCHECK_01B_ACTUAL_BODY_ADMISSION_20260730T015957Z/PKCHECK_01G_CRITICAL_SHARDS_20260730T024606Z/shards/10_harness.assertion.4/time.txt	e3b0c44298fc1c149afbf4c8996fb92427ae41e4649b934ca495991b7852b855	0	experiments/kem-check-pk/T01-validation-semantics/records-and-early-development/PKCHECK_01B_ACTUAL_BODY_ADMISSION_20260730T015957Z/PKCHECK_01G_CRITICAL_SHARDS_20260730T024606Z/shards/10_harness.assertion.4/time.txt
mlk_kem_check_pk_cleanroom/PKCHECK_01B_ACTUAL_BODY_ADMISSION_20260730T015957Z/PKCHECK_01H_LEAN_REJECTION_20260730T025952Z/PKCHECK_01H_TERMINAL_SUMMARY.txt	2d532111476c679d6c0b04cda2f8dc8708c9953d3116d622b7aea65749b89458	14106	experiments/kem-check-pk/T01-validation-semantics/records-and-early-development/PKCHECK_01B_ACTUAL_BODY_ADMISSION_20260730T015957Z/PKCHECK_01H_LEAN_REJECTION_20260730T025952Z/PKCHECK_01H_TERMINAL_SUMMARY.txt
mlk_kem_check_pk_cleanroom/PKCHECK_01B_ACTUAL_BODY_ADMISSION_20260730T015957Z/PKCHECK_01H_LEAN_REJECTION_20260730T025952Z/kernel-after-run.txt	e1a0ae2aa1bd2a6c12996ec03972b7e12f00b1e6fd5e5e9a162cbef7136c1a90	34	experiments/kem-check-pk/T01-validation-semantics/records-and-early-development/PKCHECK_01B_ACTUAL_BODY_ADMISSION_20260730T015957Z/PKCHECK_01H_LEAN_REJECTION_20260730T025952Z/kernel-after-run.txt
mlk_kem_check_pk_cleanroom/PKCHECK_01B_ACTUAL_BODY_ADMISSION_20260730T015957Z/PKCHECK_01H_LEAN_REJECTION_20260730T025952Z/rejection-command.txt	0f11b2f275e164d85167ec651956417c7159c8744a8bbda4a745fb7fd1aaa390	376	experiments/kem-check-pk/T01-validation-semantics/records-and-early-development/PKCHECK_01B_ACTUAL_BODY_ADMISSION_20260730T015957Z/PKCHECK_01H_LEAN_REJECTION_20260730T025952Z/rejection-command.txt
mlk_kem_check_pk_cleanroom/PKCHECK_01B_ACTUAL_BODY_ADMISSION_20260730T015957Z/PKCHECK_01H_LEAN_REJECTION_20260730T025952Z/rejection-result.xml	e4d0a2b7d5bf9a6eae53e221bf99afffa6499ff76b3beed039f7240458db1385	1993	experiments/kem-check-pk/T01-validation-semantics/records-and-early-development/PKCHECK_01B_ACTUAL_BODY_ADMISSION_20260730T015957Z/PKCHECK_01H_LEAN_REJECTION_20260730T025952Z/rejection-result.xml
mlk_kem_check_pk_cleanroom/PKCHECK_01B_ACTUAL_BODY_ADMISSION_20260730T015957Z/PKCHECK_01H_LEAN_REJECTION_20260730T025952Z/rejection-time.txt	f0285d040f0293d9d4e476392c5aabad71c7978a71df918baba4ba4503f0c961	1147	experiments/kem-check-pk/T01-validation-semantics/records-and-early-development/PKCHECK_01B_ACTUAL_BODY_ADMISSION_20260730T015957Z/PKCHECK_01H_LEAN_REJECTION_20260730T025952Z/rejection-time.txt
mlk_kem_check_pk_cleanroom/PKCHECK_01B_ACTUAL_BODY_ADMISSION_20260730T015957Z/PKCHECK_01H_LEAN_REJECTION_20260730T025952Z/rejection.stderr.txt	e3b0c44298fc1c149afbf4c8996fb92427ae41e4649b934ca495991b7852b855	0	experiments/kem-check-pk/T01-validation-semantics/records-and-early-development/PKCHECK_01B_ACTUAL_BODY_ADMISSION_20260730T015957Z/PKCHECK_01H_LEAN_REJECTION_20260730T025952Z/rejection.stderr.txt
mlk_kem_check_pk_cleanroom/PKCHECK_01B_ACTUAL_BODY_ADMISSION_20260730T015957Z/mlkem-native_af4c5abd_pkcheck01b/proofs/cbmc/pkcheck_01b_actual_body/.litani_cache_dir	7f1603625857e43f3c0ad5c2ff4751e6136f601924d70b525d64215d7344b0a9	54	experiments/kem-check-pk/T01-validation-semantics/records-and-early-development/native-proof-directory/pkcheck-01b-actual-body/.litani_cache_dir
mlk_kem_check_pk_cleanroom/PKCHECK_01B_ACTUAL_BODY_ADMISSION_20260730T015957Z/mlkem-native_af4c5abd_pkcheck01b/proofs/cbmc/pkcheck_01b_actual_body/.ninja_log	685610ff4e9b9070bd52efd513d2b59c51d65d47ab4d36a57ffe236a53e4e878	5290	experiments/kem-check-pk/T01-validation-semantics/records-and-early-development/native-proof-directory/pkcheck-01b-actual-body/.ninja_log
mlk_kem_check_pk_cleanroom/PKCHECK_01B_ACTUAL_BODY_ADMISSION_20260730T015957Z/mlkem-native_af4c5abd_pkcheck01b/proofs/cbmc/pkcheck_01b_actual_body/Makefile	5000655017e7f43790ac2fb2f74256b4730ba67c49037b7576b77594edb82847	1498	experiments/kem-check-pk/T01-validation-semantics/records-and-early-development/native-proof-directory/pkcheck-01b-actual-body/Makefile
mlk_kem_check_pk_cleanroom/PKCHECK_01B_ACTUAL_BODY_ADMISSION_20260730T015957Z/mlkem-native_af4c5abd_pkcheck01b/proofs/cbmc/pkcheck_01b_actual_body/gotos/pkcheck_01b_actual_body_harness.goto	a73bd21664bf32be07f4e0eea56af3954d02e12585834acb541035e1f5ad96b5	708500	experiments/kem-check-pk/T01-validation-semantics/records-and-early-development/native-proof-directory/pkcheck-01b-actual-body/gotos/pkcheck_01b_actual_body_harness.goto
mlk_kem_check_pk_cleanroom/PKCHECK_01B_ACTUAL_BODY_ADMISSION_20260730T015957Z/mlkem-native_af4c5abd_pkcheck01b/proofs/cbmc/pkcheck_01b_actual_body/gotos/pkcheck_01b_actual_body_harness0100.goto	2b02376a20f20952595eebe18e28283886aa9457ba3186bf635cac3f33a87474	325881	experiments/kem-check-pk/T01-validation-semantics/records-and-early-development/native-proof-directory/pkcheck-01b-actual-body/gotos/pkcheck_01b_actual_body_harness0100.goto
mlk_kem_check_pk_cleanroom/PKCHECK_01B_ACTUAL_BODY_ADMISSION_20260730T015957Z/mlkem-native_af4c5abd_pkcheck01b/proofs/cbmc/pkcheck_01b_actual_body/gotos/pkcheck_01b_actual_body_harness0200.goto	c098ddc99dec1d0304a7d1b807a89b459113411446f447e38df6515da69cae8d	330150	experiments/kem-check-pk/T01-validation-semantics/records-and-early-development/native-proof-directory/pkcheck-01b-actual-body/gotos/pkcheck_01b_actual_body_harness0200.goto
mlk_kem_check_pk_cleanroom/PKCHECK_01B_ACTUAL_BODY_ADMISSION_20260730T015957Z/mlkem-native_af4c5abd_pkcheck01b/proofs/cbmc/pkcheck_01b_actual_body/gotos/pkcheck_01b_actual_body_harness0300.goto	c098ddc99dec1d0304a7d1b807a89b459113411446f447e38df6515da69cae8d	330150	experiments/kem-check-pk/T01-validation-semantics/records-and-early-development/native-proof-directory/pkcheck-01b-actual-body/gotos/pkcheck_01b_actual_body_harness0300.goto
mlk_kem_check_pk_cleanroom/PKCHECK_01B_ACTUAL_BODY_ADMISSION_20260730T015957Z/mlkem-native_af4c5abd_pkcheck01b/proofs/cbmc/pkcheck_01b_actual_body/gotos/pkcheck_01b_actual_body_harness0400.goto	9c8e24a84469c35e38bf0e1fa7f5828469cefa539d153f99130c8a9e63fb04f7	339327	experiments/kem-check-pk/T01-validation-semantics/records-and-early-development/native-proof-directory/pkcheck-01b-actual-body/gotos/pkcheck_01b_actual_body_harness0400.goto
mlk_kem_check_pk_cleanroom/PKCHECK_01B_ACTUAL_BODY_ADMISSION_20260730T015957Z/mlkem-native_af4c5abd_pkcheck01b/proofs/cbmc/pkcheck_01b_actual_body/gotos/pkcheck_01b_actual_body_harness0500.goto	6506e3cbcd341cf8edccc522155a54d2f4664571409caf9477afb133f0200801	406574	experiments/kem-check-pk/T01-validation-semantics/records-and-early-development/native-proof-directory/pkcheck-01b-actual-body/gotos/pkcheck_01b_actual_body_harness0500.goto
mlk_kem_check_pk_cleanroom/PKCHECK_01B_ACTUAL_BODY_ADMISSION_20260730T015957Z/mlkem-native_af4c5abd_pkcheck01b/proofs/cbmc/pkcheck_01b_actual_body/gotos/pkcheck_01b_actual_body_harness0600.goto	925d72716ddb599f6c2074b6e9831cd07f49c892304b0e8d8d6a75cad29cc6b2	736665	experiments/kem-check-pk/T01-validation-semantics/records-and-early-development/native-proof-directory/pkcheck-01b-actual-body/gotos/pkcheck_01b_actual_body_harness0600.goto
mlk_kem_check_pk_cleanroom/PKCHECK_01B_ACTUAL_BODY_ADMISSION_20260730T015957Z/mlkem-native_af4c5abd_pkcheck01b/proofs/cbmc/pkcheck_01b_actual_body/gotos/pkcheck_01b_actual_body_harness0700.goto	41bd7ad3ad5f53463c6ea4e2e19dc0d9474e432cabc5f8e5154ee3534f7d3bdb	714290	experiments/kem-check-pk/T01-validation-semantics/records-and-early-development/native-proof-directory/pkcheck-01b-actual-body/gotos/pkcheck_01b_actual_body_harness0700.goto
mlk_kem_check_pk_cleanroom/PKCHECK_01B_ACTUAL_BODY_ADMISSION_20260730T015957Z/mlkem-native_af4c5abd_pkcheck01b/proofs/cbmc/pkcheck_01b_actual_body/gotos/pkcheck_01b_actual_body_harness0800.goto	a73bd21664bf32be07f4e0eea56af3954d02e12585834acb541035e1f5ad96b5	708500	experiments/kem-check-pk/T01-validation-semantics/records-and-early-development/native-proof-directory/pkcheck-01b-actual-body/gotos/pkcheck_01b_actual_body_harness0800.goto
mlk_kem_check_pk_cleanroom/PKCHECK_01B_ACTUAL_BODY_ADMISSION_20260730T015957Z/mlkem-native_af4c5abd_pkcheck01b/proofs/cbmc/pkcheck_01b_actual_body/gotos/project0100.goto	d0b0fc0daec3c7f88c6527e84e886b7bc5c8003b3a45ba512f0ac9561440ba16	308084	experiments/kem-check-pk/T01-validation-semantics/records-and-early-development/native-proof-directory/pkcheck-01b-actual-body/gotos/project0100.goto
mlk_kem_check_pk_cleanroom/PKCHECK_01B_ACTUAL_BODY_ADMISSION_20260730T015957Z/mlkem-native_af4c5abd_pkcheck01b/proofs/cbmc/pkcheck_01b_actual_body/gotos/project0200.goto	88e071bd36cd3631a07ce2d47e47a92790693c1433a0b90533fa4a89ca4f1abc	317392	experiments/kem-check-pk/T01-validation-semantics/records-and-early-development/native-proof-directory/pkcheck-01b-actual-body/gotos/project0200.goto
mlk_kem_check_pk_cleanroom/PKCHECK_01B_ACTUAL_BODY_ADMISSION_20260730T015957Z/mlkem-native_af4c5abd_pkcheck01b/proofs/cbmc/pkcheck_01b_actual_body/gotos/proof0100.goto	8c90893e48ff8d8a3528c06c795ec8726efeeb4c36a19e62811beffc11c7f811	27183	experiments/kem-check-pk/T01-validation-semantics/records-and-early-development/native-proof-directory/pkcheck-01b-actual-body/gotos/proof0100.goto
mlk_kem_check_pk_cleanroom/PKCHECK_01B_ACTUAL_BODY_ADMISSION_20260730T015957Z/mlkem-native_af4c5abd_pkcheck01b/proofs/cbmc/pkcheck_01b_actual_body/logs/check_function_contracts-log.txt	fcf7bce6f3e71179348423e08763a85d6e92b648f6e56f0170a9cfb6c0d82b44	1885	experiments/kem-check-pk/T01-validation-semantics/records-and-early-development/native-proof-directory/pkcheck-01b-actual-body/logs/check_function_contracts-log.txt
mlk_kem_check_pk_cleanroom/PKCHECK_01B_ACTUAL_BODY_ADMISSION_20260730T015957Z/mlkem-native_af4c5abd_pkcheck01b/proofs/cbmc/pkcheck_01b_actual_body/logs/coverage-err-log.txt	01ba4719c80b6fe911b091a7c05124b64eeece964e09c058ef8f9805daca546b	1	experiments/kem-check-pk/T01-validation-semantics/records-and-early-development/native-proof-directory/pkcheck-01b-actual-body/logs/coverage-err-log.txt
mlk_kem_check_pk_cleanroom/PKCHECK_01B_ACTUAL_BODY_ADMISSION_20260730T015957Z/mlkem-native_af4c5abd_pkcheck01b/proofs/cbmc/pkcheck_01b_actual_body/logs/coverage.xml	1015ee20f86fb8d1682447893a7fd080f568ff1730a44b81b30304ff03c847ed	205	experiments/kem-check-pk/T01-validation-semantics/records-and-early-development/native-proof-directory/pkcheck-01b-actual-body/logs/coverage.xml
mlk_kem_check_pk_cleanroom/PKCHECK_01B_ACTUAL_BODY_ADMISSION_20260730T015957Z/mlkem-native_af4c5abd_pkcheck01b/proofs/cbmc/pkcheck_01b_actual_body/logs/drop_unused_functions-log.txt	7cd83176a3081f213f92e5843f691ebd1469055f36c501e23a20426a0d899e6c	606	experiments/kem-check-pk/T01-validation-semantics/records-and-early-development/native-proof-directory/pkcheck-01b-actual-body/logs/drop_unused_functions-log.txt
mlk_kem_check_pk_cleanroom/PKCHECK_01B_ACTUAL_BODY_ADMISSION_20260730T015957Z/mlkem-native_af4c5abd_pkcheck01b/proofs/cbmc/pkcheck_01b_actual_body/logs/link_proof_project-log.txt	01ba4719c80b6fe911b091a7c05124b64eeece964e09c058ef8f9805daca546b	1	experiments/kem-check-pk/T01-validation-semantics/records-and-early-development/native-proof-directory/pkcheck-01b-actual-body/logs/link_proof_project-log.txt
mlk_kem_check_pk_cleanroom/PKCHECK_01B_ACTUAL_BODY_ADMISSION_20260730T015957Z/mlkem-native_af4c5abd_pkcheck01b/proofs/cbmc/pkcheck_01b_actual_body/logs/linking-library-models-log.txt	a5cc488db7c8c9d7d8ab9b64569be9624f373fa5f1932297d5eb8d11f10af975	525	experiments/kem-check-pk/T01-validation-semantics/records-and-early-development/native-proof-directory/pkcheck-01b-actual-body/logs/linking-library-models-log.txt
mlk_kem_check_pk_cleanroom/PKCHECK_01B_ACTUAL_BODY_ADMISSION_20260730T015957Z/mlkem-native_af4c5abd_pkcheck01b/proofs/cbmc/pkcheck_01b_actual_body/logs/nondet_static-log.txt	01ba4719c80b6fe911b091a7c05124b64eeece964e09c058ef8f9805daca546b	1	experiments/kem-check-pk/T01-validation-semantics/records-and-early-development/native-proof-directory/pkcheck-01b-actual-body/logs/nondet_static-log.txt
mlk_kem_check_pk_cleanroom/PKCHECK_01B_ACTUAL_BODY_ADMISSION_20260730T015957Z/mlkem-native_af4c5abd_pkcheck01b/proofs/cbmc/pkcheck_01b_actual_body/logs/project_sources-log.txt	01ba4719c80b6fe911b091a7c05124b64eeece964e09c058ef8f9805daca546b	1	experiments/kem-check-pk/T01-validation-semantics/records-and-early-development/native-proof-directory/pkcheck-01b-actual-body/logs/project_sources-log.txt
mlk_kem_check_pk_cleanroom/PKCHECK_01B_ACTUAL_BODY_ADMISSION_20260730T015957Z/mlkem-native_af4c5abd_pkcheck01b/proofs/cbmc/pkcheck_01b_actual_body/logs/proof_sources-log.txt	01ba4719c80b6fe911b091a7c05124b64eeece964e09c058ef8f9805daca546b	1	experiments/kem-check-pk/T01-validation-semantics/records-and-early-development/native-proof-directory/pkcheck-01b-actual-body/logs/proof_sources-log.txt
mlk_kem_check_pk_cleanroom/PKCHECK_01B_ACTUAL_BODY_ADMISSION_20260730T015957Z/mlkem-native_af4c5abd_pkcheck01b/proofs/cbmc/pkcheck_01b_actual_body/logs/property-err-log.txt	01ba4719c80b6fe911b091a7c05124b64eeece964e09c058ef8f9805daca546b	1	experiments/kem-check-pk/T01-validation-semantics/records-and-early-development/native-proof-directory/pkcheck-01b-actual-body/logs/property-err-log.txt
mlk_kem_check_pk_cleanroom/PKCHECK_01B_ACTUAL_BODY_ADMISSION_20260730T015957Z/mlkem-native_af4c5abd_pkcheck01b/proofs/cbmc/pkcheck_01b_actual_body/logs/property.xml	7cf5ab9dbc1e18e288fea07996f47b5e9611f22ff9beb38e5adab9aca896a3dc	17754530	experiments/kem-check-pk/T01-validation-semantics/records-and-early-development/native-proof-directory/pkcheck-01b-actual-body/logs/property.xml
mlk_kem_check_pk_cleanroom/PKCHECK_01B_ACTUAL_BODY_ADMISSION_20260730T015957Z/mlkem-native_af4c5abd_pkcheck01b/proofs/cbmc/pkcheck_01b_actual_body/logs/remove_function_body-log.txt	0ee78215521522bbf66e5a0c0042f8b2ff877f886aceb196382b00b1387a43f5	445	experiments/kem-check-pk/T01-validation-semantics/records-and-early-development/native-proof-directory/pkcheck-01b-actual-body/logs/remove_function_body-log.txt
mlk_kem_check_pk_cleanroom/PKCHECK_01B_ACTUAL_BODY_ADMISSION_20260730T015957Z/mlkem-native_af4c5abd_pkcheck01b/proofs/cbmc/pkcheck_01b_actual_body/logs/restrict_function_pointer-log.txt	7947254a47d05eff994367f18c376d30691c744505aab33feabc6079096202b7	580	experiments/kem-check-pk/T01-validation-semantics/records-and-early-development/native-proof-directory/pkcheck-01b-actual-body/logs/restrict_function_pointer-log.txt
mlk_kem_check_pk_cleanroom/PKCHECK_01B_ACTUAL_BODY_ADMISSION_20260730T015957Z/mlkem-native_af4c5abd_pkcheck01b/proofs/cbmc/pkcheck_01b_actual_body/logs/result-err-log.txt	974ca06b4cc0fea8e58e19bcf48ca0825fb501d78e09e7f5a9e61f86f3732d25	8	experiments/kem-check-pk/T01-validation-semantics/records-and-early-development/native-proof-directory/pkcheck-01b-actual-body/logs/result-err-log.txt
mlk_kem_check_pk_cleanroom/PKCHECK_01B_ACTUAL_BODY_ADMISSION_20260730T015957Z/mlkem-native_af4c5abd_pkcheck01b/proofs/cbmc/pkcheck_01b_actual_body/logs/result.xml	e50c99cd3542517ac34bd4c7eb8e79ea1f9cca2d1339afbc05963c21b94e5d02	1152	experiments/kem-check-pk/T01-validation-semantics/records-and-early-development/native-proof-directory/pkcheck-01b-actual-body/logs/result.xml
mlk_kem_check_pk_cleanroom/PKCHECK_01B_ACTUAL_BODY_ADMISSION_20260730T015957Z/mlkem-native_af4c5abd_pkcheck01b/proofs/cbmc/pkcheck_01b_actual_body/logs/slice_global_inits-log.txt	44ad6dfd191aa82eaa7f089f06ff098991efe51e80d435382d222535f4a4d0aa	636	experiments/kem-check-pk/T01-validation-semantics/records-and-early-development/native-proof-directory/pkcheck-01b-actual-body/logs/slice_global_inits-log.txt
mlk_kem_check_pk_cleanroom/PKCHECK_01B_ACTUAL_BODY_ADMISSION_20260730T015957Z/mlkem-native_af4c5abd_pkcheck01b/proofs/cbmc/pkcheck_01b_actual_body/logs/unwind_loops-log.txt	fc8d9eb01060515347fae38226c8e33c6e0017ddcd0742589c5490004e1097c0	493	experiments/kem-check-pk/T01-validation-semantics/records-and-early-development/native-proof-directory/pkcheck-01b-actual-body/logs/unwind_loops-log.txt
mlk_kem_check_pk_cleanroom/PKCHECK_01B_ACTUAL_BODY_ADMISSION_20260730T015957Z/mlkem-native_af4c5abd_pkcheck01b/proofs/cbmc/pkcheck_01b_actual_body/pkcheck_01b_actual_body_harness.c	3e9d3626bc6272b590869d5870601e3c0ec83d3150c55f1dcad751560a1b7285	3562	experiments/kem-check-pk/T01-validation-semantics/records-and-early-development/native-proof-directory/pkcheck-01b-actual-body/pkcheck_01b_actual_body_harness.c
mlk_kem_check_pk_cleanroom/PKCHECK_01B_ACTUAL_BODY_ADMISSION_20260730T015957Z/mlkem-native_af4c5abd_pkcheck01b/proofs/cbmc/pkcheck_t1_r2_arbitrary_context/.litani_cache_dir	e548329365c7727104563256acb2f6dd8d26965d925f54b8dcb78fdb5d972456	54	experiments/kem-check-pk/T01-validation-semantics/raw-evidence/native-proof-pipeline/T1R2-arbitrary-context-rejection/.litani_cache_dir
mlk_kem_check_pk_cleanroom/PKCHECK_01B_ACTUAL_BODY_ADMISSION_20260730T015957Z/mlkem-native_af4c5abd_pkcheck01b/proofs/cbmc/pkcheck_t1_r2_arbitrary_context/.ninja_log	673230484860b95aa41c7017e382d586bb183964017745ded245028b89c5c983	5069	experiments/kem-check-pk/T01-validation-semantics/raw-evidence/native-proof-pipeline/T1R2-arbitrary-context-rejection/.ninja_log
mlk_kem_check_pk_cleanroom/PKCHECK_01B_ACTUAL_BODY_ADMISSION_20260730T015957Z/mlkem-native_af4c5abd_pkcheck01b/proofs/cbmc/pkcheck_t1_r2_arbitrary_context/Makefile	c75ce8f02d2f40f8a08401e96f78d585fd9dec4522facd4db552e8b18e1739ab	1292	experiments/kem-check-pk/T01-validation-semantics/curated-harnesses/T1R2-arbitrary-context-rejection/Makefile
mlk_kem_check_pk_cleanroom/PKCHECK_01B_ACTUAL_BODY_ADMISSION_20260730T015957Z/mlkem-native_af4c5abd_pkcheck01b/proofs/cbmc/pkcheck_t1_r2_arbitrary_context/gotos/pkcheck_t1_r2_arbitrary_context_harness.goto	5cf49e4012d41919e95a8a512c38b893b8674beb0ac4b7459cbbe9e7d83730a3	321230	experiments/kem-check-pk/T01-validation-semantics/raw-evidence/native-proof-pipeline/T1R2-arbitrary-context-rejection/gotos/pkcheck_t1_r2_arbitrary_context_harness.goto
mlk_kem_check_pk_cleanroom/PKCHECK_01B_ACTUAL_BODY_ADMISSION_20260730T015957Z/mlkem-native_af4c5abd_pkcheck01b/proofs/cbmc/pkcheck_t1_r2_arbitrary_context/gotos/pkcheck_t1_r2_arbitrary_context_harness0100.goto	682d91d92e806d28ec9ec178307f079bd085d54c097abb6737eac3ce42c63f29	322519	experiments/kem-check-pk/T01-validation-semantics/raw-evidence/native-proof-pipeline/T1R2-arbitrary-context-rejection/gotos/pkcheck_t1_r2_arbitrary_context_harness0100.goto
mlk_kem_check_pk_cleanroom/PKCHECK_01B_ACTUAL_BODY_ADMISSION_20260730T015957Z/mlkem-native_af4c5abd_pkcheck01b/proofs/cbmc/pkcheck_t1_r2_arbitrary_context/gotos/pkcheck_t1_r2_arbitrary_context_harness0200.goto	1ede3ebef0e2152483b3f8ffee1113a71d2763081620dc75f3de7be270ecea8b	322690	experiments/kem-check-pk/T01-validation-semantics/raw-evidence/native-proof-pipeline/T1R2-arbitrary-context-rejection/gotos/pkcheck_t1_r2_arbitrary_context_harness0200.goto
mlk_kem_check_pk_cleanroom/PKCHECK_01B_ACTUAL_BODY_ADMISSION_20260730T015957Z/mlkem-native_af4c5abd_pkcheck01b/proofs/cbmc/pkcheck_t1_r2_arbitrary_context/gotos/pkcheck_t1_r2_arbitrary_context_harness0300.goto	1ede3ebef0e2152483b3f8ffee1113a71d2763081620dc75f3de7be270ecea8b	322690	experiments/kem-check-pk/T01-validation-semantics/raw-evidence/native-proof-pipeline/T1R2-arbitrary-context-rejection/gotos/pkcheck_t1_r2_arbitrary_context_harness0300.goto
mlk_kem_check_pk_cleanroom/PKCHECK_01B_ACTUAL_BODY_ADMISSION_20260730T015957Z/mlkem-native_af4c5abd_pkcheck01b/proofs/cbmc/pkcheck_t1_r2_arbitrary_context/gotos/pkcheck_t1_r2_arbitrary_context_harness0400.goto	1ede3ebef0e2152483b3f8ffee1113a71d2763081620dc75f3de7be270ecea8b	322690	experiments/kem-check-pk/T01-validation-semantics/raw-evidence/native-proof-pipeline/T1R2-arbitrary-context-rejection/gotos/pkcheck_t1_r2_arbitrary_context_harness0400.goto
mlk_kem_check_pk_cleanroom/PKCHECK_01B_ACTUAL_BODY_ADMISSION_20260730T015957Z/mlkem-native_af4c5abd_pkcheck01b/proofs/cbmc/pkcheck_t1_r2_arbitrary_context/gotos/pkcheck_t1_r2_arbitrary_context_harness0500.goto	525b67e9f00f62ec0b3d997016ce57786a3e956c48d6e54613b8af846f4ce62c	404580	experiments/kem-check-pk/T01-validation-semantics/raw-evidence/native-proof-pipeline/T1R2-arbitrary-context-rejection/gotos/pkcheck_t1_r2_arbitrary_context_harness0500.goto
mlk_kem_check_pk_cleanroom/PKCHECK_01B_ACTUAL_BODY_ADMISSION_20260730T015957Z/mlkem-native_af4c5abd_pkcheck01b/proofs/cbmc/pkcheck_t1_r2_arbitrary_context/gotos/pkcheck_t1_r2_arbitrary_context_harness0600.goto	210f5b46bcd08959ddb2ea90ef719cf68f7c66ef1bf0c5a28c31fa8603e31390	447671	experiments/kem-check-pk/T01-validation-semantics/raw-evidence/native-proof-pipeline/T1R2-arbitrary-context-rejection/gotos/pkcheck_t1_r2_arbitrary_context_harness0600.goto
mlk_kem_check_pk_cleanroom/PKCHECK_01B_ACTUAL_BODY_ADMISSION_20260730T015957Z/mlkem-native_af4c5abd_pkcheck01b/proofs/cbmc/pkcheck_t1_r2_arbitrary_context/gotos/pkcheck_t1_r2_arbitrary_context_harness0700.goto	2afd8a24e9a043af21e2388febc8d10c78f339a05f846bf21070ec88be7f288a	439462	experiments/kem-check-pk/T01-validation-semantics/raw-evidence/native-proof-pipeline/T1R2-arbitrary-context-rejection/gotos/pkcheck_t1_r2_arbitrary_context_harness0700.goto
mlk_kem_check_pk_cleanroom/PKCHECK_01B_ACTUAL_BODY_ADMISSION_20260730T015957Z/mlkem-native_af4c5abd_pkcheck01b/proofs/cbmc/pkcheck_t1_r2_arbitrary_context/gotos/pkcheck_t1_r2_arbitrary_context_harness0800.goto	5cf49e4012d41919e95a8a512c38b893b8674beb0ac4b7459cbbe9e7d83730a3	321230	experiments/kem-check-pk/T01-validation-semantics/raw-evidence/native-proof-pipeline/T1R2-arbitrary-context-rejection/gotos/pkcheck_t1_r2_arbitrary_context_harness0800.goto
mlk_kem_check_pk_cleanroom/PKCHECK_01B_ACTUAL_BODY_ADMISSION_20260730T015957Z/mlkem-native_af4c5abd_pkcheck01b/proofs/cbmc/pkcheck_t1_r2_arbitrary_context/gotos/project0100.goto	36c3068282d5384839ba897f3033ba3bdcad32141a1f1b12c2acf82a7da45bd9	308092	experiments/kem-check-pk/T01-validation-semantics/raw-evidence/native-proof-pipeline/T1R2-arbitrary-context-rejection/gotos/project0100.goto
mlk_kem_check_pk_cleanroom/PKCHECK_01B_ACTUAL_BODY_ADMISSION_20260730T015957Z/mlkem-native_af4c5abd_pkcheck01b/proofs/cbmc/pkcheck_t1_r2_arbitrary_context/gotos/project0200.goto	aa40d88976395d1c9ae7ca27a04e085a55af12786a29fe464abf697f44aef0d7	317400	experiments/kem-check-pk/T01-validation-semantics/raw-evidence/native-proof-pipeline/T1R2-arbitrary-context-rejection/gotos/project0200.goto
mlk_kem_check_pk_cleanroom/PKCHECK_01B_ACTUAL_BODY_ADMISSION_20260730T015957Z/mlkem-native_af4c5abd_pkcheck01b/proofs/cbmc/pkcheck_t1_r2_arbitrary_context/gotos/proof0100.goto	2f2f85d4f3b61f82a980494af48398efc789c05aed04c6e04cd44300b6a17caa	23788	experiments/kem-check-pk/T01-validation-semantics/raw-evidence/native-proof-pipeline/T1R2-arbitrary-context-rejection/gotos/proof0100.goto
mlk_kem_check_pk_cleanroom/PKCHECK_01B_ACTUAL_BODY_ADMISSION_20260730T015957Z/mlkem-native_af4c5abd_pkcheck01b/proofs/cbmc/pkcheck_t1_r2_arbitrary_context/logs/check_function_contracts-log.txt	b8bb6db2a98b329037022181399733bbb32a0a392d74fdd38d504c8d7a104f52	692	experiments/kem-check-pk/T01-validation-semantics/raw-evidence/native-proof-pipeline/T1R2-arbitrary-context-rejection/logs/check_function_contracts-log.txt
mlk_kem_check_pk_cleanroom/PKCHECK_01B_ACTUAL_BODY_ADMISSION_20260730T015957Z/mlkem-native_af4c5abd_pkcheck01b/proofs/cbmc/pkcheck_t1_r2_arbitrary_context/logs/drop_unused_functions-log.txt	6c1bdb05d54a3bd99d2fe2b494d24d3752ce660567b70b208d2c3cf39cba7af0	638	experiments/kem-check-pk/T01-validation-semantics/raw-evidence/native-proof-pipeline/T1R2-arbitrary-context-rejection/logs/drop_unused_functions-log.txt
mlk_kem_check_pk_cleanroom/PKCHECK_01B_ACTUAL_BODY_ADMISSION_20260730T015957Z/mlkem-native_af4c5abd_pkcheck01b/proofs/cbmc/pkcheck_t1_r2_arbitrary_context/logs/link_proof_project-log.txt	01ba4719c80b6fe911b091a7c05124b64eeece964e09c058ef8f9805daca546b	1	experiments/kem-check-pk/T01-validation-semantics/raw-evidence/native-proof-pipeline/T1R2-arbitrary-context-rejection/logs/link_proof_project-log.txt
mlk_kem_check_pk_cleanroom/PKCHECK_01B_ACTUAL_BODY_ADMISSION_20260730T015957Z/mlkem-native_af4c5abd_pkcheck01b/proofs/cbmc/pkcheck_t1_r2_arbitrary_context/logs/linking-library-models-log.txt	01ba4719c80b6fe911b091a7c05124b64eeece964e09c058ef8f9805daca546b	1	experiments/kem-check-pk/T01-validation-semantics/raw-evidence/native-proof-pipeline/T1R2-arbitrary-context-rejection/logs/linking-library-models-log.txt
mlk_kem_check_pk_cleanroom/PKCHECK_01B_ACTUAL_BODY_ADMISSION_20260730T015957Z/mlkem-native_af4c5abd_pkcheck01b/proofs/cbmc/pkcheck_t1_r2_arbitrary_context/logs/nondet_static-log.txt	01ba4719c80b6fe911b091a7c05124b64eeece964e09c058ef8f9805daca546b	1	experiments/kem-check-pk/T01-validation-semantics/raw-evidence/native-proof-pipeline/T1R2-arbitrary-context-rejection/logs/nondet_static-log.txt
mlk_kem_check_pk_cleanroom/PKCHECK_01B_ACTUAL_BODY_ADMISSION_20260730T015957Z/mlkem-native_af4c5abd_pkcheck01b/proofs/cbmc/pkcheck_t1_r2_arbitrary_context/logs/project_sources-log.txt	01ba4719c80b6fe911b091a7c05124b64eeece964e09c058ef8f9805daca546b	1	experiments/kem-check-pk/T01-validation-semantics/raw-evidence/native-proof-pipeline/T1R2-arbitrary-context-rejection/logs/project_sources-log.txt
mlk_kem_check_pk_cleanroom/PKCHECK_01B_ACTUAL_BODY_ADMISSION_20260730T015957Z/mlkem-native_af4c5abd_pkcheck01b/proofs/cbmc/pkcheck_t1_r2_arbitrary_context/logs/proof_sources-log.txt	01ba4719c80b6fe911b091a7c05124b64eeece964e09c058ef8f9805daca546b	1	experiments/kem-check-pk/T01-validation-semantics/raw-evidence/native-proof-pipeline/T1R2-arbitrary-context-rejection/logs/proof_sources-log.txt
mlk_kem_check_pk_cleanroom/PKCHECK_01B_ACTUAL_BODY_ADMISSION_20260730T015957Z/mlkem-native_af4c5abd_pkcheck01b/proofs/cbmc/pkcheck_t1_r2_arbitrary_context/logs/remove_function_body-log.txt	41ee00ea7baf36855c25594140906ac8cff93682cc3fb969f71d049d0d59947d	461	experiments/kem-check-pk/T01-validation-semantics/raw-evidence/native-proof-pipeline/T1R2-arbitrary-context-rejection/logs/remove_function_body-log.txt
mlk_kem_check_pk_cleanroom/PKCHECK_01B_ACTUAL_BODY_ADMISSION_20260730T015957Z/mlkem-native_af4c5abd_pkcheck01b/proofs/cbmc/pkcheck_t1_r2_arbitrary_context/logs/restrict_function_pointer-log.txt	da51f5ac781a5ff565e13882fec2146afb8f325f230d436886719926036a7e60	612	experiments/kem-check-pk/T01-validation-semantics/raw-evidence/native-proof-pipeline/T1R2-arbitrary-context-rejection/logs/restrict_function_pointer-log.txt
mlk_kem_check_pk_cleanroom/PKCHECK_01B_ACTUAL_BODY_ADMISSION_20260730T015957Z/mlkem-native_af4c5abd_pkcheck01b/proofs/cbmc/pkcheck_t1_r2_arbitrary_context/logs/slice_global_inits-log.txt	53b46553dc5f9d4ffc9ba8e30e70946f0493e0116d3e036963356788b460902e	668	experiments/kem-check-pk/T01-validation-semantics/raw-evidence/native-proof-pipeline/T1R2-arbitrary-context-rejection/logs/slice_global_inits-log.txt
mlk_kem_check_pk_cleanroom/PKCHECK_01B_ACTUAL_BODY_ADMISSION_20260730T015957Z/mlkem-native_af4c5abd_pkcheck01b/proofs/cbmc/pkcheck_t1_r2_arbitrary_context/logs/unwind_loops-log.txt	2a693a924ababfda915d4b1759359f78621239d48791fbb963aada105de54278	525	experiments/kem-check-pk/T01-validation-semantics/raw-evidence/native-proof-pipeline/T1R2-arbitrary-context-rejection/logs/unwind_loops-log.txt
mlk_kem_check_pk_cleanroom/PKCHECK_01B_ACTUAL_BODY_ADMISSION_20260730T015957Z/mlkem-native_af4c5abd_pkcheck01b/proofs/cbmc/pkcheck_t1_r2_arbitrary_context/pkcheck_t1_r2_arbitrary_context_harness.c	43dd0282fa57f976920185908806ba3a6c9494f0b601e87c2a504c221ab78d8c	3440	experiments/kem-check-pk/T01-validation-semantics/curated-harnesses/T1R2-arbitrary-context-rejection/pkcheck_t1_r2_arbitrary_context_harness.c
mlk_kem_check_pk_cleanroom/PKCHECK_01B_ACTUAL_BODY_ADMISSION_20260730T015957Z/mlkem-native_af4c5abd_pkcheck01b/proofs/cbmc/pkcheck_t1_r3_canonical_acceptance/.litani_cache_dir	d7040cd84379264903ecac7036f2d4124ea1529d508fc517fa7660621a96f90e	54	experiments/kem-check-pk/T01-validation-semantics/raw-evidence/native-proof-pipeline/T1R3-canonical-acceptance/.litani_cache_dir
mlk_kem_check_pk_cleanroom/PKCHECK_01B_ACTUAL_BODY_ADMISSION_20260730T015957Z/mlkem-native_af4c5abd_pkcheck01b/proofs/cbmc/pkcheck_t1_r3_canonical_acceptance/.ninja_log	eb952fc2d752324f8a6613752363a7052abe1256b1ee308e9da428089b9574c4	5136	experiments/kem-check-pk/T01-validation-semantics/raw-evidence/native-proof-pipeline/T1R3-canonical-acceptance/.ninja_log
mlk_kem_check_pk_cleanroom/PKCHECK_01B_ACTUAL_BODY_ADMISSION_20260730T015957Z/mlkem-native_af4c5abd_pkcheck01b/proofs/cbmc/pkcheck_t1_r3_canonical_acceptance/Makefile	af966afec366566d88c2096b48095d3d5a7aeb2a7c9a9241b47a320794ea37d9	1290	experiments/kem-check-pk/T01-validation-semantics/curated-harnesses/T1R3-canonical-acceptance/Makefile
mlk_kem_check_pk_cleanroom/PKCHECK_01B_ACTUAL_BODY_ADMISSION_20260730T015957Z/mlkem-native_af4c5abd_pkcheck01b/proofs/cbmc/pkcheck_t1_r3_canonical_acceptance/gotos/pkcheck_t1_r3_canonical_acceptance_harness.goto	63d071dea1ee122637b83d06dcb743fb2a8c8e33c6adaa48d7ed85b8d96e7efa	674783	experiments/kem-check-pk/T01-validation-semantics/raw-evidence/native-proof-pipeline/T1R3-canonical-acceptance/gotos/pkcheck_t1_r3_canonical_acceptance_harness.goto
mlk_kem_check_pk_cleanroom/PKCHECK_01B_ACTUAL_BODY_ADMISSION_20260730T015957Z/mlkem-native_af4c5abd_pkcheck01b/proofs/cbmc/pkcheck_t1_r3_canonical_acceptance/gotos/pkcheck_t1_r3_canonical_acceptance_harness0100.goto	1e694eab5465bf62fe69aed55d08d9e3da926fbb8942965f7fa7cbc51b563ddb	684251	experiments/kem-check-pk/T01-validation-semantics/raw-evidence/native-proof-pipeline/T1R3-canonical-acceptance/gotos/pkcheck_t1_r3_canonical_acceptance_harness0100.goto
mlk_kem_check_pk_cleanroom/PKCHECK_01B_ACTUAL_BODY_ADMISSION_20260730T015957Z/mlkem-native_af4c5abd_pkcheck01b/proofs/cbmc/pkcheck_t1_r3_canonical_acceptance/gotos/pkcheck_t1_r3_canonical_acceptance_harness0200.goto	7b7f8cc5d702cc1a441146b7eed38450eae235f840546a906c9e43f1a8977cc0	681841	experiments/kem-check-pk/T01-validation-semantics/raw-evidence/native-proof-pipeline/T1R3-canonical-acceptance/gotos/pkcheck_t1_r3_canonical_acceptance_harness0200.goto
mlk_kem_check_pk_cleanroom/PKCHECK_01B_ACTUAL_BODY_ADMISSION_20260730T015957Z/mlkem-native_af4c5abd_pkcheck01b/proofs/cbmc/pkcheck_t1_r3_canonical_acceptance/gotos/pkcheck_t1_r3_canonical_acceptance_harness0300.goto	7b7f8cc5d702cc1a441146b7eed38450eae235f840546a906c9e43f1a8977cc0	681841	experiments/kem-check-pk/T01-validation-semantics/raw-evidence/native-proof-pipeline/T1R3-canonical-acceptance/gotos/pkcheck_t1_r3_canonical_acceptance_harness0300.goto
mlk_kem_check_pk_cleanroom/PKCHECK_01B_ACTUAL_BODY_ADMISSION_20260730T015957Z/mlkem-native_af4c5abd_pkcheck01b/proofs/cbmc/pkcheck_t1_r3_canonical_acceptance/gotos/pkcheck_t1_r3_canonical_acceptance_harness0400.goto	7b7f8cc5d702cc1a441146b7eed38450eae235f840546a906c9e43f1a8977cc0	681841	experiments/kem-check-pk/T01-validation-semantics/raw-evidence/native-proof-pipeline/T1R3-canonical-acceptance/gotos/pkcheck_t1_r3_canonical_acceptance_harness0400.goto
mlk_kem_check_pk_cleanroom/PKCHECK_01B_ACTUAL_BODY_ADMISSION_20260730T015957Z/mlkem-native_af4c5abd_pkcheck01b/proofs/cbmc/pkcheck_t1_r3_canonical_acceptance/gotos/pkcheck_t1_r3_canonical_acceptance_harness0500.goto	9a698950039c2ed068846f90e08166aee803e4a8a51cf39b7adf4e132902b105	769605	experiments/kem-check-pk/T01-validation-semantics/raw-evidence/native-proof-pipeline/T1R3-canonical-acceptance/gotos/pkcheck_t1_r3_canonical_acceptance_harness0500.goto
mlk_kem_check_pk_cleanroom/PKCHECK_01B_ACTUAL_BODY_ADMISSION_20260730T015957Z/mlkem-native_af4c5abd_pkcheck01b/proofs/cbmc/pkcheck_t1_r3_canonical_acceptance/gotos/pkcheck_t1_r3_canonical_acceptance_harness0600.goto	2e7d97113fd119cb956590e9bedc91f8291766abf5245ef0f725d36b4cab26c1	807616	experiments/kem-check-pk/T01-validation-semantics/raw-evidence/native-proof-pipeline/T1R3-canonical-acceptance/gotos/pkcheck_t1_r3_canonical_acceptance_harness0600.goto
mlk_kem_check_pk_cleanroom/PKCHECK_01B_ACTUAL_BODY_ADMISSION_20260730T015957Z/mlkem-native_af4c5abd_pkcheck01b/proofs/cbmc/pkcheck_t1_r3_canonical_acceptance/gotos/pkcheck_t1_r3_canonical_acceptance_harness0700.goto	ad11915bd3fee4d4572fcc9eac7e85a85110ec88316ed635ffdc63a8c7d5ac54	811703	experiments/kem-check-pk/T01-validation-semantics/raw-evidence/native-proof-pipeline/T1R3-canonical-acceptance/gotos/pkcheck_t1_r3_canonical_acceptance_harness0700.goto
mlk_kem_check_pk_cleanroom/PKCHECK_01B_ACTUAL_BODY_ADMISSION_20260730T015957Z/mlkem-native_af4c5abd_pkcheck01b/proofs/cbmc/pkcheck_t1_r3_canonical_acceptance/gotos/pkcheck_t1_r3_canonical_acceptance_harness0800.goto	63d071dea1ee122637b83d06dcb743fb2a8c8e33c6adaa48d7ed85b8d96e7efa	674783	experiments/kem-check-pk/T01-validation-semantics/raw-evidence/native-proof-pipeline/T1R3-canonical-acceptance/gotos/pkcheck_t1_r3_canonical_acceptance_harness0800.goto
mlk_kem_check_pk_cleanroom/PKCHECK_01B_ACTUAL_BODY_ADMISSION_20260730T015957Z/mlkem-native_af4c5abd_pkcheck01b/proofs/cbmc/pkcheck_t1_r3_canonical_acceptance/gotos/project0100.goto	1300e77ae9cb4bbf45e3baff8fd447cf3d3f523f0a8b7bb2e9acc1c1327b22bc	308095	experiments/kem-check-pk/T01-validation-semantics/raw-evidence/native-proof-pipeline/T1R3-canonical-acceptance/gotos/project0100.goto
mlk_kem_check_pk_cleanroom/PKCHECK_01B_ACTUAL_BODY_ADMISSION_20260730T015957Z/mlkem-native_af4c5abd_pkcheck01b/proofs/cbmc/pkcheck_t1_r3_canonical_acceptance/gotos/project0200.goto	ffa8855294d69c25549908b58f680e4f6177fff06ee4b65f04c09f3062162e73	317403	experiments/kem-check-pk/T01-validation-semantics/raw-evidence/native-proof-pipeline/T1R3-canonical-acceptance/gotos/project0200.goto
mlk_kem_check_pk_cleanroom/PKCHECK_01B_ACTUAL_BODY_ADMISSION_20260730T015957Z/mlkem-native_af4c5abd_pkcheck01b/proofs/cbmc/pkcheck_t1_r3_canonical_acceptance/gotos/proof0100.goto	820cda019c974a3e0fc28703171d3b5f7579ee8dd2a8db9f5d9e2dc7444553f5	369243	experiments/kem-check-pk/T01-validation-semantics/raw-evidence/native-proof-pipeline/T1R3-canonical-acceptance/gotos/proof0100.goto
mlk_kem_check_pk_cleanroom/PKCHECK_01B_ACTUAL_BODY_ADMISSION_20260730T015957Z/mlkem-native_af4c5abd_pkcheck01b/proofs/cbmc/pkcheck_t1_r3_canonical_acceptance/logs/check_function_contracts-log.txt	85aac7649c2466a56eb6d024e41edd6e10e2c9110004dfbb46310e302815a55e	704	experiments/kem-check-pk/T01-validation-semantics/raw-evidence/native-proof-pipeline/T1R3-canonical-acceptance/logs/check_function_contracts-log.txt
mlk_kem_check_pk_cleanroom/PKCHECK_01B_ACTUAL_BODY_ADMISSION_20260730T015957Z/mlkem-native_af4c5abd_pkcheck01b/proofs/cbmc/pkcheck_t1_r3_canonical_acceptance/logs/drop_unused_functions-log.txt	1a366d6b0774064205d5c194f312075d29a336dda17500e896beb5a54ce3e666	650	experiments/kem-check-pk/T01-validation-semantics/raw-evidence/native-proof-pipeline/T1R3-canonical-acceptance/logs/drop_unused_functions-log.txt
mlk_kem_check_pk_cleanroom/PKCHECK_01B_ACTUAL_BODY_ADMISSION_20260730T015957Z/mlkem-native_af4c5abd_pkcheck01b/proofs/cbmc/pkcheck_t1_r3_canonical_acceptance/logs/link_proof_project-log.txt	01ba4719c80b6fe911b091a7c05124b64eeece964e09c058ef8f9805daca546b	1	experiments/kem-check-pk/T01-validation-semantics/raw-evidence/native-proof-pipeline/T1R3-canonical-acceptance/logs/link_proof_project-log.txt
mlk_kem_check_pk_cleanroom/PKCHECK_01B_ACTUAL_BODY_ADMISSION_20260730T015957Z/mlkem-native_af4c5abd_pkcheck01b/proofs/cbmc/pkcheck_t1_r3_canonical_acceptance/logs/linking-library-models-log.txt	01ba4719c80b6fe911b091a7c05124b64eeece964e09c058ef8f9805daca546b	1	experiments/kem-check-pk/T01-validation-semantics/raw-evidence/native-proof-pipeline/T1R3-canonical-acceptance/logs/linking-library-models-log.txt
mlk_kem_check_pk_cleanroom/PKCHECK_01B_ACTUAL_BODY_ADMISSION_20260730T015957Z/mlkem-native_af4c5abd_pkcheck01b/proofs/cbmc/pkcheck_t1_r3_canonical_acceptance/logs/nondet_static-log.txt	01ba4719c80b6fe911b091a7c05124b64eeece964e09c058ef8f9805daca546b	1	experiments/kem-check-pk/T01-validation-semantics/raw-evidence/native-proof-pipeline/T1R3-canonical-acceptance/logs/nondet_static-log.txt
mlk_kem_check_pk_cleanroom/PKCHECK_01B_ACTUAL_BODY_ADMISSION_20260730T015957Z/mlkem-native_af4c5abd_pkcheck01b/proofs/cbmc/pkcheck_t1_r3_canonical_acceptance/logs/project_sources-log.txt	01ba4719c80b6fe911b091a7c05124b64eeece964e09c058ef8f9805daca546b	1	experiments/kem-check-pk/T01-validation-semantics/raw-evidence/native-proof-pipeline/T1R3-canonical-acceptance/logs/project_sources-log.txt
mlk_kem_check_pk_cleanroom/PKCHECK_01B_ACTUAL_BODY_ADMISSION_20260730T015957Z/mlkem-native_af4c5abd_pkcheck01b/proofs/cbmc/pkcheck_t1_r3_canonical_acceptance/logs/proof_sources-log.txt	01ba4719c80b6fe911b091a7c05124b64eeece964e09c058ef8f9805daca546b	1	experiments/kem-check-pk/T01-validation-semantics/raw-evidence/native-proof-pipeline/T1R3-canonical-acceptance/logs/proof_sources-log.txt
mlk_kem_check_pk_cleanroom/PKCHECK_01B_ACTUAL_BODY_ADMISSION_20260730T015957Z/mlkem-native_af4c5abd_pkcheck01b/proofs/cbmc/pkcheck_t1_r3_canonical_acceptance/logs/remove_function_body-log.txt	bb1eecdb88c0e661f841ac782fc73bd62224d498ce7962737d87bfcd3ab39ab4	467	experiments/kem-check-pk/T01-validation-semantics/raw-evidence/native-proof-pipeline/T1R3-canonical-acceptance/logs/remove_function_body-log.txt
mlk_kem_check_pk_cleanroom/PKCHECK_01B_ACTUAL_BODY_ADMISSION_20260730T015957Z/mlkem-native_af4c5abd_pkcheck01b/proofs/cbmc/pkcheck_t1_r3_canonical_acceptance/logs/restrict_function_pointer-log.txt	f639dd44f304834602706ea95327ac9e418e17e9622e2b0c7d8404118ff400ae	624	experiments/kem-check-pk/T01-validation-semantics/raw-evidence/native-proof-pipeline/T1R3-canonical-acceptance/logs/restrict_function_pointer-log.txt
mlk_kem_check_pk_cleanroom/PKCHECK_01B_ACTUAL_BODY_ADMISSION_20260730T015957Z/mlkem-native_af4c5abd_pkcheck01b/proofs/cbmc/pkcheck_t1_r3_canonical_acceptance/logs/slice_global_inits-log.txt	0ae1a8bdea5df46ec7ac98a34cdfcb79b9a0b264fa2c516b85c226524fdc1914	680	experiments/kem-check-pk/T01-validation-semantics/raw-evidence/native-proof-pipeline/T1R3-canonical-acceptance/logs/slice_global_inits-log.txt
mlk_kem_check_pk_cleanroom/PKCHECK_01B_ACTUAL_BODY_ADMISSION_20260730T015957Z/mlkem-native_af4c5abd_pkcheck01b/proofs/cbmc/pkcheck_t1_r3_canonical_acceptance/logs/unwind_loops-log.txt	a0d4b7ba804d5095b8bad307eb97273ea1d5871bfbf528045bea0a7582c9c582	537	experiments/kem-check-pk/T01-validation-semantics/raw-evidence/native-proof-pipeline/T1R3-canonical-acceptance/logs/unwind_loops-log.txt
mlk_kem_check_pk_cleanroom/PKCHECK_01B_ACTUAL_BODY_ADMISSION_20260730T015957Z/mlkem-native_af4c5abd_pkcheck01b/proofs/cbmc/pkcheck_t1_r3_canonical_acceptance/pkcheck_t1_r3_canonical_acceptance_harness.c	61362cd4e63f06b30952d94def19201dc5198caf224b0aa09a3441502297271e	99342	experiments/kem-check-pk/T01-validation-semantics/curated-harnesses/T1R3-canonical-acceptance/pkcheck_t1_r3_canonical_acceptance_harness.c
mlk_kem_check_pk_cleanroom/PKCHECK_01B_ACTUAL_BODY_ADMISSION_20260730T015957Z/native-preflight.stderr.txt	803d33e6b36cd93b4018572525d4d7cecf48930d720eb5ebb151c0b5c579c35d	13243	experiments/kem-check-pk/T01-validation-semantics/records-and-early-development/PKCHECK_01B_ACTUAL_BODY_ADMISSION_20260730T015957Z/native-preflight.stderr.txt
mlk_kem_check_pk_cleanroom/PKCHECK_01B_ACTUAL_BODY_ADMISSION_20260730T015957Z/native-preflight.stdout.txt	e3b0c44298fc1c149afbf4c8996fb92427ae41e4649b934ca495991b7852b855	0	experiments/kem-check-pk/T01-validation-semantics/records-and-early-development/PKCHECK_01B_ACTUAL_BODY_ADMISSION_20260730T015957Z/native-preflight.stdout.txt
mlk_kem_check_pk_cleanroom/PKCHECK_CAMPAIGN_FINAL_CLOSURE.sha256	9818e5181f30c1b63d8b0dbbaa899aadb8be5c5478f9c773e9ad641ee69a61a9	153	experiments/kem-check-pk/campaign-closure/PKCHECK_CAMPAIGN_FINAL_CLOSURE.sha256
mlk_kem_check_pk_cleanroom/PKCHECK_CAMPAIGN_FINAL_CLOSURE.txt	2abb4a746bf52ee9fb8c83037b6aecea9cd77e79c916588e4807fc72287d64cf	5952	experiments/kem-check-pk/campaign-closure/PKCHECK_CAMPAIGN_FINAL_CLOSURE.txt
mlk_kem_check_pk_cleanroom/PKCHECK_CAMPAIGN_VERDICT_HASHES.sha256	07e1249b591b2099252ce5deecce194e5155c21d96cd226c87b131297e1967b5	767	experiments/kem-check-pk/campaign-closure/PKCHECK_CAMPAIGN_VERDICT_HASHES.sha256
mlk_kem_check_pk_cleanroom/PKCHECK_T1_FINAL_CLOSURE_20260730T054434Z/PKCHECK_T1_FINAL_CLOSURE_SUMMARY.txt	df0778a5124fa3e7a1d662f0f78fbda1488af40ede636a762e0c6ee84d1b96b8	20991	experiments/kem-check-pk/T01-validation-semantics/reports-and-packets/PKCHECK_T1_FINAL_CLOSURE_SUMMARY.txt
mlk_kem_check_pk_cleanroom/PKCHECK_T1_FINAL_CLOSURE_20260730T054434Z/PKCHECK_T1_FINAL_CLOSURE_VERDICT.txt	0689e8cfd2b18d746621965ccc9e9f970922778dc211b0f0967a567543f80592	1255	experiments/kem-check-pk/T01-validation-semantics/reports-and-packets/PKCHECK_T1_FINAL_CLOSURE_VERDICT.txt
mlk_kem_check_pk_cleanroom/PKCHECK_T1_FINAL_CLOSURE_20260730T054434Z/T1R2/build.log	9f538618f2363da816786154e81bcd92c210975df75c8bcb2106aaafc261bdb8	2245	experiments/kem-check-pk/T01-validation-semantics/raw-evidence/final-closure-20260730T054434Z/T1R2/build.log
mlk_kem_check_pk_cleanroom/PKCHECK_T1_FINAL_CLOSURE_20260730T054434Z/T1R2/coverage-verdict.txt	c73bb8e9dd5c106b207d650392e763ee0249444eca9ebc263489b7a311f03c7e	19	experiments/kem-check-pk/T01-validation-semantics/raw-evidence/final-closure-20260730T054434Z/T1R2/coverage-verdict.txt
mlk_kem_check_pk_cleanroom/PKCHECK_T1_FINAL_CLOSURE_20260730T054434Z/T1R2/coverage.stderr.txt	e3b0c44298fc1c149afbf4c8996fb92427ae41e4649b934ca495991b7852b855	0	experiments/kem-check-pk/T01-validation-semantics/raw-evidence/final-closure-20260730T054434Z/T1R2/coverage.stderr.txt
mlk_kem_check_pk_cleanroom/PKCHECK_T1_FINAL_CLOSURE_20260730T054434Z/T1R2/coverage.time.txt	afab283b597ceac60635c29becc7e82bfc71a79274bfd31ff92932a62955cb1a	1086	experiments/kem-check-pk/T01-validation-semantics/raw-evidence/final-closure-20260730T054434Z/T1R2/coverage.time.txt
mlk_kem_check_pk_cleanroom/PKCHECK_T1_FINAL_CLOSURE_20260730T054434Z/T1R2/coverage.xml	9acaf1085c794298260e96353469445b04be5652806def5fd8a4ae6991f37d0c	2982	experiments/kem-check-pk/T01-validation-semantics/raw-evidence/final-closure-20260730T054434Z/T1R2/coverage.xml
mlk_kem_check_pk_cleanroom/PKCHECK_T1_FINAL_CLOSURE_20260730T054434Z/T1R2/dry-run.txt	87fded9569e97e4bf5778f7ff3ada16cb4b3b26955409ff037a6b644a49608d3	20417	experiments/kem-check-pk/T01-validation-semantics/raw-evidence/final-closure-20260730T054434Z/T1R2/dry-run.txt
mlk_kem_check_pk_cleanroom/PKCHECK_T1_FINAL_CLOSURE_20260730T054434Z/T1R2/final-verdict.txt	b3f79b889a94a8dc5c93daf5187e8b08187699e6c43cdb2102355ee39145d5ab	11	experiments/kem-check-pk/T01-validation-semantics/raw-evidence/final-closure-20260730T054434Z/T1R2/final-verdict.txt
mlk_kem_check_pk_cleanroom/PKCHECK_T1_FINAL_CLOSURE_20260730T054434Z/T1R2/functions.txt	8e2adf78acf30e3f8d76cf2df770fcb415d75ed7f14d6644620604507829fb7a	2109307	experiments/kem-check-pk/T01-validation-semantics/raw-evidence/final-closure-20260730T054434Z/T1R2/functions.txt
mlk_kem_check_pk_cleanroom/PKCHECK_T1_FINAL_CLOSURE_20260730T054434Z/T1R2/loops.txt	de5f518ad0fc239ece41e42953e14f0162787433cdfc2a56ee9960b957c75d13	259	experiments/kem-check-pk/T01-validation-semantics/raw-evidence/final-closure-20260730T054434Z/T1R2/loops.txt
mlk_kem_check_pk_cleanroom/PKCHECK_T1_FINAL_CLOSURE_20260730T054434Z/T1R2/properties.tsv	1edbb362f0234cb159c727b2498a985f3559e8a4daa101ea2c43467f0e524234	899	experiments/kem-check-pk/T01-validation-semantics/raw-evidence/final-closure-20260730T054434Z/T1R2/properties.tsv
mlk_kem_check_pk_cleanroom/PKCHECK_T1_FINAL_CLOSURE_20260730T054434Z/T1R2/property-verdict.txt	338c5655b125902d19241d71bce07cd5fcb6a95840acc92e6c8d0d09c92504f2	35	experiments/kem-check-pk/T01-validation-semantics/raw-evidence/final-closure-20260730T054434Z/T1R2/property-verdict.txt
mlk_kem_check_pk_cleanroom/PKCHECK_T1_FINAL_CLOSURE_20260730T054434Z/T1R2/property.stderr.txt	e3b0c44298fc1c149afbf4c8996fb92427ae41e4649b934ca495991b7852b855	0	experiments/kem-check-pk/T01-validation-semantics/raw-evidence/final-closure-20260730T054434Z/T1R2/property.stderr.txt
mlk_kem_check_pk_cleanroom/PKCHECK_T1_FINAL_CLOSURE_20260730T054434Z/T1R2/property.xml	a15cc7484a2cfe29f36aeab42e98dea8f929753374cadd83d4b2ceb187176442	8947460	experiments/kem-check-pk/T01-validation-semantics/raw-evidence/final-closure-20260730T054434Z/T1R2/property.xml
mlk_kem_check_pk_cleanroom/PKCHECK_T1_FINAL_CLOSURE_20260730T054434Z/T1R2/results.tsv	aa099e34db95e4fd7214c26b8d1a890a1f029fc6b9d8e480d0ed93cb5fd345b3	869	experiments/kem-check-pk/T01-validation-semantics/raw-evidence/final-closure-20260730T054434Z/T1R2/results.tsv
mlk_kem_check_pk_cleanroom/PKCHECK_T1_FINAL_CLOSURE_20260730T054434Z/T1R2/shards/harness.assertion.1/result.xml	9f01ace2d91efabf3953ef008242b1e03d60419f981a69ecbd5efc1a103b06e0	2045	experiments/kem-check-pk/T01-validation-semantics/raw-evidence/final-closure-20260730T054434Z/T1R2/shards/harness.assertion.1/result.xml
mlk_kem_check_pk_cleanroom/PKCHECK_T1_FINAL_CLOSURE_20260730T054434Z/T1R2/shards/harness.assertion.1/stderr.txt	e3b0c44298fc1c149afbf4c8996fb92427ae41e4649b934ca495991b7852b855	0	experiments/kem-check-pk/T01-validation-semantics/raw-evidence/final-closure-20260730T054434Z/T1R2/shards/harness.assertion.1/stderr.txt
mlk_kem_check_pk_cleanroom/PKCHECK_T1_FINAL_CLOSURE_20260730T054434Z/T1R2/shards/harness.assertion.1/time.txt	b40a95bcefa97e50886abeb985f83e9885e575d26095f7541573d99f2dd8506f	1101	experiments/kem-check-pk/T01-validation-semantics/raw-evidence/final-closure-20260730T054434Z/T1R2/shards/harness.assertion.1/time.txt
mlk_kem_check_pk_cleanroom/PKCHECK_T1_FINAL_CLOSURE_20260730T054434Z/T1R2/shards/harness.assertion.2/result.xml	bb80ee13a5043b2b033f78d72a64efd6c6063e18729effe7d06bb366f475a639	2032	experiments/kem-check-pk/T01-validation-semantics/raw-evidence/final-closure-20260730T054434Z/T1R2/shards/harness.assertion.2/result.xml
mlk_kem_check_pk_cleanroom/PKCHECK_T1_FINAL_CLOSURE_20260730T054434Z/T1R2/shards/harness.assertion.2/stderr.txt	e3b0c44298fc1c149afbf4c8996fb92427ae41e4649b934ca495991b7852b855	0	experiments/kem-check-pk/T01-validation-semantics/raw-evidence/final-closure-20260730T054434Z/T1R2/shards/harness.assertion.2/stderr.txt
mlk_kem_check_pk_cleanroom/PKCHECK_T1_FINAL_CLOSURE_20260730T054434Z/T1R2/shards/harness.assertion.2/time.txt	0f20f1a5df5646c0cb6e1e467c937f4b59b3d8c88bfa763ea191271d6af112ed	1101	experiments/kem-check-pk/T01-validation-semantics/raw-evidence/final-closure-20260730T054434Z/T1R2/shards/harness.assertion.2/time.txt
mlk_kem_check_pk_cleanroom/PKCHECK_T1_FINAL_CLOSURE_20260730T054434Z/T1R2/shards/harness.assertion.3/result.xml	7a75efedc1d7b48643864f551601c82876d214429a1e7843be86e0a365e2ca5a	2033	experiments/kem-check-pk/T01-validation-semantics/raw-evidence/final-closure-20260730T054434Z/T1R2/shards/harness.assertion.3/result.xml
mlk_kem_check_pk_cleanroom/PKCHECK_T1_FINAL_CLOSURE_20260730T054434Z/T1R2/shards/harness.assertion.3/stderr.txt	e3b0c44298fc1c149afbf4c8996fb92427ae41e4649b934ca495991b7852b855	0	experiments/kem-check-pk/T01-validation-semantics/raw-evidence/final-closure-20260730T054434Z/T1R2/shards/harness.assertion.3/stderr.txt
mlk_kem_check_pk_cleanroom/PKCHECK_T1_FINAL_CLOSURE_20260730T054434Z/T1R2/shards/harness.assertion.3/time.txt	28bf9fcdf250c03d0d3c022f29bacb649ff792241a7ea5b7e81be94b00b4a171	1102	experiments/kem-check-pk/T01-validation-semantics/raw-evidence/final-closure-20260730T054434Z/T1R2/shards/harness.assertion.3/time.txt
mlk_kem_check_pk_cleanroom/PKCHECK_T1_FINAL_CLOSURE_20260730T054434Z/T1R2/shards/harness.assertion.4/result.xml	20f31e999ee79e715e1cde115e06ea3d5293876376208b71b6bb7f024ea68b73	2033	experiments/kem-check-pk/T01-validation-semantics/raw-evidence/final-closure-20260730T054434Z/T1R2/shards/harness.assertion.4/result.xml
mlk_kem_check_pk_cleanroom/PKCHECK_T1_FINAL_CLOSURE_20260730T054434Z/T1R2/shards/harness.assertion.4/stderr.txt	e3b0c44298fc1c149afbf4c8996fb92427ae41e4649b934ca495991b7852b855	0	experiments/kem-check-pk/T01-validation-semantics/raw-evidence/final-closure-20260730T054434Z/T1R2/shards/harness.assertion.4/stderr.txt
mlk_kem_check_pk_cleanroom/PKCHECK_T1_FINAL_CLOSURE_20260730T054434Z/T1R2/shards/harness.assertion.4/time.txt	4da060aea36a58a6d1756cdbc4fb657a5729e43c42ae7f92c7a8739bf0a968d6	1103	experiments/kem-check-pk/T01-validation-semantics/raw-evidence/final-closure-20260730T054434Z/T1R2/shards/harness.assertion.4/time.txt
mlk_kem_check_pk_cleanroom/PKCHECK_T1_FINAL_CLOSURE_20260730T054434Z/T1R2/shards/mlk_check_pk.unwind.1/result.xml	e8b6813ca43df5499ebd1464470118565b09207e0c3f99cdb59b34fef5474231	1604	experiments/kem-check-pk/T01-validation-semantics/raw-evidence/final-closure-20260730T054434Z/T1R2/shards/mlk_check_pk.unwind.1/result.xml
mlk_kem_check_pk_cleanroom/PKCHECK_T1_FINAL_CLOSURE_20260730T054434Z/T1R2/shards/mlk_check_pk.unwind.1/stderr.txt	e3b0c44298fc1c149afbf4c8996fb92427ae41e4649b934ca495991b7852b855	0	experiments/kem-check-pk/T01-validation-semantics/raw-evidence/final-closure-20260730T054434Z/T1R2/shards/mlk_check_pk.unwind.1/stderr.txt
mlk_kem_check_pk_cleanroom/PKCHECK_T1_FINAL_CLOSURE_20260730T054434Z/T1R2/shards/mlk_check_pk.unwind.1/time.txt	3c0a70dad7dff3fd6d1a876ad40874e8957de1cd43be6606d025f713878cffba	1104	experiments/kem-check-pk/T01-validation-semantics/raw-evidence/final-closure-20260730T054434Z/T1R2/shards/mlk_check_pk.unwind.1/time.txt
mlk_kem_check_pk_cleanroom/PKCHECK_T1_FINAL_CLOSURE_20260730T054434Z/T1R2/shards/mlk_check_pk.unwind.2/result.xml	57ceed1684cc6625681927a3bf3022ecc43ff7d9cb4330e8a2b9f228931b92d9	1604	experiments/kem-check-pk/T01-validation-semantics/raw-evidence/final-closure-20260730T054434Z/T1R2/shards/mlk_check_pk.unwind.2/result.xml
mlk_kem_check_pk_cleanroom/PKCHECK_T1_FINAL_CLOSURE_20260730T054434Z/T1R2/shards/mlk_check_pk.unwind.2/stderr.txt	e3b0c44298fc1c149afbf4c8996fb92427ae41e4649b934ca495991b7852b855	0	experiments/kem-check-pk/T01-validation-semantics/raw-evidence/final-closure-20260730T054434Z/T1R2/shards/mlk_check_pk.unwind.2/stderr.txt
mlk_kem_check_pk_cleanroom/PKCHECK_T1_FINAL_CLOSURE_20260730T054434Z/T1R2/shards/mlk_check_pk.unwind.2/time.txt	511b1bead06ba13ed74287fd70d6011695b6c8189004545d19e4185f5dd04070	1104	experiments/kem-check-pk/T01-validation-semantics/raw-evidence/final-closure-20260730T054434Z/T1R2/shards/mlk_check_pk.unwind.2/time.txt
mlk_kem_check_pk_cleanroom/PKCHECK_T1_FINAL_CLOSURE_20260730T054434Z/T1R2/shards/mlk_poly_frombytes_c.unwind.1/result.xml	0a99ef0151a48187146f597073f93a3af432126740e54af1044fc08bbddba306	1626	experiments/kem-check-pk/T01-validation-semantics/raw-evidence/final-closure-20260730T054434Z/T1R2/shards/mlk_poly_frombytes_c.unwind.1/result.xml
mlk_kem_check_pk_cleanroom/PKCHECK_T1_FINAL_CLOSURE_20260730T054434Z/T1R2/shards/mlk_poly_frombytes_c.unwind.1/stderr.txt	e3b0c44298fc1c149afbf4c8996fb92427ae41e4649b934ca495991b7852b855	0	experiments/kem-check-pk/T01-validation-semantics/raw-evidence/final-closure-20260730T054434Z/T1R2/shards/mlk_poly_frombytes_c.unwind.1/stderr.txt
mlk_kem_check_pk_cleanroom/PKCHECK_T1_FINAL_CLOSURE_20260730T054434Z/T1R2/shards/mlk_poly_frombytes_c.unwind.1/time.txt	e5939527a69d0160efe2a2d2ec97c6cf01e6c70d7586694795b53211673dc278	1111	experiments/kem-check-pk/T01-validation-semantics/raw-evidence/final-closure-20260730T054434Z/T1R2/shards/mlk_poly_frombytes_c.unwind.1/time.txt
mlk_kem_check_pk_cleanroom/PKCHECK_T1_FINAL_CLOSURE_20260730T054434Z/T1R2/shards/mlk_poly_reduce_c.unwind.1/result.xml	1b7c702976fc9fbfc1a7e50643e27756f84bf63e004996a5c3fd9b9361b98916	1616	experiments/kem-check-pk/T01-validation-semantics/raw-evidence/final-closure-20260730T054434Z/T1R2/shards/mlk_poly_reduce_c.unwind.1/result.xml
mlk_kem_check_pk_cleanroom/PKCHECK_T1_FINAL_CLOSURE_20260730T054434Z/T1R2/shards/mlk_poly_reduce_c.unwind.1/stderr.txt	e3b0c44298fc1c149afbf4c8996fb92427ae41e4649b934ca495991b7852b855	0	experiments/kem-check-pk/T01-validation-semantics/raw-evidence/final-closure-20260730T054434Z/T1R2/shards/mlk_poly_reduce_c.unwind.1/stderr.txt
mlk_kem_check_pk_cleanroom/PKCHECK_T1_FINAL_CLOSURE_20260730T054434Z/T1R2/shards/mlk_poly_reduce_c.unwind.1/time.txt	78a19ee8dc83e9dc08471737bee399ca74f905df0a866e29ef3bb7e6caffef16	1109	experiments/kem-check-pk/T01-validation-semantics/raw-evidence/final-closure-20260730T054434Z/T1R2/shards/mlk_poly_reduce_c.unwind.1/time.txt
mlk_kem_check_pk_cleanroom/PKCHECK_T1_FINAL_CLOSURE_20260730T054434Z/T1R2/shards/mlk_poly_tobytes_c.unwind.1/result.xml	54cd165d4d726575cc191c5151cc6db0369c00133989f306b7566b33b2d5a556	1622	experiments/kem-check-pk/T01-validation-semantics/raw-evidence/final-closure-20260730T054434Z/T1R2/shards/mlk_poly_tobytes_c.unwind.1/result.xml
mlk_kem_check_pk_cleanroom/PKCHECK_T1_FINAL_CLOSURE_20260730T054434Z/T1R2/shards/mlk_poly_tobytes_c.unwind.1/stderr.txt	e3b0c44298fc1c149afbf4c8996fb92427ae41e4649b934ca495991b7852b855	0	experiments/kem-check-pk/T01-validation-semantics/raw-evidence/final-closure-20260730T054434Z/T1R2/shards/mlk_poly_tobytes_c.unwind.1/stderr.txt
mlk_kem_check_pk_cleanroom/PKCHECK_T1_FINAL_CLOSURE_20260730T054434Z/T1R2/shards/mlk_poly_tobytes_c.unwind.1/time.txt	76a91d152cb90c582cee3967006c2ff03936ba5939a4f4e374acdf2459796728	1109	experiments/kem-check-pk/T01-validation-semantics/raw-evidence/final-closure-20260730T054434Z/T1R2/shards/mlk_poly_tobytes_c.unwind.1/time.txt
mlk_kem_check_pk_cleanroom/PKCHECK_T1_FINAL_CLOSURE_20260730T054434Z/T1R2/shards/mlk_polyvec_frombytes.unwind.1/result.xml	364f509fa636237af93cf9d0f664eb3f8764e8cfa4689491c79903011b0a8b7e	1626	experiments/kem-check-pk/T01-validation-semantics/raw-evidence/final-closure-20260730T054434Z/T1R2/shards/mlk_polyvec_frombytes.unwind.1/result.xml
mlk_kem_check_pk_cleanroom/PKCHECK_T1_FINAL_CLOSURE_20260730T054434Z/T1R2/shards/mlk_polyvec_frombytes.unwind.1/stderr.txt	e3b0c44298fc1c149afbf4c8996fb92427ae41e4649b934ca495991b7852b855	0	experiments/kem-check-pk/T01-validation-semantics/raw-evidence/final-closure-20260730T054434Z/T1R2/shards/mlk_polyvec_frombytes.unwind.1/stderr.txt
mlk_kem_check_pk_cleanroom/PKCHECK_T1_FINAL_CLOSURE_20260730T054434Z/T1R2/shards/mlk_polyvec_frombytes.unwind.1/time.txt	2575fe7a39dcb6d35b6a489334efa61584181336bcc68ef8dc76755aa9a794bf	1113	experiments/kem-check-pk/T01-validation-semantics/raw-evidence/final-closure-20260730T054434Z/T1R2/shards/mlk_polyvec_frombytes.unwind.1/time.txt
mlk_kem_check_pk_cleanroom/PKCHECK_T1_FINAL_CLOSURE_20260730T054434Z/T1R2/shards/mlk_polyvec_reduce.unwind.1/result.xml	b70dda707062ea504d7ee7b8679e6034ea927167827f740b794f59ee97cd4621	1620	experiments/kem-check-pk/T01-validation-semantics/raw-evidence/final-closure-20260730T054434Z/T1R2/shards/mlk_polyvec_reduce.unwind.1/result.xml
mlk_kem_check_pk_cleanroom/PKCHECK_T1_FINAL_CLOSURE_20260730T054434Z/T1R2/shards/mlk_polyvec_reduce.unwind.1/stderr.txt	e3b0c44298fc1c149afbf4c8996fb92427ae41e4649b934ca495991b7852b855	0	experiments/kem-check-pk/T01-validation-semantics/raw-evidence/final-closure-20260730T054434Z/T1R2/shards/mlk_polyvec_reduce.unwind.1/stderr.txt
mlk_kem_check_pk_cleanroom/PKCHECK_T1_FINAL_CLOSURE_20260730T054434Z/T1R2/shards/mlk_polyvec_reduce.unwind.1/time.txt	c75012f258f359c88bf69f22891f68a2ebf0cb42bd249ecb344578868fe1e05a	1110	experiments/kem-check-pk/T01-validation-semantics/raw-evidence/final-closure-20260730T054434Z/T1R2/shards/mlk_polyvec_reduce.unwind.1/time.txt
mlk_kem_check_pk_cleanroom/PKCHECK_T1_FINAL_CLOSURE_20260730T054434Z/T1R2/shards/mlk_polyvec_tobytes.unwind.1/result.xml	367ecf9f443fef7cae96f07337bf71456984e7ac344f1371dc12a9260a8f950a	1621	experiments/kem-check-pk/T01-validation-semantics/raw-evidence/final-closure-20260730T054434Z/T1R2/shards/mlk_polyvec_tobytes.unwind.1/result.xml
mlk_kem_check_pk_cleanroom/PKCHECK_T1_FINAL_CLOSURE_20260730T054434Z/T1R2/shards/mlk_polyvec_tobytes.unwind.1/stderr.txt	e3b0c44298fc1c149afbf4c8996fb92427ae41e4649b934ca495991b7852b855	0	experiments/kem-check-pk/T01-validation-semantics/raw-evidence/final-closure-20260730T054434Z/T1R2/shards/mlk_polyvec_tobytes.unwind.1/stderr.txt
mlk_kem_check_pk_cleanroom/PKCHECK_T1_FINAL_CLOSURE_20260730T054434Z/T1R2/shards/mlk_polyvec_tobytes.unwind.1/time.txt	66c40cf6003df659b57b2413b8dbf8c5d47919aae2ef92954b0c2182a84d1ae1	1111	experiments/kem-check-pk/T01-validation-semantics/raw-evidence/final-closure-20260730T054434Z/T1R2/shards/mlk_polyvec_tobytes.unwind.1/time.txt
mlk_kem_check_pk_cleanroom/PKCHECK_T1_FINAL_CLOSURE_20260730T054434Z/T1R3/build.log	9dd7a9f18724dae66214f262f19202bd7acf5b6109a54fcc5d8a2907730d97a3	2257	experiments/kem-check-pk/T01-validation-semantics/raw-evidence/final-closure-20260730T054434Z/T1R3/build.log
mlk_kem_check_pk_cleanroom/PKCHECK_T1_FINAL_CLOSURE_20260730T054434Z/T1R3/coverage-verdict.txt	c73bb8e9dd5c106b207d650392e763ee0249444eca9ebc263489b7a311f03c7e	19	experiments/kem-check-pk/T01-validation-semantics/raw-evidence/final-closure-20260730T054434Z/T1R3/coverage-verdict.txt
mlk_kem_check_pk_cleanroom/PKCHECK_T1_FINAL_CLOSURE_20260730T054434Z/T1R3/coverage.stderr.txt	e3b0c44298fc1c149afbf4c8996fb92427ae41e4649b934ca495991b7852b855	0	experiments/kem-check-pk/T01-validation-semantics/raw-evidence/final-closure-20260730T054434Z/T1R3/coverage.stderr.txt
mlk_kem_check_pk_cleanroom/PKCHECK_T1_FINAL_CLOSURE_20260730T054434Z/T1R3/coverage.time.txt	fda1be863b0cf2b6ef48d1c37e6ed7d51b873f7236799f5aa506a179c5b572e2	1092	experiments/kem-check-pk/T01-validation-semantics/raw-evidence/final-closure-20260730T054434Z/T1R3/coverage.time.txt
mlk_kem_check_pk_cleanroom/PKCHECK_T1_FINAL_CLOSURE_20260730T054434Z/T1R3/coverage.xml	0329cb78abc64471121bad8b625bcad033e1bd2be6d56c24ce75a32ac6406cdf	2997	experiments/kem-check-pk/T01-validation-semantics/raw-evidence/final-closure-20260730T054434Z/T1R3/coverage.xml
mlk_kem_check_pk_cleanroom/PKCHECK_T1_FINAL_CLOSURE_20260730T054434Z/T1R3/dry-run.txt	40d593455276ad8cc1a4a28412cc1246805e842b27aa80adc6deb5a498799d54	20786	experiments/kem-check-pk/T01-validation-semantics/raw-evidence/final-closure-20260730T054434Z/T1R3/dry-run.txt
mlk_kem_check_pk_cleanroom/PKCHECK_T1_FINAL_CLOSURE_20260730T054434Z/T1R3/final-verdict.txt	b3f79b889a94a8dc5c93daf5187e8b08187699e6c43cdb2102355ee39145d5ab	11	experiments/kem-check-pk/T01-validation-semantics/raw-evidence/final-closure-20260730T054434Z/T1R3/final-verdict.txt
mlk_kem_check_pk_cleanroom/PKCHECK_T1_FINAL_CLOSURE_20260730T054434Z/T1R3/functions.txt	796eeeaf030450836c06a2b72bc66575f1b8d93f78d8e5657b37383716cbcdea	2519845	experiments/kem-check-pk/T01-validation-semantics/raw-evidence/final-closure-20260730T054434Z/T1R3/functions.txt
mlk_kem_check_pk_cleanroom/PKCHECK_T1_FINAL_CLOSURE_20260730T054434Z/T1R3/loops.txt	9ecc3191eb2b5bcf824d991486ac124bcfd7cdb60814e6fa6b142e66c8f55d2e	265	experiments/kem-check-pk/T01-validation-semantics/raw-evidence/final-closure-20260730T054434Z/T1R3/loops.txt
mlk_kem_check_pk_cleanroom/PKCHECK_T1_FINAL_CLOSURE_20260730T054434Z/T1R3/properties.tsv	5baa10b7f2a7d5c1585ebb1778d9512250545a72d168c07f669047dc264988e7	630	experiments/kem-check-pk/T01-validation-semantics/raw-evidence/final-closure-20260730T054434Z/T1R3/properties.tsv
mlk_kem_check_pk_cleanroom/PKCHECK_T1_FINAL_CLOSURE_20260730T054434Z/T1R3/property-verdict.txt	338c5655b125902d19241d71bce07cd5fcb6a95840acc92e6c8d0d09c92504f2	35	experiments/kem-check-pk/T01-validation-semantics/raw-evidence/final-closure-20260730T054434Z/T1R3/property-verdict.txt
mlk_kem_check_pk_cleanroom/PKCHECK_T1_FINAL_CLOSURE_20260730T054434Z/T1R3/property.stderr.txt	e3b0c44298fc1c149afbf4c8996fb92427ae41e4649b934ca495991b7852b855	0	experiments/kem-check-pk/T01-validation-semantics/raw-evidence/final-closure-20260730T054434Z/T1R3/property.stderr.txt
mlk_kem_check_pk_cleanroom/PKCHECK_T1_FINAL_CLOSURE_20260730T054434Z/T1R3/property.xml	8fca19ffa105c6a331b415f3ca2dee5c6c9591b011605aad0fee1ee48d6f3938	10260785	experiments/kem-check-pk/T01-validation-semantics/raw-evidence/final-closure-20260730T054434Z/T1R3/property.xml
mlk_kem_check_pk_cleanroom/PKCHECK_T1_FINAL_CLOSURE_20260730T054434Z/T1R3/results.tsv	3602f2a37222914516706eb7df3d02c19a1a4781f412cba06242a20a26633938	684	experiments/kem-check-pk/T01-validation-semantics/raw-evidence/final-closure-20260730T054434Z/T1R3/results.tsv
mlk_kem_check_pk_cleanroom/PKCHECK_T1_FINAL_CLOSURE_20260730T054434Z/T1R3/shards/harness.assertion.1/result.xml	03f4a278faf7de097f2f9189cb8aa1add31acf4afafa972ebc9eaef74e51cbc0	2049	experiments/kem-check-pk/T01-validation-semantics/raw-evidence/final-closure-20260730T054434Z/T1R3/shards/harness.assertion.1/result.xml
mlk_kem_check_pk_cleanroom/PKCHECK_T1_FINAL_CLOSURE_20260730T054434Z/T1R3/shards/harness.assertion.1/stderr.txt	e3b0c44298fc1c149afbf4c8996fb92427ae41e4649b934ca495991b7852b855	0	experiments/kem-check-pk/T01-validation-semantics/raw-evidence/final-closure-20260730T054434Z/T1R3/shards/harness.assertion.1/stderr.txt
mlk_kem_check_pk_cleanroom/PKCHECK_T1_FINAL_CLOSURE_20260730T054434Z/T1R3/shards/harness.assertion.1/time.txt	bf90d0dc153ac8d52b31879a3f9c47d793568957a573197e757504d63b91522e	1110	experiments/kem-check-pk/T01-validation-semantics/raw-evidence/final-closure-20260730T054434Z/T1R3/shards/harness.assertion.1/time.txt
mlk_kem_check_pk_cleanroom/PKCHECK_T1_FINAL_CLOSURE_20260730T054434Z/T1R3/shards/mlk_check_pk.unwind.1/result.xml	d6a22dbf9688ff2736c94a240c6575a6579f6d10e64d50fafdcfc4f6ff94dcdc	1613	experiments/kem-check-pk/T01-validation-semantics/raw-evidence/final-closure-20260730T054434Z/T1R3/shards/mlk_check_pk.unwind.1/result.xml
mlk_kem_check_pk_cleanroom/PKCHECK_T1_FINAL_CLOSURE_20260730T054434Z/T1R3/shards/mlk_check_pk.unwind.1/stderr.txt	e3b0c44298fc1c149afbf4c8996fb92427ae41e4649b934ca495991b7852b855	0	experiments/kem-check-pk/T01-validation-semantics/raw-evidence/final-closure-20260730T054434Z/T1R3/shards/mlk_check_pk.unwind.1/stderr.txt
mlk_kem_check_pk_cleanroom/PKCHECK_T1_FINAL_CLOSURE_20260730T054434Z/T1R3/shards/mlk_check_pk.unwind.1/time.txt	483168b5a43839a8883aeb5ebdef0ff07b7f3af1728e17228c7ef3d3c6339c1e	1109	experiments/kem-check-pk/T01-validation-semantics/raw-evidence/final-closure-20260730T054434Z/T1R3/shards/mlk_check_pk.unwind.1/time.txt
mlk_kem_check_pk_cleanroom/PKCHECK_T1_FINAL_CLOSURE_20260730T054434Z/T1R3/shards/mlk_check_pk.unwind.2/result.xml	1251fdf744e53329fea954013d54dc2d7c0627912aed24c4bd636f294bde6251	1613	experiments/kem-check-pk/T01-validation-semantics/raw-evidence/final-closure-20260730T054434Z/T1R3/shards/mlk_check_pk.unwind.2/result.xml
mlk_kem_check_pk_cleanroom/PKCHECK_T1_FINAL_CLOSURE_20260730T054434Z/T1R3/shards/mlk_check_pk.unwind.2/stderr.txt	e3b0c44298fc1c149afbf4c8996fb92427ae41e4649b934ca495991b7852b855	0	experiments/kem-check-pk/T01-validation-semantics/raw-evidence/final-closure-20260730T054434Z/T1R3/shards/mlk_check_pk.unwind.2/stderr.txt
mlk_kem_check_pk_cleanroom/PKCHECK_T1_FINAL_CLOSURE_20260730T054434Z/T1R3/shards/mlk_check_pk.unwind.2/time.txt	8cc4ea10e13e7d1958ed9287caa4c7458d863c5276d1f32ea21d2259ac98a731	1110	experiments/kem-check-pk/T01-validation-semantics/raw-evidence/final-closure-20260730T054434Z/T1R3/shards/mlk_check_pk.unwind.2/time.txt
mlk_kem_check_pk_cleanroom/PKCHECK_T1_FINAL_CLOSURE_20260730T054434Z/T1R3/shards/mlk_poly_frombytes_c.unwind.1/result.xml	e263626574e926103eaa1b64524422c560994c9ca0a5db7247af37404f12a467	1635	experiments/kem-check-pk/T01-validation-semantics/raw-evidence/final-closure-20260730T054434Z/T1R3/shards/mlk_poly_frombytes_c.unwind.1/result.xml
mlk_kem_check_pk_cleanroom/PKCHECK_T1_FINAL_CLOSURE_20260730T054434Z/T1R3/shards/mlk_poly_frombytes_c.unwind.1/stderr.txt	e3b0c44298fc1c149afbf4c8996fb92427ae41e4649b934ca495991b7852b855	0	experiments/kem-check-pk/T01-validation-semantics/raw-evidence/final-closure-20260730T054434Z/T1R3/shards/mlk_poly_frombytes_c.unwind.1/stderr.txt
mlk_kem_check_pk_cleanroom/PKCHECK_T1_FINAL_CLOSURE_20260730T054434Z/T1R3/shards/mlk_poly_frombytes_c.unwind.1/time.txt	59e1c892abfe692ebe5b0b0948b38c50c176a05358dadf8489c040821433c592	1118	experiments/kem-check-pk/T01-validation-semantics/raw-evidence/final-closure-20260730T054434Z/T1R3/shards/mlk_poly_frombytes_c.unwind.1/time.txt
mlk_kem_check_pk_cleanroom/PKCHECK_T1_FINAL_CLOSURE_20260730T054434Z/T1R3/shards/mlk_poly_reduce_c.unwind.1/result.xml	18c2963eb2ee27ce56c0c93acc2615620d264c85e405520d80bddba3a0487f11	1625	experiments/kem-check-pk/T01-validation-semantics/raw-evidence/final-closure-20260730T054434Z/T1R3/shards/mlk_poly_reduce_c.unwind.1/result.xml
mlk_kem_check_pk_cleanroom/PKCHECK_T1_FINAL_CLOSURE_20260730T054434Z/T1R3/shards/mlk_poly_reduce_c.unwind.1/stderr.txt	e3b0c44298fc1c149afbf4c8996fb92427ae41e4649b934ca495991b7852b855	0	experiments/kem-check-pk/T01-validation-semantics/raw-evidence/final-closure-20260730T054434Z/T1R3/shards/mlk_poly_reduce_c.unwind.1/stderr.txt
mlk_kem_check_pk_cleanroom/PKCHECK_T1_FINAL_CLOSURE_20260730T054434Z/T1R3/shards/mlk_poly_reduce_c.unwind.1/time.txt	196817f34c7c16d07c3f5726cd16606300109a6da7f6bf99079bd87770c7b75f	1115	experiments/kem-check-pk/T01-validation-semantics/raw-evidence/final-closure-20260730T054434Z/T1R3/shards/mlk_poly_reduce_c.unwind.1/time.txt
mlk_kem_check_pk_cleanroom/PKCHECK_T1_FINAL_CLOSURE_20260730T054434Z/T1R3/shards/mlk_poly_tobytes_c.unwind.1/result.xml	1d3dd1cb9e7ed40a03b7ec081b1d552e06b4ce429e77c91c65933ce866af56e4	1631	experiments/kem-check-pk/T01-validation-semantics/raw-evidence/final-closure-20260730T054434Z/T1R3/shards/mlk_poly_tobytes_c.unwind.1/result.xml
mlk_kem_check_pk_cleanroom/PKCHECK_T1_FINAL_CLOSURE_20260730T054434Z/T1R3/shards/mlk_poly_tobytes_c.unwind.1/stderr.txt	e3b0c44298fc1c149afbf4c8996fb92427ae41e4649b934ca495991b7852b855	0	experiments/kem-check-pk/T01-validation-semantics/raw-evidence/final-closure-20260730T054434Z/T1R3/shards/mlk_poly_tobytes_c.unwind.1/stderr.txt
mlk_kem_check_pk_cleanroom/PKCHECK_T1_FINAL_CLOSURE_20260730T054434Z/T1R3/shards/mlk_poly_tobytes_c.unwind.1/time.txt	db1b5ce4c6c0e508ce540c41c4b16aaa944d89a843d5452aada7991381d988c0	1115	experiments/kem-check-pk/T01-validation-semantics/raw-evidence/final-closure-20260730T054434Z/T1R3/shards/mlk_poly_tobytes_c.unwind.1/time.txt
mlk_kem_check_pk_cleanroom/PKCHECK_T1_FINAL_CLOSURE_20260730T054434Z/T1R3/shards/mlk_polyvec_frombytes.unwind.1/result.xml	b42023190651a2f78622505c9c6ec6ada489f1dbdf68ec9e3c3eec027bf71392	1635	experiments/kem-check-pk/T01-validation-semantics/raw-evidence/final-closure-20260730T054434Z/T1R3/shards/mlk_polyvec_frombytes.unwind.1/result.xml
mlk_kem_check_pk_cleanroom/PKCHECK_T1_FINAL_CLOSURE_20260730T054434Z/T1R3/shards/mlk_polyvec_frombytes.unwind.1/stderr.txt	e3b0c44298fc1c149afbf4c8996fb92427ae41e4649b934ca495991b7852b855	0	experiments/kem-check-pk/T01-validation-semantics/raw-evidence/final-closure-20260730T054434Z/T1R3/shards/mlk_polyvec_frombytes.unwind.1/stderr.txt
mlk_kem_check_pk_cleanroom/PKCHECK_T1_FINAL_CLOSURE_20260730T054434Z/T1R3/shards/mlk_polyvec_frombytes.unwind.1/time.txt	caad5120bef3a141418c2dad67231eff45cf12ceb096b4aec660a1c2cedc5b7d	1119	experiments/kem-check-pk/T01-validation-semantics/raw-evidence/final-closure-20260730T054434Z/T1R3/shards/mlk_polyvec_frombytes.unwind.1/time.txt
mlk_kem_check_pk_cleanroom/PKCHECK_T1_FINAL_CLOSURE_20260730T054434Z/T1R3/shards/mlk_polyvec_reduce.unwind.1/result.xml	4621f2337dd558647d178612e4d331ea6aa54d4c964c9fa551c6193cf17cecfc	1629	experiments/kem-check-pk/T01-validation-semantics/raw-evidence/final-closure-20260730T054434Z/T1R3/shards/mlk_polyvec_reduce.unwind.1/result.xml
mlk_kem_check_pk_cleanroom/PKCHECK_T1_FINAL_CLOSURE_20260730T054434Z/T1R3/shards/mlk_polyvec_reduce.unwind.1/stderr.txt	e3b0c44298fc1c149afbf4c8996fb92427ae41e4649b934ca495991b7852b855	0	experiments/kem-check-pk/T01-validation-semantics/raw-evidence/final-closure-20260730T054434Z/T1R3/shards/mlk_polyvec_reduce.unwind.1/stderr.txt
mlk_kem_check_pk_cleanroom/PKCHECK_T1_FINAL_CLOSURE_20260730T054434Z/T1R3/shards/mlk_polyvec_reduce.unwind.1/time.txt	3e4b23a239df220336a39070ac57ee7073ef41bd682da68cf50d857d93e60bf2	1116	experiments/kem-check-pk/T01-validation-semantics/raw-evidence/final-closure-20260730T054434Z/T1R3/shards/mlk_polyvec_reduce.unwind.1/time.txt
mlk_kem_check_pk_cleanroom/PKCHECK_T1_FINAL_CLOSURE_20260730T054434Z/T1R3/shards/mlk_polyvec_tobytes.unwind.1/result.xml	c002fc05c48d53ae9e1626462ddcab087d2a09dc12fc18fbd0ba57ac4f1ed20c	1630	experiments/kem-check-pk/T01-validation-semantics/raw-evidence/final-closure-20260730T054434Z/T1R3/shards/mlk_polyvec_tobytes.unwind.1/result.xml
mlk_kem_check_pk_cleanroom/PKCHECK_T1_FINAL_CLOSURE_20260730T054434Z/T1R3/shards/mlk_polyvec_tobytes.unwind.1/stderr.txt	e3b0c44298fc1c149afbf4c8996fb92427ae41e4649b934ca495991b7852b855	0	experiments/kem-check-pk/T01-validation-semantics/raw-evidence/final-closure-20260730T054434Z/T1R3/shards/mlk_polyvec_tobytes.unwind.1/stderr.txt
mlk_kem_check_pk_cleanroom/PKCHECK_T1_FINAL_CLOSURE_20260730T054434Z/T1R3/shards/mlk_polyvec_tobytes.unwind.1/time.txt	97046d486b80718d6d9f45f9b216200a5f1e3ff56d52dc3f7930ba35c88d00d7	1117	experiments/kem-check-pk/T01-validation-semantics/raw-evidence/final-closure-20260730T054434Z/T1R3/shards/mlk_polyvec_tobytes.unwind.1/time.txt
mlk_kem_check_pk_cleanroom/PKCHECK_T1_FINAL_REDESIGN_GATE/Makefile	5000655017e7f43790ac2fb2f74256b4730ba67c49037b7576b77594edb82847	1498	experiments/kem-check-pk/T01-validation-semantics/records-and-early-development/PKCHECK_T1_FINAL_REDESIGN_GATE/Makefile
mlk_kem_check_pk_cleanroom/PKCHECK_T1_FINAL_REDESIGN_GATE/pkcheck_01b_actual_body_harness.c	3e9d3626bc6272b590869d5870601e3c0ec83d3150c55f1dcad751560a1b7285	3562	experiments/kem-check-pk/T01-validation-semantics/records-and-early-development/PKCHECK_T1_FINAL_REDESIGN_GATE/pkcheck_01b_actual_body_harness.c
mlk_kem_check_pk_cleanroom/PKCHECK_T2_00A_SEED_FRAME_20260730T031357Z/PKCHECK_T2_00B_BUILD_AND_SHARDS_20260730T031823Z/PKCHECK_T2_00B_TERMINAL_SUMMARY.txt	011ee91d9f40f2526e3b3caa0527fc0b547d999d87efc9482a5173becd333bed	4852	experiments/kem-check-pk/T02-frame-and-relational-properties/records-and-early-development/PKCHECK_T2_00B_BUILD_AND_SHARDS_20260730T031823Z/PKCHECK_T2_00B_TERMINAL_SUMMARY.txt
mlk_kem_check_pk_cleanroom/PKCHECK_T2_00A_SEED_FRAME_20260730T031357Z/PKCHECK_T2_00B_BUILD_AND_SHARDS_20260730T031823Z/goto-build.log	790da5905c83069509ed54e018910c28f0a9ee7d361c53250a79148be0721f88	741	experiments/kem-check-pk/T02-frame-and-relational-properties/records-and-early-development/PKCHECK_T2_00B_BUILD_AND_SHARDS_20260730T031823Z/goto-build.log
mlk_kem_check_pk_cleanroom/PKCHECK_T2_00A_SEED_FRAME_20260730T031357Z/PKCHECK_T2_00B_BUILD_AND_SHARDS_20260730T031823Z/make-dry-run.txt	75099a923406ba55f5a1845cb4c8e45eea61184875bffd0c2281d0f9c57119b8	24264	experiments/kem-check-pk/T02-frame-and-relational-properties/records-and-early-development/PKCHECK_T2_00B_BUILD_AND_SHARDS_20260730T031823Z/make-dry-run.txt
mlk_kem_check_pk_cleanroom/PKCHECK_T2_00A_SEED_FRAME_20260730T031357Z/PKCHECK_T2_00C_INITIALIZE_BUILD_PROVE_20260730T032207Z/PKCHECK_T2_00C_TERMINAL_SUMMARY.txt	1e9d2d3380168bfd955e0ff85244179f379c319cea7d0acbdd140eb2014e9907	67237	experiments/kem-check-pk/T02-frame-and-relational-properties/records-and-early-development/PKCHECK_T2_00C_INITIALIZE_BUILD_PROVE_20260730T032207Z/PKCHECK_T2_00C_TERMINAL_SUMMARY.txt
mlk_kem_check_pk_cleanroom/PKCHECK_T2_00A_SEED_FRAME_20260730T031357Z/PKCHECK_T2_00C_INITIALIZE_BUILD_PROVE_20260730T032207Z/default-make.log	295546a4dae478f9a1eeb0972af4ad760885fd51460b478629cec5271fa575cb	9639	experiments/kem-check-pk/T02-frame-and-relational-properties/records-and-early-development/PKCHECK_T2_00C_INITIALIZE_BUILD_PROVE_20260730T032207Z/default-make.log
mlk_kem_check_pk_cleanroom/PKCHECK_T2_00A_SEED_FRAME_20260730T031357Z/PKCHECK_T2_00C_INITIALIZE_BUILD_PROVE_20260730T032207Z/final-functions.stderr.txt	e3b0c44298fc1c149afbf4c8996fb92427ae41e4649b934ca495991b7852b855	0	experiments/kem-check-pk/T02-frame-and-relational-properties/records-and-early-development/PKCHECK_T2_00C_INITIALIZE_BUILD_PROVE_20260730T032207Z/final-functions.stderr.txt
mlk_kem_check_pk_cleanroom/PKCHECK_T2_00A_SEED_FRAME_20260730T031357Z/PKCHECK_T2_00C_INITIALIZE_BUILD_PROVE_20260730T032207Z/final-functions.txt	a7b9d09c5ca1f6085bd53bdb9be381a33e535b7c9f3f137f4bd550098b4e3791	347503	experiments/kem-check-pk/T02-frame-and-relational-properties/records-and-early-development/PKCHECK_T2_00C_INITIALIZE_BUILD_PROVE_20260730T032207Z/final-functions.txt
mlk_kem_check_pk_cleanroom/PKCHECK_T2_00A_SEED_FRAME_20260730T031357Z/PKCHECK_T2_00C_INITIALIZE_BUILD_PROVE_20260730T032207Z/final-loops.stderr.txt	e3b0c44298fc1c149afbf4c8996fb92427ae41e4649b934ca495991b7852b855	0	experiments/kem-check-pk/T02-frame-and-relational-properties/records-and-early-development/PKCHECK_T2_00C_INITIALIZE_BUILD_PROVE_20260730T032207Z/final-loops.stderr.txt
mlk_kem_check_pk_cleanroom/PKCHECK_T2_00A_SEED_FRAME_20260730T031357Z/PKCHECK_T2_00C_INITIALIZE_BUILD_PROVE_20260730T032207Z/final-loops.txt	c1c74aed22c487a89b90737bd7c7f8562ee63c797dd80f2bd590d5b949aad8f3	1163	experiments/kem-check-pk/T02-frame-and-relational-properties/records-and-early-development/PKCHECK_T2_00C_INITIALIZE_BUILD_PROVE_20260730T032207Z/final-loops.txt
mlk_kem_check_pk_cleanroom/PKCHECK_T2_00A_SEED_FRAME_20260730T031357Z/PKCHECK_T2_00C_INITIALIZE_BUILD_PROVE_20260730T032207Z/kernel-events.txt	ecf34b35ff9d6b72e452ae5daefe4e8f47c82392abe3eb9b0d5b743936789fbe	7840	experiments/kem-check-pk/T02-frame-and-relational-properties/records-and-early-development/PKCHECK_T2_00C_INITIALIZE_BUILD_PROVE_20260730T032207Z/kernel-events.txt
mlk_kem_check_pk_cleanroom/PKCHECK_T2_00A_SEED_FRAME_20260730T031357Z/PKCHECK_T2_00C_INITIALIZE_BUILD_PROVE_20260730T032207Z/make-dry-run.txt	75099a923406ba55f5a1845cb4c8e45eea61184875bffd0c2281d0f9c57119b8	24264	experiments/kem-check-pk/T02-frame-and-relational-properties/records-and-early-development/PKCHECK_T2_00C_INITIALIZE_BUILD_PROVE_20260730T032207Z/make-dry-run.txt
mlk_kem_check_pk_cleanroom/PKCHECK_T2_00A_SEED_FRAME_20260730T031357Z/PKCHECK_T2_00C_INITIALIZE_BUILD_PROVE_20260730T032207Z/property.stderr.txt	e3b0c44298fc1c149afbf4c8996fb92427ae41e4649b934ca495991b7852b855	0	experiments/kem-check-pk/T02-frame-and-relational-properties/records-and-early-development/PKCHECK_T2_00C_INITIALIZE_BUILD_PROVE_20260730T032207Z/property.stderr.txt
mlk_kem_check_pk_cleanroom/PKCHECK_T2_00A_SEED_FRAME_20260730T031357Z/PKCHECK_T2_00C_INITIALIZE_BUILD_PROVE_20260730T032207Z/property.xml	cf05f78cd75d35cdd689b737041ecebe9d8b2e7f57dc4c14382974d09244847f	109468	experiments/kem-check-pk/T02-frame-and-relational-properties/records-and-early-development/PKCHECK_T2_00C_INITIALIZE_BUILD_PROVE_20260730T032207Z/property.xml
mlk_kem_check_pk_cleanroom/PKCHECK_T2_00A_SEED_FRAME_20260730T031357Z/PKCHECK_T2_00C_INITIALIZE_BUILD_PROVE_20260730T032207Z/shard-summary.tsv	5581f99639a69f171931e039ff8a5b0035b74707f807f3a900c7b0dbea3d64a2	371	experiments/kem-check-pk/T02-frame-and-relational-properties/records-and-early-development/PKCHECK_T2_00C_INITIALIZE_BUILD_PROVE_20260730T032207Z/shard-summary.tsv
mlk_kem_check_pk_cleanroom/PKCHECK_T2_00A_SEED_FRAME_20260730T031357Z/PKCHECK_T2_00C_INITIALIZE_BUILD_PROVE_20260730T032207Z/shards/01_harness.assertion.1/command.txt	2c12018ee4d340e7b8efd2e003fc332b8d369bc7a0753f7706948f7f5b2a0bf4	316	experiments/kem-check-pk/T02-frame-and-relational-properties/records-and-early-development/PKCHECK_T2_00C_INITIALIZE_BUILD_PROVE_20260730T032207Z/shards/01_harness.assertion.1/command.txt
mlk_kem_check_pk_cleanroom/PKCHECK_T2_00A_SEED_FRAME_20260730T031357Z/PKCHECK_T2_00C_INITIALIZE_BUILD_PROVE_20260730T032207Z/shards/01_harness.assertion.1/result.xml	de3cce402400601135157fd15f1d3ad09211bcdab1d40e140b337610b3f7a4a3	1131	experiments/kem-check-pk/T02-frame-and-relational-properties/records-and-early-development/PKCHECK_T2_00C_INITIALIZE_BUILD_PROVE_20260730T032207Z/shards/01_harness.assertion.1/result.xml
mlk_kem_check_pk_cleanroom/PKCHECK_T2_00A_SEED_FRAME_20260730T031357Z/PKCHECK_T2_00C_INITIALIZE_BUILD_PROVE_20260730T032207Z/shards/01_harness.assertion.1/stderr.txt	e3b0c44298fc1c149afbf4c8996fb92427ae41e4649b934ca495991b7852b855	0	experiments/kem-check-pk/T02-frame-and-relational-properties/records-and-early-development/PKCHECK_T2_00C_INITIALIZE_BUILD_PROVE_20260730T032207Z/shards/01_harness.assertion.1/stderr.txt
mlk_kem_check_pk_cleanroom/PKCHECK_T2_00A_SEED_FRAME_20260730T031357Z/PKCHECK_T2_00C_INITIALIZE_BUILD_PROVE_20260730T032207Z/shards/01_harness.assertion.1/time.txt	a53fe9d892678e29fe1182dbbf517851b6a3675f198ac7f6bb6e654978452180	1117	experiments/kem-check-pk/T02-frame-and-relational-properties/records-and-early-development/PKCHECK_T2_00C_INITIALIZE_BUILD_PROVE_20260730T032207Z/shards/01_harness.assertion.1/time.txt
mlk_kem_check_pk_cleanroom/PKCHECK_T2_00A_SEED_FRAME_20260730T031357Z/PKCHECK_T2_00C_INITIALIZE_BUILD_PROVE_20260730T032207Z/shards/02_harness.assertion.2/command.txt	4284365b69df886c34908348d4a3157f17eff734dc23d27451960165bdc00c34	316	experiments/kem-check-pk/T02-frame-and-relational-properties/records-and-early-development/PKCHECK_T2_00C_INITIALIZE_BUILD_PROVE_20260730T032207Z/shards/02_harness.assertion.2/command.txt
mlk_kem_check_pk_cleanroom/PKCHECK_T2_00A_SEED_FRAME_20260730T031357Z/PKCHECK_T2_00C_INITIALIZE_BUILD_PROVE_20260730T032207Z/shards/02_harness.assertion.2/result.xml	de3cce402400601135157fd15f1d3ad09211bcdab1d40e140b337610b3f7a4a3	1131	experiments/kem-check-pk/T02-frame-and-relational-properties/records-and-early-development/PKCHECK_T2_00C_INITIALIZE_BUILD_PROVE_20260730T032207Z/shards/02_harness.assertion.2/result.xml
mlk_kem_check_pk_cleanroom/PKCHECK_T2_00A_SEED_FRAME_20260730T031357Z/PKCHECK_T2_00C_INITIALIZE_BUILD_PROVE_20260730T032207Z/shards/02_harness.assertion.2/stderr.txt	e3b0c44298fc1c149afbf4c8996fb92427ae41e4649b934ca495991b7852b855	0	experiments/kem-check-pk/T02-frame-and-relational-properties/records-and-early-development/PKCHECK_T2_00C_INITIALIZE_BUILD_PROVE_20260730T032207Z/shards/02_harness.assertion.2/stderr.txt
mlk_kem_check_pk_cleanroom/PKCHECK_T2_00A_SEED_FRAME_20260730T031357Z/PKCHECK_T2_00C_INITIALIZE_BUILD_PROVE_20260730T032207Z/shards/02_harness.assertion.2/time.txt	a0b9d0e5ea7b0b1f52c1d84de377d065a762cf5819da31c844f4784c621c7cd7	1117	experiments/kem-check-pk/T02-frame-and-relational-properties/records-and-early-development/PKCHECK_T2_00C_INITIALIZE_BUILD_PROVE_20260730T032207Z/shards/02_harness.assertion.2/time.txt
mlk_kem_check_pk_cleanroom/PKCHECK_T2_00A_SEED_FRAME_20260730T031357Z/PKCHECK_T2_00C_INITIALIZE_BUILD_PROVE_20260730T032207Z/shards/03_harness.assertion.3/command.txt	eb8d247a418bdd58ae5e0dd8c57e726556ee6e7720bdd5960b719a2ef2b16636	316	experiments/kem-check-pk/T02-frame-and-relational-properties/records-and-early-development/PKCHECK_T2_00C_INITIALIZE_BUILD_PROVE_20260730T032207Z/shards/03_harness.assertion.3/command.txt
mlk_kem_check_pk_cleanroom/PKCHECK_T2_00A_SEED_FRAME_20260730T031357Z/PKCHECK_T2_00C_INITIALIZE_BUILD_PROVE_20260730T032207Z/shards/03_harness.assertion.3/result.xml	de3cce402400601135157fd15f1d3ad09211bcdab1d40e140b337610b3f7a4a3	1131	experiments/kem-check-pk/T02-frame-and-relational-properties/records-and-early-development/PKCHECK_T2_00C_INITIALIZE_BUILD_PROVE_20260730T032207Z/shards/03_harness.assertion.3/result.xml
mlk_kem_check_pk_cleanroom/PKCHECK_T2_00A_SEED_FRAME_20260730T031357Z/PKCHECK_T2_00C_INITIALIZE_BUILD_PROVE_20260730T032207Z/shards/03_harness.assertion.3/stderr.txt	e3b0c44298fc1c149afbf4c8996fb92427ae41e4649b934ca495991b7852b855	0	experiments/kem-check-pk/T02-frame-and-relational-properties/records-and-early-development/PKCHECK_T2_00C_INITIALIZE_BUILD_PROVE_20260730T032207Z/shards/03_harness.assertion.3/stderr.txt
mlk_kem_check_pk_cleanroom/PKCHECK_T2_00A_SEED_FRAME_20260730T031357Z/PKCHECK_T2_00C_INITIALIZE_BUILD_PROVE_20260730T032207Z/shards/03_harness.assertion.3/time.txt	ca61da26273e15b8d18ce358c69d2b1b55b7c29f7ab70822f6a55c2840ee7252	1117	experiments/kem-check-pk/T02-frame-and-relational-properties/records-and-early-development/PKCHECK_T2_00C_INITIALIZE_BUILD_PROVE_20260730T032207Z/shards/03_harness.assertion.3/time.txt
mlk_kem_check_pk_cleanroom/PKCHECK_T2_00A_SEED_FRAME_20260730T031357Z/PKCHECK_T2_00C_INITIALIZE_BUILD_PROVE_20260730T032207Z/shards/04_harness.assertion.4/command.txt	5abd14ef6ba9b5f6460ecddb8ccadb83e14d251721814b87cc0658d6853d757f	316	experiments/kem-check-pk/T02-frame-and-relational-properties/records-and-early-development/PKCHECK_T2_00C_INITIALIZE_BUILD_PROVE_20260730T032207Z/shards/04_harness.assertion.4/command.txt
mlk_kem_check_pk_cleanroom/PKCHECK_T2_00A_SEED_FRAME_20260730T031357Z/PKCHECK_T2_00C_INITIALIZE_BUILD_PROVE_20260730T032207Z/shards/04_harness.assertion.4/result.xml	de3cce402400601135157fd15f1d3ad09211bcdab1d40e140b337610b3f7a4a3	1131	experiments/kem-check-pk/T02-frame-and-relational-properties/records-and-early-development/PKCHECK_T2_00C_INITIALIZE_BUILD_PROVE_20260730T032207Z/shards/04_harness.assertion.4/result.xml
mlk_kem_check_pk_cleanroom/PKCHECK_T2_00A_SEED_FRAME_20260730T031357Z/PKCHECK_T2_00C_INITIALIZE_BUILD_PROVE_20260730T032207Z/shards/04_harness.assertion.4/stderr.txt	e3b0c44298fc1c149afbf4c8996fb92427ae41e4649b934ca495991b7852b855	0	experiments/kem-check-pk/T02-frame-and-relational-properties/records-and-early-development/PKCHECK_T2_00C_INITIALIZE_BUILD_PROVE_20260730T032207Z/shards/04_harness.assertion.4/stderr.txt
mlk_kem_check_pk_cleanroom/PKCHECK_T2_00A_SEED_FRAME_20260730T031357Z/PKCHECK_T2_00C_INITIALIZE_BUILD_PROVE_20260730T032207Z/shards/04_harness.assertion.4/time.txt	92c1ce5f90f79f601bef96886026c0cf573e60c08f9655cfdccf5d2ea1f2fe82	1117	experiments/kem-check-pk/T02-frame-and-relational-properties/records-and-early-development/PKCHECK_T2_00C_INITIALIZE_BUILD_PROVE_20260730T032207Z/shards/04_harness.assertion.4/time.txt
mlk_kem_check_pk_cleanroom/PKCHECK_T2_00A_SEED_FRAME_20260730T031357Z/PKCHECK_T2_00C_INITIALIZE_BUILD_PROVE_20260730T032207Z/t2-properties.tsv	12523c3593432c1d85c3029b847521cec8ca873dd784dddfc5c73fd983c59ce9	390	experiments/kem-check-pk/T02-frame-and-relational-properties/records-and-early-development/PKCHECK_T2_00C_INITIALIZE_BUILD_PROVE_20260730T032207Z/t2-properties.tsv
mlk_kem_check_pk_cleanroom/PKCHECK_T2_00A_SEED_FRAME_20260730T031357Z/PKCHECK_T2_00D_OPTIMIZED_REPAIR_20260730T033838Z/Makefile.before	d26924baddf5a1e40b90ffe91781f1092c91a23826dd0af3ba3406ea6d0992b6	916	experiments/kem-check-pk/T02-frame-and-relational-properties/records-and-early-development/PKCHECK_T2_00D_OPTIMIZED_REPAIR_20260730T033838Z/Makefile.before
mlk_kem_check_pk_cleanroom/PKCHECK_T2_00A_SEED_FRAME_20260730T031357Z/PKCHECK_T2_00D_OPTIMIZED_REPAIR_20260730T033838Z/PATCH_RECORD.txt	af77ec2911c004c4ed0f848a19b9da214365d292f8f0451d4211e452609f8382	1098	experiments/kem-check-pk/T02-frame-and-relational-properties/records-and-early-development/PKCHECK_T2_00D_OPTIMIZED_REPAIR_20260730T033838Z/PATCH_RECORD.txt
mlk_kem_check_pk_cleanroom/PKCHECK_T2_00A_SEED_FRAME_20260730T031357Z/PKCHECK_T2_00D_OPTIMIZED_REPAIR_20260730T033838Z/PKCHECK_T2_00D_TERMINAL_SUMMARY.txt	0b6b27b12aab02c7163bc6717967a4fdd3a8f188155dc7fcab3b21e69ba8aee9	12514	experiments/kem-check-pk/T02-frame-and-relational-properties/records-and-early-development/PKCHECK_T2_00D_OPTIMIZED_REPAIR_20260730T033838Z/PKCHECK_T2_00D_TERMINAL_SUMMARY.txt
mlk_kem_check_pk_cleanroom/PKCHECK_T2_00A_SEED_FRAME_20260730T031357Z/PKCHECK_T2_00D_OPTIMIZED_REPAIR_20260730T033838Z/harness.before.c	7d43b426b4e05c5bf629f7e4e599a97d084c9718311e8eda01029f04deb598a8	3990	experiments/kem-check-pk/T02-frame-and-relational-properties/records-and-early-development/PKCHECK_T2_00D_OPTIMIZED_REPAIR_20260730T033838Z/harness.before.c
mlk_kem_check_pk_cleanroom/PKCHECK_T2_00A_SEED_FRAME_20260730T031357Z/PKCHECK_T2_00D_OPTIMIZED_REPAIR_20260730T033838Z/model.before.goto	ebd3a6fbe6db17838125eabd4ecee81452461e2eefc7529680db0588808cb48b	288541	experiments/kem-check-pk/T02-frame-and-relational-properties/records-and-early-development/PKCHECK_T2_00D_OPTIMIZED_REPAIR_20260730T033838Z/model.before.goto
mlk_kem_check_pk_cleanroom/PKCHECK_T2_00A_SEED_FRAME_20260730T031357Z/PKCHECK_T2_00E_REBUILD_AND_PROVE_20260730T034238Z/PKCHECK_T2_00E_TERMINAL_SUMMARY.txt	03811cca2e299fd74efa93f9bd17967f74b509b555245ccf77a0999b0cd19e0e	36448	experiments/kem-check-pk/T02-frame-and-relational-properties/records-and-early-development/PKCHECK_T2_00E_REBUILD_AND_PROVE_20260730T034238Z/PKCHECK_T2_00E_TERMINAL_SUMMARY.txt
mlk_kem_check_pk_cleanroom/PKCHECK_T2_00A_SEED_FRAME_20260730T031357Z/PKCHECK_T2_00E_REBUILD_AND_PROVE_20260730T034238Z/default-make.log	a1d482f608d98303036f723d1cf2495fc093d03aba216af63713e9e068c1fb56	6067	experiments/kem-check-pk/T02-frame-and-relational-properties/records-and-early-development/PKCHECK_T2_00E_REBUILD_AND_PROVE_20260730T034238Z/default-make.log
mlk_kem_check_pk_cleanroom/PKCHECK_T2_00A_SEED_FRAME_20260730T031357Z/PKCHECK_T2_00E_REBUILD_AND_PROVE_20260730T034238Z/final-functions.txt	35f3638a4b90e8ec46438619a68f69ad1f9625ee5a08e750ba3e465ccf506ec3	331503	experiments/kem-check-pk/T02-frame-and-relational-properties/records-and-early-development/PKCHECK_T2_00E_REBUILD_AND_PROVE_20260730T034238Z/final-functions.txt
mlk_kem_check_pk_cleanroom/PKCHECK_T2_00A_SEED_FRAME_20260730T031357Z/PKCHECK_T2_00E_REBUILD_AND_PROVE_20260730T034238Z/final-loops.txt	c1c74aed22c487a89b90737bd7c7f8562ee63c797dd80f2bd590d5b949aad8f3	1163	experiments/kem-check-pk/T02-frame-and-relational-properties/records-and-early-development/PKCHECK_T2_00E_REBUILD_AND_PROVE_20260730T034238Z/final-loops.txt
mlk_kem_check_pk_cleanroom/PKCHECK_T2_00A_SEED_FRAME_20260730T031357Z/PKCHECK_T2_00E_REBUILD_AND_PROVE_20260730T034238Z/kernel-events.txt	c531283983e474a84edbe78c4c20772a928ffea1f13c397bef1d2332556fffaf	6455	experiments/kem-check-pk/T02-frame-and-relational-properties/records-and-early-development/PKCHECK_T2_00E_REBUILD_AND_PROVE_20260730T034238Z/kernel-events.txt
mlk_kem_check_pk_cleanroom/PKCHECK_T2_00A_SEED_FRAME_20260730T031357Z/PKCHECK_T2_00E_REBUILD_AND_PROVE_20260730T034238Z/make-dry-run.txt	75099a923406ba55f5a1845cb4c8e45eea61184875bffd0c2281d0f9c57119b8	24264	experiments/kem-check-pk/T02-frame-and-relational-properties/records-and-early-development/PKCHECK_T2_00E_REBUILD_AND_PROVE_20260730T034238Z/make-dry-run.txt
mlk_kem_check_pk_cleanroom/PKCHECK_T2_00A_SEED_FRAME_20260730T031357Z/PKCHECK_T2_00E_REBUILD_AND_PROVE_20260730T034238Z/property.stderr.txt	e3b0c44298fc1c149afbf4c8996fb92427ae41e4649b934ca495991b7852b855	0	experiments/kem-check-pk/T02-frame-and-relational-properties/records-and-early-development/PKCHECK_T2_00E_REBUILD_AND_PROVE_20260730T034238Z/property.stderr.txt
mlk_kem_check_pk_cleanroom/PKCHECK_T2_00A_SEED_FRAME_20260730T031357Z/PKCHECK_T2_00E_REBUILD_AND_PROVE_20260730T034238Z/property.xml	e2f9b6530cfb39231795fa1a480a93f9fba9f8d5487a18fa936f5838d5ee7e5a	129468	experiments/kem-check-pk/T02-frame-and-relational-properties/records-and-early-development/PKCHECK_T2_00E_REBUILD_AND_PROVE_20260730T034238Z/property.xml
mlk_kem_check_pk_cleanroom/PKCHECK_T2_00A_SEED_FRAME_20260730T031357Z/PKCHECK_T2_00E_REBUILD_AND_PROVE_20260730T034238Z/shard-summary.tsv	e8f3328b7543328b94135d88b1f3b1bc29c137bb09513427faeaf9e6139938e6	324	experiments/kem-check-pk/T02-frame-and-relational-properties/records-and-early-development/PKCHECK_T2_00E_REBUILD_AND_PROVE_20260730T034238Z/shard-summary.tsv
mlk_kem_check_pk_cleanroom/PKCHECK_T2_00A_SEED_FRAME_20260730T031357Z/PKCHECK_T2_00E_REBUILD_AND_PROVE_20260730T034238Z/shards/01_harness.assertion.1/command.txt	2c12018ee4d340e7b8efd2e003fc332b8d369bc7a0753f7706948f7f5b2a0bf4	316	experiments/kem-check-pk/T02-frame-and-relational-properties/records-and-early-development/PKCHECK_T2_00E_REBUILD_AND_PROVE_20260730T034238Z/shards/01_harness.assertion.1/command.txt
mlk_kem_check_pk_cleanroom/PKCHECK_T2_00A_SEED_FRAME_20260730T031357Z/PKCHECK_T2_00E_REBUILD_AND_PROVE_20260730T034238Z/shards/01_harness.assertion.1/result.xml	441f90157180459d65550e1e761b4218597be6bbb391930cc8501133b40ffbea	1948	experiments/kem-check-pk/T02-frame-and-relational-properties/records-and-early-development/PKCHECK_T2_00E_REBUILD_AND_PROVE_20260730T034238Z/shards/01_harness.assertion.1/result.xml
mlk_kem_check_pk_cleanroom/PKCHECK_T2_00A_SEED_FRAME_20260730T031357Z/PKCHECK_T2_00E_REBUILD_AND_PROVE_20260730T034238Z/shards/01_harness.assertion.1/stderr.txt	e3b0c44298fc1c149afbf4c8996fb92427ae41e4649b934ca495991b7852b855	0	experiments/kem-check-pk/T02-frame-and-relational-properties/records-and-early-development/PKCHECK_T2_00E_REBUILD_AND_PROVE_20260730T034238Z/shards/01_harness.assertion.1/stderr.txt
mlk_kem_check_pk_cleanroom/PKCHECK_T2_00A_SEED_FRAME_20260730T031357Z/PKCHECK_T2_00E_REBUILD_AND_PROVE_20260730T034238Z/shards/01_harness.assertion.1/time.txt	d9acc60e22e0e09e1be8449e20c8583f7aa731809cae4c2601429cda1d0f27c0	1071	experiments/kem-check-pk/T02-frame-and-relational-properties/records-and-early-development/PKCHECK_T2_00E_REBUILD_AND_PROVE_20260730T034238Z/shards/01_harness.assertion.1/time.txt
mlk_kem_check_pk_cleanroom/PKCHECK_T2_00A_SEED_FRAME_20260730T031357Z/PKCHECK_T2_00E_REBUILD_AND_PROVE_20260730T034238Z/shards/02_harness.assertion.2/command.txt	4284365b69df886c34908348d4a3157f17eff734dc23d27451960165bdc00c34	316	experiments/kem-check-pk/T02-frame-and-relational-properties/records-and-early-development/PKCHECK_T2_00E_REBUILD_AND_PROVE_20260730T034238Z/shards/02_harness.assertion.2/command.txt
mlk_kem_check_pk_cleanroom/PKCHECK_T2_00A_SEED_FRAME_20260730T031357Z/PKCHECK_T2_00E_REBUILD_AND_PROVE_20260730T034238Z/shards/02_harness.assertion.2/result.xml	de3cce402400601135157fd15f1d3ad09211bcdab1d40e140b337610b3f7a4a3	1131	experiments/kem-check-pk/T02-frame-and-relational-properties/records-and-early-development/PKCHECK_T2_00E_REBUILD_AND_PROVE_20260730T034238Z/shards/02_harness.assertion.2/result.xml
mlk_kem_check_pk_cleanroom/PKCHECK_T2_00A_SEED_FRAME_20260730T031357Z/PKCHECK_T2_00E_REBUILD_AND_PROVE_20260730T034238Z/shards/02_harness.assertion.2/stderr.txt	e3b0c44298fc1c149afbf4c8996fb92427ae41e4649b934ca495991b7852b855	0	experiments/kem-check-pk/T02-frame-and-relational-properties/records-and-early-development/PKCHECK_T2_00E_REBUILD_AND_PROVE_20260730T034238Z/shards/02_harness.assertion.2/stderr.txt
mlk_kem_check_pk_cleanroom/PKCHECK_T2_00A_SEED_FRAME_20260730T031357Z/PKCHECK_T2_00E_REBUILD_AND_PROVE_20260730T034238Z/shards/02_harness.assertion.2/time.txt	d1f06ec3f6db8cba523d658da1a549cbb00939a99f8e47e030de721abd57095a	1115	experiments/kem-check-pk/T02-frame-and-relational-properties/records-and-early-development/PKCHECK_T2_00E_REBUILD_AND_PROVE_20260730T034238Z/shards/02_harness.assertion.2/time.txt
mlk_kem_check_pk_cleanroom/PKCHECK_T2_00A_SEED_FRAME_20260730T031357Z/PKCHECK_T2_00E_REBUILD_AND_PROVE_20260730T034238Z/shards/03_harness.assertion.3/command.txt	eb8d247a418bdd58ae5e0dd8c57e726556ee6e7720bdd5960b719a2ef2b16636	316	experiments/kem-check-pk/T02-frame-and-relational-properties/records-and-early-development/PKCHECK_T2_00E_REBUILD_AND_PROVE_20260730T034238Z/shards/03_harness.assertion.3/command.txt
mlk_kem_check_pk_cleanroom/PKCHECK_T2_00A_SEED_FRAME_20260730T031357Z/PKCHECK_T2_00E_REBUILD_AND_PROVE_20260730T034238Z/shards/03_harness.assertion.3/result.xml	de3cce402400601135157fd15f1d3ad09211bcdab1d40e140b337610b3f7a4a3	1131	experiments/kem-check-pk/T02-frame-and-relational-properties/records-and-early-development/PKCHECK_T2_00E_REBUILD_AND_PROVE_20260730T034238Z/shards/03_harness.assertion.3/result.xml
mlk_kem_check_pk_cleanroom/PKCHECK_T2_00A_SEED_FRAME_20260730T031357Z/PKCHECK_T2_00E_REBUILD_AND_PROVE_20260730T034238Z/shards/03_harness.assertion.3/stderr.txt	e3b0c44298fc1c149afbf4c8996fb92427ae41e4649b934ca495991b7852b855	0	experiments/kem-check-pk/T02-frame-and-relational-properties/records-and-early-development/PKCHECK_T2_00E_REBUILD_AND_PROVE_20260730T034238Z/shards/03_harness.assertion.3/stderr.txt
mlk_kem_check_pk_cleanroom/PKCHECK_T2_00A_SEED_FRAME_20260730T031357Z/PKCHECK_T2_00E_REBUILD_AND_PROVE_20260730T034238Z/shards/03_harness.assertion.3/time.txt	b772c1a0ebeeff4663dfee1bb4902f6993b231cac10ab85c43be9bc366235133	1115	experiments/kem-check-pk/T02-frame-and-relational-properties/records-and-early-development/PKCHECK_T2_00E_REBUILD_AND_PROVE_20260730T034238Z/shards/03_harness.assertion.3/time.txt
mlk_kem_check_pk_cleanroom/PKCHECK_T2_00A_SEED_FRAME_20260730T031357Z/PKCHECK_T2_00E_REBUILD_AND_PROVE_20260730T034238Z/shards/04_harness.assertion.4/command.txt	5abd14ef6ba9b5f6460ecddb8ccadb83e14d251721814b87cc0658d6853d757f	316	experiments/kem-check-pk/T02-frame-and-relational-properties/records-and-early-development/PKCHECK_T2_00E_REBUILD_AND_PROVE_20260730T034238Z/shards/04_harness.assertion.4/command.txt
mlk_kem_check_pk_cleanroom/PKCHECK_T2_00A_SEED_FRAME_20260730T031357Z/PKCHECK_T2_00E_REBUILD_AND_PROVE_20260730T034238Z/shards/04_harness.assertion.4/result.xml	de3cce402400601135157fd15f1d3ad09211bcdab1d40e140b337610b3f7a4a3	1131	experiments/kem-check-pk/T02-frame-and-relational-properties/records-and-early-development/PKCHECK_T2_00E_REBUILD_AND_PROVE_20260730T034238Z/shards/04_harness.assertion.4/result.xml
mlk_kem_check_pk_cleanroom/PKCHECK_T2_00A_SEED_FRAME_20260730T031357Z/PKCHECK_T2_00E_REBUILD_AND_PROVE_20260730T034238Z/shards/04_harness.assertion.4/stderr.txt	e3b0c44298fc1c149afbf4c8996fb92427ae41e4649b934ca495991b7852b855	0	experiments/kem-check-pk/T02-frame-and-relational-properties/records-and-early-development/PKCHECK_T2_00E_REBUILD_AND_PROVE_20260730T034238Z/shards/04_harness.assertion.4/stderr.txt
mlk_kem_check_pk_cleanroom/PKCHECK_T2_00A_SEED_FRAME_20260730T031357Z/PKCHECK_T2_00E_REBUILD_AND_PROVE_20260730T034238Z/shards/04_harness.assertion.4/time.txt	dd6e1d9d681c7543a4f56d508db094e314d4f38e701a5b51977cd6f993fbed76	1116	experiments/kem-check-pk/T02-frame-and-relational-properties/records-and-early-development/PKCHECK_T2_00E_REBUILD_AND_PROVE_20260730T034238Z/shards/04_harness.assertion.4/time.txt
mlk_kem_check_pk_cleanroom/PKCHECK_T2_00A_SEED_FRAME_20260730T031357Z/PKCHECK_T2_00E_REBUILD_AND_PROVE_20260730T034238Z/t2-properties.tsv	87638caafb9f5a32065fa147af88a07aa35f9cdbf2b32e2cb1d1ef1c42773734	451	experiments/kem-check-pk/T02-frame-and-relational-properties/records-and-early-development/PKCHECK_T2_00E_REBUILD_AND_PROVE_20260730T034238Z/t2-properties.tsv
mlk_kem_check_pk_cleanroom/PKCHECK_T2_00A_SEED_FRAME_20260730T031357Z/PKCHECK_T2_00F_NON_DFCC_PREFLIGHT_20260730T040636Z/Makefile.before	d26924baddf5a1e40b90ffe91781f1092c91a23826dd0af3ba3406ea6d0992b6	916	experiments/kem-check-pk/T02-frame-and-relational-properties/records-and-early-development/PKCHECK_T2_00F_NON_DFCC_PREFLIGHT_20260730T040636Z/Makefile.before
mlk_kem_check_pk_cleanroom/PKCHECK_T2_00A_SEED_FRAME_20260730T031357Z/PKCHECK_T2_00F_NON_DFCC_PREFLIGHT_20260730T040636Z/PATCH_RECORD.txt	bd3489d87e9babe1233eca24c4413fd6b63894b5ac64d03a209e7e698504b26f	728	experiments/kem-check-pk/T02-frame-and-relational-properties/records-and-early-development/PKCHECK_T2_00F_NON_DFCC_PREFLIGHT_20260730T040636Z/PATCH_RECORD.txt
mlk_kem_check_pk_cleanroom/PKCHECK_T2_00A_SEED_FRAME_20260730T031357Z/PKCHECK_T2_00F_NON_DFCC_PREFLIGHT_20260730T040636Z/PKCHECK_T2_00F_TERMINAL_SUMMARY.txt	0f84816da2491f83b3311f3b3fe26abd9f78cd0ef211dd58614edf3f600edc4e	21548	experiments/kem-check-pk/T02-frame-and-relational-properties/records-and-early-development/PKCHECK_T2_00F_NON_DFCC_PREFLIGHT_20260730T040636Z/PKCHECK_T2_00F_TERMINAL_SUMMARY.txt
mlk_kem_check_pk_cleanroom/PKCHECK_T2_00A_SEED_FRAME_20260730T031357Z/PKCHECK_T2_00F_NON_DFCC_PREFLIGHT_20260730T040636Z/final-functions.txt	a9f90ef9ecde1bf59dd67579abe33bd6703494f57d4f1b111520d5232ba289db	64316	experiments/kem-check-pk/T02-frame-and-relational-properties/records-and-early-development/PKCHECK_T2_00F_NON_DFCC_PREFLIGHT_20260730T040636Z/final-functions.txt
mlk_kem_check_pk_cleanroom/PKCHECK_T2_00A_SEED_FRAME_20260730T031357Z/PKCHECK_T2_00F_NON_DFCC_PREFLIGHT_20260730T040636Z/final-loops.txt	382f5f0c28b8ff3c6cbc6e64f4a29f413b7b9b84d632aec316bbaa7713d52ab3	613	experiments/kem-check-pk/T02-frame-and-relational-properties/records-and-early-development/PKCHECK_T2_00F_NON_DFCC_PREFLIGHT_20260730T040636Z/final-loops.txt
mlk_kem_check_pk_cleanroom/PKCHECK_T2_00A_SEED_FRAME_20260730T031357Z/PKCHECK_T2_00F_NON_DFCC_PREFLIGHT_20260730T040636Z/goto-build.log	5cfd0bd3e676c945e5725ddcbb29ac6c5b21540220c948d071960b192748c560	15567	experiments/kem-check-pk/T02-frame-and-relational-properties/records-and-early-development/PKCHECK_T2_00F_NON_DFCC_PREFLIGHT_20260730T040636Z/goto-build.log
mlk_kem_check_pk_cleanroom/PKCHECK_T2_00A_SEED_FRAME_20260730T031357Z/PKCHECK_T2_00F_NON_DFCC_PREFLIGHT_20260730T040636Z/goto-dry-run.txt	7ba9f821485b1e005625e336314b9f342eb09326e9b2252436d8aa6cfd8f177d	17065	experiments/kem-check-pk/T02-frame-and-relational-properties/records-and-early-development/PKCHECK_T2_00F_NON_DFCC_PREFLIGHT_20260730T040636Z/goto-dry-run.txt
mlk_kem_check_pk_cleanroom/PKCHECK_T2_00A_SEED_FRAME_20260730T031357Z/PKCHECK_T2_00F_NON_DFCC_PREFLIGHT_20260730T040636Z/model.before.goto	5490a6ac7c35aa64cda0887c239300ca748d3329102b5e59edddd53f85cfc3af	285131	experiments/kem-check-pk/T02-frame-and-relational-properties/records-and-early-development/PKCHECK_T2_00F_NON_DFCC_PREFLIGHT_20260730T040636Z/model.before.goto
mlk_kem_check_pk_cleanroom/PKCHECK_T2_00A_SEED_FRAME_20260730T031357Z/PKCHECK_T2_00G_LOOP_CLOSURE_20260730T041257Z/Makefile.before	83fbc37086b6da2b7a4ba5150138e72a8a5c13075a434ae68fa12a5fb979c16b	893	experiments/kem-check-pk/T02-frame-and-relational-properties/records-and-early-development/PKCHECK_T2_00G_LOOP_CLOSURE_20260730T041257Z/Makefile.before
mlk_kem_check_pk_cleanroom/PKCHECK_T2_00A_SEED_FRAME_20260730T031357Z/PKCHECK_T2_00G_LOOP_CLOSURE_20260730T041257Z/PKCHECK_T2_00G_TERMINAL_SUMMARY.txt	4e3ff4ee740d0d0d1f61604230bbc783a0e6368d97c4ca9cb05b92c09a3aa7ad	2111	experiments/kem-check-pk/T02-frame-and-relational-properties/records-and-early-development/PKCHECK_T2_00G_LOOP_CLOSURE_20260730T041257Z/PKCHECK_T2_00G_TERMINAL_SUMMARY.txt
mlk_kem_check_pk_cleanroom/PKCHECK_T2_00A_SEED_FRAME_20260730T031357Z/PKCHECK_T2_00G_LOOP_CLOSURE_20260730T041257Z/dry-run.txt	de0116be839520f663089b1cdcfadab37827aa105a016ae0247ceeff004b61e2	17110	experiments/kem-check-pk/T02-frame-and-relational-properties/records-and-early-development/PKCHECK_T2_00G_LOOP_CLOSURE_20260730T041257Z/dry-run.txt
mlk_kem_check_pk_cleanroom/PKCHECK_T2_00A_SEED_FRAME_20260730T031357Z/PKCHECK_T2_FINAL_FOUR_20260730T041943Z/PKCHECK_T2_FINAL_FOUR_SUMMARY.txt	69c3275d2449362669311a29b5717cbbaaa440f435330191330e86713cb1e98f	4867	experiments/kem-check-pk/T02-frame-and-relational-properties/raw-evidence/PKCHECK_T2_FINAL_FOUR_20260730T041943Z/PKCHECK_T2_FINAL_FOUR_SUMMARY.txt
mlk_kem_check_pk_cleanroom/PKCHECK_T2_00A_SEED_FRAME_20260730T031357Z/PKCHECK_T2_FINAL_FOUR_20260730T041943Z/loops.txt	19fd96112f76514af26aa0f93519fcabe9c24919b7c748da35122a760359aa89	223	experiments/kem-check-pk/T02-frame-and-relational-properties/raw-evidence/PKCHECK_T2_FINAL_FOUR_20260730T041943Z/loops.txt
mlk_kem_check_pk_cleanroom/PKCHECK_T2_00A_SEED_FRAME_20260730T031357Z/PKCHECK_T2_FINAL_FOUR_20260730T041943Z/properties.tsv	87638caafb9f5a32065fa147af88a07aa35f9cdbf2b32e2cb1d1ef1c42773734	451	experiments/kem-check-pk/T02-frame-and-relational-properties/raw-evidence/PKCHECK_T2_FINAL_FOUR_20260730T041943Z/properties.tsv
mlk_kem_check_pk_cleanroom/PKCHECK_T2_00A_SEED_FRAME_20260730T031357Z/PKCHECK_T2_FINAL_FOUR_20260730T041943Z/property.stderr.txt	e3b0c44298fc1c149afbf4c8996fb92427ae41e4649b934ca495991b7852b855	0	experiments/kem-check-pk/T02-frame-and-relational-properties/raw-evidence/PKCHECK_T2_FINAL_FOUR_20260730T041943Z/property.stderr.txt
mlk_kem_check_pk_cleanroom/PKCHECK_T2_00A_SEED_FRAME_20260730T031357Z/PKCHECK_T2_FINAL_FOUR_20260730T041943Z/property.xml	66652d7b01a92b239da9f3c6be1e8f15cf18ac1cb86f08bb4293e53855cff82b	102042	experiments/kem-check-pk/T02-frame-and-relational-properties/raw-evidence/PKCHECK_T2_FINAL_FOUR_20260730T041943Z/property.xml
mlk_kem_check_pk_cleanroom/PKCHECK_T2_00A_SEED_FRAME_20260730T031357Z/PKCHECK_T2_FINAL_FOUR_20260730T041943Z/results.tsv	168c8f67fc20f8ce196513f5a7849d52653c5d254605961a1740d5b64fad02f7	292	experiments/kem-check-pk/T02-frame-and-relational-properties/raw-evidence/PKCHECK_T2_FINAL_FOUR_20260730T041943Z/results.tsv
mlk_kem_check_pk_cleanroom/PKCHECK_T2_00A_SEED_FRAME_20260730T031357Z/PKCHECK_T2_FINAL_FOUR_20260730T041943Z/shards/harness.assertion.1/result.xml	441f90157180459d65550e1e761b4218597be6bbb391930cc8501133b40ffbea	1948	experiments/kem-check-pk/T02-frame-and-relational-properties/raw-evidence/PKCHECK_T2_FINAL_FOUR_20260730T041943Z/shards/harness.assertion.1/result.xml
mlk_kem_check_pk_cleanroom/PKCHECK_T2_00A_SEED_FRAME_20260730T031357Z/PKCHECK_T2_FINAL_FOUR_20260730T041943Z/shards/harness.assertion.1/stderr.txt	e3b0c44298fc1c149afbf4c8996fb92427ae41e4649b934ca495991b7852b855	0	experiments/kem-check-pk/T02-frame-and-relational-properties/raw-evidence/PKCHECK_T2_FINAL_FOUR_20260730T041943Z/shards/harness.assertion.1/stderr.txt
mlk_kem_check_pk_cleanroom/PKCHECK_T2_00A_SEED_FRAME_20260730T031357Z/PKCHECK_T2_FINAL_FOUR_20260730T041943Z/shards/harness.assertion.1/time.txt	1e2554cbb0538c00650cf9aaa811d5da9fcde03a6fd4badadca1cca6ea4a5947	1064	experiments/kem-check-pk/T02-frame-and-relational-properties/raw-evidence/PKCHECK_T2_FINAL_FOUR_20260730T041943Z/shards/harness.assertion.1/time.txt
mlk_kem_check_pk_cleanroom/PKCHECK_T2_00A_SEED_FRAME_20260730T031357Z/PKCHECK_T2_FINAL_FOUR_20260730T041943Z/shards/harness.assertion.2/result.xml	562d23354bf667ff1e6eca476bbc05c833c8aa99824a72ce12cfd8d82f6b5efa	1948	experiments/kem-check-pk/T02-frame-and-relational-properties/raw-evidence/PKCHECK_T2_FINAL_FOUR_20260730T041943Z/shards/harness.assertion.2/result.xml
mlk_kem_check_pk_cleanroom/PKCHECK_T2_00A_SEED_FRAME_20260730T031357Z/PKCHECK_T2_FINAL_FOUR_20260730T041943Z/shards/harness.assertion.2/stderr.txt	e3b0c44298fc1c149afbf4c8996fb92427ae41e4649b934ca495991b7852b855	0	experiments/kem-check-pk/T02-frame-and-relational-properties/raw-evidence/PKCHECK_T2_FINAL_FOUR_20260730T041943Z/shards/harness.assertion.2/stderr.txt
mlk_kem_check_pk_cleanroom/PKCHECK_T2_00A_SEED_FRAME_20260730T031357Z/PKCHECK_T2_FINAL_FOUR_20260730T041943Z/shards/harness.assertion.2/time.txt	58b9af9a131d9e1d1a4da0df700ddc1ac9c96e037f4705e109d1c7cbd7363d22	1064	experiments/kem-check-pk/T02-frame-and-relational-properties/raw-evidence/PKCHECK_T2_FINAL_FOUR_20260730T041943Z/shards/harness.assertion.2/time.txt
mlk_kem_check_pk_cleanroom/PKCHECK_T2_00A_SEED_FRAME_20260730T031357Z/PKCHECK_T2_FINAL_FOUR_20260730T041943Z/shards/harness.assertion.3/result.xml	f0025087436c46989990be945bdfd6cd8a84b125e9cd28f53a1c424195f6b60f	1948	experiments/kem-check-pk/T02-frame-and-relational-properties/raw-evidence/PKCHECK_T2_FINAL_FOUR_20260730T041943Z/shards/harness.assertion.3/result.xml
mlk_kem_check_pk_cleanroom/PKCHECK_T2_00A_SEED_FRAME_20260730T031357Z/PKCHECK_T2_FINAL_FOUR_20260730T041943Z/shards/harness.assertion.3/stderr.txt	e3b0c44298fc1c149afbf4c8996fb92427ae41e4649b934ca495991b7852b855	0	experiments/kem-check-pk/T02-frame-and-relational-properties/raw-evidence/PKCHECK_T2_FINAL_FOUR_20260730T041943Z/shards/harness.assertion.3/stderr.txt
mlk_kem_check_pk_cleanroom/PKCHECK_T2_00A_SEED_FRAME_20260730T031357Z/PKCHECK_T2_FINAL_FOUR_20260730T041943Z/shards/harness.assertion.3/time.txt	9894c55ef0f5de3274f9f238627dfe54951effdbd9a646322a667307629e179f	1065	experiments/kem-check-pk/T02-frame-and-relational-properties/raw-evidence/PKCHECK_T2_FINAL_FOUR_20260730T041943Z/shards/harness.assertion.3/time.txt
mlk_kem_check_pk_cleanroom/PKCHECK_T2_00A_SEED_FRAME_20260730T031357Z/PKCHECK_T2_FINAL_FOUR_20260730T041943Z/shards/harness.assertion.4/result.xml	e66674cd7f885c79b8d40acbdc3f37a718d48087375d32f7334f18414304062b	232617	experiments/kem-check-pk/T02-frame-and-relational-properties/raw-evidence/PKCHECK_T2_FINAL_FOUR_20260730T041943Z/shards/harness.assertion.4/result.xml
mlk_kem_check_pk_cleanroom/PKCHECK_T2_00A_SEED_FRAME_20260730T031357Z/PKCHECK_T2_FINAL_FOUR_20260730T041943Z/shards/harness.assertion.4/stderr.txt	e3b0c44298fc1c149afbf4c8996fb92427ae41e4649b934ca495991b7852b855	0	experiments/kem-check-pk/T02-frame-and-relational-properties/raw-evidence/PKCHECK_T2_FINAL_FOUR_20260730T041943Z/shards/harness.assertion.4/stderr.txt
mlk_kem_check_pk_cleanroom/PKCHECK_T2_00A_SEED_FRAME_20260730T031357Z/PKCHECK_T2_FINAL_FOUR_20260730T041943Z/shards/harness.assertion.4/time.txt	603082886c00d080dd8b71e3926fb2ef15d37e1ec3a39a6ce3e7edb314e7dc72	1106	experiments/kem-check-pk/T02-frame-and-relational-properties/raw-evidence/PKCHECK_T2_FINAL_FOUR_20260730T041943Z/shards/harness.assertion.4/time.txt
mlk_kem_check_pk_cleanroom/PKCHECK_T2_00A_SEED_FRAME_20260730T031357Z/PKCHECK_T2_FINAL_VERDICT.txt	8a87642ea7f671a842901e7a412f60732f732dc1028168ecdbd6722c0d872554	1081	experiments/kem-check-pk/T02-frame-and-relational-properties/reports-and-packets/PKCHECK_T2_FINAL_VERDICT.txt
mlk_kem_check_pk_cleanroom/PKCHECK_T2_00A_SEED_FRAME_20260730T031357Z/PKCHECK_T3_FINAL_20260730T043510Z/PKCHECK_T3_FINAL_SUMMARY.txt	2f93130c58976dd0d892ab6c7cd0bdee3c094bf97772ee72f33e49e2b3803585	5023	experiments/kem-check-pk/T03-prefix-access/raw-evidence/PKCHECK_T3_FINAL_20260730T043510Z/PKCHECK_T3_FINAL_SUMMARY.txt
mlk_kem_check_pk_cleanroom/PKCHECK_T2_00A_SEED_FRAME_20260730T031357Z/PKCHECK_T3_FINAL_20260730T043510Z/build.log	bf9a3afd52224d74ace57bc5c5fb84c79988af84ce791c5455a3cd7f47744d2a	4261	experiments/kem-check-pk/T03-prefix-access/raw-evidence/PKCHECK_T3_FINAL_20260730T043510Z/build.log
mlk_kem_check_pk_cleanroom/PKCHECK_T2_00A_SEED_FRAME_20260730T031357Z/PKCHECK_T3_FINAL_20260730T043735Z/PKCHECK_T3_FINAL_SUMMARY.txt	94e499da302ae958bbcb10d8ee377bf0c3c9fa8c527cdda813b313d627fb9cdc	33383	experiments/kem-check-pk/T03-prefix-access/raw-evidence/PKCHECK_T3_FINAL_20260730T043735Z/PKCHECK_T3_FINAL_SUMMARY.txt
mlk_kem_check_pk_cleanroom/PKCHECK_T2_00A_SEED_FRAME_20260730T031357Z/PKCHECK_T3_FINAL_20260730T043735Z/build.log	a7bf3c49aa50e3bab2c9b68e61f661a08e106d7d4242563273ba6e3308e68d27	14786	experiments/kem-check-pk/T03-prefix-access/raw-evidence/PKCHECK_T3_FINAL_20260730T043735Z/build.log
mlk_kem_check_pk_cleanroom/PKCHECK_T2_00A_SEED_FRAME_20260730T031357Z/PKCHECK_T3_FINAL_20260730T043735Z/coverage.stderr.txt	e3b0c44298fc1c149afbf4c8996fb92427ae41e4649b934ca495991b7852b855	0	experiments/kem-check-pk/T03-prefix-access/raw-evidence/PKCHECK_T3_FINAL_20260730T043735Z/coverage.stderr.txt
mlk_kem_check_pk_cleanroom/PKCHECK_T2_00A_SEED_FRAME_20260730T031357Z/PKCHECK_T3_FINAL_20260730T043735Z/coverage.time.txt	da6e3291ab969e0e637c39d92630acdcecbdb62e15027286616466258819d31c	1103	experiments/kem-check-pk/T03-prefix-access/raw-evidence/PKCHECK_T3_FINAL_20260730T043735Z/coverage.time.txt
mlk_kem_check_pk_cleanroom/PKCHECK_T2_00A_SEED_FRAME_20260730T031357Z/PKCHECK_T3_FINAL_20260730T043735Z/coverage.xml	ba0f3d3c2699534e28e0c9b6dad737927c23ae5b2b9524e6e7d6eb23669d78e8	3360	experiments/kem-check-pk/T03-prefix-access/raw-evidence/PKCHECK_T3_FINAL_20260730T043735Z/coverage.xml
mlk_kem_check_pk_cleanroom/PKCHECK_T2_00A_SEED_FRAME_20260730T031357Z/PKCHECK_T3_FINAL_20260730T043735Z/kernel-events.txt	a5e2a5d516dc67fec22fbebfe97ba034f2b712a9e953620cc8842f7d330061b8	34	experiments/kem-check-pk/T03-prefix-access/raw-evidence/PKCHECK_T3_FINAL_20260730T043735Z/kernel-events.txt
mlk_kem_check_pk_cleanroom/PKCHECK_T2_00A_SEED_FRAME_20260730T031357Z/PKCHECK_T3_FINAL_20260730T043735Z/loops.txt	0efab8ae5f87dd20e5d4cdca123db2ff97d1f755164e14d53409afd4f61d4c80	229	experiments/kem-check-pk/T03-prefix-access/raw-evidence/PKCHECK_T3_FINAL_20260730T043735Z/loops.txt
mlk_kem_check_pk_cleanroom/PKCHECK_T2_00A_SEED_FRAME_20260730T031357Z/PKCHECK_T3_FINAL_20260730T043735Z/property.stderr.txt	e3b0c44298fc1c149afbf4c8996fb92427ae41e4649b934ca495991b7852b855	0	experiments/kem-check-pk/T03-prefix-access/raw-evidence/PKCHECK_T3_FINAL_20260730T043735Z/property.stderr.txt
mlk_kem_check_pk_cleanroom/PKCHECK_T2_00A_SEED_FRAME_20260730T031357Z/PKCHECK_T3_FINAL_20260730T043735Z/property.xml	211a2207936f72b730911c3e04305b57ddfa4abab9060a908a1ab946a8e5e8c8	89953	experiments/kem-check-pk/T03-prefix-access/raw-evidence/PKCHECK_T3_FINAL_20260730T043735Z/property.xml
mlk_kem_check_pk_cleanroom/PKCHECK_T2_00A_SEED_FRAME_20260730T031357Z/PKCHECK_T3_FINAL_20260730T043735Z/safety.stderr.txt	e3b0c44298fc1c149afbf4c8996fb92427ae41e4649b934ca495991b7852b855	0	experiments/kem-check-pk/T03-prefix-access/raw-evidence/PKCHECK_T3_FINAL_20260730T043735Z/safety.stderr.txt
mlk_kem_check_pk_cleanroom/PKCHECK_T2_00A_SEED_FRAME_20260730T031357Z/PKCHECK_T3_FINAL_20260730T043735Z/safety.time.txt	f347e94ca2b457f98e2ff24dceba858a6b0b0e094af9c9eb8551f9f78fed2d62	1228	experiments/kem-check-pk/T03-prefix-access/raw-evidence/PKCHECK_T3_FINAL_20260730T043735Z/safety.time.txt
mlk_kem_check_pk_cleanroom/PKCHECK_T2_00A_SEED_FRAME_20260730T031357Z/PKCHECK_T3_FINAL_20260730T043735Z/safety.xml	cab7452254394bd0dea20cfab56b899563deb4890d0387400de89bdd870659da	178268	experiments/kem-check-pk/T03-prefix-access/raw-evidence/PKCHECK_T3_FINAL_20260730T043735Z/safety.xml
mlk_kem_check_pk_cleanroom/PKCHECK_T2_00A_SEED_FRAME_20260730T031357Z/PKCHECK_T3_FINAL_VERDICT.txt	d36b95045167b8f2ae3ec690453cc217e1797d69a016365ff03fab7c34960843	1240	experiments/kem-check-pk/T03-prefix-access/reports-and-packets/PKCHECK_T3_FINAL_VERDICT.txt
mlk_kem_check_pk_cleanroom/PKCHECK_T2_00A_SEED_FRAME_20260730T031357Z/PKCHECK_T4_FINAL_20260730T045717Z/PKCHECK_T4_FINAL_SUMMARY.txt	23a2186039913ad0cc0c027a464f7b44340858f02fbad028f9f1982d3179a1cb	6679	experiments/kem-check-pk/T04-encapsulation-guard/raw-evidence/PKCHECK_T4_FINAL_20260730T045717Z/PKCHECK_T4_FINAL_SUMMARY.txt
mlk_kem_check_pk_cleanroom/PKCHECK_T2_00A_SEED_FRAME_20260730T031357Z/PKCHECK_T4_FINAL_20260730T045717Z/build.log	69db5b29ff0a5e93299aecd8d4cab517f1d1dd55e504eb66a168613743b3827d	5013	experiments/kem-check-pk/T04-encapsulation-guard/raw-evidence/PKCHECK_T4_FINAL_20260730T045717Z/build.log
mlk_kem_check_pk_cleanroom/PKCHECK_T2_00A_SEED_FRAME_20260730T031357Z/PKCHECK_T4_FINAL_20260730T045717Z/dry-run.txt	e2d7e7474131070d22fb39b42689176a51d889ccf08c45e0c5eebb245b3e28b0	17495	experiments/kem-check-pk/T04-encapsulation-guard/raw-evidence/PKCHECK_T4_FINAL_20260730T045717Z/dry-run.txt
mlk_kem_check_pk_cleanroom/PKCHECK_T2_00A_SEED_FRAME_20260730T031357Z/PKCHECK_T4_FINAL_20260730T050945Z/PKCHECK_T4_FINAL_SUMMARY.txt	4e4dcf0f6c577031a4309ad2a3e79c4c34fd0aff96630aa83888c221c165437d	19923	experiments/kem-check-pk/T04-encapsulation-guard/raw-evidence/PKCHECK_T4_FINAL_20260730T050945Z/PKCHECK_T4_FINAL_SUMMARY.txt
mlk_kem_check_pk_cleanroom/PKCHECK_T2_00A_SEED_FRAME_20260730T031357Z/PKCHECK_T4_FINAL_20260730T050945Z/build.log	e89998c16c66d63d2a6ec97227c3b8379ed3554b929a735734e3f94cf344bae8	13266	experiments/kem-check-pk/T04-encapsulation-guard/raw-evidence/PKCHECK_T4_FINAL_20260730T050945Z/build.log
mlk_kem_check_pk_cleanroom/PKCHECK_T2_00A_SEED_FRAME_20260730T031357Z/PKCHECK_T4_FINAL_20260730T050945Z/coverage.stderr.txt	e3b0c44298fc1c149afbf4c8996fb92427ae41e4649b934ca495991b7852b855	0	experiments/kem-check-pk/T04-encapsulation-guard/raw-evidence/PKCHECK_T4_FINAL_20260730T050945Z/coverage.stderr.txt
mlk_kem_check_pk_cleanroom/PKCHECK_T2_00A_SEED_FRAME_20260730T031357Z/PKCHECK_T4_FINAL_20260730T050945Z/coverage.xml	39bbf7f6b61692ca7ed3b56e075c99a02afa2b6fa3784eac706d17a342537c67	3382	experiments/kem-check-pk/T04-encapsulation-guard/raw-evidence/PKCHECK_T4_FINAL_20260730T050945Z/coverage.xml
mlk_kem_check_pk_cleanroom/PKCHECK_T2_00A_SEED_FRAME_20260730T031357Z/PKCHECK_T4_FINAL_20260730T050945Z/dry-run.txt	bed51604f40b6f4144d4dcd303834b2e360438e248607b8eb3270cea8de95f3a	17483	experiments/kem-check-pk/T04-encapsulation-guard/raw-evidence/PKCHECK_T4_FINAL_20260730T050945Z/dry-run.txt
mlk_kem_check_pk_cleanroom/PKCHECK_T2_00A_SEED_FRAME_20260730T031357Z/PKCHECK_T4_FINAL_20260730T050945Z/functions.txt	935732caeab403d779b8a4afcfe35494bc2cfb87d37557b04a82bbf194e667e5	38517	experiments/kem-check-pk/T04-encapsulation-guard/raw-evidence/PKCHECK_T4_FINAL_20260730T050945Z/functions.txt
mlk_kem_check_pk_cleanroom/PKCHECK_T2_00A_SEED_FRAME_20260730T031357Z/PKCHECK_T4_FINAL_20260730T050945Z/loops.txt	2c8f45702410ceaf51253f5bf7d875d40e3bcc4b3b58c7e28eedee55d17da77c	233	experiments/kem-check-pk/T04-encapsulation-guard/raw-evidence/PKCHECK_T4_FINAL_20260730T050945Z/loops.txt
mlk_kem_check_pk_cleanroom/PKCHECK_T2_00A_SEED_FRAME_20260730T031357Z/PKCHECK_T4_FINAL_20260730T050945Z/mlk_enc_derand.unwind.1.clean.xml	bb41ad98861c22ed7dc7bdc8684764d09a14804de863825da3f2735928a32aab	1546	experiments/kem-check-pk/T04-encapsulation-guard/raw-evidence/PKCHECK_T4_FINAL_20260730T050945Z/mlk_enc_derand.unwind.1.clean.xml
mlk_kem_check_pk_cleanroom/PKCHECK_T2_00A_SEED_FRAME_20260730T031357Z/PKCHECK_T4_FINAL_20260730T050945Z/mlk_enc_derand.unwind.2.clean.xml	624d403a8ed435cecda695355f76fb7d86e1bbe22ee6ef580aa78bcaae35c508	1546	experiments/kem-check-pk/T04-encapsulation-guard/raw-evidence/PKCHECK_T4_FINAL_20260730T050945Z/mlk_enc_derand.unwind.2.clean.xml
mlk_kem_check_pk_cleanroom/PKCHECK_T2_00A_SEED_FRAME_20260730T031357Z/PKCHECK_T4_FINAL_20260730T050945Z/properties.tsv	ec6af61bcb41c5ce3696baf93ad46651ea0cfc9a3e86d95d23bddfaf7696550f	801	experiments/kem-check-pk/T04-encapsulation-guard/raw-evidence/PKCHECK_T4_FINAL_20260730T050945Z/properties.tsv
mlk_kem_check_pk_cleanroom/PKCHECK_T2_00A_SEED_FRAME_20260730T031357Z/PKCHECK_T4_FINAL_20260730T050945Z/property.stderr.txt	e3b0c44298fc1c149afbf4c8996fb92427ae41e4649b934ca495991b7852b855	0	experiments/kem-check-pk/T04-encapsulation-guard/raw-evidence/PKCHECK_T4_FINAL_20260730T050945Z/property.stderr.txt
mlk_kem_check_pk_cleanroom/PKCHECK_T2_00A_SEED_FRAME_20260730T031357Z/PKCHECK_T4_FINAL_20260730T050945Z/property.xml	1ed4560f5cf8a2aa9667b9e5da744a9873b1c20979b559f47139fb0dc51899ef	58927	experiments/kem-check-pk/T04-encapsulation-guard/raw-evidence/PKCHECK_T4_FINAL_20260730T050945Z/property.xml
mlk_kem_check_pk_cleanroom/PKCHECK_T2_00A_SEED_FRAME_20260730T031357Z/PKCHECK_T4_FINAL_20260730T050945Z/results.tsv	fc0ae4cc120e5b26dcde70f8059706b95ecfd9a240fa12e55f33cd8502158466	584	experiments/kem-check-pk/T04-encapsulation-guard/raw-evidence/PKCHECK_T4_FINAL_20260730T050945Z/results.tsv
mlk_kem_check_pk_cleanroom/PKCHECK_T2_00A_SEED_FRAME_20260730T031357Z/PKCHECK_T4_FINAL_20260730T050945Z/shards/harness.assertion.1/result.xml	703d3a79d2a48d67eb97912faaece8e3de637bb69e52901ed4a1d27a5b9503b1	1972	experiments/kem-check-pk/T04-encapsulation-guard/raw-evidence/PKCHECK_T4_FINAL_20260730T050945Z/shards/harness.assertion.1/result.xml
mlk_kem_check_pk_cleanroom/PKCHECK_T2_00A_SEED_FRAME_20260730T031357Z/PKCHECK_T4_FINAL_20260730T050945Z/shards/harness.assertion.1/stderr.txt	e3b0c44298fc1c149afbf4c8996fb92427ae41e4649b934ca495991b7852b855	0	experiments/kem-check-pk/T04-encapsulation-guard/raw-evidence/PKCHECK_T4_FINAL_20260730T050945Z/shards/harness.assertion.1/stderr.txt
mlk_kem_check_pk_cleanroom/PKCHECK_T2_00A_SEED_FRAME_20260730T031357Z/PKCHECK_T4_FINAL_20260730T050945Z/shards/harness.assertion.1/time.txt	f2660792855092ee9a988696c8f626be8d0320af846789d5454f96ada8523f6c	1111	experiments/kem-check-pk/T04-encapsulation-guard/raw-evidence/PKCHECK_T4_FINAL_20260730T050945Z/shards/harness.assertion.1/time.txt
mlk_kem_check_pk_cleanroom/PKCHECK_T2_00A_SEED_FRAME_20260730T031357Z/PKCHECK_T4_FINAL_20260730T050945Z/shards/harness.assertion.2/result.xml	200d1f217a14d8ceff5d27e5118fd01981f0a31ae3fac79cb332a02b667bc361	1959	experiments/kem-check-pk/T04-encapsulation-guard/raw-evidence/PKCHECK_T4_FINAL_20260730T050945Z/shards/harness.assertion.2/result.xml
mlk_kem_check_pk_cleanroom/PKCHECK_T2_00A_SEED_FRAME_20260730T031357Z/PKCHECK_T4_FINAL_20260730T050945Z/shards/harness.assertion.2/stderr.txt	e3b0c44298fc1c149afbf4c8996fb92427ae41e4649b934ca495991b7852b855	0	experiments/kem-check-pk/T04-encapsulation-guard/raw-evidence/PKCHECK_T4_FINAL_20260730T050945Z/shards/harness.assertion.2/stderr.txt
mlk_kem_check_pk_cleanroom/PKCHECK_T2_00A_SEED_FRAME_20260730T031357Z/PKCHECK_T4_FINAL_20260730T050945Z/shards/harness.assertion.2/time.txt	082ff94a45f90276ba023e156ef9f1ca3878cb928e0115d1f8a3e6801f4e9eac	1111	experiments/kem-check-pk/T04-encapsulation-guard/raw-evidence/PKCHECK_T4_FINAL_20260730T050945Z/shards/harness.assertion.2/time.txt
mlk_kem_check_pk_cleanroom/PKCHECK_T2_00A_SEED_FRAME_20260730T031357Z/PKCHECK_T4_FINAL_20260730T050945Z/shards/harness.assertion.3/result.xml	a8fa0d8c2db2952fff2808343c0dd32027ceb5d76b5920d640a1693cfe9a214a	1972	experiments/kem-check-pk/T04-encapsulation-guard/raw-evidence/PKCHECK_T4_FINAL_20260730T050945Z/shards/harness.assertion.3/result.xml
mlk_kem_check_pk_cleanroom/PKCHECK_T2_00A_SEED_FRAME_20260730T031357Z/PKCHECK_T4_FINAL_20260730T050945Z/shards/harness.assertion.3/stderr.txt	e3b0c44298fc1c149afbf4c8996fb92427ae41e4649b934ca495991b7852b855	0	experiments/kem-check-pk/T04-encapsulation-guard/raw-evidence/PKCHECK_T4_FINAL_20260730T050945Z/shards/harness.assertion.3/stderr.txt
mlk_kem_check_pk_cleanroom/PKCHECK_T2_00A_SEED_FRAME_20260730T031357Z/PKCHECK_T4_FINAL_20260730T050945Z/shards/harness.assertion.3/time.txt	03ae2a69de0c06429fb51d6a4e0c2cc706d42069501653a2bba6e8b0c6bd0f9a	1111	experiments/kem-check-pk/T04-encapsulation-guard/raw-evidence/PKCHECK_T4_FINAL_20260730T050945Z/shards/harness.assertion.3/time.txt
mlk_kem_check_pk_cleanroom/PKCHECK_T2_00A_SEED_FRAME_20260730T031357Z/PKCHECK_T4_FINAL_20260730T050945Z/shards/harness.assertion.4/result.xml	8760409f1a38a25e0109e3f449289d9649045a28a005a721184a5b43fcbd2529	1972	experiments/kem-check-pk/T04-encapsulation-guard/raw-evidence/PKCHECK_T4_FINAL_20260730T050945Z/shards/harness.assertion.4/result.xml
mlk_kem_check_pk_cleanroom/PKCHECK_T2_00A_SEED_FRAME_20260730T031357Z/PKCHECK_T4_FINAL_20260730T050945Z/shards/harness.assertion.4/stderr.txt	e3b0c44298fc1c149afbf4c8996fb92427ae41e4649b934ca495991b7852b855	0	experiments/kem-check-pk/T04-encapsulation-guard/raw-evidence/PKCHECK_T4_FINAL_20260730T050945Z/shards/harness.assertion.4/stderr.txt
mlk_kem_check_pk_cleanroom/PKCHECK_T2_00A_SEED_FRAME_20260730T031357Z/PKCHECK_T4_FINAL_20260730T050945Z/shards/harness.assertion.4/time.txt	fab0a0081f42e225352d3a6ed16acccb23d0d6b953a5522cf14a629b1f368173	1111	experiments/kem-check-pk/T04-encapsulation-guard/raw-evidence/PKCHECK_T4_FINAL_20260730T050945Z/shards/harness.assertion.4/time.txt
mlk_kem_check_pk_cleanroom/PKCHECK_T2_00A_SEED_FRAME_20260730T031357Z/PKCHECK_T4_FINAL_20260730T050945Z/shards/harness.assertion.5/result.xml	516abbf94ee06226d8b050397519322e5b766708e6d4a7220ede836f5c2b5dae	1972	experiments/kem-check-pk/T04-encapsulation-guard/raw-evidence/PKCHECK_T4_FINAL_20260730T050945Z/shards/harness.assertion.5/result.xml
mlk_kem_check_pk_cleanroom/PKCHECK_T2_00A_SEED_FRAME_20260730T031357Z/PKCHECK_T4_FINAL_20260730T050945Z/shards/harness.assertion.5/stderr.txt	e3b0c44298fc1c149afbf4c8996fb92427ae41e4649b934ca495991b7852b855	0	experiments/kem-check-pk/T04-encapsulation-guard/raw-evidence/PKCHECK_T4_FINAL_20260730T050945Z/shards/harness.assertion.5/stderr.txt
mlk_kem_check_pk_cleanroom/PKCHECK_T2_00A_SEED_FRAME_20260730T031357Z/PKCHECK_T4_FINAL_20260730T050945Z/shards/harness.assertion.5/time.txt	3a437173ea868dd4e5b1865d86222033ddbc925499e2b48e275ac21a21c57f3e	1110	experiments/kem-check-pk/T04-encapsulation-guard/raw-evidence/PKCHECK_T4_FINAL_20260730T050945Z/shards/harness.assertion.5/time.txt
mlk_kem_check_pk_cleanroom/PKCHECK_T2_00A_SEED_FRAME_20260730T031357Z/PKCHECK_T4_FINAL_20260730T050945Z/shards/harness.assertion.6/result.xml	10d580b5deb4132309b467277225ddf29f6edc88cdc103b60f570f526367c9b3	1972	experiments/kem-check-pk/T04-encapsulation-guard/raw-evidence/PKCHECK_T4_FINAL_20260730T050945Z/shards/harness.assertion.6/result.xml
mlk_kem_check_pk_cleanroom/PKCHECK_T2_00A_SEED_FRAME_20260730T031357Z/PKCHECK_T4_FINAL_20260730T050945Z/shards/harness.assertion.6/stderr.txt	e3b0c44298fc1c149afbf4c8996fb92427ae41e4649b934ca495991b7852b855	0	experiments/kem-check-pk/T04-encapsulation-guard/raw-evidence/PKCHECK_T4_FINAL_20260730T050945Z/shards/harness.assertion.6/stderr.txt
mlk_kem_check_pk_cleanroom/PKCHECK_T2_00A_SEED_FRAME_20260730T031357Z/PKCHECK_T4_FINAL_20260730T050945Z/shards/harness.assertion.6/time.txt	036814ec225e87569f31dbb6e13cb21aa3b42866e6fa4b7e1ec740548964eb8b	1111	experiments/kem-check-pk/T04-encapsulation-guard/raw-evidence/PKCHECK_T4_FINAL_20260730T050945Z/shards/harness.assertion.6/time.txt
mlk_kem_check_pk_cleanroom/PKCHECK_T2_00A_SEED_FRAME_20260730T031357Z/PKCHECK_T4_FINAL_20260730T050945Z/shards/mlk_enc_derand.unwind.1/result.xml	82ac2651035339d262815f727e8a8366f0ab080f5f5771468422ef442ae0ca89	31254	experiments/kem-check-pk/T04-encapsulation-guard/raw-evidence/PKCHECK_T4_FINAL_20260730T050945Z/shards/mlk_enc_derand.unwind.1/result.xml
mlk_kem_check_pk_cleanroom/PKCHECK_T2_00A_SEED_FRAME_20260730T031357Z/PKCHECK_T4_FINAL_20260730T050945Z/shards/mlk_enc_derand.unwind.1/stderr.txt	e3b0c44298fc1c149afbf4c8996fb92427ae41e4649b934ca495991b7852b855	0	experiments/kem-check-pk/T04-encapsulation-guard/raw-evidence/PKCHECK_T4_FINAL_20260730T050945Z/shards/mlk_enc_derand.unwind.1/stderr.txt
mlk_kem_check_pk_cleanroom/PKCHECK_T2_00A_SEED_FRAME_20260730T031357Z/PKCHECK_T4_FINAL_20260730T050945Z/shards/mlk_enc_derand.unwind.1/time.txt	1744319689d1319dab239c9444a018964882fe494e44e9896e0d00fe474eb8a5	1135	experiments/kem-check-pk/T04-encapsulation-guard/raw-evidence/PKCHECK_T4_FINAL_20260730T050945Z/shards/mlk_enc_derand.unwind.1/time.txt
mlk_kem_check_pk_cleanroom/PKCHECK_T2_00A_SEED_FRAME_20260730T031357Z/PKCHECK_T4_FINAL_20260730T050945Z/shards/mlk_enc_derand.unwind.2/result.xml	ec130dfd3567349fad555610a80cc94103f4aea8d95f4bbf0a6777bb39af9bd8	31254	experiments/kem-check-pk/T04-encapsulation-guard/raw-evidence/PKCHECK_T4_FINAL_20260730T050945Z/shards/mlk_enc_derand.unwind.2/result.xml
mlk_kem_check_pk_cleanroom/PKCHECK_T2_00A_SEED_FRAME_20260730T031357Z/PKCHECK_T4_FINAL_20260730T050945Z/shards/mlk_enc_derand.unwind.2/stderr.txt	e3b0c44298fc1c149afbf4c8996fb92427ae41e4649b934ca495991b7852b855	0	experiments/kem-check-pk/T04-encapsulation-guard/raw-evidence/PKCHECK_T4_FINAL_20260730T050945Z/shards/mlk_enc_derand.unwind.2/stderr.txt
mlk_kem_check_pk_cleanroom/PKCHECK_T2_00A_SEED_FRAME_20260730T031357Z/PKCHECK_T4_FINAL_20260730T050945Z/shards/mlk_enc_derand.unwind.2/time.txt	4343a11257fff311bfd455b4cd08b8c307f0f28a31011cf3828402976a73dcba	1134	experiments/kem-check-pk/T04-encapsulation-guard/raw-evidence/PKCHECK_T4_FINAL_20260730T050945Z/shards/mlk_enc_derand.unwind.2/time.txt
mlk_kem_check_pk_cleanroom/PKCHECK_T2_00A_SEED_FRAME_20260730T031357Z/PKCHECK_T4_FINAL_VERDICT.txt	86d2678b93ca3d59b666a6306bb584f3faa613c0d895a97367092b57c5c86e0e	1298	experiments/kem-check-pk/T04-encapsulation-guard/reports-and-packets/PKCHECK_T4_FINAL_VERDICT.txt
mlk_kem_check_pk_cleanroom/PKCHECK_T2_00A_SEED_FRAME_20260730T031357Z/evidence/PKCHECK_T2_00A_TERMINAL_SUMMARY.txt	46c872055f18a02f3f6fbbf9f614c01c2db072a9f9604445aa51320d4cf29c78	28965	experiments/kem-check-pk/T02-frame-and-relational-properties/records-and-early-development/evidence/PKCHECK_T2_00A_TERMINAL_SUMMARY.txt
mlk_kem_check_pk_cleanroom/PKCHECK_T2_00A_SEED_FRAME_20260730T031357Z/evidence/make-dry-run.txt	75099a923406ba55f5a1845cb4c8e45eea61184875bffd0c2281d0f9c57119b8	24264	experiments/kem-check-pk/T02-frame-and-relational-properties/records-and-early-development/evidence/make-dry-run.txt
mlk_kem_check_pk_cleanroom/PKCHECK_T2_00A_SEED_FRAME_20260730T031357Z/mlkem-native_af4c5abd_t2/.git	5a1938645e1e220bceb1e0b4682fe10b66a2124a2b69250924a59cdfe9b5fd64	86	provenance/kem-check-pk/special-git-metadata/mlkem-native_af4c5abd_t2.gitfile.original
mlk_kem_check_pk_cleanroom/PKCHECK_T2_00A_SEED_FRAME_20260730T031357Z/mlkem-native_af4c5abd_t2/proofs/cbmc/pkcheck_t2_seed_frame/.litani_cache_dir	d2cf8d61ad669ee863aea00a9080c56a748d050ee834d062a5c8f672ccb476eb	54	experiments/kem-check-pk/T02-frame-and-relational-properties/raw-evidence/native-proof-pipeline/T2-seed-frame/.litani_cache_dir
mlk_kem_check_pk_cleanroom/PKCHECK_T2_00A_SEED_FRAME_20260730T031357Z/mlkem-native_af4c5abd_t2/proofs/cbmc/pkcheck_t2_seed_frame/.ninja_log	b17561894b29b8513bf335f9af62b1f50cb77a364fd1245f757395eb1400fc4a	4661	experiments/kem-check-pk/T02-frame-and-relational-properties/raw-evidence/native-proof-pipeline/T2-seed-frame/.ninja_log
mlk_kem_check_pk_cleanroom/PKCHECK_T2_00A_SEED_FRAME_20260730T031357Z/mlkem-native_af4c5abd_t2/proofs/cbmc/pkcheck_t2_seed_frame/Makefile	738492c2948610afbd43e6272f0406801089fd5207df521aa48f366e8af09d46	940	experiments/kem-check-pk/T02-frame-and-relational-properties/curated-harnesses/T2-seed-frame/Makefile
mlk_kem_check_pk_cleanroom/PKCHECK_T2_00A_SEED_FRAME_20260730T031357Z/mlkem-native_af4c5abd_t2/proofs/cbmc/pkcheck_t2_seed_frame/gotos/pkcheck_t2_seed_frame_harness.goto	6782995e8d61f04e292acc70eae2968b802185f0cd6c2668f85b35770b762b41	152880	experiments/kem-check-pk/T02-frame-and-relational-properties/raw-evidence/native-proof-pipeline/T2-seed-frame/gotos/pkcheck_t2_seed_frame_harness.goto
mlk_kem_check_pk_cleanroom/PKCHECK_T2_00A_SEED_FRAME_20260730T031357Z/mlkem-native_af4c5abd_t2/proofs/cbmc/pkcheck_t2_seed_frame/gotos/pkcheck_t2_seed_frame_harness0100.goto	da26deeb07bf1d30ddfc0121606f64f7c33d7f6d4da2794c6e1f0b551a11e87b	161965	experiments/kem-check-pk/T02-frame-and-relational-properties/raw-evidence/native-proof-pipeline/T2-seed-frame/gotos/pkcheck_t2_seed_frame_harness0100.goto
mlk_kem_check_pk_cleanroom/PKCHECK_T2_00A_SEED_FRAME_20260730T031357Z/mlkem-native_af4c5abd_t2/proofs/cbmc/pkcheck_t2_seed_frame/gotos/pkcheck_t2_seed_frame_harness0200.goto	95c413e81f91c2786dd667c239f49ac61e6e5db6f83ef6e0a507262964911f80	163649	experiments/kem-check-pk/T02-frame-and-relational-properties/raw-evidence/native-proof-pipeline/T2-seed-frame/gotos/pkcheck_t2_seed_frame_harness0200.goto
mlk_kem_check_pk_cleanroom/PKCHECK_T2_00A_SEED_FRAME_20260730T031357Z/mlkem-native_af4c5abd_t2/proofs/cbmc/pkcheck_t2_seed_frame/gotos/pkcheck_t2_seed_frame_harness0300.goto	95c413e81f91c2786dd667c239f49ac61e6e5db6f83ef6e0a507262964911f80	163649	experiments/kem-check-pk/T02-frame-and-relational-properties/raw-evidence/native-proof-pipeline/T2-seed-frame/gotos/pkcheck_t2_seed_frame_harness0300.goto
mlk_kem_check_pk_cleanroom/PKCHECK_T2_00A_SEED_FRAME_20260730T031357Z/mlkem-native_af4c5abd_t2/proofs/cbmc/pkcheck_t2_seed_frame/gotos/pkcheck_t2_seed_frame_harness0400.goto	95c413e81f91c2786dd667c239f49ac61e6e5db6f83ef6e0a507262964911f80	163649	experiments/kem-check-pk/T02-frame-and-relational-properties/raw-evidence/native-proof-pipeline/T2-seed-frame/gotos/pkcheck_t2_seed_frame_harness0400.goto
mlk_kem_check_pk_cleanroom/PKCHECK_T2_00A_SEED_FRAME_20260730T031357Z/mlkem-native_af4c5abd_t2/proofs/cbmc/pkcheck_t2_seed_frame/gotos/pkcheck_t2_seed_frame_harness0500.goto	8a13036ca10188043cbe707c589e520178225eea05dcf106c0f84973c4d91bbe	160829	experiments/kem-check-pk/T02-frame-and-relational-properties/raw-evidence/native-proof-pipeline/T2-seed-frame/gotos/pkcheck_t2_seed_frame_harness0500.goto
mlk_kem_check_pk_cleanroom/PKCHECK_T2_00A_SEED_FRAME_20260730T031357Z/mlkem-native_af4c5abd_t2/proofs/cbmc/pkcheck_t2_seed_frame/gotos/pkcheck_t2_seed_frame_harness0600.goto	b0ce0340093e0ff8eec3436b1d2a15065d707657a6810344fed74a9960a5c6b3	282161	experiments/kem-check-pk/T02-frame-and-relational-properties/raw-evidence/native-proof-pipeline/T2-seed-frame/gotos/pkcheck_t2_seed_frame_harness0600.goto
mlk_kem_check_pk_cleanroom/PKCHECK_T2_00A_SEED_FRAME_20260730T031357Z/mlkem-native_af4c5abd_t2/proofs/cbmc/pkcheck_t2_seed_frame/gotos/pkcheck_t2_seed_frame_harness0700.goto	b8241a2b036d89b3542fa769899ac08a27c5082dc2a0920a8948ffde87816946	282864	experiments/kem-check-pk/T02-frame-and-relational-properties/raw-evidence/native-proof-pipeline/T2-seed-frame/gotos/pkcheck_t2_seed_frame_harness0700.goto
mlk_kem_check_pk_cleanroom/PKCHECK_T2_00A_SEED_FRAME_20260730T031357Z/mlkem-native_af4c5abd_t2/proofs/cbmc/pkcheck_t2_seed_frame/gotos/pkcheck_t2_seed_frame_harness0800.goto	6782995e8d61f04e292acc70eae2968b802185f0cd6c2668f85b35770b762b41	152880	experiments/kem-check-pk/T02-frame-and-relational-properties/raw-evidence/native-proof-pipeline/T2-seed-frame/gotos/pkcheck_t2_seed_frame_harness0800.goto
mlk_kem_check_pk_cleanroom/PKCHECK_T2_00A_SEED_FRAME_20260730T031357Z/mlkem-native_af4c5abd_t2/proofs/cbmc/pkcheck_t2_seed_frame/gotos/project0100.goto	98b9acf7ce641ee8d25a826ab4d89bd837b675f149503a77f0acb1aa6c516058	150072	experiments/kem-check-pk/T02-frame-and-relational-properties/raw-evidence/native-proof-pipeline/T2-seed-frame/gotos/project0100.goto
mlk_kem_check_pk_cleanroom/PKCHECK_T2_00A_SEED_FRAME_20260730T031357Z/mlkem-native_af4c5abd_t2/proofs/cbmc/pkcheck_t2_seed_frame/gotos/project0200.goto	ee6672520c008dae681fa38fa8cdd915032dba3f5f148708f741a7ace94744f0	154057	experiments/kem-check-pk/T02-frame-and-relational-properties/raw-evidence/native-proof-pipeline/T2-seed-frame/gotos/project0200.goto
mlk_kem_check_pk_cleanroom/PKCHECK_T2_00A_SEED_FRAME_20260730T031357Z/mlkem-native_af4c5abd_t2/proofs/cbmc/pkcheck_t2_seed_frame/gotos/proof0100.goto	cac74054e1a8b1e907979f1f6bc831c73088b0cd1367779ac5102aee53881bd9	25257	experiments/kem-check-pk/T02-frame-and-relational-properties/raw-evidence/native-proof-pipeline/T2-seed-frame/gotos/proof0100.goto
mlk_kem_check_pk_cleanroom/PKCHECK_T2_00A_SEED_FRAME_20260730T031357Z/mlkem-native_af4c5abd_t2/proofs/cbmc/pkcheck_t2_seed_frame/logs/check_function_contracts-log.txt	bc6a32083ba547bcf24538fb92457b90b78e75ff516eaf2a979c733341e065b8	687	experiments/kem-check-pk/T02-frame-and-relational-properties/raw-evidence/native-proof-pipeline/T2-seed-frame/logs/check_function_contracts-log.txt
mlk_kem_check_pk_cleanroom/PKCHECK_T2_00A_SEED_FRAME_20260730T031357Z/mlkem-native_af4c5abd_t2/proofs/cbmc/pkcheck_t2_seed_frame/logs/drop_unused_functions-log.txt	8063471f50a6eff95cb09bf7fe84baa37237e24e59b1b9fec77f85589dff79cf	566	experiments/kem-check-pk/T02-frame-and-relational-properties/raw-evidence/native-proof-pipeline/T2-seed-frame/logs/drop_unused_functions-log.txt
mlk_kem_check_pk_cleanroom/PKCHECK_T2_00A_SEED_FRAME_20260730T031357Z/mlkem-native_af4c5abd_t2/proofs/cbmc/pkcheck_t2_seed_frame/logs/link_proof_project-log.txt	01ba4719c80b6fe911b091a7c05124b64eeece964e09c058ef8f9805daca546b	1	experiments/kem-check-pk/T02-frame-and-relational-properties/raw-evidence/native-proof-pipeline/T2-seed-frame/logs/link_proof_project-log.txt
mlk_kem_check_pk_cleanroom/PKCHECK_T2_00A_SEED_FRAME_20260730T031357Z/mlkem-native_af4c5abd_t2/proofs/cbmc/pkcheck_t2_seed_frame/logs/linking-library-models-log.txt	01ba4719c80b6fe911b091a7c05124b64eeece964e09c058ef8f9805daca546b	1	experiments/kem-check-pk/T02-frame-and-relational-properties/raw-evidence/native-proof-pipeline/T2-seed-frame/logs/linking-library-models-log.txt
mlk_kem_check_pk_cleanroom/PKCHECK_T2_00A_SEED_FRAME_20260730T031357Z/mlkem-native_af4c5abd_t2/proofs/cbmc/pkcheck_t2_seed_frame/logs/nondet_static-log.txt	01ba4719c80b6fe911b091a7c05124b64eeece964e09c058ef8f9805daca546b	1	experiments/kem-check-pk/T02-frame-and-relational-properties/raw-evidence/native-proof-pipeline/T2-seed-frame/logs/nondet_static-log.txt
mlk_kem_check_pk_cleanroom/PKCHECK_T2_00A_SEED_FRAME_20260730T031357Z/mlkem-native_af4c5abd_t2/proofs/cbmc/pkcheck_t2_seed_frame/logs/project_sources-log.txt	01ba4719c80b6fe911b091a7c05124b64eeece964e09c058ef8f9805daca546b	1	experiments/kem-check-pk/T02-frame-and-relational-properties/raw-evidence/native-proof-pipeline/T2-seed-frame/logs/project_sources-log.txt
mlk_kem_check_pk_cleanroom/PKCHECK_T2_00A_SEED_FRAME_20260730T031357Z/mlkem-native_af4c5abd_t2/proofs/cbmc/pkcheck_t2_seed_frame/logs/proof_sources-log.txt	01ba4719c80b6fe911b091a7c05124b64eeece964e09c058ef8f9805daca546b	1	experiments/kem-check-pk/T02-frame-and-relational-properties/raw-evidence/native-proof-pipeline/T2-seed-frame/logs/proof_sources-log.txt
mlk_kem_check_pk_cleanroom/PKCHECK_T2_00A_SEED_FRAME_20260730T031357Z/mlkem-native_af4c5abd_t2/proofs/cbmc/pkcheck_t2_seed_frame/logs/remove_function_body-log.txt	b24ea5568de84b884061f9b00e2d38d2bb52b0969767f77e174d6d7b59c45157	409	experiments/kem-check-pk/T02-frame-and-relational-properties/raw-evidence/native-proof-pipeline/T2-seed-frame/logs/remove_function_body-log.txt
mlk_kem_check_pk_cleanroom/PKCHECK_T2_00A_SEED_FRAME_20260730T031357Z/mlkem-native_af4c5abd_t2/proofs/cbmc/pkcheck_t2_seed_frame/logs/restrict_function_pointer-log.txt	5e360d42ee3667c75c6873dacf84ff073e06ef6857ba0430478c15359f701771	540	experiments/kem-check-pk/T02-frame-and-relational-properties/raw-evidence/native-proof-pipeline/T2-seed-frame/logs/restrict_function_pointer-log.txt
mlk_kem_check_pk_cleanroom/PKCHECK_T2_00A_SEED_FRAME_20260730T031357Z/mlkem-native_af4c5abd_t2/proofs/cbmc/pkcheck_t2_seed_frame/logs/slice_global_inits-log.txt	15caaf697e2364d676d78b294f819f5adbfc2cd78823dc21f316d7655b1bbd86	596	experiments/kem-check-pk/T02-frame-and-relational-properties/raw-evidence/native-proof-pipeline/T2-seed-frame/logs/slice_global_inits-log.txt
mlk_kem_check_pk_cleanroom/PKCHECK_T2_00A_SEED_FRAME_20260730T031357Z/mlkem-native_af4c5abd_t2/proofs/cbmc/pkcheck_t2_seed_frame/logs/unwind_loops-log.txt	d69e45b500e5e17522eee2bb64f110bf4f6907e678aa28074595713b8fe70e31	453	experiments/kem-check-pk/T02-frame-and-relational-properties/raw-evidence/native-proof-pipeline/T2-seed-frame/logs/unwind_loops-log.txt
mlk_kem_check_pk_cleanroom/PKCHECK_T2_00A_SEED_FRAME_20260730T031357Z/mlkem-native_af4c5abd_t2/proofs/cbmc/pkcheck_t2_seed_frame/pkcheck_t2_seed_frame_harness.c	1db5496f9992730fc965d34de669f0f771e1b8d82a694e0cd54c869bd1bfef62	4808	experiments/kem-check-pk/T02-frame-and-relational-properties/curated-harnesses/T2-seed-frame/pkcheck_t2_seed_frame_harness.c
mlk_kem_check_pk_cleanroom/PKCHECK_T2_00A_SEED_FRAME_20260730T031357Z/mlkem-native_af4c5abd_t2/proofs/cbmc/pkcheck_t3_prefix_access/.litani_cache_dir	e1ae8d0fd4c13ba8555975f8a819f101e0e2b9b4c7600da93b7cd0ba480daafa	54	experiments/kem-check-pk/T03-prefix-access/raw-evidence/native-proof-pipeline/T3-prefix-access/.litani_cache_dir
mlk_kem_check_pk_cleanroom/PKCHECK_T2_00A_SEED_FRAME_20260730T031357Z/mlkem-native_af4c5abd_t2/proofs/cbmc/pkcheck_t3_prefix_access/.ninja_log	828fba41d7e9150f3b9f3098559159a53f12a21d81968dccb58a79fdb40186df	4714	experiments/kem-check-pk/T03-prefix-access/raw-evidence/native-proof-pipeline/T3-prefix-access/.ninja_log
mlk_kem_check_pk_cleanroom/PKCHECK_T2_00A_SEED_FRAME_20260730T031357Z/mlkem-native_af4c5abd_t2/proofs/cbmc/pkcheck_t3_prefix_access/Makefile	c69deeefe8c207a3ffd197b4b4ff74cf82068f152c20b4cdc1c25a3243725cc4	772	experiments/kem-check-pk/T03-prefix-access/curated-harnesses/T3-prefix-access/Makefile
mlk_kem_check_pk_cleanroom/PKCHECK_T2_00A_SEED_FRAME_20260730T031357Z/mlkem-native_af4c5abd_t2/proofs/cbmc/pkcheck_t3_prefix_access/gotos/mlkem0100.goto	273b41580acd07297e8a492bed151088bd76977ec789c7e6c25ae88554c260e6	150075	experiments/kem-check-pk/T03-prefix-access/raw-evidence/native-proof-pipeline/T3-prefix-access/gotos/mlkem0100.goto
mlk_kem_check_pk_cleanroom/PKCHECK_T2_00A_SEED_FRAME_20260730T031357Z/mlkem-native_af4c5abd_t2/proofs/cbmc/pkcheck_t3_prefix_access/gotos/mlkem0200.goto	8246c345ee2371c672891b61e79276369b0d903b4f99cf255018f2ad910d65f7	154060	experiments/kem-check-pk/T03-prefix-access/raw-evidence/native-proof-pipeline/T3-prefix-access/gotos/mlkem0200.goto
mlk_kem_check_pk_cleanroom/PKCHECK_T2_00A_SEED_FRAME_20260730T031357Z/mlkem-native_af4c5abd_t2/proofs/cbmc/pkcheck_t3_prefix_access/gotos/pkcheck_t3_prefix_access_harness.goto	5e668297f43ea3b352d5e6d3a408d388a92960e2570917f5816453f1de87b3e0	145567	experiments/kem-check-pk/T03-prefix-access/raw-evidence/native-proof-pipeline/T3-prefix-access/gotos/pkcheck_t3_prefix_access_harness.goto
mlk_kem_check_pk_cleanroom/PKCHECK_T2_00A_SEED_FRAME_20260730T031357Z/mlkem-native_af4c5abd_t2/proofs/cbmc/pkcheck_t3_prefix_access/gotos/pkcheck_t3_prefix_access_harness0100.goto	ff0aa55fb862192cfc09a7bb6a9e1c321bda4dd96964ddadfcb020a07eb8f000	155323	experiments/kem-check-pk/T03-prefix-access/raw-evidence/native-proof-pipeline/T3-prefix-access/gotos/pkcheck_t3_prefix_access_harness0100.goto
mlk_kem_check_pk_cleanroom/PKCHECK_T2_00A_SEED_FRAME_20260730T031357Z/mlkem-native_af4c5abd_t2/proofs/cbmc/pkcheck_t3_prefix_access/gotos/pkcheck_t3_prefix_access_harness0200.goto	87a84f6dd850846553cb3d5916601e590b1bd9240615ce6902e06efad9eb6089	154818	experiments/kem-check-pk/T03-prefix-access/raw-evidence/native-proof-pipeline/T3-prefix-access/gotos/pkcheck_t3_prefix_access_harness0200.goto
mlk_kem_check_pk_cleanroom/PKCHECK_T2_00A_SEED_FRAME_20260730T031357Z/mlkem-native_af4c5abd_t2/proofs/cbmc/pkcheck_t3_prefix_access/gotos/pkcheck_t3_prefix_access_harness0300.goto	87a84f6dd850846553cb3d5916601e590b1bd9240615ce6902e06efad9eb6089	154818	experiments/kem-check-pk/T03-prefix-access/raw-evidence/native-proof-pipeline/T3-prefix-access/gotos/pkcheck_t3_prefix_access_harness0300.goto
mlk_kem_check_pk_cleanroom/PKCHECK_T2_00A_SEED_FRAME_20260730T031357Z/mlkem-native_af4c5abd_t2/proofs/cbmc/pkcheck_t3_prefix_access/gotos/pkcheck_t3_prefix_access_harness0400.goto	87a84f6dd850846553cb3d5916601e590b1bd9240615ce6902e06efad9eb6089	154818	experiments/kem-check-pk/T03-prefix-access/raw-evidence/native-proof-pipeline/T3-prefix-access/gotos/pkcheck_t3_prefix_access_harness0400.goto
mlk_kem_check_pk_cleanroom/PKCHECK_T2_00A_SEED_FRAME_20260730T031357Z/mlkem-native_af4c5abd_t2/proofs/cbmc/pkcheck_t3_prefix_access/gotos/pkcheck_t3_prefix_access_harness0500.goto	2c8e0e6c6cedad91dff579330424b55236f485d8a4e8e8514d9694c26a3f0d89	152824	experiments/kem-check-pk/T03-prefix-access/raw-evidence/native-proof-pipeline/T3-prefix-access/gotos/pkcheck_t3_prefix_access_harness0500.goto
mlk_kem_check_pk_cleanroom/PKCHECK_T2_00A_SEED_FRAME_20260730T031357Z/mlkem-native_af4c5abd_t2/proofs/cbmc/pkcheck_t3_prefix_access/gotos/pkcheck_t3_prefix_access_harness0600.goto	bba4f651bf8a67c39b8c72684e92749c61a73b2934594492517639c64bd058f5	277781	experiments/kem-check-pk/T03-prefix-access/raw-evidence/native-proof-pipeline/T3-prefix-access/gotos/pkcheck_t3_prefix_access_harness0600.goto
mlk_kem_check_pk_cleanroom/PKCHECK_T2_00A_SEED_FRAME_20260730T031357Z/mlkem-native_af4c5abd_t2/proofs/cbmc/pkcheck_t3_prefix_access/gotos/pkcheck_t3_prefix_access_harness0700.goto	e1c78245c3969d9e50871a097300d20cb46781f87d7021735d148df339658e30	275279	experiments/kem-check-pk/T03-prefix-access/raw-evidence/native-proof-pipeline/T3-prefix-access/gotos/pkcheck_t3_prefix_access_harness0700.goto
mlk_kem_check_pk_cleanroom/PKCHECK_T2_00A_SEED_FRAME_20260730T031357Z/mlkem-native_af4c5abd_t2/proofs/cbmc/pkcheck_t3_prefix_access/gotos/pkcheck_t3_prefix_access_harness0800.goto	5e668297f43ea3b352d5e6d3a408d388a92960e2570917f5816453f1de87b3e0	145567	experiments/kem-check-pk/T03-prefix-access/raw-evidence/native-proof-pipeline/T3-prefix-access/gotos/pkcheck_t3_prefix_access_harness0800.goto
mlk_kem_check_pk_cleanroom/PKCHECK_T2_00A_SEED_FRAME_20260730T031357Z/mlkem-native_af4c5abd_t2/proofs/cbmc/pkcheck_t3_prefix_access/gotos/proof0100.goto	891bb362fc51003864a20de8b6150769742025bf0ea0962a03474c7f08adf710	17752	experiments/kem-check-pk/T03-prefix-access/raw-evidence/native-proof-pipeline/T3-prefix-access/gotos/proof0100.goto
mlk_kem_check_pk_cleanroom/PKCHECK_T2_00A_SEED_FRAME_20260730T031357Z/mlkem-native_af4c5abd_t2/proofs/cbmc/pkcheck_t3_prefix_access/logs/check_function_contracts-log.txt	1bad8b79b058c6fa2975b0773ca44b5978834b42bee45c8cc471c9cf9fbe605a	699	experiments/kem-check-pk/T03-prefix-access/raw-evidence/native-proof-pipeline/T3-prefix-access/logs/check_function_contracts-log.txt
mlk_kem_check_pk_cleanroom/PKCHECK_T2_00A_SEED_FRAME_20260730T031357Z/mlkem-native_af4c5abd_t2/proofs/cbmc/pkcheck_t3_prefix_access/logs/drop_unused_functions-log.txt	c30cf5145701354633d0db3127bbc669e2f9d069f64de263ba61b79d79d41cee	578	experiments/kem-check-pk/T03-prefix-access/raw-evidence/native-proof-pipeline/T3-prefix-access/logs/drop_unused_functions-log.txt
mlk_kem_check_pk_cleanroom/PKCHECK_T2_00A_SEED_FRAME_20260730T031357Z/mlkem-native_af4c5abd_t2/proofs/cbmc/pkcheck_t3_prefix_access/logs/link_proof_project-log.txt	01ba4719c80b6fe911b091a7c05124b64eeece964e09c058ef8f9805daca546b	1	experiments/kem-check-pk/T03-prefix-access/raw-evidence/native-proof-pipeline/T3-prefix-access/logs/link_proof_project-log.txt
mlk_kem_check_pk_cleanroom/PKCHECK_T2_00A_SEED_FRAME_20260730T031357Z/mlkem-native_af4c5abd_t2/proofs/cbmc/pkcheck_t3_prefix_access/logs/linking-library-models-log.txt	01ba4719c80b6fe911b091a7c05124b64eeece964e09c058ef8f9805daca546b	1	experiments/kem-check-pk/T03-prefix-access/raw-evidence/native-proof-pipeline/T3-prefix-access/logs/linking-library-models-log.txt
mlk_kem_check_pk_cleanroom/PKCHECK_T2_00A_SEED_FRAME_20260730T031357Z/mlkem-native_af4c5abd_t2/proofs/cbmc/pkcheck_t3_prefix_access/logs/nondet_static-log.txt	01ba4719c80b6fe911b091a7c05124b64eeece964e09c058ef8f9805daca546b	1	experiments/kem-check-pk/T03-prefix-access/raw-evidence/native-proof-pipeline/T3-prefix-access/logs/nondet_static-log.txt
mlk_kem_check_pk_cleanroom/PKCHECK_T2_00A_SEED_FRAME_20260730T031357Z/mlkem-native_af4c5abd_t2/proofs/cbmc/pkcheck_t3_prefix_access/logs/project_sources-log.txt	01ba4719c80b6fe911b091a7c05124b64eeece964e09c058ef8f9805daca546b	1	experiments/kem-check-pk/T03-prefix-access/raw-evidence/native-proof-pipeline/T3-prefix-access/logs/project_sources-log.txt
mlk_kem_check_pk_cleanroom/PKCHECK_T2_00A_SEED_FRAME_20260730T031357Z/mlkem-native_af4c5abd_t2/proofs/cbmc/pkcheck_t3_prefix_access/logs/proof_sources-log.txt	01ba4719c80b6fe911b091a7c05124b64eeece964e09c058ef8f9805daca546b	1	experiments/kem-check-pk/T03-prefix-access/raw-evidence/native-proof-pipeline/T3-prefix-access/logs/proof_sources-log.txt
mlk_kem_check_pk_cleanroom/PKCHECK_T2_00A_SEED_FRAME_20260730T031357Z/mlkem-native_af4c5abd_t2/proofs/cbmc/pkcheck_t3_prefix_access/logs/remove_function_body-log.txt	531fab658cd798fe48716e89dda847c5661cadfee937ad6e061e11ae8840ed9e	411	experiments/kem-check-pk/T03-prefix-access/raw-evidence/native-proof-pipeline/T3-prefix-access/logs/remove_function_body-log.txt
mlk_kem_check_pk_cleanroom/PKCHECK_T2_00A_SEED_FRAME_20260730T031357Z/mlkem-native_af4c5abd_t2/proofs/cbmc/pkcheck_t3_prefix_access/logs/restrict_function_pointer-log.txt	e04da5cdb126374547b51f485f63daaac69c9ab7d64ead43091621d23431a2d5	552	experiments/kem-check-pk/T03-prefix-access/raw-evidence/native-proof-pipeline/T3-prefix-access/logs/restrict_function_pointer-log.txt
mlk_kem_check_pk_cleanroom/PKCHECK_T2_00A_SEED_FRAME_20260730T031357Z/mlkem-native_af4c5abd_t2/proofs/cbmc/pkcheck_t3_prefix_access/logs/slice_global_inits-log.txt	416e9c97c69667d8e5614e73c607119ebde51b2d7ab64b5b91064df2ad0f1685	608	experiments/kem-check-pk/T03-prefix-access/raw-evidence/native-proof-pipeline/T3-prefix-access/logs/slice_global_inits-log.txt
mlk_kem_check_pk_cleanroom/PKCHECK_T2_00A_SEED_FRAME_20260730T031357Z/mlkem-native_af4c5abd_t2/proofs/cbmc/pkcheck_t3_prefix_access/logs/unwind_loops-log.txt	4e0c88ec28fa95600f7f10f9e00c345db026d23df3f222be75ada99583030fff	465	experiments/kem-check-pk/T03-prefix-access/raw-evidence/native-proof-pipeline/T3-prefix-access/logs/unwind_loops-log.txt
mlk_kem_check_pk_cleanroom/PKCHECK_T2_00A_SEED_FRAME_20260730T031357Z/mlkem-native_af4c5abd_t2/proofs/cbmc/pkcheck_t3_prefix_access/pkcheck_t3_prefix_access_harness.c	a1d9a60e50ced4a4be207a93dd5de650079242058229594bf2f04a1cc6719ed2	687	experiments/kem-check-pk/T03-prefix-access/curated-harnesses/T3-prefix-access/pkcheck_t3_prefix_access_harness.c
mlk_kem_check_pk_cleanroom/PKCHECK_T2_00A_SEED_FRAME_20260730T031357Z/mlkem-native_af4c5abd_t2/proofs/cbmc/pkcheck_t4_guard_dominance/.litani_cache_dir	e698aa0a0660cae757fd6adb66f5772a315dd9d544b4a70dcf4ff136532d81c7	54	experiments/kem-check-pk/T04-encapsulation-guard/raw-evidence/native-proof-pipeline/T4-guard-dominance/.litani_cache_dir
mlk_kem_check_pk_cleanroom/PKCHECK_T2_00A_SEED_FRAME_20260730T031357Z/mlkem-native_af4c5abd_t2/proofs/cbmc/pkcheck_t4_guard_dominance/.ninja_log	387cc0e755d563cb4ee148d3b1f26611ca11a4ce201cb85bd28f715fbce7512d	4754	experiments/kem-check-pk/T04-encapsulation-guard/raw-evidence/native-proof-pipeline/T4-guard-dominance/.ninja_log
mlk_kem_check_pk_cleanroom/PKCHECK_T2_00A_SEED_FRAME_20260730T031357Z/mlkem-native_af4c5abd_t2/proofs/cbmc/pkcheck_t4_guard_dominance/Makefile	92d06786013810b6f836b5dd6b5d344de932352841c69b60bb93e028f5df765d	681	experiments/kem-check-pk/T04-encapsulation-guard/curated-harnesses/T4-guard-dominance/Makefile
mlk_kem_check_pk_cleanroom/PKCHECK_T2_00A_SEED_FRAME_20260730T031357Z/mlkem-native_af4c5abd_t2/proofs/cbmc/pkcheck_t4_guard_dominance/gotos/mlkem0100.goto	0a775a10d71539dab430bc488824a8404d00b76337da94f32e50d981783aac66	150077	experiments/kem-check-pk/T04-encapsulation-guard/raw-evidence/native-proof-pipeline/T4-guard-dominance/gotos/mlkem0100.goto
mlk_kem_check_pk_cleanroom/PKCHECK_T2_00A_SEED_FRAME_20260730T031357Z/mlkem-native_af4c5abd_t2/proofs/cbmc/pkcheck_t4_guard_dominance/gotos/mlkem0200.goto	1ac03b86cbc8492a790f8f64db96971e8bd73a7c02ac4cadd2507a1fb6cf1bbd	151353	experiments/kem-check-pk/T04-encapsulation-guard/raw-evidence/native-proof-pipeline/T4-guard-dominance/gotos/mlkem0200.goto
mlk_kem_check_pk_cleanroom/PKCHECK_T2_00A_SEED_FRAME_20260730T031357Z/mlkem-native_af4c5abd_t2/proofs/cbmc/pkcheck_t4_guard_dominance/gotos/pkcheck_t4_guard_dominance_harness.goto	3ea66fe0c6fbd6352eec1c922a5f9ab74338cfba6630681934dd27452d75a65e	140489	experiments/kem-check-pk/T04-encapsulation-guard/raw-evidence/native-proof-pipeline/T4-guard-dominance/gotos/pkcheck_t4_guard_dominance_harness.goto
mlk_kem_check_pk_cleanroom/PKCHECK_T2_00A_SEED_FRAME_20260730T031357Z/mlkem-native_af4c5abd_t2/proofs/cbmc/pkcheck_t4_guard_dominance/gotos/pkcheck_t4_guard_dominance_harness0100.goto	808f9a757090008458e6a5034e779ad4fbf5e467ea1f998b86d7e81fe0aa4a4f	157623	experiments/kem-check-pk/T04-encapsulation-guard/raw-evidence/native-proof-pipeline/T4-guard-dominance/gotos/pkcheck_t4_guard_dominance_harness0100.goto
mlk_kem_check_pk_cleanroom/PKCHECK_T2_00A_SEED_FRAME_20260730T031357Z/mlkem-native_af4c5abd_t2/proofs/cbmc/pkcheck_t4_guard_dominance/gotos/pkcheck_t4_guard_dominance_harness0200.goto	4a151a448dc58326a9faef65be52121db08e8da98c56083f666b34790135ef3a	156720	experiments/kem-check-pk/T04-encapsulation-guard/raw-evidence/native-proof-pipeline/T4-guard-dominance/gotos/pkcheck_t4_guard_dominance_harness0200.goto
mlk_kem_check_pk_cleanroom/PKCHECK_T2_00A_SEED_FRAME_20260730T031357Z/mlkem-native_af4c5abd_t2/proofs/cbmc/pkcheck_t4_guard_dominance/gotos/pkcheck_t4_guard_dominance_harness0300.goto	4a151a448dc58326a9faef65be52121db08e8da98c56083f666b34790135ef3a	156720	experiments/kem-check-pk/T04-encapsulation-guard/raw-evidence/native-proof-pipeline/T4-guard-dominance/gotos/pkcheck_t4_guard_dominance_harness0300.goto
mlk_kem_check_pk_cleanroom/PKCHECK_T2_00A_SEED_FRAME_20260730T031357Z/mlkem-native_af4c5abd_t2/proofs/cbmc/pkcheck_t4_guard_dominance/gotos/pkcheck_t4_guard_dominance_harness0400.goto	4a151a448dc58326a9faef65be52121db08e8da98c56083f666b34790135ef3a	156720	experiments/kem-check-pk/T04-encapsulation-guard/raw-evidence/native-proof-pipeline/T4-guard-dominance/gotos/pkcheck_t4_guard_dominance_harness0400.goto
mlk_kem_check_pk_cleanroom/PKCHECK_T2_00A_SEED_FRAME_20260730T031357Z/mlkem-native_af4c5abd_t2/proofs/cbmc/pkcheck_t4_guard_dominance/gotos/pkcheck_t4_guard_dominance_harness0500.goto	6d36c9995c82fb878f1dd77bf0113b811c0214d15bd239643a472c444b8e6682	154796	experiments/kem-check-pk/T04-encapsulation-guard/raw-evidence/native-proof-pipeline/T4-guard-dominance/gotos/pkcheck_t4_guard_dominance_harness0500.goto
mlk_kem_check_pk_cleanroom/PKCHECK_T2_00A_SEED_FRAME_20260730T031357Z/mlkem-native_af4c5abd_t2/proofs/cbmc/pkcheck_t4_guard_dominance/gotos/pkcheck_t4_guard_dominance_harness0600.goto	bbcf6e9b8ccdfa983807039bfce51c3f1a916e94477e7630de5c1357d37b4966	265097	experiments/kem-check-pk/T04-encapsulation-guard/raw-evidence/native-proof-pipeline/T4-guard-dominance/gotos/pkcheck_t4_guard_dominance_harness0600.goto
mlk_kem_check_pk_cleanroom/PKCHECK_T2_00A_SEED_FRAME_20260730T031357Z/mlkem-native_af4c5abd_t2/proofs/cbmc/pkcheck_t4_guard_dominance/gotos/pkcheck_t4_guard_dominance_harness0700.goto	fce4f78ae0b292614e1c0384b1d5383ba7ac2e1a3afa8c4645368bec6babd55e	264643	experiments/kem-check-pk/T04-encapsulation-guard/raw-evidence/native-proof-pipeline/T4-guard-dominance/gotos/pkcheck_t4_guard_dominance_harness0700.goto
mlk_kem_check_pk_cleanroom/PKCHECK_T2_00A_SEED_FRAME_20260730T031357Z/mlkem-native_af4c5abd_t2/proofs/cbmc/pkcheck_t4_guard_dominance/gotos/pkcheck_t4_guard_dominance_harness0800.goto	3ea66fe0c6fbd6352eec1c922a5f9ab74338cfba6630681934dd27452d75a65e	140489	experiments/kem-check-pk/T04-encapsulation-guard/raw-evidence/native-proof-pipeline/T4-guard-dominance/gotos/pkcheck_t4_guard_dominance_harness0800.goto
mlk_kem_check_pk_cleanroom/PKCHECK_T2_00A_SEED_FRAME_20260730T031357Z/mlkem-native_af4c5abd_t2/proofs/cbmc/pkcheck_t4_guard_dominance/gotos/proof0100.goto	d900cf9ad07dbf299a040afdf8431e0f211e71b18cd2a180566e32bdc1d28160	22672	experiments/kem-check-pk/T04-encapsulation-guard/raw-evidence/native-proof-pipeline/T4-guard-dominance/gotos/proof0100.goto
mlk_kem_check_pk_cleanroom/PKCHECK_T2_00A_SEED_FRAME_20260730T031357Z/mlkem-native_af4c5abd_t2/proofs/cbmc/pkcheck_t4_guard_dominance/logs/check_function_contracts-log.txt	abb77c0f2ab0052c21f44825653c897fb6915c3e264141d2bb397927d9143418	707	experiments/kem-check-pk/T04-encapsulation-guard/raw-evidence/native-proof-pipeline/T4-guard-dominance/logs/check_function_contracts-log.txt
mlk_kem_check_pk_cleanroom/PKCHECK_T2_00A_SEED_FRAME_20260730T031357Z/mlkem-native_af4c5abd_t2/proofs/cbmc/pkcheck_t4_guard_dominance/logs/drop_unused_functions-log.txt	e1aa8b9c88c0e0a85a47e41dcef2d9d7edc0e64ebd8998320d4f8444f2e56636	586	experiments/kem-check-pk/T04-encapsulation-guard/raw-evidence/native-proof-pipeline/T4-guard-dominance/logs/drop_unused_functions-log.txt
mlk_kem_check_pk_cleanroom/PKCHECK_T2_00A_SEED_FRAME_20260730T031357Z/mlkem-native_af4c5abd_t2/proofs/cbmc/pkcheck_t4_guard_dominance/logs/link_proof_project-log.txt	01ba4719c80b6fe911b091a7c05124b64eeece964e09c058ef8f9805daca546b	1	experiments/kem-check-pk/T04-encapsulation-guard/raw-evidence/native-proof-pipeline/T4-guard-dominance/logs/link_proof_project-log.txt
mlk_kem_check_pk_cleanroom/PKCHECK_T2_00A_SEED_FRAME_20260730T031357Z/mlkem-native_af4c5abd_t2/proofs/cbmc/pkcheck_t4_guard_dominance/logs/linking-library-models-log.txt	01ba4719c80b6fe911b091a7c05124b64eeece964e09c058ef8f9805daca546b	1	experiments/kem-check-pk/T04-encapsulation-guard/raw-evidence/native-proof-pipeline/T4-guard-dominance/logs/linking-library-models-log.txt
mlk_kem_check_pk_cleanroom/PKCHECK_T2_00A_SEED_FRAME_20260730T031357Z/mlkem-native_af4c5abd_t2/proofs/cbmc/pkcheck_t4_guard_dominance/logs/nondet_static-log.txt	01ba4719c80b6fe911b091a7c05124b64eeece964e09c058ef8f9805daca546b	1	experiments/kem-check-pk/T04-encapsulation-guard/raw-evidence/native-proof-pipeline/T4-guard-dominance/logs/nondet_static-log.txt
mlk_kem_check_pk_cleanroom/PKCHECK_T2_00A_SEED_FRAME_20260730T031357Z/mlkem-native_af4c5abd_t2/proofs/cbmc/pkcheck_t4_guard_dominance/logs/project_sources-log.txt	01ba4719c80b6fe911b091a7c05124b64eeece964e09c058ef8f9805daca546b	1	experiments/kem-check-pk/T04-encapsulation-guard/raw-evidence/native-proof-pipeline/T4-guard-dominance/logs/project_sources-log.txt
mlk_kem_check_pk_cleanroom/PKCHECK_T2_00A_SEED_FRAME_20260730T031357Z/mlkem-native_af4c5abd_t2/proofs/cbmc/pkcheck_t4_guard_dominance/logs/proof_sources-log.txt	01ba4719c80b6fe911b091a7c05124b64eeece964e09c058ef8f9805daca546b	1	experiments/kem-check-pk/T04-encapsulation-guard/raw-evidence/native-proof-pipeline/T4-guard-dominance/logs/proof_sources-log.txt
mlk_kem_check_pk_cleanroom/PKCHECK_T2_00A_SEED_FRAME_20260730T031357Z/mlkem-native_af4c5abd_t2/proofs/cbmc/pkcheck_t4_guard_dominance/logs/remove_function_body-log.txt	12c87173a27b4cde1fc62d49909cc507c271c7b08b6fe99981d939a554faa258	445	experiments/kem-check-pk/T04-encapsulation-guard/raw-evidence/native-proof-pipeline/T4-guard-dominance/logs/remove_function_body-log.txt
mlk_kem_check_pk_cleanroom/PKCHECK_T2_00A_SEED_FRAME_20260730T031357Z/mlkem-native_af4c5abd_t2/proofs/cbmc/pkcheck_t4_guard_dominance/logs/restrict_function_pointer-log.txt	54d5da9f9e3d61ac91c391b3e41e8105c512d17f29747f153f8756395f16d62f	560	experiments/kem-check-pk/T04-encapsulation-guard/raw-evidence/native-proof-pipeline/T4-guard-dominance/logs/restrict_function_pointer-log.txt
mlk_kem_check_pk_cleanroom/PKCHECK_T2_00A_SEED_FRAME_20260730T031357Z/mlkem-native_af4c5abd_t2/proofs/cbmc/pkcheck_t4_guard_dominance/logs/slice_global_inits-log.txt	ad2397f59a1d65114bf22620bae601f347b96991c0933de7878c4a71e977cc9d	616	experiments/kem-check-pk/T04-encapsulation-guard/raw-evidence/native-proof-pipeline/T4-guard-dominance/logs/slice_global_inits-log.txt
mlk_kem_check_pk_cleanroom/PKCHECK_T2_00A_SEED_FRAME_20260730T031357Z/mlkem-native_af4c5abd_t2/proofs/cbmc/pkcheck_t4_guard_dominance/logs/unwind_loops-log.txt	e9d6d9373bc94c57a66cbdadecf3c032d4246e2f646870854efc5368fb123d97	473	experiments/kem-check-pk/T04-encapsulation-guard/raw-evidence/native-proof-pipeline/T4-guard-dominance/logs/unwind_loops-log.txt
mlk_kem_check_pk_cleanroom/PKCHECK_T2_00A_SEED_FRAME_20260730T031357Z/mlkem-native_af4c5abd_t2/proofs/cbmc/pkcheck_t4_guard_dominance/pkcheck_t4_guard_dominance_harness.c	d46d6c1a2934fe1f0e1ce8981b4839dec6128ee8615bf8a0a4f8bf2ebbdc96a0	2329	experiments/kem-check-pk/T04-encapsulation-guard/curated-harnesses/T4-guard-dominance/pkcheck_t4_guard_dominance_harness.c
mlk_kem_check_pk_cleanroom/PKCHECK_T2_REDESIGN_GATE_20260730/home/girish/THESIS-2026/mlk_kem_check_pk_cleanroom/PKCHECK_T2_00A_SEED_FRAME_20260730T031357Z/mlkem-native_af4c5abd_t2/mlkem/src/kem.c	b3de1f7602b10c6033eee8b235138190ed09df917ec9326c2b38ce1083c541ce	13814	experiments/kem-check-pk/T02-frame-and-relational-properties/records-and-early-development/PKCHECK_T2_REDESIGN_GATE_20260730/source-context/kem.c
mlk_kem_check_pk_cleanroom/PKCHECK_T2_REDESIGN_GATE_20260730/home/girish/THESIS-2026/mlk_kem_check_pk_cleanroom/PKCHECK_T2_00A_SEED_FRAME_20260730T031357Z/mlkem-native_af4c5abd_t2/mlkem/src/kem.h	e239f5d705fca7729e7838e836aa2fab814ddc4ffbaf7eeb73a32242b15d960d	13133	experiments/kem-check-pk/T02-frame-and-relational-properties/records-and-early-development/PKCHECK_T2_REDESIGN_GATE_20260730/source-context/kem.h
mlk_kem_check_pk_cleanroom/PKCHECK_T2_REDESIGN_GATE_20260730/home/girish/THESIS-2026/mlk_kem_check_pk_cleanroom/PKCHECK_T2_00A_SEED_FRAME_20260730T031357Z/mlkem-native_af4c5abd_t2/proofs/cbmc/Makefile.common	a17e5e370b3ff348a49c8a7c366be6b0850fb4fc3b6eaa008b6dae5e92ffcaab	45164	experiments/kem-check-pk/T02-frame-and-relational-properties/records-and-early-development/PKCHECK_T2_REDESIGN_GATE_20260730/source-context/Makefile.common
mlk_kem_check_pk_cleanroom/PKCHECK_T2_REDESIGN_GATE_20260730/home/girish/THESIS-2026/mlk_kem_check_pk_cleanroom/PKCHECK_T2_00A_SEED_FRAME_20260730T031357Z/mlkem-native_af4c5abd_t2/proofs/cbmc/pkcheck_t2_seed_frame/Makefile	d26924baddf5a1e40b90ffe91781f1092c91a23826dd0af3ba3406ea6d0992b6	916	experiments/kem-check-pk/T02-frame-and-relational-properties/records-and-early-development/PKCHECK_T2_REDESIGN_GATE_20260730/proof-context/Makefile
mlk_kem_check_pk_cleanroom/PKCHECK_T2_REDESIGN_GATE_20260730/home/girish/THESIS-2026/mlk_kem_check_pk_cleanroom/PKCHECK_T2_00A_SEED_FRAME_20260730T031357Z/mlkem-native_af4c5abd_t2/proofs/cbmc/pkcheck_t2_seed_frame/gotos/pkcheck_t2_seed_frame_harness.goto	5490a6ac7c35aa64cda0887c239300ca748d3329102b5e59edddd53f85cfc3af	285131	experiments/kem-check-pk/T02-frame-and-relational-properties/records-and-early-development/PKCHECK_T2_REDESIGN_GATE_20260730/proof-context/gotos/pkcheck_t2_seed_frame_harness.goto
mlk_kem_check_pk_cleanroom/PKCHECK_T2_REDESIGN_GATE_20260730/home/girish/THESIS-2026/mlk_kem_check_pk_cleanroom/PKCHECK_T2_00A_SEED_FRAME_20260730T031357Z/mlkem-native_af4c5abd_t2/proofs/cbmc/pkcheck_t2_seed_frame/pkcheck_t2_seed_frame_harness.c	1db5496f9992730fc965d34de669f0f771e1b8d82a694e0cd54c869bd1bfef62	4808	experiments/kem-check-pk/T02-frame-and-relational-properties/records-and-early-development/PKCHECK_T2_REDESIGN_GATE_20260730/proof-context/pkcheck_t2_seed_frame_harness.c
