retained_path	sha256	original_occurrences	omitted_occurrences	original_paths
experiments/polycomp-d4/00-campaign-setup/source-and-native-analysis/POLYCOMP_D4_00A_SOURCE_NATIVE_ANALYSIS/POLYCOMP_D4_00A_D4_RELEVANT_FILES_20260725T145920Z.txt	1f43ebd510adb2ef2efccaeaa5cc897fbaa2ae776b59ffe236266b2e3955367b	2	1	POLYCOMP_D4_00A_SOURCE_NATIVE_ANALYSIS/POLYCOMP_D4_00A_D4_RELEVANT_FILES_20260725T145920Z.txt | POLYCOMP_D4_00H_T1_FINAL_FREEZE/POLYCOMP_D4_T1_FINAL_EVIDENCE_20260725T171522Z/campaign_stages/00A_SOURCE_NATIVE_ANALYSIS/POLYCOMP_D4_00A_D4_RELEVANT_FILES_20260725T145920Z.txt
experiments/polycomp-d4/00-campaign-setup/source-and-native-analysis/POLYCOMP_D4_00A_SOURCE_NATIVE_ANALYSIS/POLYCOMP_D4_00A_D4_RELEVANT_FILES_20260725T145920Z.txt.sha256	5fda47172a3dbfaa66225ffb805de1b952ae021e560e3bd5971955e425695525	2	1	POLYCOMP_D4_00A_SOURCE_NATIVE_ANALYSIS/POLYCOMP_D4_00A_D4_RELEVANT_FILES_20260725T145920Z.txt.sha256 | POLYCOMP_D4_00H_T1_FINAL_FREEZE/POLYCOMP_D4_T1_FINAL_EVIDENCE_20260725T171522Z/campaign_stages/00A_SOURCE_NATIVE_ANALYSIS/POLYCOMP_D4_00A_D4_RELEVANT_FILES_20260725T145920Z.txt.sha256
experiments/polycomp-d4/00-campaign-setup/source-and-native-analysis/POLYCOMP_D4_00A_SOURCE_NATIVE_ANALYSIS/POLYCOMP_D4_00A_TERMINAL_CAPTURE_20260725T145920Z.txt	db536d9143982d976a00123311eb62812e4f4deda3ceaf9845e6bf1c6dc5fabd	2	1	POLYCOMP_D4_00A_SOURCE_NATIVE_ANALYSIS/POLYCOMP_D4_00A_TERMINAL_CAPTURE_20260725T145920Z.txt | POLYCOMP_D4_00H_T1_FINAL_FREEZE/POLYCOMP_D4_T1_FINAL_EVIDENCE_20260725T171522Z/campaign_stages/00A_SOURCE_NATIVE_ANALYSIS/POLYCOMP_D4_00A_TERMINAL_CAPTURE_20260725T145920Z.txt
experiments/polycomp-d4/00-campaign-setup/source-and-native-analysis/POLYCOMP_D4_00A_SOURCE_NATIVE_ANALYSIS/POLYCOMP_D4_00A_TERMINAL_CAPTURE_20260725T145920Z.txt.sha256	56d10ce4a67f54ee3be457be05c5bb960e407c11dad6dfe09e9776e41a6f67b8	2	1	POLYCOMP_D4_00A_SOURCE_NATIVE_ANALYSIS/POLYCOMP_D4_00A_TERMINAL_CAPTURE_20260725T145920Z.txt.sha256 | POLYCOMP_D4_00H_T1_FINAL_FREEZE/POLYCOMP_D4_T1_FINAL_EVIDENCE_20260725T171522Z/campaign_stages/00A_SOURCE_NATIVE_ANALYSIS/POLYCOMP_D4_00A_TERMINAL_CAPTURE_20260725T145920Z.txt.sha256
experiments/polycomp-d4/00-campaign-setup/source-and-native-analysis/POLYCOMP_D4_00A_SOURCE_NATIVE_ANALYSIS/POLYCOMP_D4_00A_TRACKED_SOURCE_SHA256_20260725T145920Z.txt	4f434c2066438c9ecc8c9d9b1b9294f46ea03bac52a51137b100c1120a613674	2	1	POLYCOMP_D4_00A_SOURCE_NATIVE_ANALYSIS/POLYCOMP_D4_00A_TRACKED_SOURCE_SHA256_20260725T145920Z.txt | POLYCOMP_D4_00H_T1_FINAL_FREEZE/POLYCOMP_D4_T1_FINAL_EVIDENCE_20260725T171522Z/campaign_stages/00A_SOURCE_NATIVE_ANALYSIS/POLYCOMP_D4_00A_TRACKED_SOURCE_SHA256_20260725T145920Z.txt
experiments/polycomp-d4/00-campaign-setup/source-and-native-analysis/POLYCOMP_D4_00A_SOURCE_NATIVE_ANALYSIS/POLYCOMP_D4_00A_TRACKED_SOURCE_SHA256_20260725T145920Z.txt.sha256	dac6dc396ca67314a0bcc766220285843874415a6bc78107d087b9da20a71680	2	1	POLYCOMP_D4_00A_SOURCE_NATIVE_ANALYSIS/POLYCOMP_D4_00A_TRACKED_SOURCE_SHA256_20260725T145920Z.txt.sha256 | POLYCOMP_D4_00H_T1_FINAL_FREEZE/POLYCOMP_D4_T1_FINAL_EVIDENCE_20260725T171522Z/campaign_stages/00A_SOURCE_NATIVE_ANALYSIS/POLYCOMP_D4_00A_TRACKED_SOURCE_SHA256_20260725T145920Z.txt.sha256
experiments/polycomp-d4/00-campaign-setup/theorem-registry-and-t1-preflight/POLYCOMP_D4_00B_MANIFEST_REGISTRY_T1_PREFLIGHT/POLYCOMP_D4_00B_FINITE_DOMAIN_DERIVATION_20260725T152707Z.txt	79442cde9b8259bc5488a4940f4805d08f3ca0d331eaaa618b310e51b7b0085e	2	1	POLYCOMP_D4_00B_MANIFEST_REGISTRY_T1_PREFLIGHT/POLYCOMP_D4_00B_FINITE_DOMAIN_DERIVATION_20260725T152707Z.txt | POLYCOMP_D4_00H_T1_FINAL_FREEZE/POLYCOMP_D4_T1_FINAL_EVIDENCE_20260725T171522Z/campaign_stages/00B_MANIFEST_REGISTRY_PREFLIGHT/POLYCOMP_D4_00B_FINITE_DOMAIN_DERIVATION_20260725T152707Z.txt
experiments/polycomp-d4/00-campaign-setup/theorem-registry-and-t1-preflight/POLYCOMP_D4_00B_MANIFEST_REGISTRY_T1_PREFLIGHT/POLYCOMP_D4_00B_FINITE_DOMAIN_DERIVATION_20260725T152707Z.txt.sha256	695f278d65179104cb303da52b91f87c14b35825ebd14a227796a0038ea1131e	2	1	POLYCOMP_D4_00B_MANIFEST_REGISTRY_T1_PREFLIGHT/POLYCOMP_D4_00B_FINITE_DOMAIN_DERIVATION_20260725T152707Z.txt.sha256 | POLYCOMP_D4_00H_T1_FINAL_FREEZE/POLYCOMP_D4_T1_FINAL_EVIDENCE_20260725T171522Z/campaign_stages/00B_MANIFEST_REGISTRY_PREFLIGHT/POLYCOMP_D4_00B_FINITE_DOMAIN_DERIVATION_20260725T152707Z.txt.sha256
experiments/polycomp-d4/00-campaign-setup/theorem-registry-and-t1-preflight/POLYCOMP_D4_00B_MANIFEST_REGISTRY_T1_PREFLIGHT/POLYCOMP_D4_00B_GIT_OBJECT_MANIFEST_20260725T152707Z.txt	b6747f285fb0722e5655ca585a9140865e8000c2cf38715299729e38a5d73cbd	2	1	POLYCOMP_D4_00B_MANIFEST_REGISTRY_T1_PREFLIGHT/POLYCOMP_D4_00B_GIT_OBJECT_MANIFEST_20260725T152707Z.txt | POLYCOMP_D4_00H_T1_FINAL_FREEZE/POLYCOMP_D4_T1_FINAL_EVIDENCE_20260725T171522Z/campaign_stages/00B_MANIFEST_REGISTRY_PREFLIGHT/POLYCOMP_D4_00B_GIT_OBJECT_MANIFEST_20260725T152707Z.txt
experiments/polycomp-d4/00-campaign-setup/theorem-registry-and-t1-preflight/POLYCOMP_D4_00B_MANIFEST_REGISTRY_T1_PREFLIGHT/POLYCOMP_D4_00B_GIT_OBJECT_MANIFEST_20260725T152707Z.txt.sha256	3c62b2b7b8fcee3077765ad737b3a12f116f211a6a4e59ada3d5a9a2bfcb92b7	2	1	POLYCOMP_D4_00B_MANIFEST_REGISTRY_T1_PREFLIGHT/POLYCOMP_D4_00B_GIT_OBJECT_MANIFEST_20260725T152707Z.txt.sha256 | POLYCOMP_D4_00H_T1_FINAL_FREEZE/POLYCOMP_D4_T1_FINAL_EVIDENCE_20260725T171522Z/campaign_stages/00B_MANIFEST_REGISTRY_PREFLIGHT/POLYCOMP_D4_00B_GIT_OBJECT_MANIFEST_20260725T152707Z.txt.sha256
experiments/polycomp-d4/00-campaign-setup/theorem-registry-and-t1-preflight/POLYCOMP_D4_00B_MANIFEST_REGISTRY_T1_PREFLIGHT/POLYCOMP_D4_00B_T1_PREFLIGHT_20260725T152707Z.txt	8f482425f324fe916ddce985871b1b83f03574ed3d7826e233e33852875c5d53	2	1	POLYCOMP_D4_00B_MANIFEST_REGISTRY_T1_PREFLIGHT/POLYCOMP_D4_00B_T1_PREFLIGHT_20260725T152707Z.txt | POLYCOMP_D4_00H_T1_FINAL_FREEZE/POLYCOMP_D4_T1_FINAL_EVIDENCE_20260725T171522Z/campaign_stages/00B_MANIFEST_REGISTRY_PREFLIGHT/POLYCOMP_D4_00B_T1_PREFLIGHT_20260725T152707Z.txt
experiments/polycomp-d4/00-campaign-setup/theorem-registry-and-t1-preflight/POLYCOMP_D4_00B_MANIFEST_REGISTRY_T1_PREFLIGHT/POLYCOMP_D4_00B_T1_PREFLIGHT_20260725T152707Z.txt.sha256	a25c3566104a0856e61282f399928a9f844e9d9f24dd8ee6d3c8ac45605b32d1	2	1	POLYCOMP_D4_00B_MANIFEST_REGISTRY_T1_PREFLIGHT/POLYCOMP_D4_00B_T1_PREFLIGHT_20260725T152707Z.txt.sha256 | POLYCOMP_D4_00H_T1_FINAL_FREEZE/POLYCOMP_D4_T1_FINAL_EVIDENCE_20260725T171522Z/campaign_stages/00B_MANIFEST_REGISTRY_PREFLIGHT/POLYCOMP_D4_00B_T1_PREFLIGHT_20260725T152707Z.txt.sha256
experiments/polycomp-d4/00-campaign-setup/theorem-registry-and-t1-preflight/POLYCOMP_D4_00B_MANIFEST_REGISTRY_T1_PREFLIGHT/POLYCOMP_D4_T1_PREFLIGHT_RESULT_20260725T152707Z.json	53849706a947777f7d162c63b53961316cc41b5326dc72f4b2d9ef4514abd9e6	2	1	POLYCOMP_D4_00B_MANIFEST_REGISTRY_T1_PREFLIGHT/POLYCOMP_D4_T1_PREFLIGHT_RESULT_20260725T152707Z.json | POLYCOMP_D4_00H_T1_FINAL_FREEZE/POLYCOMP_D4_T1_FINAL_EVIDENCE_20260725T171522Z/campaign_stages/00B_MANIFEST_REGISTRY_PREFLIGHT/POLYCOMP_D4_T1_PREFLIGHT_RESULT_20260725T152707Z.json
experiments/polycomp-d4/00-campaign-setup/theorem-registry-and-t1-preflight/POLYCOMP_D4_00B_MANIFEST_REGISTRY_T1_PREFLIGHT/POLYCOMP_D4_THEOREM_REGISTRY_V1_20260725T152707Z.txt	13a3c6030a74d1ee224facd6991e776270bda23879629d6b7e7a3c43ffb3cd3b	2	1	POLYCOMP_D4_00B_MANIFEST_REGISTRY_T1_PREFLIGHT/POLYCOMP_D4_THEOREM_REGISTRY_V1_20260725T152707Z.txt | POLYCOMP_D4_00H_T1_FINAL_FREEZE/POLYCOMP_D4_T1_FINAL_EVIDENCE_20260725T171522Z/campaign_stages/00B_MANIFEST_REGISTRY_PREFLIGHT/POLYCOMP_D4_THEOREM_REGISTRY_V1_20260725T152707Z.txt
experiments/polycomp-d4/00-campaign-setup/theorem-registry-and-t1-preflight/POLYCOMP_D4_00B_MANIFEST_REGISTRY_T1_PREFLIGHT/POLYCOMP_D4_THEOREM_REGISTRY_V1_20260725T152707Z.txt.sha256	9e2c38682a960b543c6ffda4771ed863985a6c9517df2bd9344be97d80fe7b9a	2	1	POLYCOMP_D4_00B_MANIFEST_REGISTRY_T1_PREFLIGHT/POLYCOMP_D4_THEOREM_REGISTRY_V1_20260725T152707Z.txt.sha256 | POLYCOMP_D4_00H_T1_FINAL_FREEZE/POLYCOMP_D4_T1_FINAL_EVIDENCE_20260725T171522Z/campaign_stages/00B_MANIFEST_REGISTRY_PREFLIGHT/POLYCOMP_D4_THEOREM_REGISTRY_V1_20260725T152707Z.txt.sha256
experiments/polycomp-d4/T01-compressor-refinement/00-direct-diagnostics/POLYCOMP_D4_00C_T1_DIRECT_DIAG/POLYCOMP_D4_00C_T1_DIRECT_DIAG_20260725T153541Z.txt	7e4f5cbac8071d644d8a221544831d66b280315e0c2afd91be44ab20c7d9737f	2	1	POLYCOMP_D4_00C_T1_DIRECT_DIAG/POLYCOMP_D4_00C_T1_DIRECT_DIAG_20260725T153541Z.txt | POLYCOMP_D4_00H_T1_FINAL_FREEZE/POLYCOMP_D4_T1_FINAL_EVIDENCE_20260725T171522Z/campaign_stages/00C_RUNNER_DIAGNOSIS/POLYCOMP_D4_00C_T1_DIRECT_DIAG_20260725T153541Z.txt
experiments/polycomp-d4/T01-compressor-refinement/00-direct-diagnostics/POLYCOMP_D4_00C_T1_DIRECT_DIAG/POLYCOMP_D4_00C_T1_DIRECT_DIAG_20260725T153541Z.txt.sha256	0667491f4d4edc4e7ba94bd6d427d5120dc8f160d28e0df3a1cecffbaf6801f5	2	1	POLYCOMP_D4_00C_T1_DIRECT_DIAG/POLYCOMP_D4_00C_T1_DIRECT_DIAG_20260725T153541Z.txt.sha256 | POLYCOMP_D4_00H_T1_FINAL_FREEZE/POLYCOMP_D4_T1_FINAL_EVIDENCE_20260725T171522Z/campaign_stages/00C_RUNNER_DIAGNOSIS/POLYCOMP_D4_00C_T1_DIRECT_DIAG_20260725T153541Z.txt.sha256
experiments/polycomp-d4/T01-compressor-refinement/00-direct-diagnostics/POLYCOMP_D4_00C_T1_DIRECT_DIAG/POLYCOMP_D4_T1_LOOP_IDS_20260725T153541Z.txt	45cfa2b8a040dbeda74e1e7f6d76fdac209dd789077c75684a16d1188a98ac4b	2	1	POLYCOMP_D4_00C_T1_DIRECT_DIAG/POLYCOMP_D4_T1_LOOP_IDS_20260725T153541Z.txt | POLYCOMP_D4_00H_T1_FINAL_FREEZE/POLYCOMP_D4_T1_FINAL_EVIDENCE_20260725T171522Z/campaign_stages/00C_RUNNER_DIAGNOSIS/POLYCOMP_D4_T1_LOOP_IDS_20260725T153541Z.txt
experiments/polycomp-d4/T01-compressor-refinement/01-positive-semantic-and-strict/POLYCOMP_D4_00D_T1_VALID_DIRECT_RUN/POLYCOMP_D4_00D_T1_VALID_DIRECT_RUN_20260725T154158Z.txt	d0e1cc158d12b805e940cc97c4877bebf504ad4c558f799fe61214758ca01556	2	1	POLYCOMP_D4_00D_T1_VALID_DIRECT_RUN/POLYCOMP_D4_00D_T1_VALID_DIRECT_RUN_20260725T154158Z.txt | POLYCOMP_D4_00H_T1_FINAL_FREEZE/POLYCOMP_D4_T1_FINAL_EVIDENCE_20260725T171522Z/campaign_stages/00D_VALID_POSITIVE_RUN/POLYCOMP_D4_00D_T1_VALID_DIRECT_RUN_20260725T154158Z.txt
experiments/polycomp-d4/T01-compressor-refinement/01-positive-semantic-and-strict/POLYCOMP_D4_00D_T1_VALID_DIRECT_RUN/POLYCOMP_D4_00D_T1_VALID_DIRECT_RUN_20260725T154158Z.txt.sha256	50a99927d3596a1e991180c577732b437acf349b7815fc5d80318a465a83fe74	2	1	POLYCOMP_D4_00D_T1_VALID_DIRECT_RUN/POLYCOMP_D4_00D_T1_VALID_DIRECT_RUN_20260725T154158Z.txt.sha256 | POLYCOMP_D4_00H_T1_FINAL_FREEZE/POLYCOMP_D4_T1_FINAL_EVIDENCE_20260725T171522Z/campaign_stages/00D_VALID_POSITIVE_RUN/POLYCOMP_D4_00D_T1_VALID_DIRECT_RUN_20260725T154158Z.txt.sha256
experiments/polycomp-d4/T01-compressor-refinement/01-positive-semantic-and-strict/POLYCOMP_D4_00D_T1_VALID_DIRECT_RUN/POLYCOMP_D4_T1_PROPERTY_REPORT_20260725T154158Z.txt	4623fc346c97e5fbd8b6d5a8517dff4c8e31da9292b5117e8bbad4a22bba5c8c	2	1	POLYCOMP_D4_00D_T1_VALID_DIRECT_RUN/POLYCOMP_D4_T1_PROPERTY_REPORT_20260725T154158Z.txt | POLYCOMP_D4_00H_T1_FINAL_FREEZE/POLYCOMP_D4_T1_FINAL_EVIDENCE_20260725T171522Z/campaign_stages/00D_VALID_POSITIVE_RUN/POLYCOMP_D4_T1_PROPERTY_REPORT_20260725T154158Z.txt
experiments/polycomp-d4/T01-compressor-refinement/01-positive-semantic-and-strict/POLYCOMP_D4_00D_T1_VALID_DIRECT_RUN/POLYCOMP_D4_T1_SEMANTIC_RESULT_20260725T154158Z.json	d1491784fe2d9fbff6e56545e636f62eba6869fe251ac7cd5a930a5e2a8bb082	2	1	POLYCOMP_D4_00D_T1_VALID_DIRECT_RUN/POLYCOMP_D4_T1_SEMANTIC_RESULT_20260725T154158Z.json | POLYCOMP_D4_00H_T1_FINAL_FREEZE/POLYCOMP_D4_T1_FINAL_EVIDENCE_20260725T171522Z/campaign_stages/00D_VALID_POSITIVE_RUN/POLYCOMP_D4_T1_SEMANTIC_RESULT_20260725T154158Z.json
experiments/polycomp-d4/T01-compressor-refinement/01-positive-semantic-and-strict/POLYCOMP_D4_00D_T1_VALID_DIRECT_RUN/POLYCOMP_D4_T1_SEMANTIC_STDERR_20260725T154158Z.txt	e3b0c44298fc1c149afbf4c8996fb92427ae41e4649b934ca495991b7852b855	2	1	POLYCOMP_D4_00D_T1_VALID_DIRECT_RUN/POLYCOMP_D4_T1_SEMANTIC_STDERR_20260725T154158Z.txt | POLYCOMP_D4_00H_T1_FINAL_FREEZE/POLYCOMP_D4_T1_FINAL_EVIDENCE_20260725T171522Z/campaign_stages/00D_VALID_POSITIVE_RUN/POLYCOMP_D4_T1_SEMANTIC_STDERR_20260725T154158Z.txt
experiments/polycomp-d4/T01-compressor-refinement/01-positive-semantic-and-strict/POLYCOMP_D4_00D_T1_VALID_DIRECT_RUN/POLYCOMP_D4_T1_SEMANTIC_SUMMARY_20260725T154158Z.txt	ebb7f1217b993d536ca602f59aa12ecfb21b054d6a4206fe510340648b940a9e	2	1	POLYCOMP_D4_00D_T1_VALID_DIRECT_RUN/POLYCOMP_D4_T1_SEMANTIC_SUMMARY_20260725T154158Z.txt | POLYCOMP_D4_00H_T1_FINAL_FREEZE/POLYCOMP_D4_T1_FINAL_EVIDENCE_20260725T171522Z/campaign_stages/00D_VALID_POSITIVE_RUN/POLYCOMP_D4_T1_SEMANTIC_SUMMARY_20260725T154158Z.txt
experiments/polycomp-d4/T01-compressor-refinement/01-positive-semantic-and-strict/POLYCOMP_D4_00D_T1_VALID_DIRECT_RUN/POLYCOMP_D4_T1_SHOW_LOOPS_20260725T154158Z.txt	83c79e4f74dcc764824c6299d22c6a58d1bcf91f3722f0c6f0e03caff6d675ce	2	1	POLYCOMP_D4_00D_T1_VALID_DIRECT_RUN/POLYCOMP_D4_T1_SHOW_LOOPS_20260725T154158Z.txt | POLYCOMP_D4_00H_T1_FINAL_FREEZE/POLYCOMP_D4_T1_FINAL_EVIDENCE_20260725T171522Z/campaign_stages/00D_VALID_POSITIVE_RUN/POLYCOMP_D4_T1_SHOW_LOOPS_20260725T154158Z.txt
experiments/polycomp-d4/T01-compressor-refinement/01-positive-semantic-and-strict/POLYCOMP_D4_00D_T1_VALID_DIRECT_RUN/POLYCOMP_D4_T1_STRICT_RESULT_20260725T154158Z.json	2e7aa48cb77555416a2d58653cbda7db4a69f308f3b185ee810ac5a76a31b85f	2	1	POLYCOMP_D4_00D_T1_VALID_DIRECT_RUN/POLYCOMP_D4_T1_STRICT_RESULT_20260725T154158Z.json | POLYCOMP_D4_00H_T1_FINAL_FREEZE/POLYCOMP_D4_T1_FINAL_EVIDENCE_20260725T171522Z/campaign_stages/00D_VALID_POSITIVE_RUN/POLYCOMP_D4_T1_STRICT_RESULT_20260725T154158Z.json
experiments/polycomp-d4/T01-compressor-refinement/01-positive-semantic-and-strict/POLYCOMP_D4_00D_T1_VALID_DIRECT_RUN/POLYCOMP_D4_T1_STRICT_STDERR_20260725T154158Z.txt	e3b0c44298fc1c149afbf4c8996fb92427ae41e4649b934ca495991b7852b855	2	1	POLYCOMP_D4_00D_T1_VALID_DIRECT_RUN/POLYCOMP_D4_T1_STRICT_STDERR_20260725T154158Z.txt | POLYCOMP_D4_00H_T1_FINAL_FREEZE/POLYCOMP_D4_T1_FINAL_EVIDENCE_20260725T171522Z/campaign_stages/00D_VALID_POSITIVE_RUN/POLYCOMP_D4_T1_STRICT_STDERR_20260725T154158Z.txt
experiments/polycomp-d4/T01-compressor-refinement/01-positive-semantic-and-strict/POLYCOMP_D4_00D_T1_VALID_DIRECT_RUN/POLYCOMP_D4_T1_STRICT_SUMMARY_20260725T154158Z.txt	60d2ee4dcb9e2a5796c4565e3c29e18e91b35add5cd0541a4d3f50972842819b	2	1	POLYCOMP_D4_00D_T1_VALID_DIRECT_RUN/POLYCOMP_D4_T1_STRICT_SUMMARY_20260725T154158Z.txt | POLYCOMP_D4_00H_T1_FINAL_FREEZE/POLYCOMP_D4_T1_FINAL_EVIDENCE_20260725T171522Z/campaign_stages/00D_VALID_POSITIVE_RUN/POLYCOMP_D4_T1_STRICT_SUMMARY_20260725T154158Z.txt
experiments/polycomp-d4/T01-compressor-refinement/01-positive-semantic-and-strict/POLYCOMP_D4_00D_T1_VALID_DIRECT_RUN/POLYCOMP_D4_T1_UNWIND_MAP_20260725T154158Z.txt	7c6cbfd3db4127471127325129b23670e270b7a8234af565e004e9f27cea5384	2	1	POLYCOMP_D4_00D_T1_VALID_DIRECT_RUN/POLYCOMP_D4_T1_UNWIND_MAP_20260725T154158Z.txt | POLYCOMP_D4_00H_T1_FINAL_FREEZE/POLYCOMP_D4_T1_FINAL_EVIDENCE_20260725T171522Z/campaign_stages/00D_VALID_POSITIVE_RUN/POLYCOMP_D4_T1_UNWIND_MAP_20260725T154158Z.txt
experiments/polycomp-d4/T01-compressor-refinement/02-initial-coverage-attempt/POLYCOMP_D4_00E_T1_NONVACUITY_MUTATION/POLYCOMP_D4_00E_T1_NONVACUITY_MUTATION_20260725T163139Z.txt	264ca4a4077ce217af74c0780be15612135a2696d7dd5651310905ecb08c4145	2	1	POLYCOMP_D4_00E_T1_NONVACUITY_MUTATION/POLYCOMP_D4_00E_T1_NONVACUITY_MUTATION_20260725T163139Z.txt | POLYCOMP_D4_00H_T1_FINAL_FREEZE/POLYCOMP_D4_T1_FINAL_EVIDENCE_20260725T171522Z/campaign_stages/00E_INITIAL_COVERAGE_ATTEMPT/POLYCOMP_D4_00E_T1_NONVACUITY_MUTATION_20260725T163139Z.txt
experiments/polycomp-d4/T01-compressor-refinement/02-initial-coverage-attempt/POLYCOMP_D4_00E_T1_NONVACUITY_MUTATION/POLYCOMP_D4_00E_T1_NONVACUITY_MUTATION_20260725T163139Z.txt.sha256	20b304cfad8754e91323e3fd6ea94994f0c6fd007bfb265794d758958838e778	2	1	POLYCOMP_D4_00E_T1_NONVACUITY_MUTATION/POLYCOMP_D4_00E_T1_NONVACUITY_MUTATION_20260725T163139Z.txt.sha256 | POLYCOMP_D4_00H_T1_FINAL_FREEZE/POLYCOMP_D4_T1_FINAL_EVIDENCE_20260725T171522Z/campaign_stages/00E_INITIAL_COVERAGE_ATTEMPT/POLYCOMP_D4_00E_T1_NONVACUITY_MUTATION_20260725T163139Z.txt.sha256
experiments/polycomp-d4/T01-compressor-refinement/02-initial-coverage-attempt/POLYCOMP_D4_00E_T1_NONVACUITY_MUTATION/T1_COVERAGE_20260725T163139Z.json	8dff985ac2f6c1b9766926e7ded3050f3b46d7b7b5f1dadddc4695677734b378	2	1	POLYCOMP_D4_00E_T1_NONVACUITY_MUTATION/T1_COVERAGE_20260725T163139Z.json | POLYCOMP_D4_00H_T1_FINAL_FREEZE/POLYCOMP_D4_T1_FINAL_EVIDENCE_20260725T171522Z/campaign_stages/00E_INITIAL_COVERAGE_ATTEMPT/T1_COVERAGE_20260725T163139Z.json
experiments/polycomp-d4/T01-compressor-refinement/02-initial-coverage-attempt/POLYCOMP_D4_00E_T1_NONVACUITY_MUTATION/T1_COVERAGE_STDERR_20260725T163139Z.txt	e3b0c44298fc1c149afbf4c8996fb92427ae41e4649b934ca495991b7852b855	2	1	POLYCOMP_D4_00E_T1_NONVACUITY_MUTATION/T1_COVERAGE_STDERR_20260725T163139Z.txt | POLYCOMP_D4_00H_T1_FINAL_FREEZE/POLYCOMP_D4_T1_FINAL_EVIDENCE_20260725T171522Z/campaign_stages/00E_INITIAL_COVERAGE_ATTEMPT/T1_COVERAGE_STDERR_20260725T163139Z.txt
experiments/polycomp-d4/T01-compressor-refinement/02-initial-coverage-attempt/POLYCOMP_D4_00E_T1_NONVACUITY_MUTATION/T1_COVERAGE_SUMMARY_20260725T163139Z.txt	06f2c9e07ac1ab1acb31c7028257e652e10ba8da386e8fa180a300cc97172cde	2	1	POLYCOMP_D4_00E_T1_NONVACUITY_MUTATION/T1_COVERAGE_SUMMARY_20260725T163139Z.txt | POLYCOMP_D4_00H_T1_FINAL_FREEZE/POLYCOMP_D4_T1_FINAL_EVIDENCE_20260725T171522Z/campaign_stages/00E_INITIAL_COVERAGE_ATTEMPT/T1_COVERAGE_SUMMARY_20260725T163139Z.txt
experiments/polycomp-d4/T01-compressor-refinement/03-nonvacuity-and-bitflip-mutation/POLYCOMP_D4_00F_T1_CONTINUE_NONVAC_MUT/POLYCOMP_D4_00F_T1_CONTINUE_NONVAC_MUT_20260725T163613Z.txt	d0f6fd7c413caf3d9dbd84b53d9621b98ed35d72675cc69c6540f8104528a2c3	2	1	POLYCOMP_D4_00F_T1_CONTINUE_NONVAC_MUT/POLYCOMP_D4_00F_T1_CONTINUE_NONVAC_MUT_20260725T163613Z.txt | POLYCOMP_D4_00H_T1_FINAL_FREEZE/POLYCOMP_D4_T1_FINAL_EVIDENCE_20260725T171522Z/campaign_stages/00F_NONVACUITY_BITFLIP/POLYCOMP_D4_00F_T1_CONTINUE_NONVAC_MUT_20260725T163613Z.txt
experiments/polycomp-d4/T01-compressor-refinement/03-nonvacuity-and-bitflip-mutation/POLYCOMP_D4_00F_T1_CONTINUE_NONVAC_MUT/POLYCOMP_D4_00F_T1_CONTINUE_NONVAC_MUT_20260725T163613Z.txt.sha256	113bc97dbd580dc5dc65a60a7b89cd937f3d8e5b238d344ae0a549533b50c64f	2	1	POLYCOMP_D4_00F_T1_CONTINUE_NONVAC_MUT/POLYCOMP_D4_00F_T1_CONTINUE_NONVAC_MUT_20260725T163613Z.txt.sha256 | POLYCOMP_D4_00H_T1_FINAL_FREEZE/POLYCOMP_D4_T1_FINAL_EVIDENCE_20260725T171522Z/campaign_stages/00F_NONVACUITY_BITFLIP/POLYCOMP_D4_00F_T1_CONTINUE_NONVAC_MUT_20260725T163613Z.txt.sha256
experiments/polycomp-d4/T01-compressor-refinement/03-nonvacuity-and-bitflip-mutation/POLYCOMP_D4_00F_T1_CONTINUE_NONVAC_MUT/T1_ACCEPTED_COVERAGE_SUMMARY_20260725T163613Z.txt	7f1102bf8c1573cf085c97784bff269b6fa715e20a8f1800a357cabda414b002	2	1	POLYCOMP_D4_00F_T1_CONTINUE_NONVAC_MUT/T1_ACCEPTED_COVERAGE_SUMMARY_20260725T163613Z.txt | POLYCOMP_D4_00H_T1_FINAL_FREEZE/POLYCOMP_D4_T1_FINAL_EVIDENCE_20260725T171522Z/campaign_stages/00F_NONVACUITY_BITFLIP/T1_ACCEPTED_COVERAGE_SUMMARY_20260725T163613Z.txt
experiments/polycomp-d4/T01-compressor-refinement/03-nonvacuity-and-bitflip-mutation/POLYCOMP_D4_00F_T1_CONTINUE_NONVAC_MUT/T1_END_REACHABILITY_20260725T163613Z.goto	972ecbb4abb45e65d18fa9ae49781564cc077098419631f8ef63d47a54596587	2	1	POLYCOMP_D4_00F_T1_CONTINUE_NONVAC_MUT/T1_END_REACHABILITY_20260725T163613Z.goto | POLYCOMP_D4_00H_T1_FINAL_FREEZE/POLYCOMP_D4_T1_FINAL_EVIDENCE_20260725T171522Z/campaign_stages/00F_NONVACUITY_BITFLIP/T1_END_REACHABILITY_20260725T163613Z.goto
experiments/polycomp-d4/T01-compressor-refinement/03-nonvacuity-and-bitflip-mutation/POLYCOMP_D4_00F_T1_CONTINUE_NONVAC_MUT/T1_END_REACHABILITY_INSTRUMENT_STDERR_20260725T163613Z.txt	e3b0c44298fc1c149afbf4c8996fb92427ae41e4649b934ca495991b7852b855	2	1	POLYCOMP_D4_00F_T1_CONTINUE_NONVAC_MUT/T1_END_REACHABILITY_INSTRUMENT_STDERR_20260725T163613Z.txt | POLYCOMP_D4_00H_T1_FINAL_FREEZE/POLYCOMP_D4_T1_FINAL_EVIDENCE_20260725T171522Z/campaign_stages/00F_NONVACUITY_BITFLIP/T1_END_REACHABILITY_INSTRUMENT_STDERR_20260725T163613Z.txt
experiments/polycomp-d4/T01-compressor-refinement/03-nonvacuity-and-bitflip-mutation/POLYCOMP_D4_00F_T1_CONTINUE_NONVAC_MUT/T1_END_REACHABILITY_INSTRUMENT_STDOUT_20260725T163613Z.txt	3ecf2cc0d6522c8d20d9c54e1e26ab3e432401a326ff8c76626c8a4285bd1ba9	2	1	POLYCOMP_D4_00F_T1_CONTINUE_NONVAC_MUT/T1_END_REACHABILITY_INSTRUMENT_STDOUT_20260725T163613Z.txt | POLYCOMP_D4_00H_T1_FINAL_FREEZE/POLYCOMP_D4_T1_FINAL_EVIDENCE_20260725T171522Z/campaign_stages/00F_NONVACUITY_BITFLIP/T1_END_REACHABILITY_INSTRUMENT_STDOUT_20260725T163613Z.txt
experiments/polycomp-d4/T01-compressor-refinement/03-nonvacuity-and-bitflip-mutation/POLYCOMP_D4_00F_T1_CONTINUE_NONVAC_MUT/T1_END_REACHABILITY_PROPERTIES_20260725T163613Z.txt	fbf6f5699d636b5f1f21fb7c8073f053d8ac6443671a199663a693ffb2c30968	2	1	POLYCOMP_D4_00F_T1_CONTINUE_NONVAC_MUT/T1_END_REACHABILITY_PROPERTIES_20260725T163613Z.txt | POLYCOMP_D4_00H_T1_FINAL_FREEZE/POLYCOMP_D4_T1_FINAL_EVIDENCE_20260725T171522Z/campaign_stages/00F_NONVACUITY_BITFLIP/T1_END_REACHABILITY_PROPERTIES_20260725T163613Z.txt
experiments/polycomp-d4/T01-compressor-refinement/03-nonvacuity-and-bitflip-mutation/POLYCOMP_D4_00F_T1_CONTINUE_NONVAC_MUT/T1_END_REACHABILITY_RESULT_20260725T163613Z.json	e2253c23dd9c6bc9400f6b29cc744ed548384c6c9a1342dab5d326df9d87b5ae	2	1	POLYCOMP_D4_00F_T1_CONTINUE_NONVAC_MUT/T1_END_REACHABILITY_RESULT_20260725T163613Z.json | POLYCOMP_D4_00H_T1_FINAL_FREEZE/POLYCOMP_D4_T1_FINAL_EVIDENCE_20260725T171522Z/campaign_stages/00F_NONVACUITY_BITFLIP/T1_END_REACHABILITY_RESULT_20260725T163613Z.json
experiments/polycomp-d4/T01-compressor-refinement/03-nonvacuity-and-bitflip-mutation/POLYCOMP_D4_00F_T1_CONTINUE_NONVAC_MUT/T1_END_REACHABILITY_STDERR_20260725T163613Z.txt	e3b0c44298fc1c149afbf4c8996fb92427ae41e4649b934ca495991b7852b855	2	1	POLYCOMP_D4_00F_T1_CONTINUE_NONVAC_MUT/T1_END_REACHABILITY_STDERR_20260725T163613Z.txt | POLYCOMP_D4_00H_T1_FINAL_FREEZE/POLYCOMP_D4_T1_FINAL_EVIDENCE_20260725T171522Z/campaign_stages/00F_NONVACUITY_BITFLIP/T1_END_REACHABILITY_STDERR_20260725T163613Z.txt
experiments/polycomp-d4/T01-compressor-refinement/03-nonvacuity-and-bitflip-mutation/POLYCOMP_D4_00F_T1_CONTINUE_NONVAC_MUT/T1_END_REACHABILITY_SUMMARY_20260725T163613Z.txt	20dd180794e860412bca11b81d02b0577d825fad92a9903ac4a2aa47b65fe6e4	2	1	POLYCOMP_D4_00F_T1_CONTINUE_NONVAC_MUT/T1_END_REACHABILITY_SUMMARY_20260725T163613Z.txt | POLYCOMP_D4_00H_T1_FINAL_FREEZE/POLYCOMP_D4_T1_FINAL_EVIDENCE_20260725T171522Z/campaign_stages/00F_NONVACUITY_BITFLIP/T1_END_REACHABILITY_SUMMARY_20260725T163613Z.txt
experiments/polycomp-d4/T01-compressor-refinement/03-nonvacuity-and-bitflip-mutation/POLYCOMP_D4_00F_T1_CONTINUE_NONVAC_MUT/T1_MUTANT_LOOPS_20260725T163613Z.txt	16b592ed0b15f60f47c82f554bb8eb0dbb81e588262b18733738f5ee52392187	2	1	POLYCOMP_D4_00F_T1_CONTINUE_NONVAC_MUT/T1_MUTANT_LOOPS_20260725T163613Z.txt | POLYCOMP_D4_00H_T1_FINAL_FREEZE/POLYCOMP_D4_T1_FINAL_EVIDENCE_20260725T171522Z/campaign_stages/00F_NONVACUITY_BITFLIP/T1_MUTANT_LOOPS_20260725T163613Z.txt
experiments/polycomp-d4/T01-compressor-refinement/03-nonvacuity-and-bitflip-mutation/POLYCOMP_D4_00F_T1_CONTINUE_NONVAC_MUT/T1_MUTANT_PROPERTIES_20260725T163613Z.txt	6176eb339a0deea9107ef5ae2765ced2be3e87e36019f087eb413a993e845509	2	1	POLYCOMP_D4_00F_T1_CONTINUE_NONVAC_MUT/T1_MUTANT_PROPERTIES_20260725T163613Z.txt | POLYCOMP_D4_00H_T1_FINAL_FREEZE/POLYCOMP_D4_T1_FINAL_EVIDENCE_20260725T171522Z/campaign_stages/00F_NONVACUITY_BITFLIP/T1_MUTANT_PROPERTIES_20260725T163613Z.txt
experiments/polycomp-d4/T01-compressor-refinement/03-nonvacuity-and-bitflip-mutation/POLYCOMP_D4_00F_T1_CONTINUE_NONVAC_MUT/T1_MUTANT_RESULT_20260725T163613Z.json	3eb131d7fb51cfd9bc7a8b4cdbcc817e96145875330f8ceed05c40c5e9ad5735	2	1	POLYCOMP_D4_00F_T1_CONTINUE_NONVAC_MUT/T1_MUTANT_RESULT_20260725T163613Z.json | POLYCOMP_D4_00H_T1_FINAL_FREEZE/POLYCOMP_D4_T1_FINAL_EVIDENCE_20260725T171522Z/campaign_stages/00F_NONVACUITY_BITFLIP/T1_MUTANT_RESULT_20260725T163613Z.json
experiments/polycomp-d4/T01-compressor-refinement/03-nonvacuity-and-bitflip-mutation/POLYCOMP_D4_00F_T1_CONTINUE_NONVAC_MUT/T1_MUTANT_RUNNER_20260725T163613Z.json	7cecf36724886599f61161b43d6a7935e1df1835a90300a48a39a26f895a7a08	2	1	POLYCOMP_D4_00F_T1_CONTINUE_NONVAC_MUT/T1_MUTANT_RUNNER_20260725T163613Z.json | POLYCOMP_D4_00H_T1_FINAL_FREEZE/POLYCOMP_D4_T1_FINAL_EVIDENCE_20260725T171522Z/campaign_stages/00F_NONVACUITY_BITFLIP/T1_MUTANT_RUNNER_20260725T163613Z.json
experiments/polycomp-d4/T01-compressor-refinement/03-nonvacuity-and-bitflip-mutation/POLYCOMP_D4_00F_T1_CONTINUE_NONVAC_MUT/T1_MUTANT_RUNNER_20260725T163613Z.txt	7c1fe9d3d194ed1487dd0dbd70525f988694fcbee9d8231e4684d0c70c2363f3	2	1	POLYCOMP_D4_00F_T1_CONTINUE_NONVAC_MUT/T1_MUTANT_RUNNER_20260725T163613Z.txt | POLYCOMP_D4_00H_T1_FINAL_FREEZE/POLYCOMP_D4_T1_FINAL_EVIDENCE_20260725T171522Z/campaign_stages/00F_NONVACUITY_BITFLIP/T1_MUTANT_RUNNER_20260725T163613Z.txt
experiments/polycomp-d4/T01-compressor-refinement/03-nonvacuity-and-bitflip-mutation/POLYCOMP_D4_00F_T1_CONTINUE_NONVAC_MUT/T1_MUTANT_STDERR_20260725T163613Z.txt	e3b0c44298fc1c149afbf4c8996fb92427ae41e4649b934ca495991b7852b855	2	1	POLYCOMP_D4_00F_T1_CONTINUE_NONVAC_MUT/T1_MUTANT_STDERR_20260725T163613Z.txt | POLYCOMP_D4_00H_T1_FINAL_FREEZE/POLYCOMP_D4_T1_FINAL_EVIDENCE_20260725T171522Z/campaign_stages/00F_NONVACUITY_BITFLIP/T1_MUTANT_STDERR_20260725T163613Z.txt
experiments/polycomp-d4/T01-compressor-refinement/03-nonvacuity-and-bitflip-mutation/POLYCOMP_D4_00F_T1_CONTINUE_NONVAC_MUT/T1_MUTANT_SUMMARY_20260725T163613Z.txt	bed0fdd6eb1c023e5131168055115aa50d91a616bcb799c7921b824da1538dce	2	1	POLYCOMP_D4_00F_T1_CONTINUE_NONVAC_MUT/T1_MUTANT_SUMMARY_20260725T163613Z.txt | POLYCOMP_D4_00H_T1_FINAL_FREEZE/POLYCOMP_D4_T1_FINAL_EVIDENCE_20260725T171522Z/campaign_stages/00F_NONVACUITY_BITFLIP/T1_MUTANT_SUMMARY_20260725T163613Z.txt
experiments/polycomp-d4/T01-compressor-refinement/04-relational-packing-and-mutations/POLYCOMP_D4_00G_T1_RELATIONAL_PACKING/POLYCOMP_D4_00G_T1_RELATIONAL_PACKING_20260725T164351Z.txt	8e0b38afde46ccc65b8039818c63a9e318aad75fd86130e47150665be8a75121	2	1	POLYCOMP_D4_00G_T1_RELATIONAL_PACKING/POLYCOMP_D4_00G_T1_RELATIONAL_PACKING_20260725T164351Z.txt | POLYCOMP_D4_00H_T1_FINAL_FREEZE/POLYCOMP_D4_T1_FINAL_EVIDENCE_20260725T171522Z/campaign_stages/00G_RELATIONAL_PACKING/POLYCOMP_D4_00G_T1_RELATIONAL_PACKING_20260725T164351Z.txt
experiments/polycomp-d4/T01-compressor-refinement/04-relational-packing-and-mutations/POLYCOMP_D4_00G_T1_RELATIONAL_PACKING/POLYCOMP_D4_00G_T1_RELATIONAL_PACKING_20260725T164351Z.txt.sha256	6778ea847e04c4edb9e145579a2e4c8593a33f172cebbf6f4a58f61f1b062eb9	2	1	POLYCOMP_D4_00G_T1_RELATIONAL_PACKING/POLYCOMP_D4_00G_T1_RELATIONAL_PACKING_20260725T164351Z.txt.sha256 | POLYCOMP_D4_00H_T1_FINAL_FREEZE/POLYCOMP_D4_T1_FINAL_EVIDENCE_20260725T171522Z/campaign_stages/00G_RELATIONAL_PACKING/POLYCOMP_D4_00G_T1_RELATIONAL_PACKING_20260725T164351Z.txt.sha256
experiments/polycomp-d4/T01-compressor-refinement/04-relational-packing-and-mutations/POLYCOMP_D4_00G_T1_RELATIONAL_PACKING/RELATIONAL_END_REACHABILITY_20260725T164351Z.goto	b3990f98cc52a8f6b4556599942408945a607a4e8ea7c1e9e5ffaf4963a0c308	2	1	POLYCOMP_D4_00G_T1_RELATIONAL_PACKING/RELATIONAL_END_REACHABILITY_20260725T164351Z.goto | POLYCOMP_D4_00H_T1_FINAL_FREEZE/POLYCOMP_D4_T1_FINAL_EVIDENCE_20260725T171522Z/campaign_stages/00G_RELATIONAL_PACKING/RELATIONAL_END_REACHABILITY_20260725T164351Z.goto
experiments/polycomp-d4/T01-compressor-refinement/04-relational-packing-and-mutations/POLYCOMP_D4_00G_T1_RELATIONAL_PACKING/RELATIONAL_END_REACHABILITY_20260725T164351Z.json	a7b0bf61db3d0993c583730c4eabf4eba04009f5c1c50f0cfd7260e91e93b562	2	1	POLYCOMP_D4_00G_T1_RELATIONAL_PACKING/RELATIONAL_END_REACHABILITY_20260725T164351Z.json | POLYCOMP_D4_00H_T1_FINAL_FREEZE/POLYCOMP_D4_T1_FINAL_EVIDENCE_20260725T171522Z/campaign_stages/00G_RELATIONAL_PACKING/RELATIONAL_END_REACHABILITY_20260725T164351Z.json
experiments/polycomp-d4/T01-compressor-refinement/04-relational-packing-and-mutations/POLYCOMP_D4_00G_T1_RELATIONAL_PACKING/RELATIONAL_END_REACHABILITY_STDERR_20260725T164351Z.txt	e3b0c44298fc1c149afbf4c8996fb92427ae41e4649b934ca495991b7852b855	2	1	POLYCOMP_D4_00G_T1_RELATIONAL_PACKING/RELATIONAL_END_REACHABILITY_STDERR_20260725T164351Z.txt | POLYCOMP_D4_00H_T1_FINAL_FREEZE/POLYCOMP_D4_T1_FINAL_EVIDENCE_20260725T171522Z/campaign_stages/00G_RELATIONAL_PACKING/RELATIONAL_END_REACHABILITY_STDERR_20260725T164351Z.txt
experiments/polycomp-d4/T01-compressor-refinement/04-relational-packing-and-mutations/POLYCOMP_D4_00G_T1_RELATIONAL_PACKING/RELATIONAL_END_REACHABILITY_SUMMARY_20260725T164351Z.txt	0334a476aed2a1be2ba9f350cb5e511cd769f1cc5167c47e5c282bad0e1db356	2	1	POLYCOMP_D4_00G_T1_RELATIONAL_PACKING/RELATIONAL_END_REACHABILITY_SUMMARY_20260725T164351Z.txt | POLYCOMP_D4_00H_T1_FINAL_FREEZE/POLYCOMP_D4_T1_FINAL_EVIDENCE_20260725T171522Z/campaign_stages/00G_RELATIONAL_PACKING/RELATIONAL_END_REACHABILITY_SUMMARY_20260725T164351Z.txt
experiments/polycomp-d4/T01-compressor-refinement/04-relational-packing-and-mutations/POLYCOMP_D4_00G_T1_RELATIONAL_PACKING/RELATIONAL_LOOPS_20260725T164351Z.txt	b2b5f84cef8fe3f713950588d0d4614e9118d22c9430e702332ab94e41920c37	2	1	POLYCOMP_D4_00G_T1_RELATIONAL_PACKING/RELATIONAL_LOOPS_20260725T164351Z.txt | POLYCOMP_D4_00H_T1_FINAL_FREEZE/POLYCOMP_D4_T1_FINAL_EVIDENCE_20260725T171522Z/campaign_stages/00G_RELATIONAL_PACKING/RELATIONAL_LOOPS_20260725T164351Z.txt
experiments/polycomp-d4/T01-compressor-refinement/04-relational-packing-and-mutations/POLYCOMP_D4_00G_T1_RELATIONAL_PACKING/RELATIONAL_PROPERTIES_20260725T164351Z.txt	bf64a2f46d844ec919b06a39c2bea71246e8e00c008fef9a8c3b7dec98b0eed1	2	1	POLYCOMP_D4_00G_T1_RELATIONAL_PACKING/RELATIONAL_PROPERTIES_20260725T164351Z.txt | POLYCOMP_D4_00H_T1_FINAL_FREEZE/POLYCOMP_D4_T1_FINAL_EVIDENCE_20260725T171522Z/campaign_stages/00G_RELATIONAL_PACKING/RELATIONAL_PROPERTIES_20260725T164351Z.txt
experiments/polycomp-d4/T01-compressor-refinement/04-relational-packing-and-mutations/POLYCOMP_D4_00G_T1_RELATIONAL_PACKING/RELATIONAL_RUNNER_20260725T164351Z.json	484e2f1741f5a6a9b6f895cbd7a27d114b2dc04b12b875ee4c1e16b720d49aa9	2	1	POLYCOMP_D4_00G_T1_RELATIONAL_PACKING/RELATIONAL_RUNNER_20260725T164351Z.json | POLYCOMP_D4_00H_T1_FINAL_FREEZE/POLYCOMP_D4_T1_FINAL_EVIDENCE_20260725T171522Z/campaign_stages/00G_RELATIONAL_PACKING/RELATIONAL_RUNNER_20260725T164351Z.json
experiments/polycomp-d4/T01-compressor-refinement/04-relational-packing-and-mutations/POLYCOMP_D4_00G_T1_RELATIONAL_PACKING/RELATIONAL_RUNNER_20260725T164351Z.txt	0c9f16ffb3bf42f1db8699377d8846e85da5b2500f4273654f59b3d156265372	2	1	POLYCOMP_D4_00G_T1_RELATIONAL_PACKING/RELATIONAL_RUNNER_20260725T164351Z.txt | POLYCOMP_D4_00H_T1_FINAL_FREEZE/POLYCOMP_D4_T1_FINAL_EVIDENCE_20260725T171522Z/campaign_stages/00G_RELATIONAL_PACKING/RELATIONAL_RUNNER_20260725T164351Z.txt
experiments/polycomp-d4/T01-compressor-refinement/04-relational-packing-and-mutations/POLYCOMP_D4_00G_T1_RELATIONAL_PACKING/RELATIONAL_SEMANTIC_20260725T164351Z.json	5934520a5f70b2c3218a292dc06853829e39f492b40b420ef2d02a9cfb46e47d	2	1	POLYCOMP_D4_00G_T1_RELATIONAL_PACKING/RELATIONAL_SEMANTIC_20260725T164351Z.json | POLYCOMP_D4_00H_T1_FINAL_FREEZE/POLYCOMP_D4_T1_FINAL_EVIDENCE_20260725T171522Z/campaign_stages/00G_RELATIONAL_PACKING/RELATIONAL_SEMANTIC_20260725T164351Z.json
experiments/polycomp-d4/T01-compressor-refinement/04-relational-packing-and-mutations/POLYCOMP_D4_00G_T1_RELATIONAL_PACKING/RELATIONAL_SEMANTIC_STDERR_20260725T164351Z.txt	e3b0c44298fc1c149afbf4c8996fb92427ae41e4649b934ca495991b7852b855	2	1	POLYCOMP_D4_00G_T1_RELATIONAL_PACKING/RELATIONAL_SEMANTIC_STDERR_20260725T164351Z.txt | POLYCOMP_D4_00H_T1_FINAL_FREEZE/POLYCOMP_D4_T1_FINAL_EVIDENCE_20260725T171522Z/campaign_stages/00G_RELATIONAL_PACKING/RELATIONAL_SEMANTIC_STDERR_20260725T164351Z.txt
experiments/polycomp-d4/T01-compressor-refinement/04-relational-packing-and-mutations/POLYCOMP_D4_00G_T1_RELATIONAL_PACKING/RELATIONAL_SEMANTIC_SUMMARY_20260725T164351Z.txt	8b9b62f6935f6c8503f113c00df7c33310576d6d1bbcc5851c37b97f7314684e	2	1	POLYCOMP_D4_00G_T1_RELATIONAL_PACKING/RELATIONAL_SEMANTIC_SUMMARY_20260725T164351Z.txt | POLYCOMP_D4_00H_T1_FINAL_FREEZE/POLYCOMP_D4_T1_FINAL_EVIDENCE_20260725T171522Z/campaign_stages/00G_RELATIONAL_PACKING/RELATIONAL_SEMANTIC_SUMMARY_20260725T164351Z.txt
experiments/polycomp-d4/T01-compressor-refinement/04-relational-packing-and-mutations/POLYCOMP_D4_00G_T1_RELATIONAL_PACKING/RELATIONAL_STRICT_20260725T164351Z.json	b4fef8cd56d752114abbfd0b5d2db4ce0e312c14101c1af8c3be2fbef3b6044d	2	1	POLYCOMP_D4_00G_T1_RELATIONAL_PACKING/RELATIONAL_STRICT_20260725T164351Z.json | POLYCOMP_D4_00H_T1_FINAL_FREEZE/POLYCOMP_D4_T1_FINAL_EVIDENCE_20260725T171522Z/campaign_stages/00G_RELATIONAL_PACKING/RELATIONAL_STRICT_20260725T164351Z.json
experiments/polycomp-d4/T01-compressor-refinement/04-relational-packing-and-mutations/POLYCOMP_D4_00G_T1_RELATIONAL_PACKING/RELATIONAL_STRICT_STDERR_20260725T164351Z.txt	e3b0c44298fc1c149afbf4c8996fb92427ae41e4649b934ca495991b7852b855	2	1	POLYCOMP_D4_00G_T1_RELATIONAL_PACKING/RELATIONAL_STRICT_STDERR_20260725T164351Z.txt | POLYCOMP_D4_00H_T1_FINAL_FREEZE/POLYCOMP_D4_T1_FINAL_EVIDENCE_20260725T171522Z/campaign_stages/00G_RELATIONAL_PACKING/RELATIONAL_STRICT_STDERR_20260725T164351Z.txt
experiments/polycomp-d4/T01-compressor-refinement/04-relational-packing-and-mutations/POLYCOMP_D4_00G_T1_RELATIONAL_PACKING/RELATIONAL_STRICT_SUMMARY_20260725T164351Z.txt	89cd77a3b527b806bdc02032063637b1ce85ac118d93f32d0ef6a8464ddaced1	2	1	POLYCOMP_D4_00G_T1_RELATIONAL_PACKING/RELATIONAL_STRICT_SUMMARY_20260725T164351Z.txt | POLYCOMP_D4_00H_T1_FINAL_FREEZE/POLYCOMP_D4_T1_FINAL_EVIDENCE_20260725T171522Z/campaign_stages/00G_RELATIONAL_PACKING/RELATIONAL_STRICT_SUMMARY_20260725T164351Z.txt
experiments/polycomp-d4/T01-compressor-refinement/04-relational-packing-and-mutations/POLYCOMP_D4_00G_T1_RELATIONAL_PACKING/REL_REACH_INSTRUMENT_STDERR_20260725T164351Z.txt	e3b0c44298fc1c149afbf4c8996fb92427ae41e4649b934ca495991b7852b855	2	1	POLYCOMP_D4_00G_T1_RELATIONAL_PACKING/REL_REACH_INSTRUMENT_STDERR_20260725T164351Z.txt | POLYCOMP_D4_00H_T1_FINAL_FREEZE/POLYCOMP_D4_T1_FINAL_EVIDENCE_20260725T171522Z/campaign_stages/00G_RELATIONAL_PACKING/REL_REACH_INSTRUMENT_STDERR_20260725T164351Z.txt
experiments/polycomp-d4/T01-compressor-refinement/04-relational-packing-and-mutations/POLYCOMP_D4_00G_T1_RELATIONAL_PACKING/REL_REACH_INSTRUMENT_STDOUT_20260725T164351Z.txt	f0941e039ed3617f4b2697532e35f16f781c4261495333c98e6a2564c3b3390d	2	1	POLYCOMP_D4_00G_T1_RELATIONAL_PACKING/REL_REACH_INSTRUMENT_STDOUT_20260725T164351Z.txt | POLYCOMP_D4_00H_T1_FINAL_FREEZE/POLYCOMP_D4_T1_FINAL_EVIDENCE_20260725T171522Z/campaign_stages/00G_RELATIONAL_PACKING/REL_REACH_INSTRUMENT_STDOUT_20260725T164351Z.txt
experiments/polycomp-d4/T01-compressor-refinement/04-relational-packing-and-mutations/POLYCOMP_D4_00G_T1_RELATIONAL_PACKING/ROUND_LOOPS_20260725T164351Z.txt	ff003d0c93aa40ba2e2ee15a4bdb1321cb2d624cc8fd1afb0c253f88cd378eca	2	1	POLYCOMP_D4_00G_T1_RELATIONAL_PACKING/ROUND_LOOPS_20260725T164351Z.txt | POLYCOMP_D4_00H_T1_FINAL_FREEZE/POLYCOMP_D4_T1_FINAL_EVIDENCE_20260725T171522Z/campaign_stages/00G_RELATIONAL_PACKING/ROUND_LOOPS_20260725T164351Z.txt
experiments/polycomp-d4/T01-compressor-refinement/04-relational-packing-and-mutations/POLYCOMP_D4_00G_T1_RELATIONAL_PACKING/ROUND_MUTATION_RESULT_20260725T164351Z.json	a6d6028d85cbfb85112a7ca0e5891be07c93eb4d6833a4ca7e73c5c6003026da	2	1	POLYCOMP_D4_00G_T1_RELATIONAL_PACKING/ROUND_MUTATION_RESULT_20260725T164351Z.json | POLYCOMP_D4_00H_T1_FINAL_FREEZE/POLYCOMP_D4_T1_FINAL_EVIDENCE_20260725T171522Z/campaign_stages/00G_RELATIONAL_PACKING/ROUND_MUTATION_RESULT_20260725T164351Z.json
experiments/polycomp-d4/T01-compressor-refinement/04-relational-packing-and-mutations/POLYCOMP_D4_00G_T1_RELATIONAL_PACKING/ROUND_MUTATION_STDERR_20260725T164351Z.txt	e3b0c44298fc1c149afbf4c8996fb92427ae41e4649b934ca495991b7852b855	2	1	POLYCOMP_D4_00G_T1_RELATIONAL_PACKING/ROUND_MUTATION_STDERR_20260725T164351Z.txt | POLYCOMP_D4_00H_T1_FINAL_FREEZE/POLYCOMP_D4_T1_FINAL_EVIDENCE_20260725T171522Z/campaign_stages/00G_RELATIONAL_PACKING/ROUND_MUTATION_STDERR_20260725T164351Z.txt
experiments/polycomp-d4/T01-compressor-refinement/04-relational-packing-and-mutations/POLYCOMP_D4_00G_T1_RELATIONAL_PACKING/ROUND_MUTATION_SUMMARY_20260725T164351Z.txt	4c2db1834bbf73d40ea079053424b25bc5e4caf27d42a3ada80b613999d83efb	2	1	POLYCOMP_D4_00G_T1_RELATIONAL_PACKING/ROUND_MUTATION_SUMMARY_20260725T164351Z.txt | POLYCOMP_D4_00H_T1_FINAL_FREEZE/POLYCOMP_D4_T1_FINAL_EVIDENCE_20260725T171522Z/campaign_stages/00G_RELATIONAL_PACKING/ROUND_MUTATION_SUMMARY_20260725T164351Z.txt
experiments/polycomp-d4/T01-compressor-refinement/04-relational-packing-and-mutations/POLYCOMP_D4_00G_T1_RELATIONAL_PACKING/ROUND_RUNNER_20260725T164351Z.json	f21f79b332f360a498c15c9e4c690804653b6534283be5a1b2bec17009b19231	2	1	POLYCOMP_D4_00G_T1_RELATIONAL_PACKING/ROUND_RUNNER_20260725T164351Z.json | POLYCOMP_D4_00H_T1_FINAL_FREEZE/POLYCOMP_D4_T1_FINAL_EVIDENCE_20260725T171522Z/campaign_stages/00G_RELATIONAL_PACKING/ROUND_RUNNER_20260725T164351Z.json
experiments/polycomp-d4/T01-compressor-refinement/04-relational-packing-and-mutations/POLYCOMP_D4_00G_T1_RELATIONAL_PACKING/ROUND_RUNNER_20260725T164351Z.txt	5e07010685cc79774373894818b26f238d34baebd575afe5b5635cc3bc128e44	2	1	POLYCOMP_D4_00G_T1_RELATIONAL_PACKING/ROUND_RUNNER_20260725T164351Z.txt | POLYCOMP_D4_00H_T1_FINAL_FREEZE/POLYCOMP_D4_T1_FINAL_EVIDENCE_20260725T171522Z/campaign_stages/00G_RELATIONAL_PACKING/ROUND_RUNNER_20260725T164351Z.txt
experiments/polycomp-d4/T01-compressor-refinement/04-relational-packing-and-mutations/POLYCOMP_D4_00G_T1_RELATIONAL_PACKING/SWAP_LOOPS_20260725T164351Z.txt	bde3624a9addffc5c195856ff6df75d1831893e4f5a21f4d0ec0418faaf863e4	2	1	POLYCOMP_D4_00G_T1_RELATIONAL_PACKING/SWAP_LOOPS_20260725T164351Z.txt | POLYCOMP_D4_00H_T1_FINAL_FREEZE/POLYCOMP_D4_T1_FINAL_EVIDENCE_20260725T171522Z/campaign_stages/00G_RELATIONAL_PACKING/SWAP_LOOPS_20260725T164351Z.txt
experiments/polycomp-d4/T01-compressor-refinement/04-relational-packing-and-mutations/POLYCOMP_D4_00G_T1_RELATIONAL_PACKING/SWAP_MUTATION_RESULT_20260725T164351Z.json	d0b7643c947d9cbe9d731252aded07d50a7f1deb8ce87e703e57071f7e9e4d07	2	1	POLYCOMP_D4_00G_T1_RELATIONAL_PACKING/SWAP_MUTATION_RESULT_20260725T164351Z.json | POLYCOMP_D4_00H_T1_FINAL_FREEZE/POLYCOMP_D4_T1_FINAL_EVIDENCE_20260725T171522Z/campaign_stages/00G_RELATIONAL_PACKING/SWAP_MUTATION_RESULT_20260725T164351Z.json
experiments/polycomp-d4/T01-compressor-refinement/04-relational-packing-and-mutations/POLYCOMP_D4_00G_T1_RELATIONAL_PACKING/SWAP_MUTATION_STDERR_20260725T164351Z.txt	e3b0c44298fc1c149afbf4c8996fb92427ae41e4649b934ca495991b7852b855	2	1	POLYCOMP_D4_00G_T1_RELATIONAL_PACKING/SWAP_MUTATION_STDERR_20260725T164351Z.txt | POLYCOMP_D4_00H_T1_FINAL_FREEZE/POLYCOMP_D4_T1_FINAL_EVIDENCE_20260725T171522Z/campaign_stages/00G_RELATIONAL_PACKING/SWAP_MUTATION_STDERR_20260725T164351Z.txt
experiments/polycomp-d4/T01-compressor-refinement/04-relational-packing-and-mutations/POLYCOMP_D4_00G_T1_RELATIONAL_PACKING/SWAP_MUTATION_SUMMARY_20260725T164351Z.txt	c5730a243e581b369e8fc3dfcdb04c9227dfa64d1a26cc6846ad7004327ac298	2	1	POLYCOMP_D4_00G_T1_RELATIONAL_PACKING/SWAP_MUTATION_SUMMARY_20260725T164351Z.txt | POLYCOMP_D4_00H_T1_FINAL_FREEZE/POLYCOMP_D4_T1_FINAL_EVIDENCE_20260725T171522Z/campaign_stages/00G_RELATIONAL_PACKING/SWAP_MUTATION_SUMMARY_20260725T164351Z.txt
experiments/polycomp-d4/T01-compressor-refinement/04-relational-packing-and-mutations/POLYCOMP_D4_00G_T1_RELATIONAL_PACKING/SWAP_RUNNER_20260725T164351Z.json	202001268213ffb3958051f3be2de70bf6811771fdd4d3108d0b6ef324ff4077	2	1	POLYCOMP_D4_00G_T1_RELATIONAL_PACKING/SWAP_RUNNER_20260725T164351Z.json | POLYCOMP_D4_00H_T1_FINAL_FREEZE/POLYCOMP_D4_T1_FINAL_EVIDENCE_20260725T171522Z/campaign_stages/00G_RELATIONAL_PACKING/SWAP_RUNNER_20260725T164351Z.json
experiments/polycomp-d4/T01-compressor-refinement/04-relational-packing-and-mutations/POLYCOMP_D4_00G_T1_RELATIONAL_PACKING/SWAP_RUNNER_20260725T164351Z.txt	4db9b5ac79f4cf9dfdc3da7b182650d5a7971c03777819971f2cdbc173744a88	2	1	POLYCOMP_D4_00G_T1_RELATIONAL_PACKING/SWAP_RUNNER_20260725T164351Z.txt | POLYCOMP_D4_00H_T1_FINAL_FREEZE/POLYCOMP_D4_T1_FINAL_EVIDENCE_20260725T171522Z/campaign_stages/00G_RELATIONAL_PACKING/SWAP_RUNNER_20260725T164351Z.txt
experiments/polycomp-d4/T01-compressor-refinement/final-review/POLYCOMP_D4_T1_FINAL_EVIDENCE_20260725T171522Z/FINAL_VALIDATION.txt	d291eac6a0f71e7736cf6a30a7887d530e241fad52dd1c69734c05baa992b4f0	2	1	POLYCOMP_D4_00H_T1_FINAL_FREEZE/FINAL_VALIDATION_20260725T171522Z.txt | POLYCOMP_D4_00H_T1_FINAL_FREEZE/POLYCOMP_D4_T1_FINAL_EVIDENCE_20260725T171522Z/FINAL_VALIDATION.txt
experiments/polycomp-d4/T02-decompressor-refinement/00-bootstrap-and-source-analysis/POLYCOMP_D4_T2_00A_BOOTSTRAP_POSITIVE/POLYCOMP_D4_T2_00A_BOOTSTRAP_POSITIVE_20260725T172440Z.txt	369de3d8b6542794a1d152e3d776826b65517240330bf22619c2cd27a21e2522	3	2	POLYCOMP_D4_T2_00A_BOOTSTRAP_POSITIVE/POLYCOMP_D4_T2_00A_BOOTSTRAP_POSITIVE_20260725T172440Z.txt | POLYCOMP_D4_T2_00D_FINAL_FREEZE/POLYCOMP_D4_T2_FINAL_EVIDENCE_20260726T004328Z/campaign_stages/00A_BOOTSTRAP_AND_SOURCE_ANALYSIS/POLYCOMP_D4_T2_00A_BOOTSTRAP_POSITIVE_20260725T172440Z.txt | POLYCOMP_D4_T2_00D_FINAL_FREEZE/POLYCOMP_D4_T2_FINAL_EVIDENCE_20260726T004328Z_R2/campaign_stages/00A_BOOTSTRAP_AND_SOURCE_ANALYSIS/POLYCOMP_D4_T2_00A_BOOTSTRAP_POSITIVE_20260725T172440Z.txt
experiments/polycomp-d4/T02-decompressor-refinement/00-bootstrap-and-source-analysis/POLYCOMP_D4_T2_00A_BOOTSTRAP_POSITIVE/POLYCOMP_D4_T2_00A_BOOTSTRAP_POSITIVE_20260725T172440Z.txt.sha256	32f368520fa186dbecb738579d543275ed2eed86de5955bf3bcbfec0cdb6c5fb	3	2	POLYCOMP_D4_T2_00A_BOOTSTRAP_POSITIVE/POLYCOMP_D4_T2_00A_BOOTSTRAP_POSITIVE_20260725T172440Z.txt.sha256 | POLYCOMP_D4_T2_00D_FINAL_FREEZE/POLYCOMP_D4_T2_FINAL_EVIDENCE_20260726T004328Z/campaign_stages/00A_BOOTSTRAP_AND_SOURCE_ANALYSIS/POLYCOMP_D4_T2_00A_BOOTSTRAP_POSITIVE_20260725T172440Z.txt.sha256 | POLYCOMP_D4_T2_00D_FINAL_FREEZE/POLYCOMP_D4_T2_FINAL_EVIDENCE_20260726T004328Z_R2/campaign_stages/00A_BOOTSTRAP_AND_SOURCE_ANALYSIS/POLYCOMP_D4_T2_00A_BOOTSTRAP_POSITIVE_20260725T172440Z.txt.sha256
experiments/polycomp-d4/T02-decompressor-refinement/00-bootstrap-and-source-analysis/POLYCOMP_D4_T2_00A_BOOTSTRAP_POSITIVE/T2_FINITE_DERIVATION_20260725T172440Z.txt	f9d8ccc1d2ba87490f5db2352c9372669ffc93dec8a185f2be6c01b272ce7f04	3	2	POLYCOMP_D4_T2_00A_BOOTSTRAP_POSITIVE/T2_FINITE_DERIVATION_20260725T172440Z.txt | POLYCOMP_D4_T2_00D_FINAL_FREEZE/POLYCOMP_D4_T2_FINAL_EVIDENCE_20260726T004328Z/campaign_stages/00A_BOOTSTRAP_AND_SOURCE_ANALYSIS/T2_FINITE_DERIVATION_20260725T172440Z.txt | POLYCOMP_D4_T2_00D_FINAL_FREEZE/POLYCOMP_D4_T2_FINAL_EVIDENCE_20260726T004328Z_R2/campaign_stages/00A_BOOTSTRAP_AND_SOURCE_ANALYSIS/T2_FINITE_DERIVATION_20260725T172440Z.txt
experiments/polycomp-d4/T02-decompressor-refinement/00-bootstrap-and-source-analysis/POLYCOMP_D4_T2_00A_BOOTSTRAP_POSITIVE/T2_NATIVE_PROOF_OVERLAP_20260725T172440Z.txt	e438417eaf4b0fed81ce8020b882482e10843eb6f555ef6b49db9f976953861b	3	2	POLYCOMP_D4_T2_00A_BOOTSTRAP_POSITIVE/T2_NATIVE_PROOF_OVERLAP_20260725T172440Z.txt | POLYCOMP_D4_T2_00D_FINAL_FREEZE/POLYCOMP_D4_T2_FINAL_EVIDENCE_20260726T004328Z/campaign_stages/00A_BOOTSTRAP_AND_SOURCE_ANALYSIS/T2_NATIVE_PROOF_OVERLAP_20260725T172440Z.txt | POLYCOMP_D4_T2_00D_FINAL_FREEZE/POLYCOMP_D4_T2_FINAL_EVIDENCE_20260726T004328Z_R2/campaign_stages/00A_BOOTSTRAP_AND_SOURCE_ANALYSIS/T2_NATIVE_PROOF_OVERLAP_20260725T172440Z.txt
experiments/polycomp-d4/T02-decompressor-refinement/00-bootstrap-and-source-analysis/POLYCOMP_D4_T2_00A_BOOTSTRAP_POSITIVE/T2_REGISTRY_EXTRACT_20260725T172440Z.txt	88ca6d87383cfbf68f828ee74a5c34c171b851c0cc903fd17d60029aa0454d25	3	2	POLYCOMP_D4_T2_00A_BOOTSTRAP_POSITIVE/T2_REGISTRY_EXTRACT_20260725T172440Z.txt | POLYCOMP_D4_T2_00D_FINAL_FREEZE/POLYCOMP_D4_T2_FINAL_EVIDENCE_20260726T004328Z/campaign_stages/00A_BOOTSTRAP_AND_SOURCE_ANALYSIS/T2_REGISTRY_EXTRACT_20260725T172440Z.txt | POLYCOMP_D4_T2_00D_FINAL_FREEZE/POLYCOMP_D4_T2_FINAL_EVIDENCE_20260726T004328Z_R2/campaign_stages/00A_BOOTSTRAP_AND_SOURCE_ANALYSIS/T2_REGISTRY_EXTRACT_20260725T172440Z.txt
experiments/polycomp-d4/T02-decompressor-refinement/00-bootstrap-and-source-analysis/POLYCOMP_D4_T2_00A_BOOTSTRAP_POSITIVE/T2_SOURCE_CAPTURE_20260725T172440Z.txt	ea68689557235f85a91fa2e60c32380efa9b51f53feb6cd6df82fff9ed5b63db	3	2	POLYCOMP_D4_T2_00A_BOOTSTRAP_POSITIVE/T2_SOURCE_CAPTURE_20260725T172440Z.txt | POLYCOMP_D4_T2_00D_FINAL_FREEZE/POLYCOMP_D4_T2_FINAL_EVIDENCE_20260726T004328Z/campaign_stages/00A_BOOTSTRAP_AND_SOURCE_ANALYSIS/T2_SOURCE_CAPTURE_20260725T172440Z.txt | POLYCOMP_D4_T2_00D_FINAL_FREEZE/POLYCOMP_D4_T2_FINAL_EVIDENCE_20260726T004328Z_R2/campaign_stages/00A_BOOTSTRAP_AND_SOURCE_ANALYSIS/T2_SOURCE_CAPTURE_20260725T172440Z.txt
experiments/polycomp-d4/T02-decompressor-refinement/01-positive-semantic-and-strict/POLYCOMP_D4_T2_00B_CONTINUE_POSITIVE/POLYCOMP_D4_T2_00B_CONTINUE_POSITIVE_20260725T172831Z.txt	d8f29bc5aa2381ba6c840e755139b3c81023c5ce384e482f8f4c948a5134cd4a	3	2	POLYCOMP_D4_T2_00B_CONTINUE_POSITIVE/POLYCOMP_D4_T2_00B_CONTINUE_POSITIVE_20260725T172831Z.txt | POLYCOMP_D4_T2_00D_FINAL_FREEZE/POLYCOMP_D4_T2_FINAL_EVIDENCE_20260726T004328Z/campaign_stages/00B_POSITIVE_SEMANTIC_AND_STRICT/POLYCOMP_D4_T2_00B_CONTINUE_POSITIVE_20260725T172831Z.txt | POLYCOMP_D4_T2_00D_FINAL_FREEZE/POLYCOMP_D4_T2_FINAL_EVIDENCE_20260726T004328Z_R2/campaign_stages/00B_POSITIVE_SEMANTIC_AND_STRICT/POLYCOMP_D4_T2_00B_CONTINUE_POSITIVE_20260725T172831Z.txt
experiments/polycomp-d4/T02-decompressor-refinement/01-positive-semantic-and-strict/POLYCOMP_D4_T2_00B_CONTINUE_POSITIVE/POLYCOMP_D4_T2_00B_CONTINUE_POSITIVE_20260725T172831Z.txt.sha256	79bc57eb88125192d0481f9c645908cbce362485cfba3cad80f5edf4c83de9e6	3	2	POLYCOMP_D4_T2_00B_CONTINUE_POSITIVE/POLYCOMP_D4_T2_00B_CONTINUE_POSITIVE_20260725T172831Z.txt.sha256 | POLYCOMP_D4_T2_00D_FINAL_FREEZE/POLYCOMP_D4_T2_FINAL_EVIDENCE_20260726T004328Z/campaign_stages/00B_POSITIVE_SEMANTIC_AND_STRICT/POLYCOMP_D4_T2_00B_CONTINUE_POSITIVE_20260725T172831Z.txt.sha256 | POLYCOMP_D4_T2_00D_FINAL_FREEZE/POLYCOMP_D4_T2_FINAL_EVIDENCE_20260726T004328Z_R2/campaign_stages/00B_POSITIVE_SEMANTIC_AND_STRICT/POLYCOMP_D4_T2_00B_CONTINUE_POSITIVE_20260725T172831Z.txt.sha256
experiments/polycomp-d4/T02-decompressor-refinement/01-positive-semantic-and-strict/POLYCOMP_D4_T2_00B_CONTINUE_POSITIVE/T2_LOOP_MAP_20260725T172831Z.txt	c4138118182ced913eb729a0f019a2a757dbc7a935c011fa2c276391aa5588b9	3	2	POLYCOMP_D4_T2_00B_CONTINUE_POSITIVE/T2_LOOP_MAP_20260725T172831Z.txt | POLYCOMP_D4_T2_00D_FINAL_FREEZE/POLYCOMP_D4_T2_FINAL_EVIDENCE_20260726T004328Z/campaign_stages/00B_POSITIVE_SEMANTIC_AND_STRICT/T2_LOOP_MAP_20260725T172831Z.txt | POLYCOMP_D4_T2_00D_FINAL_FREEZE/POLYCOMP_D4_T2_FINAL_EVIDENCE_20260726T004328Z_R2/campaign_stages/00B_POSITIVE_SEMANTIC_AND_STRICT/T2_LOOP_MAP_20260725T172831Z.txt
experiments/polycomp-d4/T02-decompressor-refinement/01-positive-semantic-and-strict/POLYCOMP_D4_T2_00B_CONTINUE_POSITIVE/T2_LOOP_REPORT_20260725T172831Z.txt	42d2a810b9789da737402c8b698cbdc6f7548dac8c33b9406e801b19936193f4	3	2	POLYCOMP_D4_T2_00B_CONTINUE_POSITIVE/T2_LOOP_REPORT_20260725T172831Z.txt | POLYCOMP_D4_T2_00D_FINAL_FREEZE/POLYCOMP_D4_T2_FINAL_EVIDENCE_20260726T004328Z/campaign_stages/00B_POSITIVE_SEMANTIC_AND_STRICT/T2_LOOP_REPORT_20260725T172831Z.txt | POLYCOMP_D4_T2_00D_FINAL_FREEZE/POLYCOMP_D4_T2_FINAL_EVIDENCE_20260726T004328Z_R2/campaign_stages/00B_POSITIVE_SEMANTIC_AND_STRICT/T2_LOOP_REPORT_20260725T172831Z.txt
experiments/polycomp-d4/T02-decompressor-refinement/01-positive-semantic-and-strict/POLYCOMP_D4_T2_00B_CONTINUE_POSITIVE/T2_PROPERTY_REPORT_20260725T172831Z.txt	03b14d2beb397b69a18ebded9ed66f99209c5c72724e70c26d374bb042d59246	3	2	POLYCOMP_D4_T2_00B_CONTINUE_POSITIVE/T2_PROPERTY_REPORT_20260725T172831Z.txt | POLYCOMP_D4_T2_00D_FINAL_FREEZE/POLYCOMP_D4_T2_FINAL_EVIDENCE_20260726T004328Z/campaign_stages/00B_POSITIVE_SEMANTIC_AND_STRICT/T2_PROPERTY_REPORT_20260725T172831Z.txt | POLYCOMP_D4_T2_00D_FINAL_FREEZE/POLYCOMP_D4_T2_FINAL_EVIDENCE_20260726T004328Z_R2/campaign_stages/00B_POSITIVE_SEMANTIC_AND_STRICT/T2_PROPERTY_REPORT_20260725T172831Z.txt
experiments/polycomp-d4/T02-decompressor-refinement/01-positive-semantic-and-strict/POLYCOMP_D4_T2_00B_CONTINUE_POSITIVE/T2_RUNNER_20260725T172831Z.json	da83ecc65fc626957f85bb81443edc038289964b3325ddd2dc4447e1e04d6a64	3	2	POLYCOMP_D4_T2_00B_CONTINUE_POSITIVE/T2_RUNNER_20260725T172831Z.json | POLYCOMP_D4_T2_00D_FINAL_FREEZE/POLYCOMP_D4_T2_FINAL_EVIDENCE_20260726T004328Z/campaign_stages/00B_POSITIVE_SEMANTIC_AND_STRICT/T2_RUNNER_20260725T172831Z.json | POLYCOMP_D4_T2_00D_FINAL_FREEZE/POLYCOMP_D4_T2_FINAL_EVIDENCE_20260726T004328Z_R2/campaign_stages/00B_POSITIVE_SEMANTIC_AND_STRICT/T2_RUNNER_20260725T172831Z.json
experiments/polycomp-d4/T02-decompressor-refinement/01-positive-semantic-and-strict/POLYCOMP_D4_T2_00B_CONTINUE_POSITIVE/T2_RUNNER_20260725T172831Z.txt	176bfb90df37835a2d84e8851f22582afcbde9c7918e37d7e6d678b75b771c2c	3	2	POLYCOMP_D4_T2_00B_CONTINUE_POSITIVE/T2_RUNNER_20260725T172831Z.txt | POLYCOMP_D4_T2_00D_FINAL_FREEZE/POLYCOMP_D4_T2_FINAL_EVIDENCE_20260726T004328Z/campaign_stages/00B_POSITIVE_SEMANTIC_AND_STRICT/T2_RUNNER_20260725T172831Z.txt | POLYCOMP_D4_T2_00D_FINAL_FREEZE/POLYCOMP_D4_T2_FINAL_EVIDENCE_20260726T004328Z_R2/campaign_stages/00B_POSITIVE_SEMANTIC_AND_STRICT/T2_RUNNER_20260725T172831Z.txt
experiments/polycomp-d4/T02-decompressor-refinement/01-positive-semantic-and-strict/POLYCOMP_D4_T2_00B_CONTINUE_POSITIVE/T2_SEMANTIC_RESULT_20260725T172831Z.json	2373c4bc7a7daca7b80dbed83181e7848dab848c6f9c328110a26646bcec2e54	3	2	POLYCOMP_D4_T2_00B_CONTINUE_POSITIVE/T2_SEMANTIC_RESULT_20260725T172831Z.json | POLYCOMP_D4_T2_00D_FINAL_FREEZE/POLYCOMP_D4_T2_FINAL_EVIDENCE_20260726T004328Z/campaign_stages/00B_POSITIVE_SEMANTIC_AND_STRICT/T2_SEMANTIC_RESULT_20260725T172831Z.json | POLYCOMP_D4_T2_00D_FINAL_FREEZE/POLYCOMP_D4_T2_FINAL_EVIDENCE_20260726T004328Z_R2/campaign_stages/00B_POSITIVE_SEMANTIC_AND_STRICT/T2_SEMANTIC_RESULT_20260725T172831Z.json
experiments/polycomp-d4/T02-decompressor-refinement/01-positive-semantic-and-strict/POLYCOMP_D4_T2_00B_CONTINUE_POSITIVE/T2_SEMANTIC_STDERR_20260725T172831Z.txt	e3b0c44298fc1c149afbf4c8996fb92427ae41e4649b934ca495991b7852b855	3	2	POLYCOMP_D4_T2_00B_CONTINUE_POSITIVE/T2_SEMANTIC_STDERR_20260725T172831Z.txt | POLYCOMP_D4_T2_00D_FINAL_FREEZE/POLYCOMP_D4_T2_FINAL_EVIDENCE_20260726T004328Z/campaign_stages/00B_POSITIVE_SEMANTIC_AND_STRICT/T2_SEMANTIC_STDERR_20260725T172831Z.txt | POLYCOMP_D4_T2_00D_FINAL_FREEZE/POLYCOMP_D4_T2_FINAL_EVIDENCE_20260726T004328Z_R2/campaign_stages/00B_POSITIVE_SEMANTIC_AND_STRICT/T2_SEMANTIC_STDERR_20260725T172831Z.txt
experiments/polycomp-d4/T02-decompressor-refinement/01-positive-semantic-and-strict/POLYCOMP_D4_T2_00B_CONTINUE_POSITIVE/T2_SEMANTIC_SUMMARY_20260725T172831Z.txt	07bf1841a02cec253a98b72dc089d91fcd72dc6c5188162d86303d224c589d6d	3	2	POLYCOMP_D4_T2_00B_CONTINUE_POSITIVE/T2_SEMANTIC_SUMMARY_20260725T172831Z.txt | POLYCOMP_D4_T2_00D_FINAL_FREEZE/POLYCOMP_D4_T2_FINAL_EVIDENCE_20260726T004328Z/campaign_stages/00B_POSITIVE_SEMANTIC_AND_STRICT/T2_SEMANTIC_SUMMARY_20260725T172831Z.txt | POLYCOMP_D4_T2_00D_FINAL_FREEZE/POLYCOMP_D4_T2_FINAL_EVIDENCE_20260726T004328Z_R2/campaign_stages/00B_POSITIVE_SEMANTIC_AND_STRICT/T2_SEMANTIC_SUMMARY_20260725T172831Z.txt
experiments/polycomp-d4/T02-decompressor-refinement/01-positive-semantic-and-strict/POLYCOMP_D4_T2_00B_CONTINUE_POSITIVE/T2_STRICT_RESULT_20260725T172831Z.json	bcfe75bc6eafe17a67a2b306bb1c537c3e1a4c0196f771eda703f133498536da	3	2	POLYCOMP_D4_T2_00B_CONTINUE_POSITIVE/T2_STRICT_RESULT_20260725T172831Z.json | POLYCOMP_D4_T2_00D_FINAL_FREEZE/POLYCOMP_D4_T2_FINAL_EVIDENCE_20260726T004328Z/campaign_stages/00B_POSITIVE_SEMANTIC_AND_STRICT/T2_STRICT_RESULT_20260725T172831Z.json | POLYCOMP_D4_T2_00D_FINAL_FREEZE/POLYCOMP_D4_T2_FINAL_EVIDENCE_20260726T004328Z_R2/campaign_stages/00B_POSITIVE_SEMANTIC_AND_STRICT/T2_STRICT_RESULT_20260725T172831Z.json
experiments/polycomp-d4/T02-decompressor-refinement/01-positive-semantic-and-strict/POLYCOMP_D4_T2_00B_CONTINUE_POSITIVE/T2_STRICT_STDERR_20260725T172831Z.txt	e3b0c44298fc1c149afbf4c8996fb92427ae41e4649b934ca495991b7852b855	3	2	POLYCOMP_D4_T2_00B_CONTINUE_POSITIVE/T2_STRICT_STDERR_20260725T172831Z.txt | POLYCOMP_D4_T2_00D_FINAL_FREEZE/POLYCOMP_D4_T2_FINAL_EVIDENCE_20260726T004328Z/campaign_stages/00B_POSITIVE_SEMANTIC_AND_STRICT/T2_STRICT_STDERR_20260725T172831Z.txt | POLYCOMP_D4_T2_00D_FINAL_FREEZE/POLYCOMP_D4_T2_FINAL_EVIDENCE_20260726T004328Z_R2/campaign_stages/00B_POSITIVE_SEMANTIC_AND_STRICT/T2_STRICT_STDERR_20260725T172831Z.txt
experiments/polycomp-d4/T02-decompressor-refinement/01-positive-semantic-and-strict/POLYCOMP_D4_T2_00B_CONTINUE_POSITIVE/T2_STRICT_SUMMARY_20260725T172831Z.txt	c4528bf03037285a313d70dfa9a7715286d9a80ab2535538292cb71d4f4331f3	3	2	POLYCOMP_D4_T2_00B_CONTINUE_POSITIVE/T2_STRICT_SUMMARY_20260725T172831Z.txt | POLYCOMP_D4_T2_00D_FINAL_FREEZE/POLYCOMP_D4_T2_FINAL_EVIDENCE_20260726T004328Z/campaign_stages/00B_POSITIVE_SEMANTIC_AND_STRICT/T2_STRICT_SUMMARY_20260725T172831Z.txt | POLYCOMP_D4_T2_00D_FINAL_FREEZE/POLYCOMP_D4_T2_FINAL_EVIDENCE_20260726T004328Z_R2/campaign_stages/00B_POSITIVE_SEMANTIC_AND_STRICT/T2_STRICT_SUMMARY_20260725T172831Z.txt
experiments/polycomp-d4/T02-decompressor-refinement/02-nonvacuity-mutations-and-byte-locality/POLYCOMP_D4_T2_00C_NONVAC_MUT_RELATIONAL/POLYCOMP_D4_T2_00C_NONVAC_MUT_RELATIONAL_20260725T173345Z.txt	d897abe5fe97e3bff1357873e098bf0471a11b3c9d64ee6140a955afcae72075	3	2	POLYCOMP_D4_T2_00C_NONVAC_MUT_RELATIONAL/POLYCOMP_D4_T2_00C_NONVAC_MUT_RELATIONAL_20260725T173345Z.txt | POLYCOMP_D4_T2_00D_FINAL_FREEZE/POLYCOMP_D4_T2_FINAL_EVIDENCE_20260726T004328Z/campaign_stages/00C_NONVACUITY_MUTATIONS_RELATIONAL/POLYCOMP_D4_T2_00C_NONVAC_MUT_RELATIONAL_20260725T173345Z.txt | POLYCOMP_D4_T2_00D_FINAL_FREEZE/POLYCOMP_D4_T2_FINAL_EVIDENCE_20260726T004328Z_R2/campaign_stages/00C_NONVACUITY_MUTATIONS_RELATIONAL/POLYCOMP_D4_T2_00C_NONVAC_MUT_RELATIONAL_20260725T173345Z.txt
experiments/polycomp-d4/T02-decompressor-refinement/02-nonvacuity-mutations-and-byte-locality/POLYCOMP_D4_T2_00C_NONVAC_MUT_RELATIONAL/POLYCOMP_D4_T2_00C_NONVAC_MUT_RELATIONAL_20260725T173345Z.txt.sha256	844f99e27bca11995150d3c6f5da20292890285b9bee06fbb243fbce36de176c	3	2	POLYCOMP_D4_T2_00C_NONVAC_MUT_RELATIONAL/POLYCOMP_D4_T2_00C_NONVAC_MUT_RELATIONAL_20260725T173345Z.txt.sha256 | POLYCOMP_D4_T2_00D_FINAL_FREEZE/POLYCOMP_D4_T2_FINAL_EVIDENCE_20260726T004328Z/campaign_stages/00C_NONVACUITY_MUTATIONS_RELATIONAL/POLYCOMP_D4_T2_00C_NONVAC_MUT_RELATIONAL_20260725T173345Z.txt.sha256 | POLYCOMP_D4_T2_00D_FINAL_FREEZE/POLYCOMP_D4_T2_FINAL_EVIDENCE_20260726T004328Z_R2/campaign_stages/00C_NONVACUITY_MUTATIONS_RELATIONAL/POLYCOMP_D4_T2_00C_NONVAC_MUT_RELATIONAL_20260725T173345Z.txt.sha256
experiments/polycomp-d4/T02-decompressor-refinement/02-nonvacuity-mutations-and-byte-locality/POLYCOMP_D4_T2_00C_NONVAC_MUT_RELATIONAL/T2_LOCATION_COVERAGE_20260725T173345Z.json	8d6169a7a67e9703eccf5dc3fea9d12dee10b975914cc25c2b4bdb00946c6f22	3	2	POLYCOMP_D4_T2_00C_NONVAC_MUT_RELATIONAL/T2_LOCATION_COVERAGE_20260725T173345Z.json | POLYCOMP_D4_T2_00D_FINAL_FREEZE/POLYCOMP_D4_T2_FINAL_EVIDENCE_20260726T004328Z/campaign_stages/00C_NONVACUITY_MUTATIONS_RELATIONAL/T2_LOCATION_COVERAGE_20260725T173345Z.json | POLYCOMP_D4_T2_00D_FINAL_FREEZE/POLYCOMP_D4_T2_FINAL_EVIDENCE_20260726T004328Z_R2/campaign_stages/00C_NONVACUITY_MUTATIONS_RELATIONAL/T2_LOCATION_COVERAGE_20260725T173345Z.json
experiments/polycomp-d4/T02-decompressor-refinement/02-nonvacuity-mutations-and-byte-locality/POLYCOMP_D4_T2_00C_NONVAC_MUT_RELATIONAL/T2_LOCATION_COVERAGE_STDERR_20260725T173345Z.txt	e3b0c44298fc1c149afbf4c8996fb92427ae41e4649b934ca495991b7852b855	3	2	POLYCOMP_D4_T2_00C_NONVAC_MUT_RELATIONAL/T2_LOCATION_COVERAGE_STDERR_20260725T173345Z.txt | POLYCOMP_D4_T2_00D_FINAL_FREEZE/POLYCOMP_D4_T2_FINAL_EVIDENCE_20260726T004328Z/campaign_stages/00C_NONVACUITY_MUTATIONS_RELATIONAL/T2_LOCATION_COVERAGE_STDERR_20260725T173345Z.txt | POLYCOMP_D4_T2_00D_FINAL_FREEZE/POLYCOMP_D4_T2_FINAL_EVIDENCE_20260726T004328Z_R2/campaign_stages/00C_NONVACUITY_MUTATIONS_RELATIONAL/T2_LOCATION_COVERAGE_STDERR_20260725T173345Z.txt
experiments/polycomp-d4/T02-decompressor-refinement/02-nonvacuity-mutations-and-byte-locality/POLYCOMP_D4_T2_00C_NONVAC_MUT_RELATIONAL/T2_LOCATION_COVERAGE_SUMMARY_20260725T173345Z.txt	e7fddefd78e78fb8eea090338acae36305c7e8acdb6cc68d53a0b511455d900d	3	2	POLYCOMP_D4_T2_00C_NONVAC_MUT_RELATIONAL/T2_LOCATION_COVERAGE_SUMMARY_20260725T173345Z.txt | POLYCOMP_D4_T2_00D_FINAL_FREEZE/POLYCOMP_D4_T2_FINAL_EVIDENCE_20260726T004328Z/campaign_stages/00C_NONVACUITY_MUTATIONS_RELATIONAL/T2_LOCATION_COVERAGE_SUMMARY_20260725T173345Z.txt | POLYCOMP_D4_T2_00D_FINAL_FREEZE/POLYCOMP_D4_T2_FINAL_EVIDENCE_20260726T004328Z_R2/campaign_stages/00C_NONVACUITY_MUTATIONS_RELATIONAL/T2_LOCATION_COVERAGE_SUMMARY_20260725T173345Z.txt
experiments/polycomp-d4/T02-decompressor-refinement/02-nonvacuity-mutations-and-byte-locality/POLYCOMP_D4_T2_00C_NONVAC_MUT_RELATIONAL/T2_POSITIVE_END_REACHABILITY_20260725T173345Z.goto	469661a22d32b31cac04120b34e5e0b9009842ffc12b10ebe05f27169faa8cb1	3	2	POLYCOMP_D4_T2_00C_NONVAC_MUT_RELATIONAL/T2_POSITIVE_END_REACHABILITY_20260725T173345Z.goto | POLYCOMP_D4_T2_00D_FINAL_FREEZE/POLYCOMP_D4_T2_FINAL_EVIDENCE_20260726T004328Z/campaign_stages/00C_NONVACUITY_MUTATIONS_RELATIONAL/T2_POSITIVE_END_REACHABILITY_20260725T173345Z.goto | POLYCOMP_D4_T2_00D_FINAL_FREEZE/POLYCOMP_D4_T2_FINAL_EVIDENCE_20260726T004328Z_R2/campaign_stages/00C_NONVACUITY_MUTATIONS_RELATIONAL/T2_POSITIVE_END_REACHABILITY_20260725T173345Z.goto
experiments/polycomp-d4/T02-decompressor-refinement/02-nonvacuity-mutations-and-byte-locality/POLYCOMP_D4_T2_00C_NONVAC_MUT_RELATIONAL/T2_POSITIVE_END_REACHABILITY_20260725T173345Z.json	06feb2a71998638ce7267abbcd2c7cb6f6ba800b66fbd2d6c99ed55fa3650752	3	2	POLYCOMP_D4_T2_00C_NONVAC_MUT_RELATIONAL/T2_POSITIVE_END_REACHABILITY_20260725T173345Z.json | POLYCOMP_D4_T2_00D_FINAL_FREEZE/POLYCOMP_D4_T2_FINAL_EVIDENCE_20260726T004328Z/campaign_stages/00C_NONVACUITY_MUTATIONS_RELATIONAL/T2_POSITIVE_END_REACHABILITY_20260725T173345Z.json | POLYCOMP_D4_T2_00D_FINAL_FREEZE/POLYCOMP_D4_T2_FINAL_EVIDENCE_20260726T004328Z_R2/campaign_stages/00C_NONVACUITY_MUTATIONS_RELATIONAL/T2_POSITIVE_END_REACHABILITY_20260725T173345Z.json
experiments/polycomp-d4/T02-decompressor-refinement/02-nonvacuity-mutations-and-byte-locality/POLYCOMP_D4_T2_00C_NONVAC_MUT_RELATIONAL/T2_POSITIVE_END_REACHABILITY_STDERR_20260725T173345Z.txt	e3b0c44298fc1c149afbf4c8996fb92427ae41e4649b934ca495991b7852b855	3	2	POLYCOMP_D4_T2_00C_NONVAC_MUT_RELATIONAL/T2_POSITIVE_END_REACHABILITY_STDERR_20260725T173345Z.txt | POLYCOMP_D4_T2_00D_FINAL_FREEZE/POLYCOMP_D4_T2_FINAL_EVIDENCE_20260726T004328Z/campaign_stages/00C_NONVACUITY_MUTATIONS_RELATIONAL/T2_POSITIVE_END_REACHABILITY_STDERR_20260725T173345Z.txt | POLYCOMP_D4_T2_00D_FINAL_FREEZE/POLYCOMP_D4_T2_FINAL_EVIDENCE_20260726T004328Z_R2/campaign_stages/00C_NONVACUITY_MUTATIONS_RELATIONAL/T2_POSITIVE_END_REACHABILITY_STDERR_20260725T173345Z.txt
experiments/polycomp-d4/T02-decompressor-refinement/02-nonvacuity-mutations-and-byte-locality/POLYCOMP_D4_T2_00C_NONVAC_MUT_RELATIONAL/T2_POSITIVE_END_REACHABILITY_SUMMARY_20260725T173345Z.txt	7cec291e1d088428b3ca16d1495445b403e5ef963c9ecaea24c205cc15df9bb5	3	2	POLYCOMP_D4_T2_00C_NONVAC_MUT_RELATIONAL/T2_POSITIVE_END_REACHABILITY_SUMMARY_20260725T173345Z.txt | POLYCOMP_D4_T2_00D_FINAL_FREEZE/POLYCOMP_D4_T2_FINAL_EVIDENCE_20260726T004328Z/campaign_stages/00C_NONVACUITY_MUTATIONS_RELATIONAL/T2_POSITIVE_END_REACHABILITY_SUMMARY_20260725T173345Z.txt | POLYCOMP_D4_T2_00D_FINAL_FREEZE/POLYCOMP_D4_T2_FINAL_EVIDENCE_20260726T004328Z_R2/campaign_stages/00C_NONVACUITY_MUTATIONS_RELATIONAL/T2_POSITIVE_END_REACHABILITY_SUMMARY_20260725T173345Z.txt
experiments/polycomp-d4/T02-decompressor-refinement/02-nonvacuity-mutations-and-byte-locality/POLYCOMP_D4_T2_00C_NONVAC_MUT_RELATIONAL/T2_POSITIVE_REACH_INSTRUMENT_STDERR_20260725T173345Z.txt	e3b0c44298fc1c149afbf4c8996fb92427ae41e4649b934ca495991b7852b855	3	2	POLYCOMP_D4_T2_00C_NONVAC_MUT_RELATIONAL/T2_POSITIVE_REACH_INSTRUMENT_STDERR_20260725T173345Z.txt | POLYCOMP_D4_T2_00D_FINAL_FREEZE/POLYCOMP_D4_T2_FINAL_EVIDENCE_20260726T004328Z/campaign_stages/00C_NONVACUITY_MUTATIONS_RELATIONAL/T2_POSITIVE_REACH_INSTRUMENT_STDERR_20260725T173345Z.txt | POLYCOMP_D4_T2_00D_FINAL_FREEZE/POLYCOMP_D4_T2_FINAL_EVIDENCE_20260726T004328Z_R2/campaign_stages/00C_NONVACUITY_MUTATIONS_RELATIONAL/T2_POSITIVE_REACH_INSTRUMENT_STDERR_20260725T173345Z.txt
experiments/polycomp-d4/T02-decompressor-refinement/02-nonvacuity-mutations-and-byte-locality/POLYCOMP_D4_T2_00C_NONVAC_MUT_RELATIONAL/T2_POSITIVE_REACH_INSTRUMENT_STDOUT_20260725T173345Z.txt	7cf3b17ab33ed0c244b380485551f6a7e9b9007ccf8f41d7cc8b1da52bef2031	3	2	POLYCOMP_D4_T2_00C_NONVAC_MUT_RELATIONAL/T2_POSITIVE_REACH_INSTRUMENT_STDOUT_20260725T173345Z.txt | POLYCOMP_D4_T2_00D_FINAL_FREEZE/POLYCOMP_D4_T2_FINAL_EVIDENCE_20260726T004328Z/campaign_stages/00C_NONVACUITY_MUTATIONS_RELATIONAL/T2_POSITIVE_REACH_INSTRUMENT_STDOUT_20260725T173345Z.txt | POLYCOMP_D4_T2_00D_FINAL_FREEZE/POLYCOMP_D4_T2_FINAL_EVIDENCE_20260726T004328Z_R2/campaign_stages/00C_NONVACUITY_MUTATIONS_RELATIONAL/T2_POSITIVE_REACH_INSTRUMENT_STDOUT_20260725T173345Z.txt
experiments/polycomp-d4/T02-decompressor-refinement/02-nonvacuity-mutations-and-byte-locality/POLYCOMP_D4_T2_00C_NONVAC_MUT_RELATIONAL/T2_RELATIONAL_END_REACHABILITY_20260725T173345Z.goto	142f1027b0007f2ad47c82970770f198e016db0dfb883afb269a1cd39526d022	3	2	POLYCOMP_D4_T2_00C_NONVAC_MUT_RELATIONAL/T2_RELATIONAL_END_REACHABILITY_20260725T173345Z.goto | POLYCOMP_D4_T2_00D_FINAL_FREEZE/POLYCOMP_D4_T2_FINAL_EVIDENCE_20260726T004328Z/campaign_stages/00C_NONVACUITY_MUTATIONS_RELATIONAL/T2_RELATIONAL_END_REACHABILITY_20260725T173345Z.goto | POLYCOMP_D4_T2_00D_FINAL_FREEZE/POLYCOMP_D4_T2_FINAL_EVIDENCE_20260726T004328Z_R2/campaign_stages/00C_NONVACUITY_MUTATIONS_RELATIONAL/T2_RELATIONAL_END_REACHABILITY_20260725T173345Z.goto
experiments/polycomp-d4/T02-decompressor-refinement/02-nonvacuity-mutations-and-byte-locality/POLYCOMP_D4_T2_00C_NONVAC_MUT_RELATIONAL/T2_RELATIONAL_END_REACHABILITY_20260725T173345Z.json	b85507a487b275c82f8fd169c4ce586bd09288a957c1bb8f3683e04a2a16128b	3	2	POLYCOMP_D4_T2_00C_NONVAC_MUT_RELATIONAL/T2_RELATIONAL_END_REACHABILITY_20260725T173345Z.json | POLYCOMP_D4_T2_00D_FINAL_FREEZE/POLYCOMP_D4_T2_FINAL_EVIDENCE_20260726T004328Z/campaign_stages/00C_NONVACUITY_MUTATIONS_RELATIONAL/T2_RELATIONAL_END_REACHABILITY_20260725T173345Z.json | POLYCOMP_D4_T2_00D_FINAL_FREEZE/POLYCOMP_D4_T2_FINAL_EVIDENCE_20260726T004328Z_R2/campaign_stages/00C_NONVACUITY_MUTATIONS_RELATIONAL/T2_RELATIONAL_END_REACHABILITY_20260725T173345Z.json
experiments/polycomp-d4/T02-decompressor-refinement/02-nonvacuity-mutations-and-byte-locality/POLYCOMP_D4_T2_00C_NONVAC_MUT_RELATIONAL/T2_RELATIONAL_END_REACHABILITY_STDERR_20260725T173345Z.txt	e3b0c44298fc1c149afbf4c8996fb92427ae41e4649b934ca495991b7852b855	3	2	POLYCOMP_D4_T2_00C_NONVAC_MUT_RELATIONAL/T2_RELATIONAL_END_REACHABILITY_STDERR_20260725T173345Z.txt | POLYCOMP_D4_T2_00D_FINAL_FREEZE/POLYCOMP_D4_T2_FINAL_EVIDENCE_20260726T004328Z/campaign_stages/00C_NONVACUITY_MUTATIONS_RELATIONAL/T2_RELATIONAL_END_REACHABILITY_STDERR_20260725T173345Z.txt | POLYCOMP_D4_T2_00D_FINAL_FREEZE/POLYCOMP_D4_T2_FINAL_EVIDENCE_20260726T004328Z_R2/campaign_stages/00C_NONVACUITY_MUTATIONS_RELATIONAL/T2_RELATIONAL_END_REACHABILITY_STDERR_20260725T173345Z.txt
experiments/polycomp-d4/T02-decompressor-refinement/02-nonvacuity-mutations-and-byte-locality/POLYCOMP_D4_T2_00C_NONVAC_MUT_RELATIONAL/T2_RELATIONAL_END_REACHABILITY_SUMMARY_20260725T173345Z.txt	ccbcd1ee9ec1ee9d63e19ec2f63660c5677e67da6d9ddd244882f2b852382563	3	2	POLYCOMP_D4_T2_00C_NONVAC_MUT_RELATIONAL/T2_RELATIONAL_END_REACHABILITY_SUMMARY_20260725T173345Z.txt | POLYCOMP_D4_T2_00D_FINAL_FREEZE/POLYCOMP_D4_T2_FINAL_EVIDENCE_20260726T004328Z/campaign_stages/00C_NONVACUITY_MUTATIONS_RELATIONAL/T2_RELATIONAL_END_REACHABILITY_SUMMARY_20260725T173345Z.txt | POLYCOMP_D4_T2_00D_FINAL_FREEZE/POLYCOMP_D4_T2_FINAL_EVIDENCE_20260726T004328Z_R2/campaign_stages/00C_NONVACUITY_MUTATIONS_RELATIONAL/T2_RELATIONAL_END_REACHABILITY_SUMMARY_20260725T173345Z.txt
experiments/polycomp-d4/T02-decompressor-refinement/02-nonvacuity-mutations-and-byte-locality/POLYCOMP_D4_T2_00C_NONVAC_MUT_RELATIONAL/T2_RELATIONAL_LOOPS_20260725T173345Z.txt	0e951b662b4afab34355c3a1416ec29d0e9c2f9c1d769c58a62529bd3e3144e1	3	2	POLYCOMP_D4_T2_00C_NONVAC_MUT_RELATIONAL/T2_RELATIONAL_LOOPS_20260725T173345Z.txt | POLYCOMP_D4_T2_00D_FINAL_FREEZE/POLYCOMP_D4_T2_FINAL_EVIDENCE_20260726T004328Z/campaign_stages/00C_NONVACUITY_MUTATIONS_RELATIONAL/T2_RELATIONAL_LOOPS_20260725T173345Z.txt | POLYCOMP_D4_T2_00D_FINAL_FREEZE/POLYCOMP_D4_T2_FINAL_EVIDENCE_20260726T004328Z_R2/campaign_stages/00C_NONVACUITY_MUTATIONS_RELATIONAL/T2_RELATIONAL_LOOPS_20260725T173345Z.txt
experiments/polycomp-d4/T02-decompressor-refinement/02-nonvacuity-mutations-and-byte-locality/POLYCOMP_D4_T2_00C_NONVAC_MUT_RELATIONAL/T2_RELATIONAL_PROPERTIES_20260725T173345Z.txt	66b553c6207876c173ae51e2adf5f66efd4d74167f66e1452ab6f328a72acdcd	3	2	POLYCOMP_D4_T2_00C_NONVAC_MUT_RELATIONAL/T2_RELATIONAL_PROPERTIES_20260725T173345Z.txt | POLYCOMP_D4_T2_00D_FINAL_FREEZE/POLYCOMP_D4_T2_FINAL_EVIDENCE_20260726T004328Z/campaign_stages/00C_NONVACUITY_MUTATIONS_RELATIONAL/T2_RELATIONAL_PROPERTIES_20260725T173345Z.txt | POLYCOMP_D4_T2_00D_FINAL_FREEZE/POLYCOMP_D4_T2_FINAL_EVIDENCE_20260726T004328Z_R2/campaign_stages/00C_NONVACUITY_MUTATIONS_RELATIONAL/T2_RELATIONAL_PROPERTIES_20260725T173345Z.txt
experiments/polycomp-d4/T02-decompressor-refinement/02-nonvacuity-mutations-and-byte-locality/POLYCOMP_D4_T2_00C_NONVAC_MUT_RELATIONAL/T2_RELATIONAL_RUNNER_20260725T173345Z.json	14b503884486e158beb651294d338a5df94941f233031c52ca5ba5e70b50ff76	3	2	POLYCOMP_D4_T2_00C_NONVAC_MUT_RELATIONAL/T2_RELATIONAL_RUNNER_20260725T173345Z.json | POLYCOMP_D4_T2_00D_FINAL_FREEZE/POLYCOMP_D4_T2_FINAL_EVIDENCE_20260726T004328Z/campaign_stages/00C_NONVACUITY_MUTATIONS_RELATIONAL/T2_RELATIONAL_RUNNER_20260725T173345Z.json | POLYCOMP_D4_T2_00D_FINAL_FREEZE/POLYCOMP_D4_T2_FINAL_EVIDENCE_20260726T004328Z_R2/campaign_stages/00C_NONVACUITY_MUTATIONS_RELATIONAL/T2_RELATIONAL_RUNNER_20260725T173345Z.json
experiments/polycomp-d4/T02-decompressor-refinement/02-nonvacuity-mutations-and-byte-locality/POLYCOMP_D4_T2_00C_NONVAC_MUT_RELATIONAL/T2_RELATIONAL_RUNNER_20260725T173345Z.txt	cfc12da81fc152cd1c4d303441cf3810a9d4e6158d67d376f3671f6fa5849312	3	2	POLYCOMP_D4_T2_00C_NONVAC_MUT_RELATIONAL/T2_RELATIONAL_RUNNER_20260725T173345Z.txt | POLYCOMP_D4_T2_00D_FINAL_FREEZE/POLYCOMP_D4_T2_FINAL_EVIDENCE_20260726T004328Z/campaign_stages/00C_NONVACUITY_MUTATIONS_RELATIONAL/T2_RELATIONAL_RUNNER_20260725T173345Z.txt | POLYCOMP_D4_T2_00D_FINAL_FREEZE/POLYCOMP_D4_T2_FINAL_EVIDENCE_20260726T004328Z_R2/campaign_stages/00C_NONVACUITY_MUTATIONS_RELATIONAL/T2_RELATIONAL_RUNNER_20260725T173345Z.txt
experiments/polycomp-d4/T02-decompressor-refinement/02-nonvacuity-mutations-and-byte-locality/POLYCOMP_D4_T2_00C_NONVAC_MUT_RELATIONAL/T2_RELATIONAL_SEMANTIC_20260725T173345Z.json	f83402bcdf35cbe6df784a77f2863433007b7e92415eb54c269935330f9e6a8a	3	2	POLYCOMP_D4_T2_00C_NONVAC_MUT_RELATIONAL/T2_RELATIONAL_SEMANTIC_20260725T173345Z.json | POLYCOMP_D4_T2_00D_FINAL_FREEZE/POLYCOMP_D4_T2_FINAL_EVIDENCE_20260726T004328Z/campaign_stages/00C_NONVACUITY_MUTATIONS_RELATIONAL/T2_RELATIONAL_SEMANTIC_20260725T173345Z.json | POLYCOMP_D4_T2_00D_FINAL_FREEZE/POLYCOMP_D4_T2_FINAL_EVIDENCE_20260726T004328Z_R2/campaign_stages/00C_NONVACUITY_MUTATIONS_RELATIONAL/T2_RELATIONAL_SEMANTIC_20260725T173345Z.json
experiments/polycomp-d4/T02-decompressor-refinement/02-nonvacuity-mutations-and-byte-locality/POLYCOMP_D4_T2_00C_NONVAC_MUT_RELATIONAL/T2_RELATIONAL_SEMANTIC_STDERR_20260725T173345Z.txt	e3b0c44298fc1c149afbf4c8996fb92427ae41e4649b934ca495991b7852b855	3	2	POLYCOMP_D4_T2_00C_NONVAC_MUT_RELATIONAL/T2_RELATIONAL_SEMANTIC_STDERR_20260725T173345Z.txt | POLYCOMP_D4_T2_00D_FINAL_FREEZE/POLYCOMP_D4_T2_FINAL_EVIDENCE_20260726T004328Z/campaign_stages/00C_NONVACUITY_MUTATIONS_RELATIONAL/T2_RELATIONAL_SEMANTIC_STDERR_20260725T173345Z.txt | POLYCOMP_D4_T2_00D_FINAL_FREEZE/POLYCOMP_D4_T2_FINAL_EVIDENCE_20260726T004328Z_R2/campaign_stages/00C_NONVACUITY_MUTATIONS_RELATIONAL/T2_RELATIONAL_SEMANTIC_STDERR_20260725T173345Z.txt
experiments/polycomp-d4/T02-decompressor-refinement/02-nonvacuity-mutations-and-byte-locality/POLYCOMP_D4_T2_00C_NONVAC_MUT_RELATIONAL/T2_RELATIONAL_SEMANTIC_SUMMARY_20260725T173345Z.txt	b748f1b90c98e7a18e5fea3ba61b5f9aab8dc9441f7fbe54690fb35a52ccf810	3	2	POLYCOMP_D4_T2_00C_NONVAC_MUT_RELATIONAL/T2_RELATIONAL_SEMANTIC_SUMMARY_20260725T173345Z.txt | POLYCOMP_D4_T2_00D_FINAL_FREEZE/POLYCOMP_D4_T2_FINAL_EVIDENCE_20260726T004328Z/campaign_stages/00C_NONVACUITY_MUTATIONS_RELATIONAL/T2_RELATIONAL_SEMANTIC_SUMMARY_20260725T173345Z.txt | POLYCOMP_D4_T2_00D_FINAL_FREEZE/POLYCOMP_D4_T2_FINAL_EVIDENCE_20260726T004328Z_R2/campaign_stages/00C_NONVACUITY_MUTATIONS_RELATIONAL/T2_RELATIONAL_SEMANTIC_SUMMARY_20260725T173345Z.txt
experiments/polycomp-d4/T02-decompressor-refinement/02-nonvacuity-mutations-and-byte-locality/POLYCOMP_D4_T2_00C_NONVAC_MUT_RELATIONAL/T2_RELATIONAL_STRICT_20260725T173345Z.json	dda0822379c64959f3a36c6e3cedf349632c6f8e7fc83612f0ccd772960f5c08	3	2	POLYCOMP_D4_T2_00C_NONVAC_MUT_RELATIONAL/T2_RELATIONAL_STRICT_20260725T173345Z.json | POLYCOMP_D4_T2_00D_FINAL_FREEZE/POLYCOMP_D4_T2_FINAL_EVIDENCE_20260726T004328Z/campaign_stages/00C_NONVACUITY_MUTATIONS_RELATIONAL/T2_RELATIONAL_STRICT_20260725T173345Z.json | POLYCOMP_D4_T2_00D_FINAL_FREEZE/POLYCOMP_D4_T2_FINAL_EVIDENCE_20260726T004328Z_R2/campaign_stages/00C_NONVACUITY_MUTATIONS_RELATIONAL/T2_RELATIONAL_STRICT_20260725T173345Z.json
experiments/polycomp-d4/T02-decompressor-refinement/02-nonvacuity-mutations-and-byte-locality/POLYCOMP_D4_T2_00C_NONVAC_MUT_RELATIONAL/T2_RELATIONAL_STRICT_STDERR_20260725T173345Z.txt	e3b0c44298fc1c149afbf4c8996fb92427ae41e4649b934ca495991b7852b855	3	2	POLYCOMP_D4_T2_00C_NONVAC_MUT_RELATIONAL/T2_RELATIONAL_STRICT_STDERR_20260725T173345Z.txt | POLYCOMP_D4_T2_00D_FINAL_FREEZE/POLYCOMP_D4_T2_FINAL_EVIDENCE_20260726T004328Z/campaign_stages/00C_NONVACUITY_MUTATIONS_RELATIONAL/T2_RELATIONAL_STRICT_STDERR_20260725T173345Z.txt | POLYCOMP_D4_T2_00D_FINAL_FREEZE/POLYCOMP_D4_T2_FINAL_EVIDENCE_20260726T004328Z_R2/campaign_stages/00C_NONVACUITY_MUTATIONS_RELATIONAL/T2_RELATIONAL_STRICT_STDERR_20260725T173345Z.txt
experiments/polycomp-d4/T02-decompressor-refinement/02-nonvacuity-mutations-and-byte-locality/POLYCOMP_D4_T2_00C_NONVAC_MUT_RELATIONAL/T2_RELATIONAL_STRICT_SUMMARY_20260725T173345Z.txt	af6d34ec91f322167027dab40c1dd3d27dcb00695dfaa2e80148d453f3d93a78	3	2	POLYCOMP_D4_T2_00C_NONVAC_MUT_RELATIONAL/T2_RELATIONAL_STRICT_SUMMARY_20260725T173345Z.txt | POLYCOMP_D4_T2_00D_FINAL_FREEZE/POLYCOMP_D4_T2_FINAL_EVIDENCE_20260726T004328Z/campaign_stages/00C_NONVACUITY_MUTATIONS_RELATIONAL/T2_RELATIONAL_STRICT_SUMMARY_20260725T173345Z.txt | POLYCOMP_D4_T2_00D_FINAL_FREEZE/POLYCOMP_D4_T2_FINAL_EVIDENCE_20260726T004328Z_R2/campaign_stages/00C_NONVACUITY_MUTATIONS_RELATIONAL/T2_RELATIONAL_STRICT_SUMMARY_20260725T173345Z.txt
experiments/polycomp-d4/T02-decompressor-refinement/02-nonvacuity-mutations-and-byte-locality/POLYCOMP_D4_T2_00C_NONVAC_MUT_RELATIONAL/T2_REL_REACH_INSTRUMENT_STDERR_20260725T173345Z.txt	e3b0c44298fc1c149afbf4c8996fb92427ae41e4649b934ca495991b7852b855	3	2	POLYCOMP_D4_T2_00C_NONVAC_MUT_RELATIONAL/T2_REL_REACH_INSTRUMENT_STDERR_20260725T173345Z.txt | POLYCOMP_D4_T2_00D_FINAL_FREEZE/POLYCOMP_D4_T2_FINAL_EVIDENCE_20260726T004328Z/campaign_stages/00C_NONVACUITY_MUTATIONS_RELATIONAL/T2_REL_REACH_INSTRUMENT_STDERR_20260725T173345Z.txt | POLYCOMP_D4_T2_00D_FINAL_FREEZE/POLYCOMP_D4_T2_FINAL_EVIDENCE_20260726T004328Z_R2/campaign_stages/00C_NONVACUITY_MUTATIONS_RELATIONAL/T2_REL_REACH_INSTRUMENT_STDERR_20260725T173345Z.txt
experiments/polycomp-d4/T02-decompressor-refinement/02-nonvacuity-mutations-and-byte-locality/POLYCOMP_D4_T2_00C_NONVAC_MUT_RELATIONAL/T2_REL_REACH_INSTRUMENT_STDOUT_20260725T173345Z.txt	1bcd6cbff125fefa5b23214a8fb93a591a0b1675cba4ef4a0bd13ccc6852cd8f	3	2	POLYCOMP_D4_T2_00C_NONVAC_MUT_RELATIONAL/T2_REL_REACH_INSTRUMENT_STDOUT_20260725T173345Z.txt | POLYCOMP_D4_T2_00D_FINAL_FREEZE/POLYCOMP_D4_T2_FINAL_EVIDENCE_20260726T004328Z/campaign_stages/00C_NONVACUITY_MUTATIONS_RELATIONAL/T2_REL_REACH_INSTRUMENT_STDOUT_20260725T173345Z.txt | POLYCOMP_D4_T2_00D_FINAL_FREEZE/POLYCOMP_D4_T2_FINAL_EVIDENCE_20260726T004328Z_R2/campaign_stages/00C_NONVACUITY_MUTATIONS_RELATIONAL/T2_REL_REACH_INSTRUMENT_STDOUT_20260725T173345Z.txt
experiments/polycomp-d4/T02-decompressor-refinement/02-nonvacuity-mutations-and-byte-locality/POLYCOMP_D4_T2_00C_NONVAC_MUT_RELATIONAL/T2_ROUND_LOOPS_20260725T173345Z.txt	1c26090c47ae1d7588dd826bd97a25bdd42d852802f2b31d1402974abda35a8a	3	2	POLYCOMP_D4_T2_00C_NONVAC_MUT_RELATIONAL/T2_ROUND_LOOPS_20260725T173345Z.txt | POLYCOMP_D4_T2_00D_FINAL_FREEZE/POLYCOMP_D4_T2_FINAL_EVIDENCE_20260726T004328Z/campaign_stages/00C_NONVACUITY_MUTATIONS_RELATIONAL/T2_ROUND_LOOPS_20260725T173345Z.txt | POLYCOMP_D4_T2_00D_FINAL_FREEZE/POLYCOMP_D4_T2_FINAL_EVIDENCE_20260726T004328Z_R2/campaign_stages/00C_NONVACUITY_MUTATIONS_RELATIONAL/T2_ROUND_LOOPS_20260725T173345Z.txt
experiments/polycomp-d4/T02-decompressor-refinement/02-nonvacuity-mutations-and-byte-locality/POLYCOMP_D4_T2_00C_NONVAC_MUT_RELATIONAL/T2_ROUND_RESULT_20260725T173345Z.json	a8410d0f844309abb161b060516ca2b37958bc5bd24c9a399dfcead324d9bf97	3	2	POLYCOMP_D4_T2_00C_NONVAC_MUT_RELATIONAL/T2_ROUND_RESULT_20260725T173345Z.json | POLYCOMP_D4_T2_00D_FINAL_FREEZE/POLYCOMP_D4_T2_FINAL_EVIDENCE_20260726T004328Z/campaign_stages/00C_NONVACUITY_MUTATIONS_RELATIONAL/T2_ROUND_RESULT_20260725T173345Z.json | POLYCOMP_D4_T2_00D_FINAL_FREEZE/POLYCOMP_D4_T2_FINAL_EVIDENCE_20260726T004328Z_R2/campaign_stages/00C_NONVACUITY_MUTATIONS_RELATIONAL/T2_ROUND_RESULT_20260725T173345Z.json
experiments/polycomp-d4/T02-decompressor-refinement/02-nonvacuity-mutations-and-byte-locality/POLYCOMP_D4_T2_00C_NONVAC_MUT_RELATIONAL/T2_ROUND_RUNNER_20260725T173345Z.json	6b2a936f4aff52fb0471f83e8fbc4eeac41b6fe864a410a43ed683430a3c00c2	3	2	POLYCOMP_D4_T2_00C_NONVAC_MUT_RELATIONAL/T2_ROUND_RUNNER_20260725T173345Z.json | POLYCOMP_D4_T2_00D_FINAL_FREEZE/POLYCOMP_D4_T2_FINAL_EVIDENCE_20260726T004328Z/campaign_stages/00C_NONVACUITY_MUTATIONS_RELATIONAL/T2_ROUND_RUNNER_20260725T173345Z.json | POLYCOMP_D4_T2_00D_FINAL_FREEZE/POLYCOMP_D4_T2_FINAL_EVIDENCE_20260726T004328Z_R2/campaign_stages/00C_NONVACUITY_MUTATIONS_RELATIONAL/T2_ROUND_RUNNER_20260725T173345Z.json
experiments/polycomp-d4/T02-decompressor-refinement/02-nonvacuity-mutations-and-byte-locality/POLYCOMP_D4_T2_00C_NONVAC_MUT_RELATIONAL/T2_ROUND_RUNNER_20260725T173345Z.txt	341d70cf63d75c2ae71e76e4d29abd74071f12270f19e496470bdd8278a7dd59	3	2	POLYCOMP_D4_T2_00C_NONVAC_MUT_RELATIONAL/T2_ROUND_RUNNER_20260725T173345Z.txt | POLYCOMP_D4_T2_00D_FINAL_FREEZE/POLYCOMP_D4_T2_FINAL_EVIDENCE_20260726T004328Z/campaign_stages/00C_NONVACUITY_MUTATIONS_RELATIONAL/T2_ROUND_RUNNER_20260725T173345Z.txt | POLYCOMP_D4_T2_00D_FINAL_FREEZE/POLYCOMP_D4_T2_FINAL_EVIDENCE_20260726T004328Z_R2/campaign_stages/00C_NONVACUITY_MUTATIONS_RELATIONAL/T2_ROUND_RUNNER_20260725T173345Z.txt
experiments/polycomp-d4/T02-decompressor-refinement/02-nonvacuity-mutations-and-byte-locality/POLYCOMP_D4_T2_00C_NONVAC_MUT_RELATIONAL/T2_ROUND_STDERR_20260725T173345Z.txt	e3b0c44298fc1c149afbf4c8996fb92427ae41e4649b934ca495991b7852b855	3	2	POLYCOMP_D4_T2_00C_NONVAC_MUT_RELATIONAL/T2_ROUND_STDERR_20260725T173345Z.txt | POLYCOMP_D4_T2_00D_FINAL_FREEZE/POLYCOMP_D4_T2_FINAL_EVIDENCE_20260726T004328Z/campaign_stages/00C_NONVACUITY_MUTATIONS_RELATIONAL/T2_ROUND_STDERR_20260725T173345Z.txt | POLYCOMP_D4_T2_00D_FINAL_FREEZE/POLYCOMP_D4_T2_FINAL_EVIDENCE_20260726T004328Z_R2/campaign_stages/00C_NONVACUITY_MUTATIONS_RELATIONAL/T2_ROUND_STDERR_20260725T173345Z.txt
experiments/polycomp-d4/T02-decompressor-refinement/02-nonvacuity-mutations-and-byte-locality/POLYCOMP_D4_T2_00C_NONVAC_MUT_RELATIONAL/T2_ROUND_SUMMARY_20260725T173345Z.txt	7e69769d9612cfada68427bcf3c2e9758aab3c5ee2e2a9e9a672b78fc9f86e76	3	2	POLYCOMP_D4_T2_00C_NONVAC_MUT_RELATIONAL/T2_ROUND_SUMMARY_20260725T173345Z.txt | POLYCOMP_D4_T2_00D_FINAL_FREEZE/POLYCOMP_D4_T2_FINAL_EVIDENCE_20260726T004328Z/campaign_stages/00C_NONVACUITY_MUTATIONS_RELATIONAL/T2_ROUND_SUMMARY_20260725T173345Z.txt | POLYCOMP_D4_T2_00D_FINAL_FREEZE/POLYCOMP_D4_T2_FINAL_EVIDENCE_20260726T004328Z_R2/campaign_stages/00C_NONVACUITY_MUTATIONS_RELATIONAL/T2_ROUND_SUMMARY_20260725T173345Z.txt
experiments/polycomp-d4/T02-decompressor-refinement/02-nonvacuity-mutations-and-byte-locality/POLYCOMP_D4_T2_00C_NONVAC_MUT_RELATIONAL/T2_SWAP_LOOPS_20260725T173345Z.txt	04f41e64e594768d85fdd260974b650847871a1535aa4dbcd119d973c1d97e81	3	2	POLYCOMP_D4_T2_00C_NONVAC_MUT_RELATIONAL/T2_SWAP_LOOPS_20260725T173345Z.txt | POLYCOMP_D4_T2_00D_FINAL_FREEZE/POLYCOMP_D4_T2_FINAL_EVIDENCE_20260726T004328Z/campaign_stages/00C_NONVACUITY_MUTATIONS_RELATIONAL/T2_SWAP_LOOPS_20260725T173345Z.txt | POLYCOMP_D4_T2_00D_FINAL_FREEZE/POLYCOMP_D4_T2_FINAL_EVIDENCE_20260726T004328Z_R2/campaign_stages/00C_NONVACUITY_MUTATIONS_RELATIONAL/T2_SWAP_LOOPS_20260725T173345Z.txt
experiments/polycomp-d4/T02-decompressor-refinement/02-nonvacuity-mutations-and-byte-locality/POLYCOMP_D4_T2_00C_NONVAC_MUT_RELATIONAL/T2_SWAP_RESULT_20260725T173345Z.json	6a01f8ee447a056cad99a27bc7ecbed4e6c45000d2d02c80c8519b814087d4d8	3	2	POLYCOMP_D4_T2_00C_NONVAC_MUT_RELATIONAL/T2_SWAP_RESULT_20260725T173345Z.json | POLYCOMP_D4_T2_00D_FINAL_FREEZE/POLYCOMP_D4_T2_FINAL_EVIDENCE_20260726T004328Z/campaign_stages/00C_NONVACUITY_MUTATIONS_RELATIONAL/T2_SWAP_RESULT_20260725T173345Z.json | POLYCOMP_D4_T2_00D_FINAL_FREEZE/POLYCOMP_D4_T2_FINAL_EVIDENCE_20260726T004328Z_R2/campaign_stages/00C_NONVACUITY_MUTATIONS_RELATIONAL/T2_SWAP_RESULT_20260725T173345Z.json
experiments/polycomp-d4/T02-decompressor-refinement/02-nonvacuity-mutations-and-byte-locality/POLYCOMP_D4_T2_00C_NONVAC_MUT_RELATIONAL/T2_SWAP_RUNNER_20260725T173345Z.json	f35bf0dfadfa446d62063837cf760d153a933736d83bd52bc521c4ad4fa3cbfd	3	2	POLYCOMP_D4_T2_00C_NONVAC_MUT_RELATIONAL/T2_SWAP_RUNNER_20260725T173345Z.json | POLYCOMP_D4_T2_00D_FINAL_FREEZE/POLYCOMP_D4_T2_FINAL_EVIDENCE_20260726T004328Z/campaign_stages/00C_NONVACUITY_MUTATIONS_RELATIONAL/T2_SWAP_RUNNER_20260725T173345Z.json | POLYCOMP_D4_T2_00D_FINAL_FREEZE/POLYCOMP_D4_T2_FINAL_EVIDENCE_20260726T004328Z_R2/campaign_stages/00C_NONVACUITY_MUTATIONS_RELATIONAL/T2_SWAP_RUNNER_20260725T173345Z.json
experiments/polycomp-d4/T02-decompressor-refinement/02-nonvacuity-mutations-and-byte-locality/POLYCOMP_D4_T2_00C_NONVAC_MUT_RELATIONAL/T2_SWAP_RUNNER_20260725T173345Z.txt	147bf9082516b96e5b473b982ae7ae14795a91c3857d8fdb220f65ca1d8c586b	3	2	POLYCOMP_D4_T2_00C_NONVAC_MUT_RELATIONAL/T2_SWAP_RUNNER_20260725T173345Z.txt | POLYCOMP_D4_T2_00D_FINAL_FREEZE/POLYCOMP_D4_T2_FINAL_EVIDENCE_20260726T004328Z/campaign_stages/00C_NONVACUITY_MUTATIONS_RELATIONAL/T2_SWAP_RUNNER_20260725T173345Z.txt | POLYCOMP_D4_T2_00D_FINAL_FREEZE/POLYCOMP_D4_T2_FINAL_EVIDENCE_20260726T004328Z_R2/campaign_stages/00C_NONVACUITY_MUTATIONS_RELATIONAL/T2_SWAP_RUNNER_20260725T173345Z.txt
experiments/polycomp-d4/T02-decompressor-refinement/02-nonvacuity-mutations-and-byte-locality/POLYCOMP_D4_T2_00C_NONVAC_MUT_RELATIONAL/T2_SWAP_STDERR_20260725T173345Z.txt	e3b0c44298fc1c149afbf4c8996fb92427ae41e4649b934ca495991b7852b855	3	2	POLYCOMP_D4_T2_00C_NONVAC_MUT_RELATIONAL/T2_SWAP_STDERR_20260725T173345Z.txt | POLYCOMP_D4_T2_00D_FINAL_FREEZE/POLYCOMP_D4_T2_FINAL_EVIDENCE_20260726T004328Z/campaign_stages/00C_NONVACUITY_MUTATIONS_RELATIONAL/T2_SWAP_STDERR_20260725T173345Z.txt | POLYCOMP_D4_T2_00D_FINAL_FREEZE/POLYCOMP_D4_T2_FINAL_EVIDENCE_20260726T004328Z_R2/campaign_stages/00C_NONVACUITY_MUTATIONS_RELATIONAL/T2_SWAP_STDERR_20260725T173345Z.txt
experiments/polycomp-d4/T02-decompressor-refinement/02-nonvacuity-mutations-and-byte-locality/POLYCOMP_D4_T2_00C_NONVAC_MUT_RELATIONAL/T2_SWAP_SUMMARY_20260725T173345Z.txt	e3868d0462c453c715f4cf13d818cf1340bc4f41acc78d5998cbd100bf9f9aa4	3	2	POLYCOMP_D4_T2_00C_NONVAC_MUT_RELATIONAL/T2_SWAP_SUMMARY_20260725T173345Z.txt | POLYCOMP_D4_T2_00D_FINAL_FREEZE/POLYCOMP_D4_T2_FINAL_EVIDENCE_20260726T004328Z/campaign_stages/00C_NONVACUITY_MUTATIONS_RELATIONAL/T2_SWAP_SUMMARY_20260725T173345Z.txt | POLYCOMP_D4_T2_00D_FINAL_FREEZE/POLYCOMP_D4_T2_FINAL_EVIDENCE_20260726T004328Z_R2/campaign_stages/00C_NONVACUITY_MUTATIONS_RELATIONAL/T2_SWAP_SUMMARY_20260725T173345Z.txt
experiments/polycomp-d4/T02-decompressor-refinement/final-review/repaired-final-package/POLYCOMP_D4_T2_FINAL_EVIDENCE_20260726T004328Z_R2/FINAL_VALIDATION.txt	e29159c2c9f3db948d7a243304a7d78732de1d8434d6dba092111baaff4261dc	3	2	POLYCOMP_D4_T2_00D_FINAL_FREEZE/POLYCOMP_D4_T2_FINAL_EVIDENCE_20260726T004328Z/FINAL_VALIDATION.txt | POLYCOMP_D4_T2_00D_FINAL_FREEZE/POLYCOMP_D4_T2_FINAL_EVIDENCE_20260726T004328Z_R2/FINAL_VALIDATION.txt | POLYCOMP_D4_T2_00D_FINAL_FREEZE/T2_FINAL_VALIDATION_20260726T004328Z.txt
experiments/polycomp-d4/T02-decompressor-refinement/final-review/repaired-final-package/POLYCOMP_D4_T2_FINAL_EVIDENCE_20260726T004328Z_R2/T2_FINAL_VERDICT.json	e0ca5ac7ed6825793e764e17d2fa25a61ed8a16fd174a3077ece4053922b57e7	2	1	POLYCOMP_D4_T2_00D_FINAL_FREEZE/POLYCOMP_D4_T2_FINAL_EVIDENCE_20260726T004328Z/T2_FINAL_VERDICT.json | POLYCOMP_D4_T2_00D_FINAL_FREEZE/POLYCOMP_D4_T2_FINAL_EVIDENCE_20260726T004328Z_R2/T2_FINAL_VERDICT.json
experiments/polycomp-d4/T02-decompressor-refinement/final-review/repaired-final-package/POLYCOMP_D4_T2_FINAL_EVIDENCE_20260726T004328Z_R2/T2_FINAL_VERDICT.md	e9f688f5ff8d4812418b0c4552114a510b33a8470674b49522f7ec3a23f0d9fc	2	1	POLYCOMP_D4_T2_00D_FINAL_FREEZE/POLYCOMP_D4_T2_FINAL_EVIDENCE_20260726T004328Z/T2_FINAL_VERDICT.md | POLYCOMP_D4_T2_00D_FINAL_FREEZE/POLYCOMP_D4_T2_FINAL_EVIDENCE_20260726T004328Z_R2/T2_FINAL_VERDICT.md
experiments/polycomp-d4/T02-decompressor-refinement/final-review/repaired-final-package/POLYCOMP_D4_T2_FINAL_EVIDENCE_20260726T004328Z_R2/metadata/GIT_COMMIT.txt	99a34f38ddbb0ba7941fc4f800240c50146043969e73cb2e40983ca318ab4a54	2	1	POLYCOMP_D4_T2_00D_FINAL_FREEZE/POLYCOMP_D4_T2_FINAL_EVIDENCE_20260726T004328Z/metadata/GIT_COMMIT.txt | POLYCOMP_D4_T2_00D_FINAL_FREEZE/POLYCOMP_D4_T2_FINAL_EVIDENCE_20260726T004328Z_R2/metadata/GIT_COMMIT.txt
experiments/polycomp-d4/T02-decompressor-refinement/final-review/repaired-final-package/POLYCOMP_D4_T2_FINAL_EVIDENCE_20260726T004328Z_R2/metadata/GIT_REMOTES.txt	18029a273a9323f6818e08711d1e598ebc6bbe7e6a6ee75d0bfdc6baf1eec6cf	2	1	POLYCOMP_D4_T2_00D_FINAL_FREEZE/POLYCOMP_D4_T2_FINAL_EVIDENCE_20260726T004328Z/metadata/GIT_REMOTES.txt | POLYCOMP_D4_T2_00D_FINAL_FREEZE/POLYCOMP_D4_T2_FINAL_EVIDENCE_20260726T004328Z_R2/metadata/GIT_REMOTES.txt
experiments/polycomp-d4/T02-decompressor-refinement/final-review/repaired-final-package/POLYCOMP_D4_T2_FINAL_EVIDENCE_20260726T004328Z_R2/metadata/TOOL_VERSIONS.txt	84eea02d308c0c7a9c80a73a5c191fb2c920d27a689ad84f48fa72e0705ea5d3	2	1	POLYCOMP_D4_T2_00D_FINAL_FREEZE/POLYCOMP_D4_T2_FINAL_EVIDENCE_20260726T004328Z/metadata/TOOL_VERSIONS.txt | POLYCOMP_D4_T2_00D_FINAL_FREEZE/POLYCOMP_D4_T2_FINAL_EVIDENCE_20260726T004328Z_R2/metadata/TOOL_VERSIONS.txt
experiments/polycomp-d4/T02-decompressor-refinement/final-review/repaired-final-package/POLYCOMP_D4_T2_FINAL_EVIDENCE_20260726T004328Z_R2/proof_artefacts/mutation_nibble_swap/Makefile	c910e4a53c0c3e71fd267a5cdde78c0e15f23d9b1a3c9c07f4537854393a36a7	2	1	POLYCOMP_D4_T2_00D_FINAL_FREEZE/POLYCOMP_D4_T2_FINAL_EVIDENCE_20260726T004328Z/proof_artefacts/mutation_nibble_swap/Makefile | POLYCOMP_D4_T2_00D_FINAL_FREEZE/POLYCOMP_D4_T2_FINAL_EVIDENCE_20260726T004328Z_R2/proof_artefacts/mutation_nibble_swap/Makefile
experiments/polycomp-d4/T02-decompressor-refinement/final-review/repaired-final-package/POLYCOMP_D4_T2_FINAL_EVIDENCE_20260726T004328Z_R2/proof_artefacts/mutation_nibble_swap/gotos/polycomp_d4_t2_mutation_nibble_swap_harness.goto	126bd614f91b106917e89bc92b5f6b42c38ca80bab8173db774c4422808304d2	2	1	POLYCOMP_D4_T2_00D_FINAL_FREEZE/POLYCOMP_D4_T2_FINAL_EVIDENCE_20260726T004328Z/proof_artefacts/mutation_nibble_swap/gotos/polycomp_d4_t2_mutation_nibble_swap_harness.goto | POLYCOMP_D4_T2_00D_FINAL_FREEZE/POLYCOMP_D4_T2_FINAL_EVIDENCE_20260726T004328Z_R2/proof_artefacts/mutation_nibble_swap/gotos/polycomp_d4_t2_mutation_nibble_swap_harness.goto
experiments/polycomp-d4/T02-decompressor-refinement/final-review/repaired-final-package/POLYCOMP_D4_T2_FINAL_EVIDENCE_20260726T004328Z_R2/proof_artefacts/mutation_nibble_swap/gotos/polycomp_d4_t2_mutation_nibble_swap_harness0100.goto	206c4d1110757b893d069dbdd49ebc4420d5ffe007b61fd6f6646597d28e4c69	2	1	POLYCOMP_D4_T2_00D_FINAL_FREEZE/POLYCOMP_D4_T2_FINAL_EVIDENCE_20260726T004328Z/proof_artefacts/mutation_nibble_swap/gotos/polycomp_d4_t2_mutation_nibble_swap_harness0100.goto | POLYCOMP_D4_T2_00D_FINAL_FREEZE/POLYCOMP_D4_T2_FINAL_EVIDENCE_20260726T004328Z_R2/proof_artefacts/mutation_nibble_swap/gotos/polycomp_d4_t2_mutation_nibble_swap_harness0100.goto
experiments/polycomp-d4/T02-decompressor-refinement/final-review/repaired-final-package/POLYCOMP_D4_T2_FINAL_EVIDENCE_20260726T004328Z_R2/proof_artefacts/mutation_nibble_swap/gotos/polycomp_d4_t2_mutation_nibble_swap_harness0200.goto	07d08cab6d2120a10f7d98ec91c0b4db07729099a37a40ca7bb3835787e3424c	2	1	POLYCOMP_D4_T2_00D_FINAL_FREEZE/POLYCOMP_D4_T2_FINAL_EVIDENCE_20260726T004328Z/proof_artefacts/mutation_nibble_swap/gotos/polycomp_d4_t2_mutation_nibble_swap_harness0200.goto | POLYCOMP_D4_T2_00D_FINAL_FREEZE/POLYCOMP_D4_T2_FINAL_EVIDENCE_20260726T004328Z_R2/proof_artefacts/mutation_nibble_swap/gotos/polycomp_d4_t2_mutation_nibble_swap_harness0200.goto
experiments/polycomp-d4/T02-decompressor-refinement/final-review/repaired-final-package/POLYCOMP_D4_T2_FINAL_EVIDENCE_20260726T004328Z_R2/proof_artefacts/mutation_nibble_swap/gotos/polycomp_d4_t2_mutation_nibble_swap_harness0300.goto	596ec26e1602e2d7362dcf024a309586532a1e2345ec0e222c593154f96cc328	2	1	POLYCOMP_D4_T2_00D_FINAL_FREEZE/POLYCOMP_D4_T2_FINAL_EVIDENCE_20260726T004328Z/proof_artefacts/mutation_nibble_swap/gotos/polycomp_d4_t2_mutation_nibble_swap_harness0300.goto | POLYCOMP_D4_T2_00D_FINAL_FREEZE/POLYCOMP_D4_T2_FINAL_EVIDENCE_20260726T004328Z_R2/proof_artefacts/mutation_nibble_swap/gotos/polycomp_d4_t2_mutation_nibble_swap_harness0300.goto
experiments/polycomp-d4/T02-decompressor-refinement/final-review/repaired-final-package/POLYCOMP_D4_T2_FINAL_EVIDENCE_20260726T004328Z_R2/proof_artefacts/mutation_nibble_swap/gotos/polycomp_d4_t2_mutation_nibble_swap_harness0400.goto	596ec26e1602e2d7362dcf024a309586532a1e2345ec0e222c593154f96cc328	2	1	POLYCOMP_D4_T2_00D_FINAL_FREEZE/POLYCOMP_D4_T2_FINAL_EVIDENCE_20260726T004328Z/proof_artefacts/mutation_nibble_swap/gotos/polycomp_d4_t2_mutation_nibble_swap_harness0400.goto | POLYCOMP_D4_T2_00D_FINAL_FREEZE/POLYCOMP_D4_T2_FINAL_EVIDENCE_20260726T004328Z_R2/proof_artefacts/mutation_nibble_swap/gotos/polycomp_d4_t2_mutation_nibble_swap_harness0400.goto
experiments/polycomp-d4/T02-decompressor-refinement/final-review/repaired-final-package/POLYCOMP_D4_T2_FINAL_EVIDENCE_20260726T004328Z_R2/proof_artefacts/mutation_nibble_swap/gotos/polycomp_d4_t2_mutation_nibble_swap_harness0500.goto	596ec26e1602e2d7362dcf024a309586532a1e2345ec0e222c593154f96cc328	2	1	POLYCOMP_D4_T2_00D_FINAL_FREEZE/POLYCOMP_D4_T2_FINAL_EVIDENCE_20260726T004328Z/proof_artefacts/mutation_nibble_swap/gotos/polycomp_d4_t2_mutation_nibble_swap_harness0500.goto | POLYCOMP_D4_T2_00D_FINAL_FREEZE/POLYCOMP_D4_T2_FINAL_EVIDENCE_20260726T004328Z_R2/proof_artefacts/mutation_nibble_swap/gotos/polycomp_d4_t2_mutation_nibble_swap_harness0500.goto
experiments/polycomp-d4/T02-decompressor-refinement/final-review/repaired-final-package/POLYCOMP_D4_T2_FINAL_EVIDENCE_20260726T004328Z_R2/proof_artefacts/mutation_nibble_swap/gotos/polycomp_d4_t2_mutation_nibble_swap_harness0600.goto	698f6b556bcc6c6b1dd32f02b0fc081f31c606e8bbfa47269ddd3857766eac40	2	1	POLYCOMP_D4_T2_00D_FINAL_FREEZE/POLYCOMP_D4_T2_FINAL_EVIDENCE_20260726T004328Z/proof_artefacts/mutation_nibble_swap/gotos/polycomp_d4_t2_mutation_nibble_swap_harness0600.goto | POLYCOMP_D4_T2_00D_FINAL_FREEZE/POLYCOMP_D4_T2_FINAL_EVIDENCE_20260726T004328Z_R2/proof_artefacts/mutation_nibble_swap/gotos/polycomp_d4_t2_mutation_nibble_swap_harness0600.goto
experiments/polycomp-d4/T02-decompressor-refinement/final-review/repaired-final-package/POLYCOMP_D4_T2_FINAL_EVIDENCE_20260726T004328Z_R2/proof_artefacts/mutation_nibble_swap/gotos/polycomp_d4_t2_mutation_nibble_swap_harness0700.goto	855bcfbeb2a3126343e266ecb53ef738ef27bfd95ec2c76e5b4e3a8f83c06341	2	1	POLYCOMP_D4_T2_00D_FINAL_FREEZE/POLYCOMP_D4_T2_FINAL_EVIDENCE_20260726T004328Z/proof_artefacts/mutation_nibble_swap/gotos/polycomp_d4_t2_mutation_nibble_swap_harness0700.goto | POLYCOMP_D4_T2_00D_FINAL_FREEZE/POLYCOMP_D4_T2_FINAL_EVIDENCE_20260726T004328Z_R2/proof_artefacts/mutation_nibble_swap/gotos/polycomp_d4_t2_mutation_nibble_swap_harness0700.goto
experiments/polycomp-d4/T02-decompressor-refinement/final-review/repaired-final-package/POLYCOMP_D4_T2_FINAL_EVIDENCE_20260726T004328Z_R2/proof_artefacts/mutation_nibble_swap/gotos/polycomp_d4_t2_mutation_nibble_swap_harness0800.goto	126bd614f91b106917e89bc92b5f6b42c38ca80bab8173db774c4422808304d2	2	1	POLYCOMP_D4_T2_00D_FINAL_FREEZE/POLYCOMP_D4_T2_FINAL_EVIDENCE_20260726T004328Z/proof_artefacts/mutation_nibble_swap/gotos/polycomp_d4_t2_mutation_nibble_swap_harness0800.goto | POLYCOMP_D4_T2_00D_FINAL_FREEZE/POLYCOMP_D4_T2_FINAL_EVIDENCE_20260726T004328Z_R2/proof_artefacts/mutation_nibble_swap/gotos/polycomp_d4_t2_mutation_nibble_swap_harness0800.goto
experiments/polycomp-d4/T02-decompressor-refinement/final-review/repaired-final-package/POLYCOMP_D4_T2_FINAL_EVIDENCE_20260726T004328Z_R2/proof_artefacts/mutation_nibble_swap/gotos/project0100.goto	2dc8658671befdc6011cccd13fbb8be1a9f179acd211ccbf6a99ad65150f4b7e	2	1	POLYCOMP_D4_T2_00D_FINAL_FREEZE/POLYCOMP_D4_T2_FINAL_EVIDENCE_20260726T004328Z/proof_artefacts/mutation_nibble_swap/gotos/project0100.goto | POLYCOMP_D4_T2_00D_FINAL_FREEZE/POLYCOMP_D4_T2_FINAL_EVIDENCE_20260726T004328Z_R2/proof_artefacts/mutation_nibble_swap/gotos/project0100.goto
experiments/polycomp-d4/T02-decompressor-refinement/final-review/repaired-final-package/POLYCOMP_D4_T2_FINAL_EVIDENCE_20260726T004328Z_R2/proof_artefacts/mutation_nibble_swap/gotos/project0200.goto	246ce21465fe8a71ebe6350f287dc26190385080332df245c83a78d0e0593ab5	2	1	POLYCOMP_D4_T2_00D_FINAL_FREEZE/POLYCOMP_D4_T2_FINAL_EVIDENCE_20260726T004328Z/proof_artefacts/mutation_nibble_swap/gotos/project0200.goto | POLYCOMP_D4_T2_00D_FINAL_FREEZE/POLYCOMP_D4_T2_FINAL_EVIDENCE_20260726T004328Z_R2/proof_artefacts/mutation_nibble_swap/gotos/project0200.goto
experiments/polycomp-d4/T02-decompressor-refinement/final-review/repaired-final-package/POLYCOMP_D4_T2_FINAL_EVIDENCE_20260726T004328Z_R2/proof_artefacts/mutation_nibble_swap/gotos/proof0100.goto	2979b1f9117733f36b4663dcf890e9bfad2355cfca5e3a6a433ffb2f94f1ed47	2	1	POLYCOMP_D4_T2_00D_FINAL_FREEZE/POLYCOMP_D4_T2_FINAL_EVIDENCE_20260726T004328Z/proof_artefacts/mutation_nibble_swap/gotos/proof0100.goto | POLYCOMP_D4_T2_00D_FINAL_FREEZE/POLYCOMP_D4_T2_FINAL_EVIDENCE_20260726T004328Z_R2/proof_artefacts/mutation_nibble_swap/gotos/proof0100.goto
experiments/polycomp-d4/T02-decompressor-refinement/final-review/repaired-final-package/POLYCOMP_D4_T2_FINAL_EVIDENCE_20260726T004328Z_R2/proof_artefacts/mutation_nibble_swap/logs/check_function_contracts-log.txt	ef02cc040a0c45a5454f177d2ce4a7b141ee004d4e08973b1f7aa57850efc232	2	1	POLYCOMP_D4_T2_00D_FINAL_FREEZE/POLYCOMP_D4_T2_FINAL_EVIDENCE_20260726T004328Z/proof_artefacts/mutation_nibble_swap/logs/check_function_contracts-log.txt | POLYCOMP_D4_T2_00D_FINAL_FREEZE/POLYCOMP_D4_T2_FINAL_EVIDENCE_20260726T004328Z_R2/proof_artefacts/mutation_nibble_swap/logs/check_function_contracts-log.txt
experiments/polycomp-d4/T02-decompressor-refinement/final-review/repaired-final-package/POLYCOMP_D4_T2_FINAL_EVIDENCE_20260726T004328Z_R2/proof_artefacts/mutation_nibble_swap/logs/coverage-err-log.txt	01ba4719c80b6fe911b091a7c05124b64eeece964e09c058ef8f9805daca546b	2	1	POLYCOMP_D4_T2_00D_FINAL_FREEZE/POLYCOMP_D4_T2_FINAL_EVIDENCE_20260726T004328Z/proof_artefacts/mutation_nibble_swap/logs/coverage-err-log.txt | POLYCOMP_D4_T2_00D_FINAL_FREEZE/POLYCOMP_D4_T2_FINAL_EVIDENCE_20260726T004328Z_R2/proof_artefacts/mutation_nibble_swap/logs/coverage-err-log.txt
experiments/polycomp-d4/T02-decompressor-refinement/final-review/repaired-final-package/POLYCOMP_D4_T2_FINAL_EVIDENCE_20260726T004328Z_R2/proof_artefacts/mutation_nibble_swap/logs/coverage.xml	825db0fc16183e6ac6bcf0b0778e014f14e7e460288e6742c90a22b719c21655	2	1	POLYCOMP_D4_T2_00D_FINAL_FREEZE/POLYCOMP_D4_T2_FINAL_EVIDENCE_20260726T004328Z/proof_artefacts/mutation_nibble_swap/logs/coverage.xml | POLYCOMP_D4_T2_00D_FINAL_FREEZE/POLYCOMP_D4_T2_FINAL_EVIDENCE_20260726T004328Z_R2/proof_artefacts/mutation_nibble_swap/logs/coverage.xml
experiments/polycomp-d4/T02-decompressor-refinement/final-review/repaired-final-package/POLYCOMP_D4_T2_FINAL_EVIDENCE_20260726T004328Z_R2/proof_artefacts/mutation_nibble_swap/logs/drop_unused_functions-log.txt	d46563b21eaaa95333a5fe04f4973d22a16c7e90df2062239f3c108d5934e0fc	2	1	POLYCOMP_D4_T2_00D_FINAL_FREEZE/POLYCOMP_D4_T2_FINAL_EVIDENCE_20260726T004328Z/proof_artefacts/mutation_nibble_swap/logs/drop_unused_functions-log.txt | POLYCOMP_D4_T2_00D_FINAL_FREEZE/POLYCOMP_D4_T2_FINAL_EVIDENCE_20260726T004328Z_R2/proof_artefacts/mutation_nibble_swap/logs/drop_unused_functions-log.txt
experiments/polycomp-d4/T02-decompressor-refinement/final-review/repaired-final-package/POLYCOMP_D4_T2_FINAL_EVIDENCE_20260726T004328Z_R2/proof_artefacts/mutation_nibble_swap/logs/link_proof_project-log.txt	01ba4719c80b6fe911b091a7c05124b64eeece964e09c058ef8f9805daca546b	2	1	POLYCOMP_D4_T2_00D_FINAL_FREEZE/POLYCOMP_D4_T2_FINAL_EVIDENCE_20260726T004328Z/proof_artefacts/mutation_nibble_swap/logs/link_proof_project-log.txt | POLYCOMP_D4_T2_00D_FINAL_FREEZE/POLYCOMP_D4_T2_FINAL_EVIDENCE_20260726T004328Z_R2/proof_artefacts/mutation_nibble_swap/logs/link_proof_project-log.txt
experiments/polycomp-d4/T02-decompressor-refinement/final-review/repaired-final-package/POLYCOMP_D4_T2_FINAL_EVIDENCE_20260726T004328Z_R2/proof_artefacts/mutation_nibble_swap/logs/linking-library-models-log.txt	01ba4719c80b6fe911b091a7c05124b64eeece964e09c058ef8f9805daca546b	2	1	POLYCOMP_D4_T2_00D_FINAL_FREEZE/POLYCOMP_D4_T2_FINAL_EVIDENCE_20260726T004328Z/proof_artefacts/mutation_nibble_swap/logs/linking-library-models-log.txt | POLYCOMP_D4_T2_00D_FINAL_FREEZE/POLYCOMP_D4_T2_FINAL_EVIDENCE_20260726T004328Z_R2/proof_artefacts/mutation_nibble_swap/logs/linking-library-models-log.txt
experiments/polycomp-d4/T02-decompressor-refinement/final-review/repaired-final-package/POLYCOMP_D4_T2_FINAL_EVIDENCE_20260726T004328Z_R2/proof_artefacts/mutation_nibble_swap/logs/nondet_static-log.txt	dcd8bbe30865ed452f2c74c5d167b239e9e2bd75264c8122b569ab3b684fdab0	2	1	POLYCOMP_D4_T2_00D_FINAL_FREEZE/POLYCOMP_D4_T2_FINAL_EVIDENCE_20260726T004328Z/proof_artefacts/mutation_nibble_swap/logs/nondet_static-log.txt | POLYCOMP_D4_T2_00D_FINAL_FREEZE/POLYCOMP_D4_T2_FINAL_EVIDENCE_20260726T004328Z_R2/proof_artefacts/mutation_nibble_swap/logs/nondet_static-log.txt
experiments/polycomp-d4/T02-decompressor-refinement/final-review/repaired-final-package/POLYCOMP_D4_T2_FINAL_EVIDENCE_20260726T004328Z_R2/proof_artefacts/mutation_nibble_swap/logs/project_sources-log.txt	01ba4719c80b6fe911b091a7c05124b64eeece964e09c058ef8f9805daca546b	2	1	POLYCOMP_D4_T2_00D_FINAL_FREEZE/POLYCOMP_D4_T2_FINAL_EVIDENCE_20260726T004328Z/proof_artefacts/mutation_nibble_swap/logs/project_sources-log.txt | POLYCOMP_D4_T2_00D_FINAL_FREEZE/POLYCOMP_D4_T2_FINAL_EVIDENCE_20260726T004328Z_R2/proof_artefacts/mutation_nibble_swap/logs/project_sources-log.txt
experiments/polycomp-d4/T02-decompressor-refinement/final-review/repaired-final-package/POLYCOMP_D4_T2_FINAL_EVIDENCE_20260726T004328Z_R2/proof_artefacts/mutation_nibble_swap/logs/proof_sources-log.txt	01ba4719c80b6fe911b091a7c05124b64eeece964e09c058ef8f9805daca546b	2	1	POLYCOMP_D4_T2_00D_FINAL_FREEZE/POLYCOMP_D4_T2_FINAL_EVIDENCE_20260726T004328Z/proof_artefacts/mutation_nibble_swap/logs/proof_sources-log.txt | POLYCOMP_D4_T2_00D_FINAL_FREEZE/POLYCOMP_D4_T2_FINAL_EVIDENCE_20260726T004328Z_R2/proof_artefacts/mutation_nibble_swap/logs/proof_sources-log.txt
experiments/polycomp-d4/T02-decompressor-refinement/final-review/repaired-final-package/POLYCOMP_D4_T2_FINAL_EVIDENCE_20260726T004328Z_R2/proof_artefacts/mutation_nibble_swap/logs/property-err-log.txt	01ba4719c80b6fe911b091a7c05124b64eeece964e09c058ef8f9805daca546b	2	1	POLYCOMP_D4_T2_00D_FINAL_FREEZE/POLYCOMP_D4_T2_FINAL_EVIDENCE_20260726T004328Z/proof_artefacts/mutation_nibble_swap/logs/property-err-log.txt | POLYCOMP_D4_T2_00D_FINAL_FREEZE/POLYCOMP_D4_T2_FINAL_EVIDENCE_20260726T004328Z_R2/proof_artefacts/mutation_nibble_swap/logs/property-err-log.txt
experiments/polycomp-d4/T02-decompressor-refinement/final-review/repaired-final-package/POLYCOMP_D4_T2_FINAL_EVIDENCE_20260726T004328Z_R2/proof_artefacts/mutation_nibble_swap/logs/property.xml	0486aa4deeb27b8aec5842c90b5b225d9d843a33f471a9e460c6f528cb35a516	2	1	POLYCOMP_D4_T2_00D_FINAL_FREEZE/POLYCOMP_D4_T2_FINAL_EVIDENCE_20260726T004328Z/proof_artefacts/mutation_nibble_swap/logs/property.xml | POLYCOMP_D4_T2_00D_FINAL_FREEZE/POLYCOMP_D4_T2_FINAL_EVIDENCE_20260726T004328Z_R2/proof_artefacts/mutation_nibble_swap/logs/property.xml
experiments/polycomp-d4/T02-decompressor-refinement/final-review/repaired-final-package/POLYCOMP_D4_T2_FINAL_EVIDENCE_20260726T004328Z_R2/proof_artefacts/mutation_nibble_swap/logs/remove_function_body-log.txt	eaa9d716c633fa803d717e5f1480becbbecab4b21673fce978cb9f878cccff29	2	1	POLYCOMP_D4_T2_00D_FINAL_FREEZE/POLYCOMP_D4_T2_FINAL_EVIDENCE_20260726T004328Z/proof_artefacts/mutation_nibble_swap/logs/remove_function_body-log.txt | POLYCOMP_D4_T2_00D_FINAL_FREEZE/POLYCOMP_D4_T2_FINAL_EVIDENCE_20260726T004328Z_R2/proof_artefacts/mutation_nibble_swap/logs/remove_function_body-log.txt
experiments/polycomp-d4/T02-decompressor-refinement/final-review/repaired-final-package/POLYCOMP_D4_T2_FINAL_EVIDENCE_20260726T004328Z_R2/proof_artefacts/mutation_nibble_swap/logs/restrict_function_pointer-log.txt	0a6644e14dca043a41ec7ef87dc426c4ba49a06053c9b84613df4c23732c33f7	2	1	POLYCOMP_D4_T2_00D_FINAL_FREEZE/POLYCOMP_D4_T2_FINAL_EVIDENCE_20260726T004328Z/proof_artefacts/mutation_nibble_swap/logs/restrict_function_pointer-log.txt | POLYCOMP_D4_T2_00D_FINAL_FREEZE/POLYCOMP_D4_T2_FINAL_EVIDENCE_20260726T004328Z_R2/proof_artefacts/mutation_nibble_swap/logs/restrict_function_pointer-log.txt
experiments/polycomp-d4/T02-decompressor-refinement/final-review/repaired-final-package/POLYCOMP_D4_T2_FINAL_EVIDENCE_20260726T004328Z_R2/proof_artefacts/mutation_nibble_swap/logs/result-err-log.txt	01ba4719c80b6fe911b091a7c05124b64eeece964e09c058ef8f9805daca546b	2	1	POLYCOMP_D4_T2_00D_FINAL_FREEZE/POLYCOMP_D4_T2_FINAL_EVIDENCE_20260726T004328Z/proof_artefacts/mutation_nibble_swap/logs/result-err-log.txt | POLYCOMP_D4_T2_00D_FINAL_FREEZE/POLYCOMP_D4_T2_FINAL_EVIDENCE_20260726T004328Z_R2/proof_artefacts/mutation_nibble_swap/logs/result-err-log.txt
experiments/polycomp-d4/T02-decompressor-refinement/final-review/repaired-final-package/POLYCOMP_D4_T2_FINAL_EVIDENCE_20260726T004328Z_R2/proof_artefacts/mutation_nibble_swap/logs/result.xml	4ea093495dd4343726f2db0359860d8d3b5df9c8864c2dc5b351a8ba8ff3c1cb	2	1	POLYCOMP_D4_T2_00D_FINAL_FREEZE/POLYCOMP_D4_T2_FINAL_EVIDENCE_20260726T004328Z/proof_artefacts/mutation_nibble_swap/logs/result.xml | POLYCOMP_D4_T2_00D_FINAL_FREEZE/POLYCOMP_D4_T2_FINAL_EVIDENCE_20260726T004328Z_R2/proof_artefacts/mutation_nibble_swap/logs/result.xml
experiments/polycomp-d4/T02-decompressor-refinement/final-review/repaired-final-package/POLYCOMP_D4_T2_FINAL_EVIDENCE_20260726T004328Z_R2/proof_artefacts/mutation_nibble_swap/logs/slice_global_inits-log.txt	66decf0db6842b0dc56d59c7b401c3f7a249ac6ed51fa5d1d95507dfde4fbe01	2	1	POLYCOMP_D4_T2_00D_FINAL_FREEZE/POLYCOMP_D4_T2_FINAL_EVIDENCE_20260726T004328Z/proof_artefacts/mutation_nibble_swap/logs/slice_global_inits-log.txt | POLYCOMP_D4_T2_00D_FINAL_FREEZE/POLYCOMP_D4_T2_FINAL_EVIDENCE_20260726T004328Z_R2/proof_artefacts/mutation_nibble_swap/logs/slice_global_inits-log.txt
experiments/polycomp-d4/T02-decompressor-refinement/final-review/repaired-final-package/POLYCOMP_D4_T2_FINAL_EVIDENCE_20260726T004328Z_R2/proof_artefacts/mutation_nibble_swap/logs/unwind_loops-log.txt	01ba4719c80b6fe911b091a7c05124b64eeece964e09c058ef8f9805daca546b	2	1	POLYCOMP_D4_T2_00D_FINAL_FREEZE/POLYCOMP_D4_T2_FINAL_EVIDENCE_20260726T004328Z/proof_artefacts/mutation_nibble_swap/logs/unwind_loops-log.txt | POLYCOMP_D4_T2_00D_FINAL_FREEZE/POLYCOMP_D4_T2_FINAL_EVIDENCE_20260726T004328Z_R2/proof_artefacts/mutation_nibble_swap/logs/unwind_loops-log.txt
experiments/polycomp-d4/T02-decompressor-refinement/final-review/repaired-final-package/POLYCOMP_D4_T2_FINAL_EVIDENCE_20260726T004328Z_R2/proof_artefacts/mutation_nibble_swap/polycomp_d4_t2_mutation_nibble_swap_harness.c	b6a3bb3d12e314c88b472ebd1ed78c87e77d3d4033324639522d04c9591fbf5e	2	1	POLYCOMP_D4_T2_00D_FINAL_FREEZE/POLYCOMP_D4_T2_FINAL_EVIDENCE_20260726T004328Z/proof_artefacts/mutation_nibble_swap/polycomp_d4_t2_mutation_nibble_swap_harness.c | POLYCOMP_D4_T2_00D_FINAL_FREEZE/POLYCOMP_D4_T2_FINAL_EVIDENCE_20260726T004328Z_R2/proof_artefacts/mutation_nibble_swap/polycomp_d4_t2_mutation_nibble_swap_harness.c
experiments/polycomp-d4/T02-decompressor-refinement/final-review/repaired-final-package/POLYCOMP_D4_T2_FINAL_EVIDENCE_20260726T004328Z_R2/proof_artefacts/mutation_rounding_minus_one/Makefile	59ab31c116134dc061980828204905f9f386ca4d4b3ead644c9807aae466901e	2	1	POLYCOMP_D4_T2_00D_FINAL_FREEZE/POLYCOMP_D4_T2_FINAL_EVIDENCE_20260726T004328Z/proof_artefacts/mutation_rounding_minus_one/Makefile | POLYCOMP_D4_T2_00D_FINAL_FREEZE/POLYCOMP_D4_T2_FINAL_EVIDENCE_20260726T004328Z_R2/proof_artefacts/mutation_rounding_minus_one/Makefile
experiments/polycomp-d4/T02-decompressor-refinement/final-review/repaired-final-package/POLYCOMP_D4_T2_FINAL_EVIDENCE_20260726T004328Z_R2/proof_artefacts/mutation_rounding_minus_one/gotos/polycomp_d4_t2_mutation_rounding_minus_one_harness.goto	41816d5d427a66c67985b795d1d910264a75494d34cfe339e1e331a1fb8fe31f	2	1	POLYCOMP_D4_T2_00D_FINAL_FREEZE/POLYCOMP_D4_T2_FINAL_EVIDENCE_20260726T004328Z/proof_artefacts/mutation_rounding_minus_one/gotos/polycomp_d4_t2_mutation_rounding_minus_one_harness.goto | POLYCOMP_D4_T2_00D_FINAL_FREEZE/POLYCOMP_D4_T2_FINAL_EVIDENCE_20260726T004328Z_R2/proof_artefacts/mutation_rounding_minus_one/gotos/polycomp_d4_t2_mutation_rounding_minus_one_harness.goto
experiments/polycomp-d4/T02-decompressor-refinement/final-review/repaired-final-package/POLYCOMP_D4_T2_FINAL_EVIDENCE_20260726T004328Z_R2/proof_artefacts/mutation_rounding_minus_one/gotos/polycomp_d4_t2_mutation_rounding_minus_one_harness0100.goto	096d9b08731e4e3e15270ac5c9b6146cf61c86dc2eaa209b0bfc25b339bae9cd	2	1	POLYCOMP_D4_T2_00D_FINAL_FREEZE/POLYCOMP_D4_T2_FINAL_EVIDENCE_20260726T004328Z/proof_artefacts/mutation_rounding_minus_one/gotos/polycomp_d4_t2_mutation_rounding_minus_one_harness0100.goto | POLYCOMP_D4_T2_00D_FINAL_FREEZE/POLYCOMP_D4_T2_FINAL_EVIDENCE_20260726T004328Z_R2/proof_artefacts/mutation_rounding_minus_one/gotos/polycomp_d4_t2_mutation_rounding_minus_one_harness0100.goto
experiments/polycomp-d4/T02-decompressor-refinement/final-review/repaired-final-package/POLYCOMP_D4_T2_FINAL_EVIDENCE_20260726T004328Z_R2/proof_artefacts/mutation_rounding_minus_one/gotos/polycomp_d4_t2_mutation_rounding_minus_one_harness0200.goto	cd695db952fa3d69114c3bbf5f53634b8767f87fb0065ea39b3e4beefb60b97a	2	1	POLYCOMP_D4_T2_00D_FINAL_FREEZE/POLYCOMP_D4_T2_FINAL_EVIDENCE_20260726T004328Z/proof_artefacts/mutation_rounding_minus_one/gotos/polycomp_d4_t2_mutation_rounding_minus_one_harness0200.goto | POLYCOMP_D4_T2_00D_FINAL_FREEZE/POLYCOMP_D4_T2_FINAL_EVIDENCE_20260726T004328Z_R2/proof_artefacts/mutation_rounding_minus_one/gotos/polycomp_d4_t2_mutation_rounding_minus_one_harness0200.goto
experiments/polycomp-d4/T02-decompressor-refinement/final-review/repaired-final-package/POLYCOMP_D4_T2_FINAL_EVIDENCE_20260726T004328Z_R2/proof_artefacts/mutation_rounding_minus_one/gotos/polycomp_d4_t2_mutation_rounding_minus_one_harness0300.goto	76aa0b202c13265f9cffc92b6f8d52138ffd27dbe4bc03640b2e48ee7e313a81	2	1	POLYCOMP_D4_T2_00D_FINAL_FREEZE/POLYCOMP_D4_T2_FINAL_EVIDENCE_20260726T004328Z/proof_artefacts/mutation_rounding_minus_one/gotos/polycomp_d4_t2_mutation_rounding_minus_one_harness0300.goto | POLYCOMP_D4_T2_00D_FINAL_FREEZE/POLYCOMP_D4_T2_FINAL_EVIDENCE_20260726T004328Z_R2/proof_artefacts/mutation_rounding_minus_one/gotos/polycomp_d4_t2_mutation_rounding_minus_one_harness0300.goto
experiments/polycomp-d4/T02-decompressor-refinement/final-review/repaired-final-package/POLYCOMP_D4_T2_FINAL_EVIDENCE_20260726T004328Z_R2/proof_artefacts/mutation_rounding_minus_one/gotos/polycomp_d4_t2_mutation_rounding_minus_one_harness0400.goto	76aa0b202c13265f9cffc92b6f8d52138ffd27dbe4bc03640b2e48ee7e313a81	2	1	POLYCOMP_D4_T2_00D_FINAL_FREEZE/POLYCOMP_D4_T2_FINAL_EVIDENCE_20260726T004328Z/proof_artefacts/mutation_rounding_minus_one/gotos/polycomp_d4_t2_mutation_rounding_minus_one_harness0400.goto | POLYCOMP_D4_T2_00D_FINAL_FREEZE/POLYCOMP_D4_T2_FINAL_EVIDENCE_20260726T004328Z_R2/proof_artefacts/mutation_rounding_minus_one/gotos/polycomp_d4_t2_mutation_rounding_minus_one_harness0400.goto
experiments/polycomp-d4/T02-decompressor-refinement/final-review/repaired-final-package/POLYCOMP_D4_T2_FINAL_EVIDENCE_20260726T004328Z_R2/proof_artefacts/mutation_rounding_minus_one/gotos/polycomp_d4_t2_mutation_rounding_minus_one_harness0500.goto	76aa0b202c13265f9cffc92b6f8d52138ffd27dbe4bc03640b2e48ee7e313a81	2	1	POLYCOMP_D4_T2_00D_FINAL_FREEZE/POLYCOMP_D4_T2_FINAL_EVIDENCE_20260726T004328Z/proof_artefacts/mutation_rounding_minus_one/gotos/polycomp_d4_t2_mutation_rounding_minus_one_harness0500.goto | POLYCOMP_D4_T2_00D_FINAL_FREEZE/POLYCOMP_D4_T2_FINAL_EVIDENCE_20260726T004328Z_R2/proof_artefacts/mutation_rounding_minus_one/gotos/polycomp_d4_t2_mutation_rounding_minus_one_harness0500.goto
experiments/polycomp-d4/T02-decompressor-refinement/final-review/repaired-final-package/POLYCOMP_D4_T2_FINAL_EVIDENCE_20260726T004328Z_R2/proof_artefacts/mutation_rounding_minus_one/gotos/polycomp_d4_t2_mutation_rounding_minus_one_harness0600.goto	b1cc856f4f04c8155ae856af31ac43ab91aae9bbdcb74b74a07ad569514084b7	2	1	POLYCOMP_D4_T2_00D_FINAL_FREEZE/POLYCOMP_D4_T2_FINAL_EVIDENCE_20260726T004328Z/proof_artefacts/mutation_rounding_minus_one/gotos/polycomp_d4_t2_mutation_rounding_minus_one_harness0600.goto | POLYCOMP_D4_T2_00D_FINAL_FREEZE/POLYCOMP_D4_T2_FINAL_EVIDENCE_20260726T004328Z_R2/proof_artefacts/mutation_rounding_minus_one/gotos/polycomp_d4_t2_mutation_rounding_minus_one_harness0600.goto
experiments/polycomp-d4/T02-decompressor-refinement/final-review/repaired-final-package/POLYCOMP_D4_T2_FINAL_EVIDENCE_20260726T004328Z_R2/proof_artefacts/mutation_rounding_minus_one/gotos/polycomp_d4_t2_mutation_rounding_minus_one_harness0700.goto	d0bd07589a007ba75af7610de8aceebeb0956a557220d887d01a67ab7fc87ee9	2	1	POLYCOMP_D4_T2_00D_FINAL_FREEZE/POLYCOMP_D4_T2_FINAL_EVIDENCE_20260726T004328Z/proof_artefacts/mutation_rounding_minus_one/gotos/polycomp_d4_t2_mutation_rounding_minus_one_harness0700.goto | POLYCOMP_D4_T2_00D_FINAL_FREEZE/POLYCOMP_D4_T2_FINAL_EVIDENCE_20260726T004328Z_R2/proof_artefacts/mutation_rounding_minus_one/gotos/polycomp_d4_t2_mutation_rounding_minus_one_harness0700.goto
experiments/polycomp-d4/T02-decompressor-refinement/final-review/repaired-final-package/POLYCOMP_D4_T2_FINAL_EVIDENCE_20260726T004328Z_R2/proof_artefacts/mutation_rounding_minus_one/gotos/polycomp_d4_t2_mutation_rounding_minus_one_harness0800.goto	41816d5d427a66c67985b795d1d910264a75494d34cfe339e1e331a1fb8fe31f	2	1	POLYCOMP_D4_T2_00D_FINAL_FREEZE/POLYCOMP_D4_T2_FINAL_EVIDENCE_20260726T004328Z/proof_artefacts/mutation_rounding_minus_one/gotos/polycomp_d4_t2_mutation_rounding_minus_one_harness0800.goto | POLYCOMP_D4_T2_00D_FINAL_FREEZE/POLYCOMP_D4_T2_FINAL_EVIDENCE_20260726T004328Z_R2/proof_artefacts/mutation_rounding_minus_one/gotos/polycomp_d4_t2_mutation_rounding_minus_one_harness0800.goto
experiments/polycomp-d4/T02-decompressor-refinement/final-review/repaired-final-package/POLYCOMP_D4_T2_FINAL_EVIDENCE_20260726T004328Z_R2/proof_artefacts/mutation_rounding_minus_one/gotos/project0100.goto	2dc8658671befdc6011cccd13fbb8be1a9f179acd211ccbf6a99ad65150f4b7e	2	1	POLYCOMP_D4_T2_00D_FINAL_FREEZE/POLYCOMP_D4_T2_FINAL_EVIDENCE_20260726T004328Z/proof_artefacts/mutation_rounding_minus_one/gotos/project0100.goto | POLYCOMP_D4_T2_00D_FINAL_FREEZE/POLYCOMP_D4_T2_FINAL_EVIDENCE_20260726T004328Z_R2/proof_artefacts/mutation_rounding_minus_one/gotos/project0100.goto
experiments/polycomp-d4/T02-decompressor-refinement/final-review/repaired-final-package/POLYCOMP_D4_T2_FINAL_EVIDENCE_20260726T004328Z_R2/proof_artefacts/mutation_rounding_minus_one/gotos/project0200.goto	246ce21465fe8a71ebe6350f287dc26190385080332df245c83a78d0e0593ab5	2	1	POLYCOMP_D4_T2_00D_FINAL_FREEZE/POLYCOMP_D4_T2_FINAL_EVIDENCE_20260726T004328Z/proof_artefacts/mutation_rounding_minus_one/gotos/project0200.goto | POLYCOMP_D4_T2_00D_FINAL_FREEZE/POLYCOMP_D4_T2_FINAL_EVIDENCE_20260726T004328Z_R2/proof_artefacts/mutation_rounding_minus_one/gotos/project0200.goto
experiments/polycomp-d4/T02-decompressor-refinement/final-review/repaired-final-package/POLYCOMP_D4_T2_FINAL_EVIDENCE_20260726T004328Z_R2/proof_artefacts/mutation_rounding_minus_one/gotos/proof0100.goto	3fa37fba279655f83c22f89796b7955ca2bc89336ab676db2ef7dbb9066d8992	2	1	POLYCOMP_D4_T2_00D_FINAL_FREEZE/POLYCOMP_D4_T2_FINAL_EVIDENCE_20260726T004328Z/proof_artefacts/mutation_rounding_minus_one/gotos/proof0100.goto | POLYCOMP_D4_T2_00D_FINAL_FREEZE/POLYCOMP_D4_T2_FINAL_EVIDENCE_20260726T004328Z_R2/proof_artefacts/mutation_rounding_minus_one/gotos/proof0100.goto
experiments/polycomp-d4/T02-decompressor-refinement/final-review/repaired-final-package/POLYCOMP_D4_T2_FINAL_EVIDENCE_20260726T004328Z_R2/proof_artefacts/mutation_rounding_minus_one/logs/check_function_contracts-log.txt	088978742c340f95f32aff0fab1e8fc82453b71b1745551115a2927316087b4a	2	1	POLYCOMP_D4_T2_00D_FINAL_FREEZE/POLYCOMP_D4_T2_FINAL_EVIDENCE_20260726T004328Z/proof_artefacts/mutation_rounding_minus_one/logs/check_function_contracts-log.txt | POLYCOMP_D4_T2_00D_FINAL_FREEZE/POLYCOMP_D4_T2_FINAL_EVIDENCE_20260726T004328Z_R2/proof_artefacts/mutation_rounding_minus_one/logs/check_function_contracts-log.txt
experiments/polycomp-d4/T02-decompressor-refinement/final-review/repaired-final-package/POLYCOMP_D4_T2_FINAL_EVIDENCE_20260726T004328Z_R2/proof_artefacts/mutation_rounding_minus_one/logs/coverage-err-log.txt	01ba4719c80b6fe911b091a7c05124b64eeece964e09c058ef8f9805daca546b	2	1	POLYCOMP_D4_T2_00D_FINAL_FREEZE/POLYCOMP_D4_T2_FINAL_EVIDENCE_20260726T004328Z/proof_artefacts/mutation_rounding_minus_one/logs/coverage-err-log.txt | POLYCOMP_D4_T2_00D_FINAL_FREEZE/POLYCOMP_D4_T2_FINAL_EVIDENCE_20260726T004328Z_R2/proof_artefacts/mutation_rounding_minus_one/logs/coverage-err-log.txt
experiments/polycomp-d4/T02-decompressor-refinement/final-review/repaired-final-package/POLYCOMP_D4_T2_FINAL_EVIDENCE_20260726T004328Z_R2/proof_artefacts/mutation_rounding_minus_one/logs/coverage.xml	264c962a93a34ee644912be9f233bd578896284309026be2bcbafa7a8d6db849	2	1	POLYCOMP_D4_T2_00D_FINAL_FREEZE/POLYCOMP_D4_T2_FINAL_EVIDENCE_20260726T004328Z/proof_artefacts/mutation_rounding_minus_one/logs/coverage.xml | POLYCOMP_D4_T2_00D_FINAL_FREEZE/POLYCOMP_D4_T2_FINAL_EVIDENCE_20260726T004328Z_R2/proof_artefacts/mutation_rounding_minus_one/logs/coverage.xml
experiments/polycomp-d4/T02-decompressor-refinement/final-review/repaired-final-package/POLYCOMP_D4_T2_FINAL_EVIDENCE_20260726T004328Z_R2/proof_artefacts/mutation_rounding_minus_one/logs/drop_unused_functions-log.txt	2661a58f6ab2b06e920e6a7329c2eeb6fad0a9e686f991f6b9cf32088269a6dd	2	1	POLYCOMP_D4_T2_00D_FINAL_FREEZE/POLYCOMP_D4_T2_FINAL_EVIDENCE_20260726T004328Z/proof_artefacts/mutation_rounding_minus_one/logs/drop_unused_functions-log.txt | POLYCOMP_D4_T2_00D_FINAL_FREEZE/POLYCOMP_D4_T2_FINAL_EVIDENCE_20260726T004328Z_R2/proof_artefacts/mutation_rounding_minus_one/logs/drop_unused_functions-log.txt
experiments/polycomp-d4/T02-decompressor-refinement/final-review/repaired-final-package/POLYCOMP_D4_T2_FINAL_EVIDENCE_20260726T004328Z_R2/proof_artefacts/mutation_rounding_minus_one/logs/link_proof_project-log.txt	01ba4719c80b6fe911b091a7c05124b64eeece964e09c058ef8f9805daca546b	2	1	POLYCOMP_D4_T2_00D_FINAL_FREEZE/POLYCOMP_D4_T2_FINAL_EVIDENCE_20260726T004328Z/proof_artefacts/mutation_rounding_minus_one/logs/link_proof_project-log.txt | POLYCOMP_D4_T2_00D_FINAL_FREEZE/POLYCOMP_D4_T2_FINAL_EVIDENCE_20260726T004328Z_R2/proof_artefacts/mutation_rounding_minus_one/logs/link_proof_project-log.txt
experiments/polycomp-d4/T02-decompressor-refinement/final-review/repaired-final-package/POLYCOMP_D4_T2_FINAL_EVIDENCE_20260726T004328Z_R2/proof_artefacts/mutation_rounding_minus_one/logs/linking-library-models-log.txt	01ba4719c80b6fe911b091a7c05124b64eeece964e09c058ef8f9805daca546b	2	1	POLYCOMP_D4_T2_00D_FINAL_FREEZE/POLYCOMP_D4_T2_FINAL_EVIDENCE_20260726T004328Z/proof_artefacts/mutation_rounding_minus_one/logs/linking-library-models-log.txt | POLYCOMP_D4_T2_00D_FINAL_FREEZE/POLYCOMP_D4_T2_FINAL_EVIDENCE_20260726T004328Z_R2/proof_artefacts/mutation_rounding_minus_one/logs/linking-library-models-log.txt
experiments/polycomp-d4/T02-decompressor-refinement/final-review/repaired-final-package/POLYCOMP_D4_T2_FINAL_EVIDENCE_20260726T004328Z_R2/proof_artefacts/mutation_rounding_minus_one/logs/nondet_static-log.txt	1889386ff70d3f11ebf802dbada863b9274b044811e1a2823b85fdd6e2e836d6	2	1	POLYCOMP_D4_T2_00D_FINAL_FREEZE/POLYCOMP_D4_T2_FINAL_EVIDENCE_20260726T004328Z/proof_artefacts/mutation_rounding_minus_one/logs/nondet_static-log.txt | POLYCOMP_D4_T2_00D_FINAL_FREEZE/POLYCOMP_D4_T2_FINAL_EVIDENCE_20260726T004328Z_R2/proof_artefacts/mutation_rounding_minus_one/logs/nondet_static-log.txt
experiments/polycomp-d4/T02-decompressor-refinement/final-review/repaired-final-package/POLYCOMP_D4_T2_FINAL_EVIDENCE_20260726T004328Z_R2/proof_artefacts/mutation_rounding_minus_one/logs/project_sources-log.txt	01ba4719c80b6fe911b091a7c05124b64eeece964e09c058ef8f9805daca546b	2	1	POLYCOMP_D4_T2_00D_FINAL_FREEZE/POLYCOMP_D4_T2_FINAL_EVIDENCE_20260726T004328Z/proof_artefacts/mutation_rounding_minus_one/logs/project_sources-log.txt | POLYCOMP_D4_T2_00D_FINAL_FREEZE/POLYCOMP_D4_T2_FINAL_EVIDENCE_20260726T004328Z_R2/proof_artefacts/mutation_rounding_minus_one/logs/project_sources-log.txt
experiments/polycomp-d4/T02-decompressor-refinement/final-review/repaired-final-package/POLYCOMP_D4_T2_FINAL_EVIDENCE_20260726T004328Z_R2/proof_artefacts/mutation_rounding_minus_one/logs/proof_sources-log.txt	01ba4719c80b6fe911b091a7c05124b64eeece964e09c058ef8f9805daca546b	2	1	POLYCOMP_D4_T2_00D_FINAL_FREEZE/POLYCOMP_D4_T2_FINAL_EVIDENCE_20260726T004328Z/proof_artefacts/mutation_rounding_minus_one/logs/proof_sources-log.txt | POLYCOMP_D4_T2_00D_FINAL_FREEZE/POLYCOMP_D4_T2_FINAL_EVIDENCE_20260726T004328Z_R2/proof_artefacts/mutation_rounding_minus_one/logs/proof_sources-log.txt
experiments/polycomp-d4/T02-decompressor-refinement/final-review/repaired-final-package/POLYCOMP_D4_T2_FINAL_EVIDENCE_20260726T004328Z_R2/proof_artefacts/mutation_rounding_minus_one/logs/property-err-log.txt	01ba4719c80b6fe911b091a7c05124b64eeece964e09c058ef8f9805daca546b	2	1	POLYCOMP_D4_T2_00D_FINAL_FREEZE/POLYCOMP_D4_T2_FINAL_EVIDENCE_20260726T004328Z/proof_artefacts/mutation_rounding_minus_one/logs/property-err-log.txt | POLYCOMP_D4_T2_00D_FINAL_FREEZE/POLYCOMP_D4_T2_FINAL_EVIDENCE_20260726T004328Z_R2/proof_artefacts/mutation_rounding_minus_one/logs/property-err-log.txt
experiments/polycomp-d4/T02-decompressor-refinement/final-review/repaired-final-package/POLYCOMP_D4_T2_FINAL_EVIDENCE_20260726T004328Z_R2/proof_artefacts/mutation_rounding_minus_one/logs/property.xml	2109f7947212b820a51ea2cc2c037398e4b74ce073287d1de401b147cf9ee945	2	1	POLYCOMP_D4_T2_00D_FINAL_FREEZE/POLYCOMP_D4_T2_FINAL_EVIDENCE_20260726T004328Z/proof_artefacts/mutation_rounding_minus_one/logs/property.xml | POLYCOMP_D4_T2_00D_FINAL_FREEZE/POLYCOMP_D4_T2_FINAL_EVIDENCE_20260726T004328Z_R2/proof_artefacts/mutation_rounding_minus_one/logs/property.xml
experiments/polycomp-d4/T02-decompressor-refinement/final-review/repaired-final-package/POLYCOMP_D4_T2_FINAL_EVIDENCE_20260726T004328Z_R2/proof_artefacts/mutation_rounding_minus_one/logs/remove_function_body-log.txt	33ed29db1b598dacedfd8f797a14b1c038ceddedfca0bf60801b30f8fc892b8d	2	1	POLYCOMP_D4_T2_00D_FINAL_FREEZE/POLYCOMP_D4_T2_FINAL_EVIDENCE_20260726T004328Z/proof_artefacts/mutation_rounding_minus_one/logs/remove_function_body-log.txt | POLYCOMP_D4_T2_00D_FINAL_FREEZE/POLYCOMP_D4_T2_FINAL_EVIDENCE_20260726T004328Z_R2/proof_artefacts/mutation_rounding_minus_one/logs/remove_function_body-log.txt
experiments/polycomp-d4/T02-decompressor-refinement/final-review/repaired-final-package/POLYCOMP_D4_T2_FINAL_EVIDENCE_20260726T004328Z_R2/proof_artefacts/mutation_rounding_minus_one/logs/restrict_function_pointer-log.txt	1b86b21235304221e8fafabb125d22cd2859dfd401405cc88f5b93c98fdb5cac	2	1	POLYCOMP_D4_T2_00D_FINAL_FREEZE/POLYCOMP_D4_T2_FINAL_EVIDENCE_20260726T004328Z/proof_artefacts/mutation_rounding_minus_one/logs/restrict_function_pointer-log.txt | POLYCOMP_D4_T2_00D_FINAL_FREEZE/POLYCOMP_D4_T2_FINAL_EVIDENCE_20260726T004328Z_R2/proof_artefacts/mutation_rounding_minus_one/logs/restrict_function_pointer-log.txt
experiments/polycomp-d4/T02-decompressor-refinement/final-review/repaired-final-package/POLYCOMP_D4_T2_FINAL_EVIDENCE_20260726T004328Z_R2/proof_artefacts/mutation_rounding_minus_one/logs/result-err-log.txt	01ba4719c80b6fe911b091a7c05124b64eeece964e09c058ef8f9805daca546b	2	1	POLYCOMP_D4_T2_00D_FINAL_FREEZE/POLYCOMP_D4_T2_FINAL_EVIDENCE_20260726T004328Z/proof_artefacts/mutation_rounding_minus_one/logs/result-err-log.txt | POLYCOMP_D4_T2_00D_FINAL_FREEZE/POLYCOMP_D4_T2_FINAL_EVIDENCE_20260726T004328Z_R2/proof_artefacts/mutation_rounding_minus_one/logs/result-err-log.txt
experiments/polycomp-d4/T02-decompressor-refinement/final-review/repaired-final-package/POLYCOMP_D4_T2_FINAL_EVIDENCE_20260726T004328Z_R2/proof_artefacts/mutation_rounding_minus_one/logs/result.xml	a10529fd6dfe6221aa7513a1554b347f33b96a9b361d62cfb847569489d5ef91	2	1	POLYCOMP_D4_T2_00D_FINAL_FREEZE/POLYCOMP_D4_T2_FINAL_EVIDENCE_20260726T004328Z/proof_artefacts/mutation_rounding_minus_one/logs/result.xml | POLYCOMP_D4_T2_00D_FINAL_FREEZE/POLYCOMP_D4_T2_FINAL_EVIDENCE_20260726T004328Z_R2/proof_artefacts/mutation_rounding_minus_one/logs/result.xml
experiments/polycomp-d4/T02-decompressor-refinement/final-review/repaired-final-package/POLYCOMP_D4_T2_FINAL_EVIDENCE_20260726T004328Z_R2/proof_artefacts/mutation_rounding_minus_one/logs/slice_global_inits-log.txt	d0d8604a46e9ea32e863c25d00ac4fcdf8b7a488744ea0deef16a690c4da6b44	2	1	POLYCOMP_D4_T2_00D_FINAL_FREEZE/POLYCOMP_D4_T2_FINAL_EVIDENCE_20260726T004328Z/proof_artefacts/mutation_rounding_minus_one/logs/slice_global_inits-log.txt | POLYCOMP_D4_T2_00D_FINAL_FREEZE/POLYCOMP_D4_T2_FINAL_EVIDENCE_20260726T004328Z_R2/proof_artefacts/mutation_rounding_minus_one/logs/slice_global_inits-log.txt
experiments/polycomp-d4/T02-decompressor-refinement/final-review/repaired-final-package/POLYCOMP_D4_T2_FINAL_EVIDENCE_20260726T004328Z_R2/proof_artefacts/mutation_rounding_minus_one/logs/unwind_loops-log.txt	01ba4719c80b6fe911b091a7c05124b64eeece964e09c058ef8f9805daca546b	2	1	POLYCOMP_D4_T2_00D_FINAL_FREEZE/POLYCOMP_D4_T2_FINAL_EVIDENCE_20260726T004328Z/proof_artefacts/mutation_rounding_minus_one/logs/unwind_loops-log.txt | POLYCOMP_D4_T2_00D_FINAL_FREEZE/POLYCOMP_D4_T2_FINAL_EVIDENCE_20260726T004328Z_R2/proof_artefacts/mutation_rounding_minus_one/logs/unwind_loops-log.txt
experiments/polycomp-d4/T02-decompressor-refinement/final-review/repaired-final-package/POLYCOMP_D4_T2_FINAL_EVIDENCE_20260726T004328Z_R2/proof_artefacts/mutation_rounding_minus_one/polycomp_d4_t2_mutation_rounding_minus_one_harness.c	88fab1b8a10cee4a01713424cd71f7cc1c77e3d065d89543c040af386691b976	2	1	POLYCOMP_D4_T2_00D_FINAL_FREEZE/POLYCOMP_D4_T2_FINAL_EVIDENCE_20260726T004328Z/proof_artefacts/mutation_rounding_minus_one/polycomp_d4_t2_mutation_rounding_minus_one_harness.c | POLYCOMP_D4_T2_00D_FINAL_FREEZE/POLYCOMP_D4_T2_FINAL_EVIDENCE_20260726T004328Z_R2/proof_artefacts/mutation_rounding_minus_one/polycomp_d4_t2_mutation_rounding_minus_one_harness.c
experiments/polycomp-d4/T02-decompressor-refinement/final-review/repaired-final-package/POLYCOMP_D4_T2_FINAL_EVIDENCE_20260726T004328Z_R2/proof_artefacts/positive_decompressor_refinement/Makefile	bbf7ec804a2ad5520a61a1d633109ce0c2150ab3d3d6f07fd7580fe3281a2332	2	1	POLYCOMP_D4_T2_00D_FINAL_FREEZE/POLYCOMP_D4_T2_FINAL_EVIDENCE_20260726T004328Z/proof_artefacts/positive_decompressor_refinement/Makefile | POLYCOMP_D4_T2_00D_FINAL_FREEZE/POLYCOMP_D4_T2_FINAL_EVIDENCE_20260726T004328Z_R2/proof_artefacts/positive_decompressor_refinement/Makefile
experiments/polycomp-d4/T02-decompressor-refinement/final-review/repaired-final-package/POLYCOMP_D4_T2_FINAL_EVIDENCE_20260726T004328Z_R2/proof_artefacts/positive_decompressor_refinement/gotos/polycomp_d4_t2_decompress_refinement_harness.goto	7a091cfe8f06136809b195ff928f5b22c34b1dd0be6e7a93fdb4c8e5c6a2991b	2	1	POLYCOMP_D4_T2_00D_FINAL_FREEZE/POLYCOMP_D4_T2_FINAL_EVIDENCE_20260726T004328Z/proof_artefacts/positive_decompressor_refinement/gotos/polycomp_d4_t2_decompress_refinement_harness.goto | POLYCOMP_D4_T2_00D_FINAL_FREEZE/POLYCOMP_D4_T2_FINAL_EVIDENCE_20260726T004328Z_R2/proof_artefacts/positive_decompressor_refinement/gotos/polycomp_d4_t2_decompress_refinement_harness.goto
experiments/polycomp-d4/T02-decompressor-refinement/final-review/repaired-final-package/POLYCOMP_D4_T2_FINAL_EVIDENCE_20260726T004328Z_R2/proof_artefacts/positive_decompressor_refinement/gotos/polycomp_d4_t2_decompress_refinement_harness0100.goto	475043acebcce06bb368c0a27af90130a61a531786dea58823805a34d5d3d1ea	2	1	POLYCOMP_D4_T2_00D_FINAL_FREEZE/POLYCOMP_D4_T2_FINAL_EVIDENCE_20260726T004328Z/proof_artefacts/positive_decompressor_refinement/gotos/polycomp_d4_t2_decompress_refinement_harness0100.goto | POLYCOMP_D4_T2_00D_FINAL_FREEZE/POLYCOMP_D4_T2_FINAL_EVIDENCE_20260726T004328Z_R2/proof_artefacts/positive_decompressor_refinement/gotos/polycomp_d4_t2_decompress_refinement_harness0100.goto
experiments/polycomp-d4/T02-decompressor-refinement/final-review/repaired-final-package/POLYCOMP_D4_T2_FINAL_EVIDENCE_20260726T004328Z_R2/proof_artefacts/positive_decompressor_refinement/gotos/polycomp_d4_t2_decompress_refinement_harness0200.goto	316aebb948cfdee45792c85e6764ae50b9c71b178a688cb456e1451b75b1b5cb	2	1	POLYCOMP_D4_T2_00D_FINAL_FREEZE/POLYCOMP_D4_T2_FINAL_EVIDENCE_20260726T004328Z/proof_artefacts/positive_decompressor_refinement/gotos/polycomp_d4_t2_decompress_refinement_harness0200.goto | POLYCOMP_D4_T2_00D_FINAL_FREEZE/POLYCOMP_D4_T2_FINAL_EVIDENCE_20260726T004328Z_R2/proof_artefacts/positive_decompressor_refinement/gotos/polycomp_d4_t2_decompress_refinement_harness0200.goto
experiments/polycomp-d4/T02-decompressor-refinement/final-review/repaired-final-package/POLYCOMP_D4_T2_FINAL_EVIDENCE_20260726T004328Z_R2/proof_artefacts/positive_decompressor_refinement/gotos/polycomp_d4_t2_decompress_refinement_harness0300.goto	9acd0f4fb28753cbe47fc3c5b08bc6a0d7dac5c89b96e134f6f411a7d82d1b77	2	1	POLYCOMP_D4_T2_00D_FINAL_FREEZE/POLYCOMP_D4_T2_FINAL_EVIDENCE_20260726T004328Z/proof_artefacts/positive_decompressor_refinement/gotos/polycomp_d4_t2_decompress_refinement_harness0300.goto | POLYCOMP_D4_T2_00D_FINAL_FREEZE/POLYCOMP_D4_T2_FINAL_EVIDENCE_20260726T004328Z_R2/proof_artefacts/positive_decompressor_refinement/gotos/polycomp_d4_t2_decompress_refinement_harness0300.goto
experiments/polycomp-d4/T02-decompressor-refinement/final-review/repaired-final-package/POLYCOMP_D4_T2_FINAL_EVIDENCE_20260726T004328Z_R2/proof_artefacts/positive_decompressor_refinement/gotos/polycomp_d4_t2_decompress_refinement_harness0400.goto	9acd0f4fb28753cbe47fc3c5b08bc6a0d7dac5c89b96e134f6f411a7d82d1b77	2	1	POLYCOMP_D4_T2_00D_FINAL_FREEZE/POLYCOMP_D4_T2_FINAL_EVIDENCE_20260726T004328Z/proof_artefacts/positive_decompressor_refinement/gotos/polycomp_d4_t2_decompress_refinement_harness0400.goto | POLYCOMP_D4_T2_00D_FINAL_FREEZE/POLYCOMP_D4_T2_FINAL_EVIDENCE_20260726T004328Z_R2/proof_artefacts/positive_decompressor_refinement/gotos/polycomp_d4_t2_decompress_refinement_harness0400.goto
experiments/polycomp-d4/T02-decompressor-refinement/final-review/repaired-final-package/POLYCOMP_D4_T2_FINAL_EVIDENCE_20260726T004328Z_R2/proof_artefacts/positive_decompressor_refinement/gotos/polycomp_d4_t2_decompress_refinement_harness0500.goto	9acd0f4fb28753cbe47fc3c5b08bc6a0d7dac5c89b96e134f6f411a7d82d1b77	2	1	POLYCOMP_D4_T2_00D_FINAL_FREEZE/POLYCOMP_D4_T2_FINAL_EVIDENCE_20260726T004328Z/proof_artefacts/positive_decompressor_refinement/gotos/polycomp_d4_t2_decompress_refinement_harness0500.goto | POLYCOMP_D4_T2_00D_FINAL_FREEZE/POLYCOMP_D4_T2_FINAL_EVIDENCE_20260726T004328Z_R2/proof_artefacts/positive_decompressor_refinement/gotos/polycomp_d4_t2_decompress_refinement_harness0500.goto
experiments/polycomp-d4/T02-decompressor-refinement/final-review/repaired-final-package/POLYCOMP_D4_T2_FINAL_EVIDENCE_20260726T004328Z_R2/proof_artefacts/positive_decompressor_refinement/gotos/polycomp_d4_t2_decompress_refinement_harness0600.goto	8947130a98f4a828fc65645058030ae4feb88f59c3f2e7208ba7f7306c0a3a94	2	1	POLYCOMP_D4_T2_00D_FINAL_FREEZE/POLYCOMP_D4_T2_FINAL_EVIDENCE_20260726T004328Z/proof_artefacts/positive_decompressor_refinement/gotos/polycomp_d4_t2_decompress_refinement_harness0600.goto | POLYCOMP_D4_T2_00D_FINAL_FREEZE/POLYCOMP_D4_T2_FINAL_EVIDENCE_20260726T004328Z_R2/proof_artefacts/positive_decompressor_refinement/gotos/polycomp_d4_t2_decompress_refinement_harness0600.goto
experiments/polycomp-d4/T02-decompressor-refinement/final-review/repaired-final-package/POLYCOMP_D4_T2_FINAL_EVIDENCE_20260726T004328Z_R2/proof_artefacts/positive_decompressor_refinement/gotos/polycomp_d4_t2_decompress_refinement_harness0700.goto	3f2175923aaf90da6dc14d113a4d4135e49fb03e378cfeb35ea694d9ac22c4ce	2	1	POLYCOMP_D4_T2_00D_FINAL_FREEZE/POLYCOMP_D4_T2_FINAL_EVIDENCE_20260726T004328Z/proof_artefacts/positive_decompressor_refinement/gotos/polycomp_d4_t2_decompress_refinement_harness0700.goto | POLYCOMP_D4_T2_00D_FINAL_FREEZE/POLYCOMP_D4_T2_FINAL_EVIDENCE_20260726T004328Z_R2/proof_artefacts/positive_decompressor_refinement/gotos/polycomp_d4_t2_decompress_refinement_harness0700.goto
experiments/polycomp-d4/T02-decompressor-refinement/final-review/repaired-final-package/POLYCOMP_D4_T2_FINAL_EVIDENCE_20260726T004328Z_R2/proof_artefacts/positive_decompressor_refinement/gotos/polycomp_d4_t2_decompress_refinement_harness0800.goto	7a091cfe8f06136809b195ff928f5b22c34b1dd0be6e7a93fdb4c8e5c6a2991b	2	1	POLYCOMP_D4_T2_00D_FINAL_FREEZE/POLYCOMP_D4_T2_FINAL_EVIDENCE_20260726T004328Z/proof_artefacts/positive_decompressor_refinement/gotos/polycomp_d4_t2_decompress_refinement_harness0800.goto | POLYCOMP_D4_T2_00D_FINAL_FREEZE/POLYCOMP_D4_T2_FINAL_EVIDENCE_20260726T004328Z_R2/proof_artefacts/positive_decompressor_refinement/gotos/polycomp_d4_t2_decompress_refinement_harness0800.goto
experiments/polycomp-d4/T02-decompressor-refinement/final-review/repaired-final-package/POLYCOMP_D4_T2_FINAL_EVIDENCE_20260726T004328Z_R2/proof_artefacts/positive_decompressor_refinement/gotos/project0100.goto	2dc8658671befdc6011cccd13fbb8be1a9f179acd211ccbf6a99ad65150f4b7e	2	1	POLYCOMP_D4_T2_00D_FINAL_FREEZE/POLYCOMP_D4_T2_FINAL_EVIDENCE_20260726T004328Z/proof_artefacts/positive_decompressor_refinement/gotos/project0100.goto | POLYCOMP_D4_T2_00D_FINAL_FREEZE/POLYCOMP_D4_T2_FINAL_EVIDENCE_20260726T004328Z_R2/proof_artefacts/positive_decompressor_refinement/gotos/project0100.goto
experiments/polycomp-d4/T02-decompressor-refinement/final-review/repaired-final-package/POLYCOMP_D4_T2_FINAL_EVIDENCE_20260726T004328Z_R2/proof_artefacts/positive_decompressor_refinement/gotos/project0200.goto	246ce21465fe8a71ebe6350f287dc26190385080332df245c83a78d0e0593ab5	2	1	POLYCOMP_D4_T2_00D_FINAL_FREEZE/POLYCOMP_D4_T2_FINAL_EVIDENCE_20260726T004328Z/proof_artefacts/positive_decompressor_refinement/gotos/project0200.goto | POLYCOMP_D4_T2_00D_FINAL_FREEZE/POLYCOMP_D4_T2_FINAL_EVIDENCE_20260726T004328Z_R2/proof_artefacts/positive_decompressor_refinement/gotos/project0200.goto
experiments/polycomp-d4/T02-decompressor-refinement/final-review/repaired-final-package/POLYCOMP_D4_T2_FINAL_EVIDENCE_20260726T004328Z_R2/proof_artefacts/positive_decompressor_refinement/gotos/proof0100.goto	7f985a104564fff7bc462813fbf3b8ba0589241547c715bb8cae0562633bda76	2	1	POLYCOMP_D4_T2_00D_FINAL_FREEZE/POLYCOMP_D4_T2_FINAL_EVIDENCE_20260726T004328Z/proof_artefacts/positive_decompressor_refinement/gotos/proof0100.goto | POLYCOMP_D4_T2_00D_FINAL_FREEZE/POLYCOMP_D4_T2_FINAL_EVIDENCE_20260726T004328Z_R2/proof_artefacts/positive_decompressor_refinement/gotos/proof0100.goto
experiments/polycomp-d4/T02-decompressor-refinement/final-review/repaired-final-package/POLYCOMP_D4_T2_FINAL_EVIDENCE_20260726T004328Z_R2/proof_artefacts/positive_decompressor_refinement/logs/check_function_contracts-log.txt	764589ee683e6cc12150db148b98f45289b5859b1c62ecaa314fa5d0ee69a86c	2	1	POLYCOMP_D4_T2_00D_FINAL_FREEZE/POLYCOMP_D4_T2_FINAL_EVIDENCE_20260726T004328Z/proof_artefacts/positive_decompressor_refinement/logs/check_function_contracts-log.txt | POLYCOMP_D4_T2_00D_FINAL_FREEZE/POLYCOMP_D4_T2_FINAL_EVIDENCE_20260726T004328Z_R2/proof_artefacts/positive_decompressor_refinement/logs/check_function_contracts-log.txt
experiments/polycomp-d4/T02-decompressor-refinement/final-review/repaired-final-package/POLYCOMP_D4_T2_FINAL_EVIDENCE_20260726T004328Z_R2/proof_artefacts/positive_decompressor_refinement/logs/coverage-err-log.txt	01ba4719c80b6fe911b091a7c05124b64eeece964e09c058ef8f9805daca546b	2	1	POLYCOMP_D4_T2_00D_FINAL_FREEZE/POLYCOMP_D4_T2_FINAL_EVIDENCE_20260726T004328Z/proof_artefacts/positive_decompressor_refinement/logs/coverage-err-log.txt | POLYCOMP_D4_T2_00D_FINAL_FREEZE/POLYCOMP_D4_T2_FINAL_EVIDENCE_20260726T004328Z_R2/proof_artefacts/positive_decompressor_refinement/logs/coverage-err-log.txt
experiments/polycomp-d4/T02-decompressor-refinement/final-review/repaired-final-package/POLYCOMP_D4_T2_FINAL_EVIDENCE_20260726T004328Z_R2/proof_artefacts/positive_decompressor_refinement/logs/coverage.xml	45625b6f9b41930ece0acd8b8b3f63d658fb48cf39808d07508728196754d164	2	1	POLYCOMP_D4_T2_00D_FINAL_FREEZE/POLYCOMP_D4_T2_FINAL_EVIDENCE_20260726T004328Z/proof_artefacts/positive_decompressor_refinement/logs/coverage.xml | POLYCOMP_D4_T2_00D_FINAL_FREEZE/POLYCOMP_D4_T2_FINAL_EVIDENCE_20260726T004328Z_R2/proof_artefacts/positive_decompressor_refinement/logs/coverage.xml
experiments/polycomp-d4/T02-decompressor-refinement/final-review/repaired-final-package/POLYCOMP_D4_T2_FINAL_EVIDENCE_20260726T004328Z_R2/proof_artefacts/positive_decompressor_refinement/logs/drop_unused_functions-log.txt	23469d63ee5a3ba019448c9955981e0163331822add74c09e2a46f40d9846425	2	1	POLYCOMP_D4_T2_00D_FINAL_FREEZE/POLYCOMP_D4_T2_FINAL_EVIDENCE_20260726T004328Z/proof_artefacts/positive_decompressor_refinement/logs/drop_unused_functions-log.txt | POLYCOMP_D4_T2_00D_FINAL_FREEZE/POLYCOMP_D4_T2_FINAL_EVIDENCE_20260726T004328Z_R2/proof_artefacts/positive_decompressor_refinement/logs/drop_unused_functions-log.txt
experiments/polycomp-d4/T02-decompressor-refinement/final-review/repaired-final-package/POLYCOMP_D4_T2_FINAL_EVIDENCE_20260726T004328Z_R2/proof_artefacts/positive_decompressor_refinement/logs/link_proof_project-log.txt	01ba4719c80b6fe911b091a7c05124b64eeece964e09c058ef8f9805daca546b	2	1	POLYCOMP_D4_T2_00D_FINAL_FREEZE/POLYCOMP_D4_T2_FINAL_EVIDENCE_20260726T004328Z/proof_artefacts/positive_decompressor_refinement/logs/link_proof_project-log.txt | POLYCOMP_D4_T2_00D_FINAL_FREEZE/POLYCOMP_D4_T2_FINAL_EVIDENCE_20260726T004328Z_R2/proof_artefacts/positive_decompressor_refinement/logs/link_proof_project-log.txt
experiments/polycomp-d4/T02-decompressor-refinement/final-review/repaired-final-package/POLYCOMP_D4_T2_FINAL_EVIDENCE_20260726T004328Z_R2/proof_artefacts/positive_decompressor_refinement/logs/linking-library-models-log.txt	01ba4719c80b6fe911b091a7c05124b64eeece964e09c058ef8f9805daca546b	2	1	POLYCOMP_D4_T2_00D_FINAL_FREEZE/POLYCOMP_D4_T2_FINAL_EVIDENCE_20260726T004328Z/proof_artefacts/positive_decompressor_refinement/logs/linking-library-models-log.txt | POLYCOMP_D4_T2_00D_FINAL_FREEZE/POLYCOMP_D4_T2_FINAL_EVIDENCE_20260726T004328Z_R2/proof_artefacts/positive_decompressor_refinement/logs/linking-library-models-log.txt
experiments/polycomp-d4/T02-decompressor-refinement/final-review/repaired-final-package/POLYCOMP_D4_T2_FINAL_EVIDENCE_20260726T004328Z_R2/proof_artefacts/positive_decompressor_refinement/logs/nondet_static-log.txt	d84fd4f6d7cde65338460b7106298f78b9c9ce2d0a6d5da17c4932aa49a786ca	2	1	POLYCOMP_D4_T2_00D_FINAL_FREEZE/POLYCOMP_D4_T2_FINAL_EVIDENCE_20260726T004328Z/proof_artefacts/positive_decompressor_refinement/logs/nondet_static-log.txt | POLYCOMP_D4_T2_00D_FINAL_FREEZE/POLYCOMP_D4_T2_FINAL_EVIDENCE_20260726T004328Z_R2/proof_artefacts/positive_decompressor_refinement/logs/nondet_static-log.txt
experiments/polycomp-d4/T02-decompressor-refinement/final-review/repaired-final-package/POLYCOMP_D4_T2_FINAL_EVIDENCE_20260726T004328Z_R2/proof_artefacts/positive_decompressor_refinement/logs/project_sources-log.txt	01ba4719c80b6fe911b091a7c05124b64eeece964e09c058ef8f9805daca546b	2	1	POLYCOMP_D4_T2_00D_FINAL_FREEZE/POLYCOMP_D4_T2_FINAL_EVIDENCE_20260726T004328Z/proof_artefacts/positive_decompressor_refinement/logs/project_sources-log.txt | POLYCOMP_D4_T2_00D_FINAL_FREEZE/POLYCOMP_D4_T2_FINAL_EVIDENCE_20260726T004328Z_R2/proof_artefacts/positive_decompressor_refinement/logs/project_sources-log.txt
experiments/polycomp-d4/T02-decompressor-refinement/final-review/repaired-final-package/POLYCOMP_D4_T2_FINAL_EVIDENCE_20260726T004328Z_R2/proof_artefacts/positive_decompressor_refinement/logs/proof_sources-log.txt	01ba4719c80b6fe911b091a7c05124b64eeece964e09c058ef8f9805daca546b	2	1	POLYCOMP_D4_T2_00D_FINAL_FREEZE/POLYCOMP_D4_T2_FINAL_EVIDENCE_20260726T004328Z/proof_artefacts/positive_decompressor_refinement/logs/proof_sources-log.txt | POLYCOMP_D4_T2_00D_FINAL_FREEZE/POLYCOMP_D4_T2_FINAL_EVIDENCE_20260726T004328Z_R2/proof_artefacts/positive_decompressor_refinement/logs/proof_sources-log.txt
experiments/polycomp-d4/T02-decompressor-refinement/final-review/repaired-final-package/POLYCOMP_D4_T2_FINAL_EVIDENCE_20260726T004328Z_R2/proof_artefacts/positive_decompressor_refinement/logs/property-err-log.txt	01ba4719c80b6fe911b091a7c05124b64eeece964e09c058ef8f9805daca546b	2	1	POLYCOMP_D4_T2_00D_FINAL_FREEZE/POLYCOMP_D4_T2_FINAL_EVIDENCE_20260726T004328Z/proof_artefacts/positive_decompressor_refinement/logs/property-err-log.txt | POLYCOMP_D4_T2_00D_FINAL_FREEZE/POLYCOMP_D4_T2_FINAL_EVIDENCE_20260726T004328Z_R2/proof_artefacts/positive_decompressor_refinement/logs/property-err-log.txt
experiments/polycomp-d4/T02-decompressor-refinement/final-review/repaired-final-package/POLYCOMP_D4_T2_FINAL_EVIDENCE_20260726T004328Z_R2/proof_artefacts/positive_decompressor_refinement/logs/property.xml	d2ea002f1213e7af82d9013cf05c24abd48c9e9ebafd2f54225ecbbc77467a45	2	1	POLYCOMP_D4_T2_00D_FINAL_FREEZE/POLYCOMP_D4_T2_FINAL_EVIDENCE_20260726T004328Z/proof_artefacts/positive_decompressor_refinement/logs/property.xml | POLYCOMP_D4_T2_00D_FINAL_FREEZE/POLYCOMP_D4_T2_FINAL_EVIDENCE_20260726T004328Z_R2/proof_artefacts/positive_decompressor_refinement/logs/property.xml
experiments/polycomp-d4/T02-decompressor-refinement/final-review/repaired-final-package/POLYCOMP_D4_T2_FINAL_EVIDENCE_20260726T004328Z_R2/proof_artefacts/positive_decompressor_refinement/logs/remove_function_body-log.txt	7b9e848e9c2d81d34c3dd091d7aef6b896d9746738ae71d988e4f62e714ac68e	2	1	POLYCOMP_D4_T2_00D_FINAL_FREEZE/POLYCOMP_D4_T2_FINAL_EVIDENCE_20260726T004328Z/proof_artefacts/positive_decompressor_refinement/logs/remove_function_body-log.txt | POLYCOMP_D4_T2_00D_FINAL_FREEZE/POLYCOMP_D4_T2_FINAL_EVIDENCE_20260726T004328Z_R2/proof_artefacts/positive_decompressor_refinement/logs/remove_function_body-log.txt
experiments/polycomp-d4/T02-decompressor-refinement/final-review/repaired-final-package/POLYCOMP_D4_T2_FINAL_EVIDENCE_20260726T004328Z_R2/proof_artefacts/positive_decompressor_refinement/logs/restrict_function_pointer-log.txt	65723aee322fd307819e8fce76d166c2307b97dfe03b209b648b02988478018e	2	1	POLYCOMP_D4_T2_00D_FINAL_FREEZE/POLYCOMP_D4_T2_FINAL_EVIDENCE_20260726T004328Z/proof_artefacts/positive_decompressor_refinement/logs/restrict_function_pointer-log.txt | POLYCOMP_D4_T2_00D_FINAL_FREEZE/POLYCOMP_D4_T2_FINAL_EVIDENCE_20260726T004328Z_R2/proof_artefacts/positive_decompressor_refinement/logs/restrict_function_pointer-log.txt
experiments/polycomp-d4/T02-decompressor-refinement/final-review/repaired-final-package/POLYCOMP_D4_T2_FINAL_EVIDENCE_20260726T004328Z_R2/proof_artefacts/positive_decompressor_refinement/logs/result-err-log.txt	01ba4719c80b6fe911b091a7c05124b64eeece964e09c058ef8f9805daca546b	2	1	POLYCOMP_D4_T2_00D_FINAL_FREEZE/POLYCOMP_D4_T2_FINAL_EVIDENCE_20260726T004328Z/proof_artefacts/positive_decompressor_refinement/logs/result-err-log.txt | POLYCOMP_D4_T2_00D_FINAL_FREEZE/POLYCOMP_D4_T2_FINAL_EVIDENCE_20260726T004328Z_R2/proof_artefacts/positive_decompressor_refinement/logs/result-err-log.txt
experiments/polycomp-d4/T02-decompressor-refinement/final-review/repaired-final-package/POLYCOMP_D4_T2_FINAL_EVIDENCE_20260726T004328Z_R2/proof_artefacts/positive_decompressor_refinement/logs/result.xml	b57a4d4839570289ca974fc6ec56340b3992d8cb3b15e89176e2063aa9a0048c	2	1	POLYCOMP_D4_T2_00D_FINAL_FREEZE/POLYCOMP_D4_T2_FINAL_EVIDENCE_20260726T004328Z/proof_artefacts/positive_decompressor_refinement/logs/result.xml | POLYCOMP_D4_T2_00D_FINAL_FREEZE/POLYCOMP_D4_T2_FINAL_EVIDENCE_20260726T004328Z_R2/proof_artefacts/positive_decompressor_refinement/logs/result.xml
experiments/polycomp-d4/T02-decompressor-refinement/final-review/repaired-final-package/POLYCOMP_D4_T2_FINAL_EVIDENCE_20260726T004328Z_R2/proof_artefacts/positive_decompressor_refinement/logs/slice_global_inits-log.txt	34ae7c0267bbbb1ba0d0472867929fa314ee965b9c12e07fa50af520cc8c4553	2	1	POLYCOMP_D4_T2_00D_FINAL_FREEZE/POLYCOMP_D4_T2_FINAL_EVIDENCE_20260726T004328Z/proof_artefacts/positive_decompressor_refinement/logs/slice_global_inits-log.txt | POLYCOMP_D4_T2_00D_FINAL_FREEZE/POLYCOMP_D4_T2_FINAL_EVIDENCE_20260726T004328Z_R2/proof_artefacts/positive_decompressor_refinement/logs/slice_global_inits-log.txt
experiments/polycomp-d4/T02-decompressor-refinement/final-review/repaired-final-package/POLYCOMP_D4_T2_FINAL_EVIDENCE_20260726T004328Z_R2/proof_artefacts/positive_decompressor_refinement/logs/unwind_loops-log.txt	01ba4719c80b6fe911b091a7c05124b64eeece964e09c058ef8f9805daca546b	2	1	POLYCOMP_D4_T2_00D_FINAL_FREEZE/POLYCOMP_D4_T2_FINAL_EVIDENCE_20260726T004328Z/proof_artefacts/positive_decompressor_refinement/logs/unwind_loops-log.txt | POLYCOMP_D4_T2_00D_FINAL_FREEZE/POLYCOMP_D4_T2_FINAL_EVIDENCE_20260726T004328Z_R2/proof_artefacts/positive_decompressor_refinement/logs/unwind_loops-log.txt
experiments/polycomp-d4/T02-decompressor-refinement/final-review/repaired-final-package/POLYCOMP_D4_T2_FINAL_EVIDENCE_20260726T004328Z_R2/proof_artefacts/positive_decompressor_refinement/polycomp_d4_t2_decompress_refinement_harness.c	9db3ca1461eadd68521a29595cd9c190042fd1236c3f6a88c97406d54fa1092e	2	1	POLYCOMP_D4_T2_00D_FINAL_FREEZE/POLYCOMP_D4_T2_FINAL_EVIDENCE_20260726T004328Z/proof_artefacts/positive_decompressor_refinement/polycomp_d4_t2_decompress_refinement_harness.c | POLYCOMP_D4_T2_00D_FINAL_FREEZE/POLYCOMP_D4_T2_FINAL_EVIDENCE_20260726T004328Z_R2/proof_artefacts/positive_decompressor_refinement/polycomp_d4_t2_decompress_refinement_harness.c
experiments/polycomp-d4/T02-decompressor-refinement/final-review/repaired-final-package/POLYCOMP_D4_T2_FINAL_EVIDENCE_20260726T004328Z_R2/proof_artefacts/relational_byte_locality/Makefile	a6802807f89d1a26522ca51f4f4bcfec486ab4499f7672179486d4ccbb482ebc	2	1	POLYCOMP_D4_T2_00D_FINAL_FREEZE/POLYCOMP_D4_T2_FINAL_EVIDENCE_20260726T004328Z/proof_artefacts/relational_byte_locality/Makefile | POLYCOMP_D4_T2_00D_FINAL_FREEZE/POLYCOMP_D4_T2_FINAL_EVIDENCE_20260726T004328Z_R2/proof_artefacts/relational_byte_locality/Makefile
experiments/polycomp-d4/T02-decompressor-refinement/final-review/repaired-final-package/POLYCOMP_D4_T2_FINAL_EVIDENCE_20260726T004328Z_R2/proof_artefacts/relational_byte_locality/gotos/polycomp_d4_t2_relational_byte_locality_harness.goto	9303382dc7a038efec70371758d66f9ea5190c6042036a4a64dc2d52022fddc0	2	1	POLYCOMP_D4_T2_00D_FINAL_FREEZE/POLYCOMP_D4_T2_FINAL_EVIDENCE_20260726T004328Z/proof_artefacts/relational_byte_locality/gotos/polycomp_d4_t2_relational_byte_locality_harness.goto | POLYCOMP_D4_T2_00D_FINAL_FREEZE/POLYCOMP_D4_T2_FINAL_EVIDENCE_20260726T004328Z_R2/proof_artefacts/relational_byte_locality/gotos/polycomp_d4_t2_relational_byte_locality_harness.goto
experiments/polycomp-d4/T02-decompressor-refinement/final-review/repaired-final-package/POLYCOMP_D4_T2_FINAL_EVIDENCE_20260726T004328Z_R2/proof_artefacts/relational_byte_locality/gotos/polycomp_d4_t2_relational_byte_locality_harness0100.goto	38e9e48bde7f2e2266cb186df99172825ca4dad3829b45bdbdf3ffdd814f176d	2	1	POLYCOMP_D4_T2_00D_FINAL_FREEZE/POLYCOMP_D4_T2_FINAL_EVIDENCE_20260726T004328Z/proof_artefacts/relational_byte_locality/gotos/polycomp_d4_t2_relational_byte_locality_harness0100.goto | POLYCOMP_D4_T2_00D_FINAL_FREEZE/POLYCOMP_D4_T2_FINAL_EVIDENCE_20260726T004328Z_R2/proof_artefacts/relational_byte_locality/gotos/polycomp_d4_t2_relational_byte_locality_harness0100.goto
experiments/polycomp-d4/T02-decompressor-refinement/final-review/repaired-final-package/POLYCOMP_D4_T2_FINAL_EVIDENCE_20260726T004328Z_R2/proof_artefacts/relational_byte_locality/gotos/polycomp_d4_t2_relational_byte_locality_harness0200.goto	db3876f63040d397ec996f4a94c43e56a65e948322a3ad30af3466bda94530f0	2	1	POLYCOMP_D4_T2_00D_FINAL_FREEZE/POLYCOMP_D4_T2_FINAL_EVIDENCE_20260726T004328Z/proof_artefacts/relational_byte_locality/gotos/polycomp_d4_t2_relational_byte_locality_harness0200.goto | POLYCOMP_D4_T2_00D_FINAL_FREEZE/POLYCOMP_D4_T2_FINAL_EVIDENCE_20260726T004328Z_R2/proof_artefacts/relational_byte_locality/gotos/polycomp_d4_t2_relational_byte_locality_harness0200.goto
experiments/polycomp-d4/T02-decompressor-refinement/final-review/repaired-final-package/POLYCOMP_D4_T2_FINAL_EVIDENCE_20260726T004328Z_R2/proof_artefacts/relational_byte_locality/gotos/polycomp_d4_t2_relational_byte_locality_harness0300.goto	cc921f2e54297c9399530b32fc2d67e05a39ed32a182908f4dfdab4fdda6b907	2	1	POLYCOMP_D4_T2_00D_FINAL_FREEZE/POLYCOMP_D4_T2_FINAL_EVIDENCE_20260726T004328Z/proof_artefacts/relational_byte_locality/gotos/polycomp_d4_t2_relational_byte_locality_harness0300.goto | POLYCOMP_D4_T2_00D_FINAL_FREEZE/POLYCOMP_D4_T2_FINAL_EVIDENCE_20260726T004328Z_R2/proof_artefacts/relational_byte_locality/gotos/polycomp_d4_t2_relational_byte_locality_harness0300.goto
experiments/polycomp-d4/T02-decompressor-refinement/final-review/repaired-final-package/POLYCOMP_D4_T2_FINAL_EVIDENCE_20260726T004328Z_R2/proof_artefacts/relational_byte_locality/gotos/polycomp_d4_t2_relational_byte_locality_harness0400.goto	cc921f2e54297c9399530b32fc2d67e05a39ed32a182908f4dfdab4fdda6b907	2	1	POLYCOMP_D4_T2_00D_FINAL_FREEZE/POLYCOMP_D4_T2_FINAL_EVIDENCE_20260726T004328Z/proof_artefacts/relational_byte_locality/gotos/polycomp_d4_t2_relational_byte_locality_harness0400.goto | POLYCOMP_D4_T2_00D_FINAL_FREEZE/POLYCOMP_D4_T2_FINAL_EVIDENCE_20260726T004328Z_R2/proof_artefacts/relational_byte_locality/gotos/polycomp_d4_t2_relational_byte_locality_harness0400.goto
experiments/polycomp-d4/T02-decompressor-refinement/final-review/repaired-final-package/POLYCOMP_D4_T2_FINAL_EVIDENCE_20260726T004328Z_R2/proof_artefacts/relational_byte_locality/gotos/polycomp_d4_t2_relational_byte_locality_harness0500.goto	cc921f2e54297c9399530b32fc2d67e05a39ed32a182908f4dfdab4fdda6b907	2	1	POLYCOMP_D4_T2_00D_FINAL_FREEZE/POLYCOMP_D4_T2_FINAL_EVIDENCE_20260726T004328Z/proof_artefacts/relational_byte_locality/gotos/polycomp_d4_t2_relational_byte_locality_harness0500.goto | POLYCOMP_D4_T2_00D_FINAL_FREEZE/POLYCOMP_D4_T2_FINAL_EVIDENCE_20260726T004328Z_R2/proof_artefacts/relational_byte_locality/gotos/polycomp_d4_t2_relational_byte_locality_harness0500.goto
experiments/polycomp-d4/T02-decompressor-refinement/final-review/repaired-final-package/POLYCOMP_D4_T2_FINAL_EVIDENCE_20260726T004328Z_R2/proof_artefacts/relational_byte_locality/gotos/polycomp_d4_t2_relational_byte_locality_harness0600.goto	203c9ba9cc514a432f571c017b13f829feffb1c6f9a8bde6d8118ec9c9970faa	2	1	POLYCOMP_D4_T2_00D_FINAL_FREEZE/POLYCOMP_D4_T2_FINAL_EVIDENCE_20260726T004328Z/proof_artefacts/relational_byte_locality/gotos/polycomp_d4_t2_relational_byte_locality_harness0600.goto | POLYCOMP_D4_T2_00D_FINAL_FREEZE/POLYCOMP_D4_T2_FINAL_EVIDENCE_20260726T004328Z_R2/proof_artefacts/relational_byte_locality/gotos/polycomp_d4_t2_relational_byte_locality_harness0600.goto
experiments/polycomp-d4/T02-decompressor-refinement/final-review/repaired-final-package/POLYCOMP_D4_T2_FINAL_EVIDENCE_20260726T004328Z_R2/proof_artefacts/relational_byte_locality/gotos/polycomp_d4_t2_relational_byte_locality_harness0700.goto	6e9bafd2ed141f9ffb04bb35cd4ff7e1c46bfab000d7a03c6cd1378aece418cd	2	1	POLYCOMP_D4_T2_00D_FINAL_FREEZE/POLYCOMP_D4_T2_FINAL_EVIDENCE_20260726T004328Z/proof_artefacts/relational_byte_locality/gotos/polycomp_d4_t2_relational_byte_locality_harness0700.goto | POLYCOMP_D4_T2_00D_FINAL_FREEZE/POLYCOMP_D4_T2_FINAL_EVIDENCE_20260726T004328Z_R2/proof_artefacts/relational_byte_locality/gotos/polycomp_d4_t2_relational_byte_locality_harness0700.goto
experiments/polycomp-d4/T02-decompressor-refinement/final-review/repaired-final-package/POLYCOMP_D4_T2_FINAL_EVIDENCE_20260726T004328Z_R2/proof_artefacts/relational_byte_locality/gotos/polycomp_d4_t2_relational_byte_locality_harness0800.goto	9303382dc7a038efec70371758d66f9ea5190c6042036a4a64dc2d52022fddc0	2	1	POLYCOMP_D4_T2_00D_FINAL_FREEZE/POLYCOMP_D4_T2_FINAL_EVIDENCE_20260726T004328Z/proof_artefacts/relational_byte_locality/gotos/polycomp_d4_t2_relational_byte_locality_harness0800.goto | POLYCOMP_D4_T2_00D_FINAL_FREEZE/POLYCOMP_D4_T2_FINAL_EVIDENCE_20260726T004328Z_R2/proof_artefacts/relational_byte_locality/gotos/polycomp_d4_t2_relational_byte_locality_harness0800.goto
experiments/polycomp-d4/T02-decompressor-refinement/final-review/repaired-final-package/POLYCOMP_D4_T2_FINAL_EVIDENCE_20260726T004328Z_R2/proof_artefacts/relational_byte_locality/gotos/project0100.goto	2dc8658671befdc6011cccd13fbb8be1a9f179acd211ccbf6a99ad65150f4b7e	2	1	POLYCOMP_D4_T2_00D_FINAL_FREEZE/POLYCOMP_D4_T2_FINAL_EVIDENCE_20260726T004328Z/proof_artefacts/relational_byte_locality/gotos/project0100.goto | POLYCOMP_D4_T2_00D_FINAL_FREEZE/POLYCOMP_D4_T2_FINAL_EVIDENCE_20260726T004328Z_R2/proof_artefacts/relational_byte_locality/gotos/project0100.goto
experiments/polycomp-d4/T02-decompressor-refinement/final-review/repaired-final-package/POLYCOMP_D4_T2_FINAL_EVIDENCE_20260726T004328Z_R2/proof_artefacts/relational_byte_locality/gotos/project0200.goto	246ce21465fe8a71ebe6350f287dc26190385080332df245c83a78d0e0593ab5	2	1	POLYCOMP_D4_T2_00D_FINAL_FREEZE/POLYCOMP_D4_T2_FINAL_EVIDENCE_20260726T004328Z/proof_artefacts/relational_byte_locality/gotos/project0200.goto | POLYCOMP_D4_T2_00D_FINAL_FREEZE/POLYCOMP_D4_T2_FINAL_EVIDENCE_20260726T004328Z_R2/proof_artefacts/relational_byte_locality/gotos/project0200.goto
experiments/polycomp-d4/T02-decompressor-refinement/final-review/repaired-final-package/POLYCOMP_D4_T2_FINAL_EVIDENCE_20260726T004328Z_R2/proof_artefacts/relational_byte_locality/gotos/proof0100.goto	198321fc55ec07241ad1a7bb574199e07fcb1631e79966c682330b0513adc5cb	2	1	POLYCOMP_D4_T2_00D_FINAL_FREEZE/POLYCOMP_D4_T2_FINAL_EVIDENCE_20260726T004328Z/proof_artefacts/relational_byte_locality/gotos/proof0100.goto | POLYCOMP_D4_T2_00D_FINAL_FREEZE/POLYCOMP_D4_T2_FINAL_EVIDENCE_20260726T004328Z_R2/proof_artefacts/relational_byte_locality/gotos/proof0100.goto
experiments/polycomp-d4/T02-decompressor-refinement/final-review/repaired-final-package/POLYCOMP_D4_T2_FINAL_EVIDENCE_20260726T004328Z_R2/proof_artefacts/relational_byte_locality/logs/check_function_contracts-log.txt	2dd1a9f1b818000e57c936388668394e432f2c44389a881fbb2ac5bbc0884c4f	2	1	POLYCOMP_D4_T2_00D_FINAL_FREEZE/POLYCOMP_D4_T2_FINAL_EVIDENCE_20260726T004328Z/proof_artefacts/relational_byte_locality/logs/check_function_contracts-log.txt | POLYCOMP_D4_T2_00D_FINAL_FREEZE/POLYCOMP_D4_T2_FINAL_EVIDENCE_20260726T004328Z_R2/proof_artefacts/relational_byte_locality/logs/check_function_contracts-log.txt
experiments/polycomp-d4/T02-decompressor-refinement/final-review/repaired-final-package/POLYCOMP_D4_T2_FINAL_EVIDENCE_20260726T004328Z_R2/proof_artefacts/relational_byte_locality/logs/coverage-err-log.txt	01ba4719c80b6fe911b091a7c05124b64eeece964e09c058ef8f9805daca546b	2	1	POLYCOMP_D4_T2_00D_FINAL_FREEZE/POLYCOMP_D4_T2_FINAL_EVIDENCE_20260726T004328Z/proof_artefacts/relational_byte_locality/logs/coverage-err-log.txt | POLYCOMP_D4_T2_00D_FINAL_FREEZE/POLYCOMP_D4_T2_FINAL_EVIDENCE_20260726T004328Z_R2/proof_artefacts/relational_byte_locality/logs/coverage-err-log.txt
experiments/polycomp-d4/T02-decompressor-refinement/final-review/repaired-final-package/POLYCOMP_D4_T2_FINAL_EVIDENCE_20260726T004328Z_R2/proof_artefacts/relational_byte_locality/logs/coverage.xml	d9a58ff73564da15fe873299af744affe218b3edbb4eefa81a3b1692f4088be0	2	1	POLYCOMP_D4_T2_00D_FINAL_FREEZE/POLYCOMP_D4_T2_FINAL_EVIDENCE_20260726T004328Z/proof_artefacts/relational_byte_locality/logs/coverage.xml | POLYCOMP_D4_T2_00D_FINAL_FREEZE/POLYCOMP_D4_T2_FINAL_EVIDENCE_20260726T004328Z_R2/proof_artefacts/relational_byte_locality/logs/coverage.xml
experiments/polycomp-d4/T02-decompressor-refinement/final-review/repaired-final-package/POLYCOMP_D4_T2_FINAL_EVIDENCE_20260726T004328Z_R2/proof_artefacts/relational_byte_locality/logs/drop_unused_functions-log.txt	bc5299d501c270fad19a8e52aa601c19df0937ab327e6c6d062c9cedb2897e6e	2	1	POLYCOMP_D4_T2_00D_FINAL_FREEZE/POLYCOMP_D4_T2_FINAL_EVIDENCE_20260726T004328Z/proof_artefacts/relational_byte_locality/logs/drop_unused_functions-log.txt | POLYCOMP_D4_T2_00D_FINAL_FREEZE/POLYCOMP_D4_T2_FINAL_EVIDENCE_20260726T004328Z_R2/proof_artefacts/relational_byte_locality/logs/drop_unused_functions-log.txt
experiments/polycomp-d4/T02-decompressor-refinement/final-review/repaired-final-package/POLYCOMP_D4_T2_FINAL_EVIDENCE_20260726T004328Z_R2/proof_artefacts/relational_byte_locality/logs/link_proof_project-log.txt	01ba4719c80b6fe911b091a7c05124b64eeece964e09c058ef8f9805daca546b	2	1	POLYCOMP_D4_T2_00D_FINAL_FREEZE/POLYCOMP_D4_T2_FINAL_EVIDENCE_20260726T004328Z/proof_artefacts/relational_byte_locality/logs/link_proof_project-log.txt | POLYCOMP_D4_T2_00D_FINAL_FREEZE/POLYCOMP_D4_T2_FINAL_EVIDENCE_20260726T004328Z_R2/proof_artefacts/relational_byte_locality/logs/link_proof_project-log.txt
experiments/polycomp-d4/T02-decompressor-refinement/final-review/repaired-final-package/POLYCOMP_D4_T2_FINAL_EVIDENCE_20260726T004328Z_R2/proof_artefacts/relational_byte_locality/logs/linking-library-models-log.txt	01ba4719c80b6fe911b091a7c05124b64eeece964e09c058ef8f9805daca546b	2	1	POLYCOMP_D4_T2_00D_FINAL_FREEZE/POLYCOMP_D4_T2_FINAL_EVIDENCE_20260726T004328Z/proof_artefacts/relational_byte_locality/logs/linking-library-models-log.txt | POLYCOMP_D4_T2_00D_FINAL_FREEZE/POLYCOMP_D4_T2_FINAL_EVIDENCE_20260726T004328Z_R2/proof_artefacts/relational_byte_locality/logs/linking-library-models-log.txt
experiments/polycomp-d4/T02-decompressor-refinement/final-review/repaired-final-package/POLYCOMP_D4_T2_FINAL_EVIDENCE_20260726T004328Z_R2/proof_artefacts/relational_byte_locality/logs/nondet_static-log.txt	7899f582cb163f40c2c53c79c836b2e8612d5ffa8ea0d22ff43c83e38d40a594	2	1	POLYCOMP_D4_T2_00D_FINAL_FREEZE/POLYCOMP_D4_T2_FINAL_EVIDENCE_20260726T004328Z/proof_artefacts/relational_byte_locality/logs/nondet_static-log.txt | POLYCOMP_D4_T2_00D_FINAL_FREEZE/POLYCOMP_D4_T2_FINAL_EVIDENCE_20260726T004328Z_R2/proof_artefacts/relational_byte_locality/logs/nondet_static-log.txt
experiments/polycomp-d4/T02-decompressor-refinement/final-review/repaired-final-package/POLYCOMP_D4_T2_FINAL_EVIDENCE_20260726T004328Z_R2/proof_artefacts/relational_byte_locality/logs/project_sources-log.txt	01ba4719c80b6fe911b091a7c05124b64eeece964e09c058ef8f9805daca546b	2	1	POLYCOMP_D4_T2_00D_FINAL_FREEZE/POLYCOMP_D4_T2_FINAL_EVIDENCE_20260726T004328Z/proof_artefacts/relational_byte_locality/logs/project_sources-log.txt | POLYCOMP_D4_T2_00D_FINAL_FREEZE/POLYCOMP_D4_T2_FINAL_EVIDENCE_20260726T004328Z_R2/proof_artefacts/relational_byte_locality/logs/project_sources-log.txt
experiments/polycomp-d4/T02-decompressor-refinement/final-review/repaired-final-package/POLYCOMP_D4_T2_FINAL_EVIDENCE_20260726T004328Z_R2/proof_artefacts/relational_byte_locality/logs/proof_sources-log.txt	01ba4719c80b6fe911b091a7c05124b64eeece964e09c058ef8f9805daca546b	2	1	POLYCOMP_D4_T2_00D_FINAL_FREEZE/POLYCOMP_D4_T2_FINAL_EVIDENCE_20260726T004328Z/proof_artefacts/relational_byte_locality/logs/proof_sources-log.txt | POLYCOMP_D4_T2_00D_FINAL_FREEZE/POLYCOMP_D4_T2_FINAL_EVIDENCE_20260726T004328Z_R2/proof_artefacts/relational_byte_locality/logs/proof_sources-log.txt
experiments/polycomp-d4/T02-decompressor-refinement/final-review/repaired-final-package/POLYCOMP_D4_T2_FINAL_EVIDENCE_20260726T004328Z_R2/proof_artefacts/relational_byte_locality/logs/property-err-log.txt	01ba4719c80b6fe911b091a7c05124b64eeece964e09c058ef8f9805daca546b	2	1	POLYCOMP_D4_T2_00D_FINAL_FREEZE/POLYCOMP_D4_T2_FINAL_EVIDENCE_20260726T004328Z/proof_artefacts/relational_byte_locality/logs/property-err-log.txt | POLYCOMP_D4_T2_00D_FINAL_FREEZE/POLYCOMP_D4_T2_FINAL_EVIDENCE_20260726T004328Z_R2/proof_artefacts/relational_byte_locality/logs/property-err-log.txt
experiments/polycomp-d4/T02-decompressor-refinement/final-review/repaired-final-package/POLYCOMP_D4_T2_FINAL_EVIDENCE_20260726T004328Z_R2/proof_artefacts/relational_byte_locality/logs/property.xml	d92b494a243755f972298182084a0e46470ccc71f0eded827c926f09eab69beb	2	1	POLYCOMP_D4_T2_00D_FINAL_FREEZE/POLYCOMP_D4_T2_FINAL_EVIDENCE_20260726T004328Z/proof_artefacts/relational_byte_locality/logs/property.xml | POLYCOMP_D4_T2_00D_FINAL_FREEZE/POLYCOMP_D4_T2_FINAL_EVIDENCE_20260726T004328Z_R2/proof_artefacts/relational_byte_locality/logs/property.xml
experiments/polycomp-d4/T02-decompressor-refinement/final-review/repaired-final-package/POLYCOMP_D4_T2_FINAL_EVIDENCE_20260726T004328Z_R2/proof_artefacts/relational_byte_locality/logs/remove_function_body-log.txt	26c82c312707d88784c251357e02019fdfaeb8a35dc5ae6dbe76ef4ba975508e	2	1	POLYCOMP_D4_T2_00D_FINAL_FREEZE/POLYCOMP_D4_T2_FINAL_EVIDENCE_20260726T004328Z/proof_artefacts/relational_byte_locality/logs/remove_function_body-log.txt | POLYCOMP_D4_T2_00D_FINAL_FREEZE/POLYCOMP_D4_T2_FINAL_EVIDENCE_20260726T004328Z_R2/proof_artefacts/relational_byte_locality/logs/remove_function_body-log.txt
experiments/polycomp-d4/T02-decompressor-refinement/final-review/repaired-final-package/POLYCOMP_D4_T2_FINAL_EVIDENCE_20260726T004328Z_R2/proof_artefacts/relational_byte_locality/logs/restrict_function_pointer-log.txt	a872b86ea55506f67da8d1c71ffc47d853c6cab774ea368082c1e613c5094d74	2	1	POLYCOMP_D4_T2_00D_FINAL_FREEZE/POLYCOMP_D4_T2_FINAL_EVIDENCE_20260726T004328Z/proof_artefacts/relational_byte_locality/logs/restrict_function_pointer-log.txt | POLYCOMP_D4_T2_00D_FINAL_FREEZE/POLYCOMP_D4_T2_FINAL_EVIDENCE_20260726T004328Z_R2/proof_artefacts/relational_byte_locality/logs/restrict_function_pointer-log.txt
experiments/polycomp-d4/T02-decompressor-refinement/final-review/repaired-final-package/POLYCOMP_D4_T2_FINAL_EVIDENCE_20260726T004328Z_R2/proof_artefacts/relational_byte_locality/logs/result-err-log.txt	01ba4719c80b6fe911b091a7c05124b64eeece964e09c058ef8f9805daca546b	2	1	POLYCOMP_D4_T2_00D_FINAL_FREEZE/POLYCOMP_D4_T2_FINAL_EVIDENCE_20260726T004328Z/proof_artefacts/relational_byte_locality/logs/result-err-log.txt | POLYCOMP_D4_T2_00D_FINAL_FREEZE/POLYCOMP_D4_T2_FINAL_EVIDENCE_20260726T004328Z_R2/proof_artefacts/relational_byte_locality/logs/result-err-log.txt
experiments/polycomp-d4/T02-decompressor-refinement/final-review/repaired-final-package/POLYCOMP_D4_T2_FINAL_EVIDENCE_20260726T004328Z_R2/proof_artefacts/relational_byte_locality/logs/result.xml	5d5f04b28cde0ba2e679727c25db2bfc0301fc5ae39f939b9730078911d62a9d	2	1	POLYCOMP_D4_T2_00D_FINAL_FREEZE/POLYCOMP_D4_T2_FINAL_EVIDENCE_20260726T004328Z/proof_artefacts/relational_byte_locality/logs/result.xml | POLYCOMP_D4_T2_00D_FINAL_FREEZE/POLYCOMP_D4_T2_FINAL_EVIDENCE_20260726T004328Z_R2/proof_artefacts/relational_byte_locality/logs/result.xml
experiments/polycomp-d4/T02-decompressor-refinement/final-review/repaired-final-package/POLYCOMP_D4_T2_FINAL_EVIDENCE_20260726T004328Z_R2/proof_artefacts/relational_byte_locality/logs/slice_global_inits-log.txt	5152f2433caa248d7283c529e0114bddf3eb1ca33b0ebffbebc49e46c1fb53f0	2	1	POLYCOMP_D4_T2_00D_FINAL_FREEZE/POLYCOMP_D4_T2_FINAL_EVIDENCE_20260726T004328Z/proof_artefacts/relational_byte_locality/logs/slice_global_inits-log.txt | POLYCOMP_D4_T2_00D_FINAL_FREEZE/POLYCOMP_D4_T2_FINAL_EVIDENCE_20260726T004328Z_R2/proof_artefacts/relational_byte_locality/logs/slice_global_inits-log.txt
experiments/polycomp-d4/T02-decompressor-refinement/final-review/repaired-final-package/POLYCOMP_D4_T2_FINAL_EVIDENCE_20260726T004328Z_R2/proof_artefacts/relational_byte_locality/logs/unwind_loops-log.txt	01ba4719c80b6fe911b091a7c05124b64eeece964e09c058ef8f9805daca546b	2	1	POLYCOMP_D4_T2_00D_FINAL_FREEZE/POLYCOMP_D4_T2_FINAL_EVIDENCE_20260726T004328Z/proof_artefacts/relational_byte_locality/logs/unwind_loops-log.txt | POLYCOMP_D4_T2_00D_FINAL_FREEZE/POLYCOMP_D4_T2_FINAL_EVIDENCE_20260726T004328Z_R2/proof_artefacts/relational_byte_locality/logs/unwind_loops-log.txt
experiments/polycomp-d4/T02-decompressor-refinement/final-review/repaired-final-package/POLYCOMP_D4_T2_FINAL_EVIDENCE_20260726T004328Z_R2/proof_artefacts/relational_byte_locality/polycomp_d4_t2_relational_byte_locality_harness.c	829c83f18c801aad663d71a3857d6b0340df76841dbe80918674cf8fbb11b80d	2	1	POLYCOMP_D4_T2_00D_FINAL_FREEZE/POLYCOMP_D4_T2_FINAL_EVIDENCE_20260726T004328Z/proof_artefacts/relational_byte_locality/polycomp_d4_t2_relational_byte_locality_harness.c | POLYCOMP_D4_T2_00D_FINAL_FREEZE/POLYCOMP_D4_T2_FINAL_EVIDENCE_20260726T004328Z_R2/proof_artefacts/relational_byte_locality/polycomp_d4_t2_relational_byte_locality_harness.c
experiments/polycomp-d4/T03-compressed-domain-retraction/00-bootstrap-and-finite-derivation/POLYCOMP_D4_T3_00A_BOOTSTRAP_POSITIVE/POLYCOMP_D4_T3_00A_BOOTSTRAP_POSITIVE_20260726T020556Z.txt	d53082d418e9732a15ba9fed88247ad82ffb0f557f6897ad9295e4cc2c0a177d	2	1	POLYCOMP_D4_T3_00A_BOOTSTRAP_POSITIVE/POLYCOMP_D4_T3_00A_BOOTSTRAP_POSITIVE_20260726T020556Z.txt | POLYCOMP_D4_T3_00D_FINAL_FREEZE/POLYCOMP_D4_T3_FINAL_EVIDENCE_20260726T023051Z/campaign_stages/00A_BOOTSTRAP_SOURCE_AND_FINITE_DERIVATION/POLYCOMP_D4_T3_00A_BOOTSTRAP_POSITIVE_20260726T020556Z.txt
experiments/polycomp-d4/T03-compressed-domain-retraction/00-bootstrap-and-finite-derivation/POLYCOMP_D4_T3_00A_BOOTSTRAP_POSITIVE/POLYCOMP_D4_T3_00A_BOOTSTRAP_POSITIVE_20260726T020556Z.txt.sha256	caf1c404b34268cdbd1b26d7bc99af5dbf81a868813dd6e06c2f25bb4e4cc06a	2	1	POLYCOMP_D4_T3_00A_BOOTSTRAP_POSITIVE/POLYCOMP_D4_T3_00A_BOOTSTRAP_POSITIVE_20260726T020556Z.txt.sha256 | POLYCOMP_D4_T3_00D_FINAL_FREEZE/POLYCOMP_D4_T3_FINAL_EVIDENCE_20260726T023051Z/campaign_stages/00A_BOOTSTRAP_SOURCE_AND_FINITE_DERIVATION/POLYCOMP_D4_T3_00A_BOOTSTRAP_POSITIVE_20260726T020556Z.txt.sha256
experiments/polycomp-d4/T03-compressed-domain-retraction/00-bootstrap-and-finite-derivation/POLYCOMP_D4_T3_00A_BOOTSTRAP_POSITIVE/T3_FINITE_DERIVATION_20260726T020556Z.txt	b0dfbcf2fd46dd7626575c77292883f95c491cd87f04d5eb0a4eb9e401e64ba8	2	1	POLYCOMP_D4_T3_00A_BOOTSTRAP_POSITIVE/T3_FINITE_DERIVATION_20260726T020556Z.txt | POLYCOMP_D4_T3_00D_FINAL_FREEZE/POLYCOMP_D4_T3_FINAL_EVIDENCE_20260726T023051Z/campaign_stages/00A_BOOTSTRAP_SOURCE_AND_FINITE_DERIVATION/T3_FINITE_DERIVATION_20260726T020556Z.txt
experiments/polycomp-d4/T03-compressed-domain-retraction/00-bootstrap-and-finite-derivation/POLYCOMP_D4_T3_00A_BOOTSTRAP_POSITIVE/T3_LOOP_MAP_20260726T020556Z.txt	1742f7fcaaccc3526671a99079c59d05dd5e3650dd8be7cc9b3c64d7cb356433	2	1	POLYCOMP_D4_T3_00A_BOOTSTRAP_POSITIVE/T3_LOOP_MAP_20260726T020556Z.txt | POLYCOMP_D4_T3_00D_FINAL_FREEZE/POLYCOMP_D4_T3_FINAL_EVIDENCE_20260726T023051Z/campaign_stages/00A_BOOTSTRAP_SOURCE_AND_FINITE_DERIVATION/T3_LOOP_MAP_20260726T020556Z.txt
experiments/polycomp-d4/T03-compressed-domain-retraction/00-bootstrap-and-finite-derivation/POLYCOMP_D4_T3_00A_BOOTSTRAP_POSITIVE/T3_LOOP_REPORT_20260726T020556Z.txt	cfb711b0eadc68eb61622584bee86433d2d5534b2f539abbf7e393e3a5beb9fc	2	1	POLYCOMP_D4_T3_00A_BOOTSTRAP_POSITIVE/T3_LOOP_REPORT_20260726T020556Z.txt | POLYCOMP_D4_T3_00D_FINAL_FREEZE/POLYCOMP_D4_T3_FINAL_EVIDENCE_20260726T023051Z/campaign_stages/00A_BOOTSTRAP_SOURCE_AND_FINITE_DERIVATION/T3_LOOP_REPORT_20260726T020556Z.txt
experiments/polycomp-d4/T03-compressed-domain-retraction/00-bootstrap-and-finite-derivation/POLYCOMP_D4_T3_00A_BOOTSTRAP_POSITIVE/T3_NATIVE_OVERLAP_CAPTURE_20260726T020556Z.txt	04600803cdfe242de97d066b2a512e05103b14e3900e4f6bc657ff3342fbc35c	2	1	POLYCOMP_D4_T3_00A_BOOTSTRAP_POSITIVE/T3_NATIVE_OVERLAP_CAPTURE_20260726T020556Z.txt | POLYCOMP_D4_T3_00D_FINAL_FREEZE/POLYCOMP_D4_T3_FINAL_EVIDENCE_20260726T023051Z/campaign_stages/00A_BOOTSTRAP_SOURCE_AND_FINITE_DERIVATION/T3_NATIVE_OVERLAP_CAPTURE_20260726T020556Z.txt
experiments/polycomp-d4/T03-compressed-domain-retraction/00-bootstrap-and-finite-derivation/POLYCOMP_D4_T3_00A_BOOTSTRAP_POSITIVE/T3_REGISTRY_EXTRACT_20260726T020556Z.txt	709480fb9ab245241aa9d2d6a3775e87d91cb0a131a0c92e691280f5bc0b0a44	2	1	POLYCOMP_D4_T3_00A_BOOTSTRAP_POSITIVE/T3_REGISTRY_EXTRACT_20260726T020556Z.txt | POLYCOMP_D4_T3_00D_FINAL_FREEZE/POLYCOMP_D4_T3_FINAL_EVIDENCE_20260726T023051Z/campaign_stages/00A_BOOTSTRAP_SOURCE_AND_FINITE_DERIVATION/T3_REGISTRY_EXTRACT_20260726T020556Z.txt
experiments/polycomp-d4/T03-compressed-domain-retraction/00-bootstrap-and-finite-derivation/POLYCOMP_D4_T3_00A_BOOTSTRAP_POSITIVE/T3_RUNNER_20260726T020556Z.json	9cefa268a86d2f15f0dba1d41ca2145ba9ae1dc3ef03f3b05c24310417adfc1c	2	1	POLYCOMP_D4_T3_00A_BOOTSTRAP_POSITIVE/T3_RUNNER_20260726T020556Z.json | POLYCOMP_D4_T3_00D_FINAL_FREEZE/POLYCOMP_D4_T3_FINAL_EVIDENCE_20260726T023051Z/campaign_stages/00A_BOOTSTRAP_SOURCE_AND_FINITE_DERIVATION/T3_RUNNER_20260726T020556Z.json
experiments/polycomp-d4/T03-compressed-domain-retraction/00-bootstrap-and-finite-derivation/POLYCOMP_D4_T3_00A_BOOTSTRAP_POSITIVE/T3_RUNNER_20260726T020556Z.txt	01eb243784be7a758b2aa8962a73c40407d3e14897471a349569846c8d4aa5aa	2	1	POLYCOMP_D4_T3_00A_BOOTSTRAP_POSITIVE/T3_RUNNER_20260726T020556Z.txt | POLYCOMP_D4_T3_00D_FINAL_FREEZE/POLYCOMP_D4_T3_FINAL_EVIDENCE_20260726T023051Z/campaign_stages/00A_BOOTSTRAP_SOURCE_AND_FINITE_DERIVATION/T3_RUNNER_20260726T020556Z.txt
experiments/polycomp-d4/T03-compressed-domain-retraction/00-bootstrap-and-finite-derivation/POLYCOMP_D4_T3_00A_BOOTSTRAP_POSITIVE/T3_SOURCE_CAPTURE_20260726T020556Z.txt	3d8b1474a9e82f5d014fc4435c9124161ac6bf79fc4aa7ecf445ca5af9178eba	2	1	POLYCOMP_D4_T3_00A_BOOTSTRAP_POSITIVE/T3_SOURCE_CAPTURE_20260726T020556Z.txt | POLYCOMP_D4_T3_00D_FINAL_FREEZE/POLYCOMP_D4_T3_FINAL_EVIDENCE_20260726T023051Z/campaign_stages/00A_BOOTSTRAP_SOURCE_AND_FINITE_DERIVATION/T3_SOURCE_CAPTURE_20260726T020556Z.txt
experiments/polycomp-d4/T03-compressed-domain-retraction/01-corrected-loop-positive-preflight/POLYCOMP_D4_T3_00B_CORRECTED_LOOP_PREFLIGHT/POLYCOMP_D4_T3_00B_CORRECTED_LOOP_PREFLIGHT_20260726T021122Z.txt	d9b8e964a35a770f91ab5173f21006aecfa8ce55f4d7d146442c294e60ccee76	2	1	POLYCOMP_D4_T3_00B_CORRECTED_LOOP_PREFLIGHT/POLYCOMP_D4_T3_00B_CORRECTED_LOOP_PREFLIGHT_20260726T021122Z.txt | POLYCOMP_D4_T3_00D_FINAL_FREEZE/POLYCOMP_D4_T3_FINAL_EVIDENCE_20260726T023051Z/campaign_stages/00B_CORRECTED_LOOP_POSITIVE_PREFLIGHT/POLYCOMP_D4_T3_00B_CORRECTED_LOOP_PREFLIGHT_20260726T021122Z.txt
experiments/polycomp-d4/T03-compressed-domain-retraction/01-corrected-loop-positive-preflight/POLYCOMP_D4_T3_00B_CORRECTED_LOOP_PREFLIGHT/POLYCOMP_D4_T3_00B_CORRECTED_LOOP_PREFLIGHT_20260726T021122Z.txt.sha256	3979fc3b1f971c7e2e60ed48bd74d8fa1810dbcaa1e91071003da6d50fd16853	2	1	POLYCOMP_D4_T3_00B_CORRECTED_LOOP_PREFLIGHT/POLYCOMP_D4_T3_00B_CORRECTED_LOOP_PREFLIGHT_20260726T021122Z.txt.sha256 | POLYCOMP_D4_T3_00D_FINAL_FREEZE/POLYCOMP_D4_T3_FINAL_EVIDENCE_20260726T023051Z/campaign_stages/00B_CORRECTED_LOOP_POSITIVE_PREFLIGHT/POLYCOMP_D4_T3_00B_CORRECTED_LOOP_PREFLIGHT_20260726T021122Z.txt.sha256
experiments/polycomp-d4/T03-compressed-domain-retraction/01-corrected-loop-positive-preflight/POLYCOMP_D4_T3_00B_CORRECTED_LOOP_PREFLIGHT/T3_COMPRESSOR_LOOP_CONTEXT_20260726T021122Z.txt	2b0ae999c0dcaf704763c55e668809a4e0b45c989fb353f932f50b92c0632925	2	1	POLYCOMP_D4_T3_00B_CORRECTED_LOOP_PREFLIGHT/T3_COMPRESSOR_LOOP_CONTEXT_20260726T021122Z.txt | POLYCOMP_D4_T3_00D_FINAL_FREEZE/POLYCOMP_D4_T3_FINAL_EVIDENCE_20260726T023051Z/campaign_stages/00B_CORRECTED_LOOP_POSITIVE_PREFLIGHT/T3_COMPRESSOR_LOOP_CONTEXT_20260726T021122Z.txt
experiments/polycomp-d4/T03-compressed-domain-retraction/01-corrected-loop-positive-preflight/POLYCOMP_D4_T3_00B_CORRECTED_LOOP_PREFLIGHT/T3_LOOP_MAP_20260726T021122Z.txt	7db0ee6404137b77675892c2e79e2fba359599e09265f985646354effd8e36b9	2	1	POLYCOMP_D4_T3_00B_CORRECTED_LOOP_PREFLIGHT/T3_LOOP_MAP_20260726T021122Z.txt | POLYCOMP_D4_T3_00D_FINAL_FREEZE/POLYCOMP_D4_T3_FINAL_EVIDENCE_20260726T023051Z/campaign_stages/00B_CORRECTED_LOOP_POSITIVE_PREFLIGHT/T3_LOOP_MAP_20260726T021122Z.txt
experiments/polycomp-d4/T03-compressed-domain-retraction/01-corrected-loop-positive-preflight/POLYCOMP_D4_T3_00B_CORRECTED_LOOP_PREFLIGHT/T3_LOOP_REPORT_20260726T021122Z.txt	cfb711b0eadc68eb61622584bee86433d2d5534b2f539abbf7e393e3a5beb9fc	2	1	POLYCOMP_D4_T3_00B_CORRECTED_LOOP_PREFLIGHT/T3_LOOP_REPORT_20260726T021122Z.txt | POLYCOMP_D4_T3_00D_FINAL_FREEZE/POLYCOMP_D4_T3_FINAL_EVIDENCE_20260726T023051Z/campaign_stages/00B_CORRECTED_LOOP_POSITIVE_PREFLIGHT/T3_LOOP_REPORT_20260726T021122Z.txt
experiments/polycomp-d4/T03-compressed-domain-retraction/01-corrected-loop-positive-preflight/POLYCOMP_D4_T3_00B_CORRECTED_LOOP_PREFLIGHT/T3_PROPERTY_REPORT_20260726T021122Z.txt	c421e52a448cce5216fd2e887e47495f4b839d87af926ebf4e809b2158b0de23	2	1	POLYCOMP_D4_T3_00B_CORRECTED_LOOP_PREFLIGHT/T3_PROPERTY_REPORT_20260726T021122Z.txt | POLYCOMP_D4_T3_00D_FINAL_FREEZE/POLYCOMP_D4_T3_FINAL_EVIDENCE_20260726T023051Z/campaign_stages/00B_CORRECTED_LOOP_POSITIVE_PREFLIGHT/T3_PROPERTY_REPORT_20260726T021122Z.txt
experiments/polycomp-d4/T03-compressed-domain-retraction/01-corrected-loop-positive-preflight/POLYCOMP_D4_T3_00B_CORRECTED_LOOP_PREFLIGHT/T3_SEMANTIC_RESULT_20260726T021122Z.json	4cf15e0ac40c43b37b5ca96fefa30932f85ce79a792d29a6b3409d0b7d85a4ed	2	1	POLYCOMP_D4_T3_00B_CORRECTED_LOOP_PREFLIGHT/T3_SEMANTIC_RESULT_20260726T021122Z.json | POLYCOMP_D4_T3_00D_FINAL_FREEZE/POLYCOMP_D4_T3_FINAL_EVIDENCE_20260726T023051Z/campaign_stages/00B_CORRECTED_LOOP_POSITIVE_PREFLIGHT/T3_SEMANTIC_RESULT_20260726T021122Z.json
experiments/polycomp-d4/T03-compressed-domain-retraction/01-corrected-loop-positive-preflight/POLYCOMP_D4_T3_00B_CORRECTED_LOOP_PREFLIGHT/T3_SEMANTIC_STDERR_20260726T021122Z.txt	e3b0c44298fc1c149afbf4c8996fb92427ae41e4649b934ca495991b7852b855	2	1	POLYCOMP_D4_T3_00B_CORRECTED_LOOP_PREFLIGHT/T3_SEMANTIC_STDERR_20260726T021122Z.txt | POLYCOMP_D4_T3_00D_FINAL_FREEZE/POLYCOMP_D4_T3_FINAL_EVIDENCE_20260726T023051Z/campaign_stages/00B_CORRECTED_LOOP_POSITIVE_PREFLIGHT/T3_SEMANTIC_STDERR_20260726T021122Z.txt
experiments/polycomp-d4/T03-compressed-domain-retraction/01-corrected-loop-positive-preflight/POLYCOMP_D4_T3_00B_CORRECTED_LOOP_PREFLIGHT/T3_SEMANTIC_SUMMARY_20260726T021122Z.txt	c64029e64af27667770f17b7cdbab2cbcb2e374c141cc19772ffd9f484f079c7	2	1	POLYCOMP_D4_T3_00B_CORRECTED_LOOP_PREFLIGHT/T3_SEMANTIC_SUMMARY_20260726T021122Z.txt | POLYCOMP_D4_T3_00D_FINAL_FREEZE/POLYCOMP_D4_T3_FINAL_EVIDENCE_20260726T023051Z/campaign_stages/00B_CORRECTED_LOOP_POSITIVE_PREFLIGHT/T3_SEMANTIC_SUMMARY_20260726T021122Z.txt
experiments/polycomp-d4/T03-compressed-domain-retraction/01-corrected-loop-positive-preflight/POLYCOMP_D4_T3_00B_CORRECTED_LOOP_PREFLIGHT/T3_STRICT_RESULT_20260726T021122Z.json	f97760ff59f5ba711e4929f4046e9dec3bfb902cc2dd46288d54c5091b9c3163	2	1	POLYCOMP_D4_T3_00B_CORRECTED_LOOP_PREFLIGHT/T3_STRICT_RESULT_20260726T021122Z.json | POLYCOMP_D4_T3_00D_FINAL_FREEZE/POLYCOMP_D4_T3_FINAL_EVIDENCE_20260726T023051Z/campaign_stages/00B_CORRECTED_LOOP_POSITIVE_PREFLIGHT/T3_STRICT_RESULT_20260726T021122Z.json
experiments/polycomp-d4/T03-compressed-domain-retraction/01-corrected-loop-positive-preflight/POLYCOMP_D4_T3_00B_CORRECTED_LOOP_PREFLIGHT/T3_STRICT_STDERR_20260726T021122Z.txt	e3b0c44298fc1c149afbf4c8996fb92427ae41e4649b934ca495991b7852b855	2	1	POLYCOMP_D4_T3_00B_CORRECTED_LOOP_PREFLIGHT/T3_STRICT_STDERR_20260726T021122Z.txt | POLYCOMP_D4_T3_00D_FINAL_FREEZE/POLYCOMP_D4_T3_FINAL_EVIDENCE_20260726T023051Z/campaign_stages/00B_CORRECTED_LOOP_POSITIVE_PREFLIGHT/T3_STRICT_STDERR_20260726T021122Z.txt
experiments/polycomp-d4/T03-compressed-domain-retraction/01-corrected-loop-positive-preflight/POLYCOMP_D4_T3_00B_CORRECTED_LOOP_PREFLIGHT/T3_STRICT_SUMMARY_20260726T021122Z.txt	9efb2ab27c203821091e144d83ed534ed5a887255c017690ab52d41128ad1520	2	1	POLYCOMP_D4_T3_00B_CORRECTED_LOOP_PREFLIGHT/T3_STRICT_SUMMARY_20260726T021122Z.txt | POLYCOMP_D4_T3_00D_FINAL_FREEZE/POLYCOMP_D4_T3_FINAL_EVIDENCE_20260726T023051Z/campaign_stages/00B_CORRECTED_LOOP_POSITIVE_PREFLIGHT/T3_STRICT_SUMMARY_20260726T021122Z.txt
experiments/polycomp-d4/T03-compressed-domain-retraction/02-nonvacuity-mutations-and-cycle-stability/POLYCOMP_D4_T3_00C_NONVAC_MUT_NIBBLE_CYCLE/POLYCOMP_D4_T3_00C_NONVAC_MUT_NIBBLE_CYCLE_20260726T022113Z.txt	eb31e4f3edcc5a9984e719cd24b9b4b7431aad6e05072d1f3a031222d5caa20e	2	1	POLYCOMP_D4_T3_00C_NONVAC_MUT_NIBBLE_CYCLE/POLYCOMP_D4_T3_00C_NONVAC_MUT_NIBBLE_CYCLE_20260726T022113Z.txt | POLYCOMP_D4_T3_00D_FINAL_FREEZE/POLYCOMP_D4_T3_FINAL_EVIDENCE_20260726T023051Z/campaign_stages/00C_NONVACUITY_MUTATIONS_NIBBLE_CYCLE/POLYCOMP_D4_T3_00C_NONVAC_MUT_NIBBLE_CYCLE_20260726T022113Z.txt
experiments/polycomp-d4/T03-compressed-domain-retraction/02-nonvacuity-mutations-and-cycle-stability/POLYCOMP_D4_T3_00C_NONVAC_MUT_NIBBLE_CYCLE/POLYCOMP_D4_T3_00C_NONVAC_MUT_NIBBLE_CYCLE_20260726T022113Z.txt.sha256	193ea104def5da6d60eb25fb7c1ede9d314145e353bbbd4e313370b74037b3a2	2	1	POLYCOMP_D4_T3_00C_NONVAC_MUT_NIBBLE_CYCLE/POLYCOMP_D4_T3_00C_NONVAC_MUT_NIBBLE_CYCLE_20260726T022113Z.txt.sha256 | POLYCOMP_D4_T3_00D_FINAL_FREEZE/POLYCOMP_D4_T3_FINAL_EVIDENCE_20260726T023051Z/campaign_stages/00C_NONVACUITY_MUTATIONS_NIBBLE_CYCLE/POLYCOMP_D4_T3_00C_NONVAC_MUT_NIBBLE_CYCLE_20260726T022113Z.txt.sha256
experiments/polycomp-d4/T03-compressed-domain-retraction/02-nonvacuity-mutations-and-cycle-stability/POLYCOMP_D4_T3_00C_NONVAC_MUT_NIBBLE_CYCLE/T3_COMP_MUT_LOOP_REPORT_20260726T022113Z.txt	dbef999c393c9f359935d48141350125627923879ea8bcc0cc30192815b4d879	2	1	POLYCOMP_D4_T3_00C_NONVAC_MUT_NIBBLE_CYCLE/T3_COMP_MUT_LOOP_REPORT_20260726T022113Z.txt | POLYCOMP_D4_T3_00D_FINAL_FREEZE/POLYCOMP_D4_T3_FINAL_EVIDENCE_20260726T023051Z/campaign_stages/00C_NONVACUITY_MUTATIONS_NIBBLE_CYCLE/T3_COMP_MUT_LOOP_REPORT_20260726T022113Z.txt
experiments/polycomp-d4/T03-compressed-domain-retraction/02-nonvacuity-mutations-and-cycle-stability/POLYCOMP_D4_T3_00C_NONVAC_MUT_NIBBLE_CYCLE/T3_COMP_MUT_RESULT_20260726T022113Z.json	4bd3ff802e5c2b72d3ae8d0d712055602466ed08313c2c4c95323a920086a22a	2	1	POLYCOMP_D4_T3_00C_NONVAC_MUT_NIBBLE_CYCLE/T3_COMP_MUT_RESULT_20260726T022113Z.json | POLYCOMP_D4_T3_00D_FINAL_FREEZE/POLYCOMP_D4_T3_FINAL_EVIDENCE_20260726T023051Z/campaign_stages/00C_NONVACUITY_MUTATIONS_NIBBLE_CYCLE/T3_COMP_MUT_RESULT_20260726T022113Z.json
experiments/polycomp-d4/T03-compressed-domain-retraction/02-nonvacuity-mutations-and-cycle-stability/POLYCOMP_D4_T3_00C_NONVAC_MUT_NIBBLE_CYCLE/T3_COMP_MUT_RUNNER_20260726T022113Z.json	befcbb69e159aa2fc142db242b3dfd4831479ef0ee112bc635bd964a7be622e4	2	1	POLYCOMP_D4_T3_00C_NONVAC_MUT_NIBBLE_CYCLE/T3_COMP_MUT_RUNNER_20260726T022113Z.json | POLYCOMP_D4_T3_00D_FINAL_FREEZE/POLYCOMP_D4_T3_FINAL_EVIDENCE_20260726T023051Z/campaign_stages/00C_NONVACUITY_MUTATIONS_NIBBLE_CYCLE/T3_COMP_MUT_RUNNER_20260726T022113Z.json
experiments/polycomp-d4/T03-compressed-domain-retraction/02-nonvacuity-mutations-and-cycle-stability/POLYCOMP_D4_T3_00C_NONVAC_MUT_NIBBLE_CYCLE/T3_COMP_MUT_RUNNER_20260726T022113Z.txt	7e241f69f533d63c49575aabf2a549dacfd46beb9d8d570f1fc071bba41a4d7c	2	1	POLYCOMP_D4_T3_00C_NONVAC_MUT_NIBBLE_CYCLE/T3_COMP_MUT_RUNNER_20260726T022113Z.txt | POLYCOMP_D4_T3_00D_FINAL_FREEZE/POLYCOMP_D4_T3_FINAL_EVIDENCE_20260726T023051Z/campaign_stages/00C_NONVACUITY_MUTATIONS_NIBBLE_CYCLE/T3_COMP_MUT_RUNNER_20260726T022113Z.txt
experiments/polycomp-d4/T03-compressed-domain-retraction/02-nonvacuity-mutations-and-cycle-stability/POLYCOMP_D4_T3_00C_NONVAC_MUT_NIBBLE_CYCLE/T3_COMP_MUT_STDERR_20260726T022113Z.txt	e3b0c44298fc1c149afbf4c8996fb92427ae41e4649b934ca495991b7852b855	2	1	POLYCOMP_D4_T3_00C_NONVAC_MUT_NIBBLE_CYCLE/T3_COMP_MUT_STDERR_20260726T022113Z.txt | POLYCOMP_D4_T3_00D_FINAL_FREEZE/POLYCOMP_D4_T3_FINAL_EVIDENCE_20260726T023051Z/campaign_stages/00C_NONVACUITY_MUTATIONS_NIBBLE_CYCLE/T3_COMP_MUT_STDERR_20260726T022113Z.txt
experiments/polycomp-d4/T03-compressed-domain-retraction/02-nonvacuity-mutations-and-cycle-stability/POLYCOMP_D4_T3_00C_NONVAC_MUT_NIBBLE_CYCLE/T3_COMP_MUT_SUMMARY_20260726T022113Z.txt	48a0b150a1446f11d17c8151a549a3cdb9f44060cc1b25a62be59ed13f848af6	2	1	POLYCOMP_D4_T3_00C_NONVAC_MUT_NIBBLE_CYCLE/T3_COMP_MUT_SUMMARY_20260726T022113Z.txt | POLYCOMP_D4_T3_00D_FINAL_FREEZE/POLYCOMP_D4_T3_FINAL_EVIDENCE_20260726T023051Z/campaign_stages/00C_NONVACUITY_MUTATIONS_NIBBLE_CYCLE/T3_COMP_MUT_SUMMARY_20260726T022113Z.txt
experiments/polycomp-d4/T03-compressed-domain-retraction/02-nonvacuity-mutations-and-cycle-stability/POLYCOMP_D4_T3_00C_NONVAC_MUT_NIBBLE_CYCLE/T3_CYCLE_LOOP_REPORT_20260726T022113Z.txt	2168419d44aa1d44d0ccca0812ba3ce5fd663949dbcda701c5d00514dd052491	2	1	POLYCOMP_D4_T3_00C_NONVAC_MUT_NIBBLE_CYCLE/T3_CYCLE_LOOP_REPORT_20260726T022113Z.txt | POLYCOMP_D4_T3_00D_FINAL_FREEZE/POLYCOMP_D4_T3_FINAL_EVIDENCE_20260726T023051Z/campaign_stages/00C_NONVACUITY_MUTATIONS_NIBBLE_CYCLE/T3_CYCLE_LOOP_REPORT_20260726T022113Z.txt
experiments/polycomp-d4/T03-compressed-domain-retraction/02-nonvacuity-mutations-and-cycle-stability/POLYCOMP_D4_T3_00C_NONVAC_MUT_NIBBLE_CYCLE/T3_CYCLE_PROPERTY_REPORT_20260726T022113Z.txt	ee8bacded3db095e6b0f9df5a349e43e4a2a23977fdb90aa9aa4d4cda2b3de4f	2	1	POLYCOMP_D4_T3_00C_NONVAC_MUT_NIBBLE_CYCLE/T3_CYCLE_PROPERTY_REPORT_20260726T022113Z.txt | POLYCOMP_D4_T3_00D_FINAL_FREEZE/POLYCOMP_D4_T3_FINAL_EVIDENCE_20260726T023051Z/campaign_stages/00C_NONVACUITY_MUTATIONS_NIBBLE_CYCLE/T3_CYCLE_PROPERTY_REPORT_20260726T022113Z.txt
experiments/polycomp-d4/T03-compressed-domain-retraction/02-nonvacuity-mutations-and-cycle-stability/POLYCOMP_D4_T3_00C_NONVAC_MUT_NIBBLE_CYCLE/T3_CYCLE_RUNNER_20260726T022113Z.json	24910efe5d715ccc645be8ff9a76bbd81f10f9dd22be88e84787f54438f33dce	2	1	POLYCOMP_D4_T3_00C_NONVAC_MUT_NIBBLE_CYCLE/T3_CYCLE_RUNNER_20260726T022113Z.json | POLYCOMP_D4_T3_00D_FINAL_FREEZE/POLYCOMP_D4_T3_FINAL_EVIDENCE_20260726T023051Z/campaign_stages/00C_NONVACUITY_MUTATIONS_NIBBLE_CYCLE/T3_CYCLE_RUNNER_20260726T022113Z.json
experiments/polycomp-d4/T03-compressed-domain-retraction/02-nonvacuity-mutations-and-cycle-stability/POLYCOMP_D4_T3_00C_NONVAC_MUT_NIBBLE_CYCLE/T3_CYCLE_RUNNER_20260726T022113Z.txt	dfebeee7a49f21b7ebcdfe08c2b7d2206809949ace6148cd162d7602820914f2	2	1	POLYCOMP_D4_T3_00C_NONVAC_MUT_NIBBLE_CYCLE/T3_CYCLE_RUNNER_20260726T022113Z.txt | POLYCOMP_D4_T3_00D_FINAL_FREEZE/POLYCOMP_D4_T3_FINAL_EVIDENCE_20260726T023051Z/campaign_stages/00C_NONVACUITY_MUTATIONS_NIBBLE_CYCLE/T3_CYCLE_RUNNER_20260726T022113Z.txt
experiments/polycomp-d4/T03-compressed-domain-retraction/02-nonvacuity-mutations-and-cycle-stability/POLYCOMP_D4_T3_00C_NONVAC_MUT_NIBBLE_CYCLE/T3_CYCLE_SEMANTIC_20260726T022113Z.json	f7bd55cf77108f687c3e22e4107ddcaa5d1e3b7a31aa217c1edb58e11c2fce37	2	1	POLYCOMP_D4_T3_00C_NONVAC_MUT_NIBBLE_CYCLE/T3_CYCLE_SEMANTIC_20260726T022113Z.json | POLYCOMP_D4_T3_00D_FINAL_FREEZE/POLYCOMP_D4_T3_FINAL_EVIDENCE_20260726T023051Z/campaign_stages/00C_NONVACUITY_MUTATIONS_NIBBLE_CYCLE/T3_CYCLE_SEMANTIC_20260726T022113Z.json
experiments/polycomp-d4/T03-compressed-domain-retraction/02-nonvacuity-mutations-and-cycle-stability/POLYCOMP_D4_T3_00C_NONVAC_MUT_NIBBLE_CYCLE/T3_CYCLE_SEMANTIC_STDERR_20260726T022113Z.txt	e3b0c44298fc1c149afbf4c8996fb92427ae41e4649b934ca495991b7852b855	2	1	POLYCOMP_D4_T3_00C_NONVAC_MUT_NIBBLE_CYCLE/T3_CYCLE_SEMANTIC_STDERR_20260726T022113Z.txt | POLYCOMP_D4_T3_00D_FINAL_FREEZE/POLYCOMP_D4_T3_FINAL_EVIDENCE_20260726T023051Z/campaign_stages/00C_NONVACUITY_MUTATIONS_NIBBLE_CYCLE/T3_CYCLE_SEMANTIC_STDERR_20260726T022113Z.txt
experiments/polycomp-d4/T03-compressed-domain-retraction/02-nonvacuity-mutations-and-cycle-stability/POLYCOMP_D4_T3_00C_NONVAC_MUT_NIBBLE_CYCLE/T3_CYCLE_SEMANTIC_SUMMARY_20260726T022113Z.txt	ea8afe2dbbd13deb7f07cd90d42e5ac518ef5eceaa2ea0a1de1c4ef2f229ef14	2	1	POLYCOMP_D4_T3_00C_NONVAC_MUT_NIBBLE_CYCLE/T3_CYCLE_SEMANTIC_SUMMARY_20260726T022113Z.txt | POLYCOMP_D4_T3_00D_FINAL_FREEZE/POLYCOMP_D4_T3_FINAL_EVIDENCE_20260726T023051Z/campaign_stages/00C_NONVACUITY_MUTATIONS_NIBBLE_CYCLE/T3_CYCLE_SEMANTIC_SUMMARY_20260726T022113Z.txt
experiments/polycomp-d4/T03-compressed-domain-retraction/02-nonvacuity-mutations-and-cycle-stability/POLYCOMP_D4_T3_00C_NONVAC_MUT_NIBBLE_CYCLE/T3_CYCLE_STRICT_20260726T022113Z.json	3e9e281d78e43c58ba1858b45b2cf5ec1dcfda36b8f35d3b3d2f0e3838eb2a20	2	1	POLYCOMP_D4_T3_00C_NONVAC_MUT_NIBBLE_CYCLE/T3_CYCLE_STRICT_20260726T022113Z.json | POLYCOMP_D4_T3_00D_FINAL_FREEZE/POLYCOMP_D4_T3_FINAL_EVIDENCE_20260726T023051Z/campaign_stages/00C_NONVACUITY_MUTATIONS_NIBBLE_CYCLE/T3_CYCLE_STRICT_20260726T022113Z.json
experiments/polycomp-d4/T03-compressed-domain-retraction/02-nonvacuity-mutations-and-cycle-stability/POLYCOMP_D4_T3_00C_NONVAC_MUT_NIBBLE_CYCLE/T3_CYCLE_STRICT_STDERR_20260726T022113Z.txt	e3b0c44298fc1c149afbf4c8996fb92427ae41e4649b934ca495991b7852b855	2	1	POLYCOMP_D4_T3_00C_NONVAC_MUT_NIBBLE_CYCLE/T3_CYCLE_STRICT_STDERR_20260726T022113Z.txt | POLYCOMP_D4_T3_00D_FINAL_FREEZE/POLYCOMP_D4_T3_FINAL_EVIDENCE_20260726T023051Z/campaign_stages/00C_NONVACUITY_MUTATIONS_NIBBLE_CYCLE/T3_CYCLE_STRICT_STDERR_20260726T022113Z.txt
experiments/polycomp-d4/T03-compressed-domain-retraction/02-nonvacuity-mutations-and-cycle-stability/POLYCOMP_D4_T3_00C_NONVAC_MUT_NIBBLE_CYCLE/T3_CYCLE_STRICT_SUMMARY_20260726T022113Z.txt	2454a0e6cb3bc84ec9dc2edb9faaed2a0acc78f996e9914fe5cebd11da3f2006	2	1	POLYCOMP_D4_T3_00C_NONVAC_MUT_NIBBLE_CYCLE/T3_CYCLE_STRICT_SUMMARY_20260726T022113Z.txt | POLYCOMP_D4_T3_00D_FINAL_FREEZE/POLYCOMP_D4_T3_FINAL_EVIDENCE_20260726T023051Z/campaign_stages/00C_NONVACUITY_MUTATIONS_NIBBLE_CYCLE/T3_CYCLE_STRICT_SUMMARY_20260726T022113Z.txt
experiments/polycomp-d4/T03-compressed-domain-retraction/02-nonvacuity-mutations-and-cycle-stability/POLYCOMP_D4_T3_00C_NONVAC_MUT_NIBBLE_CYCLE/T3_DECOMP_MUT_LOOP_REPORT_20260726T022113Z.txt	518a150c9d9106440e0dc1f47fbc36da29e24312c78ab83d3f855cfecb009439	2	1	POLYCOMP_D4_T3_00C_NONVAC_MUT_NIBBLE_CYCLE/T3_DECOMP_MUT_LOOP_REPORT_20260726T022113Z.txt | POLYCOMP_D4_T3_00D_FINAL_FREEZE/POLYCOMP_D4_T3_FINAL_EVIDENCE_20260726T023051Z/campaign_stages/00C_NONVACUITY_MUTATIONS_NIBBLE_CYCLE/T3_DECOMP_MUT_LOOP_REPORT_20260726T022113Z.txt
experiments/polycomp-d4/T03-compressed-domain-retraction/02-nonvacuity-mutations-and-cycle-stability/POLYCOMP_D4_T3_00C_NONVAC_MUT_NIBBLE_CYCLE/T3_DECOMP_MUT_RESULT_20260726T022113Z.json	b89633ecc0e925f53314398b66de673dc3fe2fea94181af9d654cbc4df0242f5	2	1	POLYCOMP_D4_T3_00C_NONVAC_MUT_NIBBLE_CYCLE/T3_DECOMP_MUT_RESULT_20260726T022113Z.json | POLYCOMP_D4_T3_00D_FINAL_FREEZE/POLYCOMP_D4_T3_FINAL_EVIDENCE_20260726T023051Z/campaign_stages/00C_NONVACUITY_MUTATIONS_NIBBLE_CYCLE/T3_DECOMP_MUT_RESULT_20260726T022113Z.json
experiments/polycomp-d4/T03-compressed-domain-retraction/02-nonvacuity-mutations-and-cycle-stability/POLYCOMP_D4_T3_00C_NONVAC_MUT_NIBBLE_CYCLE/T3_DECOMP_MUT_RUNNER_20260726T022113Z.json	2d9d0cc50a222b85166a8679b4e39edfec2b377d6f5ec5611e83a3d0660cd58d	2	1	POLYCOMP_D4_T3_00C_NONVAC_MUT_NIBBLE_CYCLE/T3_DECOMP_MUT_RUNNER_20260726T022113Z.json | POLYCOMP_D4_T3_00D_FINAL_FREEZE/POLYCOMP_D4_T3_FINAL_EVIDENCE_20260726T023051Z/campaign_stages/00C_NONVACUITY_MUTATIONS_NIBBLE_CYCLE/T3_DECOMP_MUT_RUNNER_20260726T022113Z.json
experiments/polycomp-d4/T03-compressed-domain-retraction/02-nonvacuity-mutations-and-cycle-stability/POLYCOMP_D4_T3_00C_NONVAC_MUT_NIBBLE_CYCLE/T3_DECOMP_MUT_RUNNER_20260726T022113Z.txt	81130ca6463939ad46d6abe01abbcb0b4547e9e6610c1c857c22a578469d453b	2	1	POLYCOMP_D4_T3_00C_NONVAC_MUT_NIBBLE_CYCLE/T3_DECOMP_MUT_RUNNER_20260726T022113Z.txt | POLYCOMP_D4_T3_00D_FINAL_FREEZE/POLYCOMP_D4_T3_FINAL_EVIDENCE_20260726T023051Z/campaign_stages/00C_NONVACUITY_MUTATIONS_NIBBLE_CYCLE/T3_DECOMP_MUT_RUNNER_20260726T022113Z.txt
experiments/polycomp-d4/T03-compressed-domain-retraction/02-nonvacuity-mutations-and-cycle-stability/POLYCOMP_D4_T3_00C_NONVAC_MUT_NIBBLE_CYCLE/T3_DECOMP_MUT_STDERR_20260726T022113Z.txt	e3b0c44298fc1c149afbf4c8996fb92427ae41e4649b934ca495991b7852b855	2	1	POLYCOMP_D4_T3_00C_NONVAC_MUT_NIBBLE_CYCLE/T3_DECOMP_MUT_STDERR_20260726T022113Z.txt | POLYCOMP_D4_T3_00D_FINAL_FREEZE/POLYCOMP_D4_T3_FINAL_EVIDENCE_20260726T023051Z/campaign_stages/00C_NONVACUITY_MUTATIONS_NIBBLE_CYCLE/T3_DECOMP_MUT_STDERR_20260726T022113Z.txt
experiments/polycomp-d4/T03-compressed-domain-retraction/02-nonvacuity-mutations-and-cycle-stability/POLYCOMP_D4_T3_00C_NONVAC_MUT_NIBBLE_CYCLE/T3_DECOMP_MUT_SUMMARY_20260726T022113Z.txt	bc137e8d46c8f716c688d42746270609c949cd309e2af737be4dcc90cecb6e5c	2	1	POLYCOMP_D4_T3_00C_NONVAC_MUT_NIBBLE_CYCLE/T3_DECOMP_MUT_SUMMARY_20260726T022113Z.txt | POLYCOMP_D4_T3_00D_FINAL_FREEZE/POLYCOMP_D4_T3_FINAL_EVIDENCE_20260726T023051Z/campaign_stages/00C_NONVACUITY_MUTATIONS_NIBBLE_CYCLE/T3_DECOMP_MUT_SUMMARY_20260726T022113Z.txt
experiments/polycomp-d4/T03-compressed-domain-retraction/02-nonvacuity-mutations-and-cycle-stability/POLYCOMP_D4_T3_00C_NONVAC_MUT_NIBBLE_CYCLE/T3_LOCATION_COVERAGE_20260726T022113Z.json	af246ce2d78265a15b83d21df61026945e1d35747a4a69bdb90c2c96b54f22c9	2	1	POLYCOMP_D4_T3_00C_NONVAC_MUT_NIBBLE_CYCLE/T3_LOCATION_COVERAGE_20260726T022113Z.json | POLYCOMP_D4_T3_00D_FINAL_FREEZE/POLYCOMP_D4_T3_FINAL_EVIDENCE_20260726T023051Z/campaign_stages/00C_NONVACUITY_MUTATIONS_NIBBLE_CYCLE/T3_LOCATION_COVERAGE_20260726T022113Z.json
experiments/polycomp-d4/T03-compressed-domain-retraction/02-nonvacuity-mutations-and-cycle-stability/POLYCOMP_D4_T3_00C_NONVAC_MUT_NIBBLE_CYCLE/T3_LOCATION_COVERAGE_STDERR_20260726T022113Z.txt	e3b0c44298fc1c149afbf4c8996fb92427ae41e4649b934ca495991b7852b855	2	1	POLYCOMP_D4_T3_00C_NONVAC_MUT_NIBBLE_CYCLE/T3_LOCATION_COVERAGE_STDERR_20260726T022113Z.txt | POLYCOMP_D4_T3_00D_FINAL_FREEZE/POLYCOMP_D4_T3_FINAL_EVIDENCE_20260726T023051Z/campaign_stages/00C_NONVACUITY_MUTATIONS_NIBBLE_CYCLE/T3_LOCATION_COVERAGE_STDERR_20260726T022113Z.txt
experiments/polycomp-d4/T03-compressed-domain-retraction/02-nonvacuity-mutations-and-cycle-stability/POLYCOMP_D4_T3_00C_NONVAC_MUT_NIBBLE_CYCLE/T3_LOCATION_COVERAGE_SUMMARY_20260726T022113Z.txt	c0ebc47db7cc1ddafa288196003a4ed02e45cda60afa5715867a7664d56d2ebb	2	1	POLYCOMP_D4_T3_00C_NONVAC_MUT_NIBBLE_CYCLE/T3_LOCATION_COVERAGE_SUMMARY_20260726T022113Z.txt | POLYCOMP_D4_T3_00D_FINAL_FREEZE/POLYCOMP_D4_T3_FINAL_EVIDENCE_20260726T023051Z/campaign_stages/00C_NONVACUITY_MUTATIONS_NIBBLE_CYCLE/T3_LOCATION_COVERAGE_SUMMARY_20260726T022113Z.txt
experiments/polycomp-d4/T03-compressed-domain-retraction/02-nonvacuity-mutations-and-cycle-stability/POLYCOMP_D4_T3_00C_NONVAC_MUT_NIBBLE_CYCLE/T3_NIBBLE_LOOP_REPORT_20260726T022113Z.txt	93ec81c295412367bafad784959e1bf655b52e0aa2ab8be6f38eb294bc8ff765	2	1	POLYCOMP_D4_T3_00C_NONVAC_MUT_NIBBLE_CYCLE/T3_NIBBLE_LOOP_REPORT_20260726T022113Z.txt | POLYCOMP_D4_T3_00D_FINAL_FREEZE/POLYCOMP_D4_T3_FINAL_EVIDENCE_20260726T023051Z/campaign_stages/00C_NONVACUITY_MUTATIONS_NIBBLE_CYCLE/T3_NIBBLE_LOOP_REPORT_20260726T022113Z.txt
experiments/polycomp-d4/T03-compressed-domain-retraction/02-nonvacuity-mutations-and-cycle-stability/POLYCOMP_D4_T3_00C_NONVAC_MUT_NIBBLE_CYCLE/T3_NIBBLE_PROPERTY_REPORT_20260726T022113Z.txt	ad084e95b9c6f0ac64f309038422d1bc004c9237709b37dcb69a2aa4a46e9ab5	2	1	POLYCOMP_D4_T3_00C_NONVAC_MUT_NIBBLE_CYCLE/T3_NIBBLE_PROPERTY_REPORT_20260726T022113Z.txt | POLYCOMP_D4_T3_00D_FINAL_FREEZE/POLYCOMP_D4_T3_FINAL_EVIDENCE_20260726T023051Z/campaign_stages/00C_NONVACUITY_MUTATIONS_NIBBLE_CYCLE/T3_NIBBLE_PROPERTY_REPORT_20260726T022113Z.txt
experiments/polycomp-d4/T03-compressed-domain-retraction/02-nonvacuity-mutations-and-cycle-stability/POLYCOMP_D4_T3_00C_NONVAC_MUT_NIBBLE_CYCLE/T3_NIBBLE_RUNNER_20260726T022113Z.json	5a40ec8c02aab2318a9675a6b35cfcbc15e9f2981ee3bf788b8d71622deae587	2	1	POLYCOMP_D4_T3_00C_NONVAC_MUT_NIBBLE_CYCLE/T3_NIBBLE_RUNNER_20260726T022113Z.json | POLYCOMP_D4_T3_00D_FINAL_FREEZE/POLYCOMP_D4_T3_FINAL_EVIDENCE_20260726T023051Z/campaign_stages/00C_NONVACUITY_MUTATIONS_NIBBLE_CYCLE/T3_NIBBLE_RUNNER_20260726T022113Z.json
experiments/polycomp-d4/T03-compressed-domain-retraction/02-nonvacuity-mutations-and-cycle-stability/POLYCOMP_D4_T3_00C_NONVAC_MUT_NIBBLE_CYCLE/T3_NIBBLE_RUNNER_20260726T022113Z.txt	dd6bcfd8ae9339c5e29dc41fdbc0d48b79c81a2d7962c89872f5db2817e885b8	2	1	POLYCOMP_D4_T3_00C_NONVAC_MUT_NIBBLE_CYCLE/T3_NIBBLE_RUNNER_20260726T022113Z.txt | POLYCOMP_D4_T3_00D_FINAL_FREEZE/POLYCOMP_D4_T3_FINAL_EVIDENCE_20260726T023051Z/campaign_stages/00C_NONVACUITY_MUTATIONS_NIBBLE_CYCLE/T3_NIBBLE_RUNNER_20260726T022113Z.txt
experiments/polycomp-d4/T03-compressed-domain-retraction/02-nonvacuity-mutations-and-cycle-stability/POLYCOMP_D4_T3_00C_NONVAC_MUT_NIBBLE_CYCLE/T3_NIBBLE_SEMANTIC_20260726T022113Z.json	05446034b000fdc66365ece1d6f373e9c05483f3c800ffa11d720bd0610b98ba	2	1	POLYCOMP_D4_T3_00C_NONVAC_MUT_NIBBLE_CYCLE/T3_NIBBLE_SEMANTIC_20260726T022113Z.json | POLYCOMP_D4_T3_00D_FINAL_FREEZE/POLYCOMP_D4_T3_FINAL_EVIDENCE_20260726T023051Z/campaign_stages/00C_NONVACUITY_MUTATIONS_NIBBLE_CYCLE/T3_NIBBLE_SEMANTIC_20260726T022113Z.json
experiments/polycomp-d4/T03-compressed-domain-retraction/02-nonvacuity-mutations-and-cycle-stability/POLYCOMP_D4_T3_00C_NONVAC_MUT_NIBBLE_CYCLE/T3_NIBBLE_SEMANTIC_STDERR_20260726T022113Z.txt	e3b0c44298fc1c149afbf4c8996fb92427ae41e4649b934ca495991b7852b855	2	1	POLYCOMP_D4_T3_00C_NONVAC_MUT_NIBBLE_CYCLE/T3_NIBBLE_SEMANTIC_STDERR_20260726T022113Z.txt | POLYCOMP_D4_T3_00D_FINAL_FREEZE/POLYCOMP_D4_T3_FINAL_EVIDENCE_20260726T023051Z/campaign_stages/00C_NONVACUITY_MUTATIONS_NIBBLE_CYCLE/T3_NIBBLE_SEMANTIC_STDERR_20260726T022113Z.txt
experiments/polycomp-d4/T03-compressed-domain-retraction/02-nonvacuity-mutations-and-cycle-stability/POLYCOMP_D4_T3_00C_NONVAC_MUT_NIBBLE_CYCLE/T3_NIBBLE_SEMANTIC_SUMMARY_20260726T022113Z.txt	0799dfb4bc5f013e0d2758799e96830d044c5aacf7835a98e03e9b2e1f00bbfb	2	1	POLYCOMP_D4_T3_00C_NONVAC_MUT_NIBBLE_CYCLE/T3_NIBBLE_SEMANTIC_SUMMARY_20260726T022113Z.txt | POLYCOMP_D4_T3_00D_FINAL_FREEZE/POLYCOMP_D4_T3_FINAL_EVIDENCE_20260726T023051Z/campaign_stages/00C_NONVACUITY_MUTATIONS_NIBBLE_CYCLE/T3_NIBBLE_SEMANTIC_SUMMARY_20260726T022113Z.txt
experiments/polycomp-d4/T03-compressed-domain-retraction/02-nonvacuity-mutations-and-cycle-stability/POLYCOMP_D4_T3_00C_NONVAC_MUT_NIBBLE_CYCLE/T3_NIBBLE_STRICT_20260726T022113Z.json	45e79ef7e954bc8d90e094e7a0a4ed9b4c579a49d5e70e0d377e27fadbcd46fe	2	1	POLYCOMP_D4_T3_00C_NONVAC_MUT_NIBBLE_CYCLE/T3_NIBBLE_STRICT_20260726T022113Z.json | POLYCOMP_D4_T3_00D_FINAL_FREEZE/POLYCOMP_D4_T3_FINAL_EVIDENCE_20260726T023051Z/campaign_stages/00C_NONVACUITY_MUTATIONS_NIBBLE_CYCLE/T3_NIBBLE_STRICT_20260726T022113Z.json
experiments/polycomp-d4/T03-compressed-domain-retraction/02-nonvacuity-mutations-and-cycle-stability/POLYCOMP_D4_T3_00C_NONVAC_MUT_NIBBLE_CYCLE/T3_NIBBLE_STRICT_STDERR_20260726T022113Z.txt	e3b0c44298fc1c149afbf4c8996fb92427ae41e4649b934ca495991b7852b855	2	1	POLYCOMP_D4_T3_00C_NONVAC_MUT_NIBBLE_CYCLE/T3_NIBBLE_STRICT_STDERR_20260726T022113Z.txt | POLYCOMP_D4_T3_00D_FINAL_FREEZE/POLYCOMP_D4_T3_FINAL_EVIDENCE_20260726T023051Z/campaign_stages/00C_NONVACUITY_MUTATIONS_NIBBLE_CYCLE/T3_NIBBLE_STRICT_STDERR_20260726T022113Z.txt
experiments/polycomp-d4/T03-compressed-domain-retraction/02-nonvacuity-mutations-and-cycle-stability/POLYCOMP_D4_T3_00C_NONVAC_MUT_NIBBLE_CYCLE/T3_NIBBLE_STRICT_SUMMARY_20260726T022113Z.txt	446f0d2e07de3cde93ffaea52ce505da453c7106a3b8f3dd0c16be3ed76e886f	2	1	POLYCOMP_D4_T3_00C_NONVAC_MUT_NIBBLE_CYCLE/T3_NIBBLE_STRICT_SUMMARY_20260726T022113Z.txt | POLYCOMP_D4_T3_00D_FINAL_FREEZE/POLYCOMP_D4_T3_FINAL_EVIDENCE_20260726T023051Z/campaign_stages/00C_NONVACUITY_MUTATIONS_NIBBLE_CYCLE/T3_NIBBLE_STRICT_SUMMARY_20260726T022113Z.txt
experiments/polycomp-d4/T03-compressed-domain-retraction/02-nonvacuity-mutations-and-cycle-stability/POLYCOMP_D4_T3_00C_NONVAC_MUT_NIBBLE_CYCLE/T3_POSITIVE_END_REACHABILITY_20260726T022113Z.goto	bd01064bb5488736b84ad6cea2ba85b36530c40e1785bd9773e66763fffd26cf	2	1	POLYCOMP_D4_T3_00C_NONVAC_MUT_NIBBLE_CYCLE/T3_POSITIVE_END_REACHABILITY_20260726T022113Z.goto | POLYCOMP_D4_T3_00D_FINAL_FREEZE/POLYCOMP_D4_T3_FINAL_EVIDENCE_20260726T023051Z/campaign_stages/00C_NONVACUITY_MUTATIONS_NIBBLE_CYCLE/T3_POSITIVE_END_REACHABILITY_20260726T022113Z.goto
experiments/polycomp-d4/T03-compressed-domain-retraction/02-nonvacuity-mutations-and-cycle-stability/POLYCOMP_D4_T3_00C_NONVAC_MUT_NIBBLE_CYCLE/T3_POSITIVE_END_REACHABILITY_20260726T022113Z.json	1e87a44eacfba9e83e3badb38adb97d59d8c0a06623d3bdd8f102a9f21e230a2	2	1	POLYCOMP_D4_T3_00C_NONVAC_MUT_NIBBLE_CYCLE/T3_POSITIVE_END_REACHABILITY_20260726T022113Z.json | POLYCOMP_D4_T3_00D_FINAL_FREEZE/POLYCOMP_D4_T3_FINAL_EVIDENCE_20260726T023051Z/campaign_stages/00C_NONVACUITY_MUTATIONS_NIBBLE_CYCLE/T3_POSITIVE_END_REACHABILITY_20260726T022113Z.json
experiments/polycomp-d4/T03-compressed-domain-retraction/02-nonvacuity-mutations-and-cycle-stability/POLYCOMP_D4_T3_00C_NONVAC_MUT_NIBBLE_CYCLE/T3_POSITIVE_END_REACHABILITY_STDERR_20260726T022113Z.txt	e3b0c44298fc1c149afbf4c8996fb92427ae41e4649b934ca495991b7852b855	2	1	POLYCOMP_D4_T3_00C_NONVAC_MUT_NIBBLE_CYCLE/T3_POSITIVE_END_REACHABILITY_STDERR_20260726T022113Z.txt | POLYCOMP_D4_T3_00D_FINAL_FREEZE/POLYCOMP_D4_T3_FINAL_EVIDENCE_20260726T023051Z/campaign_stages/00C_NONVACUITY_MUTATIONS_NIBBLE_CYCLE/T3_POSITIVE_END_REACHABILITY_STDERR_20260726T022113Z.txt
experiments/polycomp-d4/T03-compressed-domain-retraction/02-nonvacuity-mutations-and-cycle-stability/POLYCOMP_D4_T3_00C_NONVAC_MUT_NIBBLE_CYCLE/T3_POSITIVE_END_REACHABILITY_SUMMARY_20260726T022113Z.txt	31b35fbfc281029cad4e6a53b0ae9d2609e4ef39c01944370642d3920e9e540a	2	1	POLYCOMP_D4_T3_00C_NONVAC_MUT_NIBBLE_CYCLE/T3_POSITIVE_END_REACHABILITY_SUMMARY_20260726T022113Z.txt | POLYCOMP_D4_T3_00D_FINAL_FREEZE/POLYCOMP_D4_T3_FINAL_EVIDENCE_20260726T023051Z/campaign_stages/00C_NONVACUITY_MUTATIONS_NIBBLE_CYCLE/T3_POSITIVE_END_REACHABILITY_SUMMARY_20260726T022113Z.txt
experiments/polycomp-d4/T03-compressed-domain-retraction/02-nonvacuity-mutations-and-cycle-stability/POLYCOMP_D4_T3_00C_NONVAC_MUT_NIBBLE_CYCLE/T3_POSITIVE_REACH_INSTRUMENT_STDERR_20260726T022113Z.txt	e3b0c44298fc1c149afbf4c8996fb92427ae41e4649b934ca495991b7852b855	2	1	POLYCOMP_D4_T3_00C_NONVAC_MUT_NIBBLE_CYCLE/T3_POSITIVE_REACH_INSTRUMENT_STDERR_20260726T022113Z.txt | POLYCOMP_D4_T3_00D_FINAL_FREEZE/POLYCOMP_D4_T3_FINAL_EVIDENCE_20260726T023051Z/campaign_stages/00C_NONVACUITY_MUTATIONS_NIBBLE_CYCLE/T3_POSITIVE_REACH_INSTRUMENT_STDERR_20260726T022113Z.txt
experiments/polycomp-d4/T03-compressed-domain-retraction/02-nonvacuity-mutations-and-cycle-stability/POLYCOMP_D4_T3_00C_NONVAC_MUT_NIBBLE_CYCLE/T3_POSITIVE_REACH_INSTRUMENT_STDOUT_20260726T022113Z.txt	19025122281d54e2c573f4a5036fc16afab9c376637c9c354a35a7378b9cb41e	2	1	POLYCOMP_D4_T3_00C_NONVAC_MUT_NIBBLE_CYCLE/T3_POSITIVE_REACH_INSTRUMENT_STDOUT_20260726T022113Z.txt | POLYCOMP_D4_T3_00D_FINAL_FREEZE/POLYCOMP_D4_T3_FINAL_EVIDENCE_20260726T023051Z/campaign_stages/00C_NONVACUITY_MUTATIONS_NIBBLE_CYCLE/T3_POSITIVE_REACH_INSTRUMENT_STDOUT_20260726T022113Z.txt
experiments/polycomp-d4/T03-compressed-domain-retraction/final-review/POLYCOMP_D4_T3_FINAL_EVIDENCE_20260726T023051Z/FINAL_VALIDATION.txt	9c11f0af188e3ec47df9cb5984f114b93b74dbd0a2c547a7dcf9cf2bff8dccd6	2	1	POLYCOMP_D4_T3_00D_FINAL_FREEZE/POLYCOMP_D4_T3_FINAL_EVIDENCE_20260726T023051Z/FINAL_VALIDATION.txt | POLYCOMP_D4_T3_00D_FINAL_FREEZE/T3_FINAL_VALIDATION_20260726T023051Z.txt
experiments/polycomp-d4/T04-quantizer-projection/00-projection-and-distortion/POLYCOMP_D4_T4_00A_BOOTSTRAP_PROJECTION_DISTORTION/POLYCOMP_D4_T4_00A_BOOTSTRAP_PROJECTION_DISTORTION_20260726T024145Z.txt	5b5cab7d9b7704f46de07a05ac1b786ee600681868ab322b35aeacd4dd4a1270	2	1	POLYCOMP_D4_T4_00A_BOOTSTRAP_PROJECTION_DISTORTION/POLYCOMP_D4_T4_00A_BOOTSTRAP_PROJECTION_DISTORTION_20260726T024145Z.txt | POLYCOMP_D4_T4_00D_FINAL_FREEZE/POLYCOMP_D4_T4_FINAL_EVIDENCE_20260726T032519Z/campaign_stages/00A_PROJECTION_AND_DISTORTION/POLYCOMP_D4_T4_00A_BOOTSTRAP_PROJECTION_DISTORTION_20260726T024145Z.txt
experiments/polycomp-d4/T04-quantizer-projection/00-projection-and-distortion/POLYCOMP_D4_T4_00A_BOOTSTRAP_PROJECTION_DISTORTION/POLYCOMP_D4_T4_00A_BOOTSTRAP_PROJECTION_DISTORTION_20260726T024145Z.txt.sha256	94f147d077276398b0cbcc6c55fb1b494539e85d35b840113e0da1afc7958547	2	1	POLYCOMP_D4_T4_00A_BOOTSTRAP_PROJECTION_DISTORTION/POLYCOMP_D4_T4_00A_BOOTSTRAP_PROJECTION_DISTORTION_20260726T024145Z.txt.sha256 | POLYCOMP_D4_T4_00D_FINAL_FREEZE/POLYCOMP_D4_T4_FINAL_EVIDENCE_20260726T032519Z/campaign_stages/00A_PROJECTION_AND_DISTORTION/POLYCOMP_D4_T4_00A_BOOTSTRAP_PROJECTION_DISTORTION_20260726T024145Z.txt.sha256
experiments/polycomp-d4/T04-quantizer-projection/00-projection-and-distortion/POLYCOMP_D4_T4_00A_BOOTSTRAP_PROJECTION_DISTORTION/T4_FINITE_DERIVATION_20260726T024145Z.txt	7e24577b14c71d83dac7c22b625ff5c5b5c071aeff23f6a1e333bd690e79233a	2	1	POLYCOMP_D4_T4_00A_BOOTSTRAP_PROJECTION_DISTORTION/T4_FINITE_DERIVATION_20260726T024145Z.txt | POLYCOMP_D4_T4_00D_FINAL_FREEZE/POLYCOMP_D4_T4_FINAL_EVIDENCE_20260726T032519Z/campaign_stages/00A_PROJECTION_AND_DISTORTION/T4_FINITE_DERIVATION_20260726T024145Z.txt
experiments/polycomp-d4/T04-quantizer-projection/00-projection-and-distortion/POLYCOMP_D4_T4_00A_BOOTSTRAP_PROJECTION_DISTORTION/T4_LOOP_MAP_20260726T024145Z.txt	dc5c26f93bc3ff9c483d25e98434c9d85420286e94a7c4660b820b088e54029b	2	1	POLYCOMP_D4_T4_00A_BOOTSTRAP_PROJECTION_DISTORTION/T4_LOOP_MAP_20260726T024145Z.txt | POLYCOMP_D4_T4_00D_FINAL_FREEZE/POLYCOMP_D4_T4_FINAL_EVIDENCE_20260726T032519Z/campaign_stages/00A_PROJECTION_AND_DISTORTION/T4_LOOP_MAP_20260726T024145Z.txt
experiments/polycomp-d4/T04-quantizer-projection/00-projection-and-distortion/POLYCOMP_D4_T4_00A_BOOTSTRAP_PROJECTION_DISTORTION/T4_LOOP_REPORT_20260726T024145Z.txt	44f7d27d3044729cafb27aefdcda1e4138c25d063b8a6571c686eaa7052bee0b	2	1	POLYCOMP_D4_T4_00A_BOOTSTRAP_PROJECTION_DISTORTION/T4_LOOP_REPORT_20260726T024145Z.txt | POLYCOMP_D4_T4_00D_FINAL_FREEZE/POLYCOMP_D4_T4_FINAL_EVIDENCE_20260726T032519Z/campaign_stages/00A_PROJECTION_AND_DISTORTION/T4_LOOP_REPORT_20260726T024145Z.txt
experiments/polycomp-d4/T04-quantizer-projection/00-projection-and-distortion/POLYCOMP_D4_T4_00A_BOOTSTRAP_PROJECTION_DISTORTION/T4_NATIVE_OVERLAP_CAPTURE_20260726T024145Z.txt	24380cf3b51f4ba586d14537db93a0e892c9107f9422b9a2530ba0ccad499241	2	1	POLYCOMP_D4_T4_00A_BOOTSTRAP_PROJECTION_DISTORTION/T4_NATIVE_OVERLAP_CAPTURE_20260726T024145Z.txt | POLYCOMP_D4_T4_00D_FINAL_FREEZE/POLYCOMP_D4_T4_FINAL_EVIDENCE_20260726T032519Z/campaign_stages/00A_PROJECTION_AND_DISTORTION/T4_NATIVE_OVERLAP_CAPTURE_20260726T024145Z.txt
experiments/polycomp-d4/T04-quantizer-projection/00-projection-and-distortion/POLYCOMP_D4_T4_00A_BOOTSTRAP_PROJECTION_DISTORTION/T4_PROPERTY_REPORT_20260726T024145Z.txt	8ac8b50ae69b4e495e9a2fe0b4020748c18ad4f43e8e2face5303a4519c677fb	2	1	POLYCOMP_D4_T4_00A_BOOTSTRAP_PROJECTION_DISTORTION/T4_PROPERTY_REPORT_20260726T024145Z.txt | POLYCOMP_D4_T4_00D_FINAL_FREEZE/POLYCOMP_D4_T4_FINAL_EVIDENCE_20260726T032519Z/campaign_stages/00A_PROJECTION_AND_DISTORTION/T4_PROPERTY_REPORT_20260726T024145Z.txt
experiments/polycomp-d4/T04-quantizer-projection/00-projection-and-distortion/POLYCOMP_D4_T4_00A_BOOTSTRAP_PROJECTION_DISTORTION/T4_REGISTRY_EXTRACT_20260726T024145Z.txt	68e137d2750aef915a212076384267d576a80d4cbc43e5f91cf1c80e5d24c969	2	1	POLYCOMP_D4_T4_00A_BOOTSTRAP_PROJECTION_DISTORTION/T4_REGISTRY_EXTRACT_20260726T024145Z.txt | POLYCOMP_D4_T4_00D_FINAL_FREEZE/POLYCOMP_D4_T4_FINAL_EVIDENCE_20260726T032519Z/campaign_stages/00A_PROJECTION_AND_DISTORTION/T4_REGISTRY_EXTRACT_20260726T024145Z.txt
experiments/polycomp-d4/T04-quantizer-projection/00-projection-and-distortion/POLYCOMP_D4_T4_00A_BOOTSTRAP_PROJECTION_DISTORTION/T4_RUNNER_20260726T024145Z.json	440c2d671de0d1ea43ca9e5eac46624b7bdb9d0a338cd9ce8c85871d9e680dff	2	1	POLYCOMP_D4_T4_00A_BOOTSTRAP_PROJECTION_DISTORTION/T4_RUNNER_20260726T024145Z.json | POLYCOMP_D4_T4_00D_FINAL_FREEZE/POLYCOMP_D4_T4_FINAL_EVIDENCE_20260726T032519Z/campaign_stages/00A_PROJECTION_AND_DISTORTION/T4_RUNNER_20260726T024145Z.json
experiments/polycomp-d4/T04-quantizer-projection/00-projection-and-distortion/POLYCOMP_D4_T4_00A_BOOTSTRAP_PROJECTION_DISTORTION/T4_RUNNER_20260726T024145Z.txt	ec43858f09852f99eb141b9783b10d9ce22f45eda843834d4afcdafe0406a830	2	1	POLYCOMP_D4_T4_00A_BOOTSTRAP_PROJECTION_DISTORTION/T4_RUNNER_20260726T024145Z.txt | POLYCOMP_D4_T4_00D_FINAL_FREEZE/POLYCOMP_D4_T4_FINAL_EVIDENCE_20260726T032519Z/campaign_stages/00A_PROJECTION_AND_DISTORTION/T4_RUNNER_20260726T024145Z.txt
experiments/polycomp-d4/T04-quantizer-projection/00-projection-and-distortion/POLYCOMP_D4_T4_00A_BOOTSTRAP_PROJECTION_DISTORTION/T4_SEMANTIC_RESULT_20260726T024145Z.json	3cb0168b67c52a3d184ef432c6b7f36799ca46317258d583d2de8eaeafcf8d85	2	1	POLYCOMP_D4_T4_00A_BOOTSTRAP_PROJECTION_DISTORTION/T4_SEMANTIC_RESULT_20260726T024145Z.json | POLYCOMP_D4_T4_00D_FINAL_FREEZE/POLYCOMP_D4_T4_FINAL_EVIDENCE_20260726T032519Z/campaign_stages/00A_PROJECTION_AND_DISTORTION/T4_SEMANTIC_RESULT_20260726T024145Z.json
experiments/polycomp-d4/T04-quantizer-projection/00-projection-and-distortion/POLYCOMP_D4_T4_00A_BOOTSTRAP_PROJECTION_DISTORTION/T4_SEMANTIC_STDERR_20260726T024145Z.txt	e3b0c44298fc1c149afbf4c8996fb92427ae41e4649b934ca495991b7852b855	2	1	POLYCOMP_D4_T4_00A_BOOTSTRAP_PROJECTION_DISTORTION/T4_SEMANTIC_STDERR_20260726T024145Z.txt | POLYCOMP_D4_T4_00D_FINAL_FREEZE/POLYCOMP_D4_T4_FINAL_EVIDENCE_20260726T032519Z/campaign_stages/00A_PROJECTION_AND_DISTORTION/T4_SEMANTIC_STDERR_20260726T024145Z.txt
experiments/polycomp-d4/T04-quantizer-projection/00-projection-and-distortion/POLYCOMP_D4_T4_00A_BOOTSTRAP_PROJECTION_DISTORTION/T4_SEMANTIC_SUMMARY_20260726T024145Z.txt	c41c98a04fcff727fe56ddd84dbb3295434e4940f5ca35bb5bd14675d29e1ba7	2	1	POLYCOMP_D4_T4_00A_BOOTSTRAP_PROJECTION_DISTORTION/T4_SEMANTIC_SUMMARY_20260726T024145Z.txt | POLYCOMP_D4_T4_00D_FINAL_FREEZE/POLYCOMP_D4_T4_FINAL_EVIDENCE_20260726T032519Z/campaign_stages/00A_PROJECTION_AND_DISTORTION/T4_SEMANTIC_SUMMARY_20260726T024145Z.txt
experiments/polycomp-d4/T04-quantizer-projection/00-projection-and-distortion/POLYCOMP_D4_T4_00A_BOOTSTRAP_PROJECTION_DISTORTION/T4_SOURCE_CAPTURE_20260726T024145Z.txt	894937d8fef157d46d52369693f5d4122d62aa3e64b28125571bcb86e2e14d06	2	1	POLYCOMP_D4_T4_00A_BOOTSTRAP_PROJECTION_DISTORTION/T4_SOURCE_CAPTURE_20260726T024145Z.txt | POLYCOMP_D4_T4_00D_FINAL_FREEZE/POLYCOMP_D4_T4_FINAL_EVIDENCE_20260726T032519Z/campaign_stages/00A_PROJECTION_AND_DISTORTION/T4_SOURCE_CAPTURE_20260726T024145Z.txt
experiments/polycomp-d4/T04-quantizer-projection/00-projection-and-distortion/POLYCOMP_D4_T4_00A_BOOTSTRAP_PROJECTION_DISTORTION/T4_STRICT_RESULT_20260726T024145Z.json	14f10ffda0d5b130bce265995aaf703a8b1f6a07c671f74ba92e41ab0329958f	2	1	POLYCOMP_D4_T4_00A_BOOTSTRAP_PROJECTION_DISTORTION/T4_STRICT_RESULT_20260726T024145Z.json | POLYCOMP_D4_T4_00D_FINAL_FREEZE/POLYCOMP_D4_T4_FINAL_EVIDENCE_20260726T032519Z/campaign_stages/00A_PROJECTION_AND_DISTORTION/T4_STRICT_RESULT_20260726T024145Z.json
experiments/polycomp-d4/T04-quantizer-projection/00-projection-and-distortion/POLYCOMP_D4_T4_00A_BOOTSTRAP_PROJECTION_DISTORTION/T4_STRICT_STDERR_20260726T024145Z.txt	e3b0c44298fc1c149afbf4c8996fb92427ae41e4649b934ca495991b7852b855	2	1	POLYCOMP_D4_T4_00A_BOOTSTRAP_PROJECTION_DISTORTION/T4_STRICT_STDERR_20260726T024145Z.txt | POLYCOMP_D4_T4_00D_FINAL_FREEZE/POLYCOMP_D4_T4_FINAL_EVIDENCE_20260726T032519Z/campaign_stages/00A_PROJECTION_AND_DISTORTION/T4_STRICT_STDERR_20260726T024145Z.txt
experiments/polycomp-d4/T04-quantizer-projection/00-projection-and-distortion/POLYCOMP_D4_T4_00A_BOOTSTRAP_PROJECTION_DISTORTION/T4_STRICT_SUMMARY_20260726T024145Z.txt	f9ef4a222c0da41871b557fa5c427d37597e1e131297d423c74dbd3ff367f743	2	1	POLYCOMP_D4_T4_00A_BOOTSTRAP_PROJECTION_DISTORTION/T4_STRICT_SUMMARY_20260726T024145Z.txt | POLYCOMP_D4_T4_00D_FINAL_FREEZE/POLYCOMP_D4_T4_FINAL_EVIDENCE_20260726T032519Z/campaign_stages/00A_PROJECTION_AND_DISTORTION/T4_STRICT_SUMMARY_20260726T024145Z.txt
experiments/polycomp-d4/T04-quantizer-projection/01-witness-fixed-point-idempotence-and-locality/POLYCOMP_D4_T4_00B_WITNESS_FIXED_IDEMPOTENCE_LOCALITY/POLYCOMP_D4_T4_00B_WITNESS_FIXED_IDEMPOTENCE_LOCALITY_20260726T024847Z.txt	b8770a6bdd084d27bafb47023959f5f245455be166fc081e5fe0700cafa71574	2	1	POLYCOMP_D4_T4_00B_WITNESS_FIXED_IDEMPOTENCE_LOCALITY/POLYCOMP_D4_T4_00B_WITNESS_FIXED_IDEMPOTENCE_LOCALITY_20260726T024847Z.txt | POLYCOMP_D4_T4_00D_FINAL_FREEZE/POLYCOMP_D4_T4_FINAL_EVIDENCE_20260726T032519Z/campaign_stages/00B_WITNESS_FIXED_IDEMPOTENCE_LOCALITY/POLYCOMP_D4_T4_00B_WITNESS_FIXED_IDEMPOTENCE_LOCALITY_20260726T024847Z.txt
experiments/polycomp-d4/T04-quantizer-projection/01-witness-fixed-point-idempotence-and-locality/POLYCOMP_D4_T4_00B_WITNESS_FIXED_IDEMPOTENCE_LOCALITY/POLYCOMP_D4_T4_00B_WITNESS_FIXED_IDEMPOTENCE_LOCALITY_20260726T024847Z.txt.sha256	a01bb3f4c9fd26477fa0294b23dcaf644c5c0a6292237684c7c0f6c7bed98d76	2	1	POLYCOMP_D4_T4_00B_WITNESS_FIXED_IDEMPOTENCE_LOCALITY/POLYCOMP_D4_T4_00B_WITNESS_FIXED_IDEMPOTENCE_LOCALITY_20260726T024847Z.txt.sha256 | POLYCOMP_D4_T4_00D_FINAL_FREEZE/POLYCOMP_D4_T4_FINAL_EVIDENCE_20260726T032519Z/campaign_stages/00B_WITNESS_FIXED_IDEMPOTENCE_LOCALITY/POLYCOMP_D4_T4_00B_WITNESS_FIXED_IDEMPOTENCE_LOCALITY_20260726T024847Z.txt.sha256
experiments/polycomp-d4/T04-quantizer-projection/01-witness-fixed-point-idempotence-and-locality/POLYCOMP_D4_T4_00B_WITNESS_FIXED_IDEMPOTENCE_LOCALITY/T4_FIXED_LOOP_MAP_20260726T024847Z.txt	8d7460e3a2cb0f2305bad378fe7712105927c08ed45bb51a84e8dc8f4be55851	2	1	POLYCOMP_D4_T4_00B_WITNESS_FIXED_IDEMPOTENCE_LOCALITY/T4_FIXED_LOOP_MAP_20260726T024847Z.txt | POLYCOMP_D4_T4_00D_FINAL_FREEZE/POLYCOMP_D4_T4_FINAL_EVIDENCE_20260726T032519Z/campaign_stages/00B_WITNESS_FIXED_IDEMPOTENCE_LOCALITY/T4_FIXED_LOOP_MAP_20260726T024847Z.txt
experiments/polycomp-d4/T04-quantizer-projection/01-witness-fixed-point-idempotence-and-locality/POLYCOMP_D4_T4_00B_WITNESS_FIXED_IDEMPOTENCE_LOCALITY/T4_FIXED_LOOP_REPORT_20260726T024847Z.txt	069388058d60ae0ff29f04ceab1d089bcae382d6dccf35cacbbf11d5751f66bf	2	1	POLYCOMP_D4_T4_00B_WITNESS_FIXED_IDEMPOTENCE_LOCALITY/T4_FIXED_LOOP_REPORT_20260726T024847Z.txt | POLYCOMP_D4_T4_00D_FINAL_FREEZE/POLYCOMP_D4_T4_FINAL_EVIDENCE_20260726T032519Z/campaign_stages/00B_WITNESS_FIXED_IDEMPOTENCE_LOCALITY/T4_FIXED_LOOP_REPORT_20260726T024847Z.txt
experiments/polycomp-d4/T04-quantizer-projection/01-witness-fixed-point-idempotence-and-locality/POLYCOMP_D4_T4_00B_WITNESS_FIXED_IDEMPOTENCE_LOCALITY/T4_FIXED_PROPERTY_REPORT_20260726T024847Z.txt	6e80e97dc9acd6a7a98dfcccb10f590c10d5367161329756de07b4e0ea1433ff	2	1	POLYCOMP_D4_T4_00B_WITNESS_FIXED_IDEMPOTENCE_LOCALITY/T4_FIXED_PROPERTY_REPORT_20260726T024847Z.txt | POLYCOMP_D4_T4_00D_FINAL_FREEZE/POLYCOMP_D4_T4_FINAL_EVIDENCE_20260726T032519Z/campaign_stages/00B_WITNESS_FIXED_IDEMPOTENCE_LOCALITY/T4_FIXED_PROPERTY_REPORT_20260726T024847Z.txt
experiments/polycomp-d4/T04-quantizer-projection/01-witness-fixed-point-idempotence-and-locality/POLYCOMP_D4_T4_00B_WITNESS_FIXED_IDEMPOTENCE_LOCALITY/T4_FIXED_RUNNER_20260726T024847Z.json	82ca6e6b3929e700c5a6d034aca8b44974273bb0757bfc8a6eeec629820b1e84	2	1	POLYCOMP_D4_T4_00B_WITNESS_FIXED_IDEMPOTENCE_LOCALITY/T4_FIXED_RUNNER_20260726T024847Z.json | POLYCOMP_D4_T4_00D_FINAL_FREEZE/POLYCOMP_D4_T4_FINAL_EVIDENCE_20260726T032519Z/campaign_stages/00B_WITNESS_FIXED_IDEMPOTENCE_LOCALITY/T4_FIXED_RUNNER_20260726T024847Z.json
experiments/polycomp-d4/T04-quantizer-projection/01-witness-fixed-point-idempotence-and-locality/POLYCOMP_D4_T4_00B_WITNESS_FIXED_IDEMPOTENCE_LOCALITY/T4_FIXED_RUNNER_20260726T024847Z.txt	521198b78bc7deefebf0313c75bbf74242c49477bea8f87505a86c6fd8016456	2	1	POLYCOMP_D4_T4_00B_WITNESS_FIXED_IDEMPOTENCE_LOCALITY/T4_FIXED_RUNNER_20260726T024847Z.txt | POLYCOMP_D4_T4_00D_FINAL_FREEZE/POLYCOMP_D4_T4_FINAL_EVIDENCE_20260726T032519Z/campaign_stages/00B_WITNESS_FIXED_IDEMPOTENCE_LOCALITY/T4_FIXED_RUNNER_20260726T024847Z.txt
experiments/polycomp-d4/T04-quantizer-projection/01-witness-fixed-point-idempotence-and-locality/POLYCOMP_D4_T4_00B_WITNESS_FIXED_IDEMPOTENCE_LOCALITY/T4_FIXED_SEMANTIC_20260726T024847Z.json	d6ecb94f8d3a5d7f6ee859507ceb4a4c18ab6db04612b187e89c3766df62edc4	2	1	POLYCOMP_D4_T4_00B_WITNESS_FIXED_IDEMPOTENCE_LOCALITY/T4_FIXED_SEMANTIC_20260726T024847Z.json | POLYCOMP_D4_T4_00D_FINAL_FREEZE/POLYCOMP_D4_T4_FINAL_EVIDENCE_20260726T032519Z/campaign_stages/00B_WITNESS_FIXED_IDEMPOTENCE_LOCALITY/T4_FIXED_SEMANTIC_20260726T024847Z.json
experiments/polycomp-d4/T04-quantizer-projection/01-witness-fixed-point-idempotence-and-locality/POLYCOMP_D4_T4_00B_WITNESS_FIXED_IDEMPOTENCE_LOCALITY/T4_FIXED_SEMANTIC_STDERR_20260726T024847Z.txt	e3b0c44298fc1c149afbf4c8996fb92427ae41e4649b934ca495991b7852b855	2	1	POLYCOMP_D4_T4_00B_WITNESS_FIXED_IDEMPOTENCE_LOCALITY/T4_FIXED_SEMANTIC_STDERR_20260726T024847Z.txt | POLYCOMP_D4_T4_00D_FINAL_FREEZE/POLYCOMP_D4_T4_FINAL_EVIDENCE_20260726T032519Z/campaign_stages/00B_WITNESS_FIXED_IDEMPOTENCE_LOCALITY/T4_FIXED_SEMANTIC_STDERR_20260726T024847Z.txt
experiments/polycomp-d4/T04-quantizer-projection/01-witness-fixed-point-idempotence-and-locality/POLYCOMP_D4_T4_00B_WITNESS_FIXED_IDEMPOTENCE_LOCALITY/T4_FIXED_SEMANTIC_SUMMARY_20260726T024847Z.txt	81f92638fc474970ae96c52a5a21490517357fa71f66c0917ba1cf85575aa299	2	1	POLYCOMP_D4_T4_00B_WITNESS_FIXED_IDEMPOTENCE_LOCALITY/T4_FIXED_SEMANTIC_SUMMARY_20260726T024847Z.txt | POLYCOMP_D4_T4_00D_FINAL_FREEZE/POLYCOMP_D4_T4_FINAL_EVIDENCE_20260726T032519Z/campaign_stages/00B_WITNESS_FIXED_IDEMPOTENCE_LOCALITY/T4_FIXED_SEMANTIC_SUMMARY_20260726T024847Z.txt
experiments/polycomp-d4/T04-quantizer-projection/01-witness-fixed-point-idempotence-and-locality/POLYCOMP_D4_T4_00B_WITNESS_FIXED_IDEMPOTENCE_LOCALITY/T4_FIXED_STRICT_20260726T024847Z.json	b553f6a93e16a63cd38e8429ab122b328fdfbe43c493a70a35d97d1e452e1259	2	1	POLYCOMP_D4_T4_00B_WITNESS_FIXED_IDEMPOTENCE_LOCALITY/T4_FIXED_STRICT_20260726T024847Z.json | POLYCOMP_D4_T4_00D_FINAL_FREEZE/POLYCOMP_D4_T4_FINAL_EVIDENCE_20260726T032519Z/campaign_stages/00B_WITNESS_FIXED_IDEMPOTENCE_LOCALITY/T4_FIXED_STRICT_20260726T024847Z.json
experiments/polycomp-d4/T04-quantizer-projection/01-witness-fixed-point-idempotence-and-locality/POLYCOMP_D4_T4_00B_WITNESS_FIXED_IDEMPOTENCE_LOCALITY/T4_FIXED_STRICT_STDERR_20260726T024847Z.txt	e3b0c44298fc1c149afbf4c8996fb92427ae41e4649b934ca495991b7852b855	2	1	POLYCOMP_D4_T4_00B_WITNESS_FIXED_IDEMPOTENCE_LOCALITY/T4_FIXED_STRICT_STDERR_20260726T024847Z.txt | POLYCOMP_D4_T4_00D_FINAL_FREEZE/POLYCOMP_D4_T4_FINAL_EVIDENCE_20260726T032519Z/campaign_stages/00B_WITNESS_FIXED_IDEMPOTENCE_LOCALITY/T4_FIXED_STRICT_STDERR_20260726T024847Z.txt
experiments/polycomp-d4/T04-quantizer-projection/01-witness-fixed-point-idempotence-and-locality/POLYCOMP_D4_T4_00B_WITNESS_FIXED_IDEMPOTENCE_LOCALITY/T4_FIXED_STRICT_SUMMARY_20260726T024847Z.txt	bd2b053238266b5a32df2b172542d94b6c15a5ed206377f1b7aadda38ad62903	2	1	POLYCOMP_D4_T4_00B_WITNESS_FIXED_IDEMPOTENCE_LOCALITY/T4_FIXED_STRICT_SUMMARY_20260726T024847Z.txt | POLYCOMP_D4_T4_00D_FINAL_FREEZE/POLYCOMP_D4_T4_FINAL_EVIDENCE_20260726T032519Z/campaign_stages/00B_WITNESS_FIXED_IDEMPOTENCE_LOCALITY/T4_FIXED_STRICT_SUMMARY_20260726T024847Z.txt
experiments/polycomp-d4/T04-quantizer-projection/01-witness-fixed-point-idempotence-and-locality/POLYCOMP_D4_T4_00B_WITNESS_FIXED_IDEMPOTENCE_LOCALITY/T4_IDEMP_LOOP_MAP_20260726T024847Z.txt	e90fcbcf3b7ae901bd92df57b57f8e72b24fc748a55d7b7f49282fc6da06d813	2	1	POLYCOMP_D4_T4_00B_WITNESS_FIXED_IDEMPOTENCE_LOCALITY/T4_IDEMP_LOOP_MAP_20260726T024847Z.txt | POLYCOMP_D4_T4_00D_FINAL_FREEZE/POLYCOMP_D4_T4_FINAL_EVIDENCE_20260726T032519Z/campaign_stages/00B_WITNESS_FIXED_IDEMPOTENCE_LOCALITY/T4_IDEMP_LOOP_MAP_20260726T024847Z.txt
experiments/polycomp-d4/T04-quantizer-projection/01-witness-fixed-point-idempotence-and-locality/POLYCOMP_D4_T4_00B_WITNESS_FIXED_IDEMPOTENCE_LOCALITY/T4_IDEMP_LOOP_REPORT_20260726T024847Z.txt	1c44cdf14378c18d854af0ddfb8ecbba76ae0941aab9e500c01f88967e1a500a	2	1	POLYCOMP_D4_T4_00B_WITNESS_FIXED_IDEMPOTENCE_LOCALITY/T4_IDEMP_LOOP_REPORT_20260726T024847Z.txt | POLYCOMP_D4_T4_00D_FINAL_FREEZE/POLYCOMP_D4_T4_FINAL_EVIDENCE_20260726T032519Z/campaign_stages/00B_WITNESS_FIXED_IDEMPOTENCE_LOCALITY/T4_IDEMP_LOOP_REPORT_20260726T024847Z.txt
experiments/polycomp-d4/T04-quantizer-projection/01-witness-fixed-point-idempotence-and-locality/POLYCOMP_D4_T4_00B_WITNESS_FIXED_IDEMPOTENCE_LOCALITY/T4_IDEMP_PROPERTY_REPORT_20260726T024847Z.txt	fdfef76f897115fe9ef83263a4dbfaec2ffefa4518c775880274f09153f31cf5	2	1	POLYCOMP_D4_T4_00B_WITNESS_FIXED_IDEMPOTENCE_LOCALITY/T4_IDEMP_PROPERTY_REPORT_20260726T024847Z.txt | POLYCOMP_D4_T4_00D_FINAL_FREEZE/POLYCOMP_D4_T4_FINAL_EVIDENCE_20260726T032519Z/campaign_stages/00B_WITNESS_FIXED_IDEMPOTENCE_LOCALITY/T4_IDEMP_PROPERTY_REPORT_20260726T024847Z.txt
experiments/polycomp-d4/T04-quantizer-projection/01-witness-fixed-point-idempotence-and-locality/POLYCOMP_D4_T4_00B_WITNESS_FIXED_IDEMPOTENCE_LOCALITY/T4_IDEMP_RUNNER_20260726T024847Z.json	373facd707d6b188f4db1a23bfb818047d843f236e3d6aebb2e795a2ac6c5f01	2	1	POLYCOMP_D4_T4_00B_WITNESS_FIXED_IDEMPOTENCE_LOCALITY/T4_IDEMP_RUNNER_20260726T024847Z.json | POLYCOMP_D4_T4_00D_FINAL_FREEZE/POLYCOMP_D4_T4_FINAL_EVIDENCE_20260726T032519Z/campaign_stages/00B_WITNESS_FIXED_IDEMPOTENCE_LOCALITY/T4_IDEMP_RUNNER_20260726T024847Z.json
experiments/polycomp-d4/T04-quantizer-projection/01-witness-fixed-point-idempotence-and-locality/POLYCOMP_D4_T4_00B_WITNESS_FIXED_IDEMPOTENCE_LOCALITY/T4_IDEMP_RUNNER_20260726T024847Z.txt	8d9c5ef423dea3df89c94507439825feed25037a97480f3f88621f4be65c53c9	2	1	POLYCOMP_D4_T4_00B_WITNESS_FIXED_IDEMPOTENCE_LOCALITY/T4_IDEMP_RUNNER_20260726T024847Z.txt | POLYCOMP_D4_T4_00D_FINAL_FREEZE/POLYCOMP_D4_T4_FINAL_EVIDENCE_20260726T032519Z/campaign_stages/00B_WITNESS_FIXED_IDEMPOTENCE_LOCALITY/T4_IDEMP_RUNNER_20260726T024847Z.txt
experiments/polycomp-d4/T04-quantizer-projection/01-witness-fixed-point-idempotence-and-locality/POLYCOMP_D4_T4_00B_WITNESS_FIXED_IDEMPOTENCE_LOCALITY/T4_IDEMP_SEMANTIC_20260726T024847Z.json	c38e4e47ab283457bd2c740b87cd70f2eb5a15a61243cccbb3b56d94ad75fafd	2	1	POLYCOMP_D4_T4_00B_WITNESS_FIXED_IDEMPOTENCE_LOCALITY/T4_IDEMP_SEMANTIC_20260726T024847Z.json | POLYCOMP_D4_T4_00D_FINAL_FREEZE/POLYCOMP_D4_T4_FINAL_EVIDENCE_20260726T032519Z/campaign_stages/00B_WITNESS_FIXED_IDEMPOTENCE_LOCALITY/T4_IDEMP_SEMANTIC_20260726T024847Z.json
experiments/polycomp-d4/T04-quantizer-projection/01-witness-fixed-point-idempotence-and-locality/POLYCOMP_D4_T4_00B_WITNESS_FIXED_IDEMPOTENCE_LOCALITY/T4_IDEMP_SEMANTIC_STDERR_20260726T024847Z.txt	e3b0c44298fc1c149afbf4c8996fb92427ae41e4649b934ca495991b7852b855	2	1	POLYCOMP_D4_T4_00B_WITNESS_FIXED_IDEMPOTENCE_LOCALITY/T4_IDEMP_SEMANTIC_STDERR_20260726T024847Z.txt | POLYCOMP_D4_T4_00D_FINAL_FREEZE/POLYCOMP_D4_T4_FINAL_EVIDENCE_20260726T032519Z/campaign_stages/00B_WITNESS_FIXED_IDEMPOTENCE_LOCALITY/T4_IDEMP_SEMANTIC_STDERR_20260726T024847Z.txt
experiments/polycomp-d4/T04-quantizer-projection/01-witness-fixed-point-idempotence-and-locality/POLYCOMP_D4_T4_00B_WITNESS_FIXED_IDEMPOTENCE_LOCALITY/T4_IDEMP_SEMANTIC_SUMMARY_20260726T024847Z.txt	eecaeb672dff000340f6e0cc9be4c0d531f29fc23249ae177432b8cf89cf46a6	2	1	POLYCOMP_D4_T4_00B_WITNESS_FIXED_IDEMPOTENCE_LOCALITY/T4_IDEMP_SEMANTIC_SUMMARY_20260726T024847Z.txt | POLYCOMP_D4_T4_00D_FINAL_FREEZE/POLYCOMP_D4_T4_FINAL_EVIDENCE_20260726T032519Z/campaign_stages/00B_WITNESS_FIXED_IDEMPOTENCE_LOCALITY/T4_IDEMP_SEMANTIC_SUMMARY_20260726T024847Z.txt
experiments/polycomp-d4/T04-quantizer-projection/01-witness-fixed-point-idempotence-and-locality/POLYCOMP_D4_T4_00B_WITNESS_FIXED_IDEMPOTENCE_LOCALITY/T4_IDEMP_STRICT_20260726T024847Z.json	916af9b5cfdadd710a5e8700a5366c43aebf573edabad1cc6b626957f26d9252	2	1	POLYCOMP_D4_T4_00B_WITNESS_FIXED_IDEMPOTENCE_LOCALITY/T4_IDEMP_STRICT_20260726T024847Z.json | POLYCOMP_D4_T4_00D_FINAL_FREEZE/POLYCOMP_D4_T4_FINAL_EVIDENCE_20260726T032519Z/campaign_stages/00B_WITNESS_FIXED_IDEMPOTENCE_LOCALITY/T4_IDEMP_STRICT_20260726T024847Z.json
experiments/polycomp-d4/T04-quantizer-projection/01-witness-fixed-point-idempotence-and-locality/POLYCOMP_D4_T4_00B_WITNESS_FIXED_IDEMPOTENCE_LOCALITY/T4_IDEMP_STRICT_STDERR_20260726T024847Z.txt	e3b0c44298fc1c149afbf4c8996fb92427ae41e4649b934ca495991b7852b855	2	1	POLYCOMP_D4_T4_00B_WITNESS_FIXED_IDEMPOTENCE_LOCALITY/T4_IDEMP_STRICT_STDERR_20260726T024847Z.txt | POLYCOMP_D4_T4_00D_FINAL_FREEZE/POLYCOMP_D4_T4_FINAL_EVIDENCE_20260726T032519Z/campaign_stages/00B_WITNESS_FIXED_IDEMPOTENCE_LOCALITY/T4_IDEMP_STRICT_STDERR_20260726T024847Z.txt
experiments/polycomp-d4/T04-quantizer-projection/01-witness-fixed-point-idempotence-and-locality/POLYCOMP_D4_T4_00B_WITNESS_FIXED_IDEMPOTENCE_LOCALITY/T4_IDEMP_STRICT_SUMMARY_20260726T024847Z.txt	7b5a56b1d1aad7fee6bd51c59bcf505f4fe64ab1f556f2ea1244152f8e0d574d	2	1	POLYCOMP_D4_T4_00B_WITNESS_FIXED_IDEMPOTENCE_LOCALITY/T4_IDEMP_STRICT_SUMMARY_20260726T024847Z.txt | POLYCOMP_D4_T4_00D_FINAL_FREEZE/POLYCOMP_D4_T4_FINAL_EVIDENCE_20260726T032519Z/campaign_stages/00B_WITNESS_FIXED_IDEMPOTENCE_LOCALITY/T4_IDEMP_STRICT_SUMMARY_20260726T024847Z.txt
experiments/polycomp-d4/T04-quantizer-projection/01-witness-fixed-point-idempotence-and-locality/POLYCOMP_D4_T4_00B_WITNESS_FIXED_IDEMPOTENCE_LOCALITY/T4_LOCALITY_LOOP_MAP_20260726T024847Z.txt	e7484df72e3d059f5b7f8bd0e0cb941c29e61a8f311453e3276aa2714f6b5ae3	2	1	POLYCOMP_D4_T4_00B_WITNESS_FIXED_IDEMPOTENCE_LOCALITY/T4_LOCALITY_LOOP_MAP_20260726T024847Z.txt | POLYCOMP_D4_T4_00D_FINAL_FREEZE/POLYCOMP_D4_T4_FINAL_EVIDENCE_20260726T032519Z/campaign_stages/00B_WITNESS_FIXED_IDEMPOTENCE_LOCALITY/T4_LOCALITY_LOOP_MAP_20260726T024847Z.txt
experiments/polycomp-d4/T04-quantizer-projection/01-witness-fixed-point-idempotence-and-locality/POLYCOMP_D4_T4_00B_WITNESS_FIXED_IDEMPOTENCE_LOCALITY/T4_LOCALITY_LOOP_REPORT_20260726T024847Z.txt	febf1e55e57750bdf68c76508b9c8c460be147aaa66b5ed22d2b91036798dfda	2	1	POLYCOMP_D4_T4_00B_WITNESS_FIXED_IDEMPOTENCE_LOCALITY/T4_LOCALITY_LOOP_REPORT_20260726T024847Z.txt | POLYCOMP_D4_T4_00D_FINAL_FREEZE/POLYCOMP_D4_T4_FINAL_EVIDENCE_20260726T032519Z/campaign_stages/00B_WITNESS_FIXED_IDEMPOTENCE_LOCALITY/T4_LOCALITY_LOOP_REPORT_20260726T024847Z.txt
experiments/polycomp-d4/T04-quantizer-projection/01-witness-fixed-point-idempotence-and-locality/POLYCOMP_D4_T4_00B_WITNESS_FIXED_IDEMPOTENCE_LOCALITY/T4_LOCALITY_PROPERTY_REPORT_20260726T024847Z.txt	6ab4a0f20988b34fe21b2dd2cad77db412167224e5572aa92df3446f9fec9ba8	2	1	POLYCOMP_D4_T4_00B_WITNESS_FIXED_IDEMPOTENCE_LOCALITY/T4_LOCALITY_PROPERTY_REPORT_20260726T024847Z.txt | POLYCOMP_D4_T4_00D_FINAL_FREEZE/POLYCOMP_D4_T4_FINAL_EVIDENCE_20260726T032519Z/campaign_stages/00B_WITNESS_FIXED_IDEMPOTENCE_LOCALITY/T4_LOCALITY_PROPERTY_REPORT_20260726T024847Z.txt
experiments/polycomp-d4/T04-quantizer-projection/01-witness-fixed-point-idempotence-and-locality/POLYCOMP_D4_T4_00B_WITNESS_FIXED_IDEMPOTENCE_LOCALITY/T4_LOCALITY_RUNNER_20260726T024847Z.json	17c98c58fc0dada82810313a7561b4b9aa83b2b21feedff1a3981e00c4e50f93	2	1	POLYCOMP_D4_T4_00B_WITNESS_FIXED_IDEMPOTENCE_LOCALITY/T4_LOCALITY_RUNNER_20260726T024847Z.json | POLYCOMP_D4_T4_00D_FINAL_FREEZE/POLYCOMP_D4_T4_FINAL_EVIDENCE_20260726T032519Z/campaign_stages/00B_WITNESS_FIXED_IDEMPOTENCE_LOCALITY/T4_LOCALITY_RUNNER_20260726T024847Z.json
experiments/polycomp-d4/T04-quantizer-projection/01-witness-fixed-point-idempotence-and-locality/POLYCOMP_D4_T4_00B_WITNESS_FIXED_IDEMPOTENCE_LOCALITY/T4_LOCALITY_RUNNER_20260726T024847Z.txt	5d0d22fe0201d0b9ac4beccaa0587a9b79ba2a1c3d96102c4fdd756e618cba61	2	1	POLYCOMP_D4_T4_00B_WITNESS_FIXED_IDEMPOTENCE_LOCALITY/T4_LOCALITY_RUNNER_20260726T024847Z.txt | POLYCOMP_D4_T4_00D_FINAL_FREEZE/POLYCOMP_D4_T4_FINAL_EVIDENCE_20260726T032519Z/campaign_stages/00B_WITNESS_FIXED_IDEMPOTENCE_LOCALITY/T4_LOCALITY_RUNNER_20260726T024847Z.txt
experiments/polycomp-d4/T04-quantizer-projection/01-witness-fixed-point-idempotence-and-locality/POLYCOMP_D4_T4_00B_WITNESS_FIXED_IDEMPOTENCE_LOCALITY/T4_LOCALITY_SEMANTIC_20260726T024847Z.json	541b6800c671f65735900752554a42db45fbeaefc858b64f697d0f92a67c9103	2	1	POLYCOMP_D4_T4_00B_WITNESS_FIXED_IDEMPOTENCE_LOCALITY/T4_LOCALITY_SEMANTIC_20260726T024847Z.json | POLYCOMP_D4_T4_00D_FINAL_FREEZE/POLYCOMP_D4_T4_FINAL_EVIDENCE_20260726T032519Z/campaign_stages/00B_WITNESS_FIXED_IDEMPOTENCE_LOCALITY/T4_LOCALITY_SEMANTIC_20260726T024847Z.json
experiments/polycomp-d4/T04-quantizer-projection/01-witness-fixed-point-idempotence-and-locality/POLYCOMP_D4_T4_00B_WITNESS_FIXED_IDEMPOTENCE_LOCALITY/T4_LOCALITY_SEMANTIC_STDERR_20260726T024847Z.txt	e3b0c44298fc1c149afbf4c8996fb92427ae41e4649b934ca495991b7852b855	2	1	POLYCOMP_D4_T4_00B_WITNESS_FIXED_IDEMPOTENCE_LOCALITY/T4_LOCALITY_SEMANTIC_STDERR_20260726T024847Z.txt | POLYCOMP_D4_T4_00D_FINAL_FREEZE/POLYCOMP_D4_T4_FINAL_EVIDENCE_20260726T032519Z/campaign_stages/00B_WITNESS_FIXED_IDEMPOTENCE_LOCALITY/T4_LOCALITY_SEMANTIC_STDERR_20260726T024847Z.txt
experiments/polycomp-d4/T04-quantizer-projection/01-witness-fixed-point-idempotence-and-locality/POLYCOMP_D4_T4_00B_WITNESS_FIXED_IDEMPOTENCE_LOCALITY/T4_LOCALITY_SEMANTIC_SUMMARY_20260726T024847Z.txt	19229109d448dd7f1b714b1b568b3d37053b5df2537c3279a0b424129715dffc	2	1	POLYCOMP_D4_T4_00B_WITNESS_FIXED_IDEMPOTENCE_LOCALITY/T4_LOCALITY_SEMANTIC_SUMMARY_20260726T024847Z.txt | POLYCOMP_D4_T4_00D_FINAL_FREEZE/POLYCOMP_D4_T4_FINAL_EVIDENCE_20260726T032519Z/campaign_stages/00B_WITNESS_FIXED_IDEMPOTENCE_LOCALITY/T4_LOCALITY_SEMANTIC_SUMMARY_20260726T024847Z.txt
experiments/polycomp-d4/T04-quantizer-projection/01-witness-fixed-point-idempotence-and-locality/POLYCOMP_D4_T4_00B_WITNESS_FIXED_IDEMPOTENCE_LOCALITY/T4_LOCALITY_STRICT_20260726T024847Z.json	af5382633c54981db5445be6c7b73d7079e7708932167d0c719f9e4ea08106fd	2	1	POLYCOMP_D4_T4_00B_WITNESS_FIXED_IDEMPOTENCE_LOCALITY/T4_LOCALITY_STRICT_20260726T024847Z.json | POLYCOMP_D4_T4_00D_FINAL_FREEZE/POLYCOMP_D4_T4_FINAL_EVIDENCE_20260726T032519Z/campaign_stages/00B_WITNESS_FIXED_IDEMPOTENCE_LOCALITY/T4_LOCALITY_STRICT_20260726T024847Z.json
experiments/polycomp-d4/T04-quantizer-projection/01-witness-fixed-point-idempotence-and-locality/POLYCOMP_D4_T4_00B_WITNESS_FIXED_IDEMPOTENCE_LOCALITY/T4_LOCALITY_STRICT_STDERR_20260726T024847Z.txt	e3b0c44298fc1c149afbf4c8996fb92427ae41e4649b934ca495991b7852b855	2	1	POLYCOMP_D4_T4_00B_WITNESS_FIXED_IDEMPOTENCE_LOCALITY/T4_LOCALITY_STRICT_STDERR_20260726T024847Z.txt | POLYCOMP_D4_T4_00D_FINAL_FREEZE/POLYCOMP_D4_T4_FINAL_EVIDENCE_20260726T032519Z/campaign_stages/00B_WITNESS_FIXED_IDEMPOTENCE_LOCALITY/T4_LOCALITY_STRICT_STDERR_20260726T024847Z.txt
experiments/polycomp-d4/T04-quantizer-projection/01-witness-fixed-point-idempotence-and-locality/POLYCOMP_D4_T4_00B_WITNESS_FIXED_IDEMPOTENCE_LOCALITY/T4_LOCALITY_STRICT_SUMMARY_20260726T024847Z.txt	50dc428678b39ae760de1bb7273d5c55e4d51cb4559db14ac5743d104524aa51	2	1	POLYCOMP_D4_T4_00B_WITNESS_FIXED_IDEMPOTENCE_LOCALITY/T4_LOCALITY_STRICT_SUMMARY_20260726T024847Z.txt | POLYCOMP_D4_T4_00D_FINAL_FREEZE/POLYCOMP_D4_T4_FINAL_EVIDENCE_20260726T032519Z/campaign_stages/00B_WITNESS_FIXED_IDEMPOTENCE_LOCALITY/T4_LOCALITY_STRICT_SUMMARY_20260726T024847Z.txt
experiments/polycomp-d4/T04-quantizer-projection/01-witness-fixed-point-idempotence-and-locality/POLYCOMP_D4_T4_00B_WITNESS_FIXED_IDEMPOTENCE_LOCALITY/T4_WITNESS_LOOP_MAP_20260726T024847Z.txt	a80291a27cd6b16f0b454dcd8806551784eff295bcf13a41357732ef1b00fefc	2	1	POLYCOMP_D4_T4_00B_WITNESS_FIXED_IDEMPOTENCE_LOCALITY/T4_WITNESS_LOOP_MAP_20260726T024847Z.txt | POLYCOMP_D4_T4_00D_FINAL_FREEZE/POLYCOMP_D4_T4_FINAL_EVIDENCE_20260726T032519Z/campaign_stages/00B_WITNESS_FIXED_IDEMPOTENCE_LOCALITY/T4_WITNESS_LOOP_MAP_20260726T024847Z.txt
experiments/polycomp-d4/T04-quantizer-projection/01-witness-fixed-point-idempotence-and-locality/POLYCOMP_D4_T4_00B_WITNESS_FIXED_IDEMPOTENCE_LOCALITY/T4_WITNESS_LOOP_REPORT_20260726T024847Z.txt	fd3401e6d05e417d06c40a5fcce9e64e1cfe7fef4bbc2b8fa24e5cd6434c8db7	2	1	POLYCOMP_D4_T4_00B_WITNESS_FIXED_IDEMPOTENCE_LOCALITY/T4_WITNESS_LOOP_REPORT_20260726T024847Z.txt | POLYCOMP_D4_T4_00D_FINAL_FREEZE/POLYCOMP_D4_T4_FINAL_EVIDENCE_20260726T032519Z/campaign_stages/00B_WITNESS_FIXED_IDEMPOTENCE_LOCALITY/T4_WITNESS_LOOP_REPORT_20260726T024847Z.txt
experiments/polycomp-d4/T04-quantizer-projection/01-witness-fixed-point-idempotence-and-locality/POLYCOMP_D4_T4_00B_WITNESS_FIXED_IDEMPOTENCE_LOCALITY/T4_WITNESS_PROPERTY_REPORT_20260726T024847Z.txt	33998d911f41ef0bfc198ad805e1b9c05444980b748f099dfb177a8100e8aabe	2	1	POLYCOMP_D4_T4_00B_WITNESS_FIXED_IDEMPOTENCE_LOCALITY/T4_WITNESS_PROPERTY_REPORT_20260726T024847Z.txt | POLYCOMP_D4_T4_00D_FINAL_FREEZE/POLYCOMP_D4_T4_FINAL_EVIDENCE_20260726T032519Z/campaign_stages/00B_WITNESS_FIXED_IDEMPOTENCE_LOCALITY/T4_WITNESS_PROPERTY_REPORT_20260726T024847Z.txt
experiments/polycomp-d4/T04-quantizer-projection/01-witness-fixed-point-idempotence-and-locality/POLYCOMP_D4_T4_00B_WITNESS_FIXED_IDEMPOTENCE_LOCALITY/T4_WITNESS_RUNNER_20260726T024847Z.json	c0e3f6b90f10614218daf2741224460f21ea326d6e6fb0f22e74d1ecb2ed3676	2	1	POLYCOMP_D4_T4_00B_WITNESS_FIXED_IDEMPOTENCE_LOCALITY/T4_WITNESS_RUNNER_20260726T024847Z.json | POLYCOMP_D4_T4_00D_FINAL_FREEZE/POLYCOMP_D4_T4_FINAL_EVIDENCE_20260726T032519Z/campaign_stages/00B_WITNESS_FIXED_IDEMPOTENCE_LOCALITY/T4_WITNESS_RUNNER_20260726T024847Z.json
experiments/polycomp-d4/T04-quantizer-projection/01-witness-fixed-point-idempotence-and-locality/POLYCOMP_D4_T4_00B_WITNESS_FIXED_IDEMPOTENCE_LOCALITY/T4_WITNESS_RUNNER_20260726T024847Z.txt	f07537a90f32881be0c60c20d50cca9f6c96c2ceaa1b3dabdd9ca66f0480a060	2	1	POLYCOMP_D4_T4_00B_WITNESS_FIXED_IDEMPOTENCE_LOCALITY/T4_WITNESS_RUNNER_20260726T024847Z.txt | POLYCOMP_D4_T4_00D_FINAL_FREEZE/POLYCOMP_D4_T4_FINAL_EVIDENCE_20260726T032519Z/campaign_stages/00B_WITNESS_FIXED_IDEMPOTENCE_LOCALITY/T4_WITNESS_RUNNER_20260726T024847Z.txt
experiments/polycomp-d4/T04-quantizer-projection/01-witness-fixed-point-idempotence-and-locality/POLYCOMP_D4_T4_00B_WITNESS_FIXED_IDEMPOTENCE_LOCALITY/T4_WITNESS_SEMANTIC_20260726T024847Z.json	4e0f7fd1719b476d54aa91c7ff00b639ea49c16ba7221fd4054af7a0845bcc50	2	1	POLYCOMP_D4_T4_00B_WITNESS_FIXED_IDEMPOTENCE_LOCALITY/T4_WITNESS_SEMANTIC_20260726T024847Z.json | POLYCOMP_D4_T4_00D_FINAL_FREEZE/POLYCOMP_D4_T4_FINAL_EVIDENCE_20260726T032519Z/campaign_stages/00B_WITNESS_FIXED_IDEMPOTENCE_LOCALITY/T4_WITNESS_SEMANTIC_20260726T024847Z.json
experiments/polycomp-d4/T04-quantizer-projection/01-witness-fixed-point-idempotence-and-locality/POLYCOMP_D4_T4_00B_WITNESS_FIXED_IDEMPOTENCE_LOCALITY/T4_WITNESS_SEMANTIC_STDERR_20260726T024847Z.txt	e3b0c44298fc1c149afbf4c8996fb92427ae41e4649b934ca495991b7852b855	2	1	POLYCOMP_D4_T4_00B_WITNESS_FIXED_IDEMPOTENCE_LOCALITY/T4_WITNESS_SEMANTIC_STDERR_20260726T024847Z.txt | POLYCOMP_D4_T4_00D_FINAL_FREEZE/POLYCOMP_D4_T4_FINAL_EVIDENCE_20260726T032519Z/campaign_stages/00B_WITNESS_FIXED_IDEMPOTENCE_LOCALITY/T4_WITNESS_SEMANTIC_STDERR_20260726T024847Z.txt
experiments/polycomp-d4/T04-quantizer-projection/01-witness-fixed-point-idempotence-and-locality/POLYCOMP_D4_T4_00B_WITNESS_FIXED_IDEMPOTENCE_LOCALITY/T4_WITNESS_SEMANTIC_SUMMARY_20260726T024847Z.txt	bdedb5675c38fe841ff4f1f7f3d0e51fa928d6448a0c605455fd65442d945aea	2	1	POLYCOMP_D4_T4_00B_WITNESS_FIXED_IDEMPOTENCE_LOCALITY/T4_WITNESS_SEMANTIC_SUMMARY_20260726T024847Z.txt | POLYCOMP_D4_T4_00D_FINAL_FREEZE/POLYCOMP_D4_T4_FINAL_EVIDENCE_20260726T032519Z/campaign_stages/00B_WITNESS_FIXED_IDEMPOTENCE_LOCALITY/T4_WITNESS_SEMANTIC_SUMMARY_20260726T024847Z.txt
experiments/polycomp-d4/T04-quantizer-projection/01-witness-fixed-point-idempotence-and-locality/POLYCOMP_D4_T4_00B_WITNESS_FIXED_IDEMPOTENCE_LOCALITY/T4_WITNESS_STRICT_20260726T024847Z.json	606b806083d0974b62347f19894d6e97c021cffbb29fca0ed153dbf2aac9da5e	2	1	POLYCOMP_D4_T4_00B_WITNESS_FIXED_IDEMPOTENCE_LOCALITY/T4_WITNESS_STRICT_20260726T024847Z.json | POLYCOMP_D4_T4_00D_FINAL_FREEZE/POLYCOMP_D4_T4_FINAL_EVIDENCE_20260726T032519Z/campaign_stages/00B_WITNESS_FIXED_IDEMPOTENCE_LOCALITY/T4_WITNESS_STRICT_20260726T024847Z.json
experiments/polycomp-d4/T04-quantizer-projection/01-witness-fixed-point-idempotence-and-locality/POLYCOMP_D4_T4_00B_WITNESS_FIXED_IDEMPOTENCE_LOCALITY/T4_WITNESS_STRICT_STDERR_20260726T024847Z.txt	e3b0c44298fc1c149afbf4c8996fb92427ae41e4649b934ca495991b7852b855	2	1	POLYCOMP_D4_T4_00B_WITNESS_FIXED_IDEMPOTENCE_LOCALITY/T4_WITNESS_STRICT_STDERR_20260726T024847Z.txt | POLYCOMP_D4_T4_00D_FINAL_FREEZE/POLYCOMP_D4_T4_FINAL_EVIDENCE_20260726T032519Z/campaign_stages/00B_WITNESS_FIXED_IDEMPOTENCE_LOCALITY/T4_WITNESS_STRICT_STDERR_20260726T024847Z.txt
experiments/polycomp-d4/T04-quantizer-projection/01-witness-fixed-point-idempotence-and-locality/POLYCOMP_D4_T4_00B_WITNESS_FIXED_IDEMPOTENCE_LOCALITY/T4_WITNESS_STRICT_SUMMARY_20260726T024847Z.txt	a61068e737aaafb56cbb9b0c0773609602f6ad7de16d30aec3685d5d02ed9999	2	1	POLYCOMP_D4_T4_00B_WITNESS_FIXED_IDEMPOTENCE_LOCALITY/T4_WITNESS_STRICT_SUMMARY_20260726T024847Z.txt | POLYCOMP_D4_T4_00D_FINAL_FREEZE/POLYCOMP_D4_T4_FINAL_EVIDENCE_20260726T032519Z/campaign_stages/00B_WITNESS_FIXED_IDEMPOTENCE_LOCALITY/T4_WITNESS_STRICT_SUMMARY_20260726T024847Z.txt
experiments/polycomp-d4/T04-quantizer-projection/02-coverage-reachability-and-mutations/POLYCOMP_D4_T4_00C_NONVACUITY_MUTATION_DETECTION/POLYCOMP_D4_T4_00C_NONVACUITY_MUTATION_DETECTION_20260726T031711Z.txt	c033b9dad715477b32df48a756da73a9e73ee842436b01e482571fb521118cad	2	1	POLYCOMP_D4_T4_00C_NONVACUITY_MUTATION_DETECTION/POLYCOMP_D4_T4_00C_NONVACUITY_MUTATION_DETECTION_20260726T031711Z.txt | POLYCOMP_D4_T4_00D_FINAL_FREEZE/POLYCOMP_D4_T4_FINAL_EVIDENCE_20260726T032519Z/campaign_stages/00C_COVERAGE_REACHABILITY_MUTATIONS/POLYCOMP_D4_T4_00C_NONVACUITY_MUTATION_DETECTION_20260726T031711Z.txt
experiments/polycomp-d4/T04-quantizer-projection/02-coverage-reachability-and-mutations/POLYCOMP_D4_T4_00C_NONVACUITY_MUTATION_DETECTION/POLYCOMP_D4_T4_00C_NONVACUITY_MUTATION_DETECTION_20260726T031711Z.txt.sha256	bd4aa3e8cd2be4c9f1171bce8c7116ee5a9c0e2af4a80898480c217eaa93576f	2	1	POLYCOMP_D4_T4_00C_NONVACUITY_MUTATION_DETECTION/POLYCOMP_D4_T4_00C_NONVACUITY_MUTATION_DETECTION_20260726T031711Z.txt.sha256 | POLYCOMP_D4_T4_00D_FINAL_FREEZE/POLYCOMP_D4_T4_FINAL_EVIDENCE_20260726T032519Z/campaign_stages/00C_COVERAGE_REACHABILITY_MUTATIONS/POLYCOMP_D4_T4_00C_NONVACUITY_MUTATION_DETECTION_20260726T031711Z.txt.sha256
experiments/polycomp-d4/T04-quantizer-projection/02-coverage-reachability-and-mutations/POLYCOMP_D4_T4_00C_NONVACUITY_MUTATION_DETECTION/T4_CODEBOOK_MUT_LOOP_REPORT_20260726T031711Z.txt	f702a4264f50b4e5ee75e5b22b5959f648ff8a7f23b6b84b81237dc2fd3e83eb	2	1	POLYCOMP_D4_T4_00C_NONVACUITY_MUTATION_DETECTION/T4_CODEBOOK_MUT_LOOP_REPORT_20260726T031711Z.txt | POLYCOMP_D4_T4_00D_FINAL_FREEZE/POLYCOMP_D4_T4_FINAL_EVIDENCE_20260726T032519Z/campaign_stages/00C_COVERAGE_REACHABILITY_MUTATIONS/T4_CODEBOOK_MUT_LOOP_REPORT_20260726T031711Z.txt
experiments/polycomp-d4/T04-quantizer-projection/02-coverage-reachability-and-mutations/POLYCOMP_D4_T4_00C_NONVACUITY_MUTATION_DETECTION/T4_CODEBOOK_MUT_RESULT_20260726T031711Z.json	8807f88ae2b816587fd449104f70e2e29ca2a7e75dd55d744fdbc83ac2c78f97	2	1	POLYCOMP_D4_T4_00C_NONVACUITY_MUTATION_DETECTION/T4_CODEBOOK_MUT_RESULT_20260726T031711Z.json | POLYCOMP_D4_T4_00D_FINAL_FREEZE/POLYCOMP_D4_T4_FINAL_EVIDENCE_20260726T032519Z/campaign_stages/00C_COVERAGE_REACHABILITY_MUTATIONS/T4_CODEBOOK_MUT_RESULT_20260726T031711Z.json
experiments/polycomp-d4/T04-quantizer-projection/02-coverage-reachability-and-mutations/POLYCOMP_D4_T4_00C_NONVACUITY_MUTATION_DETECTION/T4_CODEBOOK_MUT_RUNNER_20260726T031711Z.json	1e5ff3bece0f8ef123b788415484a46e7f009c172370a261d3088ac6bc0ba7b9	2	1	POLYCOMP_D4_T4_00C_NONVACUITY_MUTATION_DETECTION/T4_CODEBOOK_MUT_RUNNER_20260726T031711Z.json | POLYCOMP_D4_T4_00D_FINAL_FREEZE/POLYCOMP_D4_T4_FINAL_EVIDENCE_20260726T032519Z/campaign_stages/00C_COVERAGE_REACHABILITY_MUTATIONS/T4_CODEBOOK_MUT_RUNNER_20260726T031711Z.json
experiments/polycomp-d4/T04-quantizer-projection/02-coverage-reachability-and-mutations/POLYCOMP_D4_T4_00C_NONVACUITY_MUTATION_DETECTION/T4_CODEBOOK_MUT_RUNNER_20260726T031711Z.txt	c5d423fa355fe215880ee4a992a487a9d8ec564531afce19e199e811cf090e59	2	1	POLYCOMP_D4_T4_00C_NONVACUITY_MUTATION_DETECTION/T4_CODEBOOK_MUT_RUNNER_20260726T031711Z.txt | POLYCOMP_D4_T4_00D_FINAL_FREEZE/POLYCOMP_D4_T4_FINAL_EVIDENCE_20260726T032519Z/campaign_stages/00C_COVERAGE_REACHABILITY_MUTATIONS/T4_CODEBOOK_MUT_RUNNER_20260726T031711Z.txt
experiments/polycomp-d4/T04-quantizer-projection/02-coverage-reachability-and-mutations/POLYCOMP_D4_T4_00C_NONVACUITY_MUTATION_DETECTION/T4_CODEBOOK_MUT_STDERR_20260726T031711Z.txt	e3b0c44298fc1c149afbf4c8996fb92427ae41e4649b934ca495991b7852b855	2	1	POLYCOMP_D4_T4_00C_NONVACUITY_MUTATION_DETECTION/T4_CODEBOOK_MUT_STDERR_20260726T031711Z.txt | POLYCOMP_D4_T4_00D_FINAL_FREEZE/POLYCOMP_D4_T4_FINAL_EVIDENCE_20260726T032519Z/campaign_stages/00C_COVERAGE_REACHABILITY_MUTATIONS/T4_CODEBOOK_MUT_STDERR_20260726T031711Z.txt
experiments/polycomp-d4/T04-quantizer-projection/02-coverage-reachability-and-mutations/POLYCOMP_D4_T4_00C_NONVACUITY_MUTATION_DETECTION/T4_CODEBOOK_MUT_SUMMARY_20260726T031711Z.txt	0127c38dae77da88694a8087ea2e31c57f1794bebf04db4c561cb6ffec7dcd3a	2	1	POLYCOMP_D4_T4_00C_NONVACUITY_MUTATION_DETECTION/T4_CODEBOOK_MUT_SUMMARY_20260726T031711Z.txt | POLYCOMP_D4_T4_00D_FINAL_FREEZE/POLYCOMP_D4_T4_FINAL_EVIDENCE_20260726T032519Z/campaign_stages/00C_COVERAGE_REACHABILITY_MUTATIONS/T4_CODEBOOK_MUT_SUMMARY_20260726T031711Z.txt
experiments/polycomp-d4/T04-quantizer-projection/02-coverage-reachability-and-mutations/POLYCOMP_D4_T4_00C_NONVACUITY_MUTATION_DETECTION/T4_DIST_MUT_LOOP_REPORT_20260726T031711Z.txt	ed2261ab52eac857cab9da1b7f58a38047f3567b37fac50e88fd7c2b66d57ef0	2	1	POLYCOMP_D4_T4_00C_NONVACUITY_MUTATION_DETECTION/T4_DIST_MUT_LOOP_REPORT_20260726T031711Z.txt | POLYCOMP_D4_T4_00D_FINAL_FREEZE/POLYCOMP_D4_T4_FINAL_EVIDENCE_20260726T032519Z/campaign_stages/00C_COVERAGE_REACHABILITY_MUTATIONS/T4_DIST_MUT_LOOP_REPORT_20260726T031711Z.txt
experiments/polycomp-d4/T04-quantizer-projection/02-coverage-reachability-and-mutations/POLYCOMP_D4_T4_00C_NONVACUITY_MUTATION_DETECTION/T4_DIST_MUT_RESULT_20260726T031711Z.json	b7ef1a1c9ebe2dfc40431f1861508fe7f00bc2aab1fad7f3e5e0644ecab2c464	2	1	POLYCOMP_D4_T4_00C_NONVACUITY_MUTATION_DETECTION/T4_DIST_MUT_RESULT_20260726T031711Z.json | POLYCOMP_D4_T4_00D_FINAL_FREEZE/POLYCOMP_D4_T4_FINAL_EVIDENCE_20260726T032519Z/campaign_stages/00C_COVERAGE_REACHABILITY_MUTATIONS/T4_DIST_MUT_RESULT_20260726T031711Z.json
experiments/polycomp-d4/T04-quantizer-projection/02-coverage-reachability-and-mutations/POLYCOMP_D4_T4_00C_NONVACUITY_MUTATION_DETECTION/T4_DIST_MUT_RUNNER_20260726T031711Z.json	7b9976c67d4e308ece3d91a9f774f3a4aac66272ccdce3013dd0dbb00134ab2d	2	1	POLYCOMP_D4_T4_00C_NONVACUITY_MUTATION_DETECTION/T4_DIST_MUT_RUNNER_20260726T031711Z.json | POLYCOMP_D4_T4_00D_FINAL_FREEZE/POLYCOMP_D4_T4_FINAL_EVIDENCE_20260726T032519Z/campaign_stages/00C_COVERAGE_REACHABILITY_MUTATIONS/T4_DIST_MUT_RUNNER_20260726T031711Z.json
experiments/polycomp-d4/T04-quantizer-projection/02-coverage-reachability-and-mutations/POLYCOMP_D4_T4_00C_NONVACUITY_MUTATION_DETECTION/T4_DIST_MUT_RUNNER_20260726T031711Z.txt	04b8adb7a855c940e917638023096c6276e3c35b31c5f82ba8db976dfb087bce	2	1	POLYCOMP_D4_T4_00C_NONVACUITY_MUTATION_DETECTION/T4_DIST_MUT_RUNNER_20260726T031711Z.txt | POLYCOMP_D4_T4_00D_FINAL_FREEZE/POLYCOMP_D4_T4_FINAL_EVIDENCE_20260726T032519Z/campaign_stages/00C_COVERAGE_REACHABILITY_MUTATIONS/T4_DIST_MUT_RUNNER_20260726T031711Z.txt
experiments/polycomp-d4/T04-quantizer-projection/02-coverage-reachability-and-mutations/POLYCOMP_D4_T4_00C_NONVACUITY_MUTATION_DETECTION/T4_DIST_MUT_STDERR_20260726T031711Z.txt	e3b0c44298fc1c149afbf4c8996fb92427ae41e4649b934ca495991b7852b855	2	1	POLYCOMP_D4_T4_00C_NONVACUITY_MUTATION_DETECTION/T4_DIST_MUT_STDERR_20260726T031711Z.txt | POLYCOMP_D4_T4_00D_FINAL_FREEZE/POLYCOMP_D4_T4_FINAL_EVIDENCE_20260726T032519Z/campaign_stages/00C_COVERAGE_REACHABILITY_MUTATIONS/T4_DIST_MUT_STDERR_20260726T031711Z.txt
experiments/polycomp-d4/T04-quantizer-projection/02-coverage-reachability-and-mutations/POLYCOMP_D4_T4_00C_NONVACUITY_MUTATION_DETECTION/T4_DIST_MUT_SUMMARY_20260726T031711Z.txt	a3a2f3e24cb0d9373e9ce200d40ac6b098e20c5992e27e7fbe7b7d7858b8c941	2	1	POLYCOMP_D4_T4_00C_NONVACUITY_MUTATION_DETECTION/T4_DIST_MUT_SUMMARY_20260726T031711Z.txt | POLYCOMP_D4_T4_00D_FINAL_FREEZE/POLYCOMP_D4_T4_FINAL_EVIDENCE_20260726T032519Z/campaign_stages/00C_COVERAGE_REACHABILITY_MUTATIONS/T4_DIST_MUT_SUMMARY_20260726T031711Z.txt
experiments/polycomp-d4/T04-quantizer-projection/02-coverage-reachability-and-mutations/POLYCOMP_D4_T4_00C_NONVACUITY_MUTATION_DETECTION/T4_LOCATION_COVERAGE_20260726T031711Z.json	ee4f56a91208b0ca52bc8663514f0c7f8c45e85b8715502864266933aece99a2	2	1	POLYCOMP_D4_T4_00C_NONVACUITY_MUTATION_DETECTION/T4_LOCATION_COVERAGE_20260726T031711Z.json | POLYCOMP_D4_T4_00D_FINAL_FREEZE/POLYCOMP_D4_T4_FINAL_EVIDENCE_20260726T032519Z/campaign_stages/00C_COVERAGE_REACHABILITY_MUTATIONS/T4_LOCATION_COVERAGE_20260726T031711Z.json
experiments/polycomp-d4/T04-quantizer-projection/02-coverage-reachability-and-mutations/POLYCOMP_D4_T4_00C_NONVACUITY_MUTATION_DETECTION/T4_LOCATION_COVERAGE_STDERR_20260726T031711Z.txt	e3b0c44298fc1c149afbf4c8996fb92427ae41e4649b934ca495991b7852b855	2	1	POLYCOMP_D4_T4_00C_NONVACUITY_MUTATION_DETECTION/T4_LOCATION_COVERAGE_STDERR_20260726T031711Z.txt | POLYCOMP_D4_T4_00D_FINAL_FREEZE/POLYCOMP_D4_T4_FINAL_EVIDENCE_20260726T032519Z/campaign_stages/00C_COVERAGE_REACHABILITY_MUTATIONS/T4_LOCATION_COVERAGE_STDERR_20260726T031711Z.txt
experiments/polycomp-d4/T04-quantizer-projection/02-coverage-reachability-and-mutations/POLYCOMP_D4_T4_00C_NONVACUITY_MUTATION_DETECTION/T4_LOCATION_COVERAGE_SUMMARY_20260726T031711Z.txt	4c01d8d6825c1e575a69482656400dfc8d4de34fcfca646003fc18adc2a41d1c	2	1	POLYCOMP_D4_T4_00C_NONVACUITY_MUTATION_DETECTION/T4_LOCATION_COVERAGE_SUMMARY_20260726T031711Z.txt | POLYCOMP_D4_T4_00D_FINAL_FREEZE/POLYCOMP_D4_T4_FINAL_EVIDENCE_20260726T032519Z/campaign_stages/00C_COVERAGE_REACHABILITY_MUTATIONS/T4_LOCATION_COVERAGE_SUMMARY_20260726T031711Z.txt
experiments/polycomp-d4/T04-quantizer-projection/02-coverage-reachability-and-mutations/POLYCOMP_D4_T4_00C_NONVACUITY_MUTATION_DETECTION/T4_POSITIVE_END_REACHABILITY_20260726T031711Z.goto	ab0c9e9bcdb5de51bedb6067d2fb4685392f08092e633fd96de2de858ed49ad5	2	1	POLYCOMP_D4_T4_00C_NONVACUITY_MUTATION_DETECTION/T4_POSITIVE_END_REACHABILITY_20260726T031711Z.goto | POLYCOMP_D4_T4_00D_FINAL_FREEZE/POLYCOMP_D4_T4_FINAL_EVIDENCE_20260726T032519Z/campaign_stages/00C_COVERAGE_REACHABILITY_MUTATIONS/T4_POSITIVE_END_REACHABILITY_20260726T031711Z.goto
experiments/polycomp-d4/T04-quantizer-projection/02-coverage-reachability-and-mutations/POLYCOMP_D4_T4_00C_NONVACUITY_MUTATION_DETECTION/T4_POSITIVE_END_REACHABILITY_20260726T031711Z.json	4b446303c14db8aa6700e2114fdc709e1844c5c24470a7220c51414debaf147f	2	1	POLYCOMP_D4_T4_00C_NONVACUITY_MUTATION_DETECTION/T4_POSITIVE_END_REACHABILITY_20260726T031711Z.json | POLYCOMP_D4_T4_00D_FINAL_FREEZE/POLYCOMP_D4_T4_FINAL_EVIDENCE_20260726T032519Z/campaign_stages/00C_COVERAGE_REACHABILITY_MUTATIONS/T4_POSITIVE_END_REACHABILITY_20260726T031711Z.json
experiments/polycomp-d4/T04-quantizer-projection/02-coverage-reachability-and-mutations/POLYCOMP_D4_T4_00C_NONVACUITY_MUTATION_DETECTION/T4_POSITIVE_END_REACHABILITY_STDERR_20260726T031711Z.txt	e3b0c44298fc1c149afbf4c8996fb92427ae41e4649b934ca495991b7852b855	2	1	POLYCOMP_D4_T4_00C_NONVACUITY_MUTATION_DETECTION/T4_POSITIVE_END_REACHABILITY_STDERR_20260726T031711Z.txt | POLYCOMP_D4_T4_00D_FINAL_FREEZE/POLYCOMP_D4_T4_FINAL_EVIDENCE_20260726T032519Z/campaign_stages/00C_COVERAGE_REACHABILITY_MUTATIONS/T4_POSITIVE_END_REACHABILITY_STDERR_20260726T031711Z.txt
experiments/polycomp-d4/T04-quantizer-projection/02-coverage-reachability-and-mutations/POLYCOMP_D4_T4_00C_NONVACUITY_MUTATION_DETECTION/T4_POSITIVE_END_REACHABILITY_SUMMARY_20260726T031711Z.txt	dd27463d28c5d277c0a8e4ef1028df1436f2ebabc48332c625689b02c675aed8	2	1	POLYCOMP_D4_T4_00C_NONVACUITY_MUTATION_DETECTION/T4_POSITIVE_END_REACHABILITY_SUMMARY_20260726T031711Z.txt | POLYCOMP_D4_T4_00D_FINAL_FREEZE/POLYCOMP_D4_T4_FINAL_EVIDENCE_20260726T032519Z/campaign_stages/00C_COVERAGE_REACHABILITY_MUTATIONS/T4_POSITIVE_END_REACHABILITY_SUMMARY_20260726T031711Z.txt
experiments/polycomp-d4/T04-quantizer-projection/02-coverage-reachability-and-mutations/POLYCOMP_D4_T4_00C_NONVACUITY_MUTATION_DETECTION/T4_REACH_INSTRUMENT_STDERR_20260726T031711Z.txt	e3b0c44298fc1c149afbf4c8996fb92427ae41e4649b934ca495991b7852b855	2	1	POLYCOMP_D4_T4_00C_NONVACUITY_MUTATION_DETECTION/T4_REACH_INSTRUMENT_STDERR_20260726T031711Z.txt | POLYCOMP_D4_T4_00D_FINAL_FREEZE/POLYCOMP_D4_T4_FINAL_EVIDENCE_20260726T032519Z/campaign_stages/00C_COVERAGE_REACHABILITY_MUTATIONS/T4_REACH_INSTRUMENT_STDERR_20260726T031711Z.txt
experiments/polycomp-d4/T04-quantizer-projection/02-coverage-reachability-and-mutations/POLYCOMP_D4_T4_00C_NONVACUITY_MUTATION_DETECTION/T4_REACH_INSTRUMENT_STDOUT_20260726T031711Z.txt	e97b61355b933da75326d1642a2b1164fc0beec0442d8543474f3ff38838f3e3	2	1	POLYCOMP_D4_T4_00C_NONVACUITY_MUTATION_DETECTION/T4_REACH_INSTRUMENT_STDOUT_20260726T031711Z.txt | POLYCOMP_D4_T4_00D_FINAL_FREEZE/POLYCOMP_D4_T4_FINAL_EVIDENCE_20260726T032519Z/campaign_stages/00C_COVERAGE_REACHABILITY_MUTATIONS/T4_REACH_INSTRUMENT_STDOUT_20260726T031711Z.txt
experiments/polycomp-d4/T04-quantizer-projection/final-review/POLYCOMP_D4_T4_FINAL_EVIDENCE_20260726T032519Z/FINAL_VALIDATION.txt	7ee0a8e40d9fe7618299c38962337e7dde0618ffa42784f3b3676a99cb9f37d1	2	1	POLYCOMP_D4_T4_00D_FINAL_FREEZE/POLYCOMP_D4_T4_FINAL_EVIDENCE_20260726T032519Z/FINAL_VALIDATION.txt | POLYCOMP_D4_T4_00D_FINAL_FREEZE/T4_FINAL_VALIDATION_20260726T032519Z.txt
upstream/mlkem-native/polycomp-d4-af4c5abd-source-binding/mlkem/src/cbmc.h	12fe62f76060aa2cdd41de6170e0c787c516ae753ed32579c9c39b1af55130fb	5	4	POLYCOMP_D4_00H_T1_FINAL_FREEZE/POLYCOMP_D4_T1_FINAL_EVIDENCE_20260725T171522Z/source_binding/mlkem/src/cbmc.h | POLYCOMP_D4_T2_00D_FINAL_FREEZE/POLYCOMP_D4_T2_FINAL_EVIDENCE_20260726T004328Z/source_binding/mlkem/src/cbmc.h | POLYCOMP_D4_T2_00D_FINAL_FREEZE/POLYCOMP_D4_T2_FINAL_EVIDENCE_20260726T004328Z_R2/source_binding/mlkem/src/cbmc.h | POLYCOMP_D4_T3_00D_FINAL_FREEZE/POLYCOMP_D4_T3_FINAL_EVIDENCE_20260726T023051Z/source_binding/mlkem/src/cbmc.h | POLYCOMP_D4_T4_00D_FINAL_FREEZE/POLYCOMP_D4_T4_FINAL_EVIDENCE_20260726T032519Z/source_binding/mlkem/src/cbmc.h
upstream/mlkem-native/polycomp-d4-af4c5abd-source-binding/mlkem/src/compress.c	9201bea6ddd1d7622cc6496d2f745fee52397d203392f75a3d6e52a400de5bad	5	4	POLYCOMP_D4_00H_T1_FINAL_FREEZE/POLYCOMP_D4_T1_FINAL_EVIDENCE_20260725T171522Z/source_binding/mlkem/src/compress.c | POLYCOMP_D4_T2_00D_FINAL_FREEZE/POLYCOMP_D4_T2_FINAL_EVIDENCE_20260726T004328Z/source_binding/mlkem/src/compress.c | POLYCOMP_D4_T2_00D_FINAL_FREEZE/POLYCOMP_D4_T2_FINAL_EVIDENCE_20260726T004328Z_R2/source_binding/mlkem/src/compress.c | POLYCOMP_D4_T3_00D_FINAL_FREEZE/POLYCOMP_D4_T3_FINAL_EVIDENCE_20260726T023051Z/source_binding/mlkem/src/compress.c | POLYCOMP_D4_T4_00D_FINAL_FREEZE/POLYCOMP_D4_T4_FINAL_EVIDENCE_20260726T032519Z/source_binding/mlkem/src/compress.c
upstream/mlkem-native/polycomp-d4-af4c5abd-source-binding/mlkem/src/compress.h	0f357a30e7ea37351854dc550e502e5a7eaf80184896bf92b40073175706e0dd	5	4	POLYCOMP_D4_00H_T1_FINAL_FREEZE/POLYCOMP_D4_T1_FINAL_EVIDENCE_20260725T171522Z/source_binding/mlkem/src/compress.h | POLYCOMP_D4_T2_00D_FINAL_FREEZE/POLYCOMP_D4_T2_FINAL_EVIDENCE_20260726T004328Z/source_binding/mlkem/src/compress.h | POLYCOMP_D4_T2_00D_FINAL_FREEZE/POLYCOMP_D4_T2_FINAL_EVIDENCE_20260726T004328Z_R2/source_binding/mlkem/src/compress.h | POLYCOMP_D4_T3_00D_FINAL_FREEZE/POLYCOMP_D4_T3_FINAL_EVIDENCE_20260726T023051Z/source_binding/mlkem/src/compress.h | POLYCOMP_D4_T4_00D_FINAL_FREEZE/POLYCOMP_D4_T4_FINAL_EVIDENCE_20260726T032519Z/source_binding/mlkem/src/compress.h
upstream/mlkem-native/polycomp-d4-af4c5abd-source-binding/mlkem/src/params.h	450fe3e0e50496921920473ae4321660f178c23d51f1453f3c537ee63c4158cb	5	4	POLYCOMP_D4_00H_T1_FINAL_FREEZE/POLYCOMP_D4_T1_FINAL_EVIDENCE_20260725T171522Z/source_binding/mlkem/src/params.h | POLYCOMP_D4_T2_00D_FINAL_FREEZE/POLYCOMP_D4_T2_FINAL_EVIDENCE_20260726T004328Z/source_binding/mlkem/src/params.h | POLYCOMP_D4_T2_00D_FINAL_FREEZE/POLYCOMP_D4_T2_FINAL_EVIDENCE_20260726T004328Z_R2/source_binding/mlkem/src/params.h | POLYCOMP_D4_T3_00D_FINAL_FREEZE/POLYCOMP_D4_T3_FINAL_EVIDENCE_20260726T023051Z/source_binding/mlkem/src/params.h | POLYCOMP_D4_T4_00D_FINAL_FREEZE/POLYCOMP_D4_T4_FINAL_EVIDENCE_20260726T032519Z/source_binding/mlkem/src/params.h
upstream/mlkem-native/polycomp-d4-af4c5abd-source-binding/mlkem/src/poly.h	f24f980110953c1d361e04137e13e2f85f76db776903f85c98f24900e85f7aef	5	4	POLYCOMP_D4_00H_T1_FINAL_FREEZE/POLYCOMP_D4_T1_FINAL_EVIDENCE_20260725T171522Z/source_binding/mlkem/src/poly.h | POLYCOMP_D4_T2_00D_FINAL_FREEZE/POLYCOMP_D4_T2_FINAL_EVIDENCE_20260726T004328Z/source_binding/mlkem/src/poly.h | POLYCOMP_D4_T2_00D_FINAL_FREEZE/POLYCOMP_D4_T2_FINAL_EVIDENCE_20260726T004328Z_R2/source_binding/mlkem/src/poly.h | POLYCOMP_D4_T3_00D_FINAL_FREEZE/POLYCOMP_D4_T3_FINAL_EVIDENCE_20260726T023051Z/source_binding/mlkem/src/poly.h | POLYCOMP_D4_T4_00D_FINAL_FREEZE/POLYCOMP_D4_T4_FINAL_EVIDENCE_20260726T032519Z/source_binding/mlkem/src/poly.h
upstream/mlkem-native/polycomp-d4-af4c5abd-source-binding/mlkem/src/verify.h	13f44749f65099bee5bc55be260932d5e832bbd091335f1e47c31df464c1881f	5	4	POLYCOMP_D4_00H_T1_FINAL_FREEZE/POLYCOMP_D4_T1_FINAL_EVIDENCE_20260725T171522Z/source_binding/mlkem/src/verify.h | POLYCOMP_D4_T2_00D_FINAL_FREEZE/POLYCOMP_D4_T2_FINAL_EVIDENCE_20260726T004328Z/source_binding/mlkem/src/verify.h | POLYCOMP_D4_T2_00D_FINAL_FREEZE/POLYCOMP_D4_T2_FINAL_EVIDENCE_20260726T004328Z_R2/source_binding/mlkem/src/verify.h | POLYCOMP_D4_T3_00D_FINAL_FREEZE/POLYCOMP_D4_T3_FINAL_EVIDENCE_20260726T023051Z/source_binding/mlkem/src/verify.h | POLYCOMP_D4_T4_00D_FINAL_FREEZE/POLYCOMP_D4_T4_FINAL_EVIDENCE_20260726T032519Z/source_binding/mlkem/src/verify.h
