FILE	19533c4050269a0f9385874bcd757e7af3c92fd1b8be4de3ab2bdbc59fd7db32	.clang-format
FILE	c48cb41cbb58d49aef228ee3dae3247c501400496a9831258ed0a13a18388c8d	.clang-tidy
FILE	8e74b508436ee5f644013bdc3e8e708c529d8fa6f1858041c6fd4d9b30327d61	.envrc
FILE	2227bbbfd0215fedb9929fba4e7a81f96a52edd505ab8b9f2530b19cddf794e8	.github/ISSUE_TEMPLATE/bug_report.md
FILE	b55ffd57a6683f7c186538a098a4cf4487c6e7894f586a79a92acecd043ccef8	.github/ISSUE_TEMPLATE/feature_request.md
FILE	3296abec65e2342fbecbc904893402e7f03bb4004f8488f70150a9bc25886afb	.github/actionlint.yaml
FILE	8f0f25ee45ff7a9783cd5c4b9f0916ecefc15aba6c6d6f5af8a42ae40d18478a	.github/actions/bench/action.yml
FILE	c80b4ec5b5ab6e1b8b9d3c3a21fa90437a3061ed7f5f71304271011feda4bee4	.github/actions/cbmc/action.yml
FILE	9b1c3a7d2725814b55ac9ca932c2de8f07e083c9223f116829ae8da0cd6797cd	.github/actions/cbmc/report.py
FILE	dfc92ba0a3c1d0c5e1de829302194ba8010f5b78473288ce309eb18b4f1f642d	.github/actions/config-variations/action.yml
FILE	abb9831b710d5ed850984240af5f5cff7596caee01fa93ed622cbe6a880c8408	.github/actions/ct-test/action.yml
FILE	44bd8f88267453122d59fbdb65195b953ffa258879bd54ec4154fd195a366070	.github/actions/functest/action.yml
FILE	6da6e56d8fee54fa7c9185817371d08c65e47a1944ee8becd1cadd77fcce9fbe	.github/actions/lint/action.yml
FILE	24f996e395f71133bdf2b04cdbf00bfe5235b13b83d5b8e761e8ce0ada067dfd	.github/actions/multi-functest/action.yml
FILE	e47939c03998bb2a6e01e8c7cef7c34ecbdaeca437192c78683abe1364c68d20	.github/actions/setup-apt/action.yml
FILE	03646db52a79cffaf889e6deaac3b640af42fa491678d7f71d663c79e826fb0b	.github/actions/setup-aws-lc/action.yml
FILE	b1cdb183bbe2f51605fe1a9aebea5e78f8171c4e4cb7c3f11ca7bc6a93330e4b	.github/actions/setup-brew/action.yml
FILE	8359f13ea2a642bbd3d39991bf5471021345c20c5fd83e143d7d38efe940043b	.github/actions/setup-nix/action.yml
FILE	71a514bf36b7893d0190b0b2f476b11083978630b5d27e01dc5015f07fdb5efe	.github/actions/setup-oqs/action.yml
FILE	9581f5220f5e8a14a6379280b1156dc036fa2d1e06703f8672b99c70d7adb2d5	.github/actions/setup-os/action.yml
FILE	bbb6d90ff6f46fc0f77c2b9ecfd62ae357c4d1338e0225cc5862f306ddc85ccb	.github/actions/setup-pavona/action.yml
FILE	929c26c5f040334cbe0d375a780acc378d0bfad75915c1109d210f9a266fdac3	.github/actions/setup-shell/action.yml
FILE	a5a540bd2cd7e35952f5bbceb0559f3b34c3966d3f5a88207a19d2cf9000289c	.github/actions/setup-yum/action.yml
FILE	7d125e8f29830d045136e317ee444ba08f43a9598e291c82310dec105f478b75	.github/dependabot.yml
FILE	36efebf3af547925b28bb93498e99501583927e7056ed96ba8de09c12a8b934f	.github/mlc_config.json
FILE	3c0937295ec9224d88af367637a57fa5bfeec5d6de765b97de87942fb40b6bc6	.github/scripts/check-wycheproof-updates.py
FILE	36846d207b3b17a8ea27e4c59b03cf931738dc987054b3a685db2c2fa1d00c62	.github/workflows/all.yml
FILE	f50f76ecd8396ea36441802c518e3e50700131b2aba592bed2175248502a8764	.github/workflows/baremetal.yml
FILE	6ffb65f2a98f95cd3ff7766d5b6942cf093de428d368229272acf7334bf15b9a	.github/workflows/base.yml
FILE	8b206d56d276c1082a5f610e3267101d1a9f9e7ff0c6f5f4bc960ed31c56ca29	.github/workflows/bench.yml
FILE	b3b17dcdc5f003a1597490b5d29c17fe777a2e7e456e3a06f8bc7bf53a99f075	.github/workflows/bench_ec2_any.yml
FILE	078b06844c5786cd97121d241a0e7ad0daf322401a3708a1278a2cd1caa8ff50	.github/workflows/bench_ec2_reusable.yml
FILE	94d30cd6b369e31b25e4bab6b268a9b0497c0c72db774c5953cb4242b2d918dc	.github/workflows/cbmc.yml
FILE	1ac87cf5ed0071b4414cd41b2305a2472a532d604d9b7661cba580f4540ba0d3	.github/workflows/ci.yml
FILE	e152624ca07bfbe9e3f048dc867fddd5a0e7d45535dc83f634113ec51e5f8ab3	.github/workflows/ci_ec2_any.yml
FILE	d24918e44a50da0e55dff15a04442883dd889aede6bcaf48b4db2948b77a0b5e	.github/workflows/ci_ec2_container.yml
FILE	e5a6c16de3c646d0f5dcf19d8d0a763ab8cb4d8df57625337e81331f5443f994	.github/workflows/ci_ec2_reusable.yml
FILE	72656f5050e8160721cd76d2c31decfbd85fd82ebb9c8f8469a9901899edfb93	.github/workflows/ct-tests.yml
FILE	466230396188d7f9b32bb6f9b4eb254e704e2cc57e9fe006fd77221b0741202c	.github/workflows/hol_light.yml
FILE	b15b33db4bc3f81da791fc11928780a0491b8939ea807d7636ad08f7cc656bf8	.github/workflows/integration-awslc-main.yml
FILE	7e74eb164596e11c7e18b375b6a488855845393eaa8dd6bfc751b812d8b0ee5b	.github/workflows/integration-awslc.yml
FILE	644f5a138c1c30aa626f000577a03690e4e771111fb6fc9fab0bbe0cd43f4bf3	.github/workflows/integration-liboqs.yml
FILE	2af78a85aa2811e4356026b7ed858db08aada4ec971c63873b99dd8d7950e0da	.github/workflows/integration-pavona.yml
FILE	6dedb381b37d6a6116a619d7e1056ca89a880776caf1a4d335585003745a8ffd	.github/workflows/legacy-compilers.yml
FILE	a30f9a6147c389d35d7159fac33d5a0c46f638f80dc6511ed2175b7d696625a6	.github/workflows/lint_markdown.yml
FILE	977933c187e1e5f62a2a8f6ed7491bbeeab8f15367e7bb644c5891e24c742d10	.github/workflows/nix.yml
FILE	1b76adb511db309433ad32f069b1cd733f4cc3ca23582a6529d58ea414aceb4a	.github/workflows/riscv.yml
FILE	4c9c0ce45f54beff0a981a840ecdf9cc7a414c20a159ad36df620db11646fa84	.github/workflows/scorecard.yaml
FILE	340c681fa9fd1adf44ccf412b47ffdd8ae66efa9abd02d4245acf2c0636bd570	.github/workflows/slothy.yml
FILE	e11c0ce142b11ea5ee06f7e15c6d62558fd071f4419ea347c5f035ee8e892334	.github/workflows/wycheproof-updates.yml
FILE	46aaa181ab2675a5e7383de1527c1a88d62d99f7b0e40f04244d0f59be47794b	.github/workflows/zephyr.yml
FILE	8c581f31248d20ca87a314c9aa6e41eb8a69a715cffc6166f957ce39f1d10eda	.gitignore
FILE	f3d8cbe1be640f5240378f82bda135e8772843ca301849fc0816468c962bb4e8	BIBLIOGRAPHY.md
FILE	4313ac1436bfdc8fd8a14d496cbaac49c0c29b499fcfb04abbff1509c77c5469	BIBLIOGRAPHY.yml
FILE	eb7e69e2b95422539c311de5a0a1c0515209e2feda10b8098d8b618ea8bf3d08	BUILDING.md
FILE	b512ea40ea52efefaa6f16f7ea15bdc288d52c474bf58c73852f63903755276a	CODEOWNERS
FILE	04c45bb84bef29aeaf385b026061a9a18f405a91630668f1685fbbd048b1adea	CONTRIBUTING.md
FILE	e84d06933a033de2ec76d2a719ad072416890df3b23a56f692323506890e8f07	FIPS202.md
FILE	6393331d41b9fed47a9e18d21b9b844ae8e76bcad8b6da45604c132ae13f3029	LICENSE
FILE	d9c28a6493c6a62203ac684097c483bd258a7608222794d9b811b08c37426c76	MAINTAINERS.md
FILE	fa91905412f65a46e3949f461c75846094c849f17c14ce77d3631869537ae577	META.py
FILE	8432ca69ec12d53410f6841382bef17af08108f54271a406359946881faf8b61	META.yml
FILE	86134c7b9d4c7c15628c10d92dfc61d0187b97de29afa2412ed88eb2e7a1e519	Makefile
FILE	6cc2271a4f49fa875328feede8959fdd406980e9bdced45b93931f2acd4380a5	Makefile.Microsoft_nmake
FILE	336933c7dc844fc882aa60ce2458724ea509c9fbddc299fe06750d256947b608	README.md
FILE	cdf533585d2adb81ec30cb1ae312a11a6319d10fbd449a1c961108af7a98f19e	REFERENCE.md
FILE	c674c90a2b8890dc256cfd93b0e8128133e82e593e035ac6b1d3e8638fdb4974	RELEASE.md
FILE	fd5b7bbcc59981be7583286bd67a4dc6fcf0c048db32799e18dcb0734b791369	RELICENSE.md
FILE	14154fa4c36fadbdee6419cbc6c44a6734d656d463f592282008b1ac60503126	SECURITY.md
FILE	f7088ae5b250c15f9c324a02329b66f2a9d64d6e69063eeb490a880fe92677a6	SOUNDNESS.md
FILE	4f646be3522d44a3a7a10e29a126348333a71f3a38e12ce05a47c42a6ae7eb79	STDLIB.md
FILE	2d561aba2f49b6fa1db9f0053b1dce67bf795737d8085041bfbb30db0edeb2af	dev/README.md
FILE	db0816c3bb43c9523f2d3265c9bc905965d77fc83bb1311f83262e0522fa1472	dev/aarch64_clean/README.md
FILE	68693f9d96cc3893d8633455b4e4c5b5d70ffdfd81b1da67f3c9b82aaf9d8589	dev/aarch64_clean/meta.h
FILE	f254d432c3ad7e9f05b462ccc7c280efeca13af963cd208d62a80c1cdb592517	dev/aarch64_clean/src/aarch64_zetas.c
FILE	5ba187f6f0eb3e0a212da00647bcc42ddf84b4e7cb1066b6b4ed173dfcff437a	dev/aarch64_clean/src/arith_native_aarch64.h
FILE	eb878ba67049bfec1d734be5b6d68061d91d097c86fe701eb40331f6ea2cb260	dev/aarch64_clean/src/intt_aarch64_asm.S
FILE	a51b7f6ed9944aea2ac55f4eaf4fa9116d6c0648c976b1564e8b7937a16a1165	dev/aarch64_clean/src/ntt_aarch64_asm.S
FILE	eda221773a14b92352ecf380ba3071115c1dbf2e206a503acabf81e952ebc83a	dev/aarch64_clean/src/poly_mulcache_compute_aarch64_asm.S
FILE	8707c33c282159b0379af07b0079225906b71cda38f12349e4d5fd7d0dfa9a76	dev/aarch64_clean/src/poly_reduce_aarch64_asm.S
FILE	2cb357e210b92e457966d257cb3deda02bc327be090a7814b3bd2f22319ef893	dev/aarch64_clean/src/poly_tobytes_aarch64_asm.S
FILE	f57ef4658a69e1e8d06e6d201d16d59b90ff1d50e9a18b6addaf836c089138ef	dev/aarch64_clean/src/poly_tomont_aarch64_asm.S
FILE	af38430802d5e5127fcdad262673315986e95e6c0851411c30f0d114214664af	dev/aarch64_clean/src/polyvec_basemul_acc_montgomery_cached_k2_aarch64_asm.S
FILE	d4b2a6ca5222a062a68f891b24b7d2ccde009df5ad6acd105070a0ffc4f5e25e	dev/aarch64_clean/src/polyvec_basemul_acc_montgomery_cached_k3_aarch64_asm.S
FILE	0c204e53850eabec513fbe4e6938f747620e0e0700dac02b7e8b409e75969fbc	dev/aarch64_clean/src/polyvec_basemul_acc_montgomery_cached_k4_aarch64_asm.S
FILE	fedc3d1f008de34a75ac8e60ea05bb48c63668b66c355dfe2da95b7a1f92ada9	dev/aarch64_clean/src/rej_uniform_aarch64_asm.S
FILE	0f4e7024475acf7cc84adc8c013356fd650e312b9ea8855da32fa1531f4af7f7	dev/aarch64_clean/src/rej_uniform_table.c
FILE	7ca146a9c55d47d4503b850772c43d508465fab0314af865fca81e3948835410	dev/aarch64_opt/README.md
FILE	04c27b06cb9b1efe8d3be2a54afeda3ecc81c7eb70e9387f46a2c214f4287031	dev/aarch64_opt/meta.h
FILE	42aec78a028117210d3b86150eed701b4d21d1e0805a624cbb8bde7fa27541a7	dev/aarch64_opt/src/Makefile
FILE	070d644f9ce1780bebf3850307fa33a7d920714540412102f8a04824b6764904	dev/aarch64_opt/src/README.md
FILE	f254d432c3ad7e9f05b462ccc7c280efeca13af963cd208d62a80c1cdb592517	dev/aarch64_opt/src/aarch64_zetas.c
FILE	11aa22cce59eae578250d408061e53ef394f69aa8beb77dba38baa6fc33424b1	dev/aarch64_opt/src/arith_native_aarch64.h
FILE	5fd0da08ad04bf2c7aa8429a9e70be083d7822137dbef07b831fc5e3d98ea686	dev/aarch64_opt/src/intt_aarch64_asm.S
FILE	2b6366af6ef9f732dff9e6213e801a443d37d73b3ab365156a8f7fd4ae542584	dev/aarch64_opt/src/ntt_aarch64_asm.S
FILE	d19a9c0e06fbfc11336ca29afd1e79bca127c8d76a1163cc4c3a90a5c82ab1ae	dev/aarch64_opt/src/poly_mulcache_compute_aarch64_asm.S
FILE	a179c534302db5bb71212e83679a2d6a79f93e0e5406d8416c73be97dfaaee37	dev/aarch64_opt/src/poly_reduce_aarch64_asm.S
FILE	11c99e2c80519dac46d52be89f5515e481c9c44ad61e8f02606fd646f7f14441	dev/aarch64_opt/src/poly_tobytes_aarch64_asm.S
FILE	71ecafe83460393fb260811a61535874a41027fa55e7a4a7f39a70f1721eca74	dev/aarch64_opt/src/poly_tomont_aarch64_asm.S
FILE	37f1e1f046253d301ded2a55a4f575b7ecf47312d6d0af56007bcbc8ab896842	dev/aarch64_opt/src/polyvec_basemul_acc_montgomery_cached_k2_aarch64_asm.S
FILE	d1865ba26a1a03273d885a84ba1a5d102ed8a58d3c41aa03ebbe174110feeb31	dev/aarch64_opt/src/polyvec_basemul_acc_montgomery_cached_k3_aarch64_asm.S
FILE	427eb86ecd734c306e6aa9bbe03094bca0feefb0716afe950d375d52ab9c2757	dev/aarch64_opt/src/polyvec_basemul_acc_montgomery_cached_k4_aarch64_asm.S
FILE	fedc3d1f008de34a75ac8e60ea05bb48c63668b66c355dfe2da95b7a1f92ada9	dev/aarch64_opt/src/rej_uniform_aarch64_asm.S
FILE	0f4e7024475acf7cc84adc8c013356fd650e312b9ea8855da32fa1531f4af7f7	dev/aarch64_opt/src/rej_uniform_table.c
FILE	1fa2622ba914d05f862ee702c6db9c9c35aa20f29832b9cecf74ffb212f3fa58	dev/fips202/aarch64/auto.h
FILE	ed51c8991a39d7857cdccb7f6e1bc5135ce372e15450b4122f6a7a4bf9d0c47f	dev/fips202/aarch64/src/Makefile
FILE	d9bfb9b361d32af9ec472b530f2f6f54db8d085561ba442f7447f64bd57b9230	dev/fips202/aarch64/src/fips202_native_aarch64.h
FILE	0d33d05d3e465aa671ba7df1b8c330fa1ab61b9ac51f65ff77d710428508d442	dev/fips202/aarch64/src/keccak_f1600_x1_scalar_aarch64_asm.S
FILE	4ed6c7919d1cd769b13b969c4bf5276cd65f477b820e4a9551e85b04ebd8e6ba	dev/fips202/aarch64/src/keccak_f1600_x1_v84a_aarch64_asm.S
FILE	9430e32bf3e7d645683c8962345d48043fc69aefbb5d4c9d86e3e8ff96167c48	dev/fips202/aarch64/src/keccak_f1600_x2_v84a_aarch64_asm.S
FILE	9ec86c2f2b5ec19fcb9d60f0181a96299fc20a0cc386cba96f47c9ef017e81d7	dev/fips202/aarch64/src/keccak_f1600_x4_v8a_scalar_hybrid_aarch64_asm.S
FILE	a0cd09a6182401c4d6218f0147e8693357ccc16bd016bdff219449e0ae2f94a4	dev/fips202/aarch64/src/keccak_f1600_x4_v8a_v84a_scalar_hybrid_aarch64_asm.S
FILE	e5ddd2b144d4006bc515a7259dc85be96f2029bcff1ab8802e8aa683767adeb9	dev/fips202/aarch64/src/keccakf1600_round_constants.c
FILE	a9039f9c0cba1d3f1d6d14903dbb9b25bd9ca40e8e89306c3596c238c4224fdb	dev/fips202/aarch64/x1_scalar.h
FILE	0760aff3f2f3bf4fe91c919886783b720678590e9663eea617bc03b9474e2f16	dev/fips202/aarch64/x1_v84a.h
FILE	13d3535513b22c08887da9d70dddf1691bfe0b333dd3ff3c8b3acc2998102f50	dev/fips202/aarch64/x2_v84a.h
FILE	997272e9a709075c170d2638b1c324da82e55c1c3e807efac34d67a18ca54f2a	dev/fips202/aarch64/x4_v8a_scalar.h
FILE	f24dcd429f1881e4903c26af17ee4fe9ca3966e47753f9875fc854d837f641c6	dev/fips202/aarch64/x4_v8a_v84a_scalar.h
FILE	6e36c5d9400151bffeca05b9f73ac7dab2fd0eb492e1cfd31354848d859722d0	dev/fips202/aarch64_symbolic/keccak_f1600_x1_scalar_symbolic.S
FILE	78a490df11f02a2e2abedcb56760d4d250f5c8d6cb02c4bfabd3c5cfe2b57cef	dev/fips202/aarch64_symbolic/keccak_f1600_x4_v8a_scalar_hybrid_clean.S
FILE	bb4025e8cfede81589013766016d0bb40223628516cdf8dba395a3f22bbb6fc9	dev/fips202/aarch64_symbolic/keccak_f1600_x4_v8a_v84a_scalar_hybrid_clean.S
FILE	5c9da77d44a5414feff176697c987f0f4879399b1142467fd9bec5914bf14a16	dev/fips202/armv81m/README.md
FILE	6febca21704c67e3a5ec62fb531616f095b8641390cfc9cfca476dcae9b74bcb	dev/fips202/armv81m/mve.h
FILE	12bcfd4f63aa27945fdf164b701b3062b04a8585e8ef8815d5530858312ac3a6	dev/fips202/armv81m/src/fips202_native_armv81m.h
FILE	efa957cd2dfc0585379bb963091977e2f52656304d220ee7c0bebf3279698f61	dev/fips202/armv81m/src/keccak_f1600_x4_mve.S
FILE	cc2f5a32ae2c5256088e17e04f89529ca3985baa6813ef4d2f0a971d8698a666	dev/fips202/armv81m/src/keccak_f1600_x4_mve.c
FILE	a01c0948612bf393e6ba1e1db603474d929245be4a273a7b874b491f0e23e22b	dev/fips202/armv81m/src/keccakf1600_round_constants.c
FILE	b41042e11fb524b0ae26365acb383d73e99ba0e163123c8bae120cf9e4800426	dev/fips202/armv81m/src/state_extract_bytes_x4_mve.S
FILE	ab409e7991521c6f26c1e1e6bee8da30f622a27085e0fb0847e38f9144a3a57f	dev/fips202/armv81m/src/state_xor_bytes_x4_mve.S
FILE	6073bea5cd5ed95774590cef1a8b5b88b93b8f4f293e2ed53badb2a5db2ce707	dev/fips202/x86_64/keccak_f1600_x4_avx2.h
FILE	3a8ac7a9e8f0e2a100e98508f22d0250e4632fce81b0902c91050cf76a14411e	dev/fips202/x86_64/src/fips202_native_x86_64.h
FILE	b064da266ec575af8c6bd42c6a2d06304968452d476fed210d964071c521434c	dev/fips202/x86_64/src/keccak_f1600_x4_avx2_asm.S
FILE	e1783332d6248856c4b53d4b777b50fd4ab0eab409ea1c2722ecfc7b6b8809ac	dev/fips202/x86_64/src/keccakf1600_constants.c
FILE	2451f7f8ba5746d25fc4537f990c5d9adb01bbc44da33f467e771c0dd15b83c5	dev/ppc64le/README.md
FILE	eeaea83dbf813c5bc3abb07153da84451f20749c76dd986c7f6acb5d6ace2207	dev/ppc64le/meta.h
FILE	cc1cfa350508bee748e150fc3d932ab62ec6da21842de73824afe57200609f8e	dev/ppc64le/src/arith_native_ppc64le.h
FILE	f651fcd8d1c53f645cb9ef4a17a86575c787fa0e9cdf3b31c10417f20bcbfe98	dev/ppc64le/src/consts.c
FILE	847c8bd61b5d95170a10ca77ba11f89e8c85c0ef12f6ca4f38c20cd36394180e	dev/ppc64le/src/consts.h
FILE	d2c48f733061392e35f1c82058b86435651008c7ca1f08a781fab5a90079ae7d	dev/ppc64le/src/intt_ppc_asm.S
FILE	95210a285ac86fb92a34052c52b0ed30b8de3e5f680c78a533a33fe95ae9ca73	dev/ppc64le/src/ntt_ppc_asm.S
FILE	a32389edf6d2ed30761b1bd7b86cad54bd582bb76f5c1b1dbd9618cfa5617756	dev/ppc64le/src/poly_tomont_ppc_asm.S
FILE	9256c91b1eb1e48f6f764cbfbe1780d3b18cbe5197ee9d584f1df957fd5ab2c6	dev/ppc64le/src/reduce_ppc_asm.S
FILE	662ba0d26dabc8fe4ceb3f242fed251a7bb53692fded593247315e268b87eda1	dev/x86_64/README.md
FILE	80d50455459ea21042c9e12ca01e46f87803363366529a33d8abf8f6b71afedf	dev/x86_64/meta.h
FILE	02bb7233beabbbc4b626c2a827e22cd992617260334d5f71b665804645fa293f	dev/x86_64/src/arith_native_x86_64.h
FILE	562965e31635041e2133ccc7602b6185bdce5472541f3b54ac72795fb6bc98f2	dev/x86_64/src/compress_consts.c
FILE	9a58088b7f7fb603b4d30772de626a16f2b5f9099009a334107022505a660c67	dev/x86_64/src/compress_consts.h
FILE	92b37dd2361425c2816f624a982b64bbb4b4a7563f02604470c7541a83acf435	dev/x86_64/src/consts.c
FILE	9c3145261e895a6ae7afa507a1859c6d1ba8d44b0b8343da7d4011f240b527d9	dev/x86_64/src/consts.h
FILE	9119d73ba60d16ccfa7a260574307f4a3d8b544b33b2d3c7adee44895e1eb650	dev/x86_64/src/fq.inc
FILE	cde9b5cf4292bdf4ab016f2f5132234cc5115ad0c9f7135b5a6de8387896b671	dev/x86_64/src/intt_avx2_asm.S
FILE	cd0ce34fffb989cf76ba72035b14ad71487fb3b7b9c9cd06879e12442b575e83	dev/x86_64/src/ntt_avx2_asm.S
FILE	23094ca8ac551a5fdb5098ed59c782f6fc3c968f80c3f34d2ad0333085029c48	dev/x86_64/src/nttfrombytes_avx2_asm.S
FILE	dd7f10b104a15f1fbe3c83f03569f614afa4c2df558b5d180a65c7acec22ee2b	dev/x86_64/src/ntttobytes_avx2_asm.S
FILE	44dd8afde0678ea2c0cc2e066c68b0fd0765351d3701e9a5c9e1351b8166f07a	dev/x86_64/src/nttunpack_avx2_asm.S
FILE	1d6af52652f37f92c7208c39506b0b058740833d7343f91e569e3ac3c99f4396	dev/x86_64/src/poly_basemul.inc
FILE	bd844a55020f1ea844c6222f4e4c24a83056d6cbd5acacee2ca57286ca38b1ef	dev/x86_64/src/poly_compress_d10_avx2_asm.S
FILE	b4ce17057839b7e4e76e5c517c2a6638a483dca4c08379c37e5f3c7c88d10ef9	dev/x86_64/src/poly_compress_d11_avx2_asm.S
FILE	90fed7f96d6b1d9bb7952682d2d93fdd47ab17c7146cbe2d1d734fa211c66d81	dev/x86_64/src/poly_compress_d4_avx2_asm.S
FILE	c7d8526b8a50668cdd38fa246ab733af2fdf204b2ef5ddc18e04f212d69eef1c	dev/x86_64/src/poly_compress_d5_avx2_asm.S
FILE	e13703eed0d0c9232fe88ee5cf7ff6a30f5e666f279449eab1187ce8d8866287	dev/x86_64/src/poly_decompress_d10_avx2_asm.S
FILE	931601c4ae43cdebdba029c5178c5d04eda0e165ddbb99865c91ca2e543837b7	dev/x86_64/src/poly_decompress_d11_avx2_asm.S
FILE	26455eb3cafa245be446a96fc1c81723549e8c5618227d33467bb181fb522777	dev/x86_64/src/poly_decompress_d4_avx2_asm.S
FILE	1ada70e9d28b41625a27a0293e9fe1a10c0cde570704e93922c3c0b91d4bf8bc	dev/x86_64/src/poly_decompress_d5_avx2_asm.S
FILE	279c2acc573510b867192faa70ce07c2441d5f31273a364536eb1b9c310e0f51	dev/x86_64/src/poly_mulcache_compute_avx2_asm.S
FILE	3f0f7ab75a8f05523451e2a10b4a8c7daed43a48975896fa265f1acc5527f2f2	dev/x86_64/src/polyvec_basemul_acc_montgomery_cached_k2_avx2_asm.S
FILE	7ff023497b2f98cd2d2b1505dd8478b8e8886ae5f9f0fb507050438f26e7ae5b	dev/x86_64/src/polyvec_basemul_acc_montgomery_cached_k3_avx2_asm.S
FILE	6264216a29647f2f6ef8cde0be7a9e685795a002ce8c3cba8e6c714bd647e516	dev/x86_64/src/polyvec_basemul_acc_montgomery_cached_k4_avx2_asm.S
FILE	8435e347c0fb45614c93b60f87bfe363ba961756f114a93ddf6f1c3ead548520	dev/x86_64/src/reduce_avx2_asm.S
FILE	500a934d7e90923c6c106a3903b992d416e903e893f2c9b222e255a7290dcffc	dev/x86_64/src/rej_uniform_avx2_asm.S
FILE	be662d58c00fdfc8dfa14bdaf580f7af0c21ffb3211eba5e6a89654ab34afa22	dev/x86_64/src/rej_uniform_table.c
FILE	98aa8f89f296799caed9b3e0525984bb49d7c437c797f81a115c8f7ec9be17c5	dev/x86_64/src/shuffle.inc
FILE	7fec44c4ca710fa03fcc39e7c4320d0d209284896b8a722b9b17a61a876b7d9b	dev/x86_64/src/tomont_avx2_asm.S
FILE	c32302629549cc7b296db15ef08c9232cf367d30623b1d81ebbd1d843ed22667	examples/README.md
FILE	a16ce390164578975ec29da9b161ac23ca477f6b6b8fc8f5b051bda34e3b01ac	examples/basic/.gitignore
FILE	6408f76c5dc2effd5064c9f294ff39dfe060ac1426a3a9af55a9090336167cb8	examples/basic/Makefile
FILE	7a6d28163cf25da025eff48caa8665210e132d7722dce044d8f170e4f7b61294	examples/basic/README.md
SYMLINK	cd28942f25f60325e82b6c68f6fc2b14b76012dee1ee9c63746b63a85c204dd1	examples/basic/auto.mk
FILE	a2828917c9059c8b946d67fda24b174c444df9fec7a56e92959a866d041a66b1	examples/basic/main.c
SYMLINK	83f11f4135a77fb08d7082151fee9da4a378085cf4463cab8d91c9a9250f64b4	examples/basic/mlkem_native/mlkem_native.h
SYMLINK	d7e911bc31bfd4312b23ed2d2c5c8217de6afc2314185afbef8dfe6054acf71e	examples/basic/mlkem_native/mlkem_native_config.h
SYMLINK	b62f8fd94be8d7a4afe3a428d755bf77a37c85850f244f06f903fc0a2e721600	examples/basic/mlkem_native/src
SYMLINK	4cb5d18d3fa8ca9742d8b4a68b57575ef70f3406c8020cc74115ab46492fb354	examples/basic/test_only_rng/notrandombytes.c
SYMLINK	d0e8bfcfd5ee4f8c36462d5369c089986ea81f9063b3edae70233e3fd4d9666d	examples/basic/test_only_rng/notrandombytes.h
FILE	a16ce390164578975ec29da9b161ac23ca477f6b6b8fc8f5b051bda34e3b01ac	examples/basic_deterministic/.gitignore
FILE	7cb98ddb9e4a39944dedb1b916307b62ac7ec0e4c93cd0141bd0cf42f30206c3	examples/basic_deterministic/Makefile
FILE	c9fc8cbcc4a7c6310ed2cc33be7661931a530296b44b8bbc52f37ba7433233d1	examples/basic_deterministic/README.md
SYMLINK	cd28942f25f60325e82b6c68f6fc2b14b76012dee1ee9c63746b63a85c204dd1	examples/basic_deterministic/auto.mk
FILE	33b59cb86c458335cef4a7ae06f3e4844d0cf90315349a52729b9bf9854ef47b	examples/basic_deterministic/main.c
SYMLINK	83f11f4135a77fb08d7082151fee9da4a378085cf4463cab8d91c9a9250f64b4	examples/basic_deterministic/mlkem_native/mlkem_native.h
FILE	4b355b7d568fbba04e6c89750f35edc8c4121be8b57cc8351728016f15999eed	examples/basic_deterministic/mlkem_native/mlkem_native_config.h
SYMLINK	b62f8fd94be8d7a4afe3a428d755bf77a37c85850f244f06f903fc0a2e721600	examples/basic_deterministic/mlkem_native/src
FILE	a16ce390164578975ec29da9b161ac23ca477f6b6b8fc8f5b051bda34e3b01ac	examples/bring_your_own_fips202/.gitignore
FILE	cbd817865b79f232fe1d2629d425ce9cc46f56dc6068faa17f8d77516f4cdc1f	examples/bring_your_own_fips202/Makefile
FILE	57132412ef78c13623989238d8e6d2c3482659f5ac6f8af15c72b89ecc52c45f	examples/bring_your_own_fips202/README.md
SYMLINK	cd28942f25f60325e82b6c68f6fc2b14b76012dee1ee9c63746b63a85c204dd1	examples/bring_your_own_fips202/auto.mk
FILE	962c7eba477b1f328d9a82daa0cce9ddc6577779faeac12f176de4fe62e84ae2	examples/bring_your_own_fips202/custom_fips202/README.md
FILE	0cb35aa4b2db9ef048a3d631cdd7deb18c38c8660d7bf4e6192d7fec94040a6b	examples/bring_your_own_fips202/custom_fips202/fips202.h
FILE	ca6ed15b059cea8821e7126cdbf10c99a5fa63cee1564ac8564841f885ebe1a0	examples/bring_your_own_fips202/custom_fips202/fips202x4.h
FILE	c5ebc5c092628cbb9018d4b73d7330ffc84e3f44576c1bddcd884c3e5158a18c	examples/bring_your_own_fips202/custom_fips202/tiny_sha3/LICENSE
FILE	300725b916d1fa1895f4b194d2ffa2ca0c8316111cc9dbea21678c82505a05b5	examples/bring_your_own_fips202/custom_fips202/tiny_sha3/README.md
FILE	dce26ca356762c85fc1a3a529d488b00694a7c0a4c1cfc05cfdab76dd8c3377b	examples/bring_your_own_fips202/custom_fips202/tiny_sha3/sha3.c
FILE	70b7c2edd20951dcd8bee44ae114567ac406083a28eb127afd2d57e8b16a2bd8	examples/bring_your_own_fips202/custom_fips202/tiny_sha3/sha3.h
FILE	94365d793e6e7b355eec2352846543c6e3801f49a68235a0a0193a77c160bef7	examples/bring_your_own_fips202/main.c
SYMLINK	83f11f4135a77fb08d7082151fee9da4a378085cf4463cab8d91c9a9250f64b4	examples/bring_your_own_fips202/mlkem_native/mlkem_native.h
FILE	54538fb38bc2918eb0f263ba1fc0b4c023f4abbab1761db38afc038311bfcda9	examples/bring_your_own_fips202/mlkem_native/mlkem_native_config.h
SYMLINK	7812c0af24840f2b6295873955cecc04aa828c992efa7507dbe82bb9370dcaac	examples/bring_your_own_fips202/mlkem_native/src/cbmc.h
SYMLINK	697c06fa3b0fb40e802306a81f7bfc0ea357835ce263abbce7f64557527d2b06	examples/bring_your_own_fips202/mlkem_native/src/common.h
SYMLINK	65a4a007037da60ec7f5dca0bae376face332efe95fc7f9f5124a3a8d320b664	examples/bring_your_own_fips202/mlkem_native/src/compress.c
SYMLINK	f67b2e1b22f7893a6e2ef78b90aac10032c0b70bbd1c353b8301308d5200d9f4	examples/bring_your_own_fips202/mlkem_native/src/compress.h
SYMLINK	9fd6eb0decba468c787f8765491dc6318103acbba3c8ee105091117fd1bbd562	examples/bring_your_own_fips202/mlkem_native/src/context.h
SYMLINK	050e7fd4644f02b4441d5a2a32ab2eacf2b1cd21711a592985e40f30d32f5ad5	examples/bring_your_own_fips202/mlkem_native/src/debug.c
SYMLINK	4f0fb4a35cf97a6461dcd53c4169d1e8a0d845aa2c1539081121d6831c256165	examples/bring_your_own_fips202/mlkem_native/src/debug.h
SYMLINK	0a612fda336c4250d1bb405914e636f2dbc965385e5a7fe58b5e7354cc3ef608	examples/bring_your_own_fips202/mlkem_native/src/indcpa.c
SYMLINK	d832e98b05b4dcb6899cdab803c58daf9eacda11ea665496a35b342bac01336d	examples/bring_your_own_fips202/mlkem_native/src/indcpa.h
SYMLINK	0e2d1c8a4cb271b12b814d6cf02657b1f38ab883dda5d33851cc0bd318ce8073	examples/bring_your_own_fips202/mlkem_native/src/kem.c
SYMLINK	5a85b8e0e53f9d6053fb836e3a59eee877dbbdf0d8a97490aa1db68858f22b8a	examples/bring_your_own_fips202/mlkem_native/src/kem.h
SYMLINK	c85ac493142d350efb993350d27e859f263a328f219afc9315341ad629cda1e2	examples/bring_your_own_fips202/mlkem_native/src/params.h
SYMLINK	394157352ade423a3fbfb9ccf5501459909c762e5fe6f0af82e59c0d5ba9897d	examples/bring_your_own_fips202/mlkem_native/src/poly.c
SYMLINK	ea93f801eac842918a04a292de81d3d34f0005caac7a9545a2555c95aa588da5	examples/bring_your_own_fips202/mlkem_native/src/poly.h
SYMLINK	b7bcc2806c9ef8e3e783fc99c2a556759890efa59df05d533285cdd9b8943e37	examples/bring_your_own_fips202/mlkem_native/src/poly_k.c
SYMLINK	42bbba539142fbddeb427c2b118dbbf1948734355efe5cf5cf66a9399811b910	examples/bring_your_own_fips202/mlkem_native/src/poly_k.h
SYMLINK	66dc22280618e09f7c7e286b5a6d545aec4f898739eb0b40d3498991e9b08403	examples/bring_your_own_fips202/mlkem_native/src/randombytes.h
SYMLINK	146fd1a19e31fefb30c96d0617efdff29d979b0b3a39cbdd508bd575c31e7877	examples/bring_your_own_fips202/mlkem_native/src/sampling.c
SYMLINK	fc3456081e8162558b03ac4cfd09e67123e5616d359f86160158daa96548a654	examples/bring_your_own_fips202/mlkem_native/src/sampling.h
SYMLINK	7abd67e0c481bc450de660896a1a6caa21118ce95e376e4605996c6220393fe0	examples/bring_your_own_fips202/mlkem_native/src/symmetric.h
SYMLINK	30d6473f9f0141fce5adc6cff9fcb6d0407fcdcd26476c7a4479c30900cefdc3	examples/bring_your_own_fips202/mlkem_native/src/sys.h
SYMLINK	3e143f0429490b07224c3b083b0e3d1ebf8a41ff93e274cb83bc50600646f58a	examples/bring_your_own_fips202/mlkem_native/src/verify.c
SYMLINK	f20f99c65f237142f6a17ad8d514e61104c7f101836df632ac5b18f2246e1211	examples/bring_your_own_fips202/mlkem_native/src/verify.h
SYMLINK	7dbde2325f6bf0c8c22b78cb31bd23114eeab5a9b83b8e0f32527ebedcd40f1c	examples/bring_your_own_fips202/mlkem_native/src/zetas.inc
SYMLINK	4cb5d18d3fa8ca9742d8b4a68b57575ef70f3406c8020cc74115ab46492fb354	examples/bring_your_own_fips202/test_only_rng/notrandombytes.c
SYMLINK	d0e8bfcfd5ee4f8c36462d5369c089986ea81f9063b3edae70233e3fd4d9666d	examples/bring_your_own_fips202/test_only_rng/notrandombytes.h
FILE	a16ce390164578975ec29da9b161ac23ca477f6b6b8fc8f5b051bda34e3b01ac	examples/bring_your_own_fips202_static/.gitignore
FILE	cbd817865b79f232fe1d2629d425ce9cc46f56dc6068faa17f8d77516f4cdc1f	examples/bring_your_own_fips202_static/Makefile
FILE	1bfeb3c59419accb0e4f9841aa6d77551585a6f0bdbe60d9918a261bdc643c2f	examples/bring_your_own_fips202_static/README.md
SYMLINK	cd28942f25f60325e82b6c68f6fc2b14b76012dee1ee9c63746b63a85c204dd1	examples/bring_your_own_fips202_static/auto.mk
FILE	021317637d005be7ee1beb07c346543940e770a63b7eb1bd3d6f80dcd2d66859	examples/bring_your_own_fips202_static/custom_fips202/README.md
FILE	6120d1577750df7aeecaf9f3d3fea662b3fa3e2ad977c7a01d1ec6d3e4550c12	examples/bring_your_own_fips202_static/custom_fips202/fips202.h
SYMLINK	896a2b496f59da8f3dc73d61ae6d9839df939fe7aace1d8cc8807cbf75bafedc	examples/bring_your_own_fips202_static/custom_fips202/tiny_sha3
FILE	94365d793e6e7b355eec2352846543c6e3801f49a68235a0a0193a77c160bef7	examples/bring_your_own_fips202_static/main.c
SYMLINK	83f11f4135a77fb08d7082151fee9da4a378085cf4463cab8d91c9a9250f64b4	examples/bring_your_own_fips202_static/mlkem_native/mlkem_native.h
FILE	f776797ffac9902e20a6ed258635d7e19128f12ba3bc40550a34e978b2c8ed48	examples/bring_your_own_fips202_static/mlkem_native/mlkem_native_config.h
SYMLINK	7812c0af24840f2b6295873955cecc04aa828c992efa7507dbe82bb9370dcaac	examples/bring_your_own_fips202_static/mlkem_native/src/cbmc.h
SYMLINK	697c06fa3b0fb40e802306a81f7bfc0ea357835ce263abbce7f64557527d2b06	examples/bring_your_own_fips202_static/mlkem_native/src/common.h
SYMLINK	65a4a007037da60ec7f5dca0bae376face332efe95fc7f9f5124a3a8d320b664	examples/bring_your_own_fips202_static/mlkem_native/src/compress.c
SYMLINK	f67b2e1b22f7893a6e2ef78b90aac10032c0b70bbd1c353b8301308d5200d9f4	examples/bring_your_own_fips202_static/mlkem_native/src/compress.h
SYMLINK	9fd6eb0decba468c787f8765491dc6318103acbba3c8ee105091117fd1bbd562	examples/bring_your_own_fips202_static/mlkem_native/src/context.h
SYMLINK	050e7fd4644f02b4441d5a2a32ab2eacf2b1cd21711a592985e40f30d32f5ad5	examples/bring_your_own_fips202_static/mlkem_native/src/debug.c
SYMLINK	4f0fb4a35cf97a6461dcd53c4169d1e8a0d845aa2c1539081121d6831c256165	examples/bring_your_own_fips202_static/mlkem_native/src/debug.h
SYMLINK	0a612fda336c4250d1bb405914e636f2dbc965385e5a7fe58b5e7354cc3ef608	examples/bring_your_own_fips202_static/mlkem_native/src/indcpa.c
SYMLINK	d832e98b05b4dcb6899cdab803c58daf9eacda11ea665496a35b342bac01336d	examples/bring_your_own_fips202_static/mlkem_native/src/indcpa.h
SYMLINK	0e2d1c8a4cb271b12b814d6cf02657b1f38ab883dda5d33851cc0bd318ce8073	examples/bring_your_own_fips202_static/mlkem_native/src/kem.c
SYMLINK	5a85b8e0e53f9d6053fb836e3a59eee877dbbdf0d8a97490aa1db68858f22b8a	examples/bring_your_own_fips202_static/mlkem_native/src/kem.h
SYMLINK	9f5c2674727ee2e31f36ee064f76d9053ab1f9e9f6c978365c3a0b04b40e05ba	examples/bring_your_own_fips202_static/mlkem_native/src/native
SYMLINK	c85ac493142d350efb993350d27e859f263a328f219afc9315341ad629cda1e2	examples/bring_your_own_fips202_static/mlkem_native/src/params.h
SYMLINK	394157352ade423a3fbfb9ccf5501459909c762e5fe6f0af82e59c0d5ba9897d	examples/bring_your_own_fips202_static/mlkem_native/src/poly.c
SYMLINK	ea93f801eac842918a04a292de81d3d34f0005caac7a9545a2555c95aa588da5	examples/bring_your_own_fips202_static/mlkem_native/src/poly.h
SYMLINK	b7bcc2806c9ef8e3e783fc99c2a556759890efa59df05d533285cdd9b8943e37	examples/bring_your_own_fips202_static/mlkem_native/src/poly_k.c
SYMLINK	42bbba539142fbddeb427c2b118dbbf1948734355efe5cf5cf66a9399811b910	examples/bring_your_own_fips202_static/mlkem_native/src/poly_k.h
SYMLINK	66dc22280618e09f7c7e286b5a6d545aec4f898739eb0b40d3498991e9b08403	examples/bring_your_own_fips202_static/mlkem_native/src/randombytes.h
SYMLINK	146fd1a19e31fefb30c96d0617efdff29d979b0b3a39cbdd508bd575c31e7877	examples/bring_your_own_fips202_static/mlkem_native/src/sampling.c
SYMLINK	fc3456081e8162558b03ac4cfd09e67123e5616d359f86160158daa96548a654	examples/bring_your_own_fips202_static/mlkem_native/src/sampling.h
SYMLINK	7abd67e0c481bc450de660896a1a6caa21118ce95e376e4605996c6220393fe0	examples/bring_your_own_fips202_static/mlkem_native/src/symmetric.h
SYMLINK	30d6473f9f0141fce5adc6cff9fcb6d0407fcdcd26476c7a4479c30900cefdc3	examples/bring_your_own_fips202_static/mlkem_native/src/sys.h
SYMLINK	3e143f0429490b07224c3b083b0e3d1ebf8a41ff93e274cb83bc50600646f58a	examples/bring_your_own_fips202_static/mlkem_native/src/verify.c
SYMLINK	f20f99c65f237142f6a17ad8d514e61104c7f101836df632ac5b18f2246e1211	examples/bring_your_own_fips202_static/mlkem_native/src/verify.h
SYMLINK	7dbde2325f6bf0c8c22b78cb31bd23114eeab5a9b83b8e0f32527ebedcd40f1c	examples/bring_your_own_fips202_static/mlkem_native/src/zetas.inc
SYMLINK	4cb5d18d3fa8ca9742d8b4a68b57575ef70f3406c8020cc74115ab46492fb354	examples/bring_your_own_fips202_static/test_only_rng/notrandombytes.c
SYMLINK	d0e8bfcfd5ee4f8c36462d5369c089986ea81f9063b3edae70233e3fd4d9666d	examples/bring_your_own_fips202_static/test_only_rng/notrandombytes.h
FILE	a16ce390164578975ec29da9b161ac23ca477f6b6b8fc8f5b051bda34e3b01ac	examples/custom_backend/.gitignore
FILE	b6185a71e686a674b2bf57f57b1dceb1d4d2876f4da7ea7010d27fcca5533d6d	examples/custom_backend/Makefile
FILE	51b8eabfcf16043f26551dbc89619dc0d5dbf0e34ba1a3f144d5c41a4c902a14	examples/custom_backend/README.md
SYMLINK	cd28942f25f60325e82b6c68f6fc2b14b76012dee1ee9c63746b63a85c204dd1	examples/custom_backend/auto.mk
FILE	a55666564ee3ecf8c8d65a407973114cf15c3d7c7daa5e399ebf2535fc4e148b	examples/custom_backend/main.c
SYMLINK	83f11f4135a77fb08d7082151fee9da4a378085cf4463cab8d91c9a9250f64b4	examples/custom_backend/mlkem_native/mlkem_native.h
FILE	a8dce674ab9650a95cf6d1190176dfbced183aecb00488471a18b645c935a080	examples/custom_backend/mlkem_native/mlkem_native_config.h
SYMLINK	7812c0af24840f2b6295873955cecc04aa828c992efa7507dbe82bb9370dcaac	examples/custom_backend/mlkem_native/src/cbmc.h
SYMLINK	697c06fa3b0fb40e802306a81f7bfc0ea357835ce263abbce7f64557527d2b06	examples/custom_backend/mlkem_native/src/common.h
SYMLINK	65a4a007037da60ec7f5dca0bae376face332efe95fc7f9f5124a3a8d320b664	examples/custom_backend/mlkem_native/src/compress.c
SYMLINK	f67b2e1b22f7893a6e2ef78b90aac10032c0b70bbd1c353b8301308d5200d9f4	examples/custom_backend/mlkem_native/src/compress.h
SYMLINK	9fd6eb0decba468c787f8765491dc6318103acbba3c8ee105091117fd1bbd562	examples/custom_backend/mlkem_native/src/context.h
SYMLINK	050e7fd4644f02b4441d5a2a32ab2eacf2b1cd21711a592985e40f30d32f5ad5	examples/custom_backend/mlkem_native/src/debug.c
SYMLINK	4f0fb4a35cf97a6461dcd53c4169d1e8a0d845aa2c1539081121d6831c256165	examples/custom_backend/mlkem_native/src/debug.h
SYMLINK	35b7408cbf8580ce33eb416210d159f4e0769036b987fa67f7a00091c42e91ec	examples/custom_backend/mlkem_native/src/fips202/fips202.c
SYMLINK	1d9e0c2e8a3341f6936331a3e931e6094439ec9a06f808b45eb358e1aca1dbeb	examples/custom_backend/mlkem_native/src/fips202/fips202.h
SYMLINK	abf359a3dc4eccfc66429f092158d47d51b1f0231ad89b6de5ba6045a3648b15	examples/custom_backend/mlkem_native/src/fips202/fips202x4.c
SYMLINK	d4c54b3a01d1d1233ac0df40e8588800a7348ec13e8c57c9286e520f0cfa0385	examples/custom_backend/mlkem_native/src/fips202/fips202x4.h
SYMLINK	2e664d04827ac4de17e91a71b4e628f9384ae5fd28597efd997b4dbb5a3a9a49	examples/custom_backend/mlkem_native/src/fips202/keccakf1600.c
SYMLINK	4088a3faef643f95edbf840d0f78ee1b0033f8705e50450d625856ac5cff391d	examples/custom_backend/mlkem_native/src/fips202/keccakf1600.h
SYMLINK	9837c3dc424bd8e1cf23407a090291a8363ec71848d91c43c7d304e23192d021	examples/custom_backend/mlkem_native/src/fips202/native/api.h
FILE	832c2965a7fa662fbeba45c98fff017fa24cfc1b6f9bfee6d164c8fb4c1c26b7	examples/custom_backend/mlkem_native/src/fips202/native/custom/custom.h
FILE	c5ebc5c092628cbb9018d4b73d7330ffc84e3f44576c1bddcd884c3e5158a18c	examples/custom_backend/mlkem_native/src/fips202/native/custom/src/LICENSE
FILE	300725b916d1fa1895f4b194d2ffa2ca0c8316111cc9dbea21678c82505a05b5	examples/custom_backend/mlkem_native/src/fips202/native/custom/src/README.md
FILE	718fd2f6a91b0c867090d47ee584d60ded4880b4f457f8eabac7e100dd975f61	examples/custom_backend/mlkem_native/src/fips202/native/custom/src/sha3.c
FILE	978c970f8caf977a5a96a6cd4c9460815be9a7a018dc8a0b1399b872edbc6acb	examples/custom_backend/mlkem_native/src/fips202/native/custom/src/sha3.h
SYMLINK	0a612fda336c4250d1bb405914e636f2dbc965385e5a7fe58b5e7354cc3ef608	examples/custom_backend/mlkem_native/src/indcpa.c
SYMLINK	d832e98b05b4dcb6899cdab803c58daf9eacda11ea665496a35b342bac01336d	examples/custom_backend/mlkem_native/src/indcpa.h
SYMLINK	0e2d1c8a4cb271b12b814d6cf02657b1f38ab883dda5d33851cc0bd318ce8073	examples/custom_backend/mlkem_native/src/kem.c
SYMLINK	5a85b8e0e53f9d6053fb836e3a59eee877dbbdf0d8a97490aa1db68858f22b8a	examples/custom_backend/mlkem_native/src/kem.h
SYMLINK	c85ac493142d350efb993350d27e859f263a328f219afc9315341ad629cda1e2	examples/custom_backend/mlkem_native/src/params.h
SYMLINK	394157352ade423a3fbfb9ccf5501459909c762e5fe6f0af82e59c0d5ba9897d	examples/custom_backend/mlkem_native/src/poly.c
SYMLINK	ea93f801eac842918a04a292de81d3d34f0005caac7a9545a2555c95aa588da5	examples/custom_backend/mlkem_native/src/poly.h
SYMLINK	b7bcc2806c9ef8e3e783fc99c2a556759890efa59df05d533285cdd9b8943e37	examples/custom_backend/mlkem_native/src/poly_k.c
SYMLINK	42bbba539142fbddeb427c2b118dbbf1948734355efe5cf5cf66a9399811b910	examples/custom_backend/mlkem_native/src/poly_k.h
SYMLINK	66dc22280618e09f7c7e286b5a6d545aec4f898739eb0b40d3498991e9b08403	examples/custom_backend/mlkem_native/src/randombytes.h
SYMLINK	146fd1a19e31fefb30c96d0617efdff29d979b0b3a39cbdd508bd575c31e7877	examples/custom_backend/mlkem_native/src/sampling.c
SYMLINK	fc3456081e8162558b03ac4cfd09e67123e5616d359f86160158daa96548a654	examples/custom_backend/mlkem_native/src/sampling.h
SYMLINK	7abd67e0c481bc450de660896a1a6caa21118ce95e376e4605996c6220393fe0	examples/custom_backend/mlkem_native/src/symmetric.h
SYMLINK	30d6473f9f0141fce5adc6cff9fcb6d0407fcdcd26476c7a4479c30900cefdc3	examples/custom_backend/mlkem_native/src/sys.h
SYMLINK	3e143f0429490b07224c3b083b0e3d1ebf8a41ff93e274cb83bc50600646f58a	examples/custom_backend/mlkem_native/src/verify.c
SYMLINK	f20f99c65f237142f6a17ad8d514e61104c7f101836df632ac5b18f2246e1211	examples/custom_backend/mlkem_native/src/verify.h
SYMLINK	7dbde2325f6bf0c8c22b78cb31bd23114eeab5a9b83b8e0f32527ebedcd40f1c	examples/custom_backend/mlkem_native/src/zetas.inc
SYMLINK	4cb5d18d3fa8ca9742d8b4a68b57575ef70f3406c8020cc74115ab46492fb354	examples/custom_backend/test_only_rng/notrandombytes.c
SYMLINK	d0e8bfcfd5ee4f8c36462d5369c089986ea81f9063b3edae70233e3fd4d9666d	examples/custom_backend/test_only_rng/notrandombytes.h
FILE	a16ce390164578975ec29da9b161ac23ca477f6b6b8fc8f5b051bda34e3b01ac	examples/monolithic_build/.gitignore
FILE	99bd346a36353c426479241eb2ae5d3372392fa4a889335afb216f7b8a7f8e7a	examples/monolithic_build/Makefile
FILE	54b93ede40c79c0701888ab6fcb355381b84327dade9280dfb34d792481c7016	examples/monolithic_build/README.md
FILE	66a5e62ef17cf2ef661ccd3cffed573b57797e685f4a617c18d007f7e3dbf793	examples/monolithic_build/main.c
SYMLINK	eca593b75f4abbb5bc9eab5309932e651a69396b47876b66bdeafe63e51d55cb	examples/monolithic_build/mlkem_native/mlkem_native.c
SYMLINK	83f11f4135a77fb08d7082151fee9da4a378085cf4463cab8d91c9a9250f64b4	examples/monolithic_build/mlkem_native/mlkem_native.h
FILE	0f6e666677eacf8ebdf8464f90b8f8dbe93e7ba4f2b4a5c77690c56f608e91a5	examples/monolithic_build/mlkem_native/mlkem_native_config.h
SYMLINK	7812c0af24840f2b6295873955cecc04aa828c992efa7507dbe82bb9370dcaac	examples/monolithic_build/mlkem_native/src/cbmc.h
SYMLINK	697c06fa3b0fb40e802306a81f7bfc0ea357835ce263abbce7f64557527d2b06	examples/monolithic_build/mlkem_native/src/common.h
SYMLINK	65a4a007037da60ec7f5dca0bae376face332efe95fc7f9f5124a3a8d320b664	examples/monolithic_build/mlkem_native/src/compress.c
SYMLINK	f67b2e1b22f7893a6e2ef78b90aac10032c0b70bbd1c353b8301308d5200d9f4	examples/monolithic_build/mlkem_native/src/compress.h
SYMLINK	9fd6eb0decba468c787f8765491dc6318103acbba3c8ee105091117fd1bbd562	examples/monolithic_build/mlkem_native/src/context.h
SYMLINK	050e7fd4644f02b4441d5a2a32ab2eacf2b1cd21711a592985e40f30d32f5ad5	examples/monolithic_build/mlkem_native/src/debug.c
SYMLINK	4f0fb4a35cf97a6461dcd53c4169d1e8a0d845aa2c1539081121d6831c256165	examples/monolithic_build/mlkem_native/src/debug.h
SYMLINK	35b7408cbf8580ce33eb416210d159f4e0769036b987fa67f7a00091c42e91ec	examples/monolithic_build/mlkem_native/src/fips202/fips202.c
SYMLINK	1d9e0c2e8a3341f6936331a3e931e6094439ec9a06f808b45eb358e1aca1dbeb	examples/monolithic_build/mlkem_native/src/fips202/fips202.h
SYMLINK	abf359a3dc4eccfc66429f092158d47d51b1f0231ad89b6de5ba6045a3648b15	examples/monolithic_build/mlkem_native/src/fips202/fips202x4.c
SYMLINK	d4c54b3a01d1d1233ac0df40e8588800a7348ec13e8c57c9286e520f0cfa0385	examples/monolithic_build/mlkem_native/src/fips202/fips202x4.h
SYMLINK	2e664d04827ac4de17e91a71b4e628f9384ae5fd28597efd997b4dbb5a3a9a49	examples/monolithic_build/mlkem_native/src/fips202/keccakf1600.c
SYMLINK	4088a3faef643f95edbf840d0f78ee1b0033f8705e50450d625856ac5cff391d	examples/monolithic_build/mlkem_native/src/fips202/keccakf1600.h
SYMLINK	0a612fda336c4250d1bb405914e636f2dbc965385e5a7fe58b5e7354cc3ef608	examples/monolithic_build/mlkem_native/src/indcpa.c
SYMLINK	d832e98b05b4dcb6899cdab803c58daf9eacda11ea665496a35b342bac01336d	examples/monolithic_build/mlkem_native/src/indcpa.h
SYMLINK	0e2d1c8a4cb271b12b814d6cf02657b1f38ab883dda5d33851cc0bd318ce8073	examples/monolithic_build/mlkem_native/src/kem.c
SYMLINK	5a85b8e0e53f9d6053fb836e3a59eee877dbbdf0d8a97490aa1db68858f22b8a	examples/monolithic_build/mlkem_native/src/kem.h
SYMLINK	c85ac493142d350efb993350d27e859f263a328f219afc9315341ad629cda1e2	examples/monolithic_build/mlkem_native/src/params.h
SYMLINK	394157352ade423a3fbfb9ccf5501459909c762e5fe6f0af82e59c0d5ba9897d	examples/monolithic_build/mlkem_native/src/poly.c
SYMLINK	ea93f801eac842918a04a292de81d3d34f0005caac7a9545a2555c95aa588da5	examples/monolithic_build/mlkem_native/src/poly.h
SYMLINK	b7bcc2806c9ef8e3e783fc99c2a556759890efa59df05d533285cdd9b8943e37	examples/monolithic_build/mlkem_native/src/poly_k.c
SYMLINK	42bbba539142fbddeb427c2b118dbbf1948734355efe5cf5cf66a9399811b910	examples/monolithic_build/mlkem_native/src/poly_k.h
SYMLINK	66dc22280618e09f7c7e286b5a6d545aec4f898739eb0b40d3498991e9b08403	examples/monolithic_build/mlkem_native/src/randombytes.h
SYMLINK	146fd1a19e31fefb30c96d0617efdff29d979b0b3a39cbdd508bd575c31e7877	examples/monolithic_build/mlkem_native/src/sampling.c
SYMLINK	fc3456081e8162558b03ac4cfd09e67123e5616d359f86160158daa96548a654	examples/monolithic_build/mlkem_native/src/sampling.h
SYMLINK	7abd67e0c481bc450de660896a1a6caa21118ce95e376e4605996c6220393fe0	examples/monolithic_build/mlkem_native/src/symmetric.h
SYMLINK	30d6473f9f0141fce5adc6cff9fcb6d0407fcdcd26476c7a4479c30900cefdc3	examples/monolithic_build/mlkem_native/src/sys.h
SYMLINK	3e143f0429490b07224c3b083b0e3d1ebf8a41ff93e274cb83bc50600646f58a	examples/monolithic_build/mlkem_native/src/verify.c
SYMLINK	f20f99c65f237142f6a17ad8d514e61104c7f101836df632ac5b18f2246e1211	examples/monolithic_build/mlkem_native/src/verify.h
SYMLINK	7dbde2325f6bf0c8c22b78cb31bd23114eeab5a9b83b8e0f32527ebedcd40f1c	examples/monolithic_build/mlkem_native/src/zetas.inc
SYMLINK	4cb5d18d3fa8ca9742d8b4a68b57575ef70f3406c8020cc74115ab46492fb354	examples/monolithic_build/test_only_rng/notrandombytes.c
SYMLINK	d0e8bfcfd5ee4f8c36462d5369c089986ea81f9063b3edae70233e3fd4d9666d	examples/monolithic_build/test_only_rng/notrandombytes.h
FILE	a16ce390164578975ec29da9b161ac23ca477f6b6b8fc8f5b051bda34e3b01ac	examples/monolithic_build_multilevel/.gitignore
FILE	879df6dd26a383709805dd627aa65d9c8384986c61ef689a2417493112ed84e4	examples/monolithic_build_multilevel/Makefile
FILE	03f61a92ce35ebc63b2612bd225f038f81fca7602ecf4495db6b4380c7f9c323	examples/monolithic_build_multilevel/README.md
FILE	3a05d5c7ce24773bc5c7e0a63f7decace71cf996dca2ebc0e65ea83a6ee7c6ad	examples/monolithic_build_multilevel/main.c
SYMLINK	eca593b75f4abbb5bc9eab5309932e651a69396b47876b66bdeafe63e51d55cb	examples/monolithic_build_multilevel/mlkem_native/mlkem_native.c
SYMLINK	83f11f4135a77fb08d7082151fee9da4a378085cf4463cab8d91c9a9250f64b4	examples/monolithic_build_multilevel/mlkem_native/mlkem_native.h
FILE	ed084cb7528983eab53c59316083af2ed9fb6acfd8788e43d6f33c5f21630145	examples/monolithic_build_multilevel/mlkem_native/mlkem_native_config.h
SYMLINK	b62f8fd94be8d7a4afe3a428d755bf77a37c85850f244f06f903fc0a2e721600	examples/monolithic_build_multilevel/mlkem_native/src
FILE	be0470ee1b1ed03d46cc788ee92e75cf547a952445a5f8e45fc9eec5ebbac9f0	examples/monolithic_build_multilevel/mlkem_native_all.c
FILE	d9d4effcc7a7adbf4c432e3fe63c22fd22dfaf9db767c65299f988d5df91bdbb	examples/monolithic_build_multilevel/mlkem_native_all.h
SYMLINK	4cb5d18d3fa8ca9742d8b4a68b57575ef70f3406c8020cc74115ab46492fb354	examples/monolithic_build_multilevel/test_only_rng/notrandombytes.c
SYMLINK	d0e8bfcfd5ee4f8c36462d5369c089986ea81f9063b3edae70233e3fd4d9666d	examples/monolithic_build_multilevel/test_only_rng/notrandombytes.h
FILE	a16ce390164578975ec29da9b161ac23ca477f6b6b8fc8f5b051bda34e3b01ac	examples/monolithic_build_multilevel_native/.gitignore
FILE	9e6166f55ee61d7e92735f467f77c944c8e0e9f9df39a8def2d5cecb087e8865	examples/monolithic_build_multilevel_native/Makefile
FILE	583d4be5635f2082a85dc7f44f990ac46b8c7a460e70689c7ec804a92468bb49	examples/monolithic_build_multilevel_native/README.md
SYMLINK	cd28942f25f60325e82b6c68f6fc2b14b76012dee1ee9c63746b63a85c204dd1	examples/monolithic_build_multilevel_native/auto.mk
FILE	29739c4d124609e1d49b2e0df82ba11b87a72a499198476d646d143cd104b8d1	examples/monolithic_build_multilevel_native/main.c
SYMLINK	eca593b75f4abbb5bc9eab5309932e651a69396b47876b66bdeafe63e51d55cb	examples/monolithic_build_multilevel_native/mlkem_native/mlkem_native.c
SYMLINK	83f11f4135a77fb08d7082151fee9da4a378085cf4463cab8d91c9a9250f64b4	examples/monolithic_build_multilevel_native/mlkem_native/mlkem_native.h
SYMLINK	16ba355b1db678ff811c5cf899937ed91db701ec6632ae43992e2eb2d0a0fb0a	examples/monolithic_build_multilevel_native/mlkem_native/mlkem_native_asm.S
FILE	627a584e5248714990a266ae26373deb7fae0410b1a0d1dd7d26aaa10be8dc74	examples/monolithic_build_multilevel_native/mlkem_native/mlkem_native_config.h
SYMLINK	b62f8fd94be8d7a4afe3a428d755bf77a37c85850f244f06f903fc0a2e721600	examples/monolithic_build_multilevel_native/mlkem_native/src
FILE	6bd6e70eddbc42e4b63005a2892acf4fb36ef8fcc98a120968655bf401056543	examples/monolithic_build_multilevel_native/mlkem_native_all.c
SYMLINK	4cb5d18d3fa8ca9742d8b4a68b57575ef70f3406c8020cc74115ab46492fb354	examples/monolithic_build_multilevel_native/test_only_rng/notrandombytes.c
SYMLINK	d0e8bfcfd5ee4f8c36462d5369c089986ea81f9063b3edae70233e3fd4d9666d	examples/monolithic_build_multilevel_native/test_only_rng/notrandombytes.h
FILE	a16ce390164578975ec29da9b161ac23ca477f6b6b8fc8f5b051bda34e3b01ac	examples/monolithic_build_native/.gitignore
FILE	1255301993a784854088c59cc39a73c640d8a00fa6a3a230520dc23754ab5c9c	examples/monolithic_build_native/Makefile
FILE	5b86d4a3d515fb56bf555a443d523ab0a8b816de3846f4ee94ff410aa75dd30c	examples/monolithic_build_native/README.md
SYMLINK	cd28942f25f60325e82b6c68f6fc2b14b76012dee1ee9c63746b63a85c204dd1	examples/monolithic_build_native/auto.mk
FILE	351b0951910a5f2f4c9a53efe324d0c5171b0d8e70dd2c11cb2e08da2d189170	examples/monolithic_build_native/main.c
SYMLINK	eca593b75f4abbb5bc9eab5309932e651a69396b47876b66bdeafe63e51d55cb	examples/monolithic_build_native/mlkem_native/mlkem_native.c
SYMLINK	83f11f4135a77fb08d7082151fee9da4a378085cf4463cab8d91c9a9250f64b4	examples/monolithic_build_native/mlkem_native/mlkem_native.h
SYMLINK	16ba355b1db678ff811c5cf899937ed91db701ec6632ae43992e2eb2d0a0fb0a	examples/monolithic_build_native/mlkem_native/mlkem_native_asm.S
FILE	182cbeab8429af9cc1906be56a52d2f187cc0a3b077764896b519b4b24a7e0d3	examples/monolithic_build_native/mlkem_native/mlkem_native_config.h
SYMLINK	b62f8fd94be8d7a4afe3a428d755bf77a37c85850f244f06f903fc0a2e721600	examples/monolithic_build_native/mlkem_native/src
SYMLINK	4cb5d18d3fa8ca9742d8b4a68b57575ef70f3406c8020cc74115ab46492fb354	examples/monolithic_build_native/test_only_rng/notrandombytes.c
SYMLINK	d0e8bfcfd5ee4f8c36462d5369c089986ea81f9063b3edae70233e3fd4d9666d	examples/monolithic_build_native/test_only_rng/notrandombytes.h
FILE	a16ce390164578975ec29da9b161ac23ca477f6b6b8fc8f5b051bda34e3b01ac	examples/multilevel_build/.gitignore
FILE	22bfd49aec5802b826735cf461fe4dbd0a8cb0c97d6e382572baedacef37e218	examples/multilevel_build/Makefile
FILE	2eac1ade9b3b6248b54fa3db6da2bdbe778368fccb53f8b7dce8e99318c91eb0	examples/multilevel_build/README.md
SYMLINK	cd28942f25f60325e82b6c68f6fc2b14b76012dee1ee9c63746b63a85c204dd1	examples/multilevel_build/auto.mk
FILE	948f3c660f90c158e4d4248855adae42bcaf3c8eb62c780edd7b6f40d5da4082	examples/multilevel_build/main.c
SYMLINK	83f11f4135a77fb08d7082151fee9da4a378085cf4463cab8d91c9a9250f64b4	examples/multilevel_build/mlkem_native/mlkem_native.h
FILE	e4f400655da441655cb3bf99a00a29384804f9ae30dd6ddb45480a25fcef9265	examples/multilevel_build/mlkem_native/mlkem_native_config.h
SYMLINK	b62f8fd94be8d7a4afe3a428d755bf77a37c85850f244f06f903fc0a2e721600	examples/multilevel_build/mlkem_native/src
FILE	a33a9a640095e434c490e7777c244af9ca473cbba43cf023da878e792424e425	examples/multilevel_build/mlkem_native_all.h
SYMLINK	4cb5d18d3fa8ca9742d8b4a68b57575ef70f3406c8020cc74115ab46492fb354	examples/multilevel_build/test_only_rng/notrandombytes.c
SYMLINK	d0e8bfcfd5ee4f8c36462d5369c089986ea81f9063b3edae70233e3fd4d9666d	examples/multilevel_build/test_only_rng/notrandombytes.h
FILE	a16ce390164578975ec29da9b161ac23ca477f6b6b8fc8f5b051bda34e3b01ac	examples/multilevel_build_native/.gitignore
FILE	f691116b85aca3a233a783a9f560d6a1daa2adf876b8795bbcd97b9a1c9969e1	examples/multilevel_build_native/Makefile
FILE	c2a529c3b4cc08e63e93909a9b5cd064f8ce717dc246101b85a84877e762b3d7	examples/multilevel_build_native/README.md
SYMLINK	cd28942f25f60325e82b6c68f6fc2b14b76012dee1ee9c63746b63a85c204dd1	examples/multilevel_build_native/auto.mk
FILE	3a05d5c7ce24773bc5c7e0a63f7decace71cf996dca2ebc0e65ea83a6ee7c6ad	examples/multilevel_build_native/main.c
SYMLINK	83f11f4135a77fb08d7082151fee9da4a378085cf4463cab8d91c9a9250f64b4	examples/multilevel_build_native/mlkem_native/mlkem_native.h
FILE	f9aa33f2b3bbfd8721775ed2aa7103a85e18ca0baffd8d9f174281ee05361bd0	examples/multilevel_build_native/mlkem_native/mlkem_native_config.h
SYMLINK	b62f8fd94be8d7a4afe3a428d755bf77a37c85850f244f06f903fc0a2e721600	examples/multilevel_build_native/mlkem_native/src
FILE	a33a9a640095e434c490e7777c244af9ca473cbba43cf023da878e792424e425	examples/multilevel_build_native/mlkem_native_all.h
SYMLINK	4cb5d18d3fa8ca9742d8b4a68b57575ef70f3406c8020cc74115ab46492fb354	examples/multilevel_build_native/test_only_rng/notrandombytes.c
SYMLINK	d0e8bfcfd5ee4f8c36462d5369c089986ea81f9063b3edae70233e3fd4d9666d	examples/multilevel_build_native/test_only_rng/notrandombytes.h
FILE	8f1762cc57561256465ef3b467f44b99b606c3b196870b81a329b8de0cebdd69	flake.lock
FILE	88c6b5a2b8acfb1e5b37d147066325f9264ed0fb774b5ce90b41e9f645ed5d91	flake.nix
FILE	dfa02acbcb2952c6edc42e128d99861f1d9879b8ed3bfd3f065ff9c2ffbd42fe	integration/aws-lc/pre_import.patch
FILE	abdddabf2838fed139a1747b8d8e82b5aa3d6ca180f5533d8e12f7210aed7f29	integration/liboqs/ML-KEM-1024_META.yml
FILE	699b2c3a52ed70042d098efaf2b43f9eda041d8524369272813572f4ae8d658e	integration/liboqs/ML-KEM-512_META.yml
FILE	ca333878fa4f9dd65f477cf6d1304a43686f8dad18e2a84c1cfbe3fa751ce171	integration/liboqs/ML-KEM-768_META.yml
FILE	fec48c354e6fb60b10e442307808bee5db8b4693203585dc22e7e239bbce4012	integration/liboqs/config_aarch64.h
FILE	fd08cbb8c466feb6a1af5de00fd28e95dbe487df3c36292249505b689d81b234	integration/liboqs/config_c.h
FILE	ec8c179209886541496fddffdb34982a2339b0f7f67b2c6c664cbd17c392ffbc	integration/liboqs/config_ppc64le.h
FILE	835c3afa95244eb1c23013bde5af4cb22a06a4bdc0e9a829e738840c42136714	integration/liboqs/config_x86_64.h
FILE	e01a0abbc9571bf3407fc25382131bf307ac9c94f0e5c00b6cecc2ae7b41a256	integration/liboqs/fips202_glue.h
FILE	b622bb7ca8bd348c8781bb0b29ec89b12c290a6fe2f5b3376d84dda285a39f9b	integration/liboqs/fips202x4_glue.h
FILE	b1449296f00603ecefd47245fae88fcb43e79219026a0c7832bc92d739858234	integration/pavona/add_context.patch
FILE	db0a2324fefd0858cef94b0ee3d5cd781c0fd2569e4089d435f498e811cc8f50	integration/pavona/derand-only.patch
FILE	9a0ac2dd53f22d2a2e9b5995de871395cdc4e060b1cc2959713ce137b25fe864	mlkem/README.md
FILE	bef0cf45ac2cc8338fa05ce0deb478c7d077f46f0ee59b24d03daa983ac56a45	mlkem/mlkem_native.c
FILE	df582b5462c592df89f0f8764af073acaa968086dc61e6c2d5cd6b12ac43c1b1	mlkem/mlkem_native.h
FILE	3200c6dea105102cf67246bf1392b708024e9b8419d097a87564fcf619f5d9ee	mlkem/mlkem_native_asm.S
FILE	a1da5666025805b84c6a37f316a2e3d4659ad68e32b25d3f802699313f0b8776	mlkem/mlkem_native_config.h
FILE	12fe62f76060aa2cdd41de6170e0c787c516ae753ed32579c9c39b1af55130fb	mlkem/src/cbmc.h
FILE	cc48998e9595ec4e59a3aa53d6be9e55ecccb3cdc047e661ccd94fa99955d675	mlkem/src/common.h
FILE	9201bea6ddd1d7622cc6496d2f745fee52397d203392f75a3d6e52a400de5bad	mlkem/src/compress.c
FILE	0f357a30e7ea37351854dc550e502e5a7eaf80184896bf92b40073175706e0dd	mlkem/src/compress.h
FILE	9e4cdb00eac5a3d1553e64a02dcba66300302f17f1f0d4f3bba64b65c1f53a90	mlkem/src/context.h
FILE	263ac19f2b2bf5c784cbf04fd4c968762abedc6961d44f507c8953b52a38827e	mlkem/src/debug.c
FILE	d1fab329b439fc6dd9c4234f3fe053e74b000d416e0f4e4464542813667f3750	mlkem/src/debug.h
FILE	fb0654c0b33c45c929fdb2af2287807a7b8f312ac7f3baa3ddfaef0c030ef0b2	mlkem/src/fips202/fips202.c
FILE	cad68aaacc2f3511f0a5a0c70f7ac827e76c78e862f1c5616de2b74c8b96a4a5	mlkem/src/fips202/fips202.h
FILE	2e481ccbafc00765b210725c8e454f2b4dc622844eccf6a0c1e025657fcb5fe8	mlkem/src/fips202/fips202x4.c
FILE	c8d2e50f7ccce19822030786a1a99f0892db63ebe5b020fa91a5383c9700dd22	mlkem/src/fips202/fips202x4.h
FILE	65770564ec922faca7ec072eefc16bfdba2495a20d51cae0f6cce207835cdd7e	mlkem/src/fips202/keccakf1600.c
FILE	88c06d4c546f46920a65001bcfad8cabb6173fb01ae071e02412c46043bdf54f	mlkem/src/fips202/keccakf1600.h
FILE	1229009312b61690b2f56babf7a6f648fa9c51ef30d6a5d2a5b44cb23fcc00ff	mlkem/src/fips202/native/aarch64/auto.h
FILE	76f1cd9df93bd940b50f1e8863a72ee58c261be7dd37ae3d696134cde0af6035	mlkem/src/fips202/native/aarch64/src/fips202_native_aarch64.h
FILE	6fbe5f3b9607bf318a8e74d22452bce5890832b5048fdb952842f929036d7586	mlkem/src/fips202/native/aarch64/src/keccak_f1600_x1_scalar_aarch64_asm.S
FILE	a0c147e3dc50889e1acf527610951b84b0d2fead2cf3ebac0f581019bef03e9c	mlkem/src/fips202/native/aarch64/src/keccak_f1600_x1_v84a_aarch64_asm.S
FILE	3f5c48c3b3dd108995929abf43f4920228adfe9a9f5ba7be6cdca380925bd0ee	mlkem/src/fips202/native/aarch64/src/keccak_f1600_x2_v84a_aarch64_asm.S
FILE	dc389f0d1f8b677c37737608f706292f985e328bd72e668d1c974c8cfbf47793	mlkem/src/fips202/native/aarch64/src/keccak_f1600_x4_v8a_scalar_hybrid_aarch64_asm.S
FILE	b81dddd63984b5750f2cddc5a4ccc6b5e3ed7f541a15a62f1cd375bc819dd9d3	mlkem/src/fips202/native/aarch64/src/keccak_f1600_x4_v8a_v84a_scalar_hybrid_aarch64_asm.S
FILE	e5ddd2b144d4006bc515a7259dc85be96f2029bcff1ab8802e8aa683767adeb9	mlkem/src/fips202/native/aarch64/src/keccakf1600_round_constants.c
FILE	31a5c395ec7a2fcf084fc64e9e5b36d9b57c60f52242453970888f99a8cd033f	mlkem/src/fips202/native/aarch64/x1_scalar.h
FILE	fd96189141a839c07acfb64e4460841e999716730be080376b2604d0aa709687	mlkem/src/fips202/native/aarch64/x1_v84a.h
FILE	cea8a31cdac31aae7c62e02d8ee8b223d51fc8e48fd9f0059bed33e2e09476ac	mlkem/src/fips202/native/aarch64/x2_v84a.h
FILE	fc1ba65c9557eddad623ec15e193fa8ff18d970cd348ecd736bed092c5f4f5e2	mlkem/src/fips202/native/aarch64/x4_v8a_scalar.h
FILE	af16e048da60454ae457d8519adf37c1e1ccf5decb455158d6a829be6a030f20	mlkem/src/fips202/native/aarch64/x4_v8a_v84a_scalar.h
FILE	d4d8734a33d4b91e4ff53955751943ba60ea89a3b9da94a1f8bd42f1b4ee9c86	mlkem/src/fips202/native/api.h
FILE	ef41c9e748a12dac3da3c0a7d9a890115886ee0a1bb8d7141fb76f28fd9e8668	mlkem/src/fips202/native/armv81m/README.md
FILE	1be4f1af21ecdc4d388917441a7135fa3bc1f189b4b4f8bcd7723d12013b3f25	mlkem/src/fips202/native/armv81m/mve.h
FILE	ca26af0242b3909d82a41581384bf8bd660f5fe84b09a80e4b94addb735f054c	mlkem/src/fips202/native/armv81m/src/fips202_native_armv81m.h
FILE	50c5f44d3a677becc5e018da38f0c5b07d5b5b988de2fee4e255ac9a5b4e9307	mlkem/src/fips202/native/armv81m/src/keccak_f1600_x4_mve.S
FILE	cc2f5a32ae2c5256088e17e04f89529ca3985baa6813ef4d2f0a971d8698a666	mlkem/src/fips202/native/armv81m/src/keccak_f1600_x4_mve.c
FILE	a01c0948612bf393e6ba1e1db603474d929245be4a273a7b874b491f0e23e22b	mlkem/src/fips202/native/armv81m/src/keccakf1600_round_constants.c
FILE	59962bfe29c558c7d7fdcd7e002defa6b25e6bdfd0dd640c0a8be22f95d9e4ec	mlkem/src/fips202/native/armv81m/src/state_extract_bytes_x4_mve.S
FILE	ae067d3b4331387e974066486f8db9403c55dff34a3f9c770d3d86a25e0c57cd	mlkem/src/fips202/native/armv81m/src/state_xor_bytes_x4_mve.S
FILE	590e5d36ce4e9d699501b458ea0653a365e12bbd9f63a6abc7bbdaab2d6b2cfd	mlkem/src/fips202/native/auto.h
FILE	30aa6ddce6398b400244c747f6a5653e9ac7fc7f75b43ca07e274a31081dd6a8	mlkem/src/fips202/native/x86_64/keccak_f1600_x4_avx2.h
FILE	451788547142ab61d2c17439d3e110991f336d90bd432fcd4b04e88c7989fefc	mlkem/src/fips202/native/x86_64/src/fips202_native_x86_64.h
FILE	8c39fef87dc62ec8ee98d30cbc73633a1c14e780d1e54a74baf4ca78f8c65791	mlkem/src/fips202/native/x86_64/src/keccak_f1600_x4_avx2_asm.S
FILE	e1783332d6248856c4b53d4b777b50fd4ab0eab409ea1c2722ecfc7b6b8809ac	mlkem/src/fips202/native/x86_64/src/keccakf1600_constants.c
FILE	ffc9cd09fb9a5926c8540b52181b064e7ae46b3d117e10ca51ac0d0ca940f6bd	mlkem/src/indcpa.c
FILE	25537257adf04a0db9764a1034f0f7af0be25ec0a37c47faff81fb32ee93c5f1	mlkem/src/indcpa.h
FILE	b3de1f7602b10c6033eee8b235138190ed09df917ec9326c2b38ce1083c541ce	mlkem/src/kem.c
FILE	e239f5d705fca7729e7838e836aa2fab814ddc4ffbaf7eeb73a32242b15d960d	mlkem/src/kem.h
FILE	6ffcd01b440924698a857730185d07fc29f868de611db3555ccd00b2486a4b65	mlkem/src/native/aarch64/README.md
FILE	2a83df86204cb9b3602a019619a26c24876b2921254caaae53080bff8889f7b2	mlkem/src/native/aarch64/meta.h
FILE	f254d432c3ad7e9f05b462ccc7c280efeca13af963cd208d62a80c1cdb592517	mlkem/src/native/aarch64/src/aarch64_zetas.c
FILE	cf3f258e98e21d3db85b6a543677c592e1bdc0cb9e88df647cd85ccd46b71b15	mlkem/src/native/aarch64/src/arith_native_aarch64.h
FILE	30a3679a885c5c6e6d7312b57ad5a55e8f666495e4f5526b5d400a903ebb6cec	mlkem/src/native/aarch64/src/intt_aarch64_asm.S
FILE	dee8b0da4ca812cf3e06ab1180ba5325fe5f2f59dc175be0a85f16bca795e52c	mlkem/src/native/aarch64/src/ntt_aarch64_asm.S
FILE	ffd3430b4126b3eca17189c362a08999140f4ebf0f04afd01342ec5a05e811ed	mlkem/src/native/aarch64/src/poly_mulcache_compute_aarch64_asm.S
FILE	1b7d61373aa19548a87de892bfcfda9702295393002ba88eeb3be3d35ec700ab	mlkem/src/native/aarch64/src/poly_reduce_aarch64_asm.S
FILE	925af2035e63f5c8866cd83361ad666e4d442a666aef485eba2790d0d2f613b5	mlkem/src/native/aarch64/src/poly_tobytes_aarch64_asm.S
FILE	928fbd8b2666d5b6eec6284211742ba96ce70bc8061b0e93557e5ecee73ad3b9	mlkem/src/native/aarch64/src/poly_tomont_aarch64_asm.S
FILE	458b153b637e49f93ccee39f6c12c379d4fd982125eceb68e01307d277662b70	mlkem/src/native/aarch64/src/polyvec_basemul_acc_montgomery_cached_k2_aarch64_asm.S
FILE	f4fcc1351d09a503dd8b73e9b0b18b4ffe49cc01fbb3611e204c06a621798c95	mlkem/src/native/aarch64/src/polyvec_basemul_acc_montgomery_cached_k3_aarch64_asm.S
FILE	a17756f307c353f9aa2ab6fc3b00717609426468c6e1fe7707b8d461b0c18855	mlkem/src/native/aarch64/src/polyvec_basemul_acc_montgomery_cached_k4_aarch64_asm.S
FILE	a659079e5298fc99c408ccada099770832281b37fd7e5959e8908299a440ce05	mlkem/src/native/aarch64/src/rej_uniform_aarch64_asm.S
FILE	0f4e7024475acf7cc84adc8c013356fd650e312b9ea8855da32fa1531f4af7f7	mlkem/src/native/aarch64/src/rej_uniform_table.c
FILE	651e2401c7b63e97442f08d3f6ea422fd425ec85ca47dcfdd02d9f5fa78e5ae9	mlkem/src/native/api.h
FILE	eb30d087373d9f809ef8bcbf5396e68e79f0b210efd9436c47f9c5dd2b07a089	mlkem/src/native/meta.h
FILE	c4ad2278ef016d2816b8d1049b73fd42e5a0f4acc3dd4dba3c969a94d80a2034	mlkem/src/native/ppc64le/README.md
FILE	ca485705ed13888726c8ddd568be32612c4e118aeaf01e4e2642e17ac138dd78	mlkem/src/native/ppc64le/meta.h
FILE	7db7bf729b7de84356645c4090739e6e20aa40543b788e6d1e68e4b794a6c276	mlkem/src/native/ppc64le/src/arith_native_ppc64le.h
FILE	f651fcd8d1c53f645cb9ef4a17a86575c787fa0e9cdf3b31c10417f20bcbfe98	mlkem/src/native/ppc64le/src/consts.c
FILE	6da9424313bb9fbb1c0f366df9c058e6464023732c09185be5f829791b6cf12e	mlkem/src/native/ppc64le/src/consts.h
FILE	c3c2222b1a47112df089e93ffabd4fd019744d0be6ea5a9c3d15eadd637bab37	mlkem/src/native/ppc64le/src/intt_ppc_asm.S
FILE	3fad90c5bcc5a809ef822e9eaf145b62a95ca28f0b1cde29c64c3f392e5dd562	mlkem/src/native/ppc64le/src/ntt_ppc_asm.S
FILE	272e46991f5f22f5e92dbfddc54f7ac8622b2162a1b6e3b984cb5acca835166c	mlkem/src/native/ppc64le/src/poly_tomont_ppc_asm.S
FILE	5ed62d46877909cea8e01daad1715f6684ff9d779226c98d2d47b5688f629932	mlkem/src/native/ppc64le/src/reduce_ppc_asm.S
FILE	cc8a354ecbf09f5e490b643440a52d6a33118e04191e3ab8c6754e49aa03ed1b	mlkem/src/native/riscv64/README.md
FILE	f589ac7e4847a3cfcaee07f8737290c6d57a1022118d1fc883363fa84eca2b93	mlkem/src/native/riscv64/meta.h
FILE	d66aaf515aaff3da763ab7f636812e7444501f85d8441c4d1acb23fa4820de5e	mlkem/src/native/riscv64/src/arith_native_riscv64.h
FILE	43855e347be504e3489133e6349cdef8e903646c06d08718ce4addf84e8e79c8	mlkem/src/native/riscv64/src/rv64v_debug.c
FILE	213b1c5efc36ae5f94ed20a4cda43b9e905819283418b6cfac23e8ba5b449452	mlkem/src/native/riscv64/src/rv64v_debug.h
FILE	d29ca53fe5a70fcc2dcb3227bff3d92c37e0c35f14f995635026effc7f612422	mlkem/src/native/riscv64/src/rv64v_izetas.inc
FILE	6f5bc47ccc4b2d357d5aabffed4ae58ee5927415ce14a35169e2e96830c2e1d0	mlkem/src/native/riscv64/src/rv64v_poly.c
FILE	34ceb2ecb5cdc4f03b830029a31b06ba44efa6bc0e8e615d45277765c57388e4	mlkem/src/native/riscv64/src/rv64v_zetas.inc
FILE	093d13133e258b9c362e2db0fea19b1d201877a9e1e7e014174a693d9862f5df	mlkem/src/native/riscv64/src/rv64v_zetas_basemul.inc
FILE	59963fb54af67d45463616ac56c579f113ce5193dd74aa694c9dada7e997c214	mlkem/src/native/x86_64/README.md
FILE	5610fedff3fdc502ba971824ed300f0ad49c7d60ae3ad707c90fa1d815d652a3	mlkem/src/native/x86_64/meta.h
FILE	ae77631908fc59e4c6fad80d861fbadf920212631394319a04c18bfe14c91764	mlkem/src/native/x86_64/src/arith_native_x86_64.h
FILE	562965e31635041e2133ccc7602b6185bdce5472541f3b54ac72795fb6bc98f2	mlkem/src/native/x86_64/src/compress_consts.c
FILE	2748f5adee7f2a50008ba934459533e183b1cebe581eedcb85ece373516bd915	mlkem/src/native/x86_64/src/compress_consts.h
FILE	92b37dd2361425c2816f624a982b64bbb4b4a7563f02604470c7541a83acf435	mlkem/src/native/x86_64/src/consts.c
FILE	f0046a67ebd4195f6180b179c0fe329c1bbfddc37203825a5ebf0dffa7991e15	mlkem/src/native/x86_64/src/consts.h
FILE	a8a8bc6b50f98ead9e20bfb55ac11114c0515f0225ec68a8a9f370443a38b5ce	mlkem/src/native/x86_64/src/intt_avx2_asm.S
FILE	70416a0ad9998fc2f3f0d662f1b4d692f234cadc83ac3ba81ca501c3d636d26c	mlkem/src/native/x86_64/src/ntt_avx2_asm.S
FILE	001af6a58e96327ecf42bacec9f0f2868637443831de53bff36253fbd5f18e0a	mlkem/src/native/x86_64/src/nttfrombytes_avx2_asm.S
FILE	d2ad03151e8671da73900559e1f22b61327209dcd748a2dbc1209a494439c7db	mlkem/src/native/x86_64/src/ntttobytes_avx2_asm.S
FILE	01af3a79b639f0c1edfd4311bfe986d78112ede758a277b88d6707a8ac0203e1	mlkem/src/native/x86_64/src/nttunpack_avx2_asm.S
FILE	459855f032dc08dd6112f535601f8b510692bafb7c7431e3a6018c84ee483d36	mlkem/src/native/x86_64/src/poly_compress_d10_avx2_asm.S
FILE	2b392cb520706e848f3a417d417c08165044f9066c9dd1ded8f292280e513440	mlkem/src/native/x86_64/src/poly_compress_d11_avx2_asm.S
FILE	166f9d829d9f1f40e1b066de49c4c181aa1db1fbcda88f3131cb0e62d4be984d	mlkem/src/native/x86_64/src/poly_compress_d4_avx2_asm.S
FILE	435aaeb0eabccaf585079a6051301a0847f5e6da4236e8b20fce65ddd3b8a49d	mlkem/src/native/x86_64/src/poly_compress_d5_avx2_asm.S
FILE	d7f625f1488f40ed5db555f3d4fa772a12c17b1b29e2922a539691184179d494	mlkem/src/native/x86_64/src/poly_decompress_d10_avx2_asm.S
FILE	45190c13cd3079b8bac79f8c6321be6786cb383ae3ebeef05f7fc79018701ad1	mlkem/src/native/x86_64/src/poly_decompress_d11_avx2_asm.S
FILE	21f854e623079f1d100e757056e92ac0e7541634ba0bc933e1f46a479f18f42f	mlkem/src/native/x86_64/src/poly_decompress_d4_avx2_asm.S
FILE	33030255964bffb490c486c67955b87deadaa7e0c785a672d5b00ac927c715ca	mlkem/src/native/x86_64/src/poly_decompress_d5_avx2_asm.S
FILE	1e2f765339130173959a59d3e0bd401613141f3f9ffbbf73097935254fcc8601	mlkem/src/native/x86_64/src/poly_mulcache_compute_avx2_asm.S
FILE	c7503836f6acb3e595d9a028d34dcd6b8b981687e299fff7ab33c543458745f9	mlkem/src/native/x86_64/src/polyvec_basemul_acc_montgomery_cached_k2_avx2_asm.S
FILE	4b7c254cfce65a8a2af80f8c82022e2ea3cf4af589ea143ff32feff649dc0d8c	mlkem/src/native/x86_64/src/polyvec_basemul_acc_montgomery_cached_k3_avx2_asm.S
FILE	07ad9aef4253ed87ee1fe3a47fa5bdd2ec13d3a0c7020e57fa6570090c251815	mlkem/src/native/x86_64/src/polyvec_basemul_acc_montgomery_cached_k4_avx2_asm.S
FILE	d0812932f720ea634a8ffb4f0923f8b388256b2081e5944e0d0f65a7829081c8	mlkem/src/native/x86_64/src/reduce_avx2_asm.S
FILE	97eef83984599d8933158e080d8822f2b925d0cf5a64b51c568d2dbe59097cb3	mlkem/src/native/x86_64/src/rej_uniform_avx2_asm.S
FILE	be662d58c00fdfc8dfa14bdaf580f7af0c21ffb3211eba5e6a89654ab34afa22	mlkem/src/native/x86_64/src/rej_uniform_table.c
FILE	9bf8187fceae7fbfdcb5e35d9222707066b7e5b6d1079cda46eca078ac813864	mlkem/src/native/x86_64/src/tomont_avx2_asm.S
FILE	450fe3e0e50496921920473ae4321660f178c23d51f1453f3c537ee63c4158cb	mlkem/src/params.h
FILE	f24f980110953c1d361e04137e13e2f85f76db776903f85c98f24900e85f7aef	mlkem/src/poly.h
FILE	7dea24a0591b0fb033f7a8be214d687fbde11541c274a114ac3067af12b87c32	mlkem/src/poly_k.c
FILE	09bdfd4a19a9cb495832a78d0f099a6c949c40014472b33fb54d66bb56e660e0	mlkem/src/poly_k.h
FILE	137eb6e5854b8e58c2caec6eea86530c8e7495706f6f5b3e007e25a9875e164f	mlkem/src/randombytes.h
FILE	0408bd0744346e2c59924ebc8a9a55e750a453b1595fc0fc85532f1626bdec0a	mlkem/src/sampling.c
FILE	92501263f89afc3d6a5f06079bacbe1dfd5ba6db744c887e08cc1c521c0030eb	mlkem/src/sampling.h
FILE	168d0ec3bf50bd45cb0a103d7984e9ccf52f78697718b7e85efdf1beda7abc95	mlkem/src/symmetric.h
FILE	02e6b8901bb6334a378aab1f13538693f04726a5111aed7cc6c4cdbd41188f50	mlkem/src/sys.h
FILE	f8f89f1b8c8e5811ce134c0d90fb7828027336afeed231dc3ccb7ee6b73b9335	mlkem/src/verify.c
FILE	13f44749f65099bee5bc55be260932d5e832bbd091335f1e47c31df464c1881f	mlkem/src/verify.h
FILE	303d1abccc4757d49a5c8df5f88080fefef617b7360056db5311bd94354096d4	mlkem/src/zetas.inc
FILE	1c715226a52956872915138c0a741110a30d015d507917560d80a1a6fd97f77e	nix/aarch64_be-none-linux-gnu-gcc.nix
FILE	25a0b546366f0e752f1f092ad5f0c3cac413dcf185c73bca0b1f68bcfd6dcde4	nix/avr/default.nix
FILE	75a8d85185e78ae4164a5b45168838ad1d5b4da4a593127e079e2769f1a367f5	nix/avr/simavr-16k-eeprom.patch
FILE	9f768bd79bdaaaa485bd019704a08dd6808ec8465e84a5d5eaad2bd23dc000dd	nix/avr/simavr-32kb-ram.patch
FILE	9e09e40ce6b43a7aeb8f41c8e74dd8f83e2bff7d4db72936abf637b840663cac	nix/avr/simavr-uart-output-fix.patch
FILE	1109fb04c687bd34fb9aa8860c158ec8768268a2d01dad905ff1627f73a4490e	nix/cbmc/cbmc-viewer.nix
FILE	0b1aea6d0fd9b4be351dfc07571e78d4c93f5bdceac5851cc01026c2fc8147c2	nix/cbmc/default.nix
FILE	746975ddb719d014d111e8bf48e2e105f3d46cc2ecd3f126299acdda719dd9f0	nix/cbmc/litani.nix
FILE	94af346a357dacd06dffedf40353bca8e2410532add22cbff610f174539069e6	nix/hol_light/default.nix
FILE	5f05b6f314076bfcc8dd8ad0f6d1794ef468d35888afbf171ff342fed7ddd148	nix/hol_light/hol-server.sh
FILE	2ba70e8900250d9e2affba2304e81b40180ffd24e97b73509a79e9ebd3fb1da9	nix/hol_light/hol_server.nix
FILE	13947f2428e7cae2851162e8316c78bd1fe99c48784847d915f7841ef84d1f9a	nix/legacy/default.nix
FILE	570ce1e9a7ae3117b7540e12bda15b592f77b6412d0d57847d7925009e6b1f82	nix/legacy/module.nix
FILE	017e89795fb0f8200ba8fa8f4b5afd60624f0fb52e6fbf88dfcbb6d28fb29a38	nix/openocd/default.nix
FILE	924a5e4b317d14bc625a83c5fb0db5a16fb4f69eb2fc5c557dce2a352686be87	nix/s2n_bignum/default.nix
FILE	f8a68c5f4e6c1843fd995a852c374d139d5c1d60d358f8b856838e908069e428	nix/slothy/default.nix
FILE	2ad10a83fd66b88cc012d206531d148d9f85625e969703a486591ccc0433c3d2	nix/util.nix
FILE	da28716e0e29fbf93048135f61ea47e3a20fe298525ca8147359196bb109cf74	nix/valgrind/README.md
FILE	1be843f53e7abc5fadfae2fed67d9d0b69e588526abe267dcbd3d51bffae15f1	nix/valgrind/default.nix
FILE	d54b140f2bacaea91470940a963950b7126685810df2192640cd103328b421f4	nix/valgrind/valgrind-varlat-patch-20240808.txt
FILE	2725f58c765e21e10f30a9997714922687f9e0e485974f1accf2d8d8b42f0e00	nix/zephyr/default.nix
FILE	c3784925c79832593b7627da7d8fe83fa2258f46614c6ff40cfcd54aa1d2ab37	proofs/README.md
FILE	696195008871a682c338331dce7f604be05b361a6d2d575ee75113990a894922	proofs/cbmc/.gitignore
FILE	a17e5e370b3ff348a49c8a7c366be6b0850fb4fc3b6eaa008b6dae5e92ffcaab	proofs/cbmc/Makefile.common
FILE	ba7a87f04fc45269d77ee6035f5daf39e24d6e3b5c3921617677554e920e99e5	proofs/cbmc/Makefile_params.common
FILE	2bfcf066dd68d747f3b283504be3e6aa9abb28d6d68a3cffcf4980706bdd349f	proofs/cbmc/README.md
FILE	60b43149f1fa523659a5d5fc55b1ecdf6d2f44f0c2988f8903b699bbf3e23672	proofs/cbmc/barrett_reduce/Makefile
FILE	2257c68f1412b9b4a4a66b7bd5c178d87dd0d571ad1a487df4392ce1c84b20dc	proofs/cbmc/barrett_reduce/barrett_reduce_harness.c
FILE	eafd4e33448959cb89a7daf1aab5c75c11426134ae0ed6ba8668a429bfcf95c1	proofs/cbmc/canon_t1_coverage_actual_body/Makefile
FILE	822a0bdfb1082e2543d61c36efb47638f223c6f9d5d555097e7b55da7073a716	proofs/cbmc/canon_t1_coverage_actual_body/canon_t1_coverage_harness.c
FILE	256789ff25eb6c0c6ef0817f3758e071e95ea419ff78ee5f7f354adb2c728388	proofs/cbmc/canon_t1_theorem_actual_body/Makefile
FILE	1fc89e91044557b45b2cf11e0a841631bd0d86a5754019a7d2fe7b31c4b578ae	proofs/cbmc/canon_t1_theorem_actual_body/canon_t1_theorem_harness.c
FILE	c1ba86469b14b646e40c92f679e5deb13c93ae9c1ef284096230beeb8934cdde	proofs/cbmc/check_pct/Makefile
FILE	d7f34fafd3a51aaa93985f9b59a9586913f8046a30be78dc2213157856b12e0a	proofs/cbmc/check_pct/check_pct_harness.c
FILE	f41df3bd80f00208a8a544a5672787df30e62a7b83b89756abb6255a8f1e8545	proofs/cbmc/ct_cmask_neg_i16/Makefile
FILE	1508e4812b852d0f6e0daa359f79099c72e7747cb0c8555ec97838c8b00d928b	proofs/cbmc/ct_cmask_neg_i16/ct_cmask_neg_i16_harness.c
FILE	8d8cbcfb02d34e966a5b40e162b9f0ec451230c29d43db857982f8481e0026c4	proofs/cbmc/ct_cmask_nonzero_u16/Makefile
FILE	23a5c0c4903738a7964b6f2028c576ed87035881a0903a13ef6290079627db2a	proofs/cbmc/ct_cmask_nonzero_u16/ct_cmask_nonzero_u16_harness.c
FILE	4ca00658bddd2ca9944b94084822ecf702d7961e65d97a6440380d580f864d63	proofs/cbmc/ct_cmask_nonzero_u8/Makefile
FILE	29a972350579f3826dd5a485882674212774e07eb9c03e4a63f370fd5b033d16	proofs/cbmc/ct_cmask_nonzero_u8/ct_cmask_nonzero_u8_harness.c
FILE	e53300647fbe16583774d443800005320f8ec7e2e6378520b26137cdaf29d3f2	proofs/cbmc/ct_cmov_zero/Makefile
FILE	bf61fcbada52fa123afded01336118b1c5868f3323240fdbad7921f587e25237	proofs/cbmc/ct_cmov_zero/ct_cmov_zero_harness.c
FILE	dec32b887922c6feb12fbbe0f319aac5d96c555a1e2e6c134e6cb40a9a1015f4	proofs/cbmc/ct_get_optblocker_i32/Makefile
FILE	c85fdae9263977362a78964cd86d534416a5f1170dc0c1771be6c7eb3f9bbcfc	proofs/cbmc/ct_get_optblocker_i32/ct_get_optblocker_i32_harness.c
FILE	17d9e66604708a01787dd74046515c0ced34d6e69f424f4c461f96628d5f68e2	proofs/cbmc/ct_get_optblocker_u32/Makefile
FILE	9d6afd2a1cdc93484ce4304c48c1e8b57ff642868667570606c40d82d2b1fa25	proofs/cbmc/ct_get_optblocker_u32/ct_get_optblocker_u32_harness.c
FILE	99a8cad75b4f67a8ba3fbc884280f06101d8b728fd3658b4a31a3883fcdc3995	proofs/cbmc/ct_get_optblocker_u8/Makefile
FILE	b1b6627c615ae6115b35338a73c4a9e961ef92f26581db0541d634c8f6dca4c6	proofs/cbmc/ct_get_optblocker_u8/ct_get_optblocker_u8_harness.c
FILE	c1e659e7bd2c8444f6b82b107f95de196fcf490f7c25d64ba2dc0d392ce2c48e	proofs/cbmc/ct_memcmp/Makefile
FILE	dbaae9902286baf318e9dfaceaaa5fac897ceaf11e36d1c779c007dc888a683a	proofs/cbmc/ct_memcmp/ct_memcmp_harness.c
FILE	f1e970928f03a8c2285b5024c9965d307d80db1b7e3ff893b014cc382a0454be	proofs/cbmc/ct_sel_int16/Makefile
FILE	1bbe69e15a48df16aa11c1bf3f7ca47b135111caecbeb083a3beae84a184eebd	proofs/cbmc/ct_sel_int16/ct_sel_int16_harness.c
FILE	0986769c4d0539d9897f543f43d999ad6e593d7160726ad80f178c4bdd5c0a7f	proofs/cbmc/ct_sel_uint8/Makefile
FILE	ebeeddc7b5cbe9c3019af890b00b204d297392e437eb241a3294b46aa6e083cb	proofs/cbmc/ct_sel_uint8/ct_sel_uint8_harness.c
FILE	210e72728be211d1a720262463c89124c3335fda75944db504024795a2bcc529	proofs/cbmc/dummy_backend.h
FILE	bd43b88b392e4f7f58d619d9404b2feaa2560e50fc97811df8541ce109aa3f84	proofs/cbmc/dummy_backend_fips202_x1.h
FILE	f5e9dd96130c8321bea6ddbf89f580ab67c42dc0d8f08e3e34a86d3e07e961e5	proofs/cbmc/dummy_backend_fips202_x4.h
FILE	403a7d79d75258987224739963c878689f794684b09edf18401ac340d8228780	proofs/cbmc/enc_getnoise_eta1_eta2/Makefile
FILE	6f683fdb835d642288a4162d486b01d4800f7d1694d2427933383631a7aee4bb	proofs/cbmc/enc_getnoise_eta1_eta2/enc_getnoise_eta1_eta2_harness.c
FILE	318daff8367947f35adf20e005cc2702d21b25f2a86560627b1cfba579fcf67d	proofs/cbmc/fqmul/Makefile
FILE	b03b722e44d3b6bf18cb4dd82c5166c074a29ed0f54c9c90eacb8e80f376093a	proofs/cbmc/fqmul/fqmul_harness.c
FILE	56debda63f58640943bd868e6e9dda7ecf793f75c1ec6af2a693efe2a54ec32b	proofs/cbmc/gen_matrix/Makefile
FILE	e128dcc6ffefe06006a543f95e74763e174bf376d98303c8fe2f6fededb884fd	proofs/cbmc/gen_matrix/gen_matrix_harness.c
FILE	605b1ea38ca45e7f8a4d0b44029a84a3477e087a26bc664c5b1b8c099885f39a	proofs/cbmc/gen_matrix_serial/Makefile
FILE	d59524be1588b115050da971e26fbaa8d0766b4162565970be0b53fd954e3976	proofs/cbmc/gen_matrix_serial/gen_matrix_serial_harness.c
FILE	9d96867c1ae63dae2f7107e4e956571d0c9cc3ddd7ef75db48c9629f769d5d7e	proofs/cbmc/indcpa_dec/Makefile
FILE	ed7b14ce5df0145e4b3857211c99f7979b113373c0a9ffd86869329c24962ba0	proofs/cbmc/indcpa_dec/indcpa_dec_harness.c
FILE	b167b9a5bcbe3274df4e9da8c20f7dc773f39a6a05ae6dd908a873b576af8392	proofs/cbmc/indcpa_enc/Makefile
FILE	662833d466cd95d4433f2d6931d4238cef9537b6d85ccefcb7351db9ffbe2ad1	proofs/cbmc/indcpa_enc/indcpa_enc_harness.c
FILE	27fb982533f7521552c7d1be340b81313916c2d0c15b2e14adb9a4e71e349f9a	proofs/cbmc/indcpa_keypair_derand/Makefile
FILE	d0b23c6e108c7565c0859d9a50260a0528eeb402c128c350bc77408e380413c5	proofs/cbmc/indcpa_keypair_derand/indcpa_keypair_derand_harness.c
FILE	f7b0a4c4f3c19cd92b251f879db78d59449a925363a30c5b86433d1678597bc2	proofs/cbmc/intt_native_aarch64/Makefile
FILE	d3424467659425031ea4e0b5dba60b9708ab0fae8df0d3fb6e989e865ed85ed2	proofs/cbmc/intt_native_aarch64/intt_native_aarch64_harness.c
FILE	6c9aba90c63eef3f095dd030ce21c4b68953e2d011c9708b21f96a60dcfaf7e0	proofs/cbmc/intt_native_x86_64/Makefile
FILE	d3424467659425031ea4e0b5dba60b9708ab0fae8df0d3fb6e989e865ed85ed2	proofs/cbmc/intt_native_x86_64/intt_native_x86_64_harness.c
FILE	3491f2f41fdf90d7bb5b8bc3f4abce4390477cd835cca417ef790656a52f7b48	proofs/cbmc/invntt_layer/Makefile
FILE	05eb26df25235055e21d022b6888ad6e9129a97766fb37678927fdd6cc104e3a	proofs/cbmc/invntt_layer/invntt_layer_harness.c
FILE	f6f37fe9d19f88b1d52e1fe8611b5e9173e0128166041054039ea06f8017ff0d	proofs/cbmc/keccak_absorb_once/Makefile
FILE	84a95e8deabb6a2b6b1aef884a025b8cb3af814545d50c5b990bdd9622b141c3	proofs/cbmc/keccak_absorb_once/keccak_absorb_once_harness.c
FILE	e19a40e149838a550d29808955b2821d6540ebc407dafa61b4c43046c88c2268	proofs/cbmc/keccak_absorb_once_x4/Makefile
FILE	14b1120057a2e045697171c132a40f88c696e0f53a8dedb15b227b49e62532ba	proofs/cbmc/keccak_absorb_once_x4/keccak_absorb_once_x4_harness.c
FILE	9ff6c644fac3e64caff67b6c1d03552ef8a55db96d560de625ec7bbe4a559c82	proofs/cbmc/keccak_f1600_x1_native_aarch64/Makefile
FILE	6ec5ff24af95e300f1567e15371a4f64be24e4383963cf94944cd1c0e4ceb072	proofs/cbmc/keccak_f1600_x1_native_aarch64/keccak_f1600_x1_native_aarch64_harness.c
FILE	6cfea0fe4afff472b56d9f06933cb04cc8e06243b1ebcb6872b0c6bd73ebb926	proofs/cbmc/keccak_f1600_x1_native_aarch64_v84a/Makefile
FILE	6ec5ff24af95e300f1567e15371a4f64be24e4383963cf94944cd1c0e4ceb072	proofs/cbmc/keccak_f1600_x1_native_aarch64_v84a/keccak_f1600_x1_native_aarch64_v84a_harness.c
FILE	47398ee21bacfb24dda7b4f4b87028f7fb4e7c7071156e14ae982438444fc3a6	proofs/cbmc/keccak_f1600_x4_native_aarch64_v84a/Makefile
FILE	2daeb1924916fa2f6ddd8bd80971ca31a1c7f4bf3afa77d63194d0cc1a8c788d	proofs/cbmc/keccak_f1600_x4_native_aarch64_v84a/keccak_f1600_x4_native_aarch64_v84a_harness.c
FILE	0f85e2caf43e210b0f06e4c05bfa28e2bb5af22e783c9d86fe50d98a78a2c37a	proofs/cbmc/keccak_f1600_x4_native_aarch64_v8a_scalar_hybrid/Makefile
FILE	2daeb1924916fa2f6ddd8bd80971ca31a1c7f4bf3afa77d63194d0cc1a8c788d	proofs/cbmc/keccak_f1600_x4_native_aarch64_v8a_scalar_hybrid/keccak_f1600_x4_native_aarch64_v8a_scalar_hybrid_harness.c
FILE	7d56000099d41a0c9c03fa54953ae695bcba05d2f0709a83abc43cf083f8ac9f	proofs/cbmc/keccak_f1600_x4_native_aarch64_v8a_v84a_scalar_hybrid/Makefile
FILE	2daeb1924916fa2f6ddd8bd80971ca31a1c7f4bf3afa77d63194d0cc1a8c788d	proofs/cbmc/keccak_f1600_x4_native_aarch64_v8a_v84a_scalar_hybrid/keccak_f1600_x4_native_aarch64_v8a_v84a_scalar_hybrid_harness.c
FILE	97113f3ae01a5894460eede18be78b036b58dd4277bcb28b397da2e85418eb30	proofs/cbmc/keccak_f1600_x4_native_avx2/Makefile
FILE	2daeb1924916fa2f6ddd8bd80971ca31a1c7f4bf3afa77d63194d0cc1a8c788d	proofs/cbmc/keccak_f1600_x4_native_avx2/keccak_f1600_x4_native_avx2_harness.c
FILE	af1ffc4d999128b466303ae6d00afee4039929ec3cb1a4382f02227737813313	proofs/cbmc/keccak_squeeze_once/Makefile
FILE	d14d982dbf973015a4413a059c5049f8b241a1834d628f53e68a999f395f2847	proofs/cbmc/keccak_squeeze_once/keccak_squeeze_once_harness.c
FILE	f6f7e2a60372ace3dd428443c4d3f02fdadc3cbf60ac134ebb82ff6734b67248	proofs/cbmc/keccak_squeezeblocks/Makefile
FILE	6f3e51d5c0bac6c10a608d702ebebc53c1c75bb5f9227d40f16d3760354c9552	proofs/cbmc/keccak_squeezeblocks/keccak_squeezeblocks_harness.c
FILE	115eb04f372283071dee41cddbf8b09c91e99c0484d75e71a9c048e3416e5996	proofs/cbmc/keccak_squeezeblocks_x4/Makefile
FILE	0d41d111ab504515e458b1a5d804a39b458636629c5cfa617543efb62b957576	proofs/cbmc/keccak_squeezeblocks_x4/keccak_squeezeblocks_x4_harness.c
FILE	1b194ea09749ed9078a9a20fbfe45e4a071cd18052eebd46c145088e657af7a1	proofs/cbmc/keccakf1600_extract_bytes/Makefile
FILE	4d771a2c189c1de66b0486971f92f966f9811ed2e41080dbad8c7cd782de07e9	proofs/cbmc/keccakf1600_extract_bytes/keccakf1600_extract_bytes_harness.c
FILE	a8f0ad44e3b9db484a98190405f60c6b7907b10c750a7b6a2912d42e18282fb8	proofs/cbmc/keccakf1600_extract_bytes_BE/Makefile
FILE	4d771a2c189c1de66b0486971f92f966f9811ed2e41080dbad8c7cd782de07e9	proofs/cbmc/keccakf1600_extract_bytes_BE/keccakf1600_extract_bytes_be_harness.c
FILE	74f0eb0db5e4187250a46d6e5ed3f4b8e65efe446881419b20482e5473e5cdf1	proofs/cbmc/keccakf1600_permute/Makefile
FILE	3d5488354836a92e2257d623303806d5c26cd75176942c7714bf71dc5b8c45aa	proofs/cbmc/keccakf1600_permute/keccakf1600_permute_harness.c
FILE	aa143ad606cff4f07884cb0d973152ed87421e4ae29d99646af2e79db856d1f8	proofs/cbmc/keccakf1600_permute_c/Makefile
FILE	a8fab99363e2a03f5da8a6d9b1c08d8fc899e799a13b2b3b1ac9738b525b9e26	proofs/cbmc/keccakf1600_permute_c/keccakf1600_permute_c_harness.c
FILE	802162b9a2ff30a551540e91ee37f05c5089936583aab10e150d1b4f045ee9c9	proofs/cbmc/keccakf1600_permute_native/Makefile
FILE	3d5488354836a92e2257d623303806d5c26cd75176942c7714bf71dc5b8c45aa	proofs/cbmc/keccakf1600_permute_native/keccakf1600_permute_native_harness.c
FILE	c1b277f21b44c1413babf12e6b9ecd601d184e63287ebcf1cf8c4dd453852b6c	proofs/cbmc/keccakf1600_xor_bytes/Makefile
FILE	6e7459b283764294b12771b84955892b4a9d6b2f0e82361af61e854e1f00ba25	proofs/cbmc/keccakf1600_xor_bytes/keccakf1600_xor_bytes_harness.c
FILE	428ec7cc8925f9a079c4e6669c420c4e5fbc8bf0560548233e76af2bfb091b3d	proofs/cbmc/keccakf1600_xor_bytes_BE/Makefile
FILE	6e7459b283764294b12771b84955892b4a9d6b2f0e82361af61e854e1f00ba25	proofs/cbmc/keccakf1600_xor_bytes_BE/keccakf1600_xor_bytes_be_harness.c
FILE	6263eff8adf1cd4f6c50b545cd23633bbf78b6dfc78a8a523b4eb21aa4343197	proofs/cbmc/keccakf1600x4_extract_bytes/Makefile
FILE	54dd51aa542cf4d3e021ca5b63e94e446a68c7f5d4839e9671027ae5e4e95b74	proofs/cbmc/keccakf1600x4_extract_bytes/keccakf1600x4_extract_bytes_harness.c
FILE	6e14b950cdddc5678a18d8891005b5d24e346c4f6a54ab0d487d903b6915c7cc	proofs/cbmc/keccakf1600x4_extract_bytes_c/Makefile
FILE	3e294184af7729482b78161b7553509942706a76f45237e6068f089db426c293	proofs/cbmc/keccakf1600x4_extract_bytes_c/keccakf1600x4_extract_bytes_c_harness.c
FILE	42f1e95a672e5fdd4488dbf12bf9761ccd39b14d98a095dae52cec338493274f	proofs/cbmc/keccakf1600x4_extract_bytes_native/Makefile
FILE	54dd51aa542cf4d3e021ca5b63e94e446a68c7f5d4839e9671027ae5e4e95b74	proofs/cbmc/keccakf1600x4_extract_bytes_native/keccakf1600x4_extract_bytes_native_harness.c
FILE	79402d9b414d199c66b269241baa19262101eadbb9f5e9379c33173c36e25b4c	proofs/cbmc/keccakf1600x4_permute/Makefile
FILE	038db9e70d95cae65bd1f5d7dbaff8625f2d4eaf9f461e05d1d9ae0bc9564519	proofs/cbmc/keccakf1600x4_permute/keccakf1600x4_permute_harness.c
FILE	79a80c4c7c8a6fc0863c5180fec57736cbc8ba8cbaa5c0c51cb6027d5936434a	proofs/cbmc/keccakf1600x4_permute_native_x4/Makefile
FILE	038db9e70d95cae65bd1f5d7dbaff8625f2d4eaf9f461e05d1d9ae0bc9564519	proofs/cbmc/keccakf1600x4_permute_native_x4/keccakf1600x4_permute_native_x4_harness.c
FILE	51c57baea093ea829eda462cfea4c4cab721de0fdc9a812e71f604e2130a6af0	proofs/cbmc/keccakf1600x4_xor_bytes/Makefile
FILE	450b5b5fa50bd729f52fb7ab34f2e7351056c17fc3367cb6901ae5b1f2299709	proofs/cbmc/keccakf1600x4_xor_bytes/keccakf1600x4_xor_bytes_harness.c
FILE	989403f073603939ad7fce3f42dd55bd10bc4c57ed89beaf9c1de9fd18f9dbb9	proofs/cbmc/keccakf1600x4_xor_bytes_c/Makefile
FILE	145b63736248b48169768150edc0c158eaccef585543fa9cd1e52467790c9f1b	proofs/cbmc/keccakf1600x4_xor_bytes_c/keccakf1600x4_xor_bytes_c_harness.c
FILE	3d8712b9b0057841a76e60791ac731836a6b692c25c1ba941a784ed3311de809	proofs/cbmc/keccakf1600x4_xor_bytes_native/Makefile
FILE	450b5b5fa50bd729f52fb7ab34f2e7351056c17fc3367cb6901ae5b1f2299709	proofs/cbmc/keccakf1600x4_xor_bytes_native/keccakf1600x4_xor_bytes_native_harness.c
FILE	5879f4fa29081163f73d0d01675ae0169fcc82b2119a0a7b2c7731b774fef7d6	proofs/cbmc/kem_check_pk/Makefile
FILE	73326d4adc74568fc1976582f23ed5fd83ab66085ae9384eaf04f41f5373fcce	proofs/cbmc/kem_check_pk/kem_check_pk_harness.c
FILE	65d0ef9aa5e4cedbab613932dc6ee9fcad7ce84924284f37661160e35834ab2e	proofs/cbmc/kem_check_sk/Makefile
FILE	5707fd906cdbd95739ea9f0f3c99ed4d9edad4fb71039d35f08bf0244e825559	proofs/cbmc/kem_check_sk/kem_check_sk_harness.c
FILE	34cc976e0f1e6b02118dbd8229941dfd496b3d7b62d025cb458c7c0140ac7d88	proofs/cbmc/kem_dec/Makefile
FILE	d9c1fc30ec475e8ed9f9ef6e8e8fc48f1edb5438c7fa0648f044ef843e5737c7	proofs/cbmc/kem_dec/kem_dec_harness.c
FILE	62ef0b9fe79a543b80ab8d6176bf9da57fb42c3bd680ce3361b5bb97c8dd2f05	proofs/cbmc/kem_enc/Makefile
FILE	2da4dde9e0222528c7d78483952686ccd9b5738f1b389b4dfe7ed736978e5212	proofs/cbmc/kem_enc/kem_enc_harness.c
FILE	b807790d0a087f00a733989aab9f482a7523842959545aca34b67cbb47a8777c	proofs/cbmc/kem_enc_derand/Makefile
FILE	403b38f37fc9fa8ca5eafe7e8ca981a2e6fdd3b5f4d348622207b6ca022c3378	proofs/cbmc/kem_enc_derand/kem_enc_derand_harness.c
FILE	108abd455156e8076f25fe9de1543efd00be70d9d24146994695299c5c070c49	proofs/cbmc/kem_keypair/Makefile
FILE	ab6e3085b34466fc32689ebbe8d30487db37846b6dc8c2ff36e4e8b36b022bf6	proofs/cbmc/kem_keypair/kem_keypair_harness.c
FILE	739a2a8ea69da4253edb75b3597acf7ccab0b23f28cb6a7878193ac9113d9859	proofs/cbmc/kem_keypair_derand/Makefile
FILE	4248b09c0d673e3b0df7c846e5f17c609cd17282a0e81e51d13234572e2f0998	proofs/cbmc/kem_keypair_derand/kem_keypair_derand_harness.c
FILE	9497ea752c0a3a041e86e9be9e6f2033df6ff61945fda61dc23390c315cbcec3	proofs/cbmc/keypair_getnoise_eta1/Makefile
FILE	251d35f45033fbbff695f1e6722953bb685e930485d1a0cbb5b5f19ec2770fa4	proofs/cbmc/keypair_getnoise_eta1/keypair_getnoise_eta1_harness.c
FILE	6c6ec57de9f82ef42d82760f144a4571cb16b3cd6de33aaa7aa9fd65e8ab1fa1	proofs/cbmc/lib/__init__.py
FILE	97971f41694084d9ef85bdf2b88f78f5cf27630a6c34f2fc60127307336fedcf	proofs/cbmc/lib/print_tool_versions.py
FILE	dcf46e4a9b0cc3af0ebfd4851c3da7763a3a23f10bf057e9ebd9917a20ca542d	proofs/cbmc/lib/summarize.py
FILE	4c804881fa8ad4d43398726770bc13eb944eb0c9f629587693905f71662fb872	proofs/cbmc/lib/z3_bv_sort
FILE	ef1a0ded024f74fec1db704f00a3daa041fbc1ab3ccf113fd223be83d7de6c1e	proofs/cbmc/lib/z3_smt_only
FILE	c26b86910c06eae5ca6af5e5d351e8e28d27ec064aef8906e28c81cd8c6cd79e	proofs/cbmc/list_proofs.sh
FILE	b6c6ef527d9c1a4abfc1b4849fc286855994ac59e3cb8689d727868f0d34a21d	proofs/cbmc/matvec_mul/Makefile
FILE	6a7b13cde1287eca869d2795beb3b656cb0d00cd8da9bb7a07f9784f8c1d7f39	proofs/cbmc/matvec_mul/matvec_mul_harness.c
FILE	80ddb0475ebf187ce3ebde81a156632b098f191b81b1ed922b54fe8aec35cfaf	proofs/cbmc/mlkem_native_config_cbmc.h
FILE	beadf31620e8118e45153d7f65e69667fde5da8c8b26aa18d6a46aa1253da46f	proofs/cbmc/montgomery_reduce/Makefile
FILE	9b12179135d0cf6b7e1d79e5ab5883bd376228f9672b8dbf4ad7039125df944d	proofs/cbmc/montgomery_reduce/montgomery_reduce_harness.c
FILE	2502a2c24175da91157cda2bdeb1ce128cc16ebb369384094c0c7f7e6f8cd52d	proofs/cbmc/ntt_butterfly_block/Makefile
FILE	fb8ef8311c180d948b0dee957254971a92ecd4a1ce64e0f93d28569fdda3a7fc	proofs/cbmc/ntt_butterfly_block/ntt_butterfly_block_harness.c
FILE	3d8b880f5ac7c74d488c2dd46474fc969897b85e5b3d91a5e5799d0b643ab83f	proofs/cbmc/ntt_layer/Makefile
FILE	8ce709fd519677ef9bcffddf1b3b10eafb4b5c3368e97b20ee274dd53f661976	proofs/cbmc/ntt_layer/ntt_layer_harness.c
FILE	ec5e855f1647839273d0b8e74aa0e9c7afc123edfc04c5a31f8c17bdb8a26343	proofs/cbmc/ntt_native_aarch64/Makefile
FILE	e268e1eceee475df9deb5003601cdecc3fc32a5ddb2c6891bef36ac1c1ad172a	proofs/cbmc/ntt_native_aarch64/ntt_native_aarch64_harness.c
FILE	ab7e8fc64a480725266bb477f6ca67524ee2692232fbe0c859ed83eded29c554	proofs/cbmc/ntt_native_x86_64/Makefile
FILE	e268e1eceee475df9deb5003601cdecc3fc32a5ddb2c6891bef36ac1c1ad172a	proofs/cbmc/ntt_native_x86_64/ntt_native_x86_64_harness.c
FILE	fd79e638e1193c28dbf7c3af896dfd063396d8abbc11b572836570bfa9eacb81	proofs/cbmc/nttunpack_native_x86_64/Makefile
FILE	9b1465a119418ce2dc94b5275270f80a5d3c7beaae5a59cd852ee2397bc68a2b	proofs/cbmc/nttunpack_native_x86_64/nttunpack_native_x86_64_harness.c
FILE	0df1004d25414b9163721a6741810f9e4f73a4bbaa033ea9c8c0519c0f364686	proofs/cbmc/poly_add/Makefile
FILE	ff4c40902b23a6a30c717f9381be5d5ba65cb027ed07489311ce4720c6bb9188	proofs/cbmc/poly_add/poly_add_harness.c
FILE	bee1111207fcaf0b53f816cf03c75b98c1a14faa8344e1c39edd7e3f850399e2	proofs/cbmc/poly_cbd_eta1/Makefile
FILE	21cd108089fe43e509b513dd41bb25f3c2957720f7bdc31d86a135800d4ba8c1	proofs/cbmc/poly_cbd_eta1/poly_cbd_eta1_harness.c
FILE	f133ca5a0999e53469996f97c1b2ab520a85fb7e6e9394094fec8a5506b88ffd	proofs/cbmc/poly_cbd_eta2/Makefile
FILE	8477942e898ad33f66759719a2cfd746faa561e34395879208cfdd746552dec4	proofs/cbmc/poly_cbd_eta2/poly_cbd_eta2_harness.c
FILE	a4d54c0645b55ed633430f6e90aee901f49a04213541d69d4721b7702bd8bb0a	proofs/cbmc/poly_compress_d10/Makefile
FILE	0972dd9bc7ade48dbfa3e9df2bcddffdf155c397b9f33726530d76159184443a	proofs/cbmc/poly_compress_d10/poly_compress_d10_harness.c
FILE	ee71f626d0cb67ecdb2c390a337d176abc4dcb169a42fe8b1386c957fd40105c	proofs/cbmc/poly_compress_d10_c/Makefile
FILE	cc8a6267dad27e7b8024d0cf0035af5e7694032605a2175da51fb54319d8c7ff	proofs/cbmc/poly_compress_d10_c/poly_compress_d10_c_harness.c
FILE	846766596c7bf076089811076f3d68bd7b1511d982b382a7c16e6609aee2f707	proofs/cbmc/poly_compress_d10_native/Makefile
FILE	0972dd9bc7ade48dbfa3e9df2bcddffdf155c397b9f33726530d76159184443a	proofs/cbmc/poly_compress_d10_native/poly_compress_d10_native_harness.c
FILE	7715c064bf9347134126d94bda033d53a57066d92ab49de1754668da34c09360	proofs/cbmc/poly_compress_d10_native_x86_64/Makefile
FILE	4a3d13e99734e7c838462b3416b8e6e047ae495638c8fd48e66e1a1db3934b10	proofs/cbmc/poly_compress_d10_native_x86_64/poly_compress_d10_native_x86_64_harness.c
FILE	97f6785957a0adda2b3774e62813fce2f38007b067289d822614ce8b1c5e22e0	proofs/cbmc/poly_compress_d11/Makefile
FILE	10b760e2cd19161b7071a81dbabd7619498a5e0d383416cd2e62b0709399926e	proofs/cbmc/poly_compress_d11/poly_compress_d11_harness.c
FILE	d93a7cc48ce5ad1bcc2b42eaef726d0c678915bdc2b45c3928cf621131fa0024	proofs/cbmc/poly_compress_d11_c/Makefile
FILE	94d662154f18e2f37ac886f94dbfc01ddd2e9787619cb66555c3c7b7d9674dfc	proofs/cbmc/poly_compress_d11_c/poly_compress_d11_c_harness.c
FILE	f4172a222efb1faf826c9e2e0c6e51daaf6a2528ff437985052779dfedff935d	proofs/cbmc/poly_compress_d11_native/Makefile
FILE	10b760e2cd19161b7071a81dbabd7619498a5e0d383416cd2e62b0709399926e	proofs/cbmc/poly_compress_d11_native/poly_compress_d11_native_harness.c
FILE	2771fab9c0f2008e56ea66e7a7bec0f7bb2712de9dfe325f805a8f0716814554	proofs/cbmc/poly_compress_d11_native_x86_64/Makefile
FILE	a385b88b6ba73d28d4f89b54875cf6a51a5aabb100b9ad6026de7b6b1c713bf7	proofs/cbmc/poly_compress_d11_native_x86_64/poly_compress_d11_native_x86_64_harness.c
FILE	af749aaa5ddcb8ab13cfc66bf21c0f6292d0b4919c589b5861d55dbc11ec14c7	proofs/cbmc/poly_compress_d4/Makefile
FILE	8def98a7d627b9f6d3a7b4aa8776bc8622815f10706f1e3a371879161b7b3e35	proofs/cbmc/poly_compress_d4/poly_compress_d4_harness.c
FILE	4e871e99079704c94b01baad132cc2bb680f35333980d2a7cdb1f25a188cfc67	proofs/cbmc/poly_compress_d4_c/Makefile
FILE	1c05299a02f0e160792fb3b07b992aefac92d31910e5fc128c6b8223cafe143b	proofs/cbmc/poly_compress_d4_c/poly_compress_d4_c_harness.c
FILE	58c41e38ec087af622b386f7fb09c909960ede756b295895d853b7870f13cdb9	proofs/cbmc/poly_compress_d4_native/Makefile
FILE	8def98a7d627b9f6d3a7b4aa8776bc8622815f10706f1e3a371879161b7b3e35	proofs/cbmc/poly_compress_d4_native/poly_compress_d4_native_harness.c
FILE	c822f78458fa18c1087bd3b34315ad50f04369a4ee8573817bfa55e77ede5cc1	proofs/cbmc/poly_compress_d4_native_x86_64/Makefile
FILE	cfc0a179346a215d67e8fb8c79d80a1868ac872d16b6f15484056787cadf11da	proofs/cbmc/poly_compress_d4_native_x86_64/poly_compress_d4_native_x86_64_harness.c
FILE	0213ef396d5dd20364061291a6f10ca770bc5680d90cfd1f1e4f5432ea177a9c	proofs/cbmc/poly_compress_d5/Makefile
FILE	2bee4bbed28a072e2b36e5cee258a018fe58cbf705944f93c34d0bd1257dd5b6	proofs/cbmc/poly_compress_d5/poly_compress_d5_harness.c
FILE	1c296508ec34fd0a5bd57966bfd2d90fca8ec08f5967ca507dd63d51ca657ab5	proofs/cbmc/poly_compress_d5_c/Makefile
FILE	abac101cd177190494338bbceb76fa25f41af172df094a3ec79074114ce96e84	proofs/cbmc/poly_compress_d5_c/poly_compress_d5_c_harness.c
FILE	4075402e9df2c46009a44b7d28be9c7711091fd6fca89d925bb2bde0bf690e12	proofs/cbmc/poly_compress_d5_native/Makefile
FILE	2bee4bbed28a072e2b36e5cee258a018fe58cbf705944f93c34d0bd1257dd5b6	proofs/cbmc/poly_compress_d5_native/poly_compress_d5_native_harness.c
FILE	dec9907b690fdfd06f63e3d32818a48f5bc00ddf98d7700291da8d06e270df70	proofs/cbmc/poly_compress_d5_native_x86_64/Makefile
FILE	8af79257d6de6ec42d6bdb653b6a21047acf1ee62dd5a998aa63902366494fe8	proofs/cbmc/poly_compress_d5_native_x86_64/poly_compress_d5_native_x86_64_harness.c
FILE	bee9cb56a17cdbe21bd7a57e5f2605e13329399bb38b58869a72973fc5883d07	proofs/cbmc/poly_compress_du/Makefile
FILE	67725a2ae45779fa72e85c549f2d4fc14da60db520986a1a85b3119853ec7440	proofs/cbmc/poly_compress_du/poly_compress_du_harness.c
FILE	57dfcd18bba5d6dddac64d9fdb11afe8b6a1071c3dbd89257a799cac48a8b707	proofs/cbmc/poly_compress_dv/Makefile
FILE	1b4219b33cd7adcd6c5b24ba35e76c3c5116effa2b575adb13bfee9662a06d41	proofs/cbmc/poly_compress_dv/poly_compress_dv_harness.c
FILE	7f5a3cf34fd89f509748c4a1b8acee7c20d04008e8ec12d58910156c30b1155a	proofs/cbmc/poly_decompress_d10/Makefile
FILE	c4d7ab8a6e977538980bce0e9f8550d0abdb1966e78cf2c2572e83efd203180b	proofs/cbmc/poly_decompress_d10/poly_decompress_d10_harness.c
FILE	ce12c7bf13256f1ac9f421aa92ad965a05e78102108a26b81f0bc32e1eb52609	proofs/cbmc/poly_decompress_d10_c/Makefile
FILE	ebcc04c8b0c7d8ffb084be4e15a64b90820b1240358261b15c4ac099bd740797	proofs/cbmc/poly_decompress_d10_c/poly_decompress_d10_c_harness.c
FILE	12d5c743787beec06f5443aa2b1dc6e1c94d9196a7df26ba461e70a3ae53f12b	proofs/cbmc/poly_decompress_d10_native/Makefile
FILE	c4d7ab8a6e977538980bce0e9f8550d0abdb1966e78cf2c2572e83efd203180b	proofs/cbmc/poly_decompress_d10_native/poly_decompress_d10_native_harness.c
FILE	3811acce65572d0ae2fe516a1190197d3688976195c2ac68121681a6c0fffc5d	proofs/cbmc/poly_decompress_d10_native_x86_64/Makefile
FILE	56c8d27ed33f6834946009dc3305586a4194210fb3c07dbf8ab57ebf08171fa6	proofs/cbmc/poly_decompress_d10_native_x86_64/poly_decompress_d10_native_x86_64_harness.c
FILE	a331858481df8932734484e58eda7a8c2e13c8f8c4fa526a5a5950592365b728	proofs/cbmc/poly_decompress_d11/Makefile
FILE	21e763d2ccdbaabce26916d33363afef6cd15d5be19c6c66ef4432109a5722ab	proofs/cbmc/poly_decompress_d11/poly_decompress_d11_harness.c
FILE	1ddf75bdc0e1dc3e6d6b1a7afdbdfdcda1d0e7243e0ac7a9b3e928abe939789d	proofs/cbmc/poly_decompress_d11_c/Makefile
FILE	38cd179b9cbb9a7f0d4250a36ae0a6b6630ae560f2148146f7f80c47de3fc75a	proofs/cbmc/poly_decompress_d11_c/poly_decompress_d11_c_harness.c
FILE	7d74b6da1fec7b9aa072f1f379928def7110a3f201e62442ad9c89cf53353b58	proofs/cbmc/poly_decompress_d11_native/Makefile
FILE	21e763d2ccdbaabce26916d33363afef6cd15d5be19c6c66ef4432109a5722ab	proofs/cbmc/poly_decompress_d11_native/poly_decompress_d11_native_harness.c
FILE	cf780a0e9ca67cbde19a53f6efdfd4f87d19c751b04019aebd7ff23c67e1631b	proofs/cbmc/poly_decompress_d11_native_x86_64/Makefile
FILE	4415010b04c7dd706b891968cc10cbcfc9791c164fcd8414d3bdf51900818978	proofs/cbmc/poly_decompress_d11_native_x86_64/poly_decompress_d11_native_x86_64_harness.c
FILE	a0d7bcfa9ebbd7c7c7dc3c1a23027e6500b1b25abf8c0d8290726589e40fd84f	proofs/cbmc/poly_decompress_d4/Makefile
FILE	8ff218380247822e3b035bb5a24e106022706203bd9f7d4deb47edab4d881426	proofs/cbmc/poly_decompress_d4/poly_decompress_d4_harness.c
FILE	59af1e11e7ef2e8b5ce4567d879917170fc3784e32a2e72471c7be7630479d1e	proofs/cbmc/poly_decompress_d4_c/Makefile
FILE	c7edc717d7e7d7411b13f6776f386fffa52b4b9252da9f9f9b48df6a29cb4602	proofs/cbmc/poly_decompress_d4_c/poly_decompress_d4_c_harness.c
FILE	c2bb9aca094546fdc1cb327b6e0371a78a08bd354e19b522522607fe51fee59d	proofs/cbmc/poly_decompress_d4_native/Makefile
FILE	8ff218380247822e3b035bb5a24e106022706203bd9f7d4deb47edab4d881426	proofs/cbmc/poly_decompress_d4_native/poly_decompress_d4_native_harness.c
FILE	a9f112b116590136bafe7b3d54bdcef90e5289583ab037c981501db6bea24b90	proofs/cbmc/poly_decompress_d4_native_x86_64/Makefile
FILE	e6e238ad82d3373f1dba7129c08913f1b767bc401c3078231e9f94e72264fd9f	proofs/cbmc/poly_decompress_d4_native_x86_64/poly_decompress_d4_native_x86_64_harness.c
FILE	fca6a8e67ab99177d6bd0fdcb055c034e1da56d730c5b5bb1041a7a3b59658d5	proofs/cbmc/poly_decompress_d5/Makefile
FILE	82610c6213efd3314555cabc24b24bcc4bb222e61768d5876c6c5ee55dac2779	proofs/cbmc/poly_decompress_d5/poly_decompress_d5_harness.c
FILE	8ea5e1c4c6f8779f0c91460a98bcc78389f3f6daa86b874ef31f8461624ca7c2	proofs/cbmc/poly_decompress_d5_c/Makefile
FILE	956aaaf76833e108296ae1f94b4a74331a8bd073b5e11aa93ccabf55a7931811	proofs/cbmc/poly_decompress_d5_c/poly_decompress_d5_c_harness.c
FILE	e016914efdf1f90bd892d808102bff3050a732a0045702452ce17ccb278d482a	proofs/cbmc/poly_decompress_d5_native/Makefile
FILE	82610c6213efd3314555cabc24b24bcc4bb222e61768d5876c6c5ee55dac2779	proofs/cbmc/poly_decompress_d5_native/poly_decompress_d5_native_harness.c
FILE	4ac0be3a3972f060701f26cb6eed9d5b8e076caba7cc1a296add6ed7ac373f9b	proofs/cbmc/poly_decompress_d5_native_x86_64/Makefile
FILE	6e5922dcf17b8c0a5d56bda2d936dfb6384d7e1b673de9b731f815a2829ea4b2	proofs/cbmc/poly_decompress_d5_native_x86_64/poly_decompress_d5_native_x86_64_harness.c
FILE	f1b809e5e634fbf54dc94020412edab60aa5d0cf10f8f2d8d01d596868d62fce	proofs/cbmc/poly_decompress_du/Makefile
FILE	f77b03ab2fc27cc8a1cd805e5cc49498a2ac552a9d83c4ca1778d3b47158caa2	proofs/cbmc/poly_decompress_du/poly_decompress_du_harness.c
FILE	07d5947e9b85838ae766cc17bffba04875bc2923f6962f7c4114e6f8386f5d07	proofs/cbmc/poly_decompress_dv/Makefile
FILE	6ec58c890ce36b509e8a3bdb68f91491999375dd483eda795aecc570204830b2	proofs/cbmc/poly_decompress_dv/poly_decompress_dv_harness.c
FILE	3601f238829f584219de93a05fb899aa9dce088340c3c3b2ee182a3148af28e3	proofs/cbmc/poly_frombytes/Makefile
FILE	e467153a7c219afa6bc9a1d3c96277ee06531464e330bcdb3b3f834c6ca84dec	proofs/cbmc/poly_frombytes/poly_frombytes_harness.c
FILE	65f98fe017981b612b3cc5b9d2e4b811da1032f7cec10218816a34fc380c650a	proofs/cbmc/poly_frombytes_c/Makefile
FILE	b340a67f20c4b12770dfbf0d440dac30401c54b92e4a7718c2bf557afe76f154	proofs/cbmc/poly_frombytes_c/poly_frombytes_c_harness.c
FILE	fb053360a86900064c48b46427726f7d295304751c9deca21771cf457fe8c7bb	proofs/cbmc/poly_frombytes_native/Makefile
FILE	e467153a7c219afa6bc9a1d3c96277ee06531464e330bcdb3b3f834c6ca84dec	proofs/cbmc/poly_frombytes_native/poly_frombytes_native_harness.c
FILE	a1825f011d2cf0f961c29cd82c816e026318776db88320d5b754c2c6d62db84c	proofs/cbmc/poly_frombytes_native_x86_64/Makefile
FILE	df58711ce3b7e6670621775e894c165a2c64b6fe7a16f9c37f4643d2b1f975eb	proofs/cbmc/poly_frombytes_native_x86_64/poly_frombytes_native_x86_64_harness.c
FILE	64dae10011cfde69469954bf21a5c42f80b012e393d93ddde7a4ea27168126fd	proofs/cbmc/poly_frommsg/Makefile
FILE	60c5e7a0ce1320dacc016a369f924f7de5caf5bcd071d9eed1aadffaa4ee7923	proofs/cbmc/poly_frommsg/poly_frommsg_harness.c
FILE	c491d487c3e1db96e7348b631540ecdff78fada143f8853fccb3fe58899f3bbb	proofs/cbmc/poly_getnoise_eta1122_4x/Makefile
FILE	f52b8d5bee0497542175bdec844a6a506452825da55e49f8b0c49c3c9786824a	proofs/cbmc/poly_getnoise_eta1122_4x/poly_getnoise_eta1122_4x_harness.c
FILE	ce690d3fcb16e3cfb017f9af9e65995c816286578454b5f5e068f8b78d098e3c	proofs/cbmc/poly_getnoise_eta1122_4x_native/Makefile
FILE	f52b8d5bee0497542175bdec844a6a506452825da55e49f8b0c49c3c9786824a	proofs/cbmc/poly_getnoise_eta1122_4x_native/poly_getnoise_eta1122_4x_native_harness.c
FILE	ccb6bb4d400be76de56e220ccd5dd8444603b82a933a349eaa3a7b2ec38dc602	proofs/cbmc/poly_getnoise_eta1_4x/Makefile
FILE	ea76138bb7a1c0fb4d20784daed7eb84d7f8e815dfe19df4ddb2de80c0991397	proofs/cbmc/poly_getnoise_eta1_4x/poly_getnoise_eta1_4x_harness.c
FILE	1f2175151c41ff28e21edb0726e6bb6b35c8e08b64bac6d284678c3738bfd4f2	proofs/cbmc/poly_getnoise_eta1_4x_native/Makefile
FILE	ea76138bb7a1c0fb4d20784daed7eb84d7f8e815dfe19df4ddb2de80c0991397	proofs/cbmc/poly_getnoise_eta1_4x_native/poly_getnoise_eta1_4x_native_harness.c
FILE	48dbf4158c994170be9e5ba0944dd01b546da4c073e676693e225f1a13fbe449	proofs/cbmc/poly_getnoise_eta2/Makefile
FILE	08d5286b34d651d7ad3621c4c7a9c17ad27a0021e742065d484d50add2548bd4	proofs/cbmc/poly_getnoise_eta2/poly_getnoise_eta2_harness.c
FILE	c8cab649cf4740131b9c5e5e1671033c0095bc3a5073ea2e896308733ccaa669	proofs/cbmc/poly_invntt_tomont/Makefile
FILE	fc9a4d7dd9c191c8421cdf977ce64dad3aea9adfb3e3187f1d34671fb98d49c3	proofs/cbmc/poly_invntt_tomont/poly_invntt_tomont_harness.c
FILE	cddaed6d1489902fa292099330a3f0c540b0156d6d5d3ed68b978e0dcdcb246f	proofs/cbmc/poly_invntt_tomont_c/Makefile
FILE	e16edbff8578504d93a551e2ff4f8c4ec681cd6379451ae51c519ccef6a7c19e	proofs/cbmc/poly_invntt_tomont_c/poly_invntt_tomont_c_harness.c
FILE	6e44d25c14b24ce123cf3ea1f3182e502d32311652b82cf0afc72b3fb33368d8	proofs/cbmc/poly_invntt_tomont_native/Makefile
FILE	fc9a4d7dd9c191c8421cdf977ce64dad3aea9adfb3e3187f1d34671fb98d49c3	proofs/cbmc/poly_invntt_tomont_native/poly_invntt_tomont_native_harness.c
FILE	2a292a911d2783d6cf4eac182aa0e262aedb787b0861df2496f3a85d50731b22	proofs/cbmc/poly_mulcache_compute/Makefile
FILE	0d7204414cd1d46c88b4e2f020d0ebbf7f2f64622c9c24489627fe89c34a9617	proofs/cbmc/poly_mulcache_compute/poly_mulcache_compute_harness.c
FILE	be04980f31e05ed6d651f4ba19e05cde6222dad0017b4ef60b4077434af5d9af	proofs/cbmc/poly_mulcache_compute_c/Makefile
FILE	0c34e7b5e24e1aea4e327a03ef2595fd449aadc737eac670026d7efc0edcc011	proofs/cbmc/poly_mulcache_compute_c/poly_mulcache_compute_c_harness.c
FILE	8ef5a334fe5c63e5199aadf1b6045519be143c5dfbb3b7bf306f76eb32b4ba04	proofs/cbmc/poly_mulcache_compute_native/Makefile
FILE	0d7204414cd1d46c88b4e2f020d0ebbf7f2f64622c9c24489627fe89c34a9617	proofs/cbmc/poly_mulcache_compute_native/poly_mulcache_compute_native_harness.c
FILE	3ac6e2a9c5ee75cd25d0fee158592e09ff658939c8388aeffad113c87fa0cc5d	proofs/cbmc/poly_mulcache_compute_native_aarch64/Makefile
FILE	f9c2ad96cc0b2871c7ea8b7417289527474aae5da7046e5431a0f1ef97c34aba	proofs/cbmc/poly_mulcache_compute_native_aarch64/poly_mulcache_compute_native_aarch64_harness.c
FILE	2d741703ea932bf788aa1a7b0d942ee1c8ac3782ac6d826174ac7c5bf858f3e9	proofs/cbmc/poly_mulcache_compute_native_x86_64/Makefile
FILE	f9c2ad96cc0b2871c7ea8b7417289527474aae5da7046e5431a0f1ef97c34aba	proofs/cbmc/poly_mulcache_compute_native_x86_64/poly_mulcache_compute_native_x86_64_harness.c
FILE	777d723257a137112e9cf6ac812bbd93143f8893cd28d1da5f078005405e5850	proofs/cbmc/poly_ntt/Makefile
FILE	91195648f21066152b24c08006e8321da611dd328ea20556be0b1269a83f7014	proofs/cbmc/poly_ntt/poly_ntt_harness.c
FILE	7a8863b27e8af16e21c559bdcc9ae576a708e3d8e8155c2191f755733d22096a	proofs/cbmc/poly_ntt_c/Makefile
FILE	f243dbca522ce0f4ff0749835e0409a5e6e26ad17678f02f24910c6255d4d60d	proofs/cbmc/poly_ntt_c/poly_ntt_c_harness.c
FILE	b1fe22ba71a98812cb04b9c2c9e20d49245904ff881b74cb33b6263cf5dc2d30	proofs/cbmc/poly_ntt_native/Makefile
FILE	91195648f21066152b24c08006e8321da611dd328ea20556be0b1269a83f7014	proofs/cbmc/poly_ntt_native/poly_ntt_native_harness.c
FILE	83316cbd1e83d8397b61ef0f1829c0dc42d8c527bc6aeb86268620ae895dcc1c	proofs/cbmc/poly_reduce/Makefile
FILE	dc5ff23e7af7579f6a6baeea3a4a1bb38e030a5a4fd7e2d0d6da053bc9cd5f51	proofs/cbmc/poly_reduce/poly_reduce_harness.c
FILE	0683127fba5d2cefcdb804742160e9b0c8ddd23383c997beb0762576156c3f6f	proofs/cbmc/poly_reduce_c/Makefile
FILE	1a9c8d770e6b46ba8a58d769bd77d599673bc022971154190b0c5d6d93ee96ba	proofs/cbmc/poly_reduce_c/poly_reduce_c_harness.c
FILE	af2f8b2693a3a5cb9d050dc841255b8a23e2d4eea0651a2bbfadef46a66d3062	proofs/cbmc/poly_reduce_native/Makefile
FILE	b782dba5a45d298a90e90f419f3b95e750562c9d4a5ab1c6094960316c05dc28	proofs/cbmc/poly_reduce_native/poly_reduce_native_harness.c
FILE	36e2d46df5795c5f421654b0b3ac84484a5690fca39b545e563517912cdf1b5f	proofs/cbmc/poly_reduce_native_aarch64/Makefile
FILE	3f5870f1277ce3b68277e915b4cbc50db356ec1beeaf1d9429946a8d73adf433	proofs/cbmc/poly_reduce_native_aarch64/poly_reduce_native_aarch64_harness.c
FILE	3f879f4170c9a1e22c7adf9ef827214c829f8fb26148d00bc97e6760dbe1af04	proofs/cbmc/poly_reduce_native_x86_64/Makefile
FILE	014624e6835b52bc9472e1f9d34d3afe6262b248899e475bf9b70311589707d2	proofs/cbmc/poly_reduce_native_x86_64/poly_reduce_native_x86_64_harness.c
FILE	6b06e0ecfb01b88bcfc2b9612bfc19d252e2c04d2ec6cc106cc6f16c5c105702	proofs/cbmc/poly_rej_uniform/Makefile
FILE	d1db50617aaa0b3a7fb6c3874098ebf329710b030c3a0e4ed3d0532841e6d0b8	proofs/cbmc/poly_rej_uniform/poly_rej_uniform_harness.c
FILE	3b7448f37adad8e31d50450b454e5ad8fa4fe5038ea69c697b35b7febb378f11	proofs/cbmc/poly_rej_uniform_x4/Makefile
FILE	6b4a750ea601489e900d978d65cb84625918cb355d8a717b79750f6624e114cf	proofs/cbmc/poly_rej_uniform_x4/poly_rej_uniform_x4_harness.c
FILE	d576e9ca8f1c952e79ae0b21d93b768a9d0d14b38584e76e953a800253afece8	proofs/cbmc/poly_sub/Makefile
FILE	12d6a569b8a0bc6a4fc9340f1378f28e11c94beb43730b291161d6a24f8f67d1	proofs/cbmc/poly_sub/poly_sub_harness.c
FILE	8246ad0449b785689b32860b55b232830e42435aca8447d7b87c6c01ff4322da	proofs/cbmc/poly_tobytes/Makefile
FILE	23f8b50d4fce28432d0cd2121697477ace3382bc43e87ddffc5f8fd0110b1174	proofs/cbmc/poly_tobytes/poly_tobytes_harness.c
FILE	a5b54c2340e07d861ee2defc713a23d61d97d92aba268edb9a5c507ae5988a6e	proofs/cbmc/poly_tobytes_c/Makefile
FILE	f3237d410a9ac62a6d01915d0c136b490303a4eb77ed36e6cd1aff23b7507b05	proofs/cbmc/poly_tobytes_c/poly_tobytes_c_harness.c
FILE	5d9a567d9d06273d69ada1c5470fc8af5b28b7652e9f04dead5456692d633725	proofs/cbmc/poly_tobytes_native/Makefile
FILE	23f8b50d4fce28432d0cd2121697477ace3382bc43e87ddffc5f8fd0110b1174	proofs/cbmc/poly_tobytes_native/poly_tobytes_native_harness.c
FILE	4e2ec969821e4144c70e40ea74eadbeb579c95e4181b1448814c736edbb5238e	proofs/cbmc/poly_tobytes_native_aarch64/Makefile
FILE	57596a314406068775605d6dab637603bbb612e03422c3e9ccf3a9c2983b3116	proofs/cbmc/poly_tobytes_native_aarch64/poly_tobytes_native_aarch64_harness.c
FILE	93371b0e4e2db49cb88bd8316be864cbd37900f7f405d779f940fa36e5188b2c	proofs/cbmc/poly_tobytes_native_x86_64/Makefile
FILE	57596a314406068775605d6dab637603bbb612e03422c3e9ccf3a9c2983b3116	proofs/cbmc/poly_tobytes_native_x86_64/poly_tobytes_native_x86_64_harness.c
FILE	7c2ddea38e3d6abdfb5659459cf451e673d7e88da417db8491cd90c9b0236890	proofs/cbmc/poly_tomont/Makefile
FILE	67f7036e24743a850c679a25acf1350d832360287eeaa4eb29a2d8b7933744d0	proofs/cbmc/poly_tomont/poly_tomont_harness.c
FILE	64fd6c18f4df960ad8ae21e0cb92b5e1d8d246f7cca041be5afca8f8841df725	proofs/cbmc/poly_tomont_c/Makefile
FILE	bd44942ac9f5b7e1dd00577c3a4f66466004d84186bfeb12e8ac03eb7bc8e45b	proofs/cbmc/poly_tomont_c/poly_tomont_c_harness.c
FILE	eb680baa155f54fb8f7da9a07ff607385b726f781043203ccc88ce6dd155e4b6	proofs/cbmc/poly_tomont_native/Makefile
FILE	67f7036e24743a850c679a25acf1350d832360287eeaa4eb29a2d8b7933744d0	proofs/cbmc/poly_tomont_native/poly_tomont_native_harness.c
FILE	ee1301478ce47c0b7406e715bee392d11137cd8cf474ae94a53f0f088bdfd0f0	proofs/cbmc/poly_tomont_native_aarch64/Makefile
FILE	4f114bb3b5321d1bf5e4a42325fb79e4e8b07da998d36966890338143a32bd66	proofs/cbmc/poly_tomont_native_aarch64/poly_tomont_native_aarch64_harness.c
FILE	d062bb20bccb57d3e691b486bb47f2d359d8662838bf6abd4ea49d83d2e9d9a3	proofs/cbmc/poly_tomont_native_x86_64/Makefile
FILE	4f114bb3b5321d1bf5e4a42325fb79e4e8b07da998d36966890338143a32bd66	proofs/cbmc/poly_tomont_native_x86_64/poly_tomont_native_x86_64_harness.c
FILE	9f2c928bc763aaaecd77520042aac8db78a0bfcefd3c4f579d41220592159fc4	proofs/cbmc/poly_tomsg/Makefile
FILE	3e656fedeaf8534dc9cd19250b559cd7ca4def24a976ed70b88f7b5013305398	proofs/cbmc/poly_tomsg/poly_tomsg_harness.c
FILE	a21b30c0db379a73606854d06a3a929cd91a6822a6043999edf241e80c14593a	proofs/cbmc/polymat_permute_bitrev_to_custom/Makefile
FILE	74a276530a076efd5fa35a2936d3555860ceeca408d7fdce4725228009f90422	proofs/cbmc/polymat_permute_bitrev_to_custom/polymat_permute_bitrev_to_custom_harness.c
FILE	41f6583e92dc7ad78a76c397ecc014dddbaeaa465ae08fcdf009aaafc32bd21a	proofs/cbmc/polyvec_add/Makefile
FILE	127cb386d34844049c5000a442ffece3f135379daa4c097031cb97417ae1679e	proofs/cbmc/polyvec_add/polyvec_add_harness.c
FILE	992845549f6be1941a933726b6d16435852cd35b82be96994fb9fc1b778df625	proofs/cbmc/polyvec_basemul_acc_montgomery_cached/Makefile
FILE	c1418a61801656ffe6bd934dc32fbcbfb4ec348e6a40f5363508f5451be061dc	proofs/cbmc/polyvec_basemul_acc_montgomery_cached/polyvec_basemul_acc_montgomery_cached_harness.c
FILE	04553df5547cb68b4d7caa1091d854581a030b1132fec911785eb14ea2d3ee32	proofs/cbmc/polyvec_basemul_acc_montgomery_cached_c/Makefile
FILE	8bb83a9f9725a2b39c6a2ff81f8619879b6890e98576400bbf72016ce87d4fa1	proofs/cbmc/polyvec_basemul_acc_montgomery_cached_c/polyvec_basemul_acc_montgomery_cached_c_harness.c
FILE	bcc218f1279844e1dbf90b2a10aea3703c63cffe36860d25487e14cbe578c138	proofs/cbmc/polyvec_basemul_acc_montgomery_cached_k2_native_aarch64/Makefile
FILE	b3a46147965dbce7adc55be889d17c6f672c6d468aafb152010bf7e73264ad60	proofs/cbmc/polyvec_basemul_acc_montgomery_cached_k2_native_aarch64/polyvec_basemul_acc_montgomery_cached_k2_native_aarch64_harness.c
FILE	7439e706299cfa447d54e733b6136cba25102a0bd71334a62bd467fd707d4a05	proofs/cbmc/polyvec_basemul_acc_montgomery_cached_k2_native_x86_64/Makefile
FILE	b3a46147965dbce7adc55be889d17c6f672c6d468aafb152010bf7e73264ad60	proofs/cbmc/polyvec_basemul_acc_montgomery_cached_k2_native_x86_64/polyvec_basemul_acc_montgomery_cached_k2_native_x86_64_harness.c
FILE	41e2feec45d09094f74c1aef6970f86e6afd757ec5a3571114da7f0ae37724f9	proofs/cbmc/polyvec_basemul_acc_montgomery_cached_k3_native_aarch64/Makefile
FILE	46ff5acec3393c0ca1863ce6fd7552305f56ae7f764dbdbef5a27f81364b3761	proofs/cbmc/polyvec_basemul_acc_montgomery_cached_k3_native_aarch64/polyvec_basemul_acc_montgomery_cached_k3_native_aarch64_harness.c
FILE	d789c9c5e7014d252047596786e7d5161c1eb122dbf61a7819ee4ab04abbe8a2	proofs/cbmc/polyvec_basemul_acc_montgomery_cached_k3_native_x86_64/Makefile
FILE	63fbfc29a50a7f3babb7ec0e00dbc4d8d3bd87f1622e320ec38461e3628050d6	proofs/cbmc/polyvec_basemul_acc_montgomery_cached_k3_native_x86_64/polyvec_basemul_acc_montgomery_cached_k3_native_x86_64_harness.c
FILE	74372bedd91980757ab8c3e30885c4ca2a2ec8b2383f8d42c8c89b4b327e30fe	proofs/cbmc/polyvec_basemul_acc_montgomery_cached_k4_native_aarch64/Makefile
FILE	626b95b3bd3c0340f6e1ab425aad57bad6c95bc44ba4cef7137e474cf9660d0b	proofs/cbmc/polyvec_basemul_acc_montgomery_cached_k4_native_aarch64/polyvec_basemul_acc_montgomery_cached_k4_native_aarch64_harness.c
FILE	ae1a4992f2aa19b969d1d3a06fc6aff9549629f596662c948e31cc116c075d66	proofs/cbmc/polyvec_basemul_acc_montgomery_cached_k4_native_x86_64/Makefile
FILE	626b95b3bd3c0340f6e1ab425aad57bad6c95bc44ba4cef7137e474cf9660d0b	proofs/cbmc/polyvec_basemul_acc_montgomery_cached_k4_native_x86_64/polyvec_basemul_acc_montgomery_cached_k4_native_x86_64_harness.c
FILE	59437d9dab8e969f7eb9655b1df12834897957967abf2cd74e8c8101282a7390	proofs/cbmc/polyvec_basemul_acc_montgomery_cached_native/Makefile
FILE	c1418a61801656ffe6bd934dc32fbcbfb4ec348e6a40f5363508f5451be061dc	proofs/cbmc/polyvec_basemul_acc_montgomery_cached_native/polyvec_basemul_acc_montgomery_cached_native_harness.c
FILE	f8e82ca1a6bcd050f9778611670d1b4d8233f9ae7c04103a464e7849f952de23	proofs/cbmc/polyvec_compress_du/Makefile
FILE	68c72cae06e3309cc9af3dbdd1ca21e4e053a463df891d69a5947233c0f35103	proofs/cbmc/polyvec_compress_du/polyvec_compress_du_harness.c
FILE	ef6335daa46e5567950b226bb2d267a35704b85d23bb6f09d2f5810e3d9a4026	proofs/cbmc/polyvec_decompress_du/Makefile
FILE	e3f917f53319f50a346278ef65b97e0e693bdc0dc237ed054aa0da388a93424f	proofs/cbmc/polyvec_decompress_du/polyvec_decompress_du_harness.c
FILE	dcb1b7483b0953269f85c15d8dc46902f9758eb682b083c8dd82d56935a7d3bb	proofs/cbmc/polyvec_frombytes/Makefile
FILE	2dbfa33ba88a2c62a9560f79a75f94730da921db74ac259691634f33564c131d	proofs/cbmc/polyvec_frombytes/polyvec_frombytes_harness.c
FILE	3ff4eff2b6a8f00a85aee844599cf85f8744fbda4f86ac4aefa39c9937a55b4d	proofs/cbmc/polyvec_invntt_tomont/Makefile
FILE	9b23010d1ccff5293faf48fbec40425898ba144d3fa5281a869d05f805e688c8	proofs/cbmc/polyvec_invntt_tomont/polyvec_invntt_tomont_harness.c
FILE	a53c2c79382a50564af84c3ce4cc0432f604b6daa9ea461b24c57835a127dd54	proofs/cbmc/polyvec_mulcache_compute/Makefile
FILE	c65d35856df727693be84bdfe48d62408dca16a8cc335c090f470eeb3ae62f7e	proofs/cbmc/polyvec_mulcache_compute/polyvec_mulcache_compute_harness.c
FILE	700dfbc651a6cb5ab61f3afa18fd2aa9c9521c1e2f7776ac44bc03f7bd76f303	proofs/cbmc/polyvec_ntt/Makefile
FILE	a1cdc42f1c352fc50c3e8666336e7c68d8a00c62f522ee3cbee08ec994d84d1b	proofs/cbmc/polyvec_ntt/polyvec_ntt_harness.c
FILE	bf184dfc052bb78a7146d26541d97166ce547c3872e7bc846afba3d1f84cbf87	proofs/cbmc/polyvec_permute_bitrev_to_custom/Makefile
FILE	17b89a202be6a65f271f873c6bfbdc2fe364a4b32d52317116f9e8bcc2d9e41d	proofs/cbmc/polyvec_permute_bitrev_to_custom/polyvec_permute_bitrev_to_custom_harness.c
FILE	8f95326d9315df43b3dcbc36b8f6ee1fe073a8520956355ca917d4cedcf25d19	proofs/cbmc/polyvec_permute_bitrev_to_custom_native/Makefile
FILE	17b89a202be6a65f271f873c6bfbdc2fe364a4b32d52317116f9e8bcc2d9e41d	proofs/cbmc/polyvec_permute_bitrev_to_custom_native/polyvec_permute_bitrev_to_custom_native_harness.c
FILE	a05671547ce363bd0909ad7756759dc1935a5cca8ebc9903e8a3c18cc504e24b	proofs/cbmc/polyvec_reduce/Makefile
FILE	1397c8d44303ba667c618caad619bf1c4c0a6ef70525a118671efe526910ca46	proofs/cbmc/polyvec_reduce/polyvec_reduce_harness.c
FILE	75982685ed968b852037950968eeeacc63edad3b87b2c65bb610ab1ec1aecb20	proofs/cbmc/polyvec_tobytes/Makefile
FILE	01ab95a8f3d705922b200d17ba472a8b6381e935a43d4a028b5be36dc1b5a581	proofs/cbmc/polyvec_tobytes/polyvec_tobytes_harness.c
FILE	f0a6969572a559c854e5492651b1e98d2d011bbdd177442458bc67ebb7e54f90	proofs/cbmc/polyvec_tomont/Makefile
FILE	a43ed289b061d47fdd39f8379912132d803f67cacca95feafdd9028b7f20ad6a	proofs/cbmc/polyvec_tomont/polyvec_tomont_harness.c
FILE	79ce7c38279195008678419a6dc80dad8ae10f448cfd18eb181001f217d32835	proofs/cbmc/proof_guide.md
FILE	dd519920e3ca01a2cee08a21a6f6c6c2a5736c81150a7b4cf48d7eba9f179d0e	proofs/cbmc/rej_uniform/Makefile
FILE	a5afc8218ddec34bfc1752ceb944a92fdbcff3e3c9f9b7ce4eadaf5589d6dd27	proofs/cbmc/rej_uniform/rej_uniform_harness.c
FILE	3fa8224a9c798b77d61c3b87a375c7c5e9815642bb11cfb68f9eb6ae98105838	proofs/cbmc/rej_uniform_c/Makefile
FILE	313ac13240374c2c74f1c70ec3a861f331082c5c2d3d9f4ea2e04deb88a59a80	proofs/cbmc/rej_uniform_c/rej_uniform_c_harness.c
FILE	db50e878ddb8eb46bbfdfcc4d7ce6fbbb6fe7eed0b7a66b494024b8cdd45488a	proofs/cbmc/rej_uniform_native/Makefile
FILE	a5afc8218ddec34bfc1752ceb944a92fdbcff3e3c9f9b7ce4eadaf5589d6dd27	proofs/cbmc/rej_uniform_native/rej_uniform_native_harness.c
FILE	7ad6b3c71e7ba8a0806be638b41b0bb6bcd6e8fbcf3ecd6f603fe82098b51244	proofs/cbmc/rej_uniform_native_aarch64/Makefile
FILE	6f13510cb44b936d51129ecb71419e11cc6630578e4593027aa06a4a2e54dfd4	proofs/cbmc/rej_uniform_native_aarch64/rej_uniform_native_aarch64_harness.c
FILE	8be3505b2dc483c027065efd44ff4c1ab056a908c812705227c0b135a9291219	proofs/cbmc/rej_uniform_native_x86_64/Makefile
FILE	6f13510cb44b936d51129ecb71419e11cc6630578e4593027aa06a4a2e54dfd4	proofs/cbmc/rej_uniform_native_x86_64/rej_uniform_native_x86_64_harness.c
FILE	46ce8b5df14695a335acc3dcc2a07aba79918b32a8cef2ad0084631356b404c9	proofs/cbmc/run-cbmc-proofs.py
FILE	233daf6c6cd1b2d3e449b5793103b4275113cbe88aea5d7b1024bbe727de0ffd	proofs/cbmc/scalar_compress_d1/Makefile
FILE	0c5da49d6735c625b18f8a936c743c430ac7f551206ba3fbc53be25f030248a0	proofs/cbmc/scalar_compress_d1/scalar_compress_d1_harness.c
FILE	2c58087f72460b3f5b743866c40618affc144d5af511eba51daac9d70b95f912	proofs/cbmc/scalar_compress_d10/Makefile
FILE	fae049245d4c5faaa37702b85365fb24f1c9201d63bbfcccea650af8d3e921d5	proofs/cbmc/scalar_compress_d10/scalar_compress_d10_harness.c
FILE	3ffbd569c2201d03c7fb7171cb09c171275f02479627755c81b74495da158e81	proofs/cbmc/scalar_compress_d11/Makefile
FILE	53eadc28faefe507900fe2f44cdf6ec93ce26b3e42de6482dbb4710c96701176	proofs/cbmc/scalar_compress_d11/scalar_compress_d11_harness.c
FILE	30e2dfadbb24b48af99c2516feede3d9f4a5ffe167cd696349fb99723316589e	proofs/cbmc/scalar_compress_d4/Makefile
FILE	dae16469290837e13d29fc49688a8bc75c2362a87f201886771da59fadb92807	proofs/cbmc/scalar_compress_d4/scalar_compress_d4_harness.c
FILE	91ceea5db91e0a075d1435f375c77fc403d97f23e6ae9e84a85ec3463606e0fd	proofs/cbmc/scalar_compress_d5/Makefile
FILE	282dca2ed3745e72b49afd87d2061ebdd0c39bd7216df579b6eb9ef30753a034	proofs/cbmc/scalar_compress_d5/scalar_compress_d5_harness.c
FILE	293da27ecc62219687fb4667dcfe2fc77b468be6b6b787b4736187a9a8606bc2	proofs/cbmc/scalar_decompress_d10/Makefile
FILE	1d4988051796ae4982bfa003abaca55bba0542a4749f9b185fc2892e8e978926	proofs/cbmc/scalar_decompress_d10/scalar_decompress_d10_harness.c
FILE	34ec430df3fd1e2c9503147cedd644e47490fe07a22adba1f5581ce27ab6fd9d	proofs/cbmc/scalar_decompress_d11/Makefile
FILE	8c6105c9d781162db89b239bd67fc3c1e3c539940427963e98120bba09965817	proofs/cbmc/scalar_decompress_d11/scalar_decompress_d11_harness.c
FILE	6fcf42b53523836859ced61f3758e648b7be79040562f5c19a64817c0162e3ae	proofs/cbmc/scalar_decompress_d4/Makefile
FILE	9d334f611c0690f5f37a4835540563339619416db24b1e6c05bad58cbc009ef2	proofs/cbmc/scalar_decompress_d4/scalar_decompress_d4_harness.c
FILE	d8399983f6d8eed9651b76059c01c7ed3e76a569525f5ff474172631bcb29a24	proofs/cbmc/scalar_decompress_d5/Makefile
FILE	af61845330ec27afcf2946bf6682924396fb8990cb174109c3bdc773bb0a2554	proofs/cbmc/scalar_decompress_d5/scalar_decompress_d5_harness.c
FILE	bea04cbfd2eeff047d23f6bfcc9cdd64d0f3557402f7f11d204f99a1022588f5	proofs/cbmc/scalar_signed_to_unsigned_q/Makefile
FILE	db059c559d2ad2c63b9ed8a5a64ba85701c5a6e5e2c2b0c4f71174df2fd2babd	proofs/cbmc/scalar_signed_to_unsigned_q/scalar_signed_to_unsigned_q_harness.c
FILE	5b823634f70b126d56747d3d60fea111addbfa5d9fcd3f4515cd0abbd0ab3ee9	proofs/cbmc/sha3_256/Makefile
FILE	2e8291b48f81cb0093d9f31bf547e2572f411e33947312d21e817b6bf58974bd	proofs/cbmc/sha3_256/sha3_256_harness.c
FILE	4cc7260f1529cc63546f24485646279d9887eaa1eb4b940aae1b988fa65a9b2d	proofs/cbmc/sha3_512/Makefile
FILE	26dc3496091885305535526a9ec2c7a09ad883ed1eb4e374be79df28adf7be29	proofs/cbmc/sha3_512/sha3_512_harness.c
FILE	f2c9aa2accf73b138c35cbd5c48d2d6dd57be07792d8e14541b4c0d357ca3dbb	proofs/cbmc/shake128_absorb_once/Makefile
FILE	afdebffa18bc862a8d3a2907d18efb98eac04b9cb40e439238c3064da4d1c69d	proofs/cbmc/shake128_absorb_once/shake128_absorb_once_harness.c
FILE	027373ab3ed58134c3d7ee5f39682e0004ae66f1cabd72cc42c7ddcf4cf32bbb	proofs/cbmc/shake128_squeezeblocks/Makefile
FILE	02dad714d1c44aaae17afee6f43ca7753054528123f106e1b2e9c1e130dc6982	proofs/cbmc/shake128_squeezeblocks/shake128_squeezeblocks_harness.c
FILE	100d84c7cd37432e01c7e47fae22e74456aa8a2c1d2c5825130962b668eba869	proofs/cbmc/shake128x4_absorb_once/Makefile
FILE	6d89e39fbdaafa070d5de356da471f09f0733153b30a64327bb85f0a22feb38b	proofs/cbmc/shake128x4_absorb_once/shake128x4_absorb_once_harness.c
FILE	6256919b7510a45553494a2c399412a94cbd172706e5b3b69b3dd22e097077a4	proofs/cbmc/shake128x4_squeezeblocks/Makefile
FILE	3fbba9844cdec12bb5b9aad2210fcc6a890d0367c17c825dcf2bf1ebe3588759	proofs/cbmc/shake128x4_squeezeblocks/shake128x4_squeezeblocks_harness.c
FILE	81e9992147d98bbf3c4d9e2a9329a5c6e76df30e83e7c6800b3e6dd421a2bc2c	proofs/cbmc/shake256/Makefile
FILE	d2fd119e2a173ae6c7e4ff7debc44b28df2a5362eb8f7b102998d135e88e5612	proofs/cbmc/shake256/shake256_harness.c
FILE	ec34b5dd10eb5e51e31537721653b43d7c958e23431fd950eb1edece6c99d990	proofs/cbmc/shake256x4/Makefile
FILE	4140de64ccf325e67ad3010876a9b14aaaa0e829700ecff15e931faa82855474	proofs/cbmc/shake256x4/shake256x4_harness.c
FILE	72cd033ff3a5140e9bbbf611f06a5270d938461000180aab9914736aa1f818b7	proofs/cbmc/sys_check_capability/Makefile
FILE	738753871686e9e7e596bdf7fb19e445b24191265f265d54f328e3cf94087a14	proofs/cbmc/sys_check_capability/sys_check_capability_harness.c
FILE	91b5b3be69f09d8a65ef293cbeb258f6bb606e3905d56c3824bd377a35df7a58	proofs/cbmc/value_barrier_i32/Makefile
FILE	4b3215a99410e5b92b8f59452930e2b60f059f02888bcd27b9328409b5c17c98	proofs/cbmc/value_barrier_i32/value_barrier_i32_harness.c
FILE	66b15ade2a323ac321a0d4d87a1785558e7d05350e5e54635c34b81fbd9b6b15	proofs/cbmc/value_barrier_u32/Makefile
FILE	09ab131946020c6285b475fb406979471e72b0275ec8ae0ba63278936d1a0751	proofs/cbmc/value_barrier_u32/value_barrier_u32_harness.c
FILE	4b5b98ddffa67442614701d6fa9bc5222afd3ac4f1566d29444b5e358b4f5171	proofs/cbmc/value_barrier_u8/Makefile
FILE	6d8c05f5b8f5aa3c53ee7d44c75cdf85dc67657d0ca172342fb67b2352e4cb18	proofs/cbmc/value_barrier_u8/value_barrier_u8_harness.c
FILE	6ad334856b03fb2a557a9e537b688cb5f0055ce5d88ac960a9b09b113474caae	proofs/hol_light/.gitignore
FILE	d4fa9e633088c653871a702b3652748fa69cf61c24e627cd3c70dcbd89842e83	proofs/hol_light/README.md
FILE	e2e561c6b856b2c18af3fddfb804aeef8611173468536dc7cb08d1b7a8e18c5e	proofs/hol_light/aarch64/Makefile
FILE	7ffea6053332094c674ac1c503e94683b3e01d73fa19df11f10369d8e342beca	proofs/hol_light/aarch64/list_proofs.sh
FILE	4d208ba2539c3e3e607f02effbd66cae7dd8dc1518afe3eacda56fb1039b7523	proofs/hol_light/aarch64/list_thms.sh
FILE	6d4b6ede9aa27cd8877f17e054e3e681bbaf5445c3eb7a4c08cf4cc25f84345c	proofs/hol_light/aarch64/mlkem/intt_aarch64_asm.S
FILE	076e16acfc4e31b767568765be31c362557f061452c5b929bc0b7573f4a86ee0	proofs/hol_light/aarch64/mlkem/keccak_f1600_x1_scalar_aarch64_asm.S
FILE	8d8974a476193ad5111f06d397e23c5b0204579833608227982a2bc88ca3c064	proofs/hol_light/aarch64/mlkem/keccak_f1600_x1_v84a_aarch64_asm.S
FILE	c72868830c06e3df8ca86df88e873e960d0596a5d3a92d17a9848e76a9e6d32c	proofs/hol_light/aarch64/mlkem/keccak_f1600_x2_v84a_aarch64_asm.S
FILE	0a37c8bd2dfe7243a66c86da0d5f7b27f1edbd76c82ed4ac20e6daf6aef186ef	proofs/hol_light/aarch64/mlkem/keccak_f1600_x4_v8a_scalar_hybrid_aarch64_asm.S
FILE	6eb81dbd07ded73a621a320b52c23af6ac7af5042d6ac824e33dba263d4d349a	proofs/hol_light/aarch64/mlkem/keccak_f1600_x4_v8a_v84a_scalar_hybrid_aarch64_asm.S
FILE	59cace313192248ad9b43d6743a9cacd76b750c5ea1693fd1c7ed580c1fa5ec4	proofs/hol_light/aarch64/mlkem/ntt_aarch64_asm.S
FILE	61b0f852ae68d93edd7a8213fe96b946744063fcff682690a76d98bbbefe2f2e	proofs/hol_light/aarch64/mlkem/poly_mulcache_compute_aarch64_asm.S
FILE	9d74ed9696bad5f5ed3f25d884d602101986b3f8757e7fb3c71ef610181db0a4	proofs/hol_light/aarch64/mlkem/poly_reduce_aarch64_asm.S
FILE	8fa0a4f7cdb28048a7d1d3740b03652ef153d37f66902b9a646a85038224a321	proofs/hol_light/aarch64/mlkem/poly_tobytes_aarch64_asm.S
FILE	a84fb89aac1d99a3fa038f598c898e346a5726d75eec4db5ebc4278750fd90b7	proofs/hol_light/aarch64/mlkem/poly_tomont_aarch64_asm.S
FILE	96f924f7b2120d3430625cf14f363bb2033057ad3ee8d825a9a29c7393f5ad8c	proofs/hol_light/aarch64/mlkem/polyvec_basemul_acc_montgomery_cached_k2_aarch64_asm.S
FILE	78654feefa1baede01f8933b86939e3d4cd292dc8af0dfe8fe25fa415afc9968	proofs/hol_light/aarch64/mlkem/polyvec_basemul_acc_montgomery_cached_k3_aarch64_asm.S
FILE	7bdd61c2dbc092b1ffe0492a9e5d5c588e799f5c2ccd62c6ca2f13ca5cd1ea52	proofs/hol_light/aarch64/mlkem/polyvec_basemul_acc_montgomery_cached_k4_aarch64_asm.S
FILE	4e33790efcf2ac98e99abd3f736f342df1910c654c9646038121095aae97a9a4	proofs/hol_light/aarch64/mlkem/rej_uniform_aarch64_asm.S
FILE	87648e9085bf7a2be94f71e9c4545b53c4c32ff93c55166e186ca13c164a60f5	proofs/hol_light/aarch64/proofs/build-proof.sh
FILE	b938e09a2db097b33b17eba50e3ab105cffa274641d68363faf2b443e1564093	proofs/hol_light/aarch64/proofs/dump_bytecode.ml
FILE	a1654cf7c65219ffb3e1aaa57f918157e45fc657def87a6ba56672627c245b9c	proofs/hol_light/aarch64/proofs/intt_aarch64_asm.ml
FILE	8bdb8d7af26085f4b2994ef9cc5337364a32b8bbff21534f0a7b448eeb41af9f	proofs/hol_light/aarch64/proofs/keccak_f1600_x1_scalar_aarch64_asm.ml
FILE	c1a99a6a4a28d271d87f386b1d66e8c1bcca4e3ff90d9f6b64fc9323676335f3	proofs/hol_light/aarch64/proofs/keccak_f1600_x1_v84a_aarch64_asm.ml
FILE	4eeb9d700d85741bbb0d1b171397bd782353aa477a42c50f3654580856482ebf	proofs/hol_light/aarch64/proofs/keccak_f1600_x2_v84a_aarch64_asm.ml
FILE	67d1b299a58b24ead6d4d057f6273e2948dbc255c3fedeabefdc494418546737	proofs/hol_light/aarch64/proofs/keccak_f1600_x4_v8a_scalar_hybrid_aarch64_asm.ml
FILE	962ba1a753fa9ec615c657fe13a041ac3f5ee6c46eb1d8a99255b1650869dba8	proofs/hol_light/aarch64/proofs/keccak_f1600_x4_v8a_v84a_scalar_hybrid_aarch64_asm.ml
FILE	bf680ac731280d04dad6fd18d58de3428fbb6cebaf3d8dd622e1d67c97b884fe	proofs/hol_light/aarch64/proofs/keccak_utils.ml
FILE	70d845da1c0d0e71cc08cb92e686767cd561deb338d7e4fbe56426884ee5a0aa	proofs/hol_light/aarch64/proofs/mlkem_rej_uniform_table.ml
FILE	2a4b5b7c6b3179c95b5ac4c206aca82c62d71310603ca4116d1acedb7c8bd724	proofs/hol_light/aarch64/proofs/mlkem_utils.ml
FILE	383dca1dc0542ae975018c433ee1066464da9a5c9282e56085d480ca5122df16	proofs/hol_light/aarch64/proofs/mlkem_zetas.ml
FILE	39691061b4f9be370b38b6a51aa86deb7783d72c608997a22d995e1d9bade3c8	proofs/hol_light/aarch64/proofs/ntt_aarch64_asm.ml
FILE	fafc433773e16504ab4a33e7a308d4dcd8e4de22ff24a263427f912bd0922895	proofs/hol_light/aarch64/proofs/poly_mulcache_compute_aarch64_asm.ml
FILE	0b68df9097b13301f59ad482ce1af647aa939102b82fb30743e6fd538ee88c86	proofs/hol_light/aarch64/proofs/poly_reduce_aarch64_asm.ml
FILE	4f6eaf0ca83985094ed942473cc43f3f330592df25a9025e829e471a9b79d5fc	proofs/hol_light/aarch64/proofs/poly_tobytes_aarch64_asm.ml
FILE	d5e7dc9c5419927afabd2ac6ca51f86e1198bf4e546180f61133a781e6b8d7e1	proofs/hol_light/aarch64/proofs/poly_tomont_aarch64_asm.ml
FILE	70abfb8c0a8d4a231fed3f0612ea9f4d6a95a8c5a1bb85cc20e1d9ec7961237b	proofs/hol_light/aarch64/proofs/polyvec_basemul_acc_montgomery_cached_k2_aarch64_asm.ml
FILE	fbec40baffe2de13f6ffbc2945788cb6b900e716bb3a79ba44116a0bba351a58	proofs/hol_light/aarch64/proofs/polyvec_basemul_acc_montgomery_cached_k3_aarch64_asm.ml
FILE	c83ee4b0dafec7f8de2aa0237ce2db63396cfe0d4283de8db1b828bd53310b20	proofs/hol_light/aarch64/proofs/polyvec_basemul_acc_montgomery_cached_k4_aarch64_asm.ml
FILE	76112296d3debd105bd3ac0c458ef8bd935ea521bbecc8de24d230b4c71df264	proofs/hol_light/aarch64/proofs/rej_uniform_aarch64_asm.ml
FILE	43e60c6f41c15e85e1a4d41c294d97f2f5b6f2c111cd23a6dde809860e4d417d	proofs/hol_light/aarch64/proofs/subroutine_signatures.ml
FILE	de5bebae348011d425238fadd6082a2f3cd67cf5aed073fc24d0621a3c8e566d	proofs/hol_light/common/keccak_constants.ml
FILE	9193505d58c2e8c0a577c03b8a840badc84dcd2c7d7bab551e3ca76d5d1f2fb9	proofs/hol_light/common/keccak_spec.ml
FILE	3baad89795d649d0a5e56781cbca21220945b37ea92165275949a732d2fe993d	proofs/hol_light/common/mlkem_specs.ml
FILE	a0459c1cded7c664a93e93924d06febd7a6524ed5f8f3055e4e1908969f7aac4	proofs/hol_light/s2n_bignum_allowlist.txt
FILE	a26c2f0f44deb3fa24bdfb8a33294bb9d2eb2bfdcd6bcfd9d5807a2236ec9b4a	proofs/hol_light/x86_64/Makefile
FILE	e6ce3f2f43908915b1e1c54518e610d9745830f4fe11abd4522dc1abb90fcf2a	proofs/hol_light/x86_64/list_proofs.sh
FILE	9d8c5e5ad606861356d324d03349d547e7fb862cb119504eaafec44e51bd1077	proofs/hol_light/x86_64/list_thms.sh
FILE	3e1c3bd38c235b0eb65c8caa2c39a7c62a4daea32cce411ee9055e4aa9b18af2	proofs/hol_light/x86_64/mlkem/intt_avx2_asm.S
FILE	a266a0749df278e0ecd85af801b5ca6761b492a6e1ecbc374ffe3115fda42b12	proofs/hol_light/x86_64/mlkem/keccak_f1600_x4_avx2_asm.S
FILE	d1a68c178a29228fa1c50f693c387f3dfe18ba37edada44b52dfe6221e1cd172	proofs/hol_light/x86_64/mlkem/ntt_avx2_asm.S
FILE	95bee96c167ee3c318c477eca6b64f665fbbbc0523229706f2236c3fc15471fa	proofs/hol_light/x86_64/mlkem/nttfrombytes_avx2_asm.S
FILE	4d409587541e5f9068441b63b174e2cf74aebe1fa0d922fb71af01122874fb72	proofs/hol_light/x86_64/mlkem/ntttobytes_avx2_asm.S
FILE	e10802a1ccf404afdee4648ff0b73950b9135a9c83428a37c395511303a2b42f	proofs/hol_light/x86_64/mlkem/nttunpack_avx2_asm.S
FILE	078bd7ee68b38ebf975ae75a16e04fc956585a957c82d2c1a6f83985d0491657	proofs/hol_light/x86_64/mlkem/poly_compress_d10_avx2_asm.S
FILE	c44a805f3e9b3eeeda2a63abacb3d1312f53b1d2283386dfad5a6ae9a5c824c8	proofs/hol_light/x86_64/mlkem/poly_compress_d11_avx2_asm.S
FILE	4c07554e0dc295505fb18d61a0ae905939076d0034f67a0c6eb8c9ac2a8e9cc6	proofs/hol_light/x86_64/mlkem/poly_compress_d4_avx2_asm.S
FILE	298ddc4327c91ab9c91b46dcd47426a167833aeeb7160088c025e04efe823dc7	proofs/hol_light/x86_64/mlkem/poly_compress_d5_avx2_asm.S
FILE	49675ce1abb3fbd14468878c26042b97239e55aa44e9b3c6e757a15c6be6798a	proofs/hol_light/x86_64/mlkem/poly_decompress_d10_avx2_asm.S
FILE	ee3aee3fd2dd7fb25e6e073380484f7427dcb0be56fc2ce547fdfa8f8cec7c4c	proofs/hol_light/x86_64/mlkem/poly_decompress_d11_avx2_asm.S
FILE	48faa9817891a18a812a58bf234aaa94b277f211b0293f34f2304e917f47f892	proofs/hol_light/x86_64/mlkem/poly_decompress_d4_avx2_asm.S
FILE	fa0171270781879ec505337394b0afb1e7b1ef7c278d126ce6c4a7cd99b476e7	proofs/hol_light/x86_64/mlkem/poly_decompress_d5_avx2_asm.S
FILE	7b478dc4c2d4f0f8fd09c8897c32ea135efdd850e19eb0bbe1a5a5efebbd550e	proofs/hol_light/x86_64/mlkem/poly_mulcache_compute_avx2_asm.S
FILE	40d41ea18e0a50380cbb9ae9a0396b883601acd55286345c25d42b60cd8eb591	proofs/hol_light/x86_64/mlkem/polyvec_basemul_acc_montgomery_cached_k2_avx2_asm.S
FILE	35ae85ca0f4c5bcf4dfd41cd28d7ad4477da6e904c4008c30c92f06207fb10dc	proofs/hol_light/x86_64/mlkem/polyvec_basemul_acc_montgomery_cached_k3_avx2_asm.S
FILE	758b20e78fe9caed845e68b83fc8aa7d4646047bb91524aac9c025e9a0d1803c	proofs/hol_light/x86_64/mlkem/polyvec_basemul_acc_montgomery_cached_k4_avx2_asm.S
FILE	edaea50424b0b77d8579b97c4fcc199cb01a739aa2a05ff086a5878eb293433b	proofs/hol_light/x86_64/mlkem/reduce_avx2_asm.S
FILE	097d9264910089739cb3d248a04511c6bf379efb91ffb4819ec52317555107d9	proofs/hol_light/x86_64/mlkem/rej_uniform_avx2_asm.S
FILE	214caa2783f82429bccfaa0e62c6823d00a660205fc92a3834e2a1a1824c8d1f	proofs/hol_light/x86_64/mlkem/tomont_avx2_asm.S
FILE	905ce9edf808e7072e397c116b6c18d1f16423eb5a6c79fe4c2c2a974d987f9d	proofs/hol_light/x86_64/proofs/build-proof.sh
FILE	dc419d322945f43e0c3f9575f364a6f209302ca0e7e7c704bb8061295323539a	proofs/hol_light/x86_64/proofs/dump_bytecode.ml
FILE	d7b311ef1cf76d70edc522da44995c482731e7c7de2fccf10f8d64da78c80318	proofs/hol_light/x86_64/proofs/intt_avx2_asm.ml
FILE	822fd0a3d8e6d4001b501ae434647744c4ab27b39c2a98cc9d466f6d762991e8	proofs/hol_light/x86_64/proofs/keccak_f1600_x4_avx2_asm.ml
FILE	50228eab18af1b94b2859ef43f7d887e1ec98831f8ce1c210130ffa2ca2cf742	proofs/hol_light/x86_64/proofs/keccak_f1600_x4_avx2_constants.ml
FILE	017144873187595c117b21e3f28289e3cd3bcd942641b218b03065d7719fd082	proofs/hol_light/x86_64/proofs/keccak_utils.ml
FILE	2713eefed0a88b83139701705d7d1d6fa696f6babd5aae712e26f69277899960	proofs/hol_light/x86_64/proofs/mlkem_compress_common.ml
FILE	982db7fce65d0304e9c40a681318e040aab2ce45defdfbd1ba92025fd0eebc4a	proofs/hol_light/x86_64/proofs/mlkem_compress_consts.ml
FILE	70d845da1c0d0e71cc08cb92e686767cd561deb338d7e4fbe56426884ee5a0aa	proofs/hol_light/x86_64/proofs/mlkem_rej_uniform_table.ml
FILE	cea42f214349c1ef6ee07b9bd49e98e4bacf48b16fe2550e307c99c3de2104da	proofs/hol_light/x86_64/proofs/mlkem_utils.ml
FILE	7829981af16e1853bb2fffae5bc622206df05e176631c38fc762ac6f803b4e35	proofs/hol_light/x86_64/proofs/mlkem_zetas.ml
FILE	d6d3e18744717b1e55aa87cc639a4c6a74da36b485cfd8b33eb0acbd040df7e6	proofs/hol_light/x86_64/proofs/ntt_avx2_asm.ml
FILE	325432866180367b5b82fc293635469866b0e01fecd7a3b02f31d5732b3a0f7c	proofs/hol_light/x86_64/proofs/nttfrombytes_avx2_asm.ml
FILE	ba70ce367cf5932d7c301bba9e9d41f114675a9d1168740f440a6784ece4a5e6	proofs/hol_light/x86_64/proofs/ntttobytes_avx2_asm.ml
FILE	0ddc91d06ce6ad277a6f9220433461bfef13857788290fa9bcb2e024264e8399	proofs/hol_light/x86_64/proofs/nttunpack_avx2_asm.ml
FILE	2618867e190325b7b7072b9e7f768439fb85ff739fb99ee551ce65a08a29bfae	proofs/hol_light/x86_64/proofs/poly_compress_d10_avx2_asm.ml
FILE	daa1fce2b18ece1f0158e5600dac6faff39389f80dd4d5a16bebb0cd41a24959	proofs/hol_light/x86_64/proofs/poly_compress_d11_avx2_asm.ml
FILE	fd0dec736bf29270081ad4bc70cb7a68288bd3632794d29f388ee57f4b7f14de	proofs/hol_light/x86_64/proofs/poly_compress_d4_avx2_asm.ml
FILE	24827f36a29b714ae1339c9b3707e7984423997b0ba530bdb1b93f6e3fd53ca3	proofs/hol_light/x86_64/proofs/poly_compress_d5_avx2_asm.ml
FILE	8852b35d4938aee6b26ef9217084cc56adda5120de9db052a6cef0ea1ba6ced6	proofs/hol_light/x86_64/proofs/poly_decompress_d10_avx2_asm.ml
FILE	8f9235baea99aae43e984710f429b296edcc4bba77ef23648a81b9e7c4af8ade	proofs/hol_light/x86_64/proofs/poly_decompress_d11_avx2_asm.ml
FILE	3325f77beed60a557c9e4c4ed98209f9f1bff69c7816820332aae40c74e94337	proofs/hol_light/x86_64/proofs/poly_decompress_d4_avx2_asm.ml
FILE	06ffff2aba8ef139b7db937f1e64c83102e5ba31df9d2359d9fe4222e2c8a0c0	proofs/hol_light/x86_64/proofs/poly_decompress_d5_avx2_asm.ml
FILE	787720e046f6439dde4cfb0e94cb2722d03bfbc75338355dc68efeab81b6d9e1	proofs/hol_light/x86_64/proofs/poly_mulcache_compute_avx2_asm.ml
FILE	d98b3854df020da2877b131ff9d1434a41368846f1267b4db0b71d1bf733366d	proofs/hol_light/x86_64/proofs/polyvec_basemul_acc_montgomery_cached_k2_avx2_asm.ml
FILE	1373dbacd6cbbf69e15cc9d14290e8cc058b5042a80cb50706034a2db1069b6a	proofs/hol_light/x86_64/proofs/polyvec_basemul_acc_montgomery_cached_k3_avx2_asm.ml
FILE	58d10a1a48fcccf36d743fdffd3d6333a68cf2709079c280f6b55df8a2e7e870	proofs/hol_light/x86_64/proofs/polyvec_basemul_acc_montgomery_cached_k4_avx2_asm.ml
FILE	159e5aafdf4cc0df1ef50abf90b1438e563c30d63c3b4380114d3ab034fb572f	proofs/hol_light/x86_64/proofs/reduce_avx2_asm.ml
FILE	28efee5030e30a609c177835eaae31c0e3502156943792b7f029d5091ada23b5	proofs/hol_light/x86_64/proofs/rej_uniform_avx2_asm.ml
FILE	a7756eb11fd26eaa8b9fdb0338656f04139722b0d1ab53eb9809ef7b5ade88ae	proofs/hol_light/x86_64/proofs/subroutine_signatures.ml
FILE	0bd177fdde28551f89fbf63dc9ae58f448ef3ace9819cc8fa21c0a045f40f5dc	proofs/hol_light/x86_64/proofs/tomont_avx2_asm.ml
FILE	a08315e572a0a7b73aa64296ee07fed76e85d350f44225d57675f471dd717cd6	ruff.toml
FILE	f54f6ba5d3d5e51e21d184cddc6a6f896b60914d42fe765e89af37de5a8bf048	scripts/Doxyfile.lint
FILE	26db15766cbf03b236af46f992b9ece4b1b097718f1ac49c573b73f724b46777	scripts/README.md
FILE	8582b1938d4947af19f15625409a42e2ea3a57ed1580f39e2af46be87b5df604	scripts/autogen
FILE	7fd72a28b494a401eb632881e23d46c650d25bc821e01a463d29a744723308f1	scripts/cfify
FILE	badd0dceca088d3749b92b385a6b5a7bae57004866e0398113937bf414341641	scripts/check-contracts
FILE	65da89708a75f32a668a4a2551771b7f7fd00886f2a68ea562db9bbf6f7db919	scripts/check-hol-light-imports
FILE	7505981d90efc5fd1debf4bb693da074bcc94c2450cf2a78f4feb413d0892548	scripts/check-magic
FILE	a8c1c04b45b99e1b592183e8744f3674fada6a09692377b9c46cbc44fa7327ec	scripts/check-namespace
FILE	4e0c356027ee67f82c6b51ed12613f3a4fe14835cc4469695a4681bbd9454ea2	scripts/format
FILE	1cbce262fdebc77b80aa1a5db310db30da2daf39291c1508098d2e525433a239	scripts/lint
FILE	6b86d0de3a71ad47ee83c00e6458552c243c318ec0a35486f7aa94b5e3cf3a04	scripts/simpasm
FILE	f928373fbc75a6d2d1217db1ab645a13fa472d4e5abcc7dcd1ca32e15d6e4959	scripts/stack
FILE	3b91b805538de0042628204f56a4161d3504db83bebfc618d26404060bd43a6a	scripts/tests
FILE	354b594ca02c66ea56305cd65601450823c43b39469db3edd8abec8e6d20e6ef	test/abicheck/README.md
FILE	13f7f8bff4929ba832246fc029e31886c6eb55024a83b3092ce608f1f6eb3cc7	test/abicheck/aarch64/abicheck_aarch64.c
FILE	8c563aeeaeff727ac8538c220c450aa3142727e8d7fc99600216d284fa438195	test/abicheck/aarch64/abicheck_aarch64.h
FILE	d6f4b8d4e9ed83a6ef245f1544c035c1d1e4d8faca31644cfdd42dc30acc1d8a	test/abicheck/aarch64/abicheck_aarch64.mk
FILE	7233606c180060385cf03f0ac282494576a75041724988a8a3c8228014baa2be	test/abicheck/aarch64/callstub_aarch64.S
FILE	a047d258f8e6e63736f35d5c187b36cc7694310e82afc389d812e1217eec6185	test/abicheck/aarch64/checks/check_intt_aarch64_asm.c
FILE	a1f30e32636463dbc1cb5355731ab153ff001ad129c6f50b8381d0ece0bdbc1e	test/abicheck/aarch64/checks/check_keccak_f1600_x1_scalar_aarch64_asm.c
FILE	79da7b99dd0e488523a858eacdc2c6eb9311233120fd44201855a555a995d535	test/abicheck/aarch64/checks/check_keccak_f1600_x1_v84a_aarch64_asm.c
FILE	f7f5c4abb9100a79eb1ee27c1f8e91fd55490a8ded4ee4daf48403d0c0a21f4a	test/abicheck/aarch64/checks/check_keccak_f1600_x2_v84a_aarch64_asm.c
FILE	4b7a5e12148cca566bfa3667bdf3f1200f4e122ca495336f076bcc48aa5aafc8	test/abicheck/aarch64/checks/check_keccak_f1600_x4_v8a_scalar_hybrid_aarch64_asm.c
FILE	21052c69e8cb6cc418d58b9694b7385d0fed222bf97e535a50c63551d7b3e479	test/abicheck/aarch64/checks/check_keccak_f1600_x4_v8a_v84a_scalar_hybrid_aarch64_asm.c
FILE	7e05a9487a3faa0f66bc8f7c48e0b031ac0bd0d4adf1fb5a29fcfa3a495cbb2e	test/abicheck/aarch64/checks/check_ntt_aarch64_asm.c
FILE	b1a4f92a93dc16642469674d8caca58da0419cfcf19c8ee88faaa830069b661f	test/abicheck/aarch64/checks/check_poly_mulcache_compute_aarch64_asm.c
FILE	b316f5489d1d1dc4c352b40352954cbdb7975aea86a4721fb712dfb0954bfec2	test/abicheck/aarch64/checks/check_poly_reduce_aarch64_asm.c
FILE	ba2df8971ed7511a45a1eddba2a126fac2271c59cfe3c39fff6e27aa97bf29ec	test/abicheck/aarch64/checks/check_poly_tobytes_aarch64_asm.c
FILE	b5b9d7721cefc0016f52aae138ae629b124733f958cf89e3683ddd6ff0f47a63	test/abicheck/aarch64/checks/check_poly_tomont_aarch64_asm.c
FILE	02c3c8c4f7f27992587f47b33f5328dc2dc59702eb94e2fbcf323480298a69f1	test/abicheck/aarch64/checks/check_polyvec_basemul_acc_montgomery_cached_k2_aarch64_asm.c
FILE	af28f3cbc4f78f8cb5b07c984e09ec4e20b47eba3e9015b52e00d2be4ba9f4a8	test/abicheck/aarch64/checks/check_polyvec_basemul_acc_montgomery_cached_k3_aarch64_asm.c
FILE	2446fbf35cc079ae253468315097a7445beb61d80c645dd902f4907bf8535311	test/abicheck/aarch64/checks/check_polyvec_basemul_acc_montgomery_cached_k4_aarch64_asm.c
FILE	411ecc87330dffaa55225c4bb55f86eba4b69abc4a1a38f2eabf75e8a1f93959	test/abicheck/aarch64/checks/check_rej_uniform_aarch64_asm.c
FILE	165f3963ba4392f93b4dfdd8e7b78725626325f7be5cff2a5edf0ad71821c6ad	test/abicheck/aarch64/checks_aarch64_all.h
FILE	75f352eaf1cb258d6f98e06a37c931b73500e03f685aca3e638cfb6bf10a414f	test/abicheck/aarch64/selftest_aarch64.S
FILE	b9fcb51805ca90457d72a647b2b3efae61fe9d04b4839d3e78f911ba3ca3563c	test/abicheck/abicheck.c
FILE	eff1b557cb4963c29eb3eb316fa98f219dae129204838a7ae3dba8fea5cc0956	test/abicheck/abicheck.mk
FILE	6c40148aacf831eb0d902fe93ae4c0f95a2d36875c7d216a34afe1be948e1797	test/abicheck/abicheck_common.h
FILE	12329e048fb06c20b656eacccabeb1de88ed64847660c6b9b15c6d88d8fd47e1	test/abicheck/armv81m/abicheck_armv81m.c
FILE	65abb17c24a8e1d6ba2edc7c53e204fc2f4be762f6d9def7daf31baff7bf94e5	test/abicheck/armv81m/abicheck_armv81m.h
FILE	cfa19b8c601bfc7c12726cb551d4fbb6fa8ce8ac4bb0a85a3384c27539bee643	test/abicheck/armv81m/abicheck_armv81m.mk
FILE	c2b163607fcb1a389f01d9ec8122e5013699b2bb474699592886534572417170	test/abicheck/armv81m/callstub_armv81m.S
FILE	b74029aef97be4c562a419370d8adc48e8e029363657d1ca08f527dd88cd1755	test/abicheck/armv81m/checks/check_keccak_f1600_x4_mve_asm.c
FILE	4918e565d09650ecfcef710e29114e36ad110efacc56eabcaf2ef0fdcb12cdde	test/abicheck/armv81m/checks_armv81m_all.h
FILE	118447d866abc9ba69490f738e271db1ca6046427c8a8aee133943bfd2e58da8	test/abicheck/armv81m/selftest_armv81m.S
FILE	b36e7014b49d2a66310b216ee9a095a5537fc326d87a9975c50070835439babb	test/abicheck/ppc64le/abicheck_ppc64le.c
FILE	b11eb567319f4587498bccf8225e669de39961762b2da082cf5def6760bd787c	test/abicheck/ppc64le/abicheck_ppc64le.h
FILE	87792018070b5663c258e4ca897a954fcf48265dfba0112632622d4ddd7a5f7e	test/abicheck/ppc64le/abicheck_ppc64le.mk
FILE	3d351317c6324958ec0ceef67990068d57fd8a8b4a352b0edcc840a8c0467e70	test/abicheck/ppc64le/callstub_ppc64le.S
FILE	7beb3bdcbc97bc5f6b21d00132a9f6de579d33cfc1f75adb2272cacf742719bd	test/abicheck/ppc64le/checks/check_intt_ppc_asm.c
FILE	20ec1d89b5a7aaf626c1810233924020801f69ac0a9f266f624d324ad827149f	test/abicheck/ppc64le/checks/check_ntt_ppc_asm.c
FILE	3bbb76b8b7017cfcf71982933bdbedb11f84910a59c2a78be3fd205cb18c3fe8	test/abicheck/ppc64le/checks/check_poly_tomont_ppc_asm.c
FILE	ec4dfc382efc7e2816ba0771b0d081a34e542ae485311bb06f395d3e1470b769	test/abicheck/ppc64le/checks/check_reduce_ppc_asm.c
FILE	45d6390b400fef4cc7bd82459f319b71c7af327e06396a046333033b82b164bf	test/abicheck/ppc64le/checks_ppc64le_all.h
FILE	6d27ce7a850a07b14c9cb9f73bcaff0bb7fca02c29f500d72d05f715c1e78b55	test/abicheck/ppc64le/selftest_ppc64le.S
FILE	ce325d887d7f288c71043e90674f0df55b1f49d1ee1d7cd436053cc62907daf4	test/abicheck/selftest.c
FILE	4e6f566969bbeb986bc5a546c05e7046b66e9ed34a6a438a586de248aae4feeb	test/abicheck/selftest.h
FILE	5a061d1fe3ef396bc656df358e040236266d5531a91d1359cb34fd5924598e7e	test/abicheck/x86_64/abicheck_x86_64.c
FILE	d12c8f70f3c7932a0d06c7faae3b827b021956037a7cd401ac09efbcc7e02b98	test/abicheck/x86_64/abicheck_x86_64.h
FILE	9fc962c9a09f661b3c17fe0cf147b92de93a5fd6d0ba50c4894d86a977c7705d	test/abicheck/x86_64/abicheck_x86_64.mk
FILE	5d87add15f6c667df8e98fff8900c01700e47faf4ddb96c5412cfb659e3b2da6	test/abicheck/x86_64/callstub_x86_64.S
FILE	a6f485e76ffe275579b5a559722409e1e2afbc4c99fcf17f1c7ada3a1bf61c5c	test/abicheck/x86_64/checks/check_invntt_avx2_asm.c
FILE	e3cb204537aeb5c6139367b692d8ded17a484b7d478a044a52401675fb95edc8	test/abicheck/x86_64/checks/check_keccak_f1600_x4_avx2_asm.c
FILE	255ed8d5b41aa8c2c9cfdfe761c4774cc15d15a375d55e9adad63335c8c58c09	test/abicheck/x86_64/checks/check_ntt_avx2_asm.c
FILE	f1d78eab5ac6e3988a706ccc5e64a0450a8128d93df6acf8df9e2be2c80bb67c	test/abicheck/x86_64/checks/check_nttfrombytes_avx2_asm.c
FILE	f5de8d5dbc374d2704cc624d34833e081759e49f170c71804577bab2c52ee375	test/abicheck/x86_64/checks/check_ntttobytes_avx2_asm.c
FILE	42993ee8d80fb1b91df2312134a960165de3e0949d0e34ecda83b107d41f8e7c	test/abicheck/x86_64/checks/check_nttunpack_avx2_asm.c
FILE	4107fba525fa7577c7a9adf8fdad88e846d1fa3b33ea95794fe1ec40bb8e8a91	test/abicheck/x86_64/checks/check_poly_compress_d10_avx2_asm.c
FILE	3d7ce8fe0230c2f786eaea6b5134efbc898e0e5f6dedf0865a3a98bdab8c3424	test/abicheck/x86_64/checks/check_poly_compress_d11_avx2_asm.c
FILE	62aab62077fea158c599a6440a549d7c4a39efdd0f265636fa2afe4eff1df97c	test/abicheck/x86_64/checks/check_poly_compress_d4_avx2_asm.c
FILE	16953e1824104daa72996fde47898100e09e2a3fe6e78e5913a982d7026313ea	test/abicheck/x86_64/checks/check_poly_compress_d5_avx2_asm.c
FILE	0f773cada20108d9aada2eaab0f635b05d3c3fa45a9e19e0662d673d8b2fef8c	test/abicheck/x86_64/checks/check_poly_decompress_d10_avx2_asm.c
FILE	c39dff36181d89347d8e4aa6b2a4644c2fe927ef220c9914c88d4d604f2f68b7	test/abicheck/x86_64/checks/check_poly_decompress_d11_avx2_asm.c
FILE	ae6bad13b7a2f499ff878e31f2ca375f5e3782361a41908c41fd8bdd1b44d2f1	test/abicheck/x86_64/checks/check_poly_decompress_d4_avx2_asm.c
FILE	36fa0ed7d092a5c04bff34d0f1d97372ebc604d2d3c5588a23ce53c7966e30bc	test/abicheck/x86_64/checks/check_poly_decompress_d5_avx2_asm.c
FILE	65c028d6ae4099b8684671dbd07bd82408ca5807e659277f9a387ef33cc510f6	test/abicheck/x86_64/checks/check_poly_mulcache_compute_avx2_asm.c
FILE	d5c56dd44f5936368ec2a1f54cd1a6436675396571e765c4899113ce04e36e6e	test/abicheck/x86_64/checks/check_polyvec_basemul_acc_montgomery_cached_k2_avx2_asm.c
FILE	db682e165ad3ce12e863b5a9154058646ed429a606f3d9ac5cd7bf1f92fd6786	test/abicheck/x86_64/checks/check_polyvec_basemul_acc_montgomery_cached_k3_avx2_asm.c
FILE	fdf3936778341b3ea519fc565bffab3cf77f2e1baaef3e136967c4149f0eb01b	test/abicheck/x86_64/checks/check_polyvec_basemul_acc_montgomery_cached_k4_avx2_asm.c
FILE	1ff32108a3ec69db3ed16c3af2580bf81919c9eba1dd27eabac12bf02d9e9dfb	test/abicheck/x86_64/checks/check_reduce_avx2_asm.c
FILE	3cba169a39e31cdf640518161fc3dfb83fe780bec63b39de67aa6a739b7e0764	test/abicheck/x86_64/checks/check_rej_uniform_avx2_asm.c
FILE	2d24b65460307a6a2d2810d1ad60a228d264af78213e505a2ac36bee797b11ff	test/abicheck/x86_64/checks/check_tomont_avx2_asm.c
FILE	3e5d4d07d60e68a5995b8cdae787dada2b78c0355a336bac788c2001bab0a61e	test/abicheck/x86_64/checks_x86_64_all.h
FILE	d6a293fdbb535323feebf64ad14c0a0a6abedad7466e993e3aa96f332f04e346	test/abicheck/x86_64/selftest_x86_64.S
FILE	a8d3a45b5e21477496232430029b6b9393db119624c1755561ba06e023d8408f	test/acvp/acvp_client.py
FILE	8c9922b570eabb5cc17fbe357ad075a4b0c9ade51352af6423f9e576549c30a2	test/acvp/acvp_mlkem.c
FILE	b83010738d13419a602fb524db3dfc7fdaac54297e36345c83fc2010d43fa87c	test/baremetal/platform/aarch64-virt/exec_wrapper.py
FILE	fa62c54e7d0effaa54262333ffb4a79bf4fc5a78d925e6f7099d6cc990ac59be	test/baremetal/platform/aarch64-virt/platform.mk
FILE	3349be304076b8f9059fc26b8afd8bbe0074c0d25682b0b6f2328fc861fc3378	test/baremetal/platform/aarch64-virt/semihosting.c
FILE	06a20b8f30c7659ab3c2efc8a7b696f8dfa6cd6f58e0bf3e2affb177bfce2ab8	test/baremetal/platform/aarch64-virt/startup.S
FILE	5557b6d2a7a7a9e6180b35a98c44b5fb1410fdd8a3307d39e7b8ae22613364b6	test/baremetal/platform/aarch64-virt/virt.ld
FILE	5708cd32de5e087abbceaa0c4e4d9eb1d40a8b3ccdbf63672c2446bb86d31f85	test/baremetal/platform/avr/README.md
FILE	31c01bed70c5c2354ec1a59ff1b5f4d6951bb03d54c25d7024453df3aa25ef62	test/baremetal/platform/avr/avr_wrapper.c
FILE	09834802063f55dde13abb0fe5907df336718a88b9641c5176799e775379eace	test/baremetal/platform/avr/exec_wrapper.py
FILE	2fe4175d3d79e31b61d500f16402ecb33c07e1769e064862c61b8901aac12e9d	test/baremetal/platform/avr/init7.S
FILE	2f316ee190793ba5f7104b9eec34d75c52acec78f30e8babb66e6800d35035c6	test/baremetal/platform/avr/platform.mk
FILE	b0ed3944a0b39a48e9879a0db5be5fddf994c93a98d125a8119d7beece4e77bb	test/bench/bench_components_mlkem.c
FILE	ebe874d641ee999fa1534e62b50e4f4f470984e5ef11b6a182b100e4a2e63943	test/bench/bench_mlkem.c
FILE	05126ac95ce550ccd6ab4f6b93fea916d8361790c6cd678da330f02ed7663709	test/configs/break_pct_config.h
FILE	97f085667f1ec443a237c6f4b7a781084c0cf2f7526885c8eff0008fbb2f6eab	test/configs/configs.yml
FILE	d6ba017de742fb604a191a7f5d20449ac66beec77770aaf6fcd4c84aa0418efc	test/configs/custom_heap_alloc_config.h
FILE	851f4b251c9b0820f27a8c16e5c71cefc2df9b96b2583d81787fce058dcefb86	test/configs/custom_memcpy_config.h
FILE	4246761d445c1a0726e9798cf0b79dee9766b7c06e7462f78ede935acc7b14f6	test/configs/custom_memset_config.h
FILE	a806746d87e63c2895b76075e339308b1eaed30df11d0143f1459dfe4db76a46	test/configs/custom_native_capability_config_0.h
FILE	f488376ce997c5001003110e53a869e5f3b9d9391e7b8b2b342e5303a29f2517	test/configs/custom_native_capability_config_1.h
FILE	57235615bba57b6cebe0d8eed11bae85091edf4d7798aa6a33f29a80c36641a7	test/configs/custom_native_capability_config_CPUID_AVX2.h
FILE	eadd33a23d93440740b783f180c4a5d32a4ae4b542dca445bc2c5d4a35296f6a	test/configs/custom_native_capability_config_ID_AA64PFR1_EL1.h
FILE	e6cee5b0ba7bc2dd4755731d855afcc57e974d545345de7b774dc9b4c6c2f14b	test/configs/custom_randombytes_config.h
FILE	f0cf4706dd6b1233c688723ef740c882b276cd832af47e434ad08a626be89e6b	test/configs/custom_stdlib_config.h
FILE	bccd5b25b55cf31ac97f384f5510a87e47105611f1da137ef7afe6444f8d8388	test/configs/custom_zeroize_config.h
FILE	38ae3d03ae0a0c739c5f43d2a59c52d3167e74031742b50a9d8aeebb7c2c5511	test/configs/no_asm_config.h
FILE	1dff27a7a4e8d3c62f063f0c16bdf3e8b2dbbbed033a101588f3c44d4b2ef4ca	test/configs/serial_fips202_config.h
FILE	dde5c684bdb8351f24d6abd9986bba3d25d40da55575b202d77970cf62ca204c	test/configs/test_alloc_config.h
FILE	e0627461ae344d2d51bcee96b2f95d3673b0a933fa1edfc3314b12923b85479e	test/hal/hal.c
FILE	04abb03de311a58374259754eb25755530a9e8063261e85edfcfa94f2ca6775b	test/hal/hal.h
FILE	179af17d2e0a2442e9fe7b8a195af549dc0cf445de4a1ff9810818096293fffb	test/mk/auto.mk
FILE	34d8a3219b2f44c803607e77f197e156add6ab820c7eb6e4f63aebdf8c0bc0b6	test/mk/components.mk
FILE	16e8ec0d61bc7dc4096bfe55066f282db896e6ade94f53c2bfd68268856ad7b2	test/mk/config.mk
FILE	6bb68d2f8a323ee8a229112a9bb74a1fd49767df4cc98eb476b36c0f04156f0c	test/mk/rules.mk
FILE	a11629c3372cd8b1ceb7ac6df80b9e1344c63b1df2f55a0d7d1cea2b34ddc12f	test/notrandombytes/notrandombytes.c
FILE	b7308b590b9d7bd57e9b6b37cbd5e0d1c2a6174926cefff72bbf4f90045cfd2b	test/notrandombytes/notrandombytes.h
FILE	bbff4737681141d70d68c5e6c886e2f139525787c9ca6b7597c3c1b00223d0a8	test/src/gen_KAT.c
FILE	b7cddff33af9e06ce6b51e149dbf768c263f48847ea16196648652876f85c481	test/src/test_alloc.c
FILE	72ebadaf64255b590a3e16ff47ae64c391ac829acf83cbc5f320df448e070c00	test/src/test_mlkem.c
FILE	1cee3df21818cd49dbe6babe17a59936c0c84c84ece8f1f5369be1c017c2eb5f	test/src/test_rng_fail.c
FILE	1611b53d2373770635d941276f05b5f70cec370f7917bff13043582a57200d53	test/src/test_stack.c
FILE	0adedd28e444e4c6298cf4fc9ead15e50ce0288bb0fd3e5e8c9c1338b188ece2	test/src/test_unit.c
FILE	94375c7fda6ab94f44c5c9bbb5f2e94a6bb36faecc7775effa3a08ea9aabb52f	test/test_bounds.py
FILE	4eb1820a2439c4035ee6b93dd451aefb6101958a68dc1d86c433d7368f358e5b	test/wycheproof/wycheproof_client.py
FILE	375fa9b2468aa7813a4a7b1b0b8f51b2508f711165fd318a514f6041e70875fc	test/wycheproof/wycheproof_mlkem.c
FILE	43fb22cc09af215c6bdf966bab188df99cb70953b13aba57c2d0b46b2a7a5cde	test/zephyr/README.md
FILE	f8203d0063cd2a58996255d1bcf27b164f996b47c5c8bd62cfa10eabf1319e1b	test/zephyr/app/CMakeLists.txt
FILE	6dc668faceb87e8e83f58eed508ada947b06f63f77d946a0e37dbeac2f247523	test/zephyr/app/Kconfig
FILE	81c5db3a20c41cd0572105aed7a19fbd70ace1faa8954822d80e74e4f57b9273	test/zephyr/app/nucleo_n657x0_q.conf
FILE	abdec34255a17be7ffff05caeece5ae623f84d2a81693f579d0d843a0cbfdc4e	test/zephyr/app/nucleo_n657x0_q.overlay
FILE	3eb90bc6092a41ec15b7e74ed427a269535a656a39b7a2178fcd337436fb4a31	test/zephyr/app/prj.conf
FILE	afe2b968e35cdf15f00a1e1be57a51346e348ef0e21430009c11f9fabfa53284	test/zephyr/app/shim.c
FILE	70189e909194b3afbfcd3c009826bc881e9457c68a737f6d22fcfc8aeb617914	test/zephyr/app/shim_nucleo_n657x0_q.c
FILE	cbdfa787abf79439afb36943aef140760a02b7dd97ae5dc205e33d73cd18e4d6	test/zephyr/exec_wrapper.py
FILE	059089b9af79dc3592593ba5a850a09624aad8cf6517d0cb4f328aa732b5ce70	test/zephyr/nucleo_n657x0_q/README.md
FILE	74c7fb9794843628123074a8dd770715007a3da16ffa3245bb8763f5d4b331b7	test/zephyr/nucleo_n657x0_q/exec_wrapper.py
FILE	f43e488a9433b2aac36dd68512a58c7175bf365f80c2c3e9f1d62a5e15c8f906	test/zephyr/nucleo_n657x0_q/nucleo_host/flexmem_configure.py
FILE	dbb0d0284338f7de96fbe15d606b0944581d3cd72051491d11ecfedc191b81ba	test/zephyr/nucleo_n657x0_q/nucleo_host/gdb_script.py
FILE	a5b6d2c043f55e0221099d8aae9915978e0b2adb7c29f06911efc1b496527014	test/zephyr/nucleo_n657x0_q/nucleo_host/openocd_tools.py
FILE	8a6ee84987fc2b579f94ab286907f2e9990eb52957b47151f3e384a625cce673	test/zephyr/nucleo_n657x0_q/nucleo_host/results.py
FILE	cbbeffee3bfa5b58c8b0b07099633fb8e5f3f88fd1540a07d512eef4f5f09e42	test/zephyr/nucleo_n657x0_q/nucleo_host/symbols.py
FILE	79aeba6be58c4126fb4ad80ea743af298396169b9d80ba699edee6b821592137	test/zephyr/platform.mk
