property_record_id,case_id,condition,target,historical_id,approved_property_name,property_class,source_revision,parameter_set,input_domain,assumptions_and_grounding,formal_relation,assertion_or_harness_mapping,result,target_reachability,assumption_feasibility,nonvacuity_evidence,mutation_status,strongest_bounded_conclusion,explicit_exclusion,evidence_locator_id,evidence_path_hint,evidence_completeness,archive_name_resolved,archive_sha256,archive_evidence_path,archive_entry_sha256,archive_resolution_status,archive_candidate_count,resolved_public_evidence_path,public_evidence_sha256,public_path_resolution_status,public_path_candidate_count
PR-C01-001,1,UNASSISTED,mlk_poly_add,PA-01.B1,ML-KEM polynomial-degree binding,Configuration control,d9613cf60de3132d32475c102d8c2781d84feb34,ML-KEM-768 primary; PA-06 additionally 512/768/1024,Frozen ML-KEM-768 portable-C build,"Canonical ML-KEM coefficients 0 <= a[i],b[i] < q; valid separate objects; unchanged production body; complete registered unwinding.",MLKEM_N = 256,PA-01 V2 parameter-binding assertion,SUPPORTING_CONTROL,YES,YES,SUPPORTED,N/A,The harness is bound to the intended polynomial degree.,Configuration binding is not a functional target claim by itself.,LOC-C01-UA,mlk_poly_add_cleanroom/PA 1/V2/cleanroom_mlk_poly_add_fips_relational_harness_v2.c,PARTIAL,mlk_poly_add_cleanroom.zip,ac9eae921e26342de0508d08c312605fede5a339b3921b065e2d56ea59c286de,mlk_poly_add_cleanroom/PA 1/V2/cleanroom_mlk_poly_add_fips_relational_harness_v2.c,307dce610586398ad3d7196790e28e9ee0656ee8b879741cfff81fd72b3a550e,RESOLVED,1,supplementary-evidence-reconciliation/consolidated-mlkem-cbmc-verification-harnesses-12-campaigns/poly_add_harness_set/harnesses/cleanroom_mlk_poly_add_fips_relational_harness_v2.c,307dce610586398ad3d7196790e28e9ee0656ee8b879741cfff81fd72b3a550e,RESOLVED_HASH_MATCH,11
PR-C01-002,1,UNASSISTED,mlk_poly_add,PA-01.B2,ML-KEM modulus binding,Configuration control,d9613cf60de3132d32475c102d8c2781d84feb34,ML-KEM-768 primary; PA-06 additionally 512/768/1024,Frozen ML-KEM-768 portable-C build,"Canonical ML-KEM coefficients 0 <= a[i],b[i] < q; valid separate objects; unchanged production body; complete registered unwinding.",MLKEM_Q = 3329,PA-01 V2 parameter-binding assertion,SUPPORTING_CONTROL,YES,YES,SUPPORTED,N/A,The harness is bound to the intended modulus.,Configuration binding is not a functional target claim by itself.,LOC-C01-UA,mlk_poly_add_cleanroom/PA 1/V2/cleanroom_mlk_poly_add_fips_relational_harness_v2.c,PARTIAL,mlk_poly_add_cleanroom.zip,ac9eae921e26342de0508d08c312605fede5a339b3921b065e2d56ea59c286de,mlk_poly_add_cleanroom/PA 1/V2/cleanroom_mlk_poly_add_fips_relational_harness_v2.c,307dce610586398ad3d7196790e28e9ee0656ee8b879741cfff81fd72b3a550e,RESOLVED,1,supplementary-evidence-reconciliation/consolidated-mlkem-cbmc-verification-harnesses-12-campaigns/poly_add_harness_set/harnesses/cleanroom_mlk_poly_add_fips_relational_harness_v2.c,307dce610586398ad3d7196790e28e9ee0656ee8b879741cfff81fd72b3a550e,RESOLVED_HASH_MATCH,11
PR-C01-003,1,UNASSISTED,mlk_poly_add,PA-01.P1,Exact canonical-domain coefficient addition,Functional refinement,d9613cf60de3132d32475c102d8c2781d84feb34,ML-KEM-768 primary; PA-06 additionally 512/768/1024,"Canonical coefficient arrays a,b in [0,q-1]","Canonical ML-KEM coefficients 0 <= a[i],b[i] < q; valid separate objects; unchanged production body; complete registered unwinding.",r[i] = int32(a[i]) + int32(b[i]),PA-01 V2 semantic assertion family,SUPPORTED,YES,YES,SUPPORTED,Selected PA-07 sensitivity evidence; complete PA-07 matrix only partially retained,The production result equals the exact canonical-input sum.,Not the full signed/non-canonical domain; PA-02 supplies that extension.,LOC-C01-UA,mlk_poly_add_cleanroom/PA 1/V2/cleanroom_mlk_poly_add_fips_relational_harness_v2.c,PARTIAL,mlk_poly_add_cleanroom.zip,ac9eae921e26342de0508d08c312605fede5a339b3921b065e2d56ea59c286de,mlk_poly_add_cleanroom/PA 1/V2/cleanroom_mlk_poly_add_fips_relational_harness_v2.c,307dce610586398ad3d7196790e28e9ee0656ee8b879741cfff81fd72b3a550e,RESOLVED,1,supplementary-evidence-reconciliation/consolidated-mlkem-cbmc-verification-harnesses-12-campaigns/poly_add_harness_set/harnesses/cleanroom_mlk_poly_add_fips_relational_harness_v2.c,307dce610586398ad3d7196790e28e9ee0656ee8b879741cfff81fd72b3a550e,RESOLVED_HASH_MATCH,11
PR-C01-004,1,UNASSISTED,mlk_poly_add,PA-01.P2,Canonical-domain output lower bound,Range,d9613cf60de3132d32475c102d8c2781d84feb34,ML-KEM-768 primary; PA-06 additionally 512/768/1024,"Canonical coefficient arrays a,b in [0,q-1]","Canonical ML-KEM coefficients 0 <= a[i],b[i] < q; valid separate objects; unchanged production body; complete registered unwinding.",0 <= r[i],PA-01 V2 semantic assertion family,SUPPORTED,YES,YES,SUPPORTED,Selected PA-07 sensitivity evidence; complete PA-07 matrix only partially retained,The stored canonical-input sum is non-negative.,Not a canonical-output claim because values may exceed q-1.,LOC-C01-UA,mlk_poly_add_cleanroom/PA 1/V2/cleanroom_mlk_poly_add_fips_relational_harness_v2.c,PARTIAL,mlk_poly_add_cleanroom.zip,ac9eae921e26342de0508d08c312605fede5a339b3921b065e2d56ea59c286de,mlk_poly_add_cleanroom/PA 1/V2/cleanroom_mlk_poly_add_fips_relational_harness_v2.c,307dce610586398ad3d7196790e28e9ee0656ee8b879741cfff81fd72b3a550e,RESOLVED,1,supplementary-evidence-reconciliation/consolidated-mlkem-cbmc-verification-harnesses-12-campaigns/poly_add_harness_set/harnesses/cleanroom_mlk_poly_add_fips_relational_harness_v2.c,307dce610586398ad3d7196790e28e9ee0656ee8b879741cfff81fd72b3a550e,RESOLVED_HASH_MATCH,11
PR-C01-005,1,UNASSISTED,mlk_poly_add,PA-01.P3,Canonical-domain output upper bound,Range,d9613cf60de3132d32475c102d8c2781d84feb34,ML-KEM-768 primary; PA-06 additionally 512/768/1024,"Canonical coefficient arrays a,b in [0,q-1]","Canonical ML-KEM coefficients 0 <= a[i],b[i] < q; valid separate objects; unchanged production body; complete registered unwinding.",r[i] <= 2*q-2 = 6656,PA-01 V2 semantic assertion family,SUPPORTED,YES,YES,SUPPORTED,Selected PA-07 sensitivity evidence; complete PA-07 matrix only partially retained,The stored canonical-input sum lies in the tight derived interval.,"Does not assert reduction to [0,q).",LOC-C01-UA,mlk_poly_add_cleanroom/PA 1/V2/cleanroom_mlk_poly_add_fips_relational_harness_v2.c,PARTIAL,mlk_poly_add_cleanroom.zip,ac9eae921e26342de0508d08c312605fede5a339b3921b065e2d56ea59c286de,mlk_poly_add_cleanroom/PA 1/V2/cleanroom_mlk_poly_add_fips_relational_harness_v2.c,307dce610586398ad3d7196790e28e9ee0656ee8b879741cfff81fd72b3a550e,RESOLVED,1,supplementary-evidence-reconciliation/consolidated-mlkem-cbmc-verification-harnesses-12-campaigns/poly_add_harness_set/harnesses/cleanroom_mlk_poly_add_fips_relational_harness_v2.c,307dce610586398ad3d7196790e28e9ee0656ee8b879741cfff81fd72b3a550e,RESOLVED_HASH_MATCH,11
PR-C01-006,1,UNASSISTED,mlk_poly_add,PA-01.P4,FIPS-domain modulo-q refinement,Modular refinement,d9613cf60de3132d32475c102d8c2781d84feb34,ML-KEM-768 primary; PA-06 additionally 512/768/1024,"Canonical coefficient arrays a,b in [0,q-1]","Canonical ML-KEM coefficients 0 <= a[i],b[i] < q; valid separate objects; unchanged production body; complete registered unwinding.",canon_q(r[i]) = canon_q(a[i] + b[i]),PA-01 V2 semantic assertion family,SUPPORTED,YES,YES,SUPPORTED,Selected PA-07 sensitivity evidence; complete PA-07 matrix only partially retained,The unreduced stored result represents the expected element of Z_q.,Not a claim that r[i] itself is canonical.,LOC-C01-UA,mlk_poly_add_cleanroom/PA 1/V2/cleanroom_mlk_poly_add_fips_relational_harness_v2.c,PARTIAL,mlk_poly_add_cleanroom.zip,ac9eae921e26342de0508d08c312605fede5a339b3921b065e2d56ea59c286de,mlk_poly_add_cleanroom/PA 1/V2/cleanroom_mlk_poly_add_fips_relational_harness_v2.c,307dce610586398ad3d7196790e28e9ee0656ee8b879741cfff81fd72b3a550e,RESOLVED,1,supplementary-evidence-reconciliation/consolidated-mlkem-cbmc-verification-harnesses-12-campaigns/poly_add_harness_set/harnesses/cleanroom_mlk_poly_add_fips_relational_harness_v2.c,307dce610586398ad3d7196790e28e9ee0656ee8b879741cfff81fd72b3a550e,RESOLVED_HASH_MATCH,11
PR-C01-007,1,UNASSISTED,mlk_poly_add,PA-01.P5A,Left-input frame preservation,Frame,d9613cf60de3132d32475c102d8c2781d84feb34,ML-KEM-768 primary; PA-06 additionally 512/768/1024,"Canonical coefficient arrays a,b in [0,q-1]","Canonical ML-KEM coefficients 0 <= a[i],b[i] < q; valid separate objects; unchanged production body; complete registered unwinding.",a_after = a_before,PA-01 V2 semantic assertion family,SUPPORTED,YES,YES,SUPPORTED,Selected PA-07 sensitivity evidence; complete PA-07 matrix only partially retained,The left read-only input is preserved.,Limited to the modelled input object.,LOC-C01-UA,mlk_poly_add_cleanroom/PA 1/V2/cleanroom_mlk_poly_add_fips_relational_harness_v2.c,PARTIAL,mlk_poly_add_cleanroom.zip,ac9eae921e26342de0508d08c312605fede5a339b3921b065e2d56ea59c286de,mlk_poly_add_cleanroom/PA 1/V2/cleanroom_mlk_poly_add_fips_relational_harness_v2.c,307dce610586398ad3d7196790e28e9ee0656ee8b879741cfff81fd72b3a550e,RESOLVED,1,supplementary-evidence-reconciliation/consolidated-mlkem-cbmc-verification-harnesses-12-campaigns/poly_add_harness_set/harnesses/cleanroom_mlk_poly_add_fips_relational_harness_v2.c,307dce610586398ad3d7196790e28e9ee0656ee8b879741cfff81fd72b3a550e,RESOLVED_HASH_MATCH,11
PR-C01-008,1,UNASSISTED,mlk_poly_add,PA-01.P5B,Right-input frame preservation,Frame,d9613cf60de3132d32475c102d8c2781d84feb34,ML-KEM-768 primary; PA-06 additionally 512/768/1024,"Canonical coefficient arrays a,b in [0,q-1]","Canonical ML-KEM coefficients 0 <= a[i],b[i] < q; valid separate objects; unchanged production body; complete registered unwinding.",b_after = b_before,PA-01 V2 semantic assertion family,SUPPORTED,YES,YES,SUPPORTED,Selected PA-07 sensitivity evidence; complete PA-07 matrix only partially retained,The right read-only input is preserved.,Limited to the modelled input object.,LOC-C01-UA,mlk_poly_add_cleanroom/PA 1/V2/cleanroom_mlk_poly_add_fips_relational_harness_v2.c,PARTIAL,mlk_poly_add_cleanroom.zip,ac9eae921e26342de0508d08c312605fede5a339b3921b065e2d56ea59c286de,mlk_poly_add_cleanroom/PA 1/V2/cleanroom_mlk_poly_add_fips_relational_harness_v2.c,307dce610586398ad3d7196790e28e9ee0656ee8b879741cfff81fd72b3a550e,RESOLVED,1,supplementary-evidence-reconciliation/consolidated-mlkem-cbmc-verification-harnesses-12-campaigns/poly_add_harness_set/harnesses/cleanroom_mlk_poly_add_fips_relational_harness_v2.c,307dce610586398ad3d7196790e28e9ee0656ee8b879741cfff81fd72b3a550e,RESOLVED_HASH_MATCH,11
PR-C01-009,1,UNASSISTED,mlk_poly_add,PA-01.P5C,Zero-operand frame preservation,Frame,d9613cf60de3132d32475c102d8c2781d84feb34,ML-KEM-768 primary; PA-06 additionally 512/768/1024,"Canonical coefficient arrays a,b in [0,q-1]","Canonical ML-KEM coefficients 0 <= a[i],b[i] < q; valid separate objects; unchanged production body; complete registered unwinding.",zero_after = zero_before,PA-01 V2 semantic assertion family,SUPPORTED,YES,YES,SUPPORTED,Selected PA-07 sensitivity evidence; complete PA-07 matrix only partially retained,The modelled zero operand is preserved.,Limited to the modelled zero object.,LOC-C01-UA,mlk_poly_add_cleanroom/PA 1/V2/cleanroom_mlk_poly_add_fips_relational_harness_v2.c,PARTIAL,mlk_poly_add_cleanroom.zip,ac9eae921e26342de0508d08c312605fede5a339b3921b065e2d56ea59c286de,mlk_poly_add_cleanroom/PA 1/V2/cleanroom_mlk_poly_add_fips_relational_harness_v2.c,307dce610586398ad3d7196790e28e9ee0656ee8b879741cfff81fd72b3a550e,RESOLVED,1,supplementary-evidence-reconciliation/consolidated-mlkem-cbmc-verification-harnesses-12-campaigns/poly_add_harness_set/harnesses/cleanroom_mlk_poly_add_fips_relational_harness_v2.c,307dce610586398ad3d7196790e28e9ee0656ee8b879741cfff81fd72b3a550e,RESOLVED_HASH_MATCH,11
PR-C01-010,1,UNASSISTED,mlk_poly_add,PA-01.P6,Canonical-domain commutativity,Relational,d9613cf60de3132d32475c102d8c2781d84feb34,ML-KEM-768 primary; PA-06 additionally 512/768/1024,"Canonical coefficient arrays a,b in [0,q-1]","Canonical ML-KEM coefficients 0 <= a[i],b[i] < q; valid separate objects; unchanged production body; complete registered unwinding.","add(a,b) = add(b,a)",PA-01 V2 semantic assertion family,SUPPORTED,YES,YES,SUPPORTED,Selected PA-07 sensitivity evidence; complete PA-07 matrix only partially retained,Two production executions commute on canonical inputs.,Not evidence for calls violating the production aliasing contract.,LOC-C01-UA,mlk_poly_add_cleanroom/PA 1/V2/cleanroom_mlk_poly_add_fips_relational_harness_v2.c,PARTIAL,mlk_poly_add_cleanroom.zip,ac9eae921e26342de0508d08c312605fede5a339b3921b065e2d56ea59c286de,mlk_poly_add_cleanroom/PA 1/V2/cleanroom_mlk_poly_add_fips_relational_harness_v2.c,307dce610586398ad3d7196790e28e9ee0656ee8b879741cfff81fd72b3a550e,RESOLVED,1,supplementary-evidence-reconciliation/consolidated-mlkem-cbmc-verification-harnesses-12-campaigns/poly_add_harness_set/harnesses/cleanroom_mlk_poly_add_fips_relational_harness_v2.c,307dce610586398ad3d7196790e28e9ee0656ee8b879741cfff81fd72b3a550e,RESOLVED_HASH_MATCH,11
PR-C01-011,1,UNASSISTED,mlk_poly_add,PA-01.P7,Canonical-domain additive identity,Relational algebraic,d9613cf60de3132d32475c102d8c2781d84feb34,ML-KEM-768 primary; PA-06 additionally 512/768/1024,"Canonical coefficient arrays a,b in [0,q-1]","Canonical ML-KEM coefficients 0 <= a[i],b[i] < q; valid separate objects; unchanged production body; complete registered unwinding.","add(a,0) = a",PA-01 V2 semantic assertion family,SUPPORTED,YES,YES,SUPPORTED,Selected PA-07 sensitivity evidence; complete PA-07 matrix only partially retained,Zero is an additive identity on the canonical input domain.,Not an unrestricted statement over invalid objects or changed builds.,LOC-C01-UA,mlk_poly_add_cleanroom/PA 1/V2/cleanroom_mlk_poly_add_fips_relational_harness_v2.c,PARTIAL,mlk_poly_add_cleanroom.zip,ac9eae921e26342de0508d08c312605fede5a339b3921b065e2d56ea59c286de,mlk_poly_add_cleanroom/PA 1/V2/cleanroom_mlk_poly_add_fips_relational_harness_v2.c,307dce610586398ad3d7196790e28e9ee0656ee8b879741cfff81fd72b3a550e,RESOLVED,1,supplementary-evidence-reconciliation/consolidated-mlkem-cbmc-verification-harnesses-12-campaigns/poly_add_harness_set/harnesses/cleanroom_mlk_poly_add_fips_relational_harness_v2.c,307dce610586398ad3d7196790e28e9ee0656ee8b879741cfff81fd72b3a550e,RESOLVED_HASH_MATCH,11
PR-C01-012,1,UNASSISTED,mlk_poly_add,PA-02A.P1,Exact signed coefficient addition,Functional refinement,d9613cf60de3132d32475c102d8c2781d84feb34,ML-KEM-768 primary; PA-06 additionally 512/768/1024,All int16_t coefficient pairs whose mathematical sum is int16_t-representable,"Valid, separately modelled objects unless an alias diagnostic explicitly states otherwise; unchanged production target; complete registered loop unwinding.",r[i] = int32(a[i]) + int32(b[i]),PA-02A exact-signed harness assertion family,SUPPORTED,YES,YES,SUPPORTED,PA-07 selected mutants; complete matrix partially retained,Exact coefficient-wise addition for the representable signed domain.,Not unrestricted arithmetic beyond int16_t representability; not whole-ML-KEM correctness.,LOC-C01-UA,mlk_poly_add_cleanroom/PA 2/SLICED VERIFICATION/pa02a_mlk_poly_add_exact_signed_contract_valid_harness.c,PARTIAL,mlk_poly_add_cleanroom.zip,ac9eae921e26342de0508d08c312605fede5a339b3921b065e2d56ea59c286de,mlk_poly_add_cleanroom/PA 2/SLICED VERIFICATION/pa02a_mlk_poly_add_exact_signed_contract_valid_harness.c,62c787783c2b5e75014cbe975c35f72cb58b4d6fdf4a418defc1171eaa2498ec,RESOLVED,1,supplementary-evidence-reconciliation/consolidated-mlkem-cbmc-verification-harnesses-12-campaigns/poly_add_harness_set/historical-harnesses/pa02a_mlk_poly_add_exact_signed_contract_valid_harness.c,62c787783c2b5e75014cbe975c35f72cb58b4d6fdf4a418defc1171eaa2498ec,RESOLVED_HASH_MATCH,4
PR-C01-013,1,UNASSISTED,mlk_poly_add,PA-02B.P2,Modulo-q addition refinement,Modular refinement,d9613cf60de3132d32475c102d8c2781d84feb34,ML-KEM-768 primary; PA-06 additionally 512/768/1024,Representable signed coefficient sums,"Valid, separately modelled objects unless an alias diagnostic explicitly states otherwise; unchanged production target; complete registered loop unwinding.",canon_q(r[i]) = canon_q(a[i] + b[i]),PA-02B modulo-q harness; final raw verdict not retained,SUPPORTED_WITH_PARTIAL_PRESERVATION,YES,YES,SUPPORTED,Not fully retained,Production result has the expected residue modulo q under the accepted domain.,Not a canonical-output claim; final raw PA-02B verdict is a preservation gap.,LOC-C01-UA,mlk_poly_add_cleanroom/PA 2/SLICED VERIFICATION/pa02b_mlk_poly_add_modq_refinement_contract_valid_harness.c,PARTIAL,mlk_poly_add_cleanroom.zip,ac9eae921e26342de0508d08c312605fede5a339b3921b065e2d56ea59c286de,mlk_poly_add_cleanroom/PA 2/SLICED VERIFICATION/pa02b_mlk_poly_add_modq_refinement_contract_valid_harness.c,99a90ed4b0971fdaeac55cc36273fcb626a090833662e2929f2ea31fb8cea055,RESOLVED,1,supplementary-evidence-reconciliation/consolidated-mlkem-cbmc-verification-harnesses-12-campaigns/poly_add_harness_set/historical-harnesses/pa02b_mlk_poly_add_modq_refinement_contract_valid_harness.c,99a90ed4b0971fdaeac55cc36273fcb626a090833662e2929f2ea31fb8cea055,RESOLVED_HASH_MATCH,4
PR-C01-014,1,UNASSISTED,mlk_poly_add,PA-02B.P3,Canonical-residue addition compatibility,Representation refinement,d9613cf60de3132d32475c102d8c2781d84feb34,ML-KEM-768 primary; PA-06 additionally 512/768/1024,Representable signed coefficient sums,"Valid, separately modelled objects unless an alias diagnostic explicitly states otherwise; unchanged production target; complete registered loop unwinding.",canon_q(r[i]) = canon_q(canon_q(a[i]) + canon_q(b[i])),PA-02B canonical-residue assertion family,SUPPORTED_WITH_PARTIAL_PRESERVATION,YES,YES,SUPPORTED,Not fully retained,Signed/non-canonical representatives refine to the expected ring-Z_q addition.,Does not assert r[i] itself is canonical.,LOC-C01-UA,mlk_poly_add_cleanroom/PA 2/SLICED VERIFICATION/pa02b_mlk_poly_add_modq_refinement_contract_valid_harness.c,PARTIAL,mlk_poly_add_cleanroom.zip,ac9eae921e26342de0508d08c312605fede5a339b3921b065e2d56ea59c286de,mlk_poly_add_cleanroom/PA 2/SLICED VERIFICATION/pa02b_mlk_poly_add_modq_refinement_contract_valid_harness.c,99a90ed4b0971fdaeac55cc36273fcb626a090833662e2929f2ea31fb8cea055,RESOLVED,1,supplementary-evidence-reconciliation/consolidated-mlkem-cbmc-verification-harnesses-12-campaigns/poly_add_harness_set/historical-harnesses/pa02b_mlk_poly_add_modq_refinement_contract_valid_harness.c,99a90ed4b0971fdaeac55cc36273fcb626a090833662e2929f2ea31fb8cea055,RESOLVED_HASH_MATCH,4
PR-C01-015,1,UNASSISTED,mlk_poly_add,PA-02C.P4,Read-only input and guard preservation,Frame,d9613cf60de3132d32475c102d8c2781d84feb34,ML-KEM-768 primary; PA-06 additionally 512/768/1024,Representable signed coefficient sums,"Valid, separately modelled objects unless an alias diagnostic explicitly states otherwise; unchanged production target; complete registered loop unwinding.",a_after=a_before; b_after=b_before; registered guards unchanged,PA-02C frame harness,SUPPORTED,YES,YES,SUPPORTED,PROPERTY-DEPENDENT,The modelled read-only operands and guards are preserved.,Does not establish a universal footprint beyond modelled objects.,LOC-C01-UA,mlk_poly_add_cleanroom/PA 2/SLICED VERIFICATION/pa02c_mlk_poly_add_readonly_frame_contract_valid_harness.c,PARTIAL,mlk_poly_add_cleanroom.zip,ac9eae921e26342de0508d08c312605fede5a339b3921b065e2d56ea59c286de,mlk_poly_add_cleanroom/PA 2/SLICED VERIFICATION/pa02c_mlk_poly_add_readonly_frame_contract_valid_harness.c,dd47663b305d3c0c30753940a545eb35d72137309a8182fa51fdaef4f184d319,RESOLVED,1,supplementary-evidence-reconciliation/consolidated-mlkem-cbmc-verification-harnesses-12-campaigns/poly_add_harness_set/historical-harnesses/pa02c_mlk_poly_add_readonly_frame_contract_valid_harness.c,dd47663b305d3c0c30753940a545eb35d72137309a8182fa51fdaef4f184d319,RESOLVED_HASH_MATCH,4
PR-C01-016,1,UNASSISTED,mlk_poly_add,PA-02D.P5,Commutativity of two production executions,Relational,d9613cf60de3132d32475c102d8c2781d84feb34,ML-KEM-768 primary; PA-06 additionally 512/768/1024,Representable signed coefficient sums for both executions,"Valid, separately modelled objects unless an alias diagnostic explicitly states otherwise; unchanged production target; complete registered loop unwinding.","add(a,b)[i] = add(b,a)[i]",PA-02D commutativity harness,SUPPORTED,YES,YES,SUPPORTED,PROPERTY-DEPENDENT,Production executions commute under the accepted domain.,Not evidence for aliasing calls outside the contract.,LOC-C01-UA,mlk_poly_add_cleanroom/PA 2/SLICED VERIFICATION/pa02d_mlk_poly_add_commutativity_contract_valid_harness.c,PARTIAL,mlk_poly_add_cleanroom.zip,ac9eae921e26342de0508d08c312605fede5a339b3921b065e2d56ea59c286de,mlk_poly_add_cleanroom/PA 2/SLICED VERIFICATION/pa02d_mlk_poly_add_commutativity_contract_valid_harness.c,08569fdde0520c27c249af5d27fb2dddfc54c7bd7220855b5fa10a7a350e8746,RESOLVED,1,supplementary-evidence-reconciliation/consolidated-mlkem-cbmc-verification-harnesses-12-campaigns/poly_add_harness_set/historical-harnesses/pa02d_mlk_poly_add_commutativity_contract_valid_harness.c,08569fdde0520c27c249af5d27fb2dddfc54c7bd7220855b5fa10a7a350e8746,RESOLVED_HASH_MATCH,4
PR-C01-017,1,UNASSISTED,mlk_poly_add,PA-02E.P6,Additive identity,Algebraic relational,d9613cf60de3132d32475c102d8c2781d84feb34,ML-KEM-768 primary; PA-06 additionally 512/768/1024,All int16_t coefficients in a; zero polynomial as second operand,"Valid, separately modelled objects unless an alias diagnostic explicitly states otherwise; unchanged production target; complete registered loop unwinding.","add(a,0)=a",PA-02E identity harness,SUPPORTED,YES,YES,SUPPORTED,PROPERTY-DEPENDENT,Zero is an additive identity for the production operation over the encoded signed domain.,Not a claim about normalization or arbitrary memory aliasing.,LOC-C01-UA,mlk_poly_add_cleanroom/PA 2/SLICED VERIFICATION/pa02e_mlk_poly_add_additive_identity_full_signed_harness.c,PARTIAL,mlk_poly_add_cleanroom.zip,ac9eae921e26342de0508d08c312605fede5a339b3921b065e2d56ea59c286de,mlk_poly_add_cleanroom/PA 2/SLICED VERIFICATION/pa02e_mlk_poly_add_additive_identity_full_signed_harness.c,b87e9748158b8b0a55182119fd9e32f7daa1b7ce8e7e4ed1a6d4c2dac2c4a291,RESOLVED,1,supplementary-evidence-reconciliation/consolidated-mlkem-cbmc-verification-harnesses-12-campaigns/poly_add_harness_set/historical-harnesses/pa02e_mlk_poly_add_additive_identity_full_signed_harness.c,b87e9748158b8b0a55182119fd9e32f7daa1b7ce8e7e4ed1a6d4c2dac2c4a291,RESOLVED_HASH_MATCH,4
PR-C01-018,1,UNASSISTED,mlk_poly_add,PA-03.N1,Unrestricted signed exact-addition claim,Meaningful negative,d9613cf60de3132d32475c102d8c2781d84feb34,ML-KEM-768 primary; PA-06 additionally 512/768/1024,"Arbitrary int16_t a,b without representability restriction",Deliberately removes required representability condition,r[i] = mathematical a[i]+b[i] for all pairs,PA-03 negative-control harness,MEANINGFUL_NEGATIVE,YES,YES,COUNTEREXAMPLE,N/A,Counterexample confirms unrestricted exact-addition claim is false in the C/int16 model.,Does not refute the representability-qualified PA-02A claim.,LOC-C01-UA,mlk_poly_add_cleanroom/PA3/pa03_mlk_poly_add_unrestricted_negative_control_harness.c,PARTIAL,mlk_poly_add_cleanroom.zip,ac9eae921e26342de0508d08c312605fede5a339b3921b065e2d56ea59c286de,mlk_poly_add_cleanroom/PA3/pa03_mlk_poly_add_unrestricted_negative_control_harness.c,37f9893284959fc9406d7e4bee06848b7c4e9e1cf717fe3c0d699ac5ca0f2487,RESOLVED,1,experiments/poly-add/PA03-unrestricted-negative-control/curated-records/pa03_mlk_poly_add_unrestricted_negative_control_harness.c,37f9893284959fc9406d7e4bee06848b7c4e9e1cf717fe3c0d699ac5ca0f2487,RESOLVED_HASH_MATCH,6
PR-C01-019,1,UNASSISTED,mlk_poly_add,PA-04A.P1,Safe-alias exact doubling,Aliasing diagnostic,d9613cf60de3132d32475c102d8c2781d84feb34,ML-KEM-768 primary; PA-06 additionally 512/768/1024,Out-of-contract r==b diagnostic with coefficient doubling representable,Diagnostic only; no change to production contract,r[i]=2*before_r[i],PA-04A alias-safe harness,SUPPORTED_DIAGNOSTIC,YES,YES,SUPPORTED,PROPERTY-DEPENDENT,The selected safe alias diagnostic behaves as stated.,Does not authorize aliasing in production contracts.,LOC-C01-UA,mlk_poly_add_cleanroom/PA4/pa04a_mlk_poly_add_alias_safe_doubling_harness.c,PARTIAL,mlk_poly_add_cleanroom.zip,ac9eae921e26342de0508d08c312605fede5a339b3921b065e2d56ea59c286de,mlk_poly_add_cleanroom/PA4/pa04a_mlk_poly_add_alias_safe_doubling_harness.c,d03869edcf12179e98feff2d1ddb84025474a13ac133fc140040615eddd6d4a4,RESOLVED,1,experiments/poly-add/PA04-aliasing-diagnostic/curated-records/pa04a_mlk_poly_add_alias_safe_doubling_harness.c,d03869edcf12179e98feff2d1ddb84025474a13ac133fc140040615eddd6d4a4,RESOLVED_HASH_MATCH,6
PR-C01-020,1,UNASSISTED,mlk_poly_add,PA-04A.P2,Safe-alias modulo-q doubling,Aliasing diagnostic,d9613cf60de3132d32475c102d8c2781d84feb34,ML-KEM-768 primary; PA-06 additionally 512/768/1024,Out-of-contract r==b diagnostic with coefficient doubling representable,Diagnostic only; no change to production contract,canon_q(r[i])=canon_q(2*before_r[i]),PA-04A alias-safe harness,SUPPORTED_DIAGNOSTIC,YES,YES,SUPPORTED,PROPERTY-DEPENDENT,The selected safe alias diagnostic behaves as stated.,Does not authorize aliasing in production contracts.,LOC-C01-UA,mlk_poly_add_cleanroom/PA4/pa04a_mlk_poly_add_alias_safe_doubling_harness.c,PARTIAL,mlk_poly_add_cleanroom.zip,ac9eae921e26342de0508d08c312605fede5a339b3921b065e2d56ea59c286de,mlk_poly_add_cleanroom/PA4/pa04a_mlk_poly_add_alias_safe_doubling_harness.c,d03869edcf12179e98feff2d1ddb84025474a13ac133fc140040615eddd6d4a4,RESOLVED,1,experiments/poly-add/PA04-aliasing-diagnostic/curated-records/pa04a_mlk_poly_add_alias_safe_doubling_harness.c,d03869edcf12179e98feff2d1ddb84025474a13ac133fc140040615eddd6d4a4,RESOLVED_HASH_MATCH,6
PR-C01-021,1,UNASSISTED,mlk_poly_add,PA-04A.P3,Safe-alias canonical-residue compatibility,Aliasing diagnostic,d9613cf60de3132d32475c102d8c2781d84feb34,ML-KEM-768 primary; PA-06 additionally 512/768/1024,Out-of-contract r==b diagnostic with coefficient doubling representable,Diagnostic only; no change to production contract,canon_q(r[i])=canon_q(2*canon_q(before_r[i])),PA-04A alias-safe harness,SUPPORTED_DIAGNOSTIC,YES,YES,SUPPORTED,PROPERTY-DEPENDENT,The selected safe alias diagnostic behaves as stated.,Does not authorize aliasing in production contracts.,LOC-C01-UA,mlk_poly_add_cleanroom/PA4/pa04a_mlk_poly_add_alias_safe_doubling_harness.c,PARTIAL,mlk_poly_add_cleanroom.zip,ac9eae921e26342de0508d08c312605fede5a339b3921b065e2d56ea59c286de,mlk_poly_add_cleanroom/PA4/pa04a_mlk_poly_add_alias_safe_doubling_harness.c,d03869edcf12179e98feff2d1ddb84025474a13ac133fc140040615eddd6d4a4,RESOLVED,1,experiments/poly-add/PA04-aliasing-diagnostic/curated-records/pa04a_mlk_poly_add_alias_safe_doubling_harness.c,d03869edcf12179e98feff2d1ddb84025474a13ac133fc140040615eddd6d4a4,RESOLVED_HASH_MATCH,6
PR-C01-022,1,UNASSISTED,mlk_poly_add,PA-04A.P4,Alias/disjoint observational equivalence,Aliasing diagnostic,d9613cf60de3132d32475c102d8c2781d84feb34,ML-KEM-768 primary; PA-06 additionally 512/768/1024,Out-of-contract r==b diagnostic with coefficient doubling representable,Diagnostic only; no change to production contract,"alias_result = disjoint_add(before_r,before_r)",PA-04A alias-safe harness,SUPPORTED_DIAGNOSTIC,YES,YES,SUPPORTED,PROPERTY-DEPENDENT,The selected safe alias diagnostic behaves as stated.,Does not authorize aliasing in production contracts.,LOC-C01-UA,mlk_poly_add_cleanroom/PA4/pa04a_mlk_poly_add_alias_safe_doubling_harness.c,PARTIAL,mlk_poly_add_cleanroom.zip,ac9eae921e26342de0508d08c312605fede5a339b3921b065e2d56ea59c286de,mlk_poly_add_cleanroom/PA4/pa04a_mlk_poly_add_alias_safe_doubling_harness.c,d03869edcf12179e98feff2d1ddb84025474a13ac133fc140040615eddd6d4a4,RESOLVED,1,experiments/poly-add/PA04-aliasing-diagnostic/curated-records/pa04a_mlk_poly_add_alias_safe_doubling_harness.c,d03869edcf12179e98feff2d1ddb84025474a13ac133fc140040615eddd6d4a4,RESOLVED_HASH_MATCH,6
PR-C01-023,1,UNASSISTED,mlk_poly_add,PA-04A.P5,Reference-input frame,Aliasing diagnostic,d9613cf60de3132d32475c102d8c2781d84feb34,ML-KEM-768 primary; PA-06 additionally 512/768/1024,Out-of-contract r==b diagnostic with coefficient doubling representable,Diagnostic only; no change to production contract,reference input remains unchanged,PA-04A alias-safe harness,SUPPORTED_DIAGNOSTIC,YES,YES,SUPPORTED,PROPERTY-DEPENDENT,The selected safe alias diagnostic behaves as stated.,Does not authorize aliasing in production contracts.,LOC-C01-UA,mlk_poly_add_cleanroom/PA4/pa04a_mlk_poly_add_alias_safe_doubling_harness.c,PARTIAL,mlk_poly_add_cleanroom.zip,ac9eae921e26342de0508d08c312605fede5a339b3921b065e2d56ea59c286de,mlk_poly_add_cleanroom/PA4/pa04a_mlk_poly_add_alias_safe_doubling_harness.c,d03869edcf12179e98feff2d1ddb84025474a13ac133fc140040615eddd6d4a4,RESOLVED,1,experiments/poly-add/PA04-aliasing-diagnostic/curated-records/pa04a_mlk_poly_add_alias_safe_doubling_harness.c,d03869edcf12179e98feff2d1ddb84025474a13ac133fc140040615eddd6d4a4,RESOLVED_HASH_MATCH,6
PR-C01-024,1,UNASSISTED,mlk_poly_add,PA-04A.P6,Derived safe-alias output range,Aliasing diagnostic,d9613cf60de3132d32475c102d8c2781d84feb34,ML-KEM-768 primary; PA-06 additionally 512/768/1024,Out-of-contract r==b diagnostic with coefficient doubling representable,Diagnostic only; no change to production contract,r lies in the representable doubled-input interval,PA-04A alias-safe harness,SUPPORTED_DIAGNOSTIC,YES,YES,SUPPORTED,PROPERTY-DEPENDENT,The selected safe alias diagnostic behaves as stated.,Does not authorize aliasing in production contracts.,LOC-C01-UA,mlk_poly_add_cleanroom/PA4/pa04a_mlk_poly_add_alias_safe_doubling_harness.c,PARTIAL,mlk_poly_add_cleanroom.zip,ac9eae921e26342de0508d08c312605fede5a339b3921b065e2d56ea59c286de,mlk_poly_add_cleanroom/PA4/pa04a_mlk_poly_add_alias_safe_doubling_harness.c,d03869edcf12179e98feff2d1ddb84025474a13ac133fc140040615eddd6d4a4,RESOLVED,1,experiments/poly-add/PA04-aliasing-diagnostic/curated-records/pa04a_mlk_poly_add_alias_safe_doubling_harness.c,d03869edcf12179e98feff2d1ddb84025474a13ac133fc140040615eddd6d4a4,RESOLVED_HASH_MATCH,6
PR-C01-025,1,UNASSISTED,mlk_poly_add,PA-04B.N1,Unrestricted alias-doubling claim,Meaningful negative,d9613cf60de3132d32475c102d8c2781d84feb34,ML-KEM-768 primary; PA-06 additionally 512/768/1024,Arbitrary int16_t aliased coefficients without doubling representability,Deliberately unrestricted diagnostic,r[i]=2*before_r[i] for all int16_t values,PA-04B negative-control harness,MEANINGFUL_NEGATIVE,YES,YES,COUNTEREXAMPLE,N/A,Unrestricted alias-doubling claim is false due to finite-width conversion/overflow boundary.,Does not refute PA-04A under its restricted diagnostic domain.,LOC-C01-UA,mlk_poly_add_cleanroom/PA4/pa04b_mlk_poly_add_alias_unrestricted_negative_control_harness.c,PARTIAL,mlk_poly_add_cleanroom.zip,ac9eae921e26342de0508d08c312605fede5a339b3921b065e2d56ea59c286de,mlk_poly_add_cleanroom/PA4/pa04b_mlk_poly_add_alias_unrestricted_negative_control_harness.c,de2e0689d3470cf992533912e6689ac223d8408967b42e8082ac46af8545e528,RESOLVED,1,experiments/poly-add/PA04-aliasing-diagnostic/curated-records/pa04b_mlk_poly_add_alias_unrestricted_negative_control_harness.c,de2e0689d3470cf992533912e6689ac223d8408967b42e8082ac46af8545e528,RESOLVED_HASH_MATCH,6
PR-C01-026,1,UNASSISTED,mlk_poly_add,PA05A-B1,ML-KEM-768 parameter binding,Structural,d9613cf60de3132d32475c102d8c2781d84feb34,ML-KEM-768 primary; PA-06 additionally 512/768/1024,"MLKEM_N=256, q=3329, K=3","PA-05 caller-specific source contracts; safe-sum obligations are assertions, not assumptions",constants match frozen build,PA-05A/B/C harness property marker,SUPPORTED,YES,YES,SUPPORTED,PA-07 selected caller/target mutants; complete matrix partially retained,Caller-specific obligation recorded with the stated status.,Not complete functional correctness of mlk_indcpa_enc or every producer.,LOC-C01-UA,mlk_poly_add_cleanroom/PA 5/pa05a_mlk_poly_add_polyvec_production_callsite_harness.c,PARTIAL,mlk_poly_add_cleanroom.zip,ac9eae921e26342de0508d08c312605fede5a339b3921b065e2d56ea59c286de,mlk_poly_add_cleanroom/PA 5/pa05a_mlk_poly_add_polyvec_production_callsite_harness.c,ef23dd1db28254c88fcf9216759dce7cade46138dc5fc6c2e56a59bcf101a87e,RESOLVED,1,experiments/poly-add/PA05-production-callsites/curated-records/pa05a_mlk_poly_add_polyvec_production_callsite_harness.c,ef23dd1db28254c88fcf9216759dce7cade46138dc5fc6c2e56a59bcf101a87e,RESOLVED_HASH_MATCH,6
PR-C01-027,1,UNASSISTED,mlk_poly_add,PA05A-D1,Vector-object separation,Object integrity,d9613cf60de3132d32475c102d8c2781d84feb34,ML-KEM-768 primary; PA-06 additionally 512/768/1024,r and b are distinct vector objects,"PA-05 caller-specific source contracts; safe-sum obligations are assertions, not assumptions",&r != &b,PA-05A/B/C harness property marker,SUPPORTED,YES,YES,SUPPORTED,PA-07 selected caller/target mutants; complete matrix partially retained,Caller-specific obligation recorded with the stated status.,Not complete functional correctness of mlk_indcpa_enc or every producer.,LOC-C01-UA,mlk_poly_add_cleanroom/PA 5/pa05a_mlk_poly_add_polyvec_production_callsite_harness.c,PARTIAL,mlk_poly_add_cleanroom.zip,ac9eae921e26342de0508d08c312605fede5a339b3921b065e2d56ea59c286de,mlk_poly_add_cleanroom/PA 5/pa05a_mlk_poly_add_polyvec_production_callsite_harness.c,ef23dd1db28254c88fcf9216759dce7cade46138dc5fc6c2e56a59bcf101a87e,RESOLVED,1,experiments/poly-add/PA05-production-callsites/curated-records/pa05a_mlk_poly_add_polyvec_production_callsite_harness.c,ef23dd1db28254c88fcf9216759dce7cade46138dc5fc6c2e56a59bcf101a87e,RESOLVED_HASH_MATCH,6
PR-C01-028,1,UNASSISTED,mlk_poly_add,PA05A-D2,Nested component separation,Object integrity,d9613cf60de3132d32475c102d8c2781d84feb34,ML-KEM-768 primary; PA-06 additionally 512/768/1024,Each nested polynomial pair is distinct,"PA-05 caller-specific source contracts; safe-sum obligations are assertions, not assumptions",&r.vec[j] != &b.vec[j],PA-05A/B/C harness property marker,SUPPORTED,YES,YES,SUPPORTED,PA-07 selected caller/target mutants; complete matrix partially retained,Caller-specific obligation recorded with the stated status.,Not complete functional correctness of mlk_indcpa_enc or every producer.,LOC-C01-UA,mlk_poly_add_cleanroom/PA 5/pa05a_mlk_poly_add_polyvec_production_callsite_harness.c,PARTIAL,mlk_poly_add_cleanroom.zip,ac9eae921e26342de0508d08c312605fede5a339b3921b065e2d56ea59c286de,mlk_poly_add_cleanroom/PA 5/pa05a_mlk_poly_add_polyvec_production_callsite_harness.c,ef23dd1db28254c88fcf9216759dce7cade46138dc5fc6c2e56a59bcf101a87e,RESOLVED,1,experiments/poly-add/PA05-production-callsites/curated-records/pa05a_mlk_poly_add_polyvec_production_callsite_harness.c,ef23dd1db28254c88fcf9216759dce7cade46138dc5fc6c2e56a59bcf101a87e,RESOLVED_HASH_MATCH,6
PR-C01-029,1,UNASSISTED,mlk_poly_add,PA05A-P1,Exact component-wise caller result,Caller functional,d9613cf60de3132d32475c102d8c2781d84feb34,ML-KEM-768 primary; PA-06 additionally 512/768/1024,All component sums representable,"PA-05 caller-specific source contracts; safe-sum obligations are assertions, not assumptions",r_after[j][i]=r_before[j][i]+b_before[j][i],PA-05A/B/C harness property marker,SUPPORTED,YES,YES,SUPPORTED,PA-07 selected caller/target mutants; complete matrix partially retained,Caller-specific obligation recorded with the stated status.,Not complete functional correctness of mlk_indcpa_enc or every producer.,LOC-C01-UA,mlk_poly_add_cleanroom/PA 5/pa05a_mlk_poly_add_polyvec_production_callsite_harness.c,PARTIAL,mlk_poly_add_cleanroom.zip,ac9eae921e26342de0508d08c312605fede5a339b3921b065e2d56ea59c286de,mlk_poly_add_cleanroom/PA 5/pa05a_mlk_poly_add_polyvec_production_callsite_harness.c,ef23dd1db28254c88fcf9216759dce7cade46138dc5fc6c2e56a59bcf101a87e,RESOLVED,1,experiments/poly-add/PA05-production-callsites/curated-records/pa05a_mlk_poly_add_polyvec_production_callsite_harness.c,ef23dd1db28254c88fcf9216759dce7cade46138dc5fc6c2e56a59bcf101a87e,RESOLVED_HASH_MATCH,6
PR-C01-030,1,UNASSISTED,mlk_poly_add,PA05A-P2,Read-only vector preservation,Frame,d9613cf60de3132d32475c102d8c2781d84feb34,ML-KEM-768 primary; PA-06 additionally 512/768/1024,Same as PA05A,"PA-05 caller-specific source contracts; safe-sum obligations are assertions, not assumptions",b_after=b_before,PA-05A/B/C harness property marker,SUPPORTED,YES,YES,SUPPORTED,PA-07 selected caller/target mutants; complete matrix partially retained,Caller-specific obligation recorded with the stated status.,Not complete functional correctness of mlk_indcpa_enc or every producer.,LOC-C01-UA,mlk_poly_add_cleanroom/PA 5/pa05a_mlk_poly_add_polyvec_production_callsite_harness.c,PARTIAL,mlk_poly_add_cleanroom.zip,ac9eae921e26342de0508d08c312605fede5a339b3921b065e2d56ea59c286de,mlk_poly_add_cleanroom/PA 5/pa05a_mlk_poly_add_polyvec_production_callsite_harness.c,ef23dd1db28254c88fcf9216759dce7cade46138dc5fc6c2e56a59bcf101a87e,RESOLVED,1,experiments/poly-add/PA05-production-callsites/curated-records/pa05a_mlk_poly_add_polyvec_production_callsite_harness.c,ef23dd1db28254c88fcf9216759dce7cade46138dc5fc6c2e56a59bcf101a87e,RESOLVED_HASH_MATCH,6
PR-C01-031,1,UNASSISTED,mlk_poly_add,PA05B-G1,Inverse-NTT producer bound,Assumption grounding,d9613cf60de3132d32475c102d8c2781d84feb34,ML-KEM-768 primary; PA-06 additionally 512/768/1024,Documented producer guarantee,"PA-05 caller-specific source contracts; safe-sum obligations are assertions, not assumptions",|v[i]| < 8q,PA-05A/B/C harness property marker,ASSUMED_FROM_DOCUMENTED_GUARANTEE,YES,YES,SUPPORTED,PA-07 selected caller/target mutants; complete matrix partially retained,Caller-specific obligation recorded with the stated status.,Not complete functional correctness of mlk_indcpa_enc or every producer.,LOC-C01-UA,mlk_poly_add_cleanroom/PA 5/pa05b_mlk_poly_add_indcpa_epp_callsite_harness.c,PARTIAL,mlk_poly_add_cleanroom.zip,ac9eae921e26342de0508d08c312605fede5a339b3921b065e2d56ea59c286de,mlk_poly_add_cleanroom/PA 5/pa05b_mlk_poly_add_indcpa_epp_callsite_harness.c,8241d0631bb02aa7191e741fae1f2785e03e7c016b3a510dc74d7908c34ce7bc,RESOLVED,1,experiments/poly-add/PA05-production-callsites/curated-records/pa05b_mlk_poly_add_indcpa_epp_callsite_harness.c,8241d0631bb02aa7191e741fae1f2785e03e7c016b3a510dc74d7908c34ce7bc,RESOLVED_HASH_MATCH,6
PR-C01-032,1,UNASSISTED,mlk_poly_add,PA05B-G2,Error-polynomial producer bound,Assumption grounding,d9613cf60de3132d32475c102d8c2781d84feb34,ML-KEM-768 primary; PA-06 additionally 512/768/1024,Documented producer guarantee,"PA-05 caller-specific source contracts; safe-sum obligations are assertions, not assumptions",|epp[i]| < eta2+1,PA-05A/B/C harness property marker,ASSUMED_FROM_DOCUMENTED_GUARANTEE,YES,YES,SUPPORTED,PA-07 selected caller/target mutants; complete matrix partially retained,Caller-specific obligation recorded with the stated status.,Not complete functional correctness of mlk_indcpa_enc or every producer.,LOC-C01-UA,mlk_poly_add_cleanroom/PA 5/pa05b_mlk_poly_add_indcpa_epp_callsite_harness.c,PARTIAL,mlk_poly_add_cleanroom.zip,ac9eae921e26342de0508d08c312605fede5a339b3921b065e2d56ea59c286de,mlk_poly_add_cleanroom/PA 5/pa05b_mlk_poly_add_indcpa_epp_callsite_harness.c,8241d0631bb02aa7191e741fae1f2785e03e7c016b3a510dc74d7908c34ce7bc,RESOLVED,1,experiments/poly-add/PA05-production-callsites/curated-records/pa05b_mlk_poly_add_indcpa_epp_callsite_harness.c,8241d0631bb02aa7191e741fae1f2785e03e7c016b3a510dc74d7908c34ce7bc,RESOLVED_HASH_MATCH,6
PR-C01-033,1,UNASSISTED,mlk_poly_add,PA05B-P1,v+epp representability,Call-site discharge,d9613cf60de3132d32475c102d8c2781d84feb34,ML-KEM-768 primary; PA-06 additionally 512/768/1024,Producer bounds above,"PA-05 caller-specific source contracts; safe-sum obligations are assertions, not assumptions",INT16_MIN <= v[i]+epp[i] <= INT16_MAX,PA-05A/B/C harness property marker,SUPPORTED,YES,YES,SUPPORTED,PA-07 selected caller/target mutants; complete matrix partially retained,Caller-specific obligation recorded with the stated status.,Not complete functional correctness of mlk_indcpa_enc or every producer.,LOC-C01-UA,mlk_poly_add_cleanroom/PA 5/pa05b_mlk_poly_add_indcpa_epp_callsite_harness.c,PARTIAL,mlk_poly_add_cleanroom.zip,ac9eae921e26342de0508d08c312605fede5a339b3921b065e2d56ea59c286de,mlk_poly_add_cleanroom/PA 5/pa05b_mlk_poly_add_indcpa_epp_callsite_harness.c,8241d0631bb02aa7191e741fae1f2785e03e7c016b3a510dc74d7908c34ce7bc,RESOLVED,1,experiments/poly-add/PA05-production-callsites/curated-records/pa05b_mlk_poly_add_indcpa_epp_callsite_harness.c,8241d0631bb02aa7191e741fae1f2785e03e7c016b3a510dc74d7908c34ce7bc,RESOLVED_HASH_MATCH,6
PR-C01-034,1,UNASSISTED,mlk_poly_add,PA05B-P2,Exact v+epp result,Caller functional,d9613cf60de3132d32475c102d8c2781d84feb34,ML-KEM-768 primary; PA-06 additionally 512/768/1024,Producer bounds above,"PA-05 caller-specific source contracts; safe-sum obligations are assertions, not assumptions",v_after[i]=v_before[i]+epp_before[i],PA-05A/B/C harness property marker,SUPPORTED,YES,YES,SUPPORTED,PA-07 selected caller/target mutants; complete matrix partially retained,Caller-specific obligation recorded with the stated status.,Not complete functional correctness of mlk_indcpa_enc or every producer.,LOC-C01-UA,mlk_poly_add_cleanroom/PA 5/pa05b_mlk_poly_add_indcpa_epp_callsite_harness.c,PARTIAL,mlk_poly_add_cleanroom.zip,ac9eae921e26342de0508d08c312605fede5a339b3921b065e2d56ea59c286de,mlk_poly_add_cleanroom/PA 5/pa05b_mlk_poly_add_indcpa_epp_callsite_harness.c,8241d0631bb02aa7191e741fae1f2785e03e7c016b3a510dc74d7908c34ce7bc,RESOLVED,1,experiments/poly-add/PA05-production-callsites/curated-records/pa05b_mlk_poly_add_indcpa_epp_callsite_harness.c,8241d0631bb02aa7191e741fae1f2785e03e7c016b3a510dc74d7908c34ce7bc,RESOLVED_HASH_MATCH,6
PR-C01-035,1,UNASSISTED,mlk_poly_add,PA05B-P3,epp frame,Frame,d9613cf60de3132d32475c102d8c2781d84feb34,ML-KEM-768 primary; PA-06 additionally 512/768/1024,Producer bounds above,"PA-05 caller-specific source contracts; safe-sum obligations are assertions, not assumptions",epp_after=epp_before,PA-05A/B/C harness property marker,SUPPORTED,YES,YES,SUPPORTED,PA-07 selected caller/target mutants; complete matrix partially retained,Caller-specific obligation recorded with the stated status.,Not complete functional correctness of mlk_indcpa_enc or every producer.,LOC-C01-UA,mlk_poly_add_cleanroom/PA 5/pa05b_mlk_poly_add_indcpa_epp_callsite_harness.c,PARTIAL,mlk_poly_add_cleanroom.zip,ac9eae921e26342de0508d08c312605fede5a339b3921b065e2d56ea59c286de,mlk_poly_add_cleanroom/PA 5/pa05b_mlk_poly_add_indcpa_epp_callsite_harness.c,8241d0631bb02aa7191e741fae1f2785e03e7c016b3a510dc74d7908c34ce7bc,RESOLVED,1,experiments/poly-add/PA05-production-callsites/curated-records/pa05b_mlk_poly_add_indcpa_epp_callsite_harness.c,8241d0631bb02aa7191e741fae1f2785e03e7c016b3a510dc74d7908c34ce7bc,RESOLVED_HASH_MATCH,6
PR-C01-036,1,UNASSISTED,mlk_poly_add,PA05B-P4,Derived first-call output interval,Range,d9613cf60de3132d32475c102d8c2781d84feb34,ML-KEM-768 primary; PA-06 additionally 512/768/1024,Producer bounds above,"PA-05 caller-specific source contracts; safe-sum obligations are assertions, not assumptions",v_after lies in the derived producer-bound interval,PA-05A/B/C harness property marker,SUPPORTED,YES,YES,SUPPORTED,PA-07 selected caller/target mutants; complete matrix partially retained,Caller-specific obligation recorded with the stated status.,Not complete functional correctness of mlk_indcpa_enc or every producer.,LOC-C01-UA,mlk_poly_add_cleanroom/PA 5/pa05b_mlk_poly_add_indcpa_epp_callsite_harness.c,PARTIAL,mlk_poly_add_cleanroom.zip,ac9eae921e26342de0508d08c312605fede5a339b3921b065e2d56ea59c286de,mlk_poly_add_cleanroom/PA 5/pa05b_mlk_poly_add_indcpa_epp_callsite_harness.c,8241d0631bb02aa7191e741fae1f2785e03e7c016b3a510dc74d7908c34ce7bc,RESOLVED,1,experiments/poly-add/PA05-production-callsites/curated-records/pa05b_mlk_poly_add_indcpa_epp_callsite_harness.c,8241d0631bb02aa7191e741fae1f2785e03e7c016b3a510dc74d7908c34ce7bc,RESOLVED_HASH_MATCH,6
PR-C01-037,1,UNASSISTED,mlk_poly_add,PA05B-P5,First-call modulo-q refinement,Modular refinement,d9613cf60de3132d32475c102d8c2781d84feb34,ML-KEM-768 primary; PA-06 additionally 512/768/1024,Producer bounds above,"PA-05 caller-specific source contracts; safe-sum obligations are assertions, not assumptions",canon_q(v_after[i])=canon_q(v_before[i]+epp[i]),PA-05A/B/C harness property marker,SUPPORTED,YES,YES,SUPPORTED,PA-07 selected caller/target mutants; complete matrix partially retained,Caller-specific obligation recorded with the stated status.,Not complete functional correctness of mlk_indcpa_enc or every producer.,LOC-C01-UA,mlk_poly_add_cleanroom/PA 5/pa05b_mlk_poly_add_indcpa_epp_callsite_harness.c,PARTIAL,mlk_poly_add_cleanroom.zip,ac9eae921e26342de0508d08c312605fede5a339b3921b065e2d56ea59c286de,mlk_poly_add_cleanroom/PA 5/pa05b_mlk_poly_add_indcpa_epp_callsite_harness.c,8241d0631bb02aa7191e741fae1f2785e03e7c016b3a510dc74d7908c34ce7bc,RESOLVED,1,experiments/poly-add/PA05-production-callsites/curated-records/pa05b_mlk_poly_add_indcpa_epp_callsite_harness.c,8241d0631bb02aa7191e741fae1f2785e03e7c016b3a510dc74d7908c34ce7bc,RESOLVED_HASH_MATCH,6
PR-C01-038,1,UNASSISTED,mlk_poly_add,PA05C-G1,Sequential inverse-NTT producer bound,Assumption grounding,d9613cf60de3132d32475c102d8c2781d84feb34,ML-KEM-768 primary; PA-06 additionally 512/768/1024,Documented producer guarantee,"PA-05 caller-specific source contracts; safe-sum obligations are assertions, not assumptions",|v_initial[i]| < 8q,PA-05A/B/C harness property marker,ASSUMED_FROM_DOCUMENTED_GUARANTEE,YES,YES,SUPPORTED,PA-07 selected caller/target mutants; complete matrix partially retained,Caller-specific obligation recorded with the stated status.,Not complete functional correctness of mlk_indcpa_enc or every producer.,LOC-C01-UA,mlk_poly_add_cleanroom/PA 5/pa05c_mlk_poly_add_indcpa_k_sequential_callsite_harness.c,PARTIAL,mlk_poly_add_cleanroom.zip,ac9eae921e26342de0508d08c312605fede5a339b3921b065e2d56ea59c286de,mlk_poly_add_cleanroom/PA 5/pa05c_mlk_poly_add_indcpa_k_sequential_callsite_harness.c,8fd2643b21675324cc2de2e9e65dd2deacd50f796ab288cab71cf1882f0fb6e0,RESOLVED,1,experiments/poly-add/PA05-production-callsites/curated-records/pa05c_mlk_poly_add_indcpa_k_sequential_callsite_harness.c,8fd2643b21675324cc2de2e9e65dd2deacd50f796ab288cab71cf1882f0fb6e0,RESOLVED_HASH_MATCH,6
PR-C01-039,1,UNASSISTED,mlk_poly_add,PA05C-G2,Sequential epp producer bound,Assumption grounding,d9613cf60de3132d32475c102d8c2781d84feb34,ML-KEM-768 primary; PA-06 additionally 512/768/1024,Documented producer guarantee,"PA-05 caller-specific source contracts; safe-sum obligations are assertions, not assumptions",|epp[i]| < eta2+1,PA-05A/B/C harness property marker,ASSUMED_FROM_DOCUMENTED_GUARANTEE,YES,YES,SUPPORTED,PA-07 selected caller/target mutants; complete matrix partially retained,Caller-specific obligation recorded with the stated status.,Not complete functional correctness of mlk_indcpa_enc or every producer.,LOC-C01-UA,mlk_poly_add_cleanroom/PA 5/pa05c_mlk_poly_add_indcpa_k_sequential_callsite_harness.c,PARTIAL,mlk_poly_add_cleanroom.zip,ac9eae921e26342de0508d08c312605fede5a339b3921b065e2d56ea59c286de,mlk_poly_add_cleanroom/PA 5/pa05c_mlk_poly_add_indcpa_k_sequential_callsite_harness.c,8fd2643b21675324cc2de2e9e65dd2deacd50f796ab288cab71cf1882f0fb6e0,RESOLVED,1,experiments/poly-add/PA05-production-callsites/curated-records/pa05c_mlk_poly_add_indcpa_k_sequential_callsite_harness.c,8fd2643b21675324cc2de2e9e65dd2deacd50f796ab288cab71cf1882f0fb6e0,RESOLVED_HASH_MATCH,6
PR-C01-040,1,UNASSISTED,mlk_poly_add,PA05C-M1,Message-polynomial image,Construction invariant,d9613cf60de3132d32475c102d8c2781d84feb34,ML-KEM-768 primary; PA-06 additionally 512/768/1024,Message bit construction,"PA-05 caller-specific source contracts; safe-sum obligations are assertions, not assumptions","k[i] in {0,1665}",PA-05A/B/C harness property marker,SUPPORTED_BY_CONSTRUCTION,YES,YES,SUPPORTED,PA-07 selected caller/target mutants; complete matrix partially retained,Caller-specific obligation recorded with the stated status.,Not complete functional correctness of mlk_indcpa_enc or every producer.,LOC-C01-UA,mlk_poly_add_cleanroom/PA 5/pa05c_mlk_poly_add_indcpa_k_sequential_callsite_harness.c,PARTIAL,mlk_poly_add_cleanroom.zip,ac9eae921e26342de0508d08c312605fede5a339b3921b065e2d56ea59c286de,mlk_poly_add_cleanroom/PA 5/pa05c_mlk_poly_add_indcpa_k_sequential_callsite_harness.c,8fd2643b21675324cc2de2e9e65dd2deacd50f796ab288cab71cf1882f0fb6e0,RESOLVED,1,experiments/poly-add/PA05-production-callsites/curated-records/pa05c_mlk_poly_add_indcpa_k_sequential_callsite_harness.c,8fd2643b21675324cc2de2e9e65dd2deacd50f796ab288cab71cf1882f0fb6e0,RESOLVED_HASH_MATCH,6
PR-C01-041,1,UNASSISTED,mlk_poly_add,PA05C-P1,First-call representability,Call-site discharge,d9613cf60de3132d32475c102d8c2781d84feb34,ML-KEM-768 primary; PA-06 additionally 512/768/1024,"G1,G2","PA-05 caller-specific source contracts; safe-sum obligations are assertions, not assumptions",v_initial+epp is int16_t-representable,PA-05A/B/C harness property marker,SUPPORTED,YES,YES,SUPPORTED,PA-07 selected caller/target mutants; complete matrix partially retained,Caller-specific obligation recorded with the stated status.,Not complete functional correctness of mlk_indcpa_enc or every producer.,LOC-C01-UA,mlk_poly_add_cleanroom/PA 5/pa05c_mlk_poly_add_indcpa_k_sequential_callsite_harness.c,PARTIAL,mlk_poly_add_cleanroom.zip,ac9eae921e26342de0508d08c312605fede5a339b3921b065e2d56ea59c286de,mlk_poly_add_cleanroom/PA 5/pa05c_mlk_poly_add_indcpa_k_sequential_callsite_harness.c,8fd2643b21675324cc2de2e9e65dd2deacd50f796ab288cab71cf1882f0fb6e0,RESOLVED,1,experiments/poly-add/PA05-production-callsites/curated-records/pa05c_mlk_poly_add_indcpa_k_sequential_callsite_harness.c,8fd2643b21675324cc2de2e9e65dd2deacd50f796ab288cab71cf1882f0fb6e0,RESOLVED_HASH_MATCH,6
PR-C01-042,1,UNASSISTED,mlk_poly_add,PA05C-P2,Second-call cumulative representability,Call-site discharge,d9613cf60de3132d32475c102d8c2781d84feb34,ML-KEM-768 primary; PA-06 additionally 512/768/1024,"G1,G2,M1","PA-05 caller-specific source contracts; safe-sum obligations are assertions, not assumptions",v_initial+epp+k is int16_t-representable,PA-05A/B/C harness property marker,SUPPORTED,YES,YES,SUPPORTED,PA-07 selected caller/target mutants; complete matrix partially retained,Caller-specific obligation recorded with the stated status.,Not complete functional correctness of mlk_indcpa_enc or every producer.,LOC-C01-UA,mlk_poly_add_cleanroom/PA 5/pa05c_mlk_poly_add_indcpa_k_sequential_callsite_harness.c,PARTIAL,mlk_poly_add_cleanroom.zip,ac9eae921e26342de0508d08c312605fede5a339b3921b065e2d56ea59c286de,mlk_poly_add_cleanroom/PA 5/pa05c_mlk_poly_add_indcpa_k_sequential_callsite_harness.c,8fd2643b21675324cc2de2e9e65dd2deacd50f796ab288cab71cf1882f0fb6e0,RESOLVED,1,experiments/poly-add/PA05-production-callsites/curated-records/pa05c_mlk_poly_add_indcpa_k_sequential_callsite_harness.c,8fd2643b21675324cc2de2e9e65dd2deacd50f796ab288cab71cf1882f0fb6e0,RESOLVED_HASH_MATCH,6
PR-C01-043,1,UNASSISTED,mlk_poly_add,PA05C-P3,Exact first-call result,Caller functional,d9613cf60de3132d32475c102d8c2781d84feb34,ML-KEM-768 primary; PA-06 additionally 512/768/1024,"G1,G2","PA-05 caller-specific source contracts; safe-sum obligations are assertions, not assumptions",v_mid=v_initial+epp,PA-05A/B/C harness property marker,SUPPORTED,YES,YES,SUPPORTED,PA-07 selected caller/target mutants; complete matrix partially retained,Caller-specific obligation recorded with the stated status.,Not complete functional correctness of mlk_indcpa_enc or every producer.,LOC-C01-UA,mlk_poly_add_cleanroom/PA 5/pa05c_mlk_poly_add_indcpa_k_sequential_callsite_harness.c,PARTIAL,mlk_poly_add_cleanroom.zip,ac9eae921e26342de0508d08c312605fede5a339b3921b065e2d56ea59c286de,mlk_poly_add_cleanroom/PA 5/pa05c_mlk_poly_add_indcpa_k_sequential_callsite_harness.c,8fd2643b21675324cc2de2e9e65dd2deacd50f796ab288cab71cf1882f0fb6e0,RESOLVED,1,experiments/poly-add/PA05-production-callsites/curated-records/pa05c_mlk_poly_add_indcpa_k_sequential_callsite_harness.c,8fd2643b21675324cc2de2e9e65dd2deacd50f796ab288cab71cf1882f0fb6e0,RESOLVED_HASH_MATCH,6
PR-C01-044,1,UNASSISTED,mlk_poly_add,PA05C-P4,Exact cumulative result,Sequential caller functional,d9613cf60de3132d32475c102d8c2781d84feb34,ML-KEM-768 primary; PA-06 additionally 512/768/1024,"G1,G2,M1","PA-05 caller-specific source contracts; safe-sum obligations are assertions, not assumptions",v_final=v_initial+epp+k,PA-05A/B/C harness property marker,SUPPORTED,YES,YES,SUPPORTED,PA-07 selected caller/target mutants; complete matrix partially retained,Caller-specific obligation recorded with the stated status.,Not complete functional correctness of mlk_indcpa_enc or every producer.,LOC-C01-UA,mlk_poly_add_cleanroom/PA 5/pa05c_mlk_poly_add_indcpa_k_sequential_callsite_harness.c,PARTIAL,mlk_poly_add_cleanroom.zip,ac9eae921e26342de0508d08c312605fede5a339b3921b065e2d56ea59c286de,mlk_poly_add_cleanroom/PA 5/pa05c_mlk_poly_add_indcpa_k_sequential_callsite_harness.c,8fd2643b21675324cc2de2e9e65dd2deacd50f796ab288cab71cf1882f0fb6e0,RESOLVED,1,experiments/poly-add/PA05-production-callsites/curated-records/pa05c_mlk_poly_add_indcpa_k_sequential_callsite_harness.c,8fd2643b21675324cc2de2e9e65dd2deacd50f796ab288cab71cf1882f0fb6e0,RESOLVED_HASH_MATCH,6
PR-C01-045,1,UNASSISTED,mlk_poly_add,PA05C-P5,Sequential epp frame,Frame,d9613cf60de3132d32475c102d8c2781d84feb34,ML-KEM-768 primary; PA-06 additionally 512/768/1024,"G1,G2,M1","PA-05 caller-specific source contracts; safe-sum obligations are assertions, not assumptions",epp_after=epp_before,PA-05A/B/C harness property marker,SUPPORTED,YES,YES,SUPPORTED,PA-07 selected caller/target mutants; complete matrix partially retained,Caller-specific obligation recorded with the stated status.,Not complete functional correctness of mlk_indcpa_enc or every producer.,LOC-C01-UA,mlk_poly_add_cleanroom/PA 5/pa05c_mlk_poly_add_indcpa_k_sequential_callsite_harness.c,PARTIAL,mlk_poly_add_cleanroom.zip,ac9eae921e26342de0508d08c312605fede5a339b3921b065e2d56ea59c286de,mlk_poly_add_cleanroom/PA 5/pa05c_mlk_poly_add_indcpa_k_sequential_callsite_harness.c,8fd2643b21675324cc2de2e9e65dd2deacd50f796ab288cab71cf1882f0fb6e0,RESOLVED,1,experiments/poly-add/PA05-production-callsites/curated-records/pa05c_mlk_poly_add_indcpa_k_sequential_callsite_harness.c,8fd2643b21675324cc2de2e9e65dd2deacd50f796ab288cab71cf1882f0fb6e0,RESOLVED_HASH_MATCH,6
PR-C01-046,1,UNASSISTED,mlk_poly_add,PA05C-P6,Message polynomial frame,Frame,d9613cf60de3132d32475c102d8c2781d84feb34,ML-KEM-768 primary; PA-06 additionally 512/768/1024,"G1,G2,M1","PA-05 caller-specific source contracts; safe-sum obligations are assertions, not assumptions",k_after=k_before,PA-05A/B/C harness property marker,SUPPORTED,YES,YES,SUPPORTED,PA-07 selected caller/target mutants; complete matrix partially retained,Caller-specific obligation recorded with the stated status.,Not complete functional correctness of mlk_indcpa_enc or every producer.,LOC-C01-UA,mlk_poly_add_cleanroom/PA 5/pa05c_mlk_poly_add_indcpa_k_sequential_callsite_harness.c,PARTIAL,mlk_poly_add_cleanroom.zip,ac9eae921e26342de0508d08c312605fede5a339b3921b065e2d56ea59c286de,mlk_poly_add_cleanroom/PA 5/pa05c_mlk_poly_add_indcpa_k_sequential_callsite_harness.c,8fd2643b21675324cc2de2e9e65dd2deacd50f796ab288cab71cf1882f0fb6e0,RESOLVED,1,experiments/poly-add/PA05-production-callsites/curated-records/pa05c_mlk_poly_add_indcpa_k_sequential_callsite_harness.c,8fd2643b21675324cc2de2e9e65dd2deacd50f796ab288cab71cf1882f0fb6e0,RESOLVED_HASH_MATCH,6
PR-C01-047,1,UNASSISTED,mlk_poly_add,PA05C-P7,Cumulative output interval,Range,d9613cf60de3132d32475c102d8c2781d84feb34,ML-KEM-768 primary; PA-06 additionally 512/768/1024,"G1,G2,M1","PA-05 caller-specific source contracts; safe-sum obligations are assertions, not assumptions",v_final lies in derived cumulative interval,PA-05A/B/C harness property marker,SUPPORTED,YES,YES,SUPPORTED,PA-07 selected caller/target mutants; complete matrix partially retained,Caller-specific obligation recorded with the stated status.,Not complete functional correctness of mlk_indcpa_enc or every producer.,LOC-C01-UA,mlk_poly_add_cleanroom/PA 5/pa05c_mlk_poly_add_indcpa_k_sequential_callsite_harness.c,PARTIAL,mlk_poly_add_cleanroom.zip,ac9eae921e26342de0508d08c312605fede5a339b3921b065e2d56ea59c286de,mlk_poly_add_cleanroom/PA 5/pa05c_mlk_poly_add_indcpa_k_sequential_callsite_harness.c,8fd2643b21675324cc2de2e9e65dd2deacd50f796ab288cab71cf1882f0fb6e0,RESOLVED,1,experiments/poly-add/PA05-production-callsites/curated-records/pa05c_mlk_poly_add_indcpa_k_sequential_callsite_harness.c,8fd2643b21675324cc2de2e9e65dd2deacd50f796ab288cab71cf1882f0fb6e0,RESOLVED_HASH_MATCH,6
PR-C01-048,1,UNASSISTED,mlk_poly_add,PA05C-P8,Cumulative modulo-q refinement,Modular refinement,d9613cf60de3132d32475c102d8c2781d84feb34,ML-KEM-768 primary; PA-06 additionally 512/768/1024,"G1,G2,M1","PA-05 caller-specific source contracts; safe-sum obligations are assertions, not assumptions",canon_q(v_final)=canon_q(v_initial+epp+k),PA-05A/B/C harness property marker,SUPPORTED,YES,YES,SUPPORTED,PA-07 selected caller/target mutants; complete matrix partially retained,Caller-specific obligation recorded with the stated status.,Not complete functional correctness of mlk_indcpa_enc or every producer.,LOC-C01-UA,mlk_poly_add_cleanroom/PA 5/pa05c_mlk_poly_add_indcpa_k_sequential_callsite_harness.c,PARTIAL,mlk_poly_add_cleanroom.zip,ac9eae921e26342de0508d08c312605fede5a339b3921b065e2d56ea59c286de,mlk_poly_add_cleanroom/PA 5/pa05c_mlk_poly_add_indcpa_k_sequential_callsite_harness.c,8fd2643b21675324cc2de2e9e65dd2deacd50f796ab288cab71cf1882f0fb6e0,RESOLVED,1,experiments/poly-add/PA05-production-callsites/curated-records/pa05c_mlk_poly_add_indcpa_k_sequential_callsite_harness.c,8fd2643b21675324cc2de2e9e65dd2deacd50f796ab288cab71cf1882f0fb6e0,RESOLVED_HASH_MATCH,6
PR-C01-049,1,UNASSISTED,mlk_poly_add,PA-06A,Cross-parameter polyvec caller replication,Parameter-set replication,d9613cf60de3132d32475c102d8c2781d84feb34,ML-KEM-768 primary; PA-06 additionally 512/768/1024,ML-KEM-512/768/1024,Parameter-specific constants and the corresponding accepted caller domains,The PA-05 property family is re-instantiated for each registered parameter set,PA-06A/B/C cross-parameter harnesses,SUPPORTED_WITH_PARTIAL_PRESERVATION,YES,YES,SUPPORTED,Complete 15-unit raw matrix not retained,The A-to-Z record reports the registered replication; only part of the complete raw matrix remains in the recovered package.,Do not claim complete raw preservation of all 15 units.,LOC-C01-UA,mlk_poly_add_cleanroom/PA6/pa06a_mlk_poly_add_polyvec_cross_parameter_harness.c,PARTIAL,mlk_poly_add_cleanroom.zip,ac9eae921e26342de0508d08c312605fede5a339b3921b065e2d56ea59c286de,mlk_poly_add_cleanroom/PA6/pa06a_mlk_poly_add_polyvec_cross_parameter_harness.c,0941baf262a7a15c1f8be69a6c571c2727d4ab5de0ff16d0f3a364c8e3cb2ddd,RESOLVED,1,experiments/poly-add/PA06-cross-parameter-replication/curated-records/pa06a_mlk_poly_add_polyvec_cross_parameter_harness.c,0941baf262a7a15c1f8be69a6c571c2727d4ab5de0ff16d0f3a364c8e3cb2ddd,RESOLVED_HASH_MATCH,6
PR-C01-050,1,UNASSISTED,mlk_poly_add,PA-06B,Cross-parameter epp-call replication,Parameter-set replication,d9613cf60de3132d32475c102d8c2781d84feb34,ML-KEM-768 primary; PA-06 additionally 512/768/1024,ML-KEM-512/768/1024,Parameter-specific constants and the corresponding accepted caller domains,The PA-05 property family is re-instantiated for each registered parameter set,PA-06A/B/C cross-parameter harnesses,SUPPORTED_WITH_PARTIAL_PRESERVATION,YES,YES,SUPPORTED,Complete 15-unit raw matrix not retained,The A-to-Z record reports the registered replication; only part of the complete raw matrix remains in the recovered package.,Do not claim complete raw preservation of all 15 units.,LOC-C01-UA,mlk_poly_add_cleanroom/PA6/pa06b_mlk_poly_add_indcpa_epp_cross_parameter_harness.c,PARTIAL,mlk_poly_add_cleanroom.zip,ac9eae921e26342de0508d08c312605fede5a339b3921b065e2d56ea59c286de,mlk_poly_add_cleanroom/PA6/pa06b_mlk_poly_add_indcpa_epp_cross_parameter_harness.c,e639524d557a13410d47ad7e1078955332a758d23fd46c1d444a7f77ba327644,RESOLVED,1,experiments/poly-add/PA06-cross-parameter-replication/curated-records/pa06b_mlk_poly_add_indcpa_epp_cross_parameter_harness.c,e639524d557a13410d47ad7e1078955332a758d23fd46c1d444a7f77ba327644,RESOLVED_HASH_MATCH,6
PR-C01-051,1,UNASSISTED,mlk_poly_add,PA-06C,Cross-parameter sequential-call replication,Parameter-set replication,d9613cf60de3132d32475c102d8c2781d84feb34,ML-KEM-768 primary; PA-06 additionally 512/768/1024,ML-KEM-512/768/1024,Parameter-specific constants and the corresponding accepted caller domains,The PA-05 property family is re-instantiated for each registered parameter set,PA-06A/B/C cross-parameter harnesses,SUPPORTED_WITH_PARTIAL_PRESERVATION,YES,YES,SUPPORTED,Complete 15-unit raw matrix not retained,The A-to-Z record reports the registered replication; only part of the complete raw matrix remains in the recovered package.,Do not claim complete raw preservation of all 15 units.,LOC-C01-UA,mlk_poly_add_cleanroom/PA6/pa06c_mlk_poly_add_indcpa_sequential_cross_parameter_harness.c,PARTIAL,mlk_poly_add_cleanroom.zip,ac9eae921e26342de0508d08c312605fede5a339b3921b065e2d56ea59c286de,mlk_poly_add_cleanroom/PA6/pa06c_mlk_poly_add_indcpa_sequential_cross_parameter_harness.c,b008285e11c0e05286338657b4529087e605a92f95f5689a0d1e279a46821b44,RESOLVED,1,experiments/poly-add/PA06-cross-parameter-replication/curated-records/pa06c_mlk_poly_add_indcpa_sequential_cross_parameter_harness.c,b008285e11c0e05286338657b4529087e605a92f95f5689a0d1e279a46821b44,RESOLVED_HASH_MATCH,6
PR-C02-001,2,UNASSISTED,mlk_poly_sub,SUB-T1.P1,Canonical subtraction-after-reduction refinement,Sequential functional,d9613cf60de3132d32475c102d8c2781d84feb34,ML-KEM-768,"int16_t A,B with direct difference representable","Valid, separately modelled objects unless an alias diagnostic explicitly states otherwise; unchanged production target; complete registered loop unwinding.","reduce(sub(A,B))[i] = canon_q(int32(A[i])-int32(B[i]))",SUB-T1 semantic composition harness,SUPPORTED,YES,YES,SUPPORTED,T1 selected mutants killed,Production subtraction followed by reduction equals an independent canonical oracle.,Not unrestricted subtraction outside representable difference domain.,LOC-C02-UA,ALL VERIFICATION COMPELETED SUMMARY/MLK_POLY_SUB_A_TO_Z_PROFESSOR_REPORT.md,COMPLETE,ALL_VERIFICATION_COMPELETED_SUMMARY_PROFESSOR_CLEANED_CODEX_RECORDED(1).zip,744a348bda13e3f6a8adafcca9411bd2ffb717b7fe016c2341a159a574a85389,ALL VERIFICATION COMPELETED SUMMARY/MLK_POLY_SUB_A_TO_Z_PROFESSOR_REPORT.md,2a82ed51792ef4106f7e128aa876187f730ca1890963b3739a614b72b736820e,RESOLVED,1,reports/MLK_POLY_SUB_A_TO_Z_PROFESSOR_REPORT.md,2a82ed51792ef4106f7e128aa876187f730ca1890963b3739a614b72b736820e,RESOLVED_HASH_MATCH,1
PR-C02-002,2,UNASSISTED,mlk_poly_sub,SUB-T1.P2,Canonical output range,Range,d9613cf60de3132d32475c102d8c2781d84feb34,ML-KEM-768,SUB-T1 domain,"Valid, separately modelled objects unless an alias diagnostic explicitly states otherwise; unchanged production target; complete registered loop unwinding.",0 <= output[i] < q,SUB-T1 range assertions,SUPPORTED,YES,YES,SUPPORTED,T1 selected mutants killed,Sequential output is canonical under the accepted domain.,Not a standalone claim for arbitrary calls to mlk_poly_sub.,LOC-C02-UA,ALL VERIFICATION COMPELETED SUMMARY/MLK_POLY_SUB_A_TO_Z_PROFESSOR_REPORT.md,COMPLETE,ALL_VERIFICATION_COMPELETED_SUMMARY_PROFESSOR_CLEANED_CODEX_RECORDED(1).zip,744a348bda13e3f6a8adafcca9411bd2ffb717b7fe016c2341a159a574a85389,ALL VERIFICATION COMPELETED SUMMARY/MLK_POLY_SUB_A_TO_Z_PROFESSOR_REPORT.md,2a82ed51792ef4106f7e128aa876187f730ca1890963b3739a614b72b736820e,RESOLVED,1,reports/MLK_POLY_SUB_A_TO_Z_PROFESSOR_REPORT.md,2a82ed51792ef4106f7e128aa876187f730ca1890963b3739a614b72b736820e,RESOLVED_HASH_MATCH,1
PR-C02-003,2,UNASSISTED,mlk_poly_sub,SUB-T1.P3,SUB-T1 frame preservation,Frame,d9613cf60de3132d32475c102d8c2781d84feb34,ML-KEM-768,SUB-T1 domain,"Valid, separately modelled objects unless an alias diagnostic explicitly states otherwise; unchanged production target; complete registered loop unwinding.",read-only operand and saved source objects unchanged,SUB-T1 frame assertions,SUPPORTED,YES,YES,SUPPORTED,T1 selected mutants killed,The modelled read-only and snapshot objects are preserved.,Not a universal whole-program footprint claim.,LOC-C02-UA,ALL VERIFICATION COMPELETED SUMMARY/MLK_POLY_SUB_A_TO_Z_PROFESSOR_REPORT.md,COMPLETE,ALL_VERIFICATION_COMPELETED_SUMMARY_PROFESSOR_CLEANED_CODEX_RECORDED(1).zip,744a348bda13e3f6a8adafcca9411bd2ffb717b7fe016c2341a159a574a85389,ALL VERIFICATION COMPELETED SUMMARY/MLK_POLY_SUB_A_TO_Z_PROFESSOR_REPORT.md,2a82ed51792ef4106f7e128aa876187f730ca1890963b3739a614b72b736820e,RESOLVED,1,reports/MLK_POLY_SUB_A_TO_Z_PROFESSOR_REPORT.md,2a82ed51792ef4106f7e128aa876187f730ca1890963b3739a614b72b736820e,RESOLVED_HASH_MATCH,1
PR-C02-004,2,UNASSISTED,mlk_poly_sub,SUB-T2.P1,Normalization compatibility,Relational sequential,d9613cf60de3132d32475c102d8c2781d84feb34,ML-KEM-768,"int16_t A,B with applicable representability","Valid, separately modelled objects unless an alias diagnostic explicitly states otherwise; unchanged production target; complete registered loop unwinding.",N(A-B)=N(N(A)-N(B)),SUB-T2 relational harness,SUPPORTED,YES,YES,SUPPORTED,Property-specific boundary controls; no complete T3 mutation claim,Two production normalization routes agree.,Equality of two paths is interpreted together with SUB-T1 independent oracle evidence.,LOC-C02-UA,ALL VERIFICATION COMPELETED SUMMARY/MLK_POLY_SUB_A_TO_Z_PROFESSOR_REPORT.md,COMPLETE,ALL_VERIFICATION_COMPELETED_SUMMARY_PROFESSOR_CLEANED_CODEX_RECORDED(1).zip,744a348bda13e3f6a8adafcca9411bd2ffb717b7fe016c2341a159a574a85389,ALL VERIFICATION COMPELETED SUMMARY/MLK_POLY_SUB_A_TO_Z_PROFESSOR_REPORT.md,2a82ed51792ef4106f7e128aa876187f730ca1890963b3739a614b72b736820e,RESOLVED,1,reports/MLK_POLY_SUB_A_TO_Z_PROFESSOR_REPORT.md,2a82ed51792ef4106f7e128aa876187f730ca1890963b3739a614b72b736820e,RESOLVED_HASH_MATCH,1
PR-C02-005,2,UNASSISTED,mlk_poly_sub,SUB-T3A,Exact right cancellation,Cancellation composition,d9613cf60de3132d32475c102d8c2781d84feb34,ML-KEM-768,Initial A-B representable and recomposition calls valid,"Valid, separately modelled objects unless an alias diagnostic explicitly states otherwise; unchanged production target; complete registered loop unwinding.","add(sub(A,B),B)=A",SUB-T3 cancellation harness family,SUPPORTED,YES,YES,SUPPORTED,T3 mutation analysis NOT TESTED/deferred,The registered exact or modular cancellation relation is supported.,Does not imply unrestricted finite-width group laws outside the registered domains.,LOC-C02-UA,ALL VERIFICATION COMPELETED SUMMARY/MLK_POLY_SUB_A_TO_Z_PROFESSOR_REPORT.md,COMPLETE,ALL_VERIFICATION_COMPELETED_SUMMARY_PROFESSOR_CLEANED_CODEX_RECORDED(1).zip,744a348bda13e3f6a8adafcca9411bd2ffb717b7fe016c2341a159a574a85389,ALL VERIFICATION COMPELETED SUMMARY/MLK_POLY_SUB_A_TO_Z_PROFESSOR_REPORT.md,2a82ed51792ef4106f7e128aa876187f730ca1890963b3739a614b72b736820e,RESOLVED,1,reports/MLK_POLY_SUB_A_TO_Z_PROFESSOR_REPORT.md,2a82ed51792ef4106f7e128aa876187f730ca1890963b3739a614b72b736820e,RESOLVED_HASH_MATCH,1
PR-C02-006,2,UNASSISTED,mlk_poly_sub,SUB-T3B,Exact left cancellation,Cancellation composition,d9613cf60de3132d32475c102d8c2781d84feb34,ML-KEM-768,Initial A+B representable and recomposition calls valid,"Valid, separately modelled objects unless an alias diagnostic explicitly states otherwise; unchanged production target; complete registered loop unwinding.","sub(add(A,B),B)=A",SUB-T3 cancellation harness family,SUPPORTED,YES,YES,SUPPORTED,T3 mutation analysis NOT TESTED/deferred,The registered exact or modular cancellation relation is supported.,Does not imply unrestricted finite-width group laws outside the registered domains.,LOC-C02-UA,ALL VERIFICATION COMPELETED SUMMARY/MLK_POLY_SUB_A_TO_Z_PROFESSOR_REPORT.md,COMPLETE,ALL_VERIFICATION_COMPELETED_SUMMARY_PROFESSOR_CLEANED_CODEX_RECORDED(1).zip,744a348bda13e3f6a8adafcca9411bd2ffb717b7fe016c2341a159a574a85389,ALL VERIFICATION COMPELETED SUMMARY/MLK_POLY_SUB_A_TO_Z_PROFESSOR_REPORT.md,2a82ed51792ef4106f7e128aa876187f730ca1890963b3739a614b72b736820e,RESOLVED,1,reports/MLK_POLY_SUB_A_TO_Z_PROFESSOR_REPORT.md,2a82ed51792ef4106f7e128aa876187f730ca1890963b3739a614b72b736820e,RESOLVED_HASH_MATCH,1
PR-C02-007,2,UNASSISTED,mlk_poly_sub,SUB-T3C,Modular cancellation,Cancellation composition,d9613cf60de3132d32475c102d8c2781d84feb34,ML-KEM-768,Registered representable initial operation; canonical reduction at comparison,"Valid, separately modelled objects unless an alias diagnostic explicitly states otherwise; unchanged production target; complete registered loop unwinding.","N(add(sub(A,B),B))=N(A) and registered counterpart",SUB-T3 cancellation harness family,SUPPORTED,YES,YES,SUPPORTED,T3 mutation analysis NOT TESTED/deferred,The registered exact or modular cancellation relation is supported.,Does not imply unrestricted finite-width group laws outside the registered domains.,LOC-C02-UA,ALL VERIFICATION COMPELETED SUMMARY/MLK_POLY_SUB_A_TO_Z_PROFESSOR_REPORT.md,COMPLETE,ALL_VERIFICATION_COMPELETED_SUMMARY_PROFESSOR_CLEANED_CODEX_RECORDED(1).zip,744a348bda13e3f6a8adafcca9411bd2ffb717b7fe016c2341a159a574a85389,ALL VERIFICATION COMPELETED SUMMARY/MLK_POLY_SUB_A_TO_Z_PROFESSOR_REPORT.md,2a82ed51792ef4106f7e128aa876187f730ca1890963b3739a614b72b736820e,RESOLVED,1,reports/MLK_POLY_SUB_A_TO_Z_PROFESSOR_REPORT.md,2a82ed51792ef4106f7e128aa876187f730ca1890963b3739a614b72b736820e,RESOLVED_HASH_MATCH,1
PR-C02-008,2,UNASSISTED,mlk_poly_sub,SUB-T4.P1,Canonical-domain exact subtraction,Functional refinement,d9613cf60de3132d32475c102d8c2781d84feb34,ML-KEM-768,Canonical ML-KEM coefficient arrays,"Separate valid polynomial objects; all input coefficients canonical in [0,3328]; unchanged retained portable-C target; signed representability derived from the domain.",r[i] = int32(A[i]) - int32(B[i]),SUB-T4 canonical-domain harness,SUPPORTED,YES,YES,SUPPORTED,Five boundary covers retained; false stronger lower/upper bounds rejected,The raw production output equals exact coefficient-wise subtraction on canonical inputs.,Not arbitrary non-canonical input behaviour.,LOC-C02-UA,mlk_poly_sub_cleanroom/SUB00A_d9613cf60de3/SUB00N_BATCH4_CANONICAL_DOMAIN/frozen_harness_family_v1/harnesses/sub_t4_canonical_domain_harness.c,COMPLETE,thesis_batch_3.zip,67eae3ada1cd8cd5aa9d8a3336a1113e3cc73f4f4f6660f511a8dd3ac32da278,mlk_poly_sub_cleanroom/SUB00A_d9613cf60de3/SUB00N_BATCH4_CANONICAL_DOMAIN/frozen_harness_family_v1/harnesses/sub_t4_canonical_domain_harness.c,9828c24ee004f3f2821179e2c7b39ff07f17a4514c6f96bf9abeee3635edbdcc,RESOLVED,1,experiments/poly-sub/T04-canonical-domain/curated-harnesses/sub_t4_canonical_domain_harness.c,9828c24ee004f3f2821179e2c7b39ff07f17a4514c6f96bf9abeee3635edbdcc,RESOLVED_HASH_MATCH,5
PR-C02-009,2,UNASSISTED,mlk_poly_sub,SUB-T4.P2,Tight canonical-domain output interval,Range,d9613cf60de3132d32475c102d8c2781d84feb34,ML-KEM-768,Canonical ML-KEM coefficient arrays,"Separate valid polynomial objects; all input coefficients canonical in [0,3328]; unchanged retained portable-C target; signed representability derived from the domain.",-3328 <= r[i] <= 3328,SUB-T4 canonical-domain harness,SUPPORTED,YES,YES,SUPPORTED,Five boundary covers retained; false stronger lower/upper bounds rejected,The exact raw output lies in the tight derived interval.,The output is not claimed to be canonical before reduction.,LOC-C02-UA,mlk_poly_sub_cleanroom/SUB00A_d9613cf60de3/SUB00N_BATCH4_CANONICAL_DOMAIN/frozen_harness_family_v1/harnesses/sub_t4_canonical_domain_harness.c,COMPLETE,thesis_batch_3.zip,67eae3ada1cd8cd5aa9d8a3336a1113e3cc73f4f4f6660f511a8dd3ac32da278,mlk_poly_sub_cleanroom/SUB00A_d9613cf60de3/SUB00N_BATCH4_CANONICAL_DOMAIN/frozen_harness_family_v1/harnesses/sub_t4_canonical_domain_harness.c,9828c24ee004f3f2821179e2c7b39ff07f17a4514c6f96bf9abeee3635edbdcc,RESOLVED,1,experiments/poly-sub/T04-canonical-domain/curated-harnesses/sub_t4_canonical_domain_harness.c,9828c24ee004f3f2821179e2c7b39ff07f17a4514c6f96bf9abeee3635edbdcc,RESOLVED_HASH_MATCH,5
PR-C02-010,2,UNASSISTED,mlk_poly_sub,SUB-T4.P3,Representability derived from canonical inputs,Arithmetic safety/domain bridge,d9613cf60de3132d32475c102d8c2781d84feb34,ML-KEM-768,Canonical ML-KEM coefficient arrays,"Separate valid polynomial objects; all input coefficients canonical in [0,3328]; unchanged retained portable-C target; signed representability derived from the domain.","A[i],B[i] in [0,3328] => A[i]-B[i] in [-3328,3328] subset int16_t",SUB-T4 canonical-domain harness,SUPPORTED,YES,YES,SUPPORTED,Five boundary covers retained; false stronger lower/upper bounds rejected,No separate conclusion-forcing representability assumption is needed.,Does not remove representability requirements for wider non-canonical domains.,LOC-C02-UA,mlk_poly_sub_cleanroom/SUB00A_d9613cf60de3/SUB00N_BATCH4_CANONICAL_DOMAIN/frozen_harness_family_v1/harnesses/sub_t4_canonical_domain_harness.c,COMPLETE,thesis_batch_3.zip,67eae3ada1cd8cd5aa9d8a3336a1113e3cc73f4f4f6660f511a8dd3ac32da278,mlk_poly_sub_cleanroom/SUB00A_d9613cf60de3/SUB00N_BATCH4_CANONICAL_DOMAIN/frozen_harness_family_v1/harnesses/sub_t4_canonical_domain_harness.c,9828c24ee004f3f2821179e2c7b39ff07f17a4514c6f96bf9abeee3635edbdcc,RESOLVED,1,experiments/poly-sub/T04-canonical-domain/curated-harnesses/sub_t4_canonical_domain_harness.c,9828c24ee004f3f2821179e2c7b39ff07f17a4514c6f96bf9abeee3635edbdcc,RESOLVED_HASH_MATCH,5
PR-C02-011,2,UNASSISTED,mlk_poly_sub,SUB-T4.P4,Second-input frame preservation,Frame,d9613cf60de3132d32475c102d8c2781d84feb34,ML-KEM-768,Canonical ML-KEM coefficient arrays,"Separate valid polynomial objects; all input coefficients canonical in [0,3328]; unchanged retained portable-C target; signed representability derived from the domain.",B_after = B_before,SUB-T4 canonical-domain harness,SUPPORTED,YES,YES,SUPPORTED,Five boundary covers retained; false stronger lower/upper bounds rejected,The read-only subtrahend is preserved in the modelled call.,Not a universal whole-program footprint claim.,LOC-C02-UA,mlk_poly_sub_cleanroom/SUB00A_d9613cf60de3/SUB00N_BATCH4_CANONICAL_DOMAIN/frozen_harness_family_v1/harnesses/sub_t4_canonical_domain_harness.c,COMPLETE,thesis_batch_3.zip,67eae3ada1cd8cd5aa9d8a3336a1113e3cc73f4f4f6660f511a8dd3ac32da278,mlk_poly_sub_cleanroom/SUB00A_d9613cf60de3/SUB00N_BATCH4_CANONICAL_DOMAIN/frozen_harness_family_v1/harnesses/sub_t4_canonical_domain_harness.c,9828c24ee004f3f2821179e2c7b39ff07f17a4514c6f96bf9abeee3635edbdcc,RESOLVED,1,experiments/poly-sub/T04-canonical-domain/curated-harnesses/sub_t4_canonical_domain_harness.c,9828c24ee004f3f2821179e2c7b39ff07f17a4514c6f96bf9abeee3635edbdcc,RESOLVED_HASH_MATCH,5
PR-C02-012,2,UNASSISTED,mlk_poly_sub,SUB-T5.1,Input-frame preservation,Relational/frame,d9613cf60de3132d32475c102d8c2781d84feb34,ML-KEM-768,All coefficients canonical 0..3328; symbolic selected indices; valid separate objects,No conclusion-shaped arithmetic assumptions,"A1,A2,B1,B2 and registered snapshots/guards unchanged",SUB-T5 frozen two-run harness family,SUPPORTED,YES,YES,SUPPORTED,Four selected T5 mutants killed; two expected-failure controls rejected,"The registered dependency, frame or determinism relation is supported.",T5.6 is limited to explicitly modelled harness-owned objects.,LOC-C02-UA,ALL VERIFICATION COMPELETED SUMMARY/MLK_POLY_SUB_A_TO_Z_PROFESSOR_REPORT.md,COMPLETE,ALL_VERIFICATION_COMPELETED_SUMMARY_PROFESSOR_CLEANED_CODEX_RECORDED(1).zip,744a348bda13e3f6a8adafcca9411bd2ffb717b7fe016c2341a159a574a85389,ALL VERIFICATION COMPELETED SUMMARY/MLK_POLY_SUB_A_TO_Z_PROFESSOR_REPORT.md,2a82ed51792ef4106f7e128aa876187f730ca1890963b3739a614b72b736820e,RESOLVED,1,reports/MLK_POLY_SUB_A_TO_Z_PROFESSOR_REPORT.md,2a82ed51792ef4106f7e128aa876187f730ca1890963b3739a614b72b736820e,RESOLVED_HASH_MATCH,1
PR-C02-013,2,UNASSISTED,mlk_poly_sub,SUB-T5.2,Coefficient locality,Relational/frame,d9613cf60de3132d32475c102d8c2781d84feb34,ML-KEM-768,All coefficients canonical 0..3328; symbolic selected indices; valid separate objects,No conclusion-shaped arithmetic assumptions,A1[k]=A2[k] and B1[k]=B2[k] => R1[k]=R2[k],SUB-T5 frozen two-run harness family,SUPPORTED,YES,YES,SUPPORTED,Four selected T5 mutants killed; two expected-failure controls rejected,"The registered dependency, frame or determinism relation is supported.",T5.6 is limited to explicitly modelled harness-owned objects.,LOC-C02-UA,ALL VERIFICATION COMPELETED SUMMARY/MLK_POLY_SUB_A_TO_Z_PROFESSOR_REPORT.md,COMPLETE,ALL_VERIFICATION_COMPELETED_SUMMARY_PROFESSOR_CLEANED_CODEX_RECORDED(1).zip,744a348bda13e3f6a8adafcca9411bd2ffb717b7fe016c2341a159a574a85389,ALL VERIFICATION COMPELETED SUMMARY/MLK_POLY_SUB_A_TO_Z_PROFESSOR_REPORT.md,2a82ed51792ef4106f7e128aa876187f730ca1890963b3739a614b72b736820e,RESOLVED,1,reports/MLK_POLY_SUB_A_TO_Z_PROFESSOR_REPORT.md,2a82ed51792ef4106f7e128aa876187f730ca1890963b3739a614b72b736820e,RESOLVED_HASH_MATCH,1
PR-C02-014,2,UNASSISTED,mlk_poly_sub,SUB-T5.3,Cross-coefficient non-interference,Relational/frame,d9613cf60de3132d32475c102d8c2781d84feb34,ML-KEM-768,All coefficients canonical 0..3328; symbolic selected indices; valid separate objects,No conclusion-shaped arithmetic assumptions,inputs differ only at j => outputs agree for all i != j,SUB-T5 frozen two-run harness family,SUPPORTED,YES,YES,SUPPORTED,Four selected T5 mutants killed; two expected-failure controls rejected,"The registered dependency, frame or determinism relation is supported.",T5.6 is limited to explicitly modelled harness-owned objects.,LOC-C02-UA,ALL VERIFICATION COMPELETED SUMMARY/MLK_POLY_SUB_A_TO_Z_PROFESSOR_REPORT.md,COMPLETE,ALL_VERIFICATION_COMPELETED_SUMMARY_PROFESSOR_CLEANED_CODEX_RECORDED(1).zip,744a348bda13e3f6a8adafcca9411bd2ffb717b7fe016c2341a159a574a85389,ALL VERIFICATION COMPELETED SUMMARY/MLK_POLY_SUB_A_TO_Z_PROFESSOR_REPORT.md,2a82ed51792ef4106f7e128aa876187f730ca1890963b3739a614b72b736820e,RESOLVED,1,reports/MLK_POLY_SUB_A_TO_Z_PROFESSOR_REPORT.md,2a82ed51792ef4106f7e128aa876187f730ca1890963b3739a614b72b736820e,RESOLVED_HASH_MATCH,1
PR-C02-015,2,UNASSISTED,mlk_poly_sub,SUB-T5.4,Exact changed-coordinate effect,Relational/frame,d9613cf60de3132d32475c102d8c2781d84feb34,ML-KEM-768,All coefficients canonical 0..3328; symbolic selected indices; valid separate objects,No conclusion-shaped arithmetic assumptions,R1[j]-R2[j]=(A1[j]-B1[j])-(A2[j]-B2[j]) in widened arithmetic,SUB-T5 frozen two-run harness family,SUPPORTED,YES,YES,SUPPORTED,Four selected T5 mutants killed; two expected-failure controls rejected,"The registered dependency, frame or determinism relation is supported.",T5.6 is limited to explicitly modelled harness-owned objects.,LOC-C02-UA,ALL VERIFICATION COMPELETED SUMMARY/MLK_POLY_SUB_A_TO_Z_PROFESSOR_REPORT.md,COMPLETE,ALL_VERIFICATION_COMPELETED_SUMMARY_PROFESSOR_CLEANED_CODEX_RECORDED(1).zip,744a348bda13e3f6a8adafcca9411bd2ffb717b7fe016c2341a159a574a85389,ALL VERIFICATION COMPELETED SUMMARY/MLK_POLY_SUB_A_TO_Z_PROFESSOR_REPORT.md,2a82ed51792ef4106f7e128aa876187f730ca1890963b3739a614b72b736820e,RESOLVED,1,reports/MLK_POLY_SUB_A_TO_Z_PROFESSOR_REPORT.md,2a82ed51792ef4106f7e128aa876187f730ca1890963b3739a614b72b736820e,RESOLVED_HASH_MATCH,1
PR-C02-016,2,UNASSISTED,mlk_poly_sub,SUB-T5.5,Determinism,Relational/frame,d9613cf60de3132d32475c102d8c2781d84feb34,ML-KEM-768,All coefficients canonical 0..3328; symbolic selected indices; valid separate objects,No conclusion-shaped arithmetic assumptions,A1=A2 and B1=B2 => R1=R2,SUB-T5 frozen two-run harness family,SUPPORTED,YES,YES,SUPPORTED,Four selected T5 mutants killed; two expected-failure controls rejected,"The registered dependency, frame or determinism relation is supported.",T5.6 is limited to explicitly modelled harness-owned objects.,LOC-C02-UA,ALL VERIFICATION COMPELETED SUMMARY/MLK_POLY_SUB_A_TO_Z_PROFESSOR_REPORT.md,COMPLETE,ALL_VERIFICATION_COMPELETED_SUMMARY_PROFESSOR_CLEANED_CODEX_RECORDED(1).zip,744a348bda13e3f6a8adafcca9411bd2ffb717b7fe016c2341a159a574a85389,ALL VERIFICATION COMPELETED SUMMARY/MLK_POLY_SUB_A_TO_Z_PROFESSOR_REPORT.md,2a82ed51792ef4106f7e128aa876187f730ca1890963b3739a614b72b736820e,RESOLVED,1,reports/MLK_POLY_SUB_A_TO_Z_PROFESSOR_REPORT.md,2a82ed51792ef4106f7e128aa876187f730ca1890963b3739a614b72b736820e,RESOLVED_HASH_MATCH,1
PR-C02-017,2,UNASSISTED,mlk_poly_sub,SUB-T5.6,Harness-observed destination-only boundary,Relational/frame,d9613cf60de3132d32475c102d8c2781d84feb34,ML-KEM-768,All coefficients canonical 0..3328; symbolic selected indices; valid separate objects,No conclusion-shaped arithmetic assumptions,"Only R1,R2 among explicitly modelled harness objects may change",SUB-T5 frozen two-run harness family,SUPPORTED,YES,YES,SUPPORTED,Four selected T5 mutants killed; two expected-failure controls rejected,"The registered dependency, frame or determinism relation is supported.",T5.6 is limited to explicitly modelled harness-owned objects.,LOC-C02-UA,ALL VERIFICATION COMPELETED SUMMARY/MLK_POLY_SUB_A_TO_Z_PROFESSOR_REPORT.md,COMPLETE,ALL_VERIFICATION_COMPELETED_SUMMARY_PROFESSOR_CLEANED_CODEX_RECORDED(1).zip,744a348bda13e3f6a8adafcca9411bd2ffb717b7fe016c2341a159a574a85389,ALL VERIFICATION COMPELETED SUMMARY/MLK_POLY_SUB_A_TO_Z_PROFESSOR_REPORT.md,2a82ed51792ef4106f7e128aa876187f730ca1890963b3739a614b72b736820e,RESOLVED,1,reports/MLK_POLY_SUB_A_TO_Z_PROFESSOR_REPORT.md,2a82ed51792ef4106f7e128aa876187f730ca1890963b3739a614b72b736820e,RESOLVED_HASH_MATCH,1
PR-C02-018,2,UNASSISTED,mlk_poly_sub,SUB-T6.1,Object validity and separation,Production-slice composition,d9613cf60de3132d32475c102d8c2781d84feb34,ML-KEM-768,ML-KEM-768 registered caller slice and producer-bound domain,Frozen producer bounds and scoped verification adapter; production functions unchanged,All registered slice objects are valid and separated as required,SUB-T6 positive harness family,SUPPORTED,YES,YES,SUPPORTED,Four selected T6 mutants killed; three false controls rejected,The registered production slice obligation is supported.,Not complete decryption correctness or a proof of every caller.,LOC-C02-UA,ALL VERIFICATION COMPELETED SUMMARY/MLK_POLY_SUB_A_TO_Z_PROFESSOR_REPORT.md,COMPLETE,ALL_VERIFICATION_COMPELETED_SUMMARY_PROFESSOR_CLEANED_CODEX_RECORDED(1).zip,744a348bda13e3f6a8adafcca9411bd2ffb717b7fe016c2341a159a574a85389,ALL VERIFICATION COMPELETED SUMMARY/MLK_POLY_SUB_A_TO_Z_PROFESSOR_REPORT.md,2a82ed51792ef4106f7e128aa876187f730ca1890963b3739a614b72b736820e,RESOLVED,1,reports/MLK_POLY_SUB_A_TO_Z_PROFESSOR_REPORT.md,2a82ed51792ef4106f7e128aa876187f730ca1890963b3739a614b72b736820e,RESOLVED_HASH_MATCH,1
PR-C02-019,2,UNASSISTED,mlk_poly_sub,SUB-T6.2,Representability derivation,Production-slice composition,d9613cf60de3132d32475c102d8c2781d84feb34,ML-KEM-768,ML-KEM-768 registered caller slice and producer-bound domain,Frozen producer bounds and scoped verification adapter; production functions unchanged,"v in [0,3328], sb in [-26631,26631] => v-sb in [-26631,29959] subset int16",SUB-T6 positive harness family,SUPPORTED,YES,YES,SUPPORTED,Four selected T6 mutants killed; three false controls rejected,The registered production slice obligation is supported.,Not complete decryption correctness or a proof of every caller.,LOC-C02-UA,ALL VERIFICATION COMPELETED SUMMARY/MLK_POLY_SUB_A_TO_Z_PROFESSOR_REPORT.md,COMPLETE,ALL_VERIFICATION_COMPELETED_SUMMARY_PROFESSOR_CLEANED_CODEX_RECORDED(1).zip,744a348bda13e3f6a8adafcca9411bd2ffb717b7fe016c2341a159a574a85389,ALL VERIFICATION COMPELETED SUMMARY/MLK_POLY_SUB_A_TO_Z_PROFESSOR_REPORT.md,2a82ed51792ef4106f7e128aa876187f730ca1890963b3739a614b72b736820e,RESOLVED,1,reports/MLK_POLY_SUB_A_TO_Z_PROFESSOR_REPORT.md,2a82ed51792ef4106f7e128aa876187f730ca1890963b3739a614b72b736820e,RESOLVED_HASH_MATCH,1
PR-C02-020,2,UNASSISTED,mlk_poly_sub,SUB-T6.3,Exact call-site subtraction,Production-slice composition,d9613cf60de3132d32475c102d8c2781d84feb34,ML-KEM-768,ML-KEM-768 registered caller slice and producer-bound domain,Frozen producer bounds and scoped verification adapter; production functions unchanged,after sub: v_sub[i]=v_before[i]-sb_before[i],SUB-T6 positive harness family,SUPPORTED,YES,YES,SUPPORTED,Four selected T6 mutants killed; three false controls rejected,The registered production slice obligation is supported.,Not complete decryption correctness or a proof of every caller.,LOC-C02-UA,ALL VERIFICATION COMPELETED SUMMARY/MLK_POLY_SUB_A_TO_Z_PROFESSOR_REPORT.md,COMPLETE,ALL_VERIFICATION_COMPELETED_SUMMARY_PROFESSOR_CLEANED_CODEX_RECORDED(1).zip,744a348bda13e3f6a8adafcca9411bd2ffb717b7fe016c2341a159a574a85389,ALL VERIFICATION COMPELETED SUMMARY/MLK_POLY_SUB_A_TO_Z_PROFESSOR_REPORT.md,2a82ed51792ef4106f7e128aa876187f730ca1890963b3739a614b72b736820e,RESOLVED,1,reports/MLK_POLY_SUB_A_TO_Z_PROFESSOR_REPORT.md,2a82ed51792ef4106f7e128aa876187f730ca1890963b3739a614b72b736820e,RESOLVED_HASH_MATCH,1
PR-C02-021,2,UNASSISTED,mlk_poly_sub,SUB-T6.4,Caller-frame preservation,Production-slice composition,d9613cf60de3132d32475c102d8c2781d84feb34,ML-KEM-768,ML-KEM-768 registered caller slice and producer-bound domain,Frozen producer bounds and scoped verification adapter; production functions unchanged,sb and registered read-only/snapshot objects unchanged,SUB-T6 positive harness family,SUPPORTED,YES,YES,SUPPORTED,Four selected T6 mutants killed; three false controls rejected,The registered production slice obligation is supported.,Not complete decryption correctness or a proof of every caller.,LOC-C02-UA,ALL VERIFICATION COMPELETED SUMMARY/MLK_POLY_SUB_A_TO_Z_PROFESSOR_REPORT.md,COMPLETE,ALL_VERIFICATION_COMPELETED_SUMMARY_PROFESSOR_CLEANED_CODEX_RECORDED(1).zip,744a348bda13e3f6a8adafcca9411bd2ffb717b7fe016c2341a159a574a85389,ALL VERIFICATION COMPELETED SUMMARY/MLK_POLY_SUB_A_TO_Z_PROFESSOR_REPORT.md,2a82ed51792ef4106f7e128aa876187f730ca1890963b3739a614b72b736820e,RESOLVED,1,reports/MLK_POLY_SUB_A_TO_Z_PROFESSOR_REPORT.md,2a82ed51792ef4106f7e128aa876187f730ca1890963b3739a614b72b736820e,RESOLVED_HASH_MATCH,1
PR-C02-022,2,UNASSISTED,mlk_poly_sub,SUB-T6.5,Subtract-reduce handoff,Production-slice composition,d9613cf60de3132d32475c102d8c2781d84feb34,ML-KEM-768,ML-KEM-768 registered caller slice and producer-bound domain,Frozen producer bounds and scoped verification adapter; production functions unchanged,after reduce: v[i]=canon_q(v_before[i]-sb_before[i]),SUB-T6 positive harness family,SUPPORTED,YES,YES,SUPPORTED,Four selected T6 mutants killed; three false controls rejected,The registered production slice obligation is supported.,Not complete decryption correctness or a proof of every caller.,LOC-C02-UA,ALL VERIFICATION COMPELETED SUMMARY/MLK_POLY_SUB_A_TO_Z_PROFESSOR_REPORT.md,COMPLETE,ALL_VERIFICATION_COMPELETED_SUMMARY_PROFESSOR_CLEANED_CODEX_RECORDED(1).zip,744a348bda13e3f6a8adafcca9411bd2ffb717b7fe016c2341a159a574a85389,ALL VERIFICATION COMPELETED SUMMARY/MLK_POLY_SUB_A_TO_Z_PROFESSOR_REPORT.md,2a82ed51792ef4106f7e128aa876187f730ca1890963b3739a614b72b736820e,RESOLVED,1,reports/MLK_POLY_SUB_A_TO_Z_PROFESSOR_REPORT.md,2a82ed51792ef4106f7e128aa876187f730ca1890963b3739a614b72b736820e,RESOLVED_HASH_MATCH,1
PR-C02-023,2,UNASSISTED,mlk_poly_sub,SUB-T6.6,tomsg precondition and const-input behaviour,Production-slice composition,d9613cf60de3132d32475c102d8c2781d84feb34,ML-KEM-768,ML-KEM-768 registered caller slice and producer-bound domain,Frozen producer bounds and scoped verification adapter; production functions unchanged,reduced coefficients satisfy tomsg domain; tomsg preserves polynomial input,SUB-T6 positive harness family,SUPPORTED,YES,YES,SUPPORTED,Four selected T6 mutants killed; three false controls rejected,The registered production slice obligation is supported.,Not complete decryption correctness or a proof of every caller.,LOC-C02-UA,ALL VERIFICATION COMPELETED SUMMARY/MLK_POLY_SUB_A_TO_Z_PROFESSOR_REPORT.md,COMPLETE,ALL_VERIFICATION_COMPELETED_SUMMARY_PROFESSOR_CLEANED_CODEX_RECORDED(1).zip,744a348bda13e3f6a8adafcca9411bd2ffb717b7fe016c2341a159a574a85389,ALL VERIFICATION COMPELETED SUMMARY/MLK_POLY_SUB_A_TO_Z_PROFESSOR_REPORT.md,2a82ed51792ef4106f7e128aa876187f730ca1890963b3739a614b72b736820e,RESOLVED,1,reports/MLK_POLY_SUB_A_TO_Z_PROFESSOR_REPORT.md,2a82ed51792ef4106f7e128aa876187f730ca1890963b3739a614b72b736820e,RESOLVED_HASH_MATCH,1
PR-C02-024,2,UNASSISTED,mlk_poly_sub,SUB-T6.7,Complete bounded slice safety,Production-slice composition,d9613cf60de3132d32475c102d8c2781d84feb34,ML-KEM-768,ML-KEM-768 registered caller slice and producer-bound domain,Frozen producer bounds and scoped verification adapter; production functions unchanged,registered sub -> reduce -> tomsg slice satisfies enabled safety/unwinding checks,SUB-T6 positive harness family,SUPPORTED,YES,YES,SUPPORTED,Four selected T6 mutants killed; three false controls rejected,The registered production slice obligation is supported.,Not complete decryption correctness or a proof of every caller.,LOC-C02-UA,ALL VERIFICATION COMPELETED SUMMARY/MLK_POLY_SUB_A_TO_Z_PROFESSOR_REPORT.md,COMPLETE,ALL_VERIFICATION_COMPELETED_SUMMARY_PROFESSOR_CLEANED_CODEX_RECORDED(1).zip,744a348bda13e3f6a8adafcca9411bd2ffb717b7fe016c2341a159a574a85389,ALL VERIFICATION COMPELETED SUMMARY/MLK_POLY_SUB_A_TO_Z_PROFESSOR_REPORT.md,2a82ed51792ef4106f7e128aa876187f730ca1890963b3739a614b72b736820e,RESOLVED,1,reports/MLK_POLY_SUB_A_TO_Z_PROFESSOR_REPORT.md,2a82ed51792ef4106f7e128aa876187f730ca1890963b3739a614b72b736820e,RESOLVED_HASH_MATCH,1
PR-C03-001,3,UNASSISTED,mlk_poly_sub -> mlk_poly_reduce (VC-SR1),AC-SR1,Sequential call-site admissibility,Supporting control,d9613cf60de3132d32475c102d8c2781d84feb34,ML-KEM-768; supporting later-revision replay,Signed-representable difference domain,Registered object and call preconditions,The production sub and reduce calls are admissible in the selected composition,AC-SR1 control,SUPPORTING_CONTROL,YES,YES,SUPPORTED,N/A,Call-site conditions for VC-SR1 are supported.,Not itself the semantic equality claim.,LOC-C03-UA,ALL VERIFICATION COMPELETED SUMMARY/VC_SR1_COMPLETE_A_TO_Z_TECHNICAL_RECORD.md,COMPLETE,ALL_VERIFICATION_COMPELETED_SUMMARY_PROFESSOR_CLEANED_CODEX_RECORDED(1).zip,744a348bda13e3f6a8adafcca9411bd2ffb717b7fe016c2341a159a574a85389,ALL VERIFICATION COMPELETED SUMMARY/VC_SR1_COMPLETE_A_TO_Z_TECHNICAL_RECORD.md,f06bde16f80b90a8960976e46a72d57fd54ea4bc282bbd9e59bb98bf6a54fc58,RESOLVED,1,reports/VC_SR1_COMPLETE_A_TO_Z_TECHNICAL_RECORD.md,f06bde16f80b90a8960976e46a72d57fd54ea4bc282bbd9e59bb98bf6a54fc58,RESOLVED_HASH_MATCH,2
PR-C03-002,3,UNASSISTED,mlk_poly_sub -> mlk_poly_reduce (VC-SR1),OR-SR1,Independent canonical oracle validation,Supporting control,d9613cf60de3132d32475c102d8c2781d84feb34,ML-KEM-768; supporting later-revision replay,Registered difference interval,Oracle uses separate int32 arithmetic and canonical modulo,"oracle(d)=unique value in [0,q) congruent to d mod q",OR-SR1 control,SUPPORTING_CONTROL,YES,YES,SUPPORTED,False-oracle M5 rejected,The comparison oracle is separately validated.,Does not prove the production sequence by itself.,LOC-C03-UA,ALL VERIFICATION COMPELETED SUMMARY/VC_SR1_COMPLETE_A_TO_Z_TECHNICAL_RECORD.md,COMPLETE,ALL_VERIFICATION_COMPELETED_SUMMARY_PROFESSOR_CLEANED_CODEX_RECORDED(1).zip,744a348bda13e3f6a8adafcca9411bd2ffb717b7fe016c2341a159a574a85389,ALL VERIFICATION COMPELETED SUMMARY/VC_SR1_COMPLETE_A_TO_Z_TECHNICAL_RECORD.md,f06bde16f80b90a8960976e46a72d57fd54ea4bc282bbd9e59bb98bf6a54fc58,RESOLVED,1,reports/VC_SR1_COMPLETE_A_TO_Z_TECHNICAL_RECORD.md,f06bde16f80b90a8960976e46a72d57fd54ea4bc282bbd9e59bb98bf6a54fc58,RESOLVED_HASH_MATCH,2
PR-C03-003,3,UNASSISTED,mlk_poly_sub -> mlk_poly_reduce (VC-SR1),VC-SR1,Sequential canonical modular difference,Sequential functional,d9613cf60de3132d32475c102d8c2781d84feb34,ML-KEM-768; supporting later-revision replay,Every coefficient difference representable in int16_t,"Valid, separately modelled objects unless an alias diagnostic explicitly states otherwise; unchanged production target; complete registered loop unwinding.","reduce(sub(A,B))[i]=canon_q(int32(A[i])-int32(B[i]))",VC-SR1 direct production sequence assertions,SUPPORTED,YES,YES,SUPPORTED,M4 omitted-reduction and M5 false-oracle mutants rejected,The pinned production sequence returns the independent canonical difference.,"Later-revision replay is supporting, not complete replication.",LOC-C03-UA,ALL VERIFICATION COMPELETED SUMMARY/VC_SR1_COMPLETE_A_TO_Z_TECHNICAL_RECORD.md,COMPLETE,ALL_VERIFICATION_COMPELETED_SUMMARY_PROFESSOR_CLEANED_CODEX_RECORDED(1).zip,744a348bda13e3f6a8adafcca9411bd2ffb717b7fe016c2341a159a574a85389,ALL VERIFICATION COMPELETED SUMMARY/VC_SR1_COMPLETE_A_TO_Z_TECHNICAL_RECORD.md,f06bde16f80b90a8960976e46a72d57fd54ea4bc282bbd9e59bb98bf6a54fc58,RESOLVED,1,reports/VC_SR1_COMPLETE_A_TO_Z_TECHNICAL_RECORD.md,f06bde16f80b90a8960976e46a72d57fd54ea4bc282bbd9e59bb98bf6a54fc58,RESOLVED_HASH_MATCH,2
PR-C04-001,4,UNASSISTED,mlk_poly_tomsg,MSG-T1.P1,Exact coefficient-to-bit decision,Functional refinement,af4c5abdd5958bdc65a03cd5ee86708264f93304,ML-KEM-768,"Canonical coefficient u in [0,3328]",Production scalar helper and polynomial traversal,bit=1 iff 833<=u<=2496; otherwise bit=0,MSG-T1 exact FIPS candidate harness,SUPPORTED,YES,YES,SUPPORTED,8/8 selected T1 semantic mutants rejected,Every canonical coefficient is mapped to the registered decision bit.,Not a reverse identity for arbitrary polynomials.,LOC-C04-UA,ALL VERIFICATION COMPELETED SUMMARY/MLK_POLY_TOMSG_MSG_T1_T2_T5_COMPLETE_A_TO_Z_AND_NOVELTY_RECORD_2026-07-23(2).md,COMPLETE,ALL_VERIFICATION_COMPELETED_SUMMARY_PROFESSOR_CLEANED_CODEX_RECORDED(1).zip,744a348bda13e3f6a8adafcca9411bd2ffb717b7fe016c2341a159a574a85389,ALL VERIFICATION COMPELETED SUMMARY/MLK_POLY_TOMSG_MSG_T1_T2_T5_COMPLETE_A_TO_Z_AND_NOVELTY_RECORD_2026-07-23(2).md,f0006a8594703df250c9f1c6978dd5c03d323650774daee9d4fdb3d48e141f7b,RESOLVED,1,reports/MLK_POLY_TOMSG_MSG_T1_T2_T5_COMPLETE_A_TO_Z_AND_NOVELTY_RECORD_2026-07-23(2).md,f0006a8594703df250c9f1c6978dd5c03d323650774daee9d4fdb3d48e141f7b,RESOLVED_HASH_MATCH,1
PR-C04-002,4,UNASSISTED,mlk_poly_tomsg,MSG-T1.P2,Exact 32-byte LSB-first packing,Encoding,af4c5abdd5958bdc65a03cd5ee86708264f93304,ML-KEM-768,256 canonical coefficients,Complete 256-coefficient traversal,message[k>>3] bit (k&7) equals decision(coeff[k]),MSG-T1 packing assertions,SUPPORTED,YES,YES,SUPPORTED,T1 loop and packing mutants rejected,The 256 decisions are packed into the required 32-byte layout.,No claim outside the pinned representation/build.,LOC-C04-UA,ALL VERIFICATION COMPELETED SUMMARY/MLK_POLY_TOMSG_MSG_T1_T2_T5_COMPLETE_A_TO_Z_AND_NOVELTY_RECORD_2026-07-23(2).md,COMPLETE,ALL_VERIFICATION_COMPELETED_SUMMARY_PROFESSOR_CLEANED_CODEX_RECORDED(1).zip,744a348bda13e3f6a8adafcca9411bd2ffb717b7fe016c2341a159a574a85389,ALL VERIFICATION COMPELETED SUMMARY/MLK_POLY_TOMSG_MSG_T1_T2_T5_COMPLETE_A_TO_Z_AND_NOVELTY_RECORD_2026-07-23(2).md,f0006a8594703df250c9f1c6978dd5c03d323650774daee9d4fdb3d48e141f7b,RESOLVED,1,reports/MLK_POLY_TOMSG_MSG_T1_T2_T5_COMPLETE_A_TO_Z_AND_NOVELTY_RECORD_2026-07-23(2).md,f0006a8594703df250c9f1c6978dd5c03d323650774daee9d4fdb3d48e141f7b,RESOLVED_HASH_MATCH,1
PR-C04-003,4,UNASSISTED,mlk_poly_tomsg,MSG-T2.R1,Relational XOR law,Relational/locality,af4c5abdd5958bdc65a03cd5ee86708264f93304,ML-KEM-768,"Canonical A,B; symbolic coefficient k","Valid, separately modelled objects unless an alias diagnostic explicitly states otherwise; unchanged production target; complete registered loop unwinding.",bit_k(tomsg(A) XOR tomsg(B)) = oracle(A[k]) XOR oracle(B[k]),MSG-T2 R1/R2A/R2B/R3A/R3B harness,SUPPORTED,YES,YES,SUPPORTED,Corresponding T2 antecedent/corruption mutant rejected,The registered relational or locality property is supported.,Does not establish constant-time behaviour.,LOC-C04-UA,ALL VERIFICATION COMPELETED SUMMARY/MLK_POLY_TOMSG_MSG_T1_T2_T5_COMPLETE_A_TO_Z_AND_NOVELTY_RECORD_2026-07-23(2).md,COMPLETE,ALL_VERIFICATION_COMPELETED_SUMMARY_PROFESSOR_CLEANED_CODEX_RECORDED(1).zip,744a348bda13e3f6a8adafcca9411bd2ffb717b7fe016c2341a159a574a85389,ALL VERIFICATION COMPELETED SUMMARY/MLK_POLY_TOMSG_MSG_T1_T2_T5_COMPLETE_A_TO_Z_AND_NOVELTY_RECORD_2026-07-23(2).md,f0006a8594703df250c9f1c6978dd5c03d323650774daee9d4fdb3d48e141f7b,RESOLVED,1,reports/MLK_POLY_TOMSG_MSG_T1_T2_T5_COMPLETE_A_TO_Z_AND_NOVELTY_RECORD_2026-07-23(2).md,f0006a8594703df250c9f1c6978dd5c03d323650774daee9d4fdb3d48e141f7b,RESOLVED_HASH_MATCH,1
PR-C04-004,4,UNASSISTED,mlk_poly_tomsg,MSG-T2.R2A,Selected coefficient locality,Relational/locality,af4c5abdd5958bdc65a03cd5ee86708264f93304,ML-KEM-768,"Canonical A,B; symbolic coefficient k","Valid, separately modelled objects unless an alias diagnostic explicitly states otherwise; unchanged production target; complete registered loop unwinding.",A[k]=B[k] => bit_k(tomsg(A))=bit_k(tomsg(B)),MSG-T2 R1/R2A/R2B/R3A/R3B harness,SUPPORTED,YES,YES,SUPPORTED,Corresponding T2 antecedent/corruption mutant rejected,The registered relational or locality property is supported.,Does not establish constant-time behaviour.,LOC-C04-UA,ALL VERIFICATION COMPELETED SUMMARY/MLK_POLY_TOMSG_MSG_T1_T2_T5_COMPLETE_A_TO_Z_AND_NOVELTY_RECORD_2026-07-23(2).md,COMPLETE,ALL_VERIFICATION_COMPELETED_SUMMARY_PROFESSOR_CLEANED_CODEX_RECORDED(1).zip,744a348bda13e3f6a8adafcca9411bd2ffb717b7fe016c2341a159a574a85389,ALL VERIFICATION COMPELETED SUMMARY/MLK_POLY_TOMSG_MSG_T1_T2_T5_COMPLETE_A_TO_Z_AND_NOVELTY_RECORD_2026-07-23(2).md,f0006a8594703df250c9f1c6978dd5c03d323650774daee9d4fdb3d48e141f7b,RESOLVED,1,reports/MLK_POLY_TOMSG_MSG_T1_T2_T5_COMPLETE_A_TO_Z_AND_NOVELTY_RECORD_2026-07-23(2).md,f0006a8594703df250c9f1c6978dd5c03d323650774daee9d4fdb3d48e141f7b,RESOLVED_HASH_MATCH,1
PR-C04-005,4,UNASSISTED,mlk_poly_tomsg,MSG-T2.R2B,Cross-bit preservation and byte confinement,Relational/locality,af4c5abdd5958bdc65a03cd5ee86708264f93304,ML-KEM-768,"Canonical A,B; symbolic coefficient k","Valid, separately modelled objects unless an alias diagnostic explicitly states otherwise; unchanged production target; complete registered loop unwinding.","if only coefficient k may change, all output bits other than k are preserved; change is confined to byte k>>3",MSG-T2 R1/R2A/R2B/R3A/R3B harness,SUPPORTED,YES,YES,SUPPORTED,Corresponding T2 antecedent/corruption mutant rejected,The registered relational or locality property is supported.,Does not establish constant-time behaviour.,LOC-C04-UA,ALL VERIFICATION COMPELETED SUMMARY/MLK_POLY_TOMSG_MSG_T1_T2_T5_COMPLETE_A_TO_Z_AND_NOVELTY_RECORD_2026-07-23(2).md,COMPLETE,ALL_VERIFICATION_COMPELETED_SUMMARY_PROFESSOR_CLEANED_CODEX_RECORDED(1).zip,744a348bda13e3f6a8adafcca9411bd2ffb717b7fe016c2341a159a574a85389,ALL VERIFICATION COMPELETED SUMMARY/MLK_POLY_TOMSG_MSG_T1_T2_T5_COMPLETE_A_TO_Z_AND_NOVELTY_RECORD_2026-07-23(2).md,f0006a8594703df250c9f1c6978dd5c03d323650774daee9d4fdb3d48e141f7b,RESOLVED,1,reports/MLK_POLY_TOMSG_MSG_T1_T2_T5_COMPLETE_A_TO_Z_AND_NOVELTY_RECORD_2026-07-23(2).md,f0006a8594703df250c9f1c6978dd5c03d323650774daee9d4fdb3d48e141f7b,RESOLVED_HASH_MATCH,1
PR-C04-006,4,UNASSISTED,mlk_poly_tomsg,MSG-T2.R3A,Same-decision invariance,Relational/locality,af4c5abdd5958bdc65a03cd5ee86708264f93304,ML-KEM-768,"Canonical A,B; symbolic coefficient k","Valid, separately modelled objects unless an alias diagnostic explicitly states otherwise; unchanged production target; complete registered loop unwinding.",oracle(A[k])=oracle(B[k]) => selected output bits equal,MSG-T2 R1/R2A/R2B/R3A/R3B harness,SUPPORTED,YES,YES,SUPPORTED,Corresponding T2 antecedent/corruption mutant rejected,The registered relational or locality property is supported.,Does not establish constant-time behaviour.,LOC-C04-UA,ALL VERIFICATION COMPELETED SUMMARY/MLK_POLY_TOMSG_MSG_T1_T2_T5_COMPLETE_A_TO_Z_AND_NOVELTY_RECORD_2026-07-23(2).md,COMPLETE,ALL_VERIFICATION_COMPELETED_SUMMARY_PROFESSOR_CLEANED_CODEX_RECORDED(1).zip,744a348bda13e3f6a8adafcca9411bd2ffb717b7fe016c2341a159a574a85389,ALL VERIFICATION COMPELETED SUMMARY/MLK_POLY_TOMSG_MSG_T1_T2_T5_COMPLETE_A_TO_Z_AND_NOVELTY_RECORD_2026-07-23(2).md,f0006a8594703df250c9f1c6978dd5c03d323650774daee9d4fdb3d48e141f7b,RESOLVED,1,reports/MLK_POLY_TOMSG_MSG_T1_T2_T5_COMPLETE_A_TO_Z_AND_NOVELTY_RECORD_2026-07-23(2).md,f0006a8594703df250c9f1c6978dd5c03d323650774daee9d4fdb3d48e141f7b,RESOLVED_HASH_MATCH,1
PR-C04-007,4,UNASSISTED,mlk_poly_tomsg,MSG-T2.R3B.1,Input-frame preservation,Relational/locality,af4c5abdd5958bdc65a03cd5ee86708264f93304,ML-KEM-768,"Canonical A,B; symbolic coefficient k","Valid, separately modelled objects unless an alias diagnostic explicitly states otherwise; unchanged production target; complete registered loop unwinding.",A and B are unchanged by their production calls,MSG-T2 R1/R2A/R2B/R3A/R3B harness,SUPPORTED,YES,YES,SUPPORTED,Corresponding T2 antecedent/corruption mutant rejected,The registered relational or locality property is supported.,Does not establish constant-time behaviour.,LOC-C04-UA,ALL VERIFICATION COMPELETED SUMMARY/MLK_POLY_TOMSG_MSG_T1_T2_T5_COMPLETE_A_TO_Z_AND_NOVELTY_RECORD_2026-07-23(2).md,COMPLETE,ALL_VERIFICATION_COMPELETED_SUMMARY_PROFESSOR_CLEANED_CODEX_RECORDED(1).zip,744a348bda13e3f6a8adafcca9411bd2ffb717b7fe016c2341a159a574a85389,ALL VERIFICATION COMPELETED SUMMARY/MLK_POLY_TOMSG_MSG_T1_T2_T5_COMPLETE_A_TO_Z_AND_NOVELTY_RECORD_2026-07-23(2).md,f0006a8594703df250c9f1c6978dd5c03d323650774daee9d4fdb3d48e141f7b,RESOLVED,1,reports/MLK_POLY_TOMSG_MSG_T1_T2_T5_COMPLETE_A_TO_Z_AND_NOVELTY_RECORD_2026-07-23(2).md,f0006a8594703df250c9f1c6978dd5c03d323650774daee9d4fdb3d48e141f7b,RESOLVED_HASH_MATCH,1
PR-C04-008,4,UNASSISTED,mlk_poly_tomsg,MSG-T2.R3B.2,Complete-message determinism,Relational/locality,af4c5abdd5958bdc65a03cd5ee86708264f93304,ML-KEM-768,"Canonical A,B; symbolic coefficient k","Valid, separately modelled objects unless an alias diagnostic explicitly states otherwise; unchanged production target; complete registered loop unwinding.",A=B => tomsg(A)=tomsg(B),MSG-T2 R1/R2A/R2B/R3A/R3B harness,SUPPORTED,YES,YES,SUPPORTED,Corresponding T2 antecedent/corruption mutant rejected,The registered relational or locality property is supported.,Does not establish constant-time behaviour.,LOC-C04-UA,ALL VERIFICATION COMPELETED SUMMARY/MLK_POLY_TOMSG_MSG_T1_T2_T5_COMPLETE_A_TO_Z_AND_NOVELTY_RECORD_2026-07-23(2).md,COMPLETE,ALL_VERIFICATION_COMPELETED_SUMMARY_PROFESSOR_CLEANED_CODEX_RECORDED(1).zip,744a348bda13e3f6a8adafcca9411bd2ffb717b7fe016c2341a159a574a85389,ALL VERIFICATION COMPELETED SUMMARY/MLK_POLY_TOMSG_MSG_T1_T2_T5_COMPLETE_A_TO_Z_AND_NOVELTY_RECORD_2026-07-23(2).md,f0006a8594703df250c9f1c6978dd5c03d323650774daee9d4fdb3d48e141f7b,RESOLVED,1,reports/MLK_POLY_TOMSG_MSG_T1_T2_T5_COMPLETE_A_TO_Z_AND_NOVELTY_RECORD_2026-07-23(2).md,f0006a8594703df250c9f1c6978dd5c03d323650774daee9d4fdb3d48e141f7b,RESOLVED_HASH_MATCH,1
PR-C04-009,4,UNASSISTED,mlk_poly_tomsg,MSG-T5.P1,Production-offset model binding,Finite-domain parameter characterization,af4c5abdd5958bdc65a03cd5ee86708264f93304,ML-KEM-768,"u in [0,3328], c in uint32; fixed multiplier 1290168 and shift 31",uint32 modular arithmetic and pinned helper expression,F_c(u)=real helper and tomsg bit at production c,MSG05C-G evidence chain,SUPPORTED,YES,YES,SUPPORTED,Lower/upper expansion mutations rejected,The exact accepted offset interval is characterized for the frozen arithmetic expression.,Not a general mathematical novelty or a proof for changed multiplier/shift.,LOC-C04-UA,ALL VERIFICATION COMPELETED SUMMARY/MLK_POLY_TOMSG_MSG_T1_T2_T5_COMPLETE_A_TO_Z_AND_NOVELTY_RECORD_2026-07-23(2).md,COMPLETE,ALL_VERIFICATION_COMPELETED_SUMMARY_PROFESSOR_CLEANED_CODEX_RECORDED(1).zip,744a348bda13e3f6a8adafcca9411bd2ffb717b7fe016c2341a159a574a85389,ALL VERIFICATION COMPELETED SUMMARY/MLK_POLY_TOMSG_MSG_T1_T2_T5_COMPLETE_A_TO_Z_AND_NOVELTY_RECORD_2026-07-23(2).md,f0006a8594703df250c9f1c6978dd5c03d323650774daee9d4fdb3d48e141f7b,RESOLVED,1,reports/MLK_POLY_TOMSG_MSG_T1_T2_T5_COMPLETE_A_TO_Z_AND_NOVELTY_RECORD_2026-07-23(2).md,f0006a8594703df250c9f1c6978dd5c03d323650774daee9d4fdb3d48e141f7b,RESOLVED_HASH_MATCH,1
PR-C04-010,4,UNASSISTED,mlk_poly_tomsg,MSG-T5.P2,Universal inside-interval sufficiency,Finite-domain parameter characterization,af4c5abdd5958bdc65a03cd5ee86708264f93304,ML-KEM-768,"u in [0,3328], c in uint32; fixed multiplier 1290168 and shift 31",uint32 modular arithmetic and pinned helper expression,"For all canonical u, F_c(u)=O(u) for every c in [1073417800,1074063871]",MSG05C-G evidence chain,SUPPORTED,YES,YES,SUPPORTED,Lower/upper expansion mutations rejected,The exact accepted offset interval is characterized for the frozen arithmetic expression.,Not a general mathematical novelty or a proof for changed multiplier/shift.,LOC-C04-UA,ALL VERIFICATION COMPELETED SUMMARY/MLK_POLY_TOMSG_MSG_T1_T2_T5_COMPLETE_A_TO_Z_AND_NOVELTY_RECORD_2026-07-23(2).md,COMPLETE,ALL_VERIFICATION_COMPELETED_SUMMARY_PROFESSOR_CLEANED_CODEX_RECORDED(1).zip,744a348bda13e3f6a8adafcca9411bd2ffb717b7fe016c2341a159a574a85389,ALL VERIFICATION COMPELETED SUMMARY/MLK_POLY_TOMSG_MSG_T1_T2_T5_COMPLETE_A_TO_Z_AND_NOVELTY_RECORD_2026-07-23(2).md,f0006a8594703df250c9f1c6978dd5c03d323650774daee9d4fdb3d48e141f7b,RESOLVED,1,reports/MLK_POLY_TOMSG_MSG_T1_T2_T5_COMPLETE_A_TO_Z_AND_NOVELTY_RECORD_2026-07-23(2).md,f0006a8594703df250c9f1c6978dd5c03d323650774daee9d4fdb3d48e141f7b,RESOLVED_HASH_MATCH,1
PR-C04-011,4,UNASSISTED,mlk_poly_tomsg,MSG-T5.P3,Universal outside-interval necessity,Finite-domain parameter characterization,af4c5abdd5958bdc65a03cd5ee86708264f93304,ML-KEM-768,"u in [0,3328], c in uint32; fixed multiplier 1290168 and shift 31",uint32 modular arithmetic and pinned helper expression,"Every uint32 c outside [1073417800,1074063871] has a canonical u with F_c(u)!=O(u)",MSG05C-G evidence chain,SUPPORTED,YES,YES,SUPPORTED,Lower/upper expansion mutations rejected,The exact accepted offset interval is characterized for the frozen arithmetic expression.,Not a general mathematical novelty or a proof for changed multiplier/shift.,LOC-C04-UA,ALL VERIFICATION COMPELETED SUMMARY/MLK_POLY_TOMSG_MSG_T1_T2_T5_COMPLETE_A_TO_Z_AND_NOVELTY_RECORD_2026-07-23(2).md,COMPLETE,ALL_VERIFICATION_COMPELETED_SUMMARY_PROFESSOR_CLEANED_CODEX_RECORDED(1).zip,744a348bda13e3f6a8adafcca9411bd2ffb717b7fe016c2341a159a574a85389,ALL VERIFICATION COMPELETED SUMMARY/MLK_POLY_TOMSG_MSG_T1_T2_T5_COMPLETE_A_TO_Z_AND_NOVELTY_RECORD_2026-07-23(2).md,f0006a8594703df250c9f1c6978dd5c03d323650774daee9d4fdb3d48e141f7b,RESOLVED,1,reports/MLK_POLY_TOMSG_MSG_T1_T2_T5_COMPLETE_A_TO_Z_AND_NOVELTY_RECORD_2026-07-23(2).md,f0006a8594703df250c9f1c6978dd5c03d323650774daee9d4fdb3d48e141f7b,RESOLVED_HASH_MATCH,1
PR-C04-012,4,UNASSISTED,mlk_poly_tomsg,MSG-T5.P4,Exact admissible offset interval,Finite-domain parameter characterization,af4c5abdd5958bdc65a03cd5ee86708264f93304,ML-KEM-768,"u in [0,3328], c in uint32; fixed multiplier 1290168 and shift 31",uint32 modular arithmetic and pinned helper expression,"{c : forall u in [0,3328], F_c(u)=O(u)}=[1073417800,1074063871]",MSG05C-G evidence chain,SUPPORTED,YES,YES,SUPPORTED,Lower/upper expansion mutations rejected,The exact accepted offset interval is characterized for the frozen arithmetic expression.,Not a general mathematical novelty or a proof for changed multiplier/shift.,LOC-C04-UA,ALL VERIFICATION COMPELETED SUMMARY/MLK_POLY_TOMSG_MSG_T1_T2_T5_COMPLETE_A_TO_Z_AND_NOVELTY_RECORD_2026-07-23(2).md,COMPLETE,ALL_VERIFICATION_COMPELETED_SUMMARY_PROFESSOR_CLEANED_CODEX_RECORDED(1).zip,744a348bda13e3f6a8adafcca9411bd2ffb717b7fe016c2341a159a574a85389,ALL VERIFICATION COMPELETED SUMMARY/MLK_POLY_TOMSG_MSG_T1_T2_T5_COMPLETE_A_TO_Z_AND_NOVELTY_RECORD_2026-07-23(2).md,f0006a8594703df250c9f1c6978dd5c03d323650774daee9d4fdb3d48e141f7b,RESOLVED,1,reports/MLK_POLY_TOMSG_MSG_T1_T2_T5_COMPLETE_A_TO_Z_AND_NOVELTY_RECORD_2026-07-23(2).md,f0006a8594703df250c9f1c6978dd5c03d323650774daee9d4fdb3d48e141f7b,RESOLVED_HASH_MATCH,1
PR-C04-013,4,UNASSISTED,mlk_poly_tomsg,MSG-T5.P5,Endpoint tightness and production membership,Finite-domain parameter characterization,af4c5abdd5958bdc65a03cd5ee86708264f93304,ML-KEM-768,"u in [0,3328], c in uint32; fixed multiplier 1290168 and shift 31",uint32 modular arithmetic and pinned helper expression,Both endpoints are one-step tight and production offset 2^25 lies in the interval,MSG05C-G evidence chain,SUPPORTED,YES,YES,SUPPORTED,Lower/upper expansion mutations rejected,The exact accepted offset interval is characterized for the frozen arithmetic expression.,Not a general mathematical novelty or a proof for changed multiplier/shift.,LOC-C04-UA,ALL VERIFICATION COMPELETED SUMMARY/MLK_POLY_TOMSG_MSG_T1_T2_T5_COMPLETE_A_TO_Z_AND_NOVELTY_RECORD_2026-07-23(2).md,COMPLETE,ALL_VERIFICATION_COMPELETED_SUMMARY_PROFESSOR_CLEANED_CODEX_RECORDED(1).zip,744a348bda13e3f6a8adafcca9411bd2ffb717b7fe016c2341a159a574a85389,ALL VERIFICATION COMPELETED SUMMARY/MLK_POLY_TOMSG_MSG_T1_T2_T5_COMPLETE_A_TO_Z_AND_NOVELTY_RECORD_2026-07-23(2).md,f0006a8594703df250c9f1c6978dd5c03d323650774daee9d4fdb3d48e141f7b,RESOLVED,1,reports/MLK_POLY_TOMSG_MSG_T1_T2_T5_COMPLETE_A_TO_Z_AND_NOVELTY_RECORD_2026-07-23(2).md,f0006a8594703df250c9f1c6978dd5c03d323650774daee9d4fdb3d48e141f7b,RESOLVED_HASH_MATCH,1
PR-C05-001,5,UNASSISTED,mlk_poly_frommsg,FROMMSG-T1.P1,Exact bit-to-coefficient embedding,Functional refinement,af4c5abdd5958bdc65a03cd5ee86708264f93304,ML-KEM-768,Arbitrary 32-byte message; k=0..255,"Valid, separately modelled objects unless an alias diagnostic explicitly states otherwise; unchanged production target; complete registered loop unwinding.","r[k]=1665*bit(m,k), so r[k] in {0,1665}",FROMMSG T1 harness,SUPPORTED,YES,YES,SUPPORTED,Selected T1 mutants rejected,The production function exactly embeds every message bit in the registered two-value codebook.,Not arbitrary polynomial decoding.,LOC-C05-UA,ALL VERIFICATION COMPELETED SUMMARY/MLK_POLY_FROMMSG_T1_T4_COMPLETE_CBMC_VERIFICATION_RECORD.md,COMPLETE,ALL_VERIFICATION_COMPELETED_SUMMARY_PROFESSOR_CLEANED_CODEX_RECORDED(1).zip,744a348bda13e3f6a8adafcca9411bd2ffb717b7fe016c2341a159a574a85389,ALL VERIFICATION COMPELETED SUMMARY/MLK_POLY_FROMMSG_T1_T4_COMPLETE_CBMC_VERIFICATION_RECORD.md,aa2c0d5ee0cdce1a4b912dd0461c1174d6f5c05c858b01372cf7d69d3b20f10b,RESOLVED,1,reports/MLK_POLY_FROMMSG_T1_T4_COMPLETE_CBMC_VERIFICATION_RECORD.md,aa2c0d5ee0cdce1a4b912dd0461c1174d6f5c05c858b01372cf7d69d3b20f10b,RESOLVED_HASH_MATCH,1
PR-C05-002,5,UNASSISTED,mlk_poly_frommsg,FROMMSG-T2.P1,Exact selected-bit toggle pair,Relational/locality,af4c5abdd5958bdc65a03cd5ee86708264f93304,ML-KEM-768,Two messages related by one selected bit toggle,"Valid, separately modelled objects unless an alias diagnostic explicitly states otherwise; unchanged production target; complete registered loop unwinding.",Messages differing only at bit k produce the two complementary codewords at coefficient k,FROMMSG T2 harness,SUPPORTED,YES,YES,SUPPORTED,Selected relational mutants rejected,The selected one-bit relational behaviour is supported.,Not a statement about arbitrary unrelated message pairs.,LOC-C05-UA,ALL VERIFICATION COMPELETED SUMMARY/MLK_POLY_FROMMSG_T1_T4_COMPLETE_CBMC_VERIFICATION_RECORD.md,COMPLETE,ALL_VERIFICATION_COMPELETED_SUMMARY_PROFESSOR_CLEANED_CODEX_RECORDED(1).zip,744a348bda13e3f6a8adafcca9411bd2ffb717b7fe016c2341a159a574a85389,ALL VERIFICATION COMPELETED SUMMARY/MLK_POLY_FROMMSG_T1_T4_COMPLETE_CBMC_VERIFICATION_RECORD.md,aa2c0d5ee0cdce1a4b912dd0461c1174d6f5c05c858b01372cf7d69d3b20f10b,RESOLVED,1,reports/MLK_POLY_FROMMSG_T1_T4_COMPLETE_CBMC_VERIFICATION_RECORD.md,aa2c0d5ee0cdce1a4b912dd0461c1174d6f5c05c858b01372cf7d69d3b20f10b,RESOLVED_HASH_MATCH,1
PR-C05-003,5,UNASSISTED,mlk_poly_frommsg,FROMMSG-T2.P2,Complementary coefficient sum,Relational/locality,af4c5abdd5958bdc65a03cd5ee86708264f93304,ML-KEM-768,Two messages related by one selected bit toggle,"Valid, separately modelled objects unless an alias diagnostic explicitly states otherwise; unchanged production target; complete registered loop unwinding.","For a selected bit toggle, r1[k]+r2[k]=1665",FROMMSG T2 harness,SUPPORTED,YES,YES,SUPPORTED,Selected relational mutants rejected,The selected one-bit relational behaviour is supported.,Not a statement about arbitrary unrelated message pairs.,LOC-C05-UA,ALL VERIFICATION COMPELETED SUMMARY/MLK_POLY_FROMMSG_T1_T4_COMPLETE_CBMC_VERIFICATION_RECORD.md,COMPLETE,ALL_VERIFICATION_COMPELETED_SUMMARY_PROFESSOR_CLEANED_CODEX_RECORDED(1).zip,744a348bda13e3f6a8adafcca9411bd2ffb717b7fe016c2341a159a574a85389,ALL VERIFICATION COMPELETED SUMMARY/MLK_POLY_FROMMSG_T1_T4_COMPLETE_CBMC_VERIFICATION_RECORD.md,aa2c0d5ee0cdce1a4b912dd0461c1174d6f5c05c858b01372cf7d69d3b20f10b,RESOLVED,1,reports/MLK_POLY_FROMMSG_T1_T4_COMPLETE_CBMC_VERIFICATION_RECORD.md,aa2c0d5ee0cdce1a4b912dd0461c1174d6f5c05c858b01372cf7d69d3b20f10b,RESOLVED_HASH_MATCH,1
PR-C05-004,5,UNASSISTED,mlk_poly_frommsg,FROMMSG-T2.P3,Coordinate-difference iff selected index,Relational/locality,af4c5abdd5958bdc65a03cd5ee86708264f93304,ML-KEM-768,Two messages related by one selected bit toggle,"Valid, separately modelled objects unless an alias diagnostic explicitly states otherwise; unchanged production target; complete registered loop unwinding.",r1[j]!=r2[j] iff j=k for the one-bit-toggle construction,FROMMSG T2 harness,SUPPORTED,YES,YES,SUPPORTED,Selected relational mutants rejected,The selected one-bit relational behaviour is supported.,Not a statement about arbitrary unrelated message pairs.,LOC-C05-UA,ALL VERIFICATION COMPELETED SUMMARY/MLK_POLY_FROMMSG_T1_T4_COMPLETE_CBMC_VERIFICATION_RECORD.md,COMPLETE,ALL_VERIFICATION_COMPELETED_SUMMARY_PROFESSOR_CLEANED_CODEX_RECORDED(1).zip,744a348bda13e3f6a8adafcca9411bd2ffb717b7fe016c2341a159a574a85389,ALL VERIFICATION COMPELETED SUMMARY/MLK_POLY_FROMMSG_T1_T4_COMPLETE_CBMC_VERIFICATION_RECORD.md,aa2c0d5ee0cdce1a4b912dd0461c1174d6f5c05c858b01372cf7d69d3b20f10b,RESOLVED,1,reports/MLK_POLY_FROMMSG_T1_T4_COMPLETE_CBMC_VERIFICATION_RECORD.md,aa2c0d5ee0cdce1a4b912dd0461c1174d6f5c05c858b01372cf7d69d3b20f10b,RESOLVED_HASH_MATCH,1
PR-C05-005,5,UNASSISTED,mlk_poly_frommsg,FROMMSG-T2.P4,Boolean complement preservation,Relational/locality,af4c5abdd5958bdc65a03cd5ee86708264f93304,ML-KEM-768,Two messages related by one selected bit toggle,"Valid, separately modelled objects unless an alias diagnostic explicitly states otherwise; unchanged production target; complete registered loop unwinding.",The selected output codeword represents the complemented input bit,FROMMSG T2 harness,SUPPORTED,YES,YES,SUPPORTED,Selected relational mutants rejected,The selected one-bit relational behaviour is supported.,Not a statement about arbitrary unrelated message pairs.,LOC-C05-UA,ALL VERIFICATION COMPELETED SUMMARY/MLK_POLY_FROMMSG_T1_T4_COMPLETE_CBMC_VERIFICATION_RECORD.md,COMPLETE,ALL_VERIFICATION_COMPELETED_SUMMARY_PROFESSOR_CLEANED_CODEX_RECORDED(1).zip,744a348bda13e3f6a8adafcca9411bd2ffb717b7fe016c2341a159a574a85389,ALL VERIFICATION COMPELETED SUMMARY/MLK_POLY_FROMMSG_T1_T4_COMPLETE_CBMC_VERIFICATION_RECORD.md,aa2c0d5ee0cdce1a4b912dd0461c1174d6f5c05c858b01372cf7d69d3b20f10b,RESOLVED,1,reports/MLK_POLY_FROMMSG_T1_T4_COMPLETE_CBMC_VERIFICATION_RECORD.md,aa2c0d5ee0cdce1a4b912dd0461c1174d6f5c05c858b01372cf7d69d3b20f10b,RESOLVED_HASH_MATCH,1
PR-C05-006,5,UNASSISTED,mlk_poly_frommsg,FROMMSG-T3.P1,Selected byte round trip,Directional round trip,af4c5abdd5958bdc65a03cd5ee86708264f93304,ML-KEM-768,Message-originating data or exact two-value codebook image,"Valid, separately modelled objects unless an alias diagnostic explicitly states otherwise; unchanged production target; complete registered loop unwinding.",tomsg(frommsg(m))[byte]=m[byte],FROMMSG T3 composition harness,SUPPORTED,YES,YES,SUPPORTED,Non-vacuity/mutation preflight retained,The registered message-originating round-trip or codebook relation is supported.,No reverse identity for arbitrary polynomials.,LOC-C05-UA,ALL VERIFICATION COMPELETED SUMMARY/MLK_POLY_FROMMSG_T1_T4_COMPLETE_CBMC_VERIFICATION_RECORD.md,COMPLETE,ALL_VERIFICATION_COMPELETED_SUMMARY_PROFESSOR_CLEANED_CODEX_RECORDED(1).zip,744a348bda13e3f6a8adafcca9411bd2ffb717b7fe016c2341a159a574a85389,ALL VERIFICATION COMPELETED SUMMARY/MLK_POLY_FROMMSG_T1_T4_COMPLETE_CBMC_VERIFICATION_RECORD.md,aa2c0d5ee0cdce1a4b912dd0461c1174d6f5c05c858b01372cf7d69d3b20f10b,RESOLVED,1,reports/MLK_POLY_FROMMSG_T1_T4_COMPLETE_CBMC_VERIFICATION_RECORD.md,aa2c0d5ee0cdce1a4b912dd0461c1174d6f5c05c858b01372cf7d69d3b20f10b,RESOLVED_HASH_MATCH,1
PR-C05-007,5,UNASSISTED,mlk_poly_frommsg,FROMMSG-T3.P2,Selected bit round trip,Directional round trip,af4c5abdd5958bdc65a03cd5ee86708264f93304,ML-KEM-768,Message-originating data or exact two-value codebook image,"Valid, separately modelled objects unless an alias diagnostic explicitly states otherwise; unchanged production target; complete registered loop unwinding.",bit_k(tomsg(frommsg(m)))=bit_k(m),FROMMSG T3 composition harness,SUPPORTED,YES,YES,SUPPORTED,Non-vacuity/mutation preflight retained,The registered message-originating round-trip or codebook relation is supported.,No reverse identity for arbitrary polynomials.,LOC-C05-UA,ALL VERIFICATION COMPELETED SUMMARY/MLK_POLY_FROMMSG_T1_T4_COMPLETE_CBMC_VERIFICATION_RECORD.md,COMPLETE,ALL_VERIFICATION_COMPELETED_SUMMARY_PROFESSOR_CLEANED_CODEX_RECORDED(1).zip,744a348bda13e3f6a8adafcca9411bd2ffb717b7fe016c2341a159a574a85389,ALL VERIFICATION COMPELETED SUMMARY/MLK_POLY_FROMMSG_T1_T4_COMPLETE_CBMC_VERIFICATION_RECORD.md,aa2c0d5ee0cdce1a4b912dd0461c1174d6f5c05c858b01372cf7d69d3b20f10b,RESOLVED,1,reports/MLK_POLY_FROMMSG_T1_T4_COMPLETE_CBMC_VERIFICATION_RECORD.md,aa2c0d5ee0cdce1a4b912dd0461c1174d6f5c05c858b01372cf7d69d3b20f10b,RESOLVED_HASH_MATCH,1
PR-C05-008,5,UNASSISTED,mlk_poly_frommsg,FROMMSG-T3.P3,Codebook fixed point,Directional round trip,af4c5abdd5958bdc65a03cd5ee86708264f93304,ML-KEM-768,Message-originating data or exact two-value codebook image,"Valid, separately modelled objects unless an alias diagnostic explicitly states otherwise; unchanged production target; complete registered loop unwinding.","frommsg(tomsg(r))=r for r in the {0,1665} codebook image",FROMMSG T3 composition harness,SUPPORTED,YES,YES,SUPPORTED,Non-vacuity/mutation preflight retained,The registered message-originating round-trip or codebook relation is supported.,No reverse identity for arbitrary polynomials.,LOC-C05-UA,ALL VERIFICATION COMPELETED SUMMARY/MLK_POLY_FROMMSG_T1_T4_COMPLETE_CBMC_VERIFICATION_RECORD.md,COMPLETE,ALL_VERIFICATION_COMPELETED_SUMMARY_PROFESSOR_CLEANED_CODEX_RECORDED(1).zip,744a348bda13e3f6a8adafcca9411bd2ffb717b7fe016c2341a159a574a85389,ALL VERIFICATION COMPELETED SUMMARY/MLK_POLY_FROMMSG_T1_T4_COMPLETE_CBMC_VERIFICATION_RECORD.md,aa2c0d5ee0cdce1a4b912dd0461c1174d6f5c05c858b01372cf7d69d3b20f10b,RESOLVED,1,reports/MLK_POLY_FROMMSG_T1_T4_COMPLETE_CBMC_VERIFICATION_RECORD.md,aa2c0d5ee0cdce1a4b912dd0461c1174d6f5c05c858b01372cf7d69d3b20f10b,RESOLVED_HASH_MATCH,1
PR-C05-009,5,UNASSISTED,mlk_poly_frommsg,FROMMSG-T3.P4,Exact codebook decoding relation,Directional round trip,af4c5abdd5958bdc65a03cd5ee86708264f93304,ML-KEM-768,Message-originating data or exact two-value codebook image,"Valid, separately modelled objects unless an alias diagnostic explicitly states otherwise; unchanged production target; complete registered loop unwinding.",tomsg maps 0 to 0 and 1665 to 1 at each registered coordinate,FROMMSG T3 composition harness,SUPPORTED,YES,YES,SUPPORTED,Non-vacuity/mutation preflight retained,The registered message-originating round-trip or codebook relation is supported.,No reverse identity for arbitrary polynomials.,LOC-C05-UA,ALL VERIFICATION COMPELETED SUMMARY/MLK_POLY_FROMMSG_T1_T4_COMPLETE_CBMC_VERIFICATION_RECORD.md,COMPLETE,ALL_VERIFICATION_COMPELETED_SUMMARY_PROFESSOR_CLEANED_CODEX_RECORDED(1).zip,744a348bda13e3f6a8adafcca9411bd2ffb717b7fe016c2341a159a574a85389,ALL VERIFICATION COMPELETED SUMMARY/MLK_POLY_FROMMSG_T1_T4_COMPLETE_CBMC_VERIFICATION_RECORD.md,aa2c0d5ee0cdce1a4b912dd0461c1174d6f5c05c858b01372cf7d69d3b20f10b,RESOLVED,1,reports/MLK_POLY_FROMMSG_T1_T4_COMPLETE_CBMC_VERIFICATION_RECORD.md,aa2c0d5ee0cdce1a4b912dd0461c1174d6f5c05c858b01372cf7d69d3b20f10b,RESOLVED_HASH_MATCH,1
PR-C05-010,5,UNASSISTED,mlk_poly_frommsg,FROMMSG-T4.P1,Coordinate support preservation,Codebook metric relation,af4c5abdd5958bdc65a03cd5ee86708264f93304,ML-KEM-768,Arbitrary 32-byte message pair,"Valid, separately modelled objects unless an alias diagnostic explicitly states otherwise; unchanged production target; complete registered loop unwinding.",support(frommsg(m)) corresponds exactly to set message bits,FROMMSG T4 harness,SUPPORTED,YES,YES,SUPPORTED,Selected T4 mutants rejected,The registered support/weight/distance relation holds for message-originating codewords.,Not a metric claim for arbitrary polynomial coefficients.,LOC-C05-UA,ALL VERIFICATION COMPELETED SUMMARY/MLK_POLY_FROMMSG_T1_T4_COMPLETE_CBMC_VERIFICATION_RECORD.md,COMPLETE,ALL_VERIFICATION_COMPELETED_SUMMARY_PROFESSOR_CLEANED_CODEX_RECORDED(1).zip,744a348bda13e3f6a8adafcca9411bd2ffb717b7fe016c2341a159a574a85389,ALL VERIFICATION COMPELETED SUMMARY/MLK_POLY_FROMMSG_T1_T4_COMPLETE_CBMC_VERIFICATION_RECORD.md,aa2c0d5ee0cdce1a4b912dd0461c1174d6f5c05c858b01372cf7d69d3b20f10b,RESOLVED,1,reports/MLK_POLY_FROMMSG_T1_T4_COMPLETE_CBMC_VERIFICATION_RECORD.md,aa2c0d5ee0cdce1a4b912dd0461c1174d6f5c05c858b01372cf7d69d3b20f10b,RESOLVED_HASH_MATCH,1
PR-C05-011,5,UNASSISTED,mlk_poly_frommsg,FROMMSG-T4.P2,Weight-popcount equality,Codebook metric relation,af4c5abdd5958bdc65a03cd5ee86708264f93304,ML-KEM-768,Arbitrary 32-byte message pair,"Valid, separately modelled objects unless an alias diagnostic explicitly states otherwise; unchanged production target; complete registered loop unwinding.",number of nonzero coefficients = popcount(m),FROMMSG T4 harness,SUPPORTED,YES,YES,SUPPORTED,Selected T4 mutants rejected,The registered support/weight/distance relation holds for message-originating codewords.,Not a metric claim for arbitrary polynomial coefficients.,LOC-C05-UA,ALL VERIFICATION COMPELETED SUMMARY/MLK_POLY_FROMMSG_T1_T4_COMPLETE_CBMC_VERIFICATION_RECORD.md,COMPLETE,ALL_VERIFICATION_COMPELETED_SUMMARY_PROFESSOR_CLEANED_CODEX_RECORDED(1).zip,744a348bda13e3f6a8adafcca9411bd2ffb717b7fe016c2341a159a574a85389,ALL VERIFICATION COMPELETED SUMMARY/MLK_POLY_FROMMSG_T1_T4_COMPLETE_CBMC_VERIFICATION_RECORD.md,aa2c0d5ee0cdce1a4b912dd0461c1174d6f5c05c858b01372cf7d69d3b20f10b,RESOLVED,1,reports/MLK_POLY_FROMMSG_T1_T4_COMPLETE_CBMC_VERIFICATION_RECORD.md,aa2c0d5ee0cdce1a4b912dd0461c1174d6f5c05c858b01372cf7d69d3b20f10b,RESOLVED_HASH_MATCH,1
PR-C05-012,5,UNASSISTED,mlk_poly_frommsg,FROMMSG-T4.P3,Support-distance/Hamming equality,Codebook metric relation,af4c5abdd5958bdc65a03cd5ee86708264f93304,ML-KEM-768,Arbitrary 32-byte message pair,"Valid, separately modelled objects unless an alias diagnostic explicitly states otherwise; unchanged production target; complete registered loop unwinding.",support distance between codewords = Hamming distance between messages,FROMMSG T4 harness,SUPPORTED,YES,YES,SUPPORTED,Selected T4 mutants rejected,The registered support/weight/distance relation holds for message-originating codewords.,Not a metric claim for arbitrary polynomial coefficients.,LOC-C05-UA,ALL VERIFICATION COMPELETED SUMMARY/MLK_POLY_FROMMSG_T1_T4_COMPLETE_CBMC_VERIFICATION_RECORD.md,COMPLETE,ALL_VERIFICATION_COMPELETED_SUMMARY_PROFESSOR_CLEANED_CODEX_RECORDED(1).zip,744a348bda13e3f6a8adafcca9411bd2ffb717b7fe016c2341a159a574a85389,ALL VERIFICATION COMPELETED SUMMARY/MLK_POLY_FROMMSG_T1_T4_COMPLETE_CBMC_VERIFICATION_RECORD.md,aa2c0d5ee0cdce1a4b912dd0461c1174d6f5c05c858b01372cf7d69d3b20f10b,RESOLVED,1,reports/MLK_POLY_FROMMSG_T1_T4_COMPLETE_CBMC_VERIFICATION_RECORD.md,aa2c0d5ee0cdce1a4b912dd0461c1174d6f5c05c858b01372cf7d69d3b20f10b,RESOLVED_HASH_MATCH,1
PR-C05-013,5,UNASSISTED,mlk_poly_frommsg,FROMMSG-T4.P4,L1-distance/Hamming scaling,Codebook metric relation,af4c5abdd5958bdc65a03cd5ee86708264f93304,ML-KEM-768,Arbitrary 32-byte message pair,"Valid, separately modelled objects unless an alias diagnostic explicitly states otherwise; unchanged production target; complete registered loop unwinding.","sum_i |r_m[i]-r_n[i]| = 1665 * HammingDistance(m,n)",FROMMSG T4 harness,SUPPORTED,YES,YES,SUPPORTED,Selected T4 mutants rejected,The registered support/weight/distance relation holds for message-originating codewords.,Not a metric claim for arbitrary polynomial coefficients.,LOC-C05-UA,ALL VERIFICATION COMPELETED SUMMARY/MLK_POLY_FROMMSG_T1_T4_COMPLETE_CBMC_VERIFICATION_RECORD.md,COMPLETE,ALL_VERIFICATION_COMPELETED_SUMMARY_PROFESSOR_CLEANED_CODEX_RECORDED(1).zip,744a348bda13e3f6a8adafcca9411bd2ffb717b7fe016c2341a159a574a85389,ALL VERIFICATION COMPELETED SUMMARY/MLK_POLY_FROMMSG_T1_T4_COMPLETE_CBMC_VERIFICATION_RECORD.md,aa2c0d5ee0cdce1a4b912dd0461c1174d6f5c05c858b01372cf7d69d3b20f10b,RESOLVED,1,reports/MLK_POLY_FROMMSG_T1_T4_COMPLETE_CBMC_VERIFICATION_RECORD.md,aa2c0d5ee0cdce1a4b912dd0461c1174d6f5c05c858b01372cf7d69d3b20f10b,RESOLVED_HASH_MATCH,1
PR-C06-001,6,UNASSISTED,mlk_poly_compress_d4_c and mlk_poly_decompress_d4_c,D4-T1.P1,Exact scalar D4 compression refinement,Compression refinement,af4c5abdd5958bdc65a03cd5ee86708264f93304,ML-KEM-768,Canonical polynomial coefficients 0..3328,"Valid, separately modelled objects unless an alias diagnostic explicitly states otherwise; unchanged production target; complete registered loop unwinding.",compressed nibble equals independent D4 compressor oracle for each canonical coefficient,D4 T1 final compressor harness,SUPPORTED,YES,YES,SUPPORTED,Selected compressor mutants rejected,Pinned portable-C D4 compression matches the independent scalar/packing specification.,No assembly/native-backend equivalence.,LOC-C06-UA,ALL VERIFICATION COMPELETED SUMMARY/MLKEM_D4_CBMC_T1_T4_COMPLETE_RESEARCH_RECORD.md,COMPLETE,ALL_VERIFICATION_COMPELETED_SUMMARY_PROFESSOR_CLEANED_CODEX_RECORDED(1).zip,744a348bda13e3f6a8adafcca9411bd2ffb717b7fe016c2341a159a574a85389,ALL VERIFICATION COMPELETED SUMMARY/MLKEM_D4_CBMC_T1_T4_COMPLETE_RESEARCH_RECORD.md,6f7cad3735fe50a68b848b55b632c40d3450b9daa1526f6b044224c6a3d74ec5,RESOLVED,1,reports/MLKEM_D4_CBMC_T1_T4_COMPLETE_RESEARCH_RECORD.md,6f7cad3735fe50a68b848b55b632c40d3450b9daa1526f6b044224c6a3d74ec5,RESOLVED_HASH_MATCH,1
PR-C06-002,6,UNASSISTED,mlk_poly_compress_d4_c and mlk_poly_decompress_d4_c,D4-T1.P2,Exact two-nibble byte packing,Compression refinement,af4c5abdd5958bdc65a03cd5ee86708264f93304,ML-KEM-768,Canonical polynomial coefficients 0..3328,"Valid, separately modelled objects unless an alias diagnostic explicitly states otherwise; unchanged production target; complete registered loop unwinding.",byte[i] = low_nibble(c[2i]) | (high_nibble(c[2i+1]) << 4),D4 T1 final compressor harness,SUPPORTED,YES,YES,SUPPORTED,Selected compressor mutants rejected,Pinned portable-C D4 compression matches the independent scalar/packing specification.,No assembly/native-backend equivalence.,LOC-C06-UA,ALL VERIFICATION COMPELETED SUMMARY/MLKEM_D4_CBMC_T1_T4_COMPLETE_RESEARCH_RECORD.md,COMPLETE,ALL_VERIFICATION_COMPELETED_SUMMARY_PROFESSOR_CLEANED_CODEX_RECORDED(1).zip,744a348bda13e3f6a8adafcca9411bd2ffb717b7fe016c2341a159a574a85389,ALL VERIFICATION COMPELETED SUMMARY/MLKEM_D4_CBMC_T1_T4_COMPLETE_RESEARCH_RECORD.md,6f7cad3735fe50a68b848b55b632c40d3450b9daa1526f6b044224c6a3d74ec5,RESOLVED,1,reports/MLKEM_D4_CBMC_T1_T4_COMPLETE_RESEARCH_RECORD.md,6f7cad3735fe50a68b848b55b632c40d3450b9daa1526f6b044224c6a3d74ec5,RESOLVED_HASH_MATCH,1
PR-C06-003,6,UNASSISTED,mlk_poly_compress_d4_c and mlk_poly_decompress_d4_c,D4-T1.P3,Complete output overwrite,Compression refinement,af4c5abdd5958bdc65a03cd5ee86708264f93304,ML-KEM-768,Canonical polynomial coefficients 0..3328,"Valid, separately modelled objects unless an alias diagnostic explicitly states otherwise; unchanged production target; complete registered loop unwinding.",all 128 output bytes are determined by the 256 canonical inputs,D4 T1 final compressor harness,SUPPORTED,YES,YES,SUPPORTED,Selected compressor mutants rejected,Pinned portable-C D4 compression matches the independent scalar/packing specification.,No assembly/native-backend equivalence.,LOC-C06-UA,ALL VERIFICATION COMPELETED SUMMARY/MLKEM_D4_CBMC_T1_T4_COMPLETE_RESEARCH_RECORD.md,COMPLETE,ALL_VERIFICATION_COMPELETED_SUMMARY_PROFESSOR_CLEANED_CODEX_RECORDED(1).zip,744a348bda13e3f6a8adafcca9411bd2ffb717b7fe016c2341a159a574a85389,ALL VERIFICATION COMPELETED SUMMARY/MLKEM_D4_CBMC_T1_T4_COMPLETE_RESEARCH_RECORD.md,6f7cad3735fe50a68b848b55b632c40d3450b9daa1526f6b044224c6a3d74ec5,RESOLVED,1,reports/MLKEM_D4_CBMC_T1_T4_COMPLETE_RESEARCH_RECORD.md,6f7cad3735fe50a68b848b55b632c40d3450b9daa1526f6b044224c6a3d74ec5,RESOLVED_HASH_MATCH,1
PR-C06-004,6,UNASSISTED,mlk_poly_compress_d4_c and mlk_poly_decompress_d4_c,D4-T1.P4,Compressor coordinate locality,Compression refinement,af4c5abdd5958bdc65a03cd5ee86708264f93304,ML-KEM-768,Canonical polynomial coefficients 0..3328,"Valid, separately modelled objects unless an alias diagnostic explicitly states otherwise; unchanged production target; complete registered loop unwinding.",each output nibble depends only on its corresponding coefficient,D4 T1 final compressor harness,SUPPORTED,YES,YES,SUPPORTED,Selected compressor mutants rejected,Pinned portable-C D4 compression matches the independent scalar/packing specification.,No assembly/native-backend equivalence.,LOC-C06-UA,ALL VERIFICATION COMPELETED SUMMARY/MLKEM_D4_CBMC_T1_T4_COMPLETE_RESEARCH_RECORD.md,COMPLETE,ALL_VERIFICATION_COMPELETED_SUMMARY_PROFESSOR_CLEANED_CODEX_RECORDED(1).zip,744a348bda13e3f6a8adafcca9411bd2ffb717b7fe016c2341a159a574a85389,ALL VERIFICATION COMPELETED SUMMARY/MLKEM_D4_CBMC_T1_T4_COMPLETE_RESEARCH_RECORD.md,6f7cad3735fe50a68b848b55b632c40d3450b9daa1526f6b044224c6a3d74ec5,RESOLVED,1,reports/MLKEM_D4_CBMC_T1_T4_COMPLETE_RESEARCH_RECORD.md,6f7cad3735fe50a68b848b55b632c40d3450b9daa1526f6b044224c6a3d74ec5,RESOLVED_HASH_MATCH,1
PR-C06-005,6,UNASSISTED,mlk_poly_compress_d4_c and mlk_poly_decompress_d4_c,D4-T2.P1,Exact D4 decompression refinement,Decompression refinement,af4c5abdd5958bdc65a03cd5ee86708264f93304,ML-KEM-768,Arbitrary 128-byte compressed input,"Valid, separately modelled objects unless an alias diagnostic explicitly states otherwise; unchanged production target; complete registered loop unwinding.",each output coefficient equals independent D4 decompressor oracle of its 4-bit symbol,D4 T2 final decompressor harness,SUPPORTED,YES,YES,SUPPORTED,Selected decompressor mutants rejected,Pinned portable-C D4 decompression matches the independent scalar/packing specification.,No claim for other d values or backends.,LOC-C06-UA,ALL VERIFICATION COMPELETED SUMMARY/MLKEM_D4_CBMC_T1_T4_COMPLETE_RESEARCH_RECORD.md,COMPLETE,ALL_VERIFICATION_COMPELETED_SUMMARY_PROFESSOR_CLEANED_CODEX_RECORDED(1).zip,744a348bda13e3f6a8adafcca9411bd2ffb717b7fe016c2341a159a574a85389,ALL VERIFICATION COMPELETED SUMMARY/MLKEM_D4_CBMC_T1_T4_COMPLETE_RESEARCH_RECORD.md,6f7cad3735fe50a68b848b55b632c40d3450b9daa1526f6b044224c6a3d74ec5,RESOLVED,1,reports/MLKEM_D4_CBMC_T1_T4_COMPLETE_RESEARCH_RECORD.md,6f7cad3735fe50a68b848b55b632c40d3450b9daa1526f6b044224c6a3d74ec5,RESOLVED_HASH_MATCH,1
PR-C06-006,6,UNASSISTED,mlk_poly_compress_d4_c and mlk_poly_decompress_d4_c,D4-T2.P2,Low-nibble extraction,Decompression refinement,af4c5abdd5958bdc65a03cd5ee86708264f93304,ML-KEM-768,Arbitrary 128-byte compressed input,"Valid, separately modelled objects unless an alias diagnostic explicitly states otherwise; unchanged production target; complete registered loop unwinding.",even output coefficient is decoded from byte low nibble,D4 T2 final decompressor harness,SUPPORTED,YES,YES,SUPPORTED,Selected decompressor mutants rejected,Pinned portable-C D4 decompression matches the independent scalar/packing specification.,No claim for other d values or backends.,LOC-C06-UA,ALL VERIFICATION COMPELETED SUMMARY/MLKEM_D4_CBMC_T1_T4_COMPLETE_RESEARCH_RECORD.md,COMPLETE,ALL_VERIFICATION_COMPELETED_SUMMARY_PROFESSOR_CLEANED_CODEX_RECORDED(1).zip,744a348bda13e3f6a8adafcca9411bd2ffb717b7fe016c2341a159a574a85389,ALL VERIFICATION COMPELETED SUMMARY/MLKEM_D4_CBMC_T1_T4_COMPLETE_RESEARCH_RECORD.md,6f7cad3735fe50a68b848b55b632c40d3450b9daa1526f6b044224c6a3d74ec5,RESOLVED,1,reports/MLKEM_D4_CBMC_T1_T4_COMPLETE_RESEARCH_RECORD.md,6f7cad3735fe50a68b848b55b632c40d3450b9daa1526f6b044224c6a3d74ec5,RESOLVED_HASH_MATCH,1
PR-C06-007,6,UNASSISTED,mlk_poly_compress_d4_c and mlk_poly_decompress_d4_c,D4-T2.P3,High-nibble extraction,Decompression refinement,af4c5abdd5958bdc65a03cd5ee86708264f93304,ML-KEM-768,Arbitrary 128-byte compressed input,"Valid, separately modelled objects unless an alias diagnostic explicitly states otherwise; unchanged production target; complete registered loop unwinding.",odd output coefficient is decoded from byte high nibble,D4 T2 final decompressor harness,SUPPORTED,YES,YES,SUPPORTED,Selected decompressor mutants rejected,Pinned portable-C D4 decompression matches the independent scalar/packing specification.,No claim for other d values or backends.,LOC-C06-UA,ALL VERIFICATION COMPELETED SUMMARY/MLKEM_D4_CBMC_T1_T4_COMPLETE_RESEARCH_RECORD.md,COMPLETE,ALL_VERIFICATION_COMPELETED_SUMMARY_PROFESSOR_CLEANED_CODEX_RECORDED(1).zip,744a348bda13e3f6a8adafcca9411bd2ffb717b7fe016c2341a159a574a85389,ALL VERIFICATION COMPELETED SUMMARY/MLKEM_D4_CBMC_T1_T4_COMPLETE_RESEARCH_RECORD.md,6f7cad3735fe50a68b848b55b632c40d3450b9daa1526f6b044224c6a3d74ec5,RESOLVED,1,reports/MLKEM_D4_CBMC_T1_T4_COMPLETE_RESEARCH_RECORD.md,6f7cad3735fe50a68b848b55b632c40d3450b9daa1526f6b044224c6a3d74ec5,RESOLVED_HASH_MATCH,1
PR-C06-008,6,UNASSISTED,mlk_poly_compress_d4_c and mlk_poly_decompress_d4_c,D4-T2.P4,Exact 16-value output image,Decompression refinement,af4c5abdd5958bdc65a03cd5ee86708264f93304,ML-KEM-768,Arbitrary 128-byte compressed input,"Valid, separately modelled objects unless an alias diagnostic explicitly states otherwise; unchanged production target; complete registered loop unwinding.",every decompressed coefficient lies in the D4 codebook,D4 T2 final decompressor harness,SUPPORTED,YES,YES,SUPPORTED,Selected decompressor mutants rejected,Pinned portable-C D4 decompression matches the independent scalar/packing specification.,No claim for other d values or backends.,LOC-C06-UA,ALL VERIFICATION COMPELETED SUMMARY/MLKEM_D4_CBMC_T1_T4_COMPLETE_RESEARCH_RECORD.md,COMPLETE,ALL_VERIFICATION_COMPELETED_SUMMARY_PROFESSOR_CLEANED_CODEX_RECORDED(1).zip,744a348bda13e3f6a8adafcca9411bd2ffb717b7fe016c2341a159a574a85389,ALL VERIFICATION COMPELETED SUMMARY/MLKEM_D4_CBMC_T1_T4_COMPLETE_RESEARCH_RECORD.md,6f7cad3735fe50a68b848b55b632c40d3450b9daa1526f6b044224c6a3d74ec5,RESOLVED,1,reports/MLKEM_D4_CBMC_T1_T4_COMPLETE_RESEARCH_RECORD.md,6f7cad3735fe50a68b848b55b632c40d3450b9daa1526f6b044224c6a3d74ec5,RESOLVED_HASH_MATCH,1
PR-C06-009,6,UNASSISTED,mlk_poly_compress_d4_c and mlk_poly_decompress_d4_c,D4-T2.P5,Decompressor overwrite independence,Decompression refinement,af4c5abdd5958bdc65a03cd5ee86708264f93304,ML-KEM-768,Arbitrary 128-byte compressed input,"Valid, separately modelled objects unless an alias diagnostic explicitly states otherwise; unchanged production target; complete registered loop unwinding.","output is fully determined by input bytes, independent of prior destination contents",D4 T2 final decompressor harness,SUPPORTED,YES,YES,SUPPORTED,Selected decompressor mutants rejected,Pinned portable-C D4 decompression matches the independent scalar/packing specification.,No claim for other d values or backends.,LOC-C06-UA,ALL VERIFICATION COMPELETED SUMMARY/MLKEM_D4_CBMC_T1_T4_COMPLETE_RESEARCH_RECORD.md,COMPLETE,ALL_VERIFICATION_COMPELETED_SUMMARY_PROFESSOR_CLEANED_CODEX_RECORDED(1).zip,744a348bda13e3f6a8adafcca9411bd2ffb717b7fe016c2341a159a574a85389,ALL VERIFICATION COMPELETED SUMMARY/MLKEM_D4_CBMC_T1_T4_COMPLETE_RESEARCH_RECORD.md,6f7cad3735fe50a68b848b55b632c40d3450b9daa1526f6b044224c6a3d74ec5,RESOLVED,1,reports/MLKEM_D4_CBMC_T1_T4_COMPLETE_RESEARCH_RECORD.md,6f7cad3735fe50a68b848b55b632c40d3450b9daa1526f6b044224c6a3d74ec5,RESOLVED_HASH_MATCH,1
PR-C06-010,6,UNASSISTED,mlk_poly_compress_d4_c and mlk_poly_decompress_d4_c,D4-T2.P6,Decompressor byte locality,Decompression refinement,af4c5abdd5958bdc65a03cd5ee86708264f93304,ML-KEM-768,Arbitrary 128-byte compressed input,"Valid, separately modelled objects unless an alias diagnostic explicitly states otherwise; unchanged production target; complete registered loop unwinding.",each output pair depends only on the corresponding input byte,D4 T2 final decompressor harness,SUPPORTED,YES,YES,SUPPORTED,Selected decompressor mutants rejected,Pinned portable-C D4 decompression matches the independent scalar/packing specification.,No claim for other d values or backends.,LOC-C06-UA,ALL VERIFICATION COMPELETED SUMMARY/MLKEM_D4_CBMC_T1_T4_COMPLETE_RESEARCH_RECORD.md,COMPLETE,ALL_VERIFICATION_COMPELETED_SUMMARY_PROFESSOR_CLEANED_CODEX_RECORDED(1).zip,744a348bda13e3f6a8adafcca9411bd2ffb717b7fe016c2341a159a574a85389,ALL VERIFICATION COMPELETED SUMMARY/MLKEM_D4_CBMC_T1_T4_COMPLETE_RESEARCH_RECORD.md,6f7cad3735fe50a68b848b55b632c40d3450b9daa1526f6b044224c6a3d74ec5,RESOLVED,1,reports/MLKEM_D4_CBMC_T1_T4_COMPLETE_RESEARCH_RECORD.md,6f7cad3735fe50a68b848b55b632c40d3450b9daa1526f6b044224c6a3d74ec5,RESOLVED_HASH_MATCH,1
PR-C06-011,6,UNASSISTED,mlk_poly_compress_d4_c and mlk_poly_decompress_d4_c,D4-T3.P1,Compressed-domain retraction,Exact codec composition,af4c5abdd5958bdc65a03cd5ee86708264f93304,ML-KEM-768,Arbitrary valid 128-byte compressed representation,"Valid, separately modelled objects unless an alias diagnostic explicitly states otherwise; unchanged production target; complete registered loop unwinding.",compress(decompress(B))=B for every 128-byte B,D4 T3 composition harness,SUPPORTED,YES,YES,SUPPORTED,Selected bridge mutants rejected,The compressed representation is an exact retraction domain.,Does not imply lossless polynomial-domain round trip.,LOC-C06-UA,ALL VERIFICATION COMPELETED SUMMARY/MLKEM_D4_CBMC_T1_T4_COMPLETE_RESEARCH_RECORD.md,COMPLETE,ALL_VERIFICATION_COMPELETED_SUMMARY_PROFESSOR_CLEANED_CODEX_RECORDED(1).zip,744a348bda13e3f6a8adafcca9411bd2ffb717b7fe016c2341a159a574a85389,ALL VERIFICATION COMPELETED SUMMARY/MLKEM_D4_CBMC_T1_T4_COMPLETE_RESEARCH_RECORD.md,6f7cad3735fe50a68b848b55b632c40d3450b9daa1526f6b044224c6a3d74ec5,RESOLVED,1,reports/MLKEM_D4_CBMC_T1_T4_COMPLETE_RESEARCH_RECORD.md,6f7cad3735fe50a68b848b55b632c40d3450b9daa1526f6b044224c6a3d74ec5,RESOLVED_HASH_MATCH,1
PR-C06-012,6,UNASSISTED,mlk_poly_compress_d4_c and mlk_poly_decompress_d4_c,D4-T3.P2,Nibble preservation,Exact codec composition,af4c5abdd5958bdc65a03cd5ee86708264f93304,ML-KEM-768,Arbitrary valid 128-byte compressed representation,"Valid, separately modelled objects unless an alias diagnostic explicitly states otherwise; unchanged production target; complete registered loop unwinding.",both low and high 4-bit symbols are preserved by decode/re-encode,D4 T3 composition harness,SUPPORTED,YES,YES,SUPPORTED,Selected bridge mutants rejected,The compressed representation is an exact retraction domain.,Does not imply lossless polynomial-domain round trip.,LOC-C06-UA,ALL VERIFICATION COMPELETED SUMMARY/MLKEM_D4_CBMC_T1_T4_COMPLETE_RESEARCH_RECORD.md,COMPLETE,ALL_VERIFICATION_COMPELETED_SUMMARY_PROFESSOR_CLEANED_CODEX_RECORDED(1).zip,744a348bda13e3f6a8adafcca9411bd2ffb717b7fe016c2341a159a574a85389,ALL VERIFICATION COMPELETED SUMMARY/MLKEM_D4_CBMC_T1_T4_COMPLETE_RESEARCH_RECORD.md,6f7cad3735fe50a68b848b55b632c40d3450b9daa1526f6b044224c6a3d74ec5,RESOLVED,1,reports/MLKEM_D4_CBMC_T1_T4_COMPLETE_RESEARCH_RECORD.md,6f7cad3735fe50a68b848b55b632c40d3450b9daa1526f6b044224c6a3d74ec5,RESOLVED_HASH_MATCH,1
PR-C06-013,6,UNASSISTED,mlk_poly_compress_d4_c and mlk_poly_decompress_d4_c,D4-T3.P3,Cycle stability,Exact codec composition,af4c5abdd5958bdc65a03cd5ee86708264f93304,ML-KEM-768,Arbitrary valid 128-byte compressed representation,"Valid, separately modelled objects unless an alias diagnostic explicitly states otherwise; unchanged production target; complete registered loop unwinding.",C(D(C(D(B))))=C(D(B)),D4 T3 composition harness,SUPPORTED,YES,YES,SUPPORTED,Selected bridge mutants rejected,The compressed representation is an exact retraction domain.,Does not imply lossless polynomial-domain round trip.,LOC-C06-UA,ALL VERIFICATION COMPELETED SUMMARY/MLKEM_D4_CBMC_T1_T4_COMPLETE_RESEARCH_RECORD.md,COMPLETE,ALL_VERIFICATION_COMPELETED_SUMMARY_PROFESSOR_CLEANED_CODEX_RECORDED(1).zip,744a348bda13e3f6a8adafcca9411bd2ffb717b7fe016c2341a159a574a85389,ALL VERIFICATION COMPELETED SUMMARY/MLKEM_D4_CBMC_T1_T4_COMPLETE_RESEARCH_RECORD.md,6f7cad3735fe50a68b848b55b632c40d3450b9daa1526f6b044224c6a3d74ec5,RESOLVED,1,reports/MLKEM_D4_CBMC_T1_T4_COMPLETE_RESEARCH_RECORD.md,6f7cad3735fe50a68b848b55b632c40d3450b9daa1526f6b044224c6a3d74ec5,RESOLVED_HASH_MATCH,1
PR-C06-014,6,UNASSISTED,mlk_poly_compress_d4_c and mlk_poly_decompress_d4_c,D4-T4.P1,Canonical-domain quantizer projection,Lossy projection,af4c5abdd5958bdc65a03cd5ee86708264f93304,ML-KEM-768,Canonical polynomial coefficients 0..3328,"Valid, separately modelled objects unless an alias diagnostic explicitly states otherwise; unchanged production target; complete registered loop unwinding.",Q(A)=decompress(compress(A)) lies in the exact 16-value codebook coordinatewise,D4 T4 final projection harness,SUPPORTED,YES,YES,SUPPORTED,Selected error/fixed-point/locality mutants rejected,The pinned codec realizes the registered lossy projection with sharp error 104.,Not lossless recovery of arbitrary canonical polynomials.,LOC-C06-UA,ALL VERIFICATION COMPELETED SUMMARY/MLKEM_D4_CBMC_T1_T4_COMPLETE_RESEARCH_RECORD.md,COMPLETE,ALL_VERIFICATION_COMPELETED_SUMMARY_PROFESSOR_CLEANED_CODEX_RECORDED(1).zip,744a348bda13e3f6a8adafcca9411bd2ffb717b7fe016c2341a159a574a85389,ALL VERIFICATION COMPELETED SUMMARY/MLKEM_D4_CBMC_T1_T4_COMPLETE_RESEARCH_RECORD.md,6f7cad3735fe50a68b848b55b632c40d3450b9daa1526f6b044224c6a3d74ec5,RESOLVED,1,reports/MLKEM_D4_CBMC_T1_T4_COMPLETE_RESEARCH_RECORD.md,6f7cad3735fe50a68b848b55b632c40d3450b9daa1526f6b044224c6a3d74ec5,RESOLVED_HASH_MATCH,1
PR-C06-015,6,UNASSISTED,mlk_poly_compress_d4_c and mlk_poly_decompress_d4_c,D4-T4.P2,Sharp modular error bound,Lossy projection,af4c5abdd5958bdc65a03cd5ee86708264f93304,ML-KEM-768,Canonical polynomial coefficients 0..3328,"Valid, separately modelled objects unless an alias diagnostic explicitly states otherwise; unchanged production target; complete registered loop unwinding.","dist_q(A[i],Q(A)[i]) <= 104 for every canonical coefficient; 104 is attainable",D4 T4 final projection harness,SUPPORTED,YES,YES,SUPPORTED,Selected error/fixed-point/locality mutants rejected,The pinned codec realizes the registered lossy projection with sharp error 104.,Not lossless recovery of arbitrary canonical polynomials.,LOC-C06-UA,ALL VERIFICATION COMPELETED SUMMARY/MLKEM_D4_CBMC_T1_T4_COMPLETE_RESEARCH_RECORD.md,COMPLETE,ALL_VERIFICATION_COMPELETED_SUMMARY_PROFESSOR_CLEANED_CODEX_RECORDED(1).zip,744a348bda13e3f6a8adafcca9411bd2ffb717b7fe016c2341a159a574a85389,ALL VERIFICATION COMPELETED SUMMARY/MLKEM_D4_CBMC_T1_T4_COMPLETE_RESEARCH_RECORD.md,6f7cad3735fe50a68b848b55b632c40d3450b9daa1526f6b044224c6a3d74ec5,RESOLVED,1,reports/MLKEM_D4_CBMC_T1_T4_COMPLETE_RESEARCH_RECORD.md,6f7cad3735fe50a68b848b55b632c40d3450b9daa1526f6b044224c6a3d74ec5,RESOLVED_HASH_MATCH,1
PR-C06-016,6,UNASSISTED,mlk_poly_compress_d4_c and mlk_poly_decompress_d4_c,D4-T4.P3,Fixed-point characterization,Lossy projection,af4c5abdd5958bdc65a03cd5ee86708264f93304,ML-KEM-768,Canonical polynomial coefficients 0..3328,"Valid, separately modelled objects unless an alias diagnostic explicitly states otherwise; unchanged production target; complete registered loop unwinding.",Q(A)=A iff every coefficient is in the D4 codebook,D4 T4 final projection harness,SUPPORTED,YES,YES,SUPPORTED,Selected error/fixed-point/locality mutants rejected,The pinned codec realizes the registered lossy projection with sharp error 104.,Not lossless recovery of arbitrary canonical polynomials.,LOC-C06-UA,ALL VERIFICATION COMPELETED SUMMARY/MLKEM_D4_CBMC_T1_T4_COMPLETE_RESEARCH_RECORD.md,COMPLETE,ALL_VERIFICATION_COMPELETED_SUMMARY_PROFESSOR_CLEANED_CODEX_RECORDED(1).zip,744a348bda13e3f6a8adafcca9411bd2ffb717b7fe016c2341a159a574a85389,ALL VERIFICATION COMPELETED SUMMARY/MLKEM_D4_CBMC_T1_T4_COMPLETE_RESEARCH_RECORD.md,6f7cad3735fe50a68b848b55b632c40d3450b9daa1526f6b044224c6a3d74ec5,RESOLVED,1,reports/MLKEM_D4_CBMC_T1_T4_COMPLETE_RESEARCH_RECORD.md,6f7cad3735fe50a68b848b55b632c40d3450b9daa1526f6b044224c6a3d74ec5,RESOLVED_HASH_MATCH,1
PR-C06-017,6,UNASSISTED,mlk_poly_compress_d4_c and mlk_poly_decompress_d4_c,D4-T4.P4,Projection idempotence,Lossy projection,af4c5abdd5958bdc65a03cd5ee86708264f93304,ML-KEM-768,Canonical polynomial coefficients 0..3328,"Valid, separately modelled objects unless an alias diagnostic explicitly states otherwise; unchanged production target; complete registered loop unwinding.",Q(Q(A))=Q(A),D4 T4 final projection harness,SUPPORTED,YES,YES,SUPPORTED,Selected error/fixed-point/locality mutants rejected,The pinned codec realizes the registered lossy projection with sharp error 104.,Not lossless recovery of arbitrary canonical polynomials.,LOC-C06-UA,ALL VERIFICATION COMPELETED SUMMARY/MLKEM_D4_CBMC_T1_T4_COMPLETE_RESEARCH_RECORD.md,COMPLETE,ALL_VERIFICATION_COMPELETED_SUMMARY_PROFESSOR_CLEANED_CODEX_RECORDED(1).zip,744a348bda13e3f6a8adafcca9411bd2ffb717b7fe016c2341a159a574a85389,ALL VERIFICATION COMPELETED SUMMARY/MLKEM_D4_CBMC_T1_T4_COMPLETE_RESEARCH_RECORD.md,6f7cad3735fe50a68b848b55b632c40d3450b9daa1526f6b044224c6a3d74ec5,RESOLVED,1,reports/MLKEM_D4_CBMC_T1_T4_COMPLETE_RESEARCH_RECORD.md,6f7cad3735fe50a68b848b55b632c40d3450b9daa1526f6b044224c6a3d74ec5,RESOLVED_HASH_MATCH,1
PR-C06-018,6,UNASSISTED,mlk_poly_compress_d4_c and mlk_poly_decompress_d4_c,D4-T4.P5,Projection coordinate locality,Lossy projection,af4c5abdd5958bdc65a03cd5ee86708264f93304,ML-KEM-768,Canonical polynomial coefficients 0..3328,"Valid, separately modelled objects unless an alias diagnostic explicitly states otherwise; unchanged production target; complete registered loop unwinding.",agreement at coefficient k implies agreement of projected outputs at k,D4 T4 final projection harness,SUPPORTED,YES,YES,SUPPORTED,Selected error/fixed-point/locality mutants rejected,The pinned codec realizes the registered lossy projection with sharp error 104.,Not lossless recovery of arbitrary canonical polynomials.,LOC-C06-UA,ALL VERIFICATION COMPELETED SUMMARY/MLKEM_D4_CBMC_T1_T4_COMPLETE_RESEARCH_RECORD.md,COMPLETE,ALL_VERIFICATION_COMPELETED_SUMMARY_PROFESSOR_CLEANED_CODEX_RECORDED(1).zip,744a348bda13e3f6a8adafcca9411bd2ffb717b7fe016c2341a159a574a85389,ALL VERIFICATION COMPELETED SUMMARY/MLKEM_D4_CBMC_T1_T4_COMPLETE_RESEARCH_RECORD.md,6f7cad3735fe50a68b848b55b632c40d3450b9daa1526f6b044224c6a3d74ec5,RESOLVED,1,reports/MLKEM_D4_CBMC_T1_T4_COMPLETE_RESEARCH_RECORD.md,6f7cad3735fe50a68b848b55b632c40d3450b9daa1526f6b044224c6a3d74ec5,RESOLVED_HASH_MATCH,1
PR-C07-001,7,UNASSISTED,mlk_scalar_signed_to_unsigned_q,CANON-T1.P1,Fibre necessity,Canonicalization algebra,af4c5abdd5958bdc65a03cd5ee86708264f93304,ML-KEM-768 build,"x,y in D=(-q,q)","D=(-q,q), U=[0,q), q=3329; actual production bodies retained","F(x)=F(y) => x-y in {-q,0,q}",CANON T1–T4 final harness assertion,SUPPORTED,YES,YES,SUPPORTED,12 selected mutants killed across campaign,The named conversion/composition relation is supported in the stated finite domain.,Not arbitrary-integer reduction or global mathematical novelty.,LOC-C07-UA,ALL VERIFICATION COMPELETED SUMMARY/CANON_CBMC_CAMPAIGN_COMPLETE_A_TO_Z_RECORD.md,COMPLETE,ALL_VERIFICATION_COMPELETED_SUMMARY_PROFESSOR_CLEANED_CODEX_RECORDED(1).zip,744a348bda13e3f6a8adafcca9411bd2ffb717b7fe016c2341a159a574a85389,ALL VERIFICATION COMPELETED SUMMARY/CANON_CBMC_CAMPAIGN_COMPLETE_A_TO_Z_RECORD.md,a15b9788c95a4825f41a9da3799940fc9fcfb59fe0e90c2645613136f4735572,RESOLVED,1,reports/CANON_CBMC_CAMPAIGN_COMPLETE_A_TO_Z_RECORD.md,a15b9788c95a4825f41a9da3799940fc9fcfb59fe0e90c2645613136f4735572,RESOLVED_HASH_MATCH,1
PR-C07-002,7,UNASSISTED,mlk_scalar_signed_to_unsigned_q,CANON-T1.P2,Fibre sufficiency,Canonicalization algebra,af4c5abdd5958bdc65a03cd5ee86708264f93304,ML-KEM-768 build,"x,y in D","D=(-q,q), U=[0,q), q=3329; actual production bodies retained","x-y in {-q,0,q} => F(x)=F(y)",CANON T1–T4 final harness assertion,SUPPORTED,YES,YES,SUPPORTED,12 selected mutants killed across campaign,The named conversion/composition relation is supported in the stated finite domain.,Not arbitrary-integer reduction or global mathematical novelty.,LOC-C07-UA,ALL VERIFICATION COMPELETED SUMMARY/CANON_CBMC_CAMPAIGN_COMPLETE_A_TO_Z_RECORD.md,COMPLETE,ALL_VERIFICATION_COMPELETED_SUMMARY_PROFESSOR_CLEANED_CODEX_RECORDED(1).zip,744a348bda13e3f6a8adafcca9411bd2ffb717b7fe016c2341a159a574a85389,ALL VERIFICATION COMPELETED SUMMARY/CANON_CBMC_CAMPAIGN_COMPLETE_A_TO_Z_RECORD.md,a15b9788c95a4825f41a9da3799940fc9fcfb59fe0e90c2645613136f4735572,RESOLVED,1,reports/CANON_CBMC_CAMPAIGN_COMPLETE_A_TO_Z_RECORD.md,a15b9788c95a4825f41a9da3799940fc9fcfb59fe0e90c2645613136f4735572,RESOLVED_HASH_MATCH,1
PR-C07-003,7,UNASSISTED,mlk_scalar_signed_to_unsigned_q,CANON-T1.P3,Zero fibre,Canonicalization algebra,af4c5abdd5958bdc65a03cd5ee86708264f93304,ML-KEM-768 build,c in D,"D=(-q,q), U=[0,q), q=3329; actual production bodies retained",F(c)=0 iff c=0,CANON T1–T4 final harness assertion,SUPPORTED,YES,YES,SUPPORTED,12 selected mutants killed across campaign,The named conversion/composition relation is supported in the stated finite domain.,Not arbitrary-integer reduction or global mathematical novelty.,LOC-C07-UA,ALL VERIFICATION COMPELETED SUMMARY/CANON_CBMC_CAMPAIGN_COMPLETE_A_TO_Z_RECORD.md,COMPLETE,ALL_VERIFICATION_COMPELETED_SUMMARY_PROFESSOR_CLEANED_CODEX_RECORDED(1).zip,744a348bda13e3f6a8adafcca9411bd2ffb717b7fe016c2341a159a574a85389,ALL VERIFICATION COMPELETED SUMMARY/CANON_CBMC_CAMPAIGN_COMPLETE_A_TO_Z_RECORD.md,a15b9788c95a4825f41a9da3799940fc9fcfb59fe0e90c2645613136f4735572,RESOLVED,1,reports/CANON_CBMC_CAMPAIGN_COMPLETE_A_TO_Z_RECORD.md,a15b9788c95a4825f41a9da3799940fc9fcfb59fe0e90c2645613136f4735572,RESOLVED_HASH_MATCH,1
PR-C07-004,7,UNASSISTED,mlk_scalar_signed_to_unsigned_q,CANON-T1.P4,Positive-output fibre,Canonicalization algebra,af4c5abdd5958bdc65a03cd5ee86708264f93304,ML-KEM-768 build,"c in D; u in [1,q)","D=(-q,q), U=[0,q), q=3329; actual production bodies retained","F(c)=u iff c=u or c=u-q, for 1<=u<q",CANON T1–T4 final harness assertion,SUPPORTED,YES,YES,SUPPORTED,12 selected mutants killed across campaign,The named conversion/composition relation is supported in the stated finite domain.,Not arbitrary-integer reduction or global mathematical novelty.,LOC-C07-UA,ALL VERIFICATION COMPELETED SUMMARY/CANON_CBMC_CAMPAIGN_COMPLETE_A_TO_Z_RECORD.md,COMPLETE,ALL_VERIFICATION_COMPELETED_SUMMARY_PROFESSOR_CLEANED_CODEX_RECORDED(1).zip,744a348bda13e3f6a8adafcca9411bd2ffb717b7fe016c2341a159a574a85389,ALL VERIFICATION COMPELETED SUMMARY/CANON_CBMC_CAMPAIGN_COMPLETE_A_TO_Z_RECORD.md,a15b9788c95a4825f41a9da3799940fc9fcfb59fe0e90c2645613136f4735572,RESOLVED,1,reports/CANON_CBMC_CAMPAIGN_COMPLETE_A_TO_Z_RECORD.md,a15b9788c95a4825f41a9da3799940fc9fcfb59fe0e90c2645613136f4735572,RESOLVED_HASH_MATCH,1
PR-C07-005,7,UNASSISTED,mlk_scalar_signed_to_unsigned_q,CANON-T2.P1,Identity on canonical domain,Canonicalization algebra,af4c5abdd5958bdc65a03cd5ee86708264f93304,ML-KEM-768 build,"u in U=[0,q)","D=(-q,q), U=[0,q), q=3329; actual production bodies retained",F(u)=u,CANON T1–T4 final harness assertion,SUPPORTED,YES,YES,SUPPORTED,12 selected mutants killed across campaign,The named conversion/composition relation is supported in the stated finite domain.,Not arbitrary-integer reduction or global mathematical novelty.,LOC-C07-UA,ALL VERIFICATION COMPELETED SUMMARY/CANON_CBMC_CAMPAIGN_COMPLETE_A_TO_Z_RECORD.md,COMPLETE,ALL_VERIFICATION_COMPELETED_SUMMARY_PROFESSOR_CLEANED_CODEX_RECORDED(1).zip,744a348bda13e3f6a8adafcca9411bd2ffb717b7fe016c2341a159a574a85389,ALL VERIFICATION COMPELETED SUMMARY/CANON_CBMC_CAMPAIGN_COMPLETE_A_TO_Z_RECORD.md,a15b9788c95a4825f41a9da3799940fc9fcfb59fe0e90c2645613136f4735572,RESOLVED,1,reports/CANON_CBMC_CAMPAIGN_COMPLETE_A_TO_Z_RECORD.md,a15b9788c95a4825f41a9da3799940fc9fcfb59fe0e90c2645613136f4735572,RESOLVED_HASH_MATCH,1
PR-C07-006,7,UNASSISTED,mlk_scalar_signed_to_unsigned_q,CANON-T2.P2,Idempotence,Canonicalization algebra,af4c5abdd5958bdc65a03cd5ee86708264f93304,ML-KEM-768 build,c in D,"D=(-q,q), U=[0,q), q=3329; actual production bodies retained",F(F(c))=F(c),CANON T1–T4 final harness assertion,SUPPORTED,YES,YES,SUPPORTED,12 selected mutants killed across campaign,The named conversion/composition relation is supported in the stated finite domain.,Not arbitrary-integer reduction or global mathematical novelty.,LOC-C07-UA,ALL VERIFICATION COMPELETED SUMMARY/CANON_CBMC_CAMPAIGN_COMPLETE_A_TO_Z_RECORD.md,COMPLETE,ALL_VERIFICATION_COMPELETED_SUMMARY_PROFESSOR_CLEANED_CODEX_RECORDED(1).zip,744a348bda13e3f6a8adafcca9411bd2ffb717b7fe016c2341a159a574a85389,ALL VERIFICATION COMPELETED SUMMARY/CANON_CBMC_CAMPAIGN_COMPLETE_A_TO_Z_RECORD.md,a15b9788c95a4825f41a9da3799940fc9fcfb59fe0e90c2645613136f4735572,RESOLVED,1,reports/CANON_CBMC_CAMPAIGN_COMPLETE_A_TO_Z_RECORD.md,a15b9788c95a4825f41a9da3799940fc9fcfb59fe0e90c2645613136f4735572,RESOLVED_HASH_MATCH,1
PR-C07-007,7,UNASSISTED,mlk_scalar_signed_to_unsigned_q,CANON-T2.P3,Fixed-point characterization,Canonicalization algebra,af4c5abdd5958bdc65a03cd5ee86708264f93304,ML-KEM-768 build,c in D,"D=(-q,q), U=[0,q), q=3329; actual production bodies retained",F(c)=c iff c>=0,CANON T1–T4 final harness assertion,SUPPORTED,YES,YES,SUPPORTED,12 selected mutants killed across campaign,The named conversion/composition relation is supported in the stated finite domain.,Not arbitrary-integer reduction or global mathematical novelty.,LOC-C07-UA,ALL VERIFICATION COMPELETED SUMMARY/CANON_CBMC_CAMPAIGN_COMPLETE_A_TO_Z_RECORD.md,COMPLETE,ALL_VERIFICATION_COMPELETED_SUMMARY_PROFESSOR_CLEANED_CODEX_RECORDED(1).zip,744a348bda13e3f6a8adafcca9411bd2ffb717b7fe016c2341a159a574a85389,ALL VERIFICATION COMPELETED SUMMARY/CANON_CBMC_CAMPAIGN_COMPLETE_A_TO_Z_RECORD.md,a15b9788c95a4825f41a9da3799940fc9fcfb59fe0e90c2645613136f4735572,RESOLVED,1,reports/CANON_CBMC_CAMPAIGN_COMPLETE_A_TO_Z_RECORD.md,a15b9788c95a4825f41a9da3799940fc9fcfb59fe0e90c2645613136f4735572,RESOLVED_HASH_MATCH,1
PR-C07-008,7,UNASSISTED,mlk_scalar_signed_to_unsigned_q,CANON-T2.P4,Injectivity on canonical domain,Canonicalization algebra,af4c5abdd5958bdc65a03cd5ee86708264f93304,ML-KEM-768 build,"u,v in U","D=(-q,q), U=[0,q), q=3329; actual production bodies retained",F(u)=F(v) => u=v,CANON T1–T4 final harness assertion,SUPPORTED,YES,YES,SUPPORTED,12 selected mutants killed across campaign,The named conversion/composition relation is supported in the stated finite domain.,Not arbitrary-integer reduction or global mathematical novelty.,LOC-C07-UA,ALL VERIFICATION COMPELETED SUMMARY/CANON_CBMC_CAMPAIGN_COMPLETE_A_TO_Z_RECORD.md,COMPLETE,ALL_VERIFICATION_COMPELETED_SUMMARY_PROFESSOR_CLEANED_CODEX_RECORDED(1).zip,744a348bda13e3f6a8adafcca9411bd2ffb717b7fe016c2341a159a574a85389,ALL VERIFICATION COMPELETED SUMMARY/CANON_CBMC_CAMPAIGN_COMPLETE_A_TO_Z_RECORD.md,a15b9788c95a4825f41a9da3799940fc9fcfb59fe0e90c2645613136f4735572,RESOLVED,1,reports/CANON_CBMC_CAMPAIGN_COMPLETE_A_TO_Z_RECORD.md,a15b9788c95a4825f41a9da3799940fc9fcfb59fe0e90c2645613136f4735572,RESOLVED_HASH_MATCH,1
PR-C07-009,7,UNASSISTED,mlk_scalar_signed_to_unsigned_q,CANON-T3.P1,Modular addition compatibility,Canonicalization algebra,af4c5abdd5958bdc65a03cd5ee86708264f93304,ML-KEM-768 build,"x,y,x+y in D","D=(-q,q), U=[0,q), q=3329; actual production bodies retained",F(x+y)=canon_q(F(x)+F(y)),CANON T1–T4 final harness assertion,SUPPORTED,YES,YES,SUPPORTED,12 selected mutants killed across campaign,The named conversion/composition relation is supported in the stated finite domain.,Not arbitrary-integer reduction or global mathematical novelty.,LOC-C07-UA,ALL VERIFICATION COMPELETED SUMMARY/CANON_CBMC_CAMPAIGN_COMPLETE_A_TO_Z_RECORD.md,COMPLETE,ALL_VERIFICATION_COMPELETED_SUMMARY_PROFESSOR_CLEANED_CODEX_RECORDED(1).zip,744a348bda13e3f6a8adafcca9411bd2ffb717b7fe016c2341a159a574a85389,ALL VERIFICATION COMPELETED SUMMARY/CANON_CBMC_CAMPAIGN_COMPLETE_A_TO_Z_RECORD.md,a15b9788c95a4825f41a9da3799940fc9fcfb59fe0e90c2645613136f4735572,RESOLVED,1,reports/CANON_CBMC_CAMPAIGN_COMPLETE_A_TO_Z_RECORD.md,a15b9788c95a4825f41a9da3799940fc9fcfb59fe0e90c2645613136f4735572,RESOLVED_HASH_MATCH,1
PR-C07-010,7,UNASSISTED,mlk_scalar_signed_to_unsigned_q,CANON-T3.P2,Modular subtraction compatibility,Canonicalization algebra,af4c5abdd5958bdc65a03cd5ee86708264f93304,ML-KEM-768 build,"x,y,x-y in D","D=(-q,q), U=[0,q), q=3329; actual production bodies retained",F(x-y)=canon_q(F(x)-F(y)),CANON T1–T4 final harness assertion,SUPPORTED,YES,YES,SUPPORTED,12 selected mutants killed across campaign,The named conversion/composition relation is supported in the stated finite domain.,Not arbitrary-integer reduction or global mathematical novelty.,LOC-C07-UA,ALL VERIFICATION COMPELETED SUMMARY/CANON_CBMC_CAMPAIGN_COMPLETE_A_TO_Z_RECORD.md,COMPLETE,ALL_VERIFICATION_COMPELETED_SUMMARY_PROFESSOR_CLEANED_CODEX_RECORDED(1).zip,744a348bda13e3f6a8adafcca9411bd2ffb717b7fe016c2341a159a574a85389,ALL VERIFICATION COMPELETED SUMMARY/CANON_CBMC_CAMPAIGN_COMPLETE_A_TO_Z_RECORD.md,a15b9788c95a4825f41a9da3799940fc9fcfb59fe0e90c2645613136f4735572,RESOLVED,1,reports/CANON_CBMC_CAMPAIGN_COMPLETE_A_TO_Z_RECORD.md,a15b9788c95a4825f41a9da3799940fc9fcfb59fe0e90c2645613136f4735572,RESOLVED_HASH_MATCH,1
PR-C07-011,7,UNASSISTED,mlk_scalar_signed_to_unsigned_q,CANON-T3.P3,Modular negation compatibility,Canonicalization algebra,af4c5abdd5958bdc65a03cd5ee86708264f93304,ML-KEM-768 build,"x,-x in D","D=(-q,q), U=[0,q), q=3329; actual production bodies retained",F(-x)=canon_q(-F(x)),CANON T1–T4 final harness assertion,SUPPORTED,YES,YES,SUPPORTED,12 selected mutants killed across campaign,The named conversion/composition relation is supported in the stated finite domain.,Not arbitrary-integer reduction or global mathematical novelty.,LOC-C07-UA,ALL VERIFICATION COMPELETED SUMMARY/CANON_CBMC_CAMPAIGN_COMPLETE_A_TO_Z_RECORD.md,COMPLETE,ALL_VERIFICATION_COMPELETED_SUMMARY_PROFESSOR_CLEANED_CODEX_RECORDED(1).zip,744a348bda13e3f6a8adafcca9411bd2ffb717b7fe016c2341a159a574a85389,ALL VERIFICATION COMPELETED SUMMARY/CANON_CBMC_CAMPAIGN_COMPLETE_A_TO_Z_RECORD.md,a15b9788c95a4825f41a9da3799940fc9fcfb59fe0e90c2645613136f4735572,RESOLVED,1,reports/CANON_CBMC_CAMPAIGN_COMPLETE_A_TO_Z_RECORD.md,a15b9788c95a4825f41a9da3799940fc9fcfb59fe0e90c2645613136f4735572,RESOLVED_HASH_MATCH,1
PR-C07-012,7,UNASSISTED,mlk_scalar_signed_to_unsigned_q,CANON-T4.P1,Barrett output range,Canonicalization algebra,af4c5abdd5958bdc65a03cd5ee86708264f93304,ML-KEM-768 build,a in int16_t,"D=(-q,q), U=[0,q), q=3329; actual production bodies retained",-q < B(a) < q,CANON T1–T4 final harness assertion,SUPPORTED,YES,YES,SUPPORTED,12 selected mutants killed across campaign,The named conversion/composition relation is supported in the stated finite domain.,Not arbitrary-integer reduction or global mathematical novelty.,LOC-C07-UA,ALL VERIFICATION COMPELETED SUMMARY/CANON_CBMC_CAMPAIGN_COMPLETE_A_TO_Z_RECORD.md,COMPLETE,ALL_VERIFICATION_COMPELETED_SUMMARY_PROFESSOR_CLEANED_CODEX_RECORDED(1).zip,744a348bda13e3f6a8adafcca9411bd2ffb717b7fe016c2341a159a574a85389,ALL VERIFICATION COMPELETED SUMMARY/CANON_CBMC_CAMPAIGN_COMPLETE_A_TO_Z_RECORD.md,a15b9788c95a4825f41a9da3799940fc9fcfb59fe0e90c2645613136f4735572,RESOLVED,1,reports/CANON_CBMC_CAMPAIGN_COMPLETE_A_TO_Z_RECORD.md,a15b9788c95a4825f41a9da3799940fc9fcfb59fe0e90c2645613136f4735572,RESOLVED_HASH_MATCH,1
PR-C07-013,7,UNASSISTED,mlk_scalar_signed_to_unsigned_q,CANON-T4.P2,Barrett-to-canonical composition,Canonicalization algebra,af4c5abdd5958bdc65a03cd5ee86708264f93304,ML-KEM-768 build,a in int16_t,"D=(-q,q), U=[0,q), q=3329; actual production bodies retained",F(B(a))=canon_q(a),CANON T1–T4 final harness assertion,SUPPORTED,YES,YES,SUPPORTED,12 selected mutants killed across campaign,The named conversion/composition relation is supported in the stated finite domain.,Not arbitrary-integer reduction or global mathematical novelty.,LOC-C07-UA,ALL VERIFICATION COMPELETED SUMMARY/CANON_CBMC_CAMPAIGN_COMPLETE_A_TO_Z_RECORD.md,COMPLETE,ALL_VERIFICATION_COMPELETED_SUMMARY_PROFESSOR_CLEANED_CODEX_RECORDED(1).zip,744a348bda13e3f6a8adafcca9411bd2ffb717b7fe016c2341a159a574a85389,ALL VERIFICATION COMPELETED SUMMARY/CANON_CBMC_CAMPAIGN_COMPLETE_A_TO_Z_RECORD.md,a15b9788c95a4825f41a9da3799940fc9fcfb59fe0e90c2645613136f4735572,RESOLVED,1,reports/CANON_CBMC_CAMPAIGN_COMPLETE_A_TO_Z_RECORD.md,a15b9788c95a4825f41a9da3799940fc9fcfb59fe0e90c2645613136f4735572,RESOLVED_HASH_MATCH,1
PR-C07-014,7,UNASSISTED,mlk_scalar_signed_to_unsigned_q,CANON-T4.P3,Composition congruence,Canonicalization algebra,af4c5abdd5958bdc65a03cd5ee86708264f93304,ML-KEM-768 build,a in int16_t; C=F∘B,"D=(-q,q), U=[0,q), q=3329; actual production bodies retained",C(a) congruent a mod q,CANON T1–T4 final harness assertion,SUPPORTED,YES,YES,SUPPORTED,12 selected mutants killed across campaign,The named conversion/composition relation is supported in the stated finite domain.,Not arbitrary-integer reduction or global mathematical novelty.,LOC-C07-UA,ALL VERIFICATION COMPELETED SUMMARY/CANON_CBMC_CAMPAIGN_COMPLETE_A_TO_Z_RECORD.md,COMPLETE,ALL_VERIFICATION_COMPELETED_SUMMARY_PROFESSOR_CLEANED_CODEX_RECORDED(1).zip,744a348bda13e3f6a8adafcca9411bd2ffb717b7fe016c2341a159a574a85389,ALL VERIFICATION COMPELETED SUMMARY/CANON_CBMC_CAMPAIGN_COMPLETE_A_TO_Z_RECORD.md,a15b9788c95a4825f41a9da3799940fc9fcfb59fe0e90c2645613136f4735572,RESOLVED,1,reports/CANON_CBMC_CAMPAIGN_COMPLETE_A_TO_Z_RECORD.md,a15b9788c95a4825f41a9da3799940fc9fcfb59fe0e90c2645613136f4735572,RESOLVED_HASH_MATCH,1
PR-C07-015,7,UNASSISTED,mlk_scalar_signed_to_unsigned_q,CANON-T4.P4,One-step residue invariance,Canonicalization algebra,af4c5abdd5958bdc65a03cd5ee86708264f93304,ML-KEM-768 build,"a,a+kq in int16_t","D=(-q,q), U=[0,q), q=3329; actual production bodies retained","C(a+kq)=C(a) for k in {-1,1} when representable",CANON T1–T4 final harness assertion,SUPPORTED,YES,YES,SUPPORTED,12 selected mutants killed across campaign,The named conversion/composition relation is supported in the stated finite domain.,Not arbitrary-integer reduction or global mathematical novelty.,LOC-C07-UA,ALL VERIFICATION COMPELETED SUMMARY/CANON_CBMC_CAMPAIGN_COMPLETE_A_TO_Z_RECORD.md,COMPLETE,ALL_VERIFICATION_COMPELETED_SUMMARY_PROFESSOR_CLEANED_CODEX_RECORDED(1).zip,744a348bda13e3f6a8adafcca9411bd2ffb717b7fe016c2341a159a574a85389,ALL VERIFICATION COMPELETED SUMMARY/CANON_CBMC_CAMPAIGN_COMPLETE_A_TO_Z_RECORD.md,a15b9788c95a4825f41a9da3799940fc9fcfb59fe0e90c2645613136f4735572,RESOLVED,1,reports/CANON_CBMC_CAMPAIGN_COMPLETE_A_TO_Z_RECORD.md,a15b9788c95a4825f41a9da3799940fc9fcfb59fe0e90c2645613136f4735572,RESOLVED_HASH_MATCH,1
PR-C07-016,7,UNASSISTED,mlk_scalar_signed_to_unsigned_q,CANON-T4.P5,Agreement on signed conversion domain,Canonicalization algebra,af4c5abdd5958bdc65a03cd5ee86708264f93304,ML-KEM-768 build,c in D,"D=(-q,q), U=[0,q), q=3329; actual production bodies retained",C(c)=F(c),CANON T1–T4 final harness assertion,SUPPORTED,YES,YES,SUPPORTED,12 selected mutants killed across campaign,The named conversion/composition relation is supported in the stated finite domain.,Not arbitrary-integer reduction or global mathematical novelty.,LOC-C07-UA,ALL VERIFICATION COMPELETED SUMMARY/CANON_CBMC_CAMPAIGN_COMPLETE_A_TO_Z_RECORD.md,COMPLETE,ALL_VERIFICATION_COMPELETED_SUMMARY_PROFESSOR_CLEANED_CODEX_RECORDED(1).zip,744a348bda13e3f6a8adafcca9411bd2ffb717b7fe016c2341a159a574a85389,ALL VERIFICATION COMPELETED SUMMARY/CANON_CBMC_CAMPAIGN_COMPLETE_A_TO_Z_RECORD.md,a15b9788c95a4825f41a9da3799940fc9fcfb59fe0e90c2645613136f4735572,RESOLVED,1,reports/CANON_CBMC_CAMPAIGN_COMPLETE_A_TO_Z_RECORD.md,a15b9788c95a4825f41a9da3799940fc9fcfb59fe0e90c2645613136f4735572,RESOLVED_HASH_MATCH,1
PR-C07-017,7,UNASSISTED,mlk_scalar_signed_to_unsigned_q,CANON-T4.P6,Composition idempotence,Canonicalization algebra,af4c5abdd5958bdc65a03cd5ee86708264f93304,ML-KEM-768 build,a in int16_t,"D=(-q,q), U=[0,q), q=3329; actual production bodies retained",C(C(a))=C(a),CANON T1–T4 final harness assertion,SUPPORTED,YES,YES,SUPPORTED,12 selected mutants killed across campaign,The named conversion/composition relation is supported in the stated finite domain.,Not arbitrary-integer reduction or global mathematical novelty.,LOC-C07-UA,ALL VERIFICATION COMPELETED SUMMARY/CANON_CBMC_CAMPAIGN_COMPLETE_A_TO_Z_RECORD.md,COMPLETE,ALL_VERIFICATION_COMPELETED_SUMMARY_PROFESSOR_CLEANED_CODEX_RECORDED(1).zip,744a348bda13e3f6a8adafcca9411bd2ffb717b7fe016c2341a159a574a85389,ALL VERIFICATION COMPELETED SUMMARY/CANON_CBMC_CAMPAIGN_COMPLETE_A_TO_Z_RECORD.md,a15b9788c95a4825f41a9da3799940fc9fcfb59fe0e90c2645613136f4735572,RESOLVED,1,reports/CANON_CBMC_CAMPAIGN_COMPLETE_A_TO_Z_RECORD.md,a15b9788c95a4825f41a9da3799940fc9fcfb59fe0e90c2645613136f4735572,RESOLVED_HASH_MATCH,1
PR-C08-001,8,UNASSISTED,mlk_barrett_reduce,BR-T1.P2,Centered output range,Centered reduction characterization,af4c5abdd5958bdc65a03cd5ee86708264f93304,ML-KEM-768 build; full int16_t domain,All int16_t inputs unless the parameter-characterization row states a candidate parameter domain,No substantive input restriction beyond machine type; independent centered oracle and arithmetic-right-shift model,-1664 <= R(a) <= 1664,BR_AF4 T1–T5 final harness assertion,SUPPORTED,YES,YES,SUPPORTED,12 selected mutants killed across the five families,The named machine-level centered-reduction or parameter-characterization relation is supported.,No first-ever/worldwide novelty claim; bound to pinned expression and machine model.,LOC-C08-UA,ALL VERIFICATION COMPELETED SUMMARY/BR_AF4_T1_T5_A_TO_Z_TECHNICAL_AND_NOVELTY_REPORT.md.txt,COMPLETE,ALL_VERIFICATION_COMPELETED_SUMMARY_PROFESSOR_CLEANED_CODEX_RECORDED(1).zip,744a348bda13e3f6a8adafcca9411bd2ffb717b7fe016c2341a159a574a85389,ALL VERIFICATION COMPELETED SUMMARY/BR_AF4_T1_T5_A_TO_Z_TECHNICAL_AND_NOVELTY_REPORT.md.txt,21d570df8135b9f05ff8492882acfcd58cffd04955b59b4c7281d3816427b522,RESOLVED,1,reports/BR_AF4_T1_T5_A_TO_Z_TECHNICAL_AND_NOVELTY_REPORT.md.txt,21d570df8135b9f05ff8492882acfcd58cffd04955b59b4c7281d3816427b522,RESOLVED_HASH_MATCH,1
PR-C08-002,8,UNASSISTED,mlk_barrett_reduce,BR-T1.P3,Modulo-q congruence,Centered reduction characterization,af4c5abdd5958bdc65a03cd5ee86708264f93304,ML-KEM-768 build; full int16_t domain,All int16_t inputs unless the parameter-characterization row states a candidate parameter domain,No substantive input restriction beyond machine type; independent centered oracle and arithmetic-right-shift model,R(a) ≡ a (mod q),BR_AF4 T1–T5 final harness assertion,SUPPORTED,YES,YES,SUPPORTED,12 selected mutants killed across the five families,The named machine-level centered-reduction or parameter-characterization relation is supported.,No first-ever/worldwide novelty claim; bound to pinned expression and machine model.,LOC-C08-UA,ALL VERIFICATION COMPELETED SUMMARY/BR_AF4_T1_T5_A_TO_Z_TECHNICAL_AND_NOVELTY_REPORT.md.txt,COMPLETE,ALL_VERIFICATION_COMPELETED_SUMMARY_PROFESSOR_CLEANED_CODEX_RECORDED(1).zip,744a348bda13e3f6a8adafcca9411bd2ffb717b7fe016c2341a159a574a85389,ALL VERIFICATION COMPELETED SUMMARY/BR_AF4_T1_T5_A_TO_Z_TECHNICAL_AND_NOVELTY_REPORT.md.txt,21d570df8135b9f05ff8492882acfcd58cffd04955b59b4c7281d3816427b522,RESOLVED,1,reports/BR_AF4_T1_T5_A_TO_Z_TECHNICAL_AND_NOVELTY_REPORT.md.txt,21d570df8135b9f05ff8492882acfcd58cffd04955b59b4c7281d3816427b522,RESOLVED_HASH_MATCH,1
PR-C08-003,8,UNASSISTED,mlk_barrett_reduce,BR-T1.P4,Independent centered-oracle equality,Centered reduction characterization,af4c5abdd5958bdc65a03cd5ee86708264f93304,ML-KEM-768 build; full int16_t domain,All int16_t inputs unless the parameter-characterization row states a candidate parameter domain,No substantive input restriction beyond machine type; independent centered oracle and arithmetic-right-shift model,R(a)=C(a),BR_AF4 T1–T5 final harness assertion,SUPPORTED,YES,YES,SUPPORTED,12 selected mutants killed across the five families,The named machine-level centered-reduction or parameter-characterization relation is supported.,No first-ever/worldwide novelty claim; bound to pinned expression and machine model.,LOC-C08-UA,ALL VERIFICATION COMPELETED SUMMARY/BR_AF4_T1_T5_A_TO_Z_TECHNICAL_AND_NOVELTY_REPORT.md.txt,COMPLETE,ALL_VERIFICATION_COMPELETED_SUMMARY_PROFESSOR_CLEANED_CODEX_RECORDED(1).zip,744a348bda13e3f6a8adafcca9411bd2ffb717b7fe016c2341a159a574a85389,ALL VERIFICATION COMPELETED SUMMARY/BR_AF4_T1_T5_A_TO_Z_TECHNICAL_AND_NOVELTY_REPORT.md.txt,21d570df8135b9f05ff8492882acfcd58cffd04955b59b4c7281d3816427b522,RESOLVED,1,reports/BR_AF4_T1_T5_A_TO_Z_TECHNICAL_AND_NOVELTY_REPORT.md.txt,21d570df8135b9f05ff8492882acfcd58cffd04955b59b4c7281d3816427b522,RESOLVED_HASH_MATCH,1
PR-C08-004,8,UNASSISTED,mlk_barrett_reduce,BR-T1.P5,Unique closest signed-16 representative,Centered reduction characterization,af4c5abdd5958bdc65a03cd5ee86708264f93304,ML-KEM-768 build; full int16_t domain,All int16_t inputs unless the parameter-characterization row states a candidate parameter domain,No substantive input restriction beyond machine type; independent centered oracle and arithmetic-right-shift model,R(a) is the unique closest representative in the registered centered interval,BR_AF4 T1–T5 final harness assertion,SUPPORTED,YES,YES,SUPPORTED,12 selected mutants killed across the five families,The named machine-level centered-reduction or parameter-characterization relation is supported.,No first-ever/worldwide novelty claim; bound to pinned expression and machine model.,LOC-C08-UA,ALL VERIFICATION COMPELETED SUMMARY/BR_AF4_T1_T5_A_TO_Z_TECHNICAL_AND_NOVELTY_REPORT.md.txt,COMPLETE,ALL_VERIFICATION_COMPELETED_SUMMARY_PROFESSOR_CLEANED_CODEX_RECORDED(1).zip,744a348bda13e3f6a8adafcca9411bd2ffb717b7fe016c2341a159a574a85389,ALL VERIFICATION COMPELETED SUMMARY/BR_AF4_T1_T5_A_TO_Z_TECHNICAL_AND_NOVELTY_REPORT.md.txt,21d570df8135b9f05ff8492882acfcd58cffd04955b59b4c7281d3816427b522,RESOLVED,1,reports/BR_AF4_T1_T5_A_TO_Z_TECHNICAL_AND_NOVELTY_REPORT.md.txt,21d570df8135b9f05ff8492882acfcd58cffd04955b59b4c7281d3816427b522,RESOLVED_HASH_MATCH,1
PR-C08-005,8,UNASSISTED,mlk_barrett_reduce,BR-T2.P6,Centered-domain fixed point,Centered reduction characterization,af4c5abdd5958bdc65a03cd5ee86708264f93304,ML-KEM-768 build; full int16_t domain,All int16_t inputs unless the parameter-characterization row states a candidate parameter domain,No substantive input restriction beyond machine type; independent centered oracle and arithmetic-right-shift model,"R(r)=r for r in [-1664,1664]",BR_AF4 T1–T5 final harness assertion,SUPPORTED,YES,YES,SUPPORTED,12 selected mutants killed across the five families,The named machine-level centered-reduction or parameter-characterization relation is supported.,No first-ever/worldwide novelty claim; bound to pinned expression and machine model.,LOC-C08-UA,ALL VERIFICATION COMPELETED SUMMARY/BR_AF4_T1_T5_A_TO_Z_TECHNICAL_AND_NOVELTY_REPORT.md.txt,COMPLETE,ALL_VERIFICATION_COMPELETED_SUMMARY_PROFESSOR_CLEANED_CODEX_RECORDED(1).zip,744a348bda13e3f6a8adafcca9411bd2ffb717b7fe016c2341a159a574a85389,ALL VERIFICATION COMPELETED SUMMARY/BR_AF4_T1_T5_A_TO_Z_TECHNICAL_AND_NOVELTY_REPORT.md.txt,21d570df8135b9f05ff8492882acfcd58cffd04955b59b4c7281d3816427b522,RESOLVED,1,reports/BR_AF4_T1_T5_A_TO_Z_TECHNICAL_AND_NOVELTY_REPORT.md.txt,21d570df8135b9f05ff8492882acfcd58cffd04955b59b4c7281d3816427b522,RESOLVED_HASH_MATCH,1
PR-C08-006,8,UNASSISTED,mlk_barrett_reduce,BR-T2.P7,Idempotence,Centered reduction characterization,af4c5abdd5958bdc65a03cd5ee86708264f93304,ML-KEM-768 build; full int16_t domain,All int16_t inputs unless the parameter-characterization row states a candidate parameter domain,No substantive input restriction beyond machine type; independent centered oracle and arithmetic-right-shift model,R(R(a))=R(a),BR_AF4 T1–T5 final harness assertion,SUPPORTED,YES,YES,SUPPORTED,12 selected mutants killed across the five families,The named machine-level centered-reduction or parameter-characterization relation is supported.,No first-ever/worldwide novelty claim; bound to pinned expression and machine model.,LOC-C08-UA,ALL VERIFICATION COMPELETED SUMMARY/BR_AF4_T1_T5_A_TO_Z_TECHNICAL_AND_NOVELTY_REPORT.md.txt,COMPLETE,ALL_VERIFICATION_COMPELETED_SUMMARY_PROFESSOR_CLEANED_CODEX_RECORDED(1).zip,744a348bda13e3f6a8adafcca9411bd2ffb717b7fe016c2341a159a574a85389,ALL VERIFICATION COMPELETED SUMMARY/BR_AF4_T1_T5_A_TO_Z_TECHNICAL_AND_NOVELTY_REPORT.md.txt,21d570df8135b9f05ff8492882acfcd58cffd04955b59b4c7281d3816427b522,RESOLVED,1,reports/BR_AF4_T1_T5_A_TO_Z_TECHNICAL_AND_NOVELTY_REPORT.md.txt,21d570df8135b9f05ff8492882acfcd58cffd04955b59b4c7281d3816427b522,RESOLVED_HASH_MATCH,1
PR-C08-007,8,UNASSISTED,mlk_barrett_reduce,BR-T2.P8,Residue-class invariance,Centered reduction characterization,af4c5abdd5958bdc65a03cd5ee86708264f93304,ML-KEM-768 build; full int16_t domain,All int16_t inputs unless the parameter-characterization row states a candidate parameter domain,No substantive input restriction beyond machine type; independent centered oracle and arithmetic-right-shift model,a≡b mod q => R(a)=R(b) within int16 domain,BR_AF4 T1–T5 final harness assertion,SUPPORTED,YES,YES,SUPPORTED,12 selected mutants killed across the five families,The named machine-level centered-reduction or parameter-characterization relation is supported.,No first-ever/worldwide novelty claim; bound to pinned expression and machine model.,LOC-C08-UA,ALL VERIFICATION COMPELETED SUMMARY/BR_AF4_T1_T5_A_TO_Z_TECHNICAL_AND_NOVELTY_REPORT.md.txt,COMPLETE,ALL_VERIFICATION_COMPELETED_SUMMARY_PROFESSOR_CLEANED_CODEX_RECORDED(1).zip,744a348bda13e3f6a8adafcca9411bd2ffb717b7fe016c2341a159a574a85389,ALL VERIFICATION COMPELETED SUMMARY/BR_AF4_T1_T5_A_TO_Z_TECHNICAL_AND_NOVELTY_REPORT.md.txt,21d570df8135b9f05ff8492882acfcd58cffd04955b59b4c7281d3816427b522,RESOLVED,1,reports/BR_AF4_T1_T5_A_TO_Z_TECHNICAL_AND_NOVELTY_REPORT.md.txt,21d570df8135b9f05ff8492882acfcd58cffd04955b59b4c7281d3816427b522,RESOLVED_HASH_MATCH,1
PR-C08-008,8,UNASSISTED,mlk_barrett_reduce,BR-T3.P9,Exact quotient equivalence,Centered reduction characterization,af4c5abdd5958bdc65a03cd5ee86708264f93304,ML-KEM-768 build; full int16_t domain,All int16_t inputs unless the parameter-characterization row states a candidate parameter domain,No substantive input restriction beyond machine type; independent centered oracle and arithmetic-right-shift model,t(a)=(a-C(a))/q,BR_AF4 T1–T5 final harness assertion,SUPPORTED,YES,YES,SUPPORTED,12 selected mutants killed across the five families,The named machine-level centered-reduction or parameter-characterization relation is supported.,No first-ever/worldwide novelty claim; bound to pinned expression and machine model.,LOC-C08-UA,ALL VERIFICATION COMPELETED SUMMARY/BR_AF4_T1_T5_A_TO_Z_TECHNICAL_AND_NOVELTY_REPORT.md.txt,COMPLETE,ALL_VERIFICATION_COMPELETED_SUMMARY_PROFESSOR_CLEANED_CODEX_RECORDED(1).zip,744a348bda13e3f6a8adafcca9411bd2ffb717b7fe016c2341a159a574a85389,ALL VERIFICATION COMPELETED SUMMARY/BR_AF4_T1_T5_A_TO_Z_TECHNICAL_AND_NOVELTY_REPORT.md.txt,21d570df8135b9f05ff8492882acfcd58cffd04955b59b4c7281d3816427b522,RESOLVED,1,reports/BR_AF4_T1_T5_A_TO_Z_TECHNICAL_AND_NOVELTY_REPORT.md.txt,21d570df8135b9f05ff8492882acfcd58cffd04955b59b4c7281d3816427b522,RESOLVED_HASH_MATCH,1
PR-C08-009,8,UNASSISTED,mlk_barrett_reduce,BR-T3.P10,Production affine decomposition,Centered reduction characterization,af4c5abdd5958bdc65a03cd5ee86708264f93304,ML-KEM-768 build; full int16_t domain,All int16_t inputs unless the parameter-characterization row states a candidate parameter domain,No substantive input restriction beyond machine type; independent centered oracle and arithmetic-right-shift model,R(a)=a-q*t(a),BR_AF4 T1–T5 final harness assertion,SUPPORTED,YES,YES,SUPPORTED,12 selected mutants killed across the five families,The named machine-level centered-reduction or parameter-characterization relation is supported.,No first-ever/worldwide novelty claim; bound to pinned expression and machine model.,LOC-C08-UA,ALL VERIFICATION COMPELETED SUMMARY/BR_AF4_T1_T5_A_TO_Z_TECHNICAL_AND_NOVELTY_REPORT.md.txt,COMPLETE,ALL_VERIFICATION_COMPELETED_SUMMARY_PROFESSOR_CLEANED_CODEX_RECORDED(1).zip,744a348bda13e3f6a8adafcca9411bd2ffb717b7fe016c2341a159a574a85389,ALL VERIFICATION COMPELETED SUMMARY/BR_AF4_T1_T5_A_TO_Z_TECHNICAL_AND_NOVELTY_REPORT.md.txt,21d570df8135b9f05ff8492882acfcd58cffd04955b59b4c7281d3816427b522,RESOLVED,1,reports/BR_AF4_T1_T5_A_TO_Z_TECHNICAL_AND_NOVELTY_REPORT.md.txt,21d570df8135b9f05ff8492882acfcd58cffd04955b59b4c7281d3816427b522,RESOLVED_HASH_MATCH,1
PR-C08-010,8,UNASSISTED,mlk_barrett_reduce,BR-T3.P11,Tight quotient range,Centered reduction characterization,af4c5abdd5958bdc65a03cd5ee86708264f93304,ML-KEM-768 build; full int16_t domain,All int16_t inputs unless the parameter-characterization row states a candidate parameter domain,No substantive input restriction beyond machine type; independent centered oracle and arithmetic-right-shift model,-10 <= t(a) <= 10,BR_AF4 T1–T5 final harness assertion,SUPPORTED,YES,YES,SUPPORTED,12 selected mutants killed across the five families,The named machine-level centered-reduction or parameter-characterization relation is supported.,No first-ever/worldwide novelty claim; bound to pinned expression and machine model.,LOC-C08-UA,ALL VERIFICATION COMPELETED SUMMARY/BR_AF4_T1_T5_A_TO_Z_TECHNICAL_AND_NOVELTY_REPORT.md.txt,COMPLETE,ALL_VERIFICATION_COMPELETED_SUMMARY_PROFESSOR_CLEANED_CODEX_RECORDED(1).zip,744a348bda13e3f6a8adafcca9411bd2ffb717b7fe016c2341a159a574a85389,ALL VERIFICATION COMPELETED SUMMARY/BR_AF4_T1_T5_A_TO_Z_TECHNICAL_AND_NOVELTY_REPORT.md.txt,21d570df8135b9f05ff8492882acfcd58cffd04955b59b4c7281d3816427b522,RESOLVED,1,reports/BR_AF4_T1_T5_A_TO_Z_TECHNICAL_AND_NOVELTY_REPORT.md.txt,21d570df8135b9f05ff8492882acfcd58cffd04955b59b4c7281d3816427b522,RESOLVED_HASH_MATCH,1
PR-C08-011,8,UNASSISTED,mlk_barrett_reduce,BR-T3.P12,Exact unique quotient-cell membership,Centered reduction characterization,af4c5abdd5958bdc65a03cd5ee86708264f93304,ML-KEM-768 build; full int16_t domain,All int16_t inputs unless the parameter-characterization row states a candidate parameter domain,No substantive input restriction beyond machine type; independent centered oracle and arithmetic-right-shift model,each a belongs to exactly one registered quotient cell,BR_AF4 T1–T5 final harness assertion,SUPPORTED,YES,YES,SUPPORTED,12 selected mutants killed across the five families,The named machine-level centered-reduction or parameter-characterization relation is supported.,No first-ever/worldwide novelty claim; bound to pinned expression and machine model.,LOC-C08-UA,ALL VERIFICATION COMPELETED SUMMARY/BR_AF4_T1_T5_A_TO_Z_TECHNICAL_AND_NOVELTY_REPORT.md.txt,COMPLETE,ALL_VERIFICATION_COMPELETED_SUMMARY_PROFESSOR_CLEANED_CODEX_RECORDED(1).zip,744a348bda13e3f6a8adafcca9411bd2ffb717b7fe016c2341a159a574a85389,ALL VERIFICATION COMPELETED SUMMARY/BR_AF4_T1_T5_A_TO_Z_TECHNICAL_AND_NOVELTY_REPORT.md.txt,21d570df8135b9f05ff8492882acfcd58cffd04955b59b4c7281d3816427b522,RESOLVED,1,reports/BR_AF4_T1_T5_A_TO_Z_TECHNICAL_AND_NOVELTY_REPORT.md.txt,21d570df8135b9f05ff8492882acfcd58cffd04955b59b4c7281d3816427b522,RESOLVED_HASH_MATCH,1
PR-C08-012,8,UNASSISTED,mlk_barrett_reduce,BR-T3.P13,Clipped endpoint-cell characterization,Centered reduction characterization,af4c5abdd5958bdc65a03cd5ee86708264f93304,ML-KEM-768 build; full int16_t domain,All int16_t inputs unless the parameter-characterization row states a candidate parameter domain,No substantive input restriction beyond machine type; independent centered oracle and arithmetic-right-shift model,endpoint quotient cells are clipped exactly by int16 limits,BR_AF4 T1–T5 final harness assertion,SUPPORTED,YES,YES,SUPPORTED,12 selected mutants killed across the five families,The named machine-level centered-reduction or parameter-characterization relation is supported.,No first-ever/worldwide novelty claim; bound to pinned expression and machine model.,LOC-C08-UA,ALL VERIFICATION COMPELETED SUMMARY/BR_AF4_T1_T5_A_TO_Z_TECHNICAL_AND_NOVELTY_REPORT.md.txt,COMPLETE,ALL_VERIFICATION_COMPELETED_SUMMARY_PROFESSOR_CLEANED_CODEX_RECORDED(1).zip,744a348bda13e3f6a8adafcca9411bd2ffb717b7fe016c2341a159a574a85389,ALL VERIFICATION COMPELETED SUMMARY/BR_AF4_T1_T5_A_TO_Z_TECHNICAL_AND_NOVELTY_REPORT.md.txt,21d570df8135b9f05ff8492882acfcd58cffd04955b59b4c7281d3816427b522,RESOLVED,1,reports/BR_AF4_T1_T5_A_TO_Z_TECHNICAL_AND_NOVELTY_REPORT.md.txt,21d570df8135b9f05ff8492882acfcd58cffd04955b59b4c7281d3816427b522,RESOLVED_HASH_MATCH,1
PR-C08-013,8,UNASSISTED,mlk_barrett_reduce,BR-T4.P14,Safe multiplier domain,Centered reduction characterization,af4c5abdd5958bdc65a03cd5ee86708264f93304,ML-KEM-768 build; full int16_t domain,All int16_t inputs unless the parameter-characterization row states a candidate parameter domain,No substantive input restriction beyond machine type; independent centered oracle and arithmetic-right-shift model,candidate multiplier m lies in registered safe arithmetic domain 0..64513,BR_AF4 T1–T5 final harness assertion,SUPPORTED,YES,YES,SUPPORTED,12 selected mutants killed across the five families,The named machine-level centered-reduction or parameter-characterization relation is supported.,No first-ever/worldwide novelty claim; bound to pinned expression and machine model.,LOC-C08-UA,ALL VERIFICATION COMPELETED SUMMARY/BR_AF4_T1_T5_A_TO_Z_TECHNICAL_AND_NOVELTY_REPORT.md.txt,COMPLETE,ALL_VERIFICATION_COMPELETED_SUMMARY_PROFESSOR_CLEANED_CODEX_RECORDED(1).zip,744a348bda13e3f6a8adafcca9411bd2ffb717b7fe016c2341a159a574a85389,ALL VERIFICATION COMPELETED SUMMARY/BR_AF4_T1_T5_A_TO_Z_TECHNICAL_AND_NOVELTY_REPORT.md.txt,21d570df8135b9f05ff8492882acfcd58cffd04955b59b4c7281d3816427b522,RESOLVED,1,reports/BR_AF4_T1_T5_A_TO_Z_TECHNICAL_AND_NOVELTY_REPORT.md.txt,21d570df8135b9f05ff8492882acfcd58cffd04955b59b4c7281d3816427b522,RESOLVED_HASH_MATCH,1
PR-C08-014,8,UNASSISTED,mlk_barrett_reduce,BR-T4.P15,Production multiplier sufficiency,Centered reduction characterization,af4c5abdd5958bdc65a03cd5ee86708264f93304,ML-KEM-768 build; full int16_t domain,All int16_t inputs unless the parameter-characterization row states a candidate parameter domain,No substantive input restriction beyond machine type; independent centered oracle and arithmetic-right-shift model,m=20159 produces the centered oracle for all int16 inputs,BR_AF4 T1–T5 final harness assertion,SUPPORTED,YES,YES,SUPPORTED,12 selected mutants killed across the five families,The named machine-level centered-reduction or parameter-characterization relation is supported.,No first-ever/worldwide novelty claim; bound to pinned expression and machine model.,LOC-C08-UA,ALL VERIFICATION COMPELETED SUMMARY/BR_AF4_T1_T5_A_TO_Z_TECHNICAL_AND_NOVELTY_REPORT.md.txt,COMPLETE,ALL_VERIFICATION_COMPELETED_SUMMARY_PROFESSOR_CLEANED_CODEX_RECORDED(1).zip,744a348bda13e3f6a8adafcca9411bd2ffb717b7fe016c2341a159a574a85389,ALL VERIFICATION COMPELETED SUMMARY/BR_AF4_T1_T5_A_TO_Z_TECHNICAL_AND_NOVELTY_REPORT.md.txt,21d570df8135b9f05ff8492882acfcd58cffd04955b59b4c7281d3816427b522,RESOLVED,1,reports/BR_AF4_T1_T5_A_TO_Z_TECHNICAL_AND_NOVELTY_REPORT.md.txt,21d570df8135b9f05ff8492882acfcd58cffd04955b59b4c7281d3816427b522,RESOLVED_HASH_MATCH,1
PR-C08-015,8,UNASSISTED,mlk_barrett_reduce,BR-T4.P16,Every smaller safe multiplier rejected,Centered reduction characterization,af4c5abdd5958bdc65a03cd5ee86708264f93304,ML-KEM-768 build; full int16_t domain,All int16_t inputs unless the parameter-characterization row states a candidate parameter domain,No substantive input restriction beyond machine type; independent centered oracle and arithmetic-right-shift model,every safe m<20159 fails at registered witness -31626,BR_AF4 T1–T5 final harness assertion,SUPPORTED,YES,YES,SUPPORTED,12 selected mutants killed across the five families,The named machine-level centered-reduction or parameter-characterization relation is supported.,No first-ever/worldwide novelty claim; bound to pinned expression and machine model.,LOC-C08-UA,ALL VERIFICATION COMPELETED SUMMARY/BR_AF4_T1_T5_A_TO_Z_TECHNICAL_AND_NOVELTY_REPORT.md.txt,COMPLETE,ALL_VERIFICATION_COMPELETED_SUMMARY_PROFESSOR_CLEANED_CODEX_RECORDED(1).zip,744a348bda13e3f6a8adafcca9411bd2ffb717b7fe016c2341a159a574a85389,ALL VERIFICATION COMPELETED SUMMARY/BR_AF4_T1_T5_A_TO_Z_TECHNICAL_AND_NOVELTY_REPORT.md.txt,21d570df8135b9f05ff8492882acfcd58cffd04955b59b4c7281d3816427b522,RESOLVED,1,reports/BR_AF4_T1_T5_A_TO_Z_TECHNICAL_AND_NOVELTY_REPORT.md.txt,21d570df8135b9f05ff8492882acfcd58cffd04955b59b4c7281d3816427b522,RESOLVED_HASH_MATCH,1
PR-C08-016,8,UNASSISTED,mlk_barrett_reduce,BR-T4.P17,Every larger safe multiplier rejected,Centered reduction characterization,af4c5abdd5958bdc65a03cd5ee86708264f93304,ML-KEM-768 build; full int16_t domain,All int16_t inputs unless the parameter-characterization row states a candidate parameter domain,No substantive input restriction beyond machine type; independent centered oracle and arithmetic-right-shift model,every safe m>20159 fails at registered witness -31625,BR_AF4 T1–T5 final harness assertion,SUPPORTED,YES,YES,SUPPORTED,12 selected mutants killed across the five families,The named machine-level centered-reduction or parameter-characterization relation is supported.,No first-ever/worldwide novelty claim; bound to pinned expression and machine model.,LOC-C08-UA,ALL VERIFICATION COMPELETED SUMMARY/BR_AF4_T1_T5_A_TO_Z_TECHNICAL_AND_NOVELTY_REPORT.md.txt,COMPLETE,ALL_VERIFICATION_COMPELETED_SUMMARY_PROFESSOR_CLEANED_CODEX_RECORDED(1).zip,744a348bda13e3f6a8adafcca9411bd2ffb717b7fe016c2341a159a574a85389,ALL VERIFICATION COMPELETED SUMMARY/BR_AF4_T1_T5_A_TO_Z_TECHNICAL_AND_NOVELTY_REPORT.md.txt,21d570df8135b9f05ff8492882acfcd58cffd04955b59b4c7281d3816427b522,RESOLVED,1,reports/BR_AF4_T1_T5_A_TO_Z_TECHNICAL_AND_NOVELTY_REPORT.md.txt,21d570df8135b9f05ff8492882acfcd58cffd04955b59b4c7281d3816427b522,RESOLVED_HASH_MATCH,1
PR-C08-017,8,UNASSISTED,mlk_barrett_reduce,BR-T4.P18,Two-witness multiplier characterization,Centered reduction characterization,af4c5abdd5958bdc65a03cd5ee86708264f93304,ML-KEM-768 build; full int16_t domain,All int16_t inputs unless the parameter-characterization row states a candidate parameter domain,No substantive input restriction beyond machine type; independent centered oracle and arithmetic-right-shift model,the two registered witnesses uniquely identify multiplier 20159,BR_AF4 T1–T5 final harness assertion,SUPPORTED,YES,YES,SUPPORTED,12 selected mutants killed across the five families,The named machine-level centered-reduction or parameter-characterization relation is supported.,No first-ever/worldwide novelty claim; bound to pinned expression and machine model.,LOC-C08-UA,ALL VERIFICATION COMPELETED SUMMARY/BR_AF4_T1_T5_A_TO_Z_TECHNICAL_AND_NOVELTY_REPORT.md.txt,COMPLETE,ALL_VERIFICATION_COMPELETED_SUMMARY_PROFESSOR_CLEANED_CODEX_RECORDED(1).zip,744a348bda13e3f6a8adafcca9411bd2ffb717b7fe016c2341a159a574a85389,ALL VERIFICATION COMPELETED SUMMARY/BR_AF4_T1_T5_A_TO_Z_TECHNICAL_AND_NOVELTY_REPORT.md.txt,21d570df8135b9f05ff8492882acfcd58cffd04955b59b4c7281d3816427b522,RESOLVED,1,reports/BR_AF4_T1_T5_A_TO_Z_TECHNICAL_AND_NOVELTY_REPORT.md.txt,21d570df8135b9f05ff8492882acfcd58cffd04955b59b4c7281d3816427b522,RESOLVED_HASH_MATCH,1
PR-C08-018,8,UNASSISTED,mlk_barrett_reduce,BR-T5.P19,Offset-domain safety,Centered reduction characterization,af4c5abdd5958bdc65a03cd5ee86708264f93304,ML-KEM-768 build; full int16_t domain,All int16_t inputs unless the parameter-characterization row states a candidate parameter domain,No substantive input restriction beyond machine type; independent centered oracle and arithmetic-right-shift model,candidate uint32 offset B in 0..67108863 is arithmetically admissible,BR_AF4 T1–T5 final harness assertion,SUPPORTED,YES,YES,SUPPORTED,12 selected mutants killed across the five families,The named machine-level centered-reduction or parameter-characterization relation is supported.,No first-ever/worldwide novelty claim; bound to pinned expression and machine model.,LOC-C08-UA,ALL VERIFICATION COMPELETED SUMMARY/BR_AF4_T1_T5_A_TO_Z_TECHNICAL_AND_NOVELTY_REPORT.md.txt,COMPLETE,ALL_VERIFICATION_COMPELETED_SUMMARY_PROFESSOR_CLEANED_CODEX_RECORDED(1).zip,744a348bda13e3f6a8adafcca9411bd2ffb717b7fe016c2341a159a574a85389,ALL VERIFICATION COMPELETED SUMMARY/BR_AF4_T1_T5_A_TO_Z_TECHNICAL_AND_NOVELTY_REPORT.md.txt,21d570df8135b9f05ff8492882acfcd58cffd04955b59b4c7281d3816427b522,RESOLVED,1,reports/BR_AF4_T1_T5_A_TO_Z_TECHNICAL_AND_NOVELTY_REPORT.md.txt,21d570df8135b9f05ff8492882acfcd58cffd04955b59b4c7281d3816427b522,RESOLVED_HASH_MATCH,1
PR-C08-019,8,UNASSISTED,mlk_barrett_reduce,BR-T5.P20,Exact offset interval sufficiency,Centered reduction characterization,af4c5abdd5958bdc65a03cd5ee86708264f93304,ML-KEM-768 build; full int16_t domain,All int16_t inputs unless the parameter-characterization row states a candidate parameter domain,No substantive input restriction beyond machine type; independent centered oracle and arithmetic-right-shift model,"every B in [33548599,33560264] implements the centered oracle for all int16 inputs",BR_AF4 T1–T5 final harness assertion,SUPPORTED,YES,YES,SUPPORTED,12 selected mutants killed across the five families,The named machine-level centered-reduction or parameter-characterization relation is supported.,No first-ever/worldwide novelty claim; bound to pinned expression and machine model.,LOC-C08-UA,ALL VERIFICATION COMPELETED SUMMARY/BR_AF4_T1_T5_A_TO_Z_TECHNICAL_AND_NOVELTY_REPORT.md.txt,COMPLETE,ALL_VERIFICATION_COMPELETED_SUMMARY_PROFESSOR_CLEANED_CODEX_RECORDED(1).zip,744a348bda13e3f6a8adafcca9411bd2ffb717b7fe016c2341a159a574a85389,ALL VERIFICATION COMPELETED SUMMARY/BR_AF4_T1_T5_A_TO_Z_TECHNICAL_AND_NOVELTY_REPORT.md.txt,21d570df8135b9f05ff8492882acfcd58cffd04955b59b4c7281d3816427b522,RESOLVED,1,reports/BR_AF4_T1_T5_A_TO_Z_TECHNICAL_AND_NOVELTY_REPORT.md.txt,21d570df8135b9f05ff8492882acfcd58cffd04955b59b4c7281d3816427b522,RESOLVED_HASH_MATCH,1
PR-C08-020,8,UNASSISTED,mlk_barrett_reduce,BR-T5.P21,Lower offsets rejected,Centered reduction characterization,af4c5abdd5958bdc65a03cd5ee86708264f93304,ML-KEM-768 build; full int16_t domain,All int16_t inputs unless the parameter-characterization row states a candidate parameter domain,No substantive input restriction beyond machine type; independent centered oracle and arithmetic-right-shift model,every B below 33548599 has a registered-domain counterexample,BR_AF4 T1–T5 final harness assertion,SUPPORTED,YES,YES,SUPPORTED,12 selected mutants killed across the five families,The named machine-level centered-reduction or parameter-characterization relation is supported.,No first-ever/worldwide novelty claim; bound to pinned expression and machine model.,LOC-C08-UA,ALL VERIFICATION COMPELETED SUMMARY/BR_AF4_T1_T5_A_TO_Z_TECHNICAL_AND_NOVELTY_REPORT.md.txt,COMPLETE,ALL_VERIFICATION_COMPELETED_SUMMARY_PROFESSOR_CLEANED_CODEX_RECORDED(1).zip,744a348bda13e3f6a8adafcca9411bd2ffb717b7fe016c2341a159a574a85389,ALL VERIFICATION COMPELETED SUMMARY/BR_AF4_T1_T5_A_TO_Z_TECHNICAL_AND_NOVELTY_REPORT.md.txt,21d570df8135b9f05ff8492882acfcd58cffd04955b59b4c7281d3816427b522,RESOLVED,1,reports/BR_AF4_T1_T5_A_TO_Z_TECHNICAL_AND_NOVELTY_REPORT.md.txt,21d570df8135b9f05ff8492882acfcd58cffd04955b59b4c7281d3816427b522,RESOLVED_HASH_MATCH,1
PR-C08-021,8,UNASSISTED,mlk_barrett_reduce,BR-T5.P22,Upper offsets rejected,Centered reduction characterization,af4c5abdd5958bdc65a03cd5ee86708264f93304,ML-KEM-768 build; full int16_t domain,All int16_t inputs unless the parameter-characterization row states a candidate parameter domain,No substantive input restriction beyond machine type; independent centered oracle and arithmetic-right-shift model,every B above 33560264 has a registered-domain counterexample,BR_AF4 T1–T5 final harness assertion,SUPPORTED,YES,YES,SUPPORTED,12 selected mutants killed across the five families,The named machine-level centered-reduction or parameter-characterization relation is supported.,No first-ever/worldwide novelty claim; bound to pinned expression and machine model.,LOC-C08-UA,ALL VERIFICATION COMPELETED SUMMARY/BR_AF4_T1_T5_A_TO_Z_TECHNICAL_AND_NOVELTY_REPORT.md.txt,COMPLETE,ALL_VERIFICATION_COMPELETED_SUMMARY_PROFESSOR_CLEANED_CODEX_RECORDED(1).zip,744a348bda13e3f6a8adafcca9411bd2ffb717b7fe016c2341a159a574a85389,ALL VERIFICATION COMPELETED SUMMARY/BR_AF4_T1_T5_A_TO_Z_TECHNICAL_AND_NOVELTY_REPORT.md.txt,21d570df8135b9f05ff8492882acfcd58cffd04955b59b4c7281d3816427b522,RESOLVED,1,reports/BR_AF4_T1_T5_A_TO_Z_TECHNICAL_AND_NOVELTY_REPORT.md.txt,21d570df8135b9f05ff8492882acfcd58cffd04955b59b4c7281d3816427b522,RESOLVED_HASH_MATCH,1
PR-C08-022,8,UNASSISTED,mlk_barrett_reduce,BR-T5.P23,Two-witness offset characterization,Centered reduction characterization,af4c5abdd5958bdc65a03cd5ee86708264f93304,ML-KEM-768 build; full int16_t domain,All int16_t inputs unless the parameter-characterization row states a candidate parameter domain,No substantive input restriction beyond machine type; independent centered oracle and arithmetic-right-shift model,registered witnesses characterize the exact accepted interval,BR_AF4 T1–T5 final harness assertion,SUPPORTED,YES,YES,SUPPORTED,12 selected mutants killed across the five families,The named machine-level centered-reduction or parameter-characterization relation is supported.,No first-ever/worldwide novelty claim; bound to pinned expression and machine model.,LOC-C08-UA,ALL VERIFICATION COMPELETED SUMMARY/BR_AF4_T1_T5_A_TO_Z_TECHNICAL_AND_NOVELTY_REPORT.md.txt,COMPLETE,ALL_VERIFICATION_COMPELETED_SUMMARY_PROFESSOR_CLEANED_CODEX_RECORDED(1).zip,744a348bda13e3f6a8adafcca9411bd2ffb717b7fe016c2341a159a574a85389,ALL VERIFICATION COMPELETED SUMMARY/BR_AF4_T1_T5_A_TO_Z_TECHNICAL_AND_NOVELTY_REPORT.md.txt,21d570df8135b9f05ff8492882acfcd58cffd04955b59b4c7281d3816427b522,RESOLVED,1,reports/BR_AF4_T1_T5_A_TO_Z_TECHNICAL_AND_NOVELTY_REPORT.md.txt,21d570df8135b9f05ff8492882acfcd58cffd04955b59b4c7281d3816427b522,RESOLVED_HASH_MATCH,1
PR-C08-023,8,UNASSISTED,mlk_barrett_reduce,BR-T5.P24,Production offset binding,Centered reduction characterization,af4c5abdd5958bdc65a03cd5ee86708264f93304,ML-KEM-768 build; full int16_t domain,All int16_t inputs unless the parameter-characterization row states a candidate parameter domain,No substantive input restriction beyond machine type; independent centered oracle and arithmetic-right-shift model,production offset 33554432 lies in and is bound to the accepted interval,BR_AF4 T1–T5 final harness assertion,SUPPORTED,YES,YES,SUPPORTED,12 selected mutants killed across the five families,The named machine-level centered-reduction or parameter-characterization relation is supported.,No first-ever/worldwide novelty claim; bound to pinned expression and machine model.,LOC-C08-UA,ALL VERIFICATION COMPELETED SUMMARY/BR_AF4_T1_T5_A_TO_Z_TECHNICAL_AND_NOVELTY_REPORT.md.txt,COMPLETE,ALL_VERIFICATION_COMPELETED_SUMMARY_PROFESSOR_CLEANED_CODEX_RECORDED(1).zip,744a348bda13e3f6a8adafcca9411bd2ffb717b7fe016c2341a159a574a85389,ALL VERIFICATION COMPELETED SUMMARY/BR_AF4_T1_T5_A_TO_Z_TECHNICAL_AND_NOVELTY_REPORT.md.txt,21d570df8135b9f05ff8492882acfcd58cffd04955b59b4c7281d3816427b522,RESOLVED,1,reports/BR_AF4_T1_T5_A_TO_Z_TECHNICAL_AND_NOVELTY_REPORT.md.txt,21d570df8135b9f05ff8492882acfcd58cffd04955b59b4c7281d3816427b522,RESOLVED_HASH_MATCH,1
PR-C09-001,9,UNASSISTED,mlk_zeroize,ZERO-T1.P1,First selected region is zero,Memory-state/frame,af4c5abdd5958bdc65a03cd5ee86708264f93304,ML-KEM-768 build; bounded memory objects,Registered valid bounded objects and selected byte intervals,C abstract-machine memory model; valid pointer/size conditions,forall i in selected region A: post[i]=0,ZERO T1–T4 final harness assertion,SUPPORTED,YES,YES,SUPPORTED,8/8 selected mutants killed,The named source-level memory-state relation is supported.,"No universal physical-remanence, compiler-optimization or hardware-erasure conclusion.",LOC-C09-UA,ALL VERIFICATION COMPELETED SUMMARY/MLK_ZEROIZE_CBMC_CAMPAIGN_COMPLETE_TECHNICAL_RECORD.md,COMPLETE,ALL_VERIFICATION_COMPELETED_SUMMARY_PROFESSOR_CLEANED_CODEX_RECORDED(1).zip,744a348bda13e3f6a8adafcca9411bd2ffb717b7fe016c2341a159a574a85389,ALL VERIFICATION COMPELETED SUMMARY/MLK_ZEROIZE_CBMC_CAMPAIGN_COMPLETE_TECHNICAL_RECORD.md,b229b806d289a72fe56a4a9dc8c523aabd1c4064bcf95738d43dd47a009235ef,RESOLVED,1,reports/MLK_ZEROIZE_CBMC_CAMPAIGN_COMPLETE_TECHNICAL_RECORD.md,b229b806d289a72fe56a4a9dc8c523aabd1c4064bcf95738d43dd47a009235ef,RESOLVED_HASH_MATCH,1
PR-C09-002,9,UNASSISTED,mlk_zeroize,ZERO-T1.P2,Second selected region is zero,Memory-state/frame,af4c5abdd5958bdc65a03cd5ee86708264f93304,ML-KEM-768 build; bounded memory objects,Registered valid bounded objects and selected byte intervals,C abstract-machine memory model; valid pointer/size conditions,forall i in selected region B: post[i]=0,ZERO T1–T4 final harness assertion,SUPPORTED,YES,YES,SUPPORTED,8/8 selected mutants killed,The named source-level memory-state relation is supported.,"No universal physical-remanence, compiler-optimization or hardware-erasure conclusion.",LOC-C09-UA,ALL VERIFICATION COMPELETED SUMMARY/MLK_ZEROIZE_CBMC_CAMPAIGN_COMPLETE_TECHNICAL_RECORD.md,COMPLETE,ALL_VERIFICATION_COMPELETED_SUMMARY_PROFESSOR_CLEANED_CODEX_RECORDED(1).zip,744a348bda13e3f6a8adafcca9411bd2ffb717b7fe016c2341a159a574a85389,ALL VERIFICATION COMPELETED SUMMARY/MLK_ZEROIZE_CBMC_CAMPAIGN_COMPLETE_TECHNICAL_RECORD.md,b229b806d289a72fe56a4a9dc8c523aabd1c4064bcf95738d43dd47a009235ef,RESOLVED,1,reports/MLK_ZEROIZE_CBMC_CAMPAIGN_COMPLETE_TECHNICAL_RECORD.md,b229b806d289a72fe56a4a9dc8c523aabd1c4064bcf95738d43dd47a009235ef,RESOLVED_HASH_MATCH,1
PR-C09-003,9,UNASSISTED,mlk_zeroize,ZERO-T1.P3,Selected poststate independence,Memory-state/frame,af4c5abdd5958bdc65a03cd5ee86708264f93304,ML-KEM-768 build; bounded memory objects,Registered valid bounded objects and selected byte intervals,C abstract-machine memory model; valid pointer/size conditions,different prestate bytes in wiped region converge to identical zero poststate,ZERO T1–T4 final harness assertion,SUPPORTED,YES,YES,SUPPORTED,8/8 selected mutants killed,The named source-level memory-state relation is supported.,"No universal physical-remanence, compiler-optimization or hardware-erasure conclusion.",LOC-C09-UA,ALL VERIFICATION COMPELETED SUMMARY/MLK_ZEROIZE_CBMC_CAMPAIGN_COMPLETE_TECHNICAL_RECORD.md,COMPLETE,ALL_VERIFICATION_COMPELETED_SUMMARY_PROFESSOR_CLEANED_CODEX_RECORDED(1).zip,744a348bda13e3f6a8adafcca9411bd2ffb717b7fe016c2341a159a574a85389,ALL VERIFICATION COMPELETED SUMMARY/MLK_ZEROIZE_CBMC_CAMPAIGN_COMPLETE_TECHNICAL_RECORD.md,b229b806d289a72fe56a4a9dc8c523aabd1c4064bcf95738d43dd47a009235ef,RESOLVED,1,reports/MLK_ZEROIZE_CBMC_CAMPAIGN_COMPLETE_TECHNICAL_RECORD.md,b229b806d289a72fe56a4a9dc8c523aabd1c4064bcf95738d43dd47a009235ef,RESOLVED_HASH_MATCH,1
PR-C09-004,9,UNASSISTED,mlk_zeroize,ZERO-T2.P1,Prefix frame,Memory-state/frame,af4c5abdd5958bdc65a03cd5ee86708264f93304,ML-KEM-768 build; bounded memory objects,Registered valid bounded objects and selected byte intervals,C abstract-machine memory model; valid pointer/size conditions,bytes before selected interval unchanged,ZERO T1–T4 final harness assertion,SUPPORTED,YES,YES,SUPPORTED,8/8 selected mutants killed,The named source-level memory-state relation is supported.,"No universal physical-remanence, compiler-optimization or hardware-erasure conclusion.",LOC-C09-UA,ALL VERIFICATION COMPELETED SUMMARY/MLK_ZEROIZE_CBMC_CAMPAIGN_COMPLETE_TECHNICAL_RECORD.md,COMPLETE,ALL_VERIFICATION_COMPELETED_SUMMARY_PROFESSOR_CLEANED_CODEX_RECORDED(1).zip,744a348bda13e3f6a8adafcca9411bd2ffb717b7fe016c2341a159a574a85389,ALL VERIFICATION COMPELETED SUMMARY/MLK_ZEROIZE_CBMC_CAMPAIGN_COMPLETE_TECHNICAL_RECORD.md,b229b806d289a72fe56a4a9dc8c523aabd1c4064bcf95738d43dd47a009235ef,RESOLVED,1,reports/MLK_ZEROIZE_CBMC_CAMPAIGN_COMPLETE_TECHNICAL_RECORD.md,b229b806d289a72fe56a4a9dc8c523aabd1c4064bcf95738d43dd47a009235ef,RESOLVED_HASH_MATCH,1
PR-C09-005,9,UNASSISTED,mlk_zeroize,ZERO-T2.P2,Suffix frame,Memory-state/frame,af4c5abdd5958bdc65a03cd5ee86708264f93304,ML-KEM-768 build; bounded memory objects,Registered valid bounded objects and selected byte intervals,C abstract-machine memory model; valid pointer/size conditions,bytes after selected interval unchanged,ZERO T1–T4 final harness assertion,SUPPORTED,YES,YES,SUPPORTED,8/8 selected mutants killed,The named source-level memory-state relation is supported.,"No universal physical-remanence, compiler-optimization or hardware-erasure conclusion.",LOC-C09-UA,ALL VERIFICATION COMPELETED SUMMARY/MLK_ZEROIZE_CBMC_CAMPAIGN_COMPLETE_TECHNICAL_RECORD.md,COMPLETE,ALL_VERIFICATION_COMPELETED_SUMMARY_PROFESSOR_CLEANED_CODEX_RECORDED(1).zip,744a348bda13e3f6a8adafcca9411bd2ffb717b7fe016c2341a159a574a85389,ALL VERIFICATION COMPELETED SUMMARY/MLK_ZEROIZE_CBMC_CAMPAIGN_COMPLETE_TECHNICAL_RECORD.md,b229b806d289a72fe56a4a9dc8c523aabd1c4064bcf95738d43dd47a009235ef,RESOLVED,1,reports/MLK_ZEROIZE_CBMC_CAMPAIGN_COMPLETE_TECHNICAL_RECORD.md,b229b806d289a72fe56a4a9dc8c523aabd1c4064bcf95738d43dd47a009235ef,RESOLVED_HASH_MATCH,1
PR-C09-006,9,UNASSISTED,mlk_zeroize,ZERO-T2.P3,Unrelated-object frame,Memory-state/frame,af4c5abdd5958bdc65a03cd5ee86708264f93304,ML-KEM-768 build; bounded memory objects,Registered valid bounded objects and selected byte intervals,C abstract-machine memory model; valid pointer/size conditions,separate guard object unchanged,ZERO T1–T4 final harness assertion,SUPPORTED,YES,YES,SUPPORTED,8/8 selected mutants killed,The named source-level memory-state relation is supported.,"No universal physical-remanence, compiler-optimization or hardware-erasure conclusion.",LOC-C09-UA,ALL VERIFICATION COMPELETED SUMMARY/MLK_ZEROIZE_CBMC_CAMPAIGN_COMPLETE_TECHNICAL_RECORD.md,COMPLETE,ALL_VERIFICATION_COMPELETED_SUMMARY_PROFESSOR_CLEANED_CODEX_RECORDED(1).zip,744a348bda13e3f6a8adafcca9411bd2ffb717b7fe016c2341a159a574a85389,ALL VERIFICATION COMPELETED SUMMARY/MLK_ZEROIZE_CBMC_CAMPAIGN_COMPLETE_TECHNICAL_RECORD.md,b229b806d289a72fe56a4a9dc8c523aabd1c4064bcf95738d43dd47a009235ef,RESOLVED,1,reports/MLK_ZEROIZE_CBMC_CAMPAIGN_COMPLETE_TECHNICAL_RECORD.md,b229b806d289a72fe56a4a9dc8c523aabd1c4064bcf95738d43dd47a009235ef,RESOLVED_HASH_MATCH,1
PR-C09-007,9,UNASSISTED,mlk_zeroize,ZERO-T2.P4,Zero-length identity,Memory-state/frame,af4c5abdd5958bdc65a03cd5ee86708264f93304,ML-KEM-768 build; bounded memory objects,Registered valid bounded objects and selected byte intervals,C abstract-machine memory model; valid pointer/size conditions,"zeroize(ptr,0) leaves modelled state unchanged",ZERO T1–T4 final harness assertion,SUPPORTED,YES,YES,SUPPORTED,8/8 selected mutants killed,The named source-level memory-state relation is supported.,"No universal physical-remanence, compiler-optimization or hardware-erasure conclusion.",LOC-C09-UA,ALL VERIFICATION COMPELETED SUMMARY/MLK_ZEROIZE_CBMC_CAMPAIGN_COMPLETE_TECHNICAL_RECORD.md,COMPLETE,ALL_VERIFICATION_COMPELETED_SUMMARY_PROFESSOR_CLEANED_CODEX_RECORDED(1).zip,744a348bda13e3f6a8adafcca9411bd2ffb717b7fe016c2341a159a574a85389,ALL VERIFICATION COMPELETED SUMMARY/MLK_ZEROIZE_CBMC_CAMPAIGN_COMPLETE_TECHNICAL_RECORD.md,b229b806d289a72fe56a4a9dc8c523aabd1c4064bcf95738d43dd47a009235ef,RESOLVED,1,reports/MLK_ZEROIZE_CBMC_CAMPAIGN_COMPLETE_TECHNICAL_RECORD.md,b229b806d289a72fe56a4a9dc8c523aabd1c4064bcf95738d43dd47a009235ef,RESOLVED_HASH_MATCH,1
PR-C09-008,9,UNASSISTED,mlk_zeroize,ZERO-T3.P1,Idempotence,Memory-state/frame,af4c5abdd5958bdc65a03cd5ee86708264f93304,ML-KEM-768 build; bounded memory objects,Registered valid bounded objects and selected byte intervals,C abstract-machine memory model; valid pointer/size conditions,Z_I(Z_I(M))=Z_I(M),ZERO T1–T4 final harness assertion,SUPPORTED,YES,YES,SUPPORTED,8/8 selected mutants killed,The named source-level memory-state relation is supported.,"No universal physical-remanence, compiler-optimization or hardware-erasure conclusion.",LOC-C09-UA,ALL VERIFICATION COMPELETED SUMMARY/MLK_ZEROIZE_CBMC_CAMPAIGN_COMPLETE_TECHNICAL_RECORD.md,COMPLETE,ALL_VERIFICATION_COMPELETED_SUMMARY_PROFESSOR_CLEANED_CODEX_RECORDED(1).zip,744a348bda13e3f6a8adafcca9411bd2ffb717b7fe016c2341a159a574a85389,ALL VERIFICATION COMPELETED SUMMARY/MLK_ZEROIZE_CBMC_CAMPAIGN_COMPLETE_TECHNICAL_RECORD.md,b229b806d289a72fe56a4a9dc8c523aabd1c4064bcf95738d43dd47a009235ef,RESOLVED,1,reports/MLK_ZEROIZE_CBMC_CAMPAIGN_COMPLETE_TECHNICAL_RECORD.md,b229b806d289a72fe56a4a9dc8c523aabd1c4064bcf95738d43dd47a009235ef,RESOLVED_HASH_MATCH,1
PR-C09-009,9,UNASSISTED,mlk_zeroize,ZERO-T3.P2,Adjacent partition equivalence,Memory-state/frame,af4c5abdd5958bdc65a03cd5ee86708264f93304,ML-KEM-768 build; bounded memory objects,Registered valid bounded objects and selected byte intervals,C abstract-machine memory model; valid pointer/size conditions,"Z_[a,b)(Z_[b,c)(M))=Z_[a,c)(M)",ZERO T1–T4 final harness assertion,SUPPORTED,YES,YES,SUPPORTED,8/8 selected mutants killed,The named source-level memory-state relation is supported.,"No universal physical-remanence, compiler-optimization or hardware-erasure conclusion.",LOC-C09-UA,ALL VERIFICATION COMPELETED SUMMARY/MLK_ZEROIZE_CBMC_CAMPAIGN_COMPLETE_TECHNICAL_RECORD.md,COMPLETE,ALL_VERIFICATION_COMPELETED_SUMMARY_PROFESSOR_CLEANED_CODEX_RECORDED(1).zip,744a348bda13e3f6a8adafcca9411bd2ffb717b7fe016c2341a159a574a85389,ALL VERIFICATION COMPELETED SUMMARY/MLK_ZEROIZE_CBMC_CAMPAIGN_COMPLETE_TECHNICAL_RECORD.md,b229b806d289a72fe56a4a9dc8c523aabd1c4064bcf95738d43dd47a009235ef,RESOLVED,1,reports/MLK_ZEROIZE_CBMC_CAMPAIGN_COMPLETE_TECHNICAL_RECORD.md,b229b806d289a72fe56a4a9dc8c523aabd1c4064bcf95738d43dd47a009235ef,RESOLVED_HASH_MATCH,1
PR-C09-010,9,UNASSISTED,mlk_zeroize,ZERO-T3.P3,Disjoint wipe commutativity,Memory-state/frame,af4c5abdd5958bdc65a03cd5ee86708264f93304,ML-KEM-768 build; bounded memory objects,Registered valid bounded objects and selected byte intervals,C abstract-machine memory model; valid pointer/size conditions,"Z_I(Z_J(M))=Z_J(Z_I(M)) for disjoint I,J",ZERO T1–T4 final harness assertion,SUPPORTED,YES,YES,SUPPORTED,8/8 selected mutants killed,The named source-level memory-state relation is supported.,"No universal physical-remanence, compiler-optimization or hardware-erasure conclusion.",LOC-C09-UA,ALL VERIFICATION COMPELETED SUMMARY/MLK_ZEROIZE_CBMC_CAMPAIGN_COMPLETE_TECHNICAL_RECORD.md,COMPLETE,ALL_VERIFICATION_COMPELETED_SUMMARY_PROFESSOR_CLEANED_CODEX_RECORDED(1).zip,744a348bda13e3f6a8adafcca9411bd2ffb717b7fe016c2341a159a574a85389,ALL VERIFICATION COMPELETED SUMMARY/MLK_ZEROIZE_CBMC_CAMPAIGN_COMPLETE_TECHNICAL_RECORD.md,b229b806d289a72fe56a4a9dc8c523aabd1c4064bcf95738d43dd47a009235ef,RESOLVED,1,reports/MLK_ZEROIZE_CBMC_CAMPAIGN_COMPLETE_TECHNICAL_RECORD.md,b229b806d289a72fe56a4a9dc8c523aabd1c4064bcf95738d43dd47a009235ef,RESOLVED_HASH_MATCH,1
PR-C09-011,9,UNASSISTED,mlk_zeroize,ZERO-T3.P4,Overlapping-union equivalence,Memory-state/frame,af4c5abdd5958bdc65a03cd5ee86708264f93304,ML-KEM-768 build; bounded memory objects,Registered valid bounded objects and selected byte intervals,C abstract-machine memory model; valid pointer/size conditions,sequential overlapping wipes equal wipe of interval union,ZERO T1–T4 final harness assertion,SUPPORTED,YES,YES,SUPPORTED,8/8 selected mutants killed,The named source-level memory-state relation is supported.,"No universal physical-remanence, compiler-optimization or hardware-erasure conclusion.",LOC-C09-UA,ALL VERIFICATION COMPELETED SUMMARY/MLK_ZEROIZE_CBMC_CAMPAIGN_COMPLETE_TECHNICAL_RECORD.md,COMPLETE,ALL_VERIFICATION_COMPELETED_SUMMARY_PROFESSOR_CLEANED_CODEX_RECORDED(1).zip,744a348bda13e3f6a8adafcca9411bd2ffb717b7fe016c2341a159a574a85389,ALL VERIFICATION COMPELETED SUMMARY/MLK_ZEROIZE_CBMC_CAMPAIGN_COMPLETE_TECHNICAL_RECORD.md,b229b806d289a72fe56a4a9dc8c523aabd1c4064bcf95738d43dd47a009235ef,RESOLVED,1,reports/MLK_ZEROIZE_CBMC_CAMPAIGN_COMPLETE_TECHNICAL_RECORD.md,b229b806d289a72fe56a4a9dc8c523aabd1c4064bcf95738d43dd47a009235ef,RESOLVED_HASH_MATCH,1
PR-C09-012,9,UNASSISTED,mlk_zeroize,ZERO-T4.P1,Default MLK_FREE full-allocation wipe,Memory-state/frame,af4c5abdd5958bdc65a03cd5ee86708264f93304,ML-KEM-768 build; bounded memory objects,Registered valid bounded objects and selected byte intervals,C abstract-machine memory model; valid pointer/size conditions,default release path observes all bytes of selected backing allocation zero,ZERO T1–T4 final harness assertion,SUPPORTED,YES,YES,SUPPORTED,8/8 selected mutants killed,The named source-level memory-state relation is supported.,"No universal physical-remanence, compiler-optimization or hardware-erasure conclusion.",LOC-C09-UA,ALL VERIFICATION COMPELETED SUMMARY/MLK_ZEROIZE_CBMC_CAMPAIGN_COMPLETE_TECHNICAL_RECORD.md,COMPLETE,ALL_VERIFICATION_COMPELETED_SUMMARY_PROFESSOR_CLEANED_CODEX_RECORDED(1).zip,744a348bda13e3f6a8adafcca9411bd2ffb717b7fe016c2341a159a574a85389,ALL VERIFICATION COMPELETED SUMMARY/MLK_ZEROIZE_CBMC_CAMPAIGN_COMPLETE_TECHNICAL_RECORD.md,b229b806d289a72fe56a4a9dc8c523aabd1c4064bcf95738d43dd47a009235ef,RESOLVED,1,reports/MLK_ZEROIZE_CBMC_CAMPAIGN_COMPLETE_TECHNICAL_RECORD.md,b229b806d289a72fe56a4a9dc8c523aabd1c4064bcf95738d43dd47a009235ef,RESOLVED_HASH_MATCH,1
PR-C09-013,9,UNASSISTED,mlk_zeroize,ZERO-T4.P2,Pointer reset,Memory-state/frame,af4c5abdd5958bdc65a03cd5ee86708264f93304,ML-KEM-768 build; bounded memory objects,Registered valid bounded objects and selected byte intervals,C abstract-machine memory model; valid pointer/size conditions,released pointer is set to NULL,ZERO T1–T4 final harness assertion,SUPPORTED,YES,YES,SUPPORTED,8/8 selected mutants killed,The named source-level memory-state relation is supported.,"No universal physical-remanence, compiler-optimization or hardware-erasure conclusion.",LOC-C09-UA,ALL VERIFICATION COMPELETED SUMMARY/MLK_ZEROIZE_CBMC_CAMPAIGN_COMPLETE_TECHNICAL_RECORD.md,COMPLETE,ALL_VERIFICATION_COMPELETED_SUMMARY_PROFESSOR_CLEANED_CODEX_RECORDED(1).zip,744a348bda13e3f6a8adafcca9411bd2ffb717b7fe016c2341a159a574a85389,ALL VERIFICATION COMPELETED SUMMARY/MLK_ZEROIZE_CBMC_CAMPAIGN_COMPLETE_TECHNICAL_RECORD.md,b229b806d289a72fe56a4a9dc8c523aabd1c4064bcf95738d43dd47a009235ef,RESOLVED,1,reports/MLK_ZEROIZE_CBMC_CAMPAIGN_COMPLETE_TECHNICAL_RECORD.md,b229b806d289a72fe56a4a9dc8c523aabd1c4064bcf95738d43dd47a009235ef,RESOLVED_HASH_MATCH,1
PR-C09-014,9,UNASSISTED,mlk_zeroize,ZERO-T4.P3,Custom-free zero observation,Memory-state/frame,af4c5abdd5958bdc65a03cd5ee86708264f93304,ML-KEM-768 build; bounded memory objects,Registered valid bounded objects and selected byte intervals,C abstract-machine memory model; valid pointer/size conditions,custom free observer sees all-zero selected object,ZERO T1–T4 final harness assertion,SUPPORTED,YES,YES,SUPPORTED,8/8 selected mutants killed,The named source-level memory-state relation is supported.,"No universal physical-remanence, compiler-optimization or hardware-erasure conclusion.",LOC-C09-UA,ALL VERIFICATION COMPELETED SUMMARY/MLK_ZEROIZE_CBMC_CAMPAIGN_COMPLETE_TECHNICAL_RECORD.md,COMPLETE,ALL_VERIFICATION_COMPELETED_SUMMARY_PROFESSOR_CLEANED_CODEX_RECORDED(1).zip,744a348bda13e3f6a8adafcca9411bd2ffb717b7fe016c2341a159a574a85389,ALL VERIFICATION COMPELETED SUMMARY/MLK_ZEROIZE_CBMC_CAMPAIGN_COMPLETE_TECHNICAL_RECORD.md,b229b806d289a72fe56a4a9dc8c523aabd1c4064bcf95738d43dd47a009235ef,RESOLVED,1,reports/MLK_ZEROIZE_CBMC_CAMPAIGN_COMPLETE_TECHNICAL_RECORD.md,b229b806d289a72fe56a4a9dc8c523aabd1c4064bcf95738d43dd47a009235ef,RESOLVED_HASH_MATCH,1
PR-C09-015,9,UNASSISTED,mlk_zeroize,ZERO-T4.P4,Custom free called once for non-null,Memory-state/frame,af4c5abdd5958bdc65a03cd5ee86708264f93304,ML-KEM-768 build; bounded memory objects,Registered valid bounded objects and selected byte intervals,C abstract-machine memory model; valid pointer/size conditions,non-null release invokes custom free exactly once,ZERO T1–T4 final harness assertion,SUPPORTED,YES,YES,SUPPORTED,8/8 selected mutants killed,The named source-level memory-state relation is supported.,"No universal physical-remanence, compiler-optimization or hardware-erasure conclusion.",LOC-C09-UA,ALL VERIFICATION COMPELETED SUMMARY/MLK_ZEROIZE_CBMC_CAMPAIGN_COMPLETE_TECHNICAL_RECORD.md,COMPLETE,ALL_VERIFICATION_COMPELETED_SUMMARY_PROFESSOR_CLEANED_CODEX_RECORDED(1).zip,744a348bda13e3f6a8adafcca9411bd2ffb717b7fe016c2341a159a574a85389,ALL VERIFICATION COMPELETED SUMMARY/MLK_ZEROIZE_CBMC_CAMPAIGN_COMPLETE_TECHNICAL_RECORD.md,b229b806d289a72fe56a4a9dc8c523aabd1c4064bcf95738d43dd47a009235ef,RESOLVED,1,reports/MLK_ZEROIZE_CBMC_CAMPAIGN_COMPLETE_TECHNICAL_RECORD.md,b229b806d289a72fe56a4a9dc8c523aabd1c4064bcf95738d43dd47a009235ef,RESOLVED_HASH_MATCH,1
PR-C09-016,9,UNASSISTED,mlk_zeroize,ZERO-T4.P5,Custom free not called for null,Memory-state/frame,af4c5abdd5958bdc65a03cd5ee86708264f93304,ML-KEM-768 build; bounded memory objects,Registered valid bounded objects and selected byte intervals,C abstract-machine memory model; valid pointer/size conditions,null release does not invoke custom free,ZERO T1–T4 final harness assertion,SUPPORTED,YES,YES,SUPPORTED,8/8 selected mutants killed,The named source-level memory-state relation is supported.,"No universal physical-remanence, compiler-optimization or hardware-erasure conclusion.",LOC-C09-UA,ALL VERIFICATION COMPELETED SUMMARY/MLK_ZEROIZE_CBMC_CAMPAIGN_COMPLETE_TECHNICAL_RECORD.md,COMPLETE,ALL_VERIFICATION_COMPELETED_SUMMARY_PROFESSOR_CLEANED_CODEX_RECORDED(1).zip,744a348bda13e3f6a8adafcca9411bd2ffb717b7fe016c2341a159a574a85389,ALL VERIFICATION COMPELETED SUMMARY/MLK_ZEROIZE_CBMC_CAMPAIGN_COMPLETE_TECHNICAL_RECORD.md,b229b806d289a72fe56a4a9dc8c523aabd1c4064bcf95738d43dd47a009235ef,RESOLVED,1,reports/MLK_ZEROIZE_CBMC_CAMPAIGN_COMPLETE_TECHNICAL_RECORD.md,b229b806d289a72fe56a4a9dc8c523aabd1c4064bcf95738d43dd47a009235ef,RESOLVED_HASH_MATCH,1
PR-C10-001,10,UNASSISTED,mlk_poly_tobytes,PBYTES-T1.P1,First output byte,Serialization/representation,af4c5abdd5958bdc65a03cd5ee86708264f93304,ML-KEM-768,Canonical coefficients 0..3328; 256 coefficients; 384-byte output,"Valid, separately modelled objects unless an alias diagnostic explicitly states otherwise; unchanged production target; complete registered loop unwinding.",out[3i]=c0 mod 256,PBYTES T1–T4 final harness assertion,SUPPORTED,YES,YES,SUPPORTED,17 selected mutants killed; 14 insufficient-unwind controls rejected,"The named exact encoding, boundary, image or injectivity relation is supported.",1046 emitted CBMC records are not 1046 independent scientific claims; no non-canonical-input claim.,LOC-C10-UA,ALL VERIFICATION COMPELETED SUMMARY/MLK_POLY_TOBYTES_CBMC_CAMPAIGN_A_TO_Z.md,COMPLETE,ALL_VERIFICATION_COMPELETED_SUMMARY_PROFESSOR_CLEANED_CODEX_RECORDED(1).zip,744a348bda13e3f6a8adafcca9411bd2ffb717b7fe016c2341a159a574a85389,ALL VERIFICATION COMPELETED SUMMARY/MLK_POLY_TOBYTES_CBMC_CAMPAIGN_A_TO_Z.md,327f7c2c4bf2b4ee343ffbe6c14ce6d29ada1f09cb1c58d6527f2123553b48d8,RESOLVED,1,reports/MLK_POLY_TOBYTES_CBMC_CAMPAIGN_A_TO_Z.md,327f7c2c4bf2b4ee343ffbe6c14ce6d29ada1f09cb1c58d6527f2123553b48d8,RESOLVED_HASH_MATCH,1
PR-C10-002,10,UNASSISTED,mlk_poly_tobytes,PBYTES-T1.P2,Middle-byte low nibble,Serialization/representation,af4c5abdd5958bdc65a03cd5ee86708264f93304,ML-KEM-768,Canonical coefficients 0..3328; 256 coefficients; 384-byte output,"Valid, separately modelled objects unless an alias diagnostic explicitly states otherwise; unchanged production target; complete registered loop unwinding.",out[3i+1]&15=floor(c0/256),PBYTES T1–T4 final harness assertion,SUPPORTED,YES,YES,SUPPORTED,17 selected mutants killed; 14 insufficient-unwind controls rejected,"The named exact encoding, boundary, image or injectivity relation is supported.",1046 emitted CBMC records are not 1046 independent scientific claims; no non-canonical-input claim.,LOC-C10-UA,ALL VERIFICATION COMPELETED SUMMARY/MLK_POLY_TOBYTES_CBMC_CAMPAIGN_A_TO_Z.md,COMPLETE,ALL_VERIFICATION_COMPELETED_SUMMARY_PROFESSOR_CLEANED_CODEX_RECORDED(1).zip,744a348bda13e3f6a8adafcca9411bd2ffb717b7fe016c2341a159a574a85389,ALL VERIFICATION COMPELETED SUMMARY/MLK_POLY_TOBYTES_CBMC_CAMPAIGN_A_TO_Z.md,327f7c2c4bf2b4ee343ffbe6c14ce6d29ada1f09cb1c58d6527f2123553b48d8,RESOLVED,1,reports/MLK_POLY_TOBYTES_CBMC_CAMPAIGN_A_TO_Z.md,327f7c2c4bf2b4ee343ffbe6c14ce6d29ada1f09cb1c58d6527f2123553b48d8,RESOLVED_HASH_MATCH,1
PR-C10-003,10,UNASSISTED,mlk_poly_tobytes,PBYTES-T1.P3,Middle-byte high nibble,Serialization/representation,af4c5abdd5958bdc65a03cd5ee86708264f93304,ML-KEM-768,Canonical coefficients 0..3328; 256 coefficients; 384-byte output,"Valid, separately modelled objects unless an alias diagnostic explicitly states otherwise; unchanged production target; complete registered loop unwinding.",out[3i+1]>>4=c1 mod 16,PBYTES T1–T4 final harness assertion,SUPPORTED,YES,YES,SUPPORTED,17 selected mutants killed; 14 insufficient-unwind controls rejected,"The named exact encoding, boundary, image or injectivity relation is supported.",1046 emitted CBMC records are not 1046 independent scientific claims; no non-canonical-input claim.,LOC-C10-UA,ALL VERIFICATION COMPELETED SUMMARY/MLK_POLY_TOBYTES_CBMC_CAMPAIGN_A_TO_Z.md,COMPLETE,ALL_VERIFICATION_COMPELETED_SUMMARY_PROFESSOR_CLEANED_CODEX_RECORDED(1).zip,744a348bda13e3f6a8adafcca9411bd2ffb717b7fe016c2341a159a574a85389,ALL VERIFICATION COMPELETED SUMMARY/MLK_POLY_TOBYTES_CBMC_CAMPAIGN_A_TO_Z.md,327f7c2c4bf2b4ee343ffbe6c14ce6d29ada1f09cb1c58d6527f2123553b48d8,RESOLVED,1,reports/MLK_POLY_TOBYTES_CBMC_CAMPAIGN_A_TO_Z.md,327f7c2c4bf2b4ee343ffbe6c14ce6d29ada1f09cb1c58d6527f2123553b48d8,RESOLVED_HASH_MATCH,1
PR-C10-004,10,UNASSISTED,mlk_poly_tobytes,PBYTES-T1.P4,Third output byte,Serialization/representation,af4c5abdd5958bdc65a03cd5ee86708264f93304,ML-KEM-768,Canonical coefficients 0..3328; 256 coefficients; 384-byte output,"Valid, separately modelled objects unless an alias diagnostic explicitly states otherwise; unchanged production target; complete registered loop unwinding.",out[3i+2]=floor(c1/16),PBYTES T1–T4 final harness assertion,SUPPORTED,YES,YES,SUPPORTED,17 selected mutants killed; 14 insufficient-unwind controls rejected,"The named exact encoding, boundary, image or injectivity relation is supported.",1046 emitted CBMC records are not 1046 independent scientific claims; no non-canonical-input claim.,LOC-C10-UA,ALL VERIFICATION COMPELETED SUMMARY/MLK_POLY_TOBYTES_CBMC_CAMPAIGN_A_TO_Z.md,COMPLETE,ALL_VERIFICATION_COMPELETED_SUMMARY_PROFESSOR_CLEANED_CODEX_RECORDED(1).zip,744a348bda13e3f6a8adafcca9411bd2ffb717b7fe016c2341a159a574a85389,ALL VERIFICATION COMPELETED SUMMARY/MLK_POLY_TOBYTES_CBMC_CAMPAIGN_A_TO_Z.md,327f7c2c4bf2b4ee343ffbe6c14ce6d29ada1f09cb1c58d6527f2123553b48d8,RESOLVED,1,reports/MLK_POLY_TOBYTES_CBMC_CAMPAIGN_A_TO_Z.md,327f7c2c4bf2b4ee343ffbe6c14ce6d29ada1f09cb1c58d6527f2123553b48d8,RESOLVED_HASH_MATCH,1
PR-C10-005,10,UNASSISTED,mlk_poly_tobytes,PBYTES-T1.P5,24-bit packed-word equality,Serialization/representation,af4c5abdd5958bdc65a03cd5ee86708264f93304,ML-KEM-768,Canonical coefficients 0..3328; 256 coefficients; 384-byte output,"Valid, separately modelled objects unless an alias diagnostic explicitly states otherwise; unchanged production target; complete registered loop unwinding.",out_block_as_u24=c0+4096*c1,PBYTES T1–T4 final harness assertion,SUPPORTED,YES,YES,SUPPORTED,17 selected mutants killed; 14 insufficient-unwind controls rejected,"The named exact encoding, boundary, image or injectivity relation is supported.",1046 emitted CBMC records are not 1046 independent scientific claims; no non-canonical-input claim.,LOC-C10-UA,ALL VERIFICATION COMPELETED SUMMARY/MLK_POLY_TOBYTES_CBMC_CAMPAIGN_A_TO_Z.md,COMPLETE,ALL_VERIFICATION_COMPELETED_SUMMARY_PROFESSOR_CLEANED_CODEX_RECORDED(1).zip,744a348bda13e3f6a8adafcca9411bd2ffb717b7fe016c2341a159a574a85389,ALL VERIFICATION COMPELETED SUMMARY/MLK_POLY_TOBYTES_CBMC_CAMPAIGN_A_TO_Z.md,327f7c2c4bf2b4ee343ffbe6c14ce6d29ada1f09cb1c58d6527f2123553b48d8,RESOLVED,1,reports/MLK_POLY_TOBYTES_CBMC_CAMPAIGN_A_TO_Z.md,327f7c2c4bf2b4ee343ffbe6c14ce6d29ada1f09cb1c58d6527f2123553b48d8,RESOLVED_HASH_MATCH,1
PR-C10-006,10,UNASSISTED,mlk_poly_tobytes,PBYTES-T1.P6,Full 384-byte oracle equality,Serialization/representation,af4c5abdd5958bdc65a03cd5ee86708264f93304,ML-KEM-768,Canonical coefficients 0..3328; 256 coefficients; 384-byte output,"Valid, separately modelled objects unless an alias diagnostic explicitly states otherwise; unchanged production target; complete registered loop unwinding.",all output bytes equal the independent arithmetic encoder,PBYTES T1–T4 final harness assertion,SUPPORTED,YES,YES,SUPPORTED,17 selected mutants killed; 14 insufficient-unwind controls rejected,"The named exact encoding, boundary, image or injectivity relation is supported.",1046 emitted CBMC records are not 1046 independent scientific claims; no non-canonical-input claim.,LOC-C10-UA,ALL VERIFICATION COMPELETED SUMMARY/MLK_POLY_TOBYTES_CBMC_CAMPAIGN_A_TO_Z.md,COMPLETE,ALL_VERIFICATION_COMPELETED_SUMMARY_PROFESSOR_CLEANED_CODEX_RECORDED(1).zip,744a348bda13e3f6a8adafcca9411bd2ffb717b7fe016c2341a159a574a85389,ALL VERIFICATION COMPELETED SUMMARY/MLK_POLY_TOBYTES_CBMC_CAMPAIGN_A_TO_Z.md,327f7c2c4bf2b4ee343ffbe6c14ce6d29ada1f09cb1c58d6527f2123553b48d8,RESOLVED,1,reports/MLK_POLY_TOBYTES_CBMC_CAMPAIGN_A_TO_Z.md,327f7c2c4bf2b4ee343ffbe6c14ce6d29ada1f09cb1c58d6527f2123553b48d8,RESOLVED_HASH_MATCH,1
PR-C10-007,10,UNASSISTED,mlk_poly_tobytes,PBYTES-T2.P1,Even-field no-carry boundary,Serialization/representation,af4c5abdd5958bdc65a03cd5ee86708264f93304,ML-KEM-768,Canonical coefficients 0..3328; 256 coefficients; 384-byte output,"Valid, separately modelled objects unless an alias diagnostic explicitly states otherwise; unchanged production target; complete registered loop unwinding.",registered even-coefficient no-carry relation,PBYTES T1–T4 final harness assertion,SUPPORTED,YES,YES,SUPPORTED,17 selected mutants killed; 14 insufficient-unwind controls rejected,"The named exact encoding, boundary, image or injectivity relation is supported.",1046 emitted CBMC records are not 1046 independent scientific claims; no non-canonical-input claim.,LOC-C10-UA,ALL VERIFICATION COMPELETED SUMMARY/MLK_POLY_TOBYTES_CBMC_CAMPAIGN_A_TO_Z.md,COMPLETE,ALL_VERIFICATION_COMPELETED_SUMMARY_PROFESSOR_CLEANED_CODEX_RECORDED(1).zip,744a348bda13e3f6a8adafcca9411bd2ffb717b7fe016c2341a159a574a85389,ALL VERIFICATION COMPELETED SUMMARY/MLK_POLY_TOBYTES_CBMC_CAMPAIGN_A_TO_Z.md,327f7c2c4bf2b4ee343ffbe6c14ce6d29ada1f09cb1c58d6527f2123553b48d8,RESOLVED,1,reports/MLK_POLY_TOBYTES_CBMC_CAMPAIGN_A_TO_Z.md,327f7c2c4bf2b4ee343ffbe6c14ce6d29ada1f09cb1c58d6527f2123553b48d8,RESOLVED_HASH_MATCH,1
PR-C10-008,10,UNASSISTED,mlk_poly_tobytes,PBYTES-T2.P2,Even 255-to-256 carry boundary,Serialization/representation,af4c5abdd5958bdc65a03cd5ee86708264f93304,ML-KEM-768,Canonical coefficients 0..3328; 256 coefficients; 384-byte output,"Valid, separately modelled objects unless an alias diagnostic explicitly states otherwise; unchanged production target; complete registered loop unwinding.",registered even-coefficient carry relation,PBYTES T1–T4 final harness assertion,SUPPORTED,YES,YES,SUPPORTED,17 selected mutants killed; 14 insufficient-unwind controls rejected,"The named exact encoding, boundary, image or injectivity relation is supported.",1046 emitted CBMC records are not 1046 independent scientific claims; no non-canonical-input claim.,LOC-C10-UA,ALL VERIFICATION COMPELETED SUMMARY/MLK_POLY_TOBYTES_CBMC_CAMPAIGN_A_TO_Z.md,COMPLETE,ALL_VERIFICATION_COMPELETED_SUMMARY_PROFESSOR_CLEANED_CODEX_RECORDED(1).zip,744a348bda13e3f6a8adafcca9411bd2ffb717b7fe016c2341a159a574a85389,ALL VERIFICATION COMPELETED SUMMARY/MLK_POLY_TOBYTES_CBMC_CAMPAIGN_A_TO_Z.md,327f7c2c4bf2b4ee343ffbe6c14ce6d29ada1f09cb1c58d6527f2123553b48d8,RESOLVED,1,reports/MLK_POLY_TOBYTES_CBMC_CAMPAIGN_A_TO_Z.md,327f7c2c4bf2b4ee343ffbe6c14ce6d29ada1f09cb1c58d6527f2123553b48d8,RESOLVED_HASH_MATCH,1
PR-C10-009,10,UNASSISTED,mlk_poly_tobytes,PBYTES-T2.P3,Odd-field no-nibble-carry boundary,Serialization/representation,af4c5abdd5958bdc65a03cd5ee86708264f93304,ML-KEM-768,Canonical coefficients 0..3328; 256 coefficients; 384-byte output,"Valid, separately modelled objects unless an alias diagnostic explicitly states otherwise; unchanged production target; complete registered loop unwinding.",registered odd-coefficient no-carry relation,PBYTES T1–T4 final harness assertion,SUPPORTED,YES,YES,SUPPORTED,17 selected mutants killed; 14 insufficient-unwind controls rejected,"The named exact encoding, boundary, image or injectivity relation is supported.",1046 emitted CBMC records are not 1046 independent scientific claims; no non-canonical-input claim.,LOC-C10-UA,ALL VERIFICATION COMPELETED SUMMARY/MLK_POLY_TOBYTES_CBMC_CAMPAIGN_A_TO_Z.md,COMPLETE,ALL_VERIFICATION_COMPELETED_SUMMARY_PROFESSOR_CLEANED_CODEX_RECORDED(1).zip,744a348bda13e3f6a8adafcca9411bd2ffb717b7fe016c2341a159a574a85389,ALL VERIFICATION COMPELETED SUMMARY/MLK_POLY_TOBYTES_CBMC_CAMPAIGN_A_TO_Z.md,327f7c2c4bf2b4ee343ffbe6c14ce6d29ada1f09cb1c58d6527f2123553b48d8,RESOLVED,1,reports/MLK_POLY_TOBYTES_CBMC_CAMPAIGN_A_TO_Z.md,327f7c2c4bf2b4ee343ffbe6c14ce6d29ada1f09cb1c58d6527f2123553b48d8,RESOLVED_HASH_MATCH,1
PR-C10-010,10,UNASSISTED,mlk_poly_tobytes,PBYTES-T2.P4,Odd 15-to-16 nibble carry boundary,Serialization/representation,af4c5abdd5958bdc65a03cd5ee86708264f93304,ML-KEM-768,Canonical coefficients 0..3328; 256 coefficients; 384-byte output,"Valid, separately modelled objects unless an alias diagnostic explicitly states otherwise; unchanged production target; complete registered loop unwinding.",registered odd-coefficient carry relation,PBYTES T1–T4 final harness assertion,SUPPORTED,YES,YES,SUPPORTED,17 selected mutants killed; 14 insufficient-unwind controls rejected,"The named exact encoding, boundary, image or injectivity relation is supported.",1046 emitted CBMC records are not 1046 independent scientific claims; no non-canonical-input claim.,LOC-C10-UA,ALL VERIFICATION COMPELETED SUMMARY/MLK_POLY_TOBYTES_CBMC_CAMPAIGN_A_TO_Z.md,COMPLETE,ALL_VERIFICATION_COMPELETED_SUMMARY_PROFESSOR_CLEANED_CODEX_RECORDED(1).zip,744a348bda13e3f6a8adafcca9411bd2ffb717b7fe016c2341a159a574a85389,ALL VERIFICATION COMPELETED SUMMARY/MLK_POLY_TOBYTES_CBMC_CAMPAIGN_A_TO_Z.md,327f7c2c4bf2b4ee343ffbe6c14ce6d29ada1f09cb1c58d6527f2123553b48d8,RESOLVED,1,reports/MLK_POLY_TOBYTES_CBMC_CAMPAIGN_A_TO_Z.md,327f7c2c4bf2b4ee343ffbe6c14ce6d29ada1f09cb1c58d6527f2123553b48d8,RESOLVED_HASH_MATCH,1
PR-C10-011,10,UNASSISTED,mlk_poly_tobytes,PBYTES-T3.P1,Produced even field canonical,Serialization/representation,af4c5abdd5958bdc65a03cd5ee86708264f93304,ML-KEM-768,Canonical coefficients 0..3328; 256 coefficients; 384-byte output,"Valid, separately modelled objects unless an alias diagnostic explicitly states otherwise; unchanged production target; complete registered loop unwinding.",decoded even 12-bit field < q,PBYTES T1–T4 final harness assertion,SUPPORTED,YES,YES,SUPPORTED,17 selected mutants killed; 14 insufficient-unwind controls rejected,"The named exact encoding, boundary, image or injectivity relation is supported.",1046 emitted CBMC records are not 1046 independent scientific claims; no non-canonical-input claim.,LOC-C10-UA,ALL VERIFICATION COMPELETED SUMMARY/MLK_POLY_TOBYTES_CBMC_CAMPAIGN_A_TO_Z.md,COMPLETE,ALL_VERIFICATION_COMPELETED_SUMMARY_PROFESSOR_CLEANED_CODEX_RECORDED(1).zip,744a348bda13e3f6a8adafcca9411bd2ffb717b7fe016c2341a159a574a85389,ALL VERIFICATION COMPELETED SUMMARY/MLK_POLY_TOBYTES_CBMC_CAMPAIGN_A_TO_Z.md,327f7c2c4bf2b4ee343ffbe6c14ce6d29ada1f09cb1c58d6527f2123553b48d8,RESOLVED,1,reports/MLK_POLY_TOBYTES_CBMC_CAMPAIGN_A_TO_Z.md,327f7c2c4bf2b4ee343ffbe6c14ce6d29ada1f09cb1c58d6527f2123553b48d8,RESOLVED_HASH_MATCH,1
PR-C10-012,10,UNASSISTED,mlk_poly_tobytes,PBYTES-T3.P2,Produced odd field canonical,Serialization/representation,af4c5abdd5958bdc65a03cd5ee86708264f93304,ML-KEM-768,Canonical coefficients 0..3328; 256 coefficients; 384-byte output,"Valid, separately modelled objects unless an alias diagnostic explicitly states otherwise; unchanged production target; complete registered loop unwinding.",decoded odd 12-bit field < q,PBYTES T1–T4 final harness assertion,SUPPORTED,YES,YES,SUPPORTED,17 selected mutants killed; 14 insufficient-unwind controls rejected,"The named exact encoding, boundary, image or injectivity relation is supported.",1046 emitted CBMC records are not 1046 independent scientific claims; no non-canonical-input claim.,LOC-C10-UA,ALL VERIFICATION COMPELETED SUMMARY/MLK_POLY_TOBYTES_CBMC_CAMPAIGN_A_TO_Z.md,COMPLETE,ALL_VERIFICATION_COMPELETED_SUMMARY_PROFESSOR_CLEANED_CODEX_RECORDED(1).zip,744a348bda13e3f6a8adafcca9411bd2ffb717b7fe016c2341a159a574a85389,ALL VERIFICATION COMPELETED SUMMARY/MLK_POLY_TOBYTES_CBMC_CAMPAIGN_A_TO_Z.md,327f7c2c4bf2b4ee343ffbe6c14ce6d29ada1f09cb1c58d6527f2123553b48d8,RESOLVED,1,reports/MLK_POLY_TOBYTES_CBMC_CAMPAIGN_A_TO_Z.md,327f7c2c4bf2b4ee343ffbe6c14ce6d29ada1f09cb1c58d6527f2123553b48d8,RESOLVED_HASH_MATCH,1
PR-C10-013,10,UNASSISTED,mlk_poly_tobytes,PBYTES-T3.P3,Every canonical block realizable,Serialization/representation,af4c5abdd5958bdc65a03cd5ee86708264f93304,ML-KEM-768,Canonical coefficients 0..3328; 256 coefficients; 384-byte output,"Valid, separately modelled objects unless an alias diagnostic explicitly states otherwise; unchanged production target; complete registered loop unwinding.","each pair c0,c1 in [0,q) has a produced 24-bit block",PBYTES T1–T4 final harness assertion,SUPPORTED,YES,YES,SUPPORTED,17 selected mutants killed; 14 insufficient-unwind controls rejected,"The named exact encoding, boundary, image or injectivity relation is supported.",1046 emitted CBMC records are not 1046 independent scientific claims; no non-canonical-input claim.,LOC-C10-UA,ALL VERIFICATION COMPELETED SUMMARY/MLK_POLY_TOBYTES_CBMC_CAMPAIGN_A_TO_Z.md,COMPLETE,ALL_VERIFICATION_COMPELETED_SUMMARY_PROFESSOR_CLEANED_CODEX_RECORDED(1).zip,744a348bda13e3f6a8adafcca9411bd2ffb717b7fe016c2341a159a574a85389,ALL VERIFICATION COMPELETED SUMMARY/MLK_POLY_TOBYTES_CBMC_CAMPAIGN_A_TO_Z.md,327f7c2c4bf2b4ee343ffbe6c14ce6d29ada1f09cb1c58d6527f2123553b48d8,RESOLVED,1,reports/MLK_POLY_TOBYTES_CBMC_CAMPAIGN_A_TO_Z.md,327f7c2c4bf2b4ee343ffbe6c14ce6d29ada1f09cb1c58d6527f2123553b48d8,RESOLVED_HASH_MATCH,1
PR-C10-014,10,UNASSISTED,mlk_poly_tobytes,PBYTES-T3.P4,Invalid-field block not realizable,Serialization/representation,af4c5abdd5958bdc65a03cd5ee86708264f93304,ML-KEM-768,Canonical coefficients 0..3328; 256 coefficients; 384-byte output,"Valid, separately modelled objects unless an alias diagnostic explicitly states otherwise; unchanged production target; complete registered loop unwinding.",a 24-bit block with either decoded field >=q is outside the encoder image,PBYTES T1–T4 final harness assertion,SUPPORTED,YES,YES,SUPPORTED,17 selected mutants killed; 14 insufficient-unwind controls rejected,"The named exact encoding, boundary, image or injectivity relation is supported.",1046 emitted CBMC records are not 1046 independent scientific claims; no non-canonical-input claim.,LOC-C10-UA,ALL VERIFICATION COMPELETED SUMMARY/MLK_POLY_TOBYTES_CBMC_CAMPAIGN_A_TO_Z.md,COMPLETE,ALL_VERIFICATION_COMPELETED_SUMMARY_PROFESSOR_CLEANED_CODEX_RECORDED(1).zip,744a348bda13e3f6a8adafcca9411bd2ffb717b7fe016c2341a159a574a85389,ALL VERIFICATION COMPELETED SUMMARY/MLK_POLY_TOBYTES_CBMC_CAMPAIGN_A_TO_Z.md,327f7c2c4bf2b4ee343ffbe6c14ce6d29ada1f09cb1c58d6527f2123553b48d8,RESOLVED,1,reports/MLK_POLY_TOBYTES_CBMC_CAMPAIGN_A_TO_Z.md,327f7c2c4bf2b4ee343ffbe6c14ce6d29ada1f09cb1c58d6527f2123553b48d8,RESOLVED_HASH_MATCH,1
PR-C10-015,10,UNASSISTED,mlk_poly_tobytes,PBYTES-T3.P5,Full-array image characterization,Serialization/representation,af4c5abdd5958bdc65a03cd5ee86708264f93304,ML-KEM-768,Canonical coefficients 0..3328; 256 coefficients; 384-byte output,"Valid, separately modelled objects unless an alias diagnostic explicitly states otherwise; unchanged production target; complete registered loop unwinding.",byte array is in image iff all 256 decoded fields are canonical,PBYTES T1–T4 final harness assertion,SUPPORTED,YES,YES,SUPPORTED,17 selected mutants killed; 14 insufficient-unwind controls rejected,"The named exact encoding, boundary, image or injectivity relation is supported.",1046 emitted CBMC records are not 1046 independent scientific claims; no non-canonical-input claim.,LOC-C10-UA,ALL VERIFICATION COMPELETED SUMMARY/MLK_POLY_TOBYTES_CBMC_CAMPAIGN_A_TO_Z.md,COMPLETE,ALL_VERIFICATION_COMPELETED_SUMMARY_PROFESSOR_CLEANED_CODEX_RECORDED(1).zip,744a348bda13e3f6a8adafcca9411bd2ffb717b7fe016c2341a159a574a85389,ALL VERIFICATION COMPELETED SUMMARY/MLK_POLY_TOBYTES_CBMC_CAMPAIGN_A_TO_Z.md,327f7c2c4bf2b4ee343ffbe6c14ce6d29ada1f09cb1c58d6527f2123553b48d8,RESOLVED,1,reports/MLK_POLY_TOBYTES_CBMC_CAMPAIGN_A_TO_Z.md,327f7c2c4bf2b4ee343ffbe6c14ce6d29ada1f09cb1c58d6527f2123553b48d8,RESOLVED_HASH_MATCH,1
PR-C10-016,10,UNASSISTED,mlk_poly_tobytes,PBYTES-T4.P1,Even coefficient recovery,Serialization/representation,af4c5abdd5958bdc65a03cd5ee86708264f93304,ML-KEM-768,Canonical coefficients 0..3328; 256 coefficients; 384-byte output,"Valid, separately modelled objects unless an alias diagnostic explicitly states otherwise; unchanged production target; complete registered loop unwinding.",decode(encode(p))[2i]=p[2i],PBYTES T1–T4 final harness assertion,SUPPORTED,YES,YES,SUPPORTED,17 selected mutants killed; 14 insufficient-unwind controls rejected,"The named exact encoding, boundary, image or injectivity relation is supported.",1046 emitted CBMC records are not 1046 independent scientific claims; no non-canonical-input claim.,LOC-C10-UA,ALL VERIFICATION COMPELETED SUMMARY/MLK_POLY_TOBYTES_CBMC_CAMPAIGN_A_TO_Z.md,COMPLETE,ALL_VERIFICATION_COMPELETED_SUMMARY_PROFESSOR_CLEANED_CODEX_RECORDED(1).zip,744a348bda13e3f6a8adafcca9411bd2ffb717b7fe016c2341a159a574a85389,ALL VERIFICATION COMPELETED SUMMARY/MLK_POLY_TOBYTES_CBMC_CAMPAIGN_A_TO_Z.md,327f7c2c4bf2b4ee343ffbe6c14ce6d29ada1f09cb1c58d6527f2123553b48d8,RESOLVED,1,reports/MLK_POLY_TOBYTES_CBMC_CAMPAIGN_A_TO_Z.md,327f7c2c4bf2b4ee343ffbe6c14ce6d29ada1f09cb1c58d6527f2123553b48d8,RESOLVED_HASH_MATCH,1
PR-C10-017,10,UNASSISTED,mlk_poly_tobytes,PBYTES-T4.P2,Odd coefficient recovery,Serialization/representation,af4c5abdd5958bdc65a03cd5ee86708264f93304,ML-KEM-768,Canonical coefficients 0..3328; 256 coefficients; 384-byte output,"Valid, separately modelled objects unless an alias diagnostic explicitly states otherwise; unchanged production target; complete registered loop unwinding.",decode(encode(p))[2i+1]=p[2i+1],PBYTES T1–T4 final harness assertion,SUPPORTED,YES,YES,SUPPORTED,17 selected mutants killed; 14 insufficient-unwind controls rejected,"The named exact encoding, boundary, image or injectivity relation is supported.",1046 emitted CBMC records are not 1046 independent scientific claims; no non-canonical-input claim.,LOC-C10-UA,ALL VERIFICATION COMPELETED SUMMARY/MLK_POLY_TOBYTES_CBMC_CAMPAIGN_A_TO_Z.md,COMPLETE,ALL_VERIFICATION_COMPELETED_SUMMARY_PROFESSOR_CLEANED_CODEX_RECORDED(1).zip,744a348bda13e3f6a8adafcca9411bd2ffb717b7fe016c2341a159a574a85389,ALL VERIFICATION COMPELETED SUMMARY/MLK_POLY_TOBYTES_CBMC_CAMPAIGN_A_TO_Z.md,327f7c2c4bf2b4ee343ffbe6c14ce6d29ada1f09cb1c58d6527f2123553b48d8,RESOLVED,1,reports/MLK_POLY_TOBYTES_CBMC_CAMPAIGN_A_TO_Z.md,327f7c2c4bf2b4ee343ffbe6c14ce6d29ada1f09cb1c58d6527f2123553b48d8,RESOLVED_HASH_MATCH,1
PR-C10-018,10,UNASSISTED,mlk_poly_tobytes,PBYTES-T4.P3,Block equality iff coefficient-pair equality,Serialization/representation,af4c5abdd5958bdc65a03cd5ee86708264f93304,ML-KEM-768,Canonical coefficients 0..3328; 256 coefficients; 384-byte output,"Valid, separately modelled objects unless an alias diagnostic explicitly states otherwise; unchanged production target; complete registered loop unwinding.",encoded 3-byte blocks equal iff their canonical coefficient pairs equal,PBYTES T1–T4 final harness assertion,SUPPORTED,YES,YES,SUPPORTED,17 selected mutants killed; 14 insufficient-unwind controls rejected,"The named exact encoding, boundary, image or injectivity relation is supported.",1046 emitted CBMC records are not 1046 independent scientific claims; no non-canonical-input claim.,LOC-C10-UA,ALL VERIFICATION COMPELETED SUMMARY/MLK_POLY_TOBYTES_CBMC_CAMPAIGN_A_TO_Z.md,COMPLETE,ALL_VERIFICATION_COMPELETED_SUMMARY_PROFESSOR_CLEANED_CODEX_RECORDED(1).zip,744a348bda13e3f6a8adafcca9411bd2ffb717b7fe016c2341a159a574a85389,ALL VERIFICATION COMPELETED SUMMARY/MLK_POLY_TOBYTES_CBMC_CAMPAIGN_A_TO_Z.md,327f7c2c4bf2b4ee343ffbe6c14ce6d29ada1f09cb1c58d6527f2123553b48d8,RESOLVED,1,reports/MLK_POLY_TOBYTES_CBMC_CAMPAIGN_A_TO_Z.md,327f7c2c4bf2b4ee343ffbe6c14ce6d29ada1f09cb1c58d6527f2123553b48d8,RESOLVED_HASH_MATCH,1
PR-C10-019,10,UNASSISTED,mlk_poly_tobytes,PBYTES-T4.P4,Full canonical-polynomial injectivity,Serialization/representation,af4c5abdd5958bdc65a03cd5ee86708264f93304,ML-KEM-768,Canonical coefficients 0..3328; 256 coefficients; 384-byte output,"Valid, separately modelled objects unless an alias diagnostic explicitly states otherwise; unchanged production target; complete registered loop unwinding.",tobytes(p)=tobytes(q) iff p=q for canonical polynomials,PBYTES T1–T4 final harness assertion,SUPPORTED,YES,YES,SUPPORTED,17 selected mutants killed; 14 insufficient-unwind controls rejected,"The named exact encoding, boundary, image or injectivity relation is supported.",1046 emitted CBMC records are not 1046 independent scientific claims; no non-canonical-input claim.,LOC-C10-UA,ALL VERIFICATION COMPELETED SUMMARY/MLK_POLY_TOBYTES_CBMC_CAMPAIGN_A_TO_Z.md,COMPLETE,ALL_VERIFICATION_COMPELETED_SUMMARY_PROFESSOR_CLEANED_CODEX_RECORDED(1).zip,744a348bda13e3f6a8adafcca9411bd2ffb717b7fe016c2341a159a574a85389,ALL VERIFICATION COMPELETED SUMMARY/MLK_POLY_TOBYTES_CBMC_CAMPAIGN_A_TO_Z.md,327f7c2c4bf2b4ee343ffbe6c14ce6d29ada1f09cb1c58d6527f2123553b48d8,RESOLVED,1,reports/MLK_POLY_TOBYTES_CBMC_CAMPAIGN_A_TO_Z.md,327f7c2c4bf2b4ee343ffbe6c14ce6d29ada1f09cb1c58d6527f2123553b48d8,RESOLVED_HASH_MATCH,1
PR-C11-001,11,UNASSISTED,mlk_poly_frombytes,PFB-T1.P1,Raw even 12-bit extraction,Raw deserialization/representation,af4c5abdd5958bdc65a03cd5ee86708264f93304,ML-KEM-768,"Arbitrary 384-byte input, or raw 12-bit coefficient domain 0..4095 for reverse direction","Valid, separately modelled objects unless an alias diagnostic explicitly states otherwise; unchanged production target; complete registered loop unwinding.",out[2i]=W_i mod 4096,PFB T1–T4 final harness assertion,SUPPORTED,YES,YES,SUPPORTED,Selected routing/inversion mutants killed,The named raw 12-bit unpacking or inversion relation is supported.,Not general modulo-q canonicalization of arbitrary byte strings.,LOC-C11-UA,ALL VERIFICATION COMPELETED SUMMARY/PFB_MLK_POLY_FROMBYTES_COMPLETE_A_TO_Z_REPORT.md,COMPLETE,ALL_VERIFICATION_COMPELETED_SUMMARY_PROFESSOR_CLEANED_CODEX_RECORDED(1).zip,744a348bda13e3f6a8adafcca9411bd2ffb717b7fe016c2341a159a574a85389,ALL VERIFICATION COMPELETED SUMMARY/PFB_MLK_POLY_FROMBYTES_COMPLETE_A_TO_Z_REPORT.md,b9da14869c7b7ad44a4e252d505adc5303b55e047c6d6e16989cddd083292619,RESOLVED,1,reports/PFB_MLK_POLY_FROMBYTES_COMPLETE_A_TO_Z_REPORT.md,b9da14869c7b7ad44a4e252d505adc5303b55e047c6d6e16989cddd083292619,RESOLVED_HASH_MATCH,1
PR-C11-002,11,UNASSISTED,mlk_poly_frombytes,PFB-T1.P2,Raw odd 12-bit extraction,Raw deserialization/representation,af4c5abdd5958bdc65a03cd5ee86708264f93304,ML-KEM-768,"Arbitrary 384-byte input, or raw 12-bit coefficient domain 0..4095 for reverse direction","Valid, separately modelled objects unless an alias diagnostic explicitly states otherwise; unchanged production target; complete registered loop unwinding.",out[2i+1]=floor(W_i/4096),PFB T1–T4 final harness assertion,SUPPORTED,YES,YES,SUPPORTED,Selected routing/inversion mutants killed,The named raw 12-bit unpacking or inversion relation is supported.,Not general modulo-q canonicalization of arbitrary byte strings.,LOC-C11-UA,ALL VERIFICATION COMPELETED SUMMARY/PFB_MLK_POLY_FROMBYTES_COMPLETE_A_TO_Z_REPORT.md,COMPLETE,ALL_VERIFICATION_COMPELETED_SUMMARY_PROFESSOR_CLEANED_CODEX_RECORDED(1).zip,744a348bda13e3f6a8adafcca9411bd2ffb717b7fe016c2341a159a574a85389,ALL VERIFICATION COMPELETED SUMMARY/PFB_MLK_POLY_FROMBYTES_COMPLETE_A_TO_Z_REPORT.md,b9da14869c7b7ad44a4e252d505adc5303b55e047c6d6e16989cddd083292619,RESOLVED,1,reports/PFB_MLK_POLY_FROMBYTES_COMPLETE_A_TO_Z_REPORT.md,b9da14869c7b7ad44a4e252d505adc5303b55e047c6d6e16989cddd083292619,RESOLVED_HASH_MATCH,1
PR-C11-003,11,UNASSISTED,mlk_poly_frombytes,PFB-T2.P1,First-byte routing,Raw deserialization/representation,af4c5abdd5958bdc65a03cd5ee86708264f93304,ML-KEM-768,"Arbitrary 384-byte input, or raw 12-bit coefficient domain 0..4095 for reverse direction","Valid, separately modelled objects unless an alias diagnostic explicitly states otherwise; unchanged production target; complete registered loop unwinding.",first byte affects only registered low bits of even coefficient,PFB T1–T4 final harness assertion,SUPPORTED,YES,YES,SUPPORTED,Selected routing/inversion mutants killed,The named raw 12-bit unpacking or inversion relation is supported.,Not general modulo-q canonicalization of arbitrary byte strings.,LOC-C11-UA,ALL VERIFICATION COMPELETED SUMMARY/PFB_MLK_POLY_FROMBYTES_COMPLETE_A_TO_Z_REPORT.md,COMPLETE,ALL_VERIFICATION_COMPELETED_SUMMARY_PROFESSOR_CLEANED_CODEX_RECORDED(1).zip,744a348bda13e3f6a8adafcca9411bd2ffb717b7fe016c2341a159a574a85389,ALL VERIFICATION COMPELETED SUMMARY/PFB_MLK_POLY_FROMBYTES_COMPLETE_A_TO_Z_REPORT.md,b9da14869c7b7ad44a4e252d505adc5303b55e047c6d6e16989cddd083292619,RESOLVED,1,reports/PFB_MLK_POLY_FROMBYTES_COMPLETE_A_TO_Z_REPORT.md,b9da14869c7b7ad44a4e252d505adc5303b55e047c6d6e16989cddd083292619,RESOLVED_HASH_MATCH,1
PR-C11-004,11,UNASSISTED,mlk_poly_frombytes,PFB-T2.P2,Second-byte low-nibble routing,Raw deserialization/representation,af4c5abdd5958bdc65a03cd5ee86708264f93304,ML-KEM-768,"Arbitrary 384-byte input, or raw 12-bit coefficient domain 0..4095 for reverse direction","Valid, separately modelled objects unless an alias diagnostic explicitly states otherwise; unchanged production target; complete registered loop unwinding.",second-byte low nibble routes to high bits of even coefficient,PFB T1–T4 final harness assertion,SUPPORTED,YES,YES,SUPPORTED,Selected routing/inversion mutants killed,The named raw 12-bit unpacking or inversion relation is supported.,Not general modulo-q canonicalization of arbitrary byte strings.,LOC-C11-UA,ALL VERIFICATION COMPELETED SUMMARY/PFB_MLK_POLY_FROMBYTES_COMPLETE_A_TO_Z_REPORT.md,COMPLETE,ALL_VERIFICATION_COMPELETED_SUMMARY_PROFESSOR_CLEANED_CODEX_RECORDED(1).zip,744a348bda13e3f6a8adafcca9411bd2ffb717b7fe016c2341a159a574a85389,ALL VERIFICATION COMPELETED SUMMARY/PFB_MLK_POLY_FROMBYTES_COMPLETE_A_TO_Z_REPORT.md,b9da14869c7b7ad44a4e252d505adc5303b55e047c6d6e16989cddd083292619,RESOLVED,1,reports/PFB_MLK_POLY_FROMBYTES_COMPLETE_A_TO_Z_REPORT.md,b9da14869c7b7ad44a4e252d505adc5303b55e047c6d6e16989cddd083292619,RESOLVED_HASH_MATCH,1
PR-C11-005,11,UNASSISTED,mlk_poly_frombytes,PFB-T2.P3,Second-byte high-nibble routing,Raw deserialization/representation,af4c5abdd5958bdc65a03cd5ee86708264f93304,ML-KEM-768,"Arbitrary 384-byte input, or raw 12-bit coefficient domain 0..4095 for reverse direction","Valid, separately modelled objects unless an alias diagnostic explicitly states otherwise; unchanged production target; complete registered loop unwinding.",second-byte high nibble routes to low bits of odd coefficient,PFB T1–T4 final harness assertion,SUPPORTED,YES,YES,SUPPORTED,Selected routing/inversion mutants killed,The named raw 12-bit unpacking or inversion relation is supported.,Not general modulo-q canonicalization of arbitrary byte strings.,LOC-C11-UA,ALL VERIFICATION COMPELETED SUMMARY/PFB_MLK_POLY_FROMBYTES_COMPLETE_A_TO_Z_REPORT.md,COMPLETE,ALL_VERIFICATION_COMPELETED_SUMMARY_PROFESSOR_CLEANED_CODEX_RECORDED(1).zip,744a348bda13e3f6a8adafcca9411bd2ffb717b7fe016c2341a159a574a85389,ALL VERIFICATION COMPELETED SUMMARY/PFB_MLK_POLY_FROMBYTES_COMPLETE_A_TO_Z_REPORT.md,b9da14869c7b7ad44a4e252d505adc5303b55e047c6d6e16989cddd083292619,RESOLVED,1,reports/PFB_MLK_POLY_FROMBYTES_COMPLETE_A_TO_Z_REPORT.md,b9da14869c7b7ad44a4e252d505adc5303b55e047c6d6e16989cddd083292619,RESOLVED_HASH_MATCH,1
PR-C11-006,11,UNASSISTED,mlk_poly_frombytes,PFB-T2.P4,Third-byte routing,Raw deserialization/representation,af4c5abdd5958bdc65a03cd5ee86708264f93304,ML-KEM-768,"Arbitrary 384-byte input, or raw 12-bit coefficient domain 0..4095 for reverse direction","Valid, separately modelled objects unless an alias diagnostic explicitly states otherwise; unchanged production target; complete registered loop unwinding.",third byte routes to high bits of odd coefficient,PFB T1–T4 final harness assertion,SUPPORTED,YES,YES,SUPPORTED,Selected routing/inversion mutants killed,The named raw 12-bit unpacking or inversion relation is supported.,Not general modulo-q canonicalization of arbitrary byte strings.,LOC-C11-UA,ALL VERIFICATION COMPELETED SUMMARY/PFB_MLK_POLY_FROMBYTES_COMPLETE_A_TO_Z_REPORT.md,COMPLETE,ALL_VERIFICATION_COMPELETED_SUMMARY_PROFESSOR_CLEANED_CODEX_RECORDED(1).zip,744a348bda13e3f6a8adafcca9411bd2ffb717b7fe016c2341a159a574a85389,ALL VERIFICATION COMPELETED SUMMARY/PFB_MLK_POLY_FROMBYTES_COMPLETE_A_TO_Z_REPORT.md,b9da14869c7b7ad44a4e252d505adc5303b55e047c6d6e16989cddd083292619,RESOLVED,1,reports/PFB_MLK_POLY_FROMBYTES_COMPLETE_A_TO_Z_REPORT.md,b9da14869c7b7ad44a4e252d505adc5303b55e047c6d6e16989cddd083292619,RESOLVED_HASH_MATCH,1
PR-C11-007,11,UNASSISTED,mlk_poly_frombytes,PFB-T2.P5,Arbitrary one-block locality,Raw deserialization/representation,af4c5abdd5958bdc65a03cd5ee86708264f93304,ML-KEM-768,"Arbitrary 384-byte input, or raw 12-bit coefficient domain 0..4095 for reverse direction","Valid, separately modelled objects unless an alias diagnostic explicitly states otherwise; unchanged production target; complete registered loop unwinding.",changing one 3-byte block affects only its decoded coefficient pair,PFB T1–T4 final harness assertion,SUPPORTED,YES,YES,SUPPORTED,Selected routing/inversion mutants killed,The named raw 12-bit unpacking or inversion relation is supported.,Not general modulo-q canonicalization of arbitrary byte strings.,LOC-C11-UA,ALL VERIFICATION COMPELETED SUMMARY/PFB_MLK_POLY_FROMBYTES_COMPLETE_A_TO_Z_REPORT.md,COMPLETE,ALL_VERIFICATION_COMPELETED_SUMMARY_PROFESSOR_CLEANED_CODEX_RECORDED(1).zip,744a348bda13e3f6a8adafcca9411bd2ffb717b7fe016c2341a159a574a85389,ALL VERIFICATION COMPELETED SUMMARY/PFB_MLK_POLY_FROMBYTES_COMPLETE_A_TO_Z_REPORT.md,b9da14869c7b7ad44a4e252d505adc5303b55e047c6d6e16989cddd083292619,RESOLVED,1,reports/PFB_MLK_POLY_FROMBYTES_COMPLETE_A_TO_Z_REPORT.md,b9da14869c7b7ad44a4e252d505adc5303b55e047c6d6e16989cddd083292619,RESOLVED_HASH_MATCH,1
PR-C11-008,11,UNASSISTED,mlk_poly_frombytes,PFB-T3.P1,Packed-output XOR conservation,Raw deserialization/representation,af4c5abdd5958bdc65a03cd5ee86708264f93304,ML-KEM-768,"Arbitrary 384-byte input, or raw 12-bit coefficient domain 0..4095 for reverse direction","Valid, separately modelled objects unless an alias diagnostic explicitly states otherwise; unchanged production target; complete registered loop unwinding.",packed XOR of decoded pairs equals XOR of corresponding 24-bit input blocks,PFB T1–T4 final harness assertion,SUPPORTED,YES,YES,SUPPORTED,Selected routing/inversion mutants killed,The named raw 12-bit unpacking or inversion relation is supported.,Not general modulo-q canonicalization of arbitrary byte strings.,LOC-C11-UA,ALL VERIFICATION COMPELETED SUMMARY/PFB_MLK_POLY_FROMBYTES_COMPLETE_A_TO_Z_REPORT.md,COMPLETE,ALL_VERIFICATION_COMPELETED_SUMMARY_PROFESSOR_CLEANED_CODEX_RECORDED(1).zip,744a348bda13e3f6a8adafcca9411bd2ffb717b7fe016c2341a159a574a85389,ALL VERIFICATION COMPELETED SUMMARY/PFB_MLK_POLY_FROMBYTES_COMPLETE_A_TO_Z_REPORT.md,b9da14869c7b7ad44a4e252d505adc5303b55e047c6d6e16989cddd083292619,RESOLVED,1,reports/PFB_MLK_POLY_FROMBYTES_COMPLETE_A_TO_Z_REPORT.md,b9da14869c7b7ad44a4e252d505adc5303b55e047c6d6e16989cddd083292619,RESOLVED_HASH_MATCH,1
PR-C11-009,11,UNASSISTED,mlk_poly_frombytes,PFB-T3.P2,Block/pair difference equivalence,Raw deserialization/representation,af4c5abdd5958bdc65a03cd5ee86708264f93304,ML-KEM-768,"Arbitrary 384-byte input, or raw 12-bit coefficient domain 0..4095 for reverse direction","Valid, separately modelled objects unless an alias diagnostic explicitly states otherwise; unchanged production target; complete registered loop unwinding.",input 3-byte blocks differ iff decoded coefficient pairs differ,PFB T1–T4 final harness assertion,SUPPORTED,YES,YES,SUPPORTED,Selected routing/inversion mutants killed,The named raw 12-bit unpacking or inversion relation is supported.,Not general modulo-q canonicalization of arbitrary byte strings.,LOC-C11-UA,ALL VERIFICATION COMPELETED SUMMARY/PFB_MLK_POLY_FROMBYTES_COMPLETE_A_TO_Z_REPORT.md,COMPLETE,ALL_VERIFICATION_COMPELETED_SUMMARY_PROFESSOR_CLEANED_CODEX_RECORDED(1).zip,744a348bda13e3f6a8adafcca9411bd2ffb717b7fe016c2341a159a574a85389,ALL VERIFICATION COMPELETED SUMMARY/PFB_MLK_POLY_FROMBYTES_COMPLETE_A_TO_Z_REPORT.md,b9da14869c7b7ad44a4e252d505adc5303b55e047c6d6e16989cddd083292619,RESOLVED,1,reports/PFB_MLK_POLY_FROMBYTES_COMPLETE_A_TO_Z_REPORT.md,b9da14869c7b7ad44a4e252d505adc5303b55e047c6d6e16989cddd083292619,RESOLVED_HASH_MATCH,1
PR-C11-010,11,UNASSISTED,mlk_poly_frombytes,PFB-T4.P1,Arbitrary-byte raw re-encoding identity,Raw deserialization/representation,af4c5abdd5958bdc65a03cd5ee86708264f93304,ML-KEM-768,"Arbitrary 384-byte input, or raw 12-bit coefficient domain 0..4095 for reverse direction","Valid, separately modelled objects unless an alias diagnostic explicitly states otherwise; unchanged production target; complete registered loop unwinding.",E_raw(D(b))=b for every 384-byte b,PFB T1–T4 final harness assertion,SUPPORTED,YES,YES,SUPPORTED,Selected routing/inversion mutants killed,The named raw 12-bit unpacking or inversion relation is supported.,Not general modulo-q canonicalization of arbitrary byte strings.,LOC-C11-UA,ALL VERIFICATION COMPELETED SUMMARY/PFB_MLK_POLY_FROMBYTES_COMPLETE_A_TO_Z_REPORT.md,COMPLETE,ALL_VERIFICATION_COMPELETED_SUMMARY_PROFESSOR_CLEANED_CODEX_RECORDED(1).zip,744a348bda13e3f6a8adafcca9411bd2ffb717b7fe016c2341a159a574a85389,ALL VERIFICATION COMPELETED SUMMARY/PFB_MLK_POLY_FROMBYTES_COMPLETE_A_TO_Z_REPORT.md,b9da14869c7b7ad44a4e252d505adc5303b55e047c6d6e16989cddd083292619,RESOLVED,1,reports/PFB_MLK_POLY_FROMBYTES_COMPLETE_A_TO_Z_REPORT.md,b9da14869c7b7ad44a4e252d505adc5303b55e047c6d6e16989cddd083292619,RESOLVED_HASH_MATCH,1
PR-C11-011,11,UNASSISTED,mlk_poly_frombytes,PFB-T4.P2,Raw-polynomial decoding identity,Raw deserialization/representation,af4c5abdd5958bdc65a03cd5ee86708264f93304,ML-KEM-768,"Arbitrary 384-byte input, or raw 12-bit coefficient domain 0..4095 for reverse direction","Valid, separately modelled objects unless an alias diagnostic explicitly states otherwise; unchanged production target; complete registered loop unwinding.",D(E_raw(p))=p for every coefficient array with values 0..4095,PFB T1–T4 final harness assertion,SUPPORTED,YES,YES,SUPPORTED,Selected routing/inversion mutants killed,The named raw 12-bit unpacking or inversion relation is supported.,Not general modulo-q canonicalization of arbitrary byte strings.,LOC-C11-UA,ALL VERIFICATION COMPELETED SUMMARY/PFB_MLK_POLY_FROMBYTES_COMPLETE_A_TO_Z_REPORT.md,COMPLETE,ALL_VERIFICATION_COMPELETED_SUMMARY_PROFESSOR_CLEANED_CODEX_RECORDED(1).zip,744a348bda13e3f6a8adafcca9411bd2ffb717b7fe016c2341a159a574a85389,ALL VERIFICATION COMPELETED SUMMARY/PFB_MLK_POLY_FROMBYTES_COMPLETE_A_TO_Z_REPORT.md,b9da14869c7b7ad44a4e252d505adc5303b55e047c6d6e16989cddd083292619,RESOLVED,1,reports/PFB_MLK_POLY_FROMBYTES_COMPLETE_A_TO_Z_REPORT.md,b9da14869c7b7ad44a4e252d505adc5303b55e047c6d6e16989cddd083292619,RESOLVED_HASH_MATCH,1
PR-C12-001,12,UNASSISTED,mlk_poly_tobytes <-> mlk_poly_frombytes (PBCODEC-CV1),PBCODEC-CV1.P1,Canonical polynomial round trip,Direct cross-function composition,af4c5abdd5958bdc65a03cd5ee86708264f93304,ML-KEM-768,Canonical polynomial coefficients 0..3328,"Valid, separately modelled objects unless an alias diagnostic explicitly states otherwise; unchanged production target; complete registered loop unwinding.",frombytes(tobytes(p))=p,PBCODEC direct real-wrapper composition assertion,SUPPORTED,YES,YES,SUPPORTED,Bridge mutant rejected,Direct production serialization then deserialization preserves canonical polynomials.,Not a universal relation for non-canonical polynomials.,LOC-C12-UA,ALL VERIFICATION COMPELETED SUMMARY/PBCODEC_CV1_COMPLETE_A_TO_Z_TECHNICAL_RECORD.md,COMPLETE,ALL_VERIFICATION_COMPELETED_SUMMARY_PROFESSOR_CLEANED_CODEX_RECORDED(1).zip,744a348bda13e3f6a8adafcca9411bd2ffb717b7fe016c2341a159a574a85389,ALL VERIFICATION COMPELETED SUMMARY/PBCODEC_CV1_COMPLETE_A_TO_Z_TECHNICAL_RECORD.md,9472be19e41dc9fbaeffdf91dbbbafe5b4665ccf80cb077f3efdf99872190d96,RESOLVED,1,reports/PBCODEC_CV1_COMPLETE_A_TO_Z_TECHNICAL_RECORD.md,9472be19e41dc9fbaeffdf91dbbbafe5b4665ccf80cb077f3efdf99872190d96,RESOLVED_HASH_MATCH,1
PR-C12-002,12,UNASSISTED,mlk_poly_tobytes <-> mlk_poly_frombytes (PBCODEC-CV1),PBCODEC-CV1.P2,Canonical-image byte round trip,Direct cross-function composition,af4c5abdd5958bdc65a03cd5ee86708264f93304,ML-KEM-768,Byte arrays in the canonical encoder image,"Valid, separately modelled objects unless an alias diagnostic explicitly states otherwise; unchanged production target; complete registered loop unwinding.",tobytes(frombytes(b))=b,PBCODEC direct real-wrapper composition assertion,SUPPORTED,YES,YES,SUPPORTED,Bridge mutant rejected,Direct production deserialization then serialization preserves canonical-image byte arrays.,Not a bijection over arbitrary 384-byte strings.,LOC-C12-UA,ALL VERIFICATION COMPELETED SUMMARY/PBCODEC_CV1_COMPLETE_A_TO_Z_TECHNICAL_RECORD.md,COMPLETE,ALL_VERIFICATION_COMPELETED_SUMMARY_PROFESSOR_CLEANED_CODEX_RECORDED(1).zip,744a348bda13e3f6a8adafcca9411bd2ffb717b7fe016c2341a159a574a85389,ALL VERIFICATION COMPELETED SUMMARY/PBCODEC_CV1_COMPLETE_A_TO_Z_TECHNICAL_RECORD.md,9472be19e41dc9fbaeffdf91dbbbafe5b4665ccf80cb077f3efdf99872190d96,RESOLVED,1,reports/PBCODEC_CV1_COMPLETE_A_TO_Z_TECHNICAL_RECORD.md,9472be19e41dc9fbaeffdf91dbbbafe5b4665ccf80cb077f3efdf99872190d96,RESOLVED_HASH_MATCH,1
PR-C13-001,13,UNASSISTED,mlk_kem_check_pk,PKCHECK-T1.R2,Arbitrary-context malformed-field rejection,Validation/frame/footprint,af4c5abdd5958bdc65a03cd5ee86708264f93304,ML-KEM-768,"ML-KEM-768 encoded public-key objects under the property-specific actual-body, contract-backed or stub-backed model",Model boundary is stated per property; production checker unchanged,"If a selected encoded field is in [3329,4095], check_pk returns rejection or OOM; every other byte and seed byte arbitrary",PKCHECK T1–T4 selected assertion marker,SUPPORTED,YES,YES,SUPPORTED; counterexample retained for T2.P4,Property-specific selected mutants,The local validation/frame/footprint/caller relation is supported.,"Not honest key generation, key-pair consistency or complete cryptographic validity.",LOC-C13-UA,ALL VERIFICATION COMPELETED SUMMARY/MLK_KEM_CHECK_PK_CBMC_CAMPAIGN_A_TO_Z_2026-07-30.md,COMPLETE,ALL_VERIFICATION_COMPELETED_SUMMARY_PROFESSOR_CLEANED_CODEX_RECORDED(1).zip,744a348bda13e3f6a8adafcca9411bd2ffb717b7fe016c2341a159a574a85389,ALL VERIFICATION COMPELETED SUMMARY/MLK_KEM_CHECK_PK_CBMC_CAMPAIGN_A_TO_Z_2026-07-30.md,29e473750b6f5d66fbd650bd4c48bb8cd6333a2fd07d54bbd5e558aab92b3cf6,RESOLVED,1,reports/MLK_KEM_CHECK_PK_CBMC_CAMPAIGN_A_TO_Z_2026-07-30.md,29e473750b6f5d66fbd650bd4c48bb8cd6333a2fd07d54bbd5e558aab92b3cf6,RESOLVED_HASH_MATCH,1
PR-C13-002,13,UNASSISTED,mlk_kem_check_pk,PKCHECK-T1R2.INDEX_BYTE_BOUND,Malformed-field byte-index bound,Supporting functional control,af4c5abdd5958bdc65a03cd5ee86708264f93304,ML-KEM-768,ML-KEM-768 public-key layout and registered selected coefficient index,Frozen layout assertions; arbitrary surrounding public-key context; non-OOM result interpretation,Every byte accessed to inject the selected malformed field lies within the polynomial-vector prefix.,T1-R2 named support assertion,SUPPORTING_CONTROL,YES,YES,SUPPORTED,T1-R2 control-specific; see case package,The malformed-rejection construction is well-formed and bound to the intended field.,Supporting construction control; not the final accept/reject relation by itself.,LOC-C13-UA,ALL VERIFICATION COMPELETED SUMMARY/MLK_KEM_CHECK_PK_CBMC_CAMPAIGN_A_TO_Z_2026-07-30.md,COMPLETE,ALL_VERIFICATION_COMPELETED_SUMMARY_PROFESSOR_CLEANED_CODEX_RECORDED(1).zip,744a348bda13e3f6a8adafcca9411bd2ffb717b7fe016c2341a159a574a85389,ALL VERIFICATION COMPELETED SUMMARY/MLK_KEM_CHECK_PK_CBMC_CAMPAIGN_A_TO_Z_2026-07-30.md,29e473750b6f5d66fbd650bd4c48bb8cd6333a2fd07d54bbd5e558aab92b3cf6,RESOLVED,1,reports/MLK_KEM_CHECK_PK_CBMC_CAMPAIGN_A_TO_Z_2026-07-30.md,29e473750b6f5d66fbd650bd4c48bb8cd6333a2fd07d54bbd5e558aab92b3cf6,RESOLVED_HASH_MATCH,1
PR-C13-003,13,UNASSISTED,mlk_kem_check_pk,PKCHECK-T1R2.INDEX_PAIR_BOUND,Malformed-field pair-index bound,Supporting functional control,af4c5abdd5958bdc65a03cd5ee86708264f93304,ML-KEM-768,ML-KEM-768 public-key layout and registered selected coefficient index,Frozen layout assertions; arbitrary surrounding public-key context; non-OOM result interpretation,The selected malformed coefficient maps to a valid packed pair within the polynomial-vector field.,T1-R2 named support assertion,SUPPORTING_CONTROL,YES,YES,SUPPORTED,T1-R2 control-specific; see case package,The malformed-rejection construction is well-formed and bound to the intended field.,Supporting construction control; not the final accept/reject relation by itself.,LOC-C13-UA,ALL VERIFICATION COMPELETED SUMMARY/MLK_KEM_CHECK_PK_CBMC_CAMPAIGN_A_TO_Z_2026-07-30.md,COMPLETE,ALL_VERIFICATION_COMPELETED_SUMMARY_PROFESSOR_CLEANED_CODEX_RECORDED(1).zip,744a348bda13e3f6a8adafcca9411bd2ffb717b7fe016c2341a159a574a85389,ALL VERIFICATION COMPELETED SUMMARY/MLK_KEM_CHECK_PK_CBMC_CAMPAIGN_A_TO_Z_2026-07-30.md,29e473750b6f5d66fbd650bd4c48bb8cd6333a2fd07d54bbd5e558aab92b3cf6,RESOLVED,1,reports/MLK_KEM_CHECK_PK_CBMC_CAMPAIGN_A_TO_Z_2026-07-30.md,29e473750b6f5d66fbd650bd4c48bb8cd6333a2fd07d54bbd5e558aab92b3cf6,RESOLVED_HASH_MATCH,1
PR-C13-004,13,UNASSISTED,mlk_kem_check_pk,PKCHECK-T1R2.ORACLE_PACKING,Malformed-field oracle packing,Supporting functional control,af4c5abdd5958bdc65a03cd5ee86708264f93304,ML-KEM-768,ML-KEM-768 public-key layout and registered selected coefficient index,Frozen layout assertions; arbitrary surrounding public-key context; non-OOM result interpretation,The constructed packed field decodes to the selected noncanonical value while preserving the unrelated nibble and arbitrary surrounding context.,T1-R2 named support assertion,SUPPORTING_CONTROL,YES,YES,SUPPORTED,T1-R2 control-specific; see case package,The malformed-rejection construction is well-formed and bound to the intended field.,Supporting construction control; not the final accept/reject relation by itself.,LOC-C13-UA,ALL VERIFICATION COMPELETED SUMMARY/MLK_KEM_CHECK_PK_CBMC_CAMPAIGN_A_TO_Z_2026-07-30.md,COMPLETE,ALL_VERIFICATION_COMPELETED_SUMMARY_PROFESSOR_CLEANED_CODEX_RECORDED(1).zip,744a348bda13e3f6a8adafcca9411bd2ffb717b7fe016c2341a159a574a85389,ALL VERIFICATION COMPELETED SUMMARY/MLK_KEM_CHECK_PK_CBMC_CAMPAIGN_A_TO_Z_2026-07-30.md,29e473750b6f5d66fbd650bd4c48bb8cd6333a2fd07d54bbd5e558aab92b3cf6,RESOLVED,1,reports/MLK_KEM_CHECK_PK_CBMC_CAMPAIGN_A_TO_Z_2026-07-30.md,29e473750b6f5d66fbd650bd4c48bb8cd6333a2fd07d54bbd5e558aab92b3cf6,RESOLVED_HASH_MATCH,1
PR-C13-005,13,UNASSISTED,mlk_kem_check_pk,PKCHECK-T1.R3,Canonical-field acceptance,Validation/frame/footprint,af4c5abdd5958bdc65a03cd5ee86708264f93304,ML-KEM-768,"ML-KEM-768 encoded public-key objects under the property-specific actual-body, contract-backed or stub-backed model",Model boundary is stated per property; production checker unchanged,"If all 768 encoded fields are in [0,3328], check_pk returns acceptance or OOM; seed arbitrary",PKCHECK T1–T4 selected assertion marker,SUPPORTED,YES,YES,SUPPORTED; counterexample retained for T2.P4,Property-specific selected mutants,The local validation/frame/footprint/caller relation is supported.,"Not honest key generation, key-pair consistency or complete cryptographic validity.",LOC-C13-UA,ALL VERIFICATION COMPELETED SUMMARY/MLK_KEM_CHECK_PK_CBMC_CAMPAIGN_A_TO_Z_2026-07-30.md,COMPLETE,ALL_VERIFICATION_COMPELETED_SUMMARY_PROFESSOR_CLEANED_CODEX_RECORDED(1).zip,744a348bda13e3f6a8adafcca9411bd2ffb717b7fe016c2341a159a574a85389,ALL VERIFICATION COMPELETED SUMMARY/MLK_KEM_CHECK_PK_CBMC_CAMPAIGN_A_TO_Z_2026-07-30.md,29e473750b6f5d66fbd650bd4c48bb8cd6333a2fd07d54bbd5e558aab92b3cf6,RESOLVED,1,reports/MLK_KEM_CHECK_PK_CBMC_CAMPAIGN_A_TO_Z_2026-07-30.md,29e473750b6f5d66fbd650bd4c48bb8cd6333a2fd07d54bbd5e558aab92b3cf6,RESOLVED_HASH_MATCH,1
PR-C13-006,13,UNASSISTED,mlk_kem_check_pk,PKCHECK-T2.P1,First-input frame,Validation/frame/footprint,af4c5abdd5958bdc65a03cd5ee86708264f93304,ML-KEM-768,"ML-KEM-768 encoded public-key objects under the property-specific actual-body, contract-backed or stub-backed model",Model boundary is stated per property; production checker unchanged,first public-key input object unchanged,PKCHECK T1–T4 selected assertion marker,SUPPORTED,YES,YES,SUPPORTED; counterexample retained for T2.P4,Property-specific selected mutants,The local validation/frame/footprint/caller relation is supported.,"Not honest key generation, key-pair consistency or complete cryptographic validity.",LOC-C13-UA,ALL VERIFICATION COMPELETED SUMMARY/MLK_KEM_CHECK_PK_CBMC_CAMPAIGN_A_TO_Z_2026-07-30.md,COMPLETE,ALL_VERIFICATION_COMPELETED_SUMMARY_PROFESSOR_CLEANED_CODEX_RECORDED(1).zip,744a348bda13e3f6a8adafcca9411bd2ffb717b7fe016c2341a159a574a85389,ALL VERIFICATION COMPELETED SUMMARY/MLK_KEM_CHECK_PK_CBMC_CAMPAIGN_A_TO_Z_2026-07-30.md,29e473750b6f5d66fbd650bd4c48bb8cd6333a2fd07d54bbd5e558aab92b3cf6,RESOLVED,1,reports/MLK_KEM_CHECK_PK_CBMC_CAMPAIGN_A_TO_Z_2026-07-30.md,29e473750b6f5d66fbd650bd4c48bb8cd6333a2fd07d54bbd5e558aab92b3cf6,RESOLVED_HASH_MATCH,1
PR-C13-007,13,UNASSISTED,mlk_kem_check_pk,PKCHECK-T2.P2,Second-input frame,Validation/frame/footprint,af4c5abdd5958bdc65a03cd5ee86708264f93304,ML-KEM-768,"ML-KEM-768 encoded public-key objects under the property-specific actual-body, contract-backed or stub-backed model",Model boundary is stated per property; production checker unchanged,second compared input object unchanged,PKCHECK T1–T4 selected assertion marker,SUPPORTED,YES,YES,SUPPORTED; counterexample retained for T2.P4,Property-specific selected mutants,The local validation/frame/footprint/caller relation is supported.,"Not honest key generation, key-pair consistency or complete cryptographic validity.",LOC-C13-UA,ALL VERIFICATION COMPELETED SUMMARY/MLK_KEM_CHECK_PK_CBMC_CAMPAIGN_A_TO_Z_2026-07-30.md,COMPLETE,ALL_VERIFICATION_COMPELETED_SUMMARY_PROFESSOR_CLEANED_CODEX_RECORDED(1).zip,744a348bda13e3f6a8adafcca9411bd2ffb717b7fe016c2341a159a574a85389,ALL VERIFICATION COMPELETED SUMMARY/MLK_KEM_CHECK_PK_CBMC_CAMPAIGN_A_TO_Z_2026-07-30.md,29e473750b6f5d66fbd650bd4c48bb8cd6333a2fd07d54bbd5e558aab92b3cf6,RESOLVED,1,reports/MLK_KEM_CHECK_PK_CBMC_CAMPAIGN_A_TO_Z_2026-07-30.md,29e473750b6f5d66fbd650bd4c48bb8cd6333a2fd07d54bbd5e558aab92b3cf6,RESOLVED_HASH_MATCH,1
PR-C13-008,13,UNASSISTED,mlk_kem_check_pk,PKCHECK-T2.P3,Red-zone preservation,Validation/frame/footprint,af4c5abdd5958bdc65a03cd5ee86708264f93304,ML-KEM-768,"ML-KEM-768 encoded public-key objects under the property-specific actual-body, contract-backed or stub-backed model",Model boundary is stated per property; production checker unchanged,registered red-zone bytes unchanged,PKCHECK T1–T4 selected assertion marker,SUPPORTED,YES,YES,SUPPORTED; counterexample retained for T2.P4,Property-specific selected mutants,The local validation/frame/footprint/caller relation is supported.,"Not honest key generation, key-pair consistency or complete cryptographic validity.",LOC-C13-UA,ALL VERIFICATION COMPELETED SUMMARY/MLK_KEM_CHECK_PK_CBMC_CAMPAIGN_A_TO_Z_2026-07-30.md,COMPLETE,ALL_VERIFICATION_COMPELETED_SUMMARY_PROFESSOR_CLEANED_CODEX_RECORDED(1).zip,744a348bda13e3f6a8adafcca9411bd2ffb717b7fe016c2341a159a574a85389,ALL VERIFICATION COMPELETED SUMMARY/MLK_KEM_CHECK_PK_CBMC_CAMPAIGN_A_TO_Z_2026-07-30.md,29e473750b6f5d66fbd650bd4c48bb8cd6333a2fd07d54bbd5e558aab92b3cf6,RESOLVED,1,reports/MLK_KEM_CHECK_PK_CBMC_CAMPAIGN_A_TO_Z_2026-07-30.md,29e473750b6f5d66fbd650bd4c48bb8cd6333a2fd07d54bbd5e558aab92b3cf6,RESOLVED_HASH_MATCH,1
PR-C13-009,13,UNASSISTED,mlk_kem_check_pk,PKCHECK-T2.P4,Two-call seed noninterference,Validation/frame/footprint,af4c5abdd5958bdc65a03cd5ee86708264f93304,ML-KEM-768,"ML-KEM-768 encoded public-key objects under the property-specific actual-body, contract-backed or stub-backed model",Model boundary is stated per property; production checker unchanged,changing only seed bytes does not change the two-call result relation,PKCHECK T1–T4 selected assertion marker,ABSTRACTION_LIMITED_INCONCLUSIVE,YES,YES,SUPPORTED; counterexample retained for T2.P4,Property-specific selected mutants,The relation remained unresolved because the lower abstraction did not supply the required two-run relational guarantee.,The counterexample is not evidence of a production-code defect.,LOC-C13-UA,ALL VERIFICATION COMPELETED SUMMARY/MLK_KEM_CHECK_PK_CBMC_CAMPAIGN_A_TO_Z_2026-07-30.md,COMPLETE,ALL_VERIFICATION_COMPELETED_SUMMARY_PROFESSOR_CLEANED_CODEX_RECORDED(1).zip,744a348bda13e3f6a8adafcca9411bd2ffb717b7fe016c2341a159a574a85389,ALL VERIFICATION COMPELETED SUMMARY/MLK_KEM_CHECK_PK_CBMC_CAMPAIGN_A_TO_Z_2026-07-30.md,29e473750b6f5d66fbd650bd4c48bb8cd6333a2fd07d54bbd5e558aab92b3cf6,RESOLVED,1,reports/MLK_KEM_CHECK_PK_CBMC_CAMPAIGN_A_TO_Z_2026-07-30.md,29e473750b6f5d66fbd650bd4c48bb8cd6333a2fd07d54bbd5e558aab92b3cf6,RESOLVED_HASH_MATCH,1
PR-C13-010,13,UNASSISTED,mlk_kem_check_pk,PKCHECK-T3.P1,Prefix-only read footprint,Validation/frame/footprint,af4c5abdd5958bdc65a03cd5ee86708264f93304,ML-KEM-768,"ML-KEM-768 encoded public-key objects under the property-specific actual-body, contract-backed or stub-backed model",Model boundary is stated per property; production checker unchanged,concrete target reads only the registered MLKEM_POLYVECBYTES prefix under the contract-backed lower model,PKCHECK T1–T4 selected assertion marker,SUPPORTED,YES,YES,SUPPORTED; counterexample retained for T2.P4,Property-specific selected mutants,The local validation/frame/footprint/caller relation is supported.,"Not honest key generation, key-pair consistency or complete cryptographic validity.",LOC-C13-UA,ALL VERIFICATION COMPELETED SUMMARY/MLK_KEM_CHECK_PK_CBMC_CAMPAIGN_A_TO_Z_2026-07-30.md,COMPLETE,ALL_VERIFICATION_COMPELETED_SUMMARY_PROFESSOR_CLEANED_CODEX_RECORDED(1).zip,744a348bda13e3f6a8adafcca9411bd2ffb717b7fe016c2341a159a574a85389,ALL VERIFICATION COMPELETED SUMMARY/MLK_KEM_CHECK_PK_CBMC_CAMPAIGN_A_TO_Z_2026-07-30.md,29e473750b6f5d66fbd650bd4c48bb8cd6333a2fd07d54bbd5e558aab92b3cf6,RESOLVED,1,reports/MLK_KEM_CHECK_PK_CBMC_CAMPAIGN_A_TO_Z_2026-07-30.md,29e473750b6f5d66fbd650bd4c48bb8cd6333a2fd07d54bbd5e558aab92b3cf6,RESOLVED_HASH_MATCH,1
PR-C13-011,13,UNASSISTED,mlk_kem_check_pk,PKCHECK-T4.P1,Caller guard call-count,Validation/frame/footprint,af4c5abdd5958bdc65a03cd5ee86708264f93304,ML-KEM-768,"ML-KEM-768 encoded public-key objects under the property-specific actual-body, contract-backed or stub-backed model",Model boundary is stated per property; production checker unchanged,mlk_enc_derand caller invokes check_pk at most once in the registered stubbed context,PKCHECK T1–T4 selected assertion marker,SUPPORTED,YES,YES,SUPPORTED; counterexample retained for T2.P4,Property-specific selected mutants,The local validation/frame/footprint/caller relation is supported.,"Not honest key generation, key-pair consistency or complete cryptographic validity.",LOC-C13-UA,ALL VERIFICATION COMPELETED SUMMARY/MLK_KEM_CHECK_PK_CBMC_CAMPAIGN_A_TO_Z_2026-07-30.md,COMPLETE,ALL_VERIFICATION_COMPELETED_SUMMARY_PROFESSOR_CLEANED_CODEX_RECORDED(1).zip,744a348bda13e3f6a8adafcca9411bd2ffb717b7fe016c2341a159a574a85389,ALL VERIFICATION COMPELETED SUMMARY/MLK_KEM_CHECK_PK_CBMC_CAMPAIGN_A_TO_Z_2026-07-30.md,29e473750b6f5d66fbd650bd4c48bb8cd6333a2fd07d54bbd5e558aab92b3cf6,RESOLVED,1,reports/MLK_KEM_CHECK_PK_CBMC_CAMPAIGN_A_TO_Z_2026-07-30.md,29e473750b6f5d66fbd650bd4c48bb8cd6333a2fd07d54bbd5e558aab92b3cf6,RESOLVED_HASH_MATCH,1
PR-C13-012,13,UNASSISTED,mlk_kem_check_pk,PKCHECK-T4.P2,Caller result split,Validation/frame/footprint,af4c5abdd5958bdc65a03cd5ee86708264f93304,ML-KEM-768,"ML-KEM-768 encoded public-key objects under the property-specific actual-body, contract-backed or stub-backed model",Model boundary is stated per property; production checker unchanged,caller follows registered return split for accepted/rejected/OOM check result,PKCHECK T1–T4 selected assertion marker,SUPPORTED,YES,YES,SUPPORTED; counterexample retained for T2.P4,Property-specific selected mutants,The local validation/frame/footprint/caller relation is supported.,"Not honest key generation, key-pair consistency or complete cryptographic validity.",LOC-C13-UA,ALL VERIFICATION COMPELETED SUMMARY/MLK_KEM_CHECK_PK_CBMC_CAMPAIGN_A_TO_Z_2026-07-30.md,COMPLETE,ALL_VERIFICATION_COMPELETED_SUMMARY_PROFESSOR_CLEANED_CODEX_RECORDED(1).zip,744a348bda13e3f6a8adafcca9411bd2ffb717b7fe016c2341a159a574a85389,ALL VERIFICATION COMPELETED SUMMARY/MLK_KEM_CHECK_PK_CBMC_CAMPAIGN_A_TO_Z_2026-07-30.md,29e473750b6f5d66fbd650bd4c48bb8cd6333a2fd07d54bbd5e558aab92b3cf6,RESOLVED,1,reports/MLK_KEM_CHECK_PK_CBMC_CAMPAIGN_A_TO_Z_2026-07-30.md,29e473750b6f5d66fbd650bd4c48bb8cd6333a2fd07d54bbd5e558aab92b3cf6,RESOLVED_HASH_MATCH,1
PR-C13-013,13,UNASSISTED,mlk_kem_check_pk,PKCHECK-T4.P3,Ciphertext frame on rejected guard path,Validation/frame/footprint,af4c5abdd5958bdc65a03cd5ee86708264f93304,ML-KEM-768,"ML-KEM-768 encoded public-key objects under the property-specific actual-body, contract-backed or stub-backed model",Model boundary is stated per property; production checker unchanged,ciphertext obeys registered frame condition,PKCHECK T1–T4 selected assertion marker,SUPPORTED,YES,YES,SUPPORTED; counterexample retained for T2.P4,Property-specific selected mutants,The local validation/frame/footprint/caller relation is supported.,"Not honest key generation, key-pair consistency or complete cryptographic validity.",LOC-C13-UA,ALL VERIFICATION COMPELETED SUMMARY/MLK_KEM_CHECK_PK_CBMC_CAMPAIGN_A_TO_Z_2026-07-30.md,COMPLETE,ALL_VERIFICATION_COMPELETED_SUMMARY_PROFESSOR_CLEANED_CODEX_RECORDED(1).zip,744a348bda13e3f6a8adafcca9411bd2ffb717b7fe016c2341a159a574a85389,ALL VERIFICATION COMPELETED SUMMARY/MLK_KEM_CHECK_PK_CBMC_CAMPAIGN_A_TO_Z_2026-07-30.md,29e473750b6f5d66fbd650bd4c48bb8cd6333a2fd07d54bbd5e558aab92b3cf6,RESOLVED,1,reports/MLK_KEM_CHECK_PK_CBMC_CAMPAIGN_A_TO_Z_2026-07-30.md,29e473750b6f5d66fbd650bd4c48bb8cd6333a2fd07d54bbd5e558aab92b3cf6,RESOLVED_HASH_MATCH,1
PR-C13-014,13,UNASSISTED,mlk_kem_check_pk,PKCHECK-T4.P4,Shared-secret frame on rejected guard path,Validation/frame/footprint,af4c5abdd5958bdc65a03cd5ee86708264f93304,ML-KEM-768,"ML-KEM-768 encoded public-key objects under the property-specific actual-body, contract-backed or stub-backed model",Model boundary is stated per property; production checker unchanged,shared-secret obeys registered frame condition,PKCHECK T1–T4 selected assertion marker,SUPPORTED,YES,YES,SUPPORTED; counterexample retained for T2.P4,Property-specific selected mutants,The local validation/frame/footprint/caller relation is supported.,"Not honest key generation, key-pair consistency or complete cryptographic validity.",LOC-C13-UA,ALL VERIFICATION COMPELETED SUMMARY/MLK_KEM_CHECK_PK_CBMC_CAMPAIGN_A_TO_Z_2026-07-30.md,COMPLETE,ALL_VERIFICATION_COMPELETED_SUMMARY_PROFESSOR_CLEANED_CODEX_RECORDED(1).zip,744a348bda13e3f6a8adafcca9411bd2ffb717b7fe016c2341a159a574a85389,ALL VERIFICATION COMPELETED SUMMARY/MLK_KEM_CHECK_PK_CBMC_CAMPAIGN_A_TO_Z_2026-07-30.md,29e473750b6f5d66fbd650bd4c48bb8cd6333a2fd07d54bbd5e558aab92b3cf6,RESOLVED,1,reports/MLK_KEM_CHECK_PK_CBMC_CAMPAIGN_A_TO_Z_2026-07-30.md,29e473750b6f5d66fbd650bd4c48bb8cd6333a2fd07d54bbd5e558aab92b3cf6,RESOLVED_HASH_MATCH,1
PR-C13-015,13,UNASSISTED,mlk_kem_check_pk,PKCHECK-T4.P5,Public-key frame in caller guard,Validation/frame/footprint,af4c5abdd5958bdc65a03cd5ee86708264f93304,ML-KEM-768,"ML-KEM-768 encoded public-key objects under the property-specific actual-body, contract-backed or stub-backed model",Model boundary is stated per property; production checker unchanged,public key unchanged,PKCHECK T1–T4 selected assertion marker,SUPPORTED,YES,YES,SUPPORTED; counterexample retained for T2.P4,Property-specific selected mutants,The local validation/frame/footprint/caller relation is supported.,"Not honest key generation, key-pair consistency or complete cryptographic validity.",LOC-C13-UA,ALL VERIFICATION COMPELETED SUMMARY/MLK_KEM_CHECK_PK_CBMC_CAMPAIGN_A_TO_Z_2026-07-30.md,COMPLETE,ALL_VERIFICATION_COMPELETED_SUMMARY_PROFESSOR_CLEANED_CODEX_RECORDED(1).zip,744a348bda13e3f6a8adafcca9411bd2ffb717b7fe016c2341a159a574a85389,ALL VERIFICATION COMPELETED SUMMARY/MLK_KEM_CHECK_PK_CBMC_CAMPAIGN_A_TO_Z_2026-07-30.md,29e473750b6f5d66fbd650bd4c48bb8cd6333a2fd07d54bbd5e558aab92b3cf6,RESOLVED,1,reports/MLK_KEM_CHECK_PK_CBMC_CAMPAIGN_A_TO_Z_2026-07-30.md,29e473750b6f5d66fbd650bd4c48bb8cd6333a2fd07d54bbd5e558aab92b3cf6,RESOLVED_HASH_MATCH,1
PR-C13-016,13,UNASSISTED,mlk_kem_check_pk,PKCHECK-T4.P6,Coins frame in caller guard,Validation/frame/footprint,af4c5abdd5958bdc65a03cd5ee86708264f93304,ML-KEM-768,"ML-KEM-768 encoded public-key objects under the property-specific actual-body, contract-backed or stub-backed model",Model boundary is stated per property; production checker unchanged,coins input unchanged,PKCHECK T1–T4 selected assertion marker,SUPPORTED,YES,YES,SUPPORTED; counterexample retained for T2.P4,Property-specific selected mutants,The local validation/frame/footprint/caller relation is supported.,"Not honest key generation, key-pair consistency or complete cryptographic validity.",LOC-C13-UA,ALL VERIFICATION COMPELETED SUMMARY/MLK_KEM_CHECK_PK_CBMC_CAMPAIGN_A_TO_Z_2026-07-30.md,COMPLETE,ALL_VERIFICATION_COMPELETED_SUMMARY_PROFESSOR_CLEANED_CODEX_RECORDED(1).zip,744a348bda13e3f6a8adafcca9411bd2ffb717b7fe016c2341a159a574a85389,ALL VERIFICATION COMPELETED SUMMARY/MLK_KEM_CHECK_PK_CBMC_CAMPAIGN_A_TO_Z_2026-07-30.md,29e473750b6f5d66fbd650bd4c48bb8cd6333a2fd07d54bbd5e558aab92b3cf6,RESOLVED,1,reports/MLK_KEM_CHECK_PK_CBMC_CAMPAIGN_A_TO_Z_2026-07-30.md,29e473750b6f5d66fbd650bd4c48bb8cd6333a2fd07d54bbd5e558aab92b3cf6,RESOLVED_HASH_MATCH,1
PR-C14-001,14,UNASSISTED,mlk_montgomery_reduce; candidate mlk_fqmul and mlk_poly_tomont_c families,MONT-T1.P1,Independent exact oracle equality,Montgomery reduction refinement,af4c5abdd5958bdc65a03cd5ee86708264f93304,ML-KEM-768 build,"a in complete source-contract domain [-2038398974,2038398974]",Arithmetic-right-shift model; complete target source contract; independent oracle,reduce(a)=independent_oracle(a),MONT-T1 audited assertion family (12 required assertions),SUPPORTED,YES,YES,SUPPORTED,3/3 selected T1 mutants killed,The exact T1 reduction/refinement relation is supported over the full legal domain.,Does not establish every Montgomery arithmetic property.,LOC-C14-UA,ALL VERIFICATION COMPELETED SUMMARY/MONTGOMERY_CBMC_A_TO_Z_CORRECTED_EVIDENCE_RECORD.md,COMPLETE,ALL_VERIFICATION_COMPELETED_SUMMARY_PROFESSOR_CLEANED_CODEX_RECORDED(1).zip,744a348bda13e3f6a8adafcca9411bd2ffb717b7fe016c2341a159a574a85389,ALL VERIFICATION COMPELETED SUMMARY/MONTGOMERY_CBMC_A_TO_Z_CORRECTED_EVIDENCE_RECORD.md,69d165308a6f39f0227deaf9b1ed86a21af04e853397ebb6ed7ebcab35809813,RESOLVED,1,reports/MONTGOMERY_CBMC_A_TO_Z_CORRECTED_EVIDENCE_RECORD.md,69d165308a6f39f0227deaf9b1ed86a21af04e853397ebb6ed7ebcab35809813,RESOLVED_HASH_MATCH,1
PR-C14-002,14,UNASSISTED,mlk_montgomery_reduce; candidate mlk_fqmul and mlk_poly_tomont_c families,MONT-T1.P2,Exact reconstruction and scaled congruence,Montgomery reduction refinement,af4c5abdd5958bdc65a03cd5ee86708264f93304,ML-KEM-768 build,"a in complete source-contract domain [-2038398974,2038398974]",Arithmetic-right-shift model; complete target source contract; independent oracle,"a=R*reduce(a)+q*t for a signed witness t, with the registered modular relation",MONT-T1 audited assertion family (12 required assertions),SUPPORTED,YES,YES,SUPPORTED,3/3 selected T1 mutants killed,The exact T1 reduction/refinement relation is supported over the full legal domain.,Does not establish every Montgomery arithmetic property.,LOC-C14-UA,ALL VERIFICATION COMPELETED SUMMARY/MONTGOMERY_CBMC_A_TO_Z_CORRECTED_EVIDENCE_RECORD.md,COMPLETE,ALL_VERIFICATION_COMPELETED_SUMMARY_PROFESSOR_CLEANED_CODEX_RECORDED(1).zip,744a348bda13e3f6a8adafcca9411bd2ffb717b7fe016c2341a159a574a85389,ALL VERIFICATION COMPELETED SUMMARY/MONTGOMERY_CBMC_A_TO_Z_CORRECTED_EVIDENCE_RECORD.md,69d165308a6f39f0227deaf9b1ed86a21af04e853397ebb6ed7ebcab35809813,RESOLVED,1,reports/MONTGOMERY_CBMC_A_TO_Z_CORRECTED_EVIDENCE_RECORD.md,69d165308a6f39f0227deaf9b1ed86a21af04e853397ebb6ed7ebcab35809813,RESOLVED_HASH_MATCH,1
PR-C14-003,14,UNASSISTED,mlk_montgomery_reduce; candidate mlk_fqmul and mlk_poly_tomont_c families,MONT-T1.P3,Unique signed-16 decomposition,Montgomery reduction refinement,af4c5abdd5958bdc65a03cd5ee86708264f93304,ML-KEM-768 build,"a in complete source-contract domain [-2038398974,2038398974]",Arithmetic-right-shift model; complete target source contract; independent oracle,the result/witness decomposition is unique in the registered signed-16 ranges,MONT-T1 audited assertion family (12 required assertions),SUPPORTED,YES,YES,SUPPORTED,3/3 selected T1 mutants killed,The exact T1 reduction/refinement relation is supported over the full legal domain.,Does not establish every Montgomery arithmetic property.,LOC-C14-UA,ALL VERIFICATION COMPELETED SUMMARY/MONTGOMERY_CBMC_A_TO_Z_CORRECTED_EVIDENCE_RECORD.md,COMPLETE,ALL_VERIFICATION_COMPELETED_SUMMARY_PROFESSOR_CLEANED_CODEX_RECORDED(1).zip,744a348bda13e3f6a8adafcca9411bd2ffb717b7fe016c2341a159a574a85389,ALL VERIFICATION COMPELETED SUMMARY/MONTGOMERY_CBMC_A_TO_Z_CORRECTED_EVIDENCE_RECORD.md,69d165308a6f39f0227deaf9b1ed86a21af04e853397ebb6ed7ebcab35809813,RESOLVED,1,reports/MONTGOMERY_CBMC_A_TO_Z_CORRECTED_EVIDENCE_RECORD.md,69d165308a6f39f0227deaf9b1ed86a21af04e853397ebb6ed7ebcab35809813,RESOLVED_HASH_MATCH,1
PR-C14-004,14,UNASSISTED,mlk_montgomery_reduce; candidate mlk_fqmul and mlk_poly_tomont_c families,MONT-T1.P4,Sharp full-domain output bound,Montgomery reduction refinement,af4c5abdd5958bdc65a03cd5ee86708264f93304,ML-KEM-768 build,"a in complete source-contract domain [-2038398974,2038398974]",Arithmetic-right-shift model; complete target source contract; independent oracle,-32767 <= reduce(a) <= 32767 for the complete source-contract domain,MONT-T1 audited assertion family (12 required assertions),SUPPORTED,YES,YES,SUPPORTED,3/3 selected T1 mutants killed,The exact T1 reduction/refinement relation is supported over the full legal domain.,Does not establish every Montgomery arithmetic property.,LOC-C14-UA,ALL VERIFICATION COMPELETED SUMMARY/MONTGOMERY_CBMC_A_TO_Z_CORRECTED_EVIDENCE_RECORD.md,COMPLETE,ALL_VERIFICATION_COMPELETED_SUMMARY_PROFESSOR_CLEANED_CODEX_RECORDED(1).zip,744a348bda13e3f6a8adafcca9411bd2ffb717b7fe016c2341a159a574a85389,ALL VERIFICATION COMPELETED SUMMARY/MONTGOMERY_CBMC_A_TO_Z_CORRECTED_EVIDENCE_RECORD.md,69d165308a6f39f0227deaf9b1ed86a21af04e853397ebb6ed7ebcab35809813,RESOLVED,1,reports/MONTGOMERY_CBMC_A_TO_Z_CORRECTED_EVIDENCE_RECORD.md,69d165308a6f39f0227deaf9b1ed86a21af04e853397ebb6ed7ebcab35809813,RESOLVED_HASH_MATCH,1
PR-C14-005,14,UNASSISTED,mlk_montgomery_reduce; candidate mlk_fqmul and mlk_poly_tomont_c families,MONT-T1.P5,Endpoint attainability,Montgomery reduction refinement,af4c5abdd5958bdc65a03cd5ee86708264f93304,ML-KEM-768 build,"a in complete source-contract domain [-2038398974,2038398974]",Arithmetic-right-shift model; complete target source contract; independent oracle,both -32767 and 32767 occur at registered legal inputs,MONT-T1 audited assertion family (12 required assertions),SUPPORTED,YES,YES,SUPPORTED,3/3 selected T1 mutants killed,The exact T1 reduction/refinement relation is supported over the full legal domain.,Does not establish every Montgomery arithmetic property.,LOC-C14-UA,ALL VERIFICATION COMPELETED SUMMARY/MONTGOMERY_CBMC_A_TO_Z_CORRECTED_EVIDENCE_RECORD.md,COMPLETE,ALL_VERIFICATION_COMPELETED_SUMMARY_PROFESSOR_CLEANED_CODEX_RECORDED(1).zip,744a348bda13e3f6a8adafcca9411bd2ffb717b7fe016c2341a159a574a85389,ALL VERIFICATION COMPELETED SUMMARY/MONTGOMERY_CBMC_A_TO_Z_CORRECTED_EVIDENCE_RECORD.md,69d165308a6f39f0227deaf9b1ed86a21af04e853397ebb6ed7ebcab35809813,RESOLVED,1,reports/MONTGOMERY_CBMC_A_TO_Z_CORRECTED_EVIDENCE_RECORD.md,69d165308a6f39f0227deaf9b1ed86a21af04e853397ebb6ed7ebcab35809813,RESOLVED_HASH_MATCH,1
PR-C14-006,14,UNASSISTED,mlk_montgomery_reduce; candidate mlk_fqmul and mlk_poly_tomont_c families,MONT-T2.P1,Canonical low-word normalization,Relational Montgomery candidate,af4c5abdd5958bdc65a03cd5ee86708264f93304,ML-KEM-768 build,Complete legal input constraints plus property-specific fibre/translation premise,Candidate harness designed and executed; no completed solver verdict,"normalized low words lie in [0,65535]",MONT-T2 candidate harness,RESOURCE_LIMITED_INCONCLUSIVE,ATTEMPTED,YES,ATTEMPT-SPECIFIC,No authentic accepted mutation result,Retained as a technically specified unresolved candidate.,"Must not be described as passed, verified or refuted.",LOC-C14-UA,ALL VERIFICATION COMPELETED SUMMARY/MONTGOMERY_CBMC_A_TO_Z_CORRECTED_EVIDENCE_RECORD.md,COMPLETE,ALL_VERIFICATION_COMPELETED_SUMMARY_PROFESSOR_CLEANED_CODEX_RECORDED(1).zip,744a348bda13e3f6a8adafcca9411bd2ffb717b7fe016c2341a159a574a85389,ALL VERIFICATION COMPELETED SUMMARY/MONTGOMERY_CBMC_A_TO_Z_CORRECTED_EVIDENCE_RECORD.md,69d165308a6f39f0227deaf9b1ed86a21af04e853397ebb6ed7ebcab35809813,RESOLVED,1,reports/MONTGOMERY_CBMC_A_TO_Z_CORRECTED_EVIDENCE_RECORD.md,69d165308a6f39f0227deaf9b1ed86a21af04e853397ebb6ed7ebcab35809813,RESOLVED_HASH_MATCH,1
PR-C14-007,14,UNASSISTED,mlk_montgomery_reduce; candidate mlk_fqmul and mlk_poly_tomont_c families,MONT-T2.P2,Relational scaled-residue law,Relational Montgomery candidate,af4c5abdd5958bdc65a03cd5ee86708264f93304,ML-KEM-768 build,Complete legal input constraints plus property-specific fibre/translation premise,Candidate harness designed and executed; no completed solver verdict,(reduce(b)-reduce(a))*R ≡ b-a (mod q),MONT-T2 candidate harness,RESOURCE_LIMITED_INCONCLUSIVE,ATTEMPTED,YES,ATTEMPT-SPECIFIC,No authentic accepted mutation result,Retained as a technically specified unresolved candidate.,"Must not be described as passed, verified or refuted.",LOC-C14-UA,ALL VERIFICATION COMPELETED SUMMARY/MONTGOMERY_CBMC_A_TO_Z_CORRECTED_EVIDENCE_RECORD.md,COMPLETE,ALL_VERIFICATION_COMPELETED_SUMMARY_PROFESSOR_CLEANED_CODEX_RECORDED(1).zip,744a348bda13e3f6a8adafcca9411bd2ffb717b7fe016c2341a159a574a85389,ALL VERIFICATION COMPELETED SUMMARY/MONTGOMERY_CBMC_A_TO_Z_CORRECTED_EVIDENCE_RECORD.md,69d165308a6f39f0227deaf9b1ed86a21af04e853397ebb6ed7ebcab35809813,RESOLVED,1,reports/MONTGOMERY_CBMC_A_TO_Z_CORRECTED_EVIDENCE_RECORD.md,69d165308a6f39f0227deaf9b1ed86a21af04e853397ebb6ed7ebcab35809813,RESOLVED_HASH_MATCH,1
PR-C14-008,14,UNASSISTED,mlk_montgomery_reduce; candidate mlk_fqmul and mlk_poly_tomont_c families,MONT-T2.P3,Equal-low-word affine law,Relational Montgomery candidate,af4c5abdd5958bdc65a03cd5ee86708264f93304,ML-KEM-768 build,Complete legal input constraints plus property-specific fibre/translation premise,Candidate harness designed and executed; no completed solver verdict,same canonical low 16 bits => reduce(b)-reduce(a)=(b-a)/R,MONT-T2 candidate harness,RESOURCE_LIMITED_INCONCLUSIVE,ATTEMPTED,YES,ATTEMPT-SPECIFIC,No authentic accepted mutation result,Retained as a technically specified unresolved candidate.,"Must not be described as passed, verified or refuted.",LOC-C14-UA,ALL VERIFICATION COMPELETED SUMMARY/MONTGOMERY_CBMC_A_TO_Z_CORRECTED_EVIDENCE_RECORD.md,COMPLETE,ALL_VERIFICATION_COMPELETED_SUMMARY_PROFESSOR_CLEANED_CODEX_RECORDED(1).zip,744a348bda13e3f6a8adafcca9411bd2ffb717b7fe016c2341a159a574a85389,ALL VERIFICATION COMPELETED SUMMARY/MONTGOMERY_CBMC_A_TO_Z_CORRECTED_EVIDENCE_RECORD.md,69d165308a6f39f0227deaf9b1ed86a21af04e853397ebb6ed7ebcab35809813,RESOLVED,1,reports/MONTGOMERY_CBMC_A_TO_Z_CORRECTED_EVIDENCE_RECORD.md,69d165308a6f39f0227deaf9b1ed86a21af04e853397ebb6ed7ebcab35809813,RESOLVED_HASH_MATCH,1
PR-C14-009,14,UNASSISTED,mlk_montgomery_reduce; candidate mlk_fqmul and mlk_poly_tomont_c families,MONT-T2.P4,Injectivity inside low-word fibre,Relational Montgomery candidate,af4c5abdd5958bdc65a03cd5ee86708264f93304,ML-KEM-768 build,Complete legal input constraints plus property-specific fibre/translation premise,Candidate harness designed and executed; no completed solver verdict,"under equal-low-word premise, reduce(a)=reduce(b) iff a=b",MONT-T2 candidate harness,RESOURCE_LIMITED_INCONCLUSIVE,ATTEMPTED,YES,ATTEMPT-SPECIFIC,No authentic accepted mutation result,Retained as a technically specified unresolved candidate.,"Must not be described as passed, verified or refuted.",LOC-C14-UA,ALL VERIFICATION COMPELETED SUMMARY/MONTGOMERY_CBMC_A_TO_Z_CORRECTED_EVIDENCE_RECORD.md,COMPLETE,ALL_VERIFICATION_COMPELETED_SUMMARY_PROFESSOR_CLEANED_CODEX_RECORDED(1).zip,744a348bda13e3f6a8adafcca9411bd2ffb717b7fe016c2341a159a574a85389,ALL VERIFICATION COMPELETED SUMMARY/MONTGOMERY_CBMC_A_TO_Z_CORRECTED_EVIDENCE_RECORD.md,69d165308a6f39f0227deaf9b1ed86a21af04e853397ebb6ed7ebcab35809813,RESOLVED,1,reports/MONTGOMERY_CBMC_A_TO_Z_CORRECTED_EVIDENCE_RECORD.md,69d165308a6f39f0227deaf9b1ed86a21af04e853397ebb6ed7ebcab35809813,RESOLVED_HASH_MATCH,1
PR-C14-010,14,UNASSISTED,mlk_montgomery_reduce; candidate mlk_fqmul and mlk_poly_tomont_c families,MONT-T2.P5,General fibre translation,Relational Montgomery candidate,af4c5abdd5958bdc65a03cd5ee86708264f93304,ML-KEM-768 build,Complete legal input constraints plus property-specific fibre/translation premise,Candidate harness designed and executed; no completed solver verdict,reduce(a+kR)=reduce(a)+k whenever both inputs remain legal,MONT-T2 candidate harness,RESOURCE_LIMITED_INCONCLUSIVE,ATTEMPTED,YES,ATTEMPT-SPECIFIC,No authentic accepted mutation result,Retained as a technically specified unresolved candidate.,"Must not be described as passed, verified or refuted.",LOC-C14-UA,ALL VERIFICATION COMPELETED SUMMARY/MONTGOMERY_CBMC_A_TO_Z_CORRECTED_EVIDENCE_RECORD.md,COMPLETE,ALL_VERIFICATION_COMPELETED_SUMMARY_PROFESSOR_CLEANED_CODEX_RECORDED(1).zip,744a348bda13e3f6a8adafcca9411bd2ffb717b7fe016c2341a159a574a85389,ALL VERIFICATION COMPELETED SUMMARY/MONTGOMERY_CBMC_A_TO_Z_CORRECTED_EVIDENCE_RECORD.md,69d165308a6f39f0227deaf9b1ed86a21af04e853397ebb6ed7ebcab35809813,RESOLVED,1,reports/MONTGOMERY_CBMC_A_TO_Z_CORRECTED_EVIDENCE_RECORD.md,69d165308a6f39f0227deaf9b1ed86a21af04e853397ebb6ed7ebcab35809813,RESOLVED_HASH_MATCH,1
PR-C14-011,14,UNASSISTED,mlk_montgomery_reduce; candidate mlk_fqmul and mlk_poly_tomont_c families,MONT-T3.P1,Independent multiplication refinement,Montgomery multiplication candidate,af4c5abdd5958bdc65a03cd5ee86708264f93304,ML-KEM-768 build,int16 first operand; signed-canonical second operand and property-specific normalized domains,Candidate model canonicalizes residues before comparison,fqmul agrees modulo q with an independent Montgomery-product model,MONT-T3 candidate harness,RESOURCE_LIMITED_INCONCLUSIVE,ATTEMPTED,YES,ATTEMPT-SPECIFIC,No authentic accepted mutation result,Retained as a technically specified unresolved candidate family.,No completed proof of mlk_fqmul algebra or additional reduction claim.,LOC-C14-UA,ALL VERIFICATION COMPELETED SUMMARY/MONTGOMERY_CBMC_A_TO_Z_CORRECTED_EVIDENCE_RECORD.md,COMPLETE,ALL_VERIFICATION_COMPELETED_SUMMARY_PROFESSOR_CLEANED_CODEX_RECORDED(1).zip,744a348bda13e3f6a8adafcca9411bd2ffb717b7fe016c2341a159a574a85389,ALL VERIFICATION COMPELETED SUMMARY/MONTGOMERY_CBMC_A_TO_Z_CORRECTED_EVIDENCE_RECORD.md,69d165308a6f39f0227deaf9b1ed86a21af04e853397ebb6ed7ebcab35809813,RESOLVED,1,reports/MONTGOMERY_CBMC_A_TO_Z_CORRECTED_EVIDENCE_RECORD.md,69d165308a6f39f0227deaf9b1ed86a21af04e853397ebb6ed7ebcab35809813,RESOLVED_HASH_MATCH,1
PR-C14-012,14,UNASSISTED,mlk_montgomery_reduce; candidate mlk_fqmul and mlk_poly_tomont_c families,MONT-T3.P2,Normalized commutativity,Montgomery multiplication candidate,af4c5abdd5958bdc65a03cd5ee86708264f93304,ML-KEM-768 build,int16 first operand; signed-canonical second operand and property-specific normalized domains,Candidate model canonicalizes residues before comparison,"normalized fqmul(a,b)=normalized fqmul(b,a)",MONT-T3 candidate harness,RESOURCE_LIMITED_INCONCLUSIVE,ATTEMPTED,YES,ATTEMPT-SPECIFIC,No authentic accepted mutation result,Retained as a technically specified unresolved candidate family.,No completed proof of mlk_fqmul algebra or additional reduction claim.,LOC-C14-UA,ALL VERIFICATION COMPELETED SUMMARY/MONTGOMERY_CBMC_A_TO_Z_CORRECTED_EVIDENCE_RECORD.md,COMPLETE,ALL_VERIFICATION_COMPELETED_SUMMARY_PROFESSOR_CLEANED_CODEX_RECORDED(1).zip,744a348bda13e3f6a8adafcca9411bd2ffb717b7fe016c2341a159a574a85389,ALL VERIFICATION COMPELETED SUMMARY/MONTGOMERY_CBMC_A_TO_Z_CORRECTED_EVIDENCE_RECORD.md,69d165308a6f39f0227deaf9b1ed86a21af04e853397ebb6ed7ebcab35809813,RESOLVED,1,reports/MONTGOMERY_CBMC_A_TO_Z_CORRECTED_EVIDENCE_RECORD.md,69d165308a6f39f0227deaf9b1ed86a21af04e853397ebb6ed7ebcab35809813,RESOLVED_HASH_MATCH,1
PR-C14-013,14,UNASSISTED,mlk_montgomery_reduce; candidate mlk_fqmul and mlk_poly_tomont_c families,MONT-T3.P3,Zero annihilation and reflection,Montgomery multiplication candidate,af4c5abdd5958bdc65a03cd5ee86708264f93304,ML-KEM-768 build,int16 first operand; signed-canonical second operand and property-specific normalized domains,Candidate model canonicalizes residues before comparison,"fqmul(a,0)=fqmul(0,b)=0 plus registered normalized reflection",MONT-T3 candidate harness,RESOURCE_LIMITED_INCONCLUSIVE,ATTEMPTED,YES,ATTEMPT-SPECIFIC,No authentic accepted mutation result,Retained as a technically specified unresolved candidate family.,No completed proof of mlk_fqmul algebra or additional reduction claim.,LOC-C14-UA,ALL VERIFICATION COMPELETED SUMMARY/MONTGOMERY_CBMC_A_TO_Z_CORRECTED_EVIDENCE_RECORD.md,COMPLETE,ALL_VERIFICATION_COMPELETED_SUMMARY_PROFESSOR_CLEANED_CODEX_RECORDED(1).zip,744a348bda13e3f6a8adafcca9411bd2ffb717b7fe016c2341a159a574a85389,ALL VERIFICATION COMPELETED SUMMARY/MONTGOMERY_CBMC_A_TO_Z_CORRECTED_EVIDENCE_RECORD.md,69d165308a6f39f0227deaf9b1ed86a21af04e853397ebb6ed7ebcab35809813,RESOLVED,1,reports/MONTGOMERY_CBMC_A_TO_Z_CORRECTED_EVIDENCE_RECORD.md,69d165308a6f39f0227deaf9b1ed86a21af04e853397ebb6ed7ebcab35809813,RESOLVED_HASH_MATCH,1
PR-C14-014,14,UNASSISTED,mlk_montgomery_reduce; candidate mlk_fqmul and mlk_poly_tomont_c families,MONT-T3.P4,Montgomery-one identity,Montgomery multiplication candidate,af4c5abdd5958bdc65a03cd5ee86708264f93304,ML-KEM-768 build,int16 first operand; signed-canonical second operand and property-specific normalized domains,Candidate model canonicalizes residues before comparison,normalized multiplication by R mod q=2285 is identity,MONT-T3 candidate harness,RESOURCE_LIMITED_INCONCLUSIVE,ATTEMPTED,YES,ATTEMPT-SPECIFIC,No authentic accepted mutation result,Retained as a technically specified unresolved candidate family.,No completed proof of mlk_fqmul algebra or additional reduction claim.,LOC-C14-UA,ALL VERIFICATION COMPELETED SUMMARY/MONTGOMERY_CBMC_A_TO_Z_CORRECTED_EVIDENCE_RECORD.md,COMPLETE,ALL_VERIFICATION_COMPELETED_SUMMARY_PROFESSOR_CLEANED_CODEX_RECORDED(1).zip,744a348bda13e3f6a8adafcca9411bd2ffb717b7fe016c2341a159a574a85389,ALL VERIFICATION COMPELETED SUMMARY/MONTGOMERY_CBMC_A_TO_Z_CORRECTED_EVIDENCE_RECORD.md,69d165308a6f39f0227deaf9b1ed86a21af04e853397ebb6ed7ebcab35809813,RESOLVED,1,reports/MONTGOMERY_CBMC_A_TO_Z_CORRECTED_EVIDENCE_RECORD.md,69d165308a6f39f0227deaf9b1ed86a21af04e853397ebb6ed7ebcab35809813,RESOLVED_HASH_MATCH,1
PR-C14-015,14,UNASSISTED,mlk_montgomery_reduce; candidate mlk_fqmul and mlk_poly_tomont_c families,MONT-T3.P5,Normalized distributivity,Montgomery multiplication candidate,af4c5abdd5958bdc65a03cd5ee86708264f93304,ML-KEM-768 build,int16 first operand; signed-canonical second operand and property-specific normalized domains,Candidate model canonicalizes residues before comparison,normalized Montgomery multiplication distributes over normalized modular addition,MONT-T3 candidate harness,RESOURCE_LIMITED_INCONCLUSIVE,ATTEMPTED,YES,ATTEMPT-SPECIFIC,No authentic accepted mutation result,Retained as a technically specified unresolved candidate family.,No completed proof of mlk_fqmul algebra or additional reduction claim.,LOC-C14-UA,ALL VERIFICATION COMPELETED SUMMARY/MONTGOMERY_CBMC_A_TO_Z_CORRECTED_EVIDENCE_RECORD.md,COMPLETE,ALL_VERIFICATION_COMPELETED_SUMMARY_PROFESSOR_CLEANED_CODEX_RECORDED(1).zip,744a348bda13e3f6a8adafcca9411bd2ffb717b7fe016c2341a159a574a85389,ALL VERIFICATION COMPELETED SUMMARY/MONTGOMERY_CBMC_A_TO_Z_CORRECTED_EVIDENCE_RECORD.md,69d165308a6f39f0227deaf9b1ed86a21af04e853397ebb6ed7ebcab35809813,RESOLVED,1,reports/MONTGOMERY_CBMC_A_TO_Z_CORRECTED_EVIDENCE_RECORD.md,69d165308a6f39f0227deaf9b1ed86a21af04e853397ebb6ed7ebcab35809813,RESOLVED_HASH_MATCH,1
PR-C14-016,14,UNASSISTED,mlk_montgomery_reduce; candidate mlk_fqmul and mlk_poly_tomont_c families,MONT-T3.P6,Normalized associativity,Montgomery multiplication candidate,af4c5abdd5958bdc65a03cd5ee86708264f93304,ML-KEM-768 build,int16 first operand; signed-canonical second operand and property-specific normalized domains,Candidate model canonicalizes residues before comparison,reassociated normalized products agree,MONT-T3 candidate harness,RESOURCE_LIMITED_INCONCLUSIVE,ATTEMPTED,YES,ATTEMPT-SPECIFIC,No authentic accepted mutation result,Retained as a technically specified unresolved candidate family.,No completed proof of mlk_fqmul algebra or additional reduction claim.,LOC-C14-UA,ALL VERIFICATION COMPELETED SUMMARY/MONTGOMERY_CBMC_A_TO_Z_CORRECTED_EVIDENCE_RECORD.md,COMPLETE,ALL_VERIFICATION_COMPELETED_SUMMARY_PROFESSOR_CLEANED_CODEX_RECORDED(1).zip,744a348bda13e3f6a8adafcca9411bd2ffb717b7fe016c2341a159a574a85389,ALL VERIFICATION COMPELETED SUMMARY/MONTGOMERY_CBMC_A_TO_Z_CORRECTED_EVIDENCE_RECORD.md,69d165308a6f39f0227deaf9b1ed86a21af04e853397ebb6ed7ebcab35809813,RESOLVED,1,reports/MONTGOMERY_CBMC_A_TO_Z_CORRECTED_EVIDENCE_RECORD.md,69d165308a6f39f0227deaf9b1ed86a21af04e853397ebb6ed7ebcab35809813,RESOLVED_HASH_MATCH,1
PR-C14-017,14,UNASSISTED,mlk_montgomery_reduce; candidate mlk_fqmul and mlk_poly_tomont_c families,MONT-T4.P1,De-Montgomery round trip,Polynomial Montgomery-conversion candidate,af4c5abdd5958bdc65a03cd5ee86708264f93304,ML-KEM-768 build,Registered ML-KEM-768 polynomial coefficient domain,Target is mlk_poly_tomont_c; supporting forward law T(A)[i]≡A[i]R mod q,reducing a converted coefficient recovers the original residue modulo q,MONT-T4 candidate harness,RESOURCE_LIMITED_INCONCLUSIVE,ATTEMPTED,YES,ATTEMPT-SPECIFIC,Synthetic success/mutation markers excluded,Retained as a technically specified unresolved candidate family.,No claim that a function named poly_montgomery_reduce was proved; no accepted portable-C conversion result.,LOC-C14-UA,ALL VERIFICATION COMPELETED SUMMARY/MONTGOMERY_CBMC_A_TO_Z_CORRECTED_EVIDENCE_RECORD.md,COMPLETE,ALL_VERIFICATION_COMPELETED_SUMMARY_PROFESSOR_CLEANED_CODEX_RECORDED(1).zip,744a348bda13e3f6a8adafcca9411bd2ffb717b7fe016c2341a159a574a85389,ALL VERIFICATION COMPELETED SUMMARY/MONTGOMERY_CBMC_A_TO_Z_CORRECTED_EVIDENCE_RECORD.md,69d165308a6f39f0227deaf9b1ed86a21af04e853397ebb6ed7ebcab35809813,RESOLVED,1,reports/MONTGOMERY_CBMC_A_TO_Z_CORRECTED_EVIDENCE_RECORD.md,69d165308a6f39f0227deaf9b1ed86a21af04e853397ebb6ed7ebcab35809813,RESOLVED_HASH_MATCH,1
PR-C14-018,14,UNASSISTED,mlk_montgomery_reduce; candidate mlk_fqmul and mlk_poly_tomont_c families,MONT-T4.P2,Residue-vector equivalence preservation,Polynomial Montgomery-conversion candidate,af4c5abdd5958bdc65a03cd5ee86708264f93304,ML-KEM-768 build,Registered ML-KEM-768 polynomial coefficient domain,Target is mlk_poly_tomont_c; supporting forward law T(A)[i]≡A[i]R mod q,coefficientwise residue-equivalent inputs produce equivalent converted outputs,MONT-T4 candidate harness,RESOURCE_LIMITED_INCONCLUSIVE,ATTEMPTED,YES,ATTEMPT-SPECIFIC,Synthetic success/mutation markers excluded,Retained as a technically specified unresolved candidate family.,No claim that a function named poly_montgomery_reduce was proved; no accepted portable-C conversion result.,LOC-C14-UA,ALL VERIFICATION COMPELETED SUMMARY/MONTGOMERY_CBMC_A_TO_Z_CORRECTED_EVIDENCE_RECORD.md,COMPLETE,ALL_VERIFICATION_COMPELETED_SUMMARY_PROFESSOR_CLEANED_CODEX_RECORDED(1).zip,744a348bda13e3f6a8adafcca9411bd2ffb717b7fe016c2341a159a574a85389,ALL VERIFICATION COMPELETED SUMMARY/MONTGOMERY_CBMC_A_TO_Z_CORRECTED_EVIDENCE_RECORD.md,69d165308a6f39f0227deaf9b1ed86a21af04e853397ebb6ed7ebcab35809813,RESOLVED,1,reports/MONTGOMERY_CBMC_A_TO_Z_CORRECTED_EVIDENCE_RECORD.md,69d165308a6f39f0227deaf9b1ed86a21af04e853397ebb6ed7ebcab35809813,RESOLVED_HASH_MATCH,1
PR-C14-019,14,UNASSISTED,mlk_montgomery_reduce; candidate mlk_fqmul and mlk_poly_tomont_c families,MONT-T4.P3,Residue-vector equivalence reflection,Polynomial Montgomery-conversion candidate,af4c5abdd5958bdc65a03cd5ee86708264f93304,ML-KEM-768 build,Registered ML-KEM-768 polynomial coefficient domain,Target is mlk_poly_tomont_c; supporting forward law T(A)[i]≡A[i]R mod q,equivalent converted outputs imply equivalent original inputs,MONT-T4 candidate harness,RESOURCE_LIMITED_INCONCLUSIVE,ATTEMPTED,YES,ATTEMPT-SPECIFIC,Synthetic success/mutation markers excluded,Retained as a technically specified unresolved candidate family.,No claim that a function named poly_montgomery_reduce was proved; no accepted portable-C conversion result.,LOC-C14-UA,ALL VERIFICATION COMPELETED SUMMARY/MONTGOMERY_CBMC_A_TO_Z_CORRECTED_EVIDENCE_RECORD.md,COMPLETE,ALL_VERIFICATION_COMPELETED_SUMMARY_PROFESSOR_CLEANED_CODEX_RECORDED(1).zip,744a348bda13e3f6a8adafcca9411bd2ffb717b7fe016c2341a159a574a85389,ALL VERIFICATION COMPELETED SUMMARY/MONTGOMERY_CBMC_A_TO_Z_CORRECTED_EVIDENCE_RECORD.md,69d165308a6f39f0227deaf9b1ed86a21af04e853397ebb6ed7ebcab35809813,RESOLVED,1,reports/MONTGOMERY_CBMC_A_TO_Z_CORRECTED_EVIDENCE_RECORD.md,69d165308a6f39f0227deaf9b1ed86a21af04e853397ebb6ed7ebcab35809813,RESOLVED_HASH_MATCH,1
PR-C14-020,14,UNASSISTED,mlk_montgomery_reduce; candidate mlk_fqmul and mlk_poly_tomont_c families,MONT-T4.P4,Zero-support preservation,Polynomial Montgomery-conversion candidate,af4c5abdd5958bdc65a03cd5ee86708264f93304,ML-KEM-768 build,Registered ML-KEM-768 polynomial coefficient domain,Target is mlk_poly_tomont_c; supporting forward law T(A)[i]≡A[i]R mod q,converted coefficient=0 mod q iff input coefficient=0 mod q,MONT-T4 candidate harness,RESOURCE_LIMITED_INCONCLUSIVE,ATTEMPTED,YES,ATTEMPT-SPECIFIC,Synthetic success/mutation markers excluded,Retained as a technically specified unresolved candidate family.,No claim that a function named poly_montgomery_reduce was proved; no accepted portable-C conversion result.,LOC-C14-UA,ALL VERIFICATION COMPELETED SUMMARY/MONTGOMERY_CBMC_A_TO_Z_CORRECTED_EVIDENCE_RECORD.md,COMPLETE,ALL_VERIFICATION_COMPELETED_SUMMARY_PROFESSOR_CLEANED_CODEX_RECORDED(1).zip,744a348bda13e3f6a8adafcca9411bd2ffb717b7fe016c2341a159a574a85389,ALL VERIFICATION COMPELETED SUMMARY/MONTGOMERY_CBMC_A_TO_Z_CORRECTED_EVIDENCE_RECORD.md,69d165308a6f39f0227deaf9b1ed86a21af04e853397ebb6ed7ebcab35809813,RESOLVED,1,reports/MONTGOMERY_CBMC_A_TO_Z_CORRECTED_EVIDENCE_RECORD.md,69d165308a6f39f0227deaf9b1ed86a21af04e853397ebb6ed7ebcab35809813,RESOLVED_HASH_MATCH,1
PR-C14-021,14,UNASSISTED,mlk_montgomery_reduce; candidate mlk_fqmul and mlk_poly_tomont_c families,MONT-T4.P5,Coefficient locality and no cross-talk,Polynomial Montgomery-conversion candidate,af4c5abdd5958bdc65a03cd5ee86708264f93304,ML-KEM-768 build,Registered ML-KEM-768 polynomial coefficient domain,Target is mlk_poly_tomont_c; supporting forward law T(A)[i]≡A[i]R mod q,agreement at k implies converted outputs agree at k independently of other coefficients,MONT-T4 candidate harness,RESOURCE_LIMITED_INCONCLUSIVE,ATTEMPTED,YES,ATTEMPT-SPECIFIC,Synthetic success/mutation markers excluded,Retained as a technically specified unresolved candidate family.,No claim that a function named poly_montgomery_reduce was proved; no accepted portable-C conversion result.,LOC-C14-UA,ALL VERIFICATION COMPELETED SUMMARY/MONTGOMERY_CBMC_A_TO_Z_CORRECTED_EVIDENCE_RECORD.md,COMPLETE,ALL_VERIFICATION_COMPELETED_SUMMARY_PROFESSOR_CLEANED_CODEX_RECORDED(1).zip,744a348bda13e3f6a8adafcca9411bd2ffb717b7fe016c2341a159a574a85389,ALL VERIFICATION COMPELETED SUMMARY/MONTGOMERY_CBMC_A_TO_Z_CORRECTED_EVIDENCE_RECORD.md,69d165308a6f39f0227deaf9b1ed86a21af04e853397ebb6ed7ebcab35809813,RESOLVED,1,reports/MONTGOMERY_CBMC_A_TO_Z_CORRECTED_EVIDENCE_RECORD.md,69d165308a6f39f0227deaf9b1ed86a21af04e853397ebb6ed7ebcab35809813,RESOLVED_HASH_MATCH,1
PR-SA-ADD-001,SA-ADD,SKILL_AVAILABLE,mlk_poly_add,SA-ADD-T1.P1,Common-addend difference invariance,Skill-available relational/compositional,d9613cf60de3132d32475c102d8c2781d84feb34,ML-KEM-768,Representable signed sums for both production executions,All nine skills invoked; outputs produced and configuration-level inspection recorded; semantic authority remained with Codex,(x+b)-(y+b)=x-y,Skill-available final harness and selected-claim mapping,SUPPORTED,YES,YES,SUPPORTED,Expected-failure/coverage controls retained in package,The named bounded property is technically supported in the retained skilled package.,"Does not establish that one skill caused selection/success, individual-skill effectiveness, general superiority or efficiency improvement.",LOC-SA-ADD,MLK_POLY_ADD_SKILL ASSISTED/01_A_TO_Z_MLK_POLY_ADD_SKILL_ASSISTED.md,COMPLETE,MLK_POLY_ADD_SKILL_ASSISTED_FINAL_RUN1_CLEAN.zip,76f49c93ed02e66d9d64618d365da5e3b026b49aa0bf5cc0c01d6885cca6de59,MLK_POLY_ADD_SKILL ASSISTED/01_A_TO_Z_MLK_POLY_ADD_SKILL_ASSISTED.md,b0f1d8ef05e48196450f03baba85265f433e8c17abe09e3accd8f87af025a0cb,RESOLVED,1,experiments/Skill-Assisted-codex-flows/MLK_POLY_ADD_SKILL ASSISTED/01_A_TO_Z_MLK_POLY_ADD_SKILL_ASSISTED.md,b0f1d8ef05e48196450f03baba85265f433e8c17abe09e3accd8f87af025a0cb,RESOLVED_HASH_MATCH,1
PR-SA-ADD-002,SA-ADD,SKILL_AVAILABLE,mlk_poly_add,SA-ADD-T1.P2,Equality preservation and reflection,Skill-available relational/compositional,d9613cf60de3132d32475c102d8c2781d84feb34,ML-KEM-768,Same domain as T1.P1,All nine skills invoked; outputs produced and configuration-level inspection recorded; semantic authority remained with Codex,"x=y iff add(x,b)=add(y,b)",Skill-available final harness and selected-claim mapping,SUPPORTED,YES,YES,SUPPORTED,Expected-failure/coverage controls retained in package,The named bounded property is technically supported in the retained skilled package.,"Does not establish that one skill caused selection/success, individual-skill effectiveness, general superiority or efficiency improvement.",LOC-SA-ADD,MLK_POLY_ADD_SKILL ASSISTED/01_A_TO_Z_MLK_POLY_ADD_SKILL_ASSISTED.md,COMPLETE,MLK_POLY_ADD_SKILL_ASSISTED_FINAL_RUN1_CLEAN.zip,76f49c93ed02e66d9d64618d365da5e3b026b49aa0bf5cc0c01d6885cca6de59,MLK_POLY_ADD_SKILL ASSISTED/01_A_TO_Z_MLK_POLY_ADD_SKILL_ASSISTED.md,b0f1d8ef05e48196450f03baba85265f433e8c17abe09e3accd8f87af025a0cb,RESOLVED,1,experiments/Skill-Assisted-codex-flows/MLK_POLY_ADD_SKILL ASSISTED/01_A_TO_Z_MLK_POLY_ADD_SKILL_ASSISTED.md,b0f1d8ef05e48196450f03baba85265f433e8c17abe09e3accd8f87af025a0cb,RESOLVED_HASH_MATCH,1
PR-SA-ADD-003,SA-ADD,SKILL_AVAILABLE,mlk_poly_add,SA-ADD-T2.P1,Disjoint-support sequential decomposition,Skill-available relational/compositional,d9613cf60de3132d32475c102d8c2781d84feb34,ML-KEM-768,All intermediate sums representable,All nine skills invoked; outputs produced and configuration-level inspection recorded; semantic authority remained with Codex,"add(a,b)=add(add(a,p),q) where p+q=b and supports are disjoint",Skill-available final harness and selected-claim mapping,SUPPORTED,YES,YES,SUPPORTED,Expected-failure/coverage controls retained in package,The named bounded property is technically supported in the retained skilled package.,"Does not establish that one skill caused selection/success, individual-skill effectiveness, general superiority or efficiency improvement.",LOC-SA-ADD,MLK_POLY_ADD_SKILL ASSISTED/01_A_TO_Z_MLK_POLY_ADD_SKILL_ASSISTED.md,COMPLETE,MLK_POLY_ADD_SKILL_ASSISTED_FINAL_RUN1_CLEAN.zip,76f49c93ed02e66d9d64618d365da5e3b026b49aa0bf5cc0c01d6885cca6de59,MLK_POLY_ADD_SKILL ASSISTED/01_A_TO_Z_MLK_POLY_ADD_SKILL_ASSISTED.md,b0f1d8ef05e48196450f03baba85265f433e8c17abe09e3accd8f87af025a0cb,RESOLVED,1,experiments/Skill-Assisted-codex-flows/MLK_POLY_ADD_SKILL ASSISTED/01_A_TO_Z_MLK_POLY_ADD_SKILL_ASSISTED.md,b0f1d8ef05e48196450f03baba85265f433e8c17abe09e3accd8f87af025a0cb,RESOLVED_HASH_MATCH,1
PR-SA-SUB-001,SA-SUB,SKILL_AVAILABLE,mlk_poly_sub,SA-SUB-T1.P1,Common-minuend difference reversal,Skill-available relational/compositional,d9613cf60de3132d32475c102d8c2781d84feb34,ML-KEM-768,Registered representability for four calls,All nine skills invoked; outputs produced and configuration-level inspection recorded; semantic authority remained with Codex,"sub(a,b)-sub(a,c)=c-b",Skill-available final harness and selected-claim mapping,SUPPORTED,YES,YES,SUPPORTED,Expected-failure/coverage controls retained in package,The named bounded property is technically supported in the retained skilled package.,"Does not establish that one skill caused selection/success, individual-skill effectiveness, general superiority or efficiency improvement.",LOC-SA-SUB,MLK_POLY_SUB_SKILL_ASSISTED_RECOVERED_VALIDATED_RUN1/01_A_TO_Z_MLK_POLY_SUB_SKILL_ASSISTED.md,COMPLETE,MLK_POLY_SUB_SKILL_ASSISTED_RECOVERED_VALIDATED_RUN1.zip,c3fa7e243a7a55515834cdda2336d3f1013d50a35c4bba7c6ddcb21658c8570b,MLK_POLY_SUB_SKILL_ASSISTED_RECOVERED_VALIDATED_RUN1/01_A_TO_Z_MLK_POLY_SUB_SKILL_ASSISTED.md,3476ddea5244bae9c13d93da155316a64b7a68e9ca827f83fbc61ce0cd3b6264,RESOLVED,1,experiments/Skill-Assisted-codex-flows/MLK_POLY_SUB_SKILL_ASSISTED_RECOVERED_VALIDATED_RUN1/01_A_TO_Z_MLK_POLY_SUB_SKILL_ASSISTED.md,3476ddea5244bae9c13d93da155316a64b7a68e9ca827f83fbc61ce0cd3b6264,RESOLVED_HASH_MATCH,1
PR-SA-SUB-002,SA-SUB,SKILL_AVAILABLE,mlk_poly_sub,SA-SUB-T2.P1,Sequential subtrahend aggregation,Skill-available relational/compositional,d9613cf60de3132d32475c102d8c2781d84feb34,ML-KEM-768,Registered representability; harness aggregate b+c,All nine skills invoked; outputs produced and configuration-level inspection recorded; semantic authority remained with Codex,"sub(sub(a,b),c)=sub(a,b+c)",Skill-available final harness and selected-claim mapping,SUPPORTED,YES,YES,SUPPORTED,Expected-failure/coverage controls retained in package,The named bounded property is technically supported in the retained skilled package.,"Does not establish that one skill caused selection/success, individual-skill effectiveness, general superiority or efficiency improvement.",LOC-SA-SUB,MLK_POLY_SUB_SKILL_ASSISTED_RECOVERED_VALIDATED_RUN1/01_A_TO_Z_MLK_POLY_SUB_SKILL_ASSISTED.md,COMPLETE,MLK_POLY_SUB_SKILL_ASSISTED_RECOVERED_VALIDATED_RUN1.zip,c3fa7e243a7a55515834cdda2336d3f1013d50a35c4bba7c6ddcb21658c8570b,MLK_POLY_SUB_SKILL_ASSISTED_RECOVERED_VALIDATED_RUN1/01_A_TO_Z_MLK_POLY_SUB_SKILL_ASSISTED.md,3476ddea5244bae9c13d93da155316a64b7a68e9ca827f83fbc61ce0cd3b6264,RESOLVED,1,experiments/Skill-Assisted-codex-flows/MLK_POLY_SUB_SKILL_ASSISTED_RECOVERED_VALIDATED_RUN1/01_A_TO_Z_MLK_POLY_SUB_SKILL_ASSISTED.md,3476ddea5244bae9c13d93da155316a64b7a68e9ca827f83fbc61ce0cd3b6264,RESOLVED_HASH_MATCH,1
PR-SA-BR-001,SA-BR,SKILL_AVAILABLE,mlk_barrett_reduce,SA-BR-T1.P1,Sign conjugacy,Skill-available relational/compositional,af4c5abdd5958bdc65a03cd5ee86708264f93304,ML-KEM-768 build,a in int16_t except INT16_MIN,All nine skills invoked; outputs produced and configuration-level inspection recorded; semantic authority remained with Codex,R(-a)=-R(a),Skill-available final harness and selected-claim mapping,SUPPORTED,YES,YES,SUPPORTED,Expected-failure/coverage controls retained in package,The named bounded property is technically supported in the retained skilled package.,"Does not establish that one skill caused selection/success, individual-skill effectiveness, general superiority or efficiency improvement.",LOC-SA-BR,MLK_BARRET_REDUCE_SKILL_ASSISTED_CLEAN_SUCCESS_2026-08-06/01_A_TO_Z_MLK_BARRET_REDUCE_SKILL_ASSISTED.md,COMPLETE,MLK_BARRET_REDUCE_SKILL_ASSISTED_CLEAN_SUCCESS_2026-08-06.zip,836b7c5379eae8cf2fd1238aa3092d87c1baf2ea489b90109b30fb1ca76be233,MLK_BARRET_REDUCE_SKILL_ASSISTED_CLEAN_SUCCESS_2026-08-06/01_A_TO_Z_MLK_BARRET_REDUCE_SKILL_ASSISTED.md,062a5c6f757242843af148b9131561fde9696489183758d08fe5931117662128,RESOLVED,1,experiments/Skill-Assisted-codex-flows/MLK_BARRET_REDUCE_SKILL_ASSISTED_CLEAN_SUCCESS_2026-08-06/01_A_TO_Z_MLK_BARRET_REDUCE_SKILL_ASSISTED.md,062a5c6f757242843af148b9131561fde9696489183758d08fe5931117662128,RESOLVED_HASH_MATCH,1
PR-SA-BR-002,SA-BR,SKILL_AVAILABLE,mlk_barrett_reduce,SA-BR-T1.P2,Quotient reversal,Skill-available relational/compositional,af4c5abdd5958bdc65a03cd5ee86708264f93304,ML-KEM-768 build,a in int16_t except INT16_MIN,All nine skills invoked; outputs produced and configuration-level inspection recorded; semantic authority remained with Codex,registered quotient witness changes sign under a -> -a,Skill-available final harness and selected-claim mapping,SUPPORTED,YES,YES,SUPPORTED,Expected-failure/coverage controls retained in package,The named bounded property is technically supported in the retained skilled package.,"Does not establish that one skill caused selection/success, individual-skill effectiveness, general superiority or efficiency improvement.",LOC-SA-BR,MLK_BARRET_REDUCE_SKILL_ASSISTED_CLEAN_SUCCESS_2026-08-06/01_A_TO_Z_MLK_BARRET_REDUCE_SKILL_ASSISTED.md,COMPLETE,MLK_BARRET_REDUCE_SKILL_ASSISTED_CLEAN_SUCCESS_2026-08-06.zip,836b7c5379eae8cf2fd1238aa3092d87c1baf2ea489b90109b30fb1ca76be233,MLK_BARRET_REDUCE_SKILL_ASSISTED_CLEAN_SUCCESS_2026-08-06/01_A_TO_Z_MLK_BARRET_REDUCE_SKILL_ASSISTED.md,062a5c6f757242843af148b9131561fde9696489183758d08fe5931117662128,RESOLVED,1,experiments/Skill-Assisted-codex-flows/MLK_BARRET_REDUCE_SKILL_ASSISTED_CLEAN_SUCCESS_2026-08-06/01_A_TO_Z_MLK_BARRET_REDUCE_SKILL_ASSISTED.md,062a5c6f757242843af148b9131561fde9696489183758d08fe5931117662128,RESOLVED_HASH_MATCH,1
PR-SA-BR-003,SA-BR,SKILL_AVAILABLE,mlk_barrett_reduce,SA-BR-T2.P1,Centered-addition closure with one correction,Skill-available relational/compositional,af4c5abdd5958bdc65a03cd5ee86708264f93304,ML-KEM-768 build,"Arbitrary int16_t a,b; no substantive assumptions",All nine skills invoked; outputs produced and configuration-level inspection recorded; semantic authority remained with Codex,"R(R(a)+R(b)) equals centered oracle of a+b and uses one correction in {-q,0,q}",Skill-available final harness and selected-claim mapping,SUPPORTED,YES,YES,SUPPORTED,Expected-failure/coverage controls retained in package,The named bounded property is technically supported in the retained skilled package.,"Does not establish that one skill caused selection/success, individual-skill effectiveness, general superiority or efficiency improvement.",LOC-SA-BR,MLK_BARRET_REDUCE_SKILL_ASSISTED_CLEAN_SUCCESS_2026-08-06/01_A_TO_Z_MLK_BARRET_REDUCE_SKILL_ASSISTED.md,COMPLETE,MLK_BARRET_REDUCE_SKILL_ASSISTED_CLEAN_SUCCESS_2026-08-06.zip,836b7c5379eae8cf2fd1238aa3092d87c1baf2ea489b90109b30fb1ca76be233,MLK_BARRET_REDUCE_SKILL_ASSISTED_CLEAN_SUCCESS_2026-08-06/01_A_TO_Z_MLK_BARRET_REDUCE_SKILL_ASSISTED.md,062a5c6f757242843af148b9131561fde9696489183758d08fe5931117662128,RESOLVED,1,experiments/Skill-Assisted-codex-flows/MLK_BARRET_REDUCE_SKILL_ASSISTED_CLEAN_SUCCESS_2026-08-06/01_A_TO_Z_MLK_BARRET_REDUCE_SKILL_ASSISTED.md,062a5c6f757242843af148b9131561fde9696489183758d08fe5931117662128,RESOLVED_HASH_MATCH,1
PR-SA-ZERO-001,SA-ZERO,SKILL_AVAILABLE,mlk_zeroize,SA-ZERO-T1.P1,Secret-history convergence after whole-object wipe,Skill-available relational/compositional,af4c5abdd5958bdc65a03cd5ee86708264f93304,ML-KEM-768 build; bounded objects,Valid bounded objects,All nine skills invoked; outputs produced and configuration-level inspection recorded; semantic authority remained with Codex,two objects differing in the wiped region become identical all-zero poststates with outer frame,Skill-available final harness and selected-claim mapping,SUPPORTED,YES,YES,SUPPORTED,Expected-failure/coverage controls retained in package,The named bounded property is technically supported in the retained skilled package.,"Does not establish that one skill caused selection/success, individual-skill effectiveness, general superiority or efficiency improvement.",LOC-SA-ZERO,MLK_POLY_Zerorize_SKILL ASSISTED/01_A_TO_Z_MLK_ZEROIZE_SKILL_ASSISTED.md,COMPLETE,MLK_POLY_Zerorize_SKILL_ASSISTED_EXECUTED_AF4C5ABD_RUN1_CLEAN.zip,c3cccffc859c3975acaf3e4d87f995ebf6257a5019c5d80f71ea80a662f33fe6,MLK_POLY_Zerorize_SKILL ASSISTED/01_A_TO_Z_MLK_ZEROIZE_SKILL_ASSISTED.md,7305653d80e9d545330e19e14212bef6cb56cf742c0e0b43a392e75a19b58c68,RESOLVED,1,experiments/Skill-Assisted-codex-flows/MLK_POLY_Zerorize_SKILL ASSISTED/01_A_TO_Z_MLK_ZEROIZE_SKILL_ASSISTED.md,7305653d80e9d545330e19e14212bef6cb56cf742c0e0b43a392e75a19b58c68,RESOLVED_HASH_MATCH,1
PR-SA-ZERO-002,SA-ZERO,SKILL_AVAILABLE,mlk_zeroize,SA-ZERO-T2.P1,Recovery after recontamination and re-wipe,Skill-available relational/compositional,af4c5abdd5958bdc65a03cd5ee86708264f93304,ML-KEM-768 build; bounded objects,Valid bounded object and nonempty subrange,All nine skills invoked; outputs produced and configuration-level inspection recorded; semantic authority remained with Codex,wipe outer region; recontaminate nonempty subrange; rewipe subrange => outer region all zero and frame preserved,Skill-available final harness and selected-claim mapping,SUPPORTED,YES,YES,SUPPORTED,Expected-failure/coverage controls retained in package,The named bounded property is technically supported in the retained skilled package.,"Does not establish that one skill caused selection/success, individual-skill effectiveness, general superiority or efficiency improvement.",LOC-SA-ZERO,MLK_POLY_Zerorize_SKILL ASSISTED/01_A_TO_Z_MLK_ZEROIZE_SKILL_ASSISTED.md,COMPLETE,MLK_POLY_Zerorize_SKILL_ASSISTED_EXECUTED_AF4C5ABD_RUN1_CLEAN.zip,c3cccffc859c3975acaf3e4d87f995ebf6257a5019c5d80f71ea80a662f33fe6,MLK_POLY_Zerorize_SKILL ASSISTED/01_A_TO_Z_MLK_ZEROIZE_SKILL_ASSISTED.md,7305653d80e9d545330e19e14212bef6cb56cf742c0e0b43a392e75a19b58c68,RESOLVED,1,experiments/Skill-Assisted-codex-flows/MLK_POLY_Zerorize_SKILL ASSISTED/01_A_TO_Z_MLK_ZEROIZE_SKILL_ASSISTED.md,7305653d80e9d545330e19e14212bef6cb56cf742c0e0b43a392e75a19b58c68,RESOLVED_HASH_MATCH,1
