artifact_record_id,locator_id,case_id,artifact_category,archive_path,resolved_public_path,expected_sha256,actual_sha256,candidate_count,status
REP-LOC-C01-UA-HARNESS-001,LOC-C01-UA,1,HARNESS,mlk_poly_add_cleanroom/PA 2/pa02_mlk_poly_add_full_signed_contract_valid_harness.c,experiments/poly-add/PA02-full-signed-contract-domain/curated-records/pa02_mlk_poly_add_full_signed_contract_valid_harness.c,e83d521e23f93c2435058598be5ef245bb02c554a4b7992dd8844418720c2ce2,e83d521e23f93c2435058598be5ef245bb02c554a4b7992dd8844418720c2ce2,8,RESOLVED_HASH_MATCH
REP-LOC-C01-UA-HARNESS-002,LOC-C01-UA,1,HARNESS,mlk_poly_add_cleanroom/PA 5/pa05a_mlk_poly_add_polyvec_production_callsite_harness.c,experiments/poly-add/PA05-production-callsites/curated-records/pa05a_mlk_poly_add_polyvec_production_callsite_harness.c,ef23dd1db28254c88fcf9216759dce7cade46138dc5fc6c2e56a59bcf101a87e,ef23dd1db28254c88fcf9216759dce7cade46138dc5fc6c2e56a59bcf101a87e,6,RESOLVED_HASH_MATCH
REP-LOC-C01-UA-HARNESS-003,LOC-C01-UA,1,HARNESS,mlk_poly_add_cleanroom/PA 5/pa05b_mlk_poly_add_indcpa_epp_callsite_harness.c,experiments/poly-add/PA05-production-callsites/curated-records/pa05b_mlk_poly_add_indcpa_epp_callsite_harness.c,8241d0631bb02aa7191e741fae1f2785e03e7c016b3a510dc74d7908c34ce7bc,8241d0631bb02aa7191e741fae1f2785e03e7c016b3a510dc74d7908c34ce7bc,6,RESOLVED_HASH_MATCH
REP-LOC-C01-UA-HARNESS-004,LOC-C01-UA,1,HARNESS,mlk_poly_add_cleanroom/PA 5/pa05c_mlk_poly_add_indcpa_k_sequential_callsite_harness.c,experiments/poly-add/PA05-production-callsites/curated-records/pa05c_mlk_poly_add_indcpa_k_sequential_callsite_harness.c,8fd2643b21675324cc2de2e9e65dd2deacd50f796ab288cab71cf1882f0fb6e0,8fd2643b21675324cc2de2e9e65dd2deacd50f796ab288cab71cf1882f0fb6e0,6,RESOLVED_HASH_MATCH
REP-LOC-C01-UA-HARNESS-005,LOC-C01-UA,1,HARNESS,mlk_poly_add_cleanroom/PA 8/pa08a_mlk_poly_add_boundary_hardening_harness.c,experiments/poly-add/PA08-vacuity-and-boundaries/curated-records/pa08a_mlk_poly_add_boundary_hardening_harness.c,1f7967136b275110519ba247f182d7f11ab4d36288493bd5e571d7a2dc584dee,1f7967136b275110519ba247f182d7f11ab4d36288493bd5e571d7a2dc584dee,4,RESOLVED_HASH_MATCH
REP-LOC-C01-UA-HARNESS-006,LOC-C01-UA,1,HARNESS,mlk_poly_add_cleanroom/PA 8/pa08b_mlk_poly_add_reachability_sentinel_harness.c,experiments/poly-add/PA08-vacuity-and-boundaries/curated-records/pa08b_mlk_poly_add_reachability_sentinel_harness.c,38fbbd821e2ac13c4a85fca813425b4cbafe15ec9f72ca54b85fce5599fc6428,38fbbd821e2ac13c4a85fca813425b4cbafe15ec9f72ca54b85fce5599fc6428,4,RESOLVED_HASH_MATCH
REP-LOC-C01-UA-HARNESS-007,LOC-C01-UA,1,HARNESS,mlk_poly_add_cleanroom/PA 8/pa08c_mlk_poly_add_upper_outside_boundary_harness.c,experiments/poly-add/PA08-vacuity-and-boundaries/curated-records/pa08c_mlk_poly_add_upper_outside_boundary_harness.c,36f2a6c423e1303570d25019db0d538e13a1f50135ae0f11e798636537fb891d,36f2a6c423e1303570d25019db0d538e13a1f50135ae0f11e798636537fb891d,4,RESOLVED_HASH_MATCH
REP-LOC-C01-UA-HARNESS-008,LOC-C01-UA,1,HARNESS,mlk_poly_add_cleanroom/PA 8/pa08d_mlk_poly_add_lower_outside_boundary_harness.c,experiments/poly-add/PA08-vacuity-and-boundaries/curated-records/pa08d_mlk_poly_add_lower_outside_boundary_harness.c,6e484118e522d54c67d043e2a9d209df8a64e3af290666bc3d74cbb8b5c425ed,6e484118e522d54c67d043e2a9d209df8a64e3af290666bc3d74cbb8b5c425ed,4,RESOLVED_HASH_MATCH
REP-LOC-C01-UA-COMMAND_OR_RUNNER-001,LOC-C01-UA,1,COMMAND_OR_RUNNER,mlk_poly_add_cleanroom/PA 2/run_pa02_mlk_poly_add_full_signed_cbmc.sh,support/ai-assisted-human-corrected-development-scripts/run_pa02_mlk_poly_add_full_signed_cbmc.sh,7068aa8be8e763e7622b7a5767031eb1fa6f4a557f4b9a0507befbb0c346ffee,7068aa8be8e763e7622b7a5767031eb1fa6f4a557f4b9a0507befbb0c346ffee,5,RESOLVED_HASH_MATCH
REP-LOC-C01-UA-COMMAND_OR_RUNNER-002,LOC-C01-UA,1,COMMAND_OR_RUNNER,mlk_poly_add_cleanroom/PA 5/run_pa05_mlk_poly_add_production_callsites.sh,support/ai-assisted-human-corrected-development-scripts/run_pa05_mlk_poly_add_production_callsites.sh,3547108f805d9a89e5c5121249de1c6e7d7db48a20636ecc5dd702f22b78a34d,3547108f805d9a89e5c5121249de1c6e7d7db48a20636ecc5dd702f22b78a34d,7,RESOLVED_HASH_MATCH
REP-LOC-C01-UA-COMMAND_OR_RUNNER-003,LOC-C01-UA,1,COMMAND_OR_RUNNER,mlk_poly_add_cleanroom/PA 8/run_pa08_mlk_poly_add_vacuity_boundary_campaign.sh,support/ai-assisted-human-corrected-development-scripts/run_pa08_mlk_poly_add_vacuity_boundary_campaign.sh,ff76bd70e3c876712a978127d10fc1f17788b1dda5818a8bbbc56c24e2f77859,ff76bd70e3c876712a978127d10fc1f17788b1dda5818a8bbbc56c24e2f77859,5,RESOLVED_HASH_MATCH
REP-LOC-C01-UA-COMMAND_OR_RUNNER-004,LOC-C01-UA,1,COMMAND_OR_RUNNER,mlk_poly_add_cleanroom/PA3/run_pa03_mlk_poly_add_unrestricted_negative_control.sh,support/ai-assisted-human-corrected-development-scripts/run_pa03_mlk_poly_add_unrestricted_negative_control.sh,d2a628b547ceae17713b995a99244c9bfef761b8993be060eb71518627317f5d,d2a628b547ceae17713b995a99244c9bfef761b8993be060eb71518627317f5d,7,RESOLVED_HASH_MATCH
REP-LOC-C01-UA-COMMAND_OR_RUNNER-005,LOC-C01-UA,1,COMMAND_OR_RUNNER,mlk_poly_add_cleanroom/PA4/run_pa04_mlk_poly_add_aliasing_campaign.sh,support/ai-assisted-human-corrected-development-scripts/run_pa04_mlk_poly_add_aliasing_campaign.sh,df15493e874057bc7e35516af8043be86399c131bc7f4a8ab99bd3744666a82c,df15493e874057bc7e35516af8043be86399c131bc7f4a8ab99bd3744666a82c,7,RESOLVED_HASH_MATCH
REP-LOC-C01-UA-COMMAND_OR_RUNNER-006,LOC-C01-UA,1,COMMAND_OR_RUNNER,mlk_poly_add_cleanroom/PA6/run_pa06_mlk_poly_add_cross_parameter_campaign.sh,support/ai-assisted-human-corrected-development-scripts/run_pa06_mlk_poly_add_cross_parameter_campaign.sh,7e88e942c81893a25f23c54ad3f4ee9115f5e4df1a849d924df7bbe8df967014,7e88e942c81893a25f23c54ad3f4ee9115f5e4df1a849d924df7bbe8df967014,7,RESOLVED_HASH_MATCH
REP-LOC-C01-UA-COMMAND_OR_RUNNER-007,LOC-C01-UA,1,COMMAND_OR_RUNNER,mlk_poly_add_cleanroom/PA7/run_pa07_mlk_poly_add_mutation_sensitivity(2).sh,experiments/poly-add/PA07-mutation-sensitivity/curated-records/run_pa07_mlk_poly_add_mutation_sensitivity(2).sh,905f081214b6f64e192b5d7744368e4b09957b511acfce8cea805002320701ce,905f081214b6f64e192b5d7744368e4b09957b511acfce8cea805002320701ce,1,RESOLVED_HASH_MATCH
REP-LOC-C01-UA-COMMAND_OR_RUNNER-008,LOC-C01-UA,1,COMMAND_OR_RUNNER,mlk_poly_add_cleanroom/PA 1/V1/run_cleanroom_mlk_poly_add_cbmc.sh,support/ai-assisted-human-corrected-development-scripts/run_cleanroom_mlk_poly_add_cbmc.sh,fabbbacd8c1bbde3c8cd5167a466d9b42d2d0870ecb81f36597ac149000b410f,fabbbacd8c1bbde3c8cd5167a466d9b42d2d0870ecb81f36597ac149000b410f,2,RESOLVED_HASH_MATCH
REP-LOC-C01-UA-RAW_RESULT-001,LOC-C01-UA,1,RAW_RESULT,mlk_poly_add_cleanroom/cleanroom_results/mlk_poly_add_768_20260716T010907Z/cbmc_output.json,experiments/poly-add/PA01-canonical-domain/raw-runs/mlk_poly_add_768_20260716T010907Z/cbmc_output.json,fc212e7f56c0b3f253c8bdf73c9108bab9ca7c11aaeb8b10ea6f2bd959493f3a,fc212e7f56c0b3f253c8bdf73c9108bab9ca7c11aaeb8b10ea6f2bd959493f3a,22,RESOLVED_HASH_MATCH
REP-LOC-C01-UA-RAW_RESULT-002,LOC-C01-UA,1,RAW_RESULT,mlk_poly_add_cleanroom/cleanroom_results/mlk_poly_add_768_20260716T010907Z/cbmc_output.txt,experiments/poly-add/PA01-canonical-domain/raw-runs/mlk_poly_add_768_20260716T010907Z/cbmc_output.txt,56ab0986578d5c5df4edeb29314c5742a92da07ab85888f47c58435e370c6916,56ab0986578d5c5df4edeb29314c5742a92da07ab85888f47c58435e370c6916,45,RESOLVED_HASH_MATCH
REP-LOC-C01-UA-RAW_RESULT-003,LOC-C01-UA,1,RAW_RESULT,mlk_poly_add_cleanroom/cleanroom_results/mlk_poly_add_768_20260716T013225Z/cbmc_output.json,experiments/poly-add/PA01-canonical-domain/raw-runs/mlk_poly_add_768_20260716T013225Z/cbmc_output.json,f3c7ec74a170f6ac83b4ee1e931542e7fc97e5c5ecd8e7a42ea62e1e3e4b0265,f3c7ec74a170f6ac83b4ee1e931542e7fc97e5c5ecd8e7a42ea62e1e3e4b0265,22,RESOLVED_HASH_MATCH
REP-LOC-C01-UA-RAW_RESULT-004,LOC-C01-UA,1,RAW_RESULT,mlk_poly_add_cleanroom/cleanroom_results/mlk_poly_add_768_20260716T013225Z/cbmc_output.txt,experiments/poly-add/PA01-canonical-domain/raw-runs/mlk_poly_add_768_20260716T013225Z/cbmc_output.txt,b3c64397ed3a4e8d175aa7390110ebb5a08d1547fe54ffbdf63f7209b0daee0d,b3c64397ed3a4e8d175aa7390110ebb5a08d1547fe54ffbdf63f7209b0daee0d,45,RESOLVED_HASH_MATCH
REP-LOC-C01-UA-RAW_RESULT-005,LOC-C01-UA,1,RAW_RESULT,mlk_poly_add_cleanroom/cleanroom_results/pa02a_mlk_poly_add_exact_signed_768_20260716T041805Z/cbmc_output.txt,experiments/poly-add/PA02-full-signed-contract-domain/raw-runs/pa02a_mlk_poly_add_exact_signed_768_20260716T041805Z/cbmc_output.txt,dd8e54e8ced60a2a83607f3a1a040c883fe5c18894016ec2486a38e689d95df9,dd8e54e8ced60a2a83607f3a1a040c883fe5c18894016ec2486a38e689d95df9,45,RESOLVED_HASH_MATCH
REP-LOC-C01-UA-RAW_RESULT-006,LOC-C01-UA,1,RAW_RESULT,mlk_poly_add_cleanroom/cleanroom_results/pa02b_mlk_poly_add_modq_refinement_768_20260716T045702Z/cbmc_output.txt,experiments/poly-add/PA02-full-signed-contract-domain/raw-runs/pa02b_mlk_poly_add_modq_refinement_768_20260716T045702Z/cbmc_output.txt,cd42916778b0ff06626b135975bc62f71061f3604fd8f5fc8c7a5797f0ff5163,cd42916778b0ff06626b135975bc62f71061f3604fd8f5fc8c7a5797f0ff5163,45,RESOLVED_HASH_MATCH
REP-LOC-C01-UA-RAW_RESULT-007,LOC-C01-UA,1,RAW_RESULT,mlk_poly_add_cleanroom/cleanroom_results/pa02c_mlk_poly_add_readonly_frame_768_20260716T053352Z/cbmc_output.txt,experiments/poly-add/PA02-full-signed-contract-domain/raw-runs/pa02c_mlk_poly_add_readonly_frame_768_20260716T053352Z/cbmc_output.txt,918ad41adf75baf799a7681c9de40e4bc7c63405e52438b2ea3a2a8b068a4266,918ad41adf75baf799a7681c9de40e4bc7c63405e52438b2ea3a2a8b068a4266,45,RESOLVED_HASH_MATCH
REP-LOC-C01-UA-RAW_RESULT-008,LOC-C01-UA,1,RAW_RESULT,mlk_poly_add_cleanroom/cleanroom_results/pa02d_mlk_poly_add_commutativity_768_20260716T053955Z/cbmc_output.txt,experiments/poly-add/PA02-full-signed-contract-domain/raw-runs/pa02d_mlk_poly_add_commutativity_768_20260716T053955Z/cbmc_output.txt,5d7f6a0d2f6bba0e78d67fcc489711cd2c92a66ac3d9be7523f10683c080a2e7,5d7f6a0d2f6bba0e78d67fcc489711cd2c92a66ac3d9be7523f10683c080a2e7,45,RESOLVED_HASH_MATCH
REP-LOC-C01-UA-MANIFEST_OR_HASH_RECORD-001,LOC-C01-UA,1,MANIFEST_OR_HASH_RECORD,mlk_poly_add_cleanroom/cleanroom_results/pa09_mlk_poly_add_provenance_20260716T135638Z/authored_manifest.csv,experiments/poly-add/PA09-provenance-and-novelty/raw-runs/pa09_mlk_poly_add_provenance_20260716T135638Z/authored_manifest.csv,6e52c4043b42a98ab9b9e0245d7debd83c3a65a4b9441814626c3d766229c752,6e52c4043b42a98ab9b9e0245d7debd83c3a65a4b9441814626c3d766229c752,2,RESOLVED_HASH_MATCH
REP-LOC-C01-UA-MANIFEST_OR_HASH_RECORD-002,LOC-C01-UA,1,MANIFEST_OR_HASH_RECORD,mlk_poly_add_cleanroom/cleanroom_results/pa09_mlk_poly_add_provenance_20260716T135638Z/authored_manifest.json,experiments/poly-add/PA09-provenance-and-novelty/raw-runs/pa09_mlk_poly_add_provenance_20260716T135638Z/authored_manifest.json,89c8d751b5a32aa16c8cd335fa2c0d86c530c6ea3591e1372a3f25a3c81f0c55,89c8d751b5a32aa16c8cd335fa2c0d86c530c6ea3591e1372a3f25a3c81f0c55,2,RESOLVED_HASH_MATCH
REP-LOC-C01-UA-MANIFEST_OR_HASH_RECORD-003,LOC-C01-UA,1,MANIFEST_OR_HASH_RECORD,mlk_poly_add_cleanroom/cleanroom_results/pa09_mlk_poly_add_provenance_20260716T135638Z/optional_report_manifest.csv,experiments/poly-add/PA09-provenance-and-novelty/raw-runs/pa09_mlk_poly_add_provenance_20260716T135638Z/optional_report_manifest.csv,46315d32da1a56898d912dbcf189c8ab5f38518be632f8234578abe469d43dec,46315d32da1a56898d912dbcf189c8ab5f38518be632f8234578abe469d43dec,2,RESOLVED_HASH_MATCH
REP-LOC-C01-UA-MANIFEST_OR_HASH_RECORD-004,LOC-C01-UA,1,MANIFEST_OR_HASH_RECORD,mlk_poly_add_cleanroom/cleanroom_results/pa09_mlk_poly_add_provenance_20260716T135638Z/optional_report_manifest.json,experiments/poly-add/PA09-provenance-and-novelty/raw-runs/pa09_mlk_poly_add_provenance_20260716T135638Z/optional_report_manifest.json,75e1f4b69813c99f4f6223525c01ab551821b512d0cb01393d6938165e9bba4c,75e1f4b69813c99f4f6223525c01ab551821b512d0cb01393d6938165e9bba4c,2,RESOLVED_HASH_MATCH
REP-LOC-C01-UA-MANIFEST_OR_HASH_RECORD-005,LOC-C01-UA,1,MANIFEST_OR_HASH_RECORD,mlk_poly_add_cleanroom/cleanroom_results/pa09_mlk_poly_add_provenance_20260716T135638Z/prior_run_summary_manifest.csv,experiments/poly-add/PA09-provenance-and-novelty/raw-runs/pa09_mlk_poly_add_provenance_20260716T135638Z/prior_run_summary_manifest.csv,f7f57bb6b67ebc21a824a41e7a21ec065768881e7ed63d3942cbfb6fa337c201,f7f57bb6b67ebc21a824a41e7a21ec065768881e7ed63d3942cbfb6fa337c201,2,RESOLVED_HASH_MATCH
REP-LOC-C01-UA-MANIFEST_OR_HASH_RECORD-006,LOC-C01-UA,1,MANIFEST_OR_HASH_RECORD,mlk_poly_add_cleanroom/cleanroom_results/pa09_mlk_poly_add_provenance_20260716T135638Z/prior_run_summary_manifest.json,experiments/poly-add/PA09-provenance-and-novelty/raw-runs/pa09_mlk_poly_add_provenance_20260716T135638Z/prior_run_summary_manifest.json,694618ad3a891d294276e73376b4e4141e99e0bd6414d0113bbd897d1de25fe0,694618ad3a891d294276e73376b4e4141e99e0bd6414d0113bbd897d1de25fe0,2,RESOLVED_HASH_MATCH
REP-LOC-C01-UA-MANIFEST_OR_HASH_RECORD-007,LOC-C01-UA,1,MANIFEST_OR_HASH_RECORD,mlk_poly_add_cleanroom/cleanroom_results/pa09_mlk_poly_add_provenance_20260716T135638Z/repository_manifest.csv,experiments/poly-add/PA09-provenance-and-novelty/raw-runs/pa09_mlk_poly_add_provenance_20260716T135638Z/repository_manifest.csv,d6f71083982d214ca5d5947e8a181a8c271721f8726b896f030393bfa7659656,d6f71083982d214ca5d5947e8a181a8c271721f8726b896f030393bfa7659656,2,RESOLVED_HASH_MATCH
REP-LOC-C01-UA-MANIFEST_OR_HASH_RECORD-008,LOC-C01-UA,1,MANIFEST_OR_HASH_RECORD,mlk_poly_add_cleanroom/cleanroom_results/pa09_mlk_poly_add_provenance_20260716T135638Z/repository_manifest.json,experiments/poly-add/PA09-provenance-and-novelty/raw-runs/pa09_mlk_poly_add_provenance_20260716T135638Z/repository_manifest.json,5988fd7cbc07c06f99f8230a6332abbe282825187162c95bb9f3d243ec872a26,5988fd7cbc07c06f99f8230a6332abbe282825187162c95bb9f3d243ec872a26,2,RESOLVED_HASH_MATCH
REP-LOC-C01-UA-COVERAGE_MUTATION_OR_CONTROL-001,LOC-C01-UA,1,COVERAGE_MUTATION_OR_CONTROL,mlk_poly_add_cleanroom/cleanroom_results/pa07_mlk_poly_add_mutation_20260716T131107Z/cbmc_version.txt,experiments/Skill-Assisted-codex-flows/MLK_BARRET_REDUCE_SKILL_ASSISTED_CLEAN_SUCCESS_2026-08-06/evidence/run_1/cbmc_version.txt,4094c5f260445841dce23bbe7f6c47bf1ace6993dc3560a4cbc7fbad83551a21,4094c5f260445841dce23bbe7f6c47bf1ace6993dc3560a4cbc7fbad83551a21,30,RESOLVED_HASH_MATCH
REP-LOC-C01-UA-COVERAGE_MUTATION_OR_CONTROL-002,LOC-C01-UA,1,COVERAGE_MUTATION_OR_CONTROL,mlk_poly_add_cleanroom/cleanroom_results/pa07_mlk_poly_add_mutation_20260716T131107Z/experiment_identity.txt,experiments/poly-add/PA07-mutation-sensitivity/raw-runs/pa07_mlk_poly_add_mutation_20260716T131107Z/experiment_identity.txt,921aa7705e9835cadab1e4d24ca045f8380e3710153a23f3a394dd5b9401c681,921aa7705e9835cadab1e4d24ca045f8380e3710153a23f3a394dd5b9401c681,26,RESOLVED_HASH_MATCH
REP-LOC-C01-UA-COVERAGE_MUTATION_OR_CONTROL-003,LOC-C01-UA,1,COVERAGE_MUTATION_OR_CONTROL,mlk_poly_add_cleanroom/cleanroom_results/pa07_mlk_poly_add_mutation_20260716T131107Z/goto_cc_version.txt,experiments/Skill-Assisted-codex-flows/MLK_BARRET_REDUCE_SKILL_ASSISTED_CLEAN_SUCCESS_2026-08-06/evidence/run_1/goto_cc_version.txt,8d07249d5272fa659937b6a8a8c5aab1d99f5771e2b29a6fb4a90dd67442785e,8d07249d5272fa659937b6a8a8c5aab1d99f5771e2b29a6fb4a90dd67442785e,30,RESOLVED_HASH_MATCH
REP-LOC-C01-UA-COVERAGE_MUTATION_OR_CONTROL-004,LOC-C01-UA,1,COVERAGE_MUTATION_OR_CONTROL,mlk_poly_add_cleanroom/cleanroom_results/pa07_mlk_poly_add_mutation_20260716T131107Z/mutant_source_sha256.txt,experiments/poly-add/PA07-mutation-sensitivity/raw-runs/pa07_mlk_poly_add_mutation_20260716T131107Z/mutant_source_sha256.txt,da1f7e217705a409a445989d0237412e598e52b208010487d44a19f72a3eaac5,da1f7e217705a409a445989d0237412e598e52b208010487d44a19f72a3eaac5,2,RESOLVED_HASH_MATCH
REP-LOC-C01-UA-COVERAGE_MUTATION_OR_CONTROL-005,LOC-C01-UA,1,COVERAGE_MUTATION_OR_CONTROL,mlk_poly_add_cleanroom/cleanroom_results/pa07_mlk_poly_add_mutation_20260716T131107Z/pa01_harness_sha256.txt,experiments/poly-add/PA07-mutation-sensitivity/raw-runs/pa07_mlk_poly_add_mutation_20260716T131107Z/pa01_harness_sha256.txt,96de96dcbaa378443895e6ab5b7b47d909af20c3b1375fa8b9dcc54f5a720407,96de96dcbaa378443895e6ab5b7b47d909af20c3b1375fa8b9dcc54f5a720407,2,RESOLVED_HASH_MATCH
REP-LOC-C01-UA-COVERAGE_MUTATION_OR_CONTROL-006,LOC-C01-UA,1,COVERAGE_MUTATION_OR_CONTROL,mlk_poly_add_cleanroom/cleanroom_results/pa07_mlk_poly_add_mutation_20260716T131107Z/pa02_harness_sha256.txt,experiments/poly-add/PA07-mutation-sensitivity/raw-runs/pa07_mlk_poly_add_mutation_20260716T131107Z/pa02_harness_sha256.txt,9499c97eb4b152b97cb1b6b195793db33103e18457b8655cbb529b1a6c000563,9499c97eb4b152b97cb1b6b195793db33103e18457b8655cbb529b1a6c000563,2,RESOLVED_HASH_MATCH
REP-LOC-C01-UA-COVERAGE_MUTATION_OR_CONTROL-007,LOC-C01-UA,1,COVERAGE_MUTATION_OR_CONTROL,mlk_poly_add_cleanroom/cleanroom_results/pa07_mlk_poly_add_mutation_20260716T131107Z/production_poly_c_sha256.txt,experiments/Skill-Assisted-codex-flows/MLK_BARRET_REDUCE_SKILL_ASSISTED_CLEAN_SUCCESS_2026-08-06/evidence/run_1/production_poly_c_sha256.txt,2357269b19ecfbca02111decab6f5de605dc8ff9a2d0f019ae9800753b56e8ca,2357269b19ecfbca02111decab6f5de605dc8ff9a2d0f019ae9800753b56e8ca,5,RESOLVED_HASH_MATCH
REP-LOC-C01-UA-COVERAGE_MUTATION_OR_CONTROL-008,LOC-C01-UA,1,COVERAGE_MUTATION_OR_CONTROL,mlk_poly_add_cleanroom/cleanroom_results/pa07_mlk_poly_add_mutation_20260716T131107Z/runner_sha256.txt,experiments/poly-add/PA07-mutation-sensitivity/raw-runs/pa07_mlk_poly_add_mutation_20260716T131107Z/runner_sha256.txt,9ed3007615c148ff348d293f899fd5bae62fcd7ef3a9813e3251a6ffd2b302be,9ed3007615c148ff348d293f899fd5bae62fcd7ef3a9813e3251a6ffd2b302be,20,RESOLVED_HASH_MATCH
REP-LOC-C02-UA-HARNESS-001,LOC-C02-UA,2,HARNESS,mlk_poly_sub_cleanroom/SUB00A_d9613cf60de3/harness_drafts_v1/sub_boundary_invalid_lower_harness.c,experiments/poly-sub/T02-relational-boundaries/curated-harnesses/sub_boundary_invalid_lower_harness.c,8469f8c5a40a1da2fdd95b05eb6c5c5e8783128196989f19bf437886e4ed6a9d,8469f8c5a40a1da2fdd95b05eb6c5c5e8783128196989f19bf437886e4ed6a9d,7,RESOLVED_HASH_MATCH
REP-LOC-C02-UA-HARNESS-002,LOC-C02-UA,2,HARNESS,mlk_poly_sub_cleanroom/SUB00A_d9613cf60de3/harness_drafts_v1/sub_boundary_invalid_upper_harness.c,experiments/poly-sub/T02-relational-boundaries/curated-harnesses/sub_boundary_invalid_upper_harness.c,4db500d2d8c7a1d79dda38ec466aa79ed2b48f9cec46fa932ad4be7012a7e623,4db500d2d8c7a1d79dda38ec466aa79ed2b48f9cec46fa932ad4be7012a7e623,7,RESOLVED_HASH_MATCH
REP-LOC-C02-UA-HARNESS-003,LOC-C02-UA,2,HARNESS,mlk_poly_sub_cleanroom/SUB00A_d9613cf60de3/harness_drafts_v1/sub_boundary_valid_extremes_harness.c,experiments/poly-sub/T02-relational-boundaries/curated-harnesses/sub_boundary_valid_extremes_harness.c,8f8d3a87cca7bfe5938f0db5ce0d8fe1829c03c3366d40a3aa17a084e7b48d6b,8f8d3a87cca7bfe5938f0db5ce0d8fe1829c03c3366d40a3aa17a084e7b48d6b,7,RESOLVED_HASH_MATCH
REP-LOC-C02-UA-HARNESS-004,LOC-C02-UA,2,HARNESS,mlk_poly_sub_cleanroom/SUB00A_d9613cf60de3/harness_drafts_v1/sub_cov_reachability_harness.c,experiments/poly-sub/T01-exact-semantics/curated-harnesses/sub_cov_reachability_harness.c,132c34161c8230eb14e86acc0cae3af52fbf6eb429a8e55233080337dc4415d7,132c34161c8230eb14e86acc0cae3af52fbf6eb429a8e55233080337dc4415d7,8,RESOLVED_HASH_MATCH
REP-LOC-C02-UA-HARNESS-005,LOC-C02-UA,2,HARNESS,mlk_poly_sub_cleanroom/SUB00A_d9613cf60de3/harness_drafts_v1/sub_t1_semantic_harness.c,experiments/poly-sub/T01-exact-semantics/curated-harnesses/sub_t1_semantic_harness.c,42c09c2f004d567d8b886058bd2304d960a219d36f0f6605b015966db3bc5682,42c09c2f004d567d8b886058bd2304d960a219d36f0f6605b015966db3bc5682,19,RESOLVED_HASH_MATCH
REP-LOC-C02-UA-HARNESS-006,LOC-C02-UA,2,HARNESS,mlk_poly_sub_cleanroom/SUB00A_d9613cf60de3/harness_drafts_v1/sub_t2_relational_harness.c,experiments/poly-sub/T02-relational-boundaries/curated-harnesses/sub_t2_relational_harness.c,ca54ad2d875f104cf6daca915bcfb71e491c3f899b3d877b70439868d80d1037,ca54ad2d875f104cf6daca915bcfb71e491c3f899b3d877b70439868d80d1037,7,RESOLVED_HASH_MATCH
REP-LOC-C02-UA-HARNESS-007,LOC-C02-UA,2,HARNESS,mlk_poly_sub_cleanroom/PROFESSOR_HARDEN_VC_SR1_2026-07-18/03_vc_sr1_reachable_only/source/vc_sr1_semantic_harness.c,experiments/poly-sub/T01-exact-semantics/curated-harnesses/(T1) VC_SR1_USED_HARNESSES/vc_sr1_semantic_harness.c,42c09c2f004d567d8b886058bd2304d960a219d36f0f6605b015966db3bc5682,42c09c2f004d567d8b886058bd2304d960a219d36f0f6605b015966db3bc5682,2,RESOLVED_HASH_MATCH
REP-LOC-C02-UA-HARNESS-008,LOC-C02-UA,2,HARNESS,mlk_poly_sub_cleanroom/PROFESSOR_HARDEN_VC_SR1_2026-07-18/05_mutation_assertion/source/m5_false_oracle_assertion_harness.c,experiments/poly-sub/T01-exact-semantics/curated-harnesses/(T1) VC_SR1_USED_HARNESSES/m5_false_oracle_assertion_harness.c,51de25599c6508268f8bc3c8e610925c7a7157b114fa0dc236e66875c225c18e,51de25599c6508268f8bc3c8e610925c7a7157b114fa0dc236e66875c225c18e,2,RESOLVED_HASH_MATCH
REP-LOC-C02-UA-COMMAND_OR_RUNNER-001,LOC-C02-UA,2,COMMAND_OR_RUNNER,mlk_poly_sub_cleanroom/SUB00A_d9613cf60de3/SUB00G_T1_MODE_A_MLKEM768_RUN1/cbmc_command.txt,experiments/poly-sub/T01-exact-semantics/raw-evidence/SUB00G_T1_MODE_A_MLKEM768_RUN1/cbmc_command.txt,d5d6fe0e5b182e09bd7c45529609c921f5409f4302bd33718f540af14460c365,d5d6fe0e5b182e09bd7c45529609c921f5409f4302bd33718f540af14460c365,140,RESOLVED_HASH_MATCH
REP-LOC-C02-UA-COMMAND_OR_RUNNER-002,LOC-C02-UA,2,COMMAND_OR_RUNNER,mlk_poly_sub_cleanroom/SUB00A_d9613cf60de3/SUB00H_T1_PRAGMA_SCOPED_MODE_A_MLKEM768_RUN1/cbmc_command.txt,experiments/poly-sub/T01-exact-semantics/raw-evidence/SUB00H_T1_PRAGMA_SCOPED_MODE_A_MLKEM768_RUN1/cbmc_command.txt,a860b613cc286aaa714edfaac3a3ece714cfbe798de08884881e1f646fc79c8b,a860b613cc286aaa714edfaac3a3ece714cfbe798de08884881e1f646fc79c8b,140,RESOLVED_HASH_MATCH
REP-LOC-C02-UA-COMMAND_OR_RUNNER-003,LOC-C02-UA,2,COMMAND_OR_RUNNER,mlk_poly_sub_cleanroom/PROFESSOR_HARDEN_VC_SR1_2026-07-18/01_callsite_representability/build/cbmc_command.txt,experiments/poly-sub/T01-exact-semantics/extended-hardening/01_callsite_representability/build/cbmc_command.txt,a9791df9982bd925d4c727ceec2a6968f53d92f47cfc0321f49f71c81c710b48,a9791df9982bd925d4c727ceec2a6968f53d92f47cfc0321f49f71c81c710b48,140,RESOLVED_HASH_MATCH
REP-LOC-C02-UA-COMMAND_OR_RUNNER-004,LOC-C02-UA,2,COMMAND_OR_RUNNER,mlk_poly_sub_cleanroom/PROFESSOR_HARDEN_VC_SR1_2026-07-18/02_oracle_equivalence/build/cbmc_command.txt,experiments/poly-sub/T01-exact-semantics/extended-hardening/02_oracle_equivalence/build/cbmc_command.txt,58e54db759dcfa2578950472b9c985ace0f807c23b1c3f0f08a0bcada249bd01,58e54db759dcfa2578950472b9c985ace0f807c23b1c3f0f08a0bcada249bd01,140,RESOLVED_HASH_MATCH
REP-LOC-C02-UA-COMMAND_OR_RUNNER-005,LOC-C02-UA,2,COMMAND_OR_RUNNER,mlk_poly_sub_cleanroom/SUB00A_d9613cf60de3/SUB00I_COVERAGE_NONVACUITY_PRAGMA_SCOPED_MLKEM768_RUN1/build/coverage_property_inventory_command.txt,experiments/poly-sub/T01-exact-semantics/raw-evidence/SUB00I_COVERAGE_NONVACUITY_PRAGMA_SCOPED_MLKEM768_RUN1/build/coverage_property_inventory_command.txt,5c6676f3a4ffe34d89504f3f9e1e4ee92bcf876980120dae6e1b5298b5295a39,5c6676f3a4ffe34d89504f3f9e1e4ee92bcf876980120dae6e1b5298b5295a39,2,RESOLVED_HASH_MATCH
REP-LOC-C02-UA-COMMAND_OR_RUNNER-006,LOC-C02-UA,2,COMMAND_OR_RUNNER,mlk_poly_sub_cleanroom/SUB00A_d9613cf60de3/SUB00I_COVERAGE_NONVACUITY_PRAGMA_SCOPED_MLKEM768_RUN1/result/cbmc_coverage_command.txt,experiments/poly-sub/T01-exact-semantics/raw-evidence/SUB00I_COVERAGE_NONVACUITY_PRAGMA_SCOPED_MLKEM768_RUN1/result/cbmc_coverage_command.txt,5711b29880d14673da55d2409649e83f3d3c83e23e91a4d7db4f3bea548f76d8,5711b29880d14673da55d2409649e83f3d3c83e23e91a4d7db4f3bea548f76d8,1,RESOLVED_HASH_MATCH
REP-LOC-C02-UA-COMMAND_OR_RUNNER-007,LOC-C02-UA,2,COMMAND_OR_RUNNER,mlk_poly_sub_cleanroom/SUB00A_d9613cf60de3/sub00f_mode_a_execution_freeze_v1/execution/run_01_sub_t1_mode_a_mlkem768.sh,experiments/poly-sub/00-campaign-setup/records-and-early-development/sub00f_mode_a_execution_freeze_v1/execution/run_01_sub_t1_mode_a_mlkem768.sh,8205754d803b0c8592df42243e75634f74d60451849b4e0b40791fcf3712c118,8205754d803b0c8592df42243e75634f74d60451849b4e0b40791fcf3712c118,1,RESOLVED_HASH_MATCH
REP-LOC-C02-UA-COMMAND_OR_RUNNER-008,LOC-C02-UA,2,COMMAND_OR_RUNNER,mlk_poly_sub_cleanroom/SUB00A_d9613cf60de3/sub00f_mode_a_execution_freeze_v1/execution/run_02_sub_t2_mode_a_mlkem768.sh,experiments/poly-sub/00-campaign-setup/records-and-early-development/sub00f_mode_a_execution_freeze_v1/execution/run_02_sub_t2_mode_a_mlkem768.sh,8e1b03ac00dd8024ef279a889358851173df1bd85d199b9ee9106fb8872acc21,8e1b03ac00dd8024ef279a889358851173df1bd85d199b9ee9106fb8872acc21,1,RESOLVED_HASH_MATCH
REP-LOC-C02-UA-RAW_RESULT-001,LOC-C02-UA,2,RAW_RESULT,mlk_poly_sub_cleanroom/SUB00A_d9613cf60de3/SUB00G_T1_MODE_A_MLKEM768_RUN1/cbmc_result.json,experiments/poly-sub/T01-exact-semantics/raw-evidence/SUB00G_T1_MODE_A_MLKEM768_RUN1/cbmc_result.json,387241afe856573df6dfaf1b9c55fca673d62f37ac0cc3f002d6e4fea7074500,387241afe856573df6dfaf1b9c55fca673d62f37ac0cc3f002d6e4fea7074500,26,RESOLVED_HASH_MATCH
REP-LOC-C02-UA-RAW_RESULT-002,LOC-C02-UA,2,RAW_RESULT,mlk_poly_sub_cleanroom/SUB00A_d9613cf60de3/SUB00H_T1_PRAGMA_SCOPED_MODE_A_MLKEM768_RUN1/cbmc_result.json,experiments/poly-sub/T01-exact-semantics/raw-evidence/SUB00H_T1_PRAGMA_SCOPED_MODE_A_MLKEM768_RUN1/cbmc_result.json,3e78e8c95ccaaedbf3f1b0fc9420192807f4576beec7350dd26a0095ace7f7ba,3e78e8c95ccaaedbf3f1b0fc9420192807f4576beec7350dd26a0095ace7f7ba,26,RESOLVED_HASH_MATCH
REP-LOC-C02-UA-RAW_RESULT-003,LOC-C02-UA,2,RAW_RESULT,mlk_poly_sub_cleanroom/SUB00A_d9613cf60de3/SUB00H_T1_PRAGMA_SCOPED_MODE_A_MLKEM768_RUN1/cbmc_result_summary.txt,experiments/poly-sub/T01-exact-semantics/raw-evidence/SUB00H_T1_PRAGMA_SCOPED_MODE_A_MLKEM768_RUN1/cbmc_result_summary.txt,27db509bf4e717a5b656affdc8a3a6da1f23d8045d5e43b52c8f3f5e6047b7dd,27db509bf4e717a5b656affdc8a3a6da1f23d8045d5e43b52c8f3f5e6047b7dd,1,RESOLVED_HASH_MATCH
REP-LOC-C02-UA-RAW_RESULT-004,LOC-C02-UA,2,RAW_RESULT,mlk_poly_sub_cleanroom/PROFESSOR_HARDEN_VC_SR1_2026-07-18/03_vc_sr1_reachable_only/results/vc_sr1_cbmc_result.json,experiments/poly-sub/T01-exact-semantics/extended-hardening/03_vc_sr1_reachable_only/results/vc_sr1_cbmc_result.json,c6041f52ec043956132f8379bf993e0b23436352a9c14d45b10b908840892c34,c6041f52ec043956132f8379bf993e0b23436352a9c14d45b10b908840892c34,1,RESOLVED_HASH_MATCH
REP-LOC-C02-UA-RAW_RESULT-005,LOC-C02-UA,2,RAW_RESULT,mlk_poly_sub_cleanroom/PROFESSOR_HARDEN_VC_SR1_2026-07-18/04_mutation_reduce/results/m4_cbmc_result.json,experiments/poly-sub/T01-exact-semantics/extended-hardening/04_mutation_reduce/results/m4_cbmc_result.json,4030f1347f8aa6a22d1dabf516c369f0d84b711d838534a4bbf11820f9b717bd,4030f1347f8aa6a22d1dabf516c369f0d84b711d838534a4bbf11820f9b717bd,1,RESOLVED_HASH_MATCH
REP-LOC-C02-UA-RAW_RESULT-006,LOC-C02-UA,2,RAW_RESULT,mlk_poly_sub_cleanroom/PROFESSOR_HARDEN_VC_SR1_2026-07-18/05_mutation_assertion/results/m5_cbmc_result.json,experiments/poly-sub/T01-exact-semantics/extended-hardening/05_mutation_assertion/results/m5_cbmc_result.json,549324ced7b42b8bef2c72472d8ca58ed7014de0eea411c6252cb55e258ba298,549324ced7b42b8bef2c72472d8ca58ed7014de0eea411c6252cb55e258ba298,1,RESOLVED_HASH_MATCH
REP-LOC-C02-UA-RAW_RESULT-007,LOC-C02-UA,2,RAW_RESULT,mlk_poly_sub_cleanroom/REPLAY_AF4C5ABD_2026-07-19/03_vc_sr1_replay/05_solver_replay/cbmc_result.json,experiments/poly-sub/supplementary-archive-evidence/REPLAY_AF4C5ABD_2026-07-19/03_vc_sr1_replay/05_solver_replay/cbmc_result.json,2f343feed2641f76c91b8b18a1dc8dce412054cb366bc6c60ad81100e7c13b16,2f343feed2641f76c91b8b18a1dc8dce412054cb366bc6c60ad81100e7c13b16,26,RESOLVED_HASH_MATCH
REP-LOC-C02-UA-RAW_RESULT-008,LOC-C02-UA,2,RAW_RESULT,mlk_poly_sub_cleanroom/SUB00A_d9613cf60de3/SUB00I_COVERAGE_NONVACUITY_PRAGMA_SCOPED_MLKEM768_RUN1/result/cbmc_coverage_result.json,experiments/poly-sub/T01-exact-semantics/raw-evidence/SUB00I_COVERAGE_NONVACUITY_PRAGMA_SCOPED_MLKEM768_RUN1/result/cbmc_coverage_result.json,e4129940aa900d4c074332ee9b139bf54580b6a5b71813b75d9601264b6f4503,e4129940aa900d4c074332ee9b139bf54580b6a5b71813b75d9601264b6f4503,1,RESOLVED_HASH_MATCH
REP-LOC-C02-UA-MANIFEST_OR_HASH_RECORD-001,LOC-C02-UA,2,MANIFEST_OR_HASH_RECORD,mlk_poly_sub_cleanroom/SUB00A_d9613cf60de3/SUB00A_SOURCE_MANIFEST.sha256,experiments/poly-sub/00-campaign-setup/records-and-early-development/SUB00A_SOURCE_MANIFEST.sha256,aedd4d634379b77a7855f6d515e33a5393feaeec7cdf6294052f619fcfe031d2,aedd4d634379b77a7855f6d515e33a5393feaeec7cdf6294052f619fcfe031d2,2,RESOLVED_HASH_MATCH
REP-LOC-C02-UA-MANIFEST_OR_HASH_RECORD-002,LOC-C02-UA,2,MANIFEST_OR_HASH_RECORD,mlk_poly_sub_cleanroom/SUB00A_d9613cf60de3/SUB00C_HARNESS_DRAFT_MANIFEST.sha256,experiments/poly-sub/00-campaign-setup/records-and-early-development/SUB00C_HARNESS_DRAFT_MANIFEST.sha256,5ca0aebaf49fb0c4032d5f7beb69e19280be661df25f9ee58be1950d3ab813b6,5ca0aebaf49fb0c4032d5f7beb69e19280be661df25f9ee58be1950d3ab813b6,2,RESOLVED_HASH_MATCH
REP-LOC-C02-UA-MANIFEST_OR_HASH_RECORD-003,LOC-C02-UA,2,MANIFEST_OR_HASH_RECORD,mlk_poly_sub_cleanroom/SUB00A_d9613cf60de3/SUB00E_BUILD_ADAPTER_MANIFEST.sha256,experiments/poly-sub/00-campaign-setup/records-and-early-development/SUB00E_BUILD_ADAPTER_MANIFEST.sha256,a1105fbfdd6a33679c9a9a1a4aaf5a228b9543b52c753b5343dcf121415ef1e4,a1105fbfdd6a33679c9a9a1a4aaf5a228b9543b52c753b5343dcf121415ef1e4,2,RESOLVED_HASH_MATCH
REP-LOC-C02-UA-MANIFEST_OR_HASH_RECORD-004,LOC-C02-UA,2,MANIFEST_OR_HASH_RECORD,mlk_poly_sub_cleanroom/SUB00A_d9613cf60de3/SUB00E_DRAFT_GOTO_ARTIFACT_MANIFEST.sha256,experiments/poly-sub/00-campaign-setup/records-and-early-development/SUB00E_DRAFT_GOTO_ARTIFACT_MANIFEST.sha256,1abc101d576ee9da4733cca025b1f0a1ac49bdadd5b5200fa3870ed62866b28d,1abc101d576ee9da4733cca025b1f0a1ac49bdadd5b5200fa3870ed62866b28d,3,RESOLVED_HASH_MATCH
REP-LOC-C02-UA-MANIFEST_OR_HASH_RECORD-005,LOC-C02-UA,2,MANIFEST_OR_HASH_RECORD,mlk_poly_sub_cleanroom/SUB00A_d9613cf60de3/SUB00E_R1_BUILD_ADAPTER_MANIFEST.sha256,experiments/poly-sub/00-campaign-setup/records-and-early-development/SUB00E_R1_BUILD_ADAPTER_MANIFEST.sha256,d7b574ab6ad03d7cbddf162158d81f3b3a4e63bccb0be24a6dedee86a4dddf34,d7b574ab6ad03d7cbddf162158d81f3b3a4e63bccb0be24a6dedee86a4dddf34,3,RESOLVED_HASH_MATCH
REP-LOC-C02-UA-MANIFEST_OR_HASH_RECORD-006,LOC-C02-UA,2,MANIFEST_OR_HASH_RECORD,mlk_poly_sub_cleanroom/SUB00A_d9613cf60de3/SUB00E_R1_GOTO_ARTIFACT_MANIFEST.sha256,experiments/poly-sub/00-campaign-setup/records-and-early-development/SUB00E_R1_GOTO_ARTIFACT_MANIFEST.sha256,cf0baf1e79da927fd055019eecd0d2d7cd6d084a5f8d7c957ac8b5691b66e5e9,cf0baf1e79da927fd055019eecd0d2d7cd6d084a5f8d7c957ac8b5691b66e5e9,3,RESOLVED_HASH_MATCH
REP-LOC-C02-UA-MANIFEST_OR_HASH_RECORD-007,LOC-C02-UA,2,MANIFEST_OR_HASH_RECORD,mlk_poly_sub_cleanroom/SUB00A_d9613cf60de3/SUB00E_R2_VALIDATION_REACHABILITY_AUDIT_MANIFEST.sha256,experiments/poly-sub/00-campaign-setup/records-and-early-development/SUB00E_R2_VALIDATION_REACHABILITY_AUDIT_MANIFEST.sha256,569f73b5456de37ec101f9bd21cccea44be4767577a68a20c7477cc8f6d0b599,569f73b5456de37ec101f9bd21cccea44be4767577a68a20c7477cc8f6d0b599,3,RESOLVED_HASH_MATCH
REP-LOC-C02-UA-MANIFEST_OR_HASH_RECORD-008,LOC-C02-UA,2,MANIFEST_OR_HASH_RECORD,mlk_poly_sub_cleanroom/SUB00A_d9613cf60de3/SUB00F_MODE_A_EXECUTION_MANIFEST.md,experiments/poly-sub/00-campaign-setup/records-and-early-development/SUB00F_MODE_A_EXECUTION_MANIFEST.md,20f392542441c996ba58e9caddc950ca7d5dd9ed222dc9858077b1a187cb782a,20f392542441c996ba58e9caddc950ca7d5dd9ed222dc9858077b1a187cb782a,3,RESOLVED_HASH_MATCH
REP-LOC-C02-UA-COVERAGE_MUTATION_OR_CONTROL-001,LOC-C02-UA,2,COVERAGE_MUTATION_OR_CONTROL,mlk_poly_sub_cleanroom/SUB00A_d9613cf60de3/SUB00D_BUILD_CONTEXT_DISCOVERY.txt,experiments/poly-sub/00-campaign-setup/records-and-early-development/SUB00D_BUILD_CONTEXT_DISCOVERY.txt,9714f50795c722290060868e6b786b30ad7b1b13b267ee82f6c2dd1e3dd109c2,9714f50795c722290060868e6b786b30ad7b1b13b267ee82f6c2dd1e3dd109c2,3,RESOLVED_HASH_MATCH
REP-LOC-C02-UA-COVERAGE_MUTATION_OR_CONTROL-002,LOC-C02-UA,2,COVERAGE_MUTATION_OR_CONTROL,mlk_poly_sub_cleanroom/SUB00A_d9613cf60de3/SUB00D_BUILD_CONTEXT_DISCOVERY.txt.sha256,experiments/poly-sub/00-campaign-setup/records-and-early-development/SUB00D_BUILD_CONTEXT_DISCOVERY.txt.sha256,85d3f190171f297477a4dfc9b3106daf7362d7b016c7c300f30b0606db4e1fc9,85d3f190171f297477a4dfc9b3106daf7362d7b016c7c300f30b0606db4e1fc9,2,RESOLVED_HASH_MATCH
REP-LOC-C02-UA-COVERAGE_MUTATION_OR_CONTROL-003,LOC-C02-UA,2,COVERAGE_MUTATION_OR_CONTROL,mlk_poly_sub_cleanroom/SUB00A_d9613cf60de3/SUB00I_COVERAGE_NONVACUITY_PRAGMA_SCOPED_MLKEM768_RUN1.tar.gz.sha256,experiments/poly-sub/T01-exact-semantics/raw-evidence/SUB00I_COVERAGE_NONVACUITY_PRAGMA_SCOPED_MLKEM768_RUN1.tar.gz.sha256,9676a47258b94c087372fa9b84389712018558af27a0b48d06cafda61e72f32f,9676a47258b94c087372fa9b84389712018558af27a0b48d06cafda61e72f32f,1,RESOLVED_HASH_MATCH
REP-LOC-C02-UA-COVERAGE_MUTATION_OR_CONTROL-004,LOC-C02-UA,2,COVERAGE_MUTATION_OR_CONTROL,mlk_poly_sub_cleanroom/SUB00A_d9613cf60de3/SUB00J_MUTATION_PREFLIGHT_PRAGMA_SCOPED_MLKEM768.tar.gz.sha256,experiments/poly-sub/T01-exact-semantics/raw-evidence/SUB00J_MUTATION_PREFLIGHT_PRAGMA_SCOPED_MLKEM768.tar.gz.sha256,0d87a5ffb2af223513b713f0f15e3003b9c9413f23a8b9c1bb3ecaddb540a335,0d87a5ffb2af223513b713f0f15e3003b9c9413f23a8b9c1bb3ecaddb540a335,1,RESOLVED_HASH_MATCH
REP-LOC-C02-UA-COVERAGE_MUTATION_OR_CONTROL-005,LOC-C02-UA,2,COVERAGE_MUTATION_OR_CONTROL,mlk_poly_sub_cleanroom/SUB00A_d9613cf60de3/SUB00K_COMBINED_MUTATION_EXECUTION_MLKEM768_RUN1.tar.gz.sha256,experiments/poly-sub/T01-exact-semantics/raw-evidence/SUB00K_COMBINED_MUTATION_EXECUTION_MLKEM768_RUN1.tar.gz.sha256,4657abafb7e4f6a0290454330f901be47618ce258651ab0b298ae9f56edc09b3,4657abafb7e4f6a0290454330f901be47618ce258651ab0b298ae9f56edc09b3,1,RESOLVED_HASH_MATCH
REP-LOC-C02-UA-COVERAGE_MUTATION_OR_CONTROL-006,LOC-C02-UA,2,COVERAGE_MUTATION_OR_CONTROL,mlk_poly_sub_cleanroom/PROFESSOR_HARDEN_VC_SR1_2026-07-18/99_final_package/05_mutation_results.md,experiments/poly-sub/T01-exact-semantics/extended-hardening/99_final_package/05_mutation_results.md,9d15159e74cc68840868becea7831250600bf170a45d08f36030161f2267d7fa,9d15159e74cc68840868becea7831250600bf170a45d08f36030161f2267d7fa,1,RESOLVED_HASH_MATCH
REP-LOC-C02-UA-COVERAGE_MUTATION_OR_CONTROL-007,LOC-C02-UA,2,COVERAGE_MUTATION_OR_CONTROL,mlk_poly_sub_cleanroom/SUB00A_d9613cf60de3/SUB00I_COVERAGE_NONVACUITY_PRAGMA_SCOPED_MLKEM768_RUN1/SUB00I_ARTIFACT_MANIFEST.sha256,experiments/poly-sub/T01-exact-semantics/raw-evidence/SUB00I_COVERAGE_NONVACUITY_PRAGMA_SCOPED_MLKEM768_RUN1/SUB00I_ARTIFACT_MANIFEST.sha256,2042b3ccbc6e42f5b09eef5f27a4cd272111f9c093699fb4b83d38bb17f7198a,2042b3ccbc6e42f5b09eef5f27a4cd272111f9c093699fb4b83d38bb17f7198a,1,RESOLVED_HASH_MATCH
REP-LOC-C02-UA-COVERAGE_MUTATION_OR_CONTROL-008,LOC-C02-UA,2,COVERAGE_MUTATION_OR_CONTROL,mlk_poly_sub_cleanroom/SUB00A_d9613cf60de3/SUB00I_COVERAGE_NONVACUITY_PRAGMA_SCOPED_MLKEM768_RUN1/SUB00I_COVERAGE_METHOD.md,experiments/poly-sub/T01-exact-semantics/raw-evidence/SUB00I_COVERAGE_NONVACUITY_PRAGMA_SCOPED_MLKEM768_RUN1/SUB00I_COVERAGE_METHOD.md,452b6cedda2661d8ac8eb4db95a766de956bfa87d2ddd2b2228678e7ab7b3989,452b6cedda2661d8ac8eb4db95a766de956bfa87d2ddd2b2228678e7ab7b3989,2,RESOLVED_HASH_MATCH
REP-LOC-C03-UA-HARNESS-001,LOC-C03-UA,3,HARNESS,mlk_poly_sub_cleanroom/PROFESSOR_HARDEN_VC_SR1_2026-07-18/03_vc_sr1_reachable_only/source/vc_sr1_semantic_harness.c,experiments/poly-sub/T01-exact-semantics/curated-harnesses/(T1) VC_SR1_USED_HARNESSES/vc_sr1_semantic_harness.c,42c09c2f004d567d8b886058bd2304d960a219d36f0f6605b015966db3bc5682,42c09c2f004d567d8b886058bd2304d960a219d36f0f6605b015966db3bc5682,2,RESOLVED_HASH_MATCH
REP-LOC-C03-UA-HARNESS-002,LOC-C03-UA,3,HARNESS,mlk_poly_sub_cleanroom/PROFESSOR_HARDEN_VC_SR1_2026-07-18/05_mutation_assertion/source/m5_false_oracle_assertion_harness.c,experiments/poly-sub/T01-exact-semantics/curated-harnesses/(T1) VC_SR1_USED_HARNESSES/m5_false_oracle_assertion_harness.c,51de25599c6508268f8bc3c8e610925c7a7157b114fa0dc236e66875c225c18e,51de25599c6508268f8bc3c8e610925c7a7157b114fa0dc236e66875c225c18e,2,RESOLVED_HASH_MATCH
REP-LOC-C03-UA-HARNESS-003,LOC-C03-UA,3,HARNESS,mlk_poly_sub_cleanroom/PROFESSOR_HARDEN_VC_SR1_2026-07-18/05_mutation_assertion/source/vc_sr1_harness_frozen_baseline.c,experiments/poly-sub/T01-exact-semantics/extended-hardening/05_mutation_assertion/source/vc_sr1_harness_frozen_baseline.c,42c09c2f004d567d8b886058bd2304d960a219d36f0f6605b015966db3bc5682,42c09c2f004d567d8b886058bd2304d960a219d36f0f6605b015966db3bc5682,1,RESOLVED_HASH_MATCH
REP-LOC-C03-UA-HARNESS-004,LOC-C03-UA,3,HARNESS,mlk_poly_sub_cleanroom/PROFESSOR_HARDEN_VC_SR1_2026-07-18/00_frozen_source/mlkem-native/proofs/cbmc/barrett_reduce/barrett_reduce_harness.c,supplementary-evidence-reconciliation/consolidated-mlkem-cbmc-verification-harnesses-12-campaigns/mlk_barret_reduce_harness_set/00_upstream_native/barrett_reduce_harness.c,2257c68f1412b9b4a4a66b7bd5c178d87dd0d571ad1a487df4392ce1c84b20dc,2257c68f1412b9b4a4a66b7bd5c178d87dd0d571ad1a487df4392ce1c84b20dc,9,RESOLVED_HASH_MATCH
REP-LOC-C03-UA-HARNESS-005,LOC-C03-UA,3,HARNESS,mlk_poly_sub_cleanroom/PROFESSOR_HARDEN_VC_SR1_2026-07-18/00_frozen_source/mlkem-native/proofs/cbmc/check_pct/check_pct_harness.c,upstream/mlkem-native/barrett-reduce-af4c5abd-full-source-snapshot/proofs/cbmc/check_pct/check_pct_harness.c,d7f34fafd3a51aaa93985f9b59a9586913f8046a30be78dc2213157856b12e0a,d7f34fafd3a51aaa93985f9b59a9586913f8046a30be78dc2213157856b12e0a,8,RESOLVED_HASH_MATCH
REP-LOC-C03-UA-HARNESS-006,LOC-C03-UA,3,HARNESS,mlk_poly_sub_cleanroom/PROFESSOR_HARDEN_VC_SR1_2026-07-18/00_frozen_source/mlkem-native/proofs/cbmc/ct_cmask_neg_i16/ct_cmask_neg_i16_harness.c,upstream/mlkem-native/barrett-reduce-af4c5abd-full-source-snapshot/proofs/cbmc/ct_cmask_neg_i16/ct_cmask_neg_i16_harness.c,1508e4812b852d0f6e0daa359f79099c72e7747cb0c8555ec97838c8b00d928b,1508e4812b852d0f6e0daa359f79099c72e7747cb0c8555ec97838c8b00d928b,8,RESOLVED_HASH_MATCH
REP-LOC-C03-UA-HARNESS-007,LOC-C03-UA,3,HARNESS,mlk_poly_sub_cleanroom/PROFESSOR_HARDEN_VC_SR1_2026-07-18/00_frozen_source/mlkem-native/proofs/cbmc/ct_cmask_nonzero_u16/ct_cmask_nonzero_u16_harness.c,upstream/mlkem-native/barrett-reduce-af4c5abd-full-source-snapshot/proofs/cbmc/ct_cmask_nonzero_u16/ct_cmask_nonzero_u16_harness.c,23a5c0c4903738a7964b6f2028c576ed87035881a0903a13ef6290079627db2a,23a5c0c4903738a7964b6f2028c576ed87035881a0903a13ef6290079627db2a,8,RESOLVED_HASH_MATCH
REP-LOC-C03-UA-HARNESS-008,LOC-C03-UA,3,HARNESS,mlk_poly_sub_cleanroom/PROFESSOR_HARDEN_VC_SR1_2026-07-18/00_frozen_source/mlkem-native/proofs/cbmc/ct_cmask_nonzero_u8/ct_cmask_nonzero_u8_harness.c,upstream/mlkem-native/barrett-reduce-af4c5abd-full-source-snapshot/proofs/cbmc/ct_cmask_nonzero_u8/ct_cmask_nonzero_u8_harness.c,29a972350579f3826dd5a485882674212774e07eb9c03e4a63f370fd5b033d16,29a972350579f3826dd5a485882674212774e07eb9c03e4a63f370fd5b033d16,8,RESOLVED_HASH_MATCH
REP-LOC-C03-UA-COMMAND_OR_RUNNER-001,LOC-C03-UA,3,COMMAND_OR_RUNNER,mlk_poly_sub_cleanroom/PROFESSOR_HARDEN_VC_SR1_2026-07-18/01_callsite_representability/build/cbmc_command.txt,experiments/poly-sub/T01-exact-semantics/extended-hardening/01_callsite_representability/build/cbmc_command.txt,a9791df9982bd925d4c727ceec2a6968f53d92f47cfc0321f49f71c81c710b48,a9791df9982bd925d4c727ceec2a6968f53d92f47cfc0321f49f71c81c710b48,140,RESOLVED_HASH_MATCH
REP-LOC-C03-UA-COMMAND_OR_RUNNER-002,LOC-C03-UA,3,COMMAND_OR_RUNNER,mlk_poly_sub_cleanroom/PROFESSOR_HARDEN_VC_SR1_2026-07-18/02_oracle_equivalence/build/cbmc_command.txt,experiments/poly-sub/T01-exact-semantics/extended-hardening/02_oracle_equivalence/build/cbmc_command.txt,58e54db759dcfa2578950472b9c985ace0f807c23b1c3f0f08a0bcada249bd01,58e54db759dcfa2578950472b9c985ace0f807c23b1c3f0f08a0bcada249bd01,140,RESOLVED_HASH_MATCH
REP-LOC-C03-UA-RAW_RESULT-001,LOC-C03-UA,3,RAW_RESULT,mlk_poly_sub_cleanroom/PROFESSOR_HARDEN_VC_SR1_2026-07-18/03_vc_sr1_reachable_only/results/vc_sr1_cbmc_result.json,experiments/poly-sub/T01-exact-semantics/extended-hardening/03_vc_sr1_reachable_only/results/vc_sr1_cbmc_result.json,c6041f52ec043956132f8379bf993e0b23436352a9c14d45b10b908840892c34,c6041f52ec043956132f8379bf993e0b23436352a9c14d45b10b908840892c34,1,RESOLVED_HASH_MATCH
REP-LOC-C03-UA-RAW_RESULT-002,LOC-C03-UA,3,RAW_RESULT,mlk_poly_sub_cleanroom/PROFESSOR_HARDEN_VC_SR1_2026-07-18/04_mutation_reduce/results/m4_cbmc_result.json,experiments/poly-sub/T01-exact-semantics/extended-hardening/04_mutation_reduce/results/m4_cbmc_result.json,4030f1347f8aa6a22d1dabf516c369f0d84b711d838534a4bbf11820f9b717bd,4030f1347f8aa6a22d1dabf516c369f0d84b711d838534a4bbf11820f9b717bd,1,RESOLVED_HASH_MATCH
REP-LOC-C03-UA-RAW_RESULT-003,LOC-C03-UA,3,RAW_RESULT,mlk_poly_sub_cleanroom/PROFESSOR_HARDEN_VC_SR1_2026-07-18/05_mutation_assertion/results/m5_cbmc_result.json,experiments/poly-sub/T01-exact-semantics/extended-hardening/05_mutation_assertion/results/m5_cbmc_result.json,549324ced7b42b8bef2c72472d8ca58ed7014de0eea411c6252cb55e258ba298,549324ced7b42b8bef2c72472d8ca58ed7014de0eea411c6252cb55e258ba298,1,RESOLVED_HASH_MATCH
REP-LOC-C03-UA-MANIFEST_OR_HASH_RECORD-001,LOC-C03-UA,3,MANIFEST_OR_HASH_RECORD,mlk_poly_sub_cleanroom/PROFESSOR_HARDEN_VC_SR1_2026-07-18/00_campaign_metadata/frozen_manifest.sha256.INCOMPLETE,experiments/poly-sub/T01-exact-semantics/extended-hardening/00_campaign_metadata/frozen_manifest.sha256.INCOMPLETE,de97c21132afef47bbbd627b67e06c71e322862301593ca8c2b8cc5a864e56fe,de97c21132afef47bbbd627b67e06c71e322862301593ca8c2b8cc5a864e56fe,1,RESOLVED_HASH_MATCH
REP-LOC-C03-UA-MANIFEST_OR_HASH_RECORD-002,LOC-C03-UA,3,MANIFEST_OR_HASH_RECORD,mlk_poly_sub_cleanroom/PROFESSOR_HARDEN_VC_SR1_2026-07-18/00_campaign_metadata/frozen_source_manifest.sha256,experiments/poly-sub/T01-exact-semantics/extended-hardening/00_campaign_metadata/frozen_source_manifest.sha256,b938d5d831cefbc7f73698ae45416419001c8f4bf99f2faa7cdcf5909501d116,b938d5d831cefbc7f73698ae45416419001c8f4bf99f2faa7cdcf5909501d116,1,RESOLVED_HASH_MATCH
REP-LOC-C03-UA-MANIFEST_OR_HASH_RECORD-003,LOC-C03-UA,3,MANIFEST_OR_HASH_RECORD,mlk_poly_sub_cleanroom/PROFESSOR_HARDEN_VC_SR1_2026-07-18/90_combined_summary/combined_summary_manifest.sha256,experiments/poly-sub/T01-exact-semantics/extended-hardening/90_combined_summary/combined_summary_manifest.sha256,55d1584f8063511b79fb298add6c83ecd8eb8682ab4b72bcad9fe95f047eeb3d,55d1584f8063511b79fb298add6c83ecd8eb8682ab4b72bcad9fe95f047eeb3d,1,RESOLVED_HASH_MATCH
REP-LOC-C03-UA-MANIFEST_OR_HASH_RECORD-004,LOC-C03-UA,3,MANIFEST_OR_HASH_RECORD,mlk_poly_sub_cleanroom/PROFESSOR_HARDEN_VC_SR1_2026-07-18/01_callsite_representability/hashes/ac_sr1_case_manifest.sha256,experiments/poly-sub/T01-exact-semantics/extended-hardening/01_callsite_representability/hashes/ac_sr1_case_manifest.sha256,bc53a546898ed22b636ae5a27fe505b9e5af9dd914199ac389f84e209d1d00d0,bc53a546898ed22b636ae5a27fe505b9e5af9dd914199ac389f84e209d1d00d0,1,RESOLVED_HASH_MATCH
REP-LOC-C03-UA-MANIFEST_OR_HASH_RECORD-005,LOC-C03-UA,3,MANIFEST_OR_HASH_RECORD,mlk_poly_sub_cleanroom/PROFESSOR_HARDEN_VC_SR1_2026-07-18/01_callsite_representability/hashes/ac_sr1_case_manifest.sha256.sidecar,experiments/poly-sub/T01-exact-semantics/extended-hardening/01_callsite_representability/hashes/ac_sr1_case_manifest.sha256.sidecar,19f787cfc1cd7338fa2108e77b4f6e8a811199477aa68dec00fefacf26305dbe,19f787cfc1cd7338fa2108e77b4f6e8a811199477aa68dec00fefacf26305dbe,1,RESOLVED_HASH_MATCH
REP-LOC-C03-UA-MANIFEST_OR_HASH_RECORD-006,LOC-C03-UA,3,MANIFEST_OR_HASH_RECORD,mlk_poly_sub_cleanroom/PROFESSOR_HARDEN_VC_SR1_2026-07-18/02_oracle_equivalence/hashes/or_sr1_case_manifest.sha256,experiments/poly-sub/T01-exact-semantics/extended-hardening/02_oracle_equivalence/hashes/or_sr1_case_manifest.sha256,de6480a1a884ec6a1bfc7093426277a6a1a4762ab5ee31821a781e3103eda289,de6480a1a884ec6a1bfc7093426277a6a1a4762ab5ee31821a781e3103eda289,1,RESOLVED_HASH_MATCH
REP-LOC-C03-UA-MANIFEST_OR_HASH_RECORD-007,LOC-C03-UA,3,MANIFEST_OR_HASH_RECORD,mlk_poly_sub_cleanroom/PROFESSOR_HARDEN_VC_SR1_2026-07-18/02_oracle_equivalence/hashes/or_sr1_case_manifest.sha256.sidecar,experiments/poly-sub/T01-exact-semantics/extended-hardening/02_oracle_equivalence/hashes/or_sr1_case_manifest.sha256.sidecar,7f12cfcd90661f16ed0124ca1df9d09977c7a157fdb95c4805869f1c624fb00a,7f12cfcd90661f16ed0124ca1df9d09977c7a157fdb95c4805869f1c624fb00a,1,RESOLVED_HASH_MATCH
REP-LOC-C03-UA-MANIFEST_OR_HASH_RECORD-008,LOC-C03-UA,3,MANIFEST_OR_HASH_RECORD,mlk_poly_sub_cleanroom/PROFESSOR_HARDEN_VC_SR1_2026-07-18/03_vc_sr1_reachable_only/hashes/vc_sr1_case_manifest.sha256,experiments/poly-sub/T01-exact-semantics/extended-hardening/03_vc_sr1_reachable_only/hashes/vc_sr1_case_manifest.sha256,a8a762a7cb172f64eb7bcba588f6f526ecbd735866c87e2e5b70a0f025f7276f,a8a762a7cb172f64eb7bcba588f6f526ecbd735866c87e2e5b70a0f025f7276f,1,RESOLVED_HASH_MATCH
REP-LOC-C03-UA-COVERAGE_MUTATION_OR_CONTROL-001,LOC-C03-UA,3,COVERAGE_MUTATION_OR_CONTROL,mlk_poly_sub_cleanroom/PROFESSOR_HARDEN_VC_SR1_2026-07-18/99_final_package/05_mutation_results.md,experiments/poly-sub/T01-exact-semantics/extended-hardening/99_final_package/05_mutation_results.md,9d15159e74cc68840868becea7831250600bf170a45d08f36030161f2267d7fa,9d15159e74cc68840868becea7831250600bf170a45d08f36030161f2267d7fa,1,RESOLVED_HASH_MATCH
REP-LOC-C03-UA-COVERAGE_MUTATION_OR_CONTROL-002,LOC-C03-UA,3,COVERAGE_MUTATION_OR_CONTROL,mlk_poly_sub_cleanroom/PROFESSOR_HARDEN_VC_SR1_2026-07-18/04_mutation_reduce/build/m4_build.stderr.txt,experiments/poly-sub/T01-exact-semantics/extended-hardening/04_mutation_reduce/build/m4_build.stderr.txt,e3b0c44298fc1c149afbf4c8996fb92427ae41e4649b934ca495991b7852b855,e3b0c44298fc1c149afbf4c8996fb92427ae41e4649b934ca495991b7852b855,1,RESOLVED_HASH_MATCH
REP-LOC-C03-UA-COVERAGE_MUTATION_OR_CONTROL-003,LOC-C03-UA,3,COVERAGE_MUTATION_OR_CONTROL,mlk_poly_sub_cleanroom/PROFESSOR_HARDEN_VC_SR1_2026-07-18/04_mutation_reduce/build/m4_build.stdout.txt,experiments/poly-sub/T01-exact-semantics/extended-hardening/04_mutation_reduce/build/m4_build.stdout.txt,e3b0c44298fc1c149afbf4c8996fb92427ae41e4649b934ca495991b7852b855,e3b0c44298fc1c149afbf4c8996fb92427ae41e4649b934ca495991b7852b855,1,RESOLVED_HASH_MATCH
REP-LOC-C03-UA-COVERAGE_MUTATION_OR_CONTROL-004,LOC-C03-UA,3,COVERAGE_MUTATION_OR_CONTROL,mlk_poly_sub_cleanroom/PROFESSOR_HARDEN_VC_SR1_2026-07-18/04_mutation_reduce/build/m4_build_command.txt,experiments/poly-sub/T01-exact-semantics/extended-hardening/04_mutation_reduce/build/m4_build_command.txt,48e321bf92687f2909578df161bc34dc0f506ff1e020d084b8dc2b3a85c36fc6,48e321bf92687f2909578df161bc34dc0f506ff1e020d084b8dc2b3a85c36fc6,1,RESOLVED_HASH_MATCH
REP-LOC-C03-UA-COVERAGE_MUTATION_OR_CONTROL-005,LOC-C03-UA,3,COVERAGE_MUTATION_OR_CONTROL,mlk_poly_sub_cleanroom/PROFESSOR_HARDEN_VC_SR1_2026-07-18/04_mutation_reduce/build/m4_drop_unused.stderr.txt,experiments/poly-sub/T01-exact-semantics/extended-hardening/04_mutation_reduce/build/m4_drop_unused.stderr.txt,e3b0c44298fc1c149afbf4c8996fb92427ae41e4649b934ca495991b7852b855,e3b0c44298fc1c149afbf4c8996fb92427ae41e4649b934ca495991b7852b855,1,RESOLVED_HASH_MATCH
REP-LOC-C03-UA-COVERAGE_MUTATION_OR_CONTROL-006,LOC-C03-UA,3,COVERAGE_MUTATION_OR_CONTROL,mlk_poly_sub_cleanroom/PROFESSOR_HARDEN_VC_SR1_2026-07-18/04_mutation_reduce/build/m4_drop_unused.stdout.txt,experiments/poly-sub/T01-exact-semantics/extended-hardening/04_mutation_reduce/build/m4_drop_unused.stdout.txt,ea5f50ae62c40eca3ff4873b3c3880404ab5f1b1413744e9047c37415c1db8bf,ea5f50ae62c40eca3ff4873b3c3880404ab5f1b1413744e9047c37415c1db8bf,1,RESOLVED_HASH_MATCH
REP-LOC-C03-UA-COVERAGE_MUTATION_OR_CONTROL-007,LOC-C03-UA,3,COVERAGE_MUTATION_OR_CONTROL,mlk_poly_sub_cleanroom/PROFESSOR_HARDEN_VC_SR1_2026-07-18/04_mutation_reduce/build/m4_inventory.stderr.txt,experiments/poly-sub/T01-exact-semantics/extended-hardening/04_mutation_reduce/build/m4_inventory.stderr.txt,e3b0c44298fc1c149afbf4c8996fb92427ae41e4649b934ca495991b7852b855,e3b0c44298fc1c149afbf4c8996fb92427ae41e4649b934ca495991b7852b855,1,RESOLVED_HASH_MATCH
REP-LOC-C03-UA-COVERAGE_MUTATION_OR_CONTROL-008,LOC-C03-UA,3,COVERAGE_MUTATION_OR_CONTROL,mlk_poly_sub_cleanroom/PROFESSOR_HARDEN_VC_SR1_2026-07-18/04_mutation_reduce/build/m4_solver_command.txt,experiments/poly-sub/T01-exact-semantics/extended-hardening/04_mutation_reduce/build/m4_solver_command.txt,b57a78f7963feeb8c2343997f5282e9edd961e4c995a90526aac8293299a60fe,b57a78f7963feeb8c2343997f5282e9edd961e4c995a90526aac8293299a60fe,1,RESOLVED_HASH_MATCH
REP-LOC-C04-UA-HARNESS-001,LOC-C04-UA,4,HARNESS,mlk_poly_tomsg_cleanroom/MSG02B_R1_T2_RELATIONAL_XOR_RUN1_20260723T113821Z_af4c5abdd595/01_harness/msg_t2_r1_relational_xor_harness.c,experiments/poly-tomsg/MSG-T2-relational-properties/01-R1-xor-relational-run/MSG02B_R1_T2_RELATIONAL_XOR_RUN1_20260723T113821Z_af4c5abdd595/01_harness/msg_t2_r1_relational_xor_harness.c,2e2e635d7c148028fc3942b113b6a98b5835a63a3169cd2b341efa609fd73cc0,2e2e635d7c148028fc3942b113b6a98b5835a63a3169cd2b341efa609fd73cc0,1,RESOLVED_HASH_MATCH
REP-LOC-C04-UA-HARNESS-002,LOC-C04-UA,4,HARNESS,mlk_poly_tomsg_cleanroom/MSG02C_R1_REACHABILITY_MUTATION_RUN1_20260723T115043Z_af4c5abdd595/01_coverage_harness/msg_t2_r1_reachability_harness.c,experiments/poly-tomsg/MSG-T2-relational-properties/02-R1-reachability-and-mutation/MSG02C_R1_REACHABILITY_MUTATION_RUN1_20260723T115043Z_af4c5abdd595/01_coverage_harness/msg_t2_r1_reachability_harness.c,0f5c51e8d2c86b5d0bbf3ee3a64aa68f49fcc68c5d7d96e47fb910156169f341,0f5c51e8d2c86b5d0bbf3ee3a64aa68f49fcc68c5d7d96e47fb910156169f341,1,RESOLVED_HASH_MATCH
REP-LOC-C04-UA-HARNESS-003,LOC-C04-UA,4,HARNESS,mlk_poly_tomsg_cleanroom/MSG02C_R1_REACHABILITY_MUTATION_RUN1_20260723T115043Z_af4c5abdd595/04_mutation_harness/msg_t2_r1_drop_b_mutation_harness.c,experiments/poly-tomsg/MSG-T2-relational-properties/02-R1-reachability-and-mutation/MSG02C_R1_REACHABILITY_MUTATION_RUN1_20260723T115043Z_af4c5abdd595/04_mutation_harness/msg_t2_r1_drop_b_mutation_harness.c,203cced3e7c3f3ee5e77c353cdfa4b08dec7f43400c408c68a9e9d48e4a94d7f,203cced3e7c3f3ee5e77c353cdfa4b08dec7f43400c408c68a9e9d48e4a94d7f,1,RESOLVED_HASH_MATCH
REP-LOC-C04-UA-HARNESS-004,LOC-C04-UA,4,HARNESS,mlk_poly_tomsg_cleanroom/MSG02D_R2A_COEFFICIENT_LOCALITY_RUN1_20260723T124247Z_af4c5abdd595/01_harness/msg_t2_r2a_coefficient_locality_harness.c,experiments/poly-tomsg/MSG-T2-relational-properties/03-R2A-coefficient-locality/MSG02D_R2A_COEFFICIENT_LOCALITY_RUN1_20260723T124247Z_af4c5abdd595/01_harness/msg_t2_r2a_coefficient_locality_harness.c,279dfc12c981a62335ccbe135ab87672320971d52dfb29ffcadfbff4041d490f,279dfc12c981a62335ccbe135ab87672320971d52dfb29ffcadfbff4041d490f,1,RESOLVED_HASH_MATCH
REP-LOC-C04-UA-HARNESS-005,LOC-C04-UA,4,HARNESS,mlk_poly_tomsg_cleanroom/MSG02E_R2B_CROSS_BIT_PRESERVATION_RUN1_20260723T124630Z_af4c5abdd595/01_harness/msg_t2_r2b_cross_bit_preservation_harness.c,experiments/poly-tomsg/MSG-T2-relational-properties/04-R2B-cross-bit-preservation/MSG02E_R2B_CROSS_BIT_PRESERVATION_RUN1_20260723T124630Z_af4c5abdd595/01_harness/msg_t2_r2b_cross_bit_preservation_harness.c,ef87e45ce95604ef22036ab35097ecfc43cbf5234e34c952b4095121bd4da08d,ef87e45ce95604ef22036ab35097ecfc43cbf5234e34c952b4095121bd4da08d,1,RESOLVED_HASH_MATCH
REP-LOC-C04-UA-HARNESS-006,LOC-C04-UA,4,HARNESS,mlk_poly_tomsg_cleanroom/MSG02F_R2A_R2B_REACHABILITY_RUN1_20260723T125105Z_af4c5abdd595/01_r2a_coverage/msg_t2_r2a_reachability_harness.c,experiments/poly-tomsg/MSG-T2-relational-properties/05-R2A-R2B-reachability/MSG02F_R2A_R2B_REACHABILITY_RUN1_20260723T125105Z_af4c5abdd595/01_r2a_coverage/msg_t2_r2a_reachability_harness.c,2ee4c2b036c6ec7218e7a2a6abaa01c456841e8053f1deb2243d26f1963a4fd8,2ee4c2b036c6ec7218e7a2a6abaa01c456841e8053f1deb2243d26f1963a4fd8,1,RESOLVED_HASH_MATCH
REP-LOC-C04-UA-HARNESS-007,LOC-C04-UA,4,HARNESS,mlk_poly_tomsg_cleanroom/MSG02F_R2A_R2B_REACHABILITY_RUN1_20260723T125105Z_af4c5abdd595/02_r2b_coverage/msg_t2_r2b_reachability_harness.c,experiments/poly-tomsg/MSG-T2-relational-properties/05-R2A-R2B-reachability/MSG02F_R2A_R2B_REACHABILITY_RUN1_20260723T125105Z_af4c5abdd595/02_r2b_coverage/msg_t2_r2b_reachability_harness.c,168cd0aee3feb9718db8ee01640fb4cfee49e70843643e430e6117c641ef43cb,168cd0aee3feb9718db8ee01640fb4cfee49e70843643e430e6117c641ef43cb,1,RESOLVED_HASH_MATCH
REP-LOC-C04-UA-HARNESS-008,LOC-C04-UA,4,HARNESS,mlk_poly_tomsg_cleanroom/MSG02H_R3A_SAME_DECISION_INVARIANCE_RUN1_20260723T131813Z_af4c5abdd595/01_harness/msg_t2_r3a_same_decision_invariance_harness.c,experiments/poly-tomsg/MSG-T2-relational-properties/08-R3A-same-decision-invariance/MSG02H_R3A_SAME_DECISION_INVARIANCE_RUN1_20260723T131813Z_af4c5abdd595/01_harness/msg_t2_r3a_same_decision_invariance_harness.c,1d4a28ae6855617872039e3102dbbafc5a13739301c1d9a71416db1ef823f851,1d4a28ae6855617872039e3102dbbafc5a13739301c1d9a71416db1ef823f851,1,RESOLVED_HASH_MATCH
REP-LOC-C04-UA-COMMAND_OR_RUNNER-001,LOC-C04-UA,4,COMMAND_OR_RUNNER,mlk_poly_tomsg_cleanroom/MSG02C_R1_REACHABILITY_MUTATION_RUN1_20260723T115043Z_af4c5abdd595/07_commands/coverage_cbmc_command.txt,experiments/poly-tomsg/MSG-T2-relational-properties/02-R1-reachability-and-mutation/MSG02C_R1_REACHABILITY_MUTATION_RUN1_20260723T115043Z_af4c5abdd595/07_commands/coverage_cbmc_command.txt,5940e0af057ba92bf02e7a75d2971b0156f0bf083e41902685e4f370d4eee058,5940e0af057ba92bf02e7a75d2971b0156f0bf083e41902685e4f370d4eee058,1,RESOLVED_HASH_MATCH
REP-LOC-C04-UA-COMMAND_OR_RUNNER-002,LOC-C04-UA,4,COMMAND_OR_RUNNER,mlk_poly_tomsg_cleanroom/MSG02C_R1_REACHABILITY_MUTATION_RUN1_20260723T115043Z_af4c5abdd595/07_commands/coverage_goto_build_command.txt,experiments/poly-tomsg/MSG-T2-relational-properties/02-R1-reachability-and-mutation/MSG02C_R1_REACHABILITY_MUTATION_RUN1_20260723T115043Z_af4c5abdd595/07_commands/coverage_goto_build_command.txt,f9da5e814b9453c8140449526edfc42a21588f007cadaf549d1b66fd8a628dbb,f9da5e814b9453c8140449526edfc42a21588f007cadaf549d1b66fd8a628dbb,1,RESOLVED_HASH_MATCH
REP-LOC-C04-UA-COMMAND_OR_RUNNER-003,LOC-C04-UA,4,COMMAND_OR_RUNNER,mlk_poly_tomsg_cleanroom/MSG01G_R1_T1_FROZEN_EXECUTION_INPUT_V1_af4c5abdd595/frozen_candidate_v1/commands/cbmc_show_properties_command.txt,experiments/poly-tomsg/MSG-T1-exact-fips-semantics/01-frozen-execution-input/01-revised-freeze/MSG01G_R1_T1_FROZEN_EXECUTION_INPUT_V1_af4c5abdd595/frozen_candidate_v1/commands/cbmc_show_properties_command.txt,667dc1e72bc9118b8e91e6dcd1073211846408ce628d52516a95244489ea8670,667dc1e72bc9118b8e91e6dcd1073211846408ce628d52516a95244489ea8670,10,RESOLVED_HASH_MATCH
REP-LOC-C04-UA-COMMAND_OR_RUNNER-004,LOC-C04-UA,4,COMMAND_OR_RUNNER,mlk_poly_tomsg_cleanroom/MSG01G_T1_FROZEN_EXECUTION_INPUT_V1_af4c5abdd595/frozen_candidate_v1/commands/cbmc_show_properties_command.txt,experiments/poly-tomsg/MSG-T1-exact-fips-semantics/01-frozen-execution-input/00-original-freeze/MSG01G_T1_FROZEN_EXECUTION_INPUT_V1_af4c5abdd595/frozen_candidate_v1/commands/cbmc_show_properties_command.txt,da7149ad0ebbfbd77743234158a25e46a907c622e1255473e7d24dd598a0e142,da7149ad0ebbfbd77743234158a25e46a907c622e1255473e7d24dd598a0e142,10,RESOLVED_HASH_MATCH
REP-LOC-C04-UA-COMMAND_OR_RUNNER-005,LOC-C04-UA,4,COMMAND_OR_RUNNER,mlk_poly_tomsg_cleanroom/MSG01K_R1_T1_MUTATION_FAMILY_FREEZE_V1_af4c5abdd595/frozen_mutation_family_v1/mutants/I1_INIT_ONE/commands/cbmc_show_properties_command.txt,experiments/poly-tomsg/MSG-T1-exact-fips-semantics/05-mutation-sensitivity/01-revised-family-freeze/MSG01K_R1_T1_MUTATION_FAMILY_FREEZE_V1_af4c5abdd595/frozen_mutation_family_v1/mutants/I1_INIT_ONE/commands/cbmc_show_properties_command.txt,1075d177104cd03c2b74005665b6912c74f21a307f3c4a3943e4027086547917,1075d177104cd03c2b74005665b6912c74f21a307f3c4a3943e4027086547917,10,RESOLVED_HASH_MATCH
REP-LOC-C04-UA-COMMAND_OR_RUNNER-006,LOC-C04-UA,4,COMMAND_OR_RUNNER,mlk_poly_tomsg_cleanroom/MSG01K_R1_T1_MUTATION_FAMILY_FREEZE_V1_af4c5abdd595/frozen_mutation_family_v1/mutants/I2_REVERSE_COEFF_WITHIN_BYTE/commands/cbmc_show_properties_command.txt,experiments/poly-tomsg/MSG-T1-exact-fips-semantics/05-mutation-sensitivity/01-revised-family-freeze/MSG01K_R1_T1_MUTATION_FAMILY_FREEZE_V1_af4c5abdd595/frozen_mutation_family_v1/mutants/I2_REVERSE_COEFF_WITHIN_BYTE/commands/cbmc_show_properties_command.txt,fbc2efb827703de7665be50fc24c29d8dca2d9b2c6a7b67cbb8252d3ce5be4e5,fbc2efb827703de7665be50fc24c29d8dca2d9b2c6a7b67cbb8252d3ce5be4e5,10,RESOLVED_HASH_MATCH
REP-LOC-C04-UA-COMMAND_OR_RUNNER-007,LOC-C04-UA,4,COMMAND_OR_RUNNER,mlk_poly_tomsg_cleanroom/MSG01K_R1_T1_MUTATION_FAMILY_FREEZE_V1_af4c5abdd595/frozen_mutation_family_v1/mutants/I3_ROTATE_OUTPUT_BIT_LEFT/commands/cbmc_show_properties_command.txt,experiments/poly-tomsg/MSG-T1-exact-fips-semantics/05-mutation-sensitivity/01-revised-family-freeze/MSG01K_R1_T1_MUTATION_FAMILY_FREEZE_V1_af4c5abdd595/frozen_mutation_family_v1/mutants/I3_ROTATE_OUTPUT_BIT_LEFT/commands/cbmc_show_properties_command.txt,32b606c4ad609bb26924a73daa4bef165b60795f4e5a53580d85c6d12c74d715,32b606c4ad609bb26924a73daa4bef165b60795f4e5a53580d85c6d12c74d715,10,RESOLVED_HASH_MATCH
REP-LOC-C04-UA-COMMAND_OR_RUNNER-008,LOC-C04-UA,4,COMMAND_OR_RUNNER,mlk_poly_tomsg_cleanroom/MSG01K_R1_T1_MUTATION_FAMILY_FREEZE_V1_af4c5abdd595/frozen_mutation_family_v1/mutants/I4_INVERT_D1_RESULT/commands/cbmc_show_properties_command.txt,experiments/poly-tomsg/MSG-T1-exact-fips-semantics/05-mutation-sensitivity/01-revised-family-freeze/MSG01K_R1_T1_MUTATION_FAMILY_FREEZE_V1_af4c5abdd595/frozen_mutation_family_v1/mutants/I4_INVERT_D1_RESULT/commands/cbmc_show_properties_command.txt,b13edad5b67405bccabe15b3b4007e09cd44f51ae89b149d74e32966d74cbf8b,b13edad5b67405bccabe15b3b4007e09cd44f51ae89b149d74e32966d74cbf8b,10,RESOLVED_HASH_MATCH
REP-LOC-C04-UA-RAW_RESULT-001,LOC-C04-UA,4,RAW_RESULT,mlk_poly_tomsg_cleanroom/MSG01H_T1_AUTHORITATIVE_POSITIVE_RUN1_af4c5abdd595/results/msg_t1_positive_cbmc_result.json,experiments/poly-tomsg/MSG-T1-exact-fips-semantics/02-authoritative-positive-run/MSG01H_T1_AUTHORITATIVE_POSITIVE_RUN1_af4c5abdd595/results/msg_t1_positive_cbmc_result.json,3b32112c5537a95d470b0b866c1edf6cb1f8c3be408188c9fc2cdbf91fab40ee,3b32112c5537a95d470b0b866c1edf6cb1f8c3be408188c9fc2cdbf91fab40ee,1,RESOLVED_HASH_MATCH
REP-LOC-C04-UA-RAW_RESULT-002,LOC-C04-UA,4,RAW_RESULT,mlk_poly_tomsg_cleanroom/MSG01J_R1_T1_REACHABILITY_NONVACUITY_RUN1_af4c5abdd595/companion_results/companion_cbmc_result.json,experiments/poly-tomsg/MSG-T1-exact-fips-semantics/04-reachability-nonvacuity/02-insufficient-unwind-study/MSG01J_R2_T1_REACHABILITY_NONVACUITY_RUN1_af4c5abdd595/accepted_companion_result/companion_cbmc_result.json,d78f0cbc052ded4bed75cec905c5321c2e0176b78316ce08ff4ff7c1acef249d,d78f0cbc052ded4bed75cec905c5321c2e0176b78316ce08ff4ff7c1acef249d,1,RESOLVED_HASH_MATCH
REP-LOC-C04-UA-RAW_RESULT-003,LOC-C04-UA,4,RAW_RESULT,mlk_poly_tomsg_cleanroom/MSG01J_R2_T1_REACHABILITY_NONVACUITY_RUN1_af4c5abdd595/accepted_companion_result/companion_cbmc_result.json,experiments/poly-tomsg/MSG-T1-exact-fips-semantics/04-reachability-nonvacuity/02-insufficient-unwind-study/MSG01J_R2_T1_REACHABILITY_NONVACUITY_RUN1_af4c5abdd595/accepted_companion_result/companion_cbmc_result.json,d78f0cbc052ded4bed75cec905c5321c2e0176b78316ce08ff4ff7c1acef249d,d78f0cbc052ded4bed75cec905c5321c2e0176b78316ce08ff4ff7c1acef249d,1,RESOLVED_HASH_MATCH
REP-LOC-C04-UA-RAW_RESULT-004,LOC-C04-UA,4,RAW_RESULT,mlk_poly_tomsg_cleanroom/MSG02B_R1_T2_RELATIONAL_XOR_RUN1_20260723T113821Z_af4c5abdd595/06_results/msg_t2_r1_cbmc_result.json,experiments/poly-tomsg/MSG-T2-relational-properties/01-R1-xor-relational-run/MSG02B_R1_T2_RELATIONAL_XOR_RUN1_20260723T113821Z_af4c5abdd595/06_results/msg_t2_r1_cbmc_result.json,c87eea9d7dcd04741ced27bf5c8f996296243d73f4f9dddee3fdaeb8054dd606,c87eea9d7dcd04741ced27bf5c8f996296243d73f4f9dddee3fdaeb8054dd606,1,RESOLVED_HASH_MATCH
REP-LOC-C04-UA-MANIFEST_OR_HASH_RECORD-001,LOC-C04-UA,4,MANIFEST_OR_HASH_RECORD,mlk_poly_tomsg_cleanroom/MSG00CDE_af4c5abdd595/MSG00CDE_ARTIFACT_MANIFEST.sha256,experiments/poly-tomsg/00-campaign-context/02-source-oracle-overlap-and-freeze/MSG00CDE_af4c5abdd595/MSG00CDE_ARTIFACT_MANIFEST.sha256,da866e63172ccc1d653afcafe6b258e74e9f2896e3ea339c5f5fa2c809d11e16,da866e63172ccc1d653afcafe6b258e74e9f2896e3ea339c5f5fa2c809d11e16,1,RESOLVED_HASH_MATCH
REP-LOC-C04-UA-MANIFEST_OR_HASH_RECORD-002,LOC-C04-UA,4,MANIFEST_OR_HASH_RECORD,mlk_poly_tomsg_cleanroom/MSG00CDE_af4c5abdd595/MSG00CDE_PATH_BINDING_AMENDMENT_MANIFEST.sha256,experiments/poly-tomsg/00-campaign-context/02-source-oracle-overlap-and-freeze/MSG00CDE_af4c5abdd595/MSG00CDE_PATH_BINDING_AMENDMENT_MANIFEST.sha256,2e3b74268f77b1d3e2042d818fcd0f12412f44ea550d379a6be42b89d39bde70,2e3b74268f77b1d3e2042d818fcd0f12412f44ea550d379a6be42b89d39bde70,1,RESOLVED_HASH_MATCH
REP-LOC-C04-UA-MANIFEST_OR_HASH_RECORD-003,LOC-C04-UA,4,MANIFEST_OR_HASH_RECORD,mlk_poly_tomsg_cleanroom/MSG00F_af4c5abdd595/MSG00F_ARTIFACT_MANIFEST.sha256,experiments/poly-tomsg/00-campaign-context/03-build-and-body-binding-preflight/MSG00F_af4c5abdd595/MSG00F_ARTIFACT_MANIFEST.sha256,f6bb49912f409b2517e3c14b9f85966afd78695fcc68e5bae184961f23a8ec41,f6bb49912f409b2517e3c14b9f85966afd78695fcc68e5bae184961f23a8ec41,1,RESOLVED_HASH_MATCH
REP-LOC-C04-UA-MANIFEST_OR_HASH_RECORD-004,LOC-C04-UA,4,MANIFEST_OR_HASH_RECORD,mlk_poly_tomsg_cleanroom/MSG01A_T1_CANDIDATE_V1_af4c5abdd595/MSG01A_ARTIFACT_MANIFEST.sha256,experiments/poly-tomsg/MSG-T1-exact-fips-semantics/00-candidate-development/01-candidate-v1/MSG01A_T1_CANDIDATE_V1_af4c5abdd595/MSG01A_ARTIFACT_MANIFEST.sha256,512e5d1b64fbe40177523d20f575b029610d722f6783abda3799b5cb68dda6a9,512e5d1b64fbe40177523d20f575b029610d722f6783abda3799b5cb68dda6a9,1,RESOLVED_HASH_MATCH
REP-LOC-C04-UA-MANIFEST_OR_HASH_RECORD-005,LOC-C04-UA,4,MANIFEST_OR_HASH_RECORD,mlk_poly_tomsg_cleanroom/MSG01B_T1_CANDIDATE_V2_af4c5abdd595/MSG01B_ARTIFACT_MANIFEST.sha256,experiments/poly-tomsg/MSG-T1-exact-fips-semantics/00-candidate-development/02-candidate-v2/MSG01B_T1_CANDIDATE_V2_af4c5abdd595/MSG01B_ARTIFACT_MANIFEST.sha256,5608e952583256f4f2915d6fb77994049d81b6b3420e31db405d63a0cb128023,5608e952583256f4f2915d6fb77994049d81b6b3420e31db405d63a0cb128023,1,RESOLVED_HASH_MATCH
REP-LOC-C04-UA-MANIFEST_OR_HASH_RECORD-006,LOC-C04-UA,4,MANIFEST_OR_HASH_RECORD,mlk_poly_tomsg_cleanroom/MSG01C_T1_CANDIDATE_V3_SCU_af4c5abdd595/MSG01C_ARTIFACT_MANIFEST.sha256,experiments/poly-tomsg/MSG-T1-exact-fips-semantics/00-candidate-development/03-candidate-v3-single-compilation-unit/MSG01C_T1_CANDIDATE_V3_SCU_af4c5abdd595/MSG01C_ARTIFACT_MANIFEST.sha256,d954eaa4efb7872e667cc77be53ad741f1490b03d98621f2ba65ff6c9d9314d8,d954eaa4efb7872e667cc77be53ad741f1490b03d98621f2ba65ff6c9d9314d8,1,RESOLVED_HASH_MATCH
REP-LOC-C04-UA-MANIFEST_OR_HASH_RECORD-007,LOC-C04-UA,4,MANIFEST_OR_HASH_RECORD,mlk_poly_tomsg_cleanroom/MSG01D_RETRY1_TRANSFORM_V3_af4c5abdd595/MSG01D_RETRY1_MANIFEST.sha256,experiments/poly-tomsg/MSG-T1-exact-fips-semantics/00-candidate-development/04-v3-transform-retry/MSG01D_RETRY1_TRANSFORM_V3_af4c5abdd595/MSG01D_RETRY1_MANIFEST.sha256,c4e09870aa84be98f19508b1b640ced04b6b7dcfb447c3346380afeb58a99348,c4e09870aa84be98f19508b1b640ced04b6b7dcfb447c3346380afeb58a99348,1,RESOLVED_HASH_MATCH
REP-LOC-C04-UA-MANIFEST_OR_HASH_RECORD-008,LOC-C04-UA,4,MANIFEST_OR_HASH_RECORD,mlk_poly_tomsg_cleanroom/MSG01E_T1_CANDIDATE_V4_CONTRACT_ERASED_af4c5abdd595/MSG01E_ARTIFACT_MANIFEST.sha256,experiments/poly-tomsg/MSG-T1-exact-fips-semantics/00-candidate-development/05-candidate-v4-contract-erased/MSG01E_T1_CANDIDATE_V4_CONTRACT_ERASED_af4c5abdd595/MSG01E_ARTIFACT_MANIFEST.sha256,8658d6086b52cb750060ebd0dc7f8b23ecfb27980611831f7ddb825d3107bfa4,8658d6086b52cb750060ebd0dc7f8b23ecfb27980611831f7ddb825d3107bfa4,1,RESOLVED_HASH_MATCH
REP-LOC-C04-UA-COVERAGE_MUTATION_OR_CONTROL-001,LOC-C04-UA,4,COVERAGE_MUTATION_OR_CONTROL,mlk_poly_tomsg_cleanroom/MSG01E_T1_CANDIDATE_V4_CONTRACT_ERASED_af4c5abdd595/MSG01E_ADAPTER_RECOVERY_RECORD.md,experiments/poly-tomsg/MSG-T1-exact-fips-semantics/00-candidate-development/05-candidate-v4-contract-erased/MSG01E_T1_CANDIDATE_V4_CONTRACT_ERASED_af4c5abdd595/MSG01E_ADAPTER_RECOVERY_RECORD.md,8d4ba9d847e98297612950f5c4ed2272bc63eb372165cfa827ecc88053c6930d,8d4ba9d847e98297612950f5c4ed2272bc63eb372165cfa827ecc88053c6930d,1,RESOLVED_HASH_MATCH
REP-LOC-C04-UA-COVERAGE_MUTATION_OR_CONTROL-002,LOC-C04-UA,4,COVERAGE_MUTATION_OR_CONTROL,mlk_poly_tomsg_cleanroom/MSG01F_T1_V4_DIRECT_PRAGMA_RECOVERY_af4c5abdd595/MSG01F_ARTIFACT_MANIFEST.sha256,experiments/poly-tomsg/MSG-T1-exact-fips-semantics/00-candidate-development/06-v4-direct-pragma-recovery/MSG01F_T1_V4_DIRECT_PRAGMA_RECOVERY_af4c5abdd595/MSG01F_ARTIFACT_MANIFEST.sha256,73747f64b2a52eb59d2c9410c1a008cb78f3062c03a39f7fbaaaddfc9748782b,73747f64b2a52eb59d2c9410c1a008cb78f3062c03a39f7fbaaaddfc9748782b,1,RESOLVED_HASH_MATCH
REP-LOC-C04-UA-COVERAGE_MUTATION_OR_CONTROL-003,LOC-C04-UA,4,COVERAGE_MUTATION_OR_CONTROL,mlk_poly_tomsg_cleanroom/MSG01F_T1_V4_DIRECT_PRAGMA_RECOVERY_af4c5abdd595/MSG01F_PREFLIGHT_SUMMARY.txt,experiments/poly-tomsg/MSG-T1-exact-fips-semantics/00-candidate-development/06-v4-direct-pragma-recovery/MSG01F_T1_V4_DIRECT_PRAGMA_RECOVERY_af4c5abdd595/MSG01F_PREFLIGHT_SUMMARY.txt,49062b7ee0210ea4db2c0ea75cf2f0bbd1772501957a72a0cd11908ed81af423,49062b7ee0210ea4db2c0ea75cf2f0bbd1772501957a72a0cd11908ed81af423,1,RESOLVED_HASH_MATCH
REP-LOC-C04-UA-COVERAGE_MUTATION_OR_CONTROL-004,LOC-C04-UA,4,COVERAGE_MUTATION_OR_CONTROL,mlk_poly_tomsg_cleanroom/MSG01F_T1_V4_DIRECT_PRAGMA_RECOVERY_af4c5abdd595/MSG01F_TERMINAL_CAPTURE.txt,experiments/poly-tomsg/MSG-T1-exact-fips-semantics/00-candidate-development/06-v4-direct-pragma-recovery/MSG01F_T1_V4_DIRECT_PRAGMA_RECOVERY_af4c5abdd595/MSG01F_TERMINAL_CAPTURE.txt,b629abdea8558c05addaf629fc2f41f081876d63f6165f930897f94e88d4a3a6,b629abdea8558c05addaf629fc2f41f081876d63f6165f930897f94e88d4a3a6,1,RESOLVED_HASH_MATCH
REP-LOC-C04-UA-COVERAGE_MUTATION_OR_CONTROL-005,LOC-C04-UA,4,COVERAGE_MUTATION_OR_CONTROL,mlk_poly_tomsg_cleanroom/MSG01K_R1_T1_MUTATION_FAMILY_FREEZE_V1_af4c5abdd595/MSG01K_R1_ARTIFACT_MANIFEST.sha256,experiments/poly-tomsg/MSG-T1-exact-fips-semantics/06-final-evidence-consolidation/02-revision-2-final/MSG01M_R2_T1_FINAL_EVIDENCE_CONSOLIDATION_af4c5abdd595/source_manifests/MSG01K_R1_ARTIFACT_MANIFEST.sha256,099d16483264133b7a5e6a978facb5b253ccb79211d16b87624a8587329ddc66,099d16483264133b7a5e6a978facb5b253ccb79211d16b87624a8587329ddc66,1,RESOLVED_HASH_MATCH
REP-LOC-C04-UA-COVERAGE_MUTATION_OR_CONTROL-006,LOC-C04-UA,4,COVERAGE_MUTATION_OR_CONTROL,mlk_poly_tomsg_cleanroom/MSG01K_R1_T1_MUTATION_FAMILY_FREEZE_V1_af4c5abdd595/MSG01K_R1_ARTIFACT_MANIFEST.sha256.sha256,experiments/poly-tomsg/MSG-T1-exact-fips-semantics/06-final-evidence-consolidation/02-revision-2-final/MSG01M_R2_T1_FINAL_EVIDENCE_CONSOLIDATION_af4c5abdd595/source_manifests/MSG01K_R1_ARTIFACT_MANIFEST.sha256.sha256,fcc4a4b4ba0cd6913f08258a2ed70069ae754b7b99adad8f6e05cd2167ffbac8,fcc4a4b4ba0cd6913f08258a2ed70069ae754b7b99adad8f6e05cd2167ffbac8,1,RESOLVED_HASH_MATCH
REP-LOC-C04-UA-COVERAGE_MUTATION_OR_CONTROL-007,LOC-C04-UA,4,COVERAGE_MUTATION_OR_CONTROL,mlk_poly_tomsg_cleanroom/MSG01L_R1_T1_MUTATION_EXECUTION_RUN1_af4c5abdd595/MSG01K_L_R1_COMBINED_TERMINAL_CAPTURE.txt,experiments/poly-tomsg/MSG-T1-exact-fips-semantics/05-mutation-sensitivity/03-revised-execution/MSG01L_R1_T1_MUTATION_EXECUTION_RUN1_af4c5abdd595/MSG01K_L_R1_COMBINED_TERMINAL_CAPTURE.txt,5f2d8f0cc8e26de07d8fc636d932913c8aaeca6424e98854f993324cc69a99fb,5f2d8f0cc8e26de07d8fc636d932913c8aaeca6424e98854f993324cc69a99fb,1,RESOLVED_HASH_MATCH
REP-LOC-C04-UA-COVERAGE_MUTATION_OR_CONTROL-008,LOC-C04-UA,4,COVERAGE_MUTATION_OR_CONTROL,mlk_poly_tomsg_cleanroom/MSG01L_R1_T1_MUTATION_EXECUTION_RUN1_af4c5abdd595/MSG01L_R1_ARTIFACT_MANIFEST.sha256,experiments/poly-tomsg/MSG-T1-exact-fips-semantics/06-final-evidence-consolidation/02-revision-2-final/MSG01M_R2_T1_FINAL_EVIDENCE_CONSOLIDATION_af4c5abdd595/source_manifests/MSG01L_R1_ARTIFACT_MANIFEST.sha256,d4c4cebe9d87a7b15db707307faf2b2b8adc6e57d6b4e9aa28009164b48606b8,d4c4cebe9d87a7b15db707307faf2b2b8adc6e57d6b4e9aa28009164b48606b8,1,RESOLVED_HASH_MATCH
REP-LOC-C05-UA-HARNESS-001,LOC-C05-UA,5,HARNESS,mlk_poly_frommsg_cleanroom/FROMMSG00A2_NATIVE_OVERLAP_BASELINE/native_poly_frommsg_harness_20260724T131455Z.c,experiments/poly-frommsg/00-campaign-setup/01-native-overlap-baseline/FROMMSG00A2_NATIVE_OVERLAP_BASELINE/native_poly_frommsg_harness_20260724T131455Z.c,60c5e7a0ce1320dacc016a369f924f7de5caf5bcd071d9eed1aadffaa4ee7923,60c5e7a0ce1320dacc016a369f924f7de5caf5bcd071d9eed1aadffaa4ee7923,1,RESOLVED_HASH_MATCH
REP-LOC-C05-UA-HARNESS-002,LOC-C05-UA,5,HARNESS,mlk_poly_frommsg_cleanroom/FROMMSG_T1_EXACT_EMBEDDING_PREFLIGHT/frommsg_t1_exact_harness_20260724T133806Z.c,experiments/poly-frommsg/T01-exact-binary-embedding/03-exact-embedding-preflight/FROMMSG_T1_EXACT_EMBEDDING_PREFLIGHT/frommsg_t1_exact_harness_20260724T133806Z.c,7a9cce12f267c0af4c25da6564bcb57169d7b47d5d4b322a7d2853bfa1d01ec7,7a9cce12f267c0af4c25da6564bcb57169d7b47d5d4b322a7d2853bfa1d01ec7,1,RESOLVED_HASH_MATCH
REP-LOC-C05-UA-HARNESS-003,LOC-C05-UA,5,HARNESS,mlk_poly_frommsg_cleanroom/FROMMSG_T1_NONVACUITY_MUTATION_PREFLIGHT/frommsg_t1_mutation_harness_20260724T134817Z.c,experiments/poly-frommsg/T01-exact-binary-embedding/04-nonvacuity-and-mutation-preflight/FROMMSG_T1_NONVACUITY_MUTATION_PREFLIGHT/frommsg_t1_mutation_harness_20260724T134817Z.c,36a92dc36bcbeb43ee7ff69c23f8c1077d696cadab450d3b7590bc58cc1d2b46,36a92dc36bcbeb43ee7ff69c23f8c1077d696cadab450d3b7590bc58cc1d2b46,1,RESOLVED_HASH_MATCH
REP-LOC-C05-UA-HARNESS-004,LOC-C05-UA,5,HARNESS,mlk_poly_frommsg_cleanroom/FROMMSG_T1_NONVACUITY_MUTATION_PREFLIGHT/frommsg_t1_reachability_harness_20260724T134817Z.c,experiments/poly-frommsg/T01-exact-binary-embedding/04-nonvacuity-and-mutation-preflight/FROMMSG_T1_NONVACUITY_MUTATION_PREFLIGHT/frommsg_t1_reachability_harness_20260724T134817Z.c,c4fd88a694a9bd420ec2d39d58232b40e7f0978e1b8512970eb0c0ddc46df615,c4fd88a694a9bd420ec2d39d58232b40e7f0978e1b8512970eb0c0ddc46df615,1,RESOLVED_HASH_MATCH
REP-LOC-C05-UA-HARNESS-005,LOC-C05-UA,5,HARNESS,mlk_poly_frommsg_cleanroom/FROMSGT1P0_DIRECT_BODY_PREFLIGHT/frommsg_t1_exact_binary_embedding_harness.c,experiments/poly-frommsg/T01-exact-binary-embedding/00-direct-body-preflight/FROMSGT1P0_DIRECT_BODY_PREFLIGHT/frommsg_t1_exact_binary_embedding_harness.c,657afc885742ee6bbef421dbf336c07ed0b40f95a92ff251ffb56122dc285266,657afc885742ee6bbef421dbf336c07ed0b40f95a92ff251ffb56122dc285266,1,RESOLVED_HASH_MATCH
REP-LOC-C05-UA-HARNESS-006,LOC-C05-UA,5,HARNESS,mlk_poly_frommsg_cleanroom/FROMSGT1_AUTHORITATIVE_COMBINED_R2/frommsg_t1_nonvacuity_harness.c,experiments/poly-frommsg/T01-exact-binary-embedding/07-authoritative-combined-r2/FROMSGT1_AUTHORITATIVE_COMBINED_R2/frommsg_t1_nonvacuity_harness.c,9801faa01860a7ddc6e1a8b92e12df49db5280d9ff5cf3f1048ecb8547abbe03,9801faa01860a7ddc6e1a8b92e12df49db5280d9ff5cf3f1048ecb8547abbe03,1,RESOLVED_HASH_MATCH
REP-LOC-C05-UA-HARNESS-007,LOC-C05-UA,5,HARNESS,mlk_poly_frommsg_cleanroom/FROMSGT1_AUTHORITATIVE_FINAL_R3/MUTATION_ALWAYS_HALF_harness.c,experiments/poly-frommsg/T01-exact-binary-embedding/08-final-authoritative-r3/FROMSGT1_AUTHORITATIVE_FINAL_R3/MUTATION_ALWAYS_HALF_harness.c,f134df4310fc92af17c2a16cf5d56632d32ed379b5c62979a73195d3f486633e,f134df4310fc92af17c2a16cf5d56632d32ed379b5c62979a73195d3f486633e,1,RESOLVED_HASH_MATCH
REP-LOC-C05-UA-HARNESS-008,LOC-C05-UA,5,HARNESS,mlk_poly_frommsg_cleanroom/FROMSGT1_AUTHORITATIVE_FINAL_R3/MUTATION_ALWAYS_ZERO_harness.c,experiments/poly-frommsg/T01-exact-binary-embedding/08-final-authoritative-r3/FROMSGT1_AUTHORITATIVE_FINAL_R3/MUTATION_ALWAYS_ZERO_harness.c,e4038389be34ce09219430bc7b17f20947c53517725f61f78720160ff24bf198,e4038389be34ce09219430bc7b17f20947c53517725f61f78720160ff24bf198,1,RESOLVED_HASH_MATCH
REP-LOC-C05-UA-COMMAND_OR_RUNNER-001,LOC-C05-UA,5,COMMAND_OR_RUNNER,mlk_poly_frommsg_cleanroom/FROMSGT1_AUTHORITATIVE_COMBINED/run_frommsg_t1_authoritative_combined.sh,experiments/poly-frommsg/T01-exact-binary-embedding/06-authoritative-combined-development/FROMSGT1_AUTHORITATIVE_COMBINED/run_frommsg_t1_authoritative_combined.sh,e67424961a5404c2d924bee597476d6d092af50820fc1e5f8ef46c0f98d5cab9,e67424961a5404c2d924bee597476d6d092af50820fc1e5f8ef46c0f98d5cab9,1,RESOLVED_HASH_MATCH
REP-LOC-C05-UA-COMMAND_OR_RUNNER-002,LOC-C05-UA,5,COMMAND_OR_RUNNER,mlk_poly_frommsg_cleanroom/FROMSGT1_AUTHORITATIVE_COMBINED_R2/run_frommsg_t1_authoritative_combined_r2.sh,experiments/poly-frommsg/T01-exact-binary-embedding/07-authoritative-combined-r2/FROMSGT1_AUTHORITATIVE_COMBINED_R2/run_frommsg_t1_authoritative_combined_r2.sh,f0823c9e7fdf340f510098d22159a1c8c8fa4e66f5d9dee567c3f3ff998a2a9e,f0823c9e7fdf340f510098d22159a1c8c8fa4e66f5d9dee567c3f3ff998a2a9e,1,RESOLVED_HASH_MATCH
REP-LOC-C05-UA-COMMAND_OR_RUNNER-003,LOC-C05-UA,5,COMMAND_OR_RUNNER,mlk_poly_frommsg_cleanroom/FROMSGT1_AUTHORITATIVE_FINAL_R3/run_frommsg_t1_final_r3.sh,experiments/poly-frommsg/T01-exact-binary-embedding/08-final-authoritative-r3/FROMSGT1_AUTHORITATIVE_FINAL_R3/run_frommsg_t1_final_r3.sh,9aa6b15b46a7dd92c2ed1ffc3a5df3fd334f50ac49b3317249a076a6b74440b3,9aa6b15b46a7dd92c2ed1ffc3a5df3fd334f50ac49b3317249a076a6b74440b3,1,RESOLVED_HASH_MATCH
REP-LOC-C05-UA-COMMAND_OR_RUNNER-004,LOC-C05-UA,5,COMMAND_OR_RUNNER,mlk_poly_frommsg_cleanroom/FROMMSG00D2_BUILD_WORK_20260724T171137Z/cbmc-develop/scripts/run_diff.sh,experiments/poly-frommsg/05-cbmc-coverage-and-toolchain-investigation/D03-develop-build-and-final-declaration/00-canonical-cbmc-develop-source-and-build-20260726T015622Z/source/scripts/run_diff.sh,428cce01eec53b84adcf2b976914b53055057cead0d0e774bd4864a2feb4f783,428cce01eec53b84adcf2b976914b53055057cead0d0e774bd4864a2feb4f783,1,RESOLVED_HASH_MATCH
REP-LOC-C05-UA-COMMAND_OR_RUNNER-005,LOC-C05-UA,5,COMMAND_OR_RUNNER,mlk_poly_frommsg_cleanroom/FROMMSG00D2_BUILD_WORK_20260724T171137Z/cbmc-develop/scripts/run_doxygen.sh,experiments/poly-frommsg/05-cbmc-coverage-and-toolchain-investigation/D03-develop-build-and-final-declaration/00-canonical-cbmc-develop-source-and-build-20260726T015622Z/source/scripts/run_doxygen.sh,ac8af7ce47ea4dea1360a01c7bbe39a6c69506ce32cfc00e7a46cd11bcf239f8,ac8af7ce47ea4dea1360a01c7bbe39a6c69506ce32cfc00e7a46cd11bcf239f8,1,RESOLVED_HASH_MATCH
REP-LOC-C05-UA-COMMAND_OR_RUNNER-006,LOC-C05-UA,5,COMMAND_OR_RUNNER,mlk_poly_frommsg_cleanroom/FROMMSG00D2_BUILD_WORK_20260724T171137Z/cbmc-develop/scripts/run_lint.sh,experiments/poly-frommsg/05-cbmc-coverage-and-toolchain-investigation/D03-develop-build-and-final-declaration/00-canonical-cbmc-develop-source-and-build-20260726T015622Z/source/scripts/run_lint.sh,8f05fdd0e46526864366ef5d006692c728dec901cb7897a7af9f58abf03cdd6a,8f05fdd0e46526864366ef5d006692c728dec901cb7897a7af9f58abf03cdd6a,1,RESOLVED_HASH_MATCH
REP-LOC-C05-UA-COMMAND_OR_RUNNER-007,LOC-C05-UA,5,COMMAND_OR_RUNNER,mlk_poly_frommsg_cleanroom/FROMMSG00D2_BUILD_WORK_20260724T171137Z/cbmc-develop/scripts/run_test_upload_cov_report.sh,experiments/poly-frommsg/05-cbmc-coverage-and-toolchain-investigation/D03-develop-build-and-final-declaration/00-canonical-cbmc-develop-source-and-build-20260726T015622Z/source/scripts/run_test_upload_cov_report.sh,1fcd17e816c6f3932d2d2c4567d416ceb34e7c88299ed6fdd6d5e6dbb2129d9e,1fcd17e816c6f3932d2d2c4567d416ceb34e7c88299ed6fdd6d5e6dbb2129d9e,1,RESOLVED_HASH_MATCH
REP-LOC-C05-UA-COMMAND_OR_RUNNER-008,LOC-C05-UA,5,COMMAND_OR_RUNNER,mlk_poly_frommsg_cleanroom/FROMMSG00D3_BUILD_WORK_20260725T172202Z/source/scripts/run_diff.sh,experiments/poly-frommsg/05-cbmc-coverage-and-toolchain-investigation/D03-develop-build-and-final-declaration/00-canonical-cbmc-develop-source-and-build-20260726T015622Z/source/scripts/run_diff.sh,428cce01eec53b84adcf2b976914b53055057cead0d0e774bd4864a2feb4f783,428cce01eec53b84adcf2b976914b53055057cead0d0e774bd4864a2feb4f783,1,RESOLVED_HASH_MATCH
REP-LOC-C05-UA-RAW_RESULT-001,LOC-C05-UA,5,RAW_RESULT,mlk_poly_frommsg_cleanroom/FROMMSG00D2_BUILD_WORK_20260724T171137Z/cbmc-develop/regression/cbmc-output-file/CMakeLists.txt,experiments/poly-frommsg/05-cbmc-coverage-and-toolchain-investigation/D03-develop-build-and-final-declaration/00-canonical-cbmc-develop-source-and-build-20260726T015622Z/source/regression/cbmc-output-file/CMakeLists.txt,c8b0cecfe5fb32f3d488f0317ea49e0f31e3f8bda325c8fee6e2b72e6bbfa590,c8b0cecfe5fb32f3d488f0317ea49e0f31e3f8bda325c8fee6e2b72e6bbfa590,134,RESOLVED_HASH_MATCH
REP-LOC-C05-UA-RAW_RESULT-002,LOC-C05-UA,5,RAW_RESULT,mlk_poly_frommsg_cleanroom/FROMMSG00D3_BUILD_WORK_20260725T172202Z/source/regression/cbmc-output-file/CMakeLists.txt,experiments/poly-frommsg/05-cbmc-coverage-and-toolchain-investigation/D03-develop-build-and-final-declaration/00-canonical-cbmc-develop-source-and-build-20260726T015622Z/source/regression/cbmc-output-file/CMakeLists.txt,c8b0cecfe5fb32f3d488f0317ea49e0f31e3f8bda325c8fee6e2b72e6bbfa590,c8b0cecfe5fb32f3d488f0317ea49e0f31e3f8bda325c8fee6e2b72e6bbfa590,134,RESOLVED_HASH_MATCH
REP-LOC-C05-UA-RAW_RESULT-003,LOC-C05-UA,5,RAW_RESULT,mlk_poly_frommsg_cleanroom/FROMMSG00D3_BUILD_WORK_20260726T015622Z/source/regression/cbmc-output-file/CMakeLists.txt,experiments/poly-frommsg/05-cbmc-coverage-and-toolchain-investigation/D03-develop-build-and-final-declaration/00-canonical-cbmc-develop-source-and-build-20260726T015622Z/source/regression/cbmc-output-file/CMakeLists.txt,c8b0cecfe5fb32f3d488f0317ea49e0f31e3f8bda325c8fee6e2b72e6bbfa590,c8b0cecfe5fb32f3d488f0317ea49e0f31e3f8bda325c8fee6e2b72e6bbfa590,134,RESOLVED_HASH_MATCH
REP-LOC-C05-UA-RAW_RESULT-004,LOC-C05-UA,5,RAW_RESULT,mlk_poly_frommsg_cleanroom/FROMMSG00D2_BUILD_WORK_20260724T171137Z/cbmc-develop/regression/cbmc-output-file/dump-smt-formula/cvc5-match-out-file-rules.txt,experiments/poly-frommsg/05-cbmc-coverage-and-toolchain-investigation/D03-develop-build-and-final-declaration/00-canonical-cbmc-develop-source-and-build-20260726T015622Z/source/regression/cbmc-output-file/dump-smt-formula/cvc5-match-out-file-rules.txt,0ad651e0626910cf150c34e62e364df2159b70085f8508845269f992b956b31d,0ad651e0626910cf150c34e62e364df2159b70085f8508845269f992b956b31d,2,RESOLVED_HASH_MATCH
REP-LOC-C05-UA-RAW_RESULT-005,LOC-C05-UA,5,RAW_RESULT,mlk_poly_frommsg_cleanroom/FROMMSG00D2_BUILD_WORK_20260724T171137Z/cbmc-develop/regression/cbmc-output-file/dump-smt-formula/cvc5-no-match-out-file-rules.txt,experiments/poly-frommsg/05-cbmc-coverage-and-toolchain-investigation/D03-develop-build-and-final-declaration/00-canonical-cbmc-develop-source-and-build-20260726T015622Z/source/regression/cbmc-output-file/dump-smt-formula/cvc5-no-match-out-file-rules.txt,c0a2d62da94ac6ba9f5dda4cfba816f27deb59844477d1f3186e159dd14b78bf,c0a2d62da94ac6ba9f5dda4cfba816f27deb59844477d1f3186e159dd14b78bf,2,RESOLVED_HASH_MATCH
REP-LOC-C05-UA-RAW_RESULT-006,LOC-C05-UA,5,RAW_RESULT,mlk_poly_frommsg_cleanroom/FROMMSG00D2_BUILD_WORK_20260724T171137Z/cbmc-develop/regression/cbmc-output-file/dump-smt-formula/z3-match-out-file-rules.txt,experiments/poly-frommsg/05-cbmc-coverage-and-toolchain-investigation/D03-develop-build-and-final-declaration/00-canonical-cbmc-develop-source-and-build-20260726T015622Z/source/regression/cbmc-output-file/dump-smt-formula/z3-match-out-file-rules.txt,0ad651e0626910cf150c34e62e364df2159b70085f8508845269f992b956b31d,0ad651e0626910cf150c34e62e364df2159b70085f8508845269f992b956b31d,2,RESOLVED_HASH_MATCH
REP-LOC-C05-UA-RAW_RESULT-007,LOC-C05-UA,5,RAW_RESULT,mlk_poly_frommsg_cleanroom/FROMMSG00D2_BUILD_WORK_20260724T171137Z/cbmc-develop/regression/cbmc-output-file/dump-smt-formula/z3-no-match-out-file-rules.txt,experiments/poly-frommsg/05-cbmc-coverage-and-toolchain-investigation/D03-develop-build-and-final-declaration/00-canonical-cbmc-develop-source-and-build-20260726T015622Z/source/regression/cbmc-output-file/dump-smt-formula/z3-no-match-out-file-rules.txt,c0a2d62da94ac6ba9f5dda4cfba816f27deb59844477d1f3186e159dd14b78bf,c0a2d62da94ac6ba9f5dda4cfba816f27deb59844477d1f3186e159dd14b78bf,2,RESOLVED_HASH_MATCH
REP-LOC-C05-UA-RAW_RESULT-008,LOC-C05-UA,5,RAW_RESULT,mlk_poly_frommsg_cleanroom/FROMMSG00D2_BUILD_WORK_20260724T171137Z/cbmc-develop/regression/cbmc-output-file/outfile/cvc5-match-out-file-rules.txt,experiments/poly-frommsg/05-cbmc-coverage-and-toolchain-investigation/D03-develop-build-and-final-declaration/00-canonical-cbmc-develop-source-and-build-20260726T015622Z/source/regression/cbmc-output-file/dump-smt-formula/cvc5-match-out-file-rules.txt,0ad651e0626910cf150c34e62e364df2159b70085f8508845269f992b956b31d,0ad651e0626910cf150c34e62e364df2159b70085f8508845269f992b956b31d,2,RESOLVED_HASH_MATCH
REP-LOC-C05-UA-MANIFEST_OR_HASH_RECORD-001,LOC-C05-UA,5,MANIFEST_OR_HASH_RECORD,mlk_poly_frommsg_cleanroom/FROMMSG00D1R1_FINAL_PACKAGE/FROMMSG00D1R1_MANIFEST_20260724T163826Z.txt,experiments/poly-frommsg/99-release-bundles/D01-canonical-cover-isolation/FROMMSG00D1R1_FINAL_PACKAGE/FROMMSG00D1R1_MANIFEST_20260724T163826Z.txt,7107e8c6389dff67acdf0a20ca966501ed8db51fde02b48997cb5ea55b7825a9,7107e8c6389dff67acdf0a20ca966501ed8db51fde02b48997cb5ea55b7825a9,1,RESOLVED_HASH_MATCH
REP-LOC-C05-UA-MANIFEST_OR_HASH_RECORD-002,LOC-C05-UA,5,MANIFEST_OR_HASH_RECORD,mlk_poly_frommsg_cleanroom/FROMMSG00D2R1_FINAL_PACKAGE/FROMMSG00D2R1_MANIFEST_20260724T172546Z.txt,experiments/poly-frommsg/99-release-bundles/D02-remediated-cross-version-validation/FROMMSG00D2R1_FINAL_PACKAGE/FROMMSG00D2R1_MANIFEST_20260724T172546Z.txt,d0231c93fcc010081669f05931fa57bbedc6ab6baac6dac75d7a154ca6dd6e93,d0231c93fcc010081669f05931fa57bbedc6ab6baac6dac75d7a154ca6dd6e93,1,RESOLVED_HASH_MATCH
REP-LOC-C05-UA-MANIFEST_OR_HASH_RECORD-003,LOC-C05-UA,5,MANIFEST_OR_HASH_RECORD,mlk_poly_frommsg_cleanroom/FROMMSG00D2_FINAL_PACKAGE/FROMMSG00D2_MANIFEST_20260724T171137Z.txt,experiments/poly-frommsg/99-release-bundles/D02-cross-version-validation/FROMMSG00D2_FINAL_PACKAGE/FROMMSG00D2_MANIFEST_20260724T171137Z.txt,5855902d273c415b1bbfcfa6d829586ae44517b4af4fb9584427da3c6d7cba25,5855902d273c415b1bbfcfa6d829586ae44517b4af4fb9584427da3c6d7cba25,1,RESOLVED_HASH_MATCH
REP-LOC-C05-UA-MANIFEST_OR_HASH_RECORD-004,LOC-C05-UA,5,MANIFEST_OR_HASH_RECORD,mlk_poly_frommsg_cleanroom/FROMMSG00D3_FINAL_PACKAGE/FROMMSG00D3_DIAGNOSTIC_MANIFEST_20260725T171356Z.txt,experiments/poly-frommsg/99-release-bundles/D03-develop-build-and-final-declaration/FROMMSG00D3_FINAL_PACKAGE/FROMMSG00D3_DIAGNOSTIC_MANIFEST_20260725T171356Z.txt,176f772ff77ef5d5dc5851cc0a7e6bf708ef0c5225a70829295a765ed9b0d4e0,176f772ff77ef5d5dc5851cc0a7e6bf708ef0c5225a70829295a765ed9b0d4e0,1,RESOLVED_HASH_MATCH
REP-LOC-C05-UA-MANIFEST_OR_HASH_RECORD-005,LOC-C05-UA,5,MANIFEST_OR_HASH_RECORD,mlk_poly_frommsg_cleanroom/FROMMSG00D3_FINAL_PACKAGE/FROMMSG00D3_DIAGNOSTIC_MANIFEST_20260725T172202Z.txt,experiments/poly-frommsg/99-release-bundles/D03-develop-build-and-final-declaration/FROMMSG00D3_FINAL_PACKAGE/FROMMSG00D3_DIAGNOSTIC_MANIFEST_20260725T172202Z.txt,71d6c7e5f16c8a00cc43439c636c3f8d1987442186fb9f23badd05646b2078ee,71d6c7e5f16c8a00cc43439c636c3f8d1987442186fb9f23badd05646b2078ee,1,RESOLVED_HASH_MATCH
REP-LOC-C05-UA-MANIFEST_OR_HASH_RECORD-006,LOC-C05-UA,5,MANIFEST_OR_HASH_RECORD,mlk_poly_frommsg_cleanroom/FROMMSG00D3_FINAL_PACKAGE/FROMMSG00D3_DIAGNOSTIC_MANIFEST_20260726T015622Z.txt,experiments/poly-frommsg/99-release-bundles/D03-develop-build-and-final-declaration/FROMMSG00D3_FINAL_PACKAGE/FROMMSG00D3_DIAGNOSTIC_MANIFEST_20260726T015622Z.txt,0d9017320b39f76d0e31df01d27d2e035a016ec03e07ac5f37f9f7149cef1439,0d9017320b39f76d0e31df01d27d2e035a016ec03e07ac5f37f9f7149cef1439,1,RESOLVED_HASH_MATCH
REP-LOC-C05-UA-MANIFEST_OR_HASH_RECORD-007,LOC-C05-UA,5,MANIFEST_OR_HASH_RECORD,mlk_poly_frommsg_cleanroom/FROMMSG_T1_NONVACUITY_MUTATION_PREFLIGHT/FROMMSG_T1_NONVAC_MUTATION_MANIFEST_20260724T134817Z.sha256,experiments/poly-frommsg/T01-exact-binary-embedding/04-nonvacuity-and-mutation-preflight/FROMMSG_T1_NONVACUITY_MUTATION_PREFLIGHT/FROMMSG_T1_NONVAC_MUTATION_MANIFEST_20260724T134817Z.sha256,128782a033743c25a06ed8426c98ab672c2df0024e1b09d7c05124a7d14decc9,128782a033743c25a06ed8426c98ab672c2df0024e1b09d7c05124a7d14decc9,1,RESOLVED_HASH_MATCH
REP-LOC-C05-UA-MANIFEST_OR_HASH_RECORD-008,LOC-C05-UA,5,MANIFEST_OR_HASH_RECORD,mlk_poly_frommsg_cleanroom/FROMSGT1_FINAL_PACKAGE/FROMSGT1_FINAL_MANIFEST_20260724T160742Z.txt,experiments/poly-frommsg/99-release-bundles/T01-exact-binary-embedding/FROMSGT1_FINAL_PACKAGE/FROMSGT1_FINAL_MANIFEST_20260724T160742Z.txt,a56f42a7e43825ed7444225503f6a1e05d223c22c58a0a37383a73be0a354c04,a56f42a7e43825ed7444225503f6a1e05d223c22c58a0a37383a73be0a354c04,1,RESOLVED_HASH_MATCH
REP-LOC-C05-UA-COVERAGE_MUTATION_OR_CONTROL-001,LOC-C05-UA,5,COVERAGE_MUTATION_OR_CONTROL,mlk_poly_frommsg_cleanroom/FROMMSG00A5_LITANI_JOB_AND_COMMAND_RECOVERY/FROMMSG00A5_LITANI_JOB_RECOVERY_20260724T135834Z.txt,findings/cbmc-cprover-cover-incompatible-redeclaration-robustness-finding/CBMC_FROMMSG_PUBLICATION_EVIDENCE_PACKAGE_20260727_R1/04_NATIVE_WORKFLOW_EVIDENCE/FROMMSG00A5_LITANI_JOB_RECOVERY_20260724T135834Z.txt,a1ec9aab80bda955b0513eabaf9c3d57f03cb4653f9a54de3fc6193b97511ad8,a1ec9aab80bda955b0513eabaf9c3d57f03cb4653f9a54de3fc6193b97511ad8,2,RESOLVED_HASH_MATCH
REP-LOC-C05-UA-COVERAGE_MUTATION_OR_CONTROL-002,LOC-C05-UA,5,COVERAGE_MUTATION_OR_CONTROL,mlk_poly_frommsg_cleanroom/FROMMSG00A5_LITANI_JOB_AND_COMMAND_RECOVERY/FROMMSG00A5_LITANI_JOB_RECOVERY_20260724T135834Z.txt.sha256,experiments/poly-frommsg/00-campaign-setup/04-litani-job-and-command-recovery/FROMMSG00A5_LITANI_JOB_AND_COMMAND_RECOVERY/FROMMSG00A5_LITANI_JOB_RECOVERY_20260724T135834Z.txt.sha256,39de5589412f21d07df1b54420177ab2d01e4c5c1feff5fdc58ce2f6aafd4ee8,39de5589412f21d07df1b54420177ab2d01e4c5c1feff5fdc58ce2f6aafd4ee8,1,RESOLVED_HASH_MATCH
REP-LOC-C05-UA-COVERAGE_MUTATION_OR_CONTROL-003,LOC-C05-UA,5,COVERAGE_MUTATION_OR_CONTROL,mlk_poly_frommsg_cleanroom/FROMMSG00A_SOURCE_NATIVE_ANALYSIS/FROMMSG00A_RECOVERY_AND_ANALYSIS_20260724T130512Z.txt,experiments/poly-frommsg/00-campaign-setup/00-source-and-native-analysis/FROMMSG00A_SOURCE_NATIVE_ANALYSIS/FROMMSG00A_RECOVERY_AND_ANALYSIS_20260724T130512Z.txt,e73bc3a51b9c73fb2344b3f572eae5d5412be88083f65ef7e6f8b549945a9530,e73bc3a51b9c73fb2344b3f572eae5d5412be88083f65ef7e6f8b549945a9530,1,RESOLVED_HASH_MATCH
REP-LOC-C05-UA-COVERAGE_MUTATION_OR_CONTROL-004,LOC-C05-UA,5,COVERAGE_MUTATION_OR_CONTROL,mlk_poly_frommsg_cleanroom/FROMMSG00A_SOURCE_NATIVE_ANALYSIS/FROMMSG00A_RECOVERY_AND_ANALYSIS_20260724T130512Z.txt.sha256,experiments/poly-frommsg/00-campaign-setup/00-source-and-native-analysis/FROMMSG00A_SOURCE_NATIVE_ANALYSIS/FROMMSG00A_RECOVERY_AND_ANALYSIS_20260724T130512Z.txt.sha256,5134789477ab5ae01189dc52c588ff0e356c6ba8f06594d4941c23ddfee54721,5134789477ab5ae01189dc52c588ff0e356c6ba8f06594d4941c23ddfee54721,1,RESOLVED_HASH_MATCH
REP-LOC-C05-UA-COVERAGE_MUTATION_OR_CONTROL-005,LOC-C05-UA,5,COVERAGE_MUTATION_OR_CONTROL,mlk_poly_frommsg_cleanroom/FROMMSG00D1R1_CANONICAL_COVER_ISOLATION/01_canonical_no_declaration_true.symbols.sha256,experiments/poly-frommsg/05-cbmc-coverage-and-toolchain-investigation/D01-coverage-abort-minimization/02-canonical-cover-isolation/FROMMSG00D1R1_CANONICAL_COVER_ISOLATION/01_canonical_no_declaration_true.symbols.sha256,645a54d13c93ed6d0063143e6715f1a82b6111345746af256eea6df9b8b31b94,645a54d13c93ed6d0063143e6715f1a82b6111345746af256eea6df9b8b31b94,1,RESOLVED_HASH_MATCH
REP-LOC-C05-UA-COVERAGE_MUTATION_OR_CONTROL-006,LOC-C05-UA,5,COVERAGE_MUTATION_OR_CONTROL,mlk_poly_frommsg_cleanroom/FROMMSG00D1R1_CANONICAL_COVER_ISOLATION/01_canonical_no_declaration_true.symbols.txt,experiments/poly-frommsg/05-cbmc-coverage-and-toolchain-investigation/D01-coverage-abort-minimization/02-canonical-cover-isolation/FROMMSG00D1R1_CANONICAL_COVER_ISOLATION/01_canonical_no_declaration_true.symbols.txt,97f15e08b8e93c9e040c34ae76e7c81fd248269bb050512f9deadbc684bb2533,97f15e08b8e93c9e040c34ae76e7c81fd248269bb050512f9deadbc684bb2533,1,RESOLVED_HASH_MATCH
REP-LOC-C05-UA-COVERAGE_MUTATION_OR_CONTROL-007,LOC-C05-UA,5,COVERAGE_MUTATION_OR_CONTROL,mlk_poly_frommsg_cleanroom/FROMMSG00D1R1_CANONICAL_COVER_ISOLATION/01_canonical_no_declaration_true_BASELINE.combined.txt,experiments/poly-frommsg/05-cbmc-coverage-and-toolchain-investigation/D01-coverage-abort-minimization/02-canonical-cover-isolation/FROMMSG00D1R1_CANONICAL_COVER_ISOLATION/01_canonical_no_declaration_true_BASELINE.combined.txt,cd215f2bd25739c785274ed7aee921ca08cd62411d881ee56af9202e6e32ec2a,cd215f2bd25739c785274ed7aee921ca08cd62411d881ee56af9202e6e32ec2a,1,RESOLVED_HASH_MATCH
REP-LOC-C05-UA-COVERAGE_MUTATION_OR_CONTROL-008,LOC-C05-UA,5,COVERAGE_MUTATION_OR_CONTROL,mlk_poly_frommsg_cleanroom/FROMMSG00D1R1_CANONICAL_COVER_ISOLATION/01_canonical_no_declaration_true_BASELINE.command.txt,experiments/poly-frommsg/05-cbmc-coverage-and-toolchain-investigation/D01-coverage-abort-minimization/02-canonical-cover-isolation/FROMMSG00D1R1_CANONICAL_COVER_ISOLATION/01_canonical_no_declaration_true_BASELINE.command.txt,94422ef0039f158fc54d083106ba81f2542467ca43a04809cdb3b0d5c4b1d933,94422ef0039f158fc54d083106ba81f2542467ca43a04809cdb3b0d5c4b1d933,1,RESOLVED_HASH_MATCH
REP-LOC-C06-UA-HARNESS-001,LOC-C06-UA,6,HARNESS,mlk_polycomp_d4_cleanroom/harnesses/T1/mutation_bitflip/polycomp_d4_t1_mutation_flipbit_harness.c,supplementary-evidence-reconciliation/consolidated-mlkem-cbmc-verification-harnesses-12-campaigns/mlk_compress_decompress_harness_set/T1/mutation_bitflip/polycomp_d4_t1_mutation_flipbit_harness.c,e7cb180ae252eb7c13b20ea63549cdec8af0853e2f760258a95734e2a5ca2572,e7cb180ae252eb7c13b20ea63549cdec8af0853e2f760258a95734e2a5ca2572,2,RESOLVED_HASH_MATCH
REP-LOC-C06-UA-HARNESS-002,LOC-C06-UA,6,HARNESS,mlk_polycomp_d4_cleanroom/harnesses/T1/mutation_nibble_swap/polycomp_d4_t1_mutation_swap_nibbles_harness.c,supplementary-evidence-reconciliation/consolidated-mlkem-cbmc-verification-harnesses-12-campaigns/mlk_compress_decompress_harness_set/T1/mutation_nibble_swap/polycomp_d4_t1_mutation_swap_nibbles_harness.c,192696158c6a009543cbc2ed5ef621f82ed9f273e7357703784c400f766d0d97,192696158c6a009543cbc2ed5ef621f82ed9f273e7357703784c400f766d0d97,2,RESOLVED_HASH_MATCH
REP-LOC-C06-UA-HARNESS-003,LOC-C06-UA,6,HARNESS,mlk_polycomp_d4_cleanroom/harnesses/T1/mutation_rounding_minus_one/polycomp_d4_t1_mutation_rounding_minus_one_harness.c,supplementary-evidence-reconciliation/consolidated-mlkem-cbmc-verification-harnesses-12-campaigns/mlk_compress_decompress_harness_set/T1/mutation_rounding_minus_one/polycomp_d4_t1_mutation_rounding_minus_one_harness.c,a1a9e93a79a28f2f9fc07241ce5aa9c551735923e74f35583dff4248d95c693e,a1a9e93a79a28f2f9fc07241ce5aa9c551735923e74f35583dff4248d95c693e,2,RESOLVED_HASH_MATCH
REP-LOC-C06-UA-HARNESS-004,LOC-C06-UA,6,HARNESS,mlk_polycomp_d4_cleanroom/harnesses/T1/positive_full_byte_refinement/polycomp_d4_t1_packed_refinement_harness.c,supplementary-evidence-reconciliation/consolidated-mlkem-cbmc-verification-harnesses-12-campaigns/mlk_compress_decompress_harness_set/T1/positive_full_byte_refinement/polycomp_d4_t1_packed_refinement_harness.c,90deb2c5942fe71af658552a608efa3179715d267396c25be6e0fb469637e21d,90deb2c5942fe71af658552a608efa3179715d267396c25be6e0fb469637e21d,2,RESOLVED_HASH_MATCH
REP-LOC-C06-UA-HARNESS-005,LOC-C06-UA,6,HARNESS,mlk_polycomp_d4_cleanroom/harnesses/T1/relational_nibble_locality/polycomp_d4_t1_relational_nibble_locality_harness.c,supplementary-evidence-reconciliation/consolidated-mlkem-cbmc-verification-harnesses-12-campaigns/mlk_compress_decompress_harness_set/T1/relational_nibble_locality/polycomp_d4_t1_relational_nibble_locality_harness.c,17fac65cebdfa457ec0fe544cac9d1bb3fd609766631abda6f1f1f2d4b2538d3,17fac65cebdfa457ec0fe544cac9d1bb3fd609766631abda6f1f1f2d4b2538d3,2,RESOLVED_HASH_MATCH
REP-LOC-C06-UA-HARNESS-006,LOC-C06-UA,6,HARNESS,mlk_polycomp_d4_cleanroom/harnesses/T2/mutation_nibble_swap/polycomp_d4_t2_mutation_nibble_swap_harness.c,supplementary-evidence-reconciliation/consolidated-mlkem-cbmc-verification-harnesses-12-campaigns/mlk_compress_decompress_harness_set/T2/mutation_nibble_swap/polycomp_d4_t2_mutation_nibble_swap_harness.c,b6a3bb3d12e314c88b472ebd1ed78c87e77d3d4033324639522d04c9591fbf5e,b6a3bb3d12e314c88b472ebd1ed78c87e77d3d4033324639522d04c9591fbf5e,2,RESOLVED_HASH_MATCH
REP-LOC-C06-UA-HARNESS-007,LOC-C06-UA,6,HARNESS,mlk_polycomp_d4_cleanroom/harnesses/T2/mutation_rounding_minus_one/polycomp_d4_t2_mutation_rounding_minus_one_harness.c,supplementary-evidence-reconciliation/consolidated-mlkem-cbmc-verification-harnesses-12-campaigns/mlk_compress_decompress_harness_set/T2/mutation_rounding_minus_one/polycomp_d4_t2_mutation_rounding_minus_one_harness.c,88fab1b8a10cee4a01713424cd71f7cc1c77e3d065d89543c040af386691b976,88fab1b8a10cee4a01713424cd71f7cc1c77e3d065d89543c040af386691b976,2,RESOLVED_HASH_MATCH
REP-LOC-C06-UA-HARNESS-008,LOC-C06-UA,6,HARNESS,mlk_polycomp_d4_cleanroom/harnesses/T2/positive_decompressor_refinement/polycomp_d4_t2_decompress_refinement_harness.c,supplementary-evidence-reconciliation/consolidated-mlkem-cbmc-verification-harnesses-12-campaigns/mlk_compress_decompress_harness_set/T2/positive_decompressor_refinement/polycomp_d4_t2_decompress_refinement_harness.c,9db3ca1461eadd68521a29595cd9c190042fd1236c3f6a88c97406d54fa1092e,9db3ca1461eadd68521a29595cd9c190042fd1236c3f6a88c97406d54fa1092e,2,RESOLVED_HASH_MATCH
REP-LOC-C06-UA-RAW_RESULT-001,LOC-C06-UA,6,RAW_RESULT,mlk_polycomp_d4_cleanroom/POLYCOMP_D4_00D_T1_VALID_DIRECT_RUN/POLYCOMP_D4_T1_SEMANTIC_RESULT_20260725T154158Z.json,experiments/polycomp-d4/T01-compressor-refinement/01-positive-semantic-and-strict/POLYCOMP_D4_00D_T1_VALID_DIRECT_RUN/POLYCOMP_D4_T1_SEMANTIC_RESULT_20260725T154158Z.json,d1491784fe2d9fbff6e56545e636f62eba6869fe251ac7cd5a930a5e2a8bb082,d1491784fe2d9fbff6e56545e636f62eba6869fe251ac7cd5a930a5e2a8bb082,1,RESOLVED_HASH_MATCH
REP-LOC-C06-UA-RAW_RESULT-002,LOC-C06-UA,6,RAW_RESULT,mlk_polycomp_d4_cleanroom/POLYCOMP_D4_T2_00B_CONTINUE_POSITIVE/T2_SEMANTIC_RESULT_20260725T172831Z.json,experiments/polycomp-d4/T02-decompressor-refinement/01-positive-semantic-and-strict/POLYCOMP_D4_T2_00B_CONTINUE_POSITIVE/T2_SEMANTIC_RESULT_20260725T172831Z.json,2373c4bc7a7daca7b80dbed83181e7848dab848c6f9c328110a26646bcec2e54,2373c4bc7a7daca7b80dbed83181e7848dab848c6f9c328110a26646bcec2e54,1,RESOLVED_HASH_MATCH
REP-LOC-C06-UA-RAW_RESULT-003,LOC-C06-UA,6,RAW_RESULT,mlk_polycomp_d4_cleanroom/POLYCOMP_D4_T3_00B_CORRECTED_LOOP_PREFLIGHT/T3_SEMANTIC_RESULT_20260726T021122Z.json,experiments/polycomp-d4/T03-compressed-domain-retraction/01-corrected-loop-positive-preflight/POLYCOMP_D4_T3_00B_CORRECTED_LOOP_PREFLIGHT/T3_SEMANTIC_RESULT_20260726T021122Z.json,4cf15e0ac40c43b37b5ca96fefa30932f85ce79a792d29a6b3409d0b7d85a4ed,4cf15e0ac40c43b37b5ca96fefa30932f85ce79a792d29a6b3409d0b7d85a4ed,1,RESOLVED_HASH_MATCH
REP-LOC-C06-UA-RAW_RESULT-004,LOC-C06-UA,6,RAW_RESULT,mlk_polycomp_d4_cleanroom/POLYCOMP_D4_T4_00A_BOOTSTRAP_PROJECTION_DISTORTION/T4_SEMANTIC_RESULT_20260726T024145Z.json,experiments/polycomp-d4/T04-quantizer-projection/00-projection-and-distortion/POLYCOMP_D4_T4_00A_BOOTSTRAP_PROJECTION_DISTORTION/T4_SEMANTIC_RESULT_20260726T024145Z.json,3cb0168b67c52a3d184ef432c6b7f36799ca46317258d583d2de8eaeafcf8d85,3cb0168b67c52a3d184ef432c6b7f36799ca46317258d583d2de8eaeafcf8d85,1,RESOLVED_HASH_MATCH
REP-LOC-C06-UA-RAW_RESULT-005,LOC-C06-UA,6,RAW_RESULT,mlk_polycomp_d4_cleanroom/POLYCOMP_D4_00H_T1_FINAL_FREEZE/POLYCOMP_D4_T1_FINAL_EVIDENCE_20260725T171522Z/campaign_stages/00D_VALID_POSITIVE_RUN/POLYCOMP_D4_T1_SEMANTIC_RESULT_20260725T154158Z.json,experiments/polycomp-d4/T01-compressor-refinement/01-positive-semantic-and-strict/POLYCOMP_D4_00D_T1_VALID_DIRECT_RUN/POLYCOMP_D4_T1_SEMANTIC_RESULT_20260725T154158Z.json,d1491784fe2d9fbff6e56545e636f62eba6869fe251ac7cd5a930a5e2a8bb082,d1491784fe2d9fbff6e56545e636f62eba6869fe251ac7cd5a930a5e2a8bb082,1,RESOLVED_HASH_MATCH
REP-LOC-C06-UA-RAW_RESULT-006,LOC-C06-UA,6,RAW_RESULT,mlk_polycomp_d4_cleanroom/POLYCOMP_D4_T2_00D_FINAL_FREEZE/POLYCOMP_D4_T2_FINAL_EVIDENCE_20260726T004328Z/campaign_stages/00B_POSITIVE_SEMANTIC_AND_STRICT/T2_SEMANTIC_RESULT_20260725T172831Z.json,experiments/polycomp-d4/T02-decompressor-refinement/01-positive-semantic-and-strict/POLYCOMP_D4_T2_00B_CONTINUE_POSITIVE/T2_SEMANTIC_RESULT_20260725T172831Z.json,2373c4bc7a7daca7b80dbed83181e7848dab848c6f9c328110a26646bcec2e54,2373c4bc7a7daca7b80dbed83181e7848dab848c6f9c328110a26646bcec2e54,1,RESOLVED_HASH_MATCH
REP-LOC-C06-UA-RAW_RESULT-007,LOC-C06-UA,6,RAW_RESULT,mlk_polycomp_d4_cleanroom/POLYCOMP_D4_T2_00D_FINAL_FREEZE/POLYCOMP_D4_T2_FINAL_EVIDENCE_20260726T004328Z/campaign_stages/00B_POSITIVE_SEMANTIC_AND_STRICT/T2_STRICT_RESULT_20260725T172831Z.json,experiments/polycomp-d4/T02-decompressor-refinement/01-positive-semantic-and-strict/POLYCOMP_D4_T2_00B_CONTINUE_POSITIVE/T2_STRICT_RESULT_20260725T172831Z.json,bcfe75bc6eafe17a67a2b306bb1c537c3e1a4c0196f771eda703f133498536da,bcfe75bc6eafe17a67a2b306bb1c537c3e1a4c0196f771eda703f133498536da,1,RESOLVED_HASH_MATCH
REP-LOC-C06-UA-RAW_RESULT-008,LOC-C06-UA,6,RAW_RESULT,mlk_polycomp_d4_cleanroom/POLYCOMP_D4_T2_00D_FINAL_FREEZE/POLYCOMP_D4_T2_FINAL_EVIDENCE_20260726T004328Z_R2/campaign_stages/00B_POSITIVE_SEMANTIC_AND_STRICT/T2_SEMANTIC_RESULT_20260725T172831Z.json,experiments/polycomp-d4/T02-decompressor-refinement/01-positive-semantic-and-strict/POLYCOMP_D4_T2_00B_CONTINUE_POSITIVE/T2_SEMANTIC_RESULT_20260725T172831Z.json,2373c4bc7a7daca7b80dbed83181e7848dab848c6f9c328110a26646bcec2e54,2373c4bc7a7daca7b80dbed83181e7848dab848c6f9c328110a26646bcec2e54,1,RESOLVED_HASH_MATCH
REP-LOC-C06-UA-MANIFEST_OR_HASH_RECORD-001,LOC-C06-UA,6,MANIFEST_OR_HASH_RECORD,mlk_polycomp_d4_cleanroom/POLYCOMP_D4_00B_MANIFEST_REGISTRY_T1_PREFLIGHT/POLYCOMP_D4_00B_GIT_OBJECT_MANIFEST_20260725T152707Z.txt,experiments/polycomp-d4/00-campaign-setup/theorem-registry-and-t1-preflight/POLYCOMP_D4_00B_MANIFEST_REGISTRY_T1_PREFLIGHT/POLYCOMP_D4_00B_GIT_OBJECT_MANIFEST_20260725T152707Z.txt,b6747f285fb0722e5655ca585a9140865e8000c2cf38715299729e38a5d73cbd,b6747f285fb0722e5655ca585a9140865e8000c2cf38715299729e38a5d73cbd,1,RESOLVED_HASH_MATCH
REP-LOC-C06-UA-MANIFEST_OR_HASH_RECORD-002,LOC-C06-UA,6,MANIFEST_OR_HASH_RECORD,mlk_polycomp_d4_cleanroom/POLYCOMP_D4_00B_MANIFEST_REGISTRY_T1_PREFLIGHT/POLYCOMP_D4_00B_GIT_OBJECT_MANIFEST_20260725T152707Z.txt.sha256,experiments/polycomp-d4/00-campaign-setup/theorem-registry-and-t1-preflight/POLYCOMP_D4_00B_MANIFEST_REGISTRY_T1_PREFLIGHT/POLYCOMP_D4_00B_GIT_OBJECT_MANIFEST_20260725T152707Z.txt.sha256,3c62b2b7b8fcee3077765ad737b3a12f116f211a6a4e59ada3d5a9a2bfcb92b7,3c62b2b7b8fcee3077765ad737b3a12f116f211a6a4e59ada3d5a9a2bfcb92b7,1,RESOLVED_HASH_MATCH
REP-LOC-C06-UA-MANIFEST_OR_HASH_RECORD-003,LOC-C06-UA,6,MANIFEST_OR_HASH_RECORD,mlk_polycomp_d4_cleanroom/harnesses/SHA256SUMS.txt,supplementary-evidence-reconciliation/consolidated-mlkem-cbmc-verification-harnesses-12-campaigns/mlk_compress_decompress_harness_set/SHA256SUMS.txt,6d41d9409464fd7b21806d852c18cfd9d31176c2ee40a8b63a6b8d102e485390,6d41d9409464fd7b21806d852c18cfd9d31176c2ee40a8b63a6b8d102e485390,21,RESOLVED_HASH_MATCH
REP-LOC-C06-UA-MANIFEST_OR_HASH_RECORD-004,LOC-C06-UA,6,MANIFEST_OR_HASH_RECORD,mlk_polycomp_d4_cleanroom/POLYCOMP_D4_00H_T1_FINAL_FREEZE/POLYCOMP_D4_T1_FINAL_EVIDENCE_20260725T171522Z/MANIFEST_SHA256.txt,experiments/polycomp-d4/T01-compressor-refinement/final-review/POLYCOMP_D4_T1_FINAL_EVIDENCE_20260725T171522Z/MANIFEST_SHA256.txt,adc0046d5a42705c7d665f216c60308ba00d242db8719eb099348c6f67cc18fe,adc0046d5a42705c7d665f216c60308ba00d242db8719eb099348c6f67cc18fe,5,RESOLVED_HASH_MATCH
REP-LOC-C06-UA-MANIFEST_OR_HASH_RECORD-005,LOC-C06-UA,6,MANIFEST_OR_HASH_RECORD,mlk_polycomp_d4_cleanroom/POLYCOMP_D4_00H_T1_FINAL_FREEZE/POLYCOMP_D4_T1_FINAL_EVIDENCE_20260725T171522Z/SHA256SUMS.txt,experiments/polycomp-d4/T01-compressor-refinement/final-review/POLYCOMP_D4_T1_FINAL_EVIDENCE_20260725T171522Z/SHA256SUMS.txt,d1621da3306c81afc9fad71852b974d71674f7d588ed1b3a7c3f28918a3f5277,d1621da3306c81afc9fad71852b974d71674f7d588ed1b3a7c3f28918a3f5277,21,RESOLVED_HASH_MATCH
REP-LOC-C06-UA-MANIFEST_OR_HASH_RECORD-006,LOC-C06-UA,6,MANIFEST_OR_HASH_RECORD,mlk_polycomp_d4_cleanroom/POLYCOMP_D4_T2_00D_FINAL_FREEZE/POLYCOMP_D4_T2_FINAL_EVIDENCE_20260726T004328Z/MANIFEST_SHA256.txt,experiments/polycomp-d4/T02-decompressor-refinement/final-review/original-final-package/POLYCOMP_D4_T2_FINAL_EVIDENCE_20260726T004328Z/MANIFEST_SHA256.txt,584e1237c8a1272c04648782dfd45e9a5a1b991e24c5f9a133bf7ef800a001ed,584e1237c8a1272c04648782dfd45e9a5a1b991e24c5f9a133bf7ef800a001ed,5,RESOLVED_HASH_MATCH
REP-LOC-C06-UA-MANIFEST_OR_HASH_RECORD-007,LOC-C06-UA,6,MANIFEST_OR_HASH_RECORD,mlk_polycomp_d4_cleanroom/POLYCOMP_D4_T2_00D_FINAL_FREEZE/POLYCOMP_D4_T2_FINAL_EVIDENCE_20260726T004328Z/SHA256SUMS.txt,experiments/polycomp-d4/T02-decompressor-refinement/final-review/original-final-package/POLYCOMP_D4_T2_FINAL_EVIDENCE_20260726T004328Z/SHA256SUMS.txt,c6cb86718963ac5bdd239a73050b080da1a0afb8261a440a16a31cbb765d8652,c6cb86718963ac5bdd239a73050b080da1a0afb8261a440a16a31cbb765d8652,21,RESOLVED_HASH_MATCH
REP-LOC-C06-UA-MANIFEST_OR_HASH_RECORD-008,LOC-C06-UA,6,MANIFEST_OR_HASH_RECORD,mlk_polycomp_d4_cleanroom/POLYCOMP_D4_T2_00D_FINAL_FREEZE/POLYCOMP_D4_T2_FINAL_EVIDENCE_20260726T004328Z_R2/MANIFEST_SHA256.txt,experiments/polycomp-d4/T02-decompressor-refinement/final-review/repaired-final-package/POLYCOMP_D4_T2_FINAL_EVIDENCE_20260726T004328Z_R2/MANIFEST_SHA256.txt,6340b33d7bd99198a00f8d94d2061cbc2e2a166aaad03bde914f66e6a96af64f,6340b33d7bd99198a00f8d94d2061cbc2e2a166aaad03bde914f66e6a96af64f,5,RESOLVED_HASH_MATCH
REP-LOC-C06-UA-COVERAGE_MUTATION_OR_CONTROL-001,LOC-C06-UA,6,COVERAGE_MUTATION_OR_CONTROL,mlk_polycomp_d4_cleanroom/POLYCOMP_D4_00E_T1_NONVACUITY_MUTATION/POLYCOMP_D4_00E_T1_NONVACUITY_MUTATION_20260725T163139Z.txt,experiments/polycomp-d4/T01-compressor-refinement/02-initial-coverage-attempt/POLYCOMP_D4_00E_T1_NONVACUITY_MUTATION/POLYCOMP_D4_00E_T1_NONVACUITY_MUTATION_20260725T163139Z.txt,264ca4a4077ce217af74c0780be15612135a2696d7dd5651310905ecb08c4145,264ca4a4077ce217af74c0780be15612135a2696d7dd5651310905ecb08c4145,1,RESOLVED_HASH_MATCH
REP-LOC-C06-UA-COVERAGE_MUTATION_OR_CONTROL-002,LOC-C06-UA,6,COVERAGE_MUTATION_OR_CONTROL,mlk_polycomp_d4_cleanroom/POLYCOMP_D4_00E_T1_NONVACUITY_MUTATION/POLYCOMP_D4_00E_T1_NONVACUITY_MUTATION_20260725T163139Z.txt.sha256,experiments/polycomp-d4/T01-compressor-refinement/02-initial-coverage-attempt/POLYCOMP_D4_00E_T1_NONVACUITY_MUTATION/POLYCOMP_D4_00E_T1_NONVACUITY_MUTATION_20260725T163139Z.txt.sha256,20b304cfad8754e91323e3fd6ea94994f0c6fd007bfb265794d758958838e778,20b304cfad8754e91323e3fd6ea94994f0c6fd007bfb265794d758958838e778,1,RESOLVED_HASH_MATCH
REP-LOC-C06-UA-COVERAGE_MUTATION_OR_CONTROL-003,LOC-C06-UA,6,COVERAGE_MUTATION_OR_CONTROL,mlk_polycomp_d4_cleanroom/POLYCOMP_D4_00E_T1_NONVACUITY_MUTATION/T1_COVERAGE_20260725T163139Z.json,experiments/polycomp-d4/T01-compressor-refinement/02-initial-coverage-attempt/POLYCOMP_D4_00E_T1_NONVACUITY_MUTATION/T1_COVERAGE_20260725T163139Z.json,8dff985ac2f6c1b9766926e7ded3050f3b46d7b7b5f1dadddc4695677734b378,8dff985ac2f6c1b9766926e7ded3050f3b46d7b7b5f1dadddc4695677734b378,1,RESOLVED_HASH_MATCH
REP-LOC-C06-UA-COVERAGE_MUTATION_OR_CONTROL-004,LOC-C06-UA,6,COVERAGE_MUTATION_OR_CONTROL,mlk_polycomp_d4_cleanroom/POLYCOMP_D4_00E_T1_NONVACUITY_MUTATION/T1_COVERAGE_STDERR_20260725T163139Z.txt,experiments/polycomp-d4/T01-compressor-refinement/02-initial-coverage-attempt/POLYCOMP_D4_00E_T1_NONVACUITY_MUTATION/T1_COVERAGE_STDERR_20260725T163139Z.txt,e3b0c44298fc1c149afbf4c8996fb92427ae41e4649b934ca495991b7852b855,e3b0c44298fc1c149afbf4c8996fb92427ae41e4649b934ca495991b7852b855,1,RESOLVED_HASH_MATCH
REP-LOC-C06-UA-COVERAGE_MUTATION_OR_CONTROL-005,LOC-C06-UA,6,COVERAGE_MUTATION_OR_CONTROL,mlk_polycomp_d4_cleanroom/POLYCOMP_D4_00E_T1_NONVACUITY_MUTATION/T1_COVERAGE_SUMMARY_20260725T163139Z.txt,experiments/polycomp-d4/T01-compressor-refinement/02-initial-coverage-attempt/POLYCOMP_D4_00E_T1_NONVACUITY_MUTATION/T1_COVERAGE_SUMMARY_20260725T163139Z.txt,06f2c9e07ac1ab1acb31c7028257e652e10ba8da386e8fa180a300cc97172cde,06f2c9e07ac1ab1acb31c7028257e652e10ba8da386e8fa180a300cc97172cde,1,RESOLVED_HASH_MATCH
REP-LOC-C06-UA-COVERAGE_MUTATION_OR_CONTROL-006,LOC-C06-UA,6,COVERAGE_MUTATION_OR_CONTROL,mlk_polycomp_d4_cleanroom/POLYCOMP_D4_00F_T1_CONTINUE_NONVAC_MUT/T1_ACCEPTED_COVERAGE_SUMMARY_20260725T163613Z.txt,experiments/polycomp-d4/T01-compressor-refinement/03-nonvacuity-and-bitflip-mutation/POLYCOMP_D4_00F_T1_CONTINUE_NONVAC_MUT/T1_ACCEPTED_COVERAGE_SUMMARY_20260725T163613Z.txt,7f1102bf8c1573cf085c97784bff269b6fa715e20a8f1800a357cabda414b002,7f1102bf8c1573cf085c97784bff269b6fa715e20a8f1800a357cabda414b002,1,RESOLVED_HASH_MATCH
REP-LOC-C06-UA-COVERAGE_MUTATION_OR_CONTROL-007,LOC-C06-UA,6,COVERAGE_MUTATION_OR_CONTROL,mlk_polycomp_d4_cleanroom/POLYCOMP_D4_00F_T1_CONTINUE_NONVAC_MUT/T1_MUTANT_LOOPS_20260725T163613Z.txt,experiments/polycomp-d4/T01-compressor-refinement/03-nonvacuity-and-bitflip-mutation/POLYCOMP_D4_00F_T1_CONTINUE_NONVAC_MUT/T1_MUTANT_LOOPS_20260725T163613Z.txt,16b592ed0b15f60f47c82f554bb8eb0dbb81e588262b18733738f5ee52392187,16b592ed0b15f60f47c82f554bb8eb0dbb81e588262b18733738f5ee52392187,1,RESOLVED_HASH_MATCH
REP-LOC-C06-UA-COVERAGE_MUTATION_OR_CONTROL-008,LOC-C06-UA,6,COVERAGE_MUTATION_OR_CONTROL,mlk_polycomp_d4_cleanroom/POLYCOMP_D4_00F_T1_CONTINUE_NONVAC_MUT/T1_MUTANT_PROPERTIES_20260725T163613Z.txt,experiments/polycomp-d4/T01-compressor-refinement/03-nonvacuity-and-bitflip-mutation/POLYCOMP_D4_00F_T1_CONTINUE_NONVAC_MUT/T1_MUTANT_PROPERTIES_20260725T163613Z.txt,6176eb339a0deea9107ef5ae2765ced2be3e87e36019f087eb413a993e845509,6176eb339a0deea9107ef5ae2765ced2be3e87e36019f087eb413a993e845509,1,RESOLVED_HASH_MATCH
REP-LOC-C07-UA-HARNESS-001,LOC-C07-UA,7,HARNESS,mlk_scalar_signed_to_unsigned_q_cleanroom/CANON00B_af4c5abd/04_native_overlap/native_barrett_harness.c,experiments/scalar-signed-to-unsigned-q/00-campaign-setup/preregistration-and-source-binding/04_native_overlap/native_barrett_harness.c,2257c68f1412b9b4a4a66b7bd5c178d87dd0d571ad1a487df4392ce1c84b20dc,2257c68f1412b9b4a4a66b7bd5c178d87dd0d571ad1a487df4392ce1c84b20dc,1,RESOLVED_HASH_MATCH
REP-LOC-C07-UA-HARNESS-002,LOC-C07-UA,7,HARNESS,mlk_scalar_signed_to_unsigned_q_cleanroom/CANON00B_af4c5abd/04_native_overlap/native_poly_reduce_c_harness.c,experiments/scalar-signed-to-unsigned-q/00-campaign-setup/preregistration-and-source-binding/04_native_overlap/native_poly_reduce_c_harness.c,1a9c8d770e6b46ba8a58d769bd77d599673bc022971154190b0c5d6d93ee96ba,1a9c8d770e6b46ba8a58d769bd77d599673bc022971154190b0c5d6d93ee96ba,1,RESOLVED_HASH_MATCH
REP-LOC-C07-UA-HARNESS-003,LOC-C07-UA,7,HARNESS,mlk_scalar_signed_to_unsigned_q_cleanroom/CANON00B_af4c5abd/04_native_overlap/native_scalar_harness.c,experiments/scalar-signed-to-unsigned-q/00-campaign-setup/preregistration-and-source-binding/04_native_overlap/native_scalar_harness.c,db059c559d2ad2c63b9ed8a5a64ba85701c5a6e5e2c2b0c4f71174df2fd2babd,db059c559d2ad2c63b9ed8a5a64ba85701c5a6e5e2c2b0c4f71174df2fd2babd,1,RESOLVED_HASH_MATCH
REP-LOC-C07-UA-HARNESS-004,LOC-C07-UA,7,HARNESS,mlk_scalar_signed_to_unsigned_q_cleanroom/CANON00C_R4_T1_af4c5abd/02_t1_harness/canon_t1_harness.c,experiments/scalar-signed-to-unsigned-q/00-campaign-setup/early-t1-development/CANON00C-R4/02_t1_harness/canon_t1_harness.c,05c1a8105404e78e8d35c769e866ff4f91a5eb453dec17a39d15c7a3cbf75071,05c1a8105404e78e8d35c769e866ff4f91a5eb453dec17a39d15c7a3cbf75071,2,RESOLVED_HASH_MATCH
REP-LOC-C07-UA-HARNESS-005,LOC-C07-UA,7,HARNESS,mlk_scalar_signed_to_unsigned_q_cleanroom/CANON00C_R5_T1_CLEAN_af4c5abd/01_theorem_source/canon_t1_theorem_harness.c,supplementary-evidence-reconciliation/consolidated-mlkem-cbmc-verification-harnesses-12-campaigns/poly_scalar_signed_unsigned_harness_set/CANON-T1/canon_t1_theorem_harness.c,1fc89e91044557b45b2cf11e0a841631bd0d86a5754019a7d2fe7b31c4b578ae,1fc89e91044557b45b2cf11e0a841631bd0d86a5754019a7d2fe7b31c4b578ae,8,RESOLVED_HASH_MATCH
REP-LOC-C07-UA-HARNESS-006,LOC-C07-UA,7,HARNESS,mlk_scalar_signed_to_unsigned_q_cleanroom/CANON00C_R5_T1_CLEAN_af4c5abd/02_coverage_source/canon_t1_coverage_harness.c,supplementary-evidence-reconciliation/consolidated-mlkem-cbmc-verification-harnesses-12-campaigns/poly_scalar_signed_unsigned_harness_set/CANON-T1/canon_t1_coverage_harness.c,822a0bdfb1082e2543d61c36efb47638f223c6f9d5d555097e7b55da7073a716,822a0bdfb1082e2543d61c36efb47638f223c6f9d5d555097e7b55da7073a716,8,RESOLVED_HASH_MATCH
REP-LOC-C07-UA-HARNESS-007,LOC-C07-UA,7,HARNESS,mlk_scalar_signed_to_unsigned_q_cleanroom/CANON_T1_FINAL_af4c5abd/00_freeze/canon_t1_coverage_harness.c,supplementary-evidence-reconciliation/consolidated-mlkem-cbmc-verification-harnesses-12-campaigns/poly_scalar_signed_unsigned_harness_set/CANON-T1/canon_t1_coverage_harness.c,822a0bdfb1082e2543d61c36efb47638f223c6f9d5d555097e7b55da7073a716,822a0bdfb1082e2543d61c36efb47638f223c6f9d5d555097e7b55da7073a716,8,RESOLVED_HASH_MATCH
REP-LOC-C07-UA-HARNESS-008,LOC-C07-UA,7,HARNESS,mlk_scalar_signed_to_unsigned_q_cleanroom/CANON_T1_FINAL_af4c5abd/00_freeze/canon_t1_theorem_harness.c,supplementary-evidence-reconciliation/consolidated-mlkem-cbmc-verification-harnesses-12-campaigns/poly_scalar_signed_unsigned_harness_set/CANON-T1/canon_t1_theorem_harness.c,1fc89e91044557b45b2cf11e0a841631bd0d86a5754019a7d2fe7b31c4b578ae,1fc89e91044557b45b2cf11e0a841631bd0d86a5754019a7d2fe7b31c4b578ae,8,RESOLVED_HASH_MATCH
REP-LOC-C07-UA-RAW_RESULT-001,LOC-C07-UA,7,RAW_RESULT,mlk_scalar_signed_to_unsigned_q_cleanroom/CANON00C_af4c5abd/01_build_workspace/mlkem-native_af4c5abd/proofs/cbmc/scalar_signed_to_unsigned_q/logs/result-err-log.txt,experiments/kem-check-pk/00-campaign-setup/native-baseline-proof/raw-evidence/logs/result-err-log.txt,01ba4719c80b6fe911b091a7c05124b64eeece964e09c058ef8f9805daca546b,01ba4719c80b6fe911b091a7c05124b64eeece964e09c058ef8f9805daca546b,26,RESOLVED_HASH_MATCH
REP-LOC-C07-UA-RAW_RESULT-002,LOC-C07-UA,7,RAW_RESULT,mlk_scalar_signed_to_unsigned_q_cleanroom/CANON00C_af4c5abd/01_build_workspace/mlkem-native_af4c5abd/proofs/cbmc/scalar_signed_to_unsigned_q/logs/result.txt,experiments/scalar-signed-to-unsigned-q/00-campaign-setup/build-workspace-delta/proofs/cbmc/scalar_signed_to_unsigned_q/logs/result.txt,c3c9ba2ae291183b0584bd83f1b6051c7730aa61d8f939bb8e4d235069c7d867,c3c9ba2ae291183b0584bd83f1b6051c7730aa61d8f939bb8e4d235069c7d867,32,RESOLVED_HASH_MATCH
REP-LOC-C07-UA-MANIFEST_OR_HASH_RECORD-001,LOC-C07-UA,7,MANIFEST_OR_HASH_RECORD,mlk_scalar_signed_to_unsigned_q_cleanroom/harnesses/SHA256SUMS.txt,supplementary-evidence-reconciliation/consolidated-mlkem-cbmc-verification-harnesses-12-campaigns/poly_scalar_signed_unsigned_harness_set/SHA256SUMS.txt,7cc27046857abe6a7a9755358bbc3e120e1858a489687885e5e358e323dc5a2e,7cc27046857abe6a7a9755358bbc3e120e1858a489687885e5e358e323dc5a2e,21,RESOLVED_HASH_MATCH
REP-LOC-C07-UA-MANIFEST_OR_HASH_RECORD-002,LOC-C07-UA,7,MANIFEST_OR_HASH_RECORD,mlk_scalar_signed_to_unsigned_q_cleanroom/CANON_T1_FINAL_af4c5abd/05_recovery/M1_identity_non_poly_manifest.diff,experiments/scalar-signed-to-unsigned-q/T01-exact-fibres-and-equivalence-classes/final-evidence/05_recovery/M1_identity_non_poly_manifest.diff,e3b0c44298fc1c149afbf4c8996fb92427ae41e4649b934ca495991b7852b855,e3b0c44298fc1c149afbf4c8996fb92427ae41e4649b934ca495991b7852b855,1,RESOLVED_HASH_MATCH
REP-LOC-C07-UA-MANIFEST_OR_HASH_RECORD-003,LOC-C07-UA,7,MANIFEST_OR_HASH_RECORD,mlk_scalar_signed_to_unsigned_q_cleanroom/CANON_T1_FINAL_af4c5abd/05_recovery/M2_qminus1_non_poly_manifest.diff,experiments/scalar-signed-to-unsigned-q/T01-exact-fibres-and-equivalence-classes/final-evidence/05_recovery/M2_qminus1_non_poly_manifest.diff,e3b0c44298fc1c149afbf4c8996fb92427ae41e4649b934ca495991b7852b855,e3b0c44298fc1c149afbf4c8996fb92427ae41e4649b934ca495991b7852b855,1,RESOLVED_HASH_MATCH
REP-LOC-C07-UA-MANIFEST_OR_HASH_RECORD-004,LOC-C07-UA,7,MANIFEST_OR_HASH_RECORD,mlk_scalar_signed_to_unsigned_q_cleanroom/CANON_T1_FINAL_af4c5abd/05_recovery/M3_reversed_selection_non_poly_manifest.diff,experiments/scalar-signed-to-unsigned-q/T01-exact-fibres-and-equivalence-classes/final-evidence/05_recovery/M3_reversed_selection_non_poly_manifest.diff,e3b0c44298fc1c149afbf4c8996fb92427ae41e4649b934ca495991b7852b855,e3b0c44298fc1c149afbf4c8996fb92427ae41e4649b934ca495991b7852b855,1,RESOLVED_HASH_MATCH
REP-LOC-C07-UA-MANIFEST_OR_HASH_RECORD-005,LOC-C07-UA,7,MANIFEST_OR_HASH_RECORD,mlk_scalar_signed_to_unsigned_q_cleanroom/CANON_T1_FINAL_af4c5abd/05_recovery/tree_manifest_sha256.txt,experiments/scalar-signed-to-unsigned-q/T01-exact-fibres-and-equivalence-classes/final-evidence/05_recovery/tree_manifest_sha256.txt,ba6541cb29bead7b2915f0bcdf539c30f228ab687cad0336506482632036d2f3,ba6541cb29bead7b2915f0bcdf539c30f228ab687cad0336506482632036d2f3,4,RESOLVED_HASH_MATCH
REP-LOC-C07-UA-MANIFEST_OR_HASH_RECORD-006,LOC-C07-UA,7,MANIFEST_OR_HASH_RECORD,mlk_scalar_signed_to_unsigned_q_cleanroom/CANON_T2_FINAL_af4c5abd/05_tree_validation/tree_manifest_sha256.txt,experiments/scalar-signed-to-unsigned-q/T02-retraction-and-normalization-stability/final-evidence/05_tree_validation/tree_manifest_sha256.txt,c7d52a0abb3248b8d7748c0131721921e0ab4a29075bf767064cceacf6ca4b5a,c7d52a0abb3248b8d7748c0131721921e0ab4a29075bf767064cceacf6ca4b5a,4,RESOLVED_HASH_MATCH
REP-LOC-C07-UA-MANIFEST_OR_HASH_RECORD-007,LOC-C07-UA,7,MANIFEST_OR_HASH_RECORD,mlk_scalar_signed_to_unsigned_q_cleanroom/CANON_T3_FINAL_af4c5abd/05_tree_validation/tree_manifest_sha256.txt,experiments/scalar-signed-to-unsigned-q/T03-modular-arithmetic-compatibility/final-evidence/05_tree_validation/tree_manifest_sha256.txt,7e25bc0569eb697ed39688b1be88453f2f0a8b8b4ae509fdd0ef05599fa0921b,7e25bc0569eb697ed39688b1be88453f2f0a8b8b4ae509fdd0ef05599fa0921b,4,RESOLVED_HASH_MATCH
REP-LOC-C07-UA-MANIFEST_OR_HASH_RECORD-008,LOC-C07-UA,7,MANIFEST_OR_HASH_RECORD,mlk_scalar_signed_to_unsigned_q_cleanroom/CANON_T4_FINAL_af4c5abd/05_tree_validation/tree_manifest_sha256.txt,experiments/scalar-signed-to-unsigned-q/T04-barrett-composition-and-canonicalization/final-evidence/05_tree_validation/tree_manifest_sha256.txt,be51d67a0947146113f76bf3a5ae6650ebb19d5edba55e80afd94becf0b4e41d,be51d67a0947146113f76bf3a5ae6650ebb19d5edba55e80afd94becf0b4e41d,4,RESOLVED_HASH_MATCH
REP-LOC-C07-UA-COVERAGE_MUTATION_OR_CONTROL-001,LOC-C07-UA,7,COVERAGE_MUTATION_OR_CONTROL,mlk_scalar_signed_to_unsigned_q_cleanroom/CANON00C_R4_T1_af4c5abd/06_t1_coverage/coverage.stderr.txt,experiments/scalar-signed-to-unsigned-q/T02-retraction-and-normalization-stability/positive-run/06_coverage_result/coverage.stderr.txt,79463735b401d34477ca50372d93c26a8cd746c11ef6dffde80cfb0fbce77448,79463735b401d34477ca50372d93c26a8cd746c11ef6dffde80cfb0fbce77448,13,RESOLVED_HASH_MATCH
REP-LOC-C07-UA-COVERAGE_MUTATION_OR_CONTROL-002,LOC-C07-UA,7,COVERAGE_MUTATION_OR_CONTROL,mlk_scalar_signed_to_unsigned_q_cleanroom/CANON00C_R4_T1_af4c5abd/06_t1_coverage/coverage.stdout.txt,experiments/scalar-signed-to-unsigned-q/00-campaign-setup/early-t1-development/CANON00C-R4/06_t1_coverage/coverage.stdout.txt,61cb620460bb6621789c51f0cede606d9d6190a0ec8f2098ea4b57b9dedea0f2,61cb620460bb6621789c51f0cede606d9d6190a0ec8f2098ea4b57b9dedea0f2,9,RESOLVED_HASH_MATCH
REP-LOC-C07-UA-COVERAGE_MUTATION_OR_CONTROL-003,LOC-C07-UA,7,COVERAGE_MUTATION_OR_CONTROL,mlk_scalar_signed_to_unsigned_q_cleanroom/CANON00C_R5_T1_CLEAN_af4c5abd/02_coverage_source/source_sha256.txt,experiments/scalar-signed-to-unsigned-q/T01-exact-fibres-and-equivalence-classes/positive-run/CANON00C-R5-clean/02_coverage_source/source_sha256.txt,7160bfa5f0564b8a294ad0fabb92ab85183c416147d0b61b87f14efc39a1efb6,7160bfa5f0564b8a294ad0fabb92ab85183c416147d0b61b87f14efc39a1efb6,16,RESOLVED_HASH_MATCH
REP-LOC-C07-UA-COVERAGE_MUTATION_OR_CONTROL-004,LOC-C07-UA,7,COVERAGE_MUTATION_OR_CONTROL,mlk_scalar_signed_to_unsigned_q_cleanroom/CANON00C_R5_T1_CLEAN_af4c5abd/03_build/coverage_build.stderr.txt,experiments/scalar-signed-to-unsigned-q/T02-retraction-and-normalization-stability/positive-run/03_build/coverage_build.stderr.txt,e3b0c44298fc1c149afbf4c8996fb92427ae41e4649b934ca495991b7852b855,e3b0c44298fc1c149afbf4c8996fb92427ae41e4649b934ca495991b7852b855,8,RESOLVED_HASH_MATCH
REP-LOC-C07-UA-COVERAGE_MUTATION_OR_CONTROL-005,LOC-C07-UA,7,COVERAGE_MUTATION_OR_CONTROL,mlk_scalar_signed_to_unsigned_q_cleanroom/CANON00C_R5_T1_CLEAN_af4c5abd/03_build/coverage_build.stdout.txt,experiments/scalar-signed-to-unsigned-q/T01-exact-fibres-and-equivalence-classes/positive-run/CANON00C-R5-clean/03_build/coverage_build.stdout.txt,d3e05f785478f85bfd0109be9294af020133f3f9c72ff99f078e1aa9cdb62f87,d3e05f785478f85bfd0109be9294af020133f3f9c72ff99f078e1aa9cdb62f87,8,RESOLVED_HASH_MATCH
REP-LOC-C07-UA-COVERAGE_MUTATION_OR_CONTROL-006,LOC-C07-UA,7,COVERAGE_MUTATION_OR_CONTROL,mlk_scalar_signed_to_unsigned_q_cleanroom/CANON00C_R5_T1_CLEAN_af4c5abd/03_build/coverage_dry_run.stderr.txt,experiments/scalar-signed-to-unsigned-q/T02-retraction-and-normalization-stability/positive-run/03_build/coverage_dry_run.stderr.txt,e3b0c44298fc1c149afbf4c8996fb92427ae41e4649b934ca495991b7852b855,e3b0c44298fc1c149afbf4c8996fb92427ae41e4649b934ca495991b7852b855,4,RESOLVED_HASH_MATCH
REP-LOC-C07-UA-COVERAGE_MUTATION_OR_CONTROL-007,LOC-C07-UA,7,COVERAGE_MUTATION_OR_CONTROL,mlk_scalar_signed_to_unsigned_q_cleanroom/CANON00C_R5_T1_CLEAN_af4c5abd/03_build/coverage_dry_run.stdout.txt,experiments/scalar-signed-to-unsigned-q/T01-exact-fibres-and-equivalence-classes/positive-run/CANON00C-R5-clean/03_build/coverage_dry_run.stdout.txt,b8f6fde07de16df50ad053ffe2a7e399e000efafc90715b38b513fb63f9b28bb,b8f6fde07de16df50ad053ffe2a7e399e000efafc90715b38b513fb63f9b28bb,4,RESOLVED_HASH_MATCH
REP-LOC-C07-UA-COVERAGE_MUTATION_OR_CONTROL-008,LOC-C07-UA,7,COVERAGE_MUTATION_OR_CONTROL,mlk_scalar_signed_to_unsigned_q_cleanroom/CANON00C_R5_T1_CLEAN_af4c5abd/03_build/coverage_forbidden_transformations.txt,experiments/scalar-signed-to-unsigned-q/T02-retraction-and-normalization-stability/positive-run/03_build/coverage_forbidden_transformations.txt,e3b0c44298fc1c149afbf4c8996fb92427ae41e4649b934ca495991b7852b855,e3b0c44298fc1c149afbf4c8996fb92427ae41e4649b934ca495991b7852b855,4,RESOLVED_HASH_MATCH
REP-LOC-C08-UA-HARNESS-001,LOC-C08-UA,8,HARNESS,mlk_barrett_reduce_cleanroom/BR_AF4_01_T1_EXACT_REFINEMENT_RUN1/br_af4_t1_exact_refinement_harness.c,supplementary-evidence-reconciliation/consolidated-mlkem-cbmc-verification-harnesses-12-campaigns/mlk_barret_reduce_harness_set/01_positive_theorems/br_af4_t1_exact_refinement_harness.c,f889856f16841dbb8cce266de42fb9496315a57e70205a8993d11af3582e579d,f889856f16841dbb8cce266de42fb9496315a57e70205a8993d11af3582e579d,2,RESOLVED_HASH_MATCH
REP-LOC-C08-UA-HARNESS-002,LOC-C08-UA,8,HARNESS,mlk_barrett_reduce_cleanroom/BR_AF4_02_T1_HARDENING_RUN1/br_af4_c1_boundary_harness.c,supplementary-evidence-reconciliation/consolidated-mlkem-cbmc-verification-harnesses-12-campaigns/mlk_barret_reduce_harness_set/02_controls/br_af4_c1_boundary_harness.c,834ff2a5503cedea855f948d1223db00dd1a2552050116c2a8506e798f3f095a,834ff2a5503cedea855f948d1223db00dd1a2552050116c2a8506e798f3f095a,2,RESOLVED_HASH_MATCH
REP-LOC-C08-UA-HARNESS-003,LOC-C08-UA,8,HARNESS,mlk_barrett_reduce_cleanroom/BR_AF4_02_T1_HARDENING_RUN1/br_af4_m1_magic_mutant_harness.c,supplementary-evidence-reconciliation/consolidated-mlkem-cbmc-verification-harnesses-12-campaigns/mlk_barret_reduce_harness_set/03_mutation_harnesses/br_af4_m1_magic_mutant_harness.c,6c0ff232621c59f7723ee4cbaa2c2320bb99d66a7ad2de2b663be1a132aa3217,6c0ff232621c59f7723ee4cbaa2c2320bb99d66a7ad2de2b663be1a132aa3217,2,RESOLVED_HASH_MATCH
REP-LOC-C08-UA-HARNESS-004,LOC-C08-UA,8,HARNESS,mlk_barrett_reduce_cleanroom/BR_AF4_02_T1_HARDENING_RUN1/br_af4_m2_offset_mutant_harness.c,supplementary-evidence-reconciliation/consolidated-mlkem-cbmc-verification-harnesses-12-campaigns/mlk_barret_reduce_harness_set/03_mutation_harnesses/br_af4_m2_offset_mutant_harness.c,e9488134ad6d95473e97e7c7c0f2f89499011476136ad36e113f34cd5b0345f5,e9488134ad6d95473e97e7c7c0f2f89499011476136ad36e113f34cd5b0345f5,2,RESOLVED_HASH_MATCH
REP-LOC-C08-UA-HARNESS-005,LOC-C08-UA,8,HARNESS,mlk_barrett_reduce_cleanroom/BR_AF4_02_T1_HARDENING_RUN1/br_af4_m3_oracle_mutant_harness.c,supplementary-evidence-reconciliation/consolidated-mlkem-cbmc-verification-harnesses-12-campaigns/mlk_barret_reduce_harness_set/03_mutation_harnesses/br_af4_m3_oracle_mutant_harness.c,cd9c6eb3afdb3b9998fd100fe6e7c78d2212894b2bdeada7fc0ce0c52a8a0e7e,cd9c6eb3afdb3b9998fd100fe6e7c78d2212894b2bdeada7fc0ce0c52a8a0e7e,2,RESOLVED_HASH_MATCH
REP-LOC-C08-UA-HARNESS-006,LOC-C08-UA,8,HARNESS,mlk_barrett_reduce_cleanroom/BR_AF4_02_T1_HARDENING_RUN1/br_af4_t1_p5_unique_closest_harness.c,supplementary-evidence-reconciliation/consolidated-mlkem-cbmc-verification-harnesses-12-campaigns/mlk_barret_reduce_harness_set/01_positive_theorems/br_af4_t1_p5_unique_closest_harness.c,73a76c969dea6ec75356065ed16d1f9cede889274d8b35f06402225c37e4b941,73a76c969dea6ec75356065ed16d1f9cede889274d8b35f06402225c37e4b941,2,RESOLVED_HASH_MATCH
REP-LOC-C08-UA-HARNESS-007,LOC-C08-UA,8,HARNESS,mlk_barrett_reduce_cleanroom/BR_AF4_03_T2_NORMALIZER_LAWS_RUN1/br_af4_c2_normalizer_reachability_harness.c,supplementary-evidence-reconciliation/consolidated-mlkem-cbmc-verification-harnesses-12-campaigns/mlk_barret_reduce_harness_set/02_controls/br_af4_c2_normalizer_reachability_harness.c,3a8ea348b980a765bc99efe5ec4435f37728731c5b7026b8801d96f777a910d5,3a8ea348b980a765bc99efe5ec4435f37728731c5b7026b8801d96f777a910d5,2,RESOLVED_HASH_MATCH
REP-LOC-C08-UA-HARNESS-008,LOC-C08-UA,8,HARNESS,mlk_barrett_reduce_cleanroom/BR_AF4_03_T2_NORMALIZER_LAWS_RUN1/br_af4_t2_normalizer_laws_harness.c,supplementary-evidence-reconciliation/consolidated-mlkem-cbmc-verification-harnesses-12-campaigns/mlk_barret_reduce_harness_set/01_positive_theorems/br_af4_t2_normalizer_laws_harness.c,517a1744eae81601e7a8232f4988e3905b08f15883b9a6367c930e9dbb50ab53,517a1744eae81601e7a8232f4988e3905b08f15883b9a6367c930e9dbb50ab53,2,RESOLVED_HASH_MATCH
REP-LOC-C08-UA-RAW_RESULT-001,LOC-C08-UA,8,RAW_RESULT,mlk_barrett_reduce_cleanroom/BR_AF4_01_T1_EXACT_REFINEMENT_RUN1/br_af4_t1_cbmc_result.txt,experiments/barrett-reduce/T01-exact-centered-refinement/raw-runs/BR_AF4_01_T1_EXACT_REFINEMENT_RUN1/br_af4_t1_cbmc_result.txt,34c4016af083067e5d69548417007f99a1018a9653f0fb2a6558155e6882cad2,34c4016af083067e5d69548417007f99a1018a9653f0fb2a6558155e6882cad2,1,RESOLVED_HASH_MATCH
REP-LOC-C08-UA-RAW_RESULT-002,LOC-C08-UA,8,RAW_RESULT,mlk_barrett_reduce_cleanroom/BR_AF4_01_T1_EXACT_REFINEMENT_RUN2/br_af4_t1_run2_cbmc_result.txt,experiments/barrett-reduce/T01-exact-centered-refinement/raw-runs/BR_AF4_01_T1_EXACT_REFINEMENT_RUN2/br_af4_t1_run2_cbmc_result.txt,8be0163074d5da0618e916db803a39838724b1fbdb83af15ad818d8338ba883c,8be0163074d5da0618e916db803a39838724b1fbdb83af15ad818d8338ba883c,1,RESOLVED_HASH_MATCH
REP-LOC-C08-UA-RAW_RESULT-003,LOC-C08-UA,8,RAW_RESULT,mlk_barrett_reduce_cleanroom/BR_AF4_01_T1_EXACT_REFINEMENT_RUN3/br_af4_t1_run3_cbmc_result.txt,experiments/barrett-reduce/T01-exact-centered-refinement/raw-runs/BR_AF4_01_T1_EXACT_REFINEMENT_RUN3/br_af4_t1_run3_cbmc_result.txt,b2eb88bd799eee4a625eed7c99f3d46197f4fb80d46c8612a364e3f782f43adc,b2eb88bd799eee4a625eed7c99f3d46197f4fb80d46c8612a364e3f782f43adc,1,RESOLVED_HASH_MATCH
REP-LOC-C08-UA-RAW_RESULT-004,LOC-C08-UA,8,RAW_RESULT,mlk_barrett_reduce_cleanroom/BR_AF4_T1_FREEZE_CANDIDATE_V1/theorem_runs/BR_AF4_01_T1_EXACT_REFINEMENT_RUN1/br_af4_t1_cbmc_result.txt,experiments/barrett-reduce/T01-exact-centered-refinement/raw-runs/BR_AF4_01_T1_EXACT_REFINEMENT_RUN1/br_af4_t1_cbmc_result.txt,34c4016af083067e5d69548417007f99a1018a9653f0fb2a6558155e6882cad2,34c4016af083067e5d69548417007f99a1018a9653f0fb2a6558155e6882cad2,1,RESOLVED_HASH_MATCH
REP-LOC-C08-UA-RAW_RESULT-005,LOC-C08-UA,8,RAW_RESULT,mlk_barrett_reduce_cleanroom/BR_AF4_T1_FREEZE_CANDIDATE_V1/theorem_runs/BR_AF4_01_T1_EXACT_REFINEMENT_RUN2/br_af4_t1_run2_cbmc_result.txt,experiments/barrett-reduce/T01-exact-centered-refinement/raw-runs/BR_AF4_01_T1_EXACT_REFINEMENT_RUN2/br_af4_t1_run2_cbmc_result.txt,8be0163074d5da0618e916db803a39838724b1fbdb83af15ad818d8338ba883c,8be0163074d5da0618e916db803a39838724b1fbdb83af15ad818d8338ba883c,1,RESOLVED_HASH_MATCH
REP-LOC-C08-UA-RAW_RESULT-006,LOC-C08-UA,8,RAW_RESULT,mlk_barrett_reduce_cleanroom/BR_AF4_T1_FREEZE_CANDIDATE_V1/theorem_runs/BR_AF4_01_T1_EXACT_REFINEMENT_RUN3/br_af4_t1_run3_cbmc_result.txt,experiments/barrett-reduce/T01-exact-centered-refinement/raw-runs/BR_AF4_01_T1_EXACT_REFINEMENT_RUN3/br_af4_t1_run3_cbmc_result.txt,b2eb88bd799eee4a625eed7c99f3d46197f4fb80d46c8612a364e3f782f43adc,b2eb88bd799eee4a625eed7c99f3d46197f4fb80d46c8612a364e3f782f43adc,1,RESOLVED_HASH_MATCH
REP-LOC-C08-UA-RAW_RESULT-007,LOC-C08-UA,8,RAW_RESULT,mlk_barrett_reduce_cleanroom/BR_AF4_T1_FINAL_FREEZE_V1/candidate_evidence/BR_AF4_T1_FREEZE_CANDIDATE_V1/theorem_runs/BR_AF4_01_T1_EXACT_REFINEMENT_RUN1/br_af4_t1_cbmc_result.txt,experiments/barrett-reduce/T01-exact-centered-refinement/raw-runs/BR_AF4_01_T1_EXACT_REFINEMENT_RUN1/br_af4_t1_cbmc_result.txt,34c4016af083067e5d69548417007f99a1018a9653f0fb2a6558155e6882cad2,34c4016af083067e5d69548417007f99a1018a9653f0fb2a6558155e6882cad2,1,RESOLVED_HASH_MATCH
REP-LOC-C08-UA-RAW_RESULT-008,LOC-C08-UA,8,RAW_RESULT,mlk_barrett_reduce_cleanroom/BR_AF4_T1_FINAL_FREEZE_V1/candidate_evidence/BR_AF4_T1_FREEZE_CANDIDATE_V1/theorem_runs/BR_AF4_01_T1_EXACT_REFINEMENT_RUN2/br_af4_t1_run2_cbmc_result.txt,experiments/barrett-reduce/T01-exact-centered-refinement/raw-runs/BR_AF4_01_T1_EXACT_REFINEMENT_RUN2/br_af4_t1_run2_cbmc_result.txt,8be0163074d5da0618e916db803a39838724b1fbdb83af15ad818d8338ba883c,8be0163074d5da0618e916db803a39838724b1fbdb83af15ad818d8338ba883c,1,RESOLVED_HASH_MATCH
REP-LOC-C08-UA-MANIFEST_OR_HASH_RECORD-001,LOC-C08-UA,8,MANIFEST_OR_HASH_RECORD,mlk_barrett_reduce_cleanroom/BR_AF4_01_T1_EXACT_REFINEMENT_RUN1/br_af4_t1_sha256_manifest.txt,experiments/barrett-reduce/T01-exact-centered-refinement/raw-runs/BR_AF4_01_T1_EXACT_REFINEMENT_RUN1/br_af4_t1_sha256_manifest.txt,06159ba12cdd5f512baa9a2c31e328cce46c5139308af092b4efb90f44651c13,06159ba12cdd5f512baa9a2c31e328cce46c5139308af092b4efb90f44651c13,1,RESOLVED_HASH_MATCH
REP-LOC-C08-UA-MANIFEST_OR_HASH_RECORD-002,LOC-C08-UA,8,MANIFEST_OR_HASH_RECORD,mlk_barrett_reduce_cleanroom/BR_AF4_01_T1_EXACT_REFINEMENT_RUN1/br_af4_t1_sha256_manifest.txt.sha256,experiments/barrett-reduce/T01-exact-centered-refinement/raw-runs/BR_AF4_01_T1_EXACT_REFINEMENT_RUN1/br_af4_t1_sha256_manifest.txt.sha256,2e3efe78a3daa7fd1d66f8ad41d22be93f14d41912609636e58b8058f249bb0a,2e3efe78a3daa7fd1d66f8ad41d22be93f14d41912609636e58b8058f249bb0a,1,RESOLVED_HASH_MATCH
REP-LOC-C08-UA-MANIFEST_OR_HASH_RECORD-003,LOC-C08-UA,8,MANIFEST_OR_HASH_RECORD,mlk_barrett_reduce_cleanroom/BR_AF4_01_T1_EXACT_REFINEMENT_RUN2/br_af4_t1_run2_sha256_manifest.txt,experiments/barrett-reduce/T01-exact-centered-refinement/raw-runs/BR_AF4_01_T1_EXACT_REFINEMENT_RUN2/br_af4_t1_run2_sha256_manifest.txt,528f435457e140cb286e8d66b2eebba535de57391dcefcbc20084015c6c01ab8,528f435457e140cb286e8d66b2eebba535de57391dcefcbc20084015c6c01ab8,1,RESOLVED_HASH_MATCH
REP-LOC-C08-UA-MANIFEST_OR_HASH_RECORD-004,LOC-C08-UA,8,MANIFEST_OR_HASH_RECORD,mlk_barrett_reduce_cleanroom/BR_AF4_01_T1_EXACT_REFINEMENT_RUN2/br_af4_t1_run2_sha256_manifest.txt.sha256,experiments/barrett-reduce/T01-exact-centered-refinement/raw-runs/BR_AF4_01_T1_EXACT_REFINEMENT_RUN2/br_af4_t1_run2_sha256_manifest.txt.sha256,6dd7d3370bec0247913a4a5d6b73004c8d3c1519ea1627aa4f2ec4865041e87d,6dd7d3370bec0247913a4a5d6b73004c8d3c1519ea1627aa4f2ec4865041e87d,1,RESOLVED_HASH_MATCH
REP-LOC-C08-UA-MANIFEST_OR_HASH_RECORD-005,LOC-C08-UA,8,MANIFEST_OR_HASH_RECORD,mlk_barrett_reduce_cleanroom/BR_AF4_01_T1_EXACT_REFINEMENT_RUN3/br_af4_t1_run3_sha256_manifest.txt,experiments/barrett-reduce/T01-exact-centered-refinement/raw-runs/BR_AF4_01_T1_EXACT_REFINEMENT_RUN3/br_af4_t1_run3_sha256_manifest.txt,dfc3e47fa3b6250a3b2f7614056013d419ca988a29eb3a1016e3ab6e9a192503,dfc3e47fa3b6250a3b2f7614056013d419ca988a29eb3a1016e3ab6e9a192503,1,RESOLVED_HASH_MATCH
REP-LOC-C08-UA-MANIFEST_OR_HASH_RECORD-006,LOC-C08-UA,8,MANIFEST_OR_HASH_RECORD,mlk_barrett_reduce_cleanroom/BR_AF4_01_T1_EXACT_REFINEMENT_RUN3/br_af4_t1_run3_sha256_manifest.txt.sha256,experiments/barrett-reduce/T01-exact-centered-refinement/raw-runs/BR_AF4_01_T1_EXACT_REFINEMENT_RUN3/br_af4_t1_run3_sha256_manifest.txt.sha256,efdb0b26285e95d22089f0eef2f302543806fa383890e1aa215be50b194c1adc,efdb0b26285e95d22089f0eef2f302543806fa383890e1aa215be50b194c1adc,1,RESOLVED_HASH_MATCH
REP-LOC-C08-UA-MANIFEST_OR_HASH_RECORD-007,LOC-C08-UA,8,MANIFEST_OR_HASH_RECORD,mlk_barrett_reduce_cleanroom/BR_AF4_02_T1_HARDENING_RUN1/br_af4_t1_hardening_sha256_manifest.txt,experiments/barrett-reduce/T01-exact-centered-refinement/hardening-and-controls/BR_AF4_02_T1_HARDENING_RUN1/br_af4_t1_hardening_sha256_manifest.txt,3e2e9e65604769313b38529faa525393c1e77d50c9a27dfead65ddb7ef41f74d,3e2e9e65604769313b38529faa525393c1e77d50c9a27dfead65ddb7ef41f74d,1,RESOLVED_HASH_MATCH
REP-LOC-C08-UA-MANIFEST_OR_HASH_RECORD-008,LOC-C08-UA,8,MANIFEST_OR_HASH_RECORD,mlk_barrett_reduce_cleanroom/BR_AF4_02_T1_HARDENING_RUN1/br_af4_t1_hardening_sha256_manifest.txt.sha256,experiments/barrett-reduce/T01-exact-centered-refinement/hardening-and-controls/BR_AF4_02_T1_HARDENING_RUN1/br_af4_t1_hardening_sha256_manifest.txt.sha256,a7037fa8cb8e6b1341b0ac012d11b955ded12b39b6cde59f0f0269377cf76a93,a7037fa8cb8e6b1341b0ac012d11b955ded12b39b6cde59f0f0269377cf76a93,1,RESOLVED_HASH_MATCH
REP-LOC-C08-UA-COVERAGE_MUTATION_OR_CONTROL-001,LOC-C08-UA,8,COVERAGE_MUTATION_OR_CONTROL,mlk_barrett_reduce_cleanroom/BR_AF4_06_T3_MUTATION_HARDENING_RUN1/br_af4_t3_mutation_result_matrix.txt,experiments/barrett-reduce/T03-quotient-partition/mutation-hardening/BR_AF4_06_T3_MUTATION_HARDENING_RUN1/br_af4_t3_mutation_result_matrix.txt,b7f62c1f3dea77ea12263ee6478006dc45544b6baeed2abb6ca0c56f75c3a2a6,b7f62c1f3dea77ea12263ee6478006dc45544b6baeed2abb6ca0c56f75c3a2a6,1,RESOLVED_HASH_MATCH
REP-LOC-C08-UA-COVERAGE_MUTATION_OR_CONTROL-002,LOC-C08-UA,8,COVERAGE_MUTATION_OR_CONTROL,mlk_barrett_reduce_cleanroom/BR_AF4_06_T3_MUTATION_HARDENING_RUN1/br_af4_t3_mutation_sha256_manifest.txt,experiments/barrett-reduce/T03-quotient-partition/mutation-hardening/BR_AF4_06_T3_MUTATION_HARDENING_RUN1/br_af4_t3_mutation_sha256_manifest.txt,3b6f7058ade8fdda3e7dec86a5f7ccf906e4f22901db49bebbe92e42bd1f9966,3b6f7058ade8fdda3e7dec86a5f7ccf906e4f22901db49bebbe92e42bd1f9966,1,RESOLVED_HASH_MATCH
REP-LOC-C08-UA-COVERAGE_MUTATION_OR_CONTROL-003,LOC-C08-UA,8,COVERAGE_MUTATION_OR_CONTROL,mlk_barrett_reduce_cleanroom/BR_AF4_06_T3_MUTATION_HARDENING_RUN1/br_af4_t3_mutation_sha256_manifest.txt.sha256,experiments/barrett-reduce/T03-quotient-partition/mutation-hardening/BR_AF4_06_T3_MUTATION_HARDENING_RUN1/br_af4_t3_mutation_sha256_manifest.txt.sha256,0b197a5c8ec8ecf523c9802f2503fbd24b821815b9ff1dbc2e5f35a0accf5fe5,0b197a5c8ec8ecf523c9802f2503fbd24b821815b9ff1dbc2e5f35a0accf5fe5,1,RESOLVED_HASH_MATCH
REP-LOC-C08-UA-COVERAGE_MUTATION_OR_CONTROL-004,LOC-C08-UA,8,COVERAGE_MUTATION_OR_CONTROL,mlk_barrett_reduce_cleanroom/BR_AF4_06_T3_MUTATION_HARDENING_RUN1/br_af4_t3_mutation_summary.txt,experiments/barrett-reduce/T03-quotient-partition/mutation-hardening/BR_AF4_06_T3_MUTATION_HARDENING_RUN1/br_af4_t3_mutation_summary.txt,0f8916a97883aaaa87a0c2df3948da7168a5ca74e0dbc33490c319c308a24e37,0f8916a97883aaaa87a0c2df3948da7168a5ca74e0dbc33490c319c308a24e37,1,RESOLVED_HASH_MATCH
REP-LOC-C08-UA-COVERAGE_MUTATION_OR_CONTROL-005,LOC-C08-UA,8,COVERAGE_MUTATION_OR_CONTROL,mlk_barrett_reduce_cleanroom/BR_AF4_06_T3_MUTATION_HARDENING_RUN1/t3_mutation_witness_discovery.txt,experiments/barrett-reduce/T03-quotient-partition/mutation-hardening/BR_AF4_06_T3_MUTATION_HARDENING_RUN1/t3_mutation_witness_discovery.txt,77cf25199be22fc48db45b4f1f29bab175ab227f43e37987aaf2f8a224c1ad22,77cf25199be22fc48db45b4f1f29bab175ab227f43e37987aaf2f8a224c1ad22,1,RESOLVED_HASH_MATCH
REP-LOC-C08-UA-COVERAGE_MUTATION_OR_CONTROL-006,LOC-C08-UA,8,COVERAGE_MUTATION_OR_CONTROL,mlk_barrett_reduce_cleanroom/BR_AF4_06_T3_MUTATION_HARDENING_RUN1/verification_intent_t3_mutations.json,experiments/barrett-reduce/T03-quotient-partition/mutation-hardening/BR_AF4_06_T3_MUTATION_HARDENING_RUN1/verification_intent_t3_mutations.json,a8ae6701fa79399ccc1b8769d54ef09250e7fe114c55f514659c0acc95f479e0,a8ae6701fa79399ccc1b8769d54ef09250e7fe114c55f514659c0acc95f479e0,1,RESOLVED_HASH_MATCH
REP-LOC-C08-UA-COVERAGE_MUTATION_OR_CONTROL-007,LOC-C08-UA,8,COVERAGE_MUTATION_OR_CONTROL,mlk_barrett_reduce_cleanroom/BR_AF4_09_T4_MUTATION_HARDENING_RUN1/br_af4_t4_mutation_result_matrix.txt,experiments/barrett-reduce/T04-unique-multiplier/mutation-hardening/BR_AF4_09_T4_MUTATION_HARDENING_RUN1/br_af4_t4_mutation_result_matrix.txt,66f38e51f980ff1b0fbc066839681f09124b114c52fcdb08d5be253e64170f93,66f38e51f980ff1b0fbc066839681f09124b114c52fcdb08d5be253e64170f93,1,RESOLVED_HASH_MATCH
REP-LOC-C08-UA-COVERAGE_MUTATION_OR_CONTROL-008,LOC-C08-UA,8,COVERAGE_MUTATION_OR_CONTROL,mlk_barrett_reduce_cleanroom/BR_AF4_09_T4_MUTATION_HARDENING_RUN1/br_af4_t4_mutation_sha256_manifest.txt,experiments/barrett-reduce/T04-unique-multiplier/mutation-hardening/BR_AF4_09_T4_MUTATION_HARDENING_RUN1/br_af4_t4_mutation_sha256_manifest.txt,59be2438061a092fb67e2a46fa02a93f0979f7d785a0608ae72db269abdfb29b,59be2438061a092fb67e2a46fa02a93f0979f7d785a0608ae72db269abdfb29b,1,RESOLVED_HASH_MATCH
REP-LOC-C09-UA-HARNESS-001,LOC-C09-UA,9,HARNESS,mlk_zeroize_cleanroom/ZERO-00C_T1_RUN1_af4c5abd/zero_t1_exact_erasure_harness.c,experiments/zeroize/T01-exact-slice-erasure-and-prestate-independence/raw-run/zero_t1_exact_erasure_harness.c,1de4583dfd2940c1f7d74fd51a4f80da92410e93fd5f2c3dc075aec0f0b39edd,1de4583dfd2940c1f7d74fd51a4f80da92410e93fd5f2c3dc075aec0f0b39edd,4,RESOLVED_HASH_MATCH
REP-LOC-C09-UA-HARNESS-002,LOC-C09-UA,9,HARNESS,mlk_zeroize_cleanroom/ZERO-00C_T1_RUN1_af4c5abd/zero_t1_fail_control_harness.c,experiments/zeroize/T01-exact-slice-erasure-and-prestate-independence/raw-run/zero_t1_fail_control_harness.c,f368808c57d549c66ed42b4336e86c57664e2ded8fd4e40b5d358713bab86293,f368808c57d549c66ed42b4336e86c57664e2ded8fd4e40b5d358713bab86293,4,RESOLVED_HASH_MATCH
REP-LOC-C09-UA-HARNESS-003,LOC-C09-UA,9,HARNESS,mlk_zeroize_cleanroom/ZERO-T1_FREEZE_v1_af4c5abd/zero_t1_exact_erasure_harness.c,experiments/zeroize/T01-exact-slice-erasure-and-prestate-independence/raw-run/zero_t1_exact_erasure_harness.c,1de4583dfd2940c1f7d74fd51a4f80da92410e93fd5f2c3dc075aec0f0b39edd,1de4583dfd2940c1f7d74fd51a4f80da92410e93fd5f2c3dc075aec0f0b39edd,4,RESOLVED_HASH_MATCH
REP-LOC-C09-UA-HARNESS-004,LOC-C09-UA,9,HARNESS,mlk_zeroize_cleanroom/ZERO-T1_FREEZE_v1_af4c5abd/zero_t1_fail_control_harness.c,experiments/zeroize/T01-exact-slice-erasure-and-prestate-independence/raw-run/zero_t1_fail_control_harness.c,f368808c57d549c66ed42b4336e86c57664e2ded8fd4e40b5d358713bab86293,f368808c57d549c66ed42b4336e86c57664e2ded8fd4e40b5d358713bab86293,4,RESOLVED_HASH_MATCH
REP-LOC-C09-UA-HARNESS-005,LOC-C09-UA,9,HARNESS,mlk_zeroize_cleanroom/ZERO-T2_FREEZE_v1_af4c5abd/zero_t2_fail_control_harness.c,experiments/zeroize/T02-frame-confinement-and-zero-length-identity/raw-run/zero_t2_fail_control_harness.c,0bd8e18b7b67147bf1bd7abaea19c36de219f2632cb6bf8e213f34fc7b546dc6,0bd8e18b7b67147bf1bd7abaea19c36de219f2632cb6bf8e213f34fc7b546dc6,4,RESOLVED_HASH_MATCH
REP-LOC-C09-UA-HARNESS-006,LOC-C09-UA,9,HARNESS,mlk_zeroize_cleanroom/ZERO-T2_FREEZE_v1_af4c5abd/zero_t2_frame_harness.c,experiments/zeroize/T02-frame-confinement-and-zero-length-identity/raw-run/zero_t2_frame_harness.c,9c17d24dca430bb7d41dbb4a6547e6a48a8eda5154bd5464acfeed6df098a5b1,9c17d24dca430bb7d41dbb4a6547e6a48a8eda5154bd5464acfeed6df098a5b1,4,RESOLVED_HASH_MATCH
REP-LOC-C09-UA-HARNESS-007,LOC-C09-UA,9,HARNESS,mlk_zeroize_cleanroom/ZERO-T2_RUN1_af4c5abd/zero_t2_fail_control_harness.c,experiments/zeroize/T02-frame-confinement-and-zero-length-identity/raw-run/zero_t2_fail_control_harness.c,0bd8e18b7b67147bf1bd7abaea19c36de219f2632cb6bf8e213f34fc7b546dc6,0bd8e18b7b67147bf1bd7abaea19c36de219f2632cb6bf8e213f34fc7b546dc6,4,RESOLVED_HASH_MATCH
REP-LOC-C09-UA-HARNESS-008,LOC-C09-UA,9,HARNESS,mlk_zeroize_cleanroom/ZERO-T2_RUN1_af4c5abd/zero_t2_frame_harness.c,experiments/zeroize/T02-frame-confinement-and-zero-length-identity/raw-run/zero_t2_frame_harness.c,9c17d24dca430bb7d41dbb4a6547e6a48a8eda5154bd5464acfeed6df098a5b1,9c17d24dca430bb7d41dbb4a6547e6a48a8eda5154bd5464acfeed6df098a5b1,4,RESOLVED_HASH_MATCH
REP-LOC-C09-UA-RAW_RESULT-001,LOC-C09-UA,9,RAW_RESULT,mlk_zeroize_cleanroom/ZERO-00B2_BODY_PREFLIGHT_af4c5abd/fail_control_cbmc_output.txt,experiments/zeroize/00-campaign-setup/body-binding-preflight/raw-evidence/fail_control_cbmc_output.txt,4bb745335169dbace449ba7c7cb64021d5637737eb54a359f58d6c424f124ddb,4bb745335169dbace449ba7c7cb64021d5637737eb54a359f58d6c424f124ddb,1,RESOLVED_HASH_MATCH
REP-LOC-C09-UA-RAW_RESULT-002,LOC-C09-UA,9,RAW_RESULT,mlk_zeroize_cleanroom/ZERO-00B2_BODY_PREFLIGHT_af4c5abd/pass_cbmc_output.txt,experiments/zeroize/00-campaign-setup/body-binding-preflight/raw-evidence/pass_cbmc_output.txt,93c4168fd6d140f187eee8904bd1703ad5920e6b18c246e10d4d5ff6e431dcea,93c4168fd6d140f187eee8904bd1703ad5920e6b18c246e10d4d5ff6e431dcea,1,RESOLVED_HASH_MATCH
REP-LOC-C09-UA-RAW_RESULT-003,LOC-C09-UA,9,RAW_RESULT,mlk_zeroize_cleanroom/ZERO-00C_T1_RUN1_af4c5abd/zero_t1_cbmc_output.txt,experiments/zeroize/T01-exact-slice-erasure-and-prestate-independence/raw-run/zero_t1_cbmc_output.txt,c342d29d11a590d665d5667e9f98d69a7916f9dccc0d532e64e1463534b6a833,c342d29d11a590d665d5667e9f98d69a7916f9dccc0d532e64e1463534b6a833,1,RESOLVED_HASH_MATCH
REP-LOC-C09-UA-RAW_RESULT-004,LOC-C09-UA,9,RAW_RESULT,mlk_zeroize_cleanroom/ZERO-00C_T1_RUN1_af4c5abd/zero_t1_fail_control_cbmc_output.txt,experiments/zeroize/T01-exact-slice-erasure-and-prestate-independence/raw-run/zero_t1_fail_control_cbmc_output.txt,0085ac607c3e8d417a74d039ff72fc605b848c64766448321908e005eabcfc67,0085ac607c3e8d417a74d039ff72fc605b848c64766448321908e005eabcfc67,1,RESOLVED_HASH_MATCH
REP-LOC-C09-UA-RAW_RESULT-005,LOC-C09-UA,9,RAW_RESULT,mlk_zeroize_cleanroom/ZERO-T1_FREEZE_v1_af4c5abd/zero_t1_cbmc_output.txt,experiments/zeroize/T01-exact-slice-erasure-and-prestate-independence/raw-run/zero_t1_cbmc_output.txt,c342d29d11a590d665d5667e9f98d69a7916f9dccc0d532e64e1463534b6a833,c342d29d11a590d665d5667e9f98d69a7916f9dccc0d532e64e1463534b6a833,1,RESOLVED_HASH_MATCH
REP-LOC-C09-UA-RAW_RESULT-006,LOC-C09-UA,9,RAW_RESULT,mlk_zeroize_cleanroom/ZERO-T1_FREEZE_v1_af4c5abd/zero_t1_fail_control_cbmc_output.txt,experiments/zeroize/T01-exact-slice-erasure-and-prestate-independence/raw-run/zero_t1_fail_control_cbmc_output.txt,0085ac607c3e8d417a74d039ff72fc605b848c64766448321908e005eabcfc67,0085ac607c3e8d417a74d039ff72fc605b848c64766448321908e005eabcfc67,1,RESOLVED_HASH_MATCH
REP-LOC-C09-UA-RAW_RESULT-007,LOC-C09-UA,9,RAW_RESULT,mlk_zeroize_cleanroom/ZERO-T2_FREEZE_v1_af4c5abd/zero_t2_cbmc_output.txt,experiments/zeroize/T02-frame-confinement-and-zero-length-identity/raw-run/zero_t2_cbmc_output.txt,a1866784bb8a77bc756d35c92cebd0d80408c7ab7376937532aa19d08fae9272,a1866784bb8a77bc756d35c92cebd0d80408c7ab7376937532aa19d08fae9272,1,RESOLVED_HASH_MATCH
REP-LOC-C09-UA-RAW_RESULT-008,LOC-C09-UA,9,RAW_RESULT,mlk_zeroize_cleanroom/ZERO-T2_FREEZE_v1_af4c5abd/zero_t2_fail_control_cbmc_output.txt,experiments/zeroize/T02-frame-confinement-and-zero-length-identity/raw-run/zero_t2_fail_control_cbmc_output.txt,70d8c0a857bee31aa1ce95eb4aef9056d567e108f66638fc2f204864839c7beb,70d8c0a857bee31aa1ce95eb4aef9056d567e108f66638fc2f204864839c7beb,1,RESOLVED_HASH_MATCH
REP-LOC-C09-UA-MANIFEST_OR_HASH_RECORD-001,LOC-C09-UA,9,MANIFEST_OR_HASH_RECORD,mlk_zeroize_cleanroom/.ZERO_FINAL_RUN2_AUDIT_TMP_17878/ZERO-T1_FREEZE_v1_af4c5abd_INTERNAL_MANIFEST_CHECK.txt,experiments/zeroize/campaign-closure/package-integrity-audit/ZERO-T1_FREEZE_v1_af4c5abd_INTERNAL_MANIFEST_CHECK.txt,fef18125943e12b8e1b9fe559410a7da9538287b461ee0e5a669cfae4bd89cb2,fef18125943e12b8e1b9fe559410a7da9538287b461ee0e5a669cfae4bd89cb2,1,RESOLVED_HASH_MATCH
REP-LOC-C09-UA-MANIFEST_OR_HASH_RECORD-002,LOC-C09-UA,9,MANIFEST_OR_HASH_RECORD,mlk_zeroize_cleanroom/.ZERO_FINAL_RUN2_AUDIT_TMP_17878/ZERO-T2_FREEZE_v1_af4c5abd_INTERNAL_MANIFEST_CHECK.txt,experiments/zeroize/campaign-closure/package-integrity-audit/ZERO-T2_FREEZE_v1_af4c5abd_INTERNAL_MANIFEST_CHECK.txt,34693d7f1a6e963130f47038c2d8c3b084329310194b6bdae2201067bad97d30,34693d7f1a6e963130f47038c2d8c3b084329310194b6bdae2201067bad97d30,1,RESOLVED_HASH_MATCH
REP-LOC-C09-UA-MANIFEST_OR_HASH_RECORD-003,LOC-C09-UA,9,MANIFEST_OR_HASH_RECORD,mlk_zeroize_cleanroom/.ZERO_FINAL_RUN2_AUDIT_TMP_17878/ZERO-T3_FREEZE_v1_af4c5abd_INTERNAL_MANIFEST_CHECK.txt,experiments/zeroize/campaign-closure/package-integrity-audit/ZERO-T3_FREEZE_v1_af4c5abd_INTERNAL_MANIFEST_CHECK.txt,99b549adb1bcd4400cd7f224e1f4c303dd2af47cd3b12cfe3dc7ab84cd430668,99b549adb1bcd4400cd7f224e1f4c303dd2af47cd3b12cfe3dc7ab84cd430668,1,RESOLVED_HASH_MATCH
REP-LOC-C09-UA-MANIFEST_OR_HASH_RECORD-004,LOC-C09-UA,9,MANIFEST_OR_HASH_RECORD,mlk_zeroize_cleanroom/.ZERO_FINAL_RUN2_AUDIT_TMP_17878/ZERO-T4_FREEZE_v1_af4c5abd_INTERNAL_MANIFEST_CHECK.txt,experiments/zeroize/campaign-closure/package-integrity-audit/ZERO-T4_FREEZE_v1_af4c5abd_INTERNAL_MANIFEST_CHECK.txt,42db2631205e73fabf1b012cf9a55da7df63e25c2aabd4afecbded63728f9746,42db2631205e73fabf1b012cf9a55da7df63e25c2aabd4afecbded63728f9746,1,RESOLVED_HASH_MATCH
REP-LOC-C09-UA-MANIFEST_OR_HASH_RECORD-005,LOC-C09-UA,9,MANIFEST_OR_HASH_RECORD,mlk_zeroize_cleanroom/.ZERO_FINAL_RUN2_AUDIT_TMP_17878/ZERO-V1_FREEZE_v1_af4c5abd_INTERNAL_MANIFEST_CHECK.txt,experiments/zeroize/campaign-closure/package-integrity-audit/ZERO-V1_FREEZE_v1_af4c5abd_INTERNAL_MANIFEST_CHECK.txt,56a87a121faaa0e3f1b797f98f5996775320773987a45550cfde5ce35ab4e75b,56a87a121faaa0e3f1b797f98f5996775320773987a45550cfde5ce35ab4e75b,1,RESOLVED_HASH_MATCH
REP-LOC-C09-UA-MANIFEST_OR_HASH_RECORD-006,LOC-C09-UA,9,MANIFEST_OR_HASH_RECORD,mlk_zeroize_cleanroom/ZERO-T1_FREEZE_v1_af4c5abd/MANIFEST.sha256,experiments/zeroize/T01-exact-slice-erasure-and-prestate-independence/final-evidence/MANIFEST.sha256,2da98556667b1032ad8a42881e28bb743e0fa5a33355f44de468cacd084a2119,2da98556667b1032ad8a42881e28bb743e0fa5a33355f44de468cacd084a2119,9,RESOLVED_HASH_MATCH
REP-LOC-C09-UA-MANIFEST_OR_HASH_RECORD-007,LOC-C09-UA,9,MANIFEST_OR_HASH_RECORD,mlk_zeroize_cleanroom/ZERO-T2_FREEZE_v1_af4c5abd/MANIFEST.sha256,experiments/zeroize/T02-frame-confinement-and-zero-length-identity/final-evidence/MANIFEST.sha256,f9500d05fc109dd7d6275f9f9660a9737bcd61384b9c8161ded27e246e4fc1ca,f9500d05fc109dd7d6275f9f9660a9737bcd61384b9c8161ded27e246e4fc1ca,9,RESOLVED_HASH_MATCH
REP-LOC-C09-UA-MANIFEST_OR_HASH_RECORD-008,LOC-C09-UA,9,MANIFEST_OR_HASH_RECORD,mlk_zeroize_cleanroom/ZERO-T3_FREEZE_v1_af4c5abd/MANIFEST.sha256,experiments/zeroize/T03-relational-and-compositional-zeroization-laws/final-evidence/MANIFEST.sha256,eccd3814022d49267df76d411151ac45665de27261d40b0446140d2f84e23f64,eccd3814022d49267df76d411151ac45665de27261d40b0446140d2f84e23f64,9,RESOLVED_HASH_MATCH
REP-LOC-C09-UA-COVERAGE_MUTATION_OR_CONTROL-001,LOC-C09-UA,9,COVERAGE_MUTATION_OR_CONTROL,mlk_zeroize_cleanroom/ZERO-V1_MUTATION_PLAN_af4c5abd/ZERO-V1_ACCEPTANCE_RULES.md,experiments/zeroize/V01-mutation-sensitivity/plan/ZERO-V1_ACCEPTANCE_RULES.md,e046c047b5cb7de54a68046173a9516744fac677f91a949447fcead650a0814d,e046c047b5cb7de54a68046173a9516744fac677f91a949447fcead650a0814d,1,RESOLVED_HASH_MATCH
REP-LOC-C09-UA-COVERAGE_MUTATION_OR_CONTROL-002,LOC-C09-UA,9,COVERAGE_MUTATION_OR_CONTROL,mlk_zeroize_cleanroom/ZERO-V1_MUTATION_PLAN_af4c5abd/ZERO-V1_DETECTOR_MATRIX.csv,experiments/zeroize/V01-mutation-sensitivity/plan/ZERO-V1_DETECTOR_MATRIX.csv,674a25a2fe7942c5e0651f0aa46b4e9e59b4a14e29d9669a7651fd9416859610,674a25a2fe7942c5e0651f0aa46b4e9e59b4a14e29d9669a7651fd9416859610,1,RESOLVED_HASH_MATCH
REP-LOC-C09-UA-COVERAGE_MUTATION_OR_CONTROL-003,LOC-C09-UA,9,COVERAGE_MUTATION_OR_CONTROL,mlk_zeroize_cleanroom/ZERO-V1_MUTATION_PLAN_af4c5abd/ZERO-V1_MUTATION_REGISTRY.md,experiments/zeroize/V01-mutation-sensitivity/plan/ZERO-V1_MUTATION_REGISTRY.md,be88edc17cc0919fcb8ce20352a3e024f9d50fa6da1e20f79c86b2fd380062f1,be88edc17cc0919fcb8ce20352a3e024f9d50fa6da1e20f79c86b2fd380062f1,1,RESOLVED_HASH_MATCH
REP-LOC-C09-UA-COVERAGE_MUTATION_OR_CONTROL-004,LOC-C09-UA,9,COVERAGE_MUTATION_OR_CONTROL,mlk_zeroize_cleanroom/ZERO-V1_MUTATION_PLAN_af4c5abd/ZERO-V1_PLAN_RECHECK.txt,experiments/zeroize/V01-mutation-sensitivity/plan/ZERO-V1_PLAN_RECHECK.txt,74577ff64540f93f5873c2500d509386f202488537b4b0f18f2623d5b55477e3,74577ff64540f93f5873c2500d509386f202488537b4b0f18f2623d5b55477e3,1,RESOLVED_HASH_MATCH
REP-LOC-C09-UA-COVERAGE_MUTATION_OR_CONTROL-005,LOC-C09-UA,9,COVERAGE_MUTATION_OR_CONTROL,mlk_zeroize_cleanroom/ZERO-V1_MUTATION_PLAN_af4c5abd/ZERO-V1_PLAN_SHA256SUMS.txt,experiments/zeroize/V01-mutation-sensitivity/plan/ZERO-V1_PLAN_SHA256SUMS.txt,9fa229afd120275dc73a0b3e4daebd74bf0e8f5159a31ab84b7be0e97cea68ba,9fa229afd120275dc73a0b3e4daebd74bf0e8f5159a31ab84b7be0e97cea68ba,1,RESOLVED_HASH_MATCH
REP-LOC-C09-UA-COVERAGE_MUTATION_OR_CONTROL-006,LOC-C09-UA,9,COVERAGE_MUTATION_OR_CONTROL,mlk_zeroize_cleanroom/ZERO-V1_RUN1_af4c5abd/mutant_execution_registry.csv,experiments/zeroize/V01-mutation-sensitivity/raw-run/mutant_execution_registry.csv,7a422775f7d5ea59835b5cc2344710eff9d1f0121bae392e36bd3e72f9a2eb84,7a422775f7d5ea59835b5cc2344710eff9d1f0121bae392e36bd3e72f9a2eb84,1,RESOLVED_HASH_MATCH
REP-LOC-C09-UA-COVERAGE_MUTATION_OR_CONTROL-007,LOC-C09-UA,9,COVERAGE_MUTATION_OR_CONTROL,mlk_zeroize_cleanroom/ZERO-FINAL_CAMPAIGN_v1_af4c5abd/registries/ZERO-V1_MUTATION_REGISTRY.md,experiments/zeroize/V01-mutation-sensitivity/plan/ZERO-V1_MUTATION_REGISTRY.md,be88edc17cc0919fcb8ce20352a3e024f9d50fa6da1e20f79c86b2fd380062f1,be88edc17cc0919fcb8ce20352a3e024f9d50fa6da1e20f79c86b2fd380062f1,1,RESOLVED_HASH_MATCH
REP-LOC-C09-UA-COVERAGE_MUTATION_OR_CONTROL-008,LOC-C09-UA,9,COVERAGE_MUTATION_OR_CONTROL,mlk_zeroize_cleanroom/ZERO-V1_FREEZE_v1_af4c5abd/PLAN/ZERO-V1_MUTATION_REGISTRY.md,experiments/zeroize/V01-mutation-sensitivity/plan/ZERO-V1_MUTATION_REGISTRY.md,be88edc17cc0919fcb8ce20352a3e024f9d50fa6da1e20f79c86b2fd380062f1,be88edc17cc0919fcb8ce20352a3e024f9d50fa6da1e20f79c86b2fd380062f1,1,RESOLVED_HASH_MATCH
REP-LOC-C10-UA-HARNESS-001,LOC-C10-UA,10,HARNESS,mlk_poly_tobytes_cleanroom/PBYTES_01A_T1_POSITIVE_RUN1_af4c5abd/pbytes_t1_positive_harness.c,supplementary-evidence-reconciliation/consolidated-mlkem-cbmc-verification-harnesses-12-campaigns/poly_tobytes_harness_set/PBYTES_01A_T1_POSITIVE_RUN1_af4c5abd/pbytes_t1_positive_harness.c,e1a9c107f74cfc65a454027ff4a599bc40085745d581c2abf0fc4295820fb112,e1a9c107f74cfc65a454027ff4a599bc40085745d581c2abf0fc4295820fb112,4,RESOLVED_HASH_MATCH
REP-LOC-C10-UA-HARNESS-002,LOC-C10-UA,10,HARNESS,mlk_poly_tobytes_cleanroom/PBYTES_01F_T1_NONVACUITY_RUN1_af4c5abd/pbytes_t1_nonvacuity_harness.c,supplementary-evidence-reconciliation/consolidated-mlkem-cbmc-verification-harnesses-12-campaigns/poly_tobytes_harness_set/PBYTES_01F_T1_NONVACUITY_RUN1_af4c5abd/pbytes_t1_nonvacuity_harness.c,ddc6ba1224bbe83b45c24cc66349dcfd0e3709aac65bb99a8349c589a7b10d6f,ddc6ba1224bbe83b45c24cc66349dcfd0e3709aac65bb99a8349c589a7b10d6f,4,RESOLVED_HASH_MATCH
REP-LOC-C10-UA-HARNESS-003,LOC-C10-UA,10,HARNESS,mlk_poly_tobytes_cleanroom/PBYTES_02A_T2_SUCCESSOR_PROOF_RUN1_af4c5abd/pbytes_t2_successor_harness.c,supplementary-evidence-reconciliation/consolidated-mlkem-cbmc-verification-harnesses-12-campaigns/poly_tobytes_harness_set/PBYTES_02A_T2_SUCCESSOR_PROOF_RUN1_af4c5abd/pbytes_t2_successor_harness.c,f65576e37724ece6f4a2262c75cc2c0ca68ff6ecf39d21ffca1f9fa321b1c84a,f65576e37724ece6f4a2262c75cc2c0ca68ff6ecf39d21ffca1f9fa321b1c84a,4,RESOLVED_HASH_MATCH
REP-LOC-C10-UA-HARNESS-004,LOC-C10-UA,10,HARNESS,mlk_poly_tobytes_cleanroom/PBYTES_02B_T2_NONVACUITY_RUN1_af4c5abd/pbytes_t2_nonvacuity_harness.c,supplementary-evidence-reconciliation/consolidated-mlkem-cbmc-verification-harnesses-12-campaigns/poly_tobytes_harness_set/PBYTES_02B_T2_NONVACUITY_RUN1_af4c5abd/pbytes_t2_nonvacuity_harness.c,d893fd500a8f7d939394929723d77f9baae797ad57e63dfa189aab2759264276,d893fd500a8f7d939394929723d77f9baae797ad57e63dfa189aab2759264276,4,RESOLVED_HASH_MATCH
REP-LOC-C10-UA-HARNESS-005,LOC-C10-UA,10,HARNESS,mlk_poly_tobytes_cleanroom/PBYTES_01B_R1_T1_REACHABLE_PROOF_RUN1_af4c5abd/identity/pbytes_t1_bound_harness_copy.c,supplementary-evidence-reconciliation/consolidated-mlkem-cbmc-verification-harnesses-12-campaigns/poly_tobytes_harness_set/PBYTES_01B_R1_T1_REACHABLE_PROOF_RUN1_af4c5abd/identity/pbytes_t1_bound_harness_copy.c,e1a9c107f74cfc65a454027ff4a599bc40085745d581c2abf0fc4295820fb112,e1a9c107f74cfc65a454027ff4a599bc40085745d581c2abf0fc4295820fb112,8,RESOLVED_HASH_MATCH
REP-LOC-C10-UA-HARNESS-006,LOC-C10-UA,10,HARNESS,mlk_poly_tobytes_cleanroom/PBYTES_01B_R2_T1_POSITIVE_PROOF_RUN1_af4c5abd/identity/pbytes_t1_bound_harness_copy.c,supplementary-evidence-reconciliation/consolidated-mlkem-cbmc-verification-harnesses-12-campaigns/poly_tobytes_harness_set/PBYTES_01B_R1_T1_REACHABLE_PROOF_RUN1_af4c5abd/identity/pbytes_t1_bound_harness_copy.c,e1a9c107f74cfc65a454027ff4a599bc40085745d581c2abf0fc4295820fb112,e1a9c107f74cfc65a454027ff4a599bc40085745d581c2abf0fc4295820fb112,8,RESOLVED_HASH_MATCH
REP-LOC-C10-UA-HARNESS-007,LOC-C10-UA,10,HARNESS,mlk_poly_tobytes_cleanroom/PBYTES_01B_T1_REACHABLE_RERUN1_af4c5abd/identity/pbytes_t1_positive_harness_bound_copy.c,supplementary-evidence-reconciliation/consolidated-mlkem-cbmc-verification-harnesses-12-campaigns/poly_tobytes_harness_set/PBYTES_01B_T1_REACHABLE_RERUN1_af4c5abd/identity/pbytes_t1_positive_harness_bound_copy.c,e1a9c107f74cfc65a454027ff4a599bc40085745d581c2abf0fc4295820fb112,e1a9c107f74cfc65a454027ff4a599bc40085745d581c2abf0fc4295820fb112,2,RESOLVED_HASH_MATCH
REP-LOC-C10-UA-HARNESS-008,LOC-C10-UA,10,HARNESS,mlk_poly_tobytes_cleanroom/PBYTES_01C_T1_VALIDATION_BYPASS_PROOF_RUN1_af4c5abd/identity/pbytes_t1_bound_harness_copy.c,supplementary-evidence-reconciliation/consolidated-mlkem-cbmc-verification-harnesses-12-campaigns/poly_tobytes_harness_set/PBYTES_01B_R1_T1_REACHABLE_PROOF_RUN1_af4c5abd/identity/pbytes_t1_bound_harness_copy.c,e1a9c107f74cfc65a454027ff4a599bc40085745d581c2abf0fc4295820fb112,e1a9c107f74cfc65a454027ff4a599bc40085745d581c2abf0fc4295820fb112,8,RESOLVED_HASH_MATCH
REP-LOC-C10-UA-COMMAND_OR_RUNNER-001,LOC-C10-UA,10,COMMAND_OR_RUNNER,mlk_poly_tobytes_cleanroom/PBYTES_01A_T1_POSITIVE_RUN1_af4c5abd/results/cbmc_command.txt,experiments/poly-tobytes/T01-exact-arithmetic-byteencode12-refinement/raw-evidence/PBYTES_01A_T1_POSITIVE_RUN1_af4c5abd/results/cbmc_command.txt,8e54c5bf15f9eccb170f282c73f808e4e1ea5986b5fb5cc47efd8c1ab174e1b6,8e54c5bf15f9eccb170f282c73f808e4e1ea5986b5fb5cc47efd8c1ab174e1b6,140,RESOLVED_HASH_MATCH
REP-LOC-C10-UA-COMMAND_OR_RUNNER-002,LOC-C10-UA,10,COMMAND_OR_RUNNER,mlk_poly_tobytes_cleanroom/PBYTES_01C_T1_VALIDATION_BYPASS_PROOF_RUN1_af4c5abd/results/cbmc_command.txt,experiments/poly-tobytes/T01-exact-arithmetic-byteencode12-refinement/raw-evidence/PBYTES_01C_T1_VALIDATION_BYPASS_PROOF_RUN1_af4c5abd/results/cbmc_command.txt,bb354aadb45783b6fc30c47556a4f529d2cad725157e345c8d6422770437beac,bb354aadb45783b6fc30c47556a4f529d2cad725157e345c8d6422770437beac,140,RESOLVED_HASH_MATCH
REP-LOC-C10-UA-COMMAND_OR_RUNNER-003,LOC-C10-UA,10,COMMAND_OR_RUNNER,mlk_poly_tobytes_cleanroom/PBYTES_01F_T1_NONVACUITY_RUN1_af4c5abd/results/cbmc_command.txt,experiments/poly-tobytes/T01-exact-arithmetic-byteencode12-refinement/closure-evidence/PBYTES_01H_T1_FREEZE_CANDIDATE_af4c5abd/nonvacuity/cbmc_command.txt,69973a2fceaf1cea027b1437983843f0db70eaa80cd2a03602c7413e15e01490,69973a2fceaf1cea027b1437983843f0db70eaa80cd2a03602c7413e15e01490,140,RESOLVED_HASH_MATCH
REP-LOC-C10-UA-COMMAND_OR_RUNNER-004,LOC-C10-UA,10,COMMAND_OR_RUNNER,mlk_poly_tobytes_cleanroom/PBYTES_01H_T1_FREEZE_CANDIDATE_af4c5abd/nonvacuity/cbmc_command.txt,experiments/poly-tobytes/T01-exact-arithmetic-byteencode12-refinement/closure-evidence/PBYTES_01H_T1_FREEZE_CANDIDATE_af4c5abd/nonvacuity/cbmc_command.txt,69973a2fceaf1cea027b1437983843f0db70eaa80cd2a03602c7413e15e01490,69973a2fceaf1cea027b1437983843f0db70eaa80cd2a03602c7413e15e01490,140,RESOLVED_HASH_MATCH
REP-LOC-C10-UA-COMMAND_OR_RUNNER-005,LOC-C10-UA,10,COMMAND_OR_RUNNER,mlk_poly_tobytes_cleanroom/PBYTES_02B_T2_NONVACUITY_RUN1_af4c5abd/results/cbmc_command.txt,experiments/poly-tobytes/T02-successor-and-carry-transition-partition/closure-evidence/PBYTES_02D_T2_CLOSURE_af4c5abd/nonvacuity/cbmc_command.txt,f95cdffc33e15a69d20020f3212bf4a81abaccabdd429bc95d79e85d24c22c71,f95cdffc33e15a69d20020f3212bf4a81abaccabdd429bc95d79e85d24c22c71,140,RESOLVED_HASH_MATCH
REP-LOC-C10-UA-COMMAND_OR_RUNNER-006,LOC-C10-UA,10,COMMAND_OR_RUNNER,mlk_poly_tobytes_cleanroom/PBYTES_02D_T2_CLOSURE_af4c5abd/nonvacuity/cbmc_command.txt,experiments/poly-tobytes/T02-successor-and-carry-transition-partition/closure-evidence/PBYTES_02D_T2_CLOSURE_af4c5abd/nonvacuity/cbmc_command.txt,f95cdffc33e15a69d20020f3212bf4a81abaccabdd429bc95d79e85d24c22c71,f95cdffc33e15a69d20020f3212bf4a81abaccabdd429bc95d79e85d24c22c71,140,RESOLVED_HASH_MATCH
REP-LOC-C10-UA-COMMAND_OR_RUNNER-007,LOC-C10-UA,10,COMMAND_OR_RUNNER,mlk_poly_tobytes_cleanroom/PBYTES_01H_T1_FREEZE_CANDIDATE_af4c5abd/mutations/M1_LOW_BYTE_MASK/cbmc_command.txt,experiments/poly-tobytes/T01-exact-arithmetic-byteencode12-refinement/closure-evidence/PBYTES_01H_T1_FREEZE_CANDIDATE_af4c5abd/mutations/M1_LOW_BYTE_MASK/cbmc_command.txt,026cc3957435b2dc34afd3dd5312c0b66799b06027ac99ca104cf69ff85dabc9,026cc3957435b2dc34afd3dd5312c0b66799b06027ac99ca104cf69ff85dabc9,140,RESOLVED_HASH_MATCH
REP-LOC-C10-UA-COMMAND_OR_RUNNER-008,LOC-C10-UA,10,COMMAND_OR_RUNNER,mlk_poly_tobytes_cleanroom/PBYTES_01H_T1_FREEZE_CANDIDATE_af4c5abd/mutations/M2_EVEN_HIGH_SHIFT/cbmc_command.txt,experiments/poly-tobytes/T01-exact-arithmetic-byteencode12-refinement/closure-evidence/PBYTES_01H_T1_FREEZE_CANDIDATE_af4c5abd/mutations/M2_EVEN_HIGH_SHIFT/cbmc_command.txt,d1753e44445d1ca53f34391f56093d19921bb2f2449f0ba48d8272959911545e,d1753e44445d1ca53f34391f56093d19921bb2f2449f0ba48d8272959911545e,140,RESOLVED_HASH_MATCH
REP-LOC-C10-UA-RAW_RESULT-001,LOC-C10-UA,10,RAW_RESULT,mlk_poly_tobytes_cleanroom/PBYTES_01A_T1_POSITIVE_RUN1_af4c5abd/results/cbmc_result.xml,experiments/poly-tobytes/T01-exact-arithmetic-byteencode12-refinement/raw-evidence/PBYTES_01A_T1_POSITIVE_RUN1_af4c5abd/results/cbmc_result.xml,76451474a3a5d44fc8a2bc8022f9ca7c7e434d5f8f36b405cd191515b13b911c,76451474a3a5d44fc8a2bc8022f9ca7c7e434d5f8f36b405cd191515b13b911c,93,RESOLVED_HASH_MATCH
REP-LOC-C10-UA-RAW_RESULT-002,LOC-C10-UA,10,RAW_RESULT,mlk_poly_tobytes_cleanroom/PBYTES_01B_R1_T1_REACHABLE_PROOF_RUN1_af4c5abd/results/reachable_call_graph.txt,experiments/poly-tobytes/T01-exact-arithmetic-byteencode12-refinement/raw-evidence/PBYTES_01B_R1_T1_REACHABLE_PROOF_RUN1_af4c5abd/results/reachable_call_graph.txt,b5343a96a8e0979fd4bc985db7ecfbdc3cc9e7157a6fcb6d396028d8d12c1deb,b5343a96a8e0979fd4bc985db7ecfbdc3cc9e7157a6fcb6d396028d8d12c1deb,65,RESOLVED_HASH_MATCH
REP-LOC-C10-UA-RAW_RESULT-003,LOC-C10-UA,10,RAW_RESULT,mlk_poly_tobytes_cleanroom/PBYTES_01B_R1_T1_REACHABLE_PROOF_RUN1_af4c5abd/results/reachable_functions.txt,experiments/poly-tobytes/T01-exact-arithmetic-byteencode12-refinement/raw-evidence/PBYTES_01B_R1_T1_REACHABLE_PROOF_RUN1_af4c5abd/results/reachable_functions.txt,ca56d0ae69f75cfa1bdf85826fd809ee08b833e0c3e6533a5876ed51cb4990e5,ca56d0ae69f75cfa1bdf85826fd809ee08b833e0c3e6533a5876ed51cb4990e5,60,RESOLVED_HASH_MATCH
REP-LOC-C10-UA-RAW_RESULT-004,LOC-C10-UA,10,RAW_RESULT,mlk_poly_tobytes_cleanroom/PBYTES_01B_R1_T1_REACHABLE_PROOF_RUN1_af4c5abd/results/reachable_loops.txt,experiments/poly-tobytes/T01-exact-arithmetic-byteencode12-refinement/raw-evidence/PBYTES_01B_R1_T1_REACHABLE_PROOF_RUN1_af4c5abd/results/reachable_loops.txt,6a68e820ee22d2f32fb9dd0feeee046e5067d8f2dc55708993ce764d751a80ae,6a68e820ee22d2f32fb9dd0feeee046e5067d8f2dc55708993ce764d751a80ae,51,RESOLVED_HASH_MATCH
REP-LOC-C10-UA-RAW_RESULT-005,LOC-C10-UA,10,RAW_RESULT,mlk_poly_tobytes_cleanroom/PBYTES_01B_R2_T1_POSITIVE_PROOF_RUN1_af4c5abd/results/model_forensics.txt,experiments/poly-tobytes/T01-exact-arithmetic-byteencode12-refinement/raw-evidence/PBYTES_01B_R2_T1_POSITIVE_PROOF_RUN1_af4c5abd/results/model_forensics.txt,37a9350cf905299048da924a9bbac0b9c475da8c164200a61cea8dce07067fb5,37a9350cf905299048da924a9bbac0b9c475da8c164200a61cea8dce07067fb5,3,RESOLVED_HASH_MATCH
REP-LOC-C10-UA-RAW_RESULT-006,LOC-C10-UA,10,RAW_RESULT,mlk_poly_tobytes_cleanroom/PBYTES_01B_R2_T1_POSITIVE_PROOF_RUN1_af4c5abd/results/property_inventory.txt,experiments/poly-tobytes/T01-exact-arithmetic-byteencode12-refinement/raw-evidence/PBYTES_01B_R2_T1_POSITIVE_PROOF_RUN1_af4c5abd/results/property_inventory.txt,630c0e80bd5792d18cf16fbbada66b2e973b7255d2684a156da31a6cb2a928a5,630c0e80bd5792d18cf16fbbada66b2e973b7255d2684a156da31a6cb2a928a5,86,RESOLVED_HASH_MATCH
REP-LOC-C10-UA-RAW_RESULT-007,LOC-C10-UA,10,RAW_RESULT,mlk_poly_tobytes_cleanroom/PBYTES_01B_R2_T1_POSITIVE_PROOF_RUN1_af4c5abd/results/reachable_call_graph.txt,experiments/poly-tobytes/T01-exact-arithmetic-byteencode12-refinement/raw-evidence/PBYTES_01B_R2_T1_POSITIVE_PROOF_RUN1_af4c5abd/results/reachable_call_graph.txt,a054467164f62227136fe75e0d8e1f520b65ced37e1fef11e2119abde0a2f61b,a054467164f62227136fe75e0d8e1f520b65ced37e1fef11e2119abde0a2f61b,65,RESOLVED_HASH_MATCH
REP-LOC-C10-UA-RAW_RESULT-008,LOC-C10-UA,10,RAW_RESULT,mlk_poly_tobytes_cleanroom/PBYTES_01B_R2_T1_POSITIVE_PROOF_RUN1_af4c5abd/results/reachable_functions.txt,experiments/poly-tobytes/T01-exact-arithmetic-byteencode12-refinement/raw-evidence/PBYTES_01B_R2_T1_POSITIVE_PROOF_RUN1_af4c5abd/results/reachable_functions.txt,c44ec8ab033091cb51519f2fe32ce2b6b5ba533c3f9d7e7025642d0072395033,c44ec8ab033091cb51519f2fe32ce2b6b5ba533c3f9d7e7025642d0072395033,60,RESOLVED_HASH_MATCH
REP-LOC-C10-UA-MANIFEST_OR_HASH_RECORD-001,LOC-C10-UA,10,MANIFEST_OR_HASH_RECORD,mlk_poly_tobytes_cleanroom/PBYTES_00D_THEOREM_FREEZE_af4c5abd/SHA256_MANIFEST.txt,experiments/poly-tobytes/00-campaign-setup/theorem-freeze/PBYTES_00D_THEOREM_FREEZE_af4c5abd/SHA256_MANIFEST.txt,9179b28b0d81d8cbe9704c335d8e8a54d6618c959ff0715e6b745b5de3a1f726,9179b28b0d81d8cbe9704c335d8e8a54d6618c959ff0715e6b745b5de3a1f726,29,RESOLVED_HASH_MATCH
REP-LOC-C10-UA-MANIFEST_OR_HASH_RECORD-002,LOC-C10-UA,10,MANIFEST_OR_HASH_RECORD,mlk_poly_tobytes_cleanroom/PBYTES_01A_T1_POSITIVE_RUN1_af4c5abd/SHA256_MANIFEST.txt,experiments/poly-tobytes/T01-exact-arithmetic-byteencode12-refinement/raw-evidence/PBYTES_01A_T1_POSITIVE_RUN1_af4c5abd/SHA256_MANIFEST.txt,cf673bb3ad83653801c9955a2fa87a210af7ad497eac7a1c6c5465f6578d544f,cf673bb3ad83653801c9955a2fa87a210af7ad497eac7a1c6c5465f6578d544f,29,RESOLVED_HASH_MATCH
REP-LOC-C10-UA-MANIFEST_OR_HASH_RECORD-003,LOC-C10-UA,10,MANIFEST_OR_HASH_RECORD,mlk_poly_tobytes_cleanroom/PBYTES_01C_T1_VALIDATION_BYPASS_PROOF_RUN1_af4c5abd/SHA256_MANIFEST.txt,experiments/poly-tobytes/T01-exact-arithmetic-byteencode12-refinement/raw-evidence/PBYTES_01C_T1_VALIDATION_BYPASS_PROOF_RUN1_af4c5abd/SHA256_MANIFEST.txt,7163a194e25f4ef77b6960b0d66a2ac7a3c80ed7848ae792eafed2f01e9fc461,7163a194e25f4ef77b6960b0d66a2ac7a3c80ed7848ae792eafed2f01e9fc461,29,RESOLVED_HASH_MATCH
REP-LOC-C10-UA-MANIFEST_OR_HASH_RECORD-004,LOC-C10-UA,10,MANIFEST_OR_HASH_RECORD,mlk_poly_tobytes_cleanroom/PBYTES_01D_T1_DEFAULT_SAT_PROOF_RUN1_af4c5abd/SHA256_MANIFEST.txt,experiments/poly-tobytes/T01-exact-arithmetic-byteencode12-refinement/raw-evidence/PBYTES_01D_T1_DEFAULT_SAT_PROOF_RUN1_af4c5abd/SHA256_MANIFEST.txt,55bfe8b982600261b02686e870f370e1f7a50c7263fd59bcebee0a20f68143b7,55bfe8b982600261b02686e870f370e1f7a50c7263fd59bcebee0a20f68143b7,29,RESOLVED_HASH_MATCH
REP-LOC-C10-UA-MANIFEST_OR_HASH_RECORD-005,LOC-C10-UA,10,MANIFEST_OR_HASH_RECORD,mlk_poly_tobytes_cleanroom/PBYTES_01E_T1_UNWIND_CONTROL_RUN1_af4c5abd/SHA256_MANIFEST.txt,experiments/poly-tobytes/T01-exact-arithmetic-byteencode12-refinement/raw-evidence/PBYTES_01E_T1_UNWIND_CONTROL_RUN1_af4c5abd/SHA256_MANIFEST.txt,58bd23fe0826fdaca8e1fc3a645aa93baf3057fa73804fe46f6f3de2dd557ef0,58bd23fe0826fdaca8e1fc3a645aa93baf3057fa73804fe46f6f3de2dd557ef0,29,RESOLVED_HASH_MATCH
REP-LOC-C10-UA-MANIFEST_OR_HASH_RECORD-006,LOC-C10-UA,10,MANIFEST_OR_HASH_RECORD,mlk_poly_tobytes_cleanroom/PBYTES_01F_T1_NONVACUITY_RUN1_af4c5abd/SHA256_MANIFEST.txt,experiments/poly-tobytes/T01-exact-arithmetic-byteencode12-refinement/raw-evidence/PBYTES_01F_T1_NONVACUITY_RUN1_af4c5abd/SHA256_MANIFEST.txt,71ced6276a2a4f097b61771390be834e5080e4b25e6e3db960e017086ead08a3,71ced6276a2a4f097b61771390be834e5080e4b25e6e3db960e017086ead08a3,29,RESOLVED_HASH_MATCH
REP-LOC-C10-UA-MANIFEST_OR_HASH_RECORD-007,LOC-C10-UA,10,MANIFEST_OR_HASH_RECORD,mlk_poly_tobytes_cleanroom/PBYTES_01G_T1_MUTATION_HARDENING_RUN1_af4c5abd/SHA256_MANIFEST.txt,experiments/poly-tobytes/T01-exact-arithmetic-byteencode12-refinement/raw-evidence/PBYTES_01G_T1_MUTATION_HARDENING_RUN1_af4c5abd/SHA256_MANIFEST.txt,8fb411c54f660d14ca1730354ed6eb67f537babe8ad91e5bbcbb7bb1415446c1,8fb411c54f660d14ca1730354ed6eb67f537babe8ad91e5bbcbb7bb1415446c1,29,RESOLVED_HASH_MATCH
REP-LOC-C10-UA-MANIFEST_OR_HASH_RECORD-008,LOC-C10-UA,10,MANIFEST_OR_HASH_RECORD,mlk_poly_tobytes_cleanroom/PBYTES_01H_T1_FREEZE_CANDIDATE_af4c5abd/SHA256_MANIFEST.txt,experiments/poly-tobytes/T01-exact-arithmetic-byteencode12-refinement/closure-evidence/PBYTES_01H_T1_FREEZE_CANDIDATE_af4c5abd/SHA256_MANIFEST.txt,31dd2064a295b1c45848f65a87e132eba1297307a27d9e61df1602350b56db80,31dd2064a295b1c45848f65a87e132eba1297307a27d9e61df1602350b56db80,29,RESOLVED_HASH_MATCH
REP-LOC-C10-UA-COVERAGE_MUTATION_OR_CONTROL-001,LOC-C10-UA,10,COVERAGE_MUTATION_OR_CONTROL,mlk_poly_tobytes_cleanroom/PBYTES_01G_T1_MUTATION_HARDENING_RUN1_af4c5abd/FILE_INVENTORY.txt,experiments/poly-tobytes/T01-exact-arithmetic-byteencode12-refinement/raw-evidence/PBYTES_01G_T1_MUTATION_HARDENING_RUN1_af4c5abd/FILE_INVENTORY.txt,55ef27cdb67f214c72b719dd9e449d806613c29b9ca4461c1b8a83a2977ef28a,55ef27cdb67f214c72b719dd9e449d806613c29b9ca4461c1b8a83a2977ef28a,24,RESOLVED_HASH_MATCH
REP-LOC-C10-UA-COVERAGE_MUTATION_OR_CONTROL-002,LOC-C10-UA,10,COVERAGE_MUTATION_OR_CONTROL,mlk_poly_tobytes_cleanroom/PBYTES_01G_T1_MUTATION_HARDENING_RUN1_af4c5abd/SHA256_MANIFEST.txt,experiments/poly-tobytes/T01-exact-arithmetic-byteencode12-refinement/raw-evidence/PBYTES_01G_T1_MUTATION_HARDENING_RUN1_af4c5abd/SHA256_MANIFEST.txt,8fb411c54f660d14ca1730354ed6eb67f537babe8ad91e5bbcbb7bb1415446c1,8fb411c54f660d14ca1730354ed6eb67f537babe8ad91e5bbcbb7bb1415446c1,29,RESOLVED_HASH_MATCH
REP-LOC-C10-UA-COVERAGE_MUTATION_OR_CONTROL-003,LOC-C10-UA,10,COVERAGE_MUTATION_OR_CONTROL,mlk_poly_tobytes_cleanroom/PBYTES_02C_T2_MUTATION_HARDENING_RUN1_af4c5abd/FILE_INVENTORY.txt,experiments/poly-tobytes/T02-successor-and-carry-transition-partition/raw-evidence/PBYTES_02C_T2_MUTATION_HARDENING_RUN1_af4c5abd/FILE_INVENTORY.txt,db58407642a2b256abe69f24e6292b62b31c6c1a8ffa6067ac7e4cd61a9d33be,db58407642a2b256abe69f24e6292b62b31c6c1a8ffa6067ac7e4cd61a9d33be,24,RESOLVED_HASH_MATCH
REP-LOC-C10-UA-COVERAGE_MUTATION_OR_CONTROL-004,LOC-C10-UA,10,COVERAGE_MUTATION_OR_CONTROL,mlk_poly_tobytes_cleanroom/PBYTES_02C_T2_MUTATION_HARDENING_RUN1_af4c5abd/SHA256_MANIFEST.txt,experiments/poly-tobytes/T02-successor-and-carry-transition-partition/raw-evidence/PBYTES_02C_T2_MUTATION_HARDENING_RUN1_af4c5abd/SHA256_MANIFEST.txt,562f55f7d7f85b4d326eff052c07356c233c1065c739e82a93082da45ee36929,562f55f7d7f85b4d326eff052c07356c233c1065c739e82a93082da45ee36929,29,RESOLVED_HASH_MATCH
REP-LOC-C10-UA-COVERAGE_MUTATION_OR_CONTROL-005,LOC-C10-UA,10,COVERAGE_MUTATION_OR_CONTROL,mlk_poly_tobytes_cleanroom/PBYTES_03D_T3_MUTATION_HARDENING_RUN1_af4c5abd/FILE_INVENTORY.txt,experiments/poly-tobytes/T03-canonical-image-and-invalid-codeword-exclusion/raw-evidence/PBYTES_03D_T3_MUTATION_HARDENING_RUN1_af4c5abd/FILE_INVENTORY.txt,b0ca8233276d20d4e13d8e30aa6f1817ee0285a9a533fdb20b804d7dc1e3f5e9,b0ca8233276d20d4e13d8e30aa6f1817ee0285a9a533fdb20b804d7dc1e3f5e9,24,RESOLVED_HASH_MATCH
REP-LOC-C10-UA-COVERAGE_MUTATION_OR_CONTROL-006,LOC-C10-UA,10,COVERAGE_MUTATION_OR_CONTROL,mlk_poly_tobytes_cleanroom/PBYTES_03D_T3_MUTATION_HARDENING_RUN1_af4c5abd/SHA256_MANIFEST.txt,experiments/poly-tobytes/T03-canonical-image-and-invalid-codeword-exclusion/raw-evidence/PBYTES_03D_T3_MUTATION_HARDENING_RUN1_af4c5abd/SHA256_MANIFEST.txt,07804645a4ca68cbc724d79aee562228827e84fe7330cd1c21ae0a5dcbc4e8de,07804645a4ca68cbc724d79aee562228827e84fe7330cd1c21ae0a5dcbc4e8de,29,RESOLVED_HASH_MATCH
REP-LOC-C10-UA-COVERAGE_MUTATION_OR_CONTROL-007,LOC-C10-UA,10,COVERAGE_MUTATION_OR_CONTROL,mlk_poly_tobytes_cleanroom/PBYTES_04D_T4_MUTATION_HARDENING_RUN1_af4c5abd/FILE_INVENTORY.txt,experiments/poly-tobytes/T04-arithmetic-recoverability-and-collision-freedom/raw-evidence/PBYTES_04D_T4_MUTATION_HARDENING_RUN1_af4c5abd/FILE_INVENTORY.txt,78575b3ae9c16896454ee2ecc7e067e804d9fab530d39b1b9728f1f5c22028a3,78575b3ae9c16896454ee2ecc7e067e804d9fab530d39b1b9728f1f5c22028a3,24,RESOLVED_HASH_MATCH
REP-LOC-C10-UA-COVERAGE_MUTATION_OR_CONTROL-008,LOC-C10-UA,10,COVERAGE_MUTATION_OR_CONTROL,mlk_poly_tobytes_cleanroom/PBYTES_04D_T4_MUTATION_HARDENING_RUN1_af4c5abd/SHA256_MANIFEST.txt,experiments/poly-tobytes/T04-arithmetic-recoverability-and-collision-freedom/raw-evidence/PBYTES_04D_T4_MUTATION_HARDENING_RUN1_af4c5abd/SHA256_MANIFEST.txt,f72baf0e8a3622a24495db1e61ec3b1e899c229418d07047fb17c944e3239542,f72baf0e8a3622a24495db1e61ec3b1e899c229418d07047fb17c944e3239542,29,RESOLVED_HASH_MATCH
REP-LOC-C11-UA-HARNESS-001,LOC-C11-UA,11,HARNESS,mlk_poly_frombytes_cleanroom/PFB_01_T1_BASELINE_RUN1/pfb_t1_exact_raw_decode_harness.c,supplementary-evidence-reconciliation/consolidated-mlkem-cbmc-verification-harnesses-12-campaigns/poly_frombytes_harness_set/PFB_01_T1_BASELINE_RUN1/pfb_t1_exact_raw_decode_harness.c,9a3288855782f7aee718d51c7904608763bd480635a63d25cd05956d408007a8,9a3288855782f7aee718d51c7904608763bd480635a63d25cd05956d408007a8,4,RESOLVED_HASH_MATCH
REP-LOC-C11-UA-HARNESS-002,LOC-C11-UA,11,HARNESS,mlk_poly_frombytes_cleanroom/PFB_01C_T1_CONTROL_SUITE_20260729T042046Z/artifacts/pfb_t1_controls_harness.c,supplementary-evidence-reconciliation/consolidated-mlkem-cbmc-verification-harnesses-12-campaigns/poly_frombytes_harness_set/PFB_01C_T1_CONTROL_SUITE_20260729T042046Z/artifacts/pfb_t1_controls_harness.c,fc5a64d1d8e6ae9f1c81f8a0299497cf546168e7090af9ddafb057a4a1957c33,fc5a64d1d8e6ae9f1c81f8a0299497cf546168e7090af9ddafb057a4a1957c33,3,RESOLVED_HASH_MATCH
REP-LOC-C11-UA-HARNESS-003,LOC-C11-UA,11,HARNESS,mlk_poly_frombytes_cleanroom/PFB_01R_T1_EXACT_RAW_DECODING_RUN1_20260729T033348Z/artifacts/pfb_t1_exact_raw_decode_harness.c,supplementary-evidence-reconciliation/consolidated-mlkem-cbmc-verification-harnesses-12-campaigns/poly_frombytes_harness_set/PFB_01_T1_BASELINE_RUN1/pfb_t1_exact_raw_decode_harness.c,9a3288855782f7aee718d51c7904608763bd480635a63d25cd05956d408007a8,9a3288855782f7aee718d51c7904608763bd480635a63d25cd05956d408007a8,4,RESOLVED_HASH_MATCH
REP-LOC-C11-UA-HARNESS-004,LOC-C11-UA,11,HARNESS,mlk_poly_frombytes_cleanroom/PFB_02A_T2_SEMANTIC_BASELINE_20260729T044653Z/artifacts/pfb_t2_bit_routes_harness.c,supplementary-evidence-reconciliation/consolidated-mlkem-cbmc-verification-harnesses-12-campaigns/poly_frombytes_harness_set/PFB_02A_T2_SEMANTIC_BASELINE_20260729T044653Z/artifacts/pfb_t2_bit_routes_harness.c,7cd0a8e512283677d3a191e0a714bca7f0b481600b3905ef4f3759ab4b1f9aff,7cd0a8e512283677d3a191e0a714bca7f0b481600b3905ef4f3759ab4b1f9aff,3,RESOLVED_HASH_MATCH
REP-LOC-C11-UA-HARNESS-005,LOC-C11-UA,11,HARNESS,mlk_poly_frombytes_cleanroom/PFB_02A_T2_SEMANTIC_BASELINE_20260729T044653Z/artifacts/pfb_t2_block_locality_harness.c,supplementary-evidence-reconciliation/consolidated-mlkem-cbmc-verification-harnesses-12-campaigns/poly_frombytes_harness_set/PFB_02A_T2_SEMANTIC_BASELINE_20260729T044653Z/artifacts/pfb_t2_block_locality_harness.c,b52a5e2eefe10204563539c38cc9332d7571ca99ec785c887b3c407488120dfd,b52a5e2eefe10204563539c38cc9332d7571ca99ec785c887b3c407488120dfd,3,RESOLVED_HASH_MATCH
REP-LOC-C11-UA-HARNESS-006,LOC-C11-UA,11,HARNESS,mlk_poly_frombytes_cleanroom/PFB_02M_T2_FINAL_MUTATION_RUN_20260729T050106Z/control/pfb_t2_nonvacuity_20260729T050106Z_harness.c,supplementary-evidence-reconciliation/consolidated-mlkem-cbmc-verification-harnesses-12-campaigns/poly_frombytes_harness_set/PFB_02M_T2_FINAL_MUTATION_RUN_20260729T050106Z/control/pfb_t2_nonvacuity_20260729T050106Z_harness.c,01bc92b0fef0eba04bfca7150e39143276764afb94e329e4e12859e728aab133,01bc92b0fef0eba04bfca7150e39143276764afb94e329e4e12859e728aab133,3,RESOLVED_HASH_MATCH
REP-LOC-C11-UA-HARNESS-007,LOC-C11-UA,11,HARNESS,mlk_poly_frombytes_cleanroom/PFB_03F_T3_FINAL_RUN_20260729T051133Z/baseline/pfb_t3_differential_20260729T051133Z_harness.c,supplementary-evidence-reconciliation/consolidated-mlkem-cbmc-verification-harnesses-12-campaigns/poly_frombytes_harness_set/PFB_03F_T3_FINAL_RUN_20260729T051133Z/baseline/pfb_t3_differential_20260729T051133Z_harness.c,ccf1b8543c549684793d5b78937a15d50229be97416acfaedd8384f44cb63457,ccf1b8543c549684793d5b78937a15d50229be97416acfaedd8384f44cb63457,3,RESOLVED_HASH_MATCH
REP-LOC-C11-UA-HARNESS-008,LOC-C11-UA,11,HARNESS,mlk_poly_frombytes_cleanroom/PFB_03F_T3_FINAL_RUN_20260729T051133Z/control/pfb_t3_nonvacuity_20260729T051133Z_harness.c,supplementary-evidence-reconciliation/consolidated-mlkem-cbmc-verification-harnesses-12-campaigns/poly_frombytes_harness_set/PFB_03F_T3_FINAL_RUN_20260729T051133Z/control/pfb_t3_nonvacuity_20260729T051133Z_harness.c,f5806dc4aef35366e7919feffd40fb3a3b721563db01d954c2c3bf116d80555c,f5806dc4aef35366e7919feffd40fb3a3b721563db01d954c2c3bf116d80555c,3,RESOLVED_HASH_MATCH
REP-LOC-C11-UA-RAW_RESULT-001,LOC-C11-UA,11,RAW_RESULT,mlk_poly_frombytes_cleanroom/PFB_01S_T1_SAT_SEMANTIC_RUN2_20260729T040920Z/PFB_01S_RESULT.txt,experiments/poly-frombytes/PFB-T1-exact-raw-decoding/03-sat-semantic-authoritative-run/PFB_01S_T1_SAT_SEMANTIC_RUN2_20260729T040920Z/PFB_01S_RESULT.txt,af6668281c24d187387e54a8c0057b77b3e70588e78f5be60700a264fd820343,af6668281c24d187387e54a8c0057b77b3e70588e78f5be60700a264fd820343,1,RESOLVED_HASH_MATCH
REP-LOC-C11-UA-RAW_RESULT-002,LOC-C11-UA,11,RAW_RESULT,mlk_poly_frombytes_cleanroom/PFB_02A_T2_SEMANTIC_BASELINE_20260729T044653Z/PFB_02R_CORRECTED_RESULT.txt,experiments/poly-frombytes/PFB-T2-bit-routing-and-block-locality/00-semantic-baseline/PFB_02A_T2_SEMANTIC_BASELINE_20260729T044653Z/PFB_02R_CORRECTED_RESULT.txt,c387517d64bbff9f3104a7e629a7bdf82751764602f34b5cdd83071267316a35,c387517d64bbff9f3104a7e629a7bdf82751764602f34b5cdd83071267316a35,1,RESOLVED_HASH_MATCH
REP-LOC-C11-UA-RAW_RESULT-003,LOC-C11-UA,11,RAW_RESULT,mlk_poly_frombytes_cleanroom/PFB_01S_T1_SAT_SEMANTIC_RUN1_20260729T034940Z/results/theorem_only.command.txt,experiments/poly-frombytes/PFB-T1-exact-raw-decoding/02-sat-semantic-attempt-1/PFB_01S_T1_SAT_SEMANTIC_RUN1_20260729T034940Z/results/theorem_only.command.txt,43625612991c2c448ab2a946ac716a7018eb9f5eca519a4b63efc79ca18c6d10,43625612991c2c448ab2a946ac716a7018eb9f5eca519a4b63efc79ca18c6d10,2,RESOLVED_HASH_MATCH
REP-LOC-C11-UA-RAW_RESULT-004,LOC-C11-UA,11,RAW_RESULT,mlk_poly_frombytes_cleanroom/PFB_01S_T1_SAT_SEMANTIC_RUN1_20260729T034940Z/results/theorem_only.stderr.txt,experiments/poly-frombytes/PFB-T1-exact-raw-decoding/02-sat-semantic-attempt-1/PFB_01S_T1_SAT_SEMANTIC_RUN1_20260729T034940Z/results/theorem_only.stderr.txt,e3b0c44298fc1c149afbf4c8996fb92427ae41e4649b934ca495991b7852b855,e3b0c44298fc1c149afbf4c8996fb92427ae41e4649b934ca495991b7852b855,1,RESOLVED_HASH_MATCH
REP-LOC-C11-UA-RAW_RESULT-005,LOC-C11-UA,11,RAW_RESULT,mlk_poly_frombytes_cleanroom/PFB_01S_T1_SAT_SEMANTIC_RUN1_20260729T034940Z/results/theorem_only.summary.txt,experiments/poly-frombytes/PFB-T1-exact-raw-decoding/02-sat-semantic-attempt-1/PFB_01S_T1_SAT_SEMANTIC_RUN1_20260729T034940Z/results/theorem_only.summary.txt,c94c24ddba8de7e25eb01309795b50550981a72f6dfd6f1741f455ad43c95477,c94c24ddba8de7e25eb01309795b50550981a72f6dfd6f1741f455ad43c95477,3,RESOLVED_HASH_MATCH
REP-LOC-C11-UA-RAW_RESULT-006,LOC-C11-UA,11,RAW_RESULT,mlk_poly_frombytes_cleanroom/PFB_01S_T1_SAT_SEMANTIC_RUN1_20260729T034940Z/results/theorem_only.xml,experiments/poly-frombytes/PFB-T1-exact-raw-decoding/02-sat-semantic-attempt-1/PFB_01S_T1_SAT_SEMANTIC_RUN1_20260729T034940Z/results/theorem_only.xml,1c33f7d6432e839460ecc40aa9ae5e050ae7afc7d6127a04f52d73a7e8307dcc,1c33f7d6432e839460ecc40aa9ae5e050ae7afc7d6127a04f52d73a7e8307dcc,2,RESOLVED_HASH_MATCH
REP-LOC-C11-UA-RAW_RESULT-007,LOC-C11-UA,11,RAW_RESULT,mlk_poly_frombytes_cleanroom/PFB_01S_T1_SAT_SEMANTIC_RUN1_20260729T034940Z/results/unwind_only.command.txt,experiments/poly-frombytes/PFB-T1-exact-raw-decoding/02-sat-semantic-attempt-1/PFB_01S_T1_SAT_SEMANTIC_RUN1_20260729T034940Z/results/unwind_only.command.txt,7cd5c37697506ae63e0de24d859d8669552868acf5278a105a3f8801d7ff7ae1,7cd5c37697506ae63e0de24d859d8669552868acf5278a105a3f8801d7ff7ae1,1,RESOLVED_HASH_MATCH
REP-LOC-C11-UA-RAW_RESULT-008,LOC-C11-UA,11,RAW_RESULT,mlk_poly_frombytes_cleanroom/PFB_01S_T1_SAT_SEMANTIC_RUN1_20260729T034940Z/results/unwind_only.stderr.txt,experiments/poly-frombytes/PFB-T1-exact-raw-decoding/02-sat-semantic-attempt-1/PFB_01S_T1_SAT_SEMANTIC_RUN1_20260729T034940Z/results/unwind_only.stderr.txt,e3b0c44298fc1c149afbf4c8996fb92427ae41e4649b934ca495991b7852b855,e3b0c44298fc1c149afbf4c8996fb92427ae41e4649b934ca495991b7852b855,1,RESOLVED_HASH_MATCH
REP-LOC-C11-UA-MANIFEST_OR_HASH_RECORD-001,LOC-C11-UA,11,MANIFEST_OR_HASH_RECORD,mlk_poly_frombytes_cleanroom/PFB_00C_THEOREM_FREEZE_af4c5abd/SHA256SUMS.txt,experiments/poly-frombytes/00-campaign-context/01-theorem-registry-scope-and-source-binding/PFB_00C_THEOREM_FREEZE_af4c5abd/SHA256SUMS.txt,0ad77b89aa6260e4021e897c7ace73e3588f2afd2c6d9cdc9a2f39a2debac8f4,0ad77b89aa6260e4021e897c7ace73e3588f2afd2c6d9cdc9a2f39a2debac8f4,21,RESOLVED_HASH_MATCH
REP-LOC-C11-UA-MANIFEST_OR_HASH_RECORD-002,LOC-C11-UA,11,MANIFEST_OR_HASH_RECORD,mlk_poly_frombytes_cleanroom/PFB_01C_T1_CONTROL_SUITE_20260729T042046Z/SHA256SUMS.txt,experiments/poly-frombytes/PFB-T1-exact-raw-decoding/04-nonvacuity-frame-canary-and-overwrite-controls/PFB_01C_T1_CONTROL_SUITE_20260729T042046Z/SHA256SUMS.txt,15a09f56f4267ff7badab5e96a62436eb0dc5d6f7e456e1030c10774e2f58959,15a09f56f4267ff7badab5e96a62436eb0dc5d6f7e456e1030c10774e2f58959,21,RESOLVED_HASH_MATCH
REP-LOC-C11-UA-MANIFEST_OR_HASH_RECORD-003,LOC-C11-UA,11,MANIFEST_OR_HASH_RECORD,mlk_poly_frombytes_cleanroom/PFB_01S_T1_SAT_SEMANTIC_RUN2_20260729T040920Z/SHA256SUMS.txt,experiments/poly-frombytes/PFB-T1-exact-raw-decoding/03-sat-semantic-authoritative-run/PFB_01S_T1_SAT_SEMANTIC_RUN2_20260729T040920Z/SHA256SUMS.txt,57cd095ac9fc61583d426ecd5679be66ab45999630c8c8e177d3bae4c7fdea38,57cd095ac9fc61583d426ecd5679be66ab45999630c8c8e177d3bae4c7fdea38,21,RESOLVED_HASH_MATCH
REP-LOC-C11-UA-MANIFEST_OR_HASH_RECORD-004,LOC-C11-UA,11,MANIFEST_OR_HASH_RECORD,mlk_poly_frombytes_cleanroom/PFB_CAMPAIGN_FINAL_SEAL_af4c5abd_20260729T054222Z/SHA256SUMS.txt,experiments/poly-frombytes/98-campaign-closure-and-seal/PFB_CAMPAIGN_FINAL_SEAL_af4c5abd_20260729T054222Z/SHA256SUMS.txt,7a379152d41c459282da946855615ad9e480afadb5a348a3f5fc794fe6d05913,7a379152d41c459282da946855615ad9e480afadb5a348a3f5fc794fe6d05913,21,RESOLVED_HASH_MATCH
REP-LOC-C11-UA-MANIFEST_OR_HASH_RECORD-005,LOC-C11-UA,11,MANIFEST_OR_HASH_RECORD,mlk_poly_frombytes_cleanroom/PFB_T1_FINAL_FREEZE_af4c5abd_20260729T043912Z/SHA256SUMS.txt,experiments/poly-frombytes/PFB-T1-exact-raw-decoding/90-final-acceptance-and-evidence-freeze/PFB_T1_FINAL_FREEZE_af4c5abd_20260729T043912Z/SHA256SUMS.txt,53904a93bbe2b862a53539d9875932f8ba1f219a558562f936e0621998382137,53904a93bbe2b862a53539d9875932f8ba1f219a558562f936e0621998382137,21,RESOLVED_HASH_MATCH
REP-LOC-C11-UA-MANIFEST_OR_HASH_RECORD-006,LOC-C11-UA,11,MANIFEST_OR_HASH_RECORD,mlk_poly_frombytes_cleanroom/PFB_T2_FINAL_FREEZE_af4c5abd_20260729T050106Z/SHA256SUMS.txt,experiments/poly-frombytes/PFB-T2-bit-routing-and-block-locality/90-final-acceptance-and-evidence-freeze/PFB_T2_FINAL_FREEZE_af4c5abd_20260729T050106Z/SHA256SUMS.txt,492fee156a81c7c0a42fea46babdc1edc355ce9cbbc31096ac3c674e5f0af095,492fee156a81c7c0a42fea46babdc1edc355ce9cbbc31096ac3c674e5f0af095,21,RESOLVED_HASH_MATCH
REP-LOC-C11-UA-MANIFEST_OR_HASH_RECORD-007,LOC-C11-UA,11,MANIFEST_OR_HASH_RECORD,mlk_poly_frombytes_cleanroom/PFB_T3_FINAL_FREEZE_af4c5abd_20260729T051133Z/SHA256SUMS.txt,experiments/poly-frombytes/PFB-T3-differential-conservation/90-final-acceptance-and-evidence-freeze/PFB_T3_FINAL_FREEZE_af4c5abd_20260729T051133Z/SHA256SUMS.txt,dfc3927245486af7a9bf32e875a6ddee490141807cfc33c57433b2d9518a8324,dfc3927245486af7a9bf32e875a6ddee490141807cfc33c57433b2d9518a8324,21,RESOLVED_HASH_MATCH
REP-LOC-C11-UA-MANIFEST_OR_HASH_RECORD-008,LOC-C11-UA,11,MANIFEST_OR_HASH_RECORD,mlk_poly_frombytes_cleanroom/PFB_T4_FINAL_FREEZE_af4c5abd_20260729T053316Z/SHA256SUMS.txt,experiments/poly-frombytes/PFB-T4-raw-domain-inversion/90-final-acceptance-and-evidence-freeze/PFB_T4_FINAL_FREEZE_af4c5abd_20260729T053316Z/SHA256SUMS.txt,8fb1fe00f9b8bdefa99dcee6d24d9058387c15115bbe421932d7a9573b9a9706,8fb1fe00f9b8bdefa99dcee6d24d9058387c15115bbe421932d7a9573b9a9706,21,RESOLVED_HASH_MATCH
REP-LOC-C11-UA-COVERAGE_MUTATION_OR_CONTROL-001,LOC-C11-UA,11,COVERAGE_MUTATION_OR_CONTROL,mlk_poly_frombytes_cleanroom/PFB_01M_T1_BOUNDARY_MUTATION_RUN_20260729T043912Z/PFB_01M_GATE_RESULT.txt,experiments/poly-frombytes/PFB-T1-exact-raw-decoding/05-boundary-reachability-and-mutation-sensitivity/PFB_01M_T1_BOUNDARY_MUTATION_RUN_20260729T043912Z/PFB_01M_GATE_RESULT.txt,a5ec06fca70b531835be6d086b9ecae66a81524a021d5573d105b4a814c7f9b2,a5ec06fca70b531835be6d086b9ecae66a81524a021d5573d105b4a814c7f9b2,1,RESOLVED_HASH_MATCH
REP-LOC-C11-UA-COVERAGE_MUTATION_OR_CONTROL-002,LOC-C11-UA,11,COVERAGE_MUTATION_OR_CONTROL,mlk_poly_frombytes_cleanroom/PFB_01M_T1_BOUNDARY_MUTATION_RUN_20260729T043912Z/PFB_01M_RESULT.txt,experiments/poly-frombytes/PFB-T1-exact-raw-decoding/05-boundary-reachability-and-mutation-sensitivity/PFB_01M_T1_BOUNDARY_MUTATION_RUN_20260729T043912Z/PFB_01M_RESULT.txt,f71c0f1ab2cd922bc177c3aab8e0a931f6587d20caddde43ca652306950fc043,f71c0f1ab2cd922bc177c3aab8e0a931f6587d20caddde43ca652306950fc043,1,RESOLVED_HASH_MATCH
REP-LOC-C11-UA-COVERAGE_MUTATION_OR_CONTROL-003,LOC-C11-UA,11,COVERAGE_MUTATION_OR_CONTROL,mlk_poly_frombytes_cleanroom/PFB_01M_T1_BOUNDARY_MUTATION_RUN_20260729T043912Z/baseline_replay/command.txt,experiments/poly-frombytes/PFB-T1-exact-raw-decoding/05-boundary-reachability-and-mutation-sensitivity/PFB_01M_T1_BOUNDARY_MUTATION_RUN_20260729T043912Z/baseline_replay/command.txt,900776357b8762b1fdcbe59acaa898200777ded06f6fb00b5fe35cac236912fb,900776357b8762b1fdcbe59acaa898200777ded06f6fb00b5fe35cac236912fb,27,RESOLVED_HASH_MATCH
REP-LOC-C11-UA-COVERAGE_MUTATION_OR_CONTROL-004,LOC-C11-UA,11,COVERAGE_MUTATION_OR_CONTROL,mlk_poly_frombytes_cleanroom/PFB_01M_T1_BOUNDARY_MUTATION_RUN_20260729T043912Z/baseline_replay/exit.txt,experiments/poly-frombytes/PFB-T1-exact-raw-decoding/05-boundary-reachability-and-mutation-sensitivity/PFB_01M_T1_BOUNDARY_MUTATION_RUN_20260729T043912Z/baseline_replay/exit.txt,9a271f2a916b0b6ee6cecb2426f0b3206ef074578be55d9bc94f6f3fe3ab86aa,9a271f2a916b0b6ee6cecb2426f0b3206ef074578be55d9bc94f6f3fe3ab86aa,2,RESOLVED_HASH_MATCH
REP-LOC-C11-UA-COVERAGE_MUTATION_OR_CONTROL-005,LOC-C11-UA,11,COVERAGE_MUTATION_OR_CONTROL,mlk_poly_frombytes_cleanroom/PFB_01M_T1_BOUNDARY_MUTATION_RUN_20260729T043912Z/baseline_replay/result.stderr.txt,experiments/poly-frombytes/PFB-T1-exact-raw-decoding/05-boundary-reachability-and-mutation-sensitivity/PFB_01M_T1_BOUNDARY_MUTATION_RUN_20260729T043912Z/baseline_replay/result.stderr.txt,e3b0c44298fc1c149afbf4c8996fb92427ae41e4649b934ca495991b7852b855,e3b0c44298fc1c149afbf4c8996fb92427ae41e4649b934ca495991b7852b855,1,RESOLVED_HASH_MATCH
REP-LOC-C11-UA-COVERAGE_MUTATION_OR_CONTROL-006,LOC-C11-UA,11,COVERAGE_MUTATION_OR_CONTROL,mlk_poly_frombytes_cleanroom/PFB_01M_T1_BOUNDARY_MUTATION_RUN_20260729T043912Z/baseline_replay/summary.txt,experiments/poly-frombytes/PFB-T1-exact-raw-decoding/05-boundary-reachability-and-mutation-sensitivity/PFB_01M_T1_BOUNDARY_MUTATION_RUN_20260729T043912Z/baseline_replay/summary.txt,10a16cc6ed7e25e102da6fd82ea5de2a101e1701af980dd5351e1c369c41cf5e,10a16cc6ed7e25e102da6fd82ea5de2a101e1701af980dd5351e1c369c41cf5e,55,RESOLVED_HASH_MATCH
REP-LOC-C11-UA-COVERAGE_MUTATION_OR_CONTROL-007,LOC-C11-UA,11,COVERAGE_MUTATION_OR_CONTROL,mlk_poly_frombytes_cleanroom/PFB_01M_T1_BOUNDARY_MUTATION_RUN_20260729T043912Z/boundary/command.txt,experiments/poly-frombytes/PFB-T1-exact-raw-decoding/05-boundary-reachability-and-mutation-sensitivity/PFB_01M_T1_BOUNDARY_MUTATION_RUN_20260729T043912Z/boundary/command.txt,0515da0af009a9f4de169498ee6f78037e498b15d4fa74f8aa2d222fbfc09c27,0515da0af009a9f4de169498ee6f78037e498b15d4fa74f8aa2d222fbfc09c27,27,RESOLVED_HASH_MATCH
REP-LOC-C11-UA-COVERAGE_MUTATION_OR_CONTROL-008,LOC-C11-UA,11,COVERAGE_MUTATION_OR_CONTROL,mlk_poly_frombytes_cleanroom/PFB_01M_T1_BOUNDARY_MUTATION_RUN_20260729T043912Z/boundary/exit.txt,experiments/poly-frombytes/PFB-T1-exact-raw-decoding/05-boundary-reachability-and-mutation-sensitivity/PFB_01M_T1_BOUNDARY_MUTATION_RUN_20260729T043912Z/baseline_replay/exit.txt,9a271f2a916b0b6ee6cecb2426f0b3206ef074578be55d9bc94f6f3fe3ab86aa,9a271f2a916b0b6ee6cecb2426f0b3206ef074578be55d9bc94f6f3fe3ab86aa,2,RESOLVED_HASH_MATCH
REP-LOC-C12-UA-HARNESS-001,LOC-C12-UA,12,HARNESS,mlk_poly_bytes_codec_cleanroom/harnesses/pbcodec_cv1_m1_corrupt_encoded_bridge_harness.c,supplementary-evidence-reconciliation/consolidated-mlkem-cbmc-verification-harnesses-12-campaigns/poly_tobytes_frombytes_roundtrip_harness_set/pbcodec_cv1_m1_corrupt_encoded_bridge_harness.c,50d35d8510ff668be5aaf861fc777b2c782888df19b10fd3dfbd056a9490bceb,50d35d8510ff668be5aaf861fc777b2c782888df19b10fd3dfbd056a9490bceb,2,RESOLVED_HASH_MATCH
REP-LOC-C12-UA-HARNESS-002,LOC-C12-UA,12,HARNESS,mlk_poly_bytes_codec_cleanroom/harnesses/pbcodec_cv1_m2_corrupt_decoded_bridge_harness.c,supplementary-evidence-reconciliation/consolidated-mlkem-cbmc-verification-harnesses-12-campaigns/poly_tobytes_frombytes_roundtrip_harness_set/pbcodec_cv1_m2_corrupt_decoded_bridge_harness.c,28d9d4ce33d596a294056b2cd06027e33b7321eb36e867af51354a6199684cd2,28d9d4ce33d596a294056b2cd06027e33b7321eb36e867af51354a6199684cd2,2,RESOLVED_HASH_MATCH
REP-LOC-C12-UA-HARNESS-003,LOC-C12-UA,12,HARNESS,mlk_poly_bytes_codec_cleanroom/harnesses/pbcodec_cv1_nonvacuity_harness.c,supplementary-evidence-reconciliation/consolidated-mlkem-cbmc-verification-harnesses-12-campaigns/poly_tobytes_frombytes_roundtrip_harness_set/pbcodec_cv1_nonvacuity_harness.c,0ba7b2763cd3a0d7c30746f026cf22b27f1e7130f238409245ce8763f90c33f8,0ba7b2763cd3a0d7c30746f026cf22b27f1e7130f238409245ce8763f90c33f8,2,RESOLVED_HASH_MATCH
REP-LOC-C12-UA-HARNESS-004,LOC-C12-UA,12,HARNESS,mlk_poly_bytes_codec_cleanroom/harnesses/pbcodec_cv1_p1_left_inverse_harness.c,supplementary-evidence-reconciliation/consolidated-mlkem-cbmc-verification-harnesses-12-campaigns/poly_tobytes_frombytes_roundtrip_harness_set/pbcodec_cv1_p1_left_inverse_harness.c,04b6a7b4287d75f2badb9612b1738a4c7ac5d5d2ce316464145ccada183c25a6,04b6a7b4287d75f2badb9612b1738a4c7ac5d5d2ce316464145ccada183c25a6,2,RESOLVED_HASH_MATCH
REP-LOC-C12-UA-HARNESS-005,LOC-C12-UA,12,HARNESS,mlk_poly_bytes_codec_cleanroom/harnesses/pbcodec_cv1_p2_right_inverse_harness.c,supplementary-evidence-reconciliation/consolidated-mlkem-cbmc-verification-harnesses-12-campaigns/poly_tobytes_frombytes_roundtrip_harness_set/pbcodec_cv1_p2_right_inverse_harness.c,5d1d3146ab061fdfdbbd55dd9f967acaa211a109d578b11fe59ffb9e7bcb896e,5d1d3146ab061fdfdbbd55dd9f967acaa211a109d578b11fe59ffb9e7bcb896e,2,RESOLVED_HASH_MATCH
REP-LOC-C12-UA-HARNESS-006,LOC-C12-UA,12,HARNESS,mlk_poly_bytes_codec_cleanroom/PBCODEC_CV1_BUILD_BINDING_20260729T173459Z/01_harness_candidates/NV/pbcodec_cv1_nonvacuity_harness.c,supplementary-evidence-reconciliation/consolidated-mlkem-cbmc-verification-harnesses-12-campaigns/poly_tobytes_frombytes_roundtrip_harness_set/pbcodec_cv1_nonvacuity_harness.c,0ba7b2763cd3a0d7c30746f026cf22b27f1e7130f238409245ce8763f90c33f8,0ba7b2763cd3a0d7c30746f026cf22b27f1e7130f238409245ce8763f90c33f8,2,RESOLVED_HASH_MATCH
REP-LOC-C12-UA-HARNESS-007,LOC-C12-UA,12,HARNESS,mlk_poly_bytes_codec_cleanroom/PBCODEC_CV1_BUILD_BINDING_20260729T173459Z/01_harness_candidates/P1/pbcodec_cv1_p1_left_inverse_harness.c,supplementary-evidence-reconciliation/consolidated-mlkem-cbmc-verification-harnesses-12-campaigns/poly_tobytes_frombytes_roundtrip_harness_set/pbcodec_cv1_p1_left_inverse_harness.c,04b6a7b4287d75f2badb9612b1738a4c7ac5d5d2ce316464145ccada183c25a6,04b6a7b4287d75f2badb9612b1738a4c7ac5d5d2ce316464145ccada183c25a6,2,RESOLVED_HASH_MATCH
REP-LOC-C12-UA-HARNESS-008,LOC-C12-UA,12,HARNESS,mlk_poly_bytes_codec_cleanroom/PBCODEC_CV1_BUILD_BINDING_20260729T173459Z/01_harness_candidates/P2/pbcodec_cv1_p2_right_inverse_harness.c,supplementary-evidence-reconciliation/consolidated-mlkem-cbmc-verification-harnesses-12-campaigns/poly_tobytes_frombytes_roundtrip_harness_set/pbcodec_cv1_p2_right_inverse_harness.c,5d1d3146ab061fdfdbbd55dd9f967acaa211a109d578b11fe59ffb9e7bcb896e,5d1d3146ab061fdfdbbd55dd9f967acaa211a109d578b11fe59ffb9e7bcb896e,2,RESOLVED_HASH_MATCH
REP-LOC-C12-UA-COMMAND_OR_RUNNER-001,LOC-C12-UA,12,COMMAND_OR_RUNNER,mlk_poly_bytes_codec_cleanroom/PBCODEC_CV1_BUILD_BINDING_20260729T173459Z/05_direct_cbmc_results/NV/cbmc_command.shellescaped.txt,experiments/poly-bytes-codec/NV01-composition-endpoint-reachability/cbmc-result/cbmc_command.shellescaped.txt,b630e1771b3c1b9f99f802011d2f8ff7ca33282658dff00cdb8adf555b900fd0,b630e1771b3c1b9f99f802011d2f8ff7ca33282658dff00cdb8adf555b900fd0,5,RESOLVED_HASH_MATCH
REP-LOC-C12-UA-COMMAND_OR_RUNNER-002,LOC-C12-UA,12,COMMAND_OR_RUNNER,mlk_poly_bytes_codec_cleanroom/PBCODEC_CV1_BUILD_BINDING_20260729T173459Z/05_direct_cbmc_results/P1/cbmc_command.shellescaped.txt,experiments/poly-bytes-codec/T01-canonical-polynomial-encode-decode/cbmc-result/cbmc_command.shellescaped.txt,4179ce8a1222abbd1b6cd96224503feeeabc5ff378b4c9191ada85f1f6ad45d8,4179ce8a1222abbd1b6cd96224503feeeabc5ff378b4c9191ada85f1f6ad45d8,5,RESOLVED_HASH_MATCH
REP-LOC-C12-UA-COMMAND_OR_RUNNER-003,LOC-C12-UA,12,COMMAND_OR_RUNNER,mlk_poly_bytes_codec_cleanroom/PBCODEC_CV1_BUILD_BINDING_20260729T173459Z/05_direct_cbmc_results/P2/cbmc_command.shellescaped.txt,experiments/poly-bytes-codec/T02-canonical-bytes-decode-encode/cbmc-result/cbmc_command.shellescaped.txt,a939b73cbfbf14cf13ebf290e5ceec19a95c615800a5ba0c5ffc57fc12501d8c,a939b73cbfbf14cf13ebf290e5ceec19a95c615800a5ba0c5ffc57fc12501d8c,5,RESOLVED_HASH_MATCH
REP-LOC-C12-UA-COMMAND_OR_RUNNER-004,LOC-C12-UA,12,COMMAND_OR_RUNNER,mlk_poly_bytes_codec_cleanroom/PBCODEC_CV1_BUILD_BINDING_20260729T173459Z/06_HARNESS_FREEZE_CANDIDATE/results/NV/cbmc_command.shellescaped.txt,experiments/poly-bytes-codec/NV01-composition-endpoint-reachability/cbmc-result/cbmc_command.shellescaped.txt,b630e1771b3c1b9f99f802011d2f8ff7ca33282658dff00cdb8adf555b900fd0,b630e1771b3c1b9f99f802011d2f8ff7ca33282658dff00cdb8adf555b900fd0,5,RESOLVED_HASH_MATCH
REP-LOC-C12-UA-COMMAND_OR_RUNNER-005,LOC-C12-UA,12,COMMAND_OR_RUNNER,mlk_poly_bytes_codec_cleanroom/PBCODEC_CV1_BUILD_BINDING_20260729T173459Z/06_HARNESS_FREEZE_CANDIDATE/results/P1/cbmc_command.shellescaped.txt,experiments/poly-bytes-codec/T01-canonical-polynomial-encode-decode/cbmc-result/cbmc_command.shellescaped.txt,4179ce8a1222abbd1b6cd96224503feeeabc5ff378b4c9191ada85f1f6ad45d8,4179ce8a1222abbd1b6cd96224503feeeabc5ff378b4c9191ada85f1f6ad45d8,5,RESOLVED_HASH_MATCH
REP-LOC-C12-UA-COMMAND_OR_RUNNER-006,LOC-C12-UA,12,COMMAND_OR_RUNNER,mlk_poly_bytes_codec_cleanroom/PBCODEC_CV1_BUILD_BINDING_20260729T173459Z/06_HARNESS_FREEZE_CANDIDATE/results/P2/cbmc_command.shellescaped.txt,experiments/poly-bytes-codec/T02-canonical-bytes-decode-encode/cbmc-result/cbmc_command.shellescaped.txt,a939b73cbfbf14cf13ebf290e5ceec19a95c615800a5ba0c5ffc57fc12501d8c,a939b73cbfbf14cf13ebf290e5ceec19a95c615800a5ba0c5ffc57fc12501d8c,5,RESOLVED_HASH_MATCH
REP-LOC-C12-UA-COMMAND_OR_RUNNER-007,LOC-C12-UA,12,COMMAND_OR_RUNNER,mlk_poly_bytes_codec_cleanroom/PBCODEC_CV1_BUILD_BINDING_20260729T173459Z/07_INTEGRATION_MUTATION_HARDENING/results/M1/cbmc_command.shellescaped.txt,experiments/poly-bytes-codec/V01-bridge-mutation-sensitivity/results/M1/cbmc_command.shellescaped.txt,44e564d1738107d323bb693addce5ac4d7268e414a463ac638a495a7d4ff513e,44e564d1738107d323bb693addce5ac4d7268e414a463ac638a495a7d4ff513e,5,RESOLVED_HASH_MATCH
REP-LOC-C12-UA-COMMAND_OR_RUNNER-008,LOC-C12-UA,12,COMMAND_OR_RUNNER,mlk_poly_bytes_codec_cleanroom/PBCODEC_CV1_BUILD_BINDING_20260729T173459Z/07_INTEGRATION_MUTATION_HARDENING/results/M2/cbmc_command.shellescaped.txt,experiments/poly-bytes-codec/V01-bridge-mutation-sensitivity/results/M2/cbmc_command.shellescaped.txt,1fdc6ae4d85877a1bbba5dc28b8737f4dc317dbd76afe25810ec5962ee8d90f7,1fdc6ae4d85877a1bbba5dc28b8737f4dc317dbd76afe25810ec5962ee8d90f7,5,RESOLVED_HASH_MATCH
REP-LOC-C12-UA-RAW_RESULT-001,LOC-C12-UA,12,RAW_RESULT,mlk_poly_bytes_codec_cleanroom/PBCODEC_CV1_BUILD_BINDING_20260729T173459Z/05_direct_cbmc_results/NV/cbmc_command.shellescaped.txt,experiments/poly-bytes-codec/NV01-composition-endpoint-reachability/cbmc-result/cbmc_command.shellescaped.txt,b630e1771b3c1b9f99f802011d2f8ff7ca33282658dff00cdb8adf555b900fd0,b630e1771b3c1b9f99f802011d2f8ff7ca33282658dff00cdb8adf555b900fd0,5,RESOLVED_HASH_MATCH
REP-LOC-C12-UA-RAW_RESULT-002,LOC-C12-UA,12,RAW_RESULT,mlk_poly_bytes_codec_cleanroom/PBCODEC_CV1_BUILD_BINDING_20260729T173459Z/05_direct_cbmc_results/NV/cbmc_exit_code.txt,experiments/poly-bytes-codec/NV01-composition-endpoint-reachability/cbmc-result/cbmc_exit_code.txt,917df3320d778ddbaa5c5c7742bc4046bf803c36ed2b050f30844ed206783469,917df3320d778ddbaa5c5c7742bc4046bf803c36ed2b050f30844ed206783469,28,RESOLVED_HASH_MATCH
REP-LOC-C12-UA-RAW_RESULT-003,LOC-C12-UA,12,RAW_RESULT,mlk_poly_bytes_codec_cleanroom/PBCODEC_CV1_BUILD_BINDING_20260729T173459Z/05_direct_cbmc_results/NV/cbmc_result.xml,experiments/poly-bytes-codec/NV01-composition-endpoint-reachability/cbmc-result/cbmc_result.xml,bd14d093ba03dbdce675e523974140712e66819bf1c532edfa895628c59b4467,bd14d093ba03dbdce675e523974140712e66819bf1c532edfa895628c59b4467,93,RESOLVED_HASH_MATCH
REP-LOC-C12-UA-RAW_RESULT-004,LOC-C12-UA,12,RAW_RESULT,mlk_poly_bytes_codec_cleanroom/PBCODEC_CV1_BUILD_BINDING_20260729T173459Z/05_direct_cbmc_results/NV/cbmc_stderr.txt,experiments/poly-bytes-codec/NV01-composition-endpoint-reachability/cbmc-result/cbmc_stderr.txt,e3b0c44298fc1c149afbf4c8996fb92427ae41e4649b934ca495991b7852b855,e3b0c44298fc1c149afbf4c8996fb92427ae41e4649b934ca495991b7852b855,88,RESOLVED_HASH_MATCH
REP-LOC-C12-UA-RAW_RESULT-005,LOC-C12-UA,12,RAW_RESULT,mlk_poly_bytes_codec_cleanroom/PBCODEC_CV1_BUILD_BINDING_20260729T173459Z/05_direct_cbmc_results/NV/execution_status.txt,experiments/poly-bytes-codec/NV01-composition-endpoint-reachability/cbmc-result/execution_status.txt,3d631f37ad5e5f889f2bca4eaee494947975c1d0dbf843aaa94991bc872548b6,3d631f37ad5e5f889f2bca4eaee494947975c1d0dbf843aaa94991bc872548b6,3,RESOLVED_HASH_MATCH
REP-LOC-C12-UA-RAW_RESULT-006,LOC-C12-UA,12,RAW_RESULT,mlk_poly_bytes_codec_cleanroom/PBCODEC_CV1_BUILD_BINDING_20260729T173459Z/05_direct_cbmc_results/NV/target_result_extract.txt,experiments/poly-bytes-codec/NV01-composition-endpoint-reachability/cbmc-result/target_result_extract.txt,e1b7d74fe615996b6e27f50c797ca0aa2d49ba888918f99d1c02f14605a91027,e1b7d74fe615996b6e27f50c797ca0aa2d49ba888918f99d1c02f14605a91027,3,RESOLVED_HASH_MATCH
REP-LOC-C12-UA-RAW_RESULT-007,LOC-C12-UA,12,RAW_RESULT,mlk_poly_bytes_codec_cleanroom/PBCODEC_CV1_BUILD_BINDING_20260729T173459Z/05_direct_cbmc_results/P1/cbmc_command.shellescaped.txt,experiments/poly-bytes-codec/T01-canonical-polynomial-encode-decode/cbmc-result/cbmc_command.shellescaped.txt,4179ce8a1222abbd1b6cd96224503feeeabc5ff378b4c9191ada85f1f6ad45d8,4179ce8a1222abbd1b6cd96224503feeeabc5ff378b4c9191ada85f1f6ad45d8,5,RESOLVED_HASH_MATCH
REP-LOC-C12-UA-RAW_RESULT-008,LOC-C12-UA,12,RAW_RESULT,mlk_poly_bytes_codec_cleanroom/PBCODEC_CV1_BUILD_BINDING_20260729T173459Z/05_direct_cbmc_results/P1/cbmc_exit_code.txt,experiments/poly-bytes-codec/T01-canonical-polynomial-encode-decode/cbmc-result/cbmc_exit_code.txt,9a271f2a916b0b6ee6cecb2426f0b3206ef074578be55d9bc94f6f3fe3ab86aa,9a271f2a916b0b6ee6cecb2426f0b3206ef074578be55d9bc94f6f3fe3ab86aa,28,RESOLVED_HASH_MATCH
REP-LOC-C12-UA-MANIFEST_OR_HASH_RECORD-001,LOC-C12-UA,12,MANIFEST_OR_HASH_RECORD,mlk_poly_bytes_codec_cleanroom/PBCODEC_CV1_BUILD_BINDING_20260729T173459Z/PBCODEC_CV1_BUILD_BINDING_MANIFEST.sha256,experiments/poly-bytes-codec/00-campaign-setup/initial-build-attempt/PBCODEC_CV1_BUILD_BINDING_MANIFEST.sha256,cd65f3dc73ed4e851e3c6be39f0400c925e926b1088625aa7a943cc9906fcab4,cd65f3dc73ed4e851e3c6be39f0400c925e926b1088625aa7a943cc9906fcab4,1,RESOLVED_HASH_MATCH
REP-LOC-C12-UA-MANIFEST_OR_HASH_RECORD-002,LOC-C12-UA,12,MANIFEST_OR_HASH_RECORD,mlk_poly_bytes_codec_cleanroom/PBCODEC_CV1_BUILD_BINDING_20260729T173459Z/PBCODEC_CV1_R1_REPAIRED_MANIFEST.sha256,experiments/poly-bytes-codec/00-campaign-setup/repaired-build-and-binding/PBCODEC_CV1_R1_REPAIRED_MANIFEST.sha256,011eefe321bf986540473ee1eaf9c0164d69e9326dfddbc52e392c8632f5f230,011eefe321bf986540473ee1eaf9c0164d69e9326dfddbc52e392c8632f5f230,1,RESOLVED_HASH_MATCH
REP-LOC-C12-UA-MANIFEST_OR_HASH_RECORD-003,LOC-C12-UA,12,MANIFEST_OR_HASH_RECORD,mlk_poly_bytes_codec_cleanroom/harnesses/SHA256_MANIFEST.txt,supplementary-evidence-reconciliation/consolidated-mlkem-cbmc-verification-harnesses-12-campaigns/poly_tobytes_frombytes_roundtrip_harness_set/SHA256_MANIFEST.txt,9731045a9d38a93c5ff674318bda9f757192f58610d2b670c290a6f506a21c58,9731045a9d38a93c5ff674318bda9f757192f58610d2b670c290a6f506a21c58,29,RESOLVED_HASH_MATCH
REP-LOC-C12-UA-MANIFEST_OR_HASH_RECORD-004,LOC-C12-UA,12,MANIFEST_OR_HASH_RECORD,mlk_poly_bytes_codec_cleanroom/harnesses/SHA256_MANIFEST.txt.self.sha256,supplementary-evidence-reconciliation/consolidated-mlkem-cbmc-verification-harnesses-12-campaigns/poly_tobytes_frombytes_roundtrip_harness_set/SHA256_MANIFEST.txt.self.sha256,76b67ec93db3c237f3d7b8bfcc8538c6542cf06bf9a649da165ef85bd5921dd8,76b67ec93db3c237f3d7b8bfcc8538c6542cf06bf9a649da165ef85bd5921dd8,5,RESOLVED_HASH_MATCH
REP-LOC-C12-UA-MANIFEST_OR_HASH_RECORD-005,LOC-C12-UA,12,MANIFEST_OR_HASH_RECORD,mlk_poly_bytes_codec_cleanroom/PBCODEC_CV1_BUILD_BINDING_20260729T173459Z/06_HARNESS_FREEZE_CANDIDATE/SHA256_MANIFEST.txt,experiments/poly-bytes-codec/campaign-closure/harness-freeze/SHA256_MANIFEST.txt,2086c8560d46aabadd22fdfdb9b376affc893e0620e7633a3e1e15871d70ca45,2086c8560d46aabadd22fdfdb9b376affc893e0620e7633a3e1e15871d70ca45,29,RESOLVED_HASH_MATCH
REP-LOC-C12-UA-MANIFEST_OR_HASH_RECORD-006,LOC-C12-UA,12,MANIFEST_OR_HASH_RECORD,mlk_poly_bytes_codec_cleanroom/PBCODEC_CV1_BUILD_BINDING_20260729T173459Z/06_HARNESS_FREEZE_CANDIDATE/SHA256_MANIFEST.txt.self.sha256,experiments/poly-bytes-codec/campaign-closure/harness-freeze/SHA256_MANIFEST.txt.self.sha256,de449d127d93edbbfe8df877f2933dd2df8213c6f7205a8170f99a4709c90ca8,de449d127d93edbbfe8df877f2933dd2df8213c6f7205a8170f99a4709c90ca8,5,RESOLVED_HASH_MATCH
REP-LOC-C12-UA-MANIFEST_OR_HASH_RECORD-007,LOC-C12-UA,12,MANIFEST_OR_HASH_RECORD,mlk_poly_bytes_codec_cleanroom/PBCODEC_CV1_BUILD_BINDING_20260729T173459Z/07_INTEGRATION_MUTATION_HARDENING/SHA256_MANIFEST.txt,experiments/poly-bytes-codec/V01-bridge-mutation-sensitivity/SHA256_MANIFEST.txt,2f87099aae95f410dd30180e48fc6c2cf536bd22ac1704e891cd5938a03dc24b,2f87099aae95f410dd30180e48fc6c2cf536bd22ac1704e891cd5938a03dc24b,29,RESOLVED_HASH_MATCH
REP-LOC-C12-UA-MANIFEST_OR_HASH_RECORD-008,LOC-C12-UA,12,MANIFEST_OR_HASH_RECORD,mlk_poly_bytes_codec_cleanroom/PBCODEC_CV1_BUILD_BINDING_20260729T173459Z/07_INTEGRATION_MUTATION_HARDENING/SHA256_MANIFEST.txt.self.sha256,experiments/poly-bytes-codec/V01-bridge-mutation-sensitivity/SHA256_MANIFEST.txt.self.sha256,a65e19ca74f4fe430c46f1c283a81845bfc46a0116c4ff172e0f2803a50860dc,a65e19ca74f4fe430c46f1c283a81845bfc46a0116c4ff172e0f2803a50860dc,5,RESOLVED_HASH_MATCH
REP-LOC-C12-UA-COVERAGE_MUTATION_OR_CONTROL-001,LOC-C12-UA,12,COVERAGE_MUTATION_OR_CONTROL,mlk_poly_bytes_codec_cleanroom/PBCODEC_CV1_BUILD_BINDING_20260729T173459Z/07_INTEGRATION_MUTATION_HARDENING/PBCODEC_CV1_MUTATION_HARDENING_SUMMARY.txt,experiments/poly-bytes-codec/V01-bridge-mutation-sensitivity/PBCODEC_CV1_MUTATION_HARDENING_SUMMARY.txt,55a08df4f1132aaa8d3a243743cb2b1c0ce2a36a29b746e74069d36e192f9a45,55a08df4f1132aaa8d3a243743cb2b1c0ce2a36a29b746e74069d36e192f9a45,1,RESOLVED_HASH_MATCH
REP-LOC-C12-UA-COVERAGE_MUTATION_OR_CONTROL-002,LOC-C12-UA,12,COVERAGE_MUTATION_OR_CONTROL,mlk_poly_bytes_codec_cleanroom/PBCODEC_CV1_BUILD_BINDING_20260729T173459Z/07_INTEGRATION_MUTATION_HARDENING/SHA256_MANIFEST.txt,experiments/poly-bytes-codec/V01-bridge-mutation-sensitivity/SHA256_MANIFEST.txt,2f87099aae95f410dd30180e48fc6c2cf536bd22ac1704e891cd5938a03dc24b,2f87099aae95f410dd30180e48fc6c2cf536bd22ac1704e891cd5938a03dc24b,29,RESOLVED_HASH_MATCH
REP-LOC-C12-UA-COVERAGE_MUTATION_OR_CONTROL-003,LOC-C12-UA,12,COVERAGE_MUTATION_OR_CONTROL,mlk_poly_bytes_codec_cleanroom/PBCODEC_CV1_BUILD_BINDING_20260729T173459Z/07_INTEGRATION_MUTATION_HARDENING/SHA256_MANIFEST.txt.self.sha256,experiments/poly-bytes-codec/V01-bridge-mutation-sensitivity/SHA256_MANIFEST.txt.self.sha256,a65e19ca74f4fe430c46f1c283a81845bfc46a0116c4ff172e0f2803a50860dc,a65e19ca74f4fe430c46f1c283a81845bfc46a0116c4ff172e0f2803a50860dc,5,RESOLVED_HASH_MATCH
REP-LOC-C12-UA-COVERAGE_MUTATION_OR_CONTROL-004,LOC-C12-UA,12,COVERAGE_MUTATION_OR_CONTROL,mlk_poly_bytes_codec_cleanroom/PBCODEC_CV1_BUILD_BINDING_20260729T173459Z/07_INTEGRATION_MUTATION_HARDENING/identity/M1_mutation_site.txt,experiments/poly-bytes-codec/V01-bridge-mutation-sensitivity/identity/M1_mutation_site.txt,899f1eb60489f5cc4f841d10d452363fff4503c89ed84327d28f3735148b1a43,899f1eb60489f5cc4f841d10d452363fff4503c89ed84327d28f3735148b1a43,1,RESOLVED_HASH_MATCH
REP-LOC-C12-UA-COVERAGE_MUTATION_OR_CONTROL-005,LOC-C12-UA,12,COVERAGE_MUTATION_OR_CONTROL,mlk_poly_bytes_codec_cleanroom/PBCODEC_CV1_BUILD_BINDING_20260729T173459Z/07_INTEGRATION_MUTATION_HARDENING/identity/M2_mutation_site.txt,experiments/poly-bytes-codec/V01-bridge-mutation-sensitivity/identity/M2_mutation_site.txt,4168f24c8fe3d25c593696fc76358cf09633cec6401c5f40b36f90a20124c6ac,4168f24c8fe3d25c593696fc76358cf09633cec6401c5f40b36f90a20124c6ac,1,RESOLVED_HASH_MATCH
REP-LOC-C12-UA-COVERAGE_MUTATION_OR_CONTROL-006,LOC-C12-UA,12,COVERAGE_MUTATION_OR_CONTROL,mlk_poly_bytes_codec_cleanroom/PBCODEC_CV1_BUILD_BINDING_20260729T173459Z/07_INTEGRATION_MUTATION_HARDENING/identity/MUTATION_ARTIFACTS.sha256,experiments/poly-bytes-codec/V01-bridge-mutation-sensitivity/identity/MUTATION_ARTIFACTS.sha256,cb959d286e5cf56c58e1dfb9a2a701c06e48173585d4d09e5313675df3f831fb,cb959d286e5cf56c58e1dfb9a2a701c06e48173585d4d09e5313675df3f831fb,1,RESOLVED_HASH_MATCH
REP-LOC-C12-UA-COVERAGE_MUTATION_OR_CONTROL-007,LOC-C12-UA,12,COVERAGE_MUTATION_OR_CONTROL,mlk_poly_bytes_codec_cleanroom/PBCODEC_CV1_BUILD_BINDING_20260729T173459Z/08_AUTHORITATIVE_CLOSURE_CANDIDATE/identity/M1_mutation_site.txt,experiments/poly-bytes-codec/V01-bridge-mutation-sensitivity/identity/M1_mutation_site.txt,899f1eb60489f5cc4f841d10d452363fff4503c89ed84327d28f3735148b1a43,899f1eb60489f5cc4f841d10d452363fff4503c89ed84327d28f3735148b1a43,1,RESOLVED_HASH_MATCH
REP-LOC-C12-UA-COVERAGE_MUTATION_OR_CONTROL-008,LOC-C12-UA,12,COVERAGE_MUTATION_OR_CONTROL,mlk_poly_bytes_codec_cleanroom/PBCODEC_CV1_BUILD_BINDING_20260729T173459Z/08_AUTHORITATIVE_CLOSURE_CANDIDATE/identity/M2_mutation_site.txt,experiments/poly-bytes-codec/V01-bridge-mutation-sensitivity/identity/M2_mutation_site.txt,4168f24c8fe3d25c593696fc76358cf09633cec6401c5f40b36f90a20124c6ac,4168f24c8fe3d25c593696fc76358cf09633cec6401c5f40b36f90a20124c6ac,1,RESOLVED_HASH_MATCH
REP-LOC-C13-UA-HARNESS-001,LOC-C13-UA,13,HARNESS,mlk_kem_check_pk_cleanroom/PKCHECK_T1_FINAL_REDESIGN_GATE/pkcheck_01b_actual_body_harness.c,supplementary-evidence-reconciliation/consolidated-mlkem-cbmc-verification-harnesses-12-campaigns/mlk_kem_check_pk_harness_set/PKCHECK_T1_FINAL_REDESIGN_GATE/pkcheck_01b_actual_body_harness.c,3e9d3626bc6272b590869d5870601e3c0ec83d3150c55f1dcad751560a1b7285,3e9d3626bc6272b590869d5870601e3c0ec83d3150c55f1dcad751560a1b7285,4,RESOLVED_HASH_MATCH
REP-LOC-C13-UA-HARNESS-002,LOC-C13-UA,13,HARNESS,mlk_kem_check_pk_cleanroom/PKCHECK_01B_ACTUAL_BODY_ADMISSION_20260730T015957Z/PKCHECK_01C_REPAIR_20260730T021509Z/pkcheck_01b_harness.before.c,supplementary-evidence-reconciliation/consolidated-mlkem-cbmc-verification-harnesses-12-campaigns/mlk_kem_check_pk_harness_set/PKCHECK_01B_ACTUAL_BODY_ADMISSION_20260730T015957Z/PKCHECK_01C_REPAIR_20260730T021509Z/pkcheck_01b_harness.before.c,680a093dce40bba73f6a85e32c2382cda61709eaab47d5de7afcdb36fc740c3b,680a093dce40bba73f6a85e32c2382cda61709eaab47d5de7afcdb36fc740c3b,2,RESOLVED_HASH_MATCH
REP-LOC-C13-UA-HARNESS-003,LOC-C13-UA,13,HARNESS,mlk_kem_check_pk_cleanroom/PKCHECK_T2_00A_SEED_FRAME_20260730T031357Z/PKCHECK_T2_00D_OPTIMIZED_REPAIR_20260730T033838Z/harness.before.c,experiments/kem-check-pk/T02-frame-and-relational-properties/records-and-early-development/PKCHECK_T2_00D_OPTIMIZED_REPAIR_20260730T033838Z/harness.before.c,7d43b426b4e05c5bf629f7e4e599a97d084c9718311e8eda01029f04deb598a8,7d43b426b4e05c5bf629f7e4e599a97d084c9718311e8eda01029f04deb598a8,2,RESOLVED_HASH_MATCH
REP-LOC-C13-UA-HARNESS-004,LOC-C13-UA,13,HARNESS,mlk_kem_check_pk_cleanroom/harnesses/PKCHECK_T1_FINAL_REDESIGN_GATE/pkcheck_01b_actual_body_harness.c,supplementary-evidence-reconciliation/consolidated-mlkem-cbmc-verification-harnesses-12-campaigns/mlk_kem_check_pk_harness_set/PKCHECK_T1_FINAL_REDESIGN_GATE/pkcheck_01b_actual_body_harness.c,3e9d3626bc6272b590869d5870601e3c0ec83d3150c55f1dcad751560a1b7285,3e9d3626bc6272b590869d5870601e3c0ec83d3150c55f1dcad751560a1b7285,4,RESOLVED_HASH_MATCH
REP-LOC-C13-UA-HARNESS-005,LOC-C13-UA,13,HARNESS,mlk_kem_check_pk_cleanroom/harnesses/PKCHECK_01B_ACTUAL_BODY_ADMISSION_20260730T015957Z/PKCHECK_01C_REPAIR_20260730T021509Z/pkcheck_01b_harness.before.c,supplementary-evidence-reconciliation/consolidated-mlkem-cbmc-verification-harnesses-12-campaigns/mlk_kem_check_pk_harness_set/PKCHECK_01B_ACTUAL_BODY_ADMISSION_20260730T015957Z/PKCHECK_01C_REPAIR_20260730T021509Z/pkcheck_01b_harness.before.c,680a093dce40bba73f6a85e32c2382cda61709eaab47d5de7afcdb36fc740c3b,680a093dce40bba73f6a85e32c2382cda61709eaab47d5de7afcdb36fc740c3b,2,RESOLVED_HASH_MATCH
REP-LOC-C13-UA-HARNESS-006,LOC-C13-UA,13,HARNESS,mlk_kem_check_pk_cleanroom/harnesses/PKCHECK_T2_00A_SEED_FRAME_20260730T031357Z/PKCHECK_T2_00D_OPTIMIZED_REPAIR_20260730T033838Z/harness.before.c,experiments/kem-check-pk/T02-frame-and-relational-properties/records-and-early-development/PKCHECK_T2_00D_OPTIMIZED_REPAIR_20260730T033838Z/harness.before.c,7d43b426b4e05c5bf629f7e4e599a97d084c9718311e8eda01029f04deb598a8,7d43b426b4e05c5bf629f7e4e599a97d084c9718311e8eda01029f04deb598a8,2,RESOLVED_HASH_MATCH
REP-LOC-C13-UA-HARNESS-007,LOC-C13-UA,13,HARNESS,mlk_kem_check_pk_cleanroom/PKCHECK_00BC_01A_ADMISSION_20260730T013748Z/mlkem-native_af4c5abd_isolated/proofs/cbmc/barrett_reduce/barrett_reduce_harness.c,supplementary-evidence-reconciliation/consolidated-mlkem-cbmc-verification-harnesses-12-campaigns/mlk_barret_reduce_harness_set/00_upstream_native/barrett_reduce_harness.c,2257c68f1412b9b4a4a66b7bd5c178d87dd0d571ad1a487df4392ce1c84b20dc,2257c68f1412b9b4a4a66b7bd5c178d87dd0d571ad1a487df4392ce1c84b20dc,9,RESOLVED_HASH_MATCH
REP-LOC-C13-UA-HARNESS-008,LOC-C13-UA,13,HARNESS,mlk_kem_check_pk_cleanroom/PKCHECK_00BC_01A_ADMISSION_20260730T013748Z/mlkem-native_af4c5abd_isolated/proofs/cbmc/check_pct/check_pct_harness.c,upstream/mlkem-native/barrett-reduce-af4c5abd-full-source-snapshot/proofs/cbmc/check_pct/check_pct_harness.c,d7f34fafd3a51aaa93985f9b59a9586913f8046a30be78dc2213157856b12e0a,d7f34fafd3a51aaa93985f9b59a9586913f8046a30be78dc2213157856b12e0a,8,RESOLVED_HASH_MATCH
REP-LOC-C13-UA-RAW_RESULT-001,LOC-C13-UA,13,RAW_RESULT,mlk_kem_check_pk_cleanroom/PKCHECK_00BC_01A_ADMISSION_20260730T013748Z/mlkem-native_af4c5abd_isolated/proofs/cbmc/kem_check_pk/logs/result-err-log.txt,experiments/kem-check-pk/00-campaign-setup/native-baseline-proof/raw-evidence/logs/result-err-log.txt,01ba4719c80b6fe911b091a7c05124b64eeece964e09c058ef8f9805daca546b,01ba4719c80b6fe911b091a7c05124b64eeece964e09c058ef8f9805daca546b,26,RESOLVED_HASH_MATCH
REP-LOC-C13-UA-RAW_RESULT-002,LOC-C13-UA,13,RAW_RESULT,mlk_kem_check_pk_cleanroom/PKCHECK_00BC_01A_ADMISSION_20260730T013748Z/mlkem-native_af4c5abd_isolated/proofs/cbmc/kem_check_pk/logs/result.xml,experiments/kem-check-pk/00-campaign-setup/native-baseline-proof/raw-evidence/logs/result.xml,9faf240d1ae205cfb8e72582e0bf8b5ac41f69fca79dab7842d8d3dd61696944,9faf240d1ae205cfb8e72582e0bf8b5ac41f69fca79dab7842d8d3dd61696944,96,RESOLVED_HASH_MATCH
REP-LOC-C13-UA-RAW_RESULT-003,LOC-C13-UA,13,RAW_RESULT,mlk_kem_check_pk_cleanroom/PKCHECK_01B_ACTUAL_BODY_ADMISSION_20260730T015957Z/mlkem-native_af4c5abd_pkcheck01b/proofs/cbmc/pkcheck_01b_actual_body/logs/result-err-log.txt,experiments/kem-check-pk/T01-validation-semantics/records-and-early-development/native-proof-directory/pkcheck-01b-actual-body/logs/result-err-log.txt,974ca06b4cc0fea8e58e19bcf48ca0825fb501d78e09e7f5a9e61f86f3732d25,974ca06b4cc0fea8e58e19bcf48ca0825fb501d78e09e7f5a9e61f86f3732d25,26,RESOLVED_HASH_MATCH
REP-LOC-C13-UA-RAW_RESULT-004,LOC-C13-UA,13,RAW_RESULT,mlk_kem_check_pk_cleanroom/PKCHECK_01B_ACTUAL_BODY_ADMISSION_20260730T015957Z/mlkem-native_af4c5abd_pkcheck01b/proofs/cbmc/pkcheck_01b_actual_body/logs/result.xml,experiments/kem-check-pk/T01-validation-semantics/records-and-early-development/native-proof-directory/pkcheck-01b-actual-body/logs/result.xml,e50c99cd3542517ac34bd4c7eb8e79ea1f9cca2d1339afbc05963c21b94e5d02,e50c99cd3542517ac34bd4c7eb8e79ea1f9cca2d1339afbc05963c21b94e5d02,96,RESOLVED_HASH_MATCH
REP-LOC-C13-UA-MANIFEST_OR_HASH_RECORD-001,LOC-C13-UA,13,MANIFEST_OR_HASH_RECORD,mlk_kem_check_pk_cleanroom/harnesses/HARNESS_MANIFEST.sha256,supplementary-evidence-reconciliation/consolidated-mlkem-cbmc-verification-harnesses-12-campaigns/mlk_kem_check_pk_harness_set/HARNESS_MANIFEST.sha256,2d08d0f09eb1435dacaaed0b84c562266ae145f115d35f882e71b81547a81796,2d08d0f09eb1435dacaaed0b84c562266ae145f115d35f882e71b81547a81796,2,RESOLVED_HASH_MATCH
REP-LOC-C13-UA-MANIFEST_OR_HASH_RECORD-002,LOC-C13-UA,13,MANIFEST_OR_HASH_RECORD,mlk_kem_check_pk_cleanroom/harnesses/FINAL_ACCEPTED_PKCHECK_HARNESSES/SHA256SUMS,supplementary-evidence-reconciliation/consolidated-mlkem-cbmc-verification-harnesses-12-campaigns/mlk_kem_check_pk_harness_set/FINAL_ACCEPTED_PKCHECK_HARNESSES/SHA256SUMS,9a9eb79980dc5965a65090254f2593cacb4f8bf95423cd7083fa55fe4b36ab0b,9a9eb79980dc5965a65090254f2593cacb4f8bf95423cd7083fa55fe4b36ab0b,22,RESOLVED_HASH_MATCH
REP-LOC-C13-UA-COVERAGE_MUTATION_OR_CONTROL-001,LOC-C13-UA,13,COVERAGE_MUTATION_OR_CONTROL,mlk_kem_check_pk_cleanroom/PKCHECK_T1_FINAL_CLOSURE_20260730T054434Z/T1R2/coverage-verdict.txt,experiments/kem-check-pk/T01-validation-semantics/raw-evidence/final-closure-20260730T054434Z/T1R2/coverage-verdict.txt,c73bb8e9dd5c106b207d650392e763ee0249444eca9ebc263489b7a311f03c7e,c73bb8e9dd5c106b207d650392e763ee0249444eca9ebc263489b7a311f03c7e,2,RESOLVED_HASH_MATCH
REP-LOC-C13-UA-COVERAGE_MUTATION_OR_CONTROL-002,LOC-C13-UA,13,COVERAGE_MUTATION_OR_CONTROL,mlk_kem_check_pk_cleanroom/PKCHECK_T1_FINAL_CLOSURE_20260730T054434Z/T1R2/coverage.stderr.txt,experiments/kem-check-pk/T03-prefix-access/raw-evidence/PKCHECK_T3_FINAL_20260730T043735Z/coverage.stderr.txt,e3b0c44298fc1c149afbf4c8996fb92427ae41e4649b934ca495991b7852b855,e3b0c44298fc1c149afbf4c8996fb92427ae41e4649b934ca495991b7852b855,13,RESOLVED_HASH_MATCH
REP-LOC-C13-UA-COVERAGE_MUTATION_OR_CONTROL-003,LOC-C13-UA,13,COVERAGE_MUTATION_OR_CONTROL,mlk_kem_check_pk_cleanroom/PKCHECK_T1_FINAL_CLOSURE_20260730T054434Z/T1R2/coverage.time.txt,experiments/kem-check-pk/T01-validation-semantics/raw-evidence/final-closure-20260730T054434Z/T1R2/coverage.time.txt,afab283b597ceac60635c29becc7e82bfc71a79274bfd31ff92932a62955cb1a,afab283b597ceac60635c29becc7e82bfc71a79274bfd31ff92932a62955cb1a,3,RESOLVED_HASH_MATCH
REP-LOC-C13-UA-COVERAGE_MUTATION_OR_CONTROL-004,LOC-C13-UA,13,COVERAGE_MUTATION_OR_CONTROL,mlk_kem_check_pk_cleanroom/PKCHECK_T1_FINAL_CLOSURE_20260730T054434Z/T1R3/coverage-verdict.txt,experiments/kem-check-pk/T01-validation-semantics/raw-evidence/final-closure-20260730T054434Z/T1R2/coverage-verdict.txt,c73bb8e9dd5c106b207d650392e763ee0249444eca9ebc263489b7a311f03c7e,c73bb8e9dd5c106b207d650392e763ee0249444eca9ebc263489b7a311f03c7e,2,RESOLVED_HASH_MATCH
REP-LOC-C13-UA-COVERAGE_MUTATION_OR_CONTROL-005,LOC-C13-UA,13,COVERAGE_MUTATION_OR_CONTROL,mlk_kem_check_pk_cleanroom/PKCHECK_T1_FINAL_CLOSURE_20260730T054434Z/T1R3/coverage.stderr.txt,experiments/kem-check-pk/T03-prefix-access/raw-evidence/PKCHECK_T3_FINAL_20260730T043735Z/coverage.stderr.txt,e3b0c44298fc1c149afbf4c8996fb92427ae41e4649b934ca495991b7852b855,e3b0c44298fc1c149afbf4c8996fb92427ae41e4649b934ca495991b7852b855,13,RESOLVED_HASH_MATCH
REP-LOC-C13-UA-COVERAGE_MUTATION_OR_CONTROL-006,LOC-C13-UA,13,COVERAGE_MUTATION_OR_CONTROL,mlk_kem_check_pk_cleanroom/PKCHECK_T1_FINAL_CLOSURE_20260730T054434Z/T1R3/coverage.time.txt,experiments/kem-check-pk/T01-validation-semantics/raw-evidence/final-closure-20260730T054434Z/T1R3/coverage.time.txt,fda1be863b0cf2b6ef48d1c37e6ed7d51b873f7236799f5aa506a179c5b572e2,fda1be863b0cf2b6ef48d1c37e6ed7d51b873f7236799f5aa506a179c5b572e2,3,RESOLVED_HASH_MATCH
REP-LOC-C13-UA-COVERAGE_MUTATION_OR_CONTROL-007,LOC-C13-UA,13,COVERAGE_MUTATION_OR_CONTROL,mlk_kem_check_pk_cleanroom/PKCHECK_T2_00A_SEED_FRAME_20260730T031357Z/PKCHECK_T3_FINAL_20260730T043735Z/coverage.stderr.txt,experiments/kem-check-pk/T03-prefix-access/raw-evidence/PKCHECK_T3_FINAL_20260730T043735Z/coverage.stderr.txt,e3b0c44298fc1c149afbf4c8996fb92427ae41e4649b934ca495991b7852b855,e3b0c44298fc1c149afbf4c8996fb92427ae41e4649b934ca495991b7852b855,13,RESOLVED_HASH_MATCH
REP-LOC-C13-UA-COVERAGE_MUTATION_OR_CONTROL-008,LOC-C13-UA,13,COVERAGE_MUTATION_OR_CONTROL,mlk_kem_check_pk_cleanroom/PKCHECK_T2_00A_SEED_FRAME_20260730T031357Z/PKCHECK_T3_FINAL_20260730T043735Z/coverage.time.txt,experiments/kem-check-pk/T03-prefix-access/raw-evidence/PKCHECK_T3_FINAL_20260730T043735Z/coverage.time.txt,da6e3291ab969e0e637c39d92630acdcecbdb62e15027286616466258819d31c,da6e3291ab969e0e637c39d92630acdcecbdb62e15027286616466258819d31c,3,RESOLVED_HASH_MATCH
REP-LOC-C14-UA-HARNESS-001,LOC-C14-UA,14,HARNESS,mlk_montgomery_cleanroom/MONT01A_D1_20260726T135526Z/mont_t1_exact_refinement_harness.POST_PATCH.c,experiments/montgomery-reduce/MONT01-exact-refinement/raw-runs/01-development-repair/MONT01A_D1_20260726T135526Z/mont_t1_exact_refinement_harness.POST_PATCH.c,7fe7a09fce4f0819e615e6a21b463f5829db2989b99136a1e1b9f1871d113036,7fe7a09fce4f0819e615e6a21b463f5829db2989b99136a1e1b9f1871d113036,1,RESOLVED_HASH_MATCH
REP-LOC-C14-UA-HARNESS-002,LOC-C14-UA,14,HARNESS,mlk_montgomery_cleanroom/MONT01A_D1_20260726T135526Z/mont_t1_exact_refinement_harness.PRE_PATCH.c,experiments/montgomery-reduce/MONT01-exact-refinement/raw-runs/01-development-repair/MONT01A_D1_20260726T135526Z/mont_t1_exact_refinement_harness.PRE_PATCH.c,7a48df79e41953bbd694b1d809393d84223c73d13b5ea954a8b3484d8c58c4e9,7a48df79e41953bbd694b1d809393d84223c73d13b5ea954a8b3484d8c58c4e9,1,RESOLVED_HASH_MATCH
REP-LOC-C14-UA-HARNESS-003,LOC-C14-UA,14,HARNESS,mlk_montgomery_cleanroom/MONT01A_D2_20260726T141230Z/mont_t1_exact_refinement_harness.POST_D2.c,experiments/montgomery-reduce/MONT01-exact-refinement/raw-runs/02-authoritative-proof-and-false-control/MONT01A_D2_20260726T141230Z/mont_t1_exact_refinement_harness.POST_D2.c,ba7aa005f34f4cfdead81067223a35b968ed46eca942c350c6ae48bbaa1f341d,ba7aa005f34f4cfdead81067223a35b968ed46eca942c350c6ae48bbaa1f341d,1,RESOLVED_HASH_MATCH
REP-LOC-C14-UA-HARNESS-004,LOC-C14-UA,14,HARNESS,mlk_montgomery_cleanroom/MONT01A_D2_20260726T141230Z/mont_t1_exact_refinement_harness.PRE_D2.c,experiments/montgomery-reduce/MONT01-exact-refinement/raw-runs/02-authoritative-proof-and-false-control/MONT01A_D2_20260726T141230Z/mont_t1_exact_refinement_harness.PRE_D2.c,7fe7a09fce4f0819e615e6a21b463f5829db2989b99136a1e1b9f1871d113036,7fe7a09fce4f0819e615e6a21b463f5829db2989b99136a1e1b9f1871d113036,1,RESOLVED_HASH_MATCH
REP-LOC-C14-UA-HARNESS-005,LOC-C14-UA,14,HARNESS,mlk_montgomery_cleanroom/MONT03B_HARNESS_FREEZE_20260726T222052Z/NATIVE_fqmul_harness.c,experiments/montgomery-reduce/MONT03-normalized-fqmul-algebra/raw-runs/07-frozen-harness-family/MONT03B_HARNESS_FREEZE_20260726T222052Z/NATIVE_fqmul_harness.c,b03b722e44d3b6bf18cb4dd82c5166c074a29ed0f54c9c90eacb8e80f376093a,b03b722e44d3b6bf18cb4dd82c5166c074a29ed0f54c9c90eacb8e80f376093a,1,RESOLVED_HASH_MATCH
REP-LOC-C14-UA-HARNESS-006,LOC-C14-UA,14,HARNESS,mlk_montgomery_cleanroom/MONT04B_T4_HARNESS_FREEZE_20260726T225651Z/NATIVE_poly_tomont_c_harness.c,experiments/montgomery-reduce/MONT04-poly-tomont-roundtrip-locality/raw-runs/01-frozen-harness-family/MONT04B_T4_HARNESS_FREEZE_20260726T225651Z/NATIVE_poly_tomont_c_harness.c,bd44942ac9f5b7e1dd00577c3a4f66466004d84186bfeb12e8ac03eb7bc8e45b,bd44942ac9f5b7e1dd00577c3a4f66466004d84186bfeb12e8ac03eb7bc8e45b,1,RESOLVED_HASH_MATCH
REP-LOC-C14-UA-HARNESS-007,LOC-C14-UA,14,HARNESS,mlk_montgomery_cleanroom/MONT00B_MONT01A_20260726T134739Z/MONT_T1_PROOF_SNAPSHOT/mont_t1_exact_refinement_harness.c,supplementary-evidence-reconciliation/consolidated-mlkem-cbmc-verification-harnesses-12-campaigns/mlk_montgomery_reduce_harness_set/all_campaign_copies/MONT00B_MONT01A_20260726T134739Z/MONT_T1_PROOF_SNAPSHOT/mont_t1_exact_refinement_harness.c,7a48df79e41953bbd694b1d809393d84223c73d13b5ea954a8b3484d8c58c4e9,7a48df79e41953bbd694b1d809393d84223c73d13b5ea954a8b3484d8c58c4e9,16,RESOLVED_HASH_MATCH
REP-LOC-C14-UA-HARNESS-008,LOC-C14-UA,14,HARNESS,mlk_montgomery_cleanroom/MONT01A_D2_20260726T141230Z/MONT_T1_AUTHORITATIVE_SNAPSHOT/mont_t1_exact_refinement_harness.c,supplementary-evidence-reconciliation/consolidated-mlkem-cbmc-verification-harnesses-12-campaigns/mlk_montgomery_reduce_harness_set/canonical/T1/mont_t1_exact_refinement_harness.c,ba7aa005f34f4cfdead81067223a35b968ed46eca942c350c6ae48bbaa1f341d,ba7aa005f34f4cfdead81067223a35b968ed46eca942c350c6ae48bbaa1f341d,16,RESOLVED_HASH_MATCH
REP-LOC-C14-UA-RAW_RESULT-001,LOC-C14-UA,14,RAW_RESULT,mlk_montgomery_cleanroom/MONT00B_MONT01A_20260726T134739Z/MONT_T1_PROOF_SNAPSHOT/logs/result-err-log.txt,experiments/kem-check-pk/00-campaign-setup/native-baseline-proof/raw-evidence/logs/result-err-log.txt,01ba4719c80b6fe911b091a7c05124b64eeece964e09c058ef8f9805daca546b,01ba4719c80b6fe911b091a7c05124b64eeece964e09c058ef8f9805daca546b,26,RESOLVED_HASH_MATCH
REP-LOC-C14-UA-RAW_RESULT-002,LOC-C14-UA,14,RAW_RESULT,mlk_montgomery_cleanroom/MONT00B_MONT01A_20260726T134739Z/MONT_T1_PROOF_SNAPSHOT/logs/result.xml,experiments/montgomery-reduce/MONT01-exact-refinement/raw-runs/00-theorem-freeze-and-initial-proof/MONT00B_MONT01A_20260726T134739Z/MONT_T1_PROOF_SNAPSHOT/logs/result.xml,c1ffbb4c312a2f0d6c516c2d9b4ced640084313bec81c6fb32fe18274a16760f,c1ffbb4c312a2f0d6c516c2d9b4ced640084313bec81c6fb32fe18274a16760f,96,RESOLVED_HASH_MATCH
REP-LOC-C14-UA-RAW_RESULT-003,LOC-C14-UA,14,RAW_RESULT,mlk_montgomery_cleanroom/MONT_WORKTREE_af4c5abd/proofs/cbmc/mont_t1_exact_refinement/logs/result-err-log.txt,experiments/kem-check-pk/00-campaign-setup/native-baseline-proof/raw-evidence/logs/result-err-log.txt,01ba4719c80b6fe911b091a7c05124b64eeece964e09c058ef8f9805daca546b,01ba4719c80b6fe911b091a7c05124b64eeece964e09c058ef8f9805daca546b,26,RESOLVED_HASH_MATCH
REP-LOC-C14-UA-RAW_RESULT-004,LOC-C14-UA,14,RAW_RESULT,mlk_montgomery_cleanroom/MONT_WORKTREE_af4c5abd/proofs/cbmc/mont_t1_exact_refinement/logs/result.xml,experiments/montgomery-reduce/MONT01-exact-refinement/raw-runs/02-authoritative-proof-and-false-control/MONT01A_D2_20260726T141230Z/MONT_T1_AUTHORITATIVE_SNAPSHOT/logs/result.xml,37a0b576d9e7031be318b2439096b3636d975d2b5031d659e77ff60fb040b6d9,37a0b576d9e7031be318b2439096b3636d975d2b5031d659e77ff60fb040b6d9,96,RESOLVED_HASH_MATCH
REP-LOC-C14-UA-RAW_RESULT-005,LOC-C14-UA,14,RAW_RESULT,mlk_montgomery_cleanroom/MONT_WORKTREE_af4c5abd/proofs/cbmc/mont_t1_false_control/logs/result-err-log.txt,experiments/kem-check-pk/00-campaign-setup/native-baseline-proof/raw-evidence/logs/result-err-log.txt,01ba4719c80b6fe911b091a7c05124b64eeece964e09c058ef8f9805daca546b,01ba4719c80b6fe911b091a7c05124b64eeece964e09c058ef8f9805daca546b,26,RESOLVED_HASH_MATCH
REP-LOC-C14-UA-RAW_RESULT-006,LOC-C14-UA,14,RAW_RESULT,mlk_montgomery_cleanroom/MONT_WORKTREE_af4c5abd/proofs/cbmc/mont_t1_false_control/logs/result.xml,experiments/montgomery-reduce/MONT01-exact-refinement/raw-runs/02-authoritative-proof-and-false-control/MONT01A_D2_20260726T141230Z/MONT_T1_FALSE_CONTROL_SNAPSHOT/logs/result.xml,398574016c8c8a88320bd12f82a797a46374f1f38d2ea3c5d7e30d7ef52e9259,398574016c8c8a88320bd12f82a797a46374f1f38d2ea3c5d7e30d7ef52e9259,96,RESOLVED_HASH_MATCH
REP-LOC-C14-UA-RAW_RESULT-007,LOC-C14-UA,14,RAW_RESULT,mlk_montgomery_cleanroom/MONT_WORKTREE_af4c5abd/proofs/cbmc/montgomery_reduce/logs/result-err-log.txt,experiments/kem-check-pk/00-campaign-setup/native-baseline-proof/raw-evidence/logs/result-err-log.txt,01ba4719c80b6fe911b091a7c05124b64eeece964e09c058ef8f9805daca546b,01ba4719c80b6fe911b091a7c05124b64eeece964e09c058ef8f9805daca546b,26,RESOLVED_HASH_MATCH
REP-LOC-C14-UA-RAW_RESULT-008,LOC-C14-UA,14,RAW_RESULT,mlk_montgomery_cleanroom/MONT_WORKTREE_af4c5abd/proofs/cbmc/montgomery_reduce/logs/result.xml,provenance/montgomery-reduce/source-snapshots/base-worktree-af4c5abd/proofs/cbmc/montgomery_reduce/logs/result.xml,84e43ff7bc999f84e219f1a91f877b6faaabdf6e5e719012d46fdee10d684c1e,84e43ff7bc999f84e219f1a91f877b6faaabdf6e5e719012d46fdee10d684c1e,96,RESOLVED_HASH_MATCH
REP-LOC-C14-UA-MANIFEST_OR_HASH_RECORD-001,LOC-C14-UA,14,MANIFEST_OR_HASH_RECORD,mlk_montgomery_cleanroom/MONT00B_MONT01A_20260726T134739Z/MONT00B_MONT01A_FILE_MANIFEST.sha256,experiments/montgomery-reduce/MONT01-exact-refinement/raw-runs/00-theorem-freeze-and-initial-proof/MONT00B_MONT01A_20260726T134739Z/MONT00B_MONT01A_FILE_MANIFEST.sha256,b5ddd39d8ca92daefc6942ac5ff921b45abe1f8e9c422d150215ecae2bb17b7b,b5ddd39d8ca92daefc6942ac5ff921b45abe1f8e9c422d150215ecae2bb17b7b,1,RESOLVED_HASH_MATCH
REP-LOC-C14-UA-MANIFEST_OR_HASH_RECORD-002,LOC-C14-UA,14,MANIFEST_OR_HASH_RECORD,mlk_montgomery_cleanroom/MONT01A_D1_20260726T135526Z/MONT01A_D1_FILE_MANIFEST.sha256,experiments/montgomery-reduce/MONT01-exact-refinement/raw-runs/01-development-repair/MONT01A_D1_20260726T135526Z/MONT01A_D1_FILE_MANIFEST.sha256,c15cc14fdd142d6713cd61ffe480403a72f992f36cca218aa575b42b6f800beb,c15cc14fdd142d6713cd61ffe480403a72f992f36cca218aa575b42b6f800beb,1,RESOLVED_HASH_MATCH
REP-LOC-C14-UA-MANIFEST_OR_HASH_RECORD-003,LOC-C14-UA,14,MANIFEST_OR_HASH_RECORD,mlk_montgomery_cleanroom/MONT01A_D2_20260726T141230Z/MONT01A_D2_FILE_MANIFEST.sha256,experiments/montgomery-reduce/MONT01-exact-refinement/raw-runs/02-authoritative-proof-and-false-control/MONT01A_D2_20260726T141230Z/MONT01A_D2_FILE_MANIFEST.sha256,ea7d0f717b21481e2d0e3dfe8c0018c44e3ed4acec06f5d7ebc03779259fccc4,ea7d0f717b21481e2d0e3dfe8c0018c44e3ed4acec06f5d7ebc03779259fccc4,1,RESOLVED_HASH_MATCH
REP-LOC-C14-UA-MANIFEST_OR_HASH_RECORD-004,LOC-C14-UA,14,MANIFEST_OR_HASH_RECORD,mlk_montgomery_cleanroom/MONT01B_MUTATION_PACKAGE_20260726T143223Z/MONT01B_FILE_MANIFEST.sha256,experiments/montgomery-reduce/MONT01-exact-refinement/raw-runs/03-mutation-sensitivity/00-initial-package/MONT01B_MUTATION_PACKAGE_20260726T143223Z/MONT01B_FILE_MANIFEST.sha256,798bfb37b3b161b3db76c0e479e7b292d1663885d346a29b993c51c58db0d6b4,798bfb37b3b161b3db76c0e479e7b292d1663885d346a29b993c51c58db0d6b4,1,RESOLVED_HASH_MATCH
REP-LOC-C14-UA-MANIFEST_OR_HASH_RECORD-005,LOC-C14-UA,14,MANIFEST_OR_HASH_RECORD,mlk_montgomery_cleanroom/MONT01B_R1_M2_M3_20260726T144730Z/MONT01B_R1_FILE_MANIFEST.sha256,experiments/montgomery-reduce/MONT01-exact-refinement/raw-runs/03-mutation-sensitivity/01-retry-m3-partial/MONT01B_R1_M2_M3_20260726T144730Z/MONT01B_R1_FILE_MANIFEST.sha256,0d86d980122e38bf1dbcab1a59b70d9209c3521a623caca62221edd15cea9826,0d86d980122e38bf1dbcab1a59b70d9209c3521a623caca62221edd15cea9826,4,RESOLVED_HASH_MATCH
REP-LOC-C14-UA-MANIFEST_OR_HASH_RECORD-006,LOC-C14-UA,14,MANIFEST_OR_HASH_RECORD,mlk_montgomery_cleanroom/MONT01B_R1_M2_M3_20260726T150200Z/MONT01B_R1_FILE_MANIFEST.sha256,experiments/montgomery-reduce/MONT01-exact-refinement/raw-runs/03-mutation-sensitivity/02-retry-m3-partial/MONT01B_R1_M2_M3_20260726T150200Z/MONT01B_R1_FILE_MANIFEST.sha256,1403dcbb21cbac03cb0dc390eab86b30292ad156e085c1834d4b2f0d66032a55,1403dcbb21cbac03cb0dc390eab86b30292ad156e085c1834d4b2f0d66032a55,4,RESOLVED_HASH_MATCH
REP-LOC-C14-UA-MANIFEST_OR_HASH_RECORD-007,LOC-C14-UA,14,MANIFEST_OR_HASH_RECORD,mlk_montgomery_cleanroom/MONT01B_R1_M2_M3_20260726T150507Z/MONT01B_R1_FILE_MANIFEST.sha256,experiments/montgomery-reduce/MONT01-exact-refinement/raw-runs/03-mutation-sensitivity/03-retry-m2-partial/MONT01B_R1_M2_M3_20260726T150507Z/MONT01B_R1_FILE_MANIFEST.sha256,60c543e4ec5b6829cd6e62be12e198bd24fa44a7b030a2aec3d1abfcf07746c2,60c543e4ec5b6829cd6e62be12e198bd24fa44a7b030a2aec3d1abfcf07746c2,4,RESOLVED_HASH_MATCH
REP-LOC-C14-UA-MANIFEST_OR_HASH_RECORD-008,LOC-C14-UA,14,MANIFEST_OR_HASH_RECORD,mlk_montgomery_cleanroom/MONT01B_R1_M2_M3_20260726T151104Z/MONT01B_R1_FILE_MANIFEST.sha256,experiments/montgomery-reduce/MONT01-exact-refinement/raw-runs/03-mutation-sensitivity/04-complete-three-mutant-run/MONT01B_R1_M2_M3_20260726T151104Z/MONT01B_R1_FILE_MANIFEST.sha256,3d58ce57e594a1fcfd80763d80cd02b0be38b6161c6fbfa3fb3a1965f3fbf745,3d58ce57e594a1fcfd80763d80cd02b0be38b6161c6fbfa3fb3a1965f3fbf745,4,RESOLVED_HASH_MATCH
REP-LOC-C14-UA-COVERAGE_MUTATION_OR_CONTROL-001,LOC-C14-UA,14,COVERAGE_MUTATION_OR_CONTROL,mlk_montgomery_cleanroom/MONT01B_MUTATION_PACKAGE_20260726T143223Z/BOUND_MONT01A_D2_CAPTURE.txt,experiments/montgomery-reduce/MONT01-exact-refinement/raw-runs/03-mutation-sensitivity/00-initial-package/MONT01B_MUTATION_PACKAGE_20260726T143223Z/BOUND_MONT01A_D2_CAPTURE.txt,d4949dd1b654bd5c1c3b3e3b525a83afc20d7510958f0c6776da5825c01f2460,d4949dd1b654bd5c1c3b3e3b525a83afc20d7510958f0c6776da5825c01f2460,1,RESOLVED_HASH_MATCH
REP-LOC-C14-UA-COVERAGE_MUTATION_OR_CONTROL-002,LOC-C14-UA,14,COVERAGE_MUTATION_OR_CONTROL,mlk_montgomery_cleanroom/MONT01B_MUTATION_PACKAGE_20260726T143223Z/MONT01B_FILE_MANIFEST.sha256,experiments/montgomery-reduce/MONT01-exact-refinement/raw-runs/03-mutation-sensitivity/00-initial-package/MONT01B_MUTATION_PACKAGE_20260726T143223Z/MONT01B_FILE_MANIFEST.sha256,798bfb37b3b161b3db76c0e479e7b292d1663885d346a29b993c51c58db0d6b4,798bfb37b3b161b3db76c0e479e7b292d1663885d346a29b993c51c58db0d6b4,1,RESOLVED_HASH_MATCH
REP-LOC-C14-UA-COVERAGE_MUTATION_OR_CONTROL-003,LOC-C14-UA,14,COVERAGE_MUTATION_OR_CONTROL,mlk_montgomery_cleanroom/MONT01B_MUTATION_PACKAGE_20260726T143223Z/MONT01B_FINAL_VERDICT.txt,experiments/montgomery-reduce/MONT01-exact-refinement/raw-runs/03-mutation-sensitivity/00-initial-package/MONT01B_MUTATION_PACKAGE_20260726T143223Z/MONT01B_FINAL_VERDICT.txt,b8671ab1963c648aa8ecbe2b863d6577724ff9c89fa47094db0cbc835be1aa0b,b8671ab1963c648aa8ecbe2b863d6577724ff9c89fa47094db0cbc835be1aa0b,1,RESOLVED_HASH_MATCH
REP-LOC-C14-UA-COVERAGE_MUTATION_OR_CONTROL-004,LOC-C14-UA,14,COVERAGE_MUTATION_OR_CONTROL,mlk_montgomery_cleanroom/MONT01B_MUTATION_PACKAGE_20260726T143223Z/MONT01B_MUTATION_REGISTRY.md,experiments/montgomery-reduce/MONT01-exact-refinement/raw-runs/03-mutation-sensitivity/00-initial-package/MONT01B_MUTATION_PACKAGE_20260726T143223Z/MONT01B_MUTATION_REGISTRY.md,b2903903f86ce058f60530dc41b93295cd26ad288e52de0e6a395ca78174891a,b2903903f86ce058f60530dc41b93295cd26ad288e52de0e6a395ca78174891a,1,RESOLVED_HASH_MATCH
REP-LOC-C14-UA-COVERAGE_MUTATION_OR_CONTROL-005,LOC-C14-UA,14,COVERAGE_MUTATION_OR_CONTROL,mlk_montgomery_cleanroom/MONT01B_MUTATION_PACKAGE_20260726T143223Z/MONT01B_TERMINAL_CAPTURE_20260726T143223Z.txt,experiments/montgomery-reduce/MONT01-exact-refinement/raw-runs/03-mutation-sensitivity/00-initial-package/MONT01B_MUTATION_PACKAGE_20260726T143223Z/MONT01B_TERMINAL_CAPTURE_20260726T143223Z.txt,a3015a57a9a00bd2d23a376d90f5f6915bbe6f540619678b78c2de813f66cc8f,a3015a57a9a00bd2d23a376d90f5f6915bbe6f540619678b78c2de813f66cc8f,1,RESOLVED_HASH_MATCH
REP-LOC-C14-UA-COVERAGE_MUTATION_OR_CONTROL-006,LOC-C14-UA,14,COVERAGE_MUTATION_OR_CONTROL,mlk_montgomery_cleanroom/MONT01B_MUTATION_PACKAGE_20260726T143223Z/MONT01B_TERMINAL_CAPTURE_20260726T143223Z.txt.sha256,experiments/montgomery-reduce/MONT01-exact-refinement/raw-runs/03-mutation-sensitivity/00-initial-package/MONT01B_MUTATION_PACKAGE_20260726T143223Z/MONT01B_TERMINAL_CAPTURE_20260726T143223Z.txt.sha256,b0957e8e6ed1c3da95aacea2701154276b51535a5b7406b0ab952846e1f6a2ef,b0957e8e6ed1c3da95aacea2701154276b51535a5b7406b0ab952846e1f6a2ef,1,RESOLVED_HASH_MATCH
REP-LOC-C14-UA-COVERAGE_MUTATION_OR_CONTROL-007,LOC-C14-UA,14,COVERAGE_MUTATION_OR_CONTROL,mlk_montgomery_cleanroom/MONT03D_SEQUENTIAL_FUNCTIONAL_RECOVERY_20260727T000733Z/MONT03D_TERMINAL_CAPTURE_20260727T000733Z.txt,experiments/montgomery-reduce/MONT03-normalized-fqmul-algebra/raw-runs/11-sequential-functional-recovery/MONT03D_SEQUENTIAL_FUNCTIONAL_RECOVERY_20260727T000733Z/MONT03D_TERMINAL_CAPTURE_20260727T000733Z.txt,d0fcc1c7fcaadf4412a348d446f6992076957e9fdc3cd8db318b4ae3e84ec56d,d0fcc1c7fcaadf4412a348d446f6992076957e9fdc3cd8db318b4ae3e84ec56d,1,RESOLVED_HASH_MATCH
REP-LOC-C14-UA-COVERAGE_MUTATION_OR_CONTROL-008,LOC-C14-UA,14,COVERAGE_MUTATION_OR_CONTROL,mlk_montgomery_cleanroom/MONT03D_SEQUENTIAL_FUNCTIONAL_RECOVERY_20260727T000733Z/MONT03D_TERMINAL_CAPTURE_20260727T000733Z.txt.sha256,experiments/montgomery-reduce/MONT03-normalized-fqmul-algebra/raw-runs/11-sequential-functional-recovery/MONT03D_SEQUENTIAL_FUNCTIONAL_RECOVERY_20260727T000733Z/MONT03D_TERMINAL_CAPTURE_20260727T000733Z.txt.sha256,d0fecf4900c11fcb913358da857460ae565bffc178d35edadfc2d133a4126024,d0fecf4900c11fcb913358da857460ae565bffc178d35edadfc2d133a4126024,1,RESOLVED_HASH_MATCH
REP-LOC-SA-ADD-HARNESS-001,LOC-SA-ADD,SA-ADD,HARNESS,MLK_POLY_ADD_SKILL ASSISTED/harnesses/sa_add_t1_translation_invariance_harness.c,experiments/Skill-Assisted-codex-flows/MLK_POLY_ADD_SKILL ASSISTED/harnesses/sa_add_t1_translation_invariance_harness.c,ba36c5291a24a20fd490009275925aff6791d2505b11db146aa566b8284d9db0,ba36c5291a24a20fd490009275925aff6791d2505b11db146aa566b8284d9db0,1,RESOLVED_HASH_MATCH
REP-LOC-SA-ADD-HARNESS-002,LOC-SA-ADD,SA-ADD,HARNESS,MLK_POLY_ADD_SKILL ASSISTED/harnesses/sa_add_t2_disjoint_support_decomposition_harness.c,experiments/Skill-Assisted-codex-flows/MLK_POLY_ADD_SKILL ASSISTED/harnesses/sa_add_t2_disjoint_support_decomposition_harness.c,ca7c64f076c503e9bc1e64804e635a057857c337cb4eeae561c31f43cf7bdb29,ca7c64f076c503e9bc1e64804e635a057857c337cb4eeae561c31f43cf7bdb29,1,RESOLVED_HASH_MATCH
REP-LOC-SA-ADD-HARNESS-003,LOC-SA-ADD,SA-ADD,HARNESS,MLK_POLY_ADD_SKILL ASSISTED/evidence/run_1/SA_ADD_T1/harness.c,experiments/Skill-Assisted-codex-flows/MLK_POLY_ADD_SKILL ASSISTED/evidence/run_1/SA_ADD_T1/harness.c,ba36c5291a24a20fd490009275925aff6791d2505b11db146aa566b8284d9db0,ba36c5291a24a20fd490009275925aff6791d2505b11db146aa566b8284d9db0,1,RESOLVED_HASH_MATCH
REP-LOC-SA-ADD-HARNESS-004,LOC-SA-ADD,SA-ADD,HARNESS,MLK_POLY_ADD_SKILL ASSISTED/evidence/run_1/SA_ADD_T2/harness.c,experiments/Skill-Assisted-codex-flows/MLK_POLY_ADD_SKILL ASSISTED/evidence/run_1/SA_ADD_T2/harness.c,ca7c64f076c503e9bc1e64804e635a057857c337cb4eeae561c31f43cf7bdb29,ca7c64f076c503e9bc1e64804e635a057857c337cb4eeae561c31f43cf7bdb29,1,RESOLVED_HASH_MATCH
REP-LOC-SA-ADD-COMMAND_OR_RUNNER-001,LOC-SA-ADD,SA-ADD,COMMAND_OR_RUNNER,MLK_POLY_ADD_SKILL ASSISTED/runner/run_skill_assisted_campaign.sh,experiments/Skill-Assisted-codex-flows/MLK_POLY_ADD_SKILL ASSISTED/runner/run_skill_assisted_campaign.sh,a550c9be7548510b11359b57a162debc0020fb3118afabd7eb25b3b9846e7617,a550c9be7548510b11359b57a162debc0020fb3118afabd7eb25b3b9846e7617,1,RESOLVED_HASH_MATCH
REP-LOC-SA-ADD-COMMAND_OR_RUNNER-002,LOC-SA-ADD,SA-ADD,COMMAND_OR_RUNNER,MLK_POLY_ADD_SKILL ASSISTED/runner/run_skill_assisted_campaign_fast_fixed.sh,experiments/Skill-Assisted-codex-flows/MLK_POLY_ADD_SKILL ASSISTED/runner/run_skill_assisted_campaign_fast_fixed.sh,a550c9be7548510b11359b57a162debc0020fb3118afabd7eb25b3b9846e7617,a550c9be7548510b11359b57a162debc0020fb3118afabd7eb25b3b9846e7617,1,RESOLVED_HASH_MATCH
REP-LOC-SA-ADD-COMMAND_OR_RUNNER-003,LOC-SA-ADD,SA-ADD,COMMAND_OR_RUNNER,MLK_POLY_ADD_SKILL ASSISTED/evidence/run_1/SA_ADD_T1/build_command.txt,experiments/Skill-Assisted-codex-flows/MLK_POLY_ADD_SKILL ASSISTED/evidence/run_1/SA_ADD_T1/build_command.txt,97bb657897744b37b722590e811cb50ef313cd070dde9b7f3304cf8364122422,97bb657897744b37b722590e811cb50ef313cd070dde9b7f3304cf8364122422,1,RESOLVED_HASH_MATCH
REP-LOC-SA-ADD-COMMAND_OR_RUNNER-004,LOC-SA-ADD,SA-ADD,COMMAND_OR_RUNNER,MLK_POLY_ADD_SKILL ASSISTED/evidence/run_1/SA_ADD_T1/cover_command.txt,experiments/Skill-Assisted-codex-flows/MLK_POLY_ADD_SKILL ASSISTED/evidence/run_1/SA_ADD_T1/cover_command.txt,7bb1e085e080ce94e2961b8f5dc53fa2fbc9e4fb294fb3f0a0078442a9a1f093,7bb1e085e080ce94e2961b8f5dc53fa2fbc9e4fb294fb3f0a0078442a9a1f093,1,RESOLVED_HASH_MATCH
REP-LOC-SA-ADD-COMMAND_OR_RUNNER-005,LOC-SA-ADD,SA-ADD,COMMAND_OR_RUNNER,MLK_POLY_ADD_SKILL ASSISTED/evidence/run_1/SA_ADD_T1/proof_command.txt,experiments/Skill-Assisted-codex-flows/MLK_POLY_ADD_SKILL ASSISTED/evidence/run_1/SA_ADD_T1/proof_command.txt,2ebbcdcf47606d9bfe577f287b3e2ca2fdc3bc660de6c0acde60a4d188e3fadd,2ebbcdcf47606d9bfe577f287b3e2ca2fdc3bc660de6c0acde60a4d188e3fadd,1,RESOLVED_HASH_MATCH
REP-LOC-SA-ADD-COMMAND_OR_RUNNER-006,LOC-SA-ADD,SA-ADD,COMMAND_OR_RUNNER,MLK_POLY_ADD_SKILL ASSISTED/evidence/run_1/SA_ADD_T2/build_command.txt,experiments/Skill-Assisted-codex-flows/MLK_POLY_ADD_SKILL ASSISTED/evidence/run_1/SA_ADD_T2/build_command.txt,202b6f2eb7f6299aabfd2c928bd7060f9524412d6b72e2abb6f0544911199b18,202b6f2eb7f6299aabfd2c928bd7060f9524412d6b72e2abb6f0544911199b18,1,RESOLVED_HASH_MATCH
REP-LOC-SA-ADD-COMMAND_OR_RUNNER-007,LOC-SA-ADD,SA-ADD,COMMAND_OR_RUNNER,MLK_POLY_ADD_SKILL ASSISTED/evidence/run_1/SA_ADD_T2/cover_command.txt,experiments/Skill-Assisted-codex-flows/MLK_POLY_ADD_SKILL ASSISTED/evidence/run_1/SA_ADD_T2/cover_command.txt,9540ee9b88f0ebc4f358be645a1b9f58f12e574a62b1f5b6a347c9e31b581e46,9540ee9b88f0ebc4f358be645a1b9f58f12e574a62b1f5b6a347c9e31b581e46,1,RESOLVED_HASH_MATCH
REP-LOC-SA-ADD-COMMAND_OR_RUNNER-008,LOC-SA-ADD,SA-ADD,COMMAND_OR_RUNNER,MLK_POLY_ADD_SKILL ASSISTED/evidence/run_1/SA_ADD_T2/proof_command.txt,experiments/Skill-Assisted-codex-flows/MLK_POLY_ADD_SKILL ASSISTED/evidence/run_1/SA_ADD_T2/proof_command.txt,40edf004f9c8c1b1ac8e9ca0492bd30e09a47fcfb88e49374cfe48b94dbe09af,40edf004f9c8c1b1ac8e9ca0492bd30e09a47fcfb88e49374cfe48b94dbe09af,1,RESOLVED_HASH_MATCH
REP-LOC-SA-ADD-MANIFEST_OR_HASH_RECORD-001,LOC-SA-ADD,SA-ADD,MANIFEST_OR_HASH_RECORD,MLK_POLY_ADD_SKILL ASSISTED/FINAL_PACKAGE_FILE_MANIFEST.sha256,experiments/Skill-Assisted-codex-flows/MLK_POLY_ADD_SKILL ASSISTED/FINAL_PACKAGE_FILE_MANIFEST.sha256,aa7051bf93917a18ffd5f387d2dc94c08ee59ec4bd6218aa3feb99cfe9c5b63a,aa7051bf93917a18ffd5f387d2dc94c08ee59ec4bd6218aa3feb99cfe9c5b63a,1,RESOLVED_HASH_MATCH
REP-LOC-SA-ADD-MANIFEST_OR_HASH_RECORD-002,LOC-SA-ADD,SA-ADD,MANIFEST_OR_HASH_RECORD,MLK_POLY_ADD_SKILL ASSISTED/manifests/MANIFEST.sha256,experiments/Skill-Assisted-codex-flows/MLK_POLY_ADD_SKILL ASSISTED/manifests/MANIFEST.sha256,aa7051bf93917a18ffd5f387d2dc94c08ee59ec4bd6218aa3feb99cfe9c5b63a,aa7051bf93917a18ffd5f387d2dc94c08ee59ec4bd6218aa3feb99cfe9c5b63a,1,RESOLVED_HASH_MATCH
REP-LOC-SA-ADD-MANIFEST_OR_HASH_RECORD-003,LOC-SA-ADD,SA-ADD,MANIFEST_OR_HASH_RECORD,MLK_POLY_ADD_SKILL ASSISTED/evidence/run_1/RUN_MANIFEST.sha256,experiments/Skill-Assisted-codex-flows/MLK_POLY_ADD_SKILL ASSISTED/evidence/run_1/RUN_MANIFEST.sha256,2bde36ee16a8a220a8083c48a6c9bec09d6d6487ea5b8d74b1f2bc4b7ef84a30,2bde36ee16a8a220a8083c48a6c9bec09d6d6487ea5b8d74b1f2bc4b7ef84a30,1,RESOLVED_HASH_MATCH
REP-LOC-SA-ADD-MANIFEST_OR_HASH_RECORD-004,LOC-SA-ADD,SA-ADD,MANIFEST_OR_HASH_RECORD,MLK_POLY_ADD_SKILL ASSISTED/evidence/run_1/package_manifest_before_run.sha256,experiments/Skill-Assisted-codex-flows/MLK_POLY_ADD_SKILL ASSISTED/evidence/run_1/package_manifest_before_run.sha256,a580a28bdc586664cccfc02706eb8642e27f56909cedbe236f28e8415b6a05f1,a580a28bdc586664cccfc02706eb8642e27f56909cedbe236f28e8415b6a05f1,1,RESOLVED_HASH_MATCH
REP-LOC-SA-ADD-COVERAGE_MUTATION_OR_CONTROL-001,LOC-SA-ADD,SA-ADD,COVERAGE_MUTATION_OR_CONTROL,MLK_POLY_ADD_SKILL ASSISTED/evidence/run_1/SA_ADD_T1/cover.json,experiments/Skill-Assisted-codex-flows/MLK_POLY_ADD_SKILL ASSISTED/evidence/run_1/SA_ADD_T1/cover.json,ee71a00daf896b0b81ba19b4223deb30bedbf9a8b64e99d405a6f82734221b93,ee71a00daf896b0b81ba19b4223deb30bedbf9a8b64e99d405a6f82734221b93,1,RESOLVED_HASH_MATCH
REP-LOC-SA-ADD-COVERAGE_MUTATION_OR_CONTROL-002,LOC-SA-ADD,SA-ADD,COVERAGE_MUTATION_OR_CONTROL,MLK_POLY_ADD_SKILL ASSISTED/evidence/run_1/SA_ADD_T1/cover_command.txt,experiments/Skill-Assisted-codex-flows/MLK_POLY_ADD_SKILL ASSISTED/evidence/run_1/SA_ADD_T1/cover_command.txt,7bb1e085e080ce94e2961b8f5dc53fa2fbc9e4fb294fb3f0a0078442a9a1f093,7bb1e085e080ce94e2961b8f5dc53fa2fbc9e4fb294fb3f0a0078442a9a1f093,1,RESOLVED_HASH_MATCH
REP-LOC-SA-ADD-COVERAGE_MUTATION_OR_CONTROL-003,LOC-SA-ADD,SA-ADD,COVERAGE_MUTATION_OR_CONTROL,MLK_POLY_ADD_SKILL ASSISTED/evidence/run_1/SA_ADD_T1/cover_exit_code.txt,experiments/Skill-Assisted-codex-flows/MLK_POLY_ADD_SKILL ASSISTED/evidence/run_1/SA_ADD_T1/cover_exit_code.txt,9a271f2a916b0b6ee6cecb2426f0b3206ef074578be55d9bc94f6f3fe3ab86aa,9a271f2a916b0b6ee6cecb2426f0b3206ef074578be55d9bc94f6f3fe3ab86aa,1,RESOLVED_HASH_MATCH
REP-LOC-SA-ADD-COVERAGE_MUTATION_OR_CONTROL-004,LOC-SA-ADD,SA-ADD,COVERAGE_MUTATION_OR_CONTROL,MLK_POLY_ADD_SKILL ASSISTED/evidence/run_1/SA_ADD_T2/cover.json,experiments/Skill-Assisted-codex-flows/MLK_POLY_ADD_SKILL ASSISTED/evidence/run_1/SA_ADD_T2/cover.json,5a048a8de3a672d39b10801e3f0af50e98b9a9104d9b4d6756a58c479d2bde84,5a048a8de3a672d39b10801e3f0af50e98b9a9104d9b4d6756a58c479d2bde84,1,RESOLVED_HASH_MATCH
REP-LOC-SA-ADD-COVERAGE_MUTATION_OR_CONTROL-005,LOC-SA-ADD,SA-ADD,COVERAGE_MUTATION_OR_CONTROL,MLK_POLY_ADD_SKILL ASSISTED/evidence/run_1/SA_ADD_T2/cover_command.txt,experiments/Skill-Assisted-codex-flows/MLK_POLY_ADD_SKILL ASSISTED/evidence/run_1/SA_ADD_T2/cover_command.txt,9540ee9b88f0ebc4f358be645a1b9f58f12e574a62b1f5b6a347c9e31b581e46,9540ee9b88f0ebc4f358be645a1b9f58f12e574a62b1f5b6a347c9e31b581e46,1,RESOLVED_HASH_MATCH
REP-LOC-SA-ADD-COVERAGE_MUTATION_OR_CONTROL-006,LOC-SA-ADD,SA-ADD,COVERAGE_MUTATION_OR_CONTROL,MLK_POLY_ADD_SKILL ASSISTED/evidence/run_1/SA_ADD_T2/cover_exit_code.txt,experiments/Skill-Assisted-codex-flows/MLK_POLY_ADD_SKILL ASSISTED/evidence/run_1/SA_ADD_T2/cover_exit_code.txt,9a271f2a916b0b6ee6cecb2426f0b3206ef074578be55d9bc94f6f3fe3ab86aa,9a271f2a916b0b6ee6cecb2426f0b3206ef074578be55d9bc94f6f3fe3ab86aa,1,RESOLVED_HASH_MATCH
REP-LOC-SA-SUB-HARNESS-001,LOC-SA-SUB,SA-SUB,HARNESS,MLK_POLY_SUB_SKILL_ASSISTED_RECOVERED_VALIDATED_RUN1/harnesses/sa_sub_t1_common_minuend_difference_reversal_harness.c,experiments/Skill-Assisted-codex-flows/MLK_POLY_SUB_SKILL_ASSISTED_RECOVERED_VALIDATED_RUN1/harnesses/sa_sub_t1_common_minuend_difference_reversal_harness.c,b950e5030c805e3a1f1cc4f9c223e10996263b7720783b564d45415528cb7c67,b950e5030c805e3a1f1cc4f9c223e10996263b7720783b564d45415528cb7c67,1,RESOLVED_HASH_MATCH
REP-LOC-SA-SUB-HARNESS-002,LOC-SA-SUB,SA-SUB,HARNESS,MLK_POLY_SUB_SKILL_ASSISTED_RECOVERED_VALIDATED_RUN1/harnesses/sa_sub_t2_sequential_subtrahend_aggregation_harness.c,experiments/Skill-Assisted-codex-flows/MLK_POLY_SUB_SKILL_ASSISTED_RECOVERED_VALIDATED_RUN1/harnesses/sa_sub_t2_sequential_subtrahend_aggregation_harness.c,b9dfe1c794f0a13a835b229f6fa7b1f00f295f16d35ac61a759b98910fe048cb,b9dfe1c794f0a13a835b229f6fa7b1f00f295f16d35ac61a759b98910fe048cb,1,RESOLVED_HASH_MATCH
REP-LOC-SA-SUB-HARNESS-003,LOC-SA-SUB,SA-SUB,HARNESS,MLK_POLY_SUB_SKILL_ASSISTED_RECOVERED_VALIDATED_RUN1/evidence/run_1/SA_SUB_T1/harness.c,experiments/Skill-Assisted-codex-flows/MLK_POLY_SUB_SKILL_ASSISTED_RECOVERED_VALIDATED_RUN1/evidence/run_1/SA_SUB_T1/harness.c,b950e5030c805e3a1f1cc4f9c223e10996263b7720783b564d45415528cb7c67,b950e5030c805e3a1f1cc4f9c223e10996263b7720783b564d45415528cb7c67,1,RESOLVED_HASH_MATCH
REP-LOC-SA-SUB-HARNESS-004,LOC-SA-SUB,SA-SUB,HARNESS,MLK_POLY_SUB_SKILL_ASSISTED_RECOVERED_VALIDATED_RUN1/evidence/run_1/SA_SUB_T2/harness.c,experiments/Skill-Assisted-codex-flows/MLK_POLY_SUB_SKILL_ASSISTED_RECOVERED_VALIDATED_RUN1/evidence/run_1/SA_SUB_T2/harness.c,b9dfe1c794f0a13a835b229f6fa7b1f00f295f16d35ac61a759b98910fe048cb,b9dfe1c794f0a13a835b229f6fa7b1f00f295f16d35ac61a759b98910fe048cb,1,RESOLVED_HASH_MATCH
REP-LOC-SA-SUB-COMMAND_OR_RUNNER-001,LOC-SA-SUB,SA-SUB,COMMAND_OR_RUNNER,MLK_POLY_SUB_SKILL_ASSISTED_RECOVERED_VALIDATED_RUN1/commands/CBMC_COMMANDS.md,experiments/Skill-Assisted-codex-flows/MLK_POLY_SUB_SKILL_ASSISTED_RECOVERED_VALIDATED_RUN1/commands/CBMC_COMMANDS.md,83f284278be18ded4cde6b47fee79d2eebfa6a610955636a22da6046a2336d9c,83f284278be18ded4cde6b47fee79d2eebfa6a610955636a22da6046a2336d9c,1,RESOLVED_HASH_MATCH
REP-LOC-SA-SUB-COMMAND_OR_RUNNER-002,LOC-SA-SUB,SA-SUB,COMMAND_OR_RUNNER,MLK_POLY_SUB_SKILL_ASSISTED_RECOVERED_VALIDATED_RUN1/runner/run_sa_sub_t2_only_sound_fast.sh,experiments/Skill-Assisted-codex-flows/MLK_POLY_SUB_SKILL_ASSISTED_RECOVERED_VALIDATED_RUN1/runner/run_sa_sub_t2_only_sound_fast.sh,e9fb20c192be2cbdf0c974bc2bcbcfe9fd4b54aab5e7c200ab3c9407813e6214,e9fb20c192be2cbdf0c974bc2bcbcfe9fd4b54aab5e7c200ab3c9407813e6214,1,RESOLVED_HASH_MATCH
REP-LOC-SA-SUB-COMMAND_OR_RUNNER-003,LOC-SA-SUB,SA-SUB,COMMAND_OR_RUNNER,MLK_POLY_SUB_SKILL_ASSISTED_RECOVERED_VALIDATED_RUN1/runner/run_skill_assisted_campaign.sh,experiments/Skill-Assisted-codex-flows/MLK_POLY_SUB_SKILL_ASSISTED_RECOVERED_VALIDATED_RUN1/runner/run_skill_assisted_campaign.sh,9d74b2900ee0322d35ef6fdcd6598d3038c80a38fbd9ef0ada82e56a884e7bb7,9d74b2900ee0322d35ef6fdcd6598d3038c80a38fbd9ef0ada82e56a884e7bb7,1,RESOLVED_HASH_MATCH
REP-LOC-SA-SUB-COMMAND_OR_RUNNER-004,LOC-SA-SUB,SA-SUB,COMMAND_OR_RUNNER,MLK_POLY_SUB_SKILL_ASSISTED_RECOVERED_VALIDATED_RUN1/evidence/run_1/SA_SUB_T1/cover_build_command.txt,experiments/Skill-Assisted-codex-flows/MLK_POLY_SUB_SKILL_ASSISTED_RECOVERED_VALIDATED_RUN1/evidence/run_1/SA_SUB_T1/cover_build_command.txt,dfa87abaaead89d55580e3a41870c6015a10b5de17ddf6ae86e5ffe191fc34be,dfa87abaaead89d55580e3a41870c6015a10b5de17ddf6ae86e5ffe191fc34be,1,RESOLVED_HASH_MATCH
REP-LOC-SA-SUB-COMMAND_OR_RUNNER-005,LOC-SA-SUB,SA-SUB,COMMAND_OR_RUNNER,MLK_POLY_SUB_SKILL_ASSISTED_RECOVERED_VALIDATED_RUN1/evidence/run_1/SA_SUB_T1/cover_command.txt,experiments/Skill-Assisted-codex-flows/MLK_POLY_SUB_SKILL_ASSISTED_RECOVERED_VALIDATED_RUN1/evidence/run_1/SA_SUB_T1/cover_command.txt,e442963fb31fe5b005a87febd2c733b99c3e39e34d618105e10b08f4bb49b34e,e442963fb31fe5b005a87febd2c733b99c3e39e34d618105e10b08f4bb49b34e,1,RESOLVED_HASH_MATCH
REP-LOC-SA-SUB-COMMAND_OR_RUNNER-006,LOC-SA-SUB,SA-SUB,COMMAND_OR_RUNNER,MLK_POLY_SUB_SKILL_ASSISTED_RECOVERED_VALIDATED_RUN1/evidence/run_1/SA_SUB_T1/proof_build_command.txt,experiments/Skill-Assisted-codex-flows/MLK_POLY_SUB_SKILL_ASSISTED_RECOVERED_VALIDATED_RUN1/evidence/run_1/SA_SUB_T1/proof_build_command.txt,a9155b3cb1eda36f0183ee4d43e39762e7cfd7b6fe267a003840653b28b0790a,a9155b3cb1eda36f0183ee4d43e39762e7cfd7b6fe267a003840653b28b0790a,1,RESOLVED_HASH_MATCH
REP-LOC-SA-SUB-COMMAND_OR_RUNNER-007,LOC-SA-SUB,SA-SUB,COMMAND_OR_RUNNER,MLK_POLY_SUB_SKILL_ASSISTED_RECOVERED_VALIDATED_RUN1/evidence/run_1/SA_SUB_T1/proof_command.txt,experiments/Skill-Assisted-codex-flows/MLK_POLY_SUB_SKILL_ASSISTED_RECOVERED_VALIDATED_RUN1/evidence/run_1/SA_SUB_T1/proof_command.txt,56edbf50a8515b873dcf1339abbbd2b14f35055c17186697fc8c4f12979b8571,56edbf50a8515b873dcf1339abbbd2b14f35055c17186697fc8c4f12979b8571,1,RESOLVED_HASH_MATCH
REP-LOC-SA-SUB-COMMAND_OR_RUNNER-008,LOC-SA-SUB,SA-SUB,COMMAND_OR_RUNNER,MLK_POLY_SUB_SKILL_ASSISTED_RECOVERED_VALIDATED_RUN1/evidence/run_1/SA_SUB_T2/cover_build_command.txt,experiments/Skill-Assisted-codex-flows/MLK_POLY_SUB_SKILL_ASSISTED_RECOVERED_VALIDATED_RUN1/evidence/run_1/SA_SUB_T2/cover_build_command.txt,07bb1d3b43a3cf9e262c46ef07348e53119024824b8a4e05dc167d89826eb347,07bb1d3b43a3cf9e262c46ef07348e53119024824b8a4e05dc167d89826eb347,1,RESOLVED_HASH_MATCH
REP-LOC-SA-SUB-MANIFEST_OR_HASH_RECORD-001,LOC-SA-SUB,SA-SUB,MANIFEST_OR_HASH_RECORD,MLK_POLY_SUB_SKILL_ASSISTED_RECOVERED_VALIDATED_RUN1/manifests/MANIFEST.sha256,experiments/Skill-Assisted-codex-flows/MLK_POLY_SUB_SKILL_ASSISTED_RECOVERED_VALIDATED_RUN1/manifests/MANIFEST.sha256,1e06d51ea134a8584f31ea75d1cf79e46a547bae9c7af17502e54e8b97219d00,1e06d51ea134a8584f31ea75d1cf79e46a547bae9c7af17502e54e8b97219d00,1,RESOLVED_HASH_MATCH
REP-LOC-SA-SUB-MANIFEST_OR_HASH_RECORD-002,LOC-SA-SUB,SA-SUB,MANIFEST_OR_HASH_RECORD,MLK_POLY_SUB_SKILL_ASSISTED_RECOVERED_VALIDATED_RUN1/manifests/RECOVERY_MANIFEST.sha256,experiments/Skill-Assisted-codex-flows/MLK_POLY_SUB_SKILL_ASSISTED_RECOVERED_VALIDATED_RUN1/manifests/RECOVERY_MANIFEST.sha256,4162644e54851475e5e5e511f8f81bec524d1407aa11bce8d2e3401847a9ac9c,4162644e54851475e5e5e511f8f81bec524d1407aa11bce8d2e3401847a9ac9c,1,RESOLVED_HASH_MATCH
REP-LOC-SA-SUB-MANIFEST_OR_HASH_RECORD-003,LOC-SA-SUB,SA-SUB,MANIFEST_OR_HASH_RECORD,MLK_POLY_SUB_SKILL_ASSISTED_RECOVERED_VALIDATED_RUN1/evidence/run_1/RUN_MANIFEST.sha256,experiments/Skill-Assisted-codex-flows/MLK_POLY_SUB_SKILL_ASSISTED_RECOVERED_VALIDATED_RUN1/evidence/run_1/RUN_MANIFEST.sha256,ec8625dded35b307a7f784668a9a6b58a022c113d06a07786d32e99ace491a5a,ec8625dded35b307a7f784668a9a6b58a022c113d06a07786d32e99ace491a5a,1,RESOLVED_HASH_MATCH
REP-LOC-SA-SUB-COVERAGE_MUTATION_OR_CONTROL-001,LOC-SA-SUB,SA-SUB,COVERAGE_MUTATION_OR_CONTROL,MLK_POLY_SUB_SKILL_ASSISTED_RECOVERED_VALIDATED_RUN1/00_README.md,experiments/Skill-Assisted-codex-flows/MLK_POLY_SUB_SKILL_ASSISTED_RECOVERED_VALIDATED_RUN1/00_README.md,c8c09e3377d7e1db2513e0101239d2f21e607ed78d5dea3c587ff588ec113661,c8c09e3377d7e1db2513e0101239d2f21e607ed78d5dea3c587ff588ec113661,1,RESOLVED_HASH_MATCH
REP-LOC-SA-SUB-COVERAGE_MUTATION_OR_CONTROL-002,LOC-SA-SUB,SA-SUB,COVERAGE_MUTATION_OR_CONTROL,MLK_POLY_SUB_SKILL_ASSISTED_RECOVERED_VALIDATED_RUN1/01_A_TO_Z_MLK_POLY_SUB_SKILL_ASSISTED.md,experiments/Skill-Assisted-codex-flows/MLK_POLY_SUB_SKILL_ASSISTED_RECOVERED_VALIDATED_RUN1/01_A_TO_Z_MLK_POLY_SUB_SKILL_ASSISTED.md,3476ddea5244bae9c13d93da155316a64b7a68e9ca827f83fbc61ce0cd3b6264,3476ddea5244bae9c13d93da155316a64b7a68e9ca827f83fbc61ce0cd3b6264,1,RESOLVED_HASH_MATCH
REP-LOC-SA-SUB-COVERAGE_MUTATION_OR_CONTROL-003,LOC-SA-SUB,SA-SUB,COVERAGE_MUTATION_OR_CONTROL,MLK_POLY_SUB_SKILL_ASSISTED_RECOVERED_VALIDATED_RUN1/02_STATUS_MATRIX.tsv,experiments/Skill-Assisted-codex-flows/MLK_POLY_SUB_SKILL_ASSISTED_RECOVERED_VALIDATED_RUN1/02_STATUS_MATRIX.tsv,816d3fa4c1c4e62e67d6b12ecad5096ae20fc84f587493d4e5c09942e68c5050,816d3fa4c1c4e62e67d6b12ecad5096ae20fc84f587493d4e5c09942e68c5050,1,RESOLVED_HASH_MATCH
REP-LOC-SA-SUB-COVERAGE_MUTATION_OR_CONTROL-004,LOC-SA-SUB,SA-SUB,COVERAGE_MUTATION_OR_CONTROL,MLK_POLY_SUB_SKILL_ASSISTED_RECOVERED_VALIDATED_RUN1/03_THEOREM_LIST.md,experiments/Skill-Assisted-codex-flows/MLK_POLY_SUB_SKILL_ASSISTED_RECOVERED_VALIDATED_RUN1/03_THEOREM_LIST.md,d7331f7d9b3a0ab1006c335cd6914ecc31e0a3563bd6b3c4f4033b55af903fc2,d7331f7d9b3a0ab1006c335cd6914ecc31e0a3563bd6b3c4f4033b55af903fc2,1,RESOLVED_HASH_MATCH
REP-LOC-SA-SUB-COVERAGE_MUTATION_OR_CONTROL-005,LOC-SA-SUB,SA-SUB,COVERAGE_MUTATION_OR_CONTROL,MLK_POLY_SUB_SKILL_ASSISTED_RECOVERED_VALIDATED_RUN1/FINAL_CLEAN_CAMPAIGN_SEAL.txt,experiments/Skill-Assisted-codex-flows/MLK_POLY_SUB_SKILL_ASSISTED_RECOVERED_VALIDATED_RUN1/FINAL_CLEAN_CAMPAIGN_SEAL.txt,1a6fa555dfb54673525786ef06596b74c99073d4f126d912fe2ad247410d7c71,1a6fa555dfb54673525786ef06596b74c99073d4f126d912fe2ad247410d7c71,1,RESOLVED_HASH_MATCH
REP-LOC-SA-SUB-COVERAGE_MUTATION_OR_CONTROL-006,LOC-SA-SUB,SA-SUB,COVERAGE_MUTATION_OR_CONTROL,MLK_POLY_SUB_SKILL_ASSISTED_RECOVERED_VALIDATED_RUN1/FINAL_CLEAN_PACKAGE_FILE_LIST.txt,experiments/Skill-Assisted-codex-flows/MLK_POLY_SUB_SKILL_ASSISTED_RECOVERED_VALIDATED_RUN1/FINAL_CLEAN_PACKAGE_FILE_LIST.txt,a60cfd69b9bdb8b40ce3f131b7c1942d21ad6e499db8bd28153e996a2830ff10,a60cfd69b9bdb8b40ce3f131b7c1942d21ad6e499db8bd28153e996a2830ff10,1,RESOLVED_HASH_MATCH
REP-LOC-SA-SUB-COVERAGE_MUTATION_OR_CONTROL-007,LOC-SA-SUB,SA-SUB,COVERAGE_MUTATION_OR_CONTROL,MLK_POLY_SUB_SKILL_ASSISTED_RECOVERED_VALIDATED_RUN1/FINAL_CLEAN_RELEASE_NOTES.txt,experiments/Skill-Assisted-codex-flows/MLK_POLY_SUB_SKILL_ASSISTED_RECOVERED_VALIDATED_RUN1/FINAL_CLEAN_RELEASE_NOTES.txt,ffeb604e395f4b38b5f90cdb79dca449a6fac5bd61c3493d70aab6e2023bf583,ffeb604e395f4b38b5f90cdb79dca449a6fac5bd61c3493d70aab6e2023bf583,1,RESOLVED_HASH_MATCH
REP-LOC-SA-SUB-COVERAGE_MUTATION_OR_CONTROL-008,LOC-SA-SUB,SA-SUB,COVERAGE_MUTATION_OR_CONTROL,MLK_POLY_SUB_SKILL_ASSISTED_RECOVERED_VALIDATED_RUN1/RECOVERY_VALIDATION_RECORD.txt,experiments/Skill-Assisted-codex-flows/MLK_POLY_SUB_SKILL_ASSISTED_RECOVERED_VALIDATED_RUN1/RECOVERY_VALIDATION_RECORD.txt,9b503f3b07a19163f3a563aaa1424f91688de923d62f381b1417b5ced8cef930,9b503f3b07a19163f3a563aaa1424f91688de923d62f381b1417b5ced8cef930,1,RESOLVED_HASH_MATCH
REP-LOC-SA-BR-HARNESS-001,LOC-SA-BR,SA-BR,HARNESS,MLK_BARRET_REDUCE_SKILL_ASSISTED_CLEAN_SUCCESS_2026-08-06/harnesses/sa_br_t1_sign_conjugacy_harness.c,experiments/Skill-Assisted-codex-flows/MLK_BARRET_REDUCE_SKILL_ASSISTED_CLEAN_SUCCESS_2026-08-06/harnesses/sa_br_t1_sign_conjugacy_harness.c,1a85de4c5b4bd31248542c25824333aa37c48b401d1c3d56bcb839dfb4139b5c,1a85de4c5b4bd31248542c25824333aa37c48b401d1c3d56bcb839dfb4139b5c,1,RESOLVED_HASH_MATCH
REP-LOC-SA-BR-HARNESS-002,LOC-SA-BR,SA-BR,HARNESS,MLK_BARRET_REDUCE_SKILL_ASSISTED_CLEAN_SUCCESS_2026-08-06/harnesses/sa_br_t2_centered_addition_carry_harness.c,experiments/Skill-Assisted-codex-flows/MLK_BARRET_REDUCE_SKILL_ASSISTED_CLEAN_SUCCESS_2026-08-06/harnesses/sa_br_t2_centered_addition_carry_harness.c,8907a47402d7a117482eb6caddffae319860f917be3fb6db06268a8c30a7e58b,8907a47402d7a117482eb6caddffae319860f917be3fb6db06268a8c30a7e58b,1,RESOLVED_HASH_MATCH
REP-LOC-SA-BR-HARNESS-003,LOC-SA-BR,SA-BR,HARNESS,MLK_BARRET_REDUCE_SKILL_ASSISTED_CLEAN_SUCCESS_2026-08-06/evidence/run_1/SA_BR_T1/harness.c,experiments/Skill-Assisted-codex-flows/MLK_BARRET_REDUCE_SKILL_ASSISTED_CLEAN_SUCCESS_2026-08-06/evidence/run_1/SA_BR_T1/harness.c,1a85de4c5b4bd31248542c25824333aa37c48b401d1c3d56bcb839dfb4139b5c,1a85de4c5b4bd31248542c25824333aa37c48b401d1c3d56bcb839dfb4139b5c,1,RESOLVED_HASH_MATCH
REP-LOC-SA-BR-HARNESS-004,LOC-SA-BR,SA-BR,HARNESS,MLK_BARRET_REDUCE_SKILL_ASSISTED_CLEAN_SUCCESS_2026-08-06/evidence/run_1/SA_BR_T2/harness.c,experiments/Skill-Assisted-codex-flows/MLK_BARRET_REDUCE_SKILL_ASSISTED_CLEAN_SUCCESS_2026-08-06/evidence/run_1/SA_BR_T2/harness.c,8907a47402d7a117482eb6caddffae319860f917be3fb6db06268a8c30a7e58b,8907a47402d7a117482eb6caddffae319860f917be3fb6db06268a8c30a7e58b,1,RESOLVED_HASH_MATCH
REP-LOC-SA-BR-COMMAND_OR_RUNNER-001,LOC-SA-BR,SA-BR,COMMAND_OR_RUNNER,MLK_BARRET_REDUCE_SKILL_ASSISTED_CLEAN_SUCCESS_2026-08-06/commands/CBMC_COMMANDS.md,experiments/Skill-Assisted-codex-flows/MLK_BARRET_REDUCE_SKILL_ASSISTED_CLEAN_SUCCESS_2026-08-06/commands/CBMC_COMMANDS.md,144db08172b89bc8660fe18332985ef5ab2cd47c78291eb0a513f3123c1fda97,144db08172b89bc8660fe18332985ef5ab2cd47c78291eb0a513f3123c1fda97,1,RESOLVED_HASH_MATCH
REP-LOC-SA-BR-COMMAND_OR_RUNNER-002,LOC-SA-BR,SA-BR,COMMAND_OR_RUNNER,MLK_BARRET_REDUCE_SKILL_ASSISTED_CLEAN_SUCCESS_2026-08-06/runner/run_skill_assisted_campaign.sh,experiments/Skill-Assisted-codex-flows/MLK_BARRET_REDUCE_SKILL_ASSISTED_CLEAN_SUCCESS_2026-08-06/runner/run_skill_assisted_campaign.sh,15b80b8d1813f6000ebd2dd46681250b0d76ace26a1d06c073d9835e77f2c34d,15b80b8d1813f6000ebd2dd46681250b0d76ace26a1d06c073d9835e77f2c34d,1,RESOLVED_HASH_MATCH
REP-LOC-SA-BR-COMMAND_OR_RUNNER-003,LOC-SA-BR,SA-BR,COMMAND_OR_RUNNER,MLK_BARRET_REDUCE_SKILL_ASSISTED_CLEAN_SUCCESS_2026-08-06/evidence/run_1/SA_BR_T1/cover_build_command.txt,experiments/Skill-Assisted-codex-flows/MLK_BARRET_REDUCE_SKILL_ASSISTED_CLEAN_SUCCESS_2026-08-06/evidence/run_1/SA_BR_T1/cover_build_command.txt,75846b4d15e7e8b8a3b1485a6b7401b65247e107e47e1bce1f276c36026cc85c,75846b4d15e7e8b8a3b1485a6b7401b65247e107e47e1bce1f276c36026cc85c,1,RESOLVED_HASH_MATCH
REP-LOC-SA-BR-COMMAND_OR_RUNNER-004,LOC-SA-BR,SA-BR,COMMAND_OR_RUNNER,MLK_BARRET_REDUCE_SKILL_ASSISTED_CLEAN_SUCCESS_2026-08-06/evidence/run_1/SA_BR_T1/cover_command.txt,experiments/Skill-Assisted-codex-flows/MLK_BARRET_REDUCE_SKILL_ASSISTED_CLEAN_SUCCESS_2026-08-06/evidence/run_1/SA_BR_T1/cover_command.txt,27112c3d4c0f442402b79de81d269885946cc26be20d4f358c67e6f121d08ad2,27112c3d4c0f442402b79de81d269885946cc26be20d4f358c67e6f121d08ad2,1,RESOLVED_HASH_MATCH
REP-LOC-SA-BR-COMMAND_OR_RUNNER-005,LOC-SA-BR,SA-BR,COMMAND_OR_RUNNER,MLK_BARRET_REDUCE_SKILL_ASSISTED_CLEAN_SUCCESS_2026-08-06/evidence/run_1/SA_BR_T1/fail_control_build_command.txt,experiments/Skill-Assisted-codex-flows/MLK_BARRET_REDUCE_SKILL_ASSISTED_CLEAN_SUCCESS_2026-08-06/evidence/run_1/SA_BR_T1/fail_control_build_command.txt,4e549331537d4ff3095b3280305ae9884b605522ddaf5188aed52f68d6583a35,4e549331537d4ff3095b3280305ae9884b605522ddaf5188aed52f68d6583a35,1,RESOLVED_HASH_MATCH
REP-LOC-SA-BR-COMMAND_OR_RUNNER-006,LOC-SA-BR,SA-BR,COMMAND_OR_RUNNER,MLK_BARRET_REDUCE_SKILL_ASSISTED_CLEAN_SUCCESS_2026-08-06/evidence/run_1/SA_BR_T1/fail_control_command.txt,experiments/Skill-Assisted-codex-flows/MLK_BARRET_REDUCE_SKILL_ASSISTED_CLEAN_SUCCESS_2026-08-06/evidence/run_1/SA_BR_T1/fail_control_command.txt,1cc857c457c3b774b0ebc3d9edb331c33acd98c476ee7f673183f7e6eb6f97c6,1cc857c457c3b774b0ebc3d9edb331c33acd98c476ee7f673183f7e6eb6f97c6,1,RESOLVED_HASH_MATCH
REP-LOC-SA-BR-COMMAND_OR_RUNNER-007,LOC-SA-BR,SA-BR,COMMAND_OR_RUNNER,MLK_BARRET_REDUCE_SKILL_ASSISTED_CLEAN_SUCCESS_2026-08-06/evidence/run_1/SA_BR_T1/proof_build_command.txt,experiments/Skill-Assisted-codex-flows/MLK_BARRET_REDUCE_SKILL_ASSISTED_CLEAN_SUCCESS_2026-08-06/evidence/run_1/SA_BR_T1/proof_build_command.txt,8e8a67930f4df5a7c2a8b6744dbe0db50c74b6e8de7fe6cce31c62f7041f16d5,8e8a67930f4df5a7c2a8b6744dbe0db50c74b6e8de7fe6cce31c62f7041f16d5,1,RESOLVED_HASH_MATCH
REP-LOC-SA-BR-COMMAND_OR_RUNNER-008,LOC-SA-BR,SA-BR,COMMAND_OR_RUNNER,MLK_BARRET_REDUCE_SKILL_ASSISTED_CLEAN_SUCCESS_2026-08-06/evidence/run_1/SA_BR_T1/proof_command.txt,experiments/Skill-Assisted-codex-flows/MLK_BARRET_REDUCE_SKILL_ASSISTED_CLEAN_SUCCESS_2026-08-06/evidence/run_1/SA_BR_T1/proof_command.txt,947aaecf9994182fa09d7b582b2a1462c3a2aa2f35ef2a6267cc67304eaf54d2,947aaecf9994182fa09d7b582b2a1462c3a2aa2f35ef2a6267cc67304eaf54d2,1,RESOLVED_HASH_MATCH
REP-LOC-SA-BR-RAW_RESULT-001,LOC-SA-BR,SA-BR,RAW_RESULT,MLK_BARRET_REDUCE_SKILL_ASSISTED_CLEAN_SUCCESS_2026-08-06/evidence/run_1/SA_BR_T2/proof_property_results/001_main.assertion.1.command.txt,experiments/Skill-Assisted-codex-flows/MLK_BARRET_REDUCE_SKILL_ASSISTED_CLEAN_SUCCESS_2026-08-06/evidence/run_1/SA_BR_T2/proof_property_results/001_main.assertion.1.command.txt,003090268a1e432591f9cd71023e9b8c123077125396115f130dddb1d2179606,003090268a1e432591f9cd71023e9b8c123077125396115f130dddb1d2179606,1,RESOLVED_HASH_MATCH
REP-LOC-SA-BR-RAW_RESULT-002,LOC-SA-BR,SA-BR,RAW_RESULT,MLK_BARRET_REDUCE_SKILL_ASSISTED_CLEAN_SUCCESS_2026-08-06/evidence/run_1/SA_BR_T2/proof_property_results/001_main.assertion.1.exit_code.txt,experiments/Skill-Assisted-codex-flows/MLK_BARRET_REDUCE_SKILL_ASSISTED_CLEAN_SUCCESS_2026-08-06/evidence/run_1/SA_BR_T2/proof_property_results/001_main.assertion.1.exit_code.txt,9a271f2a916b0b6ee6cecb2426f0b3206ef074578be55d9bc94f6f3fe3ab86aa,9a271f2a916b0b6ee6cecb2426f0b3206ef074578be55d9bc94f6f3fe3ab86aa,1,RESOLVED_HASH_MATCH
REP-LOC-SA-BR-RAW_RESULT-003,LOC-SA-BR,SA-BR,RAW_RESULT,MLK_BARRET_REDUCE_SKILL_ASSISTED_CLEAN_SUCCESS_2026-08-06/evidence/run_1/SA_BR_T2/proof_property_results/001_main.assertion.1.json,experiments/Skill-Assisted-codex-flows/MLK_BARRET_REDUCE_SKILL_ASSISTED_CLEAN_SUCCESS_2026-08-06/evidence/run_1/SA_BR_T2/proof_property_results/001_main.assertion.1.json,bab0536f8adce64da6a6c88e88920bc45c138eb3d3824500a768327b2209a6f0,bab0536f8adce64da6a6c88e88920bc45c138eb3d3824500a768327b2209a6f0,1,RESOLVED_HASH_MATCH
REP-LOC-SA-BR-RAW_RESULT-004,LOC-SA-BR,SA-BR,RAW_RESULT,MLK_BARRET_REDUCE_SKILL_ASSISTED_CLEAN_SUCCESS_2026-08-06/evidence/run_1/SA_BR_T2/proof_property_results/002_main.assertion.2.command.txt,experiments/Skill-Assisted-codex-flows/MLK_BARRET_REDUCE_SKILL_ASSISTED_CLEAN_SUCCESS_2026-08-06/evidence/run_1/SA_BR_T2/proof_property_results/002_main.assertion.2.command.txt,6ba0245efdd7c117173720f8f00c8c7977742cc07dd6fdb8c3dcc17e910b01a8,6ba0245efdd7c117173720f8f00c8c7977742cc07dd6fdb8c3dcc17e910b01a8,1,RESOLVED_HASH_MATCH
REP-LOC-SA-BR-RAW_RESULT-005,LOC-SA-BR,SA-BR,RAW_RESULT,MLK_BARRET_REDUCE_SKILL_ASSISTED_CLEAN_SUCCESS_2026-08-06/evidence/run_1/SA_BR_T2/proof_property_results/002_main.assertion.2.exit_code.txt,experiments/Skill-Assisted-codex-flows/MLK_BARRET_REDUCE_SKILL_ASSISTED_CLEAN_SUCCESS_2026-08-06/evidence/run_1/SA_BR_T2/proof_property_results/002_main.assertion.2.exit_code.txt,9a271f2a916b0b6ee6cecb2426f0b3206ef074578be55d9bc94f6f3fe3ab86aa,9a271f2a916b0b6ee6cecb2426f0b3206ef074578be55d9bc94f6f3fe3ab86aa,1,RESOLVED_HASH_MATCH
REP-LOC-SA-BR-RAW_RESULT-006,LOC-SA-BR,SA-BR,RAW_RESULT,MLK_BARRET_REDUCE_SKILL_ASSISTED_CLEAN_SUCCESS_2026-08-06/evidence/run_1/SA_BR_T2/proof_property_results/002_main.assertion.2.json,experiments/Skill-Assisted-codex-flows/MLK_BARRET_REDUCE_SKILL_ASSISTED_CLEAN_SUCCESS_2026-08-06/evidence/run_1/SA_BR_T2/proof_property_results/002_main.assertion.2.json,00ddce36193f82ceafd312ab89e1a5e75bb834ffbac071fade33bd03f4bf8594,00ddce36193f82ceafd312ab89e1a5e75bb834ffbac071fade33bd03f4bf8594,1,RESOLVED_HASH_MATCH
REP-LOC-SA-BR-RAW_RESULT-007,LOC-SA-BR,SA-BR,RAW_RESULT,MLK_BARRET_REDUCE_SKILL_ASSISTED_CLEAN_SUCCESS_2026-08-06/evidence/run_1/SA_BR_T2/proof_property_results/003_main.assertion.3.command.txt,experiments/Skill-Assisted-codex-flows/MLK_BARRET_REDUCE_SKILL_ASSISTED_CLEAN_SUCCESS_2026-08-06/evidence/run_1/SA_BR_T2/proof_property_results/003_main.assertion.3.command.txt,2ab91254766a10856cc8a8ff27bb312b1a62479c2df9b91cf1da05a8de2e29ae,2ab91254766a10856cc8a8ff27bb312b1a62479c2df9b91cf1da05a8de2e29ae,1,RESOLVED_HASH_MATCH
REP-LOC-SA-BR-RAW_RESULT-008,LOC-SA-BR,SA-BR,RAW_RESULT,MLK_BARRET_REDUCE_SKILL_ASSISTED_CLEAN_SUCCESS_2026-08-06/evidence/run_1/SA_BR_T2/proof_property_results/003_main.assertion.3.exit_code.txt,experiments/Skill-Assisted-codex-flows/MLK_BARRET_REDUCE_SKILL_ASSISTED_CLEAN_SUCCESS_2026-08-06/evidence/run_1/SA_BR_T2/proof_property_results/003_main.assertion.3.exit_code.txt,9a271f2a916b0b6ee6cecb2426f0b3206ef074578be55d9bc94f6f3fe3ab86aa,9a271f2a916b0b6ee6cecb2426f0b3206ef074578be55d9bc94f6f3fe3ab86aa,1,RESOLVED_HASH_MATCH
REP-LOC-SA-BR-MANIFEST_OR_HASH_RECORD-001,LOC-SA-BR,SA-BR,MANIFEST_OR_HASH_RECORD,MLK_BARRET_REDUCE_SKILL_ASSISTED_CLEAN_SUCCESS_2026-08-06/manifests/MANIFEST.sha256,experiments/Skill-Assisted-codex-flows/MLK_BARRET_REDUCE_SKILL_ASSISTED_CLEAN_SUCCESS_2026-08-06/manifests/MANIFEST.sha256,2d3ec5a7332e390acdebd23cf6485493c492cf8f8b29c17ff0a5596b393860ab,2d3ec5a7332e390acdebd23cf6485493c492cf8f8b29c17ff0a5596b393860ab,1,RESOLVED_HASH_MATCH
REP-LOC-SA-BR-MANIFEST_OR_HASH_RECORD-002,LOC-SA-BR,SA-BR,MANIFEST_OR_HASH_RECORD,MLK_BARRET_REDUCE_SKILL_ASSISTED_CLEAN_SUCCESS_2026-08-06/evidence/run_1/RUN_MANIFEST.sha256,experiments/Skill-Assisted-codex-flows/MLK_BARRET_REDUCE_SKILL_ASSISTED_CLEAN_SUCCESS_2026-08-06/evidence/run_1/RUN_MANIFEST.sha256,c4c7acc1f34689cf5e3266ffec25fdd401fb1369ecefece627b17c4320d30057,c4c7acc1f34689cf5e3266ffec25fdd401fb1369ecefece627b17c4320d30057,1,RESOLVED_HASH_MATCH
REP-LOC-SA-BR-MANIFEST_OR_HASH_RECORD-003,LOC-SA-BR,SA-BR,MANIFEST_OR_HASH_RECORD,MLK_BARRET_REDUCE_SKILL_ASSISTED_CLEAN_SUCCESS_2026-08-06/evidence/run_1/package_manifest_before_run.sha256,experiments/Skill-Assisted-codex-flows/MLK_BARRET_REDUCE_SKILL_ASSISTED_CLEAN_SUCCESS_2026-08-06/evidence/run_1/package_manifest_before_run.sha256,203a1b255324b1d6b1fafb0c71fa42ae15ad95cae0a993ca753ed7ea4c3eb2ab,203a1b255324b1d6b1fafb0c71fa42ae15ad95cae0a993ca753ed7ea4c3eb2ab,1,RESOLVED_HASH_MATCH
REP-LOC-SA-BR-COVERAGE_MUTATION_OR_CONTROL-001,LOC-SA-BR,SA-BR,COVERAGE_MUTATION_OR_CONTROL,MLK_BARRET_REDUCE_SKILL_ASSISTED_CLEAN_SUCCESS_2026-08-06/evidence/run_1/SA_BR_T1/cover.json,experiments/Skill-Assisted-codex-flows/MLK_BARRET_REDUCE_SKILL_ASSISTED_CLEAN_SUCCESS_2026-08-06/evidence/run_1/SA_BR_T1/cover.json,4e7660e2eb180f5acee3e2566b212259bc76c19cc8d6642dc2a535b047f859a0,4e7660e2eb180f5acee3e2566b212259bc76c19cc8d6642dc2a535b047f859a0,1,RESOLVED_HASH_MATCH
REP-LOC-SA-BR-COVERAGE_MUTATION_OR_CONTROL-002,LOC-SA-BR,SA-BR,COVERAGE_MUTATION_OR_CONTROL,MLK_BARRET_REDUCE_SKILL_ASSISTED_CLEAN_SUCCESS_2026-08-06/evidence/run_1/SA_BR_T1/cover_build_command.txt,experiments/Skill-Assisted-codex-flows/MLK_BARRET_REDUCE_SKILL_ASSISTED_CLEAN_SUCCESS_2026-08-06/evidence/run_1/SA_BR_T1/cover_build_command.txt,75846b4d15e7e8b8a3b1485a6b7401b65247e107e47e1bce1f276c36026cc85c,75846b4d15e7e8b8a3b1485a6b7401b65247e107e47e1bce1f276c36026cc85c,1,RESOLVED_HASH_MATCH
REP-LOC-SA-BR-COVERAGE_MUTATION_OR_CONTROL-003,LOC-SA-BR,SA-BR,COVERAGE_MUTATION_OR_CONTROL,MLK_BARRET_REDUCE_SKILL_ASSISTED_CLEAN_SUCCESS_2026-08-06/evidence/run_1/SA_BR_T1/cover_build_exit_code.txt,experiments/Skill-Assisted-codex-flows/MLK_BARRET_REDUCE_SKILL_ASSISTED_CLEAN_SUCCESS_2026-08-06/evidence/run_1/SA_BR_T1/cover_build_exit_code.txt,9a271f2a916b0b6ee6cecb2426f0b3206ef074578be55d9bc94f6f3fe3ab86aa,9a271f2a916b0b6ee6cecb2426f0b3206ef074578be55d9bc94f6f3fe3ab86aa,1,RESOLVED_HASH_MATCH
REP-LOC-SA-BR-COVERAGE_MUTATION_OR_CONTROL-004,LOC-SA-BR,SA-BR,COVERAGE_MUTATION_OR_CONTROL,MLK_BARRET_REDUCE_SKILL_ASSISTED_CLEAN_SUCCESS_2026-08-06/evidence/run_1/SA_BR_T1/cover_command.txt,experiments/Skill-Assisted-codex-flows/MLK_BARRET_REDUCE_SKILL_ASSISTED_CLEAN_SUCCESS_2026-08-06/evidence/run_1/SA_BR_T1/cover_command.txt,27112c3d4c0f442402b79de81d269885946cc26be20d4f358c67e6f121d08ad2,27112c3d4c0f442402b79de81d269885946cc26be20d4f358c67e6f121d08ad2,1,RESOLVED_HASH_MATCH
REP-LOC-SA-BR-COVERAGE_MUTATION_OR_CONTROL-005,LOC-SA-BR,SA-BR,COVERAGE_MUTATION_OR_CONTROL,MLK_BARRET_REDUCE_SKILL_ASSISTED_CLEAN_SUCCESS_2026-08-06/evidence/run_1/SA_BR_T1/cover_exit_code.txt,experiments/Skill-Assisted-codex-flows/MLK_BARRET_REDUCE_SKILL_ASSISTED_CLEAN_SUCCESS_2026-08-06/evidence/run_1/SA_BR_T1/cover_exit_code.txt,9a271f2a916b0b6ee6cecb2426f0b3206ef074578be55d9bc94f6f3fe3ab86aa,9a271f2a916b0b6ee6cecb2426f0b3206ef074578be55d9bc94f6f3fe3ab86aa,1,RESOLVED_HASH_MATCH
REP-LOC-SA-BR-COVERAGE_MUTATION_OR_CONTROL-006,LOC-SA-BR,SA-BR,COVERAGE_MUTATION_OR_CONTROL,MLK_BARRET_REDUCE_SKILL_ASSISTED_CLEAN_SUCCESS_2026-08-06/evidence/run_1/SA_BR_T1/cover_functions.txt,experiments/Skill-Assisted-codex-flows/MLK_BARRET_REDUCE_SKILL_ASSISTED_CLEAN_SUCCESS_2026-08-06/evidence/run_1/SA_BR_T1/cover_functions.txt,a4c842736ba7d9ece5512a5ed7858e2f07bdedd5985a150b4aa32b7d3300bf0d,a4c842736ba7d9ece5512a5ed7858e2f07bdedd5985a150b4aa32b7d3300bf0d,1,RESOLVED_HASH_MATCH
REP-LOC-SA-BR-COVERAGE_MUTATION_OR_CONTROL-007,LOC-SA-BR,SA-BR,COVERAGE_MUTATION_OR_CONTROL,MLK_BARRET_REDUCE_SKILL_ASSISTED_CLEAN_SUCCESS_2026-08-06/evidence/run_1/SA_BR_T1/cover_properties.txt,experiments/Skill-Assisted-codex-flows/MLK_BARRET_REDUCE_SKILL_ASSISTED_CLEAN_SUCCESS_2026-08-06/evidence/run_1/SA_BR_T1/cover_properties.txt,90085404a578cefa0486618a30547f688cab9d4dc3526a3413b5c32f6c79b83b,90085404a578cefa0486618a30547f688cab9d4dc3526a3413b5c32f6c79b83b,1,RESOLVED_HASH_MATCH
REP-LOC-SA-BR-COVERAGE_MUTATION_OR_CONTROL-008,LOC-SA-BR,SA-BR,COVERAGE_MUTATION_OR_CONTROL,MLK_BARRET_REDUCE_SKILL_ASSISTED_CLEAN_SUCCESS_2026-08-06/evidence/run_1/SA_BR_T1/cover_property_mapping.json,experiments/Skill-Assisted-codex-flows/MLK_BARRET_REDUCE_SKILL_ASSISTED_CLEAN_SUCCESS_2026-08-06/evidence/run_1/SA_BR_T1/cover_property_mapping.json,3fed6dec52ff3bccad7adc16e5ea66ceeeb83cb0133d56d85f7cfe287a46c20b,3fed6dec52ff3bccad7adc16e5ea66ceeeb83cb0133d56d85f7cfe287a46c20b,1,RESOLVED_HASH_MATCH
REP-LOC-SA-ZERO-HARNESS-001,LOC-SA-ZERO,SA-ZERO,HARNESS,MLK_POLY_Zerorize_SKILL ASSISTED/harnesses/sa_zero_t1_secret_history_convergence_harness.c,experiments/Skill-Assisted-codex-flows/MLK_POLY_Zerorize_SKILL ASSISTED/harnesses/sa_zero_t1_secret_history_convergence_harness.c,fabb72bd7745e3f5dae7105e1a1423186a87f5cd0bf5d240059b38697e2557a6,fabb72bd7745e3f5dae7105e1a1423186a87f5cd0bf5d240059b38697e2557a6,1,RESOLVED_HASH_MATCH
REP-LOC-SA-ZERO-HARNESS-002,LOC-SA-ZERO,SA-ZERO,HARNESS,MLK_POLY_Zerorize_SKILL ASSISTED/harnesses/sa_zero_t2_recontamination_recovery_harness.c,experiments/Skill-Assisted-codex-flows/MLK_POLY_Zerorize_SKILL ASSISTED/harnesses/sa_zero_t2_recontamination_recovery_harness.c,9615d2236faf996956f9dc69608427a74db2ecfba7a984d31cdd7add72c14652,9615d2236faf996956f9dc69608427a74db2ecfba7a984d31cdd7add72c14652,1,RESOLVED_HASH_MATCH
REP-LOC-SA-ZERO-HARNESS-003,LOC-SA-ZERO,SA-ZERO,HARNESS,MLK_POLY_Zerorize_SKILL ASSISTED/evidence/run_1/SA_ZERO_T1/harness.c,experiments/Skill-Assisted-codex-flows/MLK_POLY_Zerorize_SKILL ASSISTED/evidence/run_1/SA_ZERO_T1/harness.c,fabb72bd7745e3f5dae7105e1a1423186a87f5cd0bf5d240059b38697e2557a6,fabb72bd7745e3f5dae7105e1a1423186a87f5cd0bf5d240059b38697e2557a6,1,RESOLVED_HASH_MATCH
REP-LOC-SA-ZERO-HARNESS-004,LOC-SA-ZERO,SA-ZERO,HARNESS,MLK_POLY_Zerorize_SKILL ASSISTED/evidence/run_1/SA_ZERO_T2/harness.c,experiments/Skill-Assisted-codex-flows/MLK_POLY_Zerorize_SKILL ASSISTED/evidence/run_1/SA_ZERO_T2/harness.c,9615d2236faf996956f9dc69608427a74db2ecfba7a984d31cdd7add72c14652,9615d2236faf996956f9dc69608427a74db2ecfba7a984d31cdd7add72c14652,1,RESOLVED_HASH_MATCH
REP-LOC-SA-ZERO-COMMAND_OR_RUNNER-001,LOC-SA-ZERO,SA-ZERO,COMMAND_OR_RUNNER,MLK_POLY_Zerorize_SKILL ASSISTED/RUN_AF4C5ABD_ONLY.sh,experiments/Skill-Assisted-codex-flows/MLK_POLY_Zerorize_SKILL ASSISTED/RUN_AF4C5ABD_ONLY.sh,75767b73a404769094c20df895190a2694edebfcb6804c1cc62719f0c15f7d1b,75767b73a404769094c20df895190a2694edebfcb6804c1cc62719f0c15f7d1b,1,RESOLVED_HASH_MATCH
REP-LOC-SA-ZERO-COMMAND_OR_RUNNER-002,LOC-SA-ZERO,SA-ZERO,COMMAND_OR_RUNNER,MLK_POLY_Zerorize_SKILL ASSISTED/commands/CBMC_COMMANDS.md,experiments/Skill-Assisted-codex-flows/MLK_POLY_Zerorize_SKILL ASSISTED/commands/CBMC_COMMANDS.md,54cf12c459b425d4853d3cce19c126ab7ceb1a93192ef1ed31275bcf678370c7,54cf12c459b425d4853d3cce19c126ab7ceb1a93192ef1ed31275bcf678370c7,1,RESOLVED_HASH_MATCH
REP-LOC-SA-ZERO-COMMAND_OR_RUNNER-003,LOC-SA-ZERO,SA-ZERO,COMMAND_OR_RUNNER,MLK_POLY_Zerorize_SKILL ASSISTED/runner/run_skill_assisted_campaign.sh,experiments/Skill-Assisted-codex-flows/MLK_POLY_Zerorize_SKILL ASSISTED/runner/run_skill_assisted_campaign.sh,f056f038658fe9c9183bcfe30d8ef86d91c3cd7c570469fa3efa9e2088a8047d,f056f038658fe9c9183bcfe30d8ef86d91c3cd7c570469fa3efa9e2088a8047d,1,RESOLVED_HASH_MATCH
REP-LOC-SA-ZERO-COMMAND_OR_RUNNER-004,LOC-SA-ZERO,SA-ZERO,COMMAND_OR_RUNNER,MLK_POLY_Zerorize_SKILL ASSISTED/evidence/run_1/SA_ZERO_T1/cover_build_command.txt,experiments/Skill-Assisted-codex-flows/MLK_POLY_Zerorize_SKILL ASSISTED/evidence/run_1/SA_ZERO_T1/cover_build_command.txt,b592db9e04dbcd0969d79f8a950bd307774d909a4416be309ec1201c79f6ab22,b592db9e04dbcd0969d79f8a950bd307774d909a4416be309ec1201c79f6ab22,1,RESOLVED_HASH_MATCH
REP-LOC-SA-ZERO-COMMAND_OR_RUNNER-005,LOC-SA-ZERO,SA-ZERO,COMMAND_OR_RUNNER,MLK_POLY_Zerorize_SKILL ASSISTED/evidence/run_1/SA_ZERO_T1/cover_command.txt,experiments/Skill-Assisted-codex-flows/MLK_POLY_Zerorize_SKILL ASSISTED/evidence/run_1/SA_ZERO_T1/cover_command.txt,130f2f6f3867a1fb619d8907c5dc7ec50a3db9a803f126194ad6bbe93d429a8d,130f2f6f3867a1fb619d8907c5dc7ec50a3db9a803f126194ad6bbe93d429a8d,1,RESOLVED_HASH_MATCH
REP-LOC-SA-ZERO-COMMAND_OR_RUNNER-006,LOC-SA-ZERO,SA-ZERO,COMMAND_OR_RUNNER,MLK_POLY_Zerorize_SKILL ASSISTED/evidence/run_1/SA_ZERO_T1/fail_control_build_command.txt,experiments/Skill-Assisted-codex-flows/MLK_POLY_Zerorize_SKILL ASSISTED/evidence/run_1/SA_ZERO_T1/fail_control_build_command.txt,9c910c041c46ce79a5d58e0daf835cda0b60b9616cf11cc0211ca095f718f12a,9c910c041c46ce79a5d58e0daf835cda0b60b9616cf11cc0211ca095f718f12a,1,RESOLVED_HASH_MATCH
REP-LOC-SA-ZERO-COMMAND_OR_RUNNER-007,LOC-SA-ZERO,SA-ZERO,COMMAND_OR_RUNNER,MLK_POLY_Zerorize_SKILL ASSISTED/evidence/run_1/SA_ZERO_T1/fail_control_command.txt,experiments/Skill-Assisted-codex-flows/MLK_POLY_Zerorize_SKILL ASSISTED/evidence/run_1/SA_ZERO_T1/fail_control_command.txt,1d1856684395d46bd0977d3fb999d2d8d86b602a95ad0c2abddcb1c470ce35c4,1d1856684395d46bd0977d3fb999d2d8d86b602a95ad0c2abddcb1c470ce35c4,1,RESOLVED_HASH_MATCH
REP-LOC-SA-ZERO-COMMAND_OR_RUNNER-008,LOC-SA-ZERO,SA-ZERO,COMMAND_OR_RUNNER,MLK_POLY_Zerorize_SKILL ASSISTED/evidence/run_1/SA_ZERO_T1/preprocess_command.txt,experiments/Skill-Assisted-codex-flows/MLK_POLY_Zerorize_SKILL ASSISTED/evidence/run_1/SA_ZERO_T1/preprocess_command.txt,9092e1fb2326a84c5f53c77fcc2840227383ae97d3eee403f67734aa394ed4d1,9092e1fb2326a84c5f53c77fcc2840227383ae97d3eee403f67734aa394ed4d1,1,RESOLVED_HASH_MATCH
REP-LOC-SA-ZERO-MANIFEST_OR_HASH_RECORD-001,LOC-SA-ZERO,SA-ZERO,MANIFEST_OR_HASH_RECORD,MLK_POLY_Zerorize_SKILL ASSISTED/manifests/FINAL_EXECUTED_MANIFEST.sha256,experiments/Skill-Assisted-codex-flows/MLK_POLY_Zerorize_SKILL ASSISTED/manifests/FINAL_EXECUTED_MANIFEST.sha256,7d2bf6b9d538658d03ee93454fc6f086146f50af6c5443fdf2e69954325da82e,7d2bf6b9d538658d03ee93454fc6f086146f50af6c5443fdf2e69954325da82e,1,RESOLVED_HASH_MATCH
REP-LOC-SA-ZERO-MANIFEST_OR_HASH_RECORD-002,LOC-SA-ZERO,SA-ZERO,MANIFEST_OR_HASH_RECORD,MLK_POLY_Zerorize_SKILL ASSISTED/manifests/MANIFEST.sha256,experiments/Skill-Assisted-codex-flows/MLK_POLY_Zerorize_SKILL ASSISTED/manifests/MANIFEST.sha256,f4a5cd52e248803ec5f8fed2b23e9e46deef3fc1976ada62c8d6464f2066d34f,f4a5cd52e248803ec5f8fed2b23e9e46deef3fc1976ada62c8d6464f2066d34f,1,RESOLVED_HASH_MATCH
REP-LOC-SA-ZERO-MANIFEST_OR_HASH_RECORD-003,LOC-SA-ZERO,SA-ZERO,MANIFEST_OR_HASH_RECORD,MLK_POLY_Zerorize_SKILL ASSISTED/evidence/run_1/RUN_MANIFEST.sha256,experiments/Skill-Assisted-codex-flows/MLK_POLY_Zerorize_SKILL ASSISTED/evidence/run_1/RUN_MANIFEST.sha256,4c5cb74717bd67da6f92ba7f8b0f0c04f7661e954d6559464c005437ebb25a1e,4c5cb74717bd67da6f92ba7f8b0f0c04f7661e954d6559464c005437ebb25a1e,1,RESOLVED_HASH_MATCH
REP-LOC-SA-ZERO-MANIFEST_OR_HASH_RECORD-004,LOC-SA-ZERO,SA-ZERO,MANIFEST_OR_HASH_RECORD,MLK_POLY_Zerorize_SKILL ASSISTED/evidence/run_1/package_manifest_before_run.sha256,experiments/Skill-Assisted-codex-flows/MLK_POLY_Zerorize_SKILL ASSISTED/evidence/run_1/package_manifest_before_run.sha256,1487ba88c370b4f9f93440e57a7a4f1ecc6552281ea0b16588cdbed79c64deeb,1487ba88c370b4f9f93440e57a7a4f1ecc6552281ea0b16588cdbed79c64deeb,1,RESOLVED_HASH_MATCH
REP-LOC-SA-ZERO-COVERAGE_MUTATION_OR_CONTROL-001,LOC-SA-ZERO,SA-ZERO,COVERAGE_MUTATION_OR_CONTROL,MLK_POLY_Zerorize_SKILL ASSISTED/evidence/run_1/SA_ZERO_T1/cover.json,experiments/Skill-Assisted-codex-flows/MLK_POLY_Zerorize_SKILL ASSISTED/evidence/run_1/SA_ZERO_T1/cover.json,8b62e7f7573bb136d1bcd5c5f5fa25502f0b1ee63f8aa89589733e4758d5232c,8b62e7f7573bb136d1bcd5c5f5fa25502f0b1ee63f8aa89589733e4758d5232c,1,RESOLVED_HASH_MATCH
REP-LOC-SA-ZERO-COVERAGE_MUTATION_OR_CONTROL-002,LOC-SA-ZERO,SA-ZERO,COVERAGE_MUTATION_OR_CONTROL,MLK_POLY_Zerorize_SKILL ASSISTED/evidence/run_1/SA_ZERO_T1/cover_build_command.txt,experiments/Skill-Assisted-codex-flows/MLK_POLY_Zerorize_SKILL ASSISTED/evidence/run_1/SA_ZERO_T1/cover_build_command.txt,b592db9e04dbcd0969d79f8a950bd307774d909a4416be309ec1201c79f6ab22,b592db9e04dbcd0969d79f8a950bd307774d909a4416be309ec1201c79f6ab22,1,RESOLVED_HASH_MATCH
REP-LOC-SA-ZERO-COVERAGE_MUTATION_OR_CONTROL-003,LOC-SA-ZERO,SA-ZERO,COVERAGE_MUTATION_OR_CONTROL,MLK_POLY_Zerorize_SKILL ASSISTED/evidence/run_1/SA_ZERO_T1/cover_build_exit_code.txt,experiments/Skill-Assisted-codex-flows/MLK_POLY_Zerorize_SKILL ASSISTED/evidence/run_1/SA_ZERO_T1/cover_build_exit_code.txt,9a271f2a916b0b6ee6cecb2426f0b3206ef074578be55d9bc94f6f3fe3ab86aa,9a271f2a916b0b6ee6cecb2426f0b3206ef074578be55d9bc94f6f3fe3ab86aa,1,RESOLVED_HASH_MATCH
REP-LOC-SA-ZERO-COVERAGE_MUTATION_OR_CONTROL-004,LOC-SA-ZERO,SA-ZERO,COVERAGE_MUTATION_OR_CONTROL,MLK_POLY_Zerorize_SKILL ASSISTED/evidence/run_1/SA_ZERO_T1/cover_command.txt,experiments/Skill-Assisted-codex-flows/MLK_POLY_Zerorize_SKILL ASSISTED/evidence/run_1/SA_ZERO_T1/cover_command.txt,130f2f6f3867a1fb619d8907c5dc7ec50a3db9a803f126194ad6bbe93d429a8d,130f2f6f3867a1fb619d8907c5dc7ec50a3db9a803f126194ad6bbe93d429a8d,1,RESOLVED_HASH_MATCH
REP-LOC-SA-ZERO-COVERAGE_MUTATION_OR_CONTROL-005,LOC-SA-ZERO,SA-ZERO,COVERAGE_MUTATION_OR_CONTROL,MLK_POLY_Zerorize_SKILL ASSISTED/evidence/run_1/SA_ZERO_T1/cover_exit_code.txt,experiments/Skill-Assisted-codex-flows/MLK_POLY_Zerorize_SKILL ASSISTED/evidence/run_1/SA_ZERO_T1/cover_exit_code.txt,917df3320d778ddbaa5c5c7742bc4046bf803c36ed2b050f30844ed206783469,917df3320d778ddbaa5c5c7742bc4046bf803c36ed2b050f30844ed206783469,1,RESOLVED_HASH_MATCH
REP-LOC-SA-ZERO-COVERAGE_MUTATION_OR_CONTROL-006,LOC-SA-ZERO,SA-ZERO,COVERAGE_MUTATION_OR_CONTROL,MLK_POLY_Zerorize_SKILL ASSISTED/evidence/run_1/SA_ZERO_T1/cover_functions.txt,experiments/Skill-Assisted-codex-flows/MLK_POLY_Zerorize_SKILL ASSISTED/evidence/run_1/SA_ZERO_T1/cover_functions.txt,f7c52907dddaf02608fac933c2fc3fb15c15c609243b37bfb8277b481d1d0179,f7c52907dddaf02608fac933c2fc3fb15c15c609243b37bfb8277b481d1d0179,1,RESOLVED_HASH_MATCH
REP-LOC-SA-ZERO-COVERAGE_MUTATION_OR_CONTROL-007,LOC-SA-ZERO,SA-ZERO,COVERAGE_MUTATION_OR_CONTROL,MLK_POLY_Zerorize_SKILL ASSISTED/evidence/run_1/SA_ZERO_T1/cover_loops.txt,experiments/Skill-Assisted-codex-flows/MLK_POLY_Zerorize_SKILL ASSISTED/evidence/run_1/SA_ZERO_T1/cover_loops.txt,68bd50cafc8eeb35873fe9dcc44fef0b2452a174b0b3cb4300ea4ced91106a97,68bd50cafc8eeb35873fe9dcc44fef0b2452a174b0b3cb4300ea4ced91106a97,1,RESOLVED_HASH_MATCH
REP-LOC-SA-ZERO-COVERAGE_MUTATION_OR_CONTROL-008,LOC-SA-ZERO,SA-ZERO,COVERAGE_MUTATION_OR_CONTROL,MLK_POLY_Zerorize_SKILL ASSISTED/evidence/run_1/SA_ZERO_T1/cover_properties.txt,experiments/Skill-Assisted-codex-flows/MLK_POLY_Zerorize_SKILL ASSISTED/evidence/run_1/SA_ZERO_T1/cover_properties.txt,aeb2c2f60c4b4bb9d61eae421cd05c8a6bf0fb5663eac757d3d0be5df05b44e1,aeb2c2f60c4b4bb9d61eae421cd05c8a6bf0fb5663eac757d3d0be5df05b44e1,1,RESOLVED_HASH_MATCH
