sha256	retained_occurrences	retained_paths
001af6a58e96327ecf42bacec9f0f2868637443831de53bff36253fbd5f18e0a	9	upstream/mlkem-native/barrett-reduce-af4c5abd-full-source-snapshot/examples/basic/mlkem_native/src/native/x86_64/src/nttfrombytes_avx2_asm.S | upstream/mlkem-native/barrett-reduce-af4c5abd-full-source-snapshot/examples/basic_deterministic/mlkem_native/src/native/x86_64/src/nttfrombytes_avx2_asm.S | upstream/mlkem-native/barrett-reduce-af4c5abd-full-source-snapshot/examples/bring_your_own_fips202_static/mlkem_native/src/native/x86_64/src/nttfrombytes_avx2_asm.S | upstream/mlkem-native/barrett-reduce-af4c5abd-full-source-snapshot/examples/monolithic_build_multilevel/mlkem_native/src/native/x86_64/src/nttfrombytes_avx2_asm.S | upstream/mlkem-native/barrett-reduce-af4c5abd-full-source-snapshot/examples/monolithic_build_multilevel_native/mlkem_native/src/native/x86_64/src/nttfrombytes_avx2_asm.S | upstream/mlkem-native/barrett-reduce-af4c5abd-full-source-snapshot/examples/monolithic_build_native/mlkem_native/src/native/x86_64/src/nttfrombytes_avx2_asm.S | upstream/mlkem-native/barrett-reduce-af4c5abd-full-source-snapshot/examples/multilevel_build/mlkem_native/src/native/x86_64/src/nttfrombytes_avx2_asm.S | upstream/mlkem-native/barrett-reduce-af4c5abd-full-source-snapshot/examples/multilevel_build_native/mlkem_native/src/native/x86_64/src/nttfrombytes_avx2_asm.S | upstream/mlkem-native/barrett-reduce-af4c5abd-full-source-snapshot/mlkem/src/native/x86_64/src/nttfrombytes_avx2_asm.S
01af3a79b639f0c1edfd4311bfe986d78112ede758a277b88d6707a8ac0203e1	9	upstream/mlkem-native/barrett-reduce-af4c5abd-full-source-snapshot/examples/basic/mlkem_native/src/native/x86_64/src/nttunpack_avx2_asm.S | upstream/mlkem-native/barrett-reduce-af4c5abd-full-source-snapshot/examples/basic_deterministic/mlkem_native/src/native/x86_64/src/nttunpack_avx2_asm.S | upstream/mlkem-native/barrett-reduce-af4c5abd-full-source-snapshot/examples/bring_your_own_fips202_static/mlkem_native/src/native/x86_64/src/nttunpack_avx2_asm.S | upstream/mlkem-native/barrett-reduce-af4c5abd-full-source-snapshot/examples/monolithic_build_multilevel/mlkem_native/src/native/x86_64/src/nttunpack_avx2_asm.S | upstream/mlkem-native/barrett-reduce-af4c5abd-full-source-snapshot/examples/monolithic_build_multilevel_native/mlkem_native/src/native/x86_64/src/nttunpack_avx2_asm.S | upstream/mlkem-native/barrett-reduce-af4c5abd-full-source-snapshot/examples/monolithic_build_native/mlkem_native/src/native/x86_64/src/nttunpack_avx2_asm.S | upstream/mlkem-native/barrett-reduce-af4c5abd-full-source-snapshot/examples/multilevel_build/mlkem_native/src/native/x86_64/src/nttunpack_avx2_asm.S | upstream/mlkem-native/barrett-reduce-af4c5abd-full-source-snapshot/examples/multilevel_build_native/mlkem_native/src/native/x86_64/src/nttunpack_avx2_asm.S | upstream/mlkem-native/barrett-reduce-af4c5abd-full-source-snapshot/mlkem/src/native/x86_64/src/nttunpack_avx2_asm.S
02e6b8901bb6334a378aab1f13538693f04726a5111aed7cc6c4cdbd41188f50	12	upstream/mlkem-native/barrett-reduce-af4c5abd-full-source-snapshot/examples/basic/mlkem_native/src/sys.h | upstream/mlkem-native/barrett-reduce-af4c5abd-full-source-snapshot/examples/basic_deterministic/mlkem_native/src/sys.h | upstream/mlkem-native/barrett-reduce-af4c5abd-full-source-snapshot/examples/bring_your_own_fips202/mlkem_native/src/sys.h | upstream/mlkem-native/barrett-reduce-af4c5abd-full-source-snapshot/examples/bring_your_own_fips202_static/mlkem_native/src/sys.h | upstream/mlkem-native/barrett-reduce-af4c5abd-full-source-snapshot/examples/custom_backend/mlkem_native/src/sys.h | upstream/mlkem-native/barrett-reduce-af4c5abd-full-source-snapshot/examples/monolithic_build/mlkem_native/src/sys.h | upstream/mlkem-native/barrett-reduce-af4c5abd-full-source-snapshot/examples/monolithic_build_multilevel/mlkem_native/src/sys.h | upstream/mlkem-native/barrett-reduce-af4c5abd-full-source-snapshot/examples/monolithic_build_multilevel_native/mlkem_native/src/sys.h | upstream/mlkem-native/barrett-reduce-af4c5abd-full-source-snapshot/examples/monolithic_build_native/mlkem_native/src/sys.h | upstream/mlkem-native/barrett-reduce-af4c5abd-full-source-snapshot/examples/multilevel_build/mlkem_native/src/sys.h | upstream/mlkem-native/barrett-reduce-af4c5abd-full-source-snapshot/examples/multilevel_build_native/mlkem_native/src/sys.h | upstream/mlkem-native/barrett-reduce-af4c5abd-full-source-snapshot/mlkem/src/sys.h
038db9e70d95cae65bd1f5d7dbaff8625f2d4eaf9f461e05d1d9ae0bc9564519	2	upstream/mlkem-native/barrett-reduce-af4c5abd-full-source-snapshot/proofs/cbmc/keccakf1600x4_permute/keccakf1600x4_permute_harness.c | upstream/mlkem-native/barrett-reduce-af4c5abd-full-source-snapshot/proofs/cbmc/keccakf1600x4_permute_native_x4/keccakf1600x4_permute_native_x4_harness.c
0408bd0744346e2c59924ebc8a9a55e750a453b1595fc0fc85532f1626bdec0a	12	upstream/mlkem-native/barrett-reduce-af4c5abd-full-source-snapshot/examples/basic/mlkem_native/src/sampling.c | upstream/mlkem-native/barrett-reduce-af4c5abd-full-source-snapshot/examples/basic_deterministic/mlkem_native/src/sampling.c | upstream/mlkem-native/barrett-reduce-af4c5abd-full-source-snapshot/examples/bring_your_own_fips202/mlkem_native/src/sampling.c | upstream/mlkem-native/barrett-reduce-af4c5abd-full-source-snapshot/examples/bring_your_own_fips202_static/mlkem_native/src/sampling.c | upstream/mlkem-native/barrett-reduce-af4c5abd-full-source-snapshot/examples/custom_backend/mlkem_native/src/sampling.c | upstream/mlkem-native/barrett-reduce-af4c5abd-full-source-snapshot/examples/monolithic_build/mlkem_native/src/sampling.c | upstream/mlkem-native/barrett-reduce-af4c5abd-full-source-snapshot/examples/monolithic_build_multilevel/mlkem_native/src/sampling.c | upstream/mlkem-native/barrett-reduce-af4c5abd-full-source-snapshot/examples/monolithic_build_multilevel_native/mlkem_native/src/sampling.c | upstream/mlkem-native/barrett-reduce-af4c5abd-full-source-snapshot/examples/monolithic_build_native/mlkem_native/src/sampling.c | upstream/mlkem-native/barrett-reduce-af4c5abd-full-source-snapshot/examples/multilevel_build/mlkem_native/src/sampling.c | upstream/mlkem-native/barrett-reduce-af4c5abd-full-source-snapshot/examples/multilevel_build_native/mlkem_native/src/sampling.c | upstream/mlkem-native/barrett-reduce-af4c5abd-full-source-snapshot/mlkem/src/sampling.c
07686bcada5adb81bec5dd2616dfffa6fd38a20fa3dc9dbe11d747a174aa9e74	2	provenance/frozen-baseline/barrett-reduce/historical-path-bearing-sidecars/partial-T1-T2/T1/BR_AF4_T1_FINAL_FREEZE_V1.tar.gz.sha256 | provenance/frozen-baseline/barrett-reduce/historical-path-bearing-sidecars/root/BR_AF4_T1_FINAL_FREEZE_V1.tar.gz.sha256
07ad9aef4253ed87ee1fe3a47fa5bdd2ec13d3a0c7020e57fa6570090c251815	9	upstream/mlkem-native/barrett-reduce-af4c5abd-full-source-snapshot/examples/basic/mlkem_native/src/native/x86_64/src/polyvec_basemul_acc_montgomery_cached_k4_avx2_asm.S | upstream/mlkem-native/barrett-reduce-af4c5abd-full-source-snapshot/examples/basic_deterministic/mlkem_native/src/native/x86_64/src/polyvec_basemul_acc_montgomery_cached_k4_avx2_asm.S | upstream/mlkem-native/barrett-reduce-af4c5abd-full-source-snapshot/examples/bring_your_own_fips202_static/mlkem_native/src/native/x86_64/src/polyvec_basemul_acc_montgomery_cached_k4_avx2_asm.S | upstream/mlkem-native/barrett-reduce-af4c5abd-full-source-snapshot/examples/monolithic_build_multilevel/mlkem_native/src/native/x86_64/src/polyvec_basemul_acc_montgomery_cached_k4_avx2_asm.S | upstream/mlkem-native/barrett-reduce-af4c5abd-full-source-snapshot/examples/monolithic_build_multilevel_native/mlkem_native/src/native/x86_64/src/polyvec_basemul_acc_montgomery_cached_k4_avx2_asm.S | upstream/mlkem-native/barrett-reduce-af4c5abd-full-source-snapshot/examples/monolithic_build_native/mlkem_native/src/native/x86_64/src/polyvec_basemul_acc_montgomery_cached_k4_avx2_asm.S | upstream/mlkem-native/barrett-reduce-af4c5abd-full-source-snapshot/examples/multilevel_build/mlkem_native/src/native/x86_64/src/polyvec_basemul_acc_montgomery_cached_k4_avx2_asm.S | upstream/mlkem-native/barrett-reduce-af4c5abd-full-source-snapshot/examples/multilevel_build_native/mlkem_native/src/native/x86_64/src/polyvec_basemul_acc_montgomery_cached_k4_avx2_asm.S | upstream/mlkem-native/barrett-reduce-af4c5abd-full-source-snapshot/mlkem/src/native/x86_64/src/polyvec_basemul_acc_montgomery_cached_k4_avx2_asm.S
093d13133e258b9c362e2db0fea19b1d201877a9e1e7e014174a693d9862f5df	9	upstream/mlkem-native/barrett-reduce-af4c5abd-full-source-snapshot/examples/basic/mlkem_native/src/native/riscv64/src/rv64v_zetas_basemul.inc | upstream/mlkem-native/barrett-reduce-af4c5abd-full-source-snapshot/examples/basic_deterministic/mlkem_native/src/native/riscv64/src/rv64v_zetas_basemul.inc | upstream/mlkem-native/barrett-reduce-af4c5abd-full-source-snapshot/examples/bring_your_own_fips202_static/mlkem_native/src/native/riscv64/src/rv64v_zetas_basemul.inc | upstream/mlkem-native/barrett-reduce-af4c5abd-full-source-snapshot/examples/monolithic_build_multilevel/mlkem_native/src/native/riscv64/src/rv64v_zetas_basemul.inc | upstream/mlkem-native/barrett-reduce-af4c5abd-full-source-snapshot/examples/monolithic_build_multilevel_native/mlkem_native/src/native/riscv64/src/rv64v_zetas_basemul.inc | upstream/mlkem-native/barrett-reduce-af4c5abd-full-source-snapshot/examples/monolithic_build_native/mlkem_native/src/native/riscv64/src/rv64v_zetas_basemul.inc | upstream/mlkem-native/barrett-reduce-af4c5abd-full-source-snapshot/examples/multilevel_build/mlkem_native/src/native/riscv64/src/rv64v_zetas_basemul.inc | upstream/mlkem-native/barrett-reduce-af4c5abd-full-source-snapshot/examples/multilevel_build_native/mlkem_native/src/native/riscv64/src/rv64v_zetas_basemul.inc | upstream/mlkem-native/barrett-reduce-af4c5abd-full-source-snapshot/mlkem/src/native/riscv64/src/rv64v_zetas_basemul.inc
0972dd9bc7ade48dbfa3e9df2bcddffdf155c397b9f33726530d76159184443a	2	upstream/mlkem-native/barrett-reduce-af4c5abd-full-source-snapshot/proofs/cbmc/poly_compress_d10/poly_compress_d10_harness.c | upstream/mlkem-native/barrett-reduce-af4c5abd-full-source-snapshot/proofs/cbmc/poly_compress_d10_native/poly_compress_d10_native_harness.c
09bdfd4a19a9cb495832a78d0f099a6c949c40014472b33fb54d66bb56e660e0	12	upstream/mlkem-native/barrett-reduce-af4c5abd-full-source-snapshot/examples/basic/mlkem_native/src/poly_k.h | upstream/mlkem-native/barrett-reduce-af4c5abd-full-source-snapshot/examples/basic_deterministic/mlkem_native/src/poly_k.h | upstream/mlkem-native/barrett-reduce-af4c5abd-full-source-snapshot/examples/bring_your_own_fips202/mlkem_native/src/poly_k.h | upstream/mlkem-native/barrett-reduce-af4c5abd-full-source-snapshot/examples/bring_your_own_fips202_static/mlkem_native/src/poly_k.h | upstream/mlkem-native/barrett-reduce-af4c5abd-full-source-snapshot/examples/custom_backend/mlkem_native/src/poly_k.h | upstream/mlkem-native/barrett-reduce-af4c5abd-full-source-snapshot/examples/monolithic_build/mlkem_native/src/poly_k.h | upstream/mlkem-native/barrett-reduce-af4c5abd-full-source-snapshot/examples/monolithic_build_multilevel/mlkem_native/src/poly_k.h | upstream/mlkem-native/barrett-reduce-af4c5abd-full-source-snapshot/examples/monolithic_build_multilevel_native/mlkem_native/src/poly_k.h | upstream/mlkem-native/barrett-reduce-af4c5abd-full-source-snapshot/examples/monolithic_build_native/mlkem_native/src/poly_k.h | upstream/mlkem-native/barrett-reduce-af4c5abd-full-source-snapshot/examples/multilevel_build/mlkem_native/src/poly_k.h | upstream/mlkem-native/barrett-reduce-af4c5abd-full-source-snapshot/examples/multilevel_build_native/mlkem_native/src/poly_k.h | upstream/mlkem-native/barrett-reduce-af4c5abd-full-source-snapshot/mlkem/src/poly_k.h
0d7204414cd1d46c88b4e2f020d0ebbf7f2f64622c9c24489627fe89c34a9617	2	upstream/mlkem-native/barrett-reduce-af4c5abd-full-source-snapshot/proofs/cbmc/poly_mulcache_compute/poly_mulcache_compute_harness.c | upstream/mlkem-native/barrett-reduce-af4c5abd-full-source-snapshot/proofs/cbmc/poly_mulcache_compute_native/poly_mulcache_compute_native_harness.c
0f357a30e7ea37351854dc550e502e5a7eaf80184896bf92b40073175706e0dd	12	upstream/mlkem-native/barrett-reduce-af4c5abd-full-source-snapshot/examples/basic/mlkem_native/src/compress.h | upstream/mlkem-native/barrett-reduce-af4c5abd-full-source-snapshot/examples/basic_deterministic/mlkem_native/src/compress.h | upstream/mlkem-native/barrett-reduce-af4c5abd-full-source-snapshot/examples/bring_your_own_fips202/mlkem_native/src/compress.h | upstream/mlkem-native/barrett-reduce-af4c5abd-full-source-snapshot/examples/bring_your_own_fips202_static/mlkem_native/src/compress.h | upstream/mlkem-native/barrett-reduce-af4c5abd-full-source-snapshot/examples/custom_backend/mlkem_native/src/compress.h | upstream/mlkem-native/barrett-reduce-af4c5abd-full-source-snapshot/examples/monolithic_build/mlkem_native/src/compress.h | upstream/mlkem-native/barrett-reduce-af4c5abd-full-source-snapshot/examples/monolithic_build_multilevel/mlkem_native/src/compress.h | upstream/mlkem-native/barrett-reduce-af4c5abd-full-source-snapshot/examples/monolithic_build_multilevel_native/mlkem_native/src/compress.h | upstream/mlkem-native/barrett-reduce-af4c5abd-full-source-snapshot/examples/monolithic_build_native/mlkem_native/src/compress.h | upstream/mlkem-native/barrett-reduce-af4c5abd-full-source-snapshot/examples/multilevel_build/mlkem_native/src/compress.h | upstream/mlkem-native/barrett-reduce-af4c5abd-full-source-snapshot/examples/multilevel_build_native/mlkem_native/src/compress.h | upstream/mlkem-native/barrett-reduce-af4c5abd-full-source-snapshot/mlkem/src/compress.h
0f4e7024475acf7cc84adc8c013356fd650e312b9ea8855da32fa1531f4af7f7	11	upstream/mlkem-native/barrett-reduce-af4c5abd-full-source-snapshot/dev/aarch64_clean/src/rej_uniform_table.c | upstream/mlkem-native/barrett-reduce-af4c5abd-full-source-snapshot/dev/aarch64_opt/src/rej_uniform_table.c | upstream/mlkem-native/barrett-reduce-af4c5abd-full-source-snapshot/examples/basic/mlkem_native/src/native/aarch64/src/rej_uniform_table.c | upstream/mlkem-native/barrett-reduce-af4c5abd-full-source-snapshot/examples/basic_deterministic/mlkem_native/src/native/aarch64/src/rej_uniform_table.c | upstream/mlkem-native/barrett-reduce-af4c5abd-full-source-snapshot/examples/bring_your_own_fips202_static/mlkem_native/src/native/aarch64/src/rej_uniform_table.c | upstream/mlkem-native/barrett-reduce-af4c5abd-full-source-snapshot/examples/monolithic_build_multilevel/mlkem_native/src/native/aarch64/src/rej_uniform_table.c | upstream/mlkem-native/barrett-reduce-af4c5abd-full-source-snapshot/examples/monolithic_build_multilevel_native/mlkem_native/src/native/aarch64/src/rej_uniform_table.c | upstream/mlkem-native/barrett-reduce-af4c5abd-full-source-snapshot/examples/monolithic_build_native/mlkem_native/src/native/aarch64/src/rej_uniform_table.c | upstream/mlkem-native/barrett-reduce-af4c5abd-full-source-snapshot/examples/multilevel_build/mlkem_native/src/native/aarch64/src/rej_uniform_table.c | upstream/mlkem-native/barrett-reduce-af4c5abd-full-source-snapshot/examples/multilevel_build_native/mlkem_native/src/native/aarch64/src/rej_uniform_table.c | upstream/mlkem-native/barrett-reduce-af4c5abd-full-source-snapshot/mlkem/src/native/aarch64/src/rej_uniform_table.c
10b760e2cd19161b7071a81dbabd7619498a5e0d383416cd2e62b0709399926e	2	upstream/mlkem-native/barrett-reduce-af4c5abd-full-source-snapshot/proofs/cbmc/poly_compress_d11/poly_compress_d11_harness.c | upstream/mlkem-native/barrett-reduce-af4c5abd-full-source-snapshot/proofs/cbmc/poly_compress_d11_native/poly_compress_d11_native_harness.c
1229009312b61690b2f56babf7a6f648fa9c51ef30d6a5d2a5b44cb23fcc00ff	8	upstream/mlkem-native/barrett-reduce-af4c5abd-full-source-snapshot/examples/basic/mlkem_native/src/fips202/native/aarch64/auto.h | upstream/mlkem-native/barrett-reduce-af4c5abd-full-source-snapshot/examples/basic_deterministic/mlkem_native/src/fips202/native/aarch64/auto.h | upstream/mlkem-native/barrett-reduce-af4c5abd-full-source-snapshot/examples/monolithic_build_multilevel/mlkem_native/src/fips202/native/aarch64/auto.h | upstream/mlkem-native/barrett-reduce-af4c5abd-full-source-snapshot/examples/monolithic_build_multilevel_native/mlkem_native/src/fips202/native/aarch64/auto.h | upstream/mlkem-native/barrett-reduce-af4c5abd-full-source-snapshot/examples/monolithic_build_native/mlkem_native/src/fips202/native/aarch64/auto.h | upstream/mlkem-native/barrett-reduce-af4c5abd-full-source-snapshot/examples/multilevel_build/mlkem_native/src/fips202/native/aarch64/auto.h | upstream/mlkem-native/barrett-reduce-af4c5abd-full-source-snapshot/examples/multilevel_build_native/mlkem_native/src/fips202/native/aarch64/auto.h | upstream/mlkem-native/barrett-reduce-af4c5abd-full-source-snapshot/mlkem/src/fips202/native/aarch64/auto.h
12fe62f76060aa2cdd41de6170e0c787c516ae753ed32579c9c39b1af55130fb	12	upstream/mlkem-native/barrett-reduce-af4c5abd-full-source-snapshot/examples/basic/mlkem_native/src/cbmc.h | upstream/mlkem-native/barrett-reduce-af4c5abd-full-source-snapshot/examples/basic_deterministic/mlkem_native/src/cbmc.h | upstream/mlkem-native/barrett-reduce-af4c5abd-full-source-snapshot/examples/bring_your_own_fips202/mlkem_native/src/cbmc.h | upstream/mlkem-native/barrett-reduce-af4c5abd-full-source-snapshot/examples/bring_your_own_fips202_static/mlkem_native/src/cbmc.h | upstream/mlkem-native/barrett-reduce-af4c5abd-full-source-snapshot/examples/custom_backend/mlkem_native/src/cbmc.h | upstream/mlkem-native/barrett-reduce-af4c5abd-full-source-snapshot/examples/monolithic_build/mlkem_native/src/cbmc.h | upstream/mlkem-native/barrett-reduce-af4c5abd-full-source-snapshot/examples/monolithic_build_multilevel/mlkem_native/src/cbmc.h | upstream/mlkem-native/barrett-reduce-af4c5abd-full-source-snapshot/examples/monolithic_build_multilevel_native/mlkem_native/src/cbmc.h | upstream/mlkem-native/barrett-reduce-af4c5abd-full-source-snapshot/examples/monolithic_build_native/mlkem_native/src/cbmc.h | upstream/mlkem-native/barrett-reduce-af4c5abd-full-source-snapshot/examples/multilevel_build/mlkem_native/src/cbmc.h | upstream/mlkem-native/barrett-reduce-af4c5abd-full-source-snapshot/examples/multilevel_build_native/mlkem_native/src/cbmc.h | upstream/mlkem-native/barrett-reduce-af4c5abd-full-source-snapshot/mlkem/src/cbmc.h
137eb6e5854b8e58c2caec6eea86530c8e7495706f6f5b3e007e25a9875e164f	12	upstream/mlkem-native/barrett-reduce-af4c5abd-full-source-snapshot/examples/basic/mlkem_native/src/randombytes.h | upstream/mlkem-native/barrett-reduce-af4c5abd-full-source-snapshot/examples/basic_deterministic/mlkem_native/src/randombytes.h | upstream/mlkem-native/barrett-reduce-af4c5abd-full-source-snapshot/examples/bring_your_own_fips202/mlkem_native/src/randombytes.h | upstream/mlkem-native/barrett-reduce-af4c5abd-full-source-snapshot/examples/bring_your_own_fips202_static/mlkem_native/src/randombytes.h | upstream/mlkem-native/barrett-reduce-af4c5abd-full-source-snapshot/examples/custom_backend/mlkem_native/src/randombytes.h | upstream/mlkem-native/barrett-reduce-af4c5abd-full-source-snapshot/examples/monolithic_build/mlkem_native/src/randombytes.h | upstream/mlkem-native/barrett-reduce-af4c5abd-full-source-snapshot/examples/monolithic_build_multilevel/mlkem_native/src/randombytes.h | upstream/mlkem-native/barrett-reduce-af4c5abd-full-source-snapshot/examples/monolithic_build_multilevel_native/mlkem_native/src/randombytes.h | upstream/mlkem-native/barrett-reduce-af4c5abd-full-source-snapshot/examples/monolithic_build_native/mlkem_native/src/randombytes.h | upstream/mlkem-native/barrett-reduce-af4c5abd-full-source-snapshot/examples/multilevel_build/mlkem_native/src/randombytes.h | upstream/mlkem-native/barrett-reduce-af4c5abd-full-source-snapshot/examples/multilevel_build_native/mlkem_native/src/randombytes.h | upstream/mlkem-native/barrett-reduce-af4c5abd-full-source-snapshot/mlkem/src/randombytes.h
13f44749f65099bee5bc55be260932d5e832bbd091335f1e47c31df464c1881f	12	upstream/mlkem-native/barrett-reduce-af4c5abd-full-source-snapshot/examples/basic/mlkem_native/src/verify.h | upstream/mlkem-native/barrett-reduce-af4c5abd-full-source-snapshot/examples/basic_deterministic/mlkem_native/src/verify.h | upstream/mlkem-native/barrett-reduce-af4c5abd-full-source-snapshot/examples/bring_your_own_fips202/mlkem_native/src/verify.h | upstream/mlkem-native/barrett-reduce-af4c5abd-full-source-snapshot/examples/bring_your_own_fips202_static/mlkem_native/src/verify.h | upstream/mlkem-native/barrett-reduce-af4c5abd-full-source-snapshot/examples/custom_backend/mlkem_native/src/verify.h | upstream/mlkem-native/barrett-reduce-af4c5abd-full-source-snapshot/examples/monolithic_build/mlkem_native/src/verify.h | upstream/mlkem-native/barrett-reduce-af4c5abd-full-source-snapshot/examples/monolithic_build_multilevel/mlkem_native/src/verify.h | upstream/mlkem-native/barrett-reduce-af4c5abd-full-source-snapshot/examples/monolithic_build_multilevel_native/mlkem_native/src/verify.h | upstream/mlkem-native/barrett-reduce-af4c5abd-full-source-snapshot/examples/monolithic_build_native/mlkem_native/src/verify.h | upstream/mlkem-native/barrett-reduce-af4c5abd-full-source-snapshot/examples/multilevel_build/mlkem_native/src/verify.h | upstream/mlkem-native/barrett-reduce-af4c5abd-full-source-snapshot/examples/multilevel_build_native/mlkem_native/src/verify.h | upstream/mlkem-native/barrett-reduce-af4c5abd-full-source-snapshot/mlkem/src/verify.h
166f9d829d9f1f40e1b066de49c4c181aa1db1fbcda88f3131cb0e62d4be984d	9	upstream/mlkem-native/barrett-reduce-af4c5abd-full-source-snapshot/examples/basic/mlkem_native/src/native/x86_64/src/poly_compress_d4_avx2_asm.S | upstream/mlkem-native/barrett-reduce-af4c5abd-full-source-snapshot/examples/basic_deterministic/mlkem_native/src/native/x86_64/src/poly_compress_d4_avx2_asm.S | upstream/mlkem-native/barrett-reduce-af4c5abd-full-source-snapshot/examples/bring_your_own_fips202_static/mlkem_native/src/native/x86_64/src/poly_compress_d4_avx2_asm.S | upstream/mlkem-native/barrett-reduce-af4c5abd-full-source-snapshot/examples/monolithic_build_multilevel/mlkem_native/src/native/x86_64/src/poly_compress_d4_avx2_asm.S | upstream/mlkem-native/barrett-reduce-af4c5abd-full-source-snapshot/examples/monolithic_build_multilevel_native/mlkem_native/src/native/x86_64/src/poly_compress_d4_avx2_asm.S | upstream/mlkem-native/barrett-reduce-af4c5abd-full-source-snapshot/examples/monolithic_build_native/mlkem_native/src/native/x86_64/src/poly_compress_d4_avx2_asm.S | upstream/mlkem-native/barrett-reduce-af4c5abd-full-source-snapshot/examples/multilevel_build/mlkem_native/src/native/x86_64/src/poly_compress_d4_avx2_asm.S | upstream/mlkem-native/barrett-reduce-af4c5abd-full-source-snapshot/examples/multilevel_build_native/mlkem_native/src/native/x86_64/src/poly_compress_d4_avx2_asm.S | upstream/mlkem-native/barrett-reduce-af4c5abd-full-source-snapshot/mlkem/src/native/x86_64/src/poly_compress_d4_avx2_asm.S
168d0ec3bf50bd45cb0a103d7984e9ccf52f78697718b7e85efdf1beda7abc95	12	upstream/mlkem-native/barrett-reduce-af4c5abd-full-source-snapshot/examples/basic/mlkem_native/src/symmetric.h | upstream/mlkem-native/barrett-reduce-af4c5abd-full-source-snapshot/examples/basic_deterministic/mlkem_native/src/symmetric.h | upstream/mlkem-native/barrett-reduce-af4c5abd-full-source-snapshot/examples/bring_your_own_fips202/mlkem_native/src/symmetric.h | upstream/mlkem-native/barrett-reduce-af4c5abd-full-source-snapshot/examples/bring_your_own_fips202_static/mlkem_native/src/symmetric.h | upstream/mlkem-native/barrett-reduce-af4c5abd-full-source-snapshot/examples/custom_backend/mlkem_native/src/symmetric.h | upstream/mlkem-native/barrett-reduce-af4c5abd-full-source-snapshot/examples/monolithic_build/mlkem_native/src/symmetric.h | upstream/mlkem-native/barrett-reduce-af4c5abd-full-source-snapshot/examples/monolithic_build_multilevel/mlkem_native/src/symmetric.h | upstream/mlkem-native/barrett-reduce-af4c5abd-full-source-snapshot/examples/monolithic_build_multilevel_native/mlkem_native/src/symmetric.h | upstream/mlkem-native/barrett-reduce-af4c5abd-full-source-snapshot/examples/monolithic_build_native/mlkem_native/src/symmetric.h | upstream/mlkem-native/barrett-reduce-af4c5abd-full-source-snapshot/examples/multilevel_build/mlkem_native/src/symmetric.h | upstream/mlkem-native/barrett-reduce-af4c5abd-full-source-snapshot/examples/multilevel_build_native/mlkem_native/src/symmetric.h | upstream/mlkem-native/barrett-reduce-af4c5abd-full-source-snapshot/mlkem/src/symmetric.h
179af17d2e0a2442e9fe7b8a195af549dc0cf445de4a1ff9810818096293fffb	10	upstream/mlkem-native/barrett-reduce-af4c5abd-full-source-snapshot/examples/basic/auto.mk | upstream/mlkem-native/barrett-reduce-af4c5abd-full-source-snapshot/examples/basic_deterministic/auto.mk | upstream/mlkem-native/barrett-reduce-af4c5abd-full-source-snapshot/examples/bring_your_own_fips202/auto.mk | upstream/mlkem-native/barrett-reduce-af4c5abd-full-source-snapshot/examples/bring_your_own_fips202_static/auto.mk | upstream/mlkem-native/barrett-reduce-af4c5abd-full-source-snapshot/examples/custom_backend/auto.mk | upstream/mlkem-native/barrett-reduce-af4c5abd-full-source-snapshot/examples/monolithic_build_multilevel_native/auto.mk | upstream/mlkem-native/barrett-reduce-af4c5abd-full-source-snapshot/examples/monolithic_build_native/auto.mk | upstream/mlkem-native/barrett-reduce-af4c5abd-full-source-snapshot/examples/multilevel_build/auto.mk | upstream/mlkem-native/barrett-reduce-af4c5abd-full-source-snapshot/examples/multilevel_build_native/auto.mk | upstream/mlkem-native/barrett-reduce-af4c5abd-full-source-snapshot/test/mk/auto.mk
17b89a202be6a65f271f873c6bfbdc2fe364a4b32d52317116f9e8bcc2d9e41d	2	upstream/mlkem-native/barrett-reduce-af4c5abd-full-source-snapshot/proofs/cbmc/polyvec_permute_bitrev_to_custom/polyvec_permute_bitrev_to_custom_harness.c | upstream/mlkem-native/barrett-reduce-af4c5abd-full-source-snapshot/proofs/cbmc/polyvec_permute_bitrev_to_custom_native/polyvec_permute_bitrev_to_custom_native_harness.c
1b7d61373aa19548a87de892bfcfda9702295393002ba88eeb3be3d35ec700ab	9	upstream/mlkem-native/barrett-reduce-af4c5abd-full-source-snapshot/examples/basic/mlkem_native/src/native/aarch64/src/poly_reduce_aarch64_asm.S | upstream/mlkem-native/barrett-reduce-af4c5abd-full-source-snapshot/examples/basic_deterministic/mlkem_native/src/native/aarch64/src/poly_reduce_aarch64_asm.S | upstream/mlkem-native/barrett-reduce-af4c5abd-full-source-snapshot/examples/bring_your_own_fips202_static/mlkem_native/src/native/aarch64/src/poly_reduce_aarch64_asm.S | upstream/mlkem-native/barrett-reduce-af4c5abd-full-source-snapshot/examples/monolithic_build_multilevel/mlkem_native/src/native/aarch64/src/poly_reduce_aarch64_asm.S | upstream/mlkem-native/barrett-reduce-af4c5abd-full-source-snapshot/examples/monolithic_build_multilevel_native/mlkem_native/src/native/aarch64/src/poly_reduce_aarch64_asm.S | upstream/mlkem-native/barrett-reduce-af4c5abd-full-source-snapshot/examples/monolithic_build_native/mlkem_native/src/native/aarch64/src/poly_reduce_aarch64_asm.S | upstream/mlkem-native/barrett-reduce-af4c5abd-full-source-snapshot/examples/multilevel_build/mlkem_native/src/native/aarch64/src/poly_reduce_aarch64_asm.S | upstream/mlkem-native/barrett-reduce-af4c5abd-full-source-snapshot/examples/multilevel_build_native/mlkem_native/src/native/aarch64/src/poly_reduce_aarch64_asm.S | upstream/mlkem-native/barrett-reduce-af4c5abd-full-source-snapshot/mlkem/src/native/aarch64/src/poly_reduce_aarch64_asm.S
1be4f1af21ecdc4d388917441a7135fa3bc1f189b4b4f8bcd7723d12013b3f25	8	upstream/mlkem-native/barrett-reduce-af4c5abd-full-source-snapshot/examples/basic/mlkem_native/src/fips202/native/armv81m/mve.h | upstream/mlkem-native/barrett-reduce-af4c5abd-full-source-snapshot/examples/basic_deterministic/mlkem_native/src/fips202/native/armv81m/mve.h | upstream/mlkem-native/barrett-reduce-af4c5abd-full-source-snapshot/examples/monolithic_build_multilevel/mlkem_native/src/fips202/native/armv81m/mve.h | upstream/mlkem-native/barrett-reduce-af4c5abd-full-source-snapshot/examples/monolithic_build_multilevel_native/mlkem_native/src/fips202/native/armv81m/mve.h | upstream/mlkem-native/barrett-reduce-af4c5abd-full-source-snapshot/examples/monolithic_build_native/mlkem_native/src/fips202/native/armv81m/mve.h | upstream/mlkem-native/barrett-reduce-af4c5abd-full-source-snapshot/examples/multilevel_build/mlkem_native/src/fips202/native/armv81m/mve.h | upstream/mlkem-native/barrett-reduce-af4c5abd-full-source-snapshot/examples/multilevel_build_native/mlkem_native/src/fips202/native/armv81m/mve.h | upstream/mlkem-native/barrett-reduce-af4c5abd-full-source-snapshot/mlkem/src/fips202/native/armv81m/mve.h
1e2f765339130173959a59d3e0bd401613141f3f9ffbbf73097935254fcc8601	9	upstream/mlkem-native/barrett-reduce-af4c5abd-full-source-snapshot/examples/basic/mlkem_native/src/native/x86_64/src/poly_mulcache_compute_avx2_asm.S | upstream/mlkem-native/barrett-reduce-af4c5abd-full-source-snapshot/examples/basic_deterministic/mlkem_native/src/native/x86_64/src/poly_mulcache_compute_avx2_asm.S | upstream/mlkem-native/barrett-reduce-af4c5abd-full-source-snapshot/examples/bring_your_own_fips202_static/mlkem_native/src/native/x86_64/src/poly_mulcache_compute_avx2_asm.S | upstream/mlkem-native/barrett-reduce-af4c5abd-full-source-snapshot/examples/monolithic_build_multilevel/mlkem_native/src/native/x86_64/src/poly_mulcache_compute_avx2_asm.S | upstream/mlkem-native/barrett-reduce-af4c5abd-full-source-snapshot/examples/monolithic_build_multilevel_native/mlkem_native/src/native/x86_64/src/poly_mulcache_compute_avx2_asm.S | upstream/mlkem-native/barrett-reduce-af4c5abd-full-source-snapshot/examples/monolithic_build_native/mlkem_native/src/native/x86_64/src/poly_mulcache_compute_avx2_asm.S | upstream/mlkem-native/barrett-reduce-af4c5abd-full-source-snapshot/examples/multilevel_build/mlkem_native/src/native/x86_64/src/poly_mulcache_compute_avx2_asm.S | upstream/mlkem-native/barrett-reduce-af4c5abd-full-source-snapshot/examples/multilevel_build_native/mlkem_native/src/native/x86_64/src/poly_mulcache_compute_avx2_asm.S | upstream/mlkem-native/barrett-reduce-af4c5abd-full-source-snapshot/mlkem/src/native/x86_64/src/poly_mulcache_compute_avx2_asm.S
213b1c5efc36ae5f94ed20a4cda43b9e905819283418b6cfac23e8ba5b449452	9	upstream/mlkem-native/barrett-reduce-af4c5abd-full-source-snapshot/examples/basic/mlkem_native/src/native/riscv64/src/rv64v_debug.h | upstream/mlkem-native/barrett-reduce-af4c5abd-full-source-snapshot/examples/basic_deterministic/mlkem_native/src/native/riscv64/src/rv64v_debug.h | upstream/mlkem-native/barrett-reduce-af4c5abd-full-source-snapshot/examples/bring_your_own_fips202_static/mlkem_native/src/native/riscv64/src/rv64v_debug.h | upstream/mlkem-native/barrett-reduce-af4c5abd-full-source-snapshot/examples/monolithic_build_multilevel/mlkem_native/src/native/riscv64/src/rv64v_debug.h | upstream/mlkem-native/barrett-reduce-af4c5abd-full-source-snapshot/examples/monolithic_build_multilevel_native/mlkem_native/src/native/riscv64/src/rv64v_debug.h | upstream/mlkem-native/barrett-reduce-af4c5abd-full-source-snapshot/examples/monolithic_build_native/mlkem_native/src/native/riscv64/src/rv64v_debug.h | upstream/mlkem-native/barrett-reduce-af4c5abd-full-source-snapshot/examples/multilevel_build/mlkem_native/src/native/riscv64/src/rv64v_debug.h | upstream/mlkem-native/barrett-reduce-af4c5abd-full-source-snapshot/examples/multilevel_build_native/mlkem_native/src/native/riscv64/src/rv64v_debug.h | upstream/mlkem-native/barrett-reduce-af4c5abd-full-source-snapshot/mlkem/src/native/riscv64/src/rv64v_debug.h
21e763d2ccdbaabce26916d33363afef6cd15d5be19c6c66ef4432109a5722ab	2	upstream/mlkem-native/barrett-reduce-af4c5abd-full-source-snapshot/proofs/cbmc/poly_decompress_d11/poly_decompress_d11_harness.c | upstream/mlkem-native/barrett-reduce-af4c5abd-full-source-snapshot/proofs/cbmc/poly_decompress_d11_native/poly_decompress_d11_native_harness.c
21f854e623079f1d100e757056e92ac0e7541634ba0bc933e1f46a479f18f42f	9	upstream/mlkem-native/barrett-reduce-af4c5abd-full-source-snapshot/examples/basic/mlkem_native/src/native/x86_64/src/poly_decompress_d4_avx2_asm.S | upstream/mlkem-native/barrett-reduce-af4c5abd-full-source-snapshot/examples/basic_deterministic/mlkem_native/src/native/x86_64/src/poly_decompress_d4_avx2_asm.S | upstream/mlkem-native/barrett-reduce-af4c5abd-full-source-snapshot/examples/bring_your_own_fips202_static/mlkem_native/src/native/x86_64/src/poly_decompress_d4_avx2_asm.S | upstream/mlkem-native/barrett-reduce-af4c5abd-full-source-snapshot/examples/monolithic_build_multilevel/mlkem_native/src/native/x86_64/src/poly_decompress_d4_avx2_asm.S | upstream/mlkem-native/barrett-reduce-af4c5abd-full-source-snapshot/examples/monolithic_build_multilevel_native/mlkem_native/src/native/x86_64/src/poly_decompress_d4_avx2_asm.S | upstream/mlkem-native/barrett-reduce-af4c5abd-full-source-snapshot/examples/monolithic_build_native/mlkem_native/src/native/x86_64/src/poly_decompress_d4_avx2_asm.S | upstream/mlkem-native/barrett-reduce-af4c5abd-full-source-snapshot/examples/multilevel_build/mlkem_native/src/native/x86_64/src/poly_decompress_d4_avx2_asm.S | upstream/mlkem-native/barrett-reduce-af4c5abd-full-source-snapshot/examples/multilevel_build_native/mlkem_native/src/native/x86_64/src/poly_decompress_d4_avx2_asm.S | upstream/mlkem-native/barrett-reduce-af4c5abd-full-source-snapshot/mlkem/src/native/x86_64/src/poly_decompress_d4_avx2_asm.S
23f8b50d4fce28432d0cd2121697477ace3382bc43e87ddffc5f8fd0110b1174	2	upstream/mlkem-native/barrett-reduce-af4c5abd-full-source-snapshot/proofs/cbmc/poly_tobytes/poly_tobytes_harness.c | upstream/mlkem-native/barrett-reduce-af4c5abd-full-source-snapshot/proofs/cbmc/poly_tobytes_native/poly_tobytes_native_harness.c
25537257adf04a0db9764a1034f0f7af0be25ec0a37c47faff81fb32ee93c5f1	12	upstream/mlkem-native/barrett-reduce-af4c5abd-full-source-snapshot/examples/basic/mlkem_native/src/indcpa.h | upstream/mlkem-native/barrett-reduce-af4c5abd-full-source-snapshot/examples/basic_deterministic/mlkem_native/src/indcpa.h | upstream/mlkem-native/barrett-reduce-af4c5abd-full-source-snapshot/examples/bring_your_own_fips202/mlkem_native/src/indcpa.h | upstream/mlkem-native/barrett-reduce-af4c5abd-full-source-snapshot/examples/bring_your_own_fips202_static/mlkem_native/src/indcpa.h | upstream/mlkem-native/barrett-reduce-af4c5abd-full-source-snapshot/examples/custom_backend/mlkem_native/src/indcpa.h | upstream/mlkem-native/barrett-reduce-af4c5abd-full-source-snapshot/examples/monolithic_build/mlkem_native/src/indcpa.h | upstream/mlkem-native/barrett-reduce-af4c5abd-full-source-snapshot/examples/monolithic_build_multilevel/mlkem_native/src/indcpa.h | upstream/mlkem-native/barrett-reduce-af4c5abd-full-source-snapshot/examples/monolithic_build_multilevel_native/mlkem_native/src/indcpa.h | upstream/mlkem-native/barrett-reduce-af4c5abd-full-source-snapshot/examples/monolithic_build_native/mlkem_native/src/indcpa.h | upstream/mlkem-native/barrett-reduce-af4c5abd-full-source-snapshot/examples/multilevel_build/mlkem_native/src/indcpa.h | upstream/mlkem-native/barrett-reduce-af4c5abd-full-source-snapshot/examples/multilevel_build_native/mlkem_native/src/indcpa.h | upstream/mlkem-native/barrett-reduce-af4c5abd-full-source-snapshot/mlkem/src/indcpa.h
263ac19f2b2bf5c784cbf04fd4c968762abedc6961d44f507c8953b52a38827e	12	upstream/mlkem-native/barrett-reduce-af4c5abd-full-source-snapshot/examples/basic/mlkem_native/src/debug.c | upstream/mlkem-native/barrett-reduce-af4c5abd-full-source-snapshot/examples/basic_deterministic/mlkem_native/src/debug.c | upstream/mlkem-native/barrett-reduce-af4c5abd-full-source-snapshot/examples/bring_your_own_fips202/mlkem_native/src/debug.c | upstream/mlkem-native/barrett-reduce-af4c5abd-full-source-snapshot/examples/bring_your_own_fips202_static/mlkem_native/src/debug.c | upstream/mlkem-native/barrett-reduce-af4c5abd-full-source-snapshot/examples/custom_backend/mlkem_native/src/debug.c | upstream/mlkem-native/barrett-reduce-af4c5abd-full-source-snapshot/examples/monolithic_build/mlkem_native/src/debug.c | upstream/mlkem-native/barrett-reduce-af4c5abd-full-source-snapshot/examples/monolithic_build_multilevel/mlkem_native/src/debug.c | upstream/mlkem-native/barrett-reduce-af4c5abd-full-source-snapshot/examples/monolithic_build_multilevel_native/mlkem_native/src/debug.c | upstream/mlkem-native/barrett-reduce-af4c5abd-full-source-snapshot/examples/monolithic_build_native/mlkem_native/src/debug.c | upstream/mlkem-native/barrett-reduce-af4c5abd-full-source-snapshot/examples/multilevel_build/mlkem_native/src/debug.c | upstream/mlkem-native/barrett-reduce-af4c5abd-full-source-snapshot/examples/multilevel_build_native/mlkem_native/src/debug.c | upstream/mlkem-native/barrett-reduce-af4c5abd-full-source-snapshot/mlkem/src/debug.c
272e46991f5f22f5e92dbfddc54f7ac8622b2162a1b6e3b984cb5acca835166c	9	upstream/mlkem-native/barrett-reduce-af4c5abd-full-source-snapshot/examples/basic/mlkem_native/src/native/ppc64le/src/poly_tomont_ppc_asm.S | upstream/mlkem-native/barrett-reduce-af4c5abd-full-source-snapshot/examples/basic_deterministic/mlkem_native/src/native/ppc64le/src/poly_tomont_ppc_asm.S | upstream/mlkem-native/barrett-reduce-af4c5abd-full-source-snapshot/examples/bring_your_own_fips202_static/mlkem_native/src/native/ppc64le/src/poly_tomont_ppc_asm.S | upstream/mlkem-native/barrett-reduce-af4c5abd-full-source-snapshot/examples/monolithic_build_multilevel/mlkem_native/src/native/ppc64le/src/poly_tomont_ppc_asm.S | upstream/mlkem-native/barrett-reduce-af4c5abd-full-source-snapshot/examples/monolithic_build_multilevel_native/mlkem_native/src/native/ppc64le/src/poly_tomont_ppc_asm.S | upstream/mlkem-native/barrett-reduce-af4c5abd-full-source-snapshot/examples/monolithic_build_native/mlkem_native/src/native/ppc64le/src/poly_tomont_ppc_asm.S | upstream/mlkem-native/barrett-reduce-af4c5abd-full-source-snapshot/examples/multilevel_build/mlkem_native/src/native/ppc64le/src/poly_tomont_ppc_asm.S | upstream/mlkem-native/barrett-reduce-af4c5abd-full-source-snapshot/examples/multilevel_build_native/mlkem_native/src/native/ppc64le/src/poly_tomont_ppc_asm.S | upstream/mlkem-native/barrett-reduce-af4c5abd-full-source-snapshot/mlkem/src/native/ppc64le/src/poly_tomont_ppc_asm.S
2748f5adee7f2a50008ba934459533e183b1cebe581eedcb85ece373516bd915	9	upstream/mlkem-native/barrett-reduce-af4c5abd-full-source-snapshot/examples/basic/mlkem_native/src/native/x86_64/src/compress_consts.h | upstream/mlkem-native/barrett-reduce-af4c5abd-full-source-snapshot/examples/basic_deterministic/mlkem_native/src/native/x86_64/src/compress_consts.h | upstream/mlkem-native/barrett-reduce-af4c5abd-full-source-snapshot/examples/bring_your_own_fips202_static/mlkem_native/src/native/x86_64/src/compress_consts.h | upstream/mlkem-native/barrett-reduce-af4c5abd-full-source-snapshot/examples/monolithic_build_multilevel/mlkem_native/src/native/x86_64/src/compress_consts.h | upstream/mlkem-native/barrett-reduce-af4c5abd-full-source-snapshot/examples/monolithic_build_multilevel_native/mlkem_native/src/native/x86_64/src/compress_consts.h | upstream/mlkem-native/barrett-reduce-af4c5abd-full-source-snapshot/examples/monolithic_build_native/mlkem_native/src/native/x86_64/src/compress_consts.h | upstream/mlkem-native/barrett-reduce-af4c5abd-full-source-snapshot/examples/multilevel_build/mlkem_native/src/native/x86_64/src/compress_consts.h | upstream/mlkem-native/barrett-reduce-af4c5abd-full-source-snapshot/examples/multilevel_build_native/mlkem_native/src/native/x86_64/src/compress_consts.h | upstream/mlkem-native/barrett-reduce-af4c5abd-full-source-snapshot/mlkem/src/native/x86_64/src/compress_consts.h
28c7c201e0bad415db25020f6f7f04c21e41649c08a3fae707d57e7b4227b454	3	experiments/barrett-reduce/T03-quotient-partition/mutation-hardening/BR_AF4_06_T3_MUTATION_HARDENING_RUN1/M1_production_shift_25/proof.goto | experiments/barrett-reduce/T03-quotient-partition/mutation-hardening/BR_AF4_06_T3_MUTATION_HARDENING_RUN1/M2_production_shift_27/proof.goto | experiments/barrett-reduce/T03-quotient-partition/positive-runs/BR_AF4_05_T3_QUOTIENT_PARTITION_RUN1/T3_quotient_partition/proof.goto
2a83df86204cb9b3602a019619a26c24876b2921254caaae53080bff8889f7b2	9	upstream/mlkem-native/barrett-reduce-af4c5abd-full-source-snapshot/examples/basic/mlkem_native/src/native/aarch64/meta.h | upstream/mlkem-native/barrett-reduce-af4c5abd-full-source-snapshot/examples/basic_deterministic/mlkem_native/src/native/aarch64/meta.h | upstream/mlkem-native/barrett-reduce-af4c5abd-full-source-snapshot/examples/bring_your_own_fips202_static/mlkem_native/src/native/aarch64/meta.h | upstream/mlkem-native/barrett-reduce-af4c5abd-full-source-snapshot/examples/monolithic_build_multilevel/mlkem_native/src/native/aarch64/meta.h | upstream/mlkem-native/barrett-reduce-af4c5abd-full-source-snapshot/examples/monolithic_build_multilevel_native/mlkem_native/src/native/aarch64/meta.h | upstream/mlkem-native/barrett-reduce-af4c5abd-full-source-snapshot/examples/monolithic_build_native/mlkem_native/src/native/aarch64/meta.h | upstream/mlkem-native/barrett-reduce-af4c5abd-full-source-snapshot/examples/multilevel_build/mlkem_native/src/native/aarch64/meta.h | upstream/mlkem-native/barrett-reduce-af4c5abd-full-source-snapshot/examples/multilevel_build_native/mlkem_native/src/native/aarch64/meta.h | upstream/mlkem-native/barrett-reduce-af4c5abd-full-source-snapshot/mlkem/src/native/aarch64/meta.h
2b392cb520706e848f3a417d417c08165044f9066c9dd1ded8f292280e513440	9	upstream/mlkem-native/barrett-reduce-af4c5abd-full-source-snapshot/examples/basic/mlkem_native/src/native/x86_64/src/poly_compress_d11_avx2_asm.S | upstream/mlkem-native/barrett-reduce-af4c5abd-full-source-snapshot/examples/basic_deterministic/mlkem_native/src/native/x86_64/src/poly_compress_d11_avx2_asm.S | upstream/mlkem-native/barrett-reduce-af4c5abd-full-source-snapshot/examples/bring_your_own_fips202_static/mlkem_native/src/native/x86_64/src/poly_compress_d11_avx2_asm.S | upstream/mlkem-native/barrett-reduce-af4c5abd-full-source-snapshot/examples/monolithic_build_multilevel/mlkem_native/src/native/x86_64/src/poly_compress_d11_avx2_asm.S | upstream/mlkem-native/barrett-reduce-af4c5abd-full-source-snapshot/examples/monolithic_build_multilevel_native/mlkem_native/src/native/x86_64/src/poly_compress_d11_avx2_asm.S | upstream/mlkem-native/barrett-reduce-af4c5abd-full-source-snapshot/examples/monolithic_build_native/mlkem_native/src/native/x86_64/src/poly_compress_d11_avx2_asm.S | upstream/mlkem-native/barrett-reduce-af4c5abd-full-source-snapshot/examples/multilevel_build/mlkem_native/src/native/x86_64/src/poly_compress_d11_avx2_asm.S | upstream/mlkem-native/barrett-reduce-af4c5abd-full-source-snapshot/examples/multilevel_build_native/mlkem_native/src/native/x86_64/src/poly_compress_d11_avx2_asm.S | upstream/mlkem-native/barrett-reduce-af4c5abd-full-source-snapshot/mlkem/src/native/x86_64/src/poly_compress_d11_avx2_asm.S
2bee4bbed28a072e2b36e5cee258a018fe58cbf705944f93c34d0bd1257dd5b6	2	upstream/mlkem-native/barrett-reduce-af4c5abd-full-source-snapshot/proofs/cbmc/poly_compress_d5/poly_compress_d5_harness.c | upstream/mlkem-native/barrett-reduce-af4c5abd-full-source-snapshot/proofs/cbmc/poly_compress_d5_native/poly_compress_d5_native_harness.c
2daeb1924916fa2f6ddd8bd80971ca31a1c7f4bf3afa77d63194d0cc1a8c788d	4	upstream/mlkem-native/barrett-reduce-af4c5abd-full-source-snapshot/proofs/cbmc/keccak_f1600_x4_native_aarch64_v84a/keccak_f1600_x4_native_aarch64_v84a_harness.c | upstream/mlkem-native/barrett-reduce-af4c5abd-full-source-snapshot/proofs/cbmc/keccak_f1600_x4_native_aarch64_v8a_scalar_hybrid/keccak_f1600_x4_native_aarch64_v8a_scalar_hybrid_harness.c | upstream/mlkem-native/barrett-reduce-af4c5abd-full-source-snapshot/proofs/cbmc/keccak_f1600_x4_native_aarch64_v8a_v84a_scalar_hybrid/keccak_f1600_x4_native_aarch64_v8a_v84a_scalar_hybrid_harness.c | upstream/mlkem-native/barrett-reduce-af4c5abd-full-source-snapshot/proofs/cbmc/keccak_f1600_x4_native_avx2/keccak_f1600_x4_native_avx2_harness.c
2e481ccbafc00765b210725c8e454f2b4dc622844eccf6a0c1e025657fcb5fe8	10	upstream/mlkem-native/barrett-reduce-af4c5abd-full-source-snapshot/examples/basic/mlkem_native/src/fips202/fips202x4.c | upstream/mlkem-native/barrett-reduce-af4c5abd-full-source-snapshot/examples/basic_deterministic/mlkem_native/src/fips202/fips202x4.c | upstream/mlkem-native/barrett-reduce-af4c5abd-full-source-snapshot/examples/custom_backend/mlkem_native/src/fips202/fips202x4.c | upstream/mlkem-native/barrett-reduce-af4c5abd-full-source-snapshot/examples/monolithic_build/mlkem_native/src/fips202/fips202x4.c | upstream/mlkem-native/barrett-reduce-af4c5abd-full-source-snapshot/examples/monolithic_build_multilevel/mlkem_native/src/fips202/fips202x4.c | upstream/mlkem-native/barrett-reduce-af4c5abd-full-source-snapshot/examples/monolithic_build_multilevel_native/mlkem_native/src/fips202/fips202x4.c | upstream/mlkem-native/barrett-reduce-af4c5abd-full-source-snapshot/examples/monolithic_build_native/mlkem_native/src/fips202/fips202x4.c | upstream/mlkem-native/barrett-reduce-af4c5abd-full-source-snapshot/examples/multilevel_build/mlkem_native/src/fips202/fips202x4.c | upstream/mlkem-native/barrett-reduce-af4c5abd-full-source-snapshot/examples/multilevel_build_native/mlkem_native/src/fips202/fips202x4.c | upstream/mlkem-native/barrett-reduce-af4c5abd-full-source-snapshot/mlkem/src/fips202/fips202x4.c
300725b916d1fa1895f4b194d2ffa2ca0c8316111cc9dbea21678c82505a05b5	3	upstream/mlkem-native/barrett-reduce-af4c5abd-full-source-snapshot/examples/bring_your_own_fips202/custom_fips202/tiny_sha3/README.md | upstream/mlkem-native/barrett-reduce-af4c5abd-full-source-snapshot/examples/bring_your_own_fips202_static/custom_fips202/tiny_sha3/README.md | upstream/mlkem-native/barrett-reduce-af4c5abd-full-source-snapshot/examples/custom_backend/mlkem_native/src/fips202/native/custom/src/README.md
303d1abccc4757d49a5c8df5f88080fefef617b7360056db5311bd94354096d4	12	upstream/mlkem-native/barrett-reduce-af4c5abd-full-source-snapshot/examples/basic/mlkem_native/src/zetas.inc | upstream/mlkem-native/barrett-reduce-af4c5abd-full-source-snapshot/examples/basic_deterministic/mlkem_native/src/zetas.inc | upstream/mlkem-native/barrett-reduce-af4c5abd-full-source-snapshot/examples/bring_your_own_fips202/mlkem_native/src/zetas.inc | upstream/mlkem-native/barrett-reduce-af4c5abd-full-source-snapshot/examples/bring_your_own_fips202_static/mlkem_native/src/zetas.inc | upstream/mlkem-native/barrett-reduce-af4c5abd-full-source-snapshot/examples/custom_backend/mlkem_native/src/zetas.inc | upstream/mlkem-native/barrett-reduce-af4c5abd-full-source-snapshot/examples/monolithic_build/mlkem_native/src/zetas.inc | upstream/mlkem-native/barrett-reduce-af4c5abd-full-source-snapshot/examples/monolithic_build_multilevel/mlkem_native/src/zetas.inc | upstream/mlkem-native/barrett-reduce-af4c5abd-full-source-snapshot/examples/monolithic_build_multilevel_native/mlkem_native/src/zetas.inc | upstream/mlkem-native/barrett-reduce-af4c5abd-full-source-snapshot/examples/monolithic_build_native/mlkem_native/src/zetas.inc | upstream/mlkem-native/barrett-reduce-af4c5abd-full-source-snapshot/examples/multilevel_build/mlkem_native/src/zetas.inc | upstream/mlkem-native/barrett-reduce-af4c5abd-full-source-snapshot/examples/multilevel_build_native/mlkem_native/src/zetas.inc | upstream/mlkem-native/barrett-reduce-af4c5abd-full-source-snapshot/mlkem/src/zetas.inc
30a3679a885c5c6e6d7312b57ad5a55e8f666495e4f5526b5d400a903ebb6cec	9	upstream/mlkem-native/barrett-reduce-af4c5abd-full-source-snapshot/examples/basic/mlkem_native/src/native/aarch64/src/intt_aarch64_asm.S | upstream/mlkem-native/barrett-reduce-af4c5abd-full-source-snapshot/examples/basic_deterministic/mlkem_native/src/native/aarch64/src/intt_aarch64_asm.S | upstream/mlkem-native/barrett-reduce-af4c5abd-full-source-snapshot/examples/bring_your_own_fips202_static/mlkem_native/src/native/aarch64/src/intt_aarch64_asm.S | upstream/mlkem-native/barrett-reduce-af4c5abd-full-source-snapshot/examples/monolithic_build_multilevel/mlkem_native/src/native/aarch64/src/intt_aarch64_asm.S | upstream/mlkem-native/barrett-reduce-af4c5abd-full-source-snapshot/examples/monolithic_build_multilevel_native/mlkem_native/src/native/aarch64/src/intt_aarch64_asm.S | upstream/mlkem-native/barrett-reduce-af4c5abd-full-source-snapshot/examples/monolithic_build_native/mlkem_native/src/native/aarch64/src/intt_aarch64_asm.S | upstream/mlkem-native/barrett-reduce-af4c5abd-full-source-snapshot/examples/multilevel_build/mlkem_native/src/native/aarch64/src/intt_aarch64_asm.S | upstream/mlkem-native/barrett-reduce-af4c5abd-full-source-snapshot/examples/multilevel_build_native/mlkem_native/src/native/aarch64/src/intt_aarch64_asm.S | upstream/mlkem-native/barrett-reduce-af4c5abd-full-source-snapshot/mlkem/src/native/aarch64/src/intt_aarch64_asm.S
30aa6ddce6398b400244c747f6a5653e9ac7fc7f75b43ca07e274a31081dd6a8	8	upstream/mlkem-native/barrett-reduce-af4c5abd-full-source-snapshot/examples/basic/mlkem_native/src/fips202/native/x86_64/keccak_f1600_x4_avx2.h | upstream/mlkem-native/barrett-reduce-af4c5abd-full-source-snapshot/examples/basic_deterministic/mlkem_native/src/fips202/native/x86_64/keccak_f1600_x4_avx2.h | upstream/mlkem-native/barrett-reduce-af4c5abd-full-source-snapshot/examples/monolithic_build_multilevel/mlkem_native/src/fips202/native/x86_64/keccak_f1600_x4_avx2.h | upstream/mlkem-native/barrett-reduce-af4c5abd-full-source-snapshot/examples/monolithic_build_multilevel_native/mlkem_native/src/fips202/native/x86_64/keccak_f1600_x4_avx2.h | upstream/mlkem-native/barrett-reduce-af4c5abd-full-source-snapshot/examples/monolithic_build_native/mlkem_native/src/fips202/native/x86_64/keccak_f1600_x4_avx2.h | upstream/mlkem-native/barrett-reduce-af4c5abd-full-source-snapshot/examples/multilevel_build/mlkem_native/src/fips202/native/x86_64/keccak_f1600_x4_avx2.h | upstream/mlkem-native/barrett-reduce-af4c5abd-full-source-snapshot/examples/multilevel_build_native/mlkem_native/src/fips202/native/x86_64/keccak_f1600_x4_avx2.h | upstream/mlkem-native/barrett-reduce-af4c5abd-full-source-snapshot/mlkem/src/fips202/native/x86_64/keccak_f1600_x4_avx2.h
31a5c395ec7a2fcf084fc64e9e5b36d9b57c60f52242453970888f99a8cd033f	8	upstream/mlkem-native/barrett-reduce-af4c5abd-full-source-snapshot/examples/basic/mlkem_native/src/fips202/native/aarch64/x1_scalar.h | upstream/mlkem-native/barrett-reduce-af4c5abd-full-source-snapshot/examples/basic_deterministic/mlkem_native/src/fips202/native/aarch64/x1_scalar.h | upstream/mlkem-native/barrett-reduce-af4c5abd-full-source-snapshot/examples/monolithic_build_multilevel/mlkem_native/src/fips202/native/aarch64/x1_scalar.h | upstream/mlkem-native/barrett-reduce-af4c5abd-full-source-snapshot/examples/monolithic_build_multilevel_native/mlkem_native/src/fips202/native/aarch64/x1_scalar.h | upstream/mlkem-native/barrett-reduce-af4c5abd-full-source-snapshot/examples/monolithic_build_native/mlkem_native/src/fips202/native/aarch64/x1_scalar.h | upstream/mlkem-native/barrett-reduce-af4c5abd-full-source-snapshot/examples/multilevel_build/mlkem_native/src/fips202/native/aarch64/x1_scalar.h | upstream/mlkem-native/barrett-reduce-af4c5abd-full-source-snapshot/examples/multilevel_build_native/mlkem_native/src/fips202/native/aarch64/x1_scalar.h | upstream/mlkem-native/barrett-reduce-af4c5abd-full-source-snapshot/mlkem/src/fips202/native/aarch64/x1_scalar.h
3200c6dea105102cf67246bf1392b708024e9b8419d097a87564fcf619f5d9ee	3	upstream/mlkem-native/barrett-reduce-af4c5abd-full-source-snapshot/examples/monolithic_build_multilevel_native/mlkem_native/mlkem_native_asm.S | upstream/mlkem-native/barrett-reduce-af4c5abd-full-source-snapshot/examples/monolithic_build_native/mlkem_native/mlkem_native_asm.S | upstream/mlkem-native/barrett-reduce-af4c5abd-full-source-snapshot/mlkem/mlkem_native_asm.S
33030255964bffb490c486c67955b87deadaa7e0c785a672d5b00ac927c715ca	9	upstream/mlkem-native/barrett-reduce-af4c5abd-full-source-snapshot/examples/basic/mlkem_native/src/native/x86_64/src/poly_decompress_d5_avx2_asm.S | upstream/mlkem-native/barrett-reduce-af4c5abd-full-source-snapshot/examples/basic_deterministic/mlkem_native/src/native/x86_64/src/poly_decompress_d5_avx2_asm.S | upstream/mlkem-native/barrett-reduce-af4c5abd-full-source-snapshot/examples/bring_your_own_fips202_static/mlkem_native/src/native/x86_64/src/poly_decompress_d5_avx2_asm.S | upstream/mlkem-native/barrett-reduce-af4c5abd-full-source-snapshot/examples/monolithic_build_multilevel/mlkem_native/src/native/x86_64/src/poly_decompress_d5_avx2_asm.S | upstream/mlkem-native/barrett-reduce-af4c5abd-full-source-snapshot/examples/monolithic_build_multilevel_native/mlkem_native/src/native/x86_64/src/poly_decompress_d5_avx2_asm.S | upstream/mlkem-native/barrett-reduce-af4c5abd-full-source-snapshot/examples/monolithic_build_native/mlkem_native/src/native/x86_64/src/poly_decompress_d5_avx2_asm.S | upstream/mlkem-native/barrett-reduce-af4c5abd-full-source-snapshot/examples/multilevel_build/mlkem_native/src/native/x86_64/src/poly_decompress_d5_avx2_asm.S | upstream/mlkem-native/barrett-reduce-af4c5abd-full-source-snapshot/examples/multilevel_build_native/mlkem_native/src/native/x86_64/src/poly_decompress_d5_avx2_asm.S | upstream/mlkem-native/barrett-reduce-af4c5abd-full-source-snapshot/mlkem/src/native/x86_64/src/poly_decompress_d5_avx2_asm.S
33c66d01e1cc7574489372b2c4988281f134cb602ca1ba39709f2621f1adca15	2	experiments/barrett-reduce/T01-exact-centered-refinement/raw-runs/BR_AF4_01_T1_EXACT_REFINEMENT_RUN1/br_af4_t1_property_inventory.txt | experiments/barrett-reduce/T01-exact-centered-refinement/raw-runs/BR_AF4_01_T1_EXACT_REFINEMENT_RUN2/br_af4_t1_run2_property_inventory.txt
34ceb2ecb5cdc4f03b830029a31b06ba44efa6bc0e8e615d45277765c57388e4	9	upstream/mlkem-native/barrett-reduce-af4c5abd-full-source-snapshot/examples/basic/mlkem_native/src/native/riscv64/src/rv64v_zetas.inc | upstream/mlkem-native/barrett-reduce-af4c5abd-full-source-snapshot/examples/basic_deterministic/mlkem_native/src/native/riscv64/src/rv64v_zetas.inc | upstream/mlkem-native/barrett-reduce-af4c5abd-full-source-snapshot/examples/bring_your_own_fips202_static/mlkem_native/src/native/riscv64/src/rv64v_zetas.inc | upstream/mlkem-native/barrett-reduce-af4c5abd-full-source-snapshot/examples/monolithic_build_multilevel/mlkem_native/src/native/riscv64/src/rv64v_zetas.inc | upstream/mlkem-native/barrett-reduce-af4c5abd-full-source-snapshot/examples/monolithic_build_multilevel_native/mlkem_native/src/native/riscv64/src/rv64v_zetas.inc | upstream/mlkem-native/barrett-reduce-af4c5abd-full-source-snapshot/examples/monolithic_build_native/mlkem_native/src/native/riscv64/src/rv64v_zetas.inc | upstream/mlkem-native/barrett-reduce-af4c5abd-full-source-snapshot/examples/multilevel_build/mlkem_native/src/native/riscv64/src/rv64v_zetas.inc | upstream/mlkem-native/barrett-reduce-af4c5abd-full-source-snapshot/examples/multilevel_build_native/mlkem_native/src/native/riscv64/src/rv64v_zetas.inc | upstream/mlkem-native/barrett-reduce-af4c5abd-full-source-snapshot/mlkem/src/native/riscv64/src/rv64v_zetas.inc
3a05d5c7ce24773bc5c7e0a63f7decace71cf996dca2ebc0e65ea83a6ee7c6ad	2	upstream/mlkem-native/barrett-reduce-af4c5abd-full-source-snapshot/examples/monolithic_build_multilevel/main.c | upstream/mlkem-native/barrett-reduce-af4c5abd-full-source-snapshot/examples/multilevel_build_native/main.c
3d5488354836a92e2257d623303806d5c26cd75176942c7714bf71dc5b8c45aa	2	upstream/mlkem-native/barrett-reduce-af4c5abd-full-source-snapshot/proofs/cbmc/keccakf1600_permute/keccakf1600_permute_harness.c | upstream/mlkem-native/barrett-reduce-af4c5abd-full-source-snapshot/proofs/cbmc/keccakf1600_permute_native/keccakf1600_permute_native_harness.c
3f5c48c3b3dd108995929abf43f4920228adfe9a9f5ba7be6cdca380925bd0ee	8	upstream/mlkem-native/barrett-reduce-af4c5abd-full-source-snapshot/examples/basic/mlkem_native/src/fips202/native/aarch64/src/keccak_f1600_x2_v84a_aarch64_asm.S | upstream/mlkem-native/barrett-reduce-af4c5abd-full-source-snapshot/examples/basic_deterministic/mlkem_native/src/fips202/native/aarch64/src/keccak_f1600_x2_v84a_aarch64_asm.S | upstream/mlkem-native/barrett-reduce-af4c5abd-full-source-snapshot/examples/monolithic_build_multilevel/mlkem_native/src/fips202/native/aarch64/src/keccak_f1600_x2_v84a_aarch64_asm.S | upstream/mlkem-native/barrett-reduce-af4c5abd-full-source-snapshot/examples/monolithic_build_multilevel_native/mlkem_native/src/fips202/native/aarch64/src/keccak_f1600_x2_v84a_aarch64_asm.S | upstream/mlkem-native/barrett-reduce-af4c5abd-full-source-snapshot/examples/monolithic_build_native/mlkem_native/src/fips202/native/aarch64/src/keccak_f1600_x2_v84a_aarch64_asm.S | upstream/mlkem-native/barrett-reduce-af4c5abd-full-source-snapshot/examples/multilevel_build/mlkem_native/src/fips202/native/aarch64/src/keccak_f1600_x2_v84a_aarch64_asm.S | upstream/mlkem-native/barrett-reduce-af4c5abd-full-source-snapshot/examples/multilevel_build_native/mlkem_native/src/fips202/native/aarch64/src/keccak_f1600_x2_v84a_aarch64_asm.S | upstream/mlkem-native/barrett-reduce-af4c5abd-full-source-snapshot/mlkem/src/fips202/native/aarch64/src/keccak_f1600_x2_v84a_aarch64_asm.S
3fad90c5bcc5a809ef822e9eaf145b62a95ca28f0b1cde29c64c3f392e5dd562	9	upstream/mlkem-native/barrett-reduce-af4c5abd-full-source-snapshot/examples/basic/mlkem_native/src/native/ppc64le/src/ntt_ppc_asm.S | upstream/mlkem-native/barrett-reduce-af4c5abd-full-source-snapshot/examples/basic_deterministic/mlkem_native/src/native/ppc64le/src/ntt_ppc_asm.S | upstream/mlkem-native/barrett-reduce-af4c5abd-full-source-snapshot/examples/bring_your_own_fips202_static/mlkem_native/src/native/ppc64le/src/ntt_ppc_asm.S | upstream/mlkem-native/barrett-reduce-af4c5abd-full-source-snapshot/examples/monolithic_build_multilevel/mlkem_native/src/native/ppc64le/src/ntt_ppc_asm.S | upstream/mlkem-native/barrett-reduce-af4c5abd-full-source-snapshot/examples/monolithic_build_multilevel_native/mlkem_native/src/native/ppc64le/src/ntt_ppc_asm.S | upstream/mlkem-native/barrett-reduce-af4c5abd-full-source-snapshot/examples/monolithic_build_native/mlkem_native/src/native/ppc64le/src/ntt_ppc_asm.S | upstream/mlkem-native/barrett-reduce-af4c5abd-full-source-snapshot/examples/multilevel_build/mlkem_native/src/native/ppc64le/src/ntt_ppc_asm.S | upstream/mlkem-native/barrett-reduce-af4c5abd-full-source-snapshot/examples/multilevel_build_native/mlkem_native/src/native/ppc64le/src/ntt_ppc_asm.S | upstream/mlkem-native/barrett-reduce-af4c5abd-full-source-snapshot/mlkem/src/native/ppc64le/src/ntt_ppc_asm.S
435aaeb0eabccaf585079a6051301a0847f5e6da4236e8b20fce65ddd3b8a49d	9	upstream/mlkem-native/barrett-reduce-af4c5abd-full-source-snapshot/examples/basic/mlkem_native/src/native/x86_64/src/poly_compress_d5_avx2_asm.S | upstream/mlkem-native/barrett-reduce-af4c5abd-full-source-snapshot/examples/basic_deterministic/mlkem_native/src/native/x86_64/src/poly_compress_d5_avx2_asm.S | upstream/mlkem-native/barrett-reduce-af4c5abd-full-source-snapshot/examples/bring_your_own_fips202_static/mlkem_native/src/native/x86_64/src/poly_compress_d5_avx2_asm.S | upstream/mlkem-native/barrett-reduce-af4c5abd-full-source-snapshot/examples/monolithic_build_multilevel/mlkem_native/src/native/x86_64/src/poly_compress_d5_avx2_asm.S | upstream/mlkem-native/barrett-reduce-af4c5abd-full-source-snapshot/examples/monolithic_build_multilevel_native/mlkem_native/src/native/x86_64/src/poly_compress_d5_avx2_asm.S | upstream/mlkem-native/barrett-reduce-af4c5abd-full-source-snapshot/examples/monolithic_build_native/mlkem_native/src/native/x86_64/src/poly_compress_d5_avx2_asm.S | upstream/mlkem-native/barrett-reduce-af4c5abd-full-source-snapshot/examples/multilevel_build/mlkem_native/src/native/x86_64/src/poly_compress_d5_avx2_asm.S | upstream/mlkem-native/barrett-reduce-af4c5abd-full-source-snapshot/examples/multilevel_build_native/mlkem_native/src/native/x86_64/src/poly_compress_d5_avx2_asm.S | upstream/mlkem-native/barrett-reduce-af4c5abd-full-source-snapshot/mlkem/src/native/x86_64/src/poly_compress_d5_avx2_asm.S
43855e347be504e3489133e6349cdef8e903646c06d08718ce4addf84e8e79c8	9	upstream/mlkem-native/barrett-reduce-af4c5abd-full-source-snapshot/examples/basic/mlkem_native/src/native/riscv64/src/rv64v_debug.c | upstream/mlkem-native/barrett-reduce-af4c5abd-full-source-snapshot/examples/basic_deterministic/mlkem_native/src/native/riscv64/src/rv64v_debug.c | upstream/mlkem-native/barrett-reduce-af4c5abd-full-source-snapshot/examples/bring_your_own_fips202_static/mlkem_native/src/native/riscv64/src/rv64v_debug.c | upstream/mlkem-native/barrett-reduce-af4c5abd-full-source-snapshot/examples/monolithic_build_multilevel/mlkem_native/src/native/riscv64/src/rv64v_debug.c | upstream/mlkem-native/barrett-reduce-af4c5abd-full-source-snapshot/examples/monolithic_build_multilevel_native/mlkem_native/src/native/riscv64/src/rv64v_debug.c | upstream/mlkem-native/barrett-reduce-af4c5abd-full-source-snapshot/examples/monolithic_build_native/mlkem_native/src/native/riscv64/src/rv64v_debug.c | upstream/mlkem-native/barrett-reduce-af4c5abd-full-source-snapshot/examples/multilevel_build/mlkem_native/src/native/riscv64/src/rv64v_debug.c | upstream/mlkem-native/barrett-reduce-af4c5abd-full-source-snapshot/examples/multilevel_build_native/mlkem_native/src/native/riscv64/src/rv64v_debug.c | upstream/mlkem-native/barrett-reduce-af4c5abd-full-source-snapshot/mlkem/src/native/riscv64/src/rv64v_debug.c
450b5b5fa50bd729f52fb7ab34f2e7351056c17fc3367cb6901ae5b1f2299709	2	upstream/mlkem-native/barrett-reduce-af4c5abd-full-source-snapshot/proofs/cbmc/keccakf1600x4_xor_bytes/keccakf1600x4_xor_bytes_harness.c | upstream/mlkem-native/barrett-reduce-af4c5abd-full-source-snapshot/proofs/cbmc/keccakf1600x4_xor_bytes_native/keccakf1600x4_xor_bytes_native_harness.c
450fe3e0e50496921920473ae4321660f178c23d51f1453f3c537ee63c4158cb	12	upstream/mlkem-native/barrett-reduce-af4c5abd-full-source-snapshot/examples/basic/mlkem_native/src/params.h | upstream/mlkem-native/barrett-reduce-af4c5abd-full-source-snapshot/examples/basic_deterministic/mlkem_native/src/params.h | upstream/mlkem-native/barrett-reduce-af4c5abd-full-source-snapshot/examples/bring_your_own_fips202/mlkem_native/src/params.h | upstream/mlkem-native/barrett-reduce-af4c5abd-full-source-snapshot/examples/bring_your_own_fips202_static/mlkem_native/src/params.h | upstream/mlkem-native/barrett-reduce-af4c5abd-full-source-snapshot/examples/custom_backend/mlkem_native/src/params.h | upstream/mlkem-native/barrett-reduce-af4c5abd-full-source-snapshot/examples/monolithic_build/mlkem_native/src/params.h | upstream/mlkem-native/barrett-reduce-af4c5abd-full-source-snapshot/examples/monolithic_build_multilevel/mlkem_native/src/params.h | upstream/mlkem-native/barrett-reduce-af4c5abd-full-source-snapshot/examples/monolithic_build_multilevel_native/mlkem_native/src/params.h | upstream/mlkem-native/barrett-reduce-af4c5abd-full-source-snapshot/examples/monolithic_build_native/mlkem_native/src/params.h | upstream/mlkem-native/barrett-reduce-af4c5abd-full-source-snapshot/examples/multilevel_build/mlkem_native/src/params.h | upstream/mlkem-native/barrett-reduce-af4c5abd-full-source-snapshot/examples/multilevel_build_native/mlkem_native/src/params.h | upstream/mlkem-native/barrett-reduce-af4c5abd-full-source-snapshot/mlkem/src/params.h
451788547142ab61d2c17439d3e110991f336d90bd432fcd4b04e88c7989fefc	8	upstream/mlkem-native/barrett-reduce-af4c5abd-full-source-snapshot/examples/basic/mlkem_native/src/fips202/native/x86_64/src/fips202_native_x86_64.h | upstream/mlkem-native/barrett-reduce-af4c5abd-full-source-snapshot/examples/basic_deterministic/mlkem_native/src/fips202/native/x86_64/src/fips202_native_x86_64.h | upstream/mlkem-native/barrett-reduce-af4c5abd-full-source-snapshot/examples/monolithic_build_multilevel/mlkem_native/src/fips202/native/x86_64/src/fips202_native_x86_64.h | upstream/mlkem-native/barrett-reduce-af4c5abd-full-source-snapshot/examples/monolithic_build_multilevel_native/mlkem_native/src/fips202/native/x86_64/src/fips202_native_x86_64.h | upstream/mlkem-native/barrett-reduce-af4c5abd-full-source-snapshot/examples/monolithic_build_native/mlkem_native/src/fips202/native/x86_64/src/fips202_native_x86_64.h | upstream/mlkem-native/barrett-reduce-af4c5abd-full-source-snapshot/examples/multilevel_build/mlkem_native/src/fips202/native/x86_64/src/fips202_native_x86_64.h | upstream/mlkem-native/barrett-reduce-af4c5abd-full-source-snapshot/examples/multilevel_build_native/mlkem_native/src/fips202/native/x86_64/src/fips202_native_x86_64.h | upstream/mlkem-native/barrett-reduce-af4c5abd-full-source-snapshot/mlkem/src/fips202/native/x86_64/src/fips202_native_x86_64.h
45190c13cd3079b8bac79f8c6321be6786cb383ae3ebeef05f7fc79018701ad1	9	upstream/mlkem-native/barrett-reduce-af4c5abd-full-source-snapshot/examples/basic/mlkem_native/src/native/x86_64/src/poly_decompress_d11_avx2_asm.S | upstream/mlkem-native/barrett-reduce-af4c5abd-full-source-snapshot/examples/basic_deterministic/mlkem_native/src/native/x86_64/src/poly_decompress_d11_avx2_asm.S | upstream/mlkem-native/barrett-reduce-af4c5abd-full-source-snapshot/examples/bring_your_own_fips202_static/mlkem_native/src/native/x86_64/src/poly_decompress_d11_avx2_asm.S | upstream/mlkem-native/barrett-reduce-af4c5abd-full-source-snapshot/examples/monolithic_build_multilevel/mlkem_native/src/native/x86_64/src/poly_decompress_d11_avx2_asm.S | upstream/mlkem-native/barrett-reduce-af4c5abd-full-source-snapshot/examples/monolithic_build_multilevel_native/mlkem_native/src/native/x86_64/src/poly_decompress_d11_avx2_asm.S | upstream/mlkem-native/barrett-reduce-af4c5abd-full-source-snapshot/examples/monolithic_build_native/mlkem_native/src/native/x86_64/src/poly_decompress_d11_avx2_asm.S | upstream/mlkem-native/barrett-reduce-af4c5abd-full-source-snapshot/examples/multilevel_build/mlkem_native/src/native/x86_64/src/poly_decompress_d11_avx2_asm.S | upstream/mlkem-native/barrett-reduce-af4c5abd-full-source-snapshot/examples/multilevel_build_native/mlkem_native/src/native/x86_64/src/poly_decompress_d11_avx2_asm.S | upstream/mlkem-native/barrett-reduce-af4c5abd-full-source-snapshot/mlkem/src/native/x86_64/src/poly_decompress_d11_avx2_asm.S
458b153b637e49f93ccee39f6c12c379d4fd982125eceb68e01307d277662b70	9	upstream/mlkem-native/barrett-reduce-af4c5abd-full-source-snapshot/examples/basic/mlkem_native/src/native/aarch64/src/polyvec_basemul_acc_montgomery_cached_k2_aarch64_asm.S | upstream/mlkem-native/barrett-reduce-af4c5abd-full-source-snapshot/examples/basic_deterministic/mlkem_native/src/native/aarch64/src/polyvec_basemul_acc_montgomery_cached_k2_aarch64_asm.S | upstream/mlkem-native/barrett-reduce-af4c5abd-full-source-snapshot/examples/bring_your_own_fips202_static/mlkem_native/src/native/aarch64/src/polyvec_basemul_acc_montgomery_cached_k2_aarch64_asm.S | upstream/mlkem-native/barrett-reduce-af4c5abd-full-source-snapshot/examples/monolithic_build_multilevel/mlkem_native/src/native/aarch64/src/polyvec_basemul_acc_montgomery_cached_k2_aarch64_asm.S | upstream/mlkem-native/barrett-reduce-af4c5abd-full-source-snapshot/examples/monolithic_build_multilevel_native/mlkem_native/src/native/aarch64/src/polyvec_basemul_acc_montgomery_cached_k2_aarch64_asm.S | upstream/mlkem-native/barrett-reduce-af4c5abd-full-source-snapshot/examples/monolithic_build_native/mlkem_native/src/native/aarch64/src/polyvec_basemul_acc_montgomery_cached_k2_aarch64_asm.S | upstream/mlkem-native/barrett-reduce-af4c5abd-full-source-snapshot/examples/multilevel_build/mlkem_native/src/native/aarch64/src/polyvec_basemul_acc_montgomery_cached_k2_aarch64_asm.S | upstream/mlkem-native/barrett-reduce-af4c5abd-full-source-snapshot/examples/multilevel_build_native/mlkem_native/src/native/aarch64/src/polyvec_basemul_acc_montgomery_cached_k2_aarch64_asm.S | upstream/mlkem-native/barrett-reduce-af4c5abd-full-source-snapshot/mlkem/src/native/aarch64/src/polyvec_basemul_acc_montgomery_cached_k2_aarch64_asm.S
459855f032dc08dd6112f535601f8b510692bafb7c7431e3a6018c84ee483d36	9	upstream/mlkem-native/barrett-reduce-af4c5abd-full-source-snapshot/examples/basic/mlkem_native/src/native/x86_64/src/poly_compress_d10_avx2_asm.S | upstream/mlkem-native/barrett-reduce-af4c5abd-full-source-snapshot/examples/basic_deterministic/mlkem_native/src/native/x86_64/src/poly_compress_d10_avx2_asm.S | upstream/mlkem-native/barrett-reduce-af4c5abd-full-source-snapshot/examples/bring_your_own_fips202_static/mlkem_native/src/native/x86_64/src/poly_compress_d10_avx2_asm.S | upstream/mlkem-native/barrett-reduce-af4c5abd-full-source-snapshot/examples/monolithic_build_multilevel/mlkem_native/src/native/x86_64/src/poly_compress_d10_avx2_asm.S | upstream/mlkem-native/barrett-reduce-af4c5abd-full-source-snapshot/examples/monolithic_build_multilevel_native/mlkem_native/src/native/x86_64/src/poly_compress_d10_avx2_asm.S | upstream/mlkem-native/barrett-reduce-af4c5abd-full-source-snapshot/examples/monolithic_build_native/mlkem_native/src/native/x86_64/src/poly_compress_d10_avx2_asm.S | upstream/mlkem-native/barrett-reduce-af4c5abd-full-source-snapshot/examples/multilevel_build/mlkem_native/src/native/x86_64/src/poly_compress_d10_avx2_asm.S | upstream/mlkem-native/barrett-reduce-af4c5abd-full-source-snapshot/examples/multilevel_build_native/mlkem_native/src/native/x86_64/src/poly_compress_d10_avx2_asm.S | upstream/mlkem-native/barrett-reduce-af4c5abd-full-source-snapshot/mlkem/src/native/x86_64/src/poly_compress_d10_avx2_asm.S
4b7c254cfce65a8a2af80f8c82022e2ea3cf4af589ea143ff32feff649dc0d8c	9	upstream/mlkem-native/barrett-reduce-af4c5abd-full-source-snapshot/examples/basic/mlkem_native/src/native/x86_64/src/polyvec_basemul_acc_montgomery_cached_k3_avx2_asm.S | upstream/mlkem-native/barrett-reduce-af4c5abd-full-source-snapshot/examples/basic_deterministic/mlkem_native/src/native/x86_64/src/polyvec_basemul_acc_montgomery_cached_k3_avx2_asm.S | upstream/mlkem-native/barrett-reduce-af4c5abd-full-source-snapshot/examples/bring_your_own_fips202_static/mlkem_native/src/native/x86_64/src/polyvec_basemul_acc_montgomery_cached_k3_avx2_asm.S | upstream/mlkem-native/barrett-reduce-af4c5abd-full-source-snapshot/examples/monolithic_build_multilevel/mlkem_native/src/native/x86_64/src/polyvec_basemul_acc_montgomery_cached_k3_avx2_asm.S | upstream/mlkem-native/barrett-reduce-af4c5abd-full-source-snapshot/examples/monolithic_build_multilevel_native/mlkem_native/src/native/x86_64/src/polyvec_basemul_acc_montgomery_cached_k3_avx2_asm.S | upstream/mlkem-native/barrett-reduce-af4c5abd-full-source-snapshot/examples/monolithic_build_native/mlkem_native/src/native/x86_64/src/polyvec_basemul_acc_montgomery_cached_k3_avx2_asm.S | upstream/mlkem-native/barrett-reduce-af4c5abd-full-source-snapshot/examples/multilevel_build/mlkem_native/src/native/x86_64/src/polyvec_basemul_acc_montgomery_cached_k3_avx2_asm.S | upstream/mlkem-native/barrett-reduce-af4c5abd-full-source-snapshot/examples/multilevel_build_native/mlkem_native/src/native/x86_64/src/polyvec_basemul_acc_montgomery_cached_k3_avx2_asm.S | upstream/mlkem-native/barrett-reduce-af4c5abd-full-source-snapshot/mlkem/src/native/x86_64/src/polyvec_basemul_acc_montgomery_cached_k3_avx2_asm.S
4d771a2c189c1de66b0486971f92f966f9811ed2e41080dbad8c7cd782de07e9	2	upstream/mlkem-native/barrett-reduce-af4c5abd-full-source-snapshot/proofs/cbmc/keccakf1600_extract_bytes/keccakf1600_extract_bytes_harness.c | upstream/mlkem-native/barrett-reduce-af4c5abd-full-source-snapshot/proofs/cbmc/keccakf1600_extract_bytes_BE/keccakf1600_extract_bytes_be_harness.c
4f114bb3b5321d1bf5e4a42325fb79e4e8b07da998d36966890338143a32bd66	2	upstream/mlkem-native/barrett-reduce-af4c5abd-full-source-snapshot/proofs/cbmc/poly_tomont_native_aarch64/poly_tomont_native_aarch64_harness.c | upstream/mlkem-native/barrett-reduce-af4c5abd-full-source-snapshot/proofs/cbmc/poly_tomont_native_x86_64/poly_tomont_native_x86_64_harness.c
50c5f44d3a677becc5e018da38f0c5b07d5b5b988de2fee4e255ac9a5b4e9307	8	upstream/mlkem-native/barrett-reduce-af4c5abd-full-source-snapshot/examples/basic/mlkem_native/src/fips202/native/armv81m/src/keccak_f1600_x4_mve.S | upstream/mlkem-native/barrett-reduce-af4c5abd-full-source-snapshot/examples/basic_deterministic/mlkem_native/src/fips202/native/armv81m/src/keccak_f1600_x4_mve.S | upstream/mlkem-native/barrett-reduce-af4c5abd-full-source-snapshot/examples/monolithic_build_multilevel/mlkem_native/src/fips202/native/armv81m/src/keccak_f1600_x4_mve.S | upstream/mlkem-native/barrett-reduce-af4c5abd-full-source-snapshot/examples/monolithic_build_multilevel_native/mlkem_native/src/fips202/native/armv81m/src/keccak_f1600_x4_mve.S | upstream/mlkem-native/barrett-reduce-af4c5abd-full-source-snapshot/examples/monolithic_build_native/mlkem_native/src/fips202/native/armv81m/src/keccak_f1600_x4_mve.S | upstream/mlkem-native/barrett-reduce-af4c5abd-full-source-snapshot/examples/multilevel_build/mlkem_native/src/fips202/native/armv81m/src/keccak_f1600_x4_mve.S | upstream/mlkem-native/barrett-reduce-af4c5abd-full-source-snapshot/examples/multilevel_build_native/mlkem_native/src/fips202/native/armv81m/src/keccak_f1600_x4_mve.S | upstream/mlkem-native/barrett-reduce-af4c5abd-full-source-snapshot/mlkem/src/fips202/native/armv81m/src/keccak_f1600_x4_mve.S
5366a4aec2e68ea9ce78e81706d43fdcfcb161f7468bf3866e60f674303d2432	2	provenance/frozen-baseline/barrett-reduce/historical-path-bearing-sidecars/partial-T1-T2/T2/BR_AF4_T2_FINAL_FREEZE_V1.tar.gz.sha256 | provenance/frozen-baseline/barrett-reduce/historical-path-bearing-sidecars/root/BR_AF4_T2_FINAL_FREEZE_V1.tar.gz.sha256
54dd51aa542cf4d3e021ca5b63e94e446a68c7f5d4839e9671027ae5e4e95b74	2	upstream/mlkem-native/barrett-reduce-af4c5abd-full-source-snapshot/proofs/cbmc/keccakf1600x4_extract_bytes/keccakf1600x4_extract_bytes_harness.c | upstream/mlkem-native/barrett-reduce-af4c5abd-full-source-snapshot/proofs/cbmc/keccakf1600x4_extract_bytes_native/keccakf1600x4_extract_bytes_native_harness.c
5610fedff3fdc502ba971824ed300f0ad49c7d60ae3ad707c90fa1d815d652a3	9	upstream/mlkem-native/barrett-reduce-af4c5abd-full-source-snapshot/examples/basic/mlkem_native/src/native/x86_64/meta.h | upstream/mlkem-native/barrett-reduce-af4c5abd-full-source-snapshot/examples/basic_deterministic/mlkem_native/src/native/x86_64/meta.h | upstream/mlkem-native/barrett-reduce-af4c5abd-full-source-snapshot/examples/bring_your_own_fips202_static/mlkem_native/src/native/x86_64/meta.h | upstream/mlkem-native/barrett-reduce-af4c5abd-full-source-snapshot/examples/monolithic_build_multilevel/mlkem_native/src/native/x86_64/meta.h | upstream/mlkem-native/barrett-reduce-af4c5abd-full-source-snapshot/examples/monolithic_build_multilevel_native/mlkem_native/src/native/x86_64/meta.h | upstream/mlkem-native/barrett-reduce-af4c5abd-full-source-snapshot/examples/monolithic_build_native/mlkem_native/src/native/x86_64/meta.h | upstream/mlkem-native/barrett-reduce-af4c5abd-full-source-snapshot/examples/multilevel_build/mlkem_native/src/native/x86_64/meta.h | upstream/mlkem-native/barrett-reduce-af4c5abd-full-source-snapshot/examples/multilevel_build_native/mlkem_native/src/native/x86_64/meta.h | upstream/mlkem-native/barrett-reduce-af4c5abd-full-source-snapshot/mlkem/src/native/x86_64/meta.h
562965e31635041e2133ccc7602b6185bdce5472541f3b54ac72795fb6bc98f2	10	upstream/mlkem-native/barrett-reduce-af4c5abd-full-source-snapshot/dev/x86_64/src/compress_consts.c | upstream/mlkem-native/barrett-reduce-af4c5abd-full-source-snapshot/examples/basic/mlkem_native/src/native/x86_64/src/compress_consts.c | upstream/mlkem-native/barrett-reduce-af4c5abd-full-source-snapshot/examples/basic_deterministic/mlkem_native/src/native/x86_64/src/compress_consts.c | upstream/mlkem-native/barrett-reduce-af4c5abd-full-source-snapshot/examples/bring_your_own_fips202_static/mlkem_native/src/native/x86_64/src/compress_consts.c | upstream/mlkem-native/barrett-reduce-af4c5abd-full-source-snapshot/examples/monolithic_build_multilevel/mlkem_native/src/native/x86_64/src/compress_consts.c | upstream/mlkem-native/barrett-reduce-af4c5abd-full-source-snapshot/examples/monolithic_build_multilevel_native/mlkem_native/src/native/x86_64/src/compress_consts.c | upstream/mlkem-native/barrett-reduce-af4c5abd-full-source-snapshot/examples/monolithic_build_native/mlkem_native/src/native/x86_64/src/compress_consts.c | upstream/mlkem-native/barrett-reduce-af4c5abd-full-source-snapshot/examples/multilevel_build/mlkem_native/src/native/x86_64/src/compress_consts.c | upstream/mlkem-native/barrett-reduce-af4c5abd-full-source-snapshot/examples/multilevel_build_native/mlkem_native/src/native/x86_64/src/compress_consts.c | upstream/mlkem-native/barrett-reduce-af4c5abd-full-source-snapshot/mlkem/src/native/x86_64/src/compress_consts.c
57596a314406068775605d6dab637603bbb612e03422c3e9ccf3a9c2983b3116	2	upstream/mlkem-native/barrett-reduce-af4c5abd-full-source-snapshot/proofs/cbmc/poly_tobytes_native_aarch64/poly_tobytes_native_aarch64_harness.c | upstream/mlkem-native/barrett-reduce-af4c5abd-full-source-snapshot/proofs/cbmc/poly_tobytes_native_x86_64/poly_tobytes_native_x86_64_harness.c
590e5d36ce4e9d699501b458ea0653a365e12bbd9f63a6abc7bbdaab2d6b2cfd	8	upstream/mlkem-native/barrett-reduce-af4c5abd-full-source-snapshot/examples/basic/mlkem_native/src/fips202/native/auto.h | upstream/mlkem-native/barrett-reduce-af4c5abd-full-source-snapshot/examples/basic_deterministic/mlkem_native/src/fips202/native/auto.h | upstream/mlkem-native/barrett-reduce-af4c5abd-full-source-snapshot/examples/monolithic_build_multilevel/mlkem_native/src/fips202/native/auto.h | upstream/mlkem-native/barrett-reduce-af4c5abd-full-source-snapshot/examples/monolithic_build_multilevel_native/mlkem_native/src/fips202/native/auto.h | upstream/mlkem-native/barrett-reduce-af4c5abd-full-source-snapshot/examples/monolithic_build_native/mlkem_native/src/fips202/native/auto.h | upstream/mlkem-native/barrett-reduce-af4c5abd-full-source-snapshot/examples/multilevel_build/mlkem_native/src/fips202/native/auto.h | upstream/mlkem-native/barrett-reduce-af4c5abd-full-source-snapshot/examples/multilevel_build_native/mlkem_native/src/fips202/native/auto.h | upstream/mlkem-native/barrett-reduce-af4c5abd-full-source-snapshot/mlkem/src/fips202/native/auto.h
59962bfe29c558c7d7fdcd7e002defa6b25e6bdfd0dd640c0a8be22f95d9e4ec	8	upstream/mlkem-native/barrett-reduce-af4c5abd-full-source-snapshot/examples/basic/mlkem_native/src/fips202/native/armv81m/src/state_extract_bytes_x4_mve.S | upstream/mlkem-native/barrett-reduce-af4c5abd-full-source-snapshot/examples/basic_deterministic/mlkem_native/src/fips202/native/armv81m/src/state_extract_bytes_x4_mve.S | upstream/mlkem-native/barrett-reduce-af4c5abd-full-source-snapshot/examples/monolithic_build_multilevel/mlkem_native/src/fips202/native/armv81m/src/state_extract_bytes_x4_mve.S | upstream/mlkem-native/barrett-reduce-af4c5abd-full-source-snapshot/examples/monolithic_build_multilevel_native/mlkem_native/src/fips202/native/armv81m/src/state_extract_bytes_x4_mve.S | upstream/mlkem-native/barrett-reduce-af4c5abd-full-source-snapshot/examples/monolithic_build_native/mlkem_native/src/fips202/native/armv81m/src/state_extract_bytes_x4_mve.S | upstream/mlkem-native/barrett-reduce-af4c5abd-full-source-snapshot/examples/multilevel_build/mlkem_native/src/fips202/native/armv81m/src/state_extract_bytes_x4_mve.S | upstream/mlkem-native/barrett-reduce-af4c5abd-full-source-snapshot/examples/multilevel_build_native/mlkem_native/src/fips202/native/armv81m/src/state_extract_bytes_x4_mve.S | upstream/mlkem-native/barrett-reduce-af4c5abd-full-source-snapshot/mlkem/src/fips202/native/armv81m/src/state_extract_bytes_x4_mve.S
59963fb54af67d45463616ac56c579f113ce5193dd74aa694c9dada7e997c214	9	upstream/mlkem-native/barrett-reduce-af4c5abd-full-source-snapshot/examples/basic/mlkem_native/src/native/x86_64/README.md | upstream/mlkem-native/barrett-reduce-af4c5abd-full-source-snapshot/examples/basic_deterministic/mlkem_native/src/native/x86_64/README.md | upstream/mlkem-native/barrett-reduce-af4c5abd-full-source-snapshot/examples/bring_your_own_fips202_static/mlkem_native/src/native/x86_64/README.md | upstream/mlkem-native/barrett-reduce-af4c5abd-full-source-snapshot/examples/monolithic_build_multilevel/mlkem_native/src/native/x86_64/README.md | upstream/mlkem-native/barrett-reduce-af4c5abd-full-source-snapshot/examples/monolithic_build_multilevel_native/mlkem_native/src/native/x86_64/README.md | upstream/mlkem-native/barrett-reduce-af4c5abd-full-source-snapshot/examples/monolithic_build_native/mlkem_native/src/native/x86_64/README.md | upstream/mlkem-native/barrett-reduce-af4c5abd-full-source-snapshot/examples/multilevel_build/mlkem_native/src/native/x86_64/README.md | upstream/mlkem-native/barrett-reduce-af4c5abd-full-source-snapshot/examples/multilevel_build_native/mlkem_native/src/native/x86_64/README.md | upstream/mlkem-native/barrett-reduce-af4c5abd-full-source-snapshot/mlkem/src/native/x86_64/README.md
5ed62d46877909cea8e01daad1715f6684ff9d779226c98d2d47b5688f629932	9	upstream/mlkem-native/barrett-reduce-af4c5abd-full-source-snapshot/examples/basic/mlkem_native/src/native/ppc64le/src/reduce_ppc_asm.S | upstream/mlkem-native/barrett-reduce-af4c5abd-full-source-snapshot/examples/basic_deterministic/mlkem_native/src/native/ppc64le/src/reduce_ppc_asm.S | upstream/mlkem-native/barrett-reduce-af4c5abd-full-source-snapshot/examples/bring_your_own_fips202_static/mlkem_native/src/native/ppc64le/src/reduce_ppc_asm.S | upstream/mlkem-native/barrett-reduce-af4c5abd-full-source-snapshot/examples/monolithic_build_multilevel/mlkem_native/src/native/ppc64le/src/reduce_ppc_asm.S | upstream/mlkem-native/barrett-reduce-af4c5abd-full-source-snapshot/examples/monolithic_build_multilevel_native/mlkem_native/src/native/ppc64le/src/reduce_ppc_asm.S | upstream/mlkem-native/barrett-reduce-af4c5abd-full-source-snapshot/examples/monolithic_build_native/mlkem_native/src/native/ppc64le/src/reduce_ppc_asm.S | upstream/mlkem-native/barrett-reduce-af4c5abd-full-source-snapshot/examples/multilevel_build/mlkem_native/src/native/ppc64le/src/reduce_ppc_asm.S | upstream/mlkem-native/barrett-reduce-af4c5abd-full-source-snapshot/examples/multilevel_build_native/mlkem_native/src/native/ppc64le/src/reduce_ppc_asm.S | upstream/mlkem-native/barrett-reduce-af4c5abd-full-source-snapshot/mlkem/src/native/ppc64le/src/reduce_ppc_asm.S
626b95b3bd3c0340f6e1ab425aad57bad6c95bc44ba4cef7137e474cf9660d0b	2	upstream/mlkem-native/barrett-reduce-af4c5abd-full-source-snapshot/proofs/cbmc/polyvec_basemul_acc_montgomery_cached_k4_native_aarch64/polyvec_basemul_acc_montgomery_cached_k4_native_aarch64_harness.c | upstream/mlkem-native/barrett-reduce-af4c5abd-full-source-snapshot/proofs/cbmc/polyvec_basemul_acc_montgomery_cached_k4_native_x86_64/polyvec_basemul_acc_montgomery_cached_k4_native_x86_64_harness.c
651e2401c7b63e97442f08d3f6ea422fd425ec85ca47dcfdd02d9f5fa78e5ae9	9	upstream/mlkem-native/barrett-reduce-af4c5abd-full-source-snapshot/examples/basic/mlkem_native/src/native/api.h | upstream/mlkem-native/barrett-reduce-af4c5abd-full-source-snapshot/examples/basic_deterministic/mlkem_native/src/native/api.h | upstream/mlkem-native/barrett-reduce-af4c5abd-full-source-snapshot/examples/bring_your_own_fips202_static/mlkem_native/src/native/api.h | upstream/mlkem-native/barrett-reduce-af4c5abd-full-source-snapshot/examples/monolithic_build_multilevel/mlkem_native/src/native/api.h | upstream/mlkem-native/barrett-reduce-af4c5abd-full-source-snapshot/examples/monolithic_build_multilevel_native/mlkem_native/src/native/api.h | upstream/mlkem-native/barrett-reduce-af4c5abd-full-source-snapshot/examples/monolithic_build_native/mlkem_native/src/native/api.h | upstream/mlkem-native/barrett-reduce-af4c5abd-full-source-snapshot/examples/multilevel_build/mlkem_native/src/native/api.h | upstream/mlkem-native/barrett-reduce-af4c5abd-full-source-snapshot/examples/multilevel_build_native/mlkem_native/src/native/api.h | upstream/mlkem-native/barrett-reduce-af4c5abd-full-source-snapshot/mlkem/src/native/api.h
65770564ec922faca7ec072eefc16bfdba2495a20d51cae0f6cce207835cdd7e	10	upstream/mlkem-native/barrett-reduce-af4c5abd-full-source-snapshot/examples/basic/mlkem_native/src/fips202/keccakf1600.c | upstream/mlkem-native/barrett-reduce-af4c5abd-full-source-snapshot/examples/basic_deterministic/mlkem_native/src/fips202/keccakf1600.c | upstream/mlkem-native/barrett-reduce-af4c5abd-full-source-snapshot/examples/custom_backend/mlkem_native/src/fips202/keccakf1600.c | upstream/mlkem-native/barrett-reduce-af4c5abd-full-source-snapshot/examples/monolithic_build/mlkem_native/src/fips202/keccakf1600.c | upstream/mlkem-native/barrett-reduce-af4c5abd-full-source-snapshot/examples/monolithic_build_multilevel/mlkem_native/src/fips202/keccakf1600.c | upstream/mlkem-native/barrett-reduce-af4c5abd-full-source-snapshot/examples/monolithic_build_multilevel_native/mlkem_native/src/fips202/keccakf1600.c | upstream/mlkem-native/barrett-reduce-af4c5abd-full-source-snapshot/examples/monolithic_build_native/mlkem_native/src/fips202/keccakf1600.c | upstream/mlkem-native/barrett-reduce-af4c5abd-full-source-snapshot/examples/multilevel_build/mlkem_native/src/fips202/keccakf1600.c | upstream/mlkem-native/barrett-reduce-af4c5abd-full-source-snapshot/examples/multilevel_build_native/mlkem_native/src/fips202/keccakf1600.c | upstream/mlkem-native/barrett-reduce-af4c5abd-full-source-snapshot/mlkem/src/fips202/keccakf1600.c
67f7036e24743a850c679a25acf1350d832360287eeaa4eb29a2d8b7933744d0	2	upstream/mlkem-native/barrett-reduce-af4c5abd-full-source-snapshot/proofs/cbmc/poly_tomont/poly_tomont_harness.c | upstream/mlkem-native/barrett-reduce-af4c5abd-full-source-snapshot/proofs/cbmc/poly_tomont_native/poly_tomont_native_harness.c
6da9424313bb9fbb1c0f366df9c058e6464023732c09185be5f829791b6cf12e	9	upstream/mlkem-native/barrett-reduce-af4c5abd-full-source-snapshot/examples/basic/mlkem_native/src/native/ppc64le/src/consts.h | upstream/mlkem-native/barrett-reduce-af4c5abd-full-source-snapshot/examples/basic_deterministic/mlkem_native/src/native/ppc64le/src/consts.h | upstream/mlkem-native/barrett-reduce-af4c5abd-full-source-snapshot/examples/bring_your_own_fips202_static/mlkem_native/src/native/ppc64le/src/consts.h | upstream/mlkem-native/barrett-reduce-af4c5abd-full-source-snapshot/examples/monolithic_build_multilevel/mlkem_native/src/native/ppc64le/src/consts.h | upstream/mlkem-native/barrett-reduce-af4c5abd-full-source-snapshot/examples/monolithic_build_multilevel_native/mlkem_native/src/native/ppc64le/src/consts.h | upstream/mlkem-native/barrett-reduce-af4c5abd-full-source-snapshot/examples/monolithic_build_native/mlkem_native/src/native/ppc64le/src/consts.h | upstream/mlkem-native/barrett-reduce-af4c5abd-full-source-snapshot/examples/multilevel_build/mlkem_native/src/native/ppc64le/src/consts.h | upstream/mlkem-native/barrett-reduce-af4c5abd-full-source-snapshot/examples/multilevel_build_native/mlkem_native/src/native/ppc64le/src/consts.h | upstream/mlkem-native/barrett-reduce-af4c5abd-full-source-snapshot/mlkem/src/native/ppc64le/src/consts.h
6e7459b283764294b12771b84955892b4a9d6b2f0e82361af61e854e1f00ba25	2	upstream/mlkem-native/barrett-reduce-af4c5abd-full-source-snapshot/proofs/cbmc/keccakf1600_xor_bytes/keccakf1600_xor_bytes_harness.c | upstream/mlkem-native/barrett-reduce-af4c5abd-full-source-snapshot/proofs/cbmc/keccakf1600_xor_bytes_BE/keccakf1600_xor_bytes_be_harness.c
6ec5ff24af95e300f1567e15371a4f64be24e4383963cf94944cd1c0e4ceb072	2	upstream/mlkem-native/barrett-reduce-af4c5abd-full-source-snapshot/proofs/cbmc/keccak_f1600_x1_native_aarch64/keccak_f1600_x1_native_aarch64_harness.c | upstream/mlkem-native/barrett-reduce-af4c5abd-full-source-snapshot/proofs/cbmc/keccak_f1600_x1_native_aarch64_v84a/keccak_f1600_x1_native_aarch64_v84a_harness.c
6f13510cb44b936d51129ecb71419e11cc6630578e4593027aa06a4a2e54dfd4	2	upstream/mlkem-native/barrett-reduce-af4c5abd-full-source-snapshot/proofs/cbmc/rej_uniform_native_aarch64/rej_uniform_native_aarch64_harness.c | upstream/mlkem-native/barrett-reduce-af4c5abd-full-source-snapshot/proofs/cbmc/rej_uniform_native_x86_64/rej_uniform_native_x86_64_harness.c
6f5bc47ccc4b2d357d5aabffed4ae58ee5927415ce14a35169e2e96830c2e1d0	9	upstream/mlkem-native/barrett-reduce-af4c5abd-full-source-snapshot/examples/basic/mlkem_native/src/native/riscv64/src/rv64v_poly.c | upstream/mlkem-native/barrett-reduce-af4c5abd-full-source-snapshot/examples/basic_deterministic/mlkem_native/src/native/riscv64/src/rv64v_poly.c | upstream/mlkem-native/barrett-reduce-af4c5abd-full-source-snapshot/examples/bring_your_own_fips202_static/mlkem_native/src/native/riscv64/src/rv64v_poly.c | upstream/mlkem-native/barrett-reduce-af4c5abd-full-source-snapshot/examples/monolithic_build_multilevel/mlkem_native/src/native/riscv64/src/rv64v_poly.c | upstream/mlkem-native/barrett-reduce-af4c5abd-full-source-snapshot/examples/monolithic_build_multilevel_native/mlkem_native/src/native/riscv64/src/rv64v_poly.c | upstream/mlkem-native/barrett-reduce-af4c5abd-full-source-snapshot/examples/monolithic_build_native/mlkem_native/src/native/riscv64/src/rv64v_poly.c | upstream/mlkem-native/barrett-reduce-af4c5abd-full-source-snapshot/examples/multilevel_build/mlkem_native/src/native/riscv64/src/rv64v_poly.c | upstream/mlkem-native/barrett-reduce-af4c5abd-full-source-snapshot/examples/multilevel_build_native/mlkem_native/src/native/riscv64/src/rv64v_poly.c | upstream/mlkem-native/barrett-reduce-af4c5abd-full-source-snapshot/mlkem/src/native/riscv64/src/rv64v_poly.c
6fbe5f3b9607bf318a8e74d22452bce5890832b5048fdb952842f929036d7586	8	upstream/mlkem-native/barrett-reduce-af4c5abd-full-source-snapshot/examples/basic/mlkem_native/src/fips202/native/aarch64/src/keccak_f1600_x1_scalar_aarch64_asm.S | upstream/mlkem-native/barrett-reduce-af4c5abd-full-source-snapshot/examples/basic_deterministic/mlkem_native/src/fips202/native/aarch64/src/keccak_f1600_x1_scalar_aarch64_asm.S | upstream/mlkem-native/barrett-reduce-af4c5abd-full-source-snapshot/examples/monolithic_build_multilevel/mlkem_native/src/fips202/native/aarch64/src/keccak_f1600_x1_scalar_aarch64_asm.S | upstream/mlkem-native/barrett-reduce-af4c5abd-full-source-snapshot/examples/monolithic_build_multilevel_native/mlkem_native/src/fips202/native/aarch64/src/keccak_f1600_x1_scalar_aarch64_asm.S | upstream/mlkem-native/barrett-reduce-af4c5abd-full-source-snapshot/examples/monolithic_build_native/mlkem_native/src/fips202/native/aarch64/src/keccak_f1600_x1_scalar_aarch64_asm.S | upstream/mlkem-native/barrett-reduce-af4c5abd-full-source-snapshot/examples/multilevel_build/mlkem_native/src/fips202/native/aarch64/src/keccak_f1600_x1_scalar_aarch64_asm.S | upstream/mlkem-native/barrett-reduce-af4c5abd-full-source-snapshot/examples/multilevel_build_native/mlkem_native/src/fips202/native/aarch64/src/keccak_f1600_x1_scalar_aarch64_asm.S | upstream/mlkem-native/barrett-reduce-af4c5abd-full-source-snapshot/mlkem/src/fips202/native/aarch64/src/keccak_f1600_x1_scalar_aarch64_asm.S
6ffcd01b440924698a857730185d07fc29f868de611db3555ccd00b2486a4b65	9	upstream/mlkem-native/barrett-reduce-af4c5abd-full-source-snapshot/examples/basic/mlkem_native/src/native/aarch64/README.md | upstream/mlkem-native/barrett-reduce-af4c5abd-full-source-snapshot/examples/basic_deterministic/mlkem_native/src/native/aarch64/README.md | upstream/mlkem-native/barrett-reduce-af4c5abd-full-source-snapshot/examples/bring_your_own_fips202_static/mlkem_native/src/native/aarch64/README.md | upstream/mlkem-native/barrett-reduce-af4c5abd-full-source-snapshot/examples/monolithic_build_multilevel/mlkem_native/src/native/aarch64/README.md | upstream/mlkem-native/barrett-reduce-af4c5abd-full-source-snapshot/examples/monolithic_build_multilevel_native/mlkem_native/src/native/aarch64/README.md | upstream/mlkem-native/barrett-reduce-af4c5abd-full-source-snapshot/examples/monolithic_build_native/mlkem_native/src/native/aarch64/README.md | upstream/mlkem-native/barrett-reduce-af4c5abd-full-source-snapshot/examples/multilevel_build/mlkem_native/src/native/aarch64/README.md | upstream/mlkem-native/barrett-reduce-af4c5abd-full-source-snapshot/examples/multilevel_build_native/mlkem_native/src/native/aarch64/README.md | upstream/mlkem-native/barrett-reduce-af4c5abd-full-source-snapshot/mlkem/src/native/aarch64/README.md
70416a0ad9998fc2f3f0d662f1b4d692f234cadc83ac3ba81ca501c3d636d26c	9	upstream/mlkem-native/barrett-reduce-af4c5abd-full-source-snapshot/examples/basic/mlkem_native/src/native/x86_64/src/ntt_avx2_asm.S | upstream/mlkem-native/barrett-reduce-af4c5abd-full-source-snapshot/examples/basic_deterministic/mlkem_native/src/native/x86_64/src/ntt_avx2_asm.S | upstream/mlkem-native/barrett-reduce-af4c5abd-full-source-snapshot/examples/bring_your_own_fips202_static/mlkem_native/src/native/x86_64/src/ntt_avx2_asm.S | upstream/mlkem-native/barrett-reduce-af4c5abd-full-source-snapshot/examples/monolithic_build_multilevel/mlkem_native/src/native/x86_64/src/ntt_avx2_asm.S | upstream/mlkem-native/barrett-reduce-af4c5abd-full-source-snapshot/examples/monolithic_build_multilevel_native/mlkem_native/src/native/x86_64/src/ntt_avx2_asm.S | upstream/mlkem-native/barrett-reduce-af4c5abd-full-source-snapshot/examples/monolithic_build_native/mlkem_native/src/native/x86_64/src/ntt_avx2_asm.S | upstream/mlkem-native/barrett-reduce-af4c5abd-full-source-snapshot/examples/multilevel_build/mlkem_native/src/native/x86_64/src/ntt_avx2_asm.S | upstream/mlkem-native/barrett-reduce-af4c5abd-full-source-snapshot/examples/multilevel_build_native/mlkem_native/src/native/x86_64/src/ntt_avx2_asm.S | upstream/mlkem-native/barrett-reduce-af4c5abd-full-source-snapshot/mlkem/src/native/x86_64/src/ntt_avx2_asm.S
70b7c2edd20951dcd8bee44ae114567ac406083a28eb127afd2d57e8b16a2bd8	2	upstream/mlkem-native/barrett-reduce-af4c5abd-full-source-snapshot/examples/bring_your_own_fips202/custom_fips202/tiny_sha3/sha3.h | upstream/mlkem-native/barrett-reduce-af4c5abd-full-source-snapshot/examples/bring_your_own_fips202_static/custom_fips202/tiny_sha3/sha3.h
70d845da1c0d0e71cc08cb92e686767cd561deb338d7e4fbe56426884ee5a0aa	2	upstream/mlkem-native/barrett-reduce-af4c5abd-full-source-snapshot/proofs/hol_light/aarch64/proofs/mlkem_rej_uniform_table.ml | upstream/mlkem-native/barrett-reduce-af4c5abd-full-source-snapshot/proofs/hol_light/x86_64/proofs/mlkem_rej_uniform_table.ml
76f1cd9df93bd940b50f1e8863a72ee58c261be7dd37ae3d696134cde0af6035	8	upstream/mlkem-native/barrett-reduce-af4c5abd-full-source-snapshot/examples/basic/mlkem_native/src/fips202/native/aarch64/src/fips202_native_aarch64.h | upstream/mlkem-native/barrett-reduce-af4c5abd-full-source-snapshot/examples/basic_deterministic/mlkem_native/src/fips202/native/aarch64/src/fips202_native_aarch64.h | upstream/mlkem-native/barrett-reduce-af4c5abd-full-source-snapshot/examples/monolithic_build_multilevel/mlkem_native/src/fips202/native/aarch64/src/fips202_native_aarch64.h | upstream/mlkem-native/barrett-reduce-af4c5abd-full-source-snapshot/examples/monolithic_build_multilevel_native/mlkem_native/src/fips202/native/aarch64/src/fips202_native_aarch64.h | upstream/mlkem-native/barrett-reduce-af4c5abd-full-source-snapshot/examples/monolithic_build_native/mlkem_native/src/fips202/native/aarch64/src/fips202_native_aarch64.h | upstream/mlkem-native/barrett-reduce-af4c5abd-full-source-snapshot/examples/multilevel_build/mlkem_native/src/fips202/native/aarch64/src/fips202_native_aarch64.h | upstream/mlkem-native/barrett-reduce-af4c5abd-full-source-snapshot/examples/multilevel_build_native/mlkem_native/src/fips202/native/aarch64/src/fips202_native_aarch64.h | upstream/mlkem-native/barrett-reduce-af4c5abd-full-source-snapshot/mlkem/src/fips202/native/aarch64/src/fips202_native_aarch64.h
7db7bf729b7de84356645c4090739e6e20aa40543b788e6d1e68e4b794a6c276	9	upstream/mlkem-native/barrett-reduce-af4c5abd-full-source-snapshot/examples/basic/mlkem_native/src/native/ppc64le/src/arith_native_ppc64le.h | upstream/mlkem-native/barrett-reduce-af4c5abd-full-source-snapshot/examples/basic_deterministic/mlkem_native/src/native/ppc64le/src/arith_native_ppc64le.h | upstream/mlkem-native/barrett-reduce-af4c5abd-full-source-snapshot/examples/bring_your_own_fips202_static/mlkem_native/src/native/ppc64le/src/arith_native_ppc64le.h | upstream/mlkem-native/barrett-reduce-af4c5abd-full-source-snapshot/examples/monolithic_build_multilevel/mlkem_native/src/native/ppc64le/src/arith_native_ppc64le.h | upstream/mlkem-native/barrett-reduce-af4c5abd-full-source-snapshot/examples/monolithic_build_multilevel_native/mlkem_native/src/native/ppc64le/src/arith_native_ppc64le.h | upstream/mlkem-native/barrett-reduce-af4c5abd-full-source-snapshot/examples/monolithic_build_native/mlkem_native/src/native/ppc64le/src/arith_native_ppc64le.h | upstream/mlkem-native/barrett-reduce-af4c5abd-full-source-snapshot/examples/multilevel_build/mlkem_native/src/native/ppc64le/src/arith_native_ppc64le.h | upstream/mlkem-native/barrett-reduce-af4c5abd-full-source-snapshot/examples/multilevel_build_native/mlkem_native/src/native/ppc64le/src/arith_native_ppc64le.h | upstream/mlkem-native/barrett-reduce-af4c5abd-full-source-snapshot/mlkem/src/native/ppc64le/src/arith_native_ppc64le.h
7dea24a0591b0fb033f7a8be214d687fbde11541c274a114ac3067af12b87c32	12	upstream/mlkem-native/barrett-reduce-af4c5abd-full-source-snapshot/examples/basic/mlkem_native/src/poly_k.c | upstream/mlkem-native/barrett-reduce-af4c5abd-full-source-snapshot/examples/basic_deterministic/mlkem_native/src/poly_k.c | upstream/mlkem-native/barrett-reduce-af4c5abd-full-source-snapshot/examples/bring_your_own_fips202/mlkem_native/src/poly_k.c | upstream/mlkem-native/barrett-reduce-af4c5abd-full-source-snapshot/examples/bring_your_own_fips202_static/mlkem_native/src/poly_k.c | upstream/mlkem-native/barrett-reduce-af4c5abd-full-source-snapshot/examples/custom_backend/mlkem_native/src/poly_k.c | upstream/mlkem-native/barrett-reduce-af4c5abd-full-source-snapshot/examples/monolithic_build/mlkem_native/src/poly_k.c | upstream/mlkem-native/barrett-reduce-af4c5abd-full-source-snapshot/examples/monolithic_build_multilevel/mlkem_native/src/poly_k.c | upstream/mlkem-native/barrett-reduce-af4c5abd-full-source-snapshot/examples/monolithic_build_multilevel_native/mlkem_native/src/poly_k.c | upstream/mlkem-native/barrett-reduce-af4c5abd-full-source-snapshot/examples/monolithic_build_native/mlkem_native/src/poly_k.c | upstream/mlkem-native/barrett-reduce-af4c5abd-full-source-snapshot/examples/multilevel_build/mlkem_native/src/poly_k.c | upstream/mlkem-native/barrett-reduce-af4c5abd-full-source-snapshot/examples/multilevel_build_native/mlkem_native/src/poly_k.c | upstream/mlkem-native/barrett-reduce-af4c5abd-full-source-snapshot/mlkem/src/poly_k.c
82610c6213efd3314555cabc24b24bcc4bb222e61768d5876c6c5ee55dac2779	2	upstream/mlkem-native/barrett-reduce-af4c5abd-full-source-snapshot/proofs/cbmc/poly_decompress_d5/poly_decompress_d5_harness.c | upstream/mlkem-native/barrett-reduce-af4c5abd-full-source-snapshot/proofs/cbmc/poly_decompress_d5_native/poly_decompress_d5_native_harness.c
88c06d4c546f46920a65001bcfad8cabb6173fb01ae071e02412c46043bdf54f	10	upstream/mlkem-native/barrett-reduce-af4c5abd-full-source-snapshot/examples/basic/mlkem_native/src/fips202/keccakf1600.h | upstream/mlkem-native/barrett-reduce-af4c5abd-full-source-snapshot/examples/basic_deterministic/mlkem_native/src/fips202/keccakf1600.h | upstream/mlkem-native/barrett-reduce-af4c5abd-full-source-snapshot/examples/custom_backend/mlkem_native/src/fips202/keccakf1600.h | upstream/mlkem-native/barrett-reduce-af4c5abd-full-source-snapshot/examples/monolithic_build/mlkem_native/src/fips202/keccakf1600.h | upstream/mlkem-native/barrett-reduce-af4c5abd-full-source-snapshot/examples/monolithic_build_multilevel/mlkem_native/src/fips202/keccakf1600.h | upstream/mlkem-native/barrett-reduce-af4c5abd-full-source-snapshot/examples/monolithic_build_multilevel_native/mlkem_native/src/fips202/keccakf1600.h | upstream/mlkem-native/barrett-reduce-af4c5abd-full-source-snapshot/examples/monolithic_build_native/mlkem_native/src/fips202/keccakf1600.h | upstream/mlkem-native/barrett-reduce-af4c5abd-full-source-snapshot/examples/multilevel_build/mlkem_native/src/fips202/keccakf1600.h | upstream/mlkem-native/barrett-reduce-af4c5abd-full-source-snapshot/examples/multilevel_build_native/mlkem_native/src/fips202/keccakf1600.h | upstream/mlkem-native/barrett-reduce-af4c5abd-full-source-snapshot/mlkem/src/fips202/keccakf1600.h
8c39fef87dc62ec8ee98d30cbc73633a1c14e780d1e54a74baf4ca78f8c65791	8	upstream/mlkem-native/barrett-reduce-af4c5abd-full-source-snapshot/examples/basic/mlkem_native/src/fips202/native/x86_64/src/keccak_f1600_x4_avx2_asm.S | upstream/mlkem-native/barrett-reduce-af4c5abd-full-source-snapshot/examples/basic_deterministic/mlkem_native/src/fips202/native/x86_64/src/keccak_f1600_x4_avx2_asm.S | upstream/mlkem-native/barrett-reduce-af4c5abd-full-source-snapshot/examples/monolithic_build_multilevel/mlkem_native/src/fips202/native/x86_64/src/keccak_f1600_x4_avx2_asm.S | upstream/mlkem-native/barrett-reduce-af4c5abd-full-source-snapshot/examples/monolithic_build_multilevel_native/mlkem_native/src/fips202/native/x86_64/src/keccak_f1600_x4_avx2_asm.S | upstream/mlkem-native/barrett-reduce-af4c5abd-full-source-snapshot/examples/monolithic_build_native/mlkem_native/src/fips202/native/x86_64/src/keccak_f1600_x4_avx2_asm.S | upstream/mlkem-native/barrett-reduce-af4c5abd-full-source-snapshot/examples/multilevel_build/mlkem_native/src/fips202/native/x86_64/src/keccak_f1600_x4_avx2_asm.S | upstream/mlkem-native/barrett-reduce-af4c5abd-full-source-snapshot/examples/multilevel_build_native/mlkem_native/src/fips202/native/x86_64/src/keccak_f1600_x4_avx2_asm.S | upstream/mlkem-native/barrett-reduce-af4c5abd-full-source-snapshot/mlkem/src/fips202/native/x86_64/src/keccak_f1600_x4_avx2_asm.S
8def98a7d627b9f6d3a7b4aa8776bc8622815f10706f1e3a371879161b7b3e35	2	upstream/mlkem-native/barrett-reduce-af4c5abd-full-source-snapshot/proofs/cbmc/poly_compress_d4/poly_compress_d4_harness.c | upstream/mlkem-native/barrett-reduce-af4c5abd-full-source-snapshot/proofs/cbmc/poly_compress_d4_native/poly_compress_d4_native_harness.c
8ff218380247822e3b035bb5a24e106022706203bd9f7d4deb47edab4d881426	2	upstream/mlkem-native/barrett-reduce-af4c5abd-full-source-snapshot/proofs/cbmc/poly_decompress_d4/poly_decompress_d4_harness.c | upstream/mlkem-native/barrett-reduce-af4c5abd-full-source-snapshot/proofs/cbmc/poly_decompress_d4_native/poly_decompress_d4_native_harness.c
91195648f21066152b24c08006e8321da611dd328ea20556be0b1269a83f7014	2	upstream/mlkem-native/barrett-reduce-af4c5abd-full-source-snapshot/proofs/cbmc/poly_ntt/poly_ntt_harness.c | upstream/mlkem-native/barrett-reduce-af4c5abd-full-source-snapshot/proofs/cbmc/poly_ntt_native/poly_ntt_native_harness.c
9201bea6ddd1d7622cc6496d2f745fee52397d203392f75a3d6e52a400de5bad	12	upstream/mlkem-native/barrett-reduce-af4c5abd-full-source-snapshot/examples/basic/mlkem_native/src/compress.c | upstream/mlkem-native/barrett-reduce-af4c5abd-full-source-snapshot/examples/basic_deterministic/mlkem_native/src/compress.c | upstream/mlkem-native/barrett-reduce-af4c5abd-full-source-snapshot/examples/bring_your_own_fips202/mlkem_native/src/compress.c | upstream/mlkem-native/barrett-reduce-af4c5abd-full-source-snapshot/examples/bring_your_own_fips202_static/mlkem_native/src/compress.c | upstream/mlkem-native/barrett-reduce-af4c5abd-full-source-snapshot/examples/custom_backend/mlkem_native/src/compress.c | upstream/mlkem-native/barrett-reduce-af4c5abd-full-source-snapshot/examples/monolithic_build/mlkem_native/src/compress.c | upstream/mlkem-native/barrett-reduce-af4c5abd-full-source-snapshot/examples/monolithic_build_multilevel/mlkem_native/src/compress.c | upstream/mlkem-native/barrett-reduce-af4c5abd-full-source-snapshot/examples/monolithic_build_multilevel_native/mlkem_native/src/compress.c | upstream/mlkem-native/barrett-reduce-af4c5abd-full-source-snapshot/examples/monolithic_build_native/mlkem_native/src/compress.c | upstream/mlkem-native/barrett-reduce-af4c5abd-full-source-snapshot/examples/multilevel_build/mlkem_native/src/compress.c | upstream/mlkem-native/barrett-reduce-af4c5abd-full-source-snapshot/examples/multilevel_build_native/mlkem_native/src/compress.c | upstream/mlkem-native/barrett-reduce-af4c5abd-full-source-snapshot/mlkem/src/compress.c
92501263f89afc3d6a5f06079bacbe1dfd5ba6db744c887e08cc1c521c0030eb	12	upstream/mlkem-native/barrett-reduce-af4c5abd-full-source-snapshot/examples/basic/mlkem_native/src/sampling.h | upstream/mlkem-native/barrett-reduce-af4c5abd-full-source-snapshot/examples/basic_deterministic/mlkem_native/src/sampling.h | upstream/mlkem-native/barrett-reduce-af4c5abd-full-source-snapshot/examples/bring_your_own_fips202/mlkem_native/src/sampling.h | upstream/mlkem-native/barrett-reduce-af4c5abd-full-source-snapshot/examples/bring_your_own_fips202_static/mlkem_native/src/sampling.h | upstream/mlkem-native/barrett-reduce-af4c5abd-full-source-snapshot/examples/custom_backend/mlkem_native/src/sampling.h | upstream/mlkem-native/barrett-reduce-af4c5abd-full-source-snapshot/examples/monolithic_build/mlkem_native/src/sampling.h | upstream/mlkem-native/barrett-reduce-af4c5abd-full-source-snapshot/examples/monolithic_build_multilevel/mlkem_native/src/sampling.h | upstream/mlkem-native/barrett-reduce-af4c5abd-full-source-snapshot/examples/monolithic_build_multilevel_native/mlkem_native/src/sampling.h | upstream/mlkem-native/barrett-reduce-af4c5abd-full-source-snapshot/examples/monolithic_build_native/mlkem_native/src/sampling.h | upstream/mlkem-native/barrett-reduce-af4c5abd-full-source-snapshot/examples/multilevel_build/mlkem_native/src/sampling.h | upstream/mlkem-native/barrett-reduce-af4c5abd-full-source-snapshot/examples/multilevel_build_native/mlkem_native/src/sampling.h | upstream/mlkem-native/barrett-reduce-af4c5abd-full-source-snapshot/mlkem/src/sampling.h
925af2035e63f5c8866cd83361ad666e4d442a666aef485eba2790d0d2f613b5	9	upstream/mlkem-native/barrett-reduce-af4c5abd-full-source-snapshot/examples/basic/mlkem_native/src/native/aarch64/src/poly_tobytes_aarch64_asm.S | upstream/mlkem-native/barrett-reduce-af4c5abd-full-source-snapshot/examples/basic_deterministic/mlkem_native/src/native/aarch64/src/poly_tobytes_aarch64_asm.S | upstream/mlkem-native/barrett-reduce-af4c5abd-full-source-snapshot/examples/bring_your_own_fips202_static/mlkem_native/src/native/aarch64/src/poly_tobytes_aarch64_asm.S | upstream/mlkem-native/barrett-reduce-af4c5abd-full-source-snapshot/examples/monolithic_build_multilevel/mlkem_native/src/native/aarch64/src/poly_tobytes_aarch64_asm.S | upstream/mlkem-native/barrett-reduce-af4c5abd-full-source-snapshot/examples/monolithic_build_multilevel_native/mlkem_native/src/native/aarch64/src/poly_tobytes_aarch64_asm.S | upstream/mlkem-native/barrett-reduce-af4c5abd-full-source-snapshot/examples/monolithic_build_native/mlkem_native/src/native/aarch64/src/poly_tobytes_aarch64_asm.S | upstream/mlkem-native/barrett-reduce-af4c5abd-full-source-snapshot/examples/multilevel_build/mlkem_native/src/native/aarch64/src/poly_tobytes_aarch64_asm.S | upstream/mlkem-native/barrett-reduce-af4c5abd-full-source-snapshot/examples/multilevel_build_native/mlkem_native/src/native/aarch64/src/poly_tobytes_aarch64_asm.S | upstream/mlkem-native/barrett-reduce-af4c5abd-full-source-snapshot/mlkem/src/native/aarch64/src/poly_tobytes_aarch64_asm.S
928fbd8b2666d5b6eec6284211742ba96ce70bc8061b0e93557e5ecee73ad3b9	9	upstream/mlkem-native/barrett-reduce-af4c5abd-full-source-snapshot/examples/basic/mlkem_native/src/native/aarch64/src/poly_tomont_aarch64_asm.S | upstream/mlkem-native/barrett-reduce-af4c5abd-full-source-snapshot/examples/basic_deterministic/mlkem_native/src/native/aarch64/src/poly_tomont_aarch64_asm.S | upstream/mlkem-native/barrett-reduce-af4c5abd-full-source-snapshot/examples/bring_your_own_fips202_static/mlkem_native/src/native/aarch64/src/poly_tomont_aarch64_asm.S | upstream/mlkem-native/barrett-reduce-af4c5abd-full-source-snapshot/examples/monolithic_build_multilevel/mlkem_native/src/native/aarch64/src/poly_tomont_aarch64_asm.S | upstream/mlkem-native/barrett-reduce-af4c5abd-full-source-snapshot/examples/monolithic_build_multilevel_native/mlkem_native/src/native/aarch64/src/poly_tomont_aarch64_asm.S | upstream/mlkem-native/barrett-reduce-af4c5abd-full-source-snapshot/examples/monolithic_build_native/mlkem_native/src/native/aarch64/src/poly_tomont_aarch64_asm.S | upstream/mlkem-native/barrett-reduce-af4c5abd-full-source-snapshot/examples/multilevel_build/mlkem_native/src/native/aarch64/src/poly_tomont_aarch64_asm.S | upstream/mlkem-native/barrett-reduce-af4c5abd-full-source-snapshot/examples/multilevel_build_native/mlkem_native/src/native/aarch64/src/poly_tomont_aarch64_asm.S | upstream/mlkem-native/barrett-reduce-af4c5abd-full-source-snapshot/mlkem/src/native/aarch64/src/poly_tomont_aarch64_asm.S
92b37dd2361425c2816f624a982b64bbb4b4a7563f02604470c7541a83acf435	10	upstream/mlkem-native/barrett-reduce-af4c5abd-full-source-snapshot/dev/x86_64/src/consts.c | upstream/mlkem-native/barrett-reduce-af4c5abd-full-source-snapshot/examples/basic/mlkem_native/src/native/x86_64/src/consts.c | upstream/mlkem-native/barrett-reduce-af4c5abd-full-source-snapshot/examples/basic_deterministic/mlkem_native/src/native/x86_64/src/consts.c | upstream/mlkem-native/barrett-reduce-af4c5abd-full-source-snapshot/examples/bring_your_own_fips202_static/mlkem_native/src/native/x86_64/src/consts.c | upstream/mlkem-native/barrett-reduce-af4c5abd-full-source-snapshot/examples/monolithic_build_multilevel/mlkem_native/src/native/x86_64/src/consts.c | upstream/mlkem-native/barrett-reduce-af4c5abd-full-source-snapshot/examples/monolithic_build_multilevel_native/mlkem_native/src/native/x86_64/src/consts.c | upstream/mlkem-native/barrett-reduce-af4c5abd-full-source-snapshot/examples/monolithic_build_native/mlkem_native/src/native/x86_64/src/consts.c | upstream/mlkem-native/barrett-reduce-af4c5abd-full-source-snapshot/examples/multilevel_build/mlkem_native/src/native/x86_64/src/consts.c | upstream/mlkem-native/barrett-reduce-af4c5abd-full-source-snapshot/examples/multilevel_build_native/mlkem_native/src/native/x86_64/src/consts.c | upstream/mlkem-native/barrett-reduce-af4c5abd-full-source-snapshot/mlkem/src/native/x86_64/src/consts.c
94365d793e6e7b355eec2352846543c6e3801f49a68235a0a0193a77c160bef7	2	upstream/mlkem-native/barrett-reduce-af4c5abd-full-source-snapshot/examples/bring_your_own_fips202/main.c | upstream/mlkem-native/barrett-reduce-af4c5abd-full-source-snapshot/examples/bring_your_own_fips202_static/main.c
95183fd88f039c0fc7ace87274710c4e06ec42916eccf87253490783f082c0a4	2	provenance/frozen-baseline/barrett-reduce/final-theorem-packages/T5/BR_AF4_T5_FINAL_FREEZE_V1.tar.gz.sha256 | provenance/frozen-baseline/barrett-reduce/historical-path-bearing-sidecars/root/BR_AF4_T5_FINAL_FREEZE_V1.tar.gz.sha256
97eef83984599d8933158e080d8822f2b925d0cf5a64b51c568d2dbe59097cb3	9	upstream/mlkem-native/barrett-reduce-af4c5abd-full-source-snapshot/examples/basic/mlkem_native/src/native/x86_64/src/rej_uniform_avx2_asm.S | upstream/mlkem-native/barrett-reduce-af4c5abd-full-source-snapshot/examples/basic_deterministic/mlkem_native/src/native/x86_64/src/rej_uniform_avx2_asm.S | upstream/mlkem-native/barrett-reduce-af4c5abd-full-source-snapshot/examples/bring_your_own_fips202_static/mlkem_native/src/native/x86_64/src/rej_uniform_avx2_asm.S | upstream/mlkem-native/barrett-reduce-af4c5abd-full-source-snapshot/examples/monolithic_build_multilevel/mlkem_native/src/native/x86_64/src/rej_uniform_avx2_asm.S | upstream/mlkem-native/barrett-reduce-af4c5abd-full-source-snapshot/examples/monolithic_build_multilevel_native/mlkem_native/src/native/x86_64/src/rej_uniform_avx2_asm.S | upstream/mlkem-native/barrett-reduce-af4c5abd-full-source-snapshot/examples/monolithic_build_native/mlkem_native/src/native/x86_64/src/rej_uniform_avx2_asm.S | upstream/mlkem-native/barrett-reduce-af4c5abd-full-source-snapshot/examples/multilevel_build/mlkem_native/src/native/x86_64/src/rej_uniform_avx2_asm.S | upstream/mlkem-native/barrett-reduce-af4c5abd-full-source-snapshot/examples/multilevel_build_native/mlkem_native/src/native/x86_64/src/rej_uniform_avx2_asm.S | upstream/mlkem-native/barrett-reduce-af4c5abd-full-source-snapshot/mlkem/src/native/x86_64/src/rej_uniform_avx2_asm.S
9bf8187fceae7fbfdcb5e35d9222707066b7e5b6d1079cda46eca078ac813864	9	upstream/mlkem-native/barrett-reduce-af4c5abd-full-source-snapshot/examples/basic/mlkem_native/src/native/x86_64/src/tomont_avx2_asm.S | upstream/mlkem-native/barrett-reduce-af4c5abd-full-source-snapshot/examples/basic_deterministic/mlkem_native/src/native/x86_64/src/tomont_avx2_asm.S | upstream/mlkem-native/barrett-reduce-af4c5abd-full-source-snapshot/examples/bring_your_own_fips202_static/mlkem_native/src/native/x86_64/src/tomont_avx2_asm.S | upstream/mlkem-native/barrett-reduce-af4c5abd-full-source-snapshot/examples/monolithic_build_multilevel/mlkem_native/src/native/x86_64/src/tomont_avx2_asm.S | upstream/mlkem-native/barrett-reduce-af4c5abd-full-source-snapshot/examples/monolithic_build_multilevel_native/mlkem_native/src/native/x86_64/src/tomont_avx2_asm.S | upstream/mlkem-native/barrett-reduce-af4c5abd-full-source-snapshot/examples/monolithic_build_native/mlkem_native/src/native/x86_64/src/tomont_avx2_asm.S | upstream/mlkem-native/barrett-reduce-af4c5abd-full-source-snapshot/examples/multilevel_build/mlkem_native/src/native/x86_64/src/tomont_avx2_asm.S | upstream/mlkem-native/barrett-reduce-af4c5abd-full-source-snapshot/examples/multilevel_build_native/mlkem_native/src/native/x86_64/src/tomont_avx2_asm.S | upstream/mlkem-native/barrett-reduce-af4c5abd-full-source-snapshot/mlkem/src/native/x86_64/src/tomont_avx2_asm.S
9e4cdb00eac5a3d1553e64a02dcba66300302f17f1f0d4f3bba64b65c1f53a90	12	upstream/mlkem-native/barrett-reduce-af4c5abd-full-source-snapshot/examples/basic/mlkem_native/src/context.h | upstream/mlkem-native/barrett-reduce-af4c5abd-full-source-snapshot/examples/basic_deterministic/mlkem_native/src/context.h | upstream/mlkem-native/barrett-reduce-af4c5abd-full-source-snapshot/examples/bring_your_own_fips202/mlkem_native/src/context.h | upstream/mlkem-native/barrett-reduce-af4c5abd-full-source-snapshot/examples/bring_your_own_fips202_static/mlkem_native/src/context.h | upstream/mlkem-native/barrett-reduce-af4c5abd-full-source-snapshot/examples/custom_backend/mlkem_native/src/context.h | upstream/mlkem-native/barrett-reduce-af4c5abd-full-source-snapshot/examples/monolithic_build/mlkem_native/src/context.h | upstream/mlkem-native/barrett-reduce-af4c5abd-full-source-snapshot/examples/monolithic_build_multilevel/mlkem_native/src/context.h | upstream/mlkem-native/barrett-reduce-af4c5abd-full-source-snapshot/examples/monolithic_build_multilevel_native/mlkem_native/src/context.h | upstream/mlkem-native/barrett-reduce-af4c5abd-full-source-snapshot/examples/monolithic_build_native/mlkem_native/src/context.h | upstream/mlkem-native/barrett-reduce-af4c5abd-full-source-snapshot/examples/multilevel_build/mlkem_native/src/context.h | upstream/mlkem-native/barrett-reduce-af4c5abd-full-source-snapshot/examples/multilevel_build_native/mlkem_native/src/context.h | upstream/mlkem-native/barrett-reduce-af4c5abd-full-source-snapshot/mlkem/src/context.h
a01c0948612bf393e6ba1e1db603474d929245be4a273a7b874b491f0e23e22b	9	upstream/mlkem-native/barrett-reduce-af4c5abd-full-source-snapshot/dev/fips202/armv81m/src/keccakf1600_round_constants.c | upstream/mlkem-native/barrett-reduce-af4c5abd-full-source-snapshot/examples/basic/mlkem_native/src/fips202/native/armv81m/src/keccakf1600_round_constants.c | upstream/mlkem-native/barrett-reduce-af4c5abd-full-source-snapshot/examples/basic_deterministic/mlkem_native/src/fips202/native/armv81m/src/keccakf1600_round_constants.c | upstream/mlkem-native/barrett-reduce-af4c5abd-full-source-snapshot/examples/monolithic_build_multilevel/mlkem_native/src/fips202/native/armv81m/src/keccakf1600_round_constants.c | upstream/mlkem-native/barrett-reduce-af4c5abd-full-source-snapshot/examples/monolithic_build_multilevel_native/mlkem_native/src/fips202/native/armv81m/src/keccakf1600_round_constants.c | upstream/mlkem-native/barrett-reduce-af4c5abd-full-source-snapshot/examples/monolithic_build_native/mlkem_native/src/fips202/native/armv81m/src/keccakf1600_round_constants.c | upstream/mlkem-native/barrett-reduce-af4c5abd-full-source-snapshot/examples/multilevel_build/mlkem_native/src/fips202/native/armv81m/src/keccakf1600_round_constants.c | upstream/mlkem-native/barrett-reduce-af4c5abd-full-source-snapshot/examples/multilevel_build_native/mlkem_native/src/fips202/native/armv81m/src/keccakf1600_round_constants.c | upstream/mlkem-native/barrett-reduce-af4c5abd-full-source-snapshot/mlkem/src/fips202/native/armv81m/src/keccakf1600_round_constants.c
a0c147e3dc50889e1acf527610951b84b0d2fead2cf3ebac0f581019bef03e9c	8	upstream/mlkem-native/barrett-reduce-af4c5abd-full-source-snapshot/examples/basic/mlkem_native/src/fips202/native/aarch64/src/keccak_f1600_x1_v84a_aarch64_asm.S | upstream/mlkem-native/barrett-reduce-af4c5abd-full-source-snapshot/examples/basic_deterministic/mlkem_native/src/fips202/native/aarch64/src/keccak_f1600_x1_v84a_aarch64_asm.S | upstream/mlkem-native/barrett-reduce-af4c5abd-full-source-snapshot/examples/monolithic_build_multilevel/mlkem_native/src/fips202/native/aarch64/src/keccak_f1600_x1_v84a_aarch64_asm.S | upstream/mlkem-native/barrett-reduce-af4c5abd-full-source-snapshot/examples/monolithic_build_multilevel_native/mlkem_native/src/fips202/native/aarch64/src/keccak_f1600_x1_v84a_aarch64_asm.S | upstream/mlkem-native/barrett-reduce-af4c5abd-full-source-snapshot/examples/monolithic_build_native/mlkem_native/src/fips202/native/aarch64/src/keccak_f1600_x1_v84a_aarch64_asm.S | upstream/mlkem-native/barrett-reduce-af4c5abd-full-source-snapshot/examples/multilevel_build/mlkem_native/src/fips202/native/aarch64/src/keccak_f1600_x1_v84a_aarch64_asm.S | upstream/mlkem-native/barrett-reduce-af4c5abd-full-source-snapshot/examples/multilevel_build_native/mlkem_native/src/fips202/native/aarch64/src/keccak_f1600_x1_v84a_aarch64_asm.S | upstream/mlkem-native/barrett-reduce-af4c5abd-full-source-snapshot/mlkem/src/fips202/native/aarch64/src/keccak_f1600_x1_v84a_aarch64_asm.S
a11629c3372cd8b1ceb7ac6df80b9e1344c63b1df2f55a0d7d1cea2b34ddc12f	11	upstream/mlkem-native/barrett-reduce-af4c5abd-full-source-snapshot/examples/basic/test_only_rng/notrandombytes.c | upstream/mlkem-native/barrett-reduce-af4c5abd-full-source-snapshot/examples/bring_your_own_fips202/test_only_rng/notrandombytes.c | upstream/mlkem-native/barrett-reduce-af4c5abd-full-source-snapshot/examples/bring_your_own_fips202_static/test_only_rng/notrandombytes.c | upstream/mlkem-native/barrett-reduce-af4c5abd-full-source-snapshot/examples/custom_backend/test_only_rng/notrandombytes.c | upstream/mlkem-native/barrett-reduce-af4c5abd-full-source-snapshot/examples/monolithic_build/test_only_rng/notrandombytes.c | upstream/mlkem-native/barrett-reduce-af4c5abd-full-source-snapshot/examples/monolithic_build_multilevel/test_only_rng/notrandombytes.c | upstream/mlkem-native/barrett-reduce-af4c5abd-full-source-snapshot/examples/monolithic_build_multilevel_native/test_only_rng/notrandombytes.c | upstream/mlkem-native/barrett-reduce-af4c5abd-full-source-snapshot/examples/monolithic_build_native/test_only_rng/notrandombytes.c | upstream/mlkem-native/barrett-reduce-af4c5abd-full-source-snapshot/examples/multilevel_build/test_only_rng/notrandombytes.c | upstream/mlkem-native/barrett-reduce-af4c5abd-full-source-snapshot/examples/multilevel_build_native/test_only_rng/notrandombytes.c | upstream/mlkem-native/barrett-reduce-af4c5abd-full-source-snapshot/test/notrandombytes/notrandombytes.c
a16ce390164578975ec29da9b161ac23ca477f6b6b8fc8f5b051bda34e3b01ac	11	upstream/mlkem-native/barrett-reduce-af4c5abd-full-source-snapshot/examples/basic/.gitignore | upstream/mlkem-native/barrett-reduce-af4c5abd-full-source-snapshot/examples/basic_deterministic/.gitignore | upstream/mlkem-native/barrett-reduce-af4c5abd-full-source-snapshot/examples/bring_your_own_fips202/.gitignore | upstream/mlkem-native/barrett-reduce-af4c5abd-full-source-snapshot/examples/bring_your_own_fips202_static/.gitignore | upstream/mlkem-native/barrett-reduce-af4c5abd-full-source-snapshot/examples/custom_backend/.gitignore | upstream/mlkem-native/barrett-reduce-af4c5abd-full-source-snapshot/examples/monolithic_build/.gitignore | upstream/mlkem-native/barrett-reduce-af4c5abd-full-source-snapshot/examples/monolithic_build_multilevel/.gitignore | upstream/mlkem-native/barrett-reduce-af4c5abd-full-source-snapshot/examples/monolithic_build_multilevel_native/.gitignore | upstream/mlkem-native/barrett-reduce-af4c5abd-full-source-snapshot/examples/monolithic_build_native/.gitignore | upstream/mlkem-native/barrett-reduce-af4c5abd-full-source-snapshot/examples/multilevel_build/.gitignore | upstream/mlkem-native/barrett-reduce-af4c5abd-full-source-snapshot/examples/multilevel_build_native/.gitignore
a17756f307c353f9aa2ab6fc3b00717609426468c6e1fe7707b8d461b0c18855	9	upstream/mlkem-native/barrett-reduce-af4c5abd-full-source-snapshot/examples/basic/mlkem_native/src/native/aarch64/src/polyvec_basemul_acc_montgomery_cached_k4_aarch64_asm.S | upstream/mlkem-native/barrett-reduce-af4c5abd-full-source-snapshot/examples/basic_deterministic/mlkem_native/src/native/aarch64/src/polyvec_basemul_acc_montgomery_cached_k4_aarch64_asm.S | upstream/mlkem-native/barrett-reduce-af4c5abd-full-source-snapshot/examples/bring_your_own_fips202_static/mlkem_native/src/native/aarch64/src/polyvec_basemul_acc_montgomery_cached_k4_aarch64_asm.S | upstream/mlkem-native/barrett-reduce-af4c5abd-full-source-snapshot/examples/monolithic_build_multilevel/mlkem_native/src/native/aarch64/src/polyvec_basemul_acc_montgomery_cached_k4_aarch64_asm.S | upstream/mlkem-native/barrett-reduce-af4c5abd-full-source-snapshot/examples/monolithic_build_multilevel_native/mlkem_native/src/native/aarch64/src/polyvec_basemul_acc_montgomery_cached_k4_aarch64_asm.S | upstream/mlkem-native/barrett-reduce-af4c5abd-full-source-snapshot/examples/monolithic_build_native/mlkem_native/src/native/aarch64/src/polyvec_basemul_acc_montgomery_cached_k4_aarch64_asm.S | upstream/mlkem-native/barrett-reduce-af4c5abd-full-source-snapshot/examples/multilevel_build/mlkem_native/src/native/aarch64/src/polyvec_basemul_acc_montgomery_cached_k4_aarch64_asm.S | upstream/mlkem-native/barrett-reduce-af4c5abd-full-source-snapshot/examples/multilevel_build_native/mlkem_native/src/native/aarch64/src/polyvec_basemul_acc_montgomery_cached_k4_aarch64_asm.S | upstream/mlkem-native/barrett-reduce-af4c5abd-full-source-snapshot/mlkem/src/native/aarch64/src/polyvec_basemul_acc_montgomery_cached_k4_aarch64_asm.S
a1da5666025805b84c6a37f316a2e3d4659ad68e32b25d3f802699313f0b8776	2	upstream/mlkem-native/barrett-reduce-af4c5abd-full-source-snapshot/examples/basic/mlkem_native/mlkem_native_config.h | upstream/mlkem-native/barrett-reduce-af4c5abd-full-source-snapshot/mlkem/mlkem_native_config.h
a33a9a640095e434c490e7777c244af9ca473cbba43cf023da878e792424e425	2	upstream/mlkem-native/barrett-reduce-af4c5abd-full-source-snapshot/examples/multilevel_build/mlkem_native_all.h | upstream/mlkem-native/barrett-reduce-af4c5abd-full-source-snapshot/examples/multilevel_build_native/mlkem_native_all.h
a5afc8218ddec34bfc1752ceb944a92fdbcff3e3c9f9b7ce4eadaf5589d6dd27	2	upstream/mlkem-native/barrett-reduce-af4c5abd-full-source-snapshot/proofs/cbmc/rej_uniform/rej_uniform_harness.c | upstream/mlkem-native/barrett-reduce-af4c5abd-full-source-snapshot/proofs/cbmc/rej_uniform_native/rej_uniform_native_harness.c
a659079e5298fc99c408ccada099770832281b37fd7e5959e8908299a440ce05	9	upstream/mlkem-native/barrett-reduce-af4c5abd-full-source-snapshot/examples/basic/mlkem_native/src/native/aarch64/src/rej_uniform_aarch64_asm.S | upstream/mlkem-native/barrett-reduce-af4c5abd-full-source-snapshot/examples/basic_deterministic/mlkem_native/src/native/aarch64/src/rej_uniform_aarch64_asm.S | upstream/mlkem-native/barrett-reduce-af4c5abd-full-source-snapshot/examples/bring_your_own_fips202_static/mlkem_native/src/native/aarch64/src/rej_uniform_aarch64_asm.S | upstream/mlkem-native/barrett-reduce-af4c5abd-full-source-snapshot/examples/monolithic_build_multilevel/mlkem_native/src/native/aarch64/src/rej_uniform_aarch64_asm.S | upstream/mlkem-native/barrett-reduce-af4c5abd-full-source-snapshot/examples/monolithic_build_multilevel_native/mlkem_native/src/native/aarch64/src/rej_uniform_aarch64_asm.S | upstream/mlkem-native/barrett-reduce-af4c5abd-full-source-snapshot/examples/monolithic_build_native/mlkem_native/src/native/aarch64/src/rej_uniform_aarch64_asm.S | upstream/mlkem-native/barrett-reduce-af4c5abd-full-source-snapshot/examples/multilevel_build/mlkem_native/src/native/aarch64/src/rej_uniform_aarch64_asm.S | upstream/mlkem-native/barrett-reduce-af4c5abd-full-source-snapshot/examples/multilevel_build_native/mlkem_native/src/native/aarch64/src/rej_uniform_aarch64_asm.S | upstream/mlkem-native/barrett-reduce-af4c5abd-full-source-snapshot/mlkem/src/native/aarch64/src/rej_uniform_aarch64_asm.S
a8a8bc6b50f98ead9e20bfb55ac11114c0515f0225ec68a8a9f370443a38b5ce	9	upstream/mlkem-native/barrett-reduce-af4c5abd-full-source-snapshot/examples/basic/mlkem_native/src/native/x86_64/src/intt_avx2_asm.S | upstream/mlkem-native/barrett-reduce-af4c5abd-full-source-snapshot/examples/basic_deterministic/mlkem_native/src/native/x86_64/src/intt_avx2_asm.S | upstream/mlkem-native/barrett-reduce-af4c5abd-full-source-snapshot/examples/bring_your_own_fips202_static/mlkem_native/src/native/x86_64/src/intt_avx2_asm.S | upstream/mlkem-native/barrett-reduce-af4c5abd-full-source-snapshot/examples/monolithic_build_multilevel/mlkem_native/src/native/x86_64/src/intt_avx2_asm.S | upstream/mlkem-native/barrett-reduce-af4c5abd-full-source-snapshot/examples/monolithic_build_multilevel_native/mlkem_native/src/native/x86_64/src/intt_avx2_asm.S | upstream/mlkem-native/barrett-reduce-af4c5abd-full-source-snapshot/examples/monolithic_build_native/mlkem_native/src/native/x86_64/src/intt_avx2_asm.S | upstream/mlkem-native/barrett-reduce-af4c5abd-full-source-snapshot/examples/multilevel_build/mlkem_native/src/native/x86_64/src/intt_avx2_asm.S | upstream/mlkem-native/barrett-reduce-af4c5abd-full-source-snapshot/examples/multilevel_build_native/mlkem_native/src/native/x86_64/src/intt_avx2_asm.S | upstream/mlkem-native/barrett-reduce-af4c5abd-full-source-snapshot/mlkem/src/native/x86_64/src/intt_avx2_asm.S
ae067d3b4331387e974066486f8db9403c55dff34a3f9c770d3d86a25e0c57cd	8	upstream/mlkem-native/barrett-reduce-af4c5abd-full-source-snapshot/examples/basic/mlkem_native/src/fips202/native/armv81m/src/state_xor_bytes_x4_mve.S | upstream/mlkem-native/barrett-reduce-af4c5abd-full-source-snapshot/examples/basic_deterministic/mlkem_native/src/fips202/native/armv81m/src/state_xor_bytes_x4_mve.S | upstream/mlkem-native/barrett-reduce-af4c5abd-full-source-snapshot/examples/monolithic_build_multilevel/mlkem_native/src/fips202/native/armv81m/src/state_xor_bytes_x4_mve.S | upstream/mlkem-native/barrett-reduce-af4c5abd-full-source-snapshot/examples/monolithic_build_multilevel_native/mlkem_native/src/fips202/native/armv81m/src/state_xor_bytes_x4_mve.S | upstream/mlkem-native/barrett-reduce-af4c5abd-full-source-snapshot/examples/monolithic_build_native/mlkem_native/src/fips202/native/armv81m/src/state_xor_bytes_x4_mve.S | upstream/mlkem-native/barrett-reduce-af4c5abd-full-source-snapshot/examples/multilevel_build/mlkem_native/src/fips202/native/armv81m/src/state_xor_bytes_x4_mve.S | upstream/mlkem-native/barrett-reduce-af4c5abd-full-source-snapshot/examples/multilevel_build_native/mlkem_native/src/fips202/native/armv81m/src/state_xor_bytes_x4_mve.S | upstream/mlkem-native/barrett-reduce-af4c5abd-full-source-snapshot/mlkem/src/fips202/native/armv81m/src/state_xor_bytes_x4_mve.S
ae77631908fc59e4c6fad80d861fbadf920212631394319a04c18bfe14c91764	9	upstream/mlkem-native/barrett-reduce-af4c5abd-full-source-snapshot/examples/basic/mlkem_native/src/native/x86_64/src/arith_native_x86_64.h | upstream/mlkem-native/barrett-reduce-af4c5abd-full-source-snapshot/examples/basic_deterministic/mlkem_native/src/native/x86_64/src/arith_native_x86_64.h | upstream/mlkem-native/barrett-reduce-af4c5abd-full-source-snapshot/examples/bring_your_own_fips202_static/mlkem_native/src/native/x86_64/src/arith_native_x86_64.h | upstream/mlkem-native/barrett-reduce-af4c5abd-full-source-snapshot/examples/monolithic_build_multilevel/mlkem_native/src/native/x86_64/src/arith_native_x86_64.h | upstream/mlkem-native/barrett-reduce-af4c5abd-full-source-snapshot/examples/monolithic_build_multilevel_native/mlkem_native/src/native/x86_64/src/arith_native_x86_64.h | upstream/mlkem-native/barrett-reduce-af4c5abd-full-source-snapshot/examples/monolithic_build_native/mlkem_native/src/native/x86_64/src/arith_native_x86_64.h | upstream/mlkem-native/barrett-reduce-af4c5abd-full-source-snapshot/examples/multilevel_build/mlkem_native/src/native/x86_64/src/arith_native_x86_64.h | upstream/mlkem-native/barrett-reduce-af4c5abd-full-source-snapshot/examples/multilevel_build_native/mlkem_native/src/native/x86_64/src/arith_native_x86_64.h | upstream/mlkem-native/barrett-reduce-af4c5abd-full-source-snapshot/mlkem/src/native/x86_64/src/arith_native_x86_64.h
af16e048da60454ae457d8519adf37c1e1ccf5decb455158d6a829be6a030f20	8	upstream/mlkem-native/barrett-reduce-af4c5abd-full-source-snapshot/examples/basic/mlkem_native/src/fips202/native/aarch64/x4_v8a_v84a_scalar.h | upstream/mlkem-native/barrett-reduce-af4c5abd-full-source-snapshot/examples/basic_deterministic/mlkem_native/src/fips202/native/aarch64/x4_v8a_v84a_scalar.h | upstream/mlkem-native/barrett-reduce-af4c5abd-full-source-snapshot/examples/monolithic_build_multilevel/mlkem_native/src/fips202/native/aarch64/x4_v8a_v84a_scalar.h | upstream/mlkem-native/barrett-reduce-af4c5abd-full-source-snapshot/examples/monolithic_build_multilevel_native/mlkem_native/src/fips202/native/aarch64/x4_v8a_v84a_scalar.h | upstream/mlkem-native/barrett-reduce-af4c5abd-full-source-snapshot/examples/monolithic_build_native/mlkem_native/src/fips202/native/aarch64/x4_v8a_v84a_scalar.h | upstream/mlkem-native/barrett-reduce-af4c5abd-full-source-snapshot/examples/multilevel_build/mlkem_native/src/fips202/native/aarch64/x4_v8a_v84a_scalar.h | upstream/mlkem-native/barrett-reduce-af4c5abd-full-source-snapshot/examples/multilevel_build_native/mlkem_native/src/fips202/native/aarch64/x4_v8a_v84a_scalar.h | upstream/mlkem-native/barrett-reduce-af4c5abd-full-source-snapshot/mlkem/src/fips202/native/aarch64/x4_v8a_v84a_scalar.h
b3a46147965dbce7adc55be889d17c6f672c6d468aafb152010bf7e73264ad60	2	upstream/mlkem-native/barrett-reduce-af4c5abd-full-source-snapshot/proofs/cbmc/polyvec_basemul_acc_montgomery_cached_k2_native_aarch64/polyvec_basemul_acc_montgomery_cached_k2_native_aarch64_harness.c | upstream/mlkem-native/barrett-reduce-af4c5abd-full-source-snapshot/proofs/cbmc/polyvec_basemul_acc_montgomery_cached_k2_native_x86_64/polyvec_basemul_acc_montgomery_cached_k2_native_x86_64_harness.c
b3de1f7602b10c6033eee8b235138190ed09df917ec9326c2b38ce1083c541ce	12	upstream/mlkem-native/barrett-reduce-af4c5abd-full-source-snapshot/examples/basic/mlkem_native/src/kem.c | upstream/mlkem-native/barrett-reduce-af4c5abd-full-source-snapshot/examples/basic_deterministic/mlkem_native/src/kem.c | upstream/mlkem-native/barrett-reduce-af4c5abd-full-source-snapshot/examples/bring_your_own_fips202/mlkem_native/src/kem.c | upstream/mlkem-native/barrett-reduce-af4c5abd-full-source-snapshot/examples/bring_your_own_fips202_static/mlkem_native/src/kem.c | upstream/mlkem-native/barrett-reduce-af4c5abd-full-source-snapshot/examples/custom_backend/mlkem_native/src/kem.c | upstream/mlkem-native/barrett-reduce-af4c5abd-full-source-snapshot/examples/monolithic_build/mlkem_native/src/kem.c | upstream/mlkem-native/barrett-reduce-af4c5abd-full-source-snapshot/examples/monolithic_build_multilevel/mlkem_native/src/kem.c | upstream/mlkem-native/barrett-reduce-af4c5abd-full-source-snapshot/examples/monolithic_build_multilevel_native/mlkem_native/src/kem.c | upstream/mlkem-native/barrett-reduce-af4c5abd-full-source-snapshot/examples/monolithic_build_native/mlkem_native/src/kem.c | upstream/mlkem-native/barrett-reduce-af4c5abd-full-source-snapshot/examples/multilevel_build/mlkem_native/src/kem.c | upstream/mlkem-native/barrett-reduce-af4c5abd-full-source-snapshot/examples/multilevel_build_native/mlkem_native/src/kem.c | upstream/mlkem-native/barrett-reduce-af4c5abd-full-source-snapshot/mlkem/src/kem.c
b7308b590b9d7bd57e9b6b37cbd5e0d1c2a6174926cefff72bbf4f90045cfd2b	11	upstream/mlkem-native/barrett-reduce-af4c5abd-full-source-snapshot/examples/basic/test_only_rng/notrandombytes.h | upstream/mlkem-native/barrett-reduce-af4c5abd-full-source-snapshot/examples/bring_your_own_fips202/test_only_rng/notrandombytes.h | upstream/mlkem-native/barrett-reduce-af4c5abd-full-source-snapshot/examples/bring_your_own_fips202_static/test_only_rng/notrandombytes.h | upstream/mlkem-native/barrett-reduce-af4c5abd-full-source-snapshot/examples/custom_backend/test_only_rng/notrandombytes.h | upstream/mlkem-native/barrett-reduce-af4c5abd-full-source-snapshot/examples/monolithic_build/test_only_rng/notrandombytes.h | upstream/mlkem-native/barrett-reduce-af4c5abd-full-source-snapshot/examples/monolithic_build_multilevel/test_only_rng/notrandombytes.h | upstream/mlkem-native/barrett-reduce-af4c5abd-full-source-snapshot/examples/monolithic_build_multilevel_native/test_only_rng/notrandombytes.h | upstream/mlkem-native/barrett-reduce-af4c5abd-full-source-snapshot/examples/monolithic_build_native/test_only_rng/notrandombytes.h | upstream/mlkem-native/barrett-reduce-af4c5abd-full-source-snapshot/examples/multilevel_build/test_only_rng/notrandombytes.h | upstream/mlkem-native/barrett-reduce-af4c5abd-full-source-snapshot/examples/multilevel_build_native/test_only_rng/notrandombytes.h | upstream/mlkem-native/barrett-reduce-af4c5abd-full-source-snapshot/test/notrandombytes/notrandombytes.h
b81dddd63984b5750f2cddc5a4ccc6b5e3ed7f541a15a62f1cd375bc819dd9d3	8	upstream/mlkem-native/barrett-reduce-af4c5abd-full-source-snapshot/examples/basic/mlkem_native/src/fips202/native/aarch64/src/keccak_f1600_x4_v8a_v84a_scalar_hybrid_aarch64_asm.S | upstream/mlkem-native/barrett-reduce-af4c5abd-full-source-snapshot/examples/basic_deterministic/mlkem_native/src/fips202/native/aarch64/src/keccak_f1600_x4_v8a_v84a_scalar_hybrid_aarch64_asm.S | upstream/mlkem-native/barrett-reduce-af4c5abd-full-source-snapshot/examples/monolithic_build_multilevel/mlkem_native/src/fips202/native/aarch64/src/keccak_f1600_x4_v8a_v84a_scalar_hybrid_aarch64_asm.S | upstream/mlkem-native/barrett-reduce-af4c5abd-full-source-snapshot/examples/monolithic_build_multilevel_native/mlkem_native/src/fips202/native/aarch64/src/keccak_f1600_x4_v8a_v84a_scalar_hybrid_aarch64_asm.S | upstream/mlkem-native/barrett-reduce-af4c5abd-full-source-snapshot/examples/monolithic_build_native/mlkem_native/src/fips202/native/aarch64/src/keccak_f1600_x4_v8a_v84a_scalar_hybrid_aarch64_asm.S | upstream/mlkem-native/barrett-reduce-af4c5abd-full-source-snapshot/examples/multilevel_build/mlkem_native/src/fips202/native/aarch64/src/keccak_f1600_x4_v8a_v84a_scalar_hybrid_aarch64_asm.S | upstream/mlkem-native/barrett-reduce-af4c5abd-full-source-snapshot/examples/multilevel_build_native/mlkem_native/src/fips202/native/aarch64/src/keccak_f1600_x4_v8a_v84a_scalar_hybrid_aarch64_asm.S | upstream/mlkem-native/barrett-reduce-af4c5abd-full-source-snapshot/mlkem/src/fips202/native/aarch64/src/keccak_f1600_x4_v8a_v84a_scalar_hybrid_aarch64_asm.S
be662d58c00fdfc8dfa14bdaf580f7af0c21ffb3211eba5e6a89654ab34afa22	10	upstream/mlkem-native/barrett-reduce-af4c5abd-full-source-snapshot/dev/x86_64/src/rej_uniform_table.c | upstream/mlkem-native/barrett-reduce-af4c5abd-full-source-snapshot/examples/basic/mlkem_native/src/native/x86_64/src/rej_uniform_table.c | upstream/mlkem-native/barrett-reduce-af4c5abd-full-source-snapshot/examples/basic_deterministic/mlkem_native/src/native/x86_64/src/rej_uniform_table.c | upstream/mlkem-native/barrett-reduce-af4c5abd-full-source-snapshot/examples/bring_your_own_fips202_static/mlkem_native/src/native/x86_64/src/rej_uniform_table.c | upstream/mlkem-native/barrett-reduce-af4c5abd-full-source-snapshot/examples/monolithic_build_multilevel/mlkem_native/src/native/x86_64/src/rej_uniform_table.c | upstream/mlkem-native/barrett-reduce-af4c5abd-full-source-snapshot/examples/monolithic_build_multilevel_native/mlkem_native/src/native/x86_64/src/rej_uniform_table.c | upstream/mlkem-native/barrett-reduce-af4c5abd-full-source-snapshot/examples/monolithic_build_native/mlkem_native/src/native/x86_64/src/rej_uniform_table.c | upstream/mlkem-native/barrett-reduce-af4c5abd-full-source-snapshot/examples/multilevel_build/mlkem_native/src/native/x86_64/src/rej_uniform_table.c | upstream/mlkem-native/barrett-reduce-af4c5abd-full-source-snapshot/examples/multilevel_build_native/mlkem_native/src/native/x86_64/src/rej_uniform_table.c | upstream/mlkem-native/barrett-reduce-af4c5abd-full-source-snapshot/mlkem/src/native/x86_64/src/rej_uniform_table.c
bef0cf45ac2cc8338fa05ce0deb478c7d077f46f0ee59b24d03daa983ac56a45	5	upstream/mlkem-native/barrett-reduce-af4c5abd-full-source-snapshot/examples/monolithic_build/mlkem_native/mlkem_native.c | upstream/mlkem-native/barrett-reduce-af4c5abd-full-source-snapshot/examples/monolithic_build_multilevel/mlkem_native/mlkem_native.c | upstream/mlkem-native/barrett-reduce-af4c5abd-full-source-snapshot/examples/monolithic_build_multilevel_native/mlkem_native/mlkem_native.c | upstream/mlkem-native/barrett-reduce-af4c5abd-full-source-snapshot/examples/monolithic_build_native/mlkem_native/mlkem_native.c | upstream/mlkem-native/barrett-reduce-af4c5abd-full-source-snapshot/mlkem/mlkem_native.c
c1418a61801656ffe6bd934dc32fbcbfb4ec348e6a40f5363508f5451be061dc	2	upstream/mlkem-native/barrett-reduce-af4c5abd-full-source-snapshot/proofs/cbmc/polyvec_basemul_acc_montgomery_cached/polyvec_basemul_acc_montgomery_cached_harness.c | upstream/mlkem-native/barrett-reduce-af4c5abd-full-source-snapshot/proofs/cbmc/polyvec_basemul_acc_montgomery_cached_native/polyvec_basemul_acc_montgomery_cached_native_harness.c
c3c2222b1a47112df089e93ffabd4fd019744d0be6ea5a9c3d15eadd637bab37	9	upstream/mlkem-native/barrett-reduce-af4c5abd-full-source-snapshot/examples/basic/mlkem_native/src/native/ppc64le/src/intt_ppc_asm.S | upstream/mlkem-native/barrett-reduce-af4c5abd-full-source-snapshot/examples/basic_deterministic/mlkem_native/src/native/ppc64le/src/intt_ppc_asm.S | upstream/mlkem-native/barrett-reduce-af4c5abd-full-source-snapshot/examples/bring_your_own_fips202_static/mlkem_native/src/native/ppc64le/src/intt_ppc_asm.S | upstream/mlkem-native/barrett-reduce-af4c5abd-full-source-snapshot/examples/monolithic_build_multilevel/mlkem_native/src/native/ppc64le/src/intt_ppc_asm.S | upstream/mlkem-native/barrett-reduce-af4c5abd-full-source-snapshot/examples/monolithic_build_multilevel_native/mlkem_native/src/native/ppc64le/src/intt_ppc_asm.S | upstream/mlkem-native/barrett-reduce-af4c5abd-full-source-snapshot/examples/monolithic_build_native/mlkem_native/src/native/ppc64le/src/intt_ppc_asm.S | upstream/mlkem-native/barrett-reduce-af4c5abd-full-source-snapshot/examples/multilevel_build/mlkem_native/src/native/ppc64le/src/intt_ppc_asm.S | upstream/mlkem-native/barrett-reduce-af4c5abd-full-source-snapshot/examples/multilevel_build_native/mlkem_native/src/native/ppc64le/src/intt_ppc_asm.S | upstream/mlkem-native/barrett-reduce-af4c5abd-full-source-snapshot/mlkem/src/native/ppc64le/src/intt_ppc_asm.S
c4ad2278ef016d2816b8d1049b73fd42e5a0f4acc3dd4dba3c969a94d80a2034	9	upstream/mlkem-native/barrett-reduce-af4c5abd-full-source-snapshot/examples/basic/mlkem_native/src/native/ppc64le/README.md | upstream/mlkem-native/barrett-reduce-af4c5abd-full-source-snapshot/examples/basic_deterministic/mlkem_native/src/native/ppc64le/README.md | upstream/mlkem-native/barrett-reduce-af4c5abd-full-source-snapshot/examples/bring_your_own_fips202_static/mlkem_native/src/native/ppc64le/README.md | upstream/mlkem-native/barrett-reduce-af4c5abd-full-source-snapshot/examples/monolithic_build_multilevel/mlkem_native/src/native/ppc64le/README.md | upstream/mlkem-native/barrett-reduce-af4c5abd-full-source-snapshot/examples/monolithic_build_multilevel_native/mlkem_native/src/native/ppc64le/README.md | upstream/mlkem-native/barrett-reduce-af4c5abd-full-source-snapshot/examples/monolithic_build_native/mlkem_native/src/native/ppc64le/README.md | upstream/mlkem-native/barrett-reduce-af4c5abd-full-source-snapshot/examples/multilevel_build/mlkem_native/src/native/ppc64le/README.md | upstream/mlkem-native/barrett-reduce-af4c5abd-full-source-snapshot/examples/multilevel_build_native/mlkem_native/src/native/ppc64le/README.md | upstream/mlkem-native/barrett-reduce-af4c5abd-full-source-snapshot/mlkem/src/native/ppc64le/README.md
c4d7ab8a6e977538980bce0e9f8550d0abdb1966e78cf2c2572e83efd203180b	2	upstream/mlkem-native/barrett-reduce-af4c5abd-full-source-snapshot/proofs/cbmc/poly_decompress_d10/poly_decompress_d10_harness.c | upstream/mlkem-native/barrett-reduce-af4c5abd-full-source-snapshot/proofs/cbmc/poly_decompress_d10_native/poly_decompress_d10_native_harness.c
c5ebc5c092628cbb9018d4b73d7330ffc84e3f44576c1bddcd884c3e5158a18c	3	upstream/mlkem-native/barrett-reduce-af4c5abd-full-source-snapshot/examples/bring_your_own_fips202/custom_fips202/tiny_sha3/LICENSE | upstream/mlkem-native/barrett-reduce-af4c5abd-full-source-snapshot/examples/bring_your_own_fips202_static/custom_fips202/tiny_sha3/LICENSE | upstream/mlkem-native/barrett-reduce-af4c5abd-full-source-snapshot/examples/custom_backend/mlkem_native/src/fips202/native/custom/src/LICENSE
c7503836f6acb3e595d9a028d34dcd6b8b981687e299fff7ab33c543458745f9	9	upstream/mlkem-native/barrett-reduce-af4c5abd-full-source-snapshot/examples/basic/mlkem_native/src/native/x86_64/src/polyvec_basemul_acc_montgomery_cached_k2_avx2_asm.S | upstream/mlkem-native/barrett-reduce-af4c5abd-full-source-snapshot/examples/basic_deterministic/mlkem_native/src/native/x86_64/src/polyvec_basemul_acc_montgomery_cached_k2_avx2_asm.S | upstream/mlkem-native/barrett-reduce-af4c5abd-full-source-snapshot/examples/bring_your_own_fips202_static/mlkem_native/src/native/x86_64/src/polyvec_basemul_acc_montgomery_cached_k2_avx2_asm.S | upstream/mlkem-native/barrett-reduce-af4c5abd-full-source-snapshot/examples/monolithic_build_multilevel/mlkem_native/src/native/x86_64/src/polyvec_basemul_acc_montgomery_cached_k2_avx2_asm.S | upstream/mlkem-native/barrett-reduce-af4c5abd-full-source-snapshot/examples/monolithic_build_multilevel_native/mlkem_native/src/native/x86_64/src/polyvec_basemul_acc_montgomery_cached_k2_avx2_asm.S | upstream/mlkem-native/barrett-reduce-af4c5abd-full-source-snapshot/examples/monolithic_build_native/mlkem_native/src/native/x86_64/src/polyvec_basemul_acc_montgomery_cached_k2_avx2_asm.S | upstream/mlkem-native/barrett-reduce-af4c5abd-full-source-snapshot/examples/multilevel_build/mlkem_native/src/native/x86_64/src/polyvec_basemul_acc_montgomery_cached_k2_avx2_asm.S | upstream/mlkem-native/barrett-reduce-af4c5abd-full-source-snapshot/examples/multilevel_build_native/mlkem_native/src/native/x86_64/src/polyvec_basemul_acc_montgomery_cached_k2_avx2_asm.S | upstream/mlkem-native/barrett-reduce-af4c5abd-full-source-snapshot/mlkem/src/native/x86_64/src/polyvec_basemul_acc_montgomery_cached_k2_avx2_asm.S
c8d2e50f7ccce19822030786a1a99f0892db63ebe5b020fa91a5383c9700dd22	10	upstream/mlkem-native/barrett-reduce-af4c5abd-full-source-snapshot/examples/basic/mlkem_native/src/fips202/fips202x4.h | upstream/mlkem-native/barrett-reduce-af4c5abd-full-source-snapshot/examples/basic_deterministic/mlkem_native/src/fips202/fips202x4.h | upstream/mlkem-native/barrett-reduce-af4c5abd-full-source-snapshot/examples/custom_backend/mlkem_native/src/fips202/fips202x4.h | upstream/mlkem-native/barrett-reduce-af4c5abd-full-source-snapshot/examples/monolithic_build/mlkem_native/src/fips202/fips202x4.h | upstream/mlkem-native/barrett-reduce-af4c5abd-full-source-snapshot/examples/monolithic_build_multilevel/mlkem_native/src/fips202/fips202x4.h | upstream/mlkem-native/barrett-reduce-af4c5abd-full-source-snapshot/examples/monolithic_build_multilevel_native/mlkem_native/src/fips202/fips202x4.h | upstream/mlkem-native/barrett-reduce-af4c5abd-full-source-snapshot/examples/monolithic_build_native/mlkem_native/src/fips202/fips202x4.h | upstream/mlkem-native/barrett-reduce-af4c5abd-full-source-snapshot/examples/multilevel_build/mlkem_native/src/fips202/fips202x4.h | upstream/mlkem-native/barrett-reduce-af4c5abd-full-source-snapshot/examples/multilevel_build_native/mlkem_native/src/fips202/fips202x4.h | upstream/mlkem-native/barrett-reduce-af4c5abd-full-source-snapshot/mlkem/src/fips202/fips202x4.h
ca26af0242b3909d82a41581384bf8bd660f5fe84b09a80e4b94addb735f054c	8	upstream/mlkem-native/barrett-reduce-af4c5abd-full-source-snapshot/examples/basic/mlkem_native/src/fips202/native/armv81m/src/fips202_native_armv81m.h | upstream/mlkem-native/barrett-reduce-af4c5abd-full-source-snapshot/examples/basic_deterministic/mlkem_native/src/fips202/native/armv81m/src/fips202_native_armv81m.h | upstream/mlkem-native/barrett-reduce-af4c5abd-full-source-snapshot/examples/monolithic_build_multilevel/mlkem_native/src/fips202/native/armv81m/src/fips202_native_armv81m.h | upstream/mlkem-native/barrett-reduce-af4c5abd-full-source-snapshot/examples/monolithic_build_multilevel_native/mlkem_native/src/fips202/native/armv81m/src/fips202_native_armv81m.h | upstream/mlkem-native/barrett-reduce-af4c5abd-full-source-snapshot/examples/monolithic_build_native/mlkem_native/src/fips202/native/armv81m/src/fips202_native_armv81m.h | upstream/mlkem-native/barrett-reduce-af4c5abd-full-source-snapshot/examples/multilevel_build/mlkem_native/src/fips202/native/armv81m/src/fips202_native_armv81m.h | upstream/mlkem-native/barrett-reduce-af4c5abd-full-source-snapshot/examples/multilevel_build_native/mlkem_native/src/fips202/native/armv81m/src/fips202_native_armv81m.h | upstream/mlkem-native/barrett-reduce-af4c5abd-full-source-snapshot/mlkem/src/fips202/native/armv81m/src/fips202_native_armv81m.h
ca485705ed13888726c8ddd568be32612c4e118aeaf01e4e2642e17ac138dd78	9	upstream/mlkem-native/barrett-reduce-af4c5abd-full-source-snapshot/examples/basic/mlkem_native/src/native/ppc64le/meta.h | upstream/mlkem-native/barrett-reduce-af4c5abd-full-source-snapshot/examples/basic_deterministic/mlkem_native/src/native/ppc64le/meta.h | upstream/mlkem-native/barrett-reduce-af4c5abd-full-source-snapshot/examples/bring_your_own_fips202_static/mlkem_native/src/native/ppc64le/meta.h | upstream/mlkem-native/barrett-reduce-af4c5abd-full-source-snapshot/examples/monolithic_build_multilevel/mlkem_native/src/native/ppc64le/meta.h | upstream/mlkem-native/barrett-reduce-af4c5abd-full-source-snapshot/examples/monolithic_build_multilevel_native/mlkem_native/src/native/ppc64le/meta.h | upstream/mlkem-native/barrett-reduce-af4c5abd-full-source-snapshot/examples/monolithic_build_native/mlkem_native/src/native/ppc64le/meta.h | upstream/mlkem-native/barrett-reduce-af4c5abd-full-source-snapshot/examples/multilevel_build/mlkem_native/src/native/ppc64le/meta.h | upstream/mlkem-native/barrett-reduce-af4c5abd-full-source-snapshot/examples/multilevel_build_native/mlkem_native/src/native/ppc64le/meta.h | upstream/mlkem-native/barrett-reduce-af4c5abd-full-source-snapshot/mlkem/src/native/ppc64le/meta.h
cad68aaacc2f3511f0a5a0c70f7ac827e76c78e862f1c5616de2b74c8b96a4a5	10	upstream/mlkem-native/barrett-reduce-af4c5abd-full-source-snapshot/examples/basic/mlkem_native/src/fips202/fips202.h | upstream/mlkem-native/barrett-reduce-af4c5abd-full-source-snapshot/examples/basic_deterministic/mlkem_native/src/fips202/fips202.h | upstream/mlkem-native/barrett-reduce-af4c5abd-full-source-snapshot/examples/custom_backend/mlkem_native/src/fips202/fips202.h | upstream/mlkem-native/barrett-reduce-af4c5abd-full-source-snapshot/examples/monolithic_build/mlkem_native/src/fips202/fips202.h | upstream/mlkem-native/barrett-reduce-af4c5abd-full-source-snapshot/examples/monolithic_build_multilevel/mlkem_native/src/fips202/fips202.h | upstream/mlkem-native/barrett-reduce-af4c5abd-full-source-snapshot/examples/monolithic_build_multilevel_native/mlkem_native/src/fips202/fips202.h | upstream/mlkem-native/barrett-reduce-af4c5abd-full-source-snapshot/examples/monolithic_build_native/mlkem_native/src/fips202/fips202.h | upstream/mlkem-native/barrett-reduce-af4c5abd-full-source-snapshot/examples/multilevel_build/mlkem_native/src/fips202/fips202.h | upstream/mlkem-native/barrett-reduce-af4c5abd-full-source-snapshot/examples/multilevel_build_native/mlkem_native/src/fips202/fips202.h | upstream/mlkem-native/barrett-reduce-af4c5abd-full-source-snapshot/mlkem/src/fips202/fips202.h
cbd817865b79f232fe1d2629d425ce9cc46f56dc6068faa17f8d77516f4cdc1f	2	upstream/mlkem-native/barrett-reduce-af4c5abd-full-source-snapshot/examples/bring_your_own_fips202/Makefile | upstream/mlkem-native/barrett-reduce-af4c5abd-full-source-snapshot/examples/bring_your_own_fips202_static/Makefile
cc2f5a32ae2c5256088e17e04f89529ca3985baa6813ef4d2f0a971d8698a666	9	upstream/mlkem-native/barrett-reduce-af4c5abd-full-source-snapshot/dev/fips202/armv81m/src/keccak_f1600_x4_mve.c | upstream/mlkem-native/barrett-reduce-af4c5abd-full-source-snapshot/examples/basic/mlkem_native/src/fips202/native/armv81m/src/keccak_f1600_x4_mve.c | upstream/mlkem-native/barrett-reduce-af4c5abd-full-source-snapshot/examples/basic_deterministic/mlkem_native/src/fips202/native/armv81m/src/keccak_f1600_x4_mve.c | upstream/mlkem-native/barrett-reduce-af4c5abd-full-source-snapshot/examples/monolithic_build_multilevel/mlkem_native/src/fips202/native/armv81m/src/keccak_f1600_x4_mve.c | upstream/mlkem-native/barrett-reduce-af4c5abd-full-source-snapshot/examples/monolithic_build_multilevel_native/mlkem_native/src/fips202/native/armv81m/src/keccak_f1600_x4_mve.c | upstream/mlkem-native/barrett-reduce-af4c5abd-full-source-snapshot/examples/monolithic_build_native/mlkem_native/src/fips202/native/armv81m/src/keccak_f1600_x4_mve.c | upstream/mlkem-native/barrett-reduce-af4c5abd-full-source-snapshot/examples/multilevel_build/mlkem_native/src/fips202/native/armv81m/src/keccak_f1600_x4_mve.c | upstream/mlkem-native/barrett-reduce-af4c5abd-full-source-snapshot/examples/multilevel_build_native/mlkem_native/src/fips202/native/armv81m/src/keccak_f1600_x4_mve.c | upstream/mlkem-native/barrett-reduce-af4c5abd-full-source-snapshot/mlkem/src/fips202/native/armv81m/src/keccak_f1600_x4_mve.c
cc48998e9595ec4e59a3aa53d6be9e55ecccb3cdc047e661ccd94fa99955d675	12	upstream/mlkem-native/barrett-reduce-af4c5abd-full-source-snapshot/examples/basic/mlkem_native/src/common.h | upstream/mlkem-native/barrett-reduce-af4c5abd-full-source-snapshot/examples/basic_deterministic/mlkem_native/src/common.h | upstream/mlkem-native/barrett-reduce-af4c5abd-full-source-snapshot/examples/bring_your_own_fips202/mlkem_native/src/common.h | upstream/mlkem-native/barrett-reduce-af4c5abd-full-source-snapshot/examples/bring_your_own_fips202_static/mlkem_native/src/common.h | upstream/mlkem-native/barrett-reduce-af4c5abd-full-source-snapshot/examples/custom_backend/mlkem_native/src/common.h | upstream/mlkem-native/barrett-reduce-af4c5abd-full-source-snapshot/examples/monolithic_build/mlkem_native/src/common.h | upstream/mlkem-native/barrett-reduce-af4c5abd-full-source-snapshot/examples/monolithic_build_multilevel/mlkem_native/src/common.h | upstream/mlkem-native/barrett-reduce-af4c5abd-full-source-snapshot/examples/monolithic_build_multilevel_native/mlkem_native/src/common.h | upstream/mlkem-native/barrett-reduce-af4c5abd-full-source-snapshot/examples/monolithic_build_native/mlkem_native/src/common.h | upstream/mlkem-native/barrett-reduce-af4c5abd-full-source-snapshot/examples/multilevel_build/mlkem_native/src/common.h | upstream/mlkem-native/barrett-reduce-af4c5abd-full-source-snapshot/examples/multilevel_build_native/mlkem_native/src/common.h | upstream/mlkem-native/barrett-reduce-af4c5abd-full-source-snapshot/mlkem/src/common.h
cc8a354ecbf09f5e490b643440a52d6a33118e04191e3ab8c6754e49aa03ed1b	9	upstream/mlkem-native/barrett-reduce-af4c5abd-full-source-snapshot/examples/basic/mlkem_native/src/native/riscv64/README.md | upstream/mlkem-native/barrett-reduce-af4c5abd-full-source-snapshot/examples/basic_deterministic/mlkem_native/src/native/riscv64/README.md | upstream/mlkem-native/barrett-reduce-af4c5abd-full-source-snapshot/examples/bring_your_own_fips202_static/mlkem_native/src/native/riscv64/README.md | upstream/mlkem-native/barrett-reduce-af4c5abd-full-source-snapshot/examples/monolithic_build_multilevel/mlkem_native/src/native/riscv64/README.md | upstream/mlkem-native/barrett-reduce-af4c5abd-full-source-snapshot/examples/monolithic_build_multilevel_native/mlkem_native/src/native/riscv64/README.md | upstream/mlkem-native/barrett-reduce-af4c5abd-full-source-snapshot/examples/monolithic_build_native/mlkem_native/src/native/riscv64/README.md | upstream/mlkem-native/barrett-reduce-af4c5abd-full-source-snapshot/examples/multilevel_build/mlkem_native/src/native/riscv64/README.md | upstream/mlkem-native/barrett-reduce-af4c5abd-full-source-snapshot/examples/multilevel_build_native/mlkem_native/src/native/riscv64/README.md | upstream/mlkem-native/barrett-reduce-af4c5abd-full-source-snapshot/mlkem/src/native/riscv64/README.md
cea8a31cdac31aae7c62e02d8ee8b223d51fc8e48fd9f0059bed33e2e09476ac	8	upstream/mlkem-native/barrett-reduce-af4c5abd-full-source-snapshot/examples/basic/mlkem_native/src/fips202/native/aarch64/x2_v84a.h | upstream/mlkem-native/barrett-reduce-af4c5abd-full-source-snapshot/examples/basic_deterministic/mlkem_native/src/fips202/native/aarch64/x2_v84a.h | upstream/mlkem-native/barrett-reduce-af4c5abd-full-source-snapshot/examples/monolithic_build_multilevel/mlkem_native/src/fips202/native/aarch64/x2_v84a.h | upstream/mlkem-native/barrett-reduce-af4c5abd-full-source-snapshot/examples/monolithic_build_multilevel_native/mlkem_native/src/fips202/native/aarch64/x2_v84a.h | upstream/mlkem-native/barrett-reduce-af4c5abd-full-source-snapshot/examples/monolithic_build_native/mlkem_native/src/fips202/native/aarch64/x2_v84a.h | upstream/mlkem-native/barrett-reduce-af4c5abd-full-source-snapshot/examples/multilevel_build/mlkem_native/src/fips202/native/aarch64/x2_v84a.h | upstream/mlkem-native/barrett-reduce-af4c5abd-full-source-snapshot/examples/multilevel_build_native/mlkem_native/src/fips202/native/aarch64/x2_v84a.h | upstream/mlkem-native/barrett-reduce-af4c5abd-full-source-snapshot/mlkem/src/fips202/native/aarch64/x2_v84a.h
cf3f258e98e21d3db85b6a543677c592e1bdc0cb9e88df647cd85ccd46b71b15	9	upstream/mlkem-native/barrett-reduce-af4c5abd-full-source-snapshot/examples/basic/mlkem_native/src/native/aarch64/src/arith_native_aarch64.h | upstream/mlkem-native/barrett-reduce-af4c5abd-full-source-snapshot/examples/basic_deterministic/mlkem_native/src/native/aarch64/src/arith_native_aarch64.h | upstream/mlkem-native/barrett-reduce-af4c5abd-full-source-snapshot/examples/bring_your_own_fips202_static/mlkem_native/src/native/aarch64/src/arith_native_aarch64.h | upstream/mlkem-native/barrett-reduce-af4c5abd-full-source-snapshot/examples/monolithic_build_multilevel/mlkem_native/src/native/aarch64/src/arith_native_aarch64.h | upstream/mlkem-native/barrett-reduce-af4c5abd-full-source-snapshot/examples/monolithic_build_multilevel_native/mlkem_native/src/native/aarch64/src/arith_native_aarch64.h | upstream/mlkem-native/barrett-reduce-af4c5abd-full-source-snapshot/examples/monolithic_build_native/mlkem_native/src/native/aarch64/src/arith_native_aarch64.h | upstream/mlkem-native/barrett-reduce-af4c5abd-full-source-snapshot/examples/multilevel_build/mlkem_native/src/native/aarch64/src/arith_native_aarch64.h | upstream/mlkem-native/barrett-reduce-af4c5abd-full-source-snapshot/examples/multilevel_build_native/mlkem_native/src/native/aarch64/src/arith_native_aarch64.h | upstream/mlkem-native/barrett-reduce-af4c5abd-full-source-snapshot/mlkem/src/native/aarch64/src/arith_native_aarch64.h
d0812932f720ea634a8ffb4f0923f8b388256b2081e5944e0d0f65a7829081c8	9	upstream/mlkem-native/barrett-reduce-af4c5abd-full-source-snapshot/examples/basic/mlkem_native/src/native/x86_64/src/reduce_avx2_asm.S | upstream/mlkem-native/barrett-reduce-af4c5abd-full-source-snapshot/examples/basic_deterministic/mlkem_native/src/native/x86_64/src/reduce_avx2_asm.S | upstream/mlkem-native/barrett-reduce-af4c5abd-full-source-snapshot/examples/bring_your_own_fips202_static/mlkem_native/src/native/x86_64/src/reduce_avx2_asm.S | upstream/mlkem-native/barrett-reduce-af4c5abd-full-source-snapshot/examples/monolithic_build_multilevel/mlkem_native/src/native/x86_64/src/reduce_avx2_asm.S | upstream/mlkem-native/barrett-reduce-af4c5abd-full-source-snapshot/examples/monolithic_build_multilevel_native/mlkem_native/src/native/x86_64/src/reduce_avx2_asm.S | upstream/mlkem-native/barrett-reduce-af4c5abd-full-source-snapshot/examples/monolithic_build_native/mlkem_native/src/native/x86_64/src/reduce_avx2_asm.S | upstream/mlkem-native/barrett-reduce-af4c5abd-full-source-snapshot/examples/multilevel_build/mlkem_native/src/native/x86_64/src/reduce_avx2_asm.S | upstream/mlkem-native/barrett-reduce-af4c5abd-full-source-snapshot/examples/multilevel_build_native/mlkem_native/src/native/x86_64/src/reduce_avx2_asm.S | upstream/mlkem-native/barrett-reduce-af4c5abd-full-source-snapshot/mlkem/src/native/x86_64/src/reduce_avx2_asm.S
d1fab329b439fc6dd9c4234f3fe053e74b000d416e0f4e4464542813667f3750	12	upstream/mlkem-native/barrett-reduce-af4c5abd-full-source-snapshot/examples/basic/mlkem_native/src/debug.h | upstream/mlkem-native/barrett-reduce-af4c5abd-full-source-snapshot/examples/basic_deterministic/mlkem_native/src/debug.h | upstream/mlkem-native/barrett-reduce-af4c5abd-full-source-snapshot/examples/bring_your_own_fips202/mlkem_native/src/debug.h | upstream/mlkem-native/barrett-reduce-af4c5abd-full-source-snapshot/examples/bring_your_own_fips202_static/mlkem_native/src/debug.h | upstream/mlkem-native/barrett-reduce-af4c5abd-full-source-snapshot/examples/custom_backend/mlkem_native/src/debug.h | upstream/mlkem-native/barrett-reduce-af4c5abd-full-source-snapshot/examples/monolithic_build/mlkem_native/src/debug.h | upstream/mlkem-native/barrett-reduce-af4c5abd-full-source-snapshot/examples/monolithic_build_multilevel/mlkem_native/src/debug.h | upstream/mlkem-native/barrett-reduce-af4c5abd-full-source-snapshot/examples/monolithic_build_multilevel_native/mlkem_native/src/debug.h | upstream/mlkem-native/barrett-reduce-af4c5abd-full-source-snapshot/examples/monolithic_build_native/mlkem_native/src/debug.h | upstream/mlkem-native/barrett-reduce-af4c5abd-full-source-snapshot/examples/multilevel_build/mlkem_native/src/debug.h | upstream/mlkem-native/barrett-reduce-af4c5abd-full-source-snapshot/examples/multilevel_build_native/mlkem_native/src/debug.h | upstream/mlkem-native/barrett-reduce-af4c5abd-full-source-snapshot/mlkem/src/debug.h
d29ca53fe5a70fcc2dcb3227bff3d92c37e0c35f14f995635026effc7f612422	9	upstream/mlkem-native/barrett-reduce-af4c5abd-full-source-snapshot/examples/basic/mlkem_native/src/native/riscv64/src/rv64v_izetas.inc | upstream/mlkem-native/barrett-reduce-af4c5abd-full-source-snapshot/examples/basic_deterministic/mlkem_native/src/native/riscv64/src/rv64v_izetas.inc | upstream/mlkem-native/barrett-reduce-af4c5abd-full-source-snapshot/examples/bring_your_own_fips202_static/mlkem_native/src/native/riscv64/src/rv64v_izetas.inc | upstream/mlkem-native/barrett-reduce-af4c5abd-full-source-snapshot/examples/monolithic_build_multilevel/mlkem_native/src/native/riscv64/src/rv64v_izetas.inc | upstream/mlkem-native/barrett-reduce-af4c5abd-full-source-snapshot/examples/monolithic_build_multilevel_native/mlkem_native/src/native/riscv64/src/rv64v_izetas.inc | upstream/mlkem-native/barrett-reduce-af4c5abd-full-source-snapshot/examples/monolithic_build_native/mlkem_native/src/native/riscv64/src/rv64v_izetas.inc | upstream/mlkem-native/barrett-reduce-af4c5abd-full-source-snapshot/examples/multilevel_build/mlkem_native/src/native/riscv64/src/rv64v_izetas.inc | upstream/mlkem-native/barrett-reduce-af4c5abd-full-source-snapshot/examples/multilevel_build_native/mlkem_native/src/native/riscv64/src/rv64v_izetas.inc | upstream/mlkem-native/barrett-reduce-af4c5abd-full-source-snapshot/mlkem/src/native/riscv64/src/rv64v_izetas.inc
d2ad03151e8671da73900559e1f22b61327209dcd748a2dbc1209a494439c7db	9	upstream/mlkem-native/barrett-reduce-af4c5abd-full-source-snapshot/examples/basic/mlkem_native/src/native/x86_64/src/ntttobytes_avx2_asm.S | upstream/mlkem-native/barrett-reduce-af4c5abd-full-source-snapshot/examples/basic_deterministic/mlkem_native/src/native/x86_64/src/ntttobytes_avx2_asm.S | upstream/mlkem-native/barrett-reduce-af4c5abd-full-source-snapshot/examples/bring_your_own_fips202_static/mlkem_native/src/native/x86_64/src/ntttobytes_avx2_asm.S | upstream/mlkem-native/barrett-reduce-af4c5abd-full-source-snapshot/examples/monolithic_build_multilevel/mlkem_native/src/native/x86_64/src/ntttobytes_avx2_asm.S | upstream/mlkem-native/barrett-reduce-af4c5abd-full-source-snapshot/examples/monolithic_build_multilevel_native/mlkem_native/src/native/x86_64/src/ntttobytes_avx2_asm.S | upstream/mlkem-native/barrett-reduce-af4c5abd-full-source-snapshot/examples/monolithic_build_native/mlkem_native/src/native/x86_64/src/ntttobytes_avx2_asm.S | upstream/mlkem-native/barrett-reduce-af4c5abd-full-source-snapshot/examples/multilevel_build/mlkem_native/src/native/x86_64/src/ntttobytes_avx2_asm.S | upstream/mlkem-native/barrett-reduce-af4c5abd-full-source-snapshot/examples/multilevel_build_native/mlkem_native/src/native/x86_64/src/ntttobytes_avx2_asm.S | upstream/mlkem-native/barrett-reduce-af4c5abd-full-source-snapshot/mlkem/src/native/x86_64/src/ntttobytes_avx2_asm.S
d3424467659425031ea4e0b5dba60b9708ab0fae8df0d3fb6e989e865ed85ed2	2	upstream/mlkem-native/barrett-reduce-af4c5abd-full-source-snapshot/proofs/cbmc/intt_native_aarch64/intt_native_aarch64_harness.c | upstream/mlkem-native/barrett-reduce-af4c5abd-full-source-snapshot/proofs/cbmc/intt_native_x86_64/intt_native_x86_64_harness.c
d4d8734a33d4b91e4ff53955751943ba60ea89a3b9da94a1f8bd42f1b4ee9c86	9	upstream/mlkem-native/barrett-reduce-af4c5abd-full-source-snapshot/examples/basic/mlkem_native/src/fips202/native/api.h | upstream/mlkem-native/barrett-reduce-af4c5abd-full-source-snapshot/examples/basic_deterministic/mlkem_native/src/fips202/native/api.h | upstream/mlkem-native/barrett-reduce-af4c5abd-full-source-snapshot/examples/custom_backend/mlkem_native/src/fips202/native/api.h | upstream/mlkem-native/barrett-reduce-af4c5abd-full-source-snapshot/examples/monolithic_build_multilevel/mlkem_native/src/fips202/native/api.h | upstream/mlkem-native/barrett-reduce-af4c5abd-full-source-snapshot/examples/monolithic_build_multilevel_native/mlkem_native/src/fips202/native/api.h | upstream/mlkem-native/barrett-reduce-af4c5abd-full-source-snapshot/examples/monolithic_build_native/mlkem_native/src/fips202/native/api.h | upstream/mlkem-native/barrett-reduce-af4c5abd-full-source-snapshot/examples/multilevel_build/mlkem_native/src/fips202/native/api.h | upstream/mlkem-native/barrett-reduce-af4c5abd-full-source-snapshot/examples/multilevel_build_native/mlkem_native/src/fips202/native/api.h | upstream/mlkem-native/barrett-reduce-af4c5abd-full-source-snapshot/mlkem/src/fips202/native/api.h
d66aaf515aaff3da763ab7f636812e7444501f85d8441c4d1acb23fa4820de5e	9	upstream/mlkem-native/barrett-reduce-af4c5abd-full-source-snapshot/examples/basic/mlkem_native/src/native/riscv64/src/arith_native_riscv64.h | upstream/mlkem-native/barrett-reduce-af4c5abd-full-source-snapshot/examples/basic_deterministic/mlkem_native/src/native/riscv64/src/arith_native_riscv64.h | upstream/mlkem-native/barrett-reduce-af4c5abd-full-source-snapshot/examples/bring_your_own_fips202_static/mlkem_native/src/native/riscv64/src/arith_native_riscv64.h | upstream/mlkem-native/barrett-reduce-af4c5abd-full-source-snapshot/examples/monolithic_build_multilevel/mlkem_native/src/native/riscv64/src/arith_native_riscv64.h | upstream/mlkem-native/barrett-reduce-af4c5abd-full-source-snapshot/examples/monolithic_build_multilevel_native/mlkem_native/src/native/riscv64/src/arith_native_riscv64.h | upstream/mlkem-native/barrett-reduce-af4c5abd-full-source-snapshot/examples/monolithic_build_native/mlkem_native/src/native/riscv64/src/arith_native_riscv64.h | upstream/mlkem-native/barrett-reduce-af4c5abd-full-source-snapshot/examples/multilevel_build/mlkem_native/src/native/riscv64/src/arith_native_riscv64.h | upstream/mlkem-native/barrett-reduce-af4c5abd-full-source-snapshot/examples/multilevel_build_native/mlkem_native/src/native/riscv64/src/arith_native_riscv64.h | upstream/mlkem-native/barrett-reduce-af4c5abd-full-source-snapshot/mlkem/src/native/riscv64/src/arith_native_riscv64.h
d7f625f1488f40ed5db555f3d4fa772a12c17b1b29e2922a539691184179d494	9	upstream/mlkem-native/barrett-reduce-af4c5abd-full-source-snapshot/examples/basic/mlkem_native/src/native/x86_64/src/poly_decompress_d10_avx2_asm.S | upstream/mlkem-native/barrett-reduce-af4c5abd-full-source-snapshot/examples/basic_deterministic/mlkem_native/src/native/x86_64/src/poly_decompress_d10_avx2_asm.S | upstream/mlkem-native/barrett-reduce-af4c5abd-full-source-snapshot/examples/bring_your_own_fips202_static/mlkem_native/src/native/x86_64/src/poly_decompress_d10_avx2_asm.S | upstream/mlkem-native/barrett-reduce-af4c5abd-full-source-snapshot/examples/monolithic_build_multilevel/mlkem_native/src/native/x86_64/src/poly_decompress_d10_avx2_asm.S | upstream/mlkem-native/barrett-reduce-af4c5abd-full-source-snapshot/examples/monolithic_build_multilevel_native/mlkem_native/src/native/x86_64/src/poly_decompress_d10_avx2_asm.S | upstream/mlkem-native/barrett-reduce-af4c5abd-full-source-snapshot/examples/monolithic_build_native/mlkem_native/src/native/x86_64/src/poly_decompress_d10_avx2_asm.S | upstream/mlkem-native/barrett-reduce-af4c5abd-full-source-snapshot/examples/multilevel_build/mlkem_native/src/native/x86_64/src/poly_decompress_d10_avx2_asm.S | upstream/mlkem-native/barrett-reduce-af4c5abd-full-source-snapshot/examples/multilevel_build_native/mlkem_native/src/native/x86_64/src/poly_decompress_d10_avx2_asm.S | upstream/mlkem-native/barrett-reduce-af4c5abd-full-source-snapshot/mlkem/src/native/x86_64/src/poly_decompress_d10_avx2_asm.S
dc389f0d1f8b677c37737608f706292f985e328bd72e668d1c974c8cfbf47793	8	upstream/mlkem-native/barrett-reduce-af4c5abd-full-source-snapshot/examples/basic/mlkem_native/src/fips202/native/aarch64/src/keccak_f1600_x4_v8a_scalar_hybrid_aarch64_asm.S | upstream/mlkem-native/barrett-reduce-af4c5abd-full-source-snapshot/examples/basic_deterministic/mlkem_native/src/fips202/native/aarch64/src/keccak_f1600_x4_v8a_scalar_hybrid_aarch64_asm.S | upstream/mlkem-native/barrett-reduce-af4c5abd-full-source-snapshot/examples/monolithic_build_multilevel/mlkem_native/src/fips202/native/aarch64/src/keccak_f1600_x4_v8a_scalar_hybrid_aarch64_asm.S | upstream/mlkem-native/barrett-reduce-af4c5abd-full-source-snapshot/examples/monolithic_build_multilevel_native/mlkem_native/src/fips202/native/aarch64/src/keccak_f1600_x4_v8a_scalar_hybrid_aarch64_asm.S | upstream/mlkem-native/barrett-reduce-af4c5abd-full-source-snapshot/examples/monolithic_build_native/mlkem_native/src/fips202/native/aarch64/src/keccak_f1600_x4_v8a_scalar_hybrid_aarch64_asm.S | upstream/mlkem-native/barrett-reduce-af4c5abd-full-source-snapshot/examples/multilevel_build/mlkem_native/src/fips202/native/aarch64/src/keccak_f1600_x4_v8a_scalar_hybrid_aarch64_asm.S | upstream/mlkem-native/barrett-reduce-af4c5abd-full-source-snapshot/examples/multilevel_build_native/mlkem_native/src/fips202/native/aarch64/src/keccak_f1600_x4_v8a_scalar_hybrid_aarch64_asm.S | upstream/mlkem-native/barrett-reduce-af4c5abd-full-source-snapshot/mlkem/src/fips202/native/aarch64/src/keccak_f1600_x4_v8a_scalar_hybrid_aarch64_asm.S
dce26ca356762c85fc1a3a529d488b00694a7c0a4c1cfc05cfdab76dd8c3377b	2	upstream/mlkem-native/barrett-reduce-af4c5abd-full-source-snapshot/examples/bring_your_own_fips202/custom_fips202/tiny_sha3/sha3.c | upstream/mlkem-native/barrett-reduce-af4c5abd-full-source-snapshot/examples/bring_your_own_fips202_static/custom_fips202/tiny_sha3/sha3.c
dee8b0da4ca812cf3e06ab1180ba5325fe5f2f59dc175be0a85f16bca795e52c	9	upstream/mlkem-native/barrett-reduce-af4c5abd-full-source-snapshot/examples/basic/mlkem_native/src/native/aarch64/src/ntt_aarch64_asm.S | upstream/mlkem-native/barrett-reduce-af4c5abd-full-source-snapshot/examples/basic_deterministic/mlkem_native/src/native/aarch64/src/ntt_aarch64_asm.S | upstream/mlkem-native/barrett-reduce-af4c5abd-full-source-snapshot/examples/bring_your_own_fips202_static/mlkem_native/src/native/aarch64/src/ntt_aarch64_asm.S | upstream/mlkem-native/barrett-reduce-af4c5abd-full-source-snapshot/examples/monolithic_build_multilevel/mlkem_native/src/native/aarch64/src/ntt_aarch64_asm.S | upstream/mlkem-native/barrett-reduce-af4c5abd-full-source-snapshot/examples/monolithic_build_multilevel_native/mlkem_native/src/native/aarch64/src/ntt_aarch64_asm.S | upstream/mlkem-native/barrett-reduce-af4c5abd-full-source-snapshot/examples/monolithic_build_native/mlkem_native/src/native/aarch64/src/ntt_aarch64_asm.S | upstream/mlkem-native/barrett-reduce-af4c5abd-full-source-snapshot/examples/multilevel_build/mlkem_native/src/native/aarch64/src/ntt_aarch64_asm.S | upstream/mlkem-native/barrett-reduce-af4c5abd-full-source-snapshot/examples/multilevel_build_native/mlkem_native/src/native/aarch64/src/ntt_aarch64_asm.S | upstream/mlkem-native/barrett-reduce-af4c5abd-full-source-snapshot/mlkem/src/native/aarch64/src/ntt_aarch64_asm.S
df582b5462c592df89f0f8764af073acaa968086dc61e6c2d5cd6b12ac43c1b1	12	upstream/mlkem-native/barrett-reduce-af4c5abd-full-source-snapshot/examples/basic/mlkem_native/mlkem_native.h | upstream/mlkem-native/barrett-reduce-af4c5abd-full-source-snapshot/examples/basic_deterministic/mlkem_native/mlkem_native.h | upstream/mlkem-native/barrett-reduce-af4c5abd-full-source-snapshot/examples/bring_your_own_fips202/mlkem_native/mlkem_native.h | upstream/mlkem-native/barrett-reduce-af4c5abd-full-source-snapshot/examples/bring_your_own_fips202_static/mlkem_native/mlkem_native.h | upstream/mlkem-native/barrett-reduce-af4c5abd-full-source-snapshot/examples/custom_backend/mlkem_native/mlkem_native.h | upstream/mlkem-native/barrett-reduce-af4c5abd-full-source-snapshot/examples/monolithic_build/mlkem_native/mlkem_native.h | upstream/mlkem-native/barrett-reduce-af4c5abd-full-source-snapshot/examples/monolithic_build_multilevel/mlkem_native/mlkem_native.h | upstream/mlkem-native/barrett-reduce-af4c5abd-full-source-snapshot/examples/monolithic_build_multilevel_native/mlkem_native/mlkem_native.h | upstream/mlkem-native/barrett-reduce-af4c5abd-full-source-snapshot/examples/monolithic_build_native/mlkem_native/mlkem_native.h | upstream/mlkem-native/barrett-reduce-af4c5abd-full-source-snapshot/examples/multilevel_build/mlkem_native/mlkem_native.h | upstream/mlkem-native/barrett-reduce-af4c5abd-full-source-snapshot/examples/multilevel_build_native/mlkem_native/mlkem_native.h | upstream/mlkem-native/barrett-reduce-af4c5abd-full-source-snapshot/mlkem/mlkem_native.h
e1783332d6248856c4b53d4b777b50fd4ab0eab409ea1c2722ecfc7b6b8809ac	9	upstream/mlkem-native/barrett-reduce-af4c5abd-full-source-snapshot/dev/fips202/x86_64/src/keccakf1600_constants.c | upstream/mlkem-native/barrett-reduce-af4c5abd-full-source-snapshot/examples/basic/mlkem_native/src/fips202/native/x86_64/src/keccakf1600_constants.c | upstream/mlkem-native/barrett-reduce-af4c5abd-full-source-snapshot/examples/basic_deterministic/mlkem_native/src/fips202/native/x86_64/src/keccakf1600_constants.c | upstream/mlkem-native/barrett-reduce-af4c5abd-full-source-snapshot/examples/monolithic_build_multilevel/mlkem_native/src/fips202/native/x86_64/src/keccakf1600_constants.c | upstream/mlkem-native/barrett-reduce-af4c5abd-full-source-snapshot/examples/monolithic_build_multilevel_native/mlkem_native/src/fips202/native/x86_64/src/keccakf1600_constants.c | upstream/mlkem-native/barrett-reduce-af4c5abd-full-source-snapshot/examples/monolithic_build_native/mlkem_native/src/fips202/native/x86_64/src/keccakf1600_constants.c | upstream/mlkem-native/barrett-reduce-af4c5abd-full-source-snapshot/examples/multilevel_build/mlkem_native/src/fips202/native/x86_64/src/keccakf1600_constants.c | upstream/mlkem-native/barrett-reduce-af4c5abd-full-source-snapshot/examples/multilevel_build_native/mlkem_native/src/fips202/native/x86_64/src/keccakf1600_constants.c | upstream/mlkem-native/barrett-reduce-af4c5abd-full-source-snapshot/mlkem/src/fips202/native/x86_64/src/keccakf1600_constants.c
e239f5d705fca7729e7838e836aa2fab814ddc4ffbaf7eeb73a32242b15d960d	12	upstream/mlkem-native/barrett-reduce-af4c5abd-full-source-snapshot/examples/basic/mlkem_native/src/kem.h | upstream/mlkem-native/barrett-reduce-af4c5abd-full-source-snapshot/examples/basic_deterministic/mlkem_native/src/kem.h | upstream/mlkem-native/barrett-reduce-af4c5abd-full-source-snapshot/examples/bring_your_own_fips202/mlkem_native/src/kem.h | upstream/mlkem-native/barrett-reduce-af4c5abd-full-source-snapshot/examples/bring_your_own_fips202_static/mlkem_native/src/kem.h | upstream/mlkem-native/barrett-reduce-af4c5abd-full-source-snapshot/examples/custom_backend/mlkem_native/src/kem.h | upstream/mlkem-native/barrett-reduce-af4c5abd-full-source-snapshot/examples/monolithic_build/mlkem_native/src/kem.h | upstream/mlkem-native/barrett-reduce-af4c5abd-full-source-snapshot/examples/monolithic_build_multilevel/mlkem_native/src/kem.h | upstream/mlkem-native/barrett-reduce-af4c5abd-full-source-snapshot/examples/monolithic_build_multilevel_native/mlkem_native/src/kem.h | upstream/mlkem-native/barrett-reduce-af4c5abd-full-source-snapshot/examples/monolithic_build_native/mlkem_native/src/kem.h | upstream/mlkem-native/barrett-reduce-af4c5abd-full-source-snapshot/examples/multilevel_build/mlkem_native/src/kem.h | upstream/mlkem-native/barrett-reduce-af4c5abd-full-source-snapshot/examples/multilevel_build_native/mlkem_native/src/kem.h | upstream/mlkem-native/barrett-reduce-af4c5abd-full-source-snapshot/mlkem/src/kem.h
e268e1eceee475df9deb5003601cdecc3fc32a5ddb2c6891bef36ac1c1ad172a	2	upstream/mlkem-native/barrett-reduce-af4c5abd-full-source-snapshot/proofs/cbmc/ntt_native_aarch64/ntt_native_aarch64_harness.c | upstream/mlkem-native/barrett-reduce-af4c5abd-full-source-snapshot/proofs/cbmc/ntt_native_x86_64/ntt_native_x86_64_harness.c
e467153a7c219afa6bc9a1d3c96277ee06531464e330bcdb3b3f834c6ca84dec	2	upstream/mlkem-native/barrett-reduce-af4c5abd-full-source-snapshot/proofs/cbmc/poly_frombytes/poly_frombytes_harness.c | upstream/mlkem-native/barrett-reduce-af4c5abd-full-source-snapshot/proofs/cbmc/poly_frombytes_native/poly_frombytes_native_harness.c
e5ddd2b144d4006bc515a7259dc85be96f2029bcff1ab8802e8aa683767adeb9	9	upstream/mlkem-native/barrett-reduce-af4c5abd-full-source-snapshot/dev/fips202/aarch64/src/keccakf1600_round_constants.c | upstream/mlkem-native/barrett-reduce-af4c5abd-full-source-snapshot/examples/basic/mlkem_native/src/fips202/native/aarch64/src/keccakf1600_round_constants.c | upstream/mlkem-native/barrett-reduce-af4c5abd-full-source-snapshot/examples/basic_deterministic/mlkem_native/src/fips202/native/aarch64/src/keccakf1600_round_constants.c | upstream/mlkem-native/barrett-reduce-af4c5abd-full-source-snapshot/examples/monolithic_build_multilevel/mlkem_native/src/fips202/native/aarch64/src/keccakf1600_round_constants.c | upstream/mlkem-native/barrett-reduce-af4c5abd-full-source-snapshot/examples/monolithic_build_multilevel_native/mlkem_native/src/fips202/native/aarch64/src/keccakf1600_round_constants.c | upstream/mlkem-native/barrett-reduce-af4c5abd-full-source-snapshot/examples/monolithic_build_native/mlkem_native/src/fips202/native/aarch64/src/keccakf1600_round_constants.c | upstream/mlkem-native/barrett-reduce-af4c5abd-full-source-snapshot/examples/multilevel_build/mlkem_native/src/fips202/native/aarch64/src/keccakf1600_round_constants.c | upstream/mlkem-native/barrett-reduce-af4c5abd-full-source-snapshot/examples/multilevel_build_native/mlkem_native/src/fips202/native/aarch64/src/keccakf1600_round_constants.c | upstream/mlkem-native/barrett-reduce-af4c5abd-full-source-snapshot/mlkem/src/fips202/native/aarch64/src/keccakf1600_round_constants.c
ea76138bb7a1c0fb4d20784daed7eb84d7f8e815dfe19df4ddb2de80c0991397	2	upstream/mlkem-native/barrett-reduce-af4c5abd-full-source-snapshot/proofs/cbmc/poly_getnoise_eta1_4x/poly_getnoise_eta1_4x_harness.c | upstream/mlkem-native/barrett-reduce-af4c5abd-full-source-snapshot/proofs/cbmc/poly_getnoise_eta1_4x_native/poly_getnoise_eta1_4x_native_harness.c
eb30d087373d9f809ef8bcbf5396e68e79f0b210efd9436c47f9c5dd2b07a089	9	upstream/mlkem-native/barrett-reduce-af4c5abd-full-source-snapshot/examples/basic/mlkem_native/src/native/meta.h | upstream/mlkem-native/barrett-reduce-af4c5abd-full-source-snapshot/examples/basic_deterministic/mlkem_native/src/native/meta.h | upstream/mlkem-native/barrett-reduce-af4c5abd-full-source-snapshot/examples/bring_your_own_fips202_static/mlkem_native/src/native/meta.h | upstream/mlkem-native/barrett-reduce-af4c5abd-full-source-snapshot/examples/monolithic_build_multilevel/mlkem_native/src/native/meta.h | upstream/mlkem-native/barrett-reduce-af4c5abd-full-source-snapshot/examples/monolithic_build_multilevel_native/mlkem_native/src/native/meta.h | upstream/mlkem-native/barrett-reduce-af4c5abd-full-source-snapshot/examples/monolithic_build_native/mlkem_native/src/native/meta.h | upstream/mlkem-native/barrett-reduce-af4c5abd-full-source-snapshot/examples/multilevel_build/mlkem_native/src/native/meta.h | upstream/mlkem-native/barrett-reduce-af4c5abd-full-source-snapshot/examples/multilevel_build_native/mlkem_native/src/native/meta.h | upstream/mlkem-native/barrett-reduce-af4c5abd-full-source-snapshot/mlkem/src/native/meta.h
ef41c9e748a12dac3da3c0a7d9a890115886ee0a1bb8d7141fb76f28fd9e8668	8	upstream/mlkem-native/barrett-reduce-af4c5abd-full-source-snapshot/examples/basic/mlkem_native/src/fips202/native/armv81m/README.md | upstream/mlkem-native/barrett-reduce-af4c5abd-full-source-snapshot/examples/basic_deterministic/mlkem_native/src/fips202/native/armv81m/README.md | upstream/mlkem-native/barrett-reduce-af4c5abd-full-source-snapshot/examples/monolithic_build_multilevel/mlkem_native/src/fips202/native/armv81m/README.md | upstream/mlkem-native/barrett-reduce-af4c5abd-full-source-snapshot/examples/monolithic_build_multilevel_native/mlkem_native/src/fips202/native/armv81m/README.md | upstream/mlkem-native/barrett-reduce-af4c5abd-full-source-snapshot/examples/monolithic_build_native/mlkem_native/src/fips202/native/armv81m/README.md | upstream/mlkem-native/barrett-reduce-af4c5abd-full-source-snapshot/examples/multilevel_build/mlkem_native/src/fips202/native/armv81m/README.md | upstream/mlkem-native/barrett-reduce-af4c5abd-full-source-snapshot/examples/multilevel_build_native/mlkem_native/src/fips202/native/armv81m/README.md | upstream/mlkem-native/barrett-reduce-af4c5abd-full-source-snapshot/mlkem/src/fips202/native/armv81m/README.md
f0046a67ebd4195f6180b179c0fe329c1bbfddc37203825a5ebf0dffa7991e15	9	upstream/mlkem-native/barrett-reduce-af4c5abd-full-source-snapshot/examples/basic/mlkem_native/src/native/x86_64/src/consts.h | upstream/mlkem-native/barrett-reduce-af4c5abd-full-source-snapshot/examples/basic_deterministic/mlkem_native/src/native/x86_64/src/consts.h | upstream/mlkem-native/barrett-reduce-af4c5abd-full-source-snapshot/examples/bring_your_own_fips202_static/mlkem_native/src/native/x86_64/src/consts.h | upstream/mlkem-native/barrett-reduce-af4c5abd-full-source-snapshot/examples/monolithic_build_multilevel/mlkem_native/src/native/x86_64/src/consts.h | upstream/mlkem-native/barrett-reduce-af4c5abd-full-source-snapshot/examples/monolithic_build_multilevel_native/mlkem_native/src/native/x86_64/src/consts.h | upstream/mlkem-native/barrett-reduce-af4c5abd-full-source-snapshot/examples/monolithic_build_native/mlkem_native/src/native/x86_64/src/consts.h | upstream/mlkem-native/barrett-reduce-af4c5abd-full-source-snapshot/examples/multilevel_build/mlkem_native/src/native/x86_64/src/consts.h | upstream/mlkem-native/barrett-reduce-af4c5abd-full-source-snapshot/examples/multilevel_build_native/mlkem_native/src/native/x86_64/src/consts.h | upstream/mlkem-native/barrett-reduce-af4c5abd-full-source-snapshot/mlkem/src/native/x86_64/src/consts.h
f24f980110953c1d361e04137e13e2f85f76db776903f85c98f24900e85f7aef	12	upstream/mlkem-native/barrett-reduce-af4c5abd-full-source-snapshot/examples/basic/mlkem_native/src/poly.h | upstream/mlkem-native/barrett-reduce-af4c5abd-full-source-snapshot/examples/basic_deterministic/mlkem_native/src/poly.h | upstream/mlkem-native/barrett-reduce-af4c5abd-full-source-snapshot/examples/bring_your_own_fips202/mlkem_native/src/poly.h | upstream/mlkem-native/barrett-reduce-af4c5abd-full-source-snapshot/examples/bring_your_own_fips202_static/mlkem_native/src/poly.h | upstream/mlkem-native/barrett-reduce-af4c5abd-full-source-snapshot/examples/custom_backend/mlkem_native/src/poly.h | upstream/mlkem-native/barrett-reduce-af4c5abd-full-source-snapshot/examples/monolithic_build/mlkem_native/src/poly.h | upstream/mlkem-native/barrett-reduce-af4c5abd-full-source-snapshot/examples/monolithic_build_multilevel/mlkem_native/src/poly.h | upstream/mlkem-native/barrett-reduce-af4c5abd-full-source-snapshot/examples/monolithic_build_multilevel_native/mlkem_native/src/poly.h | upstream/mlkem-native/barrett-reduce-af4c5abd-full-source-snapshot/examples/monolithic_build_native/mlkem_native/src/poly.h | upstream/mlkem-native/barrett-reduce-af4c5abd-full-source-snapshot/examples/multilevel_build/mlkem_native/src/poly.h | upstream/mlkem-native/barrett-reduce-af4c5abd-full-source-snapshot/examples/multilevel_build_native/mlkem_native/src/poly.h | upstream/mlkem-native/barrett-reduce-af4c5abd-full-source-snapshot/mlkem/src/poly.h
f254d432c3ad7e9f05b462ccc7c280efeca13af963cd208d62a80c1cdb592517	11	upstream/mlkem-native/barrett-reduce-af4c5abd-full-source-snapshot/dev/aarch64_clean/src/aarch64_zetas.c | upstream/mlkem-native/barrett-reduce-af4c5abd-full-source-snapshot/dev/aarch64_opt/src/aarch64_zetas.c | upstream/mlkem-native/barrett-reduce-af4c5abd-full-source-snapshot/examples/basic/mlkem_native/src/native/aarch64/src/aarch64_zetas.c | upstream/mlkem-native/barrett-reduce-af4c5abd-full-source-snapshot/examples/basic_deterministic/mlkem_native/src/native/aarch64/src/aarch64_zetas.c | upstream/mlkem-native/barrett-reduce-af4c5abd-full-source-snapshot/examples/bring_your_own_fips202_static/mlkem_native/src/native/aarch64/src/aarch64_zetas.c | upstream/mlkem-native/barrett-reduce-af4c5abd-full-source-snapshot/examples/monolithic_build_multilevel/mlkem_native/src/native/aarch64/src/aarch64_zetas.c | upstream/mlkem-native/barrett-reduce-af4c5abd-full-source-snapshot/examples/monolithic_build_multilevel_native/mlkem_native/src/native/aarch64/src/aarch64_zetas.c | upstream/mlkem-native/barrett-reduce-af4c5abd-full-source-snapshot/examples/monolithic_build_native/mlkem_native/src/native/aarch64/src/aarch64_zetas.c | upstream/mlkem-native/barrett-reduce-af4c5abd-full-source-snapshot/examples/multilevel_build/mlkem_native/src/native/aarch64/src/aarch64_zetas.c | upstream/mlkem-native/barrett-reduce-af4c5abd-full-source-snapshot/examples/multilevel_build_native/mlkem_native/src/native/aarch64/src/aarch64_zetas.c | upstream/mlkem-native/barrett-reduce-af4c5abd-full-source-snapshot/mlkem/src/native/aarch64/src/aarch64_zetas.c
f427dda46e29d53d3e33d683c9a8483bade3568eff43fb97b868a21bfd07c722	12	upstream/mlkem-native/barrett-reduce-af4c5abd-full-source-snapshot/examples/basic/mlkem_native/src/poly.c | upstream/mlkem-native/barrett-reduce-af4c5abd-full-source-snapshot/examples/basic_deterministic/mlkem_native/src/poly.c | upstream/mlkem-native/barrett-reduce-af4c5abd-full-source-snapshot/examples/bring_your_own_fips202/mlkem_native/src/poly.c | upstream/mlkem-native/barrett-reduce-af4c5abd-full-source-snapshot/examples/bring_your_own_fips202_static/mlkem_native/src/poly.c | upstream/mlkem-native/barrett-reduce-af4c5abd-full-source-snapshot/examples/custom_backend/mlkem_native/src/poly.c | upstream/mlkem-native/barrett-reduce-af4c5abd-full-source-snapshot/examples/monolithic_build/mlkem_native/src/poly.c | upstream/mlkem-native/barrett-reduce-af4c5abd-full-source-snapshot/examples/monolithic_build_multilevel/mlkem_native/src/poly.c | upstream/mlkem-native/barrett-reduce-af4c5abd-full-source-snapshot/examples/monolithic_build_multilevel_native/mlkem_native/src/poly.c | upstream/mlkem-native/barrett-reduce-af4c5abd-full-source-snapshot/examples/monolithic_build_native/mlkem_native/src/poly.c | upstream/mlkem-native/barrett-reduce-af4c5abd-full-source-snapshot/examples/multilevel_build/mlkem_native/src/poly.c | upstream/mlkem-native/barrett-reduce-af4c5abd-full-source-snapshot/examples/multilevel_build_native/mlkem_native/src/poly.c | upstream/mlkem-native/barrett-reduce-af4c5abd-full-source-snapshot/mlkem/src/poly.c
f4fcc1351d09a503dd8b73e9b0b18b4ffe49cc01fbb3611e204c06a621798c95	9	upstream/mlkem-native/barrett-reduce-af4c5abd-full-source-snapshot/examples/basic/mlkem_native/src/native/aarch64/src/polyvec_basemul_acc_montgomery_cached_k3_aarch64_asm.S | upstream/mlkem-native/barrett-reduce-af4c5abd-full-source-snapshot/examples/basic_deterministic/mlkem_native/src/native/aarch64/src/polyvec_basemul_acc_montgomery_cached_k3_aarch64_asm.S | upstream/mlkem-native/barrett-reduce-af4c5abd-full-source-snapshot/examples/bring_your_own_fips202_static/mlkem_native/src/native/aarch64/src/polyvec_basemul_acc_montgomery_cached_k3_aarch64_asm.S | upstream/mlkem-native/barrett-reduce-af4c5abd-full-source-snapshot/examples/monolithic_build_multilevel/mlkem_native/src/native/aarch64/src/polyvec_basemul_acc_montgomery_cached_k3_aarch64_asm.S | upstream/mlkem-native/barrett-reduce-af4c5abd-full-source-snapshot/examples/monolithic_build_multilevel_native/mlkem_native/src/native/aarch64/src/polyvec_basemul_acc_montgomery_cached_k3_aarch64_asm.S | upstream/mlkem-native/barrett-reduce-af4c5abd-full-source-snapshot/examples/monolithic_build_native/mlkem_native/src/native/aarch64/src/polyvec_basemul_acc_montgomery_cached_k3_aarch64_asm.S | upstream/mlkem-native/barrett-reduce-af4c5abd-full-source-snapshot/examples/multilevel_build/mlkem_native/src/native/aarch64/src/polyvec_basemul_acc_montgomery_cached_k3_aarch64_asm.S | upstream/mlkem-native/barrett-reduce-af4c5abd-full-source-snapshot/examples/multilevel_build_native/mlkem_native/src/native/aarch64/src/polyvec_basemul_acc_montgomery_cached_k3_aarch64_asm.S | upstream/mlkem-native/barrett-reduce-af4c5abd-full-source-snapshot/mlkem/src/native/aarch64/src/polyvec_basemul_acc_montgomery_cached_k3_aarch64_asm.S
f52b8d5bee0497542175bdec844a6a506452825da55e49f8b0c49c3c9786824a	2	upstream/mlkem-native/barrett-reduce-af4c5abd-full-source-snapshot/proofs/cbmc/poly_getnoise_eta1122_4x/poly_getnoise_eta1122_4x_harness.c | upstream/mlkem-native/barrett-reduce-af4c5abd-full-source-snapshot/proofs/cbmc/poly_getnoise_eta1122_4x_native/poly_getnoise_eta1122_4x_native_harness.c
f589ac7e4847a3cfcaee07f8737290c6d57a1022118d1fc883363fa84eca2b93	9	upstream/mlkem-native/barrett-reduce-af4c5abd-full-source-snapshot/examples/basic/mlkem_native/src/native/riscv64/meta.h | upstream/mlkem-native/barrett-reduce-af4c5abd-full-source-snapshot/examples/basic_deterministic/mlkem_native/src/native/riscv64/meta.h | upstream/mlkem-native/barrett-reduce-af4c5abd-full-source-snapshot/examples/bring_your_own_fips202_static/mlkem_native/src/native/riscv64/meta.h | upstream/mlkem-native/barrett-reduce-af4c5abd-full-source-snapshot/examples/monolithic_build_multilevel/mlkem_native/src/native/riscv64/meta.h | upstream/mlkem-native/barrett-reduce-af4c5abd-full-source-snapshot/examples/monolithic_build_multilevel_native/mlkem_native/src/native/riscv64/meta.h | upstream/mlkem-native/barrett-reduce-af4c5abd-full-source-snapshot/examples/monolithic_build_native/mlkem_native/src/native/riscv64/meta.h | upstream/mlkem-native/barrett-reduce-af4c5abd-full-source-snapshot/examples/multilevel_build/mlkem_native/src/native/riscv64/meta.h | upstream/mlkem-native/barrett-reduce-af4c5abd-full-source-snapshot/examples/multilevel_build_native/mlkem_native/src/native/riscv64/meta.h | upstream/mlkem-native/barrett-reduce-af4c5abd-full-source-snapshot/mlkem/src/native/riscv64/meta.h
f651fcd8d1c53f645cb9ef4a17a86575c787fa0e9cdf3b31c10417f20bcbfe98	10	upstream/mlkem-native/barrett-reduce-af4c5abd-full-source-snapshot/dev/ppc64le/src/consts.c | upstream/mlkem-native/barrett-reduce-af4c5abd-full-source-snapshot/examples/basic/mlkem_native/src/native/ppc64le/src/consts.c | upstream/mlkem-native/barrett-reduce-af4c5abd-full-source-snapshot/examples/basic_deterministic/mlkem_native/src/native/ppc64le/src/consts.c | upstream/mlkem-native/barrett-reduce-af4c5abd-full-source-snapshot/examples/bring_your_own_fips202_static/mlkem_native/src/native/ppc64le/src/consts.c | upstream/mlkem-native/barrett-reduce-af4c5abd-full-source-snapshot/examples/monolithic_build_multilevel/mlkem_native/src/native/ppc64le/src/consts.c | upstream/mlkem-native/barrett-reduce-af4c5abd-full-source-snapshot/examples/monolithic_build_multilevel_native/mlkem_native/src/native/ppc64le/src/consts.c | upstream/mlkem-native/barrett-reduce-af4c5abd-full-source-snapshot/examples/monolithic_build_native/mlkem_native/src/native/ppc64le/src/consts.c | upstream/mlkem-native/barrett-reduce-af4c5abd-full-source-snapshot/examples/multilevel_build/mlkem_native/src/native/ppc64le/src/consts.c | upstream/mlkem-native/barrett-reduce-af4c5abd-full-source-snapshot/examples/multilevel_build_native/mlkem_native/src/native/ppc64le/src/consts.c | upstream/mlkem-native/barrett-reduce-af4c5abd-full-source-snapshot/mlkem/src/native/ppc64le/src/consts.c
f8f89f1b8c8e5811ce134c0d90fb7828027336afeed231dc3ccb7ee6b73b9335	12	upstream/mlkem-native/barrett-reduce-af4c5abd-full-source-snapshot/examples/basic/mlkem_native/src/verify.c | upstream/mlkem-native/barrett-reduce-af4c5abd-full-source-snapshot/examples/basic_deterministic/mlkem_native/src/verify.c | upstream/mlkem-native/barrett-reduce-af4c5abd-full-source-snapshot/examples/bring_your_own_fips202/mlkem_native/src/verify.c | upstream/mlkem-native/barrett-reduce-af4c5abd-full-source-snapshot/examples/bring_your_own_fips202_static/mlkem_native/src/verify.c | upstream/mlkem-native/barrett-reduce-af4c5abd-full-source-snapshot/examples/custom_backend/mlkem_native/src/verify.c | upstream/mlkem-native/barrett-reduce-af4c5abd-full-source-snapshot/examples/monolithic_build/mlkem_native/src/verify.c | upstream/mlkem-native/barrett-reduce-af4c5abd-full-source-snapshot/examples/monolithic_build_multilevel/mlkem_native/src/verify.c | upstream/mlkem-native/barrett-reduce-af4c5abd-full-source-snapshot/examples/monolithic_build_multilevel_native/mlkem_native/src/verify.c | upstream/mlkem-native/barrett-reduce-af4c5abd-full-source-snapshot/examples/monolithic_build_native/mlkem_native/src/verify.c | upstream/mlkem-native/barrett-reduce-af4c5abd-full-source-snapshot/examples/multilevel_build/mlkem_native/src/verify.c | upstream/mlkem-native/barrett-reduce-af4c5abd-full-source-snapshot/examples/multilevel_build_native/mlkem_native/src/verify.c | upstream/mlkem-native/barrett-reduce-af4c5abd-full-source-snapshot/mlkem/src/verify.c
f9c2ad96cc0b2871c7ea8b7417289527474aae5da7046e5431a0f1ef97c34aba	2	upstream/mlkem-native/barrett-reduce-af4c5abd-full-source-snapshot/proofs/cbmc/poly_mulcache_compute_native_aarch64/poly_mulcache_compute_native_aarch64_harness.c | upstream/mlkem-native/barrett-reduce-af4c5abd-full-source-snapshot/proofs/cbmc/poly_mulcache_compute_native_x86_64/poly_mulcache_compute_native_x86_64_harness.c
fb0654c0b33c45c929fdb2af2287807a7b8f312ac7f3baa3ddfaef0c030ef0b2	10	upstream/mlkem-native/barrett-reduce-af4c5abd-full-source-snapshot/examples/basic/mlkem_native/src/fips202/fips202.c | upstream/mlkem-native/barrett-reduce-af4c5abd-full-source-snapshot/examples/basic_deterministic/mlkem_native/src/fips202/fips202.c | upstream/mlkem-native/barrett-reduce-af4c5abd-full-source-snapshot/examples/custom_backend/mlkem_native/src/fips202/fips202.c | upstream/mlkem-native/barrett-reduce-af4c5abd-full-source-snapshot/examples/monolithic_build/mlkem_native/src/fips202/fips202.c | upstream/mlkem-native/barrett-reduce-af4c5abd-full-source-snapshot/examples/monolithic_build_multilevel/mlkem_native/src/fips202/fips202.c | upstream/mlkem-native/barrett-reduce-af4c5abd-full-source-snapshot/examples/monolithic_build_multilevel_native/mlkem_native/src/fips202/fips202.c | upstream/mlkem-native/barrett-reduce-af4c5abd-full-source-snapshot/examples/monolithic_build_native/mlkem_native/src/fips202/fips202.c | upstream/mlkem-native/barrett-reduce-af4c5abd-full-source-snapshot/examples/multilevel_build/mlkem_native/src/fips202/fips202.c | upstream/mlkem-native/barrett-reduce-af4c5abd-full-source-snapshot/examples/multilevel_build_native/mlkem_native/src/fips202/fips202.c | upstream/mlkem-native/barrett-reduce-af4c5abd-full-source-snapshot/mlkem/src/fips202/fips202.c
fc1ba65c9557eddad623ec15e193fa8ff18d970cd348ecd736bed092c5f4f5e2	8	upstream/mlkem-native/barrett-reduce-af4c5abd-full-source-snapshot/examples/basic/mlkem_native/src/fips202/native/aarch64/x4_v8a_scalar.h | upstream/mlkem-native/barrett-reduce-af4c5abd-full-source-snapshot/examples/basic_deterministic/mlkem_native/src/fips202/native/aarch64/x4_v8a_scalar.h | upstream/mlkem-native/barrett-reduce-af4c5abd-full-source-snapshot/examples/monolithic_build_multilevel/mlkem_native/src/fips202/native/aarch64/x4_v8a_scalar.h | upstream/mlkem-native/barrett-reduce-af4c5abd-full-source-snapshot/examples/monolithic_build_multilevel_native/mlkem_native/src/fips202/native/aarch64/x4_v8a_scalar.h | upstream/mlkem-native/barrett-reduce-af4c5abd-full-source-snapshot/examples/monolithic_build_native/mlkem_native/src/fips202/native/aarch64/x4_v8a_scalar.h | upstream/mlkem-native/barrett-reduce-af4c5abd-full-source-snapshot/examples/multilevel_build/mlkem_native/src/fips202/native/aarch64/x4_v8a_scalar.h | upstream/mlkem-native/barrett-reduce-af4c5abd-full-source-snapshot/examples/multilevel_build_native/mlkem_native/src/fips202/native/aarch64/x4_v8a_scalar.h | upstream/mlkem-native/barrett-reduce-af4c5abd-full-source-snapshot/mlkem/src/fips202/native/aarch64/x4_v8a_scalar.h
fc9a4d7dd9c191c8421cdf977ce64dad3aea9adfb3e3187f1d34671fb98d49c3	2	upstream/mlkem-native/barrett-reduce-af4c5abd-full-source-snapshot/proofs/cbmc/poly_invntt_tomont/poly_invntt_tomont_harness.c | upstream/mlkem-native/barrett-reduce-af4c5abd-full-source-snapshot/proofs/cbmc/poly_invntt_tomont_native/poly_invntt_tomont_native_harness.c
fd96189141a839c07acfb64e4460841e999716730be080376b2604d0aa709687	8	upstream/mlkem-native/barrett-reduce-af4c5abd-full-source-snapshot/examples/basic/mlkem_native/src/fips202/native/aarch64/x1_v84a.h | upstream/mlkem-native/barrett-reduce-af4c5abd-full-source-snapshot/examples/basic_deterministic/mlkem_native/src/fips202/native/aarch64/x1_v84a.h | upstream/mlkem-native/barrett-reduce-af4c5abd-full-source-snapshot/examples/monolithic_build_multilevel/mlkem_native/src/fips202/native/aarch64/x1_v84a.h | upstream/mlkem-native/barrett-reduce-af4c5abd-full-source-snapshot/examples/monolithic_build_multilevel_native/mlkem_native/src/fips202/native/aarch64/x1_v84a.h | upstream/mlkem-native/barrett-reduce-af4c5abd-full-source-snapshot/examples/monolithic_build_native/mlkem_native/src/fips202/native/aarch64/x1_v84a.h | upstream/mlkem-native/barrett-reduce-af4c5abd-full-source-snapshot/examples/multilevel_build/mlkem_native/src/fips202/native/aarch64/x1_v84a.h | upstream/mlkem-native/barrett-reduce-af4c5abd-full-source-snapshot/examples/multilevel_build_native/mlkem_native/src/fips202/native/aarch64/x1_v84a.h | upstream/mlkem-native/barrett-reduce-af4c5abd-full-source-snapshot/mlkem/src/fips202/native/aarch64/x1_v84a.h
fedc3d1f008de34a75ac8e60ea05bb48c63668b66c355dfe2da95b7a1f92ada9	2	upstream/mlkem-native/barrett-reduce-af4c5abd-full-source-snapshot/dev/aarch64_clean/src/rej_uniform_aarch64_asm.S | upstream/mlkem-native/barrett-reduce-af4c5abd-full-source-snapshot/dev/aarch64_opt/src/rej_uniform_aarch64_asm.S
ffc9cd09fb9a5926c8540b52181b064e7ae46b3d117e10ca51ac0d0ca940f6bd	12	upstream/mlkem-native/barrett-reduce-af4c5abd-full-source-snapshot/examples/basic/mlkem_native/src/indcpa.c | upstream/mlkem-native/barrett-reduce-af4c5abd-full-source-snapshot/examples/basic_deterministic/mlkem_native/src/indcpa.c | upstream/mlkem-native/barrett-reduce-af4c5abd-full-source-snapshot/examples/bring_your_own_fips202/mlkem_native/src/indcpa.c | upstream/mlkem-native/barrett-reduce-af4c5abd-full-source-snapshot/examples/bring_your_own_fips202_static/mlkem_native/src/indcpa.c | upstream/mlkem-native/barrett-reduce-af4c5abd-full-source-snapshot/examples/custom_backend/mlkem_native/src/indcpa.c | upstream/mlkem-native/barrett-reduce-af4c5abd-full-source-snapshot/examples/monolithic_build/mlkem_native/src/indcpa.c | upstream/mlkem-native/barrett-reduce-af4c5abd-full-source-snapshot/examples/monolithic_build_multilevel/mlkem_native/src/indcpa.c | upstream/mlkem-native/barrett-reduce-af4c5abd-full-source-snapshot/examples/monolithic_build_multilevel_native/mlkem_native/src/indcpa.c | upstream/mlkem-native/barrett-reduce-af4c5abd-full-source-snapshot/examples/monolithic_build_native/mlkem_native/src/indcpa.c | upstream/mlkem-native/barrett-reduce-af4c5abd-full-source-snapshot/examples/multilevel_build/mlkem_native/src/indcpa.c | upstream/mlkem-native/barrett-reduce-af4c5abd-full-source-snapshot/examples/multilevel_build_native/mlkem_native/src/indcpa.c | upstream/mlkem-native/barrett-reduce-af4c5abd-full-source-snapshot/mlkem/src/indcpa.c
ffd3430b4126b3eca17189c362a08999140f4ebf0f04afd01342ec5a05e811ed	9	upstream/mlkem-native/barrett-reduce-af4c5abd-full-source-snapshot/examples/basic/mlkem_native/src/native/aarch64/src/poly_mulcache_compute_aarch64_asm.S | upstream/mlkem-native/barrett-reduce-af4c5abd-full-source-snapshot/examples/basic_deterministic/mlkem_native/src/native/aarch64/src/poly_mulcache_compute_aarch64_asm.S | upstream/mlkem-native/barrett-reduce-af4c5abd-full-source-snapshot/examples/bring_your_own_fips202_static/mlkem_native/src/native/aarch64/src/poly_mulcache_compute_aarch64_asm.S | upstream/mlkem-native/barrett-reduce-af4c5abd-full-source-snapshot/examples/monolithic_build_multilevel/mlkem_native/src/native/aarch64/src/poly_mulcache_compute_aarch64_asm.S | upstream/mlkem-native/barrett-reduce-af4c5abd-full-source-snapshot/examples/monolithic_build_multilevel_native/mlkem_native/src/native/aarch64/src/poly_mulcache_compute_aarch64_asm.S | upstream/mlkem-native/barrett-reduce-af4c5abd-full-source-snapshot/examples/monolithic_build_native/mlkem_native/src/native/aarch64/src/poly_mulcache_compute_aarch64_asm.S | upstream/mlkem-native/barrett-reduce-af4c5abd-full-source-snapshot/examples/multilevel_build/mlkem_native/src/native/aarch64/src/poly_mulcache_compute_aarch64_asm.S | upstream/mlkem-native/barrett-reduce-af4c5abd-full-source-snapshot/examples/multilevel_build_native/mlkem_native/src/native/aarch64/src/poly_mulcache_compute_aarch64_asm.S | upstream/mlkem-native/barrett-reduce-af4c5abd-full-source-snapshot/mlkem/src/native/aarch64/src/poly_mulcache_compute_aarch64_asm.S
