original_path,size_bytes,sha256,basename,action,reason,canonical_original_path,canonical_repository_destination
mlk_poly_tomsg_cleanroom/MSG00CDE_af4c5abdd595/MSG00CDE_PATH_BINDING_AMENDMENT.md,1328,0f739b77285edb9fd512eb899a1c7ba0cc98ad6673e3848a89a3ebb0f89d34c3,MSG00CDE_PATH_BINDING_AMENDMENT.md,omit-exact-duplicate-with-ledger,omitted-exact-same-name-and-content-evidence-copy,mlk_poly_tomsg_cleanroom/MSG01M_R2_T1_FINAL_EVIDENCE_CONSOLIDATION_af4c5abdd595/records/01_candidate_freeze/MSG00CDE_PATH_BINDING_AMENDMENT.md,experiments/poly-tomsg/MSG-T1-exact-fips-semantics/06-final-evidence-consolidation/02-revision-2-final/MSG01M_R2_T1_FINAL_EVIDENCE_CONSOLIDATION_af4c5abdd595/records/01_candidate_freeze/MSG00CDE_PATH_BINDING_AMENDMENT.md
mlk_poly_tomsg_cleanroom/MSG00_af4c5ab/MSG00B_C_F_NATIVE_BASELINE_MLKEM768_RUN1.INPROGRESS/00_source_binding/MSG00A_R2_af4c5ab_poly_tomsg_inventory.txt,23357,562c73acbb6df3228da64706ba6a6f312a1499dbcdf29f7c1ada290726288551,MSG00A_R2_af4c5ab_poly_tomsg_inventory.txt,omit-exact-duplicate-with-ledger,omitted-exact-same-name-and-content-evidence-copy,mlk_poly_tomsg_cleanroom/MSG00_af4c5ab/MSG00B_C_F_NATIVE_BASELINE_MLKEM768_RUN2/source_binding/MSG00A_R2_af4c5ab_poly_tomsg_inventory.txt,experiments/poly-tomsg/00-campaign-context/04-native-baseline-runs/MSG00_af4c5ab/MSG00B_C_F_NATIVE_BASELINE_MLKEM768_RUN2/source_binding/MSG00A_R2_af4c5ab_poly_tomsg_inventory.txt
mlk_poly_tomsg_cleanroom/MSG00_af4c5ab/MSG00B_C_F_NATIVE_BASELINE_MLKEM768_RUN1.INPROGRESS/01_source_snapshot/mlkem/src/compress.c,24427,9201bea6ddd1d7622cc6496d2f745fee52397d203392f75a3d6e52a400de5bad,compress.c,omit-exact-duplicate-with-ledger,omitted-exact-same-name-and-content-evidence-copy,mlk_poly_tomsg_cleanroom/MSG05G_T5_FINAL_ACCEPTANCE_AND_EVIDENCE_FREEZE_20260723T165407Z_af4c5abdd595/04_frozen_source/compress.c,experiments/poly-tomsg/MSG-T5-exact-offset-interval/06-final-acceptance-and-evidence-freeze/MSG05G_T5_FINAL_ACCEPTANCE_AND_EVIDENCE_FREEZE_20260723T165407Z_af4c5abdd595/04_frozen_source/compress.c
mlk_poly_tomsg_cleanroom/MSG00_af4c5ab/MSG00B_C_F_NATIVE_BASELINE_MLKEM768_RUN1.INPROGRESS/01_source_snapshot/mlkem/src/compress.h,20187,0f357a30e7ea37351854dc550e502e5a7eaf80184896bf92b40073175706e0dd,compress.h,omit-exact-duplicate-with-ledger,omitted-exact-same-name-and-content-evidence-copy,mlk_poly_tomsg_cleanroom/MSG05G_T5_FINAL_ACCEPTANCE_AND_EVIDENCE_FREEZE_20260723T165407Z_af4c5abdd595/04_frozen_source/compress.h,experiments/poly-tomsg/MSG-T5-exact-offset-interval/06-final-acceptance-and-evidence-freeze/MSG05G_T5_FINAL_ACCEPTANCE_AND_EVIDENCE_FREEZE_20260723T165407Z_af4c5abdd595/04_frozen_source/compress.h
mlk_poly_tomsg_cleanroom/MSG00_af4c5ab/MSG00B_C_F_NATIVE_BASELINE_MLKEM768_RUN1.INPROGRESS/04_native_baseline/logs/result-err-log.txt,1,01ba4719c80b6fe911b091a7c05124b64eeece964e09c058ef8f9805daca546b,result-err-log.txt,omit-exact-duplicate-with-ledger,omitted-exact-same-name-and-content-evidence-copy,mlk_poly_tomsg_cleanroom/MSG00_af4c5ab/MSG00B_C_F_NATIVE_BASELINE_MLKEM768_RUN3/03_native_baseline_acceptance/result-err-log.txt,experiments/poly-tomsg/00-campaign-context/04-native-baseline-runs/MSG00_af4c5ab/MSG00B_C_F_NATIVE_BASELINE_MLKEM768_RUN3/03_native_baseline_acceptance/result-err-log.txt
mlk_poly_tomsg_cleanroom/MSG00_af4c5ab/MSG00B_C_F_NATIVE_BASELINE_MLKEM768_RUN1.INPROGRESS/04_native_baseline/logs/result.txt,41450,4e39811e4ec0a4676069885db34bf7652812c9d3f0bf855851702e5cf202d26e,result.txt,omit-exact-duplicate-with-ledger,omitted-exact-same-name-and-content-evidence-copy,mlk_poly_tomsg_cleanroom/MSG00_af4c5ab/MSG00B_C_F_NATIVE_BASELINE_MLKEM768_RUN3/03_native_baseline_acceptance/result.txt,experiments/poly-tomsg/00-campaign-context/04-native-baseline-runs/MSG00_af4c5ab/MSG00B_C_F_NATIVE_BASELINE_MLKEM768_RUN3/03_native_baseline_acceptance/result.txt
mlk_poly_tomsg_cleanroom/MSG01C_T1_CANDIDATE_V3_SCU_af4c5abdd595/inspection/msg_t1_threshold_oracle_body.txt,94,9627d7d3a35ab76f38820c3db79f33dbcb3c156a3676995f3832cfedd952e9a8,msg_t1_threshold_oracle_body.txt,omit-exact-duplicate-with-ledger,omitted-exact-same-name-and-content-evidence-copy,mlk_poly_tomsg_cleanroom/MSG01B_T1_CANDIDATE_V2_af4c5abdd595/inspection/msg_t1_threshold_oracle_body.txt,experiments/poly-tomsg/MSG-T1-exact-fips-semantics/00-candidate-development/02-candidate-v2/MSG01B_T1_CANDIDATE_V2_af4c5abdd595/inspection/msg_t1_threshold_oracle_body.txt
mlk_poly_tomsg_cleanroom/MSG01C_T1_CANDIDATE_V3_SCU_af4c5abdd595/logs/goto_build_stderr.txt,0,e3b0c44298fc1c149afbf4c8996fb92427ae41e4649b934ca495991b7852b855,goto_build_stderr.txt,omit-exact-duplicate-with-ledger,omitted-exact-same-name-and-content-evidence-copy,mlk_poly_tomsg_cleanroom/MSG02B_R1_T2_RELATIONAL_XOR_RUN1_20260723T113821Z_af4c5abdd595/07_logs/goto_build_stderr.txt,experiments/poly-tomsg/MSG-T2-relational-properties/01-R1-xor-relational-run/MSG02B_R1_T2_RELATIONAL_XOR_RUN1_20260723T113821Z_af4c5abdd595/07_logs/goto_build_stderr.txt
mlk_poly_tomsg_cleanroom/MSG01C_T1_CANDIDATE_V3_SCU_af4c5abdd595/logs/goto_build_stdout.txt,0,e3b0c44298fc1c149afbf4c8996fb92427ae41e4649b934ca495991b7852b855,goto_build_stdout.txt,omit-exact-duplicate-with-ledger,omitted-exact-same-name-and-content-evidence-copy,mlk_poly_tomsg_cleanroom/MSG02B_R1_T2_RELATIONAL_XOR_RUN1_20260723T113821Z_af4c5abdd595/07_logs/goto_build_stdout.txt,experiments/poly-tomsg/MSG-T2-relational-properties/01-R1-xor-relational-run/MSG02B_R1_T2_RELATIONAL_XOR_RUN1_20260723T113821Z_af4c5abdd595/07_logs/goto_build_stdout.txt
mlk_poly_tomsg_cleanroom/MSG01E_T1_CANDIDATE_V4_CONTRACT_ERASED_af4c5abdd595/logs/goto_build_stderr.txt,0,e3b0c44298fc1c149afbf4c8996fb92427ae41e4649b934ca495991b7852b855,goto_build_stderr.txt,omit-exact-duplicate-with-ledger,omitted-exact-same-name-and-content-evidence-copy,mlk_poly_tomsg_cleanroom/MSG02B_R1_T2_RELATIONAL_XOR_RUN1_20260723T113821Z_af4c5abdd595/07_logs/goto_build_stderr.txt,experiments/poly-tomsg/MSG-T2-relational-properties/01-R1-xor-relational-run/MSG02B_R1_T2_RELATIONAL_XOR_RUN1_20260723T113821Z_af4c5abdd595/07_logs/goto_build_stderr.txt
mlk_poly_tomsg_cleanroom/MSG01E_T1_CANDIDATE_V4_CONTRACT_ERASED_af4c5abdd595/logs/goto_build_stdout.txt,0,e3b0c44298fc1c149afbf4c8996fb92427ae41e4649b934ca495991b7852b855,goto_build_stdout.txt,omit-exact-duplicate-with-ledger,omitted-exact-same-name-and-content-evidence-copy,mlk_poly_tomsg_cleanroom/MSG02B_R1_T2_RELATIONAL_XOR_RUN1_20260723T113821Z_af4c5abdd595/07_logs/goto_build_stdout.txt,experiments/poly-tomsg/MSG-T2-relational-properties/01-R1-xor-relational-run/MSG02B_R1_T2_RELATIONAL_XOR_RUN1_20260723T113821Z_af4c5abdd595/07_logs/goto_build_stdout.txt
mlk_poly_tomsg_cleanroom/MSG01E_T1_CANDIDATE_V4_CONTRACT_ERASED_af4c5abdd595/msg_t1_exact_fips_candidate_v4.c,2502,5ce480427d7792b3dca091ac198b43562c4d4dfd6c9d96dae5a73e7ef1e72b55,msg_t1_exact_fips_candidate_v4.c,omit-exact-duplicate-with-ledger,omitted-exact-same-name-and-content-evidence-copy,mlk_poly_tomsg_cleanroom/MSG01M_R2_T1_FINAL_EVIDENCE_CONSOLIDATION_af4c5abdd595/frozen_snapshot/harness/msg_t1_exact_fips_candidate_v4.c,experiments/poly-tomsg/MSG-T1-exact-fips-semantics/06-final-evidence-consolidation/02-revision-2-final/MSG01M_R2_T1_FINAL_EVIDENCE_CONSOLIDATION_af4c5abdd595/frozen_snapshot/harness/msg_t1_exact_fips_candidate_v4.c
mlk_poly_tomsg_cleanroom/MSG01F_T1_V4_DIRECT_PRAGMA_RECOVERY_af4c5abdd595/build/msg_t1_exact_fips_v4_direct_pragma.goto,49251,51d559dcafd6668d5a7e0ed979bac481bf311cf292f4a46d66b6fcd2d04fbf5d,msg_t1_exact_fips_v4_direct_pragma.goto,omit-exact-duplicate-with-ledger,omitted-exact-same-name-and-content-evidence-copy,mlk_poly_tomsg_cleanroom/MSG01G_R1_T1_FROZEN_EXECUTION_INPUT_V1_af4c5abdd595/frozen_candidate_v1/build/msg_t1_exact_fips_v4_direct_pragma.goto,experiments/poly-tomsg/MSG-T1-exact-fips-semantics/01-frozen-execution-input/01-revised-freeze/MSG01G_R1_T1_FROZEN_EXECUTION_INPUT_V1_af4c5abdd595/frozen_candidate_v1/build/msg_t1_exact_fips_v4_direct_pragma.goto
mlk_poly_tomsg_cleanroom/MSG01F_T1_V4_DIRECT_PRAGMA_RECOVERY_af4c5abdd595/logs/goto_build_stderr.txt,0,e3b0c44298fc1c149afbf4c8996fb92427ae41e4649b934ca495991b7852b855,goto_build_stderr.txt,omit-exact-duplicate-with-ledger,omitted-exact-same-name-and-content-evidence-copy,mlk_poly_tomsg_cleanroom/MSG02B_R1_T2_RELATIONAL_XOR_RUN1_20260723T113821Z_af4c5abdd595/07_logs/goto_build_stderr.txt,experiments/poly-tomsg/MSG-T2-relational-properties/01-R1-xor-relational-run/MSG02B_R1_T2_RELATIONAL_XOR_RUN1_20260723T113821Z_af4c5abdd595/07_logs/goto_build_stderr.txt
mlk_poly_tomsg_cleanroom/MSG01F_T1_V4_DIRECT_PRAGMA_RECOVERY_af4c5abdd595/logs/goto_build_stdout.txt,0,e3b0c44298fc1c149afbf4c8996fb92427ae41e4649b934ca495991b7852b855,goto_build_stdout.txt,omit-exact-duplicate-with-ledger,omitted-exact-same-name-and-content-evidence-copy,mlk_poly_tomsg_cleanroom/MSG02B_R1_T2_RELATIONAL_XOR_RUN1_20260723T113821Z_af4c5abdd595/07_logs/goto_build_stdout.txt,experiments/poly-tomsg/MSG-T2-relational-properties/01-R1-xor-relational-run/MSG02B_R1_T2_RELATIONAL_XOR_RUN1_20260723T113821Z_af4c5abdd595/07_logs/goto_build_stdout.txt
mlk_poly_tomsg_cleanroom/MSG01F_T1_V4_DIRECT_PRAGMA_RECOVERY_af4c5abdd595/support/msg01f_compress_direct_wrap_scope.h,757,7820ea424366906c1a10271579500c2eee94372c03e589560f82a046d545c42b,msg01f_compress_direct_wrap_scope.h,omit-exact-duplicate-with-ledger,omitted-exact-same-name-and-content-evidence-copy,mlk_poly_tomsg_cleanroom/MSG01K_R1_T1_MUTATION_FAMILY_FREEZE_V1_af4c5abdd595/frozen_mutation_family_v1/support/msg01f_compress_direct_wrap_scope.h,experiments/poly-tomsg/MSG-T1-exact-fips-semantics/05-mutation-sensitivity/01-revised-family-freeze/MSG01K_R1_T1_MUTATION_FAMILY_FREEZE_V1_af4c5abdd595/frozen_mutation_family_v1/support/msg01f_compress_direct_wrap_scope.h
mlk_poly_tomsg_cleanroom/MSG01F_T1_V4_DIRECT_PRAGMA_RECOVERY_af4c5abdd595/support/msg01f_fail_closed_zeroize.h,269,b71285ddfe229382a0402461f023defcf80a4941aaf35c3db732086ff312779a,msg01f_fail_closed_zeroize.h,omit-exact-duplicate-with-ledger,omitted-exact-same-name-and-content-evidence-copy,mlk_poly_tomsg_cleanroom/MSG01K_R1_T1_MUTATION_FAMILY_FREEZE_V1_af4c5abdd595/frozen_mutation_family_v1/support/msg01f_fail_closed_zeroize.h,experiments/poly-tomsg/MSG-T1-exact-fips-semantics/05-mutation-sensitivity/01-revised-family-freeze/MSG01K_R1_T1_MUTATION_FAMILY_FREEZE_V1_af4c5abdd595/frozen_mutation_family_v1/support/msg01f_fail_closed_zeroize.h
mlk_poly_tomsg_cleanroom/MSG01F_T1_V4_DIRECT_PRAGMA_RECOVERY_af4c5abdd595/support/msg01f_optblocker_zero.c,260,3338ed52257c20fe3edb62bf0a4ceb16680c20332b04d19e1a2fdbf6dc3aefb2,msg01f_optblocker_zero.c,omit-exact-duplicate-with-ledger,omitted-exact-same-name-and-content-evidence-copy,mlk_poly_tomsg_cleanroom/MSG01K_R1_T1_MUTATION_FAMILY_FREEZE_V1_af4c5abdd595/frozen_mutation_family_v1/support/msg01f_optblocker_zero.c,experiments/poly-tomsg/MSG-T1-exact-fips-semantics/05-mutation-sensitivity/01-revised-family-freeze/MSG01K_R1_T1_MUTATION_FAMILY_FREEZE_V1_af4c5abdd595/frozen_mutation_family_v1/support/msg01f_optblocker_zero.c
mlk_poly_tomsg_cleanroom/MSG01F_T1_V4_DIRECT_PRAGMA_RECOVERY_af4c5abdd595/support/msg01f_verify_pragma_scope.h,483,0aacacb9a12ef28be9044ee3593930e69e67fcf1b107ed81ccbde9f047edb489,msg01f_verify_pragma_scope.h,omit-exact-duplicate-with-ledger,omitted-exact-same-name-and-content-evidence-copy,mlk_poly_tomsg_cleanroom/MSG01K_R1_T1_MUTATION_FAMILY_FREEZE_V1_af4c5abdd595/frozen_mutation_family_v1/support/msg01f_verify_pragma_scope.h,experiments/poly-tomsg/MSG-T1-exact-fips-semantics/05-mutation-sensitivity/01-revised-family-freeze/MSG01K_R1_T1_MUTATION_FAMILY_FREEZE_V1_af4c5abdd595/frozen_mutation_family_v1/support/msg01f_verify_pragma_scope.h
mlk_poly_tomsg_cleanroom/MSG01G_R1_T1_FROZEN_EXECUTION_INPUT_V1_af4c5abdd595/frozen_candidate_v1/harness/msg_t1_exact_fips_candidate_v4.c,2502,5ce480427d7792b3dca091ac198b43562c4d4dfd6c9d96dae5a73e7ef1e72b55,msg_t1_exact_fips_candidate_v4.c,omit-exact-duplicate-with-ledger,omitted-exact-same-name-and-content-evidence-copy,mlk_poly_tomsg_cleanroom/MSG01M_R2_T1_FINAL_EVIDENCE_CONSOLIDATION_af4c5abdd595/frozen_snapshot/harness/msg_t1_exact_fips_candidate_v4.c,experiments/poly-tomsg/MSG-T1-exact-fips-semantics/06-final-evidence-consolidation/02-revision-2-final/MSG01M_R2_T1_FINAL_EVIDENCE_CONSOLIDATION_af4c5abdd595/frozen_snapshot/harness/msg_t1_exact_fips_candidate_v4.c
mlk_poly_tomsg_cleanroom/MSG01G_R1_T1_FROZEN_EXECUTION_INPUT_V1_af4c5abdd595/frozen_candidate_v1/inspection/cbmc_show_properties_stderr.txt,0,e3b0c44298fc1c149afbf4c8996fb92427ae41e4649b934ca495991b7852b855,cbmc_show_properties_stderr.txt,omit-exact-duplicate-with-ledger,omitted-exact-same-name-and-content-evidence-copy,mlk_poly_tomsg_cleanroom/MSG01K_R1_T1_MUTATION_FAMILY_FREEZE_V1_af4c5abdd595/frozen_mutation_family_v1/mutants/I1_INIT_ONE/inspection/cbmc_show_properties_stderr.txt,experiments/poly-tomsg/MSG-T1-exact-fips-semantics/05-mutation-sensitivity/01-revised-family-freeze/MSG01K_R1_T1_MUTATION_FAMILY_FREEZE_V1_af4c5abdd595/frozen_mutation_family_v1/mutants/I1_INIT_ONE/inspection/cbmc_show_properties_stderr.txt
mlk_poly_tomsg_cleanroom/MSG01G_R1_T1_FROZEN_EXECUTION_INPUT_V1_af4c5abdd595/frozen_candidate_v1/inspection/frozen_unwindset.txt,106,13835caf63546b79a80e914f403fa1fa06cbd4f9bf965e6e66722c53e70f9c43,frozen_unwindset.txt,omit-exact-duplicate-with-ledger,omitted-exact-same-name-and-content-evidence-copy,mlk_poly_tomsg_cleanroom/MSG01H_T1_AUTHORITATIVE_POSITIVE_RUN1_af4c5abdd595/frozen_inputs/frozen_unwindset.txt,experiments/poly-tomsg/MSG-T1-exact-fips-semantics/02-authoritative-positive-run/MSG01H_T1_AUTHORITATIVE_POSITIVE_RUN1_af4c5abdd595/frozen_inputs/frozen_unwindset.txt
mlk_poly_tomsg_cleanroom/MSG01G_R1_T1_FROZEN_EXECUTION_INPUT_V1_af4c5abdd595/frozen_candidate_v1/MSG01G_R1_ARTIFACT_MANIFEST.sha256,2716,8a08a80f2b476408ff5b80566e0aa797ffc89e2e4c6e35c23ceb041045d1516f,MSG01G_R1_ARTIFACT_MANIFEST.sha256,omit-exact-duplicate-with-ledger,omitted-exact-same-name-and-content-evidence-copy,mlk_poly_tomsg_cleanroom/MSG01M_R2_T1_FINAL_EVIDENCE_CONSOLIDATION_af4c5abdd595/source_manifests/MSG01G_R1_ARTIFACT_MANIFEST.sha256,experiments/poly-tomsg/MSG-T1-exact-fips-semantics/06-final-evidence-consolidation/02-revision-2-final/MSG01M_R2_T1_FINAL_EVIDENCE_CONSOLIDATION_af4c5abdd595/source_manifests/MSG01G_R1_ARTIFACT_MANIFEST.sha256
mlk_poly_tomsg_cleanroom/MSG01G_R1_T1_FROZEN_EXECUTION_INPUT_V1_af4c5abdd595/frozen_candidate_v1/MSG01G_R1_ARTIFACT_MANIFEST.sha256.sha256,101,56a03eeb1c27194de22eeb0ddc4e05ccab4ac6bf61b5ef28974955e25efc85e0,MSG01G_R1_ARTIFACT_MANIFEST.sha256.sha256,omit-exact-duplicate-with-ledger,omitted-exact-same-name-and-content-evidence-copy,mlk_poly_tomsg_cleanroom/MSG01M_R2_T1_FINAL_EVIDENCE_CONSOLIDATION_af4c5abdd595/source_manifests/MSG01G_R1_ARTIFACT_MANIFEST.sha256.sha256,experiments/poly-tomsg/MSG-T1-exact-fips-semantics/06-final-evidence-consolidation/02-revision-2-final/MSG01M_R2_T1_FINAL_EVIDENCE_CONSOLIDATION_af4c5abdd595/source_manifests/MSG01G_R1_ARTIFACT_MANIFEST.sha256.sha256
mlk_poly_tomsg_cleanroom/MSG01G_R1_T1_FROZEN_EXECUTION_INPUT_V1_af4c5abdd595/frozen_candidate_v1/MSG01G_R1_CANDIDATE_FREEZE_RECORD.md,1051,445d8c36db9588d7d12cd2cbb51d8f1942cbd48eb0ada88b42a9798b9aca0bb9,MSG01G_R1_CANDIDATE_FREEZE_RECORD.md,omit-exact-duplicate-with-ledger,omitted-exact-same-name-and-content-evidence-copy,mlk_poly_tomsg_cleanroom/MSG01M_R2_T1_FINAL_EVIDENCE_CONSOLIDATION_af4c5abdd595/records/01_candidate_freeze/MSG01G_R1_CANDIDATE_FREEZE_RECORD.md,experiments/poly-tomsg/MSG-T1-exact-fips-semantics/06-final-evidence-consolidation/02-revision-2-final/MSG01M_R2_T1_FINAL_EVIDENCE_CONSOLIDATION_af4c5abdd595/records/01_candidate_freeze/MSG01G_R1_CANDIDATE_FREEZE_RECORD.md
mlk_poly_tomsg_cleanroom/MSG01G_R1_T1_FROZEN_EXECUTION_INPUT_V1_af4c5abdd595/frozen_candidate_v1/MSG01G_R1_EXECUTION_PLAN.md,654,9ea561c97d0d529d690717806a2d264a5bdfd9925eb99771d08738601657ed29,MSG01G_R1_EXECUTION_PLAN.md,omit-exact-duplicate-with-ledger,omitted-exact-same-name-and-content-evidence-copy,mlk_poly_tomsg_cleanroom/MSG01M_R2_T1_FINAL_EVIDENCE_CONSOLIDATION_af4c5abdd595/records/01_candidate_freeze/MSG01G_R1_EXECUTION_PLAN.md,experiments/poly-tomsg/MSG-T1-exact-fips-semantics/06-final-evidence-consolidation/02-revision-2-final/MSG01M_R2_T1_FINAL_EVIDENCE_CONSOLIDATION_af4c5abdd595/records/01_candidate_freeze/MSG01G_R1_EXECUTION_PLAN.md
mlk_poly_tomsg_cleanroom/MSG01G_R1_T1_FROZEN_EXECUTION_INPUT_V1_af4c5abdd595/frozen_candidate_v1/MSG01G_R1_FREEZE_SUMMARY.txt,1375,1a662f745328b4b642e710e633b218c2dc3276af60dc42bbbf0f4f927a56c9cd,MSG01G_R1_FREEZE_SUMMARY.txt,omit-exact-duplicate-with-ledger,omitted-exact-same-name-and-content-evidence-copy,mlk_poly_tomsg_cleanroom/MSG01M_R2_T1_FINAL_EVIDENCE_CONSOLIDATION_af4c5abdd595/records/01_candidate_freeze/MSG01G_R1_FREEZE_SUMMARY.txt,experiments/poly-tomsg/MSG-T1-exact-fips-semantics/06-final-evidence-consolidation/02-revision-2-final/MSG01M_R2_T1_FINAL_EVIDENCE_CONSOLIDATION_af4c5abdd595/records/01_candidate_freeze/MSG01G_R1_FREEZE_SUMMARY.txt
mlk_poly_tomsg_cleanroom/MSG01G_R1_T1_FROZEN_EXECUTION_INPUT_V1_af4c5abdd595/frozen_candidate_v1/support/msg01f_compress_direct_wrap_scope.h,757,7820ea424366906c1a10271579500c2eee94372c03e589560f82a046d545c42b,msg01f_compress_direct_wrap_scope.h,omit-exact-duplicate-with-ledger,omitted-exact-same-name-and-content-evidence-copy,mlk_poly_tomsg_cleanroom/MSG01K_R1_T1_MUTATION_FAMILY_FREEZE_V1_af4c5abdd595/frozen_mutation_family_v1/support/msg01f_compress_direct_wrap_scope.h,experiments/poly-tomsg/MSG-T1-exact-fips-semantics/05-mutation-sensitivity/01-revised-family-freeze/MSG01K_R1_T1_MUTATION_FAMILY_FREEZE_V1_af4c5abdd595/frozen_mutation_family_v1/support/msg01f_compress_direct_wrap_scope.h
mlk_poly_tomsg_cleanroom/MSG01G_R1_T1_FROZEN_EXECUTION_INPUT_V1_af4c5abdd595/frozen_candidate_v1/support/msg01f_fail_closed_zeroize.h,269,b71285ddfe229382a0402461f023defcf80a4941aaf35c3db732086ff312779a,msg01f_fail_closed_zeroize.h,omit-exact-duplicate-with-ledger,omitted-exact-same-name-and-content-evidence-copy,mlk_poly_tomsg_cleanroom/MSG01K_R1_T1_MUTATION_FAMILY_FREEZE_V1_af4c5abdd595/frozen_mutation_family_v1/support/msg01f_fail_closed_zeroize.h,experiments/poly-tomsg/MSG-T1-exact-fips-semantics/05-mutation-sensitivity/01-revised-family-freeze/MSG01K_R1_T1_MUTATION_FAMILY_FREEZE_V1_af4c5abdd595/frozen_mutation_family_v1/support/msg01f_fail_closed_zeroize.h
mlk_poly_tomsg_cleanroom/MSG01G_R1_T1_FROZEN_EXECUTION_INPUT_V1_af4c5abdd595/frozen_candidate_v1/support/msg01f_optblocker_zero.c,260,3338ed52257c20fe3edb62bf0a4ceb16680c20332b04d19e1a2fdbf6dc3aefb2,msg01f_optblocker_zero.c,omit-exact-duplicate-with-ledger,omitted-exact-same-name-and-content-evidence-copy,mlk_poly_tomsg_cleanroom/MSG01K_R1_T1_MUTATION_FAMILY_FREEZE_V1_af4c5abdd595/frozen_mutation_family_v1/support/msg01f_optblocker_zero.c,experiments/poly-tomsg/MSG-T1-exact-fips-semantics/05-mutation-sensitivity/01-revised-family-freeze/MSG01K_R1_T1_MUTATION_FAMILY_FREEZE_V1_af4c5abdd595/frozen_mutation_family_v1/support/msg01f_optblocker_zero.c
mlk_poly_tomsg_cleanroom/MSG01G_R1_T1_FROZEN_EXECUTION_INPUT_V1_af4c5abdd595/frozen_candidate_v1/support/msg01f_verify_pragma_scope.h,483,0aacacb9a12ef28be9044ee3593930e69e67fcf1b107ed81ccbde9f047edb489,msg01f_verify_pragma_scope.h,omit-exact-duplicate-with-ledger,omitted-exact-same-name-and-content-evidence-copy,mlk_poly_tomsg_cleanroom/MSG01K_R1_T1_MUTATION_FAMILY_FREEZE_V1_af4c5abdd595/frozen_mutation_family_v1/support/msg01f_verify_pragma_scope.h,experiments/poly-tomsg/MSG-T1-exact-fips-semantics/05-mutation-sensitivity/01-revised-family-freeze/MSG01K_R1_T1_MUTATION_FAMILY_FREEZE_V1_af4c5abdd595/frozen_mutation_family_v1/support/msg01f_verify_pragma_scope.h
mlk_poly_tomsg_cleanroom/MSG01G_T1_FROZEN_EXECUTION_INPUT_V1_af4c5abdd595/frozen_candidate_v1/build/msg_t1_exact_fips_v4_direct_pragma.goto,49251,51d559dcafd6668d5a7e0ed979bac481bf311cf292f4a46d66b6fcd2d04fbf5d,msg_t1_exact_fips_v4_direct_pragma.goto,omit-exact-duplicate-with-ledger,omitted-exact-same-name-and-content-evidence-copy,mlk_poly_tomsg_cleanroom/MSG01G_R1_T1_FROZEN_EXECUTION_INPUT_V1_af4c5abdd595/frozen_candidate_v1/build/msg_t1_exact_fips_v4_direct_pragma.goto,experiments/poly-tomsg/MSG-T1-exact-fips-semantics/01-frozen-execution-input/01-revised-freeze/MSG01G_R1_T1_FROZEN_EXECUTION_INPUT_V1_af4c5abdd595/frozen_candidate_v1/build/msg_t1_exact_fips_v4_direct_pragma.goto
mlk_poly_tomsg_cleanroom/MSG01G_T1_FROZEN_EXECUTION_INPUT_V1_af4c5abdd595/frozen_candidate_v1/harness/msg_t1_exact_fips_candidate_v4.c,2502,5ce480427d7792b3dca091ac198b43562c4d4dfd6c9d96dae5a73e7ef1e72b55,msg_t1_exact_fips_candidate_v4.c,omit-exact-duplicate-with-ledger,omitted-exact-same-name-and-content-evidence-copy,mlk_poly_tomsg_cleanroom/MSG01M_R2_T1_FINAL_EVIDENCE_CONSOLIDATION_af4c5abdd595/frozen_snapshot/harness/msg_t1_exact_fips_candidate_v4.c,experiments/poly-tomsg/MSG-T1-exact-fips-semantics/06-final-evidence-consolidation/02-revision-2-final/MSG01M_R2_T1_FINAL_EVIDENCE_CONSOLIDATION_af4c5abdd595/frozen_snapshot/harness/msg_t1_exact_fips_candidate_v4.c
mlk_poly_tomsg_cleanroom/MSG01G_T1_FROZEN_EXECUTION_INPUT_V1_af4c5abdd595/frozen_candidate_v1/inspection/cbmc_show_properties_stderr.txt,0,e3b0c44298fc1c149afbf4c8996fb92427ae41e4649b934ca495991b7852b855,cbmc_show_properties_stderr.txt,omit-exact-duplicate-with-ledger,omitted-exact-same-name-and-content-evidence-copy,mlk_poly_tomsg_cleanroom/MSG01K_R1_T1_MUTATION_FAMILY_FREEZE_V1_af4c5abdd595/frozen_mutation_family_v1/mutants/I1_INIT_ONE/inspection/cbmc_show_properties_stderr.txt,experiments/poly-tomsg/MSG-T1-exact-fips-semantics/05-mutation-sensitivity/01-revised-family-freeze/MSG01K_R1_T1_MUTATION_FAMILY_FREEZE_V1_af4c5abdd595/frozen_mutation_family_v1/mutants/I1_INIT_ONE/inspection/cbmc_show_properties_stderr.txt
mlk_poly_tomsg_cleanroom/MSG01G_T1_FROZEN_EXECUTION_INPUT_V1_af4c5abdd595/frozen_candidate_v1/inspection/frozen_unwindset.txt,106,13835caf63546b79a80e914f403fa1fa06cbd4f9bf965e6e66722c53e70f9c43,frozen_unwindset.txt,omit-exact-duplicate-with-ledger,omitted-exact-same-name-and-content-evidence-copy,mlk_poly_tomsg_cleanroom/MSG01H_T1_AUTHORITATIVE_POSITIVE_RUN1_af4c5abdd595/frozen_inputs/frozen_unwindset.txt,experiments/poly-tomsg/MSG-T1-exact-fips-semantics/02-authoritative-positive-run/MSG01H_T1_AUTHORITATIVE_POSITIVE_RUN1_af4c5abdd595/frozen_inputs/frozen_unwindset.txt
mlk_poly_tomsg_cleanroom/MSG01G_T1_FROZEN_EXECUTION_INPUT_V1_af4c5abdd595/frozen_candidate_v1/inspection/reachable_functions.txt,74,a4c1c9eb528a13e8bdbee84997bee7f75013e5c7260f8c5cac9c2c06083f17bf,reachable_functions.txt,omit-exact-duplicate-with-ledger,omitted-exact-same-name-and-content-evidence-copy,mlk_poly_tomsg_cleanroom/MSG01G_R1_T1_FROZEN_EXECUTION_INPUT_V1_af4c5abdd595/frozen_candidate_v1/inspection/reachable_functions.txt,experiments/poly-tomsg/MSG-T1-exact-fips-semantics/01-frozen-execution-input/01-revised-freeze/MSG01G_R1_T1_FROZEN_EXECUTION_INPUT_V1_af4c5abdd595/frozen_candidate_v1/inspection/reachable_functions.txt
mlk_poly_tomsg_cleanroom/MSG01G_T1_FROZEN_EXECUTION_INPUT_V1_af4c5abdd595/frozen_candidate_v1/inspection/reachable_loops.tsv,185,efe76fdf28b2869243c053eb987882e38228f580597930c025f00569890b15b3,reachable_loops.tsv,omit-exact-duplicate-with-ledger,omitted-exact-same-name-and-content-evidence-copy,mlk_poly_tomsg_cleanroom/MSG01G_R1_T1_FROZEN_EXECUTION_INPUT_V1_af4c5abdd595/frozen_candidate_v1/inspection/reachable_loops.tsv,experiments/poly-tomsg/MSG-T1-exact-fips-semantics/01-frozen-execution-input/01-revised-freeze/MSG01G_R1_T1_FROZEN_EXECUTION_INPUT_V1_af4c5abdd595/frozen_candidate_v1/inspection/reachable_loops.tsv
mlk_poly_tomsg_cleanroom/MSG01G_T1_FROZEN_EXECUTION_INPUT_V1_af4c5abdd595/frozen_candidate_v1/provenance/accepted_goto_build_command.txt,1290,d8dcf5c412e107bf460b3454308c83673a2c0e34fa0a05e264b401d712403fad,accepted_goto_build_command.txt,omit-exact-duplicate-with-ledger,omitted-exact-same-name-and-content-evidence-copy,mlk_poly_tomsg_cleanroom/MSG01G_R1_T1_FROZEN_EXECUTION_INPUT_V1_af4c5abdd595/frozen_candidate_v1/provenance/accepted_goto_build_command.txt,experiments/poly-tomsg/MSG-T1-exact-fips-semantics/01-frozen-execution-input/01-revised-freeze/MSG01G_R1_T1_FROZEN_EXECUTION_INPUT_V1_af4c5abdd595/frozen_candidate_v1/provenance/accepted_goto_build_command.txt
mlk_poly_tomsg_cleanroom/MSG01G_T1_FROZEN_EXECUTION_INPUT_V1_af4c5abdd595/frozen_candidate_v1/provenance/accepted_msg01f_summary.txt,795,49062b7ee0210ea4db2c0ea75cf2f0bbd1772501957a72a0cd11908ed81af423,accepted_msg01f_summary.txt,omit-exact-duplicate-with-ledger,omitted-exact-same-name-and-content-evidence-copy,mlk_poly_tomsg_cleanroom/MSG01G_R1_T1_FROZEN_EXECUTION_INPUT_V1_af4c5abdd595/frozen_candidate_v1/provenance/accepted_msg01f_summary.txt,experiments/poly-tomsg/MSG-T1-exact-fips-semantics/01-frozen-execution-input/01-revised-freeze/MSG01G_R1_T1_FROZEN_EXECUTION_INPUT_V1_af4c5abdd595/frozen_candidate_v1/provenance/accepted_msg01f_summary.txt
mlk_poly_tomsg_cleanroom/MSG01G_T1_FROZEN_EXECUTION_INPUT_V1_af4c5abdd595/frozen_candidate_v1/provenance/accepted_structural_audit.txt,520,f1aefc08215bca3ae2d046e9c74474eec6fc6c8676009c508aa7c586aa9e96c6,accepted_structural_audit.txt,omit-exact-duplicate-with-ledger,omitted-exact-same-name-and-content-evidence-copy,mlk_poly_tomsg_cleanroom/MSG01G_R1_T1_FROZEN_EXECUTION_INPUT_V1_af4c5abdd595/frozen_candidate_v1/provenance/accepted_structural_audit.txt,experiments/poly-tomsg/MSG-T1-exact-fips-semantics/01-frozen-execution-input/01-revised-freeze/MSG01G_R1_T1_FROZEN_EXECUTION_INPUT_V1_af4c5abdd595/frozen_candidate_v1/provenance/accepted_structural_audit.txt
mlk_poly_tomsg_cleanroom/MSG01G_T1_FROZEN_EXECUTION_INPUT_V1_af4c5abdd595/frozen_candidate_v1/support/msg01f_compress_direct_wrap_scope.h,757,7820ea424366906c1a10271579500c2eee94372c03e589560f82a046d545c42b,msg01f_compress_direct_wrap_scope.h,omit-exact-duplicate-with-ledger,omitted-exact-same-name-and-content-evidence-copy,mlk_poly_tomsg_cleanroom/MSG01K_R1_T1_MUTATION_FAMILY_FREEZE_V1_af4c5abdd595/frozen_mutation_family_v1/support/msg01f_compress_direct_wrap_scope.h,experiments/poly-tomsg/MSG-T1-exact-fips-semantics/05-mutation-sensitivity/01-revised-family-freeze/MSG01K_R1_T1_MUTATION_FAMILY_FREEZE_V1_af4c5abdd595/frozen_mutation_family_v1/support/msg01f_compress_direct_wrap_scope.h
mlk_poly_tomsg_cleanroom/MSG01G_T1_FROZEN_EXECUTION_INPUT_V1_af4c5abdd595/frozen_candidate_v1/support/msg01f_fail_closed_zeroize.h,269,b71285ddfe229382a0402461f023defcf80a4941aaf35c3db732086ff312779a,msg01f_fail_closed_zeroize.h,omit-exact-duplicate-with-ledger,omitted-exact-same-name-and-content-evidence-copy,mlk_poly_tomsg_cleanroom/MSG01K_R1_T1_MUTATION_FAMILY_FREEZE_V1_af4c5abdd595/frozen_mutation_family_v1/support/msg01f_fail_closed_zeroize.h,experiments/poly-tomsg/MSG-T1-exact-fips-semantics/05-mutation-sensitivity/01-revised-family-freeze/MSG01K_R1_T1_MUTATION_FAMILY_FREEZE_V1_af4c5abdd595/frozen_mutation_family_v1/support/msg01f_fail_closed_zeroize.h
mlk_poly_tomsg_cleanroom/MSG01G_T1_FROZEN_EXECUTION_INPUT_V1_af4c5abdd595/frozen_candidate_v1/support/msg01f_optblocker_zero.c,260,3338ed52257c20fe3edb62bf0a4ceb16680c20332b04d19e1a2fdbf6dc3aefb2,msg01f_optblocker_zero.c,omit-exact-duplicate-with-ledger,omitted-exact-same-name-and-content-evidence-copy,mlk_poly_tomsg_cleanroom/MSG01K_R1_T1_MUTATION_FAMILY_FREEZE_V1_af4c5abdd595/frozen_mutation_family_v1/support/msg01f_optblocker_zero.c,experiments/poly-tomsg/MSG-T1-exact-fips-semantics/05-mutation-sensitivity/01-revised-family-freeze/MSG01K_R1_T1_MUTATION_FAMILY_FREEZE_V1_af4c5abdd595/frozen_mutation_family_v1/support/msg01f_optblocker_zero.c
mlk_poly_tomsg_cleanroom/MSG01G_T1_FROZEN_EXECUTION_INPUT_V1_af4c5abdd595/frozen_candidate_v1/support/msg01f_verify_pragma_scope.h,483,0aacacb9a12ef28be9044ee3593930e69e67fcf1b107ed81ccbde9f047edb489,msg01f_verify_pragma_scope.h,omit-exact-duplicate-with-ledger,omitted-exact-same-name-and-content-evidence-copy,mlk_poly_tomsg_cleanroom/MSG01K_R1_T1_MUTATION_FAMILY_FREEZE_V1_af4c5abdd595/frozen_mutation_family_v1/support/msg01f_verify_pragma_scope.h,experiments/poly-tomsg/MSG-T1-exact-fips-semantics/05-mutation-sensitivity/01-revised-family-freeze/MSG01K_R1_T1_MUTATION_FAMILY_FREEZE_V1_af4c5abdd595/frozen_mutation_family_v1/support/msg01f_verify_pragma_scope.h
mlk_poly_tomsg_cleanroom/MSG01H_T1_AUTHORITATIVE_POSITIVE_RUN1_af4c5abdd595/commands/msg_t1_positive_cbmc_command.txt,602,455a3e93425e3aad30d4e3138c95e47c1ea25bed02a00a7782bb57107a7c8772,msg_t1_positive_cbmc_command.txt,omit-exact-duplicate-with-ledger,omitted-exact-same-name-and-content-evidence-copy,mlk_poly_tomsg_cleanroom/MSG01M_R2_T1_FINAL_EVIDENCE_CONSOLIDATION_af4c5abdd595/records/02_positive_proof/msg_t1_positive_cbmc_command.txt,experiments/poly-tomsg/MSG-T1-exact-fips-semantics/06-final-evidence-consolidation/02-revision-2-final/MSG01M_R2_T1_FINAL_EVIDENCE_CONSOLIDATION_af4c5abdd595/records/02_positive_proof/msg_t1_positive_cbmc_command.txt
mlk_poly_tomsg_cleanroom/MSG01H_T1_AUTHORITATIVE_POSITIVE_RUN1_af4c5abdd595/frozen_inputs/MSG01G_R1_ARTIFACT_MANIFEST.sha256,2716,8a08a80f2b476408ff5b80566e0aa797ffc89e2e4c6e35c23ceb041045d1516f,MSG01G_R1_ARTIFACT_MANIFEST.sha256,omit-exact-duplicate-with-ledger,omitted-exact-same-name-and-content-evidence-copy,mlk_poly_tomsg_cleanroom/MSG01M_R2_T1_FINAL_EVIDENCE_CONSOLIDATION_af4c5abdd595/source_manifests/MSG01G_R1_ARTIFACT_MANIFEST.sha256,experiments/poly-tomsg/MSG-T1-exact-fips-semantics/06-final-evidence-consolidation/02-revision-2-final/MSG01M_R2_T1_FINAL_EVIDENCE_CONSOLIDATION_af4c5abdd595/source_manifests/MSG01G_R1_ARTIFACT_MANIFEST.sha256
mlk_poly_tomsg_cleanroom/MSG01H_T1_AUTHORITATIVE_POSITIVE_RUN1_af4c5abdd595/frozen_inputs/MSG01G_R1_ARTIFACT_MANIFEST.sha256.sha256,101,56a03eeb1c27194de22eeb0ddc4e05ccab4ac6bf61b5ef28974955e25efc85e0,MSG01G_R1_ARTIFACT_MANIFEST.sha256.sha256,omit-exact-duplicate-with-ledger,omitted-exact-same-name-and-content-evidence-copy,mlk_poly_tomsg_cleanroom/MSG01M_R2_T1_FINAL_EVIDENCE_CONSOLIDATION_af4c5abdd595/source_manifests/MSG01G_R1_ARTIFACT_MANIFEST.sha256.sha256,experiments/poly-tomsg/MSG-T1-exact-fips-semantics/06-final-evidence-consolidation/02-revision-2-final/MSG01M_R2_T1_FINAL_EVIDENCE_CONSOLIDATION_af4c5abdd595/source_manifests/MSG01G_R1_ARTIFACT_MANIFEST.sha256.sha256
mlk_poly_tomsg_cleanroom/MSG01H_T1_AUTHORITATIVE_POSITIVE_RUN1_af4c5abdd595/frozen_inputs/MSG01G_R1_CANDIDATE_FREEZE_RECORD.md,1051,445d8c36db9588d7d12cd2cbb51d8f1942cbd48eb0ada88b42a9798b9aca0bb9,MSG01G_R1_CANDIDATE_FREEZE_RECORD.md,omit-exact-duplicate-with-ledger,omitted-exact-same-name-and-content-evidence-copy,mlk_poly_tomsg_cleanroom/MSG01M_R2_T1_FINAL_EVIDENCE_CONSOLIDATION_af4c5abdd595/records/01_candidate_freeze/MSG01G_R1_CANDIDATE_FREEZE_RECORD.md,experiments/poly-tomsg/MSG-T1-exact-fips-semantics/06-final-evidence-consolidation/02-revision-2-final/MSG01M_R2_T1_FINAL_EVIDENCE_CONSOLIDATION_af4c5abdd595/records/01_candidate_freeze/MSG01G_R1_CANDIDATE_FREEZE_RECORD.md
mlk_poly_tomsg_cleanroom/MSG01H_T1_AUTHORITATIVE_POSITIVE_RUN1_af4c5abdd595/frozen_inputs/MSG01G_R1_EXECUTION_PLAN.md,654,9ea561c97d0d529d690717806a2d264a5bdfd9925eb99771d08738601657ed29,MSG01G_R1_EXECUTION_PLAN.md,omit-exact-duplicate-with-ledger,omitted-exact-same-name-and-content-evidence-copy,mlk_poly_tomsg_cleanroom/MSG01M_R2_T1_FINAL_EVIDENCE_CONSOLIDATION_af4c5abdd595/records/01_candidate_freeze/MSG01G_R1_EXECUTION_PLAN.md,experiments/poly-tomsg/MSG-T1-exact-fips-semantics/06-final-evidence-consolidation/02-revision-2-final/MSG01M_R2_T1_FINAL_EVIDENCE_CONSOLIDATION_af4c5abdd595/records/01_candidate_freeze/MSG01G_R1_EXECUTION_PLAN.md
mlk_poly_tomsg_cleanroom/MSG01H_T1_AUTHORITATIVE_POSITIVE_RUN1_af4c5abdd595/frozen_inputs/MSG01G_R1_FREEZE_SUMMARY.txt,1375,1a662f745328b4b642e710e633b218c2dc3276af60dc42bbbf0f4f927a56c9cd,MSG01G_R1_FREEZE_SUMMARY.txt,omit-exact-duplicate-with-ledger,omitted-exact-same-name-and-content-evidence-copy,mlk_poly_tomsg_cleanroom/MSG01M_R2_T1_FINAL_EVIDENCE_CONSOLIDATION_af4c5abdd595/records/01_candidate_freeze/MSG01G_R1_FREEZE_SUMMARY.txt,experiments/poly-tomsg/MSG-T1-exact-fips-semantics/06-final-evidence-consolidation/02-revision-2-final/MSG01M_R2_T1_FINAL_EVIDENCE_CONSOLIDATION_af4c5abdd595/records/01_candidate_freeze/MSG01G_R1_FREEZE_SUMMARY.txt
mlk_poly_tomsg_cleanroom/MSG01H_T1_AUTHORITATIVE_POSITIVE_RUN1_af4c5abdd595/MSG01H_ARTIFACT_MANIFEST.sha256,2196,309fa1a5e4c2440d09f161e68d009bbb5f1f94aa6107aad6d7e57632a10a4607,MSG01H_ARTIFACT_MANIFEST.sha256,omit-exact-duplicate-with-ledger,omitted-exact-same-name-and-content-evidence-copy,mlk_poly_tomsg_cleanroom/MSG01M_R2_T1_FINAL_EVIDENCE_CONSOLIDATION_af4c5abdd595/source_manifests/MSG01H_ARTIFACT_MANIFEST.sha256,experiments/poly-tomsg/MSG-T1-exact-fips-semantics/06-final-evidence-consolidation/02-revision-2-final/MSG01M_R2_T1_FINAL_EVIDENCE_CONSOLIDATION_af4c5abdd595/source_manifests/MSG01H_ARTIFACT_MANIFEST.sha256
mlk_poly_tomsg_cleanroom/MSG01H_T1_AUTHORITATIVE_POSITIVE_RUN1_af4c5abdd595/MSG01H_ARTIFACT_MANIFEST.sha256.sha256,98,fef111600499259337a5c63f8bf8171f046c12891195754f5bfed356eddc7e69,MSG01H_ARTIFACT_MANIFEST.sha256.sha256,omit-exact-duplicate-with-ledger,omitted-exact-same-name-and-content-evidence-copy,mlk_poly_tomsg_cleanroom/MSG01M_R2_T1_FINAL_EVIDENCE_CONSOLIDATION_af4c5abdd595/source_manifests/MSG01H_ARTIFACT_MANIFEST.sha256.sha256,experiments/poly-tomsg/MSG-T1-exact-fips-semantics/06-final-evidence-consolidation/02-revision-2-final/MSG01M_R2_T1_FINAL_EVIDENCE_CONSOLIDATION_af4c5abdd595/source_manifests/MSG01H_ARTIFACT_MANIFEST.sha256.sha256
mlk_poly_tomsg_cleanroom/MSG01H_T1_AUTHORITATIVE_POSITIVE_RUN1_af4c5abdd595/MSG01H_EXECUTION_INPUT_BINDING.md,1374,b58e83315c78ff4f1d20f7d69244d599f701ce19db9aad5c79d5d346a7c9d462,MSG01H_EXECUTION_INPUT_BINDING.md,omit-exact-duplicate-with-ledger,omitted-exact-same-name-and-content-evidence-copy,mlk_poly_tomsg_cleanroom/MSG01M_R2_T1_FINAL_EVIDENCE_CONSOLIDATION_af4c5abdd595/records/02_positive_proof/MSG01H_EXECUTION_INPUT_BINDING.md,experiments/poly-tomsg/MSG-T1-exact-fips-semantics/06-final-evidence-consolidation/02-revision-2-final/MSG01M_R2_T1_FINAL_EVIDENCE_CONSOLIDATION_af4c5abdd595/records/02_positive_proof/MSG01H_EXECUTION_INPUT_BINDING.md
mlk_poly_tomsg_cleanroom/MSG01H_T1_AUTHORITATIVE_POSITIVE_RUN1_af4c5abdd595/MSG01H_POSITIVE_EXECUTION_RESULT.md,1361,f4f04a1ccab44c17329c2d8525f61c80b5ef63a5184120aa0ec6f3e55a65f925,MSG01H_POSITIVE_EXECUTION_RESULT.md,omit-exact-duplicate-with-ledger,omitted-exact-same-name-and-content-evidence-copy,mlk_poly_tomsg_cleanroom/MSG01M_R2_T1_FINAL_EVIDENCE_CONSOLIDATION_af4c5abdd595/records/02_positive_proof/MSG01H_POSITIVE_EXECUTION_RESULT.md,experiments/poly-tomsg/MSG-T1-exact-fips-semantics/06-final-evidence-consolidation/02-revision-2-final/MSG01M_R2_T1_FINAL_EVIDENCE_CONSOLIDATION_af4c5abdd595/records/02_positive_proof/MSG01H_POSITIVE_EXECUTION_RESULT.md
mlk_poly_tomsg_cleanroom/MSG01H_T1_AUTHORITATIVE_POSITIVE_RUN1_af4c5abdd595/MSG01H_POSITIVE_EXECUTION_SUMMARY.txt,930,ce0cc6e8e477c0329ca74ad4f24a9d202d49faaab9222bb050e04a0161f07c64,MSG01H_POSITIVE_EXECUTION_SUMMARY.txt,omit-exact-duplicate-with-ledger,omitted-exact-same-name-and-content-evidence-copy,mlk_poly_tomsg_cleanroom/MSG01M_R2_T1_FINAL_EVIDENCE_CONSOLIDATION_af4c5abdd595/records/02_positive_proof/MSG01H_POSITIVE_EXECUTION_SUMMARY.txt,experiments/poly-tomsg/MSG-T1-exact-fips-semantics/06-final-evidence-consolidation/02-revision-2-final/MSG01M_R2_T1_FINAL_EVIDENCE_CONSOLIDATION_af4c5abdd595/records/02_positive_proof/MSG01H_POSITIVE_EXECUTION_SUMMARY.txt
mlk_poly_tomsg_cleanroom/MSG01H_T1_AUTHORITATIVE_POSITIVE_RUN1_af4c5abdd595/results/msg_t1_positive_parsed_summary.txt,453,2b9539ab361042536d603be7598357096f9bbafbe36f6af377716d893f939a51,msg_t1_positive_parsed_summary.txt,omit-exact-duplicate-with-ledger,omitted-exact-same-name-and-content-evidence-copy,mlk_poly_tomsg_cleanroom/MSG01M_R2_T1_FINAL_EVIDENCE_CONSOLIDATION_af4c5abdd595/records/02_positive_proof/msg_t1_positive_parsed_summary.txt,experiments/poly-tomsg/MSG-T1-exact-fips-semantics/06-final-evidence-consolidation/02-revision-2-final/MSG01M_R2_T1_FINAL_EVIDENCE_CONSOLIDATION_af4c5abdd595/records/02_positive_proof/msg_t1_positive_parsed_summary.txt
mlk_poly_tomsg_cleanroom/MSG01I_R1_T1_REACHABILITY_CONTROL_FREEZE_V1_af4c5abdd595/frozen_reachability_family_v1/MSG01I_R1_COVER_GOAL_MAP.md,545,0b56f1a4ea89f88380065d35969e596538af4a5f488954a9e4560a7e81af7d40,MSG01I_R1_COVER_GOAL_MAP.md,omit-exact-duplicate-with-ledger,omitted-exact-same-name-and-content-evidence-copy,mlk_poly_tomsg_cleanroom/MSG01J_R3_T1_REACHABILITY_NONVACUITY_FINAL_af4c5abdd595/frozen_inputs/MSG01I_R1_COVER_GOAL_MAP.md,experiments/poly-tomsg/MSG-T1-exact-fips-semantics/04-reachability-nonvacuity/03-final-run/MSG01J_R3_T1_REACHABILITY_NONVACUITY_FINAL_af4c5abdd595/frozen_inputs/MSG01I_R1_COVER_GOAL_MAP.md
mlk_poly_tomsg_cleanroom/MSG01I_R1_T1_REACHABILITY_CONTROL_FREEZE_V1_af4c5abdd595/frozen_reachability_family_v1/MSG01I_R1_REACHABILITY_FAMILY_FREEZE_RECORD.md,868,686179cf918af1a5b0e4c82e43a006abf8c73d080ff2d7a3232ded11a7f6d750,MSG01I_R1_REACHABILITY_FAMILY_FREEZE_RECORD.md,omit-exact-duplicate-with-ledger,omitted-exact-same-name-and-content-evidence-copy,mlk_poly_tomsg_cleanroom/MSG01J_R3_T1_REACHABILITY_NONVACUITY_FINAL_af4c5abdd595/frozen_inputs/MSG01I_R1_REACHABILITY_FAMILY_FREEZE_RECORD.md,experiments/poly-tomsg/MSG-T1-exact-fips-semantics/04-reachability-nonvacuity/03-final-run/MSG01J_R3_T1_REACHABILITY_NONVACUITY_FINAL_af4c5abdd595/frozen_inputs/MSG01I_R1_REACHABILITY_FAMILY_FREEZE_RECORD.md
mlk_poly_tomsg_cleanroom/MSG01I_R1_T1_REACHABILITY_CONTROL_FREEZE_V1_af4c5abdd595/frozen_reachability_family_v1/MSG01I_R1_REACHABILITY_PREFLIGHT_SUMMARY.txt,1188,32604db15bddbe3ce2ccc6d3611308980f688e00ad32d8bc89295f8ab2e9cf55,MSG01I_R1_REACHABILITY_PREFLIGHT_SUMMARY.txt,omit-exact-duplicate-with-ledger,omitted-exact-same-name-and-content-evidence-copy,mlk_poly_tomsg_cleanroom/MSG01J_R3_T1_REACHABILITY_NONVACUITY_FINAL_af4c5abdd595/frozen_inputs/MSG01I_R1_REACHABILITY_PREFLIGHT_SUMMARY.txt,experiments/poly-tomsg/MSG-T1-exact-fips-semantics/04-reachability-nonvacuity/03-final-run/MSG01J_R3_T1_REACHABILITY_NONVACUITY_FINAL_af4c5abdd595/frozen_inputs/MSG01I_R1_REACHABILITY_PREFLIGHT_SUMMARY.txt
mlk_poly_tomsg_cleanroom/MSG01I_R1_T1_REACHABILITY_CONTROL_FREEZE_V1_af4c5abdd595/frozen_reachability_family_v1/provenance/MSG01H_ARTIFACT_MANIFEST.sha256,2196,309fa1a5e4c2440d09f161e68d009bbb5f1f94aa6107aad6d7e57632a10a4607,MSG01H_ARTIFACT_MANIFEST.sha256,omit-exact-duplicate-with-ledger,omitted-exact-same-name-and-content-evidence-copy,mlk_poly_tomsg_cleanroom/MSG01M_R2_T1_FINAL_EVIDENCE_CONSOLIDATION_af4c5abdd595/source_manifests/MSG01H_ARTIFACT_MANIFEST.sha256,experiments/poly-tomsg/MSG-T1-exact-fips-semantics/06-final-evidence-consolidation/02-revision-2-final/MSG01M_R2_T1_FINAL_EVIDENCE_CONSOLIDATION_af4c5abdd595/source_manifests/MSG01H_ARTIFACT_MANIFEST.sha256
mlk_poly_tomsg_cleanroom/MSG01I_R1_T1_REACHABILITY_CONTROL_FREEZE_V1_af4c5abdd595/frozen_reachability_family_v1/provenance/MSG01H_POSITIVE_EXECUTION_SUMMARY.txt,930,ce0cc6e8e477c0329ca74ad4f24a9d202d49faaab9222bb050e04a0161f07c64,MSG01H_POSITIVE_EXECUTION_SUMMARY.txt,omit-exact-duplicate-with-ledger,omitted-exact-same-name-and-content-evidence-copy,mlk_poly_tomsg_cleanroom/MSG01M_R2_T1_FINAL_EVIDENCE_CONSOLIDATION_af4c5abdd595/records/02_positive_proof/MSG01H_POSITIVE_EXECUTION_SUMMARY.txt,experiments/poly-tomsg/MSG-T1-exact-fips-semantics/06-final-evidence-consolidation/02-revision-2-final/MSG01M_R2_T1_FINAL_EVIDENCE_CONSOLIDATION_af4c5abdd595/records/02_positive_proof/MSG01H_POSITIVE_EXECUTION_SUMMARY.txt
mlk_poly_tomsg_cleanroom/MSG01I_R1_T1_REACHABILITY_CONTROL_FREEZE_V1_af4c5abdd595/frozen_reachability_family_v1/support/msg01f_compress_direct_wrap_scope.h,757,7820ea424366906c1a10271579500c2eee94372c03e589560f82a046d545c42b,msg01f_compress_direct_wrap_scope.h,omit-exact-duplicate-with-ledger,omitted-exact-same-name-and-content-evidence-copy,mlk_poly_tomsg_cleanroom/MSG01K_R1_T1_MUTATION_FAMILY_FREEZE_V1_af4c5abdd595/frozen_mutation_family_v1/support/msg01f_compress_direct_wrap_scope.h,experiments/poly-tomsg/MSG-T1-exact-fips-semantics/05-mutation-sensitivity/01-revised-family-freeze/MSG01K_R1_T1_MUTATION_FAMILY_FREEZE_V1_af4c5abdd595/frozen_mutation_family_v1/support/msg01f_compress_direct_wrap_scope.h
mlk_poly_tomsg_cleanroom/MSG01I_R1_T1_REACHABILITY_CONTROL_FREEZE_V1_af4c5abdd595/frozen_reachability_family_v1/support/msg01f_fail_closed_zeroize.h,269,b71285ddfe229382a0402461f023defcf80a4941aaf35c3db732086ff312779a,msg01f_fail_closed_zeroize.h,omit-exact-duplicate-with-ledger,omitted-exact-same-name-and-content-evidence-copy,mlk_poly_tomsg_cleanroom/MSG01K_R1_T1_MUTATION_FAMILY_FREEZE_V1_af4c5abdd595/frozen_mutation_family_v1/support/msg01f_fail_closed_zeroize.h,experiments/poly-tomsg/MSG-T1-exact-fips-semantics/05-mutation-sensitivity/01-revised-family-freeze/MSG01K_R1_T1_MUTATION_FAMILY_FREEZE_V1_af4c5abdd595/frozen_mutation_family_v1/support/msg01f_fail_closed_zeroize.h
mlk_poly_tomsg_cleanroom/MSG01I_R1_T1_REACHABILITY_CONTROL_FREEZE_V1_af4c5abdd595/frozen_reachability_family_v1/support/msg01f_optblocker_zero.c,260,3338ed52257c20fe3edb62bf0a4ceb16680c20332b04d19e1a2fdbf6dc3aefb2,msg01f_optblocker_zero.c,omit-exact-duplicate-with-ledger,omitted-exact-same-name-and-content-evidence-copy,mlk_poly_tomsg_cleanroom/MSG01K_R1_T1_MUTATION_FAMILY_FREEZE_V1_af4c5abdd595/frozen_mutation_family_v1/support/msg01f_optblocker_zero.c,experiments/poly-tomsg/MSG-T1-exact-fips-semantics/05-mutation-sensitivity/01-revised-family-freeze/MSG01K_R1_T1_MUTATION_FAMILY_FREEZE_V1_af4c5abdd595/frozen_mutation_family_v1/support/msg01f_optblocker_zero.c
mlk_poly_tomsg_cleanroom/MSG01I_R1_T1_REACHABILITY_CONTROL_FREEZE_V1_af4c5abdd595/frozen_reachability_family_v1/support/msg01f_verify_pragma_scope.h,483,0aacacb9a12ef28be9044ee3593930e69e67fcf1b107ed81ccbde9f047edb489,msg01f_verify_pragma_scope.h,omit-exact-duplicate-with-ledger,omitted-exact-same-name-and-content-evidence-copy,mlk_poly_tomsg_cleanroom/MSG01K_R1_T1_MUTATION_FAMILY_FREEZE_V1_af4c5abdd595/frozen_mutation_family_v1/support/msg01f_verify_pragma_scope.h,experiments/poly-tomsg/MSG-T1-exact-fips-semantics/05-mutation-sensitivity/01-revised-family-freeze/MSG01K_R1_T1_MUTATION_FAMILY_FREEZE_V1_af4c5abdd595/frozen_mutation_family_v1/support/msg01f_verify_pragma_scope.h
mlk_poly_tomsg_cleanroom/MSG01I_R1_T1_REACHABILITY_CONTROL_FREEZE_V1_af4c5abdd595/MSG01I_R1_ARTIFACT_MANIFEST.sha256,5541,56ca9c6cbeb0e5b99a742302135d6bf5ed3d489b8ae206451e4614620d7a5e3e,MSG01I_R1_ARTIFACT_MANIFEST.sha256,omit-exact-duplicate-with-ledger,omitted-exact-same-name-and-content-evidence-copy,mlk_poly_tomsg_cleanroom/MSG01J_R3_T1_REACHABILITY_NONVACUITY_FINAL_af4c5abdd595/frozen_inputs/MSG01I_R1_ARTIFACT_MANIFEST.sha256,experiments/poly-tomsg/MSG-T1-exact-fips-semantics/04-reachability-nonvacuity/03-final-run/MSG01J_R3_T1_REACHABILITY_NONVACUITY_FINAL_af4c5abdd595/frozen_inputs/MSG01I_R1_ARTIFACT_MANIFEST.sha256
mlk_poly_tomsg_cleanroom/MSG01I_R1_T1_REACHABILITY_CONTROL_FREEZE_V1_af4c5abdd595/MSG01I_R1_ARTIFACT_MANIFEST.sha256.sha256,101,9484aeff7f1ad87df3662a68ce0d2a25d693e12df1a2289c654688f8f3be80cb,MSG01I_R1_ARTIFACT_MANIFEST.sha256.sha256,omit-exact-duplicate-with-ledger,omitted-exact-same-name-and-content-evidence-copy,mlk_poly_tomsg_cleanroom/MSG01J_R3_T1_REACHABILITY_NONVACUITY_FINAL_af4c5abdd595/frozen_inputs/MSG01I_R1_ARTIFACT_MANIFEST.sha256.sha256,experiments/poly-tomsg/MSG-T1-exact-fips-semantics/04-reachability-nonvacuity/03-final-run/MSG01J_R3_T1_REACHABILITY_NONVACUITY_FINAL_af4c5abdd595/frozen_inputs/MSG01I_R1_ARTIFACT_MANIFEST.sha256.sha256
mlk_poly_tomsg_cleanroom/MSG01I_T1_REACHABILITY_CONTROL_FREEZE_V1_af4c5abdd595/frozen_reachability_family_v1/build/msg_t1_reachability_companion.goto,49877,540df0b0c8f751cd5d4e2d981f6ab587f84bba442b848999e159c3af32e18200,msg_t1_reachability_companion.goto,omit-exact-duplicate-with-ledger,omitted-exact-same-name-and-content-evidence-copy,mlk_poly_tomsg_cleanroom/MSG01I_R1_T1_REACHABILITY_CONTROL_FREEZE_V1_af4c5abdd595/frozen_reachability_family_v1/build/msg_t1_reachability_companion.goto,experiments/poly-tomsg/MSG-T1-exact-fips-semantics/03-reachability-controls/01-revised-family-freeze/MSG01I_R1_T1_REACHABILITY_CONTROL_FREEZE_V1_af4c5abdd595/frozen_reachability_family_v1/build/msg_t1_reachability_companion.goto
mlk_poly_tomsg_cleanroom/MSG01I_T1_REACHABILITY_CONTROL_FREEZE_V1_af4c5abdd595/frozen_reachability_family_v1/build/msg_t1_reachability_original.goto,52015,63291a6ba949254bffb56cdc899e4567edcd1502bde091038c70988dfa94705c,msg_t1_reachability_original.goto,omit-exact-duplicate-with-ledger,omitted-exact-same-name-and-content-evidence-copy,mlk_poly_tomsg_cleanroom/MSG01I_R1_T1_REACHABILITY_CONTROL_FREEZE_V1_af4c5abdd595/frozen_reachability_family_v1/build/msg_t1_reachability_original.goto,experiments/poly-tomsg/MSG-T1-exact-fips-semantics/03-reachability-controls/01-revised-family-freeze/MSG01I_R1_T1_REACHABILITY_CONTROL_FREEZE_V1_af4c5abdd595/frozen_reachability_family_v1/build/msg_t1_reachability_original.goto
mlk_poly_tomsg_cleanroom/MSG01I_T1_REACHABILITY_CONTROL_FREEZE_V1_af4c5abdd595/frozen_reachability_family_v1/commands/companion_goto_build_command.txt,1718,6014b4bd558523163e95882e27ea374d9d97e3911790315564958e4ff43a6ad9,companion_goto_build_command.txt,omit-exact-duplicate-with-ledger,omitted-exact-same-name-and-content-evidence-copy,mlk_poly_tomsg_cleanroom/MSG01I_R1_T1_REACHABILITY_CONTROL_FREEZE_V1_af4c5abdd595/frozen_reachability_family_v1/commands/companion_goto_build_command.txt,experiments/poly-tomsg/MSG-T1-exact-fips-semantics/03-reachability-controls/01-revised-family-freeze/MSG01I_R1_T1_REACHABILITY_CONTROL_FREEZE_V1_af4c5abdd595/frozen_reachability_family_v1/commands/companion_goto_build_command.txt
mlk_poly_tomsg_cleanroom/MSG01I_T1_REACHABILITY_CONTROL_FREEZE_V1_af4c5abdd595/frozen_reachability_family_v1/commands/original_goto_build_command.txt,1533,42b8433d3a271023b59d782693677be765afd8a1d015f46e4143d507103f669a,original_goto_build_command.txt,omit-exact-duplicate-with-ledger,omitted-exact-same-name-and-content-evidence-copy,mlk_poly_tomsg_cleanroom/MSG01I_R1_T1_REACHABILITY_CONTROL_FREEZE_V1_af4c5abdd595/frozen_reachability_family_v1/commands/original_goto_build_command.txt,experiments/poly-tomsg/MSG-T1-exact-fips-semantics/03-reachability-controls/01-revised-family-freeze/MSG01I_R1_T1_REACHABILITY_CONTROL_FREEZE_V1_af4c5abdd595/frozen_reachability_family_v1/commands/original_goto_build_command.txt
mlk_poly_tomsg_cleanroom/MSG01I_T1_REACHABILITY_CONTROL_FREEZE_V1_af4c5abdd595/frozen_reachability_family_v1/harnesses/msg_t1_reachability_harness.c,2889,06c829acf3faca02512f5b2d257ab20cbda2975eecbc8935c6dd27dae862c1b6,msg_t1_reachability_harness.c,omit-exact-duplicate-with-ledger,omitted-exact-same-name-and-content-evidence-copy,mlk_poly_tomsg_cleanroom/MSG01I_R1_T1_REACHABILITY_CONTROL_FREEZE_V1_af4c5abdd595/frozen_reachability_family_v1/harnesses/msg_t1_reachability_harness.c,experiments/poly-tomsg/MSG-T1-exact-fips-semantics/03-reachability-controls/01-revised-family-freeze/MSG01I_R1_T1_REACHABILITY_CONTROL_FREEZE_V1_af4c5abdd595/frozen_reachability_family_v1/harnesses/msg_t1_reachability_harness.c
mlk_poly_tomsg_cleanroom/MSG01I_T1_REACHABILITY_CONTROL_FREEZE_V1_af4c5abdd595/frozen_reachability_family_v1/provenance/MSG01H_ARTIFACT_MANIFEST.sha256,2196,309fa1a5e4c2440d09f161e68d009bbb5f1f94aa6107aad6d7e57632a10a4607,MSG01H_ARTIFACT_MANIFEST.sha256,omit-exact-duplicate-with-ledger,omitted-exact-same-name-and-content-evidence-copy,mlk_poly_tomsg_cleanroom/MSG01M_R2_T1_FINAL_EVIDENCE_CONSOLIDATION_af4c5abdd595/source_manifests/MSG01H_ARTIFACT_MANIFEST.sha256,experiments/poly-tomsg/MSG-T1-exact-fips-semantics/06-final-evidence-consolidation/02-revision-2-final/MSG01M_R2_T1_FINAL_EVIDENCE_CONSOLIDATION_af4c5abdd595/source_manifests/MSG01H_ARTIFACT_MANIFEST.sha256
mlk_poly_tomsg_cleanroom/MSG01I_T1_REACHABILITY_CONTROL_FREEZE_V1_af4c5abdd595/frozen_reachability_family_v1/provenance/MSG01H_POSITIVE_EXECUTION_RESULT.md,1361,f4f04a1ccab44c17329c2d8525f61c80b5ef63a5184120aa0ec6f3e55a65f925,MSG01H_POSITIVE_EXECUTION_RESULT.md,omit-exact-duplicate-with-ledger,omitted-exact-same-name-and-content-evidence-copy,mlk_poly_tomsg_cleanroom/MSG01M_R2_T1_FINAL_EVIDENCE_CONSOLIDATION_af4c5abdd595/records/02_positive_proof/MSG01H_POSITIVE_EXECUTION_RESULT.md,experiments/poly-tomsg/MSG-T1-exact-fips-semantics/06-final-evidence-consolidation/02-revision-2-final/MSG01M_R2_T1_FINAL_EVIDENCE_CONSOLIDATION_af4c5abdd595/records/02_positive_proof/MSG01H_POSITIVE_EXECUTION_RESULT.md
mlk_poly_tomsg_cleanroom/MSG01I_T1_REACHABILITY_CONTROL_FREEZE_V1_af4c5abdd595/frozen_reachability_family_v1/provenance/MSG01H_POSITIVE_EXECUTION_SUMMARY.txt,930,ce0cc6e8e477c0329ca74ad4f24a9d202d49faaab9222bb050e04a0161f07c64,MSG01H_POSITIVE_EXECUTION_SUMMARY.txt,omit-exact-duplicate-with-ledger,omitted-exact-same-name-and-content-evidence-copy,mlk_poly_tomsg_cleanroom/MSG01M_R2_T1_FINAL_EVIDENCE_CONSOLIDATION_af4c5abdd595/records/02_positive_proof/MSG01H_POSITIVE_EXECUTION_SUMMARY.txt,experiments/poly-tomsg/MSG-T1-exact-fips-semantics/06-final-evidence-consolidation/02-revision-2-final/MSG01M_R2_T1_FINAL_EVIDENCE_CONSOLIDATION_af4c5abdd595/records/02_positive_proof/MSG01H_POSITIVE_EXECUTION_SUMMARY.txt
mlk_poly_tomsg_cleanroom/MSG01I_T1_REACHABILITY_CONTROL_FREEZE_V1_af4c5abdd595/frozen_reachability_family_v1/support/msg01f_compress_direct_wrap_scope.h,757,7820ea424366906c1a10271579500c2eee94372c03e589560f82a046d545c42b,msg01f_compress_direct_wrap_scope.h,omit-exact-duplicate-with-ledger,omitted-exact-same-name-and-content-evidence-copy,mlk_poly_tomsg_cleanroom/MSG01K_R1_T1_MUTATION_FAMILY_FREEZE_V1_af4c5abdd595/frozen_mutation_family_v1/support/msg01f_compress_direct_wrap_scope.h,experiments/poly-tomsg/MSG-T1-exact-fips-semantics/05-mutation-sensitivity/01-revised-family-freeze/MSG01K_R1_T1_MUTATION_FAMILY_FREEZE_V1_af4c5abdd595/frozen_mutation_family_v1/support/msg01f_compress_direct_wrap_scope.h
mlk_poly_tomsg_cleanroom/MSG01I_T1_REACHABILITY_CONTROL_FREEZE_V1_af4c5abdd595/frozen_reachability_family_v1/support/msg01f_fail_closed_zeroize.h,269,b71285ddfe229382a0402461f023defcf80a4941aaf35c3db732086ff312779a,msg01f_fail_closed_zeroize.h,omit-exact-duplicate-with-ledger,omitted-exact-same-name-and-content-evidence-copy,mlk_poly_tomsg_cleanroom/MSG01K_R1_T1_MUTATION_FAMILY_FREEZE_V1_af4c5abdd595/frozen_mutation_family_v1/support/msg01f_fail_closed_zeroize.h,experiments/poly-tomsg/MSG-T1-exact-fips-semantics/05-mutation-sensitivity/01-revised-family-freeze/MSG01K_R1_T1_MUTATION_FAMILY_FREEZE_V1_af4c5abdd595/frozen_mutation_family_v1/support/msg01f_fail_closed_zeroize.h
mlk_poly_tomsg_cleanroom/MSG01I_T1_REACHABILITY_CONTROL_FREEZE_V1_af4c5abdd595/frozen_reachability_family_v1/support/msg01f_optblocker_zero.c,260,3338ed52257c20fe3edb62bf0a4ceb16680c20332b04d19e1a2fdbf6dc3aefb2,msg01f_optblocker_zero.c,omit-exact-duplicate-with-ledger,omitted-exact-same-name-and-content-evidence-copy,mlk_poly_tomsg_cleanroom/MSG01K_R1_T1_MUTATION_FAMILY_FREEZE_V1_af4c5abdd595/frozen_mutation_family_v1/support/msg01f_optblocker_zero.c,experiments/poly-tomsg/MSG-T1-exact-fips-semantics/05-mutation-sensitivity/01-revised-family-freeze/MSG01K_R1_T1_MUTATION_FAMILY_FREEZE_V1_af4c5abdd595/frozen_mutation_family_v1/support/msg01f_optblocker_zero.c
mlk_poly_tomsg_cleanroom/MSG01I_T1_REACHABILITY_CONTROL_FREEZE_V1_af4c5abdd595/frozen_reachability_family_v1/support/msg01f_verify_pragma_scope.h,483,0aacacb9a12ef28be9044ee3593930e69e67fcf1b107ed81ccbde9f047edb489,msg01f_verify_pragma_scope.h,omit-exact-duplicate-with-ledger,omitted-exact-same-name-and-content-evidence-copy,mlk_poly_tomsg_cleanroom/MSG01K_R1_T1_MUTATION_FAMILY_FREEZE_V1_af4c5abdd595/frozen_mutation_family_v1/support/msg01f_verify_pragma_scope.h,experiments/poly-tomsg/MSG-T1-exact-fips-semantics/05-mutation-sensitivity/01-revised-family-freeze/MSG01K_R1_T1_MUTATION_FAMILY_FREEZE_V1_af4c5abdd595/frozen_mutation_family_v1/support/msg01f_verify_pragma_scope.h
mlk_poly_tomsg_cleanroom/MSG01I_T1_REACHABILITY_CONTROL_FREEZE_V1_af4c5abdd595/frozen_reachability_family_v1/support/msg_t1_cover_neutral_companion.h,439,9e3dd1ed9703ec1372f2360fe77f961566a244b660cf23cbcce9d46d2343b6ab,msg_t1_cover_neutral_companion.h,omit-exact-duplicate-with-ledger,omitted-exact-same-name-and-content-evidence-copy,mlk_poly_tomsg_cleanroom/MSG01I_R1_T1_REACHABILITY_CONTROL_FREEZE_V1_af4c5abdd595/frozen_reachability_family_v1/support/msg_t1_cover_neutral_companion.h,experiments/poly-tomsg/MSG-T1-exact-fips-semantics/03-reachability-controls/01-revised-family-freeze/MSG01I_R1_T1_REACHABILITY_CONTROL_FREEZE_V1_af4c5abdd595/frozen_reachability_family_v1/support/msg_t1_cover_neutral_companion.h
mlk_poly_tomsg_cleanroom/MSG01J_R1_T1_REACHABILITY_NONVACUITY_RUN1_af4c5abdd595/companion_results/companion_all_properties.tsv,120583,b5ffe06a0519d0ab30522abaaa027e598f6cf54745aab35dd04d97868512e240,companion_all_properties.tsv,omit-exact-duplicate-with-ledger,omitted-exact-same-name-and-content-evidence-copy,mlk_poly_tomsg_cleanroom/MSG01J_R2_T1_REACHABILITY_NONVACUITY_RUN1_af4c5abdd595/accepted_companion_result/companion_all_properties.tsv,experiments/poly-tomsg/MSG-T1-exact-fips-semantics/04-reachability-nonvacuity/02-insufficient-unwind-study/MSG01J_R2_T1_REACHABILITY_NONVACUITY_RUN1_af4c5abdd595/accepted_companion_result/companion_all_properties.tsv
mlk_poly_tomsg_cleanroom/MSG01J_R1_T1_REACHABILITY_NONVACUITY_RUN1_af4c5abdd595/companion_results/companion_cbmc_exit_code.txt,2,9a271f2a916b0b6ee6cecb2426f0b3206ef074578be55d9bc94f6f3fe3ab86aa,companion_cbmc_exit_code.txt,omit-exact-duplicate-with-ledger,omitted-exact-same-name-and-content-evidence-copy,mlk_poly_tomsg_cleanroom/MSG01J_R2_T1_REACHABILITY_NONVACUITY_RUN1_af4c5abdd595/accepted_companion_result/companion_cbmc_exit_code.txt,experiments/poly-tomsg/MSG-T1-exact-fips-semantics/04-reachability-nonvacuity/02-insufficient-unwind-study/MSG01J_R2_T1_REACHABILITY_NONVACUITY_RUN1_af4c5abdd595/accepted_companion_result/companion_cbmc_exit_code.txt
mlk_poly_tomsg_cleanroom/MSG01J_R1_T1_REACHABILITY_NONVACUITY_RUN1_af4c5abdd595/companion_results/companion_cbmc_result.json,623883,d78f0cbc052ded4bed75cec905c5321c2e0176b78316ce08ff4ff7c1acef249d,companion_cbmc_result.json,omit-exact-duplicate-with-ledger,omitted-exact-same-name-and-content-evidence-copy,mlk_poly_tomsg_cleanroom/MSG01J_R2_T1_REACHABILITY_NONVACUITY_RUN1_af4c5abdd595/accepted_companion_result/companion_cbmc_result.json,experiments/poly-tomsg/MSG-T1-exact-fips-semantics/04-reachability-nonvacuity/02-insufficient-unwind-study/MSG01J_R2_T1_REACHABILITY_NONVACUITY_RUN1_af4c5abdd595/accepted_companion_result/companion_cbmc_result.json
mlk_poly_tomsg_cleanroom/MSG01J_R1_T1_REACHABILITY_NONVACUITY_RUN1_af4c5abdd595/frozen_inputs/frozen_unwindset.txt,106,83bb3e4149c40c3e90af5b690337e183ce7e213d38fc75675b05dc92dce37652,frozen_unwindset.txt,omit-exact-duplicate-with-ledger,omitted-exact-same-name-and-content-evidence-copy,mlk_poly_tomsg_cleanroom/MSG01J_R3_T1_REACHABILITY_NONVACUITY_FINAL_af4c5abdd595/frozen_inputs/frozen_unwindset.txt,experiments/poly-tomsg/MSG-T1-exact-fips-semantics/04-reachability-nonvacuity/03-final-run/MSG01J_R3_T1_REACHABILITY_NONVACUITY_FINAL_af4c5abdd595/frozen_inputs/frozen_unwindset.txt
mlk_poly_tomsg_cleanroom/MSG01J_R1_T1_REACHABILITY_NONVACUITY_RUN1_af4c5abdd595/frozen_inputs/MSG01H_POSITIVE_EXECUTION_SUMMARY.txt,930,ce0cc6e8e477c0329ca74ad4f24a9d202d49faaab9222bb050e04a0161f07c64,MSG01H_POSITIVE_EXECUTION_SUMMARY.txt,omit-exact-duplicate-with-ledger,omitted-exact-same-name-and-content-evidence-copy,mlk_poly_tomsg_cleanroom/MSG01M_R2_T1_FINAL_EVIDENCE_CONSOLIDATION_af4c5abdd595/records/02_positive_proof/MSG01H_POSITIVE_EXECUTION_SUMMARY.txt,experiments/poly-tomsg/MSG-T1-exact-fips-semantics/06-final-evidence-consolidation/02-revision-2-final/MSG01M_R2_T1_FINAL_EVIDENCE_CONSOLIDATION_af4c5abdd595/records/02_positive_proof/MSG01H_POSITIVE_EXECUTION_SUMMARY.txt
mlk_poly_tomsg_cleanroom/MSG01J_R1_T1_REACHABILITY_NONVACUITY_RUN1_af4c5abdd595/frozen_inputs/MSG01I_R1_ARTIFACT_MANIFEST.sha256,5541,56ca9c6cbeb0e5b99a742302135d6bf5ed3d489b8ae206451e4614620d7a5e3e,MSG01I_R1_ARTIFACT_MANIFEST.sha256,omit-exact-duplicate-with-ledger,omitted-exact-same-name-and-content-evidence-copy,mlk_poly_tomsg_cleanroom/MSG01J_R3_T1_REACHABILITY_NONVACUITY_FINAL_af4c5abdd595/frozen_inputs/MSG01I_R1_ARTIFACT_MANIFEST.sha256,experiments/poly-tomsg/MSG-T1-exact-fips-semantics/04-reachability-nonvacuity/03-final-run/MSG01J_R3_T1_REACHABILITY_NONVACUITY_FINAL_af4c5abdd595/frozen_inputs/MSG01I_R1_ARTIFACT_MANIFEST.sha256
mlk_poly_tomsg_cleanroom/MSG01J_R1_T1_REACHABILITY_NONVACUITY_RUN1_af4c5abdd595/frozen_inputs/MSG01I_R1_ARTIFACT_MANIFEST.sha256.sha256,101,9484aeff7f1ad87df3662a68ce0d2a25d693e12df1a2289c654688f8f3be80cb,MSG01I_R1_ARTIFACT_MANIFEST.sha256.sha256,omit-exact-duplicate-with-ledger,omitted-exact-same-name-and-content-evidence-copy,mlk_poly_tomsg_cleanroom/MSG01J_R3_T1_REACHABILITY_NONVACUITY_FINAL_af4c5abdd595/frozen_inputs/MSG01I_R1_ARTIFACT_MANIFEST.sha256.sha256,experiments/poly-tomsg/MSG-T1-exact-fips-semantics/04-reachability-nonvacuity/03-final-run/MSG01J_R3_T1_REACHABILITY_NONVACUITY_FINAL_af4c5abdd595/frozen_inputs/MSG01I_R1_ARTIFACT_MANIFEST.sha256.sha256
mlk_poly_tomsg_cleanroom/MSG01J_R1_T1_REACHABILITY_NONVACUITY_RUN1_af4c5abdd595/frozen_inputs/MSG01I_R1_COVER_GOAL_MAP.md,545,0b56f1a4ea89f88380065d35969e596538af4a5f488954a9e4560a7e81af7d40,MSG01I_R1_COVER_GOAL_MAP.md,omit-exact-duplicate-with-ledger,omitted-exact-same-name-and-content-evidence-copy,mlk_poly_tomsg_cleanroom/MSG01J_R3_T1_REACHABILITY_NONVACUITY_FINAL_af4c5abdd595/frozen_inputs/MSG01I_R1_COVER_GOAL_MAP.md,experiments/poly-tomsg/MSG-T1-exact-fips-semantics/04-reachability-nonvacuity/03-final-run/MSG01J_R3_T1_REACHABILITY_NONVACUITY_FINAL_af4c5abdd595/frozen_inputs/MSG01I_R1_COVER_GOAL_MAP.md
mlk_poly_tomsg_cleanroom/MSG01J_R1_T1_REACHABILITY_NONVACUITY_RUN1_af4c5abdd595/frozen_inputs/MSG01I_R1_REACHABILITY_FAMILY_FREEZE_RECORD.md,868,686179cf918af1a5b0e4c82e43a006abf8c73d080ff2d7a3232ded11a7f6d750,MSG01I_R1_REACHABILITY_FAMILY_FREEZE_RECORD.md,omit-exact-duplicate-with-ledger,omitted-exact-same-name-and-content-evidence-copy,mlk_poly_tomsg_cleanroom/MSG01J_R3_T1_REACHABILITY_NONVACUITY_FINAL_af4c5abdd595/frozen_inputs/MSG01I_R1_REACHABILITY_FAMILY_FREEZE_RECORD.md,experiments/poly-tomsg/MSG-T1-exact-fips-semantics/04-reachability-nonvacuity/03-final-run/MSG01J_R3_T1_REACHABILITY_NONVACUITY_FINAL_af4c5abdd595/frozen_inputs/MSG01I_R1_REACHABILITY_FAMILY_FREEZE_RECORD.md
mlk_poly_tomsg_cleanroom/MSG01J_R1_T1_REACHABILITY_NONVACUITY_RUN1_af4c5abdd595/frozen_inputs/MSG01I_R1_REACHABILITY_PREFLIGHT_SUMMARY.txt,1188,32604db15bddbe3ce2ccc6d3611308980f688e00ad32d8bc89295f8ab2e9cf55,MSG01I_R1_REACHABILITY_PREFLIGHT_SUMMARY.txt,omit-exact-duplicate-with-ledger,omitted-exact-same-name-and-content-evidence-copy,mlk_poly_tomsg_cleanroom/MSG01J_R3_T1_REACHABILITY_NONVACUITY_FINAL_af4c5abdd595/frozen_inputs/MSG01I_R1_REACHABILITY_PREFLIGHT_SUMMARY.txt,experiments/poly-tomsg/MSG-T1-exact-fips-semantics/04-reachability-nonvacuity/03-final-run/MSG01J_R3_T1_REACHABILITY_NONVACUITY_FINAL_af4c5abdd595/frozen_inputs/MSG01I_R1_REACHABILITY_PREFLIGHT_SUMMARY.txt
mlk_poly_tomsg_cleanroom/MSG01J_R1_T1_REACHABILITY_NONVACUITY_RUN1_af4c5abdd595/provenance/failed_MSG01J_terminal_capture.txt,6044,3f906345be5c3c96429031142ffa12ecfdc78a7b544a836d7d15a48ecd00dedf,failed_MSG01J_terminal_capture.txt,omit-exact-duplicate-with-ledger,omitted-exact-same-name-and-content-evidence-copy,mlk_poly_tomsg_cleanroom/MSG01J_R2_T1_REACHABILITY_NONVACUITY_RUN1_af4c5abdd595/provenance/failed_MSG01J_terminal_capture.txt,experiments/poly-tomsg/MSG-T1-exact-fips-semantics/04-reachability-nonvacuity/02-insufficient-unwind-study/MSG01J_R2_T1_REACHABILITY_NONVACUITY_RUN1_af4c5abdd595/provenance/failed_MSG01J_terminal_capture.txt
mlk_poly_tomsg_cleanroom/MSG01J_R2_T1_REACHABILITY_NONVACUITY_RUN1_af4c5abdd595/frozen_inputs/frozen_unwindset.txt,106,83bb3e4149c40c3e90af5b690337e183ce7e213d38fc75675b05dc92dce37652,frozen_unwindset.txt,omit-exact-duplicate-with-ledger,omitted-exact-same-name-and-content-evidence-copy,mlk_poly_tomsg_cleanroom/MSG01J_R3_T1_REACHABILITY_NONVACUITY_FINAL_af4c5abdd595/frozen_inputs/frozen_unwindset.txt,experiments/poly-tomsg/MSG-T1-exact-fips-semantics/04-reachability-nonvacuity/03-final-run/MSG01J_R3_T1_REACHABILITY_NONVACUITY_FINAL_af4c5abdd595/frozen_inputs/frozen_unwindset.txt
mlk_poly_tomsg_cleanroom/MSG01J_R2_T1_REACHABILITY_NONVACUITY_RUN1_af4c5abdd595/frozen_inputs/MSG01H_POSITIVE_EXECUTION_SUMMARY.txt,930,ce0cc6e8e477c0329ca74ad4f24a9d202d49faaab9222bb050e04a0161f07c64,MSG01H_POSITIVE_EXECUTION_SUMMARY.txt,omit-exact-duplicate-with-ledger,omitted-exact-same-name-and-content-evidence-copy,mlk_poly_tomsg_cleanroom/MSG01M_R2_T1_FINAL_EVIDENCE_CONSOLIDATION_af4c5abdd595/records/02_positive_proof/MSG01H_POSITIVE_EXECUTION_SUMMARY.txt,experiments/poly-tomsg/MSG-T1-exact-fips-semantics/06-final-evidence-consolidation/02-revision-2-final/MSG01M_R2_T1_FINAL_EVIDENCE_CONSOLIDATION_af4c5abdd595/records/02_positive_proof/MSG01H_POSITIVE_EXECUTION_SUMMARY.txt
mlk_poly_tomsg_cleanroom/MSG01J_R2_T1_REACHABILITY_NONVACUITY_RUN1_af4c5abdd595/frozen_inputs/MSG01I_R1_ARTIFACT_MANIFEST.sha256,5541,56ca9c6cbeb0e5b99a742302135d6bf5ed3d489b8ae206451e4614620d7a5e3e,MSG01I_R1_ARTIFACT_MANIFEST.sha256,omit-exact-duplicate-with-ledger,omitted-exact-same-name-and-content-evidence-copy,mlk_poly_tomsg_cleanroom/MSG01J_R3_T1_REACHABILITY_NONVACUITY_FINAL_af4c5abdd595/frozen_inputs/MSG01I_R1_ARTIFACT_MANIFEST.sha256,experiments/poly-tomsg/MSG-T1-exact-fips-semantics/04-reachability-nonvacuity/03-final-run/MSG01J_R3_T1_REACHABILITY_NONVACUITY_FINAL_af4c5abdd595/frozen_inputs/MSG01I_R1_ARTIFACT_MANIFEST.sha256
mlk_poly_tomsg_cleanroom/MSG01J_R2_T1_REACHABILITY_NONVACUITY_RUN1_af4c5abdd595/frozen_inputs/MSG01I_R1_ARTIFACT_MANIFEST.sha256.sha256,101,9484aeff7f1ad87df3662a68ce0d2a25d693e12df1a2289c654688f8f3be80cb,MSG01I_R1_ARTIFACT_MANIFEST.sha256.sha256,omit-exact-duplicate-with-ledger,omitted-exact-same-name-and-content-evidence-copy,mlk_poly_tomsg_cleanroom/MSG01J_R3_T1_REACHABILITY_NONVACUITY_FINAL_af4c5abdd595/frozen_inputs/MSG01I_R1_ARTIFACT_MANIFEST.sha256.sha256,experiments/poly-tomsg/MSG-T1-exact-fips-semantics/04-reachability-nonvacuity/03-final-run/MSG01J_R3_T1_REACHABILITY_NONVACUITY_FINAL_af4c5abdd595/frozen_inputs/MSG01I_R1_ARTIFACT_MANIFEST.sha256.sha256
mlk_poly_tomsg_cleanroom/MSG01J_R2_T1_REACHABILITY_NONVACUITY_RUN1_af4c5abdd595/frozen_inputs/MSG01I_R1_COVER_GOAL_MAP.md,545,0b56f1a4ea89f88380065d35969e596538af4a5f488954a9e4560a7e81af7d40,MSG01I_R1_COVER_GOAL_MAP.md,omit-exact-duplicate-with-ledger,omitted-exact-same-name-and-content-evidence-copy,mlk_poly_tomsg_cleanroom/MSG01J_R3_T1_REACHABILITY_NONVACUITY_FINAL_af4c5abdd595/frozen_inputs/MSG01I_R1_COVER_GOAL_MAP.md,experiments/poly-tomsg/MSG-T1-exact-fips-semantics/04-reachability-nonvacuity/03-final-run/MSG01J_R3_T1_REACHABILITY_NONVACUITY_FINAL_af4c5abdd595/frozen_inputs/MSG01I_R1_COVER_GOAL_MAP.md
mlk_poly_tomsg_cleanroom/MSG01J_R2_T1_REACHABILITY_NONVACUITY_RUN1_af4c5abdd595/frozen_inputs/MSG01I_R1_REACHABILITY_FAMILY_FREEZE_RECORD.md,868,686179cf918af1a5b0e4c82e43a006abf8c73d080ff2d7a3232ded11a7f6d750,MSG01I_R1_REACHABILITY_FAMILY_FREEZE_RECORD.md,omit-exact-duplicate-with-ledger,omitted-exact-same-name-and-content-evidence-copy,mlk_poly_tomsg_cleanroom/MSG01J_R3_T1_REACHABILITY_NONVACUITY_FINAL_af4c5abdd595/frozen_inputs/MSG01I_R1_REACHABILITY_FAMILY_FREEZE_RECORD.md,experiments/poly-tomsg/MSG-T1-exact-fips-semantics/04-reachability-nonvacuity/03-final-run/MSG01J_R3_T1_REACHABILITY_NONVACUITY_FINAL_af4c5abdd595/frozen_inputs/MSG01I_R1_REACHABILITY_FAMILY_FREEZE_RECORD.md
mlk_poly_tomsg_cleanroom/MSG01J_R2_T1_REACHABILITY_NONVACUITY_RUN1_af4c5abdd595/frozen_inputs/MSG01I_R1_REACHABILITY_PREFLIGHT_SUMMARY.txt,1188,32604db15bddbe3ce2ccc6d3611308980f688e00ad32d8bc89295f8ab2e9cf55,MSG01I_R1_REACHABILITY_PREFLIGHT_SUMMARY.txt,omit-exact-duplicate-with-ledger,omitted-exact-same-name-and-content-evidence-copy,mlk_poly_tomsg_cleanroom/MSG01J_R3_T1_REACHABILITY_NONVACUITY_FINAL_af4c5abdd595/frozen_inputs/MSG01I_R1_REACHABILITY_PREFLIGHT_SUMMARY.txt,experiments/poly-tomsg/MSG-T1-exact-fips-semantics/04-reachability-nonvacuity/03-final-run/MSG01J_R3_T1_REACHABILITY_NONVACUITY_FINAL_af4c5abdd595/frozen_inputs/MSG01I_R1_REACHABILITY_PREFLIGHT_SUMMARY.txt
mlk_poly_tomsg_cleanroom/MSG01J_R2_T1_REACHABILITY_NONVACUITY_RUN1_af4c5abdd595/insufficient_unwind_controls/U1_MAIN_ASSUMPTION_LOOP/exit_code.txt,3,917df3320d778ddbaa5c5c7742bc4046bf803c36ed2b050f30844ed206783469,exit_code.txt,omit-exact-duplicate-with-ledger,omitted-exact-same-name-and-content-evidence-copy,mlk_poly_tomsg_cleanroom/MSG01J_R3_T1_REACHABILITY_NONVACUITY_FINAL_af4c5abdd595/new_controls/U4_TARGET_INNER_LOOP/exit_code.txt,experiments/poly-tomsg/MSG-T1-exact-fips-semantics/04-reachability-nonvacuity/03-final-run/MSG01J_R3_T1_REACHABILITY_NONVACUITY_FINAL_af4c5abdd595/new_controls/U4_TARGET_INNER_LOOP/exit_code.txt
mlk_poly_tomsg_cleanroom/MSG01J_R2_T1_REACHABILITY_NONVACUITY_RUN1_af4c5abdd595/insufficient_unwind_controls/U1_MAIN_ASSUMPTION_LOOP/parsed_summary.txt,506,4d4dc630fb98dd5db5519e9e7f4111c6368b3f5a30fbf01e15a1b6b3ad921958,parsed_summary.txt,omit-exact-duplicate-with-ledger,omitted-exact-same-name-and-content-evidence-copy,mlk_poly_tomsg_cleanroom/MSG01J_R3_T1_REACHABILITY_NONVACUITY_FINAL_af4c5abdd595/reused_controls/U1_MAIN_ASSUMPTION_LOOP/parsed_summary.txt,experiments/poly-tomsg/MSG-T1-exact-fips-semantics/04-reachability-nonvacuity/03-final-run/MSG01J_R3_T1_REACHABILITY_NONVACUITY_FINAL_af4c5abdd595/reused_controls/U1_MAIN_ASSUMPTION_LOOP/parsed_summary.txt
mlk_poly_tomsg_cleanroom/MSG01J_R2_T1_REACHABILITY_NONVACUITY_RUN1_af4c5abdd595/insufficient_unwind_controls/U1_MAIN_ASSUMPTION_LOOP/result.json,632762,29b6861a0fb7739f4c843172c0943deec53fe6cf3aed9c8aebecf7b1d73e4dc3,result.json,omit-exact-duplicate-with-ledger,omitted-exact-same-name-and-content-evidence-copy,mlk_poly_tomsg_cleanroom/MSG01J_R3_T1_REACHABILITY_NONVACUITY_FINAL_af4c5abdd595/reused_controls/U1_MAIN_ASSUMPTION_LOOP/result.json,experiments/poly-tomsg/MSG-T1-exact-fips-semantics/04-reachability-nonvacuity/03-final-run/MSG01J_R3_T1_REACHABILITY_NONVACUITY_FINAL_af4c5abdd595/reused_controls/U1_MAIN_ASSUMPTION_LOOP/result.json
mlk_poly_tomsg_cleanroom/MSG01J_R2_T1_REACHABILITY_NONVACUITY_RUN1_af4c5abdd595/insufficient_unwind_controls/U2_MAIN_ASSERTION_LOOP/exit_code.txt,3,917df3320d778ddbaa5c5c7742bc4046bf803c36ed2b050f30844ed206783469,exit_code.txt,omit-exact-duplicate-with-ledger,omitted-exact-same-name-and-content-evidence-copy,mlk_poly_tomsg_cleanroom/MSG01J_R3_T1_REACHABILITY_NONVACUITY_FINAL_af4c5abdd595/new_controls/U4_TARGET_INNER_LOOP/exit_code.txt,experiments/poly-tomsg/MSG-T1-exact-fips-semantics/04-reachability-nonvacuity/03-final-run/MSG01J_R3_T1_REACHABILITY_NONVACUITY_FINAL_af4c5abdd595/new_controls/U4_TARGET_INNER_LOOP/exit_code.txt
mlk_poly_tomsg_cleanroom/MSG01J_R2_T1_REACHABILITY_NONVACUITY_RUN1_af4c5abdd595/insufficient_unwind_controls/U2_MAIN_ASSERTION_LOOP/parsed_summary.txt,505,06338ea6080d069f8a0232d65378132c2a4374811add61bc272d9da7eddc1e7a,parsed_summary.txt,omit-exact-duplicate-with-ledger,omitted-exact-same-name-and-content-evidence-copy,mlk_poly_tomsg_cleanroom/MSG01J_R3_T1_REACHABILITY_NONVACUITY_FINAL_af4c5abdd595/reused_controls/U2_MAIN_ASSERTION_LOOP/parsed_summary.txt,experiments/poly-tomsg/MSG-T1-exact-fips-semantics/04-reachability-nonvacuity/03-final-run/MSG01J_R3_T1_REACHABILITY_NONVACUITY_FINAL_af4c5abdd595/reused_controls/U2_MAIN_ASSERTION_LOOP/parsed_summary.txt
mlk_poly_tomsg_cleanroom/MSG01J_R2_T1_REACHABILITY_NONVACUITY_RUN1_af4c5abdd595/insufficient_unwind_controls/U2_MAIN_ASSERTION_LOOP/result.json,4188688,ff715a91c2f4a1e0719c0df348b27e6da0a4d55bdfca233eb82ff0783f654144,result.json,omit-exact-duplicate-with-ledger,omitted-exact-same-name-and-content-evidence-copy,mlk_poly_tomsg_cleanroom/MSG01J_R3_T1_REACHABILITY_NONVACUITY_FINAL_af4c5abdd595/reused_controls/U2_MAIN_ASSERTION_LOOP/result.json,experiments/poly-tomsg/MSG-T1-exact-fips-semantics/04-reachability-nonvacuity/03-final-run/MSG01J_R3_T1_REACHABILITY_NONVACUITY_FINAL_af4c5abdd595/reused_controls/U2_MAIN_ASSERTION_LOOP/result.json
mlk_poly_tomsg_cleanroom/MSG01J_R2_T1_REACHABILITY_NONVACUITY_RUN1_af4c5abdd595/insufficient_unwind_controls/U3_TARGET_LOOP_0/exit_code.txt,2,9a271f2a916b0b6ee6cecb2426f0b3206ef074578be55d9bc94f6f3fe3ab86aa,exit_code.txt,omit-exact-duplicate-with-ledger,omitted-exact-same-name-and-content-evidence-copy,mlk_poly_tomsg_cleanroom/MSG01J_R3_T1_REACHABILITY_NONVACUITY_FINAL_af4c5abdd595/reused_controls/U3_TARGET_LOOP_0_BOUND1_SUFFICIENT/exit_code.txt,experiments/poly-tomsg/MSG-T1-exact-fips-semantics/04-reachability-nonvacuity/03-final-run/MSG01J_R3_T1_REACHABILITY_NONVACUITY_FINAL_af4c5abdd595/reused_controls/U3_TARGET_LOOP_0_BOUND1_SUFFICIENT/exit_code.txt
mlk_poly_tomsg_cleanroom/MSG01J_R2_T1_REACHABILITY_NONVACUITY_RUN1_af4c5abdd595/insufficient_unwind_controls/U3_TARGET_LOOP_0/parsed_summary.txt,151,5e1a753524e674343eed99e8d483bd06d69b89c672a66b4d1cf7de32fa93b6e3,parsed_summary.txt,omit-exact-duplicate-with-ledger,omitted-exact-same-name-and-content-evidence-copy,mlk_poly_tomsg_cleanroom/MSG01J_R3_T1_REACHABILITY_NONVACUITY_FINAL_af4c5abdd595/reused_controls/U3_TARGET_LOOP_0_BOUND1_SUFFICIENT/parsed_summary.txt,experiments/poly-tomsg/MSG-T1-exact-fips-semantics/04-reachability-nonvacuity/03-final-run/MSG01J_R3_T1_REACHABILITY_NONVACUITY_FINAL_af4c5abdd595/reused_controls/U3_TARGET_LOOP_0_BOUND1_SUFFICIENT/parsed_summary.txt
mlk_poly_tomsg_cleanroom/MSG01J_R2_T1_REACHABILITY_NONVACUITY_RUN1_af4c5abdd595/insufficient_unwind_controls/U3_TARGET_LOOP_0/result.json,623883,d78f0cbc052ded4bed75cec905c5321c2e0176b78316ce08ff4ff7c1acef249d,result.json,omit-exact-duplicate-with-ledger,omitted-exact-same-name-and-content-evidence-copy,mlk_poly_tomsg_cleanroom/MSG01J_R3_T1_REACHABILITY_NONVACUITY_FINAL_af4c5abdd595/reused_controls/U3_TARGET_LOOP_0_BOUND1_SUFFICIENT/result.json,experiments/poly-tomsg/MSG-T1-exact-fips-semantics/04-reachability-nonvacuity/03-final-run/MSG01J_R3_T1_REACHABILITY_NONVACUITY_FINAL_af4c5abdd595/reused_controls/U3_TARGET_LOOP_0_BOUND1_SUFFICIENT/result.json
mlk_poly_tomsg_cleanroom/MSG01J_R2_T1_REACHABILITY_NONVACUITY_RUN1_af4c5abdd595/support/parse_unwind_expected_failure.py,2901,057d261390942e9d928928bbeba4d2b346b354bf0e6738774b37b1bca7544fd2,parse_unwind_expected_failure.py,omit-exact-duplicate-with-ledger,omitted-exact-same-name-and-content-evidence-copy,mlk_poly_tomsg_cleanroom/MSG01J_R3_T1_REACHABILITY_NONVACUITY_FINAL_af4c5abdd595/support/parse_unwind_expected_failure.py,experiments/poly-tomsg/MSG-T1-exact-fips-semantics/04-reachability-nonvacuity/03-final-run/MSG01J_R3_T1_REACHABILITY_NONVACUITY_FINAL_af4c5abdd595/support/parse_unwind_expected_failure.py
mlk_poly_tomsg_cleanroom/MSG01J_R3_T1_REACHABILITY_NONVACUITY_FINAL_af4c5abdd595/coverage/original_model_coverage_parsed_summary.txt,120,29d8ddf25ba9b1050c12495c9126885f9d7d846a71e5278a448639dddfb2d06c,original_model_coverage_parsed_summary.txt,omit-exact-duplicate-with-ledger,omitted-exact-same-name-and-content-evidence-copy,mlk_poly_tomsg_cleanroom/MSG01M_R2_T1_FINAL_EVIDENCE_CONSOLIDATION_af4c5abdd595/records/03_nonvacuity/original_model_coverage_parsed_summary.txt,experiments/poly-tomsg/MSG-T1-exact-fips-semantics/06-final-evidence-consolidation/02-revision-2-final/MSG01M_R2_T1_FINAL_EVIDENCE_CONSOLIDATION_af4c5abdd595/records/03_nonvacuity/original_model_coverage_parsed_summary.txt
mlk_poly_tomsg_cleanroom/MSG01J_R3_T1_REACHABILITY_NONVACUITY_FINAL_af4c5abdd595/frozen_inputs/MSG01H_POSITIVE_EXECUTION_SUMMARY.txt,930,ce0cc6e8e477c0329ca74ad4f24a9d202d49faaab9222bb050e04a0161f07c64,MSG01H_POSITIVE_EXECUTION_SUMMARY.txt,omit-exact-duplicate-with-ledger,omitted-exact-same-name-and-content-evidence-copy,mlk_poly_tomsg_cleanroom/MSG01M_R2_T1_FINAL_EVIDENCE_CONSOLIDATION_af4c5abdd595/records/02_positive_proof/MSG01H_POSITIVE_EXECUTION_SUMMARY.txt,experiments/poly-tomsg/MSG-T1-exact-fips-semantics/06-final-evidence-consolidation/02-revision-2-final/MSG01M_R2_T1_FINAL_EVIDENCE_CONSOLIDATION_af4c5abdd595/records/02_positive_proof/MSG01H_POSITIVE_EXECUTION_SUMMARY.txt
mlk_poly_tomsg_cleanroom/MSG01J_R3_T1_REACHABILITY_NONVACUITY_FINAL_af4c5abdd595/inspection/accepted_companion_audit.txt,213,c44ff6642a14f8622f2792c86eef3b301ddff424f82a3ede20740d476fa5288e,accepted_companion_audit.txt,omit-exact-duplicate-with-ledger,omitted-exact-same-name-and-content-evidence-copy,mlk_poly_tomsg_cleanroom/MSG01M_R2_T1_FINAL_EVIDENCE_CONSOLIDATION_af4c5abdd595/records/03_nonvacuity/accepted_companion_audit.txt,experiments/poly-tomsg/MSG-T1-exact-fips-semantics/06-final-evidence-consolidation/02-revision-2-final/MSG01M_R2_T1_FINAL_EVIDENCE_CONSOLIDATION_af4c5abdd595/records/03_nonvacuity/accepted_companion_audit.txt
mlk_poly_tomsg_cleanroom/MSG01J_R3_T1_REACHABILITY_NONVACUITY_FINAL_af4c5abdd595/MSG01J_R3_ARTIFACT_MANIFEST.sha256,5533,f8c0618edb8859eedde71e4ef0daec3d4129938459cdbd660c2de7ca646d4332,MSG01J_R3_ARTIFACT_MANIFEST.sha256,omit-exact-duplicate-with-ledger,omitted-exact-same-name-and-content-evidence-copy,mlk_poly_tomsg_cleanroom/MSG01M_R2_T1_FINAL_EVIDENCE_CONSOLIDATION_af4c5abdd595/source_manifests/MSG01J_R3_ARTIFACT_MANIFEST.sha256,experiments/poly-tomsg/MSG-T1-exact-fips-semantics/06-final-evidence-consolidation/02-revision-2-final/MSG01M_R2_T1_FINAL_EVIDENCE_CONSOLIDATION_af4c5abdd595/source_manifests/MSG01J_R3_ARTIFACT_MANIFEST.sha256
mlk_poly_tomsg_cleanroom/MSG01J_R3_T1_REACHABILITY_NONVACUITY_FINAL_af4c5abdd595/MSG01J_R3_ARTIFACT_MANIFEST.sha256.sha256,101,15db5754f8f4124bb31f3022676d98e257661c81c6538890ad8ba58f4eacaa8e,MSG01J_R3_ARTIFACT_MANIFEST.sha256.sha256,omit-exact-duplicate-with-ledger,omitted-exact-same-name-and-content-evidence-copy,mlk_poly_tomsg_cleanroom/MSG01M_R2_T1_FINAL_EVIDENCE_CONSOLIDATION_af4c5abdd595/source_manifests/MSG01J_R3_ARTIFACT_MANIFEST.sha256.sha256,experiments/poly-tomsg/MSG-T1-exact-fips-semantics/06-final-evidence-consolidation/02-revision-2-final/MSG01M_R2_T1_FINAL_EVIDENCE_CONSOLIDATION_af4c5abdd595/source_manifests/MSG01J_R3_ARTIFACT_MANIFEST.sha256.sha256
mlk_poly_tomsg_cleanroom/MSG01J_R3_T1_REACHABILITY_NONVACUITY_FINAL_af4c5abdd595/MSG01J_R3_REACHABILITY_RESULT.md,1231,a696edec360a189a40668032146e3299c30b475bd5b640c3004cd347cf0c180d,MSG01J_R3_REACHABILITY_RESULT.md,omit-exact-duplicate-with-ledger,omitted-exact-same-name-and-content-evidence-copy,mlk_poly_tomsg_cleanroom/MSG01M_R2_T1_FINAL_EVIDENCE_CONSOLIDATION_af4c5abdd595/records/03_nonvacuity/MSG01J_R3_REACHABILITY_RESULT.md,experiments/poly-tomsg/MSG-T1-exact-fips-semantics/06-final-evidence-consolidation/02-revision-2-final/MSG01M_R2_T1_FINAL_EVIDENCE_CONSOLIDATION_af4c5abdd595/records/03_nonvacuity/MSG01J_R3_REACHABILITY_RESULT.md
mlk_poly_tomsg_cleanroom/MSG01J_R3_T1_REACHABILITY_NONVACUITY_FINAL_af4c5abdd595/MSG01J_R3_REACHABILITY_SUMMARY.txt,1319,f9915e3452b7ea07b332c368e3a03a0f36c50315810879302785779efc365822,MSG01J_R3_REACHABILITY_SUMMARY.txt,omit-exact-duplicate-with-ledger,omitted-exact-same-name-and-content-evidence-copy,mlk_poly_tomsg_cleanroom/MSG01M_R2_T1_FINAL_EVIDENCE_CONSOLIDATION_af4c5abdd595/records/03_nonvacuity/MSG01J_R3_REACHABILITY_SUMMARY.txt,experiments/poly-tomsg/MSG-T1-exact-fips-semantics/06-final-evidence-consolidation/02-revision-2-final/MSG01M_R2_T1_FINAL_EVIDENCE_CONSOLIDATION_af4c5abdd595/records/03_nonvacuity/MSG01J_R3_REACHABILITY_SUMMARY.txt
mlk_poly_tomsg_cleanroom/MSG01J_R3_T1_REACHABILITY_NONVACUITY_FINAL_af4c5abdd595/new_controls/final_unwind_control_matrix.tsv,378,718b8d05f22dff373953ffef65697e8a22ced2453df4d030451c7b065d0aacc8,final_unwind_control_matrix.tsv,omit-exact-duplicate-with-ledger,omitted-exact-same-name-and-content-evidence-copy,mlk_poly_tomsg_cleanroom/MSG01M_R2_T1_FINAL_EVIDENCE_CONSOLIDATION_af4c5abdd595/records/03_nonvacuity/final_unwind_control_matrix.tsv,experiments/poly-tomsg/MSG-T1-exact-fips-semantics/06-final-evidence-consolidation/02-revision-2-final/MSG01M_R2_T1_FINAL_EVIDENCE_CONSOLIDATION_af4c5abdd595/records/03_nonvacuity/final_unwind_control_matrix.tsv
mlk_poly_tomsg_cleanroom/MSG01J_R3_T1_REACHABILITY_NONVACUITY_FINAL_af4c5abdd595/new_controls/final_unwind_control_summary.txt,244,2fd388f41529eb3aec0b167f68b12654f3dbf3e151a5150d2f3d090c1ea74a78,final_unwind_control_summary.txt,omit-exact-duplicate-with-ledger,omitted-exact-same-name-and-content-evidence-copy,mlk_poly_tomsg_cleanroom/MSG01M_R2_T1_FINAL_EVIDENCE_CONSOLIDATION_af4c5abdd595/records/03_nonvacuity/final_unwind_control_summary.txt,experiments/poly-tomsg/MSG-T1-exact-fips-semantics/06-final-evidence-consolidation/02-revision-2-final/MSG01M_R2_T1_FINAL_EVIDENCE_CONSOLIDATION_af4c5abdd595/records/03_nonvacuity/final_unwind_control_summary.txt
mlk_poly_tomsg_cleanroom/MSG01J_R3_T1_REACHABILITY_NONVACUITY_FINAL_af4c5abdd595/new_controls/U5_TARGET_OUTER_LOOP/exit_code.txt,3,917df3320d778ddbaa5c5c7742bc4046bf803c36ed2b050f30844ed206783469,exit_code.txt,omit-exact-duplicate-with-ledger,omitted-exact-same-name-and-content-evidence-copy,mlk_poly_tomsg_cleanroom/MSG01J_R3_T1_REACHABILITY_NONVACUITY_FINAL_af4c5abdd595/new_controls/U4_TARGET_INNER_LOOP/exit_code.txt,experiments/poly-tomsg/MSG-T1-exact-fips-semantics/04-reachability-nonvacuity/03-final-run/MSG01J_R3_T1_REACHABILITY_NONVACUITY_FINAL_af4c5abdd595/new_controls/U4_TARGET_INNER_LOOP/exit_code.txt
mlk_poly_tomsg_cleanroom/MSG01J_R3_T1_REACHABILITY_NONVACUITY_FINAL_af4c5abdd595/reused_controls/U1_MAIN_ASSUMPTION_LOOP/exit_code.txt,3,917df3320d778ddbaa5c5c7742bc4046bf803c36ed2b050f30844ed206783469,exit_code.txt,omit-exact-duplicate-with-ledger,omitted-exact-same-name-and-content-evidence-copy,mlk_poly_tomsg_cleanroom/MSG01J_R3_T1_REACHABILITY_NONVACUITY_FINAL_af4c5abdd595/new_controls/U4_TARGET_INNER_LOOP/exit_code.txt,experiments/poly-tomsg/MSG-T1-exact-fips-semantics/04-reachability-nonvacuity/03-final-run/MSG01J_R3_T1_REACHABILITY_NONVACUITY_FINAL_af4c5abdd595/new_controls/U4_TARGET_INNER_LOOP/exit_code.txt
mlk_poly_tomsg_cleanroom/MSG01J_R3_T1_REACHABILITY_NONVACUITY_FINAL_af4c5abdd595/reused_controls/U2_MAIN_ASSERTION_LOOP/exit_code.txt,3,917df3320d778ddbaa5c5c7742bc4046bf803c36ed2b050f30844ed206783469,exit_code.txt,omit-exact-duplicate-with-ledger,omitted-exact-same-name-and-content-evidence-copy,mlk_poly_tomsg_cleanroom/MSG01J_R3_T1_REACHABILITY_NONVACUITY_FINAL_af4c5abdd595/new_controls/U4_TARGET_INNER_LOOP/exit_code.txt,experiments/poly-tomsg/MSG-T1-exact-fips-semantics/04-reachability-nonvacuity/03-final-run/MSG01J_R3_T1_REACHABILITY_NONVACUITY_FINAL_af4c5abdd595/new_controls/U4_TARGET_INNER_LOOP/exit_code.txt
mlk_poly_tomsg_cleanroom/MSG01J_T1_REACHABILITY_NONVACUITY_RUN1_af4c5abdd595/frozen_inputs/frozen_unwindset.txt,106,83bb3e4149c40c3e90af5b690337e183ce7e213d38fc75675b05dc92dce37652,frozen_unwindset.txt,omit-exact-duplicate-with-ledger,omitted-exact-same-name-and-content-evidence-copy,mlk_poly_tomsg_cleanroom/MSG01J_R3_T1_REACHABILITY_NONVACUITY_FINAL_af4c5abdd595/frozen_inputs/frozen_unwindset.txt,experiments/poly-tomsg/MSG-T1-exact-fips-semantics/04-reachability-nonvacuity/03-final-run/MSG01J_R3_T1_REACHABILITY_NONVACUITY_FINAL_af4c5abdd595/frozen_inputs/frozen_unwindset.txt
mlk_poly_tomsg_cleanroom/MSG01J_T1_REACHABILITY_NONVACUITY_RUN1_af4c5abdd595/frozen_inputs/MSG01H_POSITIVE_EXECUTION_SUMMARY.txt,930,ce0cc6e8e477c0329ca74ad4f24a9d202d49faaab9222bb050e04a0161f07c64,MSG01H_POSITIVE_EXECUTION_SUMMARY.txt,omit-exact-duplicate-with-ledger,omitted-exact-same-name-and-content-evidence-copy,mlk_poly_tomsg_cleanroom/MSG01M_R2_T1_FINAL_EVIDENCE_CONSOLIDATION_af4c5abdd595/records/02_positive_proof/MSG01H_POSITIVE_EXECUTION_SUMMARY.txt,experiments/poly-tomsg/MSG-T1-exact-fips-semantics/06-final-evidence-consolidation/02-revision-2-final/MSG01M_R2_T1_FINAL_EVIDENCE_CONSOLIDATION_af4c5abdd595/records/02_positive_proof/MSG01H_POSITIVE_EXECUTION_SUMMARY.txt
mlk_poly_tomsg_cleanroom/MSG01J_T1_REACHABILITY_NONVACUITY_RUN1_af4c5abdd595/frozen_inputs/MSG01I_R1_ARTIFACT_MANIFEST.sha256,5541,56ca9c6cbeb0e5b99a742302135d6bf5ed3d489b8ae206451e4614620d7a5e3e,MSG01I_R1_ARTIFACT_MANIFEST.sha256,omit-exact-duplicate-with-ledger,omitted-exact-same-name-and-content-evidence-copy,mlk_poly_tomsg_cleanroom/MSG01J_R3_T1_REACHABILITY_NONVACUITY_FINAL_af4c5abdd595/frozen_inputs/MSG01I_R1_ARTIFACT_MANIFEST.sha256,experiments/poly-tomsg/MSG-T1-exact-fips-semantics/04-reachability-nonvacuity/03-final-run/MSG01J_R3_T1_REACHABILITY_NONVACUITY_FINAL_af4c5abdd595/frozen_inputs/MSG01I_R1_ARTIFACT_MANIFEST.sha256
mlk_poly_tomsg_cleanroom/MSG01J_T1_REACHABILITY_NONVACUITY_RUN1_af4c5abdd595/frozen_inputs/MSG01I_R1_ARTIFACT_MANIFEST.sha256.sha256,101,9484aeff7f1ad87df3662a68ce0d2a25d693e12df1a2289c654688f8f3be80cb,MSG01I_R1_ARTIFACT_MANIFEST.sha256.sha256,omit-exact-duplicate-with-ledger,omitted-exact-same-name-and-content-evidence-copy,mlk_poly_tomsg_cleanroom/MSG01J_R3_T1_REACHABILITY_NONVACUITY_FINAL_af4c5abdd595/frozen_inputs/MSG01I_R1_ARTIFACT_MANIFEST.sha256.sha256,experiments/poly-tomsg/MSG-T1-exact-fips-semantics/04-reachability-nonvacuity/03-final-run/MSG01J_R3_T1_REACHABILITY_NONVACUITY_FINAL_af4c5abdd595/frozen_inputs/MSG01I_R1_ARTIFACT_MANIFEST.sha256.sha256
mlk_poly_tomsg_cleanroom/MSG01J_T1_REACHABILITY_NONVACUITY_RUN1_af4c5abdd595/frozen_inputs/MSG01I_R1_COVER_GOAL_MAP.md,545,0b56f1a4ea89f88380065d35969e596538af4a5f488954a9e4560a7e81af7d40,MSG01I_R1_COVER_GOAL_MAP.md,omit-exact-duplicate-with-ledger,omitted-exact-same-name-and-content-evidence-copy,mlk_poly_tomsg_cleanroom/MSG01J_R3_T1_REACHABILITY_NONVACUITY_FINAL_af4c5abdd595/frozen_inputs/MSG01I_R1_COVER_GOAL_MAP.md,experiments/poly-tomsg/MSG-T1-exact-fips-semantics/04-reachability-nonvacuity/03-final-run/MSG01J_R3_T1_REACHABILITY_NONVACUITY_FINAL_af4c5abdd595/frozen_inputs/MSG01I_R1_COVER_GOAL_MAP.md
mlk_poly_tomsg_cleanroom/MSG01J_T1_REACHABILITY_NONVACUITY_RUN1_af4c5abdd595/frozen_inputs/MSG01I_R1_REACHABILITY_FAMILY_FREEZE_RECORD.md,868,686179cf918af1a5b0e4c82e43a006abf8c73d080ff2d7a3232ded11a7f6d750,MSG01I_R1_REACHABILITY_FAMILY_FREEZE_RECORD.md,omit-exact-duplicate-with-ledger,omitted-exact-same-name-and-content-evidence-copy,mlk_poly_tomsg_cleanroom/MSG01J_R3_T1_REACHABILITY_NONVACUITY_FINAL_af4c5abdd595/frozen_inputs/MSG01I_R1_REACHABILITY_FAMILY_FREEZE_RECORD.md,experiments/poly-tomsg/MSG-T1-exact-fips-semantics/04-reachability-nonvacuity/03-final-run/MSG01J_R3_T1_REACHABILITY_NONVACUITY_FINAL_af4c5abdd595/frozen_inputs/MSG01I_R1_REACHABILITY_FAMILY_FREEZE_RECORD.md
mlk_poly_tomsg_cleanroom/MSG01J_T1_REACHABILITY_NONVACUITY_RUN1_af4c5abdd595/frozen_inputs/MSG01I_R1_REACHABILITY_PREFLIGHT_SUMMARY.txt,1188,32604db15bddbe3ce2ccc6d3611308980f688e00ad32d8bc89295f8ab2e9cf55,MSG01I_R1_REACHABILITY_PREFLIGHT_SUMMARY.txt,omit-exact-duplicate-with-ledger,omitted-exact-same-name-and-content-evidence-copy,mlk_poly_tomsg_cleanroom/MSG01J_R3_T1_REACHABILITY_NONVACUITY_FINAL_af4c5abdd595/frozen_inputs/MSG01I_R1_REACHABILITY_PREFLIGHT_SUMMARY.txt,experiments/poly-tomsg/MSG-T1-exact-fips-semantics/04-reachability-nonvacuity/03-final-run/MSG01J_R3_T1_REACHABILITY_NONVACUITY_FINAL_af4c5abdd595/frozen_inputs/MSG01I_R1_REACHABILITY_PREFLIGHT_SUMMARY.txt
mlk_poly_tomsg_cleanroom/MSG01K_R1_T1_MUTATION_FAMILY_FREEZE_V1_af4c5abdd595/frozen_mutation_family_v1/MSG01K_R1_MUTATION_FAMILY_FREEZE_RECORD.md,1211,f922d3e2e4652704233fa6718c2575d40621fe0e2c618b6dd6a8977ee7ef56fe,MSG01K_R1_MUTATION_FAMILY_FREEZE_RECORD.md,omit-exact-duplicate-with-ledger,omitted-exact-same-name-and-content-evidence-copy,mlk_poly_tomsg_cleanroom/MSG01M_R2_T1_FINAL_EVIDENCE_CONSOLIDATION_af4c5abdd595/records/04_mutation_freeze/MSG01K_R1_MUTATION_FAMILY_FREEZE_RECORD.md,experiments/poly-tomsg/MSG-T1-exact-fips-semantics/06-final-evidence-consolidation/02-revision-2-final/MSG01M_R2_T1_FINAL_EVIDENCE_CONSOLIDATION_af4c5abdd595/records/04_mutation_freeze/MSG01K_R1_MUTATION_FAMILY_FREEZE_RECORD.md
mlk_poly_tomsg_cleanroom/MSG01K_R1_T1_MUTATION_FAMILY_FREEZE_V1_af4c5abdd595/frozen_mutation_family_v1/MSG01K_R1_MUTATION_FAMILY_FREEZE_SUMMARY.txt,780,095c0f46cf990bc1268b6deb15c6d519ebc433029864855dc06d40a5c0cae3ea,MSG01K_R1_MUTATION_FAMILY_FREEZE_SUMMARY.txt,omit-exact-duplicate-with-ledger,omitted-exact-same-name-and-content-evidence-copy,mlk_poly_tomsg_cleanroom/MSG01M_R2_T1_FINAL_EVIDENCE_CONSOLIDATION_af4c5abdd595/records/04_mutation_freeze/MSG01K_R1_MUTATION_FAMILY_FREEZE_SUMMARY.txt,experiments/poly-tomsg/MSG-T1-exact-fips-semantics/06-final-evidence-consolidation/02-revision-2-final/MSG01M_R2_T1_FINAL_EVIDENCE_CONSOLIDATION_af4c5abdd595/records/04_mutation_freeze/MSG01K_R1_MUTATION_FAMILY_FREEZE_SUMMARY.txt
mlk_poly_tomsg_cleanroom/MSG01K_R1_T1_MUTATION_FAMILY_FREEZE_V1_af4c5abdd595/frozen_mutation_family_v1/mutants/I1_INIT_ONE/source/mlkem/src/compress.h,20187,0f357a30e7ea37351854dc550e502e5a7eaf80184896bf92b40073175706e0dd,compress.h,omit-exact-duplicate-with-ledger,omitted-exact-same-name-and-content-evidence-copy,mlk_poly_tomsg_cleanroom/MSG05G_T5_FINAL_ACCEPTANCE_AND_EVIDENCE_FREEZE_20260723T165407Z_af4c5abdd595/04_frozen_source/compress.h,experiments/poly-tomsg/MSG-T5-exact-offset-interval/06-final-acceptance-and-evidence-freeze/MSG05G_T5_FINAL_ACCEPTANCE_AND_EVIDENCE_FREEZE_20260723T165407Z_af4c5abdd595/04_frozen_source/compress.h
mlk_poly_tomsg_cleanroom/MSG01K_R1_T1_MUTATION_FAMILY_FREEZE_V1_af4c5abdd595/frozen_mutation_family_v1/mutants/I2_REVERSE_COEFF_WITHIN_BYTE/diffs/compress.h.diff,0,e3b0c44298fc1c149afbf4c8996fb92427ae41e4649b934ca495991b7852b855,compress.h.diff,omit-exact-duplicate-with-ledger,omitted-exact-same-name-and-content-evidence-copy,mlk_poly_tomsg_cleanroom/MSG01K_R1_T1_MUTATION_FAMILY_FREEZE_V1_af4c5abdd595/frozen_mutation_family_v1/mutants/I1_INIT_ONE/diffs/compress.h.diff,experiments/poly-tomsg/MSG-T1-exact-fips-semantics/05-mutation-sensitivity/01-revised-family-freeze/MSG01K_R1_T1_MUTATION_FAMILY_FREEZE_V1_af4c5abdd595/frozen_mutation_family_v1/mutants/I1_INIT_ONE/diffs/compress.h.diff
mlk_poly_tomsg_cleanroom/MSG01K_R1_T1_MUTATION_FAMILY_FREEZE_V1_af4c5abdd595/frozen_mutation_family_v1/mutants/I2_REVERSE_COEFF_WITHIN_BYTE/diffs/harness.c.diff,0,e3b0c44298fc1c149afbf4c8996fb92427ae41e4649b934ca495991b7852b855,harness.c.diff,omit-exact-duplicate-with-ledger,omitted-exact-same-name-and-content-evidence-copy,mlk_poly_tomsg_cleanroom/MSG01K_R1_T1_MUTATION_FAMILY_FREEZE_V1_af4c5abdd595/frozen_mutation_family_v1/mutants/I1_INIT_ONE/diffs/harness.c.diff,experiments/poly-tomsg/MSG-T1-exact-fips-semantics/05-mutation-sensitivity/01-revised-family-freeze/MSG01K_R1_T1_MUTATION_FAMILY_FREEZE_V1_af4c5abdd595/frozen_mutation_family_v1/mutants/I1_INIT_ONE/diffs/harness.c.diff
mlk_poly_tomsg_cleanroom/MSG01K_R1_T1_MUTATION_FAMILY_FREEZE_V1_af4c5abdd595/frozen_mutation_family_v1/mutants/I2_REVERSE_COEFF_WITHIN_BYTE/harness/msg_t1_exact_fips_mutant.c,2502,5ce480427d7792b3dca091ac198b43562c4d4dfd6c9d96dae5a73e7ef1e72b55,msg_t1_exact_fips_mutant.c,omit-exact-duplicate-with-ledger,omitted-exact-same-name-and-content-evidence-copy,mlk_poly_tomsg_cleanroom/MSG01K_R1_T1_MUTATION_FAMILY_FREEZE_V1_af4c5abdd595/frozen_mutation_family_v1/mutants/I1_INIT_ONE/harness/msg_t1_exact_fips_mutant.c,experiments/poly-tomsg/MSG-T1-exact-fips-semantics/05-mutation-sensitivity/01-revised-family-freeze/MSG01K_R1_T1_MUTATION_FAMILY_FREEZE_V1_af4c5abdd595/frozen_mutation_family_v1/mutants/I1_INIT_ONE/harness/msg_t1_exact_fips_mutant.c
mlk_poly_tomsg_cleanroom/MSG01K_R1_T1_MUTATION_FAMILY_FREEZE_V1_af4c5abdd595/frozen_mutation_family_v1/mutants/I2_REVERSE_COEFF_WITHIN_BYTE/inspection/build_log.txt,0,e3b0c44298fc1c149afbf4c8996fb92427ae41e4649b934ca495991b7852b855,build_log.txt,omit-exact-duplicate-with-ledger,omitted-exact-same-name-and-content-evidence-copy,mlk_poly_tomsg_cleanroom/MSG01K_R1_T1_MUTATION_FAMILY_FREEZE_V1_af4c5abdd595/frozen_mutation_family_v1/mutants/I1_INIT_ONE/inspection/build_log.txt,experiments/poly-tomsg/MSG-T1-exact-fips-semantics/05-mutation-sensitivity/01-revised-family-freeze/MSG01K_R1_T1_MUTATION_FAMILY_FREEZE_V1_af4c5abdd595/frozen_mutation_family_v1/mutants/I1_INIT_ONE/inspection/build_log.txt
mlk_poly_tomsg_cleanroom/MSG01K_R1_T1_MUTATION_FAMILY_FREEZE_V1_af4c5abdd595/frozen_mutation_family_v1/mutants/I2_REVERSE_COEFF_WITHIN_BYTE/inspection/cbmc_show_properties_stderr.txt,0,e3b0c44298fc1c149afbf4c8996fb92427ae41e4649b934ca495991b7852b855,cbmc_show_properties_stderr.txt,omit-exact-duplicate-with-ledger,omitted-exact-same-name-and-content-evidence-copy,mlk_poly_tomsg_cleanroom/MSG01K_R1_T1_MUTATION_FAMILY_FREEZE_V1_af4c5abdd595/frozen_mutation_family_v1/mutants/I1_INIT_ONE/inspection/cbmc_show_properties_stderr.txt,experiments/poly-tomsg/MSG-T1-exact-fips-semantics/05-mutation-sensitivity/01-revised-family-freeze/MSG01K_R1_T1_MUTATION_FAMILY_FREEZE_V1_af4c5abdd595/frozen_mutation_family_v1/mutants/I1_INIT_ONE/inspection/cbmc_show_properties_stderr.txt
mlk_poly_tomsg_cleanroom/MSG01K_R1_T1_MUTATION_FAMILY_FREEZE_V1_af4c5abdd595/frozen_mutation_family_v1/mutants/I2_REVERSE_COEFF_WITHIN_BYTE/inspection/frozen_unwindset.txt,106,91d6660b38adfd5d5ddc3b6ce9f47f75b18ed2aa5f804b1515923dc7cf09a0f2,frozen_unwindset.txt,omit-exact-duplicate-with-ledger,omitted-exact-same-name-and-content-evidence-copy,mlk_poly_tomsg_cleanroom/MSG01K_R1_T1_MUTATION_FAMILY_FREEZE_V1_af4c5abdd595/frozen_mutation_family_v1/mutants/I1_INIT_ONE/inspection/frozen_unwindset.txt,experiments/poly-tomsg/MSG-T1-exact-fips-semantics/05-mutation-sensitivity/01-revised-family-freeze/MSG01K_R1_T1_MUTATION_FAMILY_FREEZE_V1_af4c5abdd595/frozen_mutation_family_v1/mutants/I1_INIT_ONE/inspection/frozen_unwindset.txt
mlk_poly_tomsg_cleanroom/MSG01K_R1_T1_MUTATION_FAMILY_FREEZE_V1_af4c5abdd595/frozen_mutation_family_v1/mutants/I2_REVERSE_COEFF_WITHIN_BYTE/inspection/model_derivation_output.txt,233,3b046c37c8d70844cd304bd551bdd9b189170678323b465de65523147eb943d2,model_derivation_output.txt,omit-exact-duplicate-with-ledger,omitted-exact-same-name-and-content-evidence-copy,mlk_poly_tomsg_cleanroom/MSG01K_R1_T1_MUTATION_FAMILY_FREEZE_V1_af4c5abdd595/frozen_mutation_family_v1/mutants/I1_INIT_ONE/inspection/model_derivation_output.txt,experiments/poly-tomsg/MSG-T1-exact-fips-semantics/05-mutation-sensitivity/01-revised-family-freeze/MSG01K_R1_T1_MUTATION_FAMILY_FREEZE_V1_af4c5abdd595/frozen_mutation_family_v1/mutants/I1_INIT_ONE/inspection/model_derivation_output.txt
mlk_poly_tomsg_cleanroom/MSG01K_R1_T1_MUTATION_FAMILY_FREEZE_V1_af4c5abdd595/frozen_mutation_family_v1/mutants/I2_REVERSE_COEFF_WITHIN_BYTE/inspection/reachable_functions.txt,74,d711d63ddb5608a9d51a42f986eb76c3fdc2ebe933d957e905f6c8b6f9afeda7,reachable_functions.txt,omit-exact-duplicate-with-ledger,omitted-exact-same-name-and-content-evidence-copy,mlk_poly_tomsg_cleanroom/MSG01K_R1_T1_MUTATION_FAMILY_FREEZE_V1_af4c5abdd595/frozen_mutation_family_v1/mutants/I1_INIT_ONE/inspection/reachable_functions.txt,experiments/poly-tomsg/MSG-T1-exact-fips-semantics/05-mutation-sensitivity/01-revised-family-freeze/MSG01K_R1_T1_MUTATION_FAMILY_FREEZE_V1_af4c5abdd595/frozen_mutation_family_v1/mutants/I1_INIT_ONE/inspection/reachable_functions.txt
mlk_poly_tomsg_cleanroom/MSG01K_R1_T1_MUTATION_FAMILY_FREEZE_V1_af4c5abdd595/frozen_mutation_family_v1/mutants/I2_REVERSE_COEFF_WITHIN_BYTE/inspection/reachable_loops.tsv,185,f4430d27f3a1ad1c72e0f57fe5ea2e396b4e0d93d2618edb6dfcafe2a0669546,reachable_loops.tsv,omit-exact-duplicate-with-ledger,omitted-exact-same-name-and-content-evidence-copy,mlk_poly_tomsg_cleanroom/MSG01K_R1_T1_MUTATION_FAMILY_FREEZE_V1_af4c5abdd595/frozen_mutation_family_v1/mutants/I1_INIT_ONE/inspection/reachable_loops.tsv,experiments/poly-tomsg/MSG-T1-exact-fips-semantics/05-mutation-sensitivity/01-revised-family-freeze/MSG01K_R1_T1_MUTATION_FAMILY_FREEZE_V1_af4c5abdd595/frozen_mutation_family_v1/mutants/I1_INIT_ONE/inspection/reachable_loops.tsv
mlk_poly_tomsg_cleanroom/MSG01K_R1_T1_MUTATION_FAMILY_FREEZE_V1_af4c5abdd595/frozen_mutation_family_v1/mutants/I2_REVERSE_COEFF_WITHIN_BYTE/source/mlkem/src/compress.h,20187,0f357a30e7ea37351854dc550e502e5a7eaf80184896bf92b40073175706e0dd,compress.h,omit-exact-duplicate-with-ledger,omitted-exact-same-name-and-content-evidence-copy,mlk_poly_tomsg_cleanroom/MSG05G_T5_FINAL_ACCEPTANCE_AND_EVIDENCE_FREEZE_20260723T165407Z_af4c5abdd595/04_frozen_source/compress.h,experiments/poly-tomsg/MSG-T5-exact-offset-interval/06-final-acceptance-and-evidence-freeze/MSG05G_T5_FINAL_ACCEPTANCE_AND_EVIDENCE_FREEZE_20260723T165407Z_af4c5abdd595/04_frozen_source/compress.h
mlk_poly_tomsg_cleanroom/MSG01K_R1_T1_MUTATION_FAMILY_FREEZE_V1_af4c5abdd595/frozen_mutation_family_v1/mutants/I3_ROTATE_OUTPUT_BIT_LEFT/diffs/compress.h.diff,0,e3b0c44298fc1c149afbf4c8996fb92427ae41e4649b934ca495991b7852b855,compress.h.diff,omit-exact-duplicate-with-ledger,omitted-exact-same-name-and-content-evidence-copy,mlk_poly_tomsg_cleanroom/MSG01K_R1_T1_MUTATION_FAMILY_FREEZE_V1_af4c5abdd595/frozen_mutation_family_v1/mutants/I1_INIT_ONE/diffs/compress.h.diff,experiments/poly-tomsg/MSG-T1-exact-fips-semantics/05-mutation-sensitivity/01-revised-family-freeze/MSG01K_R1_T1_MUTATION_FAMILY_FREEZE_V1_af4c5abdd595/frozen_mutation_family_v1/mutants/I1_INIT_ONE/diffs/compress.h.diff
mlk_poly_tomsg_cleanroom/MSG01K_R1_T1_MUTATION_FAMILY_FREEZE_V1_af4c5abdd595/frozen_mutation_family_v1/mutants/I3_ROTATE_OUTPUT_BIT_LEFT/diffs/harness.c.diff,0,e3b0c44298fc1c149afbf4c8996fb92427ae41e4649b934ca495991b7852b855,harness.c.diff,omit-exact-duplicate-with-ledger,omitted-exact-same-name-and-content-evidence-copy,mlk_poly_tomsg_cleanroom/MSG01K_R1_T1_MUTATION_FAMILY_FREEZE_V1_af4c5abdd595/frozen_mutation_family_v1/mutants/I1_INIT_ONE/diffs/harness.c.diff,experiments/poly-tomsg/MSG-T1-exact-fips-semantics/05-mutation-sensitivity/01-revised-family-freeze/MSG01K_R1_T1_MUTATION_FAMILY_FREEZE_V1_af4c5abdd595/frozen_mutation_family_v1/mutants/I1_INIT_ONE/diffs/harness.c.diff
mlk_poly_tomsg_cleanroom/MSG01K_R1_T1_MUTATION_FAMILY_FREEZE_V1_af4c5abdd595/frozen_mutation_family_v1/mutants/I3_ROTATE_OUTPUT_BIT_LEFT/harness/msg_t1_exact_fips_mutant.c,2502,5ce480427d7792b3dca091ac198b43562c4d4dfd6c9d96dae5a73e7ef1e72b55,msg_t1_exact_fips_mutant.c,omit-exact-duplicate-with-ledger,omitted-exact-same-name-and-content-evidence-copy,mlk_poly_tomsg_cleanroom/MSG01K_R1_T1_MUTATION_FAMILY_FREEZE_V1_af4c5abdd595/frozen_mutation_family_v1/mutants/I1_INIT_ONE/harness/msg_t1_exact_fips_mutant.c,experiments/poly-tomsg/MSG-T1-exact-fips-semantics/05-mutation-sensitivity/01-revised-family-freeze/MSG01K_R1_T1_MUTATION_FAMILY_FREEZE_V1_af4c5abdd595/frozen_mutation_family_v1/mutants/I1_INIT_ONE/harness/msg_t1_exact_fips_mutant.c
mlk_poly_tomsg_cleanroom/MSG01K_R1_T1_MUTATION_FAMILY_FREEZE_V1_af4c5abdd595/frozen_mutation_family_v1/mutants/I3_ROTATE_OUTPUT_BIT_LEFT/inspection/build_log.txt,0,e3b0c44298fc1c149afbf4c8996fb92427ae41e4649b934ca495991b7852b855,build_log.txt,omit-exact-duplicate-with-ledger,omitted-exact-same-name-and-content-evidence-copy,mlk_poly_tomsg_cleanroom/MSG01K_R1_T1_MUTATION_FAMILY_FREEZE_V1_af4c5abdd595/frozen_mutation_family_v1/mutants/I1_INIT_ONE/inspection/build_log.txt,experiments/poly-tomsg/MSG-T1-exact-fips-semantics/05-mutation-sensitivity/01-revised-family-freeze/MSG01K_R1_T1_MUTATION_FAMILY_FREEZE_V1_af4c5abdd595/frozen_mutation_family_v1/mutants/I1_INIT_ONE/inspection/build_log.txt
mlk_poly_tomsg_cleanroom/MSG01K_R1_T1_MUTATION_FAMILY_FREEZE_V1_af4c5abdd595/frozen_mutation_family_v1/mutants/I3_ROTATE_OUTPUT_BIT_LEFT/inspection/cbmc_show_properties_stderr.txt,0,e3b0c44298fc1c149afbf4c8996fb92427ae41e4649b934ca495991b7852b855,cbmc_show_properties_stderr.txt,omit-exact-duplicate-with-ledger,omitted-exact-same-name-and-content-evidence-copy,mlk_poly_tomsg_cleanroom/MSG01K_R1_T1_MUTATION_FAMILY_FREEZE_V1_af4c5abdd595/frozen_mutation_family_v1/mutants/I1_INIT_ONE/inspection/cbmc_show_properties_stderr.txt,experiments/poly-tomsg/MSG-T1-exact-fips-semantics/05-mutation-sensitivity/01-revised-family-freeze/MSG01K_R1_T1_MUTATION_FAMILY_FREEZE_V1_af4c5abdd595/frozen_mutation_family_v1/mutants/I1_INIT_ONE/inspection/cbmc_show_properties_stderr.txt
mlk_poly_tomsg_cleanroom/MSG01K_R1_T1_MUTATION_FAMILY_FREEZE_V1_af4c5abdd595/frozen_mutation_family_v1/mutants/I3_ROTATE_OUTPUT_BIT_LEFT/inspection/frozen_unwindset.txt,106,91d6660b38adfd5d5ddc3b6ce9f47f75b18ed2aa5f804b1515923dc7cf09a0f2,frozen_unwindset.txt,omit-exact-duplicate-with-ledger,omitted-exact-same-name-and-content-evidence-copy,mlk_poly_tomsg_cleanroom/MSG01K_R1_T1_MUTATION_FAMILY_FREEZE_V1_af4c5abdd595/frozen_mutation_family_v1/mutants/I1_INIT_ONE/inspection/frozen_unwindset.txt,experiments/poly-tomsg/MSG-T1-exact-fips-semantics/05-mutation-sensitivity/01-revised-family-freeze/MSG01K_R1_T1_MUTATION_FAMILY_FREEZE_V1_af4c5abdd595/frozen_mutation_family_v1/mutants/I1_INIT_ONE/inspection/frozen_unwindset.txt
mlk_poly_tomsg_cleanroom/MSG01K_R1_T1_MUTATION_FAMILY_FREEZE_V1_af4c5abdd595/frozen_mutation_family_v1/mutants/I3_ROTATE_OUTPUT_BIT_LEFT/inspection/model_derivation_output.txt,233,3b046c37c8d70844cd304bd551bdd9b189170678323b465de65523147eb943d2,model_derivation_output.txt,omit-exact-duplicate-with-ledger,omitted-exact-same-name-and-content-evidence-copy,mlk_poly_tomsg_cleanroom/MSG01K_R1_T1_MUTATION_FAMILY_FREEZE_V1_af4c5abdd595/frozen_mutation_family_v1/mutants/I1_INIT_ONE/inspection/model_derivation_output.txt,experiments/poly-tomsg/MSG-T1-exact-fips-semantics/05-mutation-sensitivity/01-revised-family-freeze/MSG01K_R1_T1_MUTATION_FAMILY_FREEZE_V1_af4c5abdd595/frozen_mutation_family_v1/mutants/I1_INIT_ONE/inspection/model_derivation_output.txt
mlk_poly_tomsg_cleanroom/MSG01K_R1_T1_MUTATION_FAMILY_FREEZE_V1_af4c5abdd595/frozen_mutation_family_v1/mutants/I3_ROTATE_OUTPUT_BIT_LEFT/inspection/reachable_functions.txt,74,d711d63ddb5608a9d51a42f986eb76c3fdc2ebe933d957e905f6c8b6f9afeda7,reachable_functions.txt,omit-exact-duplicate-with-ledger,omitted-exact-same-name-and-content-evidence-copy,mlk_poly_tomsg_cleanroom/MSG01K_R1_T1_MUTATION_FAMILY_FREEZE_V1_af4c5abdd595/frozen_mutation_family_v1/mutants/I1_INIT_ONE/inspection/reachable_functions.txt,experiments/poly-tomsg/MSG-T1-exact-fips-semantics/05-mutation-sensitivity/01-revised-family-freeze/MSG01K_R1_T1_MUTATION_FAMILY_FREEZE_V1_af4c5abdd595/frozen_mutation_family_v1/mutants/I1_INIT_ONE/inspection/reachable_functions.txt
mlk_poly_tomsg_cleanroom/MSG01K_R1_T1_MUTATION_FAMILY_FREEZE_V1_af4c5abdd595/frozen_mutation_family_v1/mutants/I3_ROTATE_OUTPUT_BIT_LEFT/inspection/reachable_loops.tsv,185,f4430d27f3a1ad1c72e0f57fe5ea2e396b4e0d93d2618edb6dfcafe2a0669546,reachable_loops.tsv,omit-exact-duplicate-with-ledger,omitted-exact-same-name-and-content-evidence-copy,mlk_poly_tomsg_cleanroom/MSG01K_R1_T1_MUTATION_FAMILY_FREEZE_V1_af4c5abdd595/frozen_mutation_family_v1/mutants/I1_INIT_ONE/inspection/reachable_loops.tsv,experiments/poly-tomsg/MSG-T1-exact-fips-semantics/05-mutation-sensitivity/01-revised-family-freeze/MSG01K_R1_T1_MUTATION_FAMILY_FREEZE_V1_af4c5abdd595/frozen_mutation_family_v1/mutants/I1_INIT_ONE/inspection/reachable_loops.tsv
mlk_poly_tomsg_cleanroom/MSG01K_R1_T1_MUTATION_FAMILY_FREEZE_V1_af4c5abdd595/frozen_mutation_family_v1/mutants/I3_ROTATE_OUTPUT_BIT_LEFT/source/mlkem/src/compress.h,20187,0f357a30e7ea37351854dc550e502e5a7eaf80184896bf92b40073175706e0dd,compress.h,omit-exact-duplicate-with-ledger,omitted-exact-same-name-and-content-evidence-copy,mlk_poly_tomsg_cleanroom/MSG05G_T5_FINAL_ACCEPTANCE_AND_EVIDENCE_FREEZE_20260723T165407Z_af4c5abdd595/04_frozen_source/compress.h,experiments/poly-tomsg/MSG-T5-exact-offset-interval/06-final-acceptance-and-evidence-freeze/MSG05G_T5_FINAL_ACCEPTANCE_AND_EVIDENCE_FREEZE_20260723T165407Z_af4c5abdd595/04_frozen_source/compress.h
mlk_poly_tomsg_cleanroom/MSG01K_R1_T1_MUTATION_FAMILY_FREEZE_V1_af4c5abdd595/frozen_mutation_family_v1/mutants/I4_INVERT_D1_RESULT/diffs/harness.c.diff,0,e3b0c44298fc1c149afbf4c8996fb92427ae41e4649b934ca495991b7852b855,harness.c.diff,omit-exact-duplicate-with-ledger,omitted-exact-same-name-and-content-evidence-copy,mlk_poly_tomsg_cleanroom/MSG01K_R1_T1_MUTATION_FAMILY_FREEZE_V1_af4c5abdd595/frozen_mutation_family_v1/mutants/I1_INIT_ONE/diffs/harness.c.diff,experiments/poly-tomsg/MSG-T1-exact-fips-semantics/05-mutation-sensitivity/01-revised-family-freeze/MSG01K_R1_T1_MUTATION_FAMILY_FREEZE_V1_af4c5abdd595/frozen_mutation_family_v1/mutants/I1_INIT_ONE/diffs/harness.c.diff
mlk_poly_tomsg_cleanroom/MSG01K_R1_T1_MUTATION_FAMILY_FREEZE_V1_af4c5abdd595/frozen_mutation_family_v1/mutants/I4_INVERT_D1_RESULT/harness/msg_t1_exact_fips_mutant.c,2502,5ce480427d7792b3dca091ac198b43562c4d4dfd6c9d96dae5a73e7ef1e72b55,msg_t1_exact_fips_mutant.c,omit-exact-duplicate-with-ledger,omitted-exact-same-name-and-content-evidence-copy,mlk_poly_tomsg_cleanroom/MSG01K_R1_T1_MUTATION_FAMILY_FREEZE_V1_af4c5abdd595/frozen_mutation_family_v1/mutants/I1_INIT_ONE/harness/msg_t1_exact_fips_mutant.c,experiments/poly-tomsg/MSG-T1-exact-fips-semantics/05-mutation-sensitivity/01-revised-family-freeze/MSG01K_R1_T1_MUTATION_FAMILY_FREEZE_V1_af4c5abdd595/frozen_mutation_family_v1/mutants/I1_INIT_ONE/harness/msg_t1_exact_fips_mutant.c
mlk_poly_tomsg_cleanroom/MSG01K_R1_T1_MUTATION_FAMILY_FREEZE_V1_af4c5abdd595/frozen_mutation_family_v1/mutants/I4_INVERT_D1_RESULT/inspection/build_log.txt,0,e3b0c44298fc1c149afbf4c8996fb92427ae41e4649b934ca495991b7852b855,build_log.txt,omit-exact-duplicate-with-ledger,omitted-exact-same-name-and-content-evidence-copy,mlk_poly_tomsg_cleanroom/MSG01K_R1_T1_MUTATION_FAMILY_FREEZE_V1_af4c5abdd595/frozen_mutation_family_v1/mutants/I1_INIT_ONE/inspection/build_log.txt,experiments/poly-tomsg/MSG-T1-exact-fips-semantics/05-mutation-sensitivity/01-revised-family-freeze/MSG01K_R1_T1_MUTATION_FAMILY_FREEZE_V1_af4c5abdd595/frozen_mutation_family_v1/mutants/I1_INIT_ONE/inspection/build_log.txt
mlk_poly_tomsg_cleanroom/MSG01K_R1_T1_MUTATION_FAMILY_FREEZE_V1_af4c5abdd595/frozen_mutation_family_v1/mutants/I4_INVERT_D1_RESULT/inspection/cbmc_show_properties_stderr.txt,0,e3b0c44298fc1c149afbf4c8996fb92427ae41e4649b934ca495991b7852b855,cbmc_show_properties_stderr.txt,omit-exact-duplicate-with-ledger,omitted-exact-same-name-and-content-evidence-copy,mlk_poly_tomsg_cleanroom/MSG01K_R1_T1_MUTATION_FAMILY_FREEZE_V1_af4c5abdd595/frozen_mutation_family_v1/mutants/I1_INIT_ONE/inspection/cbmc_show_properties_stderr.txt,experiments/poly-tomsg/MSG-T1-exact-fips-semantics/05-mutation-sensitivity/01-revised-family-freeze/MSG01K_R1_T1_MUTATION_FAMILY_FREEZE_V1_af4c5abdd595/frozen_mutation_family_v1/mutants/I1_INIT_ONE/inspection/cbmc_show_properties_stderr.txt
mlk_poly_tomsg_cleanroom/MSG01K_R1_T1_MUTATION_FAMILY_FREEZE_V1_af4c5abdd595/frozen_mutation_family_v1/mutants/I4_INVERT_D1_RESULT/inspection/frozen_unwindset.txt,106,91d6660b38adfd5d5ddc3b6ce9f47f75b18ed2aa5f804b1515923dc7cf09a0f2,frozen_unwindset.txt,omit-exact-duplicate-with-ledger,omitted-exact-same-name-and-content-evidence-copy,mlk_poly_tomsg_cleanroom/MSG01K_R1_T1_MUTATION_FAMILY_FREEZE_V1_af4c5abdd595/frozen_mutation_family_v1/mutants/I1_INIT_ONE/inspection/frozen_unwindset.txt,experiments/poly-tomsg/MSG-T1-exact-fips-semantics/05-mutation-sensitivity/01-revised-family-freeze/MSG01K_R1_T1_MUTATION_FAMILY_FREEZE_V1_af4c5abdd595/frozen_mutation_family_v1/mutants/I1_INIT_ONE/inspection/frozen_unwindset.txt
mlk_poly_tomsg_cleanroom/MSG01K_R1_T1_MUTATION_FAMILY_FREEZE_V1_af4c5abdd595/frozen_mutation_family_v1/mutants/I4_INVERT_D1_RESULT/inspection/model_derivation_output.txt,233,3b046c37c8d70844cd304bd551bdd9b189170678323b465de65523147eb943d2,model_derivation_output.txt,omit-exact-duplicate-with-ledger,omitted-exact-same-name-and-content-evidence-copy,mlk_poly_tomsg_cleanroom/MSG01K_R1_T1_MUTATION_FAMILY_FREEZE_V1_af4c5abdd595/frozen_mutation_family_v1/mutants/I1_INIT_ONE/inspection/model_derivation_output.txt,experiments/poly-tomsg/MSG-T1-exact-fips-semantics/05-mutation-sensitivity/01-revised-family-freeze/MSG01K_R1_T1_MUTATION_FAMILY_FREEZE_V1_af4c5abdd595/frozen_mutation_family_v1/mutants/I1_INIT_ONE/inspection/model_derivation_output.txt
mlk_poly_tomsg_cleanroom/MSG01K_R1_T1_MUTATION_FAMILY_FREEZE_V1_af4c5abdd595/frozen_mutation_family_v1/mutants/I4_INVERT_D1_RESULT/inspection/reachable_functions.txt,74,d711d63ddb5608a9d51a42f986eb76c3fdc2ebe933d957e905f6c8b6f9afeda7,reachable_functions.txt,omit-exact-duplicate-with-ledger,omitted-exact-same-name-and-content-evidence-copy,mlk_poly_tomsg_cleanroom/MSG01K_R1_T1_MUTATION_FAMILY_FREEZE_V1_af4c5abdd595/frozen_mutation_family_v1/mutants/I1_INIT_ONE/inspection/reachable_functions.txt,experiments/poly-tomsg/MSG-T1-exact-fips-semantics/05-mutation-sensitivity/01-revised-family-freeze/MSG01K_R1_T1_MUTATION_FAMILY_FREEZE_V1_af4c5abdd595/frozen_mutation_family_v1/mutants/I1_INIT_ONE/inspection/reachable_functions.txt
mlk_poly_tomsg_cleanroom/MSG01K_R1_T1_MUTATION_FAMILY_FREEZE_V1_af4c5abdd595/frozen_mutation_family_v1/mutants/I4_INVERT_D1_RESULT/inspection/reachable_loops.tsv,185,f4430d27f3a1ad1c72e0f57fe5ea2e396b4e0d93d2618edb6dfcafe2a0669546,reachable_loops.tsv,omit-exact-duplicate-with-ledger,omitted-exact-same-name-and-content-evidence-copy,mlk_poly_tomsg_cleanroom/MSG01K_R1_T1_MUTATION_FAMILY_FREEZE_V1_af4c5abdd595/frozen_mutation_family_v1/mutants/I1_INIT_ONE/inspection/reachable_loops.tsv,experiments/poly-tomsg/MSG-T1-exact-fips-semantics/05-mutation-sensitivity/01-revised-family-freeze/MSG01K_R1_T1_MUTATION_FAMILY_FREEZE_V1_af4c5abdd595/frozen_mutation_family_v1/mutants/I1_INIT_ONE/inspection/reachable_loops.tsv
mlk_poly_tomsg_cleanroom/MSG01K_R1_T1_MUTATION_FAMILY_FREEZE_V1_af4c5abdd595/frozen_mutation_family_v1/mutants/I4_INVERT_D1_RESULT/source/mlkem/src/compress.c,24427,9201bea6ddd1d7622cc6496d2f745fee52397d203392f75a3d6e52a400de5bad,compress.c,omit-exact-duplicate-with-ledger,omitted-exact-same-name-and-content-evidence-copy,mlk_poly_tomsg_cleanroom/MSG05G_T5_FINAL_ACCEPTANCE_AND_EVIDENCE_FREEZE_20260723T165407Z_af4c5abdd595/04_frozen_source/compress.c,experiments/poly-tomsg/MSG-T5-exact-offset-interval/06-final-acceptance-and-evidence-freeze/MSG05G_T5_FINAL_ACCEPTANCE_AND_EVIDENCE_FREEZE_20260723T165407Z_af4c5abdd595/04_frozen_source/compress.c
mlk_poly_tomsg_cleanroom/MSG01K_R1_T1_MUTATION_FAMILY_FREEZE_V1_af4c5abdd595/frozen_mutation_family_v1/mutants/O1_LOWER_THRESHOLD_PLUS_ONE/diffs/compress.c.diff,0,e3b0c44298fc1c149afbf4c8996fb92427ae41e4649b934ca495991b7852b855,compress.c.diff,omit-exact-duplicate-with-ledger,omitted-exact-same-name-and-content-evidence-copy,mlk_poly_tomsg_cleanroom/MSG01K_R1_T1_MUTATION_FAMILY_FREEZE_V1_af4c5abdd595/frozen_mutation_family_v1/mutants/I4_INVERT_D1_RESULT/diffs/compress.c.diff,experiments/poly-tomsg/MSG-T1-exact-fips-semantics/05-mutation-sensitivity/01-revised-family-freeze/MSG01K_R1_T1_MUTATION_FAMILY_FREEZE_V1_af4c5abdd595/frozen_mutation_family_v1/mutants/I4_INVERT_D1_RESULT/diffs/compress.c.diff
mlk_poly_tomsg_cleanroom/MSG01K_R1_T1_MUTATION_FAMILY_FREEZE_V1_af4c5abdd595/frozen_mutation_family_v1/mutants/O1_LOWER_THRESHOLD_PLUS_ONE/diffs/compress.h.diff,0,e3b0c44298fc1c149afbf4c8996fb92427ae41e4649b934ca495991b7852b855,compress.h.diff,omit-exact-duplicate-with-ledger,omitted-exact-same-name-and-content-evidence-copy,mlk_poly_tomsg_cleanroom/MSG01K_R1_T1_MUTATION_FAMILY_FREEZE_V1_af4c5abdd595/frozen_mutation_family_v1/mutants/I1_INIT_ONE/diffs/compress.h.diff,experiments/poly-tomsg/MSG-T1-exact-fips-semantics/05-mutation-sensitivity/01-revised-family-freeze/MSG01K_R1_T1_MUTATION_FAMILY_FREEZE_V1_af4c5abdd595/frozen_mutation_family_v1/mutants/I1_INIT_ONE/diffs/compress.h.diff
mlk_poly_tomsg_cleanroom/MSG01K_R1_T1_MUTATION_FAMILY_FREEZE_V1_af4c5abdd595/frozen_mutation_family_v1/mutants/O1_LOWER_THRESHOLD_PLUS_ONE/inspection/build_log.txt,0,e3b0c44298fc1c149afbf4c8996fb92427ae41e4649b934ca495991b7852b855,build_log.txt,omit-exact-duplicate-with-ledger,omitted-exact-same-name-and-content-evidence-copy,mlk_poly_tomsg_cleanroom/MSG01K_R1_T1_MUTATION_FAMILY_FREEZE_V1_af4c5abdd595/frozen_mutation_family_v1/mutants/I1_INIT_ONE/inspection/build_log.txt,experiments/poly-tomsg/MSG-T1-exact-fips-semantics/05-mutation-sensitivity/01-revised-family-freeze/MSG01K_R1_T1_MUTATION_FAMILY_FREEZE_V1_af4c5abdd595/frozen_mutation_family_v1/mutants/I1_INIT_ONE/inspection/build_log.txt
mlk_poly_tomsg_cleanroom/MSG01K_R1_T1_MUTATION_FAMILY_FREEZE_V1_af4c5abdd595/frozen_mutation_family_v1/mutants/O1_LOWER_THRESHOLD_PLUS_ONE/inspection/cbmc_show_properties_stderr.txt,0,e3b0c44298fc1c149afbf4c8996fb92427ae41e4649b934ca495991b7852b855,cbmc_show_properties_stderr.txt,omit-exact-duplicate-with-ledger,omitted-exact-same-name-and-content-evidence-copy,mlk_poly_tomsg_cleanroom/MSG01K_R1_T1_MUTATION_FAMILY_FREEZE_V1_af4c5abdd595/frozen_mutation_family_v1/mutants/I1_INIT_ONE/inspection/cbmc_show_properties_stderr.txt,experiments/poly-tomsg/MSG-T1-exact-fips-semantics/05-mutation-sensitivity/01-revised-family-freeze/MSG01K_R1_T1_MUTATION_FAMILY_FREEZE_V1_af4c5abdd595/frozen_mutation_family_v1/mutants/I1_INIT_ONE/inspection/cbmc_show_properties_stderr.txt
mlk_poly_tomsg_cleanroom/MSG01K_R1_T1_MUTATION_FAMILY_FREEZE_V1_af4c5abdd595/frozen_mutation_family_v1/mutants/O1_LOWER_THRESHOLD_PLUS_ONE/inspection/frozen_unwindset.txt,106,91d6660b38adfd5d5ddc3b6ce9f47f75b18ed2aa5f804b1515923dc7cf09a0f2,frozen_unwindset.txt,omit-exact-duplicate-with-ledger,omitted-exact-same-name-and-content-evidence-copy,mlk_poly_tomsg_cleanroom/MSG01K_R1_T1_MUTATION_FAMILY_FREEZE_V1_af4c5abdd595/frozen_mutation_family_v1/mutants/I1_INIT_ONE/inspection/frozen_unwindset.txt,experiments/poly-tomsg/MSG-T1-exact-fips-semantics/05-mutation-sensitivity/01-revised-family-freeze/MSG01K_R1_T1_MUTATION_FAMILY_FREEZE_V1_af4c5abdd595/frozen_mutation_family_v1/mutants/I1_INIT_ONE/inspection/frozen_unwindset.txt
mlk_poly_tomsg_cleanroom/MSG01K_R1_T1_MUTATION_FAMILY_FREEZE_V1_af4c5abdd595/frozen_mutation_family_v1/mutants/O1_LOWER_THRESHOLD_PLUS_ONE/inspection/model_derivation_output.txt,233,3b046c37c8d70844cd304bd551bdd9b189170678323b465de65523147eb943d2,model_derivation_output.txt,omit-exact-duplicate-with-ledger,omitted-exact-same-name-and-content-evidence-copy,mlk_poly_tomsg_cleanroom/MSG01K_R1_T1_MUTATION_FAMILY_FREEZE_V1_af4c5abdd595/frozen_mutation_family_v1/mutants/I1_INIT_ONE/inspection/model_derivation_output.txt,experiments/poly-tomsg/MSG-T1-exact-fips-semantics/05-mutation-sensitivity/01-revised-family-freeze/MSG01K_R1_T1_MUTATION_FAMILY_FREEZE_V1_af4c5abdd595/frozen_mutation_family_v1/mutants/I1_INIT_ONE/inspection/model_derivation_output.txt
mlk_poly_tomsg_cleanroom/MSG01K_R1_T1_MUTATION_FAMILY_FREEZE_V1_af4c5abdd595/frozen_mutation_family_v1/mutants/O1_LOWER_THRESHOLD_PLUS_ONE/inspection/reachable_functions.txt,74,d711d63ddb5608a9d51a42f986eb76c3fdc2ebe933d957e905f6c8b6f9afeda7,reachable_functions.txt,omit-exact-duplicate-with-ledger,omitted-exact-same-name-and-content-evidence-copy,mlk_poly_tomsg_cleanroom/MSG01K_R1_T1_MUTATION_FAMILY_FREEZE_V1_af4c5abdd595/frozen_mutation_family_v1/mutants/I1_INIT_ONE/inspection/reachable_functions.txt,experiments/poly-tomsg/MSG-T1-exact-fips-semantics/05-mutation-sensitivity/01-revised-family-freeze/MSG01K_R1_T1_MUTATION_FAMILY_FREEZE_V1_af4c5abdd595/frozen_mutation_family_v1/mutants/I1_INIT_ONE/inspection/reachable_functions.txt
mlk_poly_tomsg_cleanroom/MSG01K_R1_T1_MUTATION_FAMILY_FREEZE_V1_af4c5abdd595/frozen_mutation_family_v1/mutants/O1_LOWER_THRESHOLD_PLUS_ONE/inspection/reachable_loops.tsv,185,f4430d27f3a1ad1c72e0f57fe5ea2e396b4e0d93d2618edb6dfcafe2a0669546,reachable_loops.tsv,omit-exact-duplicate-with-ledger,omitted-exact-same-name-and-content-evidence-copy,mlk_poly_tomsg_cleanroom/MSG01K_R1_T1_MUTATION_FAMILY_FREEZE_V1_af4c5abdd595/frozen_mutation_family_v1/mutants/I1_INIT_ONE/inspection/reachable_loops.tsv,experiments/poly-tomsg/MSG-T1-exact-fips-semantics/05-mutation-sensitivity/01-revised-family-freeze/MSG01K_R1_T1_MUTATION_FAMILY_FREEZE_V1_af4c5abdd595/frozen_mutation_family_v1/mutants/I1_INIT_ONE/inspection/reachable_loops.tsv
mlk_poly_tomsg_cleanroom/MSG01K_R1_T1_MUTATION_FAMILY_FREEZE_V1_af4c5abdd595/frozen_mutation_family_v1/mutants/O1_LOWER_THRESHOLD_PLUS_ONE/source/mlkem/src/compress.c,24427,9201bea6ddd1d7622cc6496d2f745fee52397d203392f75a3d6e52a400de5bad,compress.c,omit-exact-duplicate-with-ledger,omitted-exact-same-name-and-content-evidence-copy,mlk_poly_tomsg_cleanroom/MSG05G_T5_FINAL_ACCEPTANCE_AND_EVIDENCE_FREEZE_20260723T165407Z_af4c5abdd595/04_frozen_source/compress.c,experiments/poly-tomsg/MSG-T5-exact-offset-interval/06-final-acceptance-and-evidence-freeze/MSG05G_T5_FINAL_ACCEPTANCE_AND_EVIDENCE_FREEZE_20260723T165407Z_af4c5abdd595/04_frozen_source/compress.c
mlk_poly_tomsg_cleanroom/MSG01K_R1_T1_MUTATION_FAMILY_FREEZE_V1_af4c5abdd595/frozen_mutation_family_v1/mutants/O1_LOWER_THRESHOLD_PLUS_ONE/source/mlkem/src/compress.h,20187,0f357a30e7ea37351854dc550e502e5a7eaf80184896bf92b40073175706e0dd,compress.h,omit-exact-duplicate-with-ledger,omitted-exact-same-name-and-content-evidence-copy,mlk_poly_tomsg_cleanroom/MSG05G_T5_FINAL_ACCEPTANCE_AND_EVIDENCE_FREEZE_20260723T165407Z_af4c5abdd595/04_frozen_source/compress.h,experiments/poly-tomsg/MSG-T5-exact-offset-interval/06-final-acceptance-and-evidence-freeze/MSG05G_T5_FINAL_ACCEPTANCE_AND_EVIDENCE_FREEZE_20260723T165407Z_af4c5abdd595/04_frozen_source/compress.h
mlk_poly_tomsg_cleanroom/MSG01K_R1_T1_MUTATION_FAMILY_FREEZE_V1_af4c5abdd595/frozen_mutation_family_v1/mutants/O2_UPPER_THRESHOLD_MINUS_ONE/diffs/compress.c.diff,0,e3b0c44298fc1c149afbf4c8996fb92427ae41e4649b934ca495991b7852b855,compress.c.diff,omit-exact-duplicate-with-ledger,omitted-exact-same-name-and-content-evidence-copy,mlk_poly_tomsg_cleanroom/MSG01K_R1_T1_MUTATION_FAMILY_FREEZE_V1_af4c5abdd595/frozen_mutation_family_v1/mutants/I4_INVERT_D1_RESULT/diffs/compress.c.diff,experiments/poly-tomsg/MSG-T1-exact-fips-semantics/05-mutation-sensitivity/01-revised-family-freeze/MSG01K_R1_T1_MUTATION_FAMILY_FREEZE_V1_af4c5abdd595/frozen_mutation_family_v1/mutants/I4_INVERT_D1_RESULT/diffs/compress.c.diff
mlk_poly_tomsg_cleanroom/MSG01K_R1_T1_MUTATION_FAMILY_FREEZE_V1_af4c5abdd595/frozen_mutation_family_v1/mutants/O2_UPPER_THRESHOLD_MINUS_ONE/diffs/compress.h.diff,0,e3b0c44298fc1c149afbf4c8996fb92427ae41e4649b934ca495991b7852b855,compress.h.diff,omit-exact-duplicate-with-ledger,omitted-exact-same-name-and-content-evidence-copy,mlk_poly_tomsg_cleanroom/MSG01K_R1_T1_MUTATION_FAMILY_FREEZE_V1_af4c5abdd595/frozen_mutation_family_v1/mutants/I1_INIT_ONE/diffs/compress.h.diff,experiments/poly-tomsg/MSG-T1-exact-fips-semantics/05-mutation-sensitivity/01-revised-family-freeze/MSG01K_R1_T1_MUTATION_FAMILY_FREEZE_V1_af4c5abdd595/frozen_mutation_family_v1/mutants/I1_INIT_ONE/diffs/compress.h.diff
mlk_poly_tomsg_cleanroom/MSG01K_R1_T1_MUTATION_FAMILY_FREEZE_V1_af4c5abdd595/frozen_mutation_family_v1/mutants/O2_UPPER_THRESHOLD_MINUS_ONE/inspection/build_log.txt,0,e3b0c44298fc1c149afbf4c8996fb92427ae41e4649b934ca495991b7852b855,build_log.txt,omit-exact-duplicate-with-ledger,omitted-exact-same-name-and-content-evidence-copy,mlk_poly_tomsg_cleanroom/MSG01K_R1_T1_MUTATION_FAMILY_FREEZE_V1_af4c5abdd595/frozen_mutation_family_v1/mutants/I1_INIT_ONE/inspection/build_log.txt,experiments/poly-tomsg/MSG-T1-exact-fips-semantics/05-mutation-sensitivity/01-revised-family-freeze/MSG01K_R1_T1_MUTATION_FAMILY_FREEZE_V1_af4c5abdd595/frozen_mutation_family_v1/mutants/I1_INIT_ONE/inspection/build_log.txt
mlk_poly_tomsg_cleanroom/MSG01K_R1_T1_MUTATION_FAMILY_FREEZE_V1_af4c5abdd595/frozen_mutation_family_v1/mutants/O2_UPPER_THRESHOLD_MINUS_ONE/inspection/cbmc_show_properties_stderr.txt,0,e3b0c44298fc1c149afbf4c8996fb92427ae41e4649b934ca495991b7852b855,cbmc_show_properties_stderr.txt,omit-exact-duplicate-with-ledger,omitted-exact-same-name-and-content-evidence-copy,mlk_poly_tomsg_cleanroom/MSG01K_R1_T1_MUTATION_FAMILY_FREEZE_V1_af4c5abdd595/frozen_mutation_family_v1/mutants/I1_INIT_ONE/inspection/cbmc_show_properties_stderr.txt,experiments/poly-tomsg/MSG-T1-exact-fips-semantics/05-mutation-sensitivity/01-revised-family-freeze/MSG01K_R1_T1_MUTATION_FAMILY_FREEZE_V1_af4c5abdd595/frozen_mutation_family_v1/mutants/I1_INIT_ONE/inspection/cbmc_show_properties_stderr.txt
mlk_poly_tomsg_cleanroom/MSG01K_R1_T1_MUTATION_FAMILY_FREEZE_V1_af4c5abdd595/frozen_mutation_family_v1/mutants/O2_UPPER_THRESHOLD_MINUS_ONE/inspection/frozen_unwindset.txt,106,91d6660b38adfd5d5ddc3b6ce9f47f75b18ed2aa5f804b1515923dc7cf09a0f2,frozen_unwindset.txt,omit-exact-duplicate-with-ledger,omitted-exact-same-name-and-content-evidence-copy,mlk_poly_tomsg_cleanroom/MSG01K_R1_T1_MUTATION_FAMILY_FREEZE_V1_af4c5abdd595/frozen_mutation_family_v1/mutants/I1_INIT_ONE/inspection/frozen_unwindset.txt,experiments/poly-tomsg/MSG-T1-exact-fips-semantics/05-mutation-sensitivity/01-revised-family-freeze/MSG01K_R1_T1_MUTATION_FAMILY_FREEZE_V1_af4c5abdd595/frozen_mutation_family_v1/mutants/I1_INIT_ONE/inspection/frozen_unwindset.txt
mlk_poly_tomsg_cleanroom/MSG01K_R1_T1_MUTATION_FAMILY_FREEZE_V1_af4c5abdd595/frozen_mutation_family_v1/mutants/O2_UPPER_THRESHOLD_MINUS_ONE/inspection/model_derivation_output.txt,233,3b046c37c8d70844cd304bd551bdd9b189170678323b465de65523147eb943d2,model_derivation_output.txt,omit-exact-duplicate-with-ledger,omitted-exact-same-name-and-content-evidence-copy,mlk_poly_tomsg_cleanroom/MSG01K_R1_T1_MUTATION_FAMILY_FREEZE_V1_af4c5abdd595/frozen_mutation_family_v1/mutants/I1_INIT_ONE/inspection/model_derivation_output.txt,experiments/poly-tomsg/MSG-T1-exact-fips-semantics/05-mutation-sensitivity/01-revised-family-freeze/MSG01K_R1_T1_MUTATION_FAMILY_FREEZE_V1_af4c5abdd595/frozen_mutation_family_v1/mutants/I1_INIT_ONE/inspection/model_derivation_output.txt
mlk_poly_tomsg_cleanroom/MSG01K_R1_T1_MUTATION_FAMILY_FREEZE_V1_af4c5abdd595/frozen_mutation_family_v1/mutants/O2_UPPER_THRESHOLD_MINUS_ONE/inspection/reachable_functions.txt,74,d711d63ddb5608a9d51a42f986eb76c3fdc2ebe933d957e905f6c8b6f9afeda7,reachable_functions.txt,omit-exact-duplicate-with-ledger,omitted-exact-same-name-and-content-evidence-copy,mlk_poly_tomsg_cleanroom/MSG01K_R1_T1_MUTATION_FAMILY_FREEZE_V1_af4c5abdd595/frozen_mutation_family_v1/mutants/I1_INIT_ONE/inspection/reachable_functions.txt,experiments/poly-tomsg/MSG-T1-exact-fips-semantics/05-mutation-sensitivity/01-revised-family-freeze/MSG01K_R1_T1_MUTATION_FAMILY_FREEZE_V1_af4c5abdd595/frozen_mutation_family_v1/mutants/I1_INIT_ONE/inspection/reachable_functions.txt
mlk_poly_tomsg_cleanroom/MSG01K_R1_T1_MUTATION_FAMILY_FREEZE_V1_af4c5abdd595/frozen_mutation_family_v1/mutants/O2_UPPER_THRESHOLD_MINUS_ONE/inspection/reachable_loops.tsv,185,f4430d27f3a1ad1c72e0f57fe5ea2e396b4e0d93d2618edb6dfcafe2a0669546,reachable_loops.tsv,omit-exact-duplicate-with-ledger,omitted-exact-same-name-and-content-evidence-copy,mlk_poly_tomsg_cleanroom/MSG01K_R1_T1_MUTATION_FAMILY_FREEZE_V1_af4c5abdd595/frozen_mutation_family_v1/mutants/I1_INIT_ONE/inspection/reachable_loops.tsv,experiments/poly-tomsg/MSG-T1-exact-fips-semantics/05-mutation-sensitivity/01-revised-family-freeze/MSG01K_R1_T1_MUTATION_FAMILY_FREEZE_V1_af4c5abdd595/frozen_mutation_family_v1/mutants/I1_INIT_ONE/inspection/reachable_loops.tsv
mlk_poly_tomsg_cleanroom/MSG01K_R1_T1_MUTATION_FAMILY_FREEZE_V1_af4c5abdd595/frozen_mutation_family_v1/mutants/O2_UPPER_THRESHOLD_MINUS_ONE/source/mlkem/src/compress.c,24427,9201bea6ddd1d7622cc6496d2f745fee52397d203392f75a3d6e52a400de5bad,compress.c,omit-exact-duplicate-with-ledger,omitted-exact-same-name-and-content-evidence-copy,mlk_poly_tomsg_cleanroom/MSG05G_T5_FINAL_ACCEPTANCE_AND_EVIDENCE_FREEZE_20260723T165407Z_af4c5abdd595/04_frozen_source/compress.c,experiments/poly-tomsg/MSG-T5-exact-offset-interval/06-final-acceptance-and-evidence-freeze/MSG05G_T5_FINAL_ACCEPTANCE_AND_EVIDENCE_FREEZE_20260723T165407Z_af4c5abdd595/04_frozen_source/compress.c
mlk_poly_tomsg_cleanroom/MSG01K_R1_T1_MUTATION_FAMILY_FREEZE_V1_af4c5abdd595/frozen_mutation_family_v1/mutants/O2_UPPER_THRESHOLD_MINUS_ONE/source/mlkem/src/compress.h,20187,0f357a30e7ea37351854dc550e502e5a7eaf80184896bf92b40073175706e0dd,compress.h,omit-exact-duplicate-with-ledger,omitted-exact-same-name-and-content-evidence-copy,mlk_poly_tomsg_cleanroom/MSG05G_T5_FINAL_ACCEPTANCE_AND_EVIDENCE_FREEZE_20260723T165407Z_af4c5abdd595/04_frozen_source/compress.h,experiments/poly-tomsg/MSG-T5-exact-offset-interval/06-final-acceptance-and-evidence-freeze/MSG05G_T5_FINAL_ACCEPTANCE_AND_EVIDENCE_FREEZE_20260723T165407Z_af4c5abdd595/04_frozen_source/compress.h
mlk_poly_tomsg_cleanroom/MSG01K_R1_T1_MUTATION_FAMILY_FREEZE_V1_af4c5abdd595/frozen_mutation_family_v1/mutants/O3_REVERSE_ASSERTION_BIT_ORDER/diffs/compress.c.diff,0,e3b0c44298fc1c149afbf4c8996fb92427ae41e4649b934ca495991b7852b855,compress.c.diff,omit-exact-duplicate-with-ledger,omitted-exact-same-name-and-content-evidence-copy,mlk_poly_tomsg_cleanroom/MSG01K_R1_T1_MUTATION_FAMILY_FREEZE_V1_af4c5abdd595/frozen_mutation_family_v1/mutants/I4_INVERT_D1_RESULT/diffs/compress.c.diff,experiments/poly-tomsg/MSG-T1-exact-fips-semantics/05-mutation-sensitivity/01-revised-family-freeze/MSG01K_R1_T1_MUTATION_FAMILY_FREEZE_V1_af4c5abdd595/frozen_mutation_family_v1/mutants/I4_INVERT_D1_RESULT/diffs/compress.c.diff
mlk_poly_tomsg_cleanroom/MSG01K_R1_T1_MUTATION_FAMILY_FREEZE_V1_af4c5abdd595/frozen_mutation_family_v1/mutants/O3_REVERSE_ASSERTION_BIT_ORDER/diffs/compress.h.diff,0,e3b0c44298fc1c149afbf4c8996fb92427ae41e4649b934ca495991b7852b855,compress.h.diff,omit-exact-duplicate-with-ledger,omitted-exact-same-name-and-content-evidence-copy,mlk_poly_tomsg_cleanroom/MSG01K_R1_T1_MUTATION_FAMILY_FREEZE_V1_af4c5abdd595/frozen_mutation_family_v1/mutants/I1_INIT_ONE/diffs/compress.h.diff,experiments/poly-tomsg/MSG-T1-exact-fips-semantics/05-mutation-sensitivity/01-revised-family-freeze/MSG01K_R1_T1_MUTATION_FAMILY_FREEZE_V1_af4c5abdd595/frozen_mutation_family_v1/mutants/I1_INIT_ONE/diffs/compress.h.diff
mlk_poly_tomsg_cleanroom/MSG01K_R1_T1_MUTATION_FAMILY_FREEZE_V1_af4c5abdd595/frozen_mutation_family_v1/mutants/O3_REVERSE_ASSERTION_BIT_ORDER/inspection/build_log.txt,0,e3b0c44298fc1c149afbf4c8996fb92427ae41e4649b934ca495991b7852b855,build_log.txt,omit-exact-duplicate-with-ledger,omitted-exact-same-name-and-content-evidence-copy,mlk_poly_tomsg_cleanroom/MSG01K_R1_T1_MUTATION_FAMILY_FREEZE_V1_af4c5abdd595/frozen_mutation_family_v1/mutants/I1_INIT_ONE/inspection/build_log.txt,experiments/poly-tomsg/MSG-T1-exact-fips-semantics/05-mutation-sensitivity/01-revised-family-freeze/MSG01K_R1_T1_MUTATION_FAMILY_FREEZE_V1_af4c5abdd595/frozen_mutation_family_v1/mutants/I1_INIT_ONE/inspection/build_log.txt
mlk_poly_tomsg_cleanroom/MSG01K_R1_T1_MUTATION_FAMILY_FREEZE_V1_af4c5abdd595/frozen_mutation_family_v1/mutants/O3_REVERSE_ASSERTION_BIT_ORDER/inspection/cbmc_show_properties_stderr.txt,0,e3b0c44298fc1c149afbf4c8996fb92427ae41e4649b934ca495991b7852b855,cbmc_show_properties_stderr.txt,omit-exact-duplicate-with-ledger,omitted-exact-same-name-and-content-evidence-copy,mlk_poly_tomsg_cleanroom/MSG01K_R1_T1_MUTATION_FAMILY_FREEZE_V1_af4c5abdd595/frozen_mutation_family_v1/mutants/I1_INIT_ONE/inspection/cbmc_show_properties_stderr.txt,experiments/poly-tomsg/MSG-T1-exact-fips-semantics/05-mutation-sensitivity/01-revised-family-freeze/MSG01K_R1_T1_MUTATION_FAMILY_FREEZE_V1_af4c5abdd595/frozen_mutation_family_v1/mutants/I1_INIT_ONE/inspection/cbmc_show_properties_stderr.txt
mlk_poly_tomsg_cleanroom/MSG01K_R1_T1_MUTATION_FAMILY_FREEZE_V1_af4c5abdd595/frozen_mutation_family_v1/mutants/O3_REVERSE_ASSERTION_BIT_ORDER/inspection/frozen_unwindset.txt,106,91d6660b38adfd5d5ddc3b6ce9f47f75b18ed2aa5f804b1515923dc7cf09a0f2,frozen_unwindset.txt,omit-exact-duplicate-with-ledger,omitted-exact-same-name-and-content-evidence-copy,mlk_poly_tomsg_cleanroom/MSG01K_R1_T1_MUTATION_FAMILY_FREEZE_V1_af4c5abdd595/frozen_mutation_family_v1/mutants/I1_INIT_ONE/inspection/frozen_unwindset.txt,experiments/poly-tomsg/MSG-T1-exact-fips-semantics/05-mutation-sensitivity/01-revised-family-freeze/MSG01K_R1_T1_MUTATION_FAMILY_FREEZE_V1_af4c5abdd595/frozen_mutation_family_v1/mutants/I1_INIT_ONE/inspection/frozen_unwindset.txt
mlk_poly_tomsg_cleanroom/MSG01K_R1_T1_MUTATION_FAMILY_FREEZE_V1_af4c5abdd595/frozen_mutation_family_v1/mutants/O3_REVERSE_ASSERTION_BIT_ORDER/inspection/model_derivation_output.txt,233,3b046c37c8d70844cd304bd551bdd9b189170678323b465de65523147eb943d2,model_derivation_output.txt,omit-exact-duplicate-with-ledger,omitted-exact-same-name-and-content-evidence-copy,mlk_poly_tomsg_cleanroom/MSG01K_R1_T1_MUTATION_FAMILY_FREEZE_V1_af4c5abdd595/frozen_mutation_family_v1/mutants/I1_INIT_ONE/inspection/model_derivation_output.txt,experiments/poly-tomsg/MSG-T1-exact-fips-semantics/05-mutation-sensitivity/01-revised-family-freeze/MSG01K_R1_T1_MUTATION_FAMILY_FREEZE_V1_af4c5abdd595/frozen_mutation_family_v1/mutants/I1_INIT_ONE/inspection/model_derivation_output.txt
mlk_poly_tomsg_cleanroom/MSG01K_R1_T1_MUTATION_FAMILY_FREEZE_V1_af4c5abdd595/frozen_mutation_family_v1/mutants/O3_REVERSE_ASSERTION_BIT_ORDER/inspection/reachable_functions.txt,74,d711d63ddb5608a9d51a42f986eb76c3fdc2ebe933d957e905f6c8b6f9afeda7,reachable_functions.txt,omit-exact-duplicate-with-ledger,omitted-exact-same-name-and-content-evidence-copy,mlk_poly_tomsg_cleanroom/MSG01K_R1_T1_MUTATION_FAMILY_FREEZE_V1_af4c5abdd595/frozen_mutation_family_v1/mutants/I1_INIT_ONE/inspection/reachable_functions.txt,experiments/poly-tomsg/MSG-T1-exact-fips-semantics/05-mutation-sensitivity/01-revised-family-freeze/MSG01K_R1_T1_MUTATION_FAMILY_FREEZE_V1_af4c5abdd595/frozen_mutation_family_v1/mutants/I1_INIT_ONE/inspection/reachable_functions.txt
mlk_poly_tomsg_cleanroom/MSG01K_R1_T1_MUTATION_FAMILY_FREEZE_V1_af4c5abdd595/frozen_mutation_family_v1/mutants/O3_REVERSE_ASSERTION_BIT_ORDER/inspection/reachable_loops.tsv,185,f4430d27f3a1ad1c72e0f57fe5ea2e396b4e0d93d2618edb6dfcafe2a0669546,reachable_loops.tsv,omit-exact-duplicate-with-ledger,omitted-exact-same-name-and-content-evidence-copy,mlk_poly_tomsg_cleanroom/MSG01K_R1_T1_MUTATION_FAMILY_FREEZE_V1_af4c5abdd595/frozen_mutation_family_v1/mutants/I1_INIT_ONE/inspection/reachable_loops.tsv,experiments/poly-tomsg/MSG-T1-exact-fips-semantics/05-mutation-sensitivity/01-revised-family-freeze/MSG01K_R1_T1_MUTATION_FAMILY_FREEZE_V1_af4c5abdd595/frozen_mutation_family_v1/mutants/I1_INIT_ONE/inspection/reachable_loops.tsv
mlk_poly_tomsg_cleanroom/MSG01K_R1_T1_MUTATION_FAMILY_FREEZE_V1_af4c5abdd595/frozen_mutation_family_v1/mutants/O3_REVERSE_ASSERTION_BIT_ORDER/source/mlkem/src/compress.c,24427,9201bea6ddd1d7622cc6496d2f745fee52397d203392f75a3d6e52a400de5bad,compress.c,omit-exact-duplicate-with-ledger,omitted-exact-same-name-and-content-evidence-copy,mlk_poly_tomsg_cleanroom/MSG05G_T5_FINAL_ACCEPTANCE_AND_EVIDENCE_FREEZE_20260723T165407Z_af4c5abdd595/04_frozen_source/compress.c,experiments/poly-tomsg/MSG-T5-exact-offset-interval/06-final-acceptance-and-evidence-freeze/MSG05G_T5_FINAL_ACCEPTANCE_AND_EVIDENCE_FREEZE_20260723T165407Z_af4c5abdd595/04_frozen_source/compress.c
mlk_poly_tomsg_cleanroom/MSG01K_R1_T1_MUTATION_FAMILY_FREEZE_V1_af4c5abdd595/frozen_mutation_family_v1/mutants/O3_REVERSE_ASSERTION_BIT_ORDER/source/mlkem/src/compress.h,20187,0f357a30e7ea37351854dc550e502e5a7eaf80184896bf92b40073175706e0dd,compress.h,omit-exact-duplicate-with-ledger,omitted-exact-same-name-and-content-evidence-copy,mlk_poly_tomsg_cleanroom/MSG05G_T5_FINAL_ACCEPTANCE_AND_EVIDENCE_FREEZE_20260723T165407Z_af4c5abdd595/04_frozen_source/compress.h,experiments/poly-tomsg/MSG-T5-exact-offset-interval/06-final-acceptance-and-evidence-freeze/MSG05G_T5_FINAL_ACCEPTANCE_AND_EVIDENCE_FREEZE_20260723T165407Z_af4c5abdd595/04_frozen_source/compress.h
mlk_poly_tomsg_cleanroom/MSG01K_R1_T1_MUTATION_FAMILY_FREEZE_V1_af4c5abdd595/frozen_mutation_family_v1/mutants/O4_SHIFT_EXPECTED_COEFFICIENT/diffs/compress.c.diff,0,e3b0c44298fc1c149afbf4c8996fb92427ae41e4649b934ca495991b7852b855,compress.c.diff,omit-exact-duplicate-with-ledger,omitted-exact-same-name-and-content-evidence-copy,mlk_poly_tomsg_cleanroom/MSG01K_R1_T1_MUTATION_FAMILY_FREEZE_V1_af4c5abdd595/frozen_mutation_family_v1/mutants/I4_INVERT_D1_RESULT/diffs/compress.c.diff,experiments/poly-tomsg/MSG-T1-exact-fips-semantics/05-mutation-sensitivity/01-revised-family-freeze/MSG01K_R1_T1_MUTATION_FAMILY_FREEZE_V1_af4c5abdd595/frozen_mutation_family_v1/mutants/I4_INVERT_D1_RESULT/diffs/compress.c.diff
mlk_poly_tomsg_cleanroom/MSG01K_R1_T1_MUTATION_FAMILY_FREEZE_V1_af4c5abdd595/frozen_mutation_family_v1/mutants/O4_SHIFT_EXPECTED_COEFFICIENT/diffs/compress.h.diff,0,e3b0c44298fc1c149afbf4c8996fb92427ae41e4649b934ca495991b7852b855,compress.h.diff,omit-exact-duplicate-with-ledger,omitted-exact-same-name-and-content-evidence-copy,mlk_poly_tomsg_cleanroom/MSG01K_R1_T1_MUTATION_FAMILY_FREEZE_V1_af4c5abdd595/frozen_mutation_family_v1/mutants/I1_INIT_ONE/diffs/compress.h.diff,experiments/poly-tomsg/MSG-T1-exact-fips-semantics/05-mutation-sensitivity/01-revised-family-freeze/MSG01K_R1_T1_MUTATION_FAMILY_FREEZE_V1_af4c5abdd595/frozen_mutation_family_v1/mutants/I1_INIT_ONE/diffs/compress.h.diff
mlk_poly_tomsg_cleanroom/MSG01K_R1_T1_MUTATION_FAMILY_FREEZE_V1_af4c5abdd595/frozen_mutation_family_v1/mutants/O4_SHIFT_EXPECTED_COEFFICIENT/inspection/build_log.txt,0,e3b0c44298fc1c149afbf4c8996fb92427ae41e4649b934ca495991b7852b855,build_log.txt,omit-exact-duplicate-with-ledger,omitted-exact-same-name-and-content-evidence-copy,mlk_poly_tomsg_cleanroom/MSG01K_R1_T1_MUTATION_FAMILY_FREEZE_V1_af4c5abdd595/frozen_mutation_family_v1/mutants/I1_INIT_ONE/inspection/build_log.txt,experiments/poly-tomsg/MSG-T1-exact-fips-semantics/05-mutation-sensitivity/01-revised-family-freeze/MSG01K_R1_T1_MUTATION_FAMILY_FREEZE_V1_af4c5abdd595/frozen_mutation_family_v1/mutants/I1_INIT_ONE/inspection/build_log.txt
mlk_poly_tomsg_cleanroom/MSG01K_R1_T1_MUTATION_FAMILY_FREEZE_V1_af4c5abdd595/frozen_mutation_family_v1/mutants/O4_SHIFT_EXPECTED_COEFFICIENT/inspection/cbmc_show_properties_stderr.txt,0,e3b0c44298fc1c149afbf4c8996fb92427ae41e4649b934ca495991b7852b855,cbmc_show_properties_stderr.txt,omit-exact-duplicate-with-ledger,omitted-exact-same-name-and-content-evidence-copy,mlk_poly_tomsg_cleanroom/MSG01K_R1_T1_MUTATION_FAMILY_FREEZE_V1_af4c5abdd595/frozen_mutation_family_v1/mutants/I1_INIT_ONE/inspection/cbmc_show_properties_stderr.txt,experiments/poly-tomsg/MSG-T1-exact-fips-semantics/05-mutation-sensitivity/01-revised-family-freeze/MSG01K_R1_T1_MUTATION_FAMILY_FREEZE_V1_af4c5abdd595/frozen_mutation_family_v1/mutants/I1_INIT_ONE/inspection/cbmc_show_properties_stderr.txt
mlk_poly_tomsg_cleanroom/MSG01K_R1_T1_MUTATION_FAMILY_FREEZE_V1_af4c5abdd595/frozen_mutation_family_v1/mutants/O4_SHIFT_EXPECTED_COEFFICIENT/inspection/frozen_unwindset.txt,106,91d6660b38adfd5d5ddc3b6ce9f47f75b18ed2aa5f804b1515923dc7cf09a0f2,frozen_unwindset.txt,omit-exact-duplicate-with-ledger,omitted-exact-same-name-and-content-evidence-copy,mlk_poly_tomsg_cleanroom/MSG01K_R1_T1_MUTATION_FAMILY_FREEZE_V1_af4c5abdd595/frozen_mutation_family_v1/mutants/I1_INIT_ONE/inspection/frozen_unwindset.txt,experiments/poly-tomsg/MSG-T1-exact-fips-semantics/05-mutation-sensitivity/01-revised-family-freeze/MSG01K_R1_T1_MUTATION_FAMILY_FREEZE_V1_af4c5abdd595/frozen_mutation_family_v1/mutants/I1_INIT_ONE/inspection/frozen_unwindset.txt
mlk_poly_tomsg_cleanroom/MSG01K_R1_T1_MUTATION_FAMILY_FREEZE_V1_af4c5abdd595/frozen_mutation_family_v1/mutants/O4_SHIFT_EXPECTED_COEFFICIENT/inspection/model_derivation_output.txt,233,3b046c37c8d70844cd304bd551bdd9b189170678323b465de65523147eb943d2,model_derivation_output.txt,omit-exact-duplicate-with-ledger,omitted-exact-same-name-and-content-evidence-copy,mlk_poly_tomsg_cleanroom/MSG01K_R1_T1_MUTATION_FAMILY_FREEZE_V1_af4c5abdd595/frozen_mutation_family_v1/mutants/I1_INIT_ONE/inspection/model_derivation_output.txt,experiments/poly-tomsg/MSG-T1-exact-fips-semantics/05-mutation-sensitivity/01-revised-family-freeze/MSG01K_R1_T1_MUTATION_FAMILY_FREEZE_V1_af4c5abdd595/frozen_mutation_family_v1/mutants/I1_INIT_ONE/inspection/model_derivation_output.txt
mlk_poly_tomsg_cleanroom/MSG01K_R1_T1_MUTATION_FAMILY_FREEZE_V1_af4c5abdd595/frozen_mutation_family_v1/mutants/O4_SHIFT_EXPECTED_COEFFICIENT/inspection/reachable_functions.txt,74,d711d63ddb5608a9d51a42f986eb76c3fdc2ebe933d957e905f6c8b6f9afeda7,reachable_functions.txt,omit-exact-duplicate-with-ledger,omitted-exact-same-name-and-content-evidence-copy,mlk_poly_tomsg_cleanroom/MSG01K_R1_T1_MUTATION_FAMILY_FREEZE_V1_af4c5abdd595/frozen_mutation_family_v1/mutants/I1_INIT_ONE/inspection/reachable_functions.txt,experiments/poly-tomsg/MSG-T1-exact-fips-semantics/05-mutation-sensitivity/01-revised-family-freeze/MSG01K_R1_T1_MUTATION_FAMILY_FREEZE_V1_af4c5abdd595/frozen_mutation_family_v1/mutants/I1_INIT_ONE/inspection/reachable_functions.txt
mlk_poly_tomsg_cleanroom/MSG01K_R1_T1_MUTATION_FAMILY_FREEZE_V1_af4c5abdd595/frozen_mutation_family_v1/mutants/O4_SHIFT_EXPECTED_COEFFICIENT/inspection/reachable_loops.tsv,185,f4430d27f3a1ad1c72e0f57fe5ea2e396b4e0d93d2618edb6dfcafe2a0669546,reachable_loops.tsv,omit-exact-duplicate-with-ledger,omitted-exact-same-name-and-content-evidence-copy,mlk_poly_tomsg_cleanroom/MSG01K_R1_T1_MUTATION_FAMILY_FREEZE_V1_af4c5abdd595/frozen_mutation_family_v1/mutants/I1_INIT_ONE/inspection/reachable_loops.tsv,experiments/poly-tomsg/MSG-T1-exact-fips-semantics/05-mutation-sensitivity/01-revised-family-freeze/MSG01K_R1_T1_MUTATION_FAMILY_FREEZE_V1_af4c5abdd595/frozen_mutation_family_v1/mutants/I1_INIT_ONE/inspection/reachable_loops.tsv
mlk_poly_tomsg_cleanroom/MSG01K_R1_T1_MUTATION_FAMILY_FREEZE_V1_af4c5abdd595/frozen_mutation_family_v1/mutants/O4_SHIFT_EXPECTED_COEFFICIENT/source/mlkem/src/compress.c,24427,9201bea6ddd1d7622cc6496d2f745fee52397d203392f75a3d6e52a400de5bad,compress.c,omit-exact-duplicate-with-ledger,omitted-exact-same-name-and-content-evidence-copy,mlk_poly_tomsg_cleanroom/MSG05G_T5_FINAL_ACCEPTANCE_AND_EVIDENCE_FREEZE_20260723T165407Z_af4c5abdd595/04_frozen_source/compress.c,experiments/poly-tomsg/MSG-T5-exact-offset-interval/06-final-acceptance-and-evidence-freeze/MSG05G_T5_FINAL_ACCEPTANCE_AND_EVIDENCE_FREEZE_20260723T165407Z_af4c5abdd595/04_frozen_source/compress.c
mlk_poly_tomsg_cleanroom/MSG01K_R1_T1_MUTATION_FAMILY_FREEZE_V1_af4c5abdd595/frozen_mutation_family_v1/mutants/O4_SHIFT_EXPECTED_COEFFICIENT/source/mlkem/src/compress.h,20187,0f357a30e7ea37351854dc550e502e5a7eaf80184896bf92b40073175706e0dd,compress.h,omit-exact-duplicate-with-ledger,omitted-exact-same-name-and-content-evidence-copy,mlk_poly_tomsg_cleanroom/MSG05G_T5_FINAL_ACCEPTANCE_AND_EVIDENCE_FREEZE_20260723T165407Z_af4c5abdd595/04_frozen_source/compress.h,experiments/poly-tomsg/MSG-T5-exact-offset-interval/06-final-acceptance-and-evidence-freeze/MSG05G_T5_FINAL_ACCEPTANCE_AND_EVIDENCE_FREEZE_20260723T165407Z_af4c5abdd595/04_frozen_source/compress.h
mlk_poly_tomsg_cleanroom/MSG01K_R1_T1_MUTATION_FAMILY_FREEZE_V1_af4c5abdd595/frozen_mutation_family_v1/MUTATION_FREEZE_MATRIX.tsv,1963,fdd083966854e5c05966ce595516c40a2272c82f5b8f14242ee46557e4f50637,MUTATION_FREEZE_MATRIX.tsv,omit-exact-duplicate-with-ledger,omitted-exact-same-name-and-content-evidence-copy,mlk_poly_tomsg_cleanroom/MSG01M_R2_T1_FINAL_EVIDENCE_CONSOLIDATION_af4c5abdd595/records/04_mutation_freeze/MUTATION_FREEZE_MATRIX.tsv,experiments/poly-tomsg/MSG-T1-exact-fips-semantics/06-final-evidence-consolidation/02-revision-2-final/MSG01M_R2_T1_FINAL_EVIDENCE_CONSOLIDATION_af4c5abdd595/records/04_mutation_freeze/MUTATION_FREEZE_MATRIX.tsv
mlk_poly_tomsg_cleanroom/MSG01K_R1_T1_MUTATION_FAMILY_FREEZE_V1_af4c5abdd595/frozen_mutation_family_v1/MUTATION_PLAN.tsv,862,8c98ab32f557161da9c03b96c6db8789d2ddfd0b08e1eb9ce0f44ff833adefee,MUTATION_PLAN.tsv,omit-exact-duplicate-with-ledger,omitted-exact-same-name-and-content-evidence-copy,mlk_poly_tomsg_cleanroom/MSG01M_R2_T1_FINAL_EVIDENCE_CONSOLIDATION_af4c5abdd595/records/04_mutation_freeze/MUTATION_PLAN.tsv,experiments/poly-tomsg/MSG-T1-exact-fips-semantics/06-final-evidence-consolidation/02-revision-2-final/MSG01M_R2_T1_FINAL_EVIDENCE_CONSOLIDATION_af4c5abdd595/records/04_mutation_freeze/MUTATION_PLAN.tsv
mlk_poly_tomsg_cleanroom/MSG01K_R1_T1_MUTATION_FAMILY_FREEZE_V1_af4c5abdd595/frozen_mutation_family_v1/provenance/MSG01G_R1_ARTIFACT_MANIFEST.sha256,2716,8a08a80f2b476408ff5b80566e0aa797ffc89e2e4c6e35c23ceb041045d1516f,MSG01G_R1_ARTIFACT_MANIFEST.sha256,omit-exact-duplicate-with-ledger,omitted-exact-same-name-and-content-evidence-copy,mlk_poly_tomsg_cleanroom/MSG01M_R2_T1_FINAL_EVIDENCE_CONSOLIDATION_af4c5abdd595/source_manifests/MSG01G_R1_ARTIFACT_MANIFEST.sha256,experiments/poly-tomsg/MSG-T1-exact-fips-semantics/06-final-evidence-consolidation/02-revision-2-final/MSG01M_R2_T1_FINAL_EVIDENCE_CONSOLIDATION_af4c5abdd595/source_manifests/MSG01G_R1_ARTIFACT_MANIFEST.sha256
mlk_poly_tomsg_cleanroom/MSG01K_R1_T1_MUTATION_FAMILY_FREEZE_V1_af4c5abdd595/frozen_mutation_family_v1/provenance/MSG01H_ARTIFACT_MANIFEST.sha256,2196,309fa1a5e4c2440d09f161e68d009bbb5f1f94aa6107aad6d7e57632a10a4607,MSG01H_ARTIFACT_MANIFEST.sha256,omit-exact-duplicate-with-ledger,omitted-exact-same-name-and-content-evidence-copy,mlk_poly_tomsg_cleanroom/MSG01M_R2_T1_FINAL_EVIDENCE_CONSOLIDATION_af4c5abdd595/source_manifests/MSG01H_ARTIFACT_MANIFEST.sha256,experiments/poly-tomsg/MSG-T1-exact-fips-semantics/06-final-evidence-consolidation/02-revision-2-final/MSG01M_R2_T1_FINAL_EVIDENCE_CONSOLIDATION_af4c5abdd595/source_manifests/MSG01H_ARTIFACT_MANIFEST.sha256
mlk_poly_tomsg_cleanroom/MSG01K_R1_T1_MUTATION_FAMILY_FREEZE_V1_af4c5abdd595/frozen_mutation_family_v1/provenance/MSG01H_POSITIVE_EXECUTION_SUMMARY.txt,930,ce0cc6e8e477c0329ca74ad4f24a9d202d49faaab9222bb050e04a0161f07c64,MSG01H_POSITIVE_EXECUTION_SUMMARY.txt,omit-exact-duplicate-with-ledger,omitted-exact-same-name-and-content-evidence-copy,mlk_poly_tomsg_cleanroom/MSG01M_R2_T1_FINAL_EVIDENCE_CONSOLIDATION_af4c5abdd595/records/02_positive_proof/MSG01H_POSITIVE_EXECUTION_SUMMARY.txt,experiments/poly-tomsg/MSG-T1-exact-fips-semantics/06-final-evidence-consolidation/02-revision-2-final/MSG01M_R2_T1_FINAL_EVIDENCE_CONSOLIDATION_af4c5abdd595/records/02_positive_proof/MSG01H_POSITIVE_EXECUTION_SUMMARY.txt
mlk_poly_tomsg_cleanroom/MSG01K_R1_T1_MUTATION_FAMILY_FREEZE_V1_af4c5abdd595/frozen_mutation_family_v1/provenance/MSG01J_R3_ARTIFACT_MANIFEST.sha256,5533,f8c0618edb8859eedde71e4ef0daec3d4129938459cdbd660c2de7ca646d4332,MSG01J_R3_ARTIFACT_MANIFEST.sha256,omit-exact-duplicate-with-ledger,omitted-exact-same-name-and-content-evidence-copy,mlk_poly_tomsg_cleanroom/MSG01M_R2_T1_FINAL_EVIDENCE_CONSOLIDATION_af4c5abdd595/source_manifests/MSG01J_R3_ARTIFACT_MANIFEST.sha256,experiments/poly-tomsg/MSG-T1-exact-fips-semantics/06-final-evidence-consolidation/02-revision-2-final/MSG01M_R2_T1_FINAL_EVIDENCE_CONSOLIDATION_af4c5abdd595/source_manifests/MSG01J_R3_ARTIFACT_MANIFEST.sha256
mlk_poly_tomsg_cleanroom/MSG01K_R1_T1_MUTATION_FAMILY_FREEZE_V1_af4c5abdd595/frozen_mutation_family_v1/provenance/MSG01J_R3_REACHABILITY_RESULT.md,1231,a696edec360a189a40668032146e3299c30b475bd5b640c3004cd347cf0c180d,MSG01J_R3_REACHABILITY_RESULT.md,omit-exact-duplicate-with-ledger,omitted-exact-same-name-and-content-evidence-copy,mlk_poly_tomsg_cleanroom/MSG01M_R2_T1_FINAL_EVIDENCE_CONSOLIDATION_af4c5abdd595/records/03_nonvacuity/MSG01J_R3_REACHABILITY_RESULT.md,experiments/poly-tomsg/MSG-T1-exact-fips-semantics/06-final-evidence-consolidation/02-revision-2-final/MSG01M_R2_T1_FINAL_EVIDENCE_CONSOLIDATION_af4c5abdd595/records/03_nonvacuity/MSG01J_R3_REACHABILITY_RESULT.md
mlk_poly_tomsg_cleanroom/MSG01K_R1_T1_MUTATION_FAMILY_FREEZE_V1_af4c5abdd595/frozen_mutation_family_v1/provenance/MSG01J_R3_REACHABILITY_SUMMARY.txt,1319,f9915e3452b7ea07b332c368e3a03a0f36c50315810879302785779efc365822,MSG01J_R3_REACHABILITY_SUMMARY.txt,omit-exact-duplicate-with-ledger,omitted-exact-same-name-and-content-evidence-copy,mlk_poly_tomsg_cleanroom/MSG01M_R2_T1_FINAL_EVIDENCE_CONSOLIDATION_af4c5abdd595/records/03_nonvacuity/MSG01J_R3_REACHABILITY_SUMMARY.txt,experiments/poly-tomsg/MSG-T1-exact-fips-semantics/06-final-evidence-consolidation/02-revision-2-final/MSG01M_R2_T1_FINAL_EVIDENCE_CONSOLIDATION_af4c5abdd595/records/03_nonvacuity/MSG01J_R3_REACHABILITY_SUMMARY.txt
mlk_poly_tomsg_cleanroom/MSG01K_R1_T1_MUTATION_FAMILY_FREEZE_V1_af4c5abdd595/frozen_mutation_family_v1/SEMANTIC_WITNESS_REPORT.txt,567,287be9121e2077fbf984796525b91b285851c47d929affc62bba885c9799dfb0,SEMANTIC_WITNESS_REPORT.txt,omit-exact-duplicate-with-ledger,omitted-exact-same-name-and-content-evidence-copy,mlk_poly_tomsg_cleanroom/MSG01M_R2_T1_FINAL_EVIDENCE_CONSOLIDATION_af4c5abdd595/records/04_mutation_freeze/SEMANTIC_WITNESS_REPORT.txt,experiments/poly-tomsg/MSG-T1-exact-fips-semantics/06-final-evidence-consolidation/02-revision-2-final/MSG01M_R2_T1_FINAL_EVIDENCE_CONSOLIDATION_af4c5abdd595/records/04_mutation_freeze/SEMANTIC_WITNESS_REPORT.txt
mlk_poly_tomsg_cleanroom/MSG01K_R1_T1_MUTATION_FAMILY_FREEZE_V1_af4c5abdd595/MSG01K_R1_ARTIFACT_MANIFEST.sha256,31912,099d16483264133b7a5e6a978facb5b253ccb79211d16b87624a8587329ddc66,MSG01K_R1_ARTIFACT_MANIFEST.sha256,omit-exact-duplicate-with-ledger,omitted-exact-same-name-and-content-evidence-copy,mlk_poly_tomsg_cleanroom/MSG01M_R2_T1_FINAL_EVIDENCE_CONSOLIDATION_af4c5abdd595/source_manifests/MSG01K_R1_ARTIFACT_MANIFEST.sha256,experiments/poly-tomsg/MSG-T1-exact-fips-semantics/06-final-evidence-consolidation/02-revision-2-final/MSG01M_R2_T1_FINAL_EVIDENCE_CONSOLIDATION_af4c5abdd595/source_manifests/MSG01K_R1_ARTIFACT_MANIFEST.sha256
mlk_poly_tomsg_cleanroom/MSG01K_R1_T1_MUTATION_FAMILY_FREEZE_V1_af4c5abdd595/MSG01K_R1_ARTIFACT_MANIFEST.sha256.sha256,101,fcc4a4b4ba0cd6913f08258a2ed70069ae754b7b99adad8f6e05cd2167ffbac8,MSG01K_R1_ARTIFACT_MANIFEST.sha256.sha256,omit-exact-duplicate-with-ledger,omitted-exact-same-name-and-content-evidence-copy,mlk_poly_tomsg_cleanroom/MSG01M_R2_T1_FINAL_EVIDENCE_CONSOLIDATION_af4c5abdd595/source_manifests/MSG01K_R1_ARTIFACT_MANIFEST.sha256.sha256,experiments/poly-tomsg/MSG-T1-exact-fips-semantics/06-final-evidence-consolidation/02-revision-2-final/MSG01M_R2_T1_FINAL_EVIDENCE_CONSOLIDATION_af4c5abdd595/source_manifests/MSG01K_R1_ARTIFACT_MANIFEST.sha256.sha256
mlk_poly_tomsg_cleanroom/MSG01K_T1_MUTATION_FAMILY_FREEZE_V1_af4c5abdd595/frozen_mutation_family_v1/mutants/I1_INIT_ONE/harness/msg_t1_exact_fips_mutant.c,2502,5ce480427d7792b3dca091ac198b43562c4d4dfd6c9d96dae5a73e7ef1e72b55,msg_t1_exact_fips_mutant.c,omit-exact-duplicate-with-ledger,omitted-exact-same-name-and-content-evidence-copy,mlk_poly_tomsg_cleanroom/MSG01K_R1_T1_MUTATION_FAMILY_FREEZE_V1_af4c5abdd595/frozen_mutation_family_v1/mutants/I1_INIT_ONE/harness/msg_t1_exact_fips_mutant.c,experiments/poly-tomsg/MSG-T1-exact-fips-semantics/05-mutation-sensitivity/01-revised-family-freeze/MSG01K_R1_T1_MUTATION_FAMILY_FREEZE_V1_af4c5abdd595/frozen_mutation_family_v1/mutants/I1_INIT_ONE/harness/msg_t1_exact_fips_mutant.c
mlk_poly_tomsg_cleanroom/MSG01K_T1_MUTATION_FAMILY_FREEZE_V1_af4c5abdd595/frozen_mutation_family_v1/mutants/I1_INIT_ONE/source/mlkem/src/compress.c,24427,9201bea6ddd1d7622cc6496d2f745fee52397d203392f75a3d6e52a400de5bad,compress.c,omit-exact-duplicate-with-ledger,omitted-exact-same-name-and-content-evidence-copy,mlk_poly_tomsg_cleanroom/MSG05G_T5_FINAL_ACCEPTANCE_AND_EVIDENCE_FREEZE_20260723T165407Z_af4c5abdd595/04_frozen_source/compress.c,experiments/poly-tomsg/MSG-T5-exact-offset-interval/06-final-acceptance-and-evidence-freeze/MSG05G_T5_FINAL_ACCEPTANCE_AND_EVIDENCE_FREEZE_20260723T165407Z_af4c5abdd595/04_frozen_source/compress.c
mlk_poly_tomsg_cleanroom/MSG01K_T1_MUTATION_FAMILY_FREEZE_V1_af4c5abdd595/frozen_mutation_family_v1/mutants/I1_INIT_ONE/source/mlkem/src/compress.h,20187,0f357a30e7ea37351854dc550e502e5a7eaf80184896bf92b40073175706e0dd,compress.h,omit-exact-duplicate-with-ledger,omitted-exact-same-name-and-content-evidence-copy,mlk_poly_tomsg_cleanroom/MSG05G_T5_FINAL_ACCEPTANCE_AND_EVIDENCE_FREEZE_20260723T165407Z_af4c5abdd595/04_frozen_source/compress.h,experiments/poly-tomsg/MSG-T5-exact-offset-interval/06-final-acceptance-and-evidence-freeze/MSG05G_T5_FINAL_ACCEPTANCE_AND_EVIDENCE_FREEZE_20260723T165407Z_af4c5abdd595/04_frozen_source/compress.h
mlk_poly_tomsg_cleanroom/MSG01K_T1_MUTATION_FAMILY_FREEZE_V1_af4c5abdd595/frozen_mutation_family_v1/provenance/MSG01G_R1_ARTIFACT_MANIFEST.sha256,2716,8a08a80f2b476408ff5b80566e0aa797ffc89e2e4c6e35c23ceb041045d1516f,MSG01G_R1_ARTIFACT_MANIFEST.sha256,omit-exact-duplicate-with-ledger,omitted-exact-same-name-and-content-evidence-copy,mlk_poly_tomsg_cleanroom/MSG01M_R2_T1_FINAL_EVIDENCE_CONSOLIDATION_af4c5abdd595/source_manifests/MSG01G_R1_ARTIFACT_MANIFEST.sha256,experiments/poly-tomsg/MSG-T1-exact-fips-semantics/06-final-evidence-consolidation/02-revision-2-final/MSG01M_R2_T1_FINAL_EVIDENCE_CONSOLIDATION_af4c5abdd595/source_manifests/MSG01G_R1_ARTIFACT_MANIFEST.sha256
mlk_poly_tomsg_cleanroom/MSG01K_T1_MUTATION_FAMILY_FREEZE_V1_af4c5abdd595/frozen_mutation_family_v1/provenance/MSG01H_ARTIFACT_MANIFEST.sha256,2196,309fa1a5e4c2440d09f161e68d009bbb5f1f94aa6107aad6d7e57632a10a4607,MSG01H_ARTIFACT_MANIFEST.sha256,omit-exact-duplicate-with-ledger,omitted-exact-same-name-and-content-evidence-copy,mlk_poly_tomsg_cleanroom/MSG01M_R2_T1_FINAL_EVIDENCE_CONSOLIDATION_af4c5abdd595/source_manifests/MSG01H_ARTIFACT_MANIFEST.sha256,experiments/poly-tomsg/MSG-T1-exact-fips-semantics/06-final-evidence-consolidation/02-revision-2-final/MSG01M_R2_T1_FINAL_EVIDENCE_CONSOLIDATION_af4c5abdd595/source_manifests/MSG01H_ARTIFACT_MANIFEST.sha256
mlk_poly_tomsg_cleanroom/MSG01K_T1_MUTATION_FAMILY_FREEZE_V1_af4c5abdd595/frozen_mutation_family_v1/provenance/MSG01H_POSITIVE_EXECUTION_SUMMARY.txt,930,ce0cc6e8e477c0329ca74ad4f24a9d202d49faaab9222bb050e04a0161f07c64,MSG01H_POSITIVE_EXECUTION_SUMMARY.txt,omit-exact-duplicate-with-ledger,omitted-exact-same-name-and-content-evidence-copy,mlk_poly_tomsg_cleanroom/MSG01M_R2_T1_FINAL_EVIDENCE_CONSOLIDATION_af4c5abdd595/records/02_positive_proof/MSG01H_POSITIVE_EXECUTION_SUMMARY.txt,experiments/poly-tomsg/MSG-T1-exact-fips-semantics/06-final-evidence-consolidation/02-revision-2-final/MSG01M_R2_T1_FINAL_EVIDENCE_CONSOLIDATION_af4c5abdd595/records/02_positive_proof/MSG01H_POSITIVE_EXECUTION_SUMMARY.txt
mlk_poly_tomsg_cleanroom/MSG01K_T1_MUTATION_FAMILY_FREEZE_V1_af4c5abdd595/frozen_mutation_family_v1/provenance/MSG01J_R3_ARTIFACT_MANIFEST.sha256,5533,f8c0618edb8859eedde71e4ef0daec3d4129938459cdbd660c2de7ca646d4332,MSG01J_R3_ARTIFACT_MANIFEST.sha256,omit-exact-duplicate-with-ledger,omitted-exact-same-name-and-content-evidence-copy,mlk_poly_tomsg_cleanroom/MSG01M_R2_T1_FINAL_EVIDENCE_CONSOLIDATION_af4c5abdd595/source_manifests/MSG01J_R3_ARTIFACT_MANIFEST.sha256,experiments/poly-tomsg/MSG-T1-exact-fips-semantics/06-final-evidence-consolidation/02-revision-2-final/MSG01M_R2_T1_FINAL_EVIDENCE_CONSOLIDATION_af4c5abdd595/source_manifests/MSG01J_R3_ARTIFACT_MANIFEST.sha256
mlk_poly_tomsg_cleanroom/MSG01K_T1_MUTATION_FAMILY_FREEZE_V1_af4c5abdd595/frozen_mutation_family_v1/provenance/MSG01J_R3_REACHABILITY_RESULT.md,1231,a696edec360a189a40668032146e3299c30b475bd5b640c3004cd347cf0c180d,MSG01J_R3_REACHABILITY_RESULT.md,omit-exact-duplicate-with-ledger,omitted-exact-same-name-and-content-evidence-copy,mlk_poly_tomsg_cleanroom/MSG01M_R2_T1_FINAL_EVIDENCE_CONSOLIDATION_af4c5abdd595/records/03_nonvacuity/MSG01J_R3_REACHABILITY_RESULT.md,experiments/poly-tomsg/MSG-T1-exact-fips-semantics/06-final-evidence-consolidation/02-revision-2-final/MSG01M_R2_T1_FINAL_EVIDENCE_CONSOLIDATION_af4c5abdd595/records/03_nonvacuity/MSG01J_R3_REACHABILITY_RESULT.md
mlk_poly_tomsg_cleanroom/MSG01K_T1_MUTATION_FAMILY_FREEZE_V1_af4c5abdd595/frozen_mutation_family_v1/provenance/MSG01J_R3_REACHABILITY_SUMMARY.txt,1319,f9915e3452b7ea07b332c368e3a03a0f36c50315810879302785779efc365822,MSG01J_R3_REACHABILITY_SUMMARY.txt,omit-exact-duplicate-with-ledger,omitted-exact-same-name-and-content-evidence-copy,mlk_poly_tomsg_cleanroom/MSG01M_R2_T1_FINAL_EVIDENCE_CONSOLIDATION_af4c5abdd595/records/03_nonvacuity/MSG01J_R3_REACHABILITY_SUMMARY.txt,experiments/poly-tomsg/MSG-T1-exact-fips-semantics/06-final-evidence-consolidation/02-revision-2-final/MSG01M_R2_T1_FINAL_EVIDENCE_CONSOLIDATION_af4c5abdd595/records/03_nonvacuity/MSG01J_R3_REACHABILITY_SUMMARY.txt
mlk_poly_tomsg_cleanroom/MSG01K_T1_MUTATION_FAMILY_FREEZE_V1_af4c5abdd595/frozen_mutation_family_v1/support/msg01f_compress_direct_wrap_scope.h,757,7820ea424366906c1a10271579500c2eee94372c03e589560f82a046d545c42b,msg01f_compress_direct_wrap_scope.h,omit-exact-duplicate-with-ledger,omitted-exact-same-name-and-content-evidence-copy,mlk_poly_tomsg_cleanroom/MSG01K_R1_T1_MUTATION_FAMILY_FREEZE_V1_af4c5abdd595/frozen_mutation_family_v1/support/msg01f_compress_direct_wrap_scope.h,experiments/poly-tomsg/MSG-T1-exact-fips-semantics/05-mutation-sensitivity/01-revised-family-freeze/MSG01K_R1_T1_MUTATION_FAMILY_FREEZE_V1_af4c5abdd595/frozen_mutation_family_v1/support/msg01f_compress_direct_wrap_scope.h
mlk_poly_tomsg_cleanroom/MSG01K_T1_MUTATION_FAMILY_FREEZE_V1_af4c5abdd595/frozen_mutation_family_v1/support/msg01f_fail_closed_zeroize.h,269,b71285ddfe229382a0402461f023defcf80a4941aaf35c3db732086ff312779a,msg01f_fail_closed_zeroize.h,omit-exact-duplicate-with-ledger,omitted-exact-same-name-and-content-evidence-copy,mlk_poly_tomsg_cleanroom/MSG01K_R1_T1_MUTATION_FAMILY_FREEZE_V1_af4c5abdd595/frozen_mutation_family_v1/support/msg01f_fail_closed_zeroize.h,experiments/poly-tomsg/MSG-T1-exact-fips-semantics/05-mutation-sensitivity/01-revised-family-freeze/MSG01K_R1_T1_MUTATION_FAMILY_FREEZE_V1_af4c5abdd595/frozen_mutation_family_v1/support/msg01f_fail_closed_zeroize.h
mlk_poly_tomsg_cleanroom/MSG01K_T1_MUTATION_FAMILY_FREEZE_V1_af4c5abdd595/frozen_mutation_family_v1/support/msg01f_optblocker_zero.c,260,3338ed52257c20fe3edb62bf0a4ceb16680c20332b04d19e1a2fdbf6dc3aefb2,msg01f_optblocker_zero.c,omit-exact-duplicate-with-ledger,omitted-exact-same-name-and-content-evidence-copy,mlk_poly_tomsg_cleanroom/MSG01K_R1_T1_MUTATION_FAMILY_FREEZE_V1_af4c5abdd595/frozen_mutation_family_v1/support/msg01f_optblocker_zero.c,experiments/poly-tomsg/MSG-T1-exact-fips-semantics/05-mutation-sensitivity/01-revised-family-freeze/MSG01K_R1_T1_MUTATION_FAMILY_FREEZE_V1_af4c5abdd595/frozen_mutation_family_v1/support/msg01f_optblocker_zero.c
mlk_poly_tomsg_cleanroom/MSG01K_T1_MUTATION_FAMILY_FREEZE_V1_af4c5abdd595/frozen_mutation_family_v1/support/msg01f_verify_pragma_scope.h,483,0aacacb9a12ef28be9044ee3593930e69e67fcf1b107ed81ccbde9f047edb489,msg01f_verify_pragma_scope.h,omit-exact-duplicate-with-ledger,omitted-exact-same-name-and-content-evidence-copy,mlk_poly_tomsg_cleanroom/MSG01K_R1_T1_MUTATION_FAMILY_FREEZE_V1_af4c5abdd595/frozen_mutation_family_v1/support/msg01f_verify_pragma_scope.h,experiments/poly-tomsg/MSG-T1-exact-fips-semantics/05-mutation-sensitivity/01-revised-family-freeze/MSG01K_R1_T1_MUTATION_FAMILY_FREEZE_V1_af4c5abdd595/frozen_mutation_family_v1/support/msg01f_verify_pragma_scope.h
mlk_poly_tomsg_cleanroom/MSG01L_R1_T1_MUTATION_EXECUTION_RUN1_af4c5abdd595/MSG01L_R1_ARTIFACT_MANIFEST.sha256,7864,d4c4cebe9d87a7b15db707307faf2b2b8adc6e57d6b4e9aa28009164b48606b8,MSG01L_R1_ARTIFACT_MANIFEST.sha256,omit-exact-duplicate-with-ledger,omitted-exact-same-name-and-content-evidence-copy,mlk_poly_tomsg_cleanroom/MSG01M_R2_T1_FINAL_EVIDENCE_CONSOLIDATION_af4c5abdd595/source_manifests/MSG01L_R1_ARTIFACT_MANIFEST.sha256,experiments/poly-tomsg/MSG-T1-exact-fips-semantics/06-final-evidence-consolidation/02-revision-2-final/MSG01M_R2_T1_FINAL_EVIDENCE_CONSOLIDATION_af4c5abdd595/source_manifests/MSG01L_R1_ARTIFACT_MANIFEST.sha256
mlk_poly_tomsg_cleanroom/MSG01L_R1_T1_MUTATION_EXECUTION_RUN1_af4c5abdd595/MSG01L_R1_ARTIFACT_MANIFEST.sha256.sha256,101,d58a007ef2fb704973cd088716433df32b636417531bf4b0c482ee659ae567a9,MSG01L_R1_ARTIFACT_MANIFEST.sha256.sha256,omit-exact-duplicate-with-ledger,omitted-exact-same-name-and-content-evidence-copy,mlk_poly_tomsg_cleanroom/MSG01M_R2_T1_FINAL_EVIDENCE_CONSOLIDATION_af4c5abdd595/source_manifests/MSG01L_R1_ARTIFACT_MANIFEST.sha256.sha256,experiments/poly-tomsg/MSG-T1-exact-fips-semantics/06-final-evidence-consolidation/02-revision-2-final/MSG01M_R2_T1_FINAL_EVIDENCE_CONSOLIDATION_af4c5abdd595/source_manifests/MSG01L_R1_ARTIFACT_MANIFEST.sha256.sha256
mlk_poly_tomsg_cleanroom/MSG01L_R1_T1_MUTATION_EXECUTION_RUN1_af4c5abdd595/MSG01L_R1_MUTATION_EXECUTION_RESULT.md,1382,eecf39232b23a611f1495b536bc40e4d5b09c53c2b008dac37957e50355d431b,MSG01L_R1_MUTATION_EXECUTION_RESULT.md,omit-exact-duplicate-with-ledger,omitted-exact-same-name-and-content-evidence-copy,mlk_poly_tomsg_cleanroom/MSG01M_R2_T1_FINAL_EVIDENCE_CONSOLIDATION_af4c5abdd595/records/05_mutation_execution/MSG01L_R1_MUTATION_EXECUTION_RESULT.md,experiments/poly-tomsg/MSG-T1-exact-fips-semantics/06-final-evidence-consolidation/02-revision-2-final/MSG01M_R2_T1_FINAL_EVIDENCE_CONSOLIDATION_af4c5abdd595/records/05_mutation_execution/MSG01L_R1_MUTATION_EXECUTION_RESULT.md
mlk_poly_tomsg_cleanroom/MSG01L_R1_T1_MUTATION_EXECUTION_RUN1_af4c5abdd595/MSG01L_R1_MUTATION_EXECUTION_SUMMARY.txt,845,0270c00ee9c5bf070f92fd864995763bd1a486ddf0d795ec625cba706f4dd062,MSG01L_R1_MUTATION_EXECUTION_SUMMARY.txt,omit-exact-duplicate-with-ledger,omitted-exact-same-name-and-content-evidence-copy,mlk_poly_tomsg_cleanroom/MSG01M_R2_T1_FINAL_EVIDENCE_CONSOLIDATION_af4c5abdd595/records/05_mutation_execution/MSG01L_R1_MUTATION_EXECUTION_SUMMARY.txt,experiments/poly-tomsg/MSG-T1-exact-fips-semantics/06-final-evidence-consolidation/02-revision-2-final/MSG01M_R2_T1_FINAL_EVIDENCE_CONSOLIDATION_af4c5abdd595/records/05_mutation_execution/MSG01L_R1_MUTATION_EXECUTION_SUMMARY.txt
mlk_poly_tomsg_cleanroom/MSG01L_R1_T1_MUTATION_EXECUTION_RUN1_af4c5abdd595/provenance/MSG01H_POSITIVE_EXECUTION_SUMMARY.txt,930,ce0cc6e8e477c0329ca74ad4f24a9d202d49faaab9222bb050e04a0161f07c64,MSG01H_POSITIVE_EXECUTION_SUMMARY.txt,omit-exact-duplicate-with-ledger,omitted-exact-same-name-and-content-evidence-copy,mlk_poly_tomsg_cleanroom/MSG01M_R2_T1_FINAL_EVIDENCE_CONSOLIDATION_af4c5abdd595/records/02_positive_proof/MSG01H_POSITIVE_EXECUTION_SUMMARY.txt,experiments/poly-tomsg/MSG-T1-exact-fips-semantics/06-final-evidence-consolidation/02-revision-2-final/MSG01M_R2_T1_FINAL_EVIDENCE_CONSOLIDATION_af4c5abdd595/records/02_positive_proof/MSG01H_POSITIVE_EXECUTION_SUMMARY.txt
mlk_poly_tomsg_cleanroom/MSG01L_R1_T1_MUTATION_EXECUTION_RUN1_af4c5abdd595/provenance/MSG01J_R3_REACHABILITY_SUMMARY.txt,1319,f9915e3452b7ea07b332c368e3a03a0f36c50315810879302785779efc365822,MSG01J_R3_REACHABILITY_SUMMARY.txt,omit-exact-duplicate-with-ledger,omitted-exact-same-name-and-content-evidence-copy,mlk_poly_tomsg_cleanroom/MSG01M_R2_T1_FINAL_EVIDENCE_CONSOLIDATION_af4c5abdd595/records/03_nonvacuity/MSG01J_R3_REACHABILITY_SUMMARY.txt,experiments/poly-tomsg/MSG-T1-exact-fips-semantics/06-final-evidence-consolidation/02-revision-2-final/MSG01M_R2_T1_FINAL_EVIDENCE_CONSOLIDATION_af4c5abdd595/records/03_nonvacuity/MSG01J_R3_REACHABILITY_SUMMARY.txt
mlk_poly_tomsg_cleanroom/MSG01L_R1_T1_MUTATION_EXECUTION_RUN1_af4c5abdd595/provenance/MSG01K_R1_ARTIFACT_MANIFEST.sha256,31912,099d16483264133b7a5e6a978facb5b253ccb79211d16b87624a8587329ddc66,MSG01K_R1_ARTIFACT_MANIFEST.sha256,omit-exact-duplicate-with-ledger,omitted-exact-same-name-and-content-evidence-copy,mlk_poly_tomsg_cleanroom/MSG01M_R2_T1_FINAL_EVIDENCE_CONSOLIDATION_af4c5abdd595/source_manifests/MSG01K_R1_ARTIFACT_MANIFEST.sha256,experiments/poly-tomsg/MSG-T1-exact-fips-semantics/06-final-evidence-consolidation/02-revision-2-final/MSG01M_R2_T1_FINAL_EVIDENCE_CONSOLIDATION_af4c5abdd595/source_manifests/MSG01K_R1_ARTIFACT_MANIFEST.sha256
mlk_poly_tomsg_cleanroom/MSG01L_R1_T1_MUTATION_EXECUTION_RUN1_af4c5abdd595/provenance/MSG01K_R1_ARTIFACT_MANIFEST.sha256.sha256,101,fcc4a4b4ba0cd6913f08258a2ed70069ae754b7b99adad8f6e05cd2167ffbac8,MSG01K_R1_ARTIFACT_MANIFEST.sha256.sha256,omit-exact-duplicate-with-ledger,omitted-exact-same-name-and-content-evidence-copy,mlk_poly_tomsg_cleanroom/MSG01M_R2_T1_FINAL_EVIDENCE_CONSOLIDATION_af4c5abdd595/source_manifests/MSG01K_R1_ARTIFACT_MANIFEST.sha256.sha256,experiments/poly-tomsg/MSG-T1-exact-fips-semantics/06-final-evidence-consolidation/02-revision-2-final/MSG01M_R2_T1_FINAL_EVIDENCE_CONSOLIDATION_af4c5abdd595/source_manifests/MSG01K_R1_ARTIFACT_MANIFEST.sha256.sha256
mlk_poly_tomsg_cleanroom/MSG01L_R1_T1_MUTATION_EXECUTION_RUN1_af4c5abdd595/provenance/MSG01K_R1_MUTATION_FAMILY_FREEZE_RECORD.md,1211,f922d3e2e4652704233fa6718c2575d40621fe0e2c618b6dd6a8977ee7ef56fe,MSG01K_R1_MUTATION_FAMILY_FREEZE_RECORD.md,omit-exact-duplicate-with-ledger,omitted-exact-same-name-and-content-evidence-copy,mlk_poly_tomsg_cleanroom/MSG01M_R2_T1_FINAL_EVIDENCE_CONSOLIDATION_af4c5abdd595/records/04_mutation_freeze/MSG01K_R1_MUTATION_FAMILY_FREEZE_RECORD.md,experiments/poly-tomsg/MSG-T1-exact-fips-semantics/06-final-evidence-consolidation/02-revision-2-final/MSG01M_R2_T1_FINAL_EVIDENCE_CONSOLIDATION_af4c5abdd595/records/04_mutation_freeze/MSG01K_R1_MUTATION_FAMILY_FREEZE_RECORD.md
mlk_poly_tomsg_cleanroom/MSG01L_R1_T1_MUTATION_EXECUTION_RUN1_af4c5abdd595/provenance/MSG01K_R1_MUTATION_FAMILY_FREEZE_SUMMARY.txt,780,095c0f46cf990bc1268b6deb15c6d519ebc433029864855dc06d40a5c0cae3ea,MSG01K_R1_MUTATION_FAMILY_FREEZE_SUMMARY.txt,omit-exact-duplicate-with-ledger,omitted-exact-same-name-and-content-evidence-copy,mlk_poly_tomsg_cleanroom/MSG01M_R2_T1_FINAL_EVIDENCE_CONSOLIDATION_af4c5abdd595/records/04_mutation_freeze/MSG01K_R1_MUTATION_FAMILY_FREEZE_SUMMARY.txt,experiments/poly-tomsg/MSG-T1-exact-fips-semantics/06-final-evidence-consolidation/02-revision-2-final/MSG01M_R2_T1_FINAL_EVIDENCE_CONSOLIDATION_af4c5abdd595/records/04_mutation_freeze/MSG01K_R1_MUTATION_FAMILY_FREEZE_SUMMARY.txt
mlk_poly_tomsg_cleanroom/MSG01L_R1_T1_MUTATION_EXECUTION_RUN1_af4c5abdd595/results/I1_INIT_ONE/exit_code.txt,3,917df3320d778ddbaa5c5c7742bc4046bf803c36ed2b050f30844ed206783469,exit_code.txt,omit-exact-duplicate-with-ledger,omitted-exact-same-name-and-content-evidence-copy,mlk_poly_tomsg_cleanroom/MSG01J_R3_T1_REACHABILITY_NONVACUITY_FINAL_af4c5abdd595/new_controls/U4_TARGET_INNER_LOOP/exit_code.txt,experiments/poly-tomsg/MSG-T1-exact-fips-semantics/04-reachability-nonvacuity/03-final-run/MSG01J_R3_T1_REACHABILITY_NONVACUITY_FINAL_af4c5abdd595/new_controls/U4_TARGET_INNER_LOOP/exit_code.txt
mlk_poly_tomsg_cleanroom/MSG01L_R1_T1_MUTATION_EXECUTION_RUN1_af4c5abdd595/results/I2_REVERSE_COEFF_WITHIN_BYTE/exit_code.txt,3,917df3320d778ddbaa5c5c7742bc4046bf803c36ed2b050f30844ed206783469,exit_code.txt,omit-exact-duplicate-with-ledger,omitted-exact-same-name-and-content-evidence-copy,mlk_poly_tomsg_cleanroom/MSG01J_R3_T1_REACHABILITY_NONVACUITY_FINAL_af4c5abdd595/new_controls/U4_TARGET_INNER_LOOP/exit_code.txt,experiments/poly-tomsg/MSG-T1-exact-fips-semantics/04-reachability-nonvacuity/03-final-run/MSG01J_R3_T1_REACHABILITY_NONVACUITY_FINAL_af4c5abdd595/new_controls/U4_TARGET_INNER_LOOP/exit_code.txt
mlk_poly_tomsg_cleanroom/MSG01L_R1_T1_MUTATION_EXECUTION_RUN1_af4c5abdd595/results/I3_ROTATE_OUTPUT_BIT_LEFT/exit_code.txt,3,917df3320d778ddbaa5c5c7742bc4046bf803c36ed2b050f30844ed206783469,exit_code.txt,omit-exact-duplicate-with-ledger,omitted-exact-same-name-and-content-evidence-copy,mlk_poly_tomsg_cleanroom/MSG01J_R3_T1_REACHABILITY_NONVACUITY_FINAL_af4c5abdd595/new_controls/U4_TARGET_INNER_LOOP/exit_code.txt,experiments/poly-tomsg/MSG-T1-exact-fips-semantics/04-reachability-nonvacuity/03-final-run/MSG01J_R3_T1_REACHABILITY_NONVACUITY_FINAL_af4c5abdd595/new_controls/U4_TARGET_INNER_LOOP/exit_code.txt
mlk_poly_tomsg_cleanroom/MSG01L_R1_T1_MUTATION_EXECUTION_RUN1_af4c5abdd595/results/I4_INVERT_D1_RESULT/exit_code.txt,3,917df3320d778ddbaa5c5c7742bc4046bf803c36ed2b050f30844ed206783469,exit_code.txt,omit-exact-duplicate-with-ledger,omitted-exact-same-name-and-content-evidence-copy,mlk_poly_tomsg_cleanroom/MSG01J_R3_T1_REACHABILITY_NONVACUITY_FINAL_af4c5abdd595/new_controls/U4_TARGET_INNER_LOOP/exit_code.txt,experiments/poly-tomsg/MSG-T1-exact-fips-semantics/04-reachability-nonvacuity/03-final-run/MSG01J_R3_T1_REACHABILITY_NONVACUITY_FINAL_af4c5abdd595/new_controls/U4_TARGET_INNER_LOOP/exit_code.txt
mlk_poly_tomsg_cleanroom/MSG01L_R1_T1_MUTATION_EXECUTION_RUN1_af4c5abdd595/results/MUTATION_EXECUTION_MATRIX.tsv,579,0998a0f49811628d0263c6899424a8bd46de676fd1c875e62b6e704b83a0bcd0,MUTATION_EXECUTION_MATRIX.tsv,omit-exact-duplicate-with-ledger,omitted-exact-same-name-and-content-evidence-copy,mlk_poly_tomsg_cleanroom/MSG01M_R2_T1_FINAL_EVIDENCE_CONSOLIDATION_af4c5abdd595/records/05_mutation_execution/MUTATION_EXECUTION_MATRIX.tsv,experiments/poly-tomsg/MSG-T1-exact-fips-semantics/06-final-evidence-consolidation/02-revision-2-final/MSG01M_R2_T1_FINAL_EVIDENCE_CONSOLIDATION_af4c5abdd595/records/05_mutation_execution/MUTATION_EXECUTION_MATRIX.tsv
mlk_poly_tomsg_cleanroom/MSG01L_R1_T1_MUTATION_EXECUTION_RUN1_af4c5abdd595/results/O1_LOWER_THRESHOLD_PLUS_ONE/exit_code.txt,3,917df3320d778ddbaa5c5c7742bc4046bf803c36ed2b050f30844ed206783469,exit_code.txt,omit-exact-duplicate-with-ledger,omitted-exact-same-name-and-content-evidence-copy,mlk_poly_tomsg_cleanroom/MSG01J_R3_T1_REACHABILITY_NONVACUITY_FINAL_af4c5abdd595/new_controls/U4_TARGET_INNER_LOOP/exit_code.txt,experiments/poly-tomsg/MSG-T1-exact-fips-semantics/04-reachability-nonvacuity/03-final-run/MSG01J_R3_T1_REACHABILITY_NONVACUITY_FINAL_af4c5abdd595/new_controls/U4_TARGET_INNER_LOOP/exit_code.txt
mlk_poly_tomsg_cleanroom/MSG01L_R1_T1_MUTATION_EXECUTION_RUN1_af4c5abdd595/results/O2_UPPER_THRESHOLD_MINUS_ONE/exit_code.txt,3,917df3320d778ddbaa5c5c7742bc4046bf803c36ed2b050f30844ed206783469,exit_code.txt,omit-exact-duplicate-with-ledger,omitted-exact-same-name-and-content-evidence-copy,mlk_poly_tomsg_cleanroom/MSG01J_R3_T1_REACHABILITY_NONVACUITY_FINAL_af4c5abdd595/new_controls/U4_TARGET_INNER_LOOP/exit_code.txt,experiments/poly-tomsg/MSG-T1-exact-fips-semantics/04-reachability-nonvacuity/03-final-run/MSG01J_R3_T1_REACHABILITY_NONVACUITY_FINAL_af4c5abdd595/new_controls/U4_TARGET_INNER_LOOP/exit_code.txt
mlk_poly_tomsg_cleanroom/MSG01L_R1_T1_MUTATION_EXECUTION_RUN1_af4c5abdd595/results/O3_REVERSE_ASSERTION_BIT_ORDER/exit_code.txt,3,917df3320d778ddbaa5c5c7742bc4046bf803c36ed2b050f30844ed206783469,exit_code.txt,omit-exact-duplicate-with-ledger,omitted-exact-same-name-and-content-evidence-copy,mlk_poly_tomsg_cleanroom/MSG01J_R3_T1_REACHABILITY_NONVACUITY_FINAL_af4c5abdd595/new_controls/U4_TARGET_INNER_LOOP/exit_code.txt,experiments/poly-tomsg/MSG-T1-exact-fips-semantics/04-reachability-nonvacuity/03-final-run/MSG01J_R3_T1_REACHABILITY_NONVACUITY_FINAL_af4c5abdd595/new_controls/U4_TARGET_INNER_LOOP/exit_code.txt
mlk_poly_tomsg_cleanroom/MSG01L_R1_T1_MUTATION_EXECUTION_RUN1_af4c5abdd595/results/O4_SHIFT_EXPECTED_COEFFICIENT/exit_code.txt,3,917df3320d778ddbaa5c5c7742bc4046bf803c36ed2b050f30844ed206783469,exit_code.txt,omit-exact-duplicate-with-ledger,omitted-exact-same-name-and-content-evidence-copy,mlk_poly_tomsg_cleanroom/MSG01J_R3_T1_REACHABILITY_NONVACUITY_FINAL_af4c5abdd595/new_controls/U4_TARGET_INNER_LOOP/exit_code.txt,experiments/poly-tomsg/MSG-T1-exact-fips-semantics/04-reachability-nonvacuity/03-final-run/MSG01J_R3_T1_REACHABILITY_NONVACUITY_FINAL_af4c5abdd595/new_controls/U4_TARGET_INNER_LOOP/exit_code.txt
mlk_poly_tomsg_cleanroom/MSG01M_R2_T1_FINAL_EVIDENCE_CONSOLIDATION_af4c5abdd595/frozen_snapshot/source/compress.c,24427,9201bea6ddd1d7622cc6496d2f745fee52397d203392f75a3d6e52a400de5bad,compress.c,omit-exact-duplicate-with-ledger,omitted-exact-same-name-and-content-evidence-copy,mlk_poly_tomsg_cleanroom/MSG05G_T5_FINAL_ACCEPTANCE_AND_EVIDENCE_FREEZE_20260723T165407Z_af4c5abdd595/04_frozen_source/compress.c,experiments/poly-tomsg/MSG-T5-exact-offset-interval/06-final-acceptance-and-evidence-freeze/MSG05G_T5_FINAL_ACCEPTANCE_AND_EVIDENCE_FREEZE_20260723T165407Z_af4c5abdd595/04_frozen_source/compress.c
mlk_poly_tomsg_cleanroom/MSG01M_R2_T1_FINAL_EVIDENCE_CONSOLIDATION_af4c5abdd595/frozen_snapshot/source/compress.h,20187,0f357a30e7ea37351854dc550e502e5a7eaf80184896bf92b40073175706e0dd,compress.h,omit-exact-duplicate-with-ledger,omitted-exact-same-name-and-content-evidence-copy,mlk_poly_tomsg_cleanroom/MSG05G_T5_FINAL_ACCEPTANCE_AND_EVIDENCE_FREEZE_20260723T165407Z_af4c5abdd595/04_frozen_source/compress.h,experiments/poly-tomsg/MSG-T5-exact-offset-interval/06-final-acceptance-and-evidence-freeze/MSG05G_T5_FINAL_ACCEPTANCE_AND_EVIDENCE_FREEZE_20260723T165407Z_af4c5abdd595/04_frozen_source/compress.h
mlk_poly_tomsg_cleanroom/MSG02A_T2_BUILD_INHERITANCE_AUDIT_af4c5abdd595/reference/msg_t1_exact_fips_candidate_v4.c,2502,5ce480427d7792b3dca091ac198b43562c4d4dfd6c9d96dae5a73e7ef1e72b55,msg_t1_exact_fips_candidate_v4.c,omit-exact-duplicate-with-ledger,omitted-exact-same-name-and-content-evidence-copy,mlk_poly_tomsg_cleanroom/MSG01M_R2_T1_FINAL_EVIDENCE_CONSOLIDATION_af4c5abdd595/frozen_snapshot/harness/msg_t1_exact_fips_candidate_v4.c,experiments/poly-tomsg/MSG-T1-exact-fips-semantics/06-final-evidence-consolidation/02-revision-2-final/MSG01M_R2_T1_FINAL_EVIDENCE_CONSOLIDATION_af4c5abdd595/frozen_snapshot/harness/msg_t1_exact_fips_candidate_v4.c
mlk_poly_tomsg_cleanroom/MSG02A_T2_BUILD_INHERITANCE_AUDIT_af4c5abdd595/reference/msg_t1_positive_cbmc_command.txt,602,455a3e93425e3aad30d4e3138c95e47c1ea25bed02a00a7782bb57107a7c8772,msg_t1_positive_cbmc_command.txt,omit-exact-duplicate-with-ledger,omitted-exact-same-name-and-content-evidence-copy,mlk_poly_tomsg_cleanroom/MSG01M_R2_T1_FINAL_EVIDENCE_CONSOLIDATION_af4c5abdd595/records/02_positive_proof/msg_t1_positive_cbmc_command.txt,experiments/poly-tomsg/MSG-T1-exact-fips-semantics/06-final-evidence-consolidation/02-revision-2-final/MSG01M_R2_T1_FINAL_EVIDENCE_CONSOLIDATION_af4c5abdd595/records/02_positive_proof/msg_t1_positive_cbmc_command.txt
mlk_poly_tomsg_cleanroom/MSG02B_R1_T2_RELATIONAL_XOR_RUN1_20260723T113821Z_af4c5abdd595/10_STATUS46_REPAIR/validate_goto_binary.txt,180,27b74f40292c4f91723597b4ba951aef115a5e3b18020495ac2c2f01b08320a6,validate_goto_binary.txt,omit-exact-duplicate-with-ledger,omitted-exact-same-name-and-content-evidence-copy,mlk_poly_tomsg_cleanroom/MSG02B_R1_T2_RELATIONAL_XOR_RUN1_20260723T113821Z_af4c5abdd595/04_inspection/validate_goto_binary.txt,experiments/poly-tomsg/MSG-T2-relational-properties/01-R1-xor-relational-run/MSG02B_R1_T2_RELATIONAL_XOR_RUN1_20260723T113821Z_af4c5abdd595/04_inspection/validate_goto_binary.txt
mlk_poly_tomsg_cleanroom/MSG02C_R1_REACHABILITY_MUTATION_RUN1_20260723T115043Z_af4c5abdd595/13_STATUS108_REPAIR/coverage_goto_validation.txt,191,3198b91bda5fe34df15b3b83e52442d5957f6df0461292b7d3ed7a368d3657b2,coverage_goto_validation.txt,omit-exact-duplicate-with-ledger,omitted-exact-same-name-and-content-evidence-copy,mlk_poly_tomsg_cleanroom/MSG02C_R1_REACHABILITY_MUTATION_RUN1_20260723T115043Z_af4c5abdd595/08_inspection/coverage_goto_validation.txt,experiments/poly-tomsg/MSG-T2-relational-properties/02-R1-reachability-and-mutation/MSG02C_R1_REACHABILITY_MUTATION_RUN1_20260723T115043Z_af4c5abdd595/08_inspection/coverage_goto_validation.txt
mlk_poly_tomsg_cleanroom/MSG02C_R1_REACHABILITY_MUTATION_RUN1_20260723T115043Z_af4c5abdd595/14_STATUS139_REPAIR/coverage_goto_validation.txt,191,3198b91bda5fe34df15b3b83e52442d5957f6df0461292b7d3ed7a368d3657b2,coverage_goto_validation.txt,omit-exact-duplicate-with-ledger,omitted-exact-same-name-and-content-evidence-copy,mlk_poly_tomsg_cleanroom/MSG02C_R1_REACHABILITY_MUTATION_RUN1_20260723T115043Z_af4c5abdd595/08_inspection/coverage_goto_validation.txt,experiments/poly-tomsg/MSG-T2-relational-properties/02-R1-reachability-and-mutation/MSG02C_R1_REACHABILITY_MUTATION_RUN1_20260723T115043Z_af4c5abdd595/08_inspection/coverage_goto_validation.txt
mlk_poly_tomsg_cleanroom/MSG02D_R2A_COEFFICIENT_LOCALITY_RUN1_20260723T124247Z_af4c5abdd595/03_inspection/validate_goto_stderr.txt,0,e3b0c44298fc1c149afbf4c8996fb92427ae41e4649b934ca495991b7852b855,validate_goto_stderr.txt,omit-exact-duplicate-with-ledger,omitted-exact-same-name-and-content-evidence-copy,mlk_poly_tomsg_cleanroom/MSG02E_R2B_CROSS_BIT_PRESERVATION_RUN1_20260723T124630Z_af4c5abdd595/03_inspection/validate_goto_stderr.txt,experiments/poly-tomsg/MSG-T2-relational-properties/04-R2B-cross-bit-preservation/MSG02E_R2B_CROSS_BIT_PRESERVATION_RUN1_20260723T124630Z_af4c5abdd595/03_inspection/validate_goto_stderr.txt
mlk_poly_tomsg_cleanroom/MSG02D_R2A_COEFFICIENT_LOCALITY_RUN1_20260723T124247Z_af4c5abdd595/06_logs/goto_build_stderr.txt,0,e3b0c44298fc1c149afbf4c8996fb92427ae41e4649b934ca495991b7852b855,goto_build_stderr.txt,omit-exact-duplicate-with-ledger,omitted-exact-same-name-and-content-evidence-copy,mlk_poly_tomsg_cleanroom/MSG02B_R1_T2_RELATIONAL_XOR_RUN1_20260723T113821Z_af4c5abdd595/07_logs/goto_build_stderr.txt,experiments/poly-tomsg/MSG-T2-relational-properties/01-R1-xor-relational-run/MSG02B_R1_T2_RELATIONAL_XOR_RUN1_20260723T113821Z_af4c5abdd595/07_logs/goto_build_stderr.txt
mlk_poly_tomsg_cleanroom/MSG02D_R2A_COEFFICIENT_LOCALITY_RUN1_20260723T124247Z_af4c5abdd595/06_logs/goto_build_stdout.txt,0,e3b0c44298fc1c149afbf4c8996fb92427ae41e4649b934ca495991b7852b855,goto_build_stdout.txt,omit-exact-duplicate-with-ledger,omitted-exact-same-name-and-content-evidence-copy,mlk_poly_tomsg_cleanroom/MSG02B_R1_T2_RELATIONAL_XOR_RUN1_20260723T113821Z_af4c5abdd595/07_logs/goto_build_stdout.txt,experiments/poly-tomsg/MSG-T2-relational-properties/01-R1-xor-relational-run/MSG02B_R1_T2_RELATIONAL_XOR_RUN1_20260723T113821Z_af4c5abdd595/07_logs/goto_build_stdout.txt
mlk_poly_tomsg_cleanroom/MSG02E_R2B_CROSS_BIT_PRESERVATION_RUN1_20260723T124630Z_af4c5abdd595/03_inspection/show_goto_functions_stderr.txt,0,e3b0c44298fc1c149afbf4c8996fb92427ae41e4649b934ca495991b7852b855,show_goto_functions_stderr.txt,omit-exact-duplicate-with-ledger,omitted-exact-same-name-and-content-evidence-copy,mlk_poly_tomsg_cleanroom/MSG05E_T5_OUTSIDE_INTERVAL_NECESSITY_RUN1_20260723T164237Z_af4c5abdd595/03_inspection/show_goto_functions_stderr.txt,experiments/poly-tomsg/MSG-T5-exact-offset-interval/04-outside-interval-necessity/MSG05E_T5_OUTSIDE_INTERVAL_NECESSITY_RUN1_20260723T164237Z_af4c5abdd595/03_inspection/show_goto_functions_stderr.txt
mlk_poly_tomsg_cleanroom/MSG02E_R2B_CROSS_BIT_PRESERVATION_RUN1_20260723T124630Z_af4c5abdd595/03_inspection/show_loops_stderr.txt,0,e3b0c44298fc1c149afbf4c8996fb92427ae41e4649b934ca495991b7852b855,show_loops_stderr.txt,omit-exact-duplicate-with-ledger,omitted-exact-same-name-and-content-evidence-copy,mlk_poly_tomsg_cleanroom/MSG05E_T5_OUTSIDE_INTERVAL_NECESSITY_RUN1_20260723T164237Z_af4c5abdd595/03_inspection/show_loops_stderr.txt,experiments/poly-tomsg/MSG-T5-exact-offset-interval/04-outside-interval-necessity/MSG05E_T5_OUTSIDE_INTERVAL_NECESSITY_RUN1_20260723T164237Z_af4c5abdd595/03_inspection/show_loops_stderr.txt
mlk_poly_tomsg_cleanroom/MSG02E_R2B_CROSS_BIT_PRESERVATION_RUN1_20260723T124630Z_af4c5abdd595/03_inspection/show_properties_stderr.txt,0,e3b0c44298fc1c149afbf4c8996fb92427ae41e4649b934ca495991b7852b855,show_properties_stderr.txt,omit-exact-duplicate-with-ledger,omitted-exact-same-name-and-content-evidence-copy,mlk_poly_tomsg_cleanroom/MSG05E_T5_OUTSIDE_INTERVAL_NECESSITY_RUN1_20260723T164237Z_af4c5abdd595/03_inspection/show_properties_stderr.txt,experiments/poly-tomsg/MSG-T5-exact-offset-interval/04-outside-interval-necessity/MSG05E_T5_OUTSIDE_INTERVAL_NECESSITY_RUN1_20260723T164237Z_af4c5abdd595/03_inspection/show_properties_stderr.txt
mlk_poly_tomsg_cleanroom/MSG02E_R2B_CROSS_BIT_PRESERVATION_RUN1_20260723T124630Z_af4c5abdd595/06_logs/goto_build_stderr.txt,0,e3b0c44298fc1c149afbf4c8996fb92427ae41e4649b934ca495991b7852b855,goto_build_stderr.txt,omit-exact-duplicate-with-ledger,omitted-exact-same-name-and-content-evidence-copy,mlk_poly_tomsg_cleanroom/MSG02B_R1_T2_RELATIONAL_XOR_RUN1_20260723T113821Z_af4c5abdd595/07_logs/goto_build_stderr.txt,experiments/poly-tomsg/MSG-T2-relational-properties/01-R1-xor-relational-run/MSG02B_R1_T2_RELATIONAL_XOR_RUN1_20260723T113821Z_af4c5abdd595/07_logs/goto_build_stderr.txt
mlk_poly_tomsg_cleanroom/MSG02E_R2B_CROSS_BIT_PRESERVATION_RUN1_20260723T124630Z_af4c5abdd595/06_logs/goto_build_stdout.txt,0,e3b0c44298fc1c149afbf4c8996fb92427ae41e4649b934ca495991b7852b855,goto_build_stdout.txt,omit-exact-duplicate-with-ledger,omitted-exact-same-name-and-content-evidence-copy,mlk_poly_tomsg_cleanroom/MSG02B_R1_T2_RELATIONAL_XOR_RUN1_20260723T113821Z_af4c5abdd595/07_logs/goto_build_stdout.txt,experiments/poly-tomsg/MSG-T2-relational-properties/01-R1-xor-relational-run/MSG02B_R1_T2_RELATIONAL_XOR_RUN1_20260723T113821Z_af4c5abdd595/07_logs/goto_build_stdout.txt
mlk_poly_tomsg_cleanroom/MSG02G_B_R2B_SECOND_COEFFICIENT_MUTATION_RUN1_20260723T131317Z_af4c5abdd595/03_inspection/show_goto_functions_stderr.txt,0,e3b0c44298fc1c149afbf4c8996fb92427ae41e4649b934ca495991b7852b855,show_goto_functions_stderr.txt,omit-exact-duplicate-with-ledger,omitted-exact-same-name-and-content-evidence-copy,mlk_poly_tomsg_cleanroom/MSG05E_T5_OUTSIDE_INTERVAL_NECESSITY_RUN1_20260723T164237Z_af4c5abdd595/03_inspection/show_goto_functions_stderr.txt,experiments/poly-tomsg/MSG-T5-exact-offset-interval/04-outside-interval-necessity/MSG05E_T5_OUTSIDE_INTERVAL_NECESSITY_RUN1_20260723T164237Z_af4c5abdd595/03_inspection/show_goto_functions_stderr.txt
mlk_poly_tomsg_cleanroom/MSG02G_B_R2B_SECOND_COEFFICIENT_MUTATION_RUN1_20260723T131317Z_af4c5abdd595/03_inspection/show_loops_stderr.txt,0,e3b0c44298fc1c149afbf4c8996fb92427ae41e4649b934ca495991b7852b855,show_loops_stderr.txt,omit-exact-duplicate-with-ledger,omitted-exact-same-name-and-content-evidence-copy,mlk_poly_tomsg_cleanroom/MSG05E_T5_OUTSIDE_INTERVAL_NECESSITY_RUN1_20260723T164237Z_af4c5abdd595/03_inspection/show_loops_stderr.txt,experiments/poly-tomsg/MSG-T5-exact-offset-interval/04-outside-interval-necessity/MSG05E_T5_OUTSIDE_INTERVAL_NECESSITY_RUN1_20260723T164237Z_af4c5abdd595/03_inspection/show_loops_stderr.txt
mlk_poly_tomsg_cleanroom/MSG02G_B_R2B_SECOND_COEFFICIENT_MUTATION_RUN1_20260723T131317Z_af4c5abdd595/03_inspection/show_properties_stderr.txt,0,e3b0c44298fc1c149afbf4c8996fb92427ae41e4649b934ca495991b7852b855,show_properties_stderr.txt,omit-exact-duplicate-with-ledger,omitted-exact-same-name-and-content-evidence-copy,mlk_poly_tomsg_cleanroom/MSG05E_T5_OUTSIDE_INTERVAL_NECESSITY_RUN1_20260723T164237Z_af4c5abdd595/03_inspection/show_properties_stderr.txt,experiments/poly-tomsg/MSG-T5-exact-offset-interval/04-outside-interval-necessity/MSG05E_T5_OUTSIDE_INTERVAL_NECESSITY_RUN1_20260723T164237Z_af4c5abdd595/03_inspection/show_properties_stderr.txt
mlk_poly_tomsg_cleanroom/MSG02G_B_R2B_SECOND_COEFFICIENT_MUTATION_RUN1_20260723T131317Z_af4c5abdd595/03_inspection/validate_stderr.txt,0,e3b0c44298fc1c149afbf4c8996fb92427ae41e4649b934ca495991b7852b855,validate_stderr.txt,omit-exact-duplicate-with-ledger,omitted-exact-same-name-and-content-evidence-copy,mlk_poly_tomsg_cleanroom/MSG05E_T5_OUTSIDE_INTERVAL_NECESSITY_RUN1_20260723T164237Z_af4c5abdd595/03_inspection/validate_stderr.txt,experiments/poly-tomsg/MSG-T5-exact-offset-interval/04-outside-interval-necessity/MSG05E_T5_OUTSIDE_INTERVAL_NECESSITY_RUN1_20260723T164237Z_af4c5abdd595/03_inspection/validate_stderr.txt
mlk_poly_tomsg_cleanroom/MSG02G_B_R2B_SECOND_COEFFICIENT_MUTATION_RUN1_20260723T131317Z_af4c5abdd595/06_logs/goto_build_stderr.txt,0,e3b0c44298fc1c149afbf4c8996fb92427ae41e4649b934ca495991b7852b855,goto_build_stderr.txt,omit-exact-duplicate-with-ledger,omitted-exact-same-name-and-content-evidence-copy,mlk_poly_tomsg_cleanroom/MSG02B_R1_T2_RELATIONAL_XOR_RUN1_20260723T113821Z_af4c5abdd595/07_logs/goto_build_stderr.txt,experiments/poly-tomsg/MSG-T2-relational-properties/01-R1-xor-relational-run/MSG02B_R1_T2_RELATIONAL_XOR_RUN1_20260723T113821Z_af4c5abdd595/07_logs/goto_build_stderr.txt
mlk_poly_tomsg_cleanroom/MSG02G_B_R2B_SECOND_COEFFICIENT_MUTATION_RUN1_20260723T131317Z_af4c5abdd595/06_logs/goto_build_stdout.txt,0,e3b0c44298fc1c149afbf4c8996fb92427ae41e4649b934ca495991b7852b855,goto_build_stdout.txt,omit-exact-duplicate-with-ledger,omitted-exact-same-name-and-content-evidence-copy,mlk_poly_tomsg_cleanroom/MSG02B_R1_T2_RELATIONAL_XOR_RUN1_20260723T113821Z_af4c5abdd595/07_logs/goto_build_stdout.txt,experiments/poly-tomsg/MSG-T2-relational-properties/01-R1-xor-relational-run/MSG02B_R1_T2_RELATIONAL_XOR_RUN1_20260723T113821Z_af4c5abdd595/07_logs/goto_build_stdout.txt
mlk_poly_tomsg_cleanroom/MSG02G_R2A_EQUALITY_ANTECEDENT_MUTATION_RUN1_20260723T125615Z_af4c5abdd595/03_inspection/show_goto_functions_stderr.txt,0,e3b0c44298fc1c149afbf4c8996fb92427ae41e4649b934ca495991b7852b855,show_goto_functions_stderr.txt,omit-exact-duplicate-with-ledger,omitted-exact-same-name-and-content-evidence-copy,mlk_poly_tomsg_cleanroom/MSG05E_T5_OUTSIDE_INTERVAL_NECESSITY_RUN1_20260723T164237Z_af4c5abdd595/03_inspection/show_goto_functions_stderr.txt,experiments/poly-tomsg/MSG-T5-exact-offset-interval/04-outside-interval-necessity/MSG05E_T5_OUTSIDE_INTERVAL_NECESSITY_RUN1_20260723T164237Z_af4c5abdd595/03_inspection/show_goto_functions_stderr.txt
mlk_poly_tomsg_cleanroom/MSG02G_R2A_EQUALITY_ANTECEDENT_MUTATION_RUN1_20260723T125615Z_af4c5abdd595/03_inspection/show_loops_stderr.txt,0,e3b0c44298fc1c149afbf4c8996fb92427ae41e4649b934ca495991b7852b855,show_loops_stderr.txt,omit-exact-duplicate-with-ledger,omitted-exact-same-name-and-content-evidence-copy,mlk_poly_tomsg_cleanroom/MSG05E_T5_OUTSIDE_INTERVAL_NECESSITY_RUN1_20260723T164237Z_af4c5abdd595/03_inspection/show_loops_stderr.txt,experiments/poly-tomsg/MSG-T5-exact-offset-interval/04-outside-interval-necessity/MSG05E_T5_OUTSIDE_INTERVAL_NECESSITY_RUN1_20260723T164237Z_af4c5abdd595/03_inspection/show_loops_stderr.txt
mlk_poly_tomsg_cleanroom/MSG02G_R2A_EQUALITY_ANTECEDENT_MUTATION_RUN1_20260723T125615Z_af4c5abdd595/03_inspection/show_properties_stderr.txt,0,e3b0c44298fc1c149afbf4c8996fb92427ae41e4649b934ca495991b7852b855,show_properties_stderr.txt,omit-exact-duplicate-with-ledger,omitted-exact-same-name-and-content-evidence-copy,mlk_poly_tomsg_cleanroom/MSG05E_T5_OUTSIDE_INTERVAL_NECESSITY_RUN1_20260723T164237Z_af4c5abdd595/03_inspection/show_properties_stderr.txt,experiments/poly-tomsg/MSG-T5-exact-offset-interval/04-outside-interval-necessity/MSG05E_T5_OUTSIDE_INTERVAL_NECESSITY_RUN1_20260723T164237Z_af4c5abdd595/03_inspection/show_properties_stderr.txt
mlk_poly_tomsg_cleanroom/MSG02G_R2A_EQUALITY_ANTECEDENT_MUTATION_RUN1_20260723T125615Z_af4c5abdd595/03_inspection/validate_stderr.txt,0,e3b0c44298fc1c149afbf4c8996fb92427ae41e4649b934ca495991b7852b855,validate_stderr.txt,omit-exact-duplicate-with-ledger,omitted-exact-same-name-and-content-evidence-copy,mlk_poly_tomsg_cleanroom/MSG05E_T5_OUTSIDE_INTERVAL_NECESSITY_RUN1_20260723T164237Z_af4c5abdd595/03_inspection/validate_stderr.txt,experiments/poly-tomsg/MSG-T5-exact-offset-interval/04-outside-interval-necessity/MSG05E_T5_OUTSIDE_INTERVAL_NECESSITY_RUN1_20260723T164237Z_af4c5abdd595/03_inspection/validate_stderr.txt
mlk_poly_tomsg_cleanroom/MSG02G_R2A_EQUALITY_ANTECEDENT_MUTATION_RUN1_20260723T125615Z_af4c5abdd595/06_logs/goto_build_stderr.txt,0,e3b0c44298fc1c149afbf4c8996fb92427ae41e4649b934ca495991b7852b855,goto_build_stderr.txt,omit-exact-duplicate-with-ledger,omitted-exact-same-name-and-content-evidence-copy,mlk_poly_tomsg_cleanroom/MSG02B_R1_T2_RELATIONAL_XOR_RUN1_20260723T113821Z_af4c5abdd595/07_logs/goto_build_stderr.txt,experiments/poly-tomsg/MSG-T2-relational-properties/01-R1-xor-relational-run/MSG02B_R1_T2_RELATIONAL_XOR_RUN1_20260723T113821Z_af4c5abdd595/07_logs/goto_build_stderr.txt
mlk_poly_tomsg_cleanroom/MSG02G_R2A_EQUALITY_ANTECEDENT_MUTATION_RUN1_20260723T125615Z_af4c5abdd595/06_logs/goto_build_stdout.txt,0,e3b0c44298fc1c149afbf4c8996fb92427ae41e4649b934ca495991b7852b855,goto_build_stdout.txt,omit-exact-duplicate-with-ledger,omitted-exact-same-name-and-content-evidence-copy,mlk_poly_tomsg_cleanroom/MSG02B_R1_T2_RELATIONAL_XOR_RUN1_20260723T113821Z_af4c5abdd595/07_logs/goto_build_stdout.txt,experiments/poly-tomsg/MSG-T2-relational-properties/01-R1-xor-relational-run/MSG02B_R1_T2_RELATIONAL_XOR_RUN1_20260723T113821Z_af4c5abdd595/07_logs/goto_build_stdout.txt
mlk_poly_tomsg_cleanroom/MSG02H_R3A_SAME_DECISION_INVARIANCE_RUN1_20260723T131813Z_af4c5abdd595/03_inspection/validate_stderr.txt,0,e3b0c44298fc1c149afbf4c8996fb92427ae41e4649b934ca495991b7852b855,validate_stderr.txt,omit-exact-duplicate-with-ledger,omitted-exact-same-name-and-content-evidence-copy,mlk_poly_tomsg_cleanroom/MSG05E_T5_OUTSIDE_INTERVAL_NECESSITY_RUN1_20260723T164237Z_af4c5abdd595/03_inspection/validate_stderr.txt,experiments/poly-tomsg/MSG-T5-exact-offset-interval/04-outside-interval-necessity/MSG05E_T5_OUTSIDE_INTERVAL_NECESSITY_RUN1_20260723T164237Z_af4c5abdd595/03_inspection/validate_stderr.txt
mlk_poly_tomsg_cleanroom/MSG02H_R3A_SAME_DECISION_INVARIANCE_RUN1_20260723T131813Z_af4c5abdd595/06_logs/goto_build_stderr.txt,0,e3b0c44298fc1c149afbf4c8996fb92427ae41e4649b934ca495991b7852b855,goto_build_stderr.txt,omit-exact-duplicate-with-ledger,omitted-exact-same-name-and-content-evidence-copy,mlk_poly_tomsg_cleanroom/MSG02B_R1_T2_RELATIONAL_XOR_RUN1_20260723T113821Z_af4c5abdd595/07_logs/goto_build_stderr.txt,experiments/poly-tomsg/MSG-T2-relational-properties/01-R1-xor-relational-run/MSG02B_R1_T2_RELATIONAL_XOR_RUN1_20260723T113821Z_af4c5abdd595/07_logs/goto_build_stderr.txt
mlk_poly_tomsg_cleanroom/MSG02H_R3A_SAME_DECISION_INVARIANCE_RUN1_20260723T131813Z_af4c5abdd595/06_logs/goto_build_stdout.txt,0,e3b0c44298fc1c149afbf4c8996fb92427ae41e4649b934ca495991b7852b855,goto_build_stdout.txt,omit-exact-duplicate-with-ledger,omitted-exact-same-name-and-content-evidence-copy,mlk_poly_tomsg_cleanroom/MSG02B_R1_T2_RELATIONAL_XOR_RUN1_20260723T113821Z_af4c5abdd595/07_logs/goto_build_stdout.txt,experiments/poly-tomsg/MSG-T2-relational-properties/01-R1-xor-relational-run/MSG02B_R1_T2_RELATIONAL_XOR_RUN1_20260723T113821Z_af4c5abdd595/07_logs/goto_build_stdout.txt
mlk_poly_tomsg_cleanroom/MSG02I_R3B_DETERMINISM_RUN1_20260723T132251Z_af4c5abdd595/03_inspection/show_goto_functions_stderr.txt,0,e3b0c44298fc1c149afbf4c8996fb92427ae41e4649b934ca495991b7852b855,show_goto_functions_stderr.txt,omit-exact-duplicate-with-ledger,omitted-exact-same-name-and-content-evidence-copy,mlk_poly_tomsg_cleanroom/MSG05E_T5_OUTSIDE_INTERVAL_NECESSITY_RUN1_20260723T164237Z_af4c5abdd595/03_inspection/show_goto_functions_stderr.txt,experiments/poly-tomsg/MSG-T5-exact-offset-interval/04-outside-interval-necessity/MSG05E_T5_OUTSIDE_INTERVAL_NECESSITY_RUN1_20260723T164237Z_af4c5abdd595/03_inspection/show_goto_functions_stderr.txt
mlk_poly_tomsg_cleanroom/MSG02I_R3B_DETERMINISM_RUN1_20260723T132251Z_af4c5abdd595/03_inspection/show_loops_stderr.txt,0,e3b0c44298fc1c149afbf4c8996fb92427ae41e4649b934ca495991b7852b855,show_loops_stderr.txt,omit-exact-duplicate-with-ledger,omitted-exact-same-name-and-content-evidence-copy,mlk_poly_tomsg_cleanroom/MSG05E_T5_OUTSIDE_INTERVAL_NECESSITY_RUN1_20260723T164237Z_af4c5abdd595/03_inspection/show_loops_stderr.txt,experiments/poly-tomsg/MSG-T5-exact-offset-interval/04-outside-interval-necessity/MSG05E_T5_OUTSIDE_INTERVAL_NECESSITY_RUN1_20260723T164237Z_af4c5abdd595/03_inspection/show_loops_stderr.txt
mlk_poly_tomsg_cleanroom/MSG02I_R3B_DETERMINISM_RUN1_20260723T132251Z_af4c5abdd595/03_inspection/show_properties_stderr.txt,0,e3b0c44298fc1c149afbf4c8996fb92427ae41e4649b934ca495991b7852b855,show_properties_stderr.txt,omit-exact-duplicate-with-ledger,omitted-exact-same-name-and-content-evidence-copy,mlk_poly_tomsg_cleanroom/MSG05E_T5_OUTSIDE_INTERVAL_NECESSITY_RUN1_20260723T164237Z_af4c5abdd595/03_inspection/show_properties_stderr.txt,experiments/poly-tomsg/MSG-T5-exact-offset-interval/04-outside-interval-necessity/MSG05E_T5_OUTSIDE_INTERVAL_NECESSITY_RUN1_20260723T164237Z_af4c5abdd595/03_inspection/show_properties_stderr.txt
mlk_poly_tomsg_cleanroom/MSG02I_R3B_DETERMINISM_RUN1_20260723T132251Z_af4c5abdd595/03_inspection/validate_stderr.txt,0,e3b0c44298fc1c149afbf4c8996fb92427ae41e4649b934ca495991b7852b855,validate_stderr.txt,omit-exact-duplicate-with-ledger,omitted-exact-same-name-and-content-evidence-copy,mlk_poly_tomsg_cleanroom/MSG05E_T5_OUTSIDE_INTERVAL_NECESSITY_RUN1_20260723T164237Z_af4c5abdd595/03_inspection/validate_stderr.txt,experiments/poly-tomsg/MSG-T5-exact-offset-interval/04-outside-interval-necessity/MSG05E_T5_OUTSIDE_INTERVAL_NECESSITY_RUN1_20260723T164237Z_af4c5abdd595/03_inspection/validate_stderr.txt
mlk_poly_tomsg_cleanroom/MSG02I_R3B_DETERMINISM_RUN1_20260723T132251Z_af4c5abdd595/06_logs/goto_build_stderr.txt,0,e3b0c44298fc1c149afbf4c8996fb92427ae41e4649b934ca495991b7852b855,goto_build_stderr.txt,omit-exact-duplicate-with-ledger,omitted-exact-same-name-and-content-evidence-copy,mlk_poly_tomsg_cleanroom/MSG02B_R1_T2_RELATIONAL_XOR_RUN1_20260723T113821Z_af4c5abdd595/07_logs/goto_build_stderr.txt,experiments/poly-tomsg/MSG-T2-relational-properties/01-R1-xor-relational-run/MSG02B_R1_T2_RELATIONAL_XOR_RUN1_20260723T113821Z_af4c5abdd595/07_logs/goto_build_stderr.txt
mlk_poly_tomsg_cleanroom/MSG02I_R3B_DETERMINISM_RUN1_20260723T132251Z_af4c5abdd595/06_logs/goto_build_stdout.txt,0,e3b0c44298fc1c149afbf4c8996fb92427ae41e4649b934ca495991b7852b855,goto_build_stdout.txt,omit-exact-duplicate-with-ledger,omitted-exact-same-name-and-content-evidence-copy,mlk_poly_tomsg_cleanroom/MSG02B_R1_T2_RELATIONAL_XOR_RUN1_20260723T113821Z_af4c5abdd595/07_logs/goto_build_stdout.txt,experiments/poly-tomsg/MSG-T2-relational-properties/01-R1-xor-relational-run/MSG02B_R1_T2_RELATIONAL_XOR_RUN1_20260723T113821Z_af4c5abdd595/07_logs/goto_build_stdout.txt
mlk_poly_tomsg_cleanroom/MSG02K_R3A_OPPOSITE_DECISION_MUTATION_RUN1_20260723T133042Z_af4c5abdd595/03_inspection/show_goto_functions_stderr.txt,0,e3b0c44298fc1c149afbf4c8996fb92427ae41e4649b934ca495991b7852b855,show_goto_functions_stderr.txt,omit-exact-duplicate-with-ledger,omitted-exact-same-name-and-content-evidence-copy,mlk_poly_tomsg_cleanroom/MSG05E_T5_OUTSIDE_INTERVAL_NECESSITY_RUN1_20260723T164237Z_af4c5abdd595/03_inspection/show_goto_functions_stderr.txt,experiments/poly-tomsg/MSG-T5-exact-offset-interval/04-outside-interval-necessity/MSG05E_T5_OUTSIDE_INTERVAL_NECESSITY_RUN1_20260723T164237Z_af4c5abdd595/03_inspection/show_goto_functions_stderr.txt
mlk_poly_tomsg_cleanroom/MSG02K_R3A_OPPOSITE_DECISION_MUTATION_RUN1_20260723T133042Z_af4c5abdd595/03_inspection/show_loops_stderr.txt,0,e3b0c44298fc1c149afbf4c8996fb92427ae41e4649b934ca495991b7852b855,show_loops_stderr.txt,omit-exact-duplicate-with-ledger,omitted-exact-same-name-and-content-evidence-copy,mlk_poly_tomsg_cleanroom/MSG05E_T5_OUTSIDE_INTERVAL_NECESSITY_RUN1_20260723T164237Z_af4c5abdd595/03_inspection/show_loops_stderr.txt,experiments/poly-tomsg/MSG-T5-exact-offset-interval/04-outside-interval-necessity/MSG05E_T5_OUTSIDE_INTERVAL_NECESSITY_RUN1_20260723T164237Z_af4c5abdd595/03_inspection/show_loops_stderr.txt
mlk_poly_tomsg_cleanroom/MSG02K_R3A_OPPOSITE_DECISION_MUTATION_RUN1_20260723T133042Z_af4c5abdd595/03_inspection/show_properties_stderr.txt,0,e3b0c44298fc1c149afbf4c8996fb92427ae41e4649b934ca495991b7852b855,show_properties_stderr.txt,omit-exact-duplicate-with-ledger,omitted-exact-same-name-and-content-evidence-copy,mlk_poly_tomsg_cleanroom/MSG05E_T5_OUTSIDE_INTERVAL_NECESSITY_RUN1_20260723T164237Z_af4c5abdd595/03_inspection/show_properties_stderr.txt,experiments/poly-tomsg/MSG-T5-exact-offset-interval/04-outside-interval-necessity/MSG05E_T5_OUTSIDE_INTERVAL_NECESSITY_RUN1_20260723T164237Z_af4c5abdd595/03_inspection/show_properties_stderr.txt
mlk_poly_tomsg_cleanroom/MSG02K_R3A_OPPOSITE_DECISION_MUTATION_RUN1_20260723T133042Z_af4c5abdd595/03_inspection/validate_stderr.txt,0,e3b0c44298fc1c149afbf4c8996fb92427ae41e4649b934ca495991b7852b855,validate_stderr.txt,omit-exact-duplicate-with-ledger,omitted-exact-same-name-and-content-evidence-copy,mlk_poly_tomsg_cleanroom/MSG05E_T5_OUTSIDE_INTERVAL_NECESSITY_RUN1_20260723T164237Z_af4c5abdd595/03_inspection/validate_stderr.txt,experiments/poly-tomsg/MSG-T5-exact-offset-interval/04-outside-interval-necessity/MSG05E_T5_OUTSIDE_INTERVAL_NECESSITY_RUN1_20260723T164237Z_af4c5abdd595/03_inspection/validate_stderr.txt
mlk_poly_tomsg_cleanroom/MSG02K_R3A_OPPOSITE_DECISION_MUTATION_RUN1_20260723T133042Z_af4c5abdd595/06_logs/goto_build_stderr.txt,0,e3b0c44298fc1c149afbf4c8996fb92427ae41e4649b934ca495991b7852b855,goto_build_stderr.txt,omit-exact-duplicate-with-ledger,omitted-exact-same-name-and-content-evidence-copy,mlk_poly_tomsg_cleanroom/MSG02B_R1_T2_RELATIONAL_XOR_RUN1_20260723T113821Z_af4c5abdd595/07_logs/goto_build_stderr.txt,experiments/poly-tomsg/MSG-T2-relational-properties/01-R1-xor-relational-run/MSG02B_R1_T2_RELATIONAL_XOR_RUN1_20260723T113821Z_af4c5abdd595/07_logs/goto_build_stderr.txt
mlk_poly_tomsg_cleanroom/MSG02K_R3A_OPPOSITE_DECISION_MUTATION_RUN1_20260723T133042Z_af4c5abdd595/06_logs/goto_build_stdout.txt,0,e3b0c44298fc1c149afbf4c8996fb92427ae41e4649b934ca495991b7852b855,goto_build_stdout.txt,omit-exact-duplicate-with-ledger,omitted-exact-same-name-and-content-evidence-copy,mlk_poly_tomsg_cleanroom/MSG02B_R1_T2_RELATIONAL_XOR_RUN1_20260723T113821Z_af4c5abdd595/07_logs/goto_build_stdout.txt,experiments/poly-tomsg/MSG-T2-relational-properties/01-R1-xor-relational-run/MSG02B_R1_T2_RELATIONAL_XOR_RUN1_20260723T113821Z_af4c5abdd595/07_logs/goto_build_stdout.txt
mlk_poly_tomsg_cleanroom/MSG02L_R3B_UNEQUAL_INPUT_MUTATION_RUN1_20260723T133447Z_af4c5abdd595/03_inspection/show_goto_functions_stderr.txt,0,e3b0c44298fc1c149afbf4c8996fb92427ae41e4649b934ca495991b7852b855,show_goto_functions_stderr.txt,omit-exact-duplicate-with-ledger,omitted-exact-same-name-and-content-evidence-copy,mlk_poly_tomsg_cleanroom/MSG05E_T5_OUTSIDE_INTERVAL_NECESSITY_RUN1_20260723T164237Z_af4c5abdd595/03_inspection/show_goto_functions_stderr.txt,experiments/poly-tomsg/MSG-T5-exact-offset-interval/04-outside-interval-necessity/MSG05E_T5_OUTSIDE_INTERVAL_NECESSITY_RUN1_20260723T164237Z_af4c5abdd595/03_inspection/show_goto_functions_stderr.txt
mlk_poly_tomsg_cleanroom/MSG02L_R3B_UNEQUAL_INPUT_MUTATION_RUN1_20260723T133447Z_af4c5abdd595/03_inspection/show_loops_stderr.txt,0,e3b0c44298fc1c149afbf4c8996fb92427ae41e4649b934ca495991b7852b855,show_loops_stderr.txt,omit-exact-duplicate-with-ledger,omitted-exact-same-name-and-content-evidence-copy,mlk_poly_tomsg_cleanroom/MSG05E_T5_OUTSIDE_INTERVAL_NECESSITY_RUN1_20260723T164237Z_af4c5abdd595/03_inspection/show_loops_stderr.txt,experiments/poly-tomsg/MSG-T5-exact-offset-interval/04-outside-interval-necessity/MSG05E_T5_OUTSIDE_INTERVAL_NECESSITY_RUN1_20260723T164237Z_af4c5abdd595/03_inspection/show_loops_stderr.txt
mlk_poly_tomsg_cleanroom/MSG02L_R3B_UNEQUAL_INPUT_MUTATION_RUN1_20260723T133447Z_af4c5abdd595/03_inspection/show_properties_stderr.txt,0,e3b0c44298fc1c149afbf4c8996fb92427ae41e4649b934ca495991b7852b855,show_properties_stderr.txt,omit-exact-duplicate-with-ledger,omitted-exact-same-name-and-content-evidence-copy,mlk_poly_tomsg_cleanroom/MSG05E_T5_OUTSIDE_INTERVAL_NECESSITY_RUN1_20260723T164237Z_af4c5abdd595/03_inspection/show_properties_stderr.txt,experiments/poly-tomsg/MSG-T5-exact-offset-interval/04-outside-interval-necessity/MSG05E_T5_OUTSIDE_INTERVAL_NECESSITY_RUN1_20260723T164237Z_af4c5abdd595/03_inspection/show_properties_stderr.txt
mlk_poly_tomsg_cleanroom/MSG02L_R3B_UNEQUAL_INPUT_MUTATION_RUN1_20260723T133447Z_af4c5abdd595/03_inspection/validate_stderr.txt,0,e3b0c44298fc1c149afbf4c8996fb92427ae41e4649b934ca495991b7852b855,validate_stderr.txt,omit-exact-duplicate-with-ledger,omitted-exact-same-name-and-content-evidence-copy,mlk_poly_tomsg_cleanroom/MSG05E_T5_OUTSIDE_INTERVAL_NECESSITY_RUN1_20260723T164237Z_af4c5abdd595/03_inspection/validate_stderr.txt,experiments/poly-tomsg/MSG-T5-exact-offset-interval/04-outside-interval-necessity/MSG05E_T5_OUTSIDE_INTERVAL_NECESSITY_RUN1_20260723T164237Z_af4c5abdd595/03_inspection/validate_stderr.txt
mlk_poly_tomsg_cleanroom/MSG02L_R3B_UNEQUAL_INPUT_MUTATION_RUN1_20260723T133447Z_af4c5abdd595/06_logs/goto_build_stderr.txt,0,e3b0c44298fc1c149afbf4c8996fb92427ae41e4649b934ca495991b7852b855,goto_build_stderr.txt,omit-exact-duplicate-with-ledger,omitted-exact-same-name-and-content-evidence-copy,mlk_poly_tomsg_cleanroom/MSG02B_R1_T2_RELATIONAL_XOR_RUN1_20260723T113821Z_af4c5abdd595/07_logs/goto_build_stderr.txt,experiments/poly-tomsg/MSG-T2-relational-properties/01-R1-xor-relational-run/MSG02B_R1_T2_RELATIONAL_XOR_RUN1_20260723T113821Z_af4c5abdd595/07_logs/goto_build_stderr.txt
mlk_poly_tomsg_cleanroom/MSG02L_R3B_UNEQUAL_INPUT_MUTATION_RUN1_20260723T133447Z_af4c5abdd595/06_logs/goto_build_stdout.txt,0,e3b0c44298fc1c149afbf4c8996fb92427ae41e4649b934ca495991b7852b855,goto_build_stdout.txt,omit-exact-duplicate-with-ledger,omitted-exact-same-name-and-content-evidence-copy,mlk_poly_tomsg_cleanroom/MSG02B_R1_T2_RELATIONAL_XOR_RUN1_20260723T113821Z_af4c5abdd595/07_logs/goto_build_stdout.txt,experiments/poly-tomsg/MSG-T2-relational-properties/01-R1-xor-relational-run/MSG02B_R1_T2_RELATIONAL_XOR_RUN1_20260723T113821Z_af4c5abdd595/07_logs/goto_build_stdout.txt
mlk_poly_tomsg_cleanroom/MSG02M_T2_FINAL_ACCEPTANCE_AND_EVIDENCE_FREEZE_20260723T134156Z_af4c5abdd595/04_frozen_source_snapshot/compress.c,24427,9201bea6ddd1d7622cc6496d2f745fee52397d203392f75a3d6e52a400de5bad,compress.c,omit-exact-duplicate-with-ledger,omitted-exact-same-name-and-content-evidence-copy,mlk_poly_tomsg_cleanroom/MSG05G_T5_FINAL_ACCEPTANCE_AND_EVIDENCE_FREEZE_20260723T165407Z_af4c5abdd595/04_frozen_source/compress.c,experiments/poly-tomsg/MSG-T5-exact-offset-interval/06-final-acceptance-and-evidence-freeze/MSG05G_T5_FINAL_ACCEPTANCE_AND_EVIDENCE_FREEZE_20260723T165407Z_af4c5abdd595/04_frozen_source/compress.c
mlk_poly_tomsg_cleanroom/MSG02M_T2_FINAL_ACCEPTANCE_AND_EVIDENCE_FREEZE_20260723T134156Z_af4c5abdd595/04_frozen_source_snapshot/compress.h,20187,0f357a30e7ea37351854dc550e502e5a7eaf80184896bf92b40073175706e0dd,compress.h,omit-exact-duplicate-with-ledger,omitted-exact-same-name-and-content-evidence-copy,mlk_poly_tomsg_cleanroom/MSG05G_T5_FINAL_ACCEPTANCE_AND_EVIDENCE_FREEZE_20260723T165407Z_af4c5abdd595/04_frozen_source/compress.h,experiments/poly-tomsg/MSG-T5-exact-offset-interval/06-final-acceptance-and-evidence-freeze/MSG05G_T5_FINAL_ACCEPTANCE_AND_EVIDENCE_FREEZE_20260723T165407Z_af4c5abdd595/04_frozen_source/compress.h
mlk_poly_tomsg_cleanroom/MSG02M_T2_FINAL_ACCEPTANCE_AND_EVIDENCE_FREEZE_20260723T134156Z_af4c5abdd595/04_frozen_source_snapshot/MLKEM_NATIVE_COMMIT.txt,41,3a71e5f177443604a5cc0b95847b0f86101d8372ebd8d8b8c17ffe5ed268d35f,MLKEM_NATIVE_COMMIT.txt,omit-exact-duplicate-with-ledger,omitted-exact-same-name-and-content-evidence-copy,mlk_poly_tomsg_cleanroom/MSG05G_T5_FINAL_ACCEPTANCE_AND_EVIDENCE_FREEZE_20260723T165407Z_af4c5abdd595/04_frozen_source/MLKEM_NATIVE_COMMIT.txt,experiments/poly-tomsg/MSG-T5-exact-offset-interval/06-final-acceptance-and-evidence-freeze/MSG05G_T5_FINAL_ACCEPTANCE_AND_EVIDENCE_FREEZE_20260723T165407Z_af4c5abdd595/04_frozen_source/MLKEM_NATIVE_COMMIT.txt
mlk_poly_tomsg_cleanroom/MSG02M_T2_FINAL_ACCEPTANCE_AND_EVIDENCE_FREEZE_20260723T134156Z_af4c5abdd595/04_frozen_source_snapshot/SOURCE_GIT_STATUS.txt,0,e3b0c44298fc1c149afbf4c8996fb92427ae41e4649b934ca495991b7852b855,SOURCE_GIT_STATUS.txt,omit-exact-duplicate-with-ledger,omitted-exact-same-name-and-content-evidence-copy,mlk_poly_tomsg_cleanroom/MSG05G_T5_FINAL_ACCEPTANCE_AND_EVIDENCE_FREEZE_20260723T165407Z_af4c5abdd595/04_frozen_source/SOURCE_GIT_STATUS.txt,experiments/poly-tomsg/MSG-T5-exact-offset-interval/06-final-acceptance-and-evidence-freeze/MSG05G_T5_FINAL_ACCEPTANCE_AND_EVIDENCE_FREEZE_20260723T165407Z_af4c5abdd595/04_frozen_source/SOURCE_GIT_STATUS.txt
mlk_poly_tomsg_cleanroom/MSG05C_T5_PARAMETERIZED_MODEL_BINDING_RUN1_20260723T163437Z_af4c5abdd595/03_inspection/show_goto_functions_stderr.txt,0,e3b0c44298fc1c149afbf4c8996fb92427ae41e4649b934ca495991b7852b855,show_goto_functions_stderr.txt,omit-exact-duplicate-with-ledger,omitted-exact-same-name-and-content-evidence-copy,mlk_poly_tomsg_cleanroom/MSG05E_T5_OUTSIDE_INTERVAL_NECESSITY_RUN1_20260723T164237Z_af4c5abdd595/03_inspection/show_goto_functions_stderr.txt,experiments/poly-tomsg/MSG-T5-exact-offset-interval/04-outside-interval-necessity/MSG05E_T5_OUTSIDE_INTERVAL_NECESSITY_RUN1_20260723T164237Z_af4c5abdd595/03_inspection/show_goto_functions_stderr.txt
mlk_poly_tomsg_cleanroom/MSG05C_T5_PARAMETERIZED_MODEL_BINDING_RUN1_20260723T163437Z_af4c5abdd595/03_inspection/show_loops_stderr.txt,0,e3b0c44298fc1c149afbf4c8996fb92427ae41e4649b934ca495991b7852b855,show_loops_stderr.txt,omit-exact-duplicate-with-ledger,omitted-exact-same-name-and-content-evidence-copy,mlk_poly_tomsg_cleanroom/MSG05E_T5_OUTSIDE_INTERVAL_NECESSITY_RUN1_20260723T164237Z_af4c5abdd595/03_inspection/show_loops_stderr.txt,experiments/poly-tomsg/MSG-T5-exact-offset-interval/04-outside-interval-necessity/MSG05E_T5_OUTSIDE_INTERVAL_NECESSITY_RUN1_20260723T164237Z_af4c5abdd595/03_inspection/show_loops_stderr.txt
mlk_poly_tomsg_cleanroom/MSG05C_T5_PARAMETERIZED_MODEL_BINDING_RUN1_20260723T163437Z_af4c5abdd595/03_inspection/show_properties_stderr.txt,0,e3b0c44298fc1c149afbf4c8996fb92427ae41e4649b934ca495991b7852b855,show_properties_stderr.txt,omit-exact-duplicate-with-ledger,omitted-exact-same-name-and-content-evidence-copy,mlk_poly_tomsg_cleanroom/MSG05E_T5_OUTSIDE_INTERVAL_NECESSITY_RUN1_20260723T164237Z_af4c5abdd595/03_inspection/show_properties_stderr.txt,experiments/poly-tomsg/MSG-T5-exact-offset-interval/04-outside-interval-necessity/MSG05E_T5_OUTSIDE_INTERVAL_NECESSITY_RUN1_20260723T164237Z_af4c5abdd595/03_inspection/show_properties_stderr.txt
mlk_poly_tomsg_cleanroom/MSG05C_T5_PARAMETERIZED_MODEL_BINDING_RUN1_20260723T163437Z_af4c5abdd595/03_inspection/validate_stderr.txt,0,e3b0c44298fc1c149afbf4c8996fb92427ae41e4649b934ca495991b7852b855,validate_stderr.txt,omit-exact-duplicate-with-ledger,omitted-exact-same-name-and-content-evidence-copy,mlk_poly_tomsg_cleanroom/MSG05E_T5_OUTSIDE_INTERVAL_NECESSITY_RUN1_20260723T164237Z_af4c5abdd595/03_inspection/validate_stderr.txt,experiments/poly-tomsg/MSG-T5-exact-offset-interval/04-outside-interval-necessity/MSG05E_T5_OUTSIDE_INTERVAL_NECESSITY_RUN1_20260723T164237Z_af4c5abdd595/03_inspection/validate_stderr.txt
mlk_poly_tomsg_cleanroom/MSG05C_T5_PARAMETERIZED_MODEL_BINDING_RUN1_20260723T163437Z_af4c5abdd595/06_logs/goto_build_stderr.txt,0,e3b0c44298fc1c149afbf4c8996fb92427ae41e4649b934ca495991b7852b855,goto_build_stderr.txt,omit-exact-duplicate-with-ledger,omitted-exact-same-name-and-content-evidence-copy,mlk_poly_tomsg_cleanroom/MSG02B_R1_T2_RELATIONAL_XOR_RUN1_20260723T113821Z_af4c5abdd595/07_logs/goto_build_stderr.txt,experiments/poly-tomsg/MSG-T2-relational-properties/01-R1-xor-relational-run/MSG02B_R1_T2_RELATIONAL_XOR_RUN1_20260723T113821Z_af4c5abdd595/07_logs/goto_build_stderr.txt
mlk_poly_tomsg_cleanroom/MSG05C_T5_PARAMETERIZED_MODEL_BINDING_RUN1_20260723T163437Z_af4c5abdd595/06_logs/goto_build_stdout.txt,0,e3b0c44298fc1c149afbf4c8996fb92427ae41e4649b934ca495991b7852b855,goto_build_stdout.txt,omit-exact-duplicate-with-ledger,omitted-exact-same-name-and-content-evidence-copy,mlk_poly_tomsg_cleanroom/MSG02B_R1_T2_RELATIONAL_XOR_RUN1_20260723T113821Z_af4c5abdd595/07_logs/goto_build_stdout.txt,experiments/poly-tomsg/MSG-T2-relational-properties/01-R1-xor-relational-run/MSG02B_R1_T2_RELATIONAL_XOR_RUN1_20260723T113821Z_af4c5abdd595/07_logs/goto_build_stdout.txt
mlk_poly_tomsg_cleanroom/MSG05D_T5_EXACT_INTERVAL_SUFFICIENCY_RUN1_20260723T163846Z_af4c5abdd595/03_inspection/show_goto_functions_stderr.txt,0,e3b0c44298fc1c149afbf4c8996fb92427ae41e4649b934ca495991b7852b855,show_goto_functions_stderr.txt,omit-exact-duplicate-with-ledger,omitted-exact-same-name-and-content-evidence-copy,mlk_poly_tomsg_cleanroom/MSG05E_T5_OUTSIDE_INTERVAL_NECESSITY_RUN1_20260723T164237Z_af4c5abdd595/03_inspection/show_goto_functions_stderr.txt,experiments/poly-tomsg/MSG-T5-exact-offset-interval/04-outside-interval-necessity/MSG05E_T5_OUTSIDE_INTERVAL_NECESSITY_RUN1_20260723T164237Z_af4c5abdd595/03_inspection/show_goto_functions_stderr.txt
mlk_poly_tomsg_cleanroom/MSG05D_T5_EXACT_INTERVAL_SUFFICIENCY_RUN1_20260723T163846Z_af4c5abdd595/03_inspection/show_loops_stderr.txt,0,e3b0c44298fc1c149afbf4c8996fb92427ae41e4649b934ca495991b7852b855,show_loops_stderr.txt,omit-exact-duplicate-with-ledger,omitted-exact-same-name-and-content-evidence-copy,mlk_poly_tomsg_cleanroom/MSG05E_T5_OUTSIDE_INTERVAL_NECESSITY_RUN1_20260723T164237Z_af4c5abdd595/03_inspection/show_loops_stderr.txt,experiments/poly-tomsg/MSG-T5-exact-offset-interval/04-outside-interval-necessity/MSG05E_T5_OUTSIDE_INTERVAL_NECESSITY_RUN1_20260723T164237Z_af4c5abdd595/03_inspection/show_loops_stderr.txt
mlk_poly_tomsg_cleanroom/MSG05D_T5_EXACT_INTERVAL_SUFFICIENCY_RUN1_20260723T163846Z_af4c5abdd595/03_inspection/show_properties_stderr.txt,0,e3b0c44298fc1c149afbf4c8996fb92427ae41e4649b934ca495991b7852b855,show_properties_stderr.txt,omit-exact-duplicate-with-ledger,omitted-exact-same-name-and-content-evidence-copy,mlk_poly_tomsg_cleanroom/MSG05E_T5_OUTSIDE_INTERVAL_NECESSITY_RUN1_20260723T164237Z_af4c5abdd595/03_inspection/show_properties_stderr.txt,experiments/poly-tomsg/MSG-T5-exact-offset-interval/04-outside-interval-necessity/MSG05E_T5_OUTSIDE_INTERVAL_NECESSITY_RUN1_20260723T164237Z_af4c5abdd595/03_inspection/show_properties_stderr.txt
mlk_poly_tomsg_cleanroom/MSG05D_T5_EXACT_INTERVAL_SUFFICIENCY_RUN1_20260723T163846Z_af4c5abdd595/03_inspection/validate_stderr.txt,0,e3b0c44298fc1c149afbf4c8996fb92427ae41e4649b934ca495991b7852b855,validate_stderr.txt,omit-exact-duplicate-with-ledger,omitted-exact-same-name-and-content-evidence-copy,mlk_poly_tomsg_cleanroom/MSG05E_T5_OUTSIDE_INTERVAL_NECESSITY_RUN1_20260723T164237Z_af4c5abdd595/03_inspection/validate_stderr.txt,experiments/poly-tomsg/MSG-T5-exact-offset-interval/04-outside-interval-necessity/MSG05E_T5_OUTSIDE_INTERVAL_NECESSITY_RUN1_20260723T164237Z_af4c5abdd595/03_inspection/validate_stderr.txt
mlk_poly_tomsg_cleanroom/MSG05D_T5_EXACT_INTERVAL_SUFFICIENCY_RUN1_20260723T163846Z_af4c5abdd595/06_logs/goto_build_stderr.txt,0,e3b0c44298fc1c149afbf4c8996fb92427ae41e4649b934ca495991b7852b855,goto_build_stderr.txt,omit-exact-duplicate-with-ledger,omitted-exact-same-name-and-content-evidence-copy,mlk_poly_tomsg_cleanroom/MSG02B_R1_T2_RELATIONAL_XOR_RUN1_20260723T113821Z_af4c5abdd595/07_logs/goto_build_stderr.txt,experiments/poly-tomsg/MSG-T2-relational-properties/01-R1-xor-relational-run/MSG02B_R1_T2_RELATIONAL_XOR_RUN1_20260723T113821Z_af4c5abdd595/07_logs/goto_build_stderr.txt
mlk_poly_tomsg_cleanroom/MSG05D_T5_EXACT_INTERVAL_SUFFICIENCY_RUN1_20260723T163846Z_af4c5abdd595/06_logs/goto_build_stdout.txt,0,e3b0c44298fc1c149afbf4c8996fb92427ae41e4649b934ca495991b7852b855,goto_build_stdout.txt,omit-exact-duplicate-with-ledger,omitted-exact-same-name-and-content-evidence-copy,mlk_poly_tomsg_cleanroom/MSG02B_R1_T2_RELATIONAL_XOR_RUN1_20260723T113821Z_af4c5abdd595/07_logs/goto_build_stdout.txt,experiments/poly-tomsg/MSG-T2-relational-properties/01-R1-xor-relational-run/MSG02B_R1_T2_RELATIONAL_XOR_RUN1_20260723T113821Z_af4c5abdd595/07_logs/goto_build_stdout.txt
mlk_poly_tomsg_cleanroom/MSG05D_T5_EXACT_INTERVAL_SUFFICIENCY_RUN1_20260723T163846Z_af4c5abdd595/09_prior_evidence_binding/msg05c_goto_revalidation.txt,200,ef3321288cdeaaee9a5aa85ffe546176ad0d5897be7159553f90c3d31d85c134,msg05c_goto_revalidation.txt,omit-exact-duplicate-with-ledger,omitted-exact-same-name-and-content-evidence-copy,mlk_poly_tomsg_cleanroom/MSG05E_T5_OUTSIDE_INTERVAL_NECESSITY_RUN1_20260723T164237Z_af4c5abdd595/09_prior_evidence_binding/msg05c_goto_revalidation.txt,experiments/poly-tomsg/MSG-T5-exact-offset-interval/04-outside-interval-necessity/MSG05E_T5_OUTSIDE_INTERVAL_NECESSITY_RUN1_20260723T164237Z_af4c5abdd595/09_prior_evidence_binding/msg05c_goto_revalidation.txt
mlk_poly_tomsg_cleanroom/MSG05E_T5_OUTSIDE_INTERVAL_NECESSITY_RUN1_20260723T164237Z_af4c5abdd595/06_logs/goto_build_stderr.txt,0,e3b0c44298fc1c149afbf4c8996fb92427ae41e4649b934ca495991b7852b855,goto_build_stderr.txt,omit-exact-duplicate-with-ledger,omitted-exact-same-name-and-content-evidence-copy,mlk_poly_tomsg_cleanroom/MSG02B_R1_T2_RELATIONAL_XOR_RUN1_20260723T113821Z_af4c5abdd595/07_logs/goto_build_stderr.txt,experiments/poly-tomsg/MSG-T2-relational-properties/01-R1-xor-relational-run/MSG02B_R1_T2_RELATIONAL_XOR_RUN1_20260723T113821Z_af4c5abdd595/07_logs/goto_build_stderr.txt
mlk_poly_tomsg_cleanroom/MSG05E_T5_OUTSIDE_INTERVAL_NECESSITY_RUN1_20260723T164237Z_af4c5abdd595/06_logs/goto_build_stdout.txt,0,e3b0c44298fc1c149afbf4c8996fb92427ae41e4649b934ca495991b7852b855,goto_build_stdout.txt,omit-exact-duplicate-with-ledger,omitted-exact-same-name-and-content-evidence-copy,mlk_poly_tomsg_cleanroom/MSG02B_R1_T2_RELATIONAL_XOR_RUN1_20260723T113821Z_af4c5abdd595/07_logs/goto_build_stdout.txt,experiments/poly-tomsg/MSG-T2-relational-properties/01-R1-xor-relational-run/MSG02B_R1_T2_RELATIONAL_XOR_RUN1_20260723T113821Z_af4c5abdd595/07_logs/goto_build_stdout.txt
mlk_poly_tomsg_cleanroom/MSG06A_MLK_POLY_TOMSG_COMBINED_CAMPAIGN_CLOSURE_20260723T174232Z_af4c5abdd595/06_source_binding/compress.c,24427,9201bea6ddd1d7622cc6496d2f745fee52397d203392f75a3d6e52a400de5bad,compress.c,omit-exact-duplicate-with-ledger,omitted-exact-same-name-and-content-evidence-copy,mlk_poly_tomsg_cleanroom/MSG05G_T5_FINAL_ACCEPTANCE_AND_EVIDENCE_FREEZE_20260723T165407Z_af4c5abdd595/04_frozen_source/compress.c,experiments/poly-tomsg/MSG-T5-exact-offset-interval/06-final-acceptance-and-evidence-freeze/MSG05G_T5_FINAL_ACCEPTANCE_AND_EVIDENCE_FREEZE_20260723T165407Z_af4c5abdd595/04_frozen_source/compress.c
mlk_poly_tomsg_cleanroom/MSG06A_MLK_POLY_TOMSG_COMBINED_CAMPAIGN_CLOSURE_20260723T174232Z_af4c5abdd595/06_source_binding/compress.h,20187,0f357a30e7ea37351854dc550e502e5a7eaf80184896bf92b40073175706e0dd,compress.h,omit-exact-duplicate-with-ledger,omitted-exact-same-name-and-content-evidence-copy,mlk_poly_tomsg_cleanroom/MSG05G_T5_FINAL_ACCEPTANCE_AND_EVIDENCE_FREEZE_20260723T165407Z_af4c5abdd595/04_frozen_source/compress.h,experiments/poly-tomsg/MSG-T5-exact-offset-interval/06-final-acceptance-and-evidence-freeze/MSG05G_T5_FINAL_ACCEPTANCE_AND_EVIDENCE_FREEZE_20260723T165407Z_af4c5abdd595/04_frozen_source/compress.h
