PROPERTY	STATUS	DESCRIPTION	FILE	LINE	FUNCTION
main.array_bounds.1	SUCCESS	array 'a'.coeffs upper bound in a.coeffs[(signed long int)k]	/home/girish/THESIS-2026/mlk_poly_tomsg_cleanroom/MSG01I_T1_REACHABILITY_CONTROL_FREEZE_V1_af4c5abdd595/frozen_reachability_family_v1/harnesses/msg_t1_reachability_harness.c	34	main
main.array_bounds.2	SUCCESS	array 'msg' upper bound in msg[(signed long int)(k >> 3)]	/home/girish/THESIS-2026/mlk_poly_tomsg_cleanroom/MSG01I_T1_REACHABILITY_CONTROL_FREEZE_V1_af4c5abdd595/frozen_reachability_family_v1/harnesses/msg_t1_reachability_harness.c	46	main
main.array_bounds.3	SUCCESS	array 'a'.coeffs upper bound in a.coeffs[(signed long int)k]	/home/girish/THESIS-2026/mlk_poly_tomsg_cleanroom/MSG01I_T1_REACHABILITY_CONTROL_FREEZE_V1_af4c5abdd595/frozen_reachability_family_v1/harnesses/msg_t1_reachability_harness.c	49	main
main.array_bounds.4	SUCCESS	array 'a'.coeffs upper bound in a.coeffs[(signed long int)selected]	/home/girish/THESIS-2026/mlk_poly_tomsg_cleanroom/MSG01I_T1_REACHABILITY_CONTROL_FREEZE_V1_af4c5abdd595/frozen_reachability_family_v1/harnesses/msg_t1_reachability_harness.c	62	main
main.array_bounds.5	SUCCESS	array 'msg' upper bound in msg[(signed long int)(selected >> 3)]	/home/girish/THESIS-2026/mlk_poly_tomsg_cleanroom/MSG01I_T1_REACHABILITY_CONTROL_FREEZE_V1_af4c5abdd595/frozen_reachability_family_v1/harnesses/msg_t1_reachability_harness.c	65	main
main.assertion.1	SUCCESS	MSG_T1_REACH_MODEL: polynomial degree must be 256	/home/girish/THESIS-2026/mlk_poly_tomsg_cleanroom/MSG01I_T1_REACHABILITY_CONTROL_FREEZE_V1_af4c5abdd595/frozen_reachability_family_v1/harnesses/msg_t1_reachability_harness.c	24	main
main.assertion.2	SUCCESS	MSG_T1_REACH_MODEL: message size must be 32 bytes	/home/girish/THESIS-2026/mlk_poly_tomsg_cleanroom/MSG01I_T1_REACHABILITY_CONTROL_FREEZE_V1_af4c5abdd595/frozen_reachability_family_v1/harnesses/msg_t1_reachability_harness.c	28	main
main.assertion.3	SUCCESS	MSG_T1_REACH_ANCHOR_EXACT: every output bit must match independent oracle	/home/girish/THESIS-2026/mlk_poly_tomsg_cleanroom/MSG01I_T1_REACHABILITY_CONTROL_FREEZE_V1_af4c5abdd595/frozen_reachability_family_v1/harnesses/msg_t1_reachability_harness.c	51	main
main.overflow.1	SUCCESS	arithmetic overflow on unsigned + in k + 1u	/home/girish/THESIS-2026/mlk_poly_tomsg_cleanroom/MSG01I_T1_REACHABILITY_CONTROL_FREEZE_V1_af4c5abdd595/frozen_reachability_family_v1/harnesses/msg_t1_reachability_harness.c	32	main
main.overflow.2	SUCCESS	arithmetic overflow on signed to unsigned type conversion in (unsigned int)((signed int)msg[(signed long int)(k >> 3)] >> (k & 7u))	/home/girish/THESIS-2026/mlk_poly_tomsg_cleanroom/MSG01I_T1_REACHABILITY_CONTROL_FREEZE_V1_af4c5abdd595/frozen_reachability_family_v1/harnesses/msg_t1_reachability_harness.c	46	main
main.overflow.3	SUCCESS	arithmetic overflow on unsigned to unsigned type conversion in (uint8_t)((unsigned int)((signed int)msg[(signed long int)(k >> 3)] >> (k & 7u)) & 1u)	/home/girish/THESIS-2026/mlk_poly_tomsg_cleanroom/MSG01I_T1_REACHABILITY_CONTROL_FREEZE_V1_af4c5abdd595/frozen_reachability_family_v1/harnesses/msg_t1_reachability_harness.c	46	main
main.overflow.4	SUCCESS	arithmetic overflow on unsigned + in k + 1u	/home/girish/THESIS-2026/mlk_poly_tomsg_cleanroom/MSG01I_T1_REACHABILITY_CONTROL_FREEZE_V1_af4c5abdd595/frozen_reachability_family_v1/harnesses/msg_t1_reachability_harness.c	40	main
main.overflow.5	SUCCESS	arithmetic overflow on signed to unsigned type conversion in (unsigned int)((signed int)msg[(signed long int)(selected >> 3)] >> (selected & 7u))	/home/girish/THESIS-2026/mlk_poly_tomsg_cleanroom/MSG01I_T1_REACHABILITY_CONTROL_FREEZE_V1_af4c5abdd595/frozen_reachability_family_v1/harnesses/msg_t1_reachability_harness.c	65	main
main.overflow.6	SUCCESS	arithmetic overflow on unsigned to unsigned type conversion in (uint8_t)((unsigned int)((signed int)msg[(signed long int)(selected >> 3)] >> (selected & 7u)) & 1u)	/home/girish/THESIS-2026/mlk_poly_tomsg_cleanroom/MSG01I_T1_REACHABILITY_CONTROL_FREEZE_V1_af4c5abdd595/frozen_reachability_family_v1/harnesses/msg_t1_reachability_harness.c	65	main
main.undefined-shift.1	SUCCESS	shift distance too large in (signed int)msg[(signed long int)(k >> 3)] >> (k & 7u)	/home/girish/THESIS-2026/mlk_poly_tomsg_cleanroom/MSG01I_T1_REACHABILITY_CONTROL_FREEZE_V1_af4c5abdd595/frozen_reachability_family_v1/harnesses/msg_t1_reachability_harness.c	46	main
main.undefined-shift.2	SUCCESS	shift distance too large in (signed int)msg[(signed long int)(selected >> 3)] >> (selected & 7u)	/home/girish/THESIS-2026/mlk_poly_tomsg_cleanroom/MSG01I_T1_REACHABILITY_CONTROL_FREEZE_V1_af4c5abdd595/frozen_reachability_family_v1/harnesses/msg_t1_reachability_harness.c	65	main
mlk_cast_int32_to_uint16.overflow.1	SUCCESS	arithmetic overflow on signed to unsigned type conversion in (uint16_t)(x & (int32_t)65535)	/home/girish/THESIS-2026/mlkem-native_af4c5abd/mlkem/src/verify.h	174	mlk_cast_int32_to_uint16
mlk_ct_cmask_nonzero_u16.overflow.1	SUCCESS	arithmetic overflow on signed unary minus in -((int32_t)x)	/home/girish/THESIS-2026/mlkem-native_af4c5abd/mlkem/src/verify.h	232	mlk_ct_cmask_nonzero_u16
mlk_ct_get_optblocker_i32.overflow.1	SUCCESS	arithmetic overflow on unsigned to signed type conversion in (int32_t)return_value_mlk_ct_get_optblocker_u64	/home/girish/THESIS-2026/mlkem-native_af4c5abd/mlkem/src/verify.h	99	mlk_ct_get_optblocker_i32
mlk_ct_get_optblocker_u8.overflow.1	SUCCESS	arithmetic overflow on unsigned to unsigned type conversion in (uint8_t)return_value_mlk_ct_get_optblocker_u64	/home/girish/THESIS-2026/mlkem-native_af4c5abd/mlkem/src/verify.h	93	mlk_ct_get_optblocker_u8
mlk_ct_sel_int16.overflow.1	SUCCESS	arithmetic overflow on signed to unsigned type conversion in (uint16_t)((signed int)bu ^ (signed int)return_value_mlk_ct_cmask_nonzero_u16 & ((signed int)au ^ (signed int)bu))	/home/girish/THESIS-2026/mlkem-native_af4c5abd/mlkem/src/verify.h	294	mlk_ct_sel_int16
mlk_msg01i_poly_frommsg.array_bounds.1	SUCCESS	array.coeffs dynamic object upper bound in r->coeffs[(signed long int)((unsigned int)8 * i + j)]	/home/girish/THESIS-2026/mlkem-native_af4c5abd/mlkem/src/compress.c	704	mlk_msg01i_poly_frommsg
mlk_msg01i_poly_frommsg.overflow.1	SUCCESS	arithmetic overflow on unsigned to unsigned type conversion in (uint8_t)(1u << j)	/home/girish/THESIS-2026/mlkem-native_af4c5abd/mlkem/src/compress.c	703	mlk_msg01i_poly_frommsg
mlk_msg01i_poly_frommsg.overflow.2	SUCCESS	arithmetic overflow on signed to unsigned type conversion in (uint16_t)((signed int)msg[(signed long int)i] & (signed int)mask)	/home/girish/THESIS-2026/mlkem-native_af4c5abd/mlkem/src/compress.c	704	mlk_msg01i_poly_frommsg
mlk_msg01i_poly_frommsg.overflow.3	SUCCESS	arithmetic overflow on unsigned * in (unsigned int)8 * i	/home/girish/THESIS-2026/mlkem-native_af4c5abd/mlkem/src/compress.c	704	mlk_msg01i_poly_frommsg
mlk_msg01i_poly_frommsg.overflow.4	SUCCESS	arithmetic overflow on unsigned + in (unsigned int)8 * i + j	/home/girish/THESIS-2026/mlkem-native_af4c5abd/mlkem/src/compress.c	704	mlk_msg01i_poly_frommsg
mlk_msg01i_poly_frommsg.overflow.5	SUCCESS	arithmetic overflow on unsigned + in j + 1u	/home/girish/THESIS-2026/mlkem-native_af4c5abd/mlkem/src/compress.c	693	mlk_msg01i_poly_frommsg
mlk_msg01i_poly_frommsg.overflow.6	SUCCESS	arithmetic overflow on unsigned + in i + 1u	/home/girish/THESIS-2026/mlkem-native_af4c5abd/mlkem/src/compress.c	686	mlk_msg01i_poly_frommsg
mlk_msg01i_poly_frommsg.pointer_arithmetic.1	SUCCESS	pointer arithmetic: pointer NULL in msg + (signed long int)i	/home/girish/THESIS-2026/mlkem-native_af4c5abd/mlkem/src/compress.c	704	mlk_msg01i_poly_frommsg
mlk_msg01i_poly_frommsg.pointer_arithmetic.2	SUCCESS	pointer arithmetic: pointer invalid in msg + (signed long int)i	/home/girish/THESIS-2026/mlkem-native_af4c5abd/mlkem/src/compress.c	704	mlk_msg01i_poly_frommsg
mlk_msg01i_poly_frommsg.pointer_arithmetic.3	SUCCESS	pointer arithmetic: deallocated dynamic object in msg + (signed long int)i	/home/girish/THESIS-2026/mlkem-native_af4c5abd/mlkem/src/compress.c	704	mlk_msg01i_poly_frommsg
mlk_msg01i_poly_frommsg.pointer_arithmetic.4	SUCCESS	pointer arithmetic: dead object in msg + (signed long int)i	/home/girish/THESIS-2026/mlkem-native_af4c5abd/mlkem/src/compress.c	704	mlk_msg01i_poly_frommsg
mlk_msg01i_poly_frommsg.pointer_arithmetic.5	SUCCESS	pointer arithmetic: pointer outside object bounds in msg + (signed long int)i	/home/girish/THESIS-2026/mlkem-native_af4c5abd/mlkem/src/compress.c	704	mlk_msg01i_poly_frommsg
mlk_msg01i_poly_frommsg.pointer_arithmetic.6	SUCCESS	pointer arithmetic: invalid integer address in msg + (signed long int)i	/home/girish/THESIS-2026/mlkem-native_af4c5abd/mlkem/src/compress.c	704	mlk_msg01i_poly_frommsg
mlk_msg01i_poly_frommsg.pointer_dereference.1	SUCCESS	dereference failure: pointer NULL in msg[(signed long int)i]	/home/girish/THESIS-2026/mlkem-native_af4c5abd/mlkem/src/compress.c	704	mlk_msg01i_poly_frommsg
mlk_msg01i_poly_frommsg.pointer_dereference.10	SUCCESS	dereference failure: dead object in r->coeffs	/home/girish/THESIS-2026/mlkem-native_af4c5abd/mlkem/src/compress.c	704	mlk_msg01i_poly_frommsg
mlk_msg01i_poly_frommsg.pointer_dereference.11	SUCCESS	dereference failure: pointer outside object bounds in r->coeffs	/home/girish/THESIS-2026/mlkem-native_af4c5abd/mlkem/src/compress.c	704	mlk_msg01i_poly_frommsg
mlk_msg01i_poly_frommsg.pointer_dereference.12	SUCCESS	dereference failure: invalid integer address in r->coeffs	/home/girish/THESIS-2026/mlkem-native_af4c5abd/mlkem/src/compress.c	704	mlk_msg01i_poly_frommsg
mlk_msg01i_poly_frommsg.pointer_dereference.2	SUCCESS	dereference failure: pointer invalid in msg[(signed long int)i]	/home/girish/THESIS-2026/mlkem-native_af4c5abd/mlkem/src/compress.c	704	mlk_msg01i_poly_frommsg
mlk_msg01i_poly_frommsg.pointer_dereference.3	SUCCESS	dereference failure: deallocated dynamic object in msg[(signed long int)i]	/home/girish/THESIS-2026/mlkem-native_af4c5abd/mlkem/src/compress.c	704	mlk_msg01i_poly_frommsg
mlk_msg01i_poly_frommsg.pointer_dereference.4	SUCCESS	dereference failure: dead object in msg[(signed long int)i]	/home/girish/THESIS-2026/mlkem-native_af4c5abd/mlkem/src/compress.c	704	mlk_msg01i_poly_frommsg
mlk_msg01i_poly_frommsg.pointer_dereference.5	SUCCESS	dereference failure: pointer outside object bounds in msg[(signed long int)i]	/home/girish/THESIS-2026/mlkem-native_af4c5abd/mlkem/src/compress.c	704	mlk_msg01i_poly_frommsg
mlk_msg01i_poly_frommsg.pointer_dereference.6	SUCCESS	dereference failure: invalid integer address in msg[(signed long int)i]	/home/girish/THESIS-2026/mlkem-native_af4c5abd/mlkem/src/compress.c	704	mlk_msg01i_poly_frommsg
mlk_msg01i_poly_frommsg.pointer_dereference.7	SUCCESS	dereference failure: pointer NULL in r->coeffs	/home/girish/THESIS-2026/mlkem-native_af4c5abd/mlkem/src/compress.c	704	mlk_msg01i_poly_frommsg
mlk_msg01i_poly_frommsg.pointer_dereference.8	SUCCESS	dereference failure: pointer invalid in r->coeffs	/home/girish/THESIS-2026/mlkem-native_af4c5abd/mlkem/src/compress.c	704	mlk_msg01i_poly_frommsg
mlk_msg01i_poly_frommsg.pointer_dereference.9	SUCCESS	dereference failure: deallocated dynamic object in r->coeffs	/home/girish/THESIS-2026/mlkem-native_af4c5abd/mlkem/src/compress.c	704	mlk_msg01i_poly_frommsg
mlk_msg01i_poly_frommsg.undefined-shift.1	SUCCESS	shift distance too large in 1u << j	/home/girish/THESIS-2026/mlkem-native_af4c5abd/mlkem/src/compress.c	703	mlk_msg01i_poly_frommsg
mlk_msg01i_poly_tomsg.array_bounds.1	SUCCESS	array.coeffs dynamic object upper bound in r->coeffs[(signed long int)((unsigned int)8 * i + j)]	/home/girish/THESIS-2026/mlkem-native_af4c5abd/mlkem/src/compress.c	733	mlk_msg01i_poly_tomsg
mlk_msg01i_poly_tomsg.overflow.1	SUCCESS	arithmetic overflow on unsigned * in (unsigned int)8 * i	/home/girish/THESIS-2026/mlkem-native_af4c5abd/mlkem/src/compress.c	733	mlk_msg01i_poly_tomsg
mlk_msg01i_poly_tomsg.overflow.2	SUCCESS	arithmetic overflow on unsigned + in (unsigned int)8 * i + j	/home/girish/THESIS-2026/mlkem-native_af4c5abd/mlkem/src/compress.c	733	mlk_msg01i_poly_tomsg
mlk_msg01i_poly_tomsg.overflow.3	SUCCESS	arithmetic overflow on unsigned to unsigned type conversion in (uint8_t)(t << j)	/home/girish/THESIS-2026/mlkem-native_af4c5abd/mlkem/src/compress.c	734	mlk_msg01i_poly_tomsg
mlk_msg01i_poly_tomsg.overflow.4	SUCCESS	arithmetic overflow on signed to unsigned type conversion in (uint8_t)((signed int)msg[(signed long int)i] | (signed int)(uint8_t)(t << j))	/home/girish/THESIS-2026/mlkem-native_af4c5abd/mlkem/src/compress.c	734	mlk_msg01i_poly_tomsg
mlk_msg01i_poly_tomsg.overflow.5	SUCCESS	arithmetic overflow on unsigned + in j + 1u	/home/girish/THESIS-2026/mlkem-native_af4c5abd/mlkem/src/compress.c	728	mlk_msg01i_poly_tomsg
mlk_msg01i_poly_tomsg.overflow.6	SUCCESS	arithmetic overflow on unsigned + in i + 1u	/home/girish/THESIS-2026/mlkem-native_af4c5abd/mlkem/src/compress.c	722	mlk_msg01i_poly_tomsg
mlk_msg01i_poly_tomsg.pointer_arithmetic.1	SUCCESS	pointer arithmetic: pointer NULL in msg + (signed long int)i	/home/girish/THESIS-2026/mlkem-native_af4c5abd/mlkem/src/compress.c	727	mlk_msg01i_poly_tomsg
mlk_msg01i_poly_tomsg.pointer_arithmetic.10	SUCCESS	pointer arithmetic: dead object in msg + (signed long int)i	/home/girish/THESIS-2026/mlkem-native_af4c5abd/mlkem/src/compress.c	734	mlk_msg01i_poly_tomsg
mlk_msg01i_poly_tomsg.pointer_arithmetic.11	SUCCESS	pointer arithmetic: pointer outside object bounds in msg + (signed long int)i	/home/girish/THESIS-2026/mlkem-native_af4c5abd/mlkem/src/compress.c	734	mlk_msg01i_poly_tomsg
mlk_msg01i_poly_tomsg.pointer_arithmetic.12	SUCCESS	pointer arithmetic: invalid integer address in msg + (signed long int)i	/home/girish/THESIS-2026/mlkem-native_af4c5abd/mlkem/src/compress.c	734	mlk_msg01i_poly_tomsg
mlk_msg01i_poly_tomsg.pointer_arithmetic.2	SUCCESS	pointer arithmetic: pointer invalid in msg + (signed long int)i	/home/girish/THESIS-2026/mlkem-native_af4c5abd/mlkem/src/compress.c	727	mlk_msg01i_poly_tomsg
mlk_msg01i_poly_tomsg.pointer_arithmetic.3	SUCCESS	pointer arithmetic: deallocated dynamic object in msg + (signed long int)i	/home/girish/THESIS-2026/mlkem-native_af4c5abd/mlkem/src/compress.c	727	mlk_msg01i_poly_tomsg
mlk_msg01i_poly_tomsg.pointer_arithmetic.4	SUCCESS	pointer arithmetic: dead object in msg + (signed long int)i	/home/girish/THESIS-2026/mlkem-native_af4c5abd/mlkem/src/compress.c	727	mlk_msg01i_poly_tomsg
mlk_msg01i_poly_tomsg.pointer_arithmetic.5	SUCCESS	pointer arithmetic: pointer outside object bounds in msg + (signed long int)i	/home/girish/THESIS-2026/mlkem-native_af4c5abd/mlkem/src/compress.c	727	mlk_msg01i_poly_tomsg
mlk_msg01i_poly_tomsg.pointer_arithmetic.6	SUCCESS	pointer arithmetic: invalid integer address in msg + (signed long int)i	/home/girish/THESIS-2026/mlkem-native_af4c5abd/mlkem/src/compress.c	727	mlk_msg01i_poly_tomsg
mlk_msg01i_poly_tomsg.pointer_arithmetic.7	SUCCESS	pointer arithmetic: pointer NULL in msg + (signed long int)i	/home/girish/THESIS-2026/mlkem-native_af4c5abd/mlkem/src/compress.c	734	mlk_msg01i_poly_tomsg
mlk_msg01i_poly_tomsg.pointer_arithmetic.8	SUCCESS	pointer arithmetic: pointer invalid in msg + (signed long int)i	/home/girish/THESIS-2026/mlkem-native_af4c5abd/mlkem/src/compress.c	734	mlk_msg01i_poly_tomsg
mlk_msg01i_poly_tomsg.pointer_arithmetic.9	SUCCESS	pointer arithmetic: deallocated dynamic object in msg + (signed long int)i	/home/girish/THESIS-2026/mlkem-native_af4c5abd/mlkem/src/compress.c	734	mlk_msg01i_poly_tomsg
mlk_msg01i_poly_tomsg.pointer_dereference.1	SUCCESS	dereference failure: pointer NULL in msg[(signed long int)i]	/home/girish/THESIS-2026/mlkem-native_af4c5abd/mlkem/src/compress.c	727	mlk_msg01i_poly_tomsg
mlk_msg01i_poly_tomsg.pointer_dereference.10	SUCCESS	dereference failure: dead object in r->coeffs	/home/girish/THESIS-2026/mlkem-native_af4c5abd/mlkem/src/compress.c	733	mlk_msg01i_poly_tomsg
mlk_msg01i_poly_tomsg.pointer_dereference.11	SUCCESS	dereference failure: pointer outside object bounds in r->coeffs	/home/girish/THESIS-2026/mlkem-native_af4c5abd/mlkem/src/compress.c	733	mlk_msg01i_poly_tomsg
mlk_msg01i_poly_tomsg.pointer_dereference.12	SUCCESS	dereference failure: invalid integer address in r->coeffs	/home/girish/THESIS-2026/mlkem-native_af4c5abd/mlkem/src/compress.c	733	mlk_msg01i_poly_tomsg
mlk_msg01i_poly_tomsg.pointer_dereference.13	SUCCESS	dereference failure: pointer NULL in msg[(signed long int)i]	/home/girish/THESIS-2026/mlkem-native_af4c5abd/mlkem/src/compress.c	734	mlk_msg01i_poly_tomsg
mlk_msg01i_poly_tomsg.pointer_dereference.14	SUCCESS	dereference failure: pointer invalid in msg[(signed long int)i]	/home/girish/THESIS-2026/mlkem-native_af4c5abd/mlkem/src/compress.c	734	mlk_msg01i_poly_tomsg
mlk_msg01i_poly_tomsg.pointer_dereference.15	SUCCESS	dereference failure: deallocated dynamic object in msg[(signed long int)i]	/home/girish/THESIS-2026/mlkem-native_af4c5abd/mlkem/src/compress.c	734	mlk_msg01i_poly_tomsg
mlk_msg01i_poly_tomsg.pointer_dereference.16	SUCCESS	dereference failure: dead object in msg[(signed long int)i]	/home/girish/THESIS-2026/mlkem-native_af4c5abd/mlkem/src/compress.c	734	mlk_msg01i_poly_tomsg
mlk_msg01i_poly_tomsg.pointer_dereference.17	SUCCESS	dereference failure: pointer outside object bounds in msg[(signed long int)i]	/home/girish/THESIS-2026/mlkem-native_af4c5abd/mlkem/src/compress.c	734	mlk_msg01i_poly_tomsg
mlk_msg01i_poly_tomsg.pointer_dereference.18	SUCCESS	dereference failure: invalid integer address in msg[(signed long int)i]	/home/girish/THESIS-2026/mlkem-native_af4c5abd/mlkem/src/compress.c	734	mlk_msg01i_poly_tomsg
mlk_msg01i_poly_tomsg.pointer_dereference.2	SUCCESS	dereference failure: pointer invalid in msg[(signed long int)i]	/home/girish/THESIS-2026/mlkem-native_af4c5abd/mlkem/src/compress.c	727	mlk_msg01i_poly_tomsg
mlk_msg01i_poly_tomsg.pointer_dereference.3	SUCCESS	dereference failure: deallocated dynamic object in msg[(signed long int)i]	/home/girish/THESIS-2026/mlkem-native_af4c5abd/mlkem/src/compress.c	727	mlk_msg01i_poly_tomsg
mlk_msg01i_poly_tomsg.pointer_dereference.4	SUCCESS	dereference failure: dead object in msg[(signed long int)i]	/home/girish/THESIS-2026/mlkem-native_af4c5abd/mlkem/src/compress.c	727	mlk_msg01i_poly_tomsg
mlk_msg01i_poly_tomsg.pointer_dereference.5	SUCCESS	dereference failure: pointer outside object bounds in msg[(signed long int)i]	/home/girish/THESIS-2026/mlkem-native_af4c5abd/mlkem/src/compress.c	727	mlk_msg01i_poly_tomsg
mlk_msg01i_poly_tomsg.pointer_dereference.6	SUCCESS	dereference failure: invalid integer address in msg[(signed long int)i]	/home/girish/THESIS-2026/mlkem-native_af4c5abd/mlkem/src/compress.c	727	mlk_msg01i_poly_tomsg
mlk_msg01i_poly_tomsg.pointer_dereference.7	SUCCESS	dereference failure: pointer NULL in r->coeffs	/home/girish/THESIS-2026/mlkem-native_af4c5abd/mlkem/src/compress.c	733	mlk_msg01i_poly_tomsg
mlk_msg01i_poly_tomsg.pointer_dereference.8	SUCCESS	dereference failure: pointer invalid in r->coeffs	/home/girish/THESIS-2026/mlkem-native_af4c5abd/mlkem/src/compress.c	733	mlk_msg01i_poly_tomsg
mlk_msg01i_poly_tomsg.pointer_dereference.9	SUCCESS	dereference failure: deallocated dynamic object in r->coeffs	/home/girish/THESIS-2026/mlkem-native_af4c5abd/mlkem/src/compress.c	733	mlk_msg01i_poly_tomsg
mlk_msg01i_poly_tomsg.undefined-shift.1	SUCCESS	shift distance too large in t << j	/home/girish/THESIS-2026/mlkem-native_af4c5abd/mlkem/src/compress.c	734	mlk_msg01i_poly_tomsg
mlk_poly_compress_d10_c.array_bounds.1	SUCCESS	array.coeffs dynamic object upper bound in a->coeffs[(signed long int)((unsigned int)4 * j + k)]	/home/girish/THESIS-2026/mlkem-native_af4c5abd/mlkem/src/compress.c	123	mlk_poly_compress_d10_c
mlk_poly_compress_d10_c.array_bounds.2	SUCCESS	array 't' upper bound in t[(signed long int)k]	/home/girish/THESIS-2026/mlkem-native_af4c5abd/mlkem/src/compress.c	123	mlk_poly_compress_d10_c
mlk_poly_compress_d10_c.overflow.1	SUCCESS	arithmetic overflow on unsigned * in (unsigned int)4 * j	/home/girish/THESIS-2026/mlkem-native_af4c5abd/mlkem/src/compress.c	123	mlk_poly_compress_d10_c
mlk_poly_compress_d10_c.overflow.10	SUCCESS	arithmetic overflow on unsigned * in (unsigned int)5 * j	/home/girish/THESIS-2026/mlkem-native_af4c5abd/mlkem/src/compress.c	132	mlk_poly_compress_d10_c
mlk_poly_compress_d10_c.overflow.11	SUCCESS	arithmetic overflow on unsigned + in (unsigned int)5 * j + (unsigned int)2	/home/girish/THESIS-2026/mlkem-native_af4c5abd/mlkem/src/compress.c	132	mlk_poly_compress_d10_c
mlk_poly_compress_d10_c.overflow.12	SUCCESS	arithmetic overflow on signed shl in (signed int)t[(signed long int)2] << 4	/home/girish/THESIS-2026/mlkem-native_af4c5abd/mlkem/src/compress.c	132	mlk_poly_compress_d10_c
mlk_poly_compress_d10_c.overflow.13	SUCCESS	arithmetic overflow on signed to unsigned type conversion in (uint8_t)((signed int)t[(signed long int)1] >> 6 | (signed int)t[(signed long int)2] << 4 & 0xFF)	/home/girish/THESIS-2026/mlkem-native_af4c5abd/mlkem/src/compress.c	132	mlk_poly_compress_d10_c
mlk_poly_compress_d10_c.overflow.14	SUCCESS	arithmetic overflow on unsigned * in (unsigned int)5 * j	/home/girish/THESIS-2026/mlkem-native_af4c5abd/mlkem/src/compress.c	133	mlk_poly_compress_d10_c
mlk_poly_compress_d10_c.overflow.15	SUCCESS	arithmetic overflow on unsigned + in (unsigned int)5 * j + (unsigned int)3	/home/girish/THESIS-2026/mlkem-native_af4c5abd/mlkem/src/compress.c	133	mlk_poly_compress_d10_c
mlk_poly_compress_d10_c.overflow.16	SUCCESS	arithmetic overflow on signed shl in (signed int)t[(signed long int)3] << 6	/home/girish/THESIS-2026/mlkem-native_af4c5abd/mlkem/src/compress.c	133	mlk_poly_compress_d10_c
mlk_poly_compress_d10_c.overflow.17	SUCCESS	arithmetic overflow on signed to unsigned type conversion in (uint8_t)((signed int)t[(signed long int)2] >> 4 | (signed int)t[(signed long int)3] << 6 & 0xFF)	/home/girish/THESIS-2026/mlkem-native_af4c5abd/mlkem/src/compress.c	133	mlk_poly_compress_d10_c
mlk_poly_compress_d10_c.overflow.18	SUCCESS	arithmetic overflow on unsigned * in (unsigned int)5 * j	/home/girish/THESIS-2026/mlkem-native_af4c5abd/mlkem/src/compress.c	134	mlk_poly_compress_d10_c
mlk_poly_compress_d10_c.overflow.19	SUCCESS	arithmetic overflow on unsigned + in (unsigned int)5 * j + (unsigned int)4	/home/girish/THESIS-2026/mlkem-native_af4c5abd/mlkem/src/compress.c	134	mlk_poly_compress_d10_c
mlk_poly_compress_d10_c.overflow.2	SUCCESS	arithmetic overflow on unsigned + in (unsigned int)4 * j + k	/home/girish/THESIS-2026/mlkem-native_af4c5abd/mlkem/src/compress.c	123	mlk_poly_compress_d10_c
mlk_poly_compress_d10_c.overflow.20	SUCCESS	arithmetic overflow on signed to unsigned type conversion in (uint8_t)((signed int)t[(signed long int)3] >> 2)	/home/girish/THESIS-2026/mlkem-native_af4c5abd/mlkem/src/compress.c	134	mlk_poly_compress_d10_c
mlk_poly_compress_d10_c.overflow.21	SUCCESS	arithmetic overflow on unsigned + in j + 1u	/home/girish/THESIS-2026/mlkem-native_af4c5abd/mlkem/src/compress.c	111	mlk_poly_compress_d10_c
mlk_poly_compress_d10_c.overflow.3	SUCCESS	arithmetic overflow on unsigned + in k + 1u	/home/girish/THESIS-2026/mlkem-native_af4c5abd/mlkem/src/compress.c	117	mlk_poly_compress_d10_c
mlk_poly_compress_d10_c.overflow.4	SUCCESS	arithmetic overflow on unsigned * in (unsigned int)5 * j	/home/girish/THESIS-2026/mlkem-native_af4c5abd/mlkem/src/compress.c	130	mlk_poly_compress_d10_c
mlk_poly_compress_d10_c.overflow.5	SUCCESS	arithmetic overflow on signed to unsigned type conversion in (uint8_t)((signed int)t[(signed long int)0] >> 0 & 0xFF)	/home/girish/THESIS-2026/mlkem-native_af4c5abd/mlkem/src/compress.c	130	mlk_poly_compress_d10_c
mlk_poly_compress_d10_c.overflow.6	SUCCESS	arithmetic overflow on unsigned * in (unsigned int)5 * j	/home/girish/THESIS-2026/mlkem-native_af4c5abd/mlkem/src/compress.c	131	mlk_poly_compress_d10_c
mlk_poly_compress_d10_c.overflow.7	SUCCESS	arithmetic overflow on unsigned + in (unsigned int)5 * j + (unsigned int)1	/home/girish/THESIS-2026/mlkem-native_af4c5abd/mlkem/src/compress.c	131	mlk_poly_compress_d10_c
mlk_poly_compress_d10_c.overflow.8	SUCCESS	arithmetic overflow on signed shl in (signed int)t[(signed long int)1] << 2	/home/girish/THESIS-2026/mlkem-native_af4c5abd/mlkem/src/compress.c	131	mlk_poly_compress_d10_c
mlk_poly_compress_d10_c.overflow.9	SUCCESS	arithmetic overflow on signed to unsigned type conversion in (uint8_t)((signed int)t[(signed long int)0] >> 8 | (signed int)t[(signed long int)1] << 2 & 0xFF)	/home/girish/THESIS-2026/mlkem-native_af4c5abd/mlkem/src/compress.c	131	mlk_poly_compress_d10_c
mlk_poly_compress_d10_c.pointer_arithmetic.1	SUCCESS	pointer arithmetic: pointer NULL in r + (signed long int)((unsigned int)5 * j + (unsigned int)0)	/home/girish/THESIS-2026/mlkem-native_af4c5abd/mlkem/src/compress.c	130	mlk_poly_compress_d10_c
mlk_poly_compress_d10_c.pointer_arithmetic.10	SUCCESS	pointer arithmetic: dead object in r + (signed long int)((unsigned int)5 * j + (unsigned int)1)	/home/girish/THESIS-2026/mlkem-native_af4c5abd/mlkem/src/compress.c	131	mlk_poly_compress_d10_c
mlk_poly_compress_d10_c.pointer_arithmetic.11	SUCCESS	pointer arithmetic: pointer outside object bounds in r + (signed long int)((unsigned int)5 * j + (unsigned int)1)	/home/girish/THESIS-2026/mlkem-native_af4c5abd/mlkem/src/compress.c	131	mlk_poly_compress_d10_c
mlk_poly_compress_d10_c.pointer_arithmetic.12	SUCCESS	pointer arithmetic: invalid integer address in r + (signed long int)((unsigned int)5 * j + (unsigned int)1)	/home/girish/THESIS-2026/mlkem-native_af4c5abd/mlkem/src/compress.c	131	mlk_poly_compress_d10_c
mlk_poly_compress_d10_c.pointer_arithmetic.13	SUCCESS	pointer arithmetic: pointer NULL in r + (signed long int)((unsigned int)5 * j + (unsigned int)2)	/home/girish/THESIS-2026/mlkem-native_af4c5abd/mlkem/src/compress.c	132	mlk_poly_compress_d10_c
mlk_poly_compress_d10_c.pointer_arithmetic.14	SUCCESS	pointer arithmetic: pointer invalid in r + (signed long int)((unsigned int)5 * j + (unsigned int)2)	/home/girish/THESIS-2026/mlkem-native_af4c5abd/mlkem/src/compress.c	132	mlk_poly_compress_d10_c
mlk_poly_compress_d10_c.pointer_arithmetic.15	SUCCESS	pointer arithmetic: deallocated dynamic object in r + (signed long int)((unsigned int)5 * j + (unsigned int)2)	/home/girish/THESIS-2026/mlkem-native_af4c5abd/mlkem/src/compress.c	132	mlk_poly_compress_d10_c
mlk_poly_compress_d10_c.pointer_arithmetic.16	SUCCESS	pointer arithmetic: dead object in r + (signed long int)((unsigned int)5 * j + (unsigned int)2)	/home/girish/THESIS-2026/mlkem-native_af4c5abd/mlkem/src/compress.c	132	mlk_poly_compress_d10_c
mlk_poly_compress_d10_c.pointer_arithmetic.17	SUCCESS	pointer arithmetic: pointer outside object bounds in r + (signed long int)((unsigned int)5 * j + (unsigned int)2)	/home/girish/THESIS-2026/mlkem-native_af4c5abd/mlkem/src/compress.c	132	mlk_poly_compress_d10_c
mlk_poly_compress_d10_c.pointer_arithmetic.18	SUCCESS	pointer arithmetic: invalid integer address in r + (signed long int)((unsigned int)5 * j + (unsigned int)2)	/home/girish/THESIS-2026/mlkem-native_af4c5abd/mlkem/src/compress.c	132	mlk_poly_compress_d10_c
mlk_poly_compress_d10_c.pointer_arithmetic.19	SUCCESS	pointer arithmetic: pointer NULL in r + (signed long int)((unsigned int)5 * j + (unsigned int)3)	/home/girish/THESIS-2026/mlkem-native_af4c5abd/mlkem/src/compress.c	133	mlk_poly_compress_d10_c
mlk_poly_compress_d10_c.pointer_arithmetic.2	SUCCESS	pointer arithmetic: pointer invalid in r + (signed long int)((unsigned int)5 * j + (unsigned int)0)	/home/girish/THESIS-2026/mlkem-native_af4c5abd/mlkem/src/compress.c	130	mlk_poly_compress_d10_c
mlk_poly_compress_d10_c.pointer_arithmetic.20	SUCCESS	pointer arithmetic: pointer invalid in r + (signed long int)((unsigned int)5 * j + (unsigned int)3)	/home/girish/THESIS-2026/mlkem-native_af4c5abd/mlkem/src/compress.c	133	mlk_poly_compress_d10_c
mlk_poly_compress_d10_c.pointer_arithmetic.21	SUCCESS	pointer arithmetic: deallocated dynamic object in r + (signed long int)((unsigned int)5 * j + (unsigned int)3)	/home/girish/THESIS-2026/mlkem-native_af4c5abd/mlkem/src/compress.c	133	mlk_poly_compress_d10_c
mlk_poly_compress_d10_c.pointer_arithmetic.22	SUCCESS	pointer arithmetic: dead object in r + (signed long int)((unsigned int)5 * j + (unsigned int)3)	/home/girish/THESIS-2026/mlkem-native_af4c5abd/mlkem/src/compress.c	133	mlk_poly_compress_d10_c
mlk_poly_compress_d10_c.pointer_arithmetic.23	SUCCESS	pointer arithmetic: pointer outside object bounds in r + (signed long int)((unsigned int)5 * j + (unsigned int)3)	/home/girish/THESIS-2026/mlkem-native_af4c5abd/mlkem/src/compress.c	133	mlk_poly_compress_d10_c
mlk_poly_compress_d10_c.pointer_arithmetic.24	SUCCESS	pointer arithmetic: invalid integer address in r + (signed long int)((unsigned int)5 * j + (unsigned int)3)	/home/girish/THESIS-2026/mlkem-native_af4c5abd/mlkem/src/compress.c	133	mlk_poly_compress_d10_c
mlk_poly_compress_d10_c.pointer_arithmetic.25	SUCCESS	pointer arithmetic: pointer NULL in r + (signed long int)((unsigned int)5 * j + (unsigned int)4)	/home/girish/THESIS-2026/mlkem-native_af4c5abd/mlkem/src/compress.c	134	mlk_poly_compress_d10_c
mlk_poly_compress_d10_c.pointer_arithmetic.26	SUCCESS	pointer arithmetic: pointer invalid in r + (signed long int)((unsigned int)5 * j + (unsigned int)4)	/home/girish/THESIS-2026/mlkem-native_af4c5abd/mlkem/src/compress.c	134	mlk_poly_compress_d10_c
mlk_poly_compress_d10_c.pointer_arithmetic.27	SUCCESS	pointer arithmetic: deallocated dynamic object in r + (signed long int)((unsigned int)5 * j + (unsigned int)4)	/home/girish/THESIS-2026/mlkem-native_af4c5abd/mlkem/src/compress.c	134	mlk_poly_compress_d10_c
mlk_poly_compress_d10_c.pointer_arithmetic.28	SUCCESS	pointer arithmetic: dead object in r + (signed long int)((unsigned int)5 * j + (unsigned int)4)	/home/girish/THESIS-2026/mlkem-native_af4c5abd/mlkem/src/compress.c	134	mlk_poly_compress_d10_c
mlk_poly_compress_d10_c.pointer_arithmetic.29	SUCCESS	pointer arithmetic: pointer outside object bounds in r + (signed long int)((unsigned int)5 * j + (unsigned int)4)	/home/girish/THESIS-2026/mlkem-native_af4c5abd/mlkem/src/compress.c	134	mlk_poly_compress_d10_c
mlk_poly_compress_d10_c.pointer_arithmetic.3	SUCCESS	pointer arithmetic: deallocated dynamic object in r + (signed long int)((unsigned int)5 * j + (unsigned int)0)	/home/girish/THESIS-2026/mlkem-native_af4c5abd/mlkem/src/compress.c	130	mlk_poly_compress_d10_c
mlk_poly_compress_d10_c.pointer_arithmetic.30	SUCCESS	pointer arithmetic: invalid integer address in r + (signed long int)((unsigned int)5 * j + (unsigned int)4)	/home/girish/THESIS-2026/mlkem-native_af4c5abd/mlkem/src/compress.c	134	mlk_poly_compress_d10_c
mlk_poly_compress_d10_c.pointer_arithmetic.4	SUCCESS	pointer arithmetic: dead object in r + (signed long int)((unsigned int)5 * j + (unsigned int)0)	/home/girish/THESIS-2026/mlkem-native_af4c5abd/mlkem/src/compress.c	130	mlk_poly_compress_d10_c
mlk_poly_compress_d10_c.pointer_arithmetic.5	SUCCESS	pointer arithmetic: pointer outside object bounds in r + (signed long int)((unsigned int)5 * j + (unsigned int)0)	/home/girish/THESIS-2026/mlkem-native_af4c5abd/mlkem/src/compress.c	130	mlk_poly_compress_d10_c
mlk_poly_compress_d10_c.pointer_arithmetic.6	SUCCESS	pointer arithmetic: invalid integer address in r + (signed long int)((unsigned int)5 * j + (unsigned int)0)	/home/girish/THESIS-2026/mlkem-native_af4c5abd/mlkem/src/compress.c	130	mlk_poly_compress_d10_c
mlk_poly_compress_d10_c.pointer_arithmetic.7	SUCCESS	pointer arithmetic: pointer NULL in r + (signed long int)((unsigned int)5 * j + (unsigned int)1)	/home/girish/THESIS-2026/mlkem-native_af4c5abd/mlkem/src/compress.c	131	mlk_poly_compress_d10_c
mlk_poly_compress_d10_c.pointer_arithmetic.8	SUCCESS	pointer arithmetic: pointer invalid in r + (signed long int)((unsigned int)5 * j + (unsigned int)1)	/home/girish/THESIS-2026/mlkem-native_af4c5abd/mlkem/src/compress.c	131	mlk_poly_compress_d10_c
mlk_poly_compress_d10_c.pointer_arithmetic.9	SUCCESS	pointer arithmetic: deallocated dynamic object in r + (signed long int)((unsigned int)5 * j + (unsigned int)1)	/home/girish/THESIS-2026/mlkem-native_af4c5abd/mlkem/src/compress.c	131	mlk_poly_compress_d10_c
mlk_poly_compress_d10_c.pointer_dereference.1	SUCCESS	dereference failure: pointer NULL in a->coeffs	/home/girish/THESIS-2026/mlkem-native_af4c5abd/mlkem/src/compress.c	123	mlk_poly_compress_d10_c
mlk_poly_compress_d10_c.pointer_dereference.10	SUCCESS	dereference failure: dead object in r[(signed long int)((unsigned int)5 * j + (unsigned int)0)]	/home/girish/THESIS-2026/mlkem-native_af4c5abd/mlkem/src/compress.c	130	mlk_poly_compress_d10_c
mlk_poly_compress_d10_c.pointer_dereference.11	SUCCESS	dereference failure: pointer outside object bounds in r[(signed long int)((unsigned int)5 * j + (unsigned int)0)]	/home/girish/THESIS-2026/mlkem-native_af4c5abd/mlkem/src/compress.c	130	mlk_poly_compress_d10_c
mlk_poly_compress_d10_c.pointer_dereference.12	SUCCESS	dereference failure: invalid integer address in r[(signed long int)((unsigned int)5 * j + (unsigned int)0)]	/home/girish/THESIS-2026/mlkem-native_af4c5abd/mlkem/src/compress.c	130	mlk_poly_compress_d10_c
mlk_poly_compress_d10_c.pointer_dereference.13	SUCCESS	dereference failure: pointer NULL in r[(signed long int)((unsigned int)5 * j + (unsigned int)1)]	/home/girish/THESIS-2026/mlkem-native_af4c5abd/mlkem/src/compress.c	131	mlk_poly_compress_d10_c
mlk_poly_compress_d10_c.pointer_dereference.14	SUCCESS	dereference failure: pointer invalid in r[(signed long int)((unsigned int)5 * j + (unsigned int)1)]	/home/girish/THESIS-2026/mlkem-native_af4c5abd/mlkem/src/compress.c	131	mlk_poly_compress_d10_c
mlk_poly_compress_d10_c.pointer_dereference.15	SUCCESS	dereference failure: deallocated dynamic object in r[(signed long int)((unsigned int)5 * j + (unsigned int)1)]	/home/girish/THESIS-2026/mlkem-native_af4c5abd/mlkem/src/compress.c	131	mlk_poly_compress_d10_c
mlk_poly_compress_d10_c.pointer_dereference.16	SUCCESS	dereference failure: dead object in r[(signed long int)((unsigned int)5 * j + (unsigned int)1)]	/home/girish/THESIS-2026/mlkem-native_af4c5abd/mlkem/src/compress.c	131	mlk_poly_compress_d10_c
mlk_poly_compress_d10_c.pointer_dereference.17	SUCCESS	dereference failure: pointer outside object bounds in r[(signed long int)((unsigned int)5 * j + (unsigned int)1)]	/home/girish/THESIS-2026/mlkem-native_af4c5abd/mlkem/src/compress.c	131	mlk_poly_compress_d10_c
mlk_poly_compress_d10_c.pointer_dereference.18	SUCCESS	dereference failure: invalid integer address in r[(signed long int)((unsigned int)5 * j + (unsigned int)1)]	/home/girish/THESIS-2026/mlkem-native_af4c5abd/mlkem/src/compress.c	131	mlk_poly_compress_d10_c
mlk_poly_compress_d10_c.pointer_dereference.19	SUCCESS	dereference failure: pointer NULL in r[(signed long int)((unsigned int)5 * j + (unsigned int)2)]	/home/girish/THESIS-2026/mlkem-native_af4c5abd/mlkem/src/compress.c	132	mlk_poly_compress_d10_c
mlk_poly_compress_d10_c.pointer_dereference.2	SUCCESS	dereference failure: pointer invalid in a->coeffs	/home/girish/THESIS-2026/mlkem-native_af4c5abd/mlkem/src/compress.c	123	mlk_poly_compress_d10_c
mlk_poly_compress_d10_c.pointer_dereference.20	SUCCESS	dereference failure: pointer invalid in r[(signed long int)((unsigned int)5 * j + (unsigned int)2)]	/home/girish/THESIS-2026/mlkem-native_af4c5abd/mlkem/src/compress.c	132	mlk_poly_compress_d10_c
mlk_poly_compress_d10_c.pointer_dereference.21	SUCCESS	dereference failure: deallocated dynamic object in r[(signed long int)((unsigned int)5 * j + (unsigned int)2)]	/home/girish/THESIS-2026/mlkem-native_af4c5abd/mlkem/src/compress.c	132	mlk_poly_compress_d10_c
mlk_poly_compress_d10_c.pointer_dereference.22	SUCCESS	dereference failure: dead object in r[(signed long int)((unsigned int)5 * j + (unsigned int)2)]	/home/girish/THESIS-2026/mlkem-native_af4c5abd/mlkem/src/compress.c	132	mlk_poly_compress_d10_c
mlk_poly_compress_d10_c.pointer_dereference.23	SUCCESS	dereference failure: pointer outside object bounds in r[(signed long int)((unsigned int)5 * j + (unsigned int)2)]	/home/girish/THESIS-2026/mlkem-native_af4c5abd/mlkem/src/compress.c	132	mlk_poly_compress_d10_c
mlk_poly_compress_d10_c.pointer_dereference.24	SUCCESS	dereference failure: invalid integer address in r[(signed long int)((unsigned int)5 * j + (unsigned int)2)]	/home/girish/THESIS-2026/mlkem-native_af4c5abd/mlkem/src/compress.c	132	mlk_poly_compress_d10_c
mlk_poly_compress_d10_c.pointer_dereference.25	SUCCESS	dereference failure: pointer NULL in r[(signed long int)((unsigned int)5 * j + (unsigned int)3)]	/home/girish/THESIS-2026/mlkem-native_af4c5abd/mlkem/src/compress.c	133	mlk_poly_compress_d10_c
mlk_poly_compress_d10_c.pointer_dereference.26	SUCCESS	dereference failure: pointer invalid in r[(signed long int)((unsigned int)5 * j + (unsigned int)3)]	/home/girish/THESIS-2026/mlkem-native_af4c5abd/mlkem/src/compress.c	133	mlk_poly_compress_d10_c
mlk_poly_compress_d10_c.pointer_dereference.27	SUCCESS	dereference failure: deallocated dynamic object in r[(signed long int)((unsigned int)5 * j + (unsigned int)3)]	/home/girish/THESIS-2026/mlkem-native_af4c5abd/mlkem/src/compress.c	133	mlk_poly_compress_d10_c
mlk_poly_compress_d10_c.pointer_dereference.28	SUCCESS	dereference failure: dead object in r[(signed long int)((unsigned int)5 * j + (unsigned int)3)]	/home/girish/THESIS-2026/mlkem-native_af4c5abd/mlkem/src/compress.c	133	mlk_poly_compress_d10_c
mlk_poly_compress_d10_c.pointer_dereference.29	SUCCESS	dereference failure: pointer outside object bounds in r[(signed long int)((unsigned int)5 * j + (unsigned int)3)]	/home/girish/THESIS-2026/mlkem-native_af4c5abd/mlkem/src/compress.c	133	mlk_poly_compress_d10_c
mlk_poly_compress_d10_c.pointer_dereference.3	SUCCESS	dereference failure: deallocated dynamic object in a->coeffs	/home/girish/THESIS-2026/mlkem-native_af4c5abd/mlkem/src/compress.c	123	mlk_poly_compress_d10_c
mlk_poly_compress_d10_c.pointer_dereference.30	SUCCESS	dereference failure: invalid integer address in r[(signed long int)((unsigned int)5 * j + (unsigned int)3)]	/home/girish/THESIS-2026/mlkem-native_af4c5abd/mlkem/src/compress.c	133	mlk_poly_compress_d10_c
mlk_poly_compress_d10_c.pointer_dereference.31	SUCCESS	dereference failure: pointer NULL in r[(signed long int)((unsigned int)5 * j + (unsigned int)4)]	/home/girish/THESIS-2026/mlkem-native_af4c5abd/mlkem/src/compress.c	134	mlk_poly_compress_d10_c
mlk_poly_compress_d10_c.pointer_dereference.32	SUCCESS	dereference failure: pointer invalid in r[(signed long int)((unsigned int)5 * j + (unsigned int)4)]	/home/girish/THESIS-2026/mlkem-native_af4c5abd/mlkem/src/compress.c	134	mlk_poly_compress_d10_c
mlk_poly_compress_d10_c.pointer_dereference.33	SUCCESS	dereference failure: deallocated dynamic object in r[(signed long int)((unsigned int)5 * j + (unsigned int)4)]	/home/girish/THESIS-2026/mlkem-native_af4c5abd/mlkem/src/compress.c	134	mlk_poly_compress_d10_c
mlk_poly_compress_d10_c.pointer_dereference.34	SUCCESS	dereference failure: dead object in r[(signed long int)((unsigned int)5 * j + (unsigned int)4)]	/home/girish/THESIS-2026/mlkem-native_af4c5abd/mlkem/src/compress.c	134	mlk_poly_compress_d10_c
mlk_poly_compress_d10_c.pointer_dereference.35	SUCCESS	dereference failure: pointer outside object bounds in r[(signed long int)((unsigned int)5 * j + (unsigned int)4)]	/home/girish/THESIS-2026/mlkem-native_af4c5abd/mlkem/src/compress.c	134	mlk_poly_compress_d10_c
mlk_poly_compress_d10_c.pointer_dereference.36	SUCCESS	dereference failure: invalid integer address in r[(signed long int)((unsigned int)5 * j + (unsigned int)4)]	/home/girish/THESIS-2026/mlkem-native_af4c5abd/mlkem/src/compress.c	134	mlk_poly_compress_d10_c
mlk_poly_compress_d10_c.pointer_dereference.4	SUCCESS	dereference failure: dead object in a->coeffs	/home/girish/THESIS-2026/mlkem-native_af4c5abd/mlkem/src/compress.c	123	mlk_poly_compress_d10_c
mlk_poly_compress_d10_c.pointer_dereference.5	SUCCESS	dereference failure: pointer outside object bounds in a->coeffs	/home/girish/THESIS-2026/mlkem-native_af4c5abd/mlkem/src/compress.c	123	mlk_poly_compress_d10_c
mlk_poly_compress_d10_c.pointer_dereference.6	SUCCESS	dereference failure: invalid integer address in a->coeffs	/home/girish/THESIS-2026/mlkem-native_af4c5abd/mlkem/src/compress.c	123	mlk_poly_compress_d10_c
mlk_poly_compress_d10_c.pointer_dereference.7	SUCCESS	dereference failure: pointer NULL in r[(signed long int)((unsigned int)5 * j + (unsigned int)0)]	/home/girish/THESIS-2026/mlkem-native_af4c5abd/mlkem/src/compress.c	130	mlk_poly_compress_d10_c
mlk_poly_compress_d10_c.pointer_dereference.8	SUCCESS	dereference failure: pointer invalid in r[(signed long int)((unsigned int)5 * j + (unsigned int)0)]	/home/girish/THESIS-2026/mlkem-native_af4c5abd/mlkem/src/compress.c	130	mlk_poly_compress_d10_c
mlk_poly_compress_d10_c.pointer_dereference.9	SUCCESS	dereference failure: deallocated dynamic object in r[(signed long int)((unsigned int)5 * j + (unsigned int)0)]	/home/girish/THESIS-2026/mlkem-native_af4c5abd/mlkem/src/compress.c	130	mlk_poly_compress_d10_c
mlk_poly_compress_d10_c.undefined-shift.1	SUCCESS	shift operand is negative in (signed int)t[(signed long int)1] << 2	/home/girish/THESIS-2026/mlkem-native_af4c5abd/mlkem/src/compress.c	131	mlk_poly_compress_d10_c
mlk_poly_compress_d10_c.undefined-shift.2	SUCCESS	shift operand is negative in (signed int)t[(signed long int)2] << 4	/home/girish/THESIS-2026/mlkem-native_af4c5abd/mlkem/src/compress.c	132	mlk_poly_compress_d10_c
mlk_poly_compress_d10_c.undefined-shift.3	SUCCESS	shift operand is negative in (signed int)t[(signed long int)3] << 6	/home/girish/THESIS-2026/mlkem-native_af4c5abd/mlkem/src/compress.c	133	mlk_poly_compress_d10_c
mlk_poly_compress_d4_c.array_bounds.1	SUCCESS	array.coeffs dynamic object upper bound in a->coeffs[(signed long int)((unsigned int)8 * i + j)]	/home/girish/THESIS-2026/mlkem-native_af4c5abd/mlkem/src/compress.c	60	mlk_poly_compress_d4_c
mlk_poly_compress_d4_c.array_bounds.2	SUCCESS	array 't' upper bound in t[(signed long int)j]	/home/girish/THESIS-2026/mlkem-native_af4c5abd/mlkem/src/compress.c	60	mlk_poly_compress_d4_c
mlk_poly_compress_d4_c.overflow.1	SUCCESS	arithmetic overflow on unsigned * in (unsigned int)8 * i	/home/girish/THESIS-2026/mlkem-native_af4c5abd/mlkem/src/compress.c	60	mlk_poly_compress_d4_c
mlk_poly_compress_d4_c.overflow.10	SUCCESS	arithmetic overflow on signed to unsigned type conversion in (uint8_t)((signed int)t[(signed long int)2] | (signed int)t[(signed long int)3] << 4)	/home/girish/THESIS-2026/mlkem-native_af4c5abd/mlkem/src/compress.c	65	mlk_poly_compress_d4_c
mlk_poly_compress_d4_c.overflow.11	SUCCESS	arithmetic overflow on unsigned * in i * (unsigned int)4	/home/girish/THESIS-2026/mlkem-native_af4c5abd/mlkem/src/compress.c	66	mlk_poly_compress_d4_c
mlk_poly_compress_d4_c.overflow.12	SUCCESS	arithmetic overflow on unsigned + in i * (unsigned int)4 + (unsigned int)2	/home/girish/THESIS-2026/mlkem-native_af4c5abd/mlkem/src/compress.c	66	mlk_poly_compress_d4_c
mlk_poly_compress_d4_c.overflow.13	SUCCESS	arithmetic overflow on signed shl in (signed int)t[(signed long int)5] << 4	/home/girish/THESIS-2026/mlkem-native_af4c5abd/mlkem/src/compress.c	66	mlk_poly_compress_d4_c
mlk_poly_compress_d4_c.overflow.14	SUCCESS	arithmetic overflow on signed to unsigned type conversion in (uint8_t)((signed int)t[(signed long int)4] | (signed int)t[(signed long int)5] << 4)	/home/girish/THESIS-2026/mlkem-native_af4c5abd/mlkem/src/compress.c	66	mlk_poly_compress_d4_c
mlk_poly_compress_d4_c.overflow.15	SUCCESS	arithmetic overflow on unsigned * in i * (unsigned int)4	/home/girish/THESIS-2026/mlkem-native_af4c5abd/mlkem/src/compress.c	67	mlk_poly_compress_d4_c
mlk_poly_compress_d4_c.overflow.16	SUCCESS	arithmetic overflow on unsigned + in i * (unsigned int)4 + (unsigned int)3	/home/girish/THESIS-2026/mlkem-native_af4c5abd/mlkem/src/compress.c	67	mlk_poly_compress_d4_c
mlk_poly_compress_d4_c.overflow.17	SUCCESS	arithmetic overflow on signed shl in (signed int)t[(signed long int)7] << 4	/home/girish/THESIS-2026/mlkem-native_af4c5abd/mlkem/src/compress.c	67	mlk_poly_compress_d4_c
mlk_poly_compress_d4_c.overflow.18	SUCCESS	arithmetic overflow on signed to unsigned type conversion in (uint8_t)((signed int)t[(signed long int)6] | (signed int)t[(signed long int)7] << 4)	/home/girish/THESIS-2026/mlkem-native_af4c5abd/mlkem/src/compress.c	67	mlk_poly_compress_d4_c
mlk_poly_compress_d4_c.overflow.19	SUCCESS	arithmetic overflow on unsigned + in i + 1u	/home/girish/THESIS-2026/mlkem-native_af4c5abd/mlkem/src/compress.c	48	mlk_poly_compress_d4_c
mlk_poly_compress_d4_c.overflow.2	SUCCESS	arithmetic overflow on unsigned + in (unsigned int)8 * i + j	/home/girish/THESIS-2026/mlkem-native_af4c5abd/mlkem/src/compress.c	60	mlk_poly_compress_d4_c
mlk_poly_compress_d4_c.overflow.3	SUCCESS	arithmetic overflow on unsigned + in j + 1u	/home/girish/THESIS-2026/mlkem-native_af4c5abd/mlkem/src/compress.c	54	mlk_poly_compress_d4_c
mlk_poly_compress_d4_c.overflow.4	SUCCESS	arithmetic overflow on unsigned * in i * (unsigned int)4	/home/girish/THESIS-2026/mlkem-native_af4c5abd/mlkem/src/compress.c	64	mlk_poly_compress_d4_c
mlk_poly_compress_d4_c.overflow.5	SUCCESS	arithmetic overflow on signed shl in (signed int)t[(signed long int)1] << 4	/home/girish/THESIS-2026/mlkem-native_af4c5abd/mlkem/src/compress.c	64	mlk_poly_compress_d4_c
mlk_poly_compress_d4_c.overflow.6	SUCCESS	arithmetic overflow on signed to unsigned type conversion in (uint8_t)((signed int)t[(signed long int)0] | (signed int)t[(signed long int)1] << 4)	/home/girish/THESIS-2026/mlkem-native_af4c5abd/mlkem/src/compress.c	64	mlk_poly_compress_d4_c
mlk_poly_compress_d4_c.overflow.7	SUCCESS	arithmetic overflow on unsigned * in i * (unsigned int)4	/home/girish/THESIS-2026/mlkem-native_af4c5abd/mlkem/src/compress.c	65	mlk_poly_compress_d4_c
mlk_poly_compress_d4_c.overflow.8	SUCCESS	arithmetic overflow on unsigned + in i * (unsigned int)4 + (unsigned int)1	/home/girish/THESIS-2026/mlkem-native_af4c5abd/mlkem/src/compress.c	65	mlk_poly_compress_d4_c
mlk_poly_compress_d4_c.overflow.9	SUCCESS	arithmetic overflow on signed shl in (signed int)t[(signed long int)3] << 4	/home/girish/THESIS-2026/mlkem-native_af4c5abd/mlkem/src/compress.c	65	mlk_poly_compress_d4_c
mlk_poly_compress_d4_c.pointer_arithmetic.1	SUCCESS	pointer arithmetic: pointer NULL in r + (signed long int)(i * (unsigned int)4)	/home/girish/THESIS-2026/mlkem-native_af4c5abd/mlkem/src/compress.c	64	mlk_poly_compress_d4_c
mlk_poly_compress_d4_c.pointer_arithmetic.10	SUCCESS	pointer arithmetic: dead object in r + (signed long int)(i * (unsigned int)4 + (unsigned int)1)	/home/girish/THESIS-2026/mlkem-native_af4c5abd/mlkem/src/compress.c	65	mlk_poly_compress_d4_c
mlk_poly_compress_d4_c.pointer_arithmetic.11	SUCCESS	pointer arithmetic: pointer outside object bounds in r + (signed long int)(i * (unsigned int)4 + (unsigned int)1)	/home/girish/THESIS-2026/mlkem-native_af4c5abd/mlkem/src/compress.c	65	mlk_poly_compress_d4_c
mlk_poly_compress_d4_c.pointer_arithmetic.12	SUCCESS	pointer arithmetic: invalid integer address in r + (signed long int)(i * (unsigned int)4 + (unsigned int)1)	/home/girish/THESIS-2026/mlkem-native_af4c5abd/mlkem/src/compress.c	65	mlk_poly_compress_d4_c
mlk_poly_compress_d4_c.pointer_arithmetic.13	SUCCESS	pointer arithmetic: pointer NULL in r + (signed long int)(i * (unsigned int)4 + (unsigned int)2)	/home/girish/THESIS-2026/mlkem-native_af4c5abd/mlkem/src/compress.c	66	mlk_poly_compress_d4_c
mlk_poly_compress_d4_c.pointer_arithmetic.14	SUCCESS	pointer arithmetic: pointer invalid in r + (signed long int)(i * (unsigned int)4 + (unsigned int)2)	/home/girish/THESIS-2026/mlkem-native_af4c5abd/mlkem/src/compress.c	66	mlk_poly_compress_d4_c
mlk_poly_compress_d4_c.pointer_arithmetic.15	SUCCESS	pointer arithmetic: deallocated dynamic object in r + (signed long int)(i * (unsigned int)4 + (unsigned int)2)	/home/girish/THESIS-2026/mlkem-native_af4c5abd/mlkem/src/compress.c	66	mlk_poly_compress_d4_c
mlk_poly_compress_d4_c.pointer_arithmetic.16	SUCCESS	pointer arithmetic: dead object in r + (signed long int)(i * (unsigned int)4 + (unsigned int)2)	/home/girish/THESIS-2026/mlkem-native_af4c5abd/mlkem/src/compress.c	66	mlk_poly_compress_d4_c
mlk_poly_compress_d4_c.pointer_arithmetic.17	SUCCESS	pointer arithmetic: pointer outside object bounds in r + (signed long int)(i * (unsigned int)4 + (unsigned int)2)	/home/girish/THESIS-2026/mlkem-native_af4c5abd/mlkem/src/compress.c	66	mlk_poly_compress_d4_c
mlk_poly_compress_d4_c.pointer_arithmetic.18	SUCCESS	pointer arithmetic: invalid integer address in r + (signed long int)(i * (unsigned int)4 + (unsigned int)2)	/home/girish/THESIS-2026/mlkem-native_af4c5abd/mlkem/src/compress.c	66	mlk_poly_compress_d4_c
mlk_poly_compress_d4_c.pointer_arithmetic.19	SUCCESS	pointer arithmetic: pointer NULL in r + (signed long int)(i * (unsigned int)4 + (unsigned int)3)	/home/girish/THESIS-2026/mlkem-native_af4c5abd/mlkem/src/compress.c	67	mlk_poly_compress_d4_c
mlk_poly_compress_d4_c.pointer_arithmetic.2	SUCCESS	pointer arithmetic: pointer invalid in r + (signed long int)(i * (unsigned int)4)	/home/girish/THESIS-2026/mlkem-native_af4c5abd/mlkem/src/compress.c	64	mlk_poly_compress_d4_c
mlk_poly_compress_d4_c.pointer_arithmetic.20	SUCCESS	pointer arithmetic: pointer invalid in r + (signed long int)(i * (unsigned int)4 + (unsigned int)3)	/home/girish/THESIS-2026/mlkem-native_af4c5abd/mlkem/src/compress.c	67	mlk_poly_compress_d4_c
mlk_poly_compress_d4_c.pointer_arithmetic.21	SUCCESS	pointer arithmetic: deallocated dynamic object in r + (signed long int)(i * (unsigned int)4 + (unsigned int)3)	/home/girish/THESIS-2026/mlkem-native_af4c5abd/mlkem/src/compress.c	67	mlk_poly_compress_d4_c
mlk_poly_compress_d4_c.pointer_arithmetic.22	SUCCESS	pointer arithmetic: dead object in r + (signed long int)(i * (unsigned int)4 + (unsigned int)3)	/home/girish/THESIS-2026/mlkem-native_af4c5abd/mlkem/src/compress.c	67	mlk_poly_compress_d4_c
mlk_poly_compress_d4_c.pointer_arithmetic.23	SUCCESS	pointer arithmetic: pointer outside object bounds in r + (signed long int)(i * (unsigned int)4 + (unsigned int)3)	/home/girish/THESIS-2026/mlkem-native_af4c5abd/mlkem/src/compress.c	67	mlk_poly_compress_d4_c
mlk_poly_compress_d4_c.pointer_arithmetic.24	SUCCESS	pointer arithmetic: invalid integer address in r + (signed long int)(i * (unsigned int)4 + (unsigned int)3)	/home/girish/THESIS-2026/mlkem-native_af4c5abd/mlkem/src/compress.c	67	mlk_poly_compress_d4_c
mlk_poly_compress_d4_c.pointer_arithmetic.3	SUCCESS	pointer arithmetic: deallocated dynamic object in r + (signed long int)(i * (unsigned int)4)	/home/girish/THESIS-2026/mlkem-native_af4c5abd/mlkem/src/compress.c	64	mlk_poly_compress_d4_c
mlk_poly_compress_d4_c.pointer_arithmetic.4	SUCCESS	pointer arithmetic: dead object in r + (signed long int)(i * (unsigned int)4)	/home/girish/THESIS-2026/mlkem-native_af4c5abd/mlkem/src/compress.c	64	mlk_poly_compress_d4_c
mlk_poly_compress_d4_c.pointer_arithmetic.5	SUCCESS	pointer arithmetic: pointer outside object bounds in r + (signed long int)(i * (unsigned int)4)	/home/girish/THESIS-2026/mlkem-native_af4c5abd/mlkem/src/compress.c	64	mlk_poly_compress_d4_c
mlk_poly_compress_d4_c.pointer_arithmetic.6	SUCCESS	pointer arithmetic: invalid integer address in r + (signed long int)(i * (unsigned int)4)	/home/girish/THESIS-2026/mlkem-native_af4c5abd/mlkem/src/compress.c	64	mlk_poly_compress_d4_c
mlk_poly_compress_d4_c.pointer_arithmetic.7	SUCCESS	pointer arithmetic: pointer NULL in r + (signed long int)(i * (unsigned int)4 + (unsigned int)1)	/home/girish/THESIS-2026/mlkem-native_af4c5abd/mlkem/src/compress.c	65	mlk_poly_compress_d4_c
mlk_poly_compress_d4_c.pointer_arithmetic.8	SUCCESS	pointer arithmetic: pointer invalid in r + (signed long int)(i * (unsigned int)4 + (unsigned int)1)	/home/girish/THESIS-2026/mlkem-native_af4c5abd/mlkem/src/compress.c	65	mlk_poly_compress_d4_c
mlk_poly_compress_d4_c.pointer_arithmetic.9	SUCCESS	pointer arithmetic: deallocated dynamic object in r + (signed long int)(i * (unsigned int)4 + (unsigned int)1)	/home/girish/THESIS-2026/mlkem-native_af4c5abd/mlkem/src/compress.c	65	mlk_poly_compress_d4_c
mlk_poly_compress_d4_c.pointer_dereference.1	SUCCESS	dereference failure: pointer NULL in a->coeffs	/home/girish/THESIS-2026/mlkem-native_af4c5abd/mlkem/src/compress.c	60	mlk_poly_compress_d4_c
mlk_poly_compress_d4_c.pointer_dereference.10	SUCCESS	dereference failure: dead object in r[(signed long int)(i * (unsigned int)4)]	/home/girish/THESIS-2026/mlkem-native_af4c5abd/mlkem/src/compress.c	64	mlk_poly_compress_d4_c
mlk_poly_compress_d4_c.pointer_dereference.11	SUCCESS	dereference failure: pointer outside object bounds in r[(signed long int)(i * (unsigned int)4)]	/home/girish/THESIS-2026/mlkem-native_af4c5abd/mlkem/src/compress.c	64	mlk_poly_compress_d4_c
mlk_poly_compress_d4_c.pointer_dereference.12	SUCCESS	dereference failure: invalid integer address in r[(signed long int)(i * (unsigned int)4)]	/home/girish/THESIS-2026/mlkem-native_af4c5abd/mlkem/src/compress.c	64	mlk_poly_compress_d4_c
mlk_poly_compress_d4_c.pointer_dereference.13	SUCCESS	dereference failure: pointer NULL in r[(signed long int)(i * (unsigned int)4 + (unsigned int)1)]	/home/girish/THESIS-2026/mlkem-native_af4c5abd/mlkem/src/compress.c	65	mlk_poly_compress_d4_c
mlk_poly_compress_d4_c.pointer_dereference.14	SUCCESS	dereference failure: pointer invalid in r[(signed long int)(i * (unsigned int)4 + (unsigned int)1)]	/home/girish/THESIS-2026/mlkem-native_af4c5abd/mlkem/src/compress.c	65	mlk_poly_compress_d4_c
mlk_poly_compress_d4_c.pointer_dereference.15	SUCCESS	dereference failure: deallocated dynamic object in r[(signed long int)(i * (unsigned int)4 + (unsigned int)1)]	/home/girish/THESIS-2026/mlkem-native_af4c5abd/mlkem/src/compress.c	65	mlk_poly_compress_d4_c
mlk_poly_compress_d4_c.pointer_dereference.16	SUCCESS	dereference failure: dead object in r[(signed long int)(i * (unsigned int)4 + (unsigned int)1)]	/home/girish/THESIS-2026/mlkem-native_af4c5abd/mlkem/src/compress.c	65	mlk_poly_compress_d4_c
mlk_poly_compress_d4_c.pointer_dereference.17	SUCCESS	dereference failure: pointer outside object bounds in r[(signed long int)(i * (unsigned int)4 + (unsigned int)1)]	/home/girish/THESIS-2026/mlkem-native_af4c5abd/mlkem/src/compress.c	65	mlk_poly_compress_d4_c
mlk_poly_compress_d4_c.pointer_dereference.18	SUCCESS	dereference failure: invalid integer address in r[(signed long int)(i * (unsigned int)4 + (unsigned int)1)]	/home/girish/THESIS-2026/mlkem-native_af4c5abd/mlkem/src/compress.c	65	mlk_poly_compress_d4_c
mlk_poly_compress_d4_c.pointer_dereference.19	SUCCESS	dereference failure: pointer NULL in r[(signed long int)(i * (unsigned int)4 + (unsigned int)2)]	/home/girish/THESIS-2026/mlkem-native_af4c5abd/mlkem/src/compress.c	66	mlk_poly_compress_d4_c
mlk_poly_compress_d4_c.pointer_dereference.2	SUCCESS	dereference failure: pointer invalid in a->coeffs	/home/girish/THESIS-2026/mlkem-native_af4c5abd/mlkem/src/compress.c	60	mlk_poly_compress_d4_c
mlk_poly_compress_d4_c.pointer_dereference.20	SUCCESS	dereference failure: pointer invalid in r[(signed long int)(i * (unsigned int)4 + (unsigned int)2)]	/home/girish/THESIS-2026/mlkem-native_af4c5abd/mlkem/src/compress.c	66	mlk_poly_compress_d4_c
mlk_poly_compress_d4_c.pointer_dereference.21	SUCCESS	dereference failure: deallocated dynamic object in r[(signed long int)(i * (unsigned int)4 + (unsigned int)2)]	/home/girish/THESIS-2026/mlkem-native_af4c5abd/mlkem/src/compress.c	66	mlk_poly_compress_d4_c
mlk_poly_compress_d4_c.pointer_dereference.22	SUCCESS	dereference failure: dead object in r[(signed long int)(i * (unsigned int)4 + (unsigned int)2)]	/home/girish/THESIS-2026/mlkem-native_af4c5abd/mlkem/src/compress.c	66	mlk_poly_compress_d4_c
mlk_poly_compress_d4_c.pointer_dereference.23	SUCCESS	dereference failure: pointer outside object bounds in r[(signed long int)(i * (unsigned int)4 + (unsigned int)2)]	/home/girish/THESIS-2026/mlkem-native_af4c5abd/mlkem/src/compress.c	66	mlk_poly_compress_d4_c
mlk_poly_compress_d4_c.pointer_dereference.24	SUCCESS	dereference failure: invalid integer address in r[(signed long int)(i * (unsigned int)4 + (unsigned int)2)]	/home/girish/THESIS-2026/mlkem-native_af4c5abd/mlkem/src/compress.c	66	mlk_poly_compress_d4_c
mlk_poly_compress_d4_c.pointer_dereference.25	SUCCESS	dereference failure: pointer NULL in r[(signed long int)(i * (unsigned int)4 + (unsigned int)3)]	/home/girish/THESIS-2026/mlkem-native_af4c5abd/mlkem/src/compress.c	67	mlk_poly_compress_d4_c
mlk_poly_compress_d4_c.pointer_dereference.26	SUCCESS	dereference failure: pointer invalid in r[(signed long int)(i * (unsigned int)4 + (unsigned int)3)]	/home/girish/THESIS-2026/mlkem-native_af4c5abd/mlkem/src/compress.c	67	mlk_poly_compress_d4_c
mlk_poly_compress_d4_c.pointer_dereference.27	SUCCESS	dereference failure: deallocated dynamic object in r[(signed long int)(i * (unsigned int)4 + (unsigned int)3)]	/home/girish/THESIS-2026/mlkem-native_af4c5abd/mlkem/src/compress.c	67	mlk_poly_compress_d4_c
mlk_poly_compress_d4_c.pointer_dereference.28	SUCCESS	dereference failure: dead object in r[(signed long int)(i * (unsigned int)4 + (unsigned int)3)]	/home/girish/THESIS-2026/mlkem-native_af4c5abd/mlkem/src/compress.c	67	mlk_poly_compress_d4_c
mlk_poly_compress_d4_c.pointer_dereference.29	SUCCESS	dereference failure: pointer outside object bounds in r[(signed long int)(i * (unsigned int)4 + (unsigned int)3)]	/home/girish/THESIS-2026/mlkem-native_af4c5abd/mlkem/src/compress.c	67	mlk_poly_compress_d4_c
mlk_poly_compress_d4_c.pointer_dereference.3	SUCCESS	dereference failure: deallocated dynamic object in a->coeffs	/home/girish/THESIS-2026/mlkem-native_af4c5abd/mlkem/src/compress.c	60	mlk_poly_compress_d4_c
mlk_poly_compress_d4_c.pointer_dereference.30	SUCCESS	dereference failure: invalid integer address in r[(signed long int)(i * (unsigned int)4 + (unsigned int)3)]	/home/girish/THESIS-2026/mlkem-native_af4c5abd/mlkem/src/compress.c	67	mlk_poly_compress_d4_c
mlk_poly_compress_d4_c.pointer_dereference.4	SUCCESS	dereference failure: dead object in a->coeffs	/home/girish/THESIS-2026/mlkem-native_af4c5abd/mlkem/src/compress.c	60	mlk_poly_compress_d4_c
mlk_poly_compress_d4_c.pointer_dereference.5	SUCCESS	dereference failure: pointer outside object bounds in a->coeffs	/home/girish/THESIS-2026/mlkem-native_af4c5abd/mlkem/src/compress.c	60	mlk_poly_compress_d4_c
mlk_poly_compress_d4_c.pointer_dereference.6	SUCCESS	dereference failure: invalid integer address in a->coeffs	/home/girish/THESIS-2026/mlkem-native_af4c5abd/mlkem/src/compress.c	60	mlk_poly_compress_d4_c
mlk_poly_compress_d4_c.pointer_dereference.7	SUCCESS	dereference failure: pointer NULL in r[(signed long int)(i * (unsigned int)4)]	/home/girish/THESIS-2026/mlkem-native_af4c5abd/mlkem/src/compress.c	64	mlk_poly_compress_d4_c
mlk_poly_compress_d4_c.pointer_dereference.8	SUCCESS	dereference failure: pointer invalid in r[(signed long int)(i * (unsigned int)4)]	/home/girish/THESIS-2026/mlkem-native_af4c5abd/mlkem/src/compress.c	64	mlk_poly_compress_d4_c
mlk_poly_compress_d4_c.pointer_dereference.9	SUCCESS	dereference failure: deallocated dynamic object in r[(signed long int)(i * (unsigned int)4)]	/home/girish/THESIS-2026/mlkem-native_af4c5abd/mlkem/src/compress.c	64	mlk_poly_compress_d4_c
mlk_poly_compress_d4_c.undefined-shift.1	SUCCESS	shift operand is negative in (signed int)t[(signed long int)1] << 4	/home/girish/THESIS-2026/mlkem-native_af4c5abd/mlkem/src/compress.c	64	mlk_poly_compress_d4_c
mlk_poly_compress_d4_c.undefined-shift.2	SUCCESS	shift operand is negative in (signed int)t[(signed long int)3] << 4	/home/girish/THESIS-2026/mlkem-native_af4c5abd/mlkem/src/compress.c	65	mlk_poly_compress_d4_c
mlk_poly_compress_d4_c.undefined-shift.3	SUCCESS	shift operand is negative in (signed int)t[(signed long int)5] << 4	/home/girish/THESIS-2026/mlkem-native_af4c5abd/mlkem/src/compress.c	66	mlk_poly_compress_d4_c
mlk_poly_compress_d4_c.undefined-shift.4	SUCCESS	shift operand is negative in (signed int)t[(signed long int)7] << 4	/home/girish/THESIS-2026/mlkem-native_af4c5abd/mlkem/src/compress.c	67	mlk_poly_compress_d4_c
mlk_poly_decompress_d10_c.array_bounds.1	SUCCESS	array 't' upper bound in t[(signed long int)k]	/home/girish/THESIS-2026/mlkem-native_af4c5abd/mlkem/src/compress.c	242	mlk_poly_decompress_d10_c
mlk_poly_decompress_d10_c.array_bounds.2	SUCCESS	array.coeffs dynamic object upper bound in r->coeffs[(signed long int)((unsigned int)4 * j + k)]	/home/girish/THESIS-2026/mlkem-native_af4c5abd/mlkem/src/compress.c	242	mlk_poly_decompress_d10_c
mlk_poly_decompress_d10_c.overflow.1	SUCCESS	arithmetic overflow on unsigned * in (unsigned int)5 * j	/home/girish/THESIS-2026/mlkem-native_af4c5abd/mlkem/src/compress.c	229	mlk_poly_decompress_d10_c
mlk_poly_decompress_d10_c.overflow.10	SUCCESS	arithmetic overflow on unsigned * in (unsigned int)4 * j	/home/girish/THESIS-2026/mlkem-native_af4c5abd/mlkem/src/compress.c	242	mlk_poly_decompress_d10_c
mlk_poly_decompress_d10_c.overflow.11	SUCCESS	arithmetic overflow on unsigned + in (unsigned int)4 * j + k	/home/girish/THESIS-2026/mlkem-native_af4c5abd/mlkem/src/compress.c	242	mlk_poly_decompress_d10_c
mlk_poly_decompress_d10_c.overflow.12	SUCCESS	arithmetic overflow on unsigned + in k + 1u	/home/girish/THESIS-2026/mlkem-native_af4c5abd/mlkem/src/compress.c	236	mlk_poly_decompress_d10_c
mlk_poly_decompress_d10_c.overflow.13	SUCCESS	arithmetic overflow on unsigned + in j + 1u	/home/girish/THESIS-2026/mlkem-native_af4c5abd/mlkem/src/compress.c	221	mlk_poly_decompress_d10_c
mlk_poly_decompress_d10_c.overflow.2	SUCCESS	arithmetic overflow on signed shl in (signed int)(uint16_t)base[(signed long int)1] << 8	/home/girish/THESIS-2026/mlkem-native_af4c5abd/mlkem/src/compress.c	231	mlk_poly_decompress_d10_c
mlk_poly_decompress_d10_c.overflow.3	SUCCESS	arithmetic overflow on signed to unsigned type conversion in (uint16_t)(0x3FF & ((signed int)base[(signed long int)0] >> 0 | (signed int)(uint16_t)base[(signed long int)1] << 8))	/home/girish/THESIS-2026/mlkem-native_af4c5abd/mlkem/src/compress.c	231	mlk_poly_decompress_d10_c
mlk_poly_decompress_d10_c.overflow.4	SUCCESS	arithmetic overflow on signed shl in (signed int)(uint16_t)base[(signed long int)2] << 6	/home/girish/THESIS-2026/mlkem-native_af4c5abd/mlkem/src/compress.c	232	mlk_poly_decompress_d10_c
mlk_poly_decompress_d10_c.overflow.5	SUCCESS	arithmetic overflow on signed to unsigned type conversion in (uint16_t)(0x3FF & ((signed int)base[(signed long int)1] >> 2 | (signed int)(uint16_t)base[(signed long int)2] << 6))	/home/girish/THESIS-2026/mlkem-native_af4c5abd/mlkem/src/compress.c	232	mlk_poly_decompress_d10_c
mlk_poly_decompress_d10_c.overflow.6	SUCCESS	arithmetic overflow on signed shl in (signed int)(uint16_t)base[(signed long int)3] << 4	/home/girish/THESIS-2026/mlkem-native_af4c5abd/mlkem/src/compress.c	233	mlk_poly_decompress_d10_c
mlk_poly_decompress_d10_c.overflow.7	SUCCESS	arithmetic overflow on signed to unsigned type conversion in (uint16_t)(0x3FF & ((signed int)base[(signed long int)2] >> 4 | (signed int)(uint16_t)base[(signed long int)3] << 4))	/home/girish/THESIS-2026/mlkem-native_af4c5abd/mlkem/src/compress.c	233	mlk_poly_decompress_d10_c
mlk_poly_decompress_d10_c.overflow.8	SUCCESS	arithmetic overflow on signed shl in (signed int)(uint16_t)base[(signed long int)4] << 2	/home/girish/THESIS-2026/mlkem-native_af4c5abd/mlkem/src/compress.c	234	mlk_poly_decompress_d10_c
mlk_poly_decompress_d10_c.overflow.9	SUCCESS	arithmetic overflow on signed to unsigned type conversion in (uint16_t)(0x3FF & ((signed int)base[(signed long int)3] >> 6 | (signed int)(uint16_t)base[(signed long int)4] << 2))	/home/girish/THESIS-2026/mlkem-native_af4c5abd/mlkem/src/compress.c	234	mlk_poly_decompress_d10_c
mlk_poly_decompress_d10_c.pointer_arithmetic.1	SUCCESS	pointer arithmetic: pointer NULL in a + (signed long int)((unsigned int)5 * j)	/home/girish/THESIS-2026/mlkem-native_af4c5abd/mlkem/src/compress.c	229	mlk_poly_decompress_d10_c
mlk_poly_decompress_d10_c.pointer_arithmetic.10	SUCCESS	pointer arithmetic: dead object in base + (signed long int)0	/home/girish/THESIS-2026/mlkem-native_af4c5abd/mlkem/src/compress.c	231	mlk_poly_decompress_d10_c
mlk_poly_decompress_d10_c.pointer_arithmetic.11	SUCCESS	pointer arithmetic: pointer outside object bounds in base + (signed long int)0	/home/girish/THESIS-2026/mlkem-native_af4c5abd/mlkem/src/compress.c	231	mlk_poly_decompress_d10_c
mlk_poly_decompress_d10_c.pointer_arithmetic.12	SUCCESS	pointer arithmetic: invalid integer address in base + (signed long int)0	/home/girish/THESIS-2026/mlkem-native_af4c5abd/mlkem/src/compress.c	231	mlk_poly_decompress_d10_c
mlk_poly_decompress_d10_c.pointer_arithmetic.13	SUCCESS	pointer arithmetic: pointer NULL in base + (signed long int)1	/home/girish/THESIS-2026/mlkem-native_af4c5abd/mlkem/src/compress.c	231	mlk_poly_decompress_d10_c
mlk_poly_decompress_d10_c.pointer_arithmetic.14	SUCCESS	pointer arithmetic: pointer invalid in base + (signed long int)1	/home/girish/THESIS-2026/mlkem-native_af4c5abd/mlkem/src/compress.c	231	mlk_poly_decompress_d10_c
mlk_poly_decompress_d10_c.pointer_arithmetic.15	SUCCESS	pointer arithmetic: deallocated dynamic object in base + (signed long int)1	/home/girish/THESIS-2026/mlkem-native_af4c5abd/mlkem/src/compress.c	231	mlk_poly_decompress_d10_c
mlk_poly_decompress_d10_c.pointer_arithmetic.16	SUCCESS	pointer arithmetic: dead object in base + (signed long int)1	/home/girish/THESIS-2026/mlkem-native_af4c5abd/mlkem/src/compress.c	231	mlk_poly_decompress_d10_c
mlk_poly_decompress_d10_c.pointer_arithmetic.17	SUCCESS	pointer arithmetic: pointer outside object bounds in base + (signed long int)1	/home/girish/THESIS-2026/mlkem-native_af4c5abd/mlkem/src/compress.c	231	mlk_poly_decompress_d10_c
mlk_poly_decompress_d10_c.pointer_arithmetic.18	SUCCESS	pointer arithmetic: invalid integer address in base + (signed long int)1	/home/girish/THESIS-2026/mlkem-native_af4c5abd/mlkem/src/compress.c	231	mlk_poly_decompress_d10_c
mlk_poly_decompress_d10_c.pointer_arithmetic.19	SUCCESS	pointer arithmetic: pointer NULL in base + (signed long int)2	/home/girish/THESIS-2026/mlkem-native_af4c5abd/mlkem/src/compress.c	232	mlk_poly_decompress_d10_c
mlk_poly_decompress_d10_c.pointer_arithmetic.2	SUCCESS	pointer arithmetic: pointer invalid in a + (signed long int)((unsigned int)5 * j)	/home/girish/THESIS-2026/mlkem-native_af4c5abd/mlkem/src/compress.c	229	mlk_poly_decompress_d10_c
mlk_poly_decompress_d10_c.pointer_arithmetic.20	SUCCESS	pointer arithmetic: pointer invalid in base + (signed long int)2	/home/girish/THESIS-2026/mlkem-native_af4c5abd/mlkem/src/compress.c	232	mlk_poly_decompress_d10_c
mlk_poly_decompress_d10_c.pointer_arithmetic.21	SUCCESS	pointer arithmetic: deallocated dynamic object in base + (signed long int)2	/home/girish/THESIS-2026/mlkem-native_af4c5abd/mlkem/src/compress.c	232	mlk_poly_decompress_d10_c
mlk_poly_decompress_d10_c.pointer_arithmetic.22	SUCCESS	pointer arithmetic: dead object in base + (signed long int)2	/home/girish/THESIS-2026/mlkem-native_af4c5abd/mlkem/src/compress.c	232	mlk_poly_decompress_d10_c
mlk_poly_decompress_d10_c.pointer_arithmetic.23	SUCCESS	pointer arithmetic: pointer outside object bounds in base + (signed long int)2	/home/girish/THESIS-2026/mlkem-native_af4c5abd/mlkem/src/compress.c	232	mlk_poly_decompress_d10_c
mlk_poly_decompress_d10_c.pointer_arithmetic.24	SUCCESS	pointer arithmetic: invalid integer address in base + (signed long int)2	/home/girish/THESIS-2026/mlkem-native_af4c5abd/mlkem/src/compress.c	232	mlk_poly_decompress_d10_c
mlk_poly_decompress_d10_c.pointer_arithmetic.25	SUCCESS	pointer arithmetic: pointer NULL in base + (signed long int)3	/home/girish/THESIS-2026/mlkem-native_af4c5abd/mlkem/src/compress.c	233	mlk_poly_decompress_d10_c
mlk_poly_decompress_d10_c.pointer_arithmetic.26	SUCCESS	pointer arithmetic: pointer invalid in base + (signed long int)3	/home/girish/THESIS-2026/mlkem-native_af4c5abd/mlkem/src/compress.c	233	mlk_poly_decompress_d10_c
mlk_poly_decompress_d10_c.pointer_arithmetic.27	SUCCESS	pointer arithmetic: deallocated dynamic object in base + (signed long int)3	/home/girish/THESIS-2026/mlkem-native_af4c5abd/mlkem/src/compress.c	233	mlk_poly_decompress_d10_c
mlk_poly_decompress_d10_c.pointer_arithmetic.28	SUCCESS	pointer arithmetic: dead object in base + (signed long int)3	/home/girish/THESIS-2026/mlkem-native_af4c5abd/mlkem/src/compress.c	233	mlk_poly_decompress_d10_c
mlk_poly_decompress_d10_c.pointer_arithmetic.29	SUCCESS	pointer arithmetic: pointer outside object bounds in base + (signed long int)3	/home/girish/THESIS-2026/mlkem-native_af4c5abd/mlkem/src/compress.c	233	mlk_poly_decompress_d10_c
mlk_poly_decompress_d10_c.pointer_arithmetic.3	SUCCESS	pointer arithmetic: deallocated dynamic object in a + (signed long int)((unsigned int)5 * j)	/home/girish/THESIS-2026/mlkem-native_af4c5abd/mlkem/src/compress.c	229	mlk_poly_decompress_d10_c
mlk_poly_decompress_d10_c.pointer_arithmetic.30	SUCCESS	pointer arithmetic: invalid integer address in base + (signed long int)3	/home/girish/THESIS-2026/mlkem-native_af4c5abd/mlkem/src/compress.c	233	mlk_poly_decompress_d10_c
mlk_poly_decompress_d10_c.pointer_arithmetic.31	SUCCESS	pointer arithmetic: pointer NULL in base + (signed long int)4	/home/girish/THESIS-2026/mlkem-native_af4c5abd/mlkem/src/compress.c	234	mlk_poly_decompress_d10_c
mlk_poly_decompress_d10_c.pointer_arithmetic.32	SUCCESS	pointer arithmetic: pointer invalid in base + (signed long int)4	/home/girish/THESIS-2026/mlkem-native_af4c5abd/mlkem/src/compress.c	234	mlk_poly_decompress_d10_c
mlk_poly_decompress_d10_c.pointer_arithmetic.33	SUCCESS	pointer arithmetic: deallocated dynamic object in base + (signed long int)4	/home/girish/THESIS-2026/mlkem-native_af4c5abd/mlkem/src/compress.c	234	mlk_poly_decompress_d10_c
mlk_poly_decompress_d10_c.pointer_arithmetic.34	SUCCESS	pointer arithmetic: dead object in base + (signed long int)4	/home/girish/THESIS-2026/mlkem-native_af4c5abd/mlkem/src/compress.c	234	mlk_poly_decompress_d10_c
mlk_poly_decompress_d10_c.pointer_arithmetic.35	SUCCESS	pointer arithmetic: pointer outside object bounds in base + (signed long int)4	/home/girish/THESIS-2026/mlkem-native_af4c5abd/mlkem/src/compress.c	234	mlk_poly_decompress_d10_c
mlk_poly_decompress_d10_c.pointer_arithmetic.36	SUCCESS	pointer arithmetic: invalid integer address in base + (signed long int)4	/home/girish/THESIS-2026/mlkem-native_af4c5abd/mlkem/src/compress.c	234	mlk_poly_decompress_d10_c
mlk_poly_decompress_d10_c.pointer_arithmetic.4	SUCCESS	pointer arithmetic: dead object in a + (signed long int)((unsigned int)5 * j)	/home/girish/THESIS-2026/mlkem-native_af4c5abd/mlkem/src/compress.c	229	mlk_poly_decompress_d10_c
mlk_poly_decompress_d10_c.pointer_arithmetic.5	SUCCESS	pointer arithmetic: pointer outside object bounds in a + (signed long int)((unsigned int)5 * j)	/home/girish/THESIS-2026/mlkem-native_af4c5abd/mlkem/src/compress.c	229	mlk_poly_decompress_d10_c
mlk_poly_decompress_d10_c.pointer_arithmetic.6	SUCCESS	pointer arithmetic: invalid integer address in a + (signed long int)((unsigned int)5 * j)	/home/girish/THESIS-2026/mlkem-native_af4c5abd/mlkem/src/compress.c	229	mlk_poly_decompress_d10_c
mlk_poly_decompress_d10_c.pointer_arithmetic.7	SUCCESS	pointer arithmetic: pointer NULL in base + (signed long int)0	/home/girish/THESIS-2026/mlkem-native_af4c5abd/mlkem/src/compress.c	231	mlk_poly_decompress_d10_c
mlk_poly_decompress_d10_c.pointer_arithmetic.8	SUCCESS	pointer arithmetic: pointer invalid in base + (signed long int)0	/home/girish/THESIS-2026/mlkem-native_af4c5abd/mlkem/src/compress.c	231	mlk_poly_decompress_d10_c
mlk_poly_decompress_d10_c.pointer_arithmetic.9	SUCCESS	pointer arithmetic: deallocated dynamic object in base + (signed long int)0	/home/girish/THESIS-2026/mlkem-native_af4c5abd/mlkem/src/compress.c	231	mlk_poly_decompress_d10_c
mlk_poly_decompress_d10_c.pointer_dereference.1	SUCCESS	dereference failure: pointer NULL in base[(signed long int)0]	/home/girish/THESIS-2026/mlkem-native_af4c5abd/mlkem/src/compress.c	231	mlk_poly_decompress_d10_c
mlk_poly_decompress_d10_c.pointer_dereference.10	SUCCESS	dereference failure: dead object in base[(signed long int)1]	/home/girish/THESIS-2026/mlkem-native_af4c5abd/mlkem/src/compress.c	231	mlk_poly_decompress_d10_c
mlk_poly_decompress_d10_c.pointer_dereference.11	SUCCESS	dereference failure: pointer outside object bounds in base[(signed long int)1]	/home/girish/THESIS-2026/mlkem-native_af4c5abd/mlkem/src/compress.c	231	mlk_poly_decompress_d10_c
mlk_poly_decompress_d10_c.pointer_dereference.12	SUCCESS	dereference failure: invalid integer address in base[(signed long int)1]	/home/girish/THESIS-2026/mlkem-native_af4c5abd/mlkem/src/compress.c	231	mlk_poly_decompress_d10_c
mlk_poly_decompress_d10_c.pointer_dereference.13	SUCCESS	dereference failure: pointer NULL in base[(signed long int)2]	/home/girish/THESIS-2026/mlkem-native_af4c5abd/mlkem/src/compress.c	232	mlk_poly_decompress_d10_c
mlk_poly_decompress_d10_c.pointer_dereference.14	SUCCESS	dereference failure: pointer invalid in base[(signed long int)2]	/home/girish/THESIS-2026/mlkem-native_af4c5abd/mlkem/src/compress.c	232	mlk_poly_decompress_d10_c
mlk_poly_decompress_d10_c.pointer_dereference.15	SUCCESS	dereference failure: deallocated dynamic object in base[(signed long int)2]	/home/girish/THESIS-2026/mlkem-native_af4c5abd/mlkem/src/compress.c	232	mlk_poly_decompress_d10_c
mlk_poly_decompress_d10_c.pointer_dereference.16	SUCCESS	dereference failure: dead object in base[(signed long int)2]	/home/girish/THESIS-2026/mlkem-native_af4c5abd/mlkem/src/compress.c	232	mlk_poly_decompress_d10_c
mlk_poly_decompress_d10_c.pointer_dereference.17	SUCCESS	dereference failure: pointer outside object bounds in base[(signed long int)2]	/home/girish/THESIS-2026/mlkem-native_af4c5abd/mlkem/src/compress.c	232	mlk_poly_decompress_d10_c
mlk_poly_decompress_d10_c.pointer_dereference.18	SUCCESS	dereference failure: invalid integer address in base[(signed long int)2]	/home/girish/THESIS-2026/mlkem-native_af4c5abd/mlkem/src/compress.c	232	mlk_poly_decompress_d10_c
mlk_poly_decompress_d10_c.pointer_dereference.19	SUCCESS	dereference failure: pointer NULL in base[(signed long int)3]	/home/girish/THESIS-2026/mlkem-native_af4c5abd/mlkem/src/compress.c	233	mlk_poly_decompress_d10_c
mlk_poly_decompress_d10_c.pointer_dereference.2	SUCCESS	dereference failure: pointer invalid in base[(signed long int)0]	/home/girish/THESIS-2026/mlkem-native_af4c5abd/mlkem/src/compress.c	231	mlk_poly_decompress_d10_c
mlk_poly_decompress_d10_c.pointer_dereference.20	SUCCESS	dereference failure: pointer invalid in base[(signed long int)3]	/home/girish/THESIS-2026/mlkem-native_af4c5abd/mlkem/src/compress.c	233	mlk_poly_decompress_d10_c
mlk_poly_decompress_d10_c.pointer_dereference.21	SUCCESS	dereference failure: deallocated dynamic object in base[(signed long int)3]	/home/girish/THESIS-2026/mlkem-native_af4c5abd/mlkem/src/compress.c	233	mlk_poly_decompress_d10_c
mlk_poly_decompress_d10_c.pointer_dereference.22	SUCCESS	dereference failure: dead object in base[(signed long int)3]	/home/girish/THESIS-2026/mlkem-native_af4c5abd/mlkem/src/compress.c	233	mlk_poly_decompress_d10_c
mlk_poly_decompress_d10_c.pointer_dereference.23	SUCCESS	dereference failure: pointer outside object bounds in base[(signed long int)3]	/home/girish/THESIS-2026/mlkem-native_af4c5abd/mlkem/src/compress.c	233	mlk_poly_decompress_d10_c
mlk_poly_decompress_d10_c.pointer_dereference.24	SUCCESS	dereference failure: invalid integer address in base[(signed long int)3]	/home/girish/THESIS-2026/mlkem-native_af4c5abd/mlkem/src/compress.c	233	mlk_poly_decompress_d10_c
mlk_poly_decompress_d10_c.pointer_dereference.25	SUCCESS	dereference failure: pointer NULL in base[(signed long int)4]	/home/girish/THESIS-2026/mlkem-native_af4c5abd/mlkem/src/compress.c	234	mlk_poly_decompress_d10_c
mlk_poly_decompress_d10_c.pointer_dereference.26	SUCCESS	dereference failure: pointer invalid in base[(signed long int)4]	/home/girish/THESIS-2026/mlkem-native_af4c5abd/mlkem/src/compress.c	234	mlk_poly_decompress_d10_c
mlk_poly_decompress_d10_c.pointer_dereference.27	SUCCESS	dereference failure: deallocated dynamic object in base[(signed long int)4]	/home/girish/THESIS-2026/mlkem-native_af4c5abd/mlkem/src/compress.c	234	mlk_poly_decompress_d10_c
mlk_poly_decompress_d10_c.pointer_dereference.28	SUCCESS	dereference failure: dead object in base[(signed long int)4]	/home/girish/THESIS-2026/mlkem-native_af4c5abd/mlkem/src/compress.c	234	mlk_poly_decompress_d10_c
mlk_poly_decompress_d10_c.pointer_dereference.29	SUCCESS	dereference failure: pointer outside object bounds in base[(signed long int)4]	/home/girish/THESIS-2026/mlkem-native_af4c5abd/mlkem/src/compress.c	234	mlk_poly_decompress_d10_c
mlk_poly_decompress_d10_c.pointer_dereference.3	SUCCESS	dereference failure: deallocated dynamic object in base[(signed long int)0]	/home/girish/THESIS-2026/mlkem-native_af4c5abd/mlkem/src/compress.c	231	mlk_poly_decompress_d10_c
mlk_poly_decompress_d10_c.pointer_dereference.30	SUCCESS	dereference failure: invalid integer address in base[(signed long int)4]	/home/girish/THESIS-2026/mlkem-native_af4c5abd/mlkem/src/compress.c	234	mlk_poly_decompress_d10_c
mlk_poly_decompress_d10_c.pointer_dereference.31	SUCCESS	dereference failure: pointer NULL in r->coeffs	/home/girish/THESIS-2026/mlkem-native_af4c5abd/mlkem/src/compress.c	242	mlk_poly_decompress_d10_c
mlk_poly_decompress_d10_c.pointer_dereference.32	SUCCESS	dereference failure: pointer invalid in r->coeffs	/home/girish/THESIS-2026/mlkem-native_af4c5abd/mlkem/src/compress.c	242	mlk_poly_decompress_d10_c
mlk_poly_decompress_d10_c.pointer_dereference.33	SUCCESS	dereference failure: deallocated dynamic object in r->coeffs	/home/girish/THESIS-2026/mlkem-native_af4c5abd/mlkem/src/compress.c	242	mlk_poly_decompress_d10_c
mlk_poly_decompress_d10_c.pointer_dereference.34	SUCCESS	dereference failure: dead object in r->coeffs	/home/girish/THESIS-2026/mlkem-native_af4c5abd/mlkem/src/compress.c	242	mlk_poly_decompress_d10_c
mlk_poly_decompress_d10_c.pointer_dereference.35	SUCCESS	dereference failure: pointer outside object bounds in r->coeffs	/home/girish/THESIS-2026/mlkem-native_af4c5abd/mlkem/src/compress.c	242	mlk_poly_decompress_d10_c
mlk_poly_decompress_d10_c.pointer_dereference.36	SUCCESS	dereference failure: invalid integer address in r->coeffs	/home/girish/THESIS-2026/mlkem-native_af4c5abd/mlkem/src/compress.c	242	mlk_poly_decompress_d10_c
mlk_poly_decompress_d10_c.pointer_dereference.4	SUCCESS	dereference failure: dead object in base[(signed long int)0]	/home/girish/THESIS-2026/mlkem-native_af4c5abd/mlkem/src/compress.c	231	mlk_poly_decompress_d10_c
mlk_poly_decompress_d10_c.pointer_dereference.5	SUCCESS	dereference failure: pointer outside object bounds in base[(signed long int)0]	/home/girish/THESIS-2026/mlkem-native_af4c5abd/mlkem/src/compress.c	231	mlk_poly_decompress_d10_c
mlk_poly_decompress_d10_c.pointer_dereference.6	SUCCESS	dereference failure: invalid integer address in base[(signed long int)0]	/home/girish/THESIS-2026/mlkem-native_af4c5abd/mlkem/src/compress.c	231	mlk_poly_decompress_d10_c
mlk_poly_decompress_d10_c.pointer_dereference.7	SUCCESS	dereference failure: pointer NULL in base[(signed long int)1]	/home/girish/THESIS-2026/mlkem-native_af4c5abd/mlkem/src/compress.c	231	mlk_poly_decompress_d10_c
mlk_poly_decompress_d10_c.pointer_dereference.8	SUCCESS	dereference failure: pointer invalid in base[(signed long int)1]	/home/girish/THESIS-2026/mlkem-native_af4c5abd/mlkem/src/compress.c	231	mlk_poly_decompress_d10_c
mlk_poly_decompress_d10_c.pointer_dereference.9	SUCCESS	dereference failure: deallocated dynamic object in base[(signed long int)1]	/home/girish/THESIS-2026/mlkem-native_af4c5abd/mlkem/src/compress.c	231	mlk_poly_decompress_d10_c
mlk_poly_decompress_d10_c.undefined-shift.1	SUCCESS	shift operand is negative in (signed int)(uint16_t)base[(signed long int)1] << 8	/home/girish/THESIS-2026/mlkem-native_af4c5abd/mlkem/src/compress.c	231	mlk_poly_decompress_d10_c
mlk_poly_decompress_d10_c.undefined-shift.2	SUCCESS	shift operand is negative in (signed int)(uint16_t)base[(signed long int)2] << 6	/home/girish/THESIS-2026/mlkem-native_af4c5abd/mlkem/src/compress.c	232	mlk_poly_decompress_d10_c
mlk_poly_decompress_d10_c.undefined-shift.3	SUCCESS	shift operand is negative in (signed int)(uint16_t)base[(signed long int)3] << 4	/home/girish/THESIS-2026/mlkem-native_af4c5abd/mlkem/src/compress.c	233	mlk_poly_decompress_d10_c
mlk_poly_decompress_d10_c.undefined-shift.4	SUCCESS	shift operand is negative in (signed int)(uint16_t)base[(signed long int)4] << 2	/home/girish/THESIS-2026/mlkem-native_af4c5abd/mlkem/src/compress.c	234	mlk_poly_decompress_d10_c
mlk_poly_decompress_d4_c.array_bounds.1	SUCCESS	array.coeffs dynamic object upper bound in r->coeffs[(signed long int)((unsigned int)2 * i + (unsigned int)0)]	/home/girish/THESIS-2026/mlkem-native_af4c5abd/mlkem/src/compress.c	179	mlk_poly_decompress_d4_c
mlk_poly_decompress_d4_c.array_bounds.2	SUCCESS	array.coeffs dynamic object upper bound in r->coeffs[(signed long int)((unsigned int)2 * i + (unsigned int)1)]	/home/girish/THESIS-2026/mlkem-native_af4c5abd/mlkem/src/compress.c	180	mlk_poly_decompress_d4_c
mlk_poly_decompress_d4_c.overflow.1	SUCCESS	arithmetic overflow on signed to unsigned type conversion in (uint8_t)((signed int)a[(signed long int)i] >> 0 & 0xF)	/home/girish/THESIS-2026/mlkem-native_af4c5abd/mlkem/src/compress.c	179	mlk_poly_decompress_d4_c
mlk_poly_decompress_d4_c.overflow.2	SUCCESS	arithmetic overflow on unsigned * in (unsigned int)2 * i	/home/girish/THESIS-2026/mlkem-native_af4c5abd/mlkem/src/compress.c	179	mlk_poly_decompress_d4_c
mlk_poly_decompress_d4_c.overflow.3	SUCCESS	arithmetic overflow on signed to unsigned type conversion in (uint8_t)((signed int)a[(signed long int)i] >> 4 & 0xF)	/home/girish/THESIS-2026/mlkem-native_af4c5abd/mlkem/src/compress.c	180	mlk_poly_decompress_d4_c
mlk_poly_decompress_d4_c.overflow.4	SUCCESS	arithmetic overflow on unsigned * in (unsigned int)2 * i	/home/girish/THESIS-2026/mlkem-native_af4c5abd/mlkem/src/compress.c	180	mlk_poly_decompress_d4_c
mlk_poly_decompress_d4_c.overflow.5	SUCCESS	arithmetic overflow on unsigned + in (unsigned int)2 * i + (unsigned int)1	/home/girish/THESIS-2026/mlkem-native_af4c5abd/mlkem/src/compress.c	180	mlk_poly_decompress_d4_c
mlk_poly_decompress_d4_c.overflow.6	SUCCESS	arithmetic overflow on unsigned + in i + 1u	/home/girish/THESIS-2026/mlkem-native_af4c5abd/mlkem/src/compress.c	173	mlk_poly_decompress_d4_c
mlk_poly_decompress_d4_c.pointer_arithmetic.1	SUCCESS	pointer arithmetic: pointer NULL in a + (signed long int)i	/home/girish/THESIS-2026/mlkem-native_af4c5abd/mlkem/src/compress.c	179	mlk_poly_decompress_d4_c
mlk_poly_decompress_d4_c.pointer_arithmetic.10	SUCCESS	pointer arithmetic: dead object in a + (signed long int)i	/home/girish/THESIS-2026/mlkem-native_af4c5abd/mlkem/src/compress.c	180	mlk_poly_decompress_d4_c
mlk_poly_decompress_d4_c.pointer_arithmetic.11	SUCCESS	pointer arithmetic: pointer outside object bounds in a + (signed long int)i	/home/girish/THESIS-2026/mlkem-native_af4c5abd/mlkem/src/compress.c	180	mlk_poly_decompress_d4_c
mlk_poly_decompress_d4_c.pointer_arithmetic.12	SUCCESS	pointer arithmetic: invalid integer address in a + (signed long int)i	/home/girish/THESIS-2026/mlkem-native_af4c5abd/mlkem/src/compress.c	180	mlk_poly_decompress_d4_c
mlk_poly_decompress_d4_c.pointer_arithmetic.2	SUCCESS	pointer arithmetic: pointer invalid in a + (signed long int)i	/home/girish/THESIS-2026/mlkem-native_af4c5abd/mlkem/src/compress.c	179	mlk_poly_decompress_d4_c
mlk_poly_decompress_d4_c.pointer_arithmetic.3	SUCCESS	pointer arithmetic: deallocated dynamic object in a + (signed long int)i	/home/girish/THESIS-2026/mlkem-native_af4c5abd/mlkem/src/compress.c	179	mlk_poly_decompress_d4_c
mlk_poly_decompress_d4_c.pointer_arithmetic.4	SUCCESS	pointer arithmetic: dead object in a + (signed long int)i	/home/girish/THESIS-2026/mlkem-native_af4c5abd/mlkem/src/compress.c	179	mlk_poly_decompress_d4_c
mlk_poly_decompress_d4_c.pointer_arithmetic.5	SUCCESS	pointer arithmetic: pointer outside object bounds in a + (signed long int)i	/home/girish/THESIS-2026/mlkem-native_af4c5abd/mlkem/src/compress.c	179	mlk_poly_decompress_d4_c
mlk_poly_decompress_d4_c.pointer_arithmetic.6	SUCCESS	pointer arithmetic: invalid integer address in a + (signed long int)i	/home/girish/THESIS-2026/mlkem-native_af4c5abd/mlkem/src/compress.c	179	mlk_poly_decompress_d4_c
mlk_poly_decompress_d4_c.pointer_arithmetic.7	SUCCESS	pointer arithmetic: pointer NULL in a + (signed long int)i	/home/girish/THESIS-2026/mlkem-native_af4c5abd/mlkem/src/compress.c	180	mlk_poly_decompress_d4_c
mlk_poly_decompress_d4_c.pointer_arithmetic.8	SUCCESS	pointer arithmetic: pointer invalid in a + (signed long int)i	/home/girish/THESIS-2026/mlkem-native_af4c5abd/mlkem/src/compress.c	180	mlk_poly_decompress_d4_c
mlk_poly_decompress_d4_c.pointer_arithmetic.9	SUCCESS	pointer arithmetic: deallocated dynamic object in a + (signed long int)i	/home/girish/THESIS-2026/mlkem-native_af4c5abd/mlkem/src/compress.c	180	mlk_poly_decompress_d4_c
mlk_poly_decompress_d4_c.pointer_dereference.1	SUCCESS	dereference failure: pointer NULL in a[(signed long int)i]	/home/girish/THESIS-2026/mlkem-native_af4c5abd/mlkem/src/compress.c	179	mlk_poly_decompress_d4_c
mlk_poly_decompress_d4_c.pointer_dereference.10	SUCCESS	dereference failure: dead object in r->coeffs	/home/girish/THESIS-2026/mlkem-native_af4c5abd/mlkem/src/compress.c	179	mlk_poly_decompress_d4_c
mlk_poly_decompress_d4_c.pointer_dereference.11	SUCCESS	dereference failure: pointer outside object bounds in r->coeffs	/home/girish/THESIS-2026/mlkem-native_af4c5abd/mlkem/src/compress.c	179	mlk_poly_decompress_d4_c
mlk_poly_decompress_d4_c.pointer_dereference.12	SUCCESS	dereference failure: invalid integer address in r->coeffs	/home/girish/THESIS-2026/mlkem-native_af4c5abd/mlkem/src/compress.c	179	mlk_poly_decompress_d4_c
mlk_poly_decompress_d4_c.pointer_dereference.13	SUCCESS	dereference failure: pointer NULL in a[(signed long int)i]	/home/girish/THESIS-2026/mlkem-native_af4c5abd/mlkem/src/compress.c	180	mlk_poly_decompress_d4_c
mlk_poly_decompress_d4_c.pointer_dereference.14	SUCCESS	dereference failure: pointer invalid in a[(signed long int)i]	/home/girish/THESIS-2026/mlkem-native_af4c5abd/mlkem/src/compress.c	180	mlk_poly_decompress_d4_c
mlk_poly_decompress_d4_c.pointer_dereference.15	SUCCESS	dereference failure: deallocated dynamic object in a[(signed long int)i]	/home/girish/THESIS-2026/mlkem-native_af4c5abd/mlkem/src/compress.c	180	mlk_poly_decompress_d4_c
mlk_poly_decompress_d4_c.pointer_dereference.16	SUCCESS	dereference failure: dead object in a[(signed long int)i]	/home/girish/THESIS-2026/mlkem-native_af4c5abd/mlkem/src/compress.c	180	mlk_poly_decompress_d4_c
mlk_poly_decompress_d4_c.pointer_dereference.17	SUCCESS	dereference failure: pointer outside object bounds in a[(signed long int)i]	/home/girish/THESIS-2026/mlkem-native_af4c5abd/mlkem/src/compress.c	180	mlk_poly_decompress_d4_c
mlk_poly_decompress_d4_c.pointer_dereference.18	SUCCESS	dereference failure: invalid integer address in a[(signed long int)i]	/home/girish/THESIS-2026/mlkem-native_af4c5abd/mlkem/src/compress.c	180	mlk_poly_decompress_d4_c
mlk_poly_decompress_d4_c.pointer_dereference.19	SUCCESS	dereference failure: pointer NULL in r->coeffs	/home/girish/THESIS-2026/mlkem-native_af4c5abd/mlkem/src/compress.c	180	mlk_poly_decompress_d4_c
mlk_poly_decompress_d4_c.pointer_dereference.2	SUCCESS	dereference failure: pointer invalid in a[(signed long int)i]	/home/girish/THESIS-2026/mlkem-native_af4c5abd/mlkem/src/compress.c	179	mlk_poly_decompress_d4_c
mlk_poly_decompress_d4_c.pointer_dereference.20	SUCCESS	dereference failure: pointer invalid in r->coeffs	/home/girish/THESIS-2026/mlkem-native_af4c5abd/mlkem/src/compress.c	180	mlk_poly_decompress_d4_c
mlk_poly_decompress_d4_c.pointer_dereference.21	SUCCESS	dereference failure: deallocated dynamic object in r->coeffs	/home/girish/THESIS-2026/mlkem-native_af4c5abd/mlkem/src/compress.c	180	mlk_poly_decompress_d4_c
mlk_poly_decompress_d4_c.pointer_dereference.22	SUCCESS	dereference failure: dead object in r->coeffs	/home/girish/THESIS-2026/mlkem-native_af4c5abd/mlkem/src/compress.c	180	mlk_poly_decompress_d4_c
mlk_poly_decompress_d4_c.pointer_dereference.23	SUCCESS	dereference failure: pointer outside object bounds in r->coeffs	/home/girish/THESIS-2026/mlkem-native_af4c5abd/mlkem/src/compress.c	180	mlk_poly_decompress_d4_c
mlk_poly_decompress_d4_c.pointer_dereference.24	SUCCESS	dereference failure: invalid integer address in r->coeffs	/home/girish/THESIS-2026/mlkem-native_af4c5abd/mlkem/src/compress.c	180	mlk_poly_decompress_d4_c
mlk_poly_decompress_d4_c.pointer_dereference.3	SUCCESS	dereference failure: deallocated dynamic object in a[(signed long int)i]	/home/girish/THESIS-2026/mlkem-native_af4c5abd/mlkem/src/compress.c	179	mlk_poly_decompress_d4_c
mlk_poly_decompress_d4_c.pointer_dereference.4	SUCCESS	dereference failure: dead object in a[(signed long int)i]	/home/girish/THESIS-2026/mlkem-native_af4c5abd/mlkem/src/compress.c	179	mlk_poly_decompress_d4_c
mlk_poly_decompress_d4_c.pointer_dereference.5	SUCCESS	dereference failure: pointer outside object bounds in a[(signed long int)i]	/home/girish/THESIS-2026/mlkem-native_af4c5abd/mlkem/src/compress.c	179	mlk_poly_decompress_d4_c
mlk_poly_decompress_d4_c.pointer_dereference.6	SUCCESS	dereference failure: invalid integer address in a[(signed long int)i]	/home/girish/THESIS-2026/mlkem-native_af4c5abd/mlkem/src/compress.c	179	mlk_poly_decompress_d4_c
mlk_poly_decompress_d4_c.pointer_dereference.7	SUCCESS	dereference failure: pointer NULL in r->coeffs	/home/girish/THESIS-2026/mlkem-native_af4c5abd/mlkem/src/compress.c	179	mlk_poly_decompress_d4_c
mlk_poly_decompress_d4_c.pointer_dereference.8	SUCCESS	dereference failure: pointer invalid in r->coeffs	/home/girish/THESIS-2026/mlkem-native_af4c5abd/mlkem/src/compress.c	179	mlk_poly_decompress_d4_c
mlk_poly_decompress_d4_c.pointer_dereference.9	SUCCESS	dereference failure: deallocated dynamic object in r->coeffs	/home/girish/THESIS-2026/mlkem-native_af4c5abd/mlkem/src/compress.c	179	mlk_poly_decompress_d4_c
mlk_poly_frombytes_c.array_bounds.1	SUCCESS	array.coeffs dynamic object upper bound in r->coeffs[(signed long int)((unsigned int)2 * i + (unsigned int)0)]	/home/girish/THESIS-2026/mlkem-native_af4c5abd/mlkem/src/compress.c	649	mlk_poly_frombytes_c
mlk_poly_frombytes_c.array_bounds.2	SUCCESS	array.coeffs dynamic object upper bound in r->coeffs[(signed long int)((unsigned int)2 * i + (unsigned int)1)]	/home/girish/THESIS-2026/mlkem-native_af4c5abd/mlkem/src/compress.c	650	mlk_poly_frombytes_c
mlk_poly_frombytes_c.overflow.1	SUCCESS	arithmetic overflow on unsigned * in (unsigned int)3 * i	/home/girish/THESIS-2026/mlkem-native_af4c5abd/mlkem/src/compress.c	641	mlk_poly_frombytes_c
mlk_poly_frombytes_c.overflow.10	SUCCESS	arithmetic overflow on signed type conversion in (int16_t)((signed int)t1 >> 4 | (signed int)t2 << 4)	/home/girish/THESIS-2026/mlkem-native_af4c5abd/mlkem/src/compress.c	650	mlk_poly_frombytes_c
mlk_poly_frombytes_c.overflow.11	SUCCESS	arithmetic overflow on unsigned + in i + 1u	/home/girish/THESIS-2026/mlkem-native_af4c5abd/mlkem/src/compress.c	635	mlk_poly_frombytes_c
mlk_poly_frombytes_c.overflow.2	SUCCESS	arithmetic overflow on unsigned + in (unsigned int)3 * i + (unsigned int)1	/home/girish/THESIS-2026/mlkem-native_af4c5abd/mlkem/src/compress.c	642	mlk_poly_frombytes_c
mlk_poly_frombytes_c.overflow.3	SUCCESS	arithmetic overflow on unsigned + in (unsigned int)3 * i + (unsigned int)2	/home/girish/THESIS-2026/mlkem-native_af4c5abd/mlkem/src/compress.c	643	mlk_poly_frombytes_c
mlk_poly_frombytes_c.overflow.4	SUCCESS	arithmetic overflow on unsigned * in (unsigned int)2 * i	/home/girish/THESIS-2026/mlkem-native_af4c5abd/mlkem/src/compress.c	649	mlk_poly_frombytes_c
mlk_poly_frombytes_c.overflow.5	SUCCESS	arithmetic overflow on signed shl in (signed int)(uint16_t)t1 << 8	/home/girish/THESIS-2026/mlkem-native_af4c5abd/mlkem/src/compress.c	649	mlk_poly_frombytes_c
mlk_poly_frombytes_c.overflow.6	SUCCESS	arithmetic overflow on signed type conversion in (int16_t)((signed int)t0 | (signed int)(uint16_t)t1 << 8 & 0xFFF)	/home/girish/THESIS-2026/mlkem-native_af4c5abd/mlkem/src/compress.c	649	mlk_poly_frombytes_c
mlk_poly_frombytes_c.overflow.7	SUCCESS	arithmetic overflow on unsigned * in (unsigned int)2 * i	/home/girish/THESIS-2026/mlkem-native_af4c5abd/mlkem/src/compress.c	650	mlk_poly_frombytes_c
mlk_poly_frombytes_c.overflow.8	SUCCESS	arithmetic overflow on unsigned + in (unsigned int)2 * i + (unsigned int)1	/home/girish/THESIS-2026/mlkem-native_af4c5abd/mlkem/src/compress.c	650	mlk_poly_frombytes_c
mlk_poly_frombytes_c.overflow.9	SUCCESS	arithmetic overflow on signed shl in (signed int)t2 << 4	/home/girish/THESIS-2026/mlkem-native_af4c5abd/mlkem/src/compress.c	650	mlk_poly_frombytes_c
mlk_poly_frombytes_c.pointer_arithmetic.1	SUCCESS	pointer arithmetic: pointer NULL in a + (signed long int)((unsigned int)3 * i + (unsigned int)0)	/home/girish/THESIS-2026/mlkem-native_af4c5abd/mlkem/src/compress.c	641	mlk_poly_frombytes_c
mlk_poly_frombytes_c.pointer_arithmetic.10	SUCCESS	pointer arithmetic: dead object in a + (signed long int)((unsigned int)3 * i + (unsigned int)1)	/home/girish/THESIS-2026/mlkem-native_af4c5abd/mlkem/src/compress.c	642	mlk_poly_frombytes_c
mlk_poly_frombytes_c.pointer_arithmetic.11	SUCCESS	pointer arithmetic: pointer outside object bounds in a + (signed long int)((unsigned int)3 * i + (unsigned int)1)	/home/girish/THESIS-2026/mlkem-native_af4c5abd/mlkem/src/compress.c	642	mlk_poly_frombytes_c
mlk_poly_frombytes_c.pointer_arithmetic.12	SUCCESS	pointer arithmetic: invalid integer address in a + (signed long int)((unsigned int)3 * i + (unsigned int)1)	/home/girish/THESIS-2026/mlkem-native_af4c5abd/mlkem/src/compress.c	642	mlk_poly_frombytes_c
mlk_poly_frombytes_c.pointer_arithmetic.13	SUCCESS	pointer arithmetic: pointer NULL in a + (signed long int)((unsigned int)3 * i + (unsigned int)2)	/home/girish/THESIS-2026/mlkem-native_af4c5abd/mlkem/src/compress.c	643	mlk_poly_frombytes_c
mlk_poly_frombytes_c.pointer_arithmetic.14	SUCCESS	pointer arithmetic: pointer invalid in a + (signed long int)((unsigned int)3 * i + (unsigned int)2)	/home/girish/THESIS-2026/mlkem-native_af4c5abd/mlkem/src/compress.c	643	mlk_poly_frombytes_c
mlk_poly_frombytes_c.pointer_arithmetic.15	SUCCESS	pointer arithmetic: deallocated dynamic object in a + (signed long int)((unsigned int)3 * i + (unsigned int)2)	/home/girish/THESIS-2026/mlkem-native_af4c5abd/mlkem/src/compress.c	643	mlk_poly_frombytes_c
mlk_poly_frombytes_c.pointer_arithmetic.16	SUCCESS	pointer arithmetic: dead object in a + (signed long int)((unsigned int)3 * i + (unsigned int)2)	/home/girish/THESIS-2026/mlkem-native_af4c5abd/mlkem/src/compress.c	643	mlk_poly_frombytes_c
mlk_poly_frombytes_c.pointer_arithmetic.17	SUCCESS	pointer arithmetic: pointer outside object bounds in a + (signed long int)((unsigned int)3 * i + (unsigned int)2)	/home/girish/THESIS-2026/mlkem-native_af4c5abd/mlkem/src/compress.c	643	mlk_poly_frombytes_c
mlk_poly_frombytes_c.pointer_arithmetic.18	SUCCESS	pointer arithmetic: invalid integer address in a + (signed long int)((unsigned int)3 * i + (unsigned int)2)	/home/girish/THESIS-2026/mlkem-native_af4c5abd/mlkem/src/compress.c	643	mlk_poly_frombytes_c
mlk_poly_frombytes_c.pointer_arithmetic.2	SUCCESS	pointer arithmetic: pointer invalid in a + (signed long int)((unsigned int)3 * i + (unsigned int)0)	/home/girish/THESIS-2026/mlkem-native_af4c5abd/mlkem/src/compress.c	641	mlk_poly_frombytes_c
mlk_poly_frombytes_c.pointer_arithmetic.3	SUCCESS	pointer arithmetic: deallocated dynamic object in a + (signed long int)((unsigned int)3 * i + (unsigned int)0)	/home/girish/THESIS-2026/mlkem-native_af4c5abd/mlkem/src/compress.c	641	mlk_poly_frombytes_c
mlk_poly_frombytes_c.pointer_arithmetic.4	SUCCESS	pointer arithmetic: dead object in a + (signed long int)((unsigned int)3 * i + (unsigned int)0)	/home/girish/THESIS-2026/mlkem-native_af4c5abd/mlkem/src/compress.c	641	mlk_poly_frombytes_c
mlk_poly_frombytes_c.pointer_arithmetic.5	SUCCESS	pointer arithmetic: pointer outside object bounds in a + (signed long int)((unsigned int)3 * i + (unsigned int)0)	/home/girish/THESIS-2026/mlkem-native_af4c5abd/mlkem/src/compress.c	641	mlk_poly_frombytes_c
mlk_poly_frombytes_c.pointer_arithmetic.6	SUCCESS	pointer arithmetic: invalid integer address in a + (signed long int)((unsigned int)3 * i + (unsigned int)0)	/home/girish/THESIS-2026/mlkem-native_af4c5abd/mlkem/src/compress.c	641	mlk_poly_frombytes_c
mlk_poly_frombytes_c.pointer_arithmetic.7	SUCCESS	pointer arithmetic: pointer NULL in a + (signed long int)((unsigned int)3 * i + (unsigned int)1)	/home/girish/THESIS-2026/mlkem-native_af4c5abd/mlkem/src/compress.c	642	mlk_poly_frombytes_c
mlk_poly_frombytes_c.pointer_arithmetic.8	SUCCESS	pointer arithmetic: pointer invalid in a + (signed long int)((unsigned int)3 * i + (unsigned int)1)	/home/girish/THESIS-2026/mlkem-native_af4c5abd/mlkem/src/compress.c	642	mlk_poly_frombytes_c
mlk_poly_frombytes_c.pointer_arithmetic.9	SUCCESS	pointer arithmetic: deallocated dynamic object in a + (signed long int)((unsigned int)3 * i + (unsigned int)1)	/home/girish/THESIS-2026/mlkem-native_af4c5abd/mlkem/src/compress.c	642	mlk_poly_frombytes_c
mlk_poly_frombytes_c.pointer_dereference.1	SUCCESS	dereference failure: pointer NULL in a[(signed long int)((unsigned int)3 * i + (unsigned int)0)]	/home/girish/THESIS-2026/mlkem-native_af4c5abd/mlkem/src/compress.c	641	mlk_poly_frombytes_c
mlk_poly_frombytes_c.pointer_dereference.10	SUCCESS	dereference failure: dead object in a[(signed long int)((unsigned int)3 * i + (unsigned int)1)]	/home/girish/THESIS-2026/mlkem-native_af4c5abd/mlkem/src/compress.c	642	mlk_poly_frombytes_c
mlk_poly_frombytes_c.pointer_dereference.11	SUCCESS	dereference failure: pointer outside object bounds in a[(signed long int)((unsigned int)3 * i + (unsigned int)1)]	/home/girish/THESIS-2026/mlkem-native_af4c5abd/mlkem/src/compress.c	642	mlk_poly_frombytes_c
mlk_poly_frombytes_c.pointer_dereference.12	SUCCESS	dereference failure: invalid integer address in a[(signed long int)((unsigned int)3 * i + (unsigned int)1)]	/home/girish/THESIS-2026/mlkem-native_af4c5abd/mlkem/src/compress.c	642	mlk_poly_frombytes_c
mlk_poly_frombytes_c.pointer_dereference.13	SUCCESS	dereference failure: pointer NULL in a[(signed long int)((unsigned int)3 * i + (unsigned int)2)]	/home/girish/THESIS-2026/mlkem-native_af4c5abd/mlkem/src/compress.c	643	mlk_poly_frombytes_c
mlk_poly_frombytes_c.pointer_dereference.14	SUCCESS	dereference failure: pointer invalid in a[(signed long int)((unsigned int)3 * i + (unsigned int)2)]	/home/girish/THESIS-2026/mlkem-native_af4c5abd/mlkem/src/compress.c	643	mlk_poly_frombytes_c
mlk_poly_frombytes_c.pointer_dereference.15	SUCCESS	dereference failure: deallocated dynamic object in a[(signed long int)((unsigned int)3 * i + (unsigned int)2)]	/home/girish/THESIS-2026/mlkem-native_af4c5abd/mlkem/src/compress.c	643	mlk_poly_frombytes_c
mlk_poly_frombytes_c.pointer_dereference.16	SUCCESS	dereference failure: dead object in a[(signed long int)((unsigned int)3 * i + (unsigned int)2)]	/home/girish/THESIS-2026/mlkem-native_af4c5abd/mlkem/src/compress.c	643	mlk_poly_frombytes_c
mlk_poly_frombytes_c.pointer_dereference.17	SUCCESS	dereference failure: pointer outside object bounds in a[(signed long int)((unsigned int)3 * i + (unsigned int)2)]	/home/girish/THESIS-2026/mlkem-native_af4c5abd/mlkem/src/compress.c	643	mlk_poly_frombytes_c
mlk_poly_frombytes_c.pointer_dereference.18	SUCCESS	dereference failure: invalid integer address in a[(signed long int)((unsigned int)3 * i + (unsigned int)2)]	/home/girish/THESIS-2026/mlkem-native_af4c5abd/mlkem/src/compress.c	643	mlk_poly_frombytes_c
mlk_poly_frombytes_c.pointer_dereference.19	SUCCESS	dereference failure: pointer NULL in r->coeffs	/home/girish/THESIS-2026/mlkem-native_af4c5abd/mlkem/src/compress.c	649	mlk_poly_frombytes_c
mlk_poly_frombytes_c.pointer_dereference.2	SUCCESS	dereference failure: pointer invalid in a[(signed long int)((unsigned int)3 * i + (unsigned int)0)]	/home/girish/THESIS-2026/mlkem-native_af4c5abd/mlkem/src/compress.c	641	mlk_poly_frombytes_c
mlk_poly_frombytes_c.pointer_dereference.20	SUCCESS	dereference failure: pointer invalid in r->coeffs	/home/girish/THESIS-2026/mlkem-native_af4c5abd/mlkem/src/compress.c	649	mlk_poly_frombytes_c
mlk_poly_frombytes_c.pointer_dereference.21	SUCCESS	dereference failure: deallocated dynamic object in r->coeffs	/home/girish/THESIS-2026/mlkem-native_af4c5abd/mlkem/src/compress.c	649	mlk_poly_frombytes_c
mlk_poly_frombytes_c.pointer_dereference.22	SUCCESS	dereference failure: dead object in r->coeffs	/home/girish/THESIS-2026/mlkem-native_af4c5abd/mlkem/src/compress.c	649	mlk_poly_frombytes_c
mlk_poly_frombytes_c.pointer_dereference.23	SUCCESS	dereference failure: pointer outside object bounds in r->coeffs	/home/girish/THESIS-2026/mlkem-native_af4c5abd/mlkem/src/compress.c	649	mlk_poly_frombytes_c
mlk_poly_frombytes_c.pointer_dereference.24	SUCCESS	dereference failure: invalid integer address in r->coeffs	/home/girish/THESIS-2026/mlkem-native_af4c5abd/mlkem/src/compress.c	649	mlk_poly_frombytes_c
mlk_poly_frombytes_c.pointer_dereference.25	SUCCESS	dereference failure: pointer NULL in r->coeffs	/home/girish/THESIS-2026/mlkem-native_af4c5abd/mlkem/src/compress.c	650	mlk_poly_frombytes_c
mlk_poly_frombytes_c.pointer_dereference.26	SUCCESS	dereference failure: pointer invalid in r->coeffs	/home/girish/THESIS-2026/mlkem-native_af4c5abd/mlkem/src/compress.c	650	mlk_poly_frombytes_c
mlk_poly_frombytes_c.pointer_dereference.27	SUCCESS	dereference failure: deallocated dynamic object in r->coeffs	/home/girish/THESIS-2026/mlkem-native_af4c5abd/mlkem/src/compress.c	650	mlk_poly_frombytes_c
mlk_poly_frombytes_c.pointer_dereference.28	SUCCESS	dereference failure: dead object in r->coeffs	/home/girish/THESIS-2026/mlkem-native_af4c5abd/mlkem/src/compress.c	650	mlk_poly_frombytes_c
mlk_poly_frombytes_c.pointer_dereference.29	SUCCESS	dereference failure: pointer outside object bounds in r->coeffs	/home/girish/THESIS-2026/mlkem-native_af4c5abd/mlkem/src/compress.c	650	mlk_poly_frombytes_c
mlk_poly_frombytes_c.pointer_dereference.3	SUCCESS	dereference failure: deallocated dynamic object in a[(signed long int)((unsigned int)3 * i + (unsigned int)0)]	/home/girish/THESIS-2026/mlkem-native_af4c5abd/mlkem/src/compress.c	641	mlk_poly_frombytes_c
mlk_poly_frombytes_c.pointer_dereference.30	SUCCESS	dereference failure: invalid integer address in r->coeffs	/home/girish/THESIS-2026/mlkem-native_af4c5abd/mlkem/src/compress.c	650	mlk_poly_frombytes_c
mlk_poly_frombytes_c.pointer_dereference.4	SUCCESS	dereference failure: dead object in a[(signed long int)((unsigned int)3 * i + (unsigned int)0)]	/home/girish/THESIS-2026/mlkem-native_af4c5abd/mlkem/src/compress.c	641	mlk_poly_frombytes_c
mlk_poly_frombytes_c.pointer_dereference.5	SUCCESS	dereference failure: pointer outside object bounds in a[(signed long int)((unsigned int)3 * i + (unsigned int)0)]	/home/girish/THESIS-2026/mlkem-native_af4c5abd/mlkem/src/compress.c	641	mlk_poly_frombytes_c
mlk_poly_frombytes_c.pointer_dereference.6	SUCCESS	dereference failure: invalid integer address in a[(signed long int)((unsigned int)3 * i + (unsigned int)0)]	/home/girish/THESIS-2026/mlkem-native_af4c5abd/mlkem/src/compress.c	641	mlk_poly_frombytes_c
mlk_poly_frombytes_c.pointer_dereference.7	SUCCESS	dereference failure: pointer NULL in a[(signed long int)((unsigned int)3 * i + (unsigned int)1)]	/home/girish/THESIS-2026/mlkem-native_af4c5abd/mlkem/src/compress.c	642	mlk_poly_frombytes_c
mlk_poly_frombytes_c.pointer_dereference.8	SUCCESS	dereference failure: pointer invalid in a[(signed long int)((unsigned int)3 * i + (unsigned int)1)]	/home/girish/THESIS-2026/mlkem-native_af4c5abd/mlkem/src/compress.c	642	mlk_poly_frombytes_c
mlk_poly_frombytes_c.pointer_dereference.9	SUCCESS	dereference failure: deallocated dynamic object in a[(signed long int)((unsigned int)3 * i + (unsigned int)1)]	/home/girish/THESIS-2026/mlkem-native_af4c5abd/mlkem/src/compress.c	642	mlk_poly_frombytes_c
mlk_poly_frombytes_c.undefined-shift.1	SUCCESS	shift operand is negative in (signed int)(uint16_t)t1 << 8	/home/girish/THESIS-2026/mlkem-native_af4c5abd/mlkem/src/compress.c	649	mlk_poly_frombytes_c
mlk_poly_frombytes_c.undefined-shift.2	SUCCESS	shift operand is negative in (signed int)t2 << 4	/home/girish/THESIS-2026/mlkem-native_af4c5abd/mlkem/src/compress.c	650	mlk_poly_frombytes_c
mlk_poly_tobytes_c.array_bounds.1	SUCCESS	array.coeffs dynamic object upper bound in a->coeffs[(signed long int)((unsigned int)2 * i)]	/home/girish/THESIS-2026/mlkem-native_af4c5abd/mlkem/src/compress.c	582	mlk_poly_tobytes_c
mlk_poly_tobytes_c.array_bounds.2	SUCCESS	array.coeffs dynamic object upper bound in a->coeffs[(signed long int)((unsigned int)2 * i + (unsigned int)1)]	/home/girish/THESIS-2026/mlkem-native_af4c5abd/mlkem/src/compress.c	583	mlk_poly_tobytes_c
mlk_poly_tobytes_c.overflow.1	SUCCESS	arithmetic overflow on unsigned * in (unsigned int)2 * i	/home/girish/THESIS-2026/mlkem-native_af4c5abd/mlkem/src/compress.c	582	mlk_poly_tobytes_c
mlk_poly_tobytes_c.overflow.10	SUCCESS	arithmetic overflow on signed to unsigned type conversion in (uint8_t)((signed int)t0 >> 8 | (signed int)t1 << 4 & 0xF0)	/home/girish/THESIS-2026/mlkem-native_af4c5abd/mlkem/src/compress.c	600	mlk_poly_tobytes_c
mlk_poly_tobytes_c.overflow.11	SUCCESS	arithmetic overflow on unsigned * in (unsigned int)3 * i	/home/girish/THESIS-2026/mlkem-native_af4c5abd/mlkem/src/compress.c	604	mlk_poly_tobytes_c
mlk_poly_tobytes_c.overflow.12	SUCCESS	arithmetic overflow on unsigned + in (unsigned int)3 * i + (unsigned int)2	/home/girish/THESIS-2026/mlkem-native_af4c5abd/mlkem/src/compress.c	604	mlk_poly_tobytes_c
mlk_poly_tobytes_c.overflow.13	SUCCESS	arithmetic overflow on signed to unsigned type conversion in (uint8_t)((signed int)t1 >> 4)	/home/girish/THESIS-2026/mlkem-native_af4c5abd/mlkem/src/compress.c	604	mlk_poly_tobytes_c
mlk_poly_tobytes_c.overflow.14	SUCCESS	arithmetic overflow on unsigned + in i + 1u	/home/girish/THESIS-2026/mlkem-native_af4c5abd/mlkem/src/compress.c	576	mlk_poly_tobytes_c
mlk_poly_tobytes_c.overflow.2	SUCCESS	arithmetic overflow on signed to unsigned type conversion in (uint16_t)a->coeffs[(signed long int)((unsigned int)2 * i)]	/home/girish/THESIS-2026/mlkem-native_af4c5abd/mlkem/src/compress.c	582	mlk_poly_tobytes_c
mlk_poly_tobytes_c.overflow.3	SUCCESS	arithmetic overflow on unsigned + in (unsigned int)2 * i + (unsigned int)1	/home/girish/THESIS-2026/mlkem-native_af4c5abd/mlkem/src/compress.c	583	mlk_poly_tobytes_c
mlk_poly_tobytes_c.overflow.4	SUCCESS	arithmetic overflow on signed to unsigned type conversion in (uint16_t)a->coeffs[(signed long int)((unsigned int)2 * i + (unsigned int)1)]	/home/girish/THESIS-2026/mlkem-native_af4c5abd/mlkem/src/compress.c	583	mlk_poly_tobytes_c
mlk_poly_tobytes_c.overflow.5	SUCCESS	arithmetic overflow on unsigned * in (unsigned int)3 * i	/home/girish/THESIS-2026/mlkem-native_af4c5abd/mlkem/src/compress.c	591	mlk_poly_tobytes_c
mlk_poly_tobytes_c.overflow.6	SUCCESS	arithmetic overflow on signed to unsigned type conversion in (uint8_t)((signed int)t0 & 0xFF)	/home/girish/THESIS-2026/mlkem-native_af4c5abd/mlkem/src/compress.c	591	mlk_poly_tobytes_c
mlk_poly_tobytes_c.overflow.7	SUCCESS	arithmetic overflow on unsigned * in (unsigned int)3 * i	/home/girish/THESIS-2026/mlkem-native_af4c5abd/mlkem/src/compress.c	600	mlk_poly_tobytes_c
mlk_poly_tobytes_c.overflow.8	SUCCESS	arithmetic overflow on unsigned + in (unsigned int)3 * i + (unsigned int)1	/home/girish/THESIS-2026/mlkem-native_af4c5abd/mlkem/src/compress.c	600	mlk_poly_tobytes_c
mlk_poly_tobytes_c.overflow.9	SUCCESS	arithmetic overflow on signed shl in (signed int)t1 << 4	/home/girish/THESIS-2026/mlkem-native_af4c5abd/mlkem/src/compress.c	600	mlk_poly_tobytes_c
mlk_poly_tobytes_c.pointer_arithmetic.1	SUCCESS	pointer arithmetic: pointer NULL in r + (signed long int)((unsigned int)3 * i + (unsigned int)0)	/home/girish/THESIS-2026/mlkem-native_af4c5abd/mlkem/src/compress.c	591	mlk_poly_tobytes_c
mlk_poly_tobytes_c.pointer_arithmetic.10	SUCCESS	pointer arithmetic: dead object in r + (signed long int)((unsigned int)3 * i + (unsigned int)1)	/home/girish/THESIS-2026/mlkem-native_af4c5abd/mlkem/src/compress.c	600	mlk_poly_tobytes_c
mlk_poly_tobytes_c.pointer_arithmetic.11	SUCCESS	pointer arithmetic: pointer outside object bounds in r + (signed long int)((unsigned int)3 * i + (unsigned int)1)	/home/girish/THESIS-2026/mlkem-native_af4c5abd/mlkem/src/compress.c	600	mlk_poly_tobytes_c
mlk_poly_tobytes_c.pointer_arithmetic.12	SUCCESS	pointer arithmetic: invalid integer address in r + (signed long int)((unsigned int)3 * i + (unsigned int)1)	/home/girish/THESIS-2026/mlkem-native_af4c5abd/mlkem/src/compress.c	600	mlk_poly_tobytes_c
mlk_poly_tobytes_c.pointer_arithmetic.13	SUCCESS	pointer arithmetic: pointer NULL in r + (signed long int)((unsigned int)3 * i + (unsigned int)2)	/home/girish/THESIS-2026/mlkem-native_af4c5abd/mlkem/src/compress.c	604	mlk_poly_tobytes_c
mlk_poly_tobytes_c.pointer_arithmetic.14	SUCCESS	pointer arithmetic: pointer invalid in r + (signed long int)((unsigned int)3 * i + (unsigned int)2)	/home/girish/THESIS-2026/mlkem-native_af4c5abd/mlkem/src/compress.c	604	mlk_poly_tobytes_c
mlk_poly_tobytes_c.pointer_arithmetic.15	SUCCESS	pointer arithmetic: deallocated dynamic object in r + (signed long int)((unsigned int)3 * i + (unsigned int)2)	/home/girish/THESIS-2026/mlkem-native_af4c5abd/mlkem/src/compress.c	604	mlk_poly_tobytes_c
mlk_poly_tobytes_c.pointer_arithmetic.16	SUCCESS	pointer arithmetic: dead object in r + (signed long int)((unsigned int)3 * i + (unsigned int)2)	/home/girish/THESIS-2026/mlkem-native_af4c5abd/mlkem/src/compress.c	604	mlk_poly_tobytes_c
mlk_poly_tobytes_c.pointer_arithmetic.17	SUCCESS	pointer arithmetic: pointer outside object bounds in r + (signed long int)((unsigned int)3 * i + (unsigned int)2)	/home/girish/THESIS-2026/mlkem-native_af4c5abd/mlkem/src/compress.c	604	mlk_poly_tobytes_c
mlk_poly_tobytes_c.pointer_arithmetic.18	SUCCESS	pointer arithmetic: invalid integer address in r + (signed long int)((unsigned int)3 * i + (unsigned int)2)	/home/girish/THESIS-2026/mlkem-native_af4c5abd/mlkem/src/compress.c	604	mlk_poly_tobytes_c
mlk_poly_tobytes_c.pointer_arithmetic.2	SUCCESS	pointer arithmetic: pointer invalid in r + (signed long int)((unsigned int)3 * i + (unsigned int)0)	/home/girish/THESIS-2026/mlkem-native_af4c5abd/mlkem/src/compress.c	591	mlk_poly_tobytes_c
mlk_poly_tobytes_c.pointer_arithmetic.3	SUCCESS	pointer arithmetic: deallocated dynamic object in r + (signed long int)((unsigned int)3 * i + (unsigned int)0)	/home/girish/THESIS-2026/mlkem-native_af4c5abd/mlkem/src/compress.c	591	mlk_poly_tobytes_c
mlk_poly_tobytes_c.pointer_arithmetic.4	SUCCESS	pointer arithmetic: dead object in r + (signed long int)((unsigned int)3 * i + (unsigned int)0)	/home/girish/THESIS-2026/mlkem-native_af4c5abd/mlkem/src/compress.c	591	mlk_poly_tobytes_c
mlk_poly_tobytes_c.pointer_arithmetic.5	SUCCESS	pointer arithmetic: pointer outside object bounds in r + (signed long int)((unsigned int)3 * i + (unsigned int)0)	/home/girish/THESIS-2026/mlkem-native_af4c5abd/mlkem/src/compress.c	591	mlk_poly_tobytes_c
mlk_poly_tobytes_c.pointer_arithmetic.6	SUCCESS	pointer arithmetic: invalid integer address in r + (signed long int)((unsigned int)3 * i + (unsigned int)0)	/home/girish/THESIS-2026/mlkem-native_af4c5abd/mlkem/src/compress.c	591	mlk_poly_tobytes_c
mlk_poly_tobytes_c.pointer_arithmetic.7	SUCCESS	pointer arithmetic: pointer NULL in r + (signed long int)((unsigned int)3 * i + (unsigned int)1)	/home/girish/THESIS-2026/mlkem-native_af4c5abd/mlkem/src/compress.c	600	mlk_poly_tobytes_c
mlk_poly_tobytes_c.pointer_arithmetic.8	SUCCESS	pointer arithmetic: pointer invalid in r + (signed long int)((unsigned int)3 * i + (unsigned int)1)	/home/girish/THESIS-2026/mlkem-native_af4c5abd/mlkem/src/compress.c	600	mlk_poly_tobytes_c
mlk_poly_tobytes_c.pointer_arithmetic.9	SUCCESS	pointer arithmetic: deallocated dynamic object in r + (signed long int)((unsigned int)3 * i + (unsigned int)1)	/home/girish/THESIS-2026/mlkem-native_af4c5abd/mlkem/src/compress.c	600	mlk_poly_tobytes_c
mlk_poly_tobytes_c.pointer_dereference.1	SUCCESS	dereference failure: pointer NULL in a->coeffs	/home/girish/THESIS-2026/mlkem-native_af4c5abd/mlkem/src/compress.c	582	mlk_poly_tobytes_c
mlk_poly_tobytes_c.pointer_dereference.10	SUCCESS	dereference failure: dead object in r[(signed long int)((unsigned int)3 * i + (unsigned int)0)]	/home/girish/THESIS-2026/mlkem-native_af4c5abd/mlkem/src/compress.c	591	mlk_poly_tobytes_c
mlk_poly_tobytes_c.pointer_dereference.11	SUCCESS	dereference failure: pointer outside object bounds in r[(signed long int)((unsigned int)3 * i + (unsigned int)0)]	/home/girish/THESIS-2026/mlkem-native_af4c5abd/mlkem/src/compress.c	591	mlk_poly_tobytes_c
mlk_poly_tobytes_c.pointer_dereference.12	SUCCESS	dereference failure: invalid integer address in r[(signed long int)((unsigned int)3 * i + (unsigned int)0)]	/home/girish/THESIS-2026/mlkem-native_af4c5abd/mlkem/src/compress.c	591	mlk_poly_tobytes_c
mlk_poly_tobytes_c.pointer_dereference.13	SUCCESS	dereference failure: pointer NULL in r[(signed long int)((unsigned int)3 * i + (unsigned int)1)]	/home/girish/THESIS-2026/mlkem-native_af4c5abd/mlkem/src/compress.c	600	mlk_poly_tobytes_c
mlk_poly_tobytes_c.pointer_dereference.14	SUCCESS	dereference failure: pointer invalid in r[(signed long int)((unsigned int)3 * i + (unsigned int)1)]	/home/girish/THESIS-2026/mlkem-native_af4c5abd/mlkem/src/compress.c	600	mlk_poly_tobytes_c
mlk_poly_tobytes_c.pointer_dereference.15	SUCCESS	dereference failure: deallocated dynamic object in r[(signed long int)((unsigned int)3 * i + (unsigned int)1)]	/home/girish/THESIS-2026/mlkem-native_af4c5abd/mlkem/src/compress.c	600	mlk_poly_tobytes_c
mlk_poly_tobytes_c.pointer_dereference.16	SUCCESS	dereference failure: dead object in r[(signed long int)((unsigned int)3 * i + (unsigned int)1)]	/home/girish/THESIS-2026/mlkem-native_af4c5abd/mlkem/src/compress.c	600	mlk_poly_tobytes_c
mlk_poly_tobytes_c.pointer_dereference.17	SUCCESS	dereference failure: pointer outside object bounds in r[(signed long int)((unsigned int)3 * i + (unsigned int)1)]	/home/girish/THESIS-2026/mlkem-native_af4c5abd/mlkem/src/compress.c	600	mlk_poly_tobytes_c
mlk_poly_tobytes_c.pointer_dereference.18	SUCCESS	dereference failure: invalid integer address in r[(signed long int)((unsigned int)3 * i + (unsigned int)1)]	/home/girish/THESIS-2026/mlkem-native_af4c5abd/mlkem/src/compress.c	600	mlk_poly_tobytes_c
mlk_poly_tobytes_c.pointer_dereference.19	SUCCESS	dereference failure: pointer NULL in r[(signed long int)((unsigned int)3 * i + (unsigned int)2)]	/home/girish/THESIS-2026/mlkem-native_af4c5abd/mlkem/src/compress.c	604	mlk_poly_tobytes_c
mlk_poly_tobytes_c.pointer_dereference.2	SUCCESS	dereference failure: pointer invalid in a->coeffs	/home/girish/THESIS-2026/mlkem-native_af4c5abd/mlkem/src/compress.c	582	mlk_poly_tobytes_c
mlk_poly_tobytes_c.pointer_dereference.20	SUCCESS	dereference failure: pointer invalid in r[(signed long int)((unsigned int)3 * i + (unsigned int)2)]	/home/girish/THESIS-2026/mlkem-native_af4c5abd/mlkem/src/compress.c	604	mlk_poly_tobytes_c
mlk_poly_tobytes_c.pointer_dereference.21	SUCCESS	dereference failure: deallocated dynamic object in r[(signed long int)((unsigned int)3 * i + (unsigned int)2)]	/home/girish/THESIS-2026/mlkem-native_af4c5abd/mlkem/src/compress.c	604	mlk_poly_tobytes_c
mlk_poly_tobytes_c.pointer_dereference.22	SUCCESS	dereference failure: dead object in r[(signed long int)((unsigned int)3 * i + (unsigned int)2)]	/home/girish/THESIS-2026/mlkem-native_af4c5abd/mlkem/src/compress.c	604	mlk_poly_tobytes_c
mlk_poly_tobytes_c.pointer_dereference.23	SUCCESS	dereference failure: pointer outside object bounds in r[(signed long int)((unsigned int)3 * i + (unsigned int)2)]	/home/girish/THESIS-2026/mlkem-native_af4c5abd/mlkem/src/compress.c	604	mlk_poly_tobytes_c
mlk_poly_tobytes_c.pointer_dereference.24	SUCCESS	dereference failure: invalid integer address in r[(signed long int)((unsigned int)3 * i + (unsigned int)2)]	/home/girish/THESIS-2026/mlkem-native_af4c5abd/mlkem/src/compress.c	604	mlk_poly_tobytes_c
mlk_poly_tobytes_c.pointer_dereference.3	SUCCESS	dereference failure: deallocated dynamic object in a->coeffs	/home/girish/THESIS-2026/mlkem-native_af4c5abd/mlkem/src/compress.c	582	mlk_poly_tobytes_c
mlk_poly_tobytes_c.pointer_dereference.4	SUCCESS	dereference failure: dead object in a->coeffs	/home/girish/THESIS-2026/mlkem-native_af4c5abd/mlkem/src/compress.c	582	mlk_poly_tobytes_c
mlk_poly_tobytes_c.pointer_dereference.5	SUCCESS	dereference failure: pointer outside object bounds in a->coeffs	/home/girish/THESIS-2026/mlkem-native_af4c5abd/mlkem/src/compress.c	582	mlk_poly_tobytes_c
mlk_poly_tobytes_c.pointer_dereference.6	SUCCESS	dereference failure: invalid integer address in a->coeffs	/home/girish/THESIS-2026/mlkem-native_af4c5abd/mlkem/src/compress.c	582	mlk_poly_tobytes_c
mlk_poly_tobytes_c.pointer_dereference.7	SUCCESS	dereference failure: pointer NULL in r[(signed long int)((unsigned int)3 * i + (unsigned int)0)]	/home/girish/THESIS-2026/mlkem-native_af4c5abd/mlkem/src/compress.c	591	mlk_poly_tobytes_c
mlk_poly_tobytes_c.pointer_dereference.8	SUCCESS	dereference failure: pointer invalid in r[(signed long int)((unsigned int)3 * i + (unsigned int)0)]	/home/girish/THESIS-2026/mlkem-native_af4c5abd/mlkem/src/compress.c	591	mlk_poly_tobytes_c
mlk_poly_tobytes_c.pointer_dereference.9	SUCCESS	dereference failure: deallocated dynamic object in r[(signed long int)((unsigned int)3 * i + (unsigned int)0)]	/home/girish/THESIS-2026/mlkem-native_af4c5abd/mlkem/src/compress.c	591	mlk_poly_tobytes_c
mlk_poly_tobytes_c.undefined-shift.1	SUCCESS	shift operand is negative in (signed int)t1 << 4	/home/girish/THESIS-2026/mlkem-native_af4c5abd/mlkem/src/compress.c	600	mlk_poly_tobytes_c
mlk_scalar_compress_d1.overflow.1	SUCCESS	arithmetic overflow on signed to unsigned type conversion in (uint32_t)u	/home/girish/THESIS-2026/mlkem-native_af4c5abd/mlkem/src/compress.h	64	mlk_scalar_compress_d1
mlk_scalar_compress_d1.overflow.2	SUCCESS	arithmetic overflow on unsigned to unsigned type conversion in (uint8_t)(d0 + ((uint32_t)1u << 30) >> 31)	/home/girish/THESIS-2026/mlkem-native_af4c5abd/mlkem/src/compress.h	66	mlk_scalar_compress_d1
mlk_scalar_compress_d10.overflow.1	SUCCESS	arithmetic overflow on signed to unsigned type conversion in (uint64_t)u	/home/girish/THESIS-2026/mlkem-native_af4c5abd/mlkem/src/compress.h	239	mlk_scalar_compress_d10
mlk_scalar_compress_d10.overflow.2	SUCCESS	arithmetic overflow on unsigned to unsigned type conversion in (uint16_t)(d0 & (unsigned long int)0x3FF)	/home/girish/THESIS-2026/mlkem-native_af4c5abd/mlkem/src/compress.h	241	mlk_scalar_compress_d10
mlk_scalar_compress_d4.overflow.1	SUCCESS	arithmetic overflow on signed to unsigned type conversion in (uint32_t)u	/home/girish/THESIS-2026/mlkem-native_af4c5abd/mlkem/src/compress.h	107	mlk_scalar_compress_d4
mlk_scalar_compress_d4.overflow.2	SUCCESS	arithmetic overflow on unsigned to unsigned type conversion in (uint8_t)(d0 + ((uint32_t)1u << 27) >> 28)	/home/girish/THESIS-2026/mlkem-native_af4c5abd/mlkem/src/compress.h	109	mlk_scalar_compress_d4
mlk_scalar_decompress_d10.overflow.1	SUCCESS	arithmetic overflow on unsigned to signed type conversion in (int16_t)((uint32_t)u * (unsigned int)3329 + (unsigned int)512 >> 10)	/home/girish/THESIS-2026/mlkem-native_af4c5abd/mlkem/src/compress.h	267	mlk_scalar_decompress_d10
mlk_scalar_decompress_d4.overflow.1	SUCCESS	arithmetic overflow on unsigned to signed type conversion in (int16_t)((uint32_t)u * (unsigned int)3329 + (unsigned int)8 >> 4)	/home/girish/THESIS-2026/mlkem-native_af4c5abd/mlkem/src/compress.h	135	mlk_scalar_decompress_d4
mlk_value_barrier_u8.overflow.1	SUCCESS	arithmetic overflow on signed to unsigned type conversion in (uint8_t)((signed int)b ^ (signed int)return_value_mlk_ct_get_optblocker_u8)	/home/girish/THESIS-2026/mlkem-native_af4c5abd/mlkem/src/verify.h	109	mlk_value_barrier_u8
