sha256,size_bytes,original_path_count,representative_original_path,representative_repository_destination
001af6a58e96327ecf42bacec9f0f2868637443831de53bff36253fbd5f18e0a,10915,27,mlk_montgomery_cleanroom/MONT_WORKTREE_af4c5abd/examples/basic/mlkem_native/src/native/x86_64/src/nttfrombytes_avx2_asm.S,provenance/montgomery-reduce/source-snapshots/base-worktree-af4c5abd/examples/basic/mlkem_native/src/native/x86_64/src/nttfrombytes_avx2_asm.S
002bf5db7dcd7e5e8580294543a0a11b297b7f38c2ffc06a1e3e36ab3a4c4534,409,1,mlk_montgomery_cleanroom/MONT_T3_WORKTREE_af4c5abd/proofs/cbmc/mont_t3_p2_p3_relational/logs/linking-library-models-log.txt,provenance/montgomery-reduce/worktree-deltas/MONT03-fqmul-algebra-delta/proofs/cbmc/mont_t3_p2_p3_relational/logs/linking-library-models-log.txt
008dba8883406b8b81ace94714bfddd333a58f3f8100bb960d89a3f413690d60,65,1,mlk_montgomery_cleanroom/MONT03B_HARNESS_FREEZE_20260726T222052Z/P6_GOTO.sha256,experiments/montgomery-reduce/MONT03-normalized-fqmul-algebra/raw-runs/07-frozen-harness-family/MONT03B_HARNESS_FREEZE_20260726T222052Z/P6_GOTO.sha256
0099f3d190734d74e37c222724bf3fb1b3311b5b835186f3791a81dbaf8ce5eb,1725,1,mlk_montgomery_cleanroom/MONT02A_FULL_T2_FUNCTIONAL_20260726T184223Z/P3_NN/build.log,experiments/montgomery-reduce/MONT02-relational-low-word-laws/raw-runs/05-p3-sign-partition-attempt/MONT02A_FULL_T2_FUNCTIONAL_20260726T184223Z/P3_NN/build.log
011218e611fa16515ee6d2f0a9c1ca6d58863866a69d5f69f55483a41df29ea7,150966,1,mlk_montgomery_cleanroom/MONT_WORKTREE_af4c5abd/proofs/cbmc/mont_t2a_p3_single_call_decomposition/gotos/mont_t2a_p3_single_call_decomposition_harness0700.goto,provenance/montgomery-reduce/source-snapshots/base-worktree-af4c5abd/proofs/cbmc/mont_t2a_p3_single_call_decomposition/gotos/mont_t2a_p3_single_call_decomposition_harness0700.goto
014624e6835b52bc9472e1f9d34d3afe6262b248899e475bf9b70311589707d2,345,3,mlk_montgomery_cleanroom/MONT_WORKTREE_af4c5abd/proofs/cbmc/poly_reduce_native_x86_64/poly_reduce_native_x86_64_harness.c,provenance/montgomery-reduce/source-snapshots/base-worktree-af4c5abd/proofs/cbmc/poly_reduce_native_x86_64/poly_reduce_native_x86_64_harness.c
017144873187595c117b21e3f28289e3cd3bcd942641b218b03065d7719fd082,5792,3,mlk_montgomery_cleanroom/MONT_WORKTREE_af4c5abd/proofs/hol_light/x86_64/proofs/keccak_utils.ml,provenance/montgomery-reduce/source-snapshots/base-worktree-af4c5abd/proofs/hol_light/x86_64/proofs/keccak_utils.ml
017e89795fb0f8200ba8fa8f4b5afd60624f0fb52e6fbf88dfcbb6d28fb29a38,549,3,mlk_montgomery_cleanroom/MONT_WORKTREE_af4c5abd/nix/openocd/default.nix,provenance/montgomery-reduce/source-snapshots/base-worktree-af4c5abd/nix/openocd/default.nix
0191dfd0300df87dd2023828880163eb5598e5a47b1dfcd1f3d2c9ddb0881eff,158470,1,mlk_montgomery_cleanroom/MONT_WORKTREE_af4c5abd/proofs/cbmc/mont_t2_relational_fibre/gotos/mont_t2_relational_fibre_harness0700.goto,provenance/montgomery-reduce/source-snapshots/base-worktree-af4c5abd/proofs/cbmc/mont_t2_relational_fibre/gotos/mont_t2_relational_fibre_harness0700.goto
01ab95a8f3d705922b200d17ba472a8b6381e935a43d4a028b5be36dc1b5a581,260,3,mlk_montgomery_cleanroom/MONT_WORKTREE_af4c5abd/proofs/cbmc/polyvec_tobytes/polyvec_tobytes_harness.c,provenance/montgomery-reduce/source-snapshots/base-worktree-af4c5abd/proofs/cbmc/polyvec_tobytes/polyvec_tobytes_harness.c
01af3a79b639f0c1edfd4311bfe986d78112ede758a277b88d6707a8ac0203e1,11482,27,mlk_montgomery_cleanroom/MONT_WORKTREE_af4c5abd/examples/basic/mlkem_native/src/native/x86_64/src/nttunpack_avx2_asm.S,provenance/montgomery-reduce/source-snapshots/base-worktree-af4c5abd/examples/basic/mlkem_native/src/native/x86_64/src/nttunpack_avx2_asm.S
01ba4719c80b6fe911b091a7c05124b64eeece964e09c058ef8f9805daca546b,1,115,mlk_montgomery_cleanroom/MONT01A_D2_20260726T141230Z/MONT_T1_AUTHORITATIVE_SNAPSHOT/logs/coverage-err-log.txt,experiments/montgomery-reduce/MONT01-exact-refinement/raw-runs/02-authoritative-proof-and-false-control/MONT01A_D2_20260726T141230Z/MONT_T1_AUTHORITATIVE_SNAPSHOT/logs/coverage-err-log.txt
021317637d005be7ee1beb07c346543940e770a63b7eb1bd3d6f80dcd2d66859,609,3,mlk_montgomery_cleanroom/MONT_WORKTREE_af4c5abd/examples/bring_your_own_fips202_static/custom_fips202/README.md,provenance/montgomery-reduce/source-snapshots/base-worktree-af4c5abd/examples/bring_your_own_fips202_static/custom_fips202/README.md
0213ef396d5dd20364061291a6f10ca770bc5680d90cfd1f1e4f5432ea177a9c,1336,3,mlk_montgomery_cleanroom/MONT_WORKTREE_af4c5abd/proofs/cbmc/poly_compress_d5/Makefile,provenance/montgomery-reduce/source-snapshots/base-worktree-af4c5abd/proofs/cbmc/poly_compress_d5/Makefile
023c88e7cf00e7cdb8774089db0db76fdbe7470941ef7de007df6cb6ba1134d9,204,1,mlk_montgomery_cleanroom/MONT04C_R1_H14_SHARDS_20260727T000108Z/MONT04C_R1_TERMINAL_CAPTURE_20260727T000108Z.txt.sha256,experiments/montgomery-reduce/MONT04-poly-tomont-roundtrip-locality/raw-runs/04-h14-p1-shard-run/MONT04C_R1_H14_SHARDS_20260727T000108Z/MONT04C_R1_TERMINAL_CAPTURE_20260727T000108Z.txt.sha256
027373ab3ed58134c3d7ee5f39682e0004ae66f1cabd72cc42c7ddcf4cf32bbb,2073,3,mlk_montgomery_cleanroom/MONT_WORKTREE_af4c5abd/proofs/cbmc/shake128_squeezeblocks/Makefile,provenance/montgomery-reduce/source-snapshots/base-worktree-af4c5abd/proofs/cbmc/shake128_squeezeblocks/Makefile
02bb7233beabbbc4b626c2a827e22cd992617260334d5f71b665804645fa293f,13543,3,mlk_montgomery_cleanroom/MONT_WORKTREE_af4c5abd/dev/x86_64/src/arith_native_x86_64.h,provenance/montgomery-reduce/source-snapshots/base-worktree-af4c5abd/dev/x86_64/src/arith_native_x86_64.h
02c3c8c4f7f27992587f47b33f5328dc2dc59702eb94e2fbcf323480298a69f1,2302,3,mlk_montgomery_cleanroom/MONT_WORKTREE_af4c5abd/test/abicheck/aarch64/checks/check_polyvec_basemul_acc_montgomery_cached_k2_aarch64_asm.c,provenance/montgomery-reduce/source-snapshots/base-worktree-af4c5abd/test/abicheck/aarch64/checks/check_polyvec_basemul_acc_montgomery_cached_k2_aarch64_asm.c
02dad714d1c44aaae17afee6f43ca7753054528123f106e1b2e9c1e130dc6982,377,3,mlk_montgomery_cleanroom/MONT_WORKTREE_af4c5abd/proofs/cbmc/shake128_squeezeblocks/shake128_squeezeblocks_harness.c,provenance/montgomery-reduce/source-snapshots/base-worktree-af4c5abd/proofs/cbmc/shake128_squeezeblocks/shake128_squeezeblocks_harness.c
02df2316cfd2a74978ae8b203f70133d67113af3ff1eb6547b30276773a4562b,1988,1,mlk_montgomery_cleanroom/MONT_WORKTREE_af4c5abd/proofs/cbmc/mont_t2a_p3_witness_NN/mont_t2a_p3_witness_NN_harness.c,provenance/montgomery-reduce/source-snapshots/base-worktree-af4c5abd/proofs/cbmc/mont_t2a_p3_witness_NN/mont_t2a_p3_witness_NN_harness.c
02e6b8901bb6334a378aab1f13538693f04726a5111aed7cc6c4cdbd41188f50,9543,36,mlk_montgomery_cleanroom/MONT_WORKTREE_af4c5abd/examples/basic/mlkem_native/src/sys.h,provenance/montgomery-reduce/source-snapshots/base-worktree-af4c5abd/examples/basic/mlkem_native/src/sys.h
03646db52a79cffaf889e6deaac3b640af42fa491678d7f71d663c79e826fb0b,1031,3,mlk_montgomery_cleanroom/MONT_WORKTREE_af4c5abd/.github/actions/setup-aws-lc/action.yml,provenance/montgomery-reduce/source-snapshots/base-worktree-af4c5abd/.github/actions/setup-aws-lc/action.yml
038db9e70d95cae65bd1f5d7dbaff8625f2d4eaf9f461e05d1d9ae0bc9564519,251,6,mlk_montgomery_cleanroom/MONT_WORKTREE_af4c5abd/proofs/cbmc/keccakf1600x4_permute/keccakf1600x4_permute_harness.c,provenance/montgomery-reduce/source-snapshots/base-worktree-af4c5abd/proofs/cbmc/keccakf1600x4_permute/keccakf1600x4_permute_harness.c
03f61a92ce35ebc63b2612bd225f038f81fca7602ecf4495db6b4380c7f9c323,3161,3,mlk_montgomery_cleanroom/MONT_WORKTREE_af4c5abd/examples/monolithic_build_multilevel/README.md,provenance/montgomery-reduce/source-snapshots/base-worktree-af4c5abd/examples/monolithic_build_multilevel/README.md
0408bd0744346e2c59924ebc8a9a55e750a453b1595fc0fc85532f1626bdec0a,12913,36,mlk_montgomery_cleanroom/MONT_WORKTREE_af4c5abd/examples/basic/mlkem_native/src/sampling.c,provenance/montgomery-reduce/source-snapshots/base-worktree-af4c5abd/examples/basic/mlkem_native/src/sampling.c
0421c05e874e747e9b7aee5eb0faebf771cb44e3fef1496d2cc2bc88c8019475,710,1,mlk_montgomery_cleanroom/MONT02A_FULL_T2_FUNCTIONAL_20260726T175148Z/A_PROPERTY_LOGS/729836d65b6eafa917a2.log,experiments/montgomery-reduce/MONT02-relational-low-word-laws/raw-runs/04-sharded-property-run/MONT02A_FULL_T2_FUNCTIONAL_20260726T175148Z/A_PROPERTY_LOGS/729836d65b6eafa917a2.log
04553df5547cb68b4d7caa1091d854581a030b1132fec911785eb14ea2d3ee32,1340,3,mlk_montgomery_cleanroom/MONT_WORKTREE_af4c5abd/proofs/cbmc/polyvec_basemul_acc_montgomery_cached_c/Makefile,provenance/montgomery-reduce/source-snapshots/base-worktree-af4c5abd/proofs/cbmc/polyvec_basemul_acc_montgomery_cached_c/Makefile
0485664dc2407b389681d456fcaf158edbd3a275a1fadcbf07f88eb200902de2,4897,1,mlk_montgomery_cleanroom/MONT02A_FULL_T2_FUNCTIONAL_20260726T201553Z/L1_PROPERTIES.txt,experiments/montgomery-reduce/MONT02-relational-low-word-laws/raw-runs/08-compositional-p3-completion/MONT02A_FULL_T2_FUNCTIONAL_20260726T201553Z/L1_PROPERTIES.txt
04abb03de311a58374259754eb25755530a9e8063261e85edfcfa94f2ca6775b,1370,3,mlk_montgomery_cleanroom/MONT_WORKTREE_af4c5abd/test/hal/hal.h,provenance/montgomery-reduce/source-snapshots/base-worktree-af4c5abd/test/hal/hal.h
04afdf352ca6451094a22f7bc968fd690c01d9e66c587bfc13281eb3ff775c55,117769,1,mlk_montgomery_cleanroom/MONT_WORKTREE_af4c5abd/proofs/cbmc/mont_t2b_fibre_translation/gotos/project0100.goto,provenance/montgomery-reduce/source-snapshots/base-worktree-af4c5abd/proofs/cbmc/mont_t2b_fibre_translation/gotos/project0100.goto
04bebdd3061fd9d56dd83032a28f6d5da9f45ed400ac294ebc5b34a5ee3ec4b1,1725,2,mlk_montgomery_cleanroom/MONT02A_FULL_T2_FUNCTIONAL_20260726T192057Z/P3_PP/build.log,experiments/montgomery-reduce/MONT02-relational-low-word-laws/raw-runs/06-p3-sign-partition-complete/MONT02A_FULL_T2_FUNCTIONAL_20260726T192057Z/P3_PP/build.log
04c27b06cb9b1efe8d3be2a54afeda3ecc81c7eb70e9387f46a2c214f4287031,4217,3,mlk_montgomery_cleanroom/MONT_WORKTREE_af4c5abd/dev/aarch64_opt/meta.h,provenance/montgomery-reduce/source-snapshots/base-worktree-af4c5abd/dev/aarch64_opt/meta.h
04c45bb84bef29aeaf385b026061a9a18f405a91630668f1685fbbd048b1adea,1429,3,mlk_montgomery_cleanroom/MONT_WORKTREE_af4c5abd/CONTRIBUTING.md,provenance/montgomery-reduce/source-snapshots/base-worktree-af4c5abd/CONTRIBUTING.md
04ea97cdb5f50eab4fe0aa7e8e19b0a7dac97035f0690821b544b808ca574bdb,217,1,mlk_montgomery_cleanroom/MONT02A_FULL_T2_FUNCTIONAL_20260726T201553Z/MONT02A_R4_COMPOSITIONAL_P3_CAPTURE_20260726T201553Z.txt.sha256,experiments/montgomery-reduce/MONT02-relational-low-word-laws/raw-runs/08-compositional-p3-completion/MONT02A_FULL_T2_FUNCTIONAL_20260726T201553Z/MONT02A_R4_COMPOSITIONAL_P3_CAPTURE_20260726T201553Z.txt.sha256
050c7002edb59e6f1d399acce75d17053ad9fd5add450d01ddca0a756e7b7c75,4431,1,mlk_montgomery_cleanroom/MONT_WORKTREE_af4c5abd/proofs/cbmc/mont_t2a_p3_single_call_decomposition/.ninja_log,provenance/montgomery-reduce/source-snapshots/base-worktree-af4c5abd/proofs/cbmc/mont_t2a_p3_single_call_decomposition/.ninja_log
05126ac95ce550ccd6ab4f6b93fea916d8361790c6cd678da330f02ed7663709,22427,3,mlk_montgomery_cleanroom/MONT_WORKTREE_af4c5abd/test/configs/break_pct_config.h,provenance/montgomery-reduce/source-snapshots/base-worktree-af4c5abd/test/configs/break_pct_config.h
0567e2532ce8e8346ab7967eb191349a72c9cc1e9911f098862756176923e283,844,1,mlk_montgomery_cleanroom/MONT02A_FULL_T2_FUNCTIONAL_20260726T175148Z/A_PROPERTY_LOGS/f9a226434775a63cd7e5.log,experiments/montgomery-reduce/MONT02-relational-low-word-laws/raw-runs/04-sharded-property-run/MONT02A_FULL_T2_FUNCTIONAL_20260726T175148Z/A_PROPERTY_LOGS/f9a226434775a63cd7e5.log
059089b9af79dc3592593ba5a850a09624aad8cf6517d0cb4f328aa732b5ce70,4662,3,mlk_montgomery_cleanroom/MONT_WORKTREE_af4c5abd/test/zephyr/nucleo_n657x0_q/README.md,provenance/montgomery-reduce/source-snapshots/base-worktree-af4c5abd/test/zephyr/nucleo_n657x0_q/README.md
05c56c666de47585f0c3b0123661989a7f8bb8c266cb9c3fbfcaf7010a790509,4409,1,mlk_montgomery_cleanroom/MONT04B_T4_HARNESS_FREEZE_20260726T225651Z/MONT04B_TERMINAL_CAPTURE_20260726T225651Z.txt,experiments/montgomery-reduce/MONT04-poly-tomont-roundtrip-locality/raw-runs/01-frozen-harness-family/MONT04B_T4_HARNESS_FREEZE_20260726T225651Z/MONT04B_TERMINAL_CAPTURE_20260726T225651Z.txt
05d31a95220909b04f89f3ecc5bdf8f10e41c42485c4af1b300f5438dee054ff,130795,3,mlk_montgomery_cleanroom/MONT_T4_WORKTREE_af4c5abd_20260726T225651Z/proofs/cbmc/mont_t4_p1_p4_roundtrip_zero/gotos/mont_t4_p1_p4_roundtrip_zero_harness0300.goto,provenance/montgomery-reduce/worktree-deltas/MONT04-poly-tomont-delta/proofs/cbmc/mont_t4_p1_p4_roundtrip_zero/gotos/mont_t4_p1_p4_roundtrip_zero_harness0300.goto
05eb26df25235055e21d022b6888ad6e9129a97766fb37678927fdd6cc104e3a,334,3,mlk_montgomery_cleanroom/MONT_WORKTREE_af4c5abd/proofs/cbmc/invntt_layer/invntt_layer_harness.c,provenance/montgomery-reduce/source-snapshots/base-worktree-af4c5abd/proofs/cbmc/invntt_layer/invntt_layer_harness.c
0629038775a44d742f78af4a6b448e49b1540edf5f4dd4957dd82cb6e0ae8d80,54,1,mlk_montgomery_cleanroom/MONT_T4_WORKTREE_af4c5abd_20260726T225651Z/proofs/cbmc/mont_t4_p1_p4_roundtrip_zero/.litani_cache_dir,provenance/montgomery-reduce/worktree-deltas/MONT04-poly-tomont-delta/proofs/cbmc/mont_t4_p1_p4_roundtrip_zero/.litani_cache_dir
063af971a3bcd2fa1b8e8741a3358efa9e3ed675cc541611847c70a78dca8803,164112,1,mlk_montgomery_cleanroom/MONT01B_R1_M2_M3_20260726T151104Z/M2_RECONSTRUCTION_SIGN/mont_t1_exact_refinement_harness.goto,experiments/montgomery-reduce/MONT01-exact-refinement/raw-runs/03-mutation-sensitivity/04-complete-three-mutant-run/MONT01B_R1_M2_M3_20260726T151104Z/M2_RECONSTRUCTION_SIGN/mont_t1_exact_refinement_harness.goto
0683127fba5d2cefcdb804742160e9b0c8ddd23383c997beb0762576156c3f6f,1291,3,mlk_montgomery_cleanroom/MONT_WORKTREE_af4c5abd/proofs/cbmc/poly_reduce_c/Makefile,provenance/montgomery-reduce/source-snapshots/base-worktree-af4c5abd/proofs/cbmc/poly_reduce_c/Makefile
06a20b8f30c7659ab3c2efc8a7b696f8dfa6cd6f58e0bf3e2affb177bfce2ab8,3748,3,mlk_montgomery_cleanroom/MONT_WORKTREE_af4c5abd/test/baremetal/platform/aarch64-virt/startup.S,provenance/montgomery-reduce/source-snapshots/base-worktree-af4c5abd/test/baremetal/platform/aarch64-virt/startup.S
06f0677bccf59e4db141485447d3ffd45df73fd00cf3c2853a5fad2651d70381,46704,1,mlk_montgomery_cleanroom/MONT_WORKTREE_af4c5abd/proofs/cbmc/mont_t2b_fibre_translation/gotos/proof0100.goto,provenance/montgomery-reduce/source-snapshots/base-worktree-af4c5abd/proofs/cbmc/mont_t2b_fibre_translation/gotos/proof0100.goto
06ffff2aba8ef139b7db937f1e64c83102e5ba31df9d2359d9fe4222e2c8a0c0,30342,3,mlk_montgomery_cleanroom/MONT_WORKTREE_af4c5abd/proofs/hol_light/x86_64/proofs/poly_decompress_d5_avx2_asm.ml,provenance/montgomery-reduce/source-snapshots/base-worktree-af4c5abd/proofs/hol_light/x86_64/proofs/poly_decompress_d5_avx2_asm.ml
070d644f9ce1780bebf3850307fa33a7d920714540412102f8a04824b6764904,1222,3,mlk_montgomery_cleanroom/MONT_WORKTREE_af4c5abd/dev/aarch64_opt/src/README.md,provenance/montgomery-reduce/source-snapshots/base-worktree-af4c5abd/dev/aarch64_opt/src/README.md
0731197e37fbf258d905b72292668b765fa68f2d3bc423032f71adb454144049,377,1,mlk_montgomery_cleanroom/MONT_T3_WORKTREE_af4c5abd/proofs/cbmc/mont_t3_p6_associativity/logs/unwind_loops-log.txt,provenance/montgomery-reduce/worktree-deltas/MONT03-fqmul-algebra-delta/proofs/cbmc/mont_t3_p6_associativity/logs/unwind_loops-log.txt
0760aff3f2f3bf4fe91c919886783b720678590e9663eea617bc03b9474e2f16,914,3,mlk_montgomery_cleanroom/MONT_WORKTREE_af4c5abd/dev/fips202/aarch64/x1_v84a.h,provenance/montgomery-reduce/source-snapshots/base-worktree-af4c5abd/dev/fips202/aarch64/x1_v84a.h
076e16acfc4e31b767568765be31c362557f061452c5b929bc0b7573f4a86ee0,11395,3,mlk_montgomery_cleanroom/MONT_WORKTREE_af4c5abd/proofs/hol_light/aarch64/mlkem/keccak_f1600_x1_scalar_aarch64_asm.S,provenance/montgomery-reduce/source-snapshots/base-worktree-af4c5abd/proofs/hol_light/aarch64/mlkem/keccak_f1600_x1_scalar_aarch64_asm.S
078b06844c5786cd97121d241a0e7ad0daf322401a3708a1278a2cd1caa8ff50,9762,3,mlk_montgomery_cleanroom/MONT_WORKTREE_af4c5abd/.github/workflows/bench_ec2_reusable.yml,provenance/montgomery-reduce/source-snapshots/base-worktree-af4c5abd/.github/workflows/bench_ec2_reusable.yml
078bd7ee68b38ebf975ae75a16e04fc956585a957c82d2c1a6f83985d0491657,14505,3,mlk_montgomery_cleanroom/MONT_WORKTREE_af4c5abd/proofs/hol_light/x86_64/mlkem/poly_compress_d10_avx2_asm.S,provenance/montgomery-reduce/source-snapshots/base-worktree-af4c5abd/proofs/hol_light/x86_64/mlkem/poly_compress_d10_avx2_asm.S
07ad9aef4253ed87ee1fe3a47fa5bdd2ec13d3a0c7020e57fa6570090c251815,36908,27,mlk_montgomery_cleanroom/MONT_WORKTREE_af4c5abd/examples/basic/mlkem_native/src/native/x86_64/src/polyvec_basemul_acc_montgomery_cached_k4_avx2_asm.S,provenance/montgomery-reduce/source-snapshots/base-worktree-af4c5abd/examples/basic/mlkem_native/src/native/x86_64/src/polyvec_basemul_acc_montgomery_cached_k4_avx2_asm.S
07d5947e9b85838ae766cc17bffba04875bc2923f6962f7c4114e6f8386f5d07,1397,3,mlk_montgomery_cleanroom/MONT_WORKTREE_af4c5abd/proofs/cbmc/poly_decompress_dv/Makefile,provenance/montgomery-reduce/source-snapshots/base-worktree-af4c5abd/proofs/cbmc/poly_decompress_dv/Makefile
084b7b543d2bfebe34b5a88dcb4825f770335d8ec622a903dd4deb9db9ab4afc,1785,1,mlk_montgomery_cleanroom/MONT02A_FULL_T2_FUNCTIONAL_20260726T201553Z/L1_BUILD.log,experiments/montgomery-reduce/MONT02-relational-low-word-laws/raw-runs/08-compositional-p3-completion/MONT02A_FULL_T2_FUNCTIONAL_20260726T201553Z/L1_BUILD.log
08d5286b34d651d7ad3621c4c7a9c17ad27a0021e742065d484d50add2548bd4,435,3,mlk_montgomery_cleanroom/MONT_WORKTREE_af4c5abd/proofs/cbmc/poly_getnoise_eta2/poly_getnoise_eta2_harness.c,provenance/montgomery-reduce/source-snapshots/base-worktree-af4c5abd/proofs/cbmc/poly_getnoise_eta2/poly_getnoise_eta2_harness.c
093d13133e258b9c362e2db0fea19b1d201877a9e1e7e014174a693d9862f5df,2203,27,mlk_montgomery_cleanroom/MONT_WORKTREE_af4c5abd/examples/basic/mlkem_native/src/native/riscv64/src/rv64v_zetas_basemul.inc,provenance/montgomery-reduce/source-snapshots/base-worktree-af4c5abd/examples/basic/mlkem_native/src/native/riscv64/src/rv64v_zetas_basemul.inc
0972dd9bc7ade48dbfa3e9df2bcddffdf155c397b9f33726530d76159184443a,285,6,mlk_montgomery_cleanroom/MONT_WORKTREE_af4c5abd/proofs/cbmc/poly_compress_d10/poly_compress_d10_harness.c,provenance/montgomery-reduce/source-snapshots/base-worktree-af4c5abd/proofs/cbmc/poly_compress_d10/poly_compress_d10_harness.c
097d9264910089739cb3d248a04511c6bf379efb91ffb4819ec52317555107d9,4180,3,mlk_montgomery_cleanroom/MONT_WORKTREE_af4c5abd/proofs/hol_light/x86_64/mlkem/rej_uniform_avx2_asm.S,provenance/montgomery-reduce/source-snapshots/base-worktree-af4c5abd/proofs/hol_light/x86_64/mlkem/rej_uniform_avx2_asm.S
09834802063f55dde13abb0fe5907df336718a88b9641c5176799e775379eace,5040,3,mlk_montgomery_cleanroom/MONT_WORKTREE_af4c5abd/test/baremetal/platform/avr/exec_wrapper.py,provenance/montgomery-reduce/source-snapshots/base-worktree-af4c5abd/test/baremetal/platform/avr/exec_wrapper.py
0986769c4d0539d9897f543f43d999ad6e593d7160726ad80f178c4bdd5c0a7f,2074,3,mlk_montgomery_cleanroom/MONT_WORKTREE_af4c5abd/proofs/cbmc/ct_sel_uint8/Makefile,provenance/montgomery-reduce/source-snapshots/base-worktree-af4c5abd/proofs/cbmc/ct_sel_uint8/Makefile
09ab131946020c6285b475fb406979471e72b0275ec8ae0ba63278936d1a0751,263,3,mlk_montgomery_cleanroom/MONT_WORKTREE_af4c5abd/proofs/cbmc/value_barrier_u32/value_barrier_u32_harness.c,provenance/montgomery-reduce/source-snapshots/base-worktree-af4c5abd/proofs/cbmc/value_barrier_u32/value_barrier_u32_harness.c
09bdfd4a19a9cb495832a78d0f099a6c949c40014472b33fb54d66bb56e660e0,22592,36,mlk_montgomery_cleanroom/MONT_WORKTREE_af4c5abd/examples/basic/mlkem_native/src/poly_k.h,provenance/montgomery-reduce/source-snapshots/base-worktree-af4c5abd/examples/basic/mlkem_native/src/poly_k.h
0a1ea9466da30eb49af281f8dc73061030e3f7be7f53ca897cff95de1eee00e3,134403,2,mlk_montgomery_cleanroom/MONT_WORKTREE_af4c5abd/proofs/cbmc/mont_t2a_p3_witness_PP/gotos/mont_t2a_p3_witness_PP_harness0200.goto,provenance/montgomery-reduce/source-snapshots/base-worktree-af4c5abd/proofs/cbmc/mont_t2a_p3_witness_PP/gotos/mont_t2a_p3_witness_PP_harness0200.goto
0a251ccc45c7a0d60babf4f4696015380e41dc43dfb9ec45620ea4b0a0c919bf,193,1,mlk_montgomery_cleanroom/MONT01A_D2_20260726T141230Z/MONT01A_D2_TERMINAL_CAPTURE_20260726T141230Z.txt.sha256,experiments/montgomery-reduce/MONT01-exact-refinement/raw-runs/02-authoritative-proof-and-false-control/MONT01A_D2_20260726T141230Z/MONT01A_D2_TERMINAL_CAPTURE_20260726T141230Z.txt.sha256
0a37c8bd2dfe7243a66c86da0d5f7b27f1edbd76c82ed4ac20e6daf6aef186ef,35751,3,mlk_montgomery_cleanroom/MONT_WORKTREE_af4c5abd/proofs/hol_light/aarch64/mlkem/keccak_f1600_x4_v8a_scalar_hybrid_aarch64_asm.S,provenance/montgomery-reduce/source-snapshots/base-worktree-af4c5abd/proofs/hol_light/aarch64/mlkem/keccak_f1600_x4_v8a_scalar_hybrid_aarch64_asm.S
0aa3617be22541182328a2c3204b35666a94f0a7b2463b71e0d343b04b56b89b,520,1,mlk_montgomery_cleanroom/MONT_T3_WORKTREE_af4c5abd/proofs/cbmc/mont_t3_p6_associativity/logs/slice_global_inits-log.txt,provenance/montgomery-reduce/worktree-deltas/MONT03-fqmul-algebra-delta/proofs/cbmc/mont_t3_p6_associativity/logs/slice_global_inits-log.txt
0aa89900a4e2e83a8db271f11e5586f4d3c5fb123b9b0d8a2dae9540fa20d3f1,1829,1,mlk_montgomery_cleanroom/MONT04B_T4_HARNESS_FREEZE_20260726T225651Z/H14_BUILD.log,experiments/montgomery-reduce/MONT04-poly-tomont-roundtrip-locality/raw-runs/01-frozen-harness-family/MONT04B_T4_HARNESS_FREEZE_20260726T225651Z/H14_BUILD.log
0abae879d06c1a8f27e8cfb16b37e5971a3cb37c63b1bc16e7fe99f603d809a5,1749,1,mlk_montgomery_cleanroom/MONT03B_HARNESS_FREEZE_20260726T222052Z/P4_BUILD.log,experiments/montgomery-reduce/MONT03-normalized-fqmul-algebra/raw-runs/07-frozen-harness-family/MONT03B_HARNESS_FREEZE_20260726T222052Z/P4_BUILD.log
0adedd28e444e4c6298cf4fc9ead15e50ce0288bb0fd3e5e8c9c1338b188ece2,43069,3,mlk_montgomery_cleanroom/MONT_WORKTREE_af4c5abd/test/src/test_unit.c,provenance/montgomery-reduce/source-snapshots/base-worktree-af4c5abd/test/src/test_unit.c
0b1aea6d0fd9b4be351dfc07571e78d4c93f5bdceac5851cc01026c2fc8147c2,1031,3,mlk_montgomery_cleanroom/MONT_WORKTREE_af4c5abd/nix/cbmc/default.nix,provenance/montgomery-reduce/source-snapshots/base-worktree-af4c5abd/nix/cbmc/default.nix
0b68df9097b13301f59ad482ce1af647aa939102b82fb30743e6fd538ee88c86,15222,3,mlk_montgomery_cleanroom/MONT_WORKTREE_af4c5abd/proofs/hol_light/aarch64/proofs/poly_reduce_aarch64_asm.ml,provenance/montgomery-reduce/source-snapshots/base-worktree-af4c5abd/proofs/hol_light/aarch64/proofs/poly_reduce_aarch64_asm.ml
0b8d5ded4e939a1d429cd2a646898498faf75b0158ea5805d369d56f732f8fa5,117797,1,mlk_montgomery_cleanroom/MONT_T3_WORKTREE_af4c5abd/proofs/cbmc/mont_t3_p2_p3_relational/gotos/project0100.goto,provenance/montgomery-reduce/worktree-deltas/MONT03-fqmul-algebra-delta/proofs/cbmc/mont_t3_p2_p3_relational/gotos/project0100.goto
0bba8ee06bf1d9b2a5c1e17149d89b7aa24e9f25b85743764f579e28dca19399,50379,1,mlk_montgomery_cleanroom/MONT_WORKTREE_af4c5abd/proofs/cbmc/mont_t2_relational_fibre/gotos/proof0100.goto,provenance/montgomery-reduce/source-snapshots/base-worktree-af4c5abd/proofs/cbmc/mont_t2_relational_fibre/gotos/proof0100.goto
0bd177fdde28551f89fbf63dc9ae58f448ef3ace9819cc8fa21c0a045f40f5dc,22576,3,mlk_montgomery_cleanroom/MONT_WORKTREE_af4c5abd/proofs/hol_light/x86_64/proofs/tomont_avx2_asm.ml,provenance/montgomery-reduce/source-snapshots/base-worktree-af4c5abd/proofs/hol_light/x86_64/proofs/tomont_avx2_asm.ml
0c204e53850eabec513fbe4e6938f747620e0e0700dac02b7e8b409e75969fbc,7396,3,mlk_montgomery_cleanroom/MONT_WORKTREE_af4c5abd/dev/aarch64_clean/src/polyvec_basemul_acc_montgomery_cached_k4_aarch64_asm.S,provenance/montgomery-reduce/source-snapshots/base-worktree-af4c5abd/dev/aarch64_clean/src/polyvec_basemul_acc_montgomery_cached_k4_aarch64_asm.S
0c34e7b5e24e1aea4e327a03ef2595fd449aadc737eac670026d7efc0edcc011,365,3,mlk_montgomery_cleanroom/MONT_WORKTREE_af4c5abd/proofs/cbmc/poly_mulcache_compute_c/poly_mulcache_compute_c_harness.c,provenance/montgomery-reduce/source-snapshots/base-worktree-af4c5abd/proofs/cbmc/poly_mulcache_compute_c/poly_mulcache_compute_c_harness.c
0c540d7953bfb2b870c38a67f7cb97d82247c44184418d1cf132d9c6292514b6,1686,1,mlk_montgomery_cleanroom/MONT02A_FULL_T2_FUNCTIONAL_20260726T201553Z/MONT02A_R4_COMPOSITIONAL_P3_CAPTURE_20260726T201553Z.txt,experiments/montgomery-reduce/MONT02-relational-low-word-laws/raw-runs/08-compositional-p3-completion/MONT02A_FULL_T2_FUNCTIONAL_20260726T201553Z/MONT02A_R4_COMPOSITIONAL_P3_CAPTURE_20260726T201553Z.txt
0c5da49d6735c625b18f8a936c743c430ac7f551206ba3fbc53be25f030248a0,310,3,mlk_montgomery_cleanroom/MONT_WORKTREE_af4c5abd/proofs/cbmc/scalar_compress_d1/scalar_compress_d1_harness.c,provenance/montgomery-reduce/source-snapshots/base-worktree-af4c5abd/proofs/cbmc/scalar_compress_d1/scalar_compress_d1_harness.c
0cb35aa4b2db9ef048a3d631cdd7deb18c38c8660d7bf4e6192d7fec94040a6b,5631,3,mlk_montgomery_cleanroom/MONT_WORKTREE_af4c5abd/examples/bring_your_own_fips202/custom_fips202/fips202.h,provenance/montgomery-reduce/source-snapshots/base-worktree-af4c5abd/examples/bring_your_own_fips202/custom_fips202/fips202.h
0cd039fac9ae47668a1768ebf2dd671fb26233b6ab8ca2f0d2a667c9c85da0ba,1990,1,mlk_montgomery_cleanroom/MONT_WORKTREE_af4c5abd/proofs/cbmc/mont_t2a_p3_witness_PP/mont_t2a_p3_witness_PP_harness.c,provenance/montgomery-reduce/source-snapshots/base-worktree-af4c5abd/proofs/cbmc/mont_t2a_p3_witness_PP/mont_t2a_p3_witness_PP_harness.c
0d2df09aea43aedfffd627c063fe544455b764d056b3fc105f7ee0929eb47daa,1399,1,mlk_montgomery_cleanroom/MONT04C_R1_H14_SHARDS_20260727T000108Z/MONT04C_R1_TERMINAL_CAPTURE_20260727T000108Z.txt,experiments/montgomery-reduce/MONT04-poly-tomont-roundtrip-locality/raw-runs/04-h14-p1-shard-run/MONT04C_R1_H14_SHARDS_20260727T000108Z/MONT04C_R1_TERMINAL_CAPTURE_20260727T000108Z.txt
0d33d05d3e465aa671ba7df1b8c330fa1ab61b9ac51f65ff77d710428508d442,30707,3,mlk_montgomery_cleanroom/MONT_WORKTREE_af4c5abd/dev/fips202/aarch64/src/keccak_f1600_x1_scalar_aarch64_asm.S,provenance/montgomery-reduce/source-snapshots/base-worktree-af4c5abd/dev/fips202/aarch64/src/keccak_f1600_x1_scalar_aarch64_asm.S
0d41d111ab504515e458b1a5d804a39b458636629c5cfa617543efb62b957576,619,3,mlk_montgomery_cleanroom/MONT_WORKTREE_af4c5abd/proofs/cbmc/keccak_squeezeblocks_x4/keccak_squeezeblocks_x4_harness.c,provenance/montgomery-reduce/source-snapshots/base-worktree-af4c5abd/proofs/cbmc/keccak_squeezeblocks_x4/keccak_squeezeblocks_x4_harness.c
0d513e7b95672d4aaa229b4803378aa70d1b3c683bd5388a983346f4daa6306c,48775,1,mlk_montgomery_cleanroom/MONT00B_MONT01A_20260726T134739Z/MONT_T1_PROOF_SNAPSHOT/gotos/proof0100.goto,experiments/montgomery-reduce/MONT01-exact-refinement/raw-runs/00-theorem-freeze-and-initial-proof/MONT00B_MONT01A_20260726T134739Z/MONT_T1_PROOF_SNAPSHOT/gotos/proof0100.goto
0d7204414cd1d46c88b4e2f020d0ebbf7f2f64622c9c24489627fe89c34a9617,287,6,mlk_montgomery_cleanroom/MONT_WORKTREE_af4c5abd/proofs/cbmc/poly_mulcache_compute/poly_mulcache_compute_harness.c,provenance/montgomery-reduce/source-snapshots/base-worktree-af4c5abd/proofs/cbmc/poly_mulcache_compute/poly_mulcache_compute_harness.c
0d86d980122e38bf1dbcab1a59b70d9209c3521a623caca62221edd15cea9826,4969,1,mlk_montgomery_cleanroom/MONT01B_R1_M2_M3_20260726T144730Z/MONT01B_R1_FILE_MANIFEST.sha256,experiments/montgomery-reduce/MONT01-exact-refinement/raw-runs/03-mutation-sensitivity/01-retry-m3-partial/MONT01B_R1_M2_M3_20260726T144730Z/MONT01B_R1_FILE_MANIFEST.sha256
0d93c7f26ca821f80f0a7be369e17dcf763bcdd6185e5a9405604cccb2d3ec83,65,1,mlk_montgomery_cleanroom/MONT03B_HARNESS_FREEZE_20260726T222052Z/P5_GOTO.sha256,experiments/montgomery-reduce/MONT03-normalized-fqmul-algebra/raw-runs/07-frozen-harness-family/MONT03B_HARNESS_FREEZE_20260726T222052Z/P5_GOTO.sha256
0dd8a0133323768d13f1c472eb54d5551eecc633687cd66b017c9f8ad7235073,446,1,mlk_montgomery_cleanroom/MONT01B_R1_M2_M3_20260726T151104Z/M2_RECONSTRUCTION_SIGN/source-mutation.diff,experiments/montgomery-reduce/MONT01-exact-refinement/raw-runs/03-mutation-sensitivity/04-complete-three-mutant-run/MONT01B_R1_M2_M3_20260726T151104Z/M2_RECONSTRUCTION_SIGN/source-mutation.diff
0ddc91d06ce6ad277a6f9220433461bfef13857788290fa9bcb2e024264e8399,26765,3,mlk_montgomery_cleanroom/MONT_WORKTREE_af4c5abd/proofs/hol_light/x86_64/proofs/nttunpack_avx2_asm.ml,provenance/montgomery-reduce/source-snapshots/base-worktree-af4c5abd/proofs/hol_light/x86_64/proofs/nttunpack_avx2_asm.ml
0df1004d25414b9163721a6741810f9e4f73a4bbaa033ea9c8c0519c0f364686,1978,3,mlk_montgomery_cleanroom/MONT_WORKTREE_af4c5abd/proofs/cbmc/poly_add/Makefile,provenance/montgomery-reduce/source-snapshots/base-worktree-af4c5abd/proofs/cbmc/poly_add/Makefile
0ea98ecb3ec640407333c0055c9e0e0712bfd1a1867eb7a60af08307b82dfa47,159213,1,mlk_montgomery_cleanroom/MONT_WORKTREE_af4c5abd/proofs/cbmc/montgomery_reduce/gotos/montgomery_reduce_harness0700.goto,provenance/montgomery-reduce/source-snapshots/base-worktree-af4c5abd/proofs/cbmc/montgomery_reduce/gotos/montgomery_reduce_harness0700.goto
0f27600057e1c34c158d5d7b7bde70e9d7cbea33f87916a2dbbc8f0f5d22d988,4919,1,mlk_montgomery_cleanroom/MONT03A_T3_PARALLEL_20260726T165032Z/MONT03A_T3_TERMINAL_CAPTURE_20260726T165032Z.txt,experiments/montgomery-reduce/MONT03-normalized-fqmul-algebra/raw-runs/03-semantic-direct-run/MONT03A_T3_PARALLEL_20260726T165032Z/MONT03A_T3_TERMINAL_CAPTURE_20260726T165032Z.txt
0f357a30e7ea37351854dc550e502e5a7eaf80184896bf92b40073175706e0dd,20187,36,mlk_montgomery_cleanroom/MONT_WORKTREE_af4c5abd/examples/basic/mlkem_native/src/compress.h,provenance/montgomery-reduce/source-snapshots/base-worktree-af4c5abd/examples/basic/mlkem_native/src/compress.h
0f4e7024475acf7cc84adc8c013356fd650e312b9ea8855da32fa1531f4af7f7,27620,33,mlk_montgomery_cleanroom/MONT_WORKTREE_af4c5abd/dev/aarch64_clean/src/rej_uniform_table.c,provenance/montgomery-reduce/source-snapshots/base-worktree-af4c5abd/dev/aarch64_clean/src/rej_uniform_table.c
0f6e666677eacf8ebdf8464f90b8f8dbe93e7ba4f2b4a5c77690c56f608e91a5,22281,3,mlk_montgomery_cleanroom/MONT_WORKTREE_af4c5abd/examples/monolithic_build/mlkem_native/mlkem_native_config.h,provenance/montgomery-reduce/source-snapshots/base-worktree-af4c5abd/examples/monolithic_build/mlkem_native/mlkem_native_config.h
0f773cada20108d9aada2eaab0f635b05d3c3fa45a9e19e0662d673d8b2fef8c,2388,3,mlk_montgomery_cleanroom/MONT_WORKTREE_af4c5abd/test/abicheck/x86_64/checks/check_poly_decompress_d10_avx2_asm.c,provenance/montgomery-reduce/source-snapshots/base-worktree-af4c5abd/test/abicheck/x86_64/checks/check_poly_decompress_d10_avx2_asm.c
0f85e2caf43e210b0f06e4c05bfa28e2bb5af22e783c9d86fe50d98a78a2c37a,2364,3,mlk_montgomery_cleanroom/MONT_WORKTREE_af4c5abd/proofs/cbmc/keccak_f1600_x4_native_aarch64_v8a_scalar_hybrid/Makefile,provenance/montgomery-reduce/source-snapshots/base-worktree-af4c5abd/proofs/cbmc/keccak_f1600_x4_native_aarch64_v8a_scalar_hybrid/Makefile
0fd605ad9fe341eeca74ae7932b1550a4b49a0c368d7b2eefceef2c08fc8cbfa,117798,1,mlk_montgomery_cleanroom/MONT_T3_WORKTREE_af4c5abd/proofs/cbmc/mont_t3_p5_distributivity/gotos/project0100.goto,provenance/montgomery-reduce/worktree-deltas/MONT03-fqmul-algebra-delta/proofs/cbmc/mont_t3_p5_distributivity/gotos/project0100.goto
100d84c7cd37432e01c7e47fae22e74456aa8a2c1d2c5825130962b668eba869,2076,3,mlk_montgomery_cleanroom/MONT_WORKTREE_af4c5abd/proofs/cbmc/shake128x4_absorb_once/Makefile,provenance/montgomery-reduce/source-snapshots/base-worktree-af4c5abd/proofs/cbmc/shake128x4_absorb_once/Makefile
1045181d02e8707f1c83d9ae4df2e71ef705baefa90dd438cd94cd3639b3597d,120659,1,mlk_montgomery_cleanroom/MONT_T3_WORKTREE_af4c5abd/proofs/cbmc/mont_t3_p5_distributivity/gotos/project0200.goto,provenance/montgomery-reduce/worktree-deltas/MONT03-fqmul-algebra-delta/proofs/cbmc/mont_t3_p5_distributivity/gotos/project0200.goto
10544787eeaa7058941591bb38d5034cb6c74c4a782e42f27ebf476d9c22196d,117780,1,mlk_montgomery_cleanroom/MONT_WORKTREE_af4c5abd/proofs/cbmc/mont_t2a_p3_single_call_decomposition/gotos/project0100.goto,provenance/montgomery-reduce/source-snapshots/base-worktree-af4c5abd/proofs/cbmc/mont_t2a_p3_single_call_decomposition/gotos/project0100.goto
106c28065fb8251b2979b14875d1f4b004467b5b557bb82d13e4ec1b720f6572,135224,1,mlk_montgomery_cleanroom/MONT_WORKTREE_af4c5abd/proofs/cbmc/mont_t2a_p3_witness_PP/gotos/mont_t2a_p3_witness_PP_harness0500.goto,provenance/montgomery-reduce/source-snapshots/base-worktree-af4c5abd/proofs/cbmc/mont_t2a_p3_witness_PP/gotos/mont_t2a_p3_witness_PP_harness0500.goto
108abd455156e8076f25fe9de1543efd00be70d9d24146994695299c5c070c49,2078,3,mlk_montgomery_cleanroom/MONT_WORKTREE_af4c5abd/proofs/cbmc/kem_keypair/Makefile,provenance/montgomery-reduce/source-snapshots/base-worktree-af4c5abd/proofs/cbmc/kem_keypair/Makefile
10b760e2cd19161b7071a81dbabd7619498a5e0d383416cd2e62b0709399926e,285,6,mlk_montgomery_cleanroom/MONT_WORKTREE_af4c5abd/proofs/cbmc/poly_compress_d11/poly_compress_d11_harness.c,provenance/montgomery-reduce/source-snapshots/base-worktree-af4c5abd/proofs/cbmc/poly_compress_d11/poly_compress_d11_harness.c
1109fb04c687bd34fb9aa8860c158ec8768268a2d01dad905ff1627f73a4490e,729,3,mlk_montgomery_cleanroom/MONT_WORKTREE_af4c5abd/nix/cbmc/cbmc-viewer.nix,provenance/montgomery-reduce/source-snapshots/base-worktree-af4c5abd/nix/cbmc/cbmc-viewer.nix
115eb04f372283071dee41cddbf8b09c91e99c0484d75e71a9c048e3416e5996,2140,3,mlk_montgomery_cleanroom/MONT_WORKTREE_af4c5abd/proofs/cbmc/keccak_squeezeblocks_x4/Makefile,provenance/montgomery-reduce/source-snapshots/base-worktree-af4c5abd/proofs/cbmc/keccak_squeezeblocks_x4/Makefile
117ab24cd59786708dcdf86c31103f83827063efd9c182ced2441fa736e81bb8,506,1,mlk_montgomery_cleanroom/MONT_WORKTREE_af4c5abd/proofs/cbmc/mont_t2a_p3_witness_NP/logs/slice_global_inits-log.txt,provenance/montgomery-reduce/source-snapshots/base-worktree-af4c5abd/proofs/cbmc/mont_t2a_p3_witness_NP/logs/slice_global_inits-log.txt
118447d866abc9ba69490f738e271db1ca6046427c8a8aee133943bfd2e58da8,1796,3,mlk_montgomery_cleanroom/MONT_WORKTREE_af4c5abd/test/abicheck/armv81m/selftest_armv81m.S,provenance/montgomery-reduce/source-snapshots/base-worktree-af4c5abd/test/abicheck/armv81m/selftest_armv81m.S
11a7a4b1b852e65e3a9159eb3e1e9b70c7e765cceef39318eba98494d4365513,829,1,mlk_montgomery_cleanroom/MONT02A_FULL_T2_FUNCTIONAL_20260726T194555Z/BACKENDS/PROBE_BITWUZLA.log,experiments/montgomery-reduce/MONT02-relational-low-word-laws/raw-runs/07-solver-backend-probes/MONT02A_FULL_T2_FUNCTIONAL_20260726T194555Z/BACKENDS/PROBE_BITWUZLA.log
11aa22cce59eae578250d408061e53ef394f69aa8beb77dba38baa6fc33424b1,8576,3,mlk_montgomery_cleanroom/MONT_WORKTREE_af4c5abd/dev/aarch64_opt/src/arith_native_aarch64.h,provenance/montgomery-reduce/source-snapshots/base-worktree-af4c5abd/dev/aarch64_opt/src/arith_native_aarch64.h
11c99e2c80519dac46d52be89f5515e481c9c44ad61e8f02606fd646f7f14441,15694,3,mlk_montgomery_cleanroom/MONT_WORKTREE_af4c5abd/dev/aarch64_opt/src/poly_tobytes_aarch64_asm.S,provenance/montgomery-reduce/source-snapshots/base-worktree-af4c5abd/dev/aarch64_opt/src/poly_tobytes_aarch64_asm.S
1229009312b61690b2f56babf7a6f648fa9c51ef30d6a5d2a5b44cb23fcc00ff,2185,24,mlk_montgomery_cleanroom/MONT_WORKTREE_af4c5abd/examples/basic/mlkem_native/src/fips202/native/aarch64/auto.h,provenance/montgomery-reduce/source-snapshots/base-worktree-af4c5abd/examples/basic/mlkem_native/src/fips202/native/aarch64/auto.h
12329e048fb06c20b656eacccabeb1de88ed64847660c6b9b15c6d88d8fd47e1,1778,3,mlk_montgomery_cleanroom/MONT_WORKTREE_af4c5abd/test/abicheck/armv81m/abicheck_armv81m.c,provenance/montgomery-reduce/source-snapshots/base-worktree-af4c5abd/test/abicheck/armv81m/abicheck_armv81m.c
1255301993a784854088c59cc39a73c640d8a00fa6a3a230520dc23754ab5c9c,4203,3,mlk_montgomery_cleanroom/MONT_WORKTREE_af4c5abd/examples/monolithic_build_native/Makefile,provenance/montgomery-reduce/source-snapshots/base-worktree-af4c5abd/examples/monolithic_build_native/Makefile
127cb386d34844049c5000a442ffece3f135379daa4c097031cb97417ae1679e,261,3,mlk_montgomery_cleanroom/MONT_WORKTREE_af4c5abd/proofs/cbmc/polyvec_add/polyvec_add_harness.c,provenance/montgomery-reduce/source-snapshots/base-worktree-af4c5abd/proofs/cbmc/polyvec_add/polyvec_add_harness.c
12bcfd4f63aa27945fdf164b701b3062b04a8585e8ef8815d5530858312ac3a6,1693,3,mlk_montgomery_cleanroom/MONT_WORKTREE_af4c5abd/dev/fips202/armv81m/src/fips202_native_armv81m.h,provenance/montgomery-reduce/source-snapshots/base-worktree-af4c5abd/dev/fips202/armv81m/src/fips202_native_armv81m.h
12d5c743787beec06f5443aa2b1dc6e1c94d9196a7df26ba461e70a3ae53f12b,1524,3,mlk_montgomery_cleanroom/MONT_WORKTREE_af4c5abd/proofs/cbmc/poly_decompress_d10_native/Makefile,provenance/montgomery-reduce/source-snapshots/base-worktree-af4c5abd/proofs/cbmc/poly_decompress_d10_native/Makefile
12d6a569b8a0bc6a4fc9340f1378f28e11c94beb43730b291161d6a24f8f67d1,253,3,mlk_montgomery_cleanroom/MONT_WORKTREE_af4c5abd/proofs/cbmc/poly_sub/poly_sub_harness.c,provenance/montgomery-reduce/source-snapshots/base-worktree-af4c5abd/proofs/cbmc/poly_sub/poly_sub_harness.c
12fe62f76060aa2cdd41de6170e0c787c516ae753ed32579c9c39b1af55130fb,7954,36,mlk_montgomery_cleanroom/MONT_WORKTREE_af4c5abd/examples/basic/mlkem_native/src/cbmc.h,provenance/montgomery-reduce/source-snapshots/base-worktree-af4c5abd/examples/basic/mlkem_native/src/cbmc.h
1373dbacd6cbbf69e15cc9d14290e8cc058b5042a80cb50706034a2db1069b6a,106735,3,mlk_montgomery_cleanroom/MONT_WORKTREE_af4c5abd/proofs/hol_light/x86_64/proofs/polyvec_basemul_acc_montgomery_cached_k3_avx2_asm.ml,provenance/montgomery-reduce/source-snapshots/base-worktree-af4c5abd/proofs/hol_light/x86_64/proofs/polyvec_basemul_acc_montgomery_cached_k3_avx2_asm.ml
1375128cd9b88989eef523b9b849a7bc4066022f0abe3935e921781fbfaea461,399,1,mlk_montgomery_cleanroom/MONT_WORKTREE_af4c5abd/proofs/cbmc/mont_t2a_arbitrary_pair/logs/linking-library-models-log.txt,provenance/montgomery-reduce/source-snapshots/base-worktree-af4c5abd/proofs/cbmc/mont_t2a_arbitrary_pair/logs/linking-library-models-log.txt
137eb6e5854b8e58c2caec6eea86530c8e7495706f6f5b3e007e25a9875e164f,1649,36,mlk_montgomery_cleanroom/MONT_WORKTREE_af4c5abd/examples/basic/mlkem_native/src/randombytes.h,provenance/montgomery-reduce/source-snapshots/base-worktree-af4c5abd/examples/basic/mlkem_native/src/randombytes.h
13947f2428e7cae2851162e8316c78bd1fe99c48784847d915f7841ef84d1f9a,1462,3,mlk_montgomery_cleanroom/MONT_WORKTREE_af4c5abd/nix/legacy/default.nix,provenance/montgomery-reduce/source-snapshots/base-worktree-af4c5abd/nix/legacy/default.nix
1397c8d44303ba667c618caad619bf1c4c0a6ef70525a118671efe526910ca46,242,3,mlk_montgomery_cleanroom/MONT_WORKTREE_af4c5abd/proofs/cbmc/polyvec_reduce/polyvec_reduce_harness.c,provenance/montgomery-reduce/source-snapshots/base-worktree-af4c5abd/proofs/cbmc/polyvec_reduce/polyvec_reduce_harness.c
13d3535513b22c08887da9d70dddf1691bfe0b333dd3ff3c8b3acc2998102f50,1090,3,mlk_montgomery_cleanroom/MONT_WORKTREE_af4c5abd/dev/fips202/aarch64/x2_v84a.h,provenance/montgomery-reduce/source-snapshots/base-worktree-af4c5abd/dev/fips202/aarch64/x2_v84a.h
13f44749f65099bee5bc55be260932d5e832bbd091335f1e47c31df464c1881f,15010,36,mlk_montgomery_cleanroom/MONT_WORKTREE_af4c5abd/examples/basic/mlkem_native/src/verify.h,provenance/montgomery-reduce/source-snapshots/base-worktree-af4c5abd/examples/basic/mlkem_native/src/verify.h
13f7f8bff4929ba832246fc029e31886c6eb55024a83b3092ce608f1f6eb3cc7,1628,3,mlk_montgomery_cleanroom/MONT_WORKTREE_af4c5abd/test/abicheck/aarch64/abicheck_aarch64.c,provenance/montgomery-reduce/source-snapshots/base-worktree-af4c5abd/test/abicheck/aarch64/abicheck_aarch64.c
1403dcbb21cbac03cb0dc390eab86b30292ad156e085c1834d4b2f0d66032a55,4969,1,mlk_montgomery_cleanroom/MONT01B_R1_M2_M3_20260726T150200Z/MONT01B_R1_FILE_MANIFEST.sha256,experiments/montgomery-reduce/MONT01-exact-refinement/raw-runs/03-mutation-sensitivity/02-retry-m3-partial/MONT01B_R1_M2_M3_20260726T150200Z/MONT01B_R1_FILE_MANIFEST.sha256
14154fa4c36fadbdee6419cbc6c44a6734d656d463f592282008b1ac60503126,295,3,mlk_montgomery_cleanroom/MONT_WORKTREE_af4c5abd/SECURITY.md,provenance/montgomery-reduce/source-snapshots/base-worktree-af4c5abd/SECURITY.md
1420a483611876ded7699d1444a1c68a8a0f3b065a54a6dec3b6da466100c0cd,202,1,mlk_montgomery_cleanroom/MONT03A_SOURCE_CAPTURE_20260726T220829Z/MONT03A_TERMINAL_CAPTURE_20260726T220829Z.txt.sha256,experiments/montgomery-reduce/MONT03-normalized-fqmul-algebra/raw-runs/00-source-capture-attempt/MONT03A_SOURCE_CAPTURE_20260726T220829Z/MONT03A_TERMINAL_CAPTURE_20260726T220829Z.txt.sha256
145b63736248b48169768150edc0c158eaccef585543fa9cd1e52467790c9f1b,772,3,mlk_montgomery_cleanroom/MONT_WORKTREE_af4c5abd/proofs/cbmc/keccakf1600x4_xor_bytes_c/keccakf1600x4_xor_bytes_c_harness.c,provenance/montgomery-reduce/source-snapshots/base-worktree-af4c5abd/proofs/cbmc/keccakf1600x4_xor_bytes_c/keccakf1600x4_xor_bytes_c_harness.c
148d35e8a0fa9b09a58a674b7a403917a278ed9846f04a1cc75779e6f03eb8aa,154562,2,mlk_montgomery_cleanroom/MONT_WORKTREE_af4c5abd/proofs/cbmc/mont_t2b_fibre_translation/gotos/mont_t2b_fibre_translation_harness.goto,provenance/montgomery-reduce/source-snapshots/base-worktree-af4c5abd/proofs/cbmc/mont_t2b_fibre_translation/gotos/mont_t2b_fibre_translation_harness.goto
14b1120057a2e045697171c132a40f88c696e0f53a8dedb15b227b49e62532ba,653,3,mlk_montgomery_cleanroom/MONT_WORKTREE_af4c5abd/proofs/cbmc/keccak_absorb_once_x4/keccak_absorb_once_x4_harness.c,provenance/montgomery-reduce/source-snapshots/base-worktree-af4c5abd/proofs/cbmc/keccak_absorb_once_x4/keccak_absorb_once_x4_harness.c
14d1c2ef4d5454e75b59fe24fc5d61f3d8e4e981a61b0e23df8a68a5bce110d3,971,1,mlk_montgomery_cleanroom/MONT02A_FULL_T2_FUNCTIONAL_20260726T175148Z/A_PROPERTY_LOGS/f96abe65893a5141cbc0.log,experiments/montgomery-reduce/MONT02-relational-low-word-laws/raw-runs/04-sharded-property-run/MONT02A_FULL_T2_FUNCTIONAL_20260726T175148Z/A_PROPERTY_LOGS/f96abe65893a5141cbc0.log
1508e4812b852d0f6e0daa359f79099c72e7747cb0c8555ec97838c8b00d928b,273,3,mlk_montgomery_cleanroom/MONT_WORKTREE_af4c5abd/proofs/cbmc/ct_cmask_neg_i16/ct_cmask_neg_i16_harness.c,provenance/montgomery-reduce/source-snapshots/base-worktree-af4c5abd/proofs/cbmc/ct_cmask_neg_i16/ct_cmask_neg_i16_harness.c
1531f77f0459500c2fe3d38b4423b068490da9ee053d2f32410e1b67dc177e98,130722,1,mlk_montgomery_cleanroom/MONT_T3_WORKTREE_af4c5abd/proofs/cbmc/mont_t3_p2_p3_relational/gotos/mont_t3_p2_p3_relational_harness0400.goto,provenance/montgomery-reduce/worktree-deltas/MONT03-fqmul-algebra-delta/proofs/cbmc/mont_t3_p2_p3_relational/gotos/mont_t3_p2_p3_relational_harness0400.goto
159e5aafdf4cc0df1ef50abf90b1438e563c30d63c3b4380114d3ab034fb572f,28680,3,mlk_montgomery_cleanroom/MONT_WORKTREE_af4c5abd/proofs/hol_light/x86_64/proofs/reduce_avx2_asm.ml,provenance/montgomery-reduce/source-snapshots/base-worktree-af4c5abd/proofs/hol_light/x86_64/proofs/reduce_avx2_asm.ml
1611b53d2373770635d941276f05b5f70cec370f7917bff13043582a57200d53,2011,3,mlk_montgomery_cleanroom/MONT_WORKTREE_af4c5abd/test/src/test_stack.c,provenance/montgomery-reduce/source-snapshots/base-worktree-af4c5abd/test/src/test_stack.c
16378f13ac4f4cfe53af28afd216bbba48857ee23f511c41f40e8a1e66552873,317,1,mlk_montgomery_cleanroom/MONT_WORKTREE_af4c5abd/proofs/cbmc/mont_t2a_p3_witness_PP/logs/remove_function_body-log.txt,provenance/montgomery-reduce/source-snapshots/base-worktree-af4c5abd/proofs/cbmc/mont_t2a_p3_witness_PP/logs/remove_function_body-log.txt
165f3963ba4392f93b4dfdd8e7b78725626325f7be5cff2a5edf0ad71821c6ad,2868,3,mlk_montgomery_cleanroom/MONT_WORKTREE_af4c5abd/test/abicheck/aarch64/checks_aarch64_all.h,provenance/montgomery-reduce/source-snapshots/base-worktree-af4c5abd/test/abicheck/aarch64/checks_aarch64_all.h
166f9d829d9f1f40e1b066de49c4c181aa1db1fbcda88f3131cb0e62d4be984d,6384,27,mlk_montgomery_cleanroom/MONT_WORKTREE_af4c5abd/examples/basic/mlkem_native/src/native/x86_64/src/poly_compress_d4_avx2_asm.S,provenance/montgomery-reduce/source-snapshots/base-worktree-af4c5abd/examples/basic/mlkem_native/src/native/x86_64/src/poly_compress_d4_avx2_asm.S
168d0ec3bf50bd45cb0a103d7984e9ccf52f78697718b7e85efdf1beda7abc95,2596,36,mlk_montgomery_cleanroom/MONT_WORKTREE_af4c5abd/examples/basic/mlkem_native/src/symmetric.h,provenance/montgomery-reduce/source-snapshots/base-worktree-af4c5abd/examples/basic/mlkem_native/src/symmetric.h
16953e1824104daa72996fde47898100e09e2a3fe6e78e5913a982d7026313ea,2363,3,mlk_montgomery_cleanroom/MONT_WORKTREE_af4c5abd/test/abicheck/x86_64/checks/check_poly_compress_d5_avx2_asm.c,provenance/montgomery-reduce/source-snapshots/base-worktree-af4c5abd/test/abicheck/x86_64/checks/check_poly_compress_d5_avx2_asm.c
16a70ab3d2dbc00244baf3f2d6551ab55c84eac8f3f04216b1cd0a9842574313,840,1,mlk_montgomery_cleanroom/MONT02A_FULL_T2_FUNCTIONAL_20260726T175148Z/A_PROPERTY_LOGS/6d603a9207e7b8e6eea1.log,experiments/montgomery-reduce/MONT02-relational-low-word-laws/raw-runs/04-sharded-property-run/MONT02A_FULL_T2_FUNCTIONAL_20260726T175148Z/A_PROPERTY_LOGS/6d603a9207e7b8e6eea1.log
16e8ec0d61bc7dc4096bfe55066f282db896e6ade94f53c2bfd68268856ad7b2,2932,3,mlk_montgomery_cleanroom/MONT_WORKTREE_af4c5abd/test/mk/config.mk,provenance/montgomery-reduce/source-snapshots/base-worktree-af4c5abd/test/mk/config.mk
179af17d2e0a2442e9fe7b8a195af549dc0cf445de4a1ff9810818096293fffb,7211,30,mlk_montgomery_cleanroom/MONT_WORKTREE_af4c5abd/examples/basic/auto.mk,provenance/montgomery-reduce/source-snapshots/base-worktree-af4c5abd/examples/basic/auto.mk
17b89a202be6a65f271f873c6bfbdc2fe364a4b32d52317116f9e8bcc2d9e41d,428,6,mlk_montgomery_cleanroom/MONT_WORKTREE_af4c5abd/proofs/cbmc/polyvec_permute_bitrev_to_custom/polyvec_permute_bitrev_to_custom_harness.c,provenance/montgomery-reduce/source-snapshots/base-worktree-af4c5abd/proofs/cbmc/polyvec_permute_bitrev_to_custom/polyvec_permute_bitrev_to_custom_harness.c
17d9e66604708a01787dd74046515c0ced34d6e69f424f4c461f96628d5f68e2,2095,3,mlk_montgomery_cleanroom/MONT_WORKTREE_af4c5abd/proofs/cbmc/ct_get_optblocker_u32/Makefile,provenance/montgomery-reduce/source-snapshots/base-worktree-af4c5abd/proofs/cbmc/ct_get_optblocker_u32/Makefile
182a93a4a774a2f021d699c7a899ad7ecec00ac114fc7900992bb1071848913d,2040,1,mlk_montgomery_cleanroom/MONT04C_T4_FUNCTIONAL_NONVACUITY_20260726T231555Z/MONT04C_TERMINAL_CAPTURE_20260726T231555Z.txt,experiments/montgomery-reduce/MONT04-poly-tomont-roundtrip-locality/raw-runs/02-functional-nonvacuity/MONT04C_T4_FUNCTIONAL_NONVACUITY_20260726T231555Z/MONT04C_TERMINAL_CAPTURE_20260726T231555Z.txt
182cbeab8429af9cc1906be56a52d2f187cc0a3b077764896b519b4b24a7e0d3,22308,3,mlk_montgomery_cleanroom/MONT_WORKTREE_af4c5abd/examples/monolithic_build_native/mlkem_native/mlkem_native_config.h,provenance/montgomery-reduce/source-snapshots/base-worktree-af4c5abd/examples/monolithic_build_native/mlkem_native/mlkem_native_config.h
18571abfd621e7673a8869ffdf71feea8598334f80ebbfb710d577685ef2c768,359,2,mlk_montgomery_cleanroom/MONT01A_D2_20260726T141230Z/MONT_T1_FALSE_CONTROL_SNAPSHOT/logs/unwind_loops-log.txt,experiments/montgomery-reduce/MONT01-exact-refinement/raw-runs/02-authoritative-proof-and-false-control/MONT01A_D2_20260726T141230Z/MONT_T1_FALSE_CONTROL_SNAPSHOT/logs/unwind_loops-log.txt
18cc722c2b8604d70a37fe99d76b8fa7e5faccf4fe046b605c40877689f2f7b6,4194,1,mlk_montgomery_cleanroom/MONT_T3_WORKTREE_af4c5abd/proofs/cbmc/mont_t3_p2_p3_relational/.ninja_log,provenance/montgomery-reduce/worktree-deltas/MONT03-fqmul-algebra-delta/proofs/cbmc/mont_t3_p2_p3_relational/.ninja_log
19070a383b65750991c6bfe368fd57ab5eb059994599e8803d8b054d4290da4c,54,1,mlk_montgomery_cleanroom/MONT_T4_WORKTREE_af4c5abd_20260726T225651Z/proofs/cbmc/mont_t4_p2_p3_p5_bijection_locality/.litani_cache_dir,provenance/montgomery-reduce/worktree-deltas/MONT04-poly-tomont-delta/proofs/cbmc/mont_t4_p2_p3_p5_bijection_locality/.litani_cache_dir
190b4b6ec297d4717d81eec0c95da7f3d4c929eb98f90b7bedcf516aa9bb1dfe,429,1,mlk_montgomery_cleanroom/MONT03A_T3_PARALLEL_20260726T155405Z/T3_CONTROL_BUILD.log,experiments/montgomery-reduce/MONT03-normalized-fqmul-algebra/raw-runs/02-parallel-build-attempt/MONT03A_T3_PARALLEL_20260726T155405Z/T3_CONTROL_BUILD.log
19533c4050269a0f9385874bcd757e7af3c92fd1b8be4de3ab2bdbc59fd7db32,1224,3,mlk_montgomery_cleanroom/MONT_WORKTREE_af4c5abd/.clang-format,provenance/montgomery-reduce/source-snapshots/base-worktree-af4c5abd/.clang-format
196f1e7d2a9567e021fb66c91a217b5fd6174ffc00a5e7d3eb218ce84ab8374a,514,1,mlk_montgomery_cleanroom/MONT_WORKTREE_af4c5abd/proofs/cbmc/mont_t2_relational_fibre/logs/slice_global_inits-log.txt,provenance/montgomery-reduce/source-snapshots/base-worktree-af4c5abd/proofs/cbmc/mont_t2_relational_fibre/logs/slice_global_inits-log.txt
1a0fced417ff718246cdead541e302ee31168536719c94353b9ad62c288c4545,1729,2,mlk_montgomery_cleanroom/MONT02A_FULL_T2_FUNCTIONAL_20260726T170048Z/A_BUILD.log,experiments/montgomery-reduce/MONT02-relational-low-word-laws/raw-runs/03-full-functional-cbmc-attempt-3/MONT02A_FULL_T2_FUNCTIONAL_20260726T170048Z/A_BUILD.log
1a2e4999be6e301fa70864790313623fa37e1324ed2425e1cffffbe1199e9e89,120626,1,mlk_montgomery_cleanroom/MONT_WORKTREE_af4c5abd/proofs/cbmc/mont_t2a_p3_witness_PP/gotos/project0200.goto,provenance/montgomery-reduce/source-snapshots/base-worktree-af4c5abd/proofs/cbmc/mont_t2a_p3_witness_PP/gotos/project0200.goto
1a6b1d157bdc31fc6a7075db2439349b049dbadf8d8b9f72b2f5b28b99457e0a,5246,1,mlk_montgomery_cleanroom/MONT01B_R1_M2_M3_20260726T151104Z/M3_SHIFT_BY_15/make.log,experiments/montgomery-reduce/MONT01-exact-refinement/raw-runs/03-mutation-sensitivity/04-complete-three-mutant-run/MONT01B_R1_M2_M3_20260726T151104Z/M3_SHIFT_BY_15/make.log
1a854a7fb2d54c8e9da6c915a407a9988025591d9919b46ee9dbce653e82a84d,536,1,mlk_montgomery_cleanroom/MONT_WORKTREE_af4c5abd/proofs/cbmc/mont_t2a_p3_single_call_decomposition/logs/drop_unused_functions-log.txt,provenance/montgomery-reduce/source-snapshots/base-worktree-af4c5abd/proofs/cbmc/mont_t2a_p3_single_call_decomposition/logs/drop_unused_functions-log.txt
1a9c8d770e6b46ba8a58d769bd77d599673bc022971154190b0c5d6d93ee96ba,366,3,mlk_montgomery_cleanroom/MONT_WORKTREE_af4c5abd/proofs/cbmc/poly_reduce_c/poly_reduce_c_harness.c,provenance/montgomery-reduce/source-snapshots/base-worktree-af4c5abd/proofs/cbmc/poly_reduce_c/poly_reduce_c_harness.c
1ab437cf33e821ce4fbd9665ce3dea28f91dfa81c4504d9b38a8342b86f8654d,154854,1,mlk_montgomery_cleanroom/MONT_WORKTREE_af4c5abd/proofs/cbmc/mont_t2b_fibre_translation/gotos/mont_t2b_fibre_translation_harness0700.goto,provenance/montgomery-reduce/source-snapshots/base-worktree-af4c5abd/proofs/cbmc/mont_t2b_fibre_translation/gotos/mont_t2b_fibre_translation_harness0700.goto
1ac87cf5ed0071b4414cd41b2305a2472a532d604d9b7661cba580f4540ba0d3,28656,3,mlk_montgomery_cleanroom/MONT_WORKTREE_af4c5abd/.github/workflows/ci.yml,provenance/montgomery-reduce/source-snapshots/base-worktree-af4c5abd/.github/workflows/ci.yml
1ada70e9d28b41625a27a0293e9fe1a10c0cde570704e93922c3c0b91d4bf8bc,3494,3,mlk_montgomery_cleanroom/MONT_WORKTREE_af4c5abd/dev/x86_64/src/poly_decompress_d5_avx2_asm.S,provenance/montgomery-reduce/source-snapshots/base-worktree-af4c5abd/dev/x86_64/src/poly_decompress_d5_avx2_asm.S
1adfb36b0c105498950bc083948edefe3c3904fd21a9616610229c308769a4f5,117971,1,mlk_montgomery_cleanroom/MONT_T4_WORKTREE_af4c5abd_20260726T225651Z/proofs/cbmc/mont_t4_p1_p4_roundtrip_zero/gotos/project0100.goto,provenance/montgomery-reduce/worktree-deltas/MONT04-poly-tomont-delta/proofs/cbmc/mont_t4_p1_p4_roundtrip_zero/gotos/project0100.goto
1b194ea09749ed9078a9a20fbfe45e4a071cd18052eebd46c145088e657af7a1,2065,3,mlk_montgomery_cleanroom/MONT_WORKTREE_af4c5abd/proofs/cbmc/keccakf1600_extract_bytes/Makefile,provenance/montgomery-reduce/source-snapshots/base-worktree-af4c5abd/proofs/cbmc/keccakf1600_extract_bytes/Makefile
1b3e1b08fd856e273ad0b9005780f868839b86b0292007a8c99c043f0bb76038,130563,1,mlk_montgomery_cleanroom/MONT_T3_WORKTREE_af4c5abd/proofs/cbmc/mont_t3_p1_refinement/gotos/mont_t3_p1_refinement_harness0500.goto,provenance/montgomery-reduce/worktree-deltas/MONT03-fqmul-algebra-delta/proofs/cbmc/mont_t3_p1_refinement/gotos/mont_t3_p1_refinement_harness0500.goto
1b4219b33cd7adcd6c5b24ba35e76c3c5116effa2b575adb13bfee9662a06d41,274,3,mlk_montgomery_cleanroom/MONT_WORKTREE_af4c5abd/proofs/cbmc/poly_compress_dv/poly_compress_dv_harness.c,provenance/montgomery-reduce/source-snapshots/base-worktree-af4c5abd/proofs/cbmc/poly_compress_dv/poly_compress_dv_harness.c
1b76adb511db309433ad32f069b1cd733f4cc3ca23582a6529d58ea414aceb4a,794,3,mlk_montgomery_cleanroom/MONT_WORKTREE_af4c5abd/.github/workflows/riscv.yml,provenance/montgomery-reduce/source-snapshots/base-worktree-af4c5abd/.github/workflows/riscv.yml
1b7d61373aa19548a87de892bfcfda9702295393002ba88eeb3be3d35ec700ab,4752,27,mlk_montgomery_cleanroom/MONT_WORKTREE_af4c5abd/examples/basic/mlkem_native/src/native/aarch64/src/poly_reduce_aarch64_asm.S,provenance/montgomery-reduce/source-snapshots/base-worktree-af4c5abd/examples/basic/mlkem_native/src/native/aarch64/src/poly_reduce_aarch64_asm.S
1bbe69e15a48df16aa11c1bf3f7ca47b135111caecbeb083a3beae84a184eebd,287,3,mlk_montgomery_cleanroom/MONT_WORKTREE_af4c5abd/proofs/cbmc/ct_sel_int16/ct_sel_int16_harness.c,provenance/montgomery-reduce/source-snapshots/base-worktree-af4c5abd/proofs/cbmc/ct_sel_int16/ct_sel_int16_harness.c
1be4f1af21ecdc4d388917441a7135fa3bc1f189b4b4f8bcd7723d12013b3f25,1927,24,mlk_montgomery_cleanroom/MONT_WORKTREE_af4c5abd/examples/basic/mlkem_native/src/fips202/native/armv81m/mve.h,provenance/montgomery-reduce/source-snapshots/base-worktree-af4c5abd/examples/basic/mlkem_native/src/fips202/native/armv81m/mve.h
1be843f53e7abc5fadfae2fed67d9d0b69e588526abe267dcbd3d51bffae15f1,164,3,mlk_montgomery_cleanroom/MONT_WORKTREE_af4c5abd/nix/valgrind/default.nix,provenance/montgomery-reduce/source-snapshots/base-worktree-af4c5abd/nix/valgrind/default.nix
1bfeb3c59419accb0e4f9841aa6d77551585a6f0bdbe60d9918a261bdc643c2f,2099,3,mlk_montgomery_cleanroom/MONT_WORKTREE_af4c5abd/examples/bring_your_own_fips202_static/README.md,provenance/montgomery-reduce/source-snapshots/base-worktree-af4c5abd/examples/bring_your_own_fips202_static/README.md
1c05299a02f0e160792fb3b07b992aefac92d31910e5fc128c6b8223cafe143b,404,3,mlk_montgomery_cleanroom/MONT_WORKTREE_af4c5abd/proofs/cbmc/poly_compress_d4_c/poly_compress_d4_c_harness.c,provenance/montgomery-reduce/source-snapshots/base-worktree-af4c5abd/proofs/cbmc/poly_compress_d4_c/poly_compress_d4_c_harness.c
1c296508ec34fd0a5bd57966bfd2d90fca8ec08f5967ca507dd63d51ca657ab5,1294,3,mlk_montgomery_cleanroom/MONT_WORKTREE_af4c5abd/proofs/cbmc/poly_compress_d5_c/Makefile,provenance/montgomery-reduce/source-snapshots/base-worktree-af4c5abd/proofs/cbmc/poly_compress_d5_c/Makefile
1c715226a52956872915138c0a741110a30d015d507917560d80a1a6fd97f77e,1015,3,mlk_montgomery_cleanroom/MONT_WORKTREE_af4c5abd/nix/aarch64_be-none-linux-gnu-gcc.nix,provenance/montgomery-reduce/source-snapshots/base-worktree-af4c5abd/nix/aarch64_be-none-linux-gnu-gcc.nix
1cbb3fb23af95dd4754db4245b61d50b246039bd303c794d22fdd6810033820b,208,1,mlk_montgomery_cleanroom/MONT02A_FULL_T2_FUNCTIONAL_20260726T175148Z/MONT02A_R1_SHARDED_CAPTURE_20260726T175148Z.txt.sha256,experiments/montgomery-reduce/MONT02-relational-low-word-laws/raw-runs/04-sharded-property-run/MONT02A_FULL_T2_FUNCTIONAL_20260726T175148Z/MONT02A_R1_SHARDED_CAPTURE_20260726T175148Z.txt.sha256
1cbce262fdebc77b80aa1a5db310db30da2daf39291c1508098d2e525433a239,13162,3,mlk_montgomery_cleanroom/MONT_WORKTREE_af4c5abd/scripts/lint,provenance/montgomery-reduce/source-snapshots/base-worktree-af4c5abd/scripts/lint
1cee3df21818cd49dbe6babe17a59936c0c84c84ece8f1f5369be1c017c2eb5f,7955,3,mlk_montgomery_cleanroom/MONT_WORKTREE_af4c5abd/test/src/test_rng_fail.c,provenance/montgomery-reduce/source-snapshots/base-worktree-af4c5abd/test/src/test_rng_fail.c
1d17061940ddb7e408df4921c44afc5524daa5ba9a02f848f8e3edd1cbf2eaf5,13149,1,mlk_montgomery_cleanroom/MONT00B_MONT01A_20260726T134739Z/MONT00B_MONT01A_TERMINAL_CAPTURE_20260726T134739Z.txt,experiments/montgomery-reduce/MONT01-exact-refinement/raw-runs/00-theorem-freeze-and-initial-proof/MONT00B_MONT01A_20260726T134739Z/MONT00B_MONT01A_TERMINAL_CAPTURE_20260726T134739Z.txt
1d4988051796ae4982bfa003abaca55bba0542a4749f9b185fc2892e8e978926,264,3,mlk_montgomery_cleanroom/MONT_WORKTREE_af4c5abd/proofs/cbmc/scalar_decompress_d10/scalar_decompress_d10_harness.c,provenance/montgomery-reduce/source-snapshots/base-worktree-af4c5abd/proofs/cbmc/scalar_decompress_d10/scalar_decompress_d10_harness.c
1d69f8537a14aaa3f2ad95f915e9cdc835f4bc3d8c0883c90420e61baca807b0,133179,2,mlk_montgomery_cleanroom/MONT_WORKTREE_af4c5abd/proofs/cbmc/mont_t2b_fibre_translation/gotos/mont_t2b_fibre_translation_harness0200.goto,provenance/montgomery-reduce/source-snapshots/base-worktree-af4c5abd/proofs/cbmc/mont_t2b_fibre_translation/gotos/mont_t2b_fibre_translation_harness0200.goto
1d6af52652f37f92c7208c39506b0b058740833d7343f91e569e3ac3c99f4396,4209,3,mlk_montgomery_cleanroom/MONT_WORKTREE_af4c5abd/dev/x86_64/src/poly_basemul.inc,provenance/montgomery-reduce/source-snapshots/base-worktree-af4c5abd/dev/x86_64/src/poly_basemul.inc
1ddf75bdc0e1dc3e6d6b1a7afdbdfdcda1d0e7243e0ac7a9b3e928abe939789d,1306,3,mlk_montgomery_cleanroom/MONT_WORKTREE_af4c5abd/proofs/cbmc/poly_decompress_d11_c/Makefile,provenance/montgomery-reduce/source-snapshots/base-worktree-af4c5abd/proofs/cbmc/poly_decompress_d11_c/Makefile
1dff27a7a4e8d3c62f063f0c16bdf3e8b2dbbbed033a101588f3c44d4b2ef4ca,22263,3,mlk_montgomery_cleanroom/MONT_WORKTREE_af4c5abd/test/configs/serial_fips202_config.h,provenance/montgomery-reduce/source-snapshots/base-worktree-af4c5abd/test/configs/serial_fips202_config.h
1e1a037d79f90330951601e8a56e35424e9127327c97e45a9b3179de3f4c7d05,132156,1,mlk_montgomery_cleanroom/MONT_T3_WORKTREE_af4c5abd/proofs/cbmc/mont_t3_p6_associativity/gotos/mont_t3_p6_associativity_harness0100.goto,provenance/montgomery-reduce/worktree-deltas/MONT03-fqmul-algebra-delta/proofs/cbmc/mont_t3_p6_associativity/gotos/mont_t3_p6_associativity_harness0100.goto
1e2d1c60840d50cdcfe7dd83e38c10d5f032cc83f5f3107a546de9eefaccca00,5246,1,mlk_montgomery_cleanroom/MONT01B_R1_M2_M3_20260726T150200Z/M3_SHIFT_BY_15/make.log,experiments/montgomery-reduce/MONT01-exact-refinement/raw-runs/03-mutation-sensitivity/02-retry-m3-partial/MONT01B_R1_M2_M3_20260726T150200Z/M3_SHIFT_BY_15/make.log
1e2f765339130173959a59d3e0bd401613141f3f9ffbbf73097935254fcc8601,3698,27,mlk_montgomery_cleanroom/MONT_WORKTREE_af4c5abd/examples/basic/mlkem_native/src/native/x86_64/src/poly_mulcache_compute_avx2_asm.S,provenance/montgomery-reduce/source-snapshots/base-worktree-af4c5abd/examples/basic/mlkem_native/src/native/x86_64/src/poly_mulcache_compute_avx2_asm.S
1e7ec3ccef9aa774b54dc2f03fd0ed3e23f1932e0fc3b17d239839df85b8c4dd,468,1,mlk_montgomery_cleanroom/MONT_T3_WORKTREE_af4c5abd/proofs/cbmc/mont_t3_p4_montgomery_one/logs/restrict_function_pointer-log.txt,provenance/montgomery-reduce/worktree-deltas/MONT03-fqmul-algebra-delta/proofs/cbmc/mont_t3_p4_montgomery_one/logs/restrict_function_pointer-log.txt
1ef7e0554a53200862ccbb976d50fb7a004b2a869062ae32dd8e65dc1c2576f8,173176,1,mlk_montgomery_cleanroom/MONT_T3_WORKTREE_af4c5abd/proofs/cbmc/mont_t3_p1_refinement/gotos/mont_t3_p1_refinement_harness0700.goto,provenance/montgomery-reduce/worktree-deltas/MONT03-fqmul-algebra-delta/proofs/cbmc/mont_t3_p1_refinement/gotos/mont_t3_p1_refinement_harness0700.goto
1f1c6fd520d9ef1b4627f76b03e8ef5471331bdcf19f51eceae1261b08e50aea,158273,2,mlk_montgomery_cleanroom/MONT_WORKTREE_af4c5abd/proofs/cbmc/montgomery_reduce/gotos/montgomery_reduce_harness.goto,provenance/montgomery-reduce/source-snapshots/base-worktree-af4c5abd/proofs/cbmc/montgomery_reduce/gotos/montgomery_reduce_harness.goto
1f2175151c41ff28e21edb0726e6bb6b35c8e08b64bac6d284678c3738bfd4f2,2251,3,mlk_montgomery_cleanroom/MONT_WORKTREE_af4c5abd/proofs/cbmc/poly_getnoise_eta1_4x_native/Makefile,provenance/montgomery-reduce/source-snapshots/base-worktree-af4c5abd/proofs/cbmc/poly_getnoise_eta1_4x_native/Makefile
1f8d758ccaf2b52a24c5b24b550a35d2014ca25672e76ae8022654f2834277b6,134403,2,mlk_montgomery_cleanroom/MONT_WORKTREE_af4c5abd/proofs/cbmc/mont_t2a_p3_witness_NN/gotos/mont_t2a_p3_witness_NN_harness0200.goto,provenance/montgomery-reduce/source-snapshots/base-worktree-af4c5abd/proofs/cbmc/mont_t2a_p3_witness_NN/gotos/mont_t2a_p3_witness_NN_harness0200.goto
1fa2622ba914d05f862ee702c6db9c9c35aa20f29832b9cecf74ffb212f3fa58,2176,3,mlk_montgomery_cleanroom/MONT_WORKTREE_af4c5abd/dev/fips202/aarch64/auto.h,provenance/montgomery-reduce/source-snapshots/base-worktree-af4c5abd/dev/fips202/aarch64/auto.h
1ff32108a3ec69db3ed16c3af2580bf81919c9eba1dd27eabac12bf02d9e9dfb,1934,3,mlk_montgomery_cleanroom/MONT_WORKTREE_af4c5abd/test/abicheck/x86_64/checks/check_reduce_avx2_asm.c,provenance/montgomery-reduce/source-snapshots/base-worktree-af4c5abd/test/abicheck/x86_64/checks/check_reduce_avx2_asm.c
203085c18c49a76d438d4d099a706c7cfc89ac1a1bbce8c66bd17e2d7d324e83,445,1,mlk_montgomery_cleanroom/MONT02A_FULL_T2_FUNCTIONAL_20260726T192057Z/P3_NN/summary.txt,experiments/montgomery-reduce/MONT02-relational-low-word-laws/raw-runs/06-p3-sign-partition-complete/MONT02A_FULL_T2_FUNCTIONAL_20260726T192057Z/P3_NN/summary.txt
20ec1d89b5a7aaf626c1810233924020801f69ac0a9f266f624d324ad827149f,1807,3,mlk_montgomery_cleanroom/MONT_WORKTREE_af4c5abd/test/abicheck/ppc64le/checks/check_ntt_ppc_asm.c,provenance/montgomery-reduce/source-snapshots/base-worktree-af4c5abd/test/abicheck/ppc64le/checks/check_ntt_ppc_asm.c
21052c69e8cb6cc418d58b9694b7385d0fed222bf97e535a50c63551d7b3e479,2381,3,mlk_montgomery_cleanroom/MONT_WORKTREE_af4c5abd/test/abicheck/aarch64/checks/check_keccak_f1600_x4_v8a_v84a_scalar_hybrid_aarch64_asm.c,provenance/montgomery-reduce/source-snapshots/base-worktree-af4c5abd/test/abicheck/aarch64/checks/check_keccak_f1600_x4_v8a_v84a_scalar_hybrid_aarch64_asm.c
210e72728be211d1a720262463c89124c3335fda75944db504024795a2bcc529,971,3,mlk_montgomery_cleanroom/MONT_WORKTREE_af4c5abd/proofs/cbmc/dummy_backend.h,provenance/montgomery-reduce/source-snapshots/base-worktree-af4c5abd/proofs/cbmc/dummy_backend.h
213b1c5efc36ae5f94ed20a4cda43b9e905819283418b6cfac23e8ba5b449452,5860,27,mlk_montgomery_cleanroom/MONT_WORKTREE_af4c5abd/examples/basic/mlkem_native/src/native/riscv64/src/rv64v_debug.h,provenance/montgomery-reduce/source-snapshots/base-worktree-af4c5abd/examples/basic/mlkem_native/src/native/riscv64/src/rv64v_debug.h
214caa2783f82429bccfaa0e62c6823d00a660205fc92a3834e2a1a1824c8d1f,5290,3,mlk_montgomery_cleanroom/MONT_WORKTREE_af4c5abd/proofs/hol_light/x86_64/mlkem/tomont_avx2_asm.S,provenance/montgomery-reduce/source-snapshots/base-worktree-af4c5abd/proofs/hol_light/x86_64/mlkem/tomont_avx2_asm.S
219a9a8e41d0066b2068f8bef0f149aa76aabb8d48dda8f365f2bc08f65df503,1455,1,mlk_montgomery_cleanroom/MONT_WORKTREE_af4c5abd/proofs/cbmc/mont_t2b_fibre_translation/mont_t2b_fibre_translation_harness.c,provenance/montgomery-reduce/source-snapshots/base-worktree-af4c5abd/proofs/cbmc/mont_t2b_fibre_translation/mont_t2b_fibre_translation_harness.c
21cd108089fe43e509b513dd41bb25f3c2957720f7bdc31d86a135800d4ba8c1,419,3,mlk_montgomery_cleanroom/MONT_WORKTREE_af4c5abd/proofs/cbmc/poly_cbd_eta1/poly_cbd_eta1_harness.c,provenance/montgomery-reduce/source-snapshots/base-worktree-af4c5abd/proofs/cbmc/poly_cbd_eta1/poly_cbd_eta1_harness.c
21e763d2ccdbaabce26916d33363afef6cd15d5be19c6c66ef4432109a5722ab,287,6,mlk_montgomery_cleanroom/MONT_WORKTREE_af4c5abd/proofs/cbmc/poly_decompress_d11/poly_decompress_d11_harness.c,provenance/montgomery-reduce/source-snapshots/base-worktree-af4c5abd/proofs/cbmc/poly_decompress_d11/poly_decompress_d11_harness.c
21f854e623079f1d100e757056e92ac0e7541634ba0bc933e1f46a479f18f42f,7067,27,mlk_montgomery_cleanroom/MONT_WORKTREE_af4c5abd/examples/basic/mlkem_native/src/native/x86_64/src/poly_decompress_d4_avx2_asm.S,provenance/montgomery-reduce/source-snapshots/base-worktree-af4c5abd/examples/basic/mlkem_native/src/native/x86_64/src/poly_decompress_d4_avx2_asm.S
2227bbbfd0215fedb9929fba4e7a81f96a52edd505ab8b9f2530b19cddf794e8,720,3,mlk_montgomery_cleanroom/MONT_WORKTREE_af4c5abd/.github/ISSUE_TEMPLATE/bug_report.md,provenance/montgomery-reduce/source-snapshots/base-worktree-af4c5abd/.github/ISSUE_TEMPLATE/bug_report.md
2257c68f1412b9b4a4a66b7bd5c178d87dd0d571ad1a487df4392ce1c84b20dc,331,3,mlk_montgomery_cleanroom/MONT_WORKTREE_af4c5abd/proofs/cbmc/barrett_reduce/barrett_reduce_harness.c,provenance/montgomery-reduce/source-snapshots/base-worktree-af4c5abd/proofs/cbmc/barrett_reduce/barrett_reduce_harness.c
22abca06df5cb8216f9656bba289fd8a2bcd4ae6735162efc470742a7b266ac5,4649,1,mlk_montgomery_cleanroom/MONT_WORKTREE_af4c5abd/proofs/cbmc/montgomery_reduce/.ninja_log,provenance/montgomery-reduce/source-snapshots/base-worktree-af4c5abd/proofs/cbmc/montgomery_reduce/.ninja_log
22bfd49aec5802b826735cf461fe4dbd0a8cb0c97d6e382572baedacef37e218,3366,3,mlk_montgomery_cleanroom/MONT_WORKTREE_af4c5abd/examples/multilevel_build/Makefile,provenance/montgomery-reduce/source-snapshots/base-worktree-af4c5abd/examples/multilevel_build/Makefile
23094ca8ac551a5fdb5098ed59c782f6fc3c968f80c3f34d2ad0333085029c48,3090,3,mlk_montgomery_cleanroom/MONT_WORKTREE_af4c5abd/dev/x86_64/src/nttfrombytes_avx2_asm.S,provenance/montgomery-reduce/source-snapshots/base-worktree-af4c5abd/dev/x86_64/src/nttfrombytes_avx2_asm.S
233daf6c6cd1b2d3e449b5793103b4275113cbe88aea5d7b1024bbe727de0ffd,1886,3,mlk_montgomery_cleanroom/MONT_WORKTREE_af4c5abd/proofs/cbmc/scalar_compress_d1/Makefile,provenance/montgomery-reduce/source-snapshots/base-worktree-af4c5abd/proofs/cbmc/scalar_compress_d1/Makefile
23a5c0c4903738a7964b6f2028c576ed87035881a0903a13ef6290079627db2a,267,3,mlk_montgomery_cleanroom/MONT_WORKTREE_af4c5abd/proofs/cbmc/ct_cmask_nonzero_u16/ct_cmask_nonzero_u16_harness.c,provenance/montgomery-reduce/source-snapshots/base-worktree-af4c5abd/proofs/cbmc/ct_cmask_nonzero_u16/ct_cmask_nonzero_u16_harness.c
23f8b50d4fce28432d0cd2121697477ace3382bc43e87ddffc5f8fd0110b1174,311,6,mlk_montgomery_cleanroom/MONT_WORKTREE_af4c5abd/proofs/cbmc/poly_tobytes/poly_tobytes_harness.c,provenance/montgomery-reduce/source-snapshots/base-worktree-af4c5abd/proofs/cbmc/poly_tobytes/poly_tobytes_harness.c
2446fbf35cc079ae253468315097a7445beb61d80c645dd902f4907bf8535311,2305,3,mlk_montgomery_cleanroom/MONT_WORKTREE_af4c5abd/test/abicheck/aarch64/checks/check_polyvec_basemul_acc_montgomery_cached_k4_aarch64_asm.c,provenance/montgomery-reduce/source-snapshots/base-worktree-af4c5abd/test/abicheck/aarch64/checks/check_polyvec_basemul_acc_montgomery_cached_k4_aarch64_asm.c
2451f7f8ba5746d25fc4537f990c5d9adb01bbc44da33f467e771c0dd15b83c5,227,3,mlk_montgomery_cleanroom/MONT_WORKTREE_af4c5abd/dev/ppc64le/README.md,provenance/montgomery-reduce/source-snapshots/base-worktree-af4c5abd/dev/ppc64le/README.md
24827f36a29b714ae1339c9b3707e7984423997b0ba530bdb1b93f6e3fd53ca3,43388,3,mlk_montgomery_cleanroom/MONT_WORKTREE_af4c5abd/proofs/hol_light/x86_64/proofs/poly_compress_d5_avx2_asm.ml,provenance/montgomery-reduce/source-snapshots/base-worktree-af4c5abd/proofs/hol_light/x86_64/proofs/poly_compress_d5_avx2_asm.ml
2494d97e54831c09b503fc804a86ad4745b4c192d479f8a781a2386de81699c2,14249,1,mlk_montgomery_cleanroom/MONT01B_R1_M2_M3_20260726T150507Z/MONT01B_R1_TERMINAL_CAPTURE_20260726T150507Z.txt,experiments/montgomery-reduce/MONT01-exact-refinement/raw-runs/03-mutation-sensitivity/03-retry-m2-partial/MONT01B_R1_M2_M3_20260726T150507Z/MONT01B_R1_TERMINAL_CAPTURE_20260726T150507Z.txt
24af4ad1761d9d6a31996ac3b94ed97659e95cd3bc2d53cfa9f77e82e01826e7,450,1,mlk_montgomery_cleanroom/MONT_WORKTREE_af4c5abd/proofs/cbmc/mont_t2a_p3_witness_NN/logs/restrict_function_pointer-log.txt,provenance/montgomery-reduce/source-snapshots/base-worktree-af4c5abd/proofs/cbmc/mont_t2a_p3_witness_NN/logs/restrict_function_pointer-log.txt
24e9bdb571aad27fe75fa553779c2ecedd138f0b9e0784bcfedf923cc67cc247,164025,1,mlk_montgomery_cleanroom/MONT01B_R1_M2_M3_20260726T144730Z/M3_SHIFT_BY_15/mont_t1_exact_refinement_harness.goto,experiments/montgomery-reduce/MONT01-exact-refinement/raw-runs/03-mutation-sensitivity/01-retry-m3-partial/MONT01B_R1_M2_M3_20260726T144730Z/M3_SHIFT_BY_15/mont_t1_exact_refinement_harness.goto
24f996e395f71133bdf2b04cdbf00bfe5235b13b83d5b8e761e8ce0ada067dfd,11985,3,mlk_montgomery_cleanroom/MONT_WORKTREE_af4c5abd/.github/actions/multi-functest/action.yml,provenance/montgomery-reduce/source-snapshots/base-worktree-af4c5abd/.github/actions/multi-functest/action.yml
2502a2c24175da91157cda2bdeb1ce128cc16ebb369384094c0c7f7e6f8cd52d,2035,3,mlk_montgomery_cleanroom/MONT_WORKTREE_af4c5abd/proofs/cbmc/ntt_butterfly_block/Makefile,provenance/montgomery-reduce/source-snapshots/base-worktree-af4c5abd/proofs/cbmc/ntt_butterfly_block/Makefile
2513f461386393948d40e768f4f98dc6fe64a30d015e9ba7b0c6774cf9960520,49709,2,mlk_montgomery_cleanroom/MONT01A_D2_20260726T141230Z/MONT_T1_AUTHORITATIVE_SNAPSHOT/gotos/proof0100.goto,experiments/montgomery-reduce/MONT01-exact-refinement/raw-runs/02-authoritative-proof-and-false-control/MONT01A_D2_20260726T141230Z/MONT_T1_AUTHORITATIVE_SNAPSHOT/gotos/proof0100.goto
251d35f45033fbbff695f1e6722953bb685e930485d1a0cbb5b5f19ec2770fa4,572,3,mlk_montgomery_cleanroom/MONT_WORKTREE_af4c5abd/proofs/cbmc/keypair_getnoise_eta1/keypair_getnoise_eta1_harness.c,provenance/montgomery-reduce/source-snapshots/base-worktree-af4c5abd/proofs/cbmc/keypair_getnoise_eta1/keypair_getnoise_eta1_harness.c
2538d945091b88491548be9345d4ede6651295c9604a8d543685d4ec3faa75bb,156158,1,mlk_montgomery_cleanroom/MONT_WORKTREE_af4c5abd/proofs/cbmc/mont_t2a_p3_witness_NN/gotos/mont_t2a_p3_witness_NN_harness0700.goto,provenance/montgomery-reduce/source-snapshots/base-worktree-af4c5abd/proofs/cbmc/mont_t2a_p3_witness_NN/gotos/mont_t2a_p3_witness_NN_harness0700.goto
25537257adf04a0db9764a1034f0f7af0be25ec0a37c47faff81fb32ee93c5f1,6836,36,mlk_montgomery_cleanroom/MONT_WORKTREE_af4c5abd/examples/basic/mlkem_native/src/indcpa.h,provenance/montgomery-reduce/source-snapshots/base-worktree-af4c5abd/examples/basic/mlkem_native/src/indcpa.h
255ed8d5b41aa8c2c9cfdfe761c4774cc15d15a375d55e9adad63335c8c58c09,2094,3,mlk_montgomery_cleanroom/MONT_WORKTREE_af4c5abd/test/abicheck/x86_64/checks/check_ntt_avx2_asm.c,provenance/montgomery-reduce/source-snapshots/base-worktree-af4c5abd/test/abicheck/x86_64/checks/check_ntt_avx2_asm.c
25a0b546366f0e752f1f092ad5f0c3cac413dcf185c73bca0b1f68bcfd6dcde4,838,3,mlk_montgomery_cleanroom/MONT_WORKTREE_af4c5abd/nix/avr/default.nix,provenance/montgomery-reduce/source-snapshots/base-worktree-af4c5abd/nix/avr/default.nix
25d9456f854e43e3ed9b5028dc845f0b4a404d4077c511e0d5ab2699e1502204,95325,1,mlk_montgomery_cleanroom/MONT01B_R1_M2_M3_20260726T150507Z/M3_SHIFT_BY_15/direct-cbmc.log,experiments/montgomery-reduce/MONT01-exact-refinement/raw-runs/03-mutation-sensitivity/03-retry-m2-partial/MONT01B_R1_M2_M3_20260726T150507Z/M3_SHIFT_BY_15/direct-cbmc.log
2618867e190325b7b7072b9e7f768439fb85ff739fb99ee551ce65a08a29bfae,56314,3,mlk_montgomery_cleanroom/MONT_WORKTREE_af4c5abd/proofs/hol_light/x86_64/proofs/poly_compress_d10_avx2_asm.ml,provenance/montgomery-reduce/source-snapshots/base-worktree-af4c5abd/proofs/hol_light/x86_64/proofs/poly_compress_d10_avx2_asm.ml
263ac19f2b2bf5c784cbf04fd4c968762abedc6961d44f507c8953b52a38827e,1605,36,mlk_montgomery_cleanroom/MONT_WORKTREE_af4c5abd/examples/basic/mlkem_native/src/debug.c,provenance/montgomery-reduce/source-snapshots/base-worktree-af4c5abd/examples/basic/mlkem_native/src/debug.c
26455eb3cafa245be446a96fc1c81723549e8c5618227d33467bb181fb522777,3585,3,mlk_montgomery_cleanroom/MONT_WORKTREE_af4c5abd/dev/x86_64/src/poly_decompress_d4_avx2_asm.S,provenance/montgomery-reduce/source-snapshots/base-worktree-af4c5abd/dev/x86_64/src/poly_decompress_d4_avx2_asm.S
266193e9a3c982d9eda2714d5ae1a0cab705719db6e02ca86ff6ffe880a70ae3,162383,2,mlk_montgomery_cleanroom/MONT00B_MONT01A_20260726T134739Z/MONT_T1_PROOF_SNAPSHOT/gotos/mont_t1_exact_refinement_harness.goto,experiments/montgomery-reduce/MONT01-exact-refinement/raw-runs/00-theorem-freeze-and-initial-proof/MONT00B_MONT01A_20260726T134739Z/MONT_T1_PROOF_SNAPSHOT/gotos/mont_t1_exact_refinement_harness.goto
26db15766cbf03b236af46f992b9ece4b1b097718f1ac49c573b73f724b46777,888,3,mlk_montgomery_cleanroom/MONT_WORKTREE_af4c5abd/scripts/README.md,provenance/montgomery-reduce/source-snapshots/base-worktree-af4c5abd/scripts/README.md
26dc3496091885305535526a9ec2c7a09ad883ed1eb4e374be79df28adf7be29,357,3,mlk_montgomery_cleanroom/MONT_WORKTREE_af4c5abd/proofs/cbmc/sha3_512/sha3_512_harness.c,provenance/montgomery-reduce/source-snapshots/base-worktree-af4c5abd/proofs/cbmc/sha3_512/sha3_512_harness.c
2713eefed0a88b83139701705d7d1d6fa696f6babd5aae712e26f69277899960,28740,3,mlk_montgomery_cleanroom/MONT_WORKTREE_af4c5abd/proofs/hol_light/x86_64/proofs/mlkem_compress_common.ml,provenance/montgomery-reduce/source-snapshots/base-worktree-af4c5abd/proofs/hol_light/x86_64/proofs/mlkem_compress_common.ml
2725f58c765e21e10f30a9997714922687f9e0e485974f1accf2d8d8b42f0e00,1837,3,mlk_montgomery_cleanroom/MONT_WORKTREE_af4c5abd/nix/zephyr/default.nix,provenance/montgomery-reduce/source-snapshots/base-worktree-af4c5abd/nix/zephyr/default.nix
272e46991f5f22f5e92dbfddc54f7ac8622b2162a1b6e3b984cb5acca835166c,8241,27,mlk_montgomery_cleanroom/MONT_WORKTREE_af4c5abd/examples/basic/mlkem_native/src/native/ppc64le/src/poly_tomont_ppc_asm.S,provenance/montgomery-reduce/source-snapshots/base-worktree-af4c5abd/examples/basic/mlkem_native/src/native/ppc64le/src/poly_tomont_ppc_asm.S
2733110e3a2457d1d0c2d04fe1407b86925dafbb6772a6c8749b1a6994bf9aab,524,1,mlk_montgomery_cleanroom/MONT_T3_WORKTREE_af4c5abd/proofs/cbmc/mont_t3_p5_distributivity/logs/slice_global_inits-log.txt,provenance/montgomery-reduce/worktree-deltas/MONT03-fqmul-algebra-delta/proofs/cbmc/mont_t3_p5_distributivity/logs/slice_global_inits-log.txt
2748f5adee7f2a50008ba934459533e183b1cebe581eedcb85ece373516bd915,1589,27,mlk_montgomery_cleanroom/MONT_WORKTREE_af4c5abd/examples/basic/mlkem_native/src/native/x86_64/src/compress_consts.h,provenance/montgomery-reduce/source-snapshots/base-worktree-af4c5abd/examples/basic/mlkem_native/src/native/x86_64/src/compress_consts.h
2771fab9c0f2008e56ea66e7a7bec0f7bb2712de9dfe325f805a8f0716814554,2361,3,mlk_montgomery_cleanroom/MONT_WORKTREE_af4c5abd/proofs/cbmc/poly_compress_d11_native_x86_64/Makefile,provenance/montgomery-reduce/source-snapshots/base-worktree-af4c5abd/proofs/cbmc/poly_compress_d11_native_x86_64/Makefile
279c2acc573510b867192faa70ce07c2441d5f31273a364536eb1b9c310e0f51,2110,3,mlk_montgomery_cleanroom/MONT_WORKTREE_af4c5abd/dev/x86_64/src/poly_mulcache_compute_avx2_asm.S,provenance/montgomery-reduce/source-snapshots/base-worktree-af4c5abd/dev/x86_64/src/poly_mulcache_compute_avx2_asm.S
27b96db4b3f6cb24af4657530d0bd40486775f4c25d568d3afa363c7e213f3eb,54,1,mlk_montgomery_cleanroom/MONT_T3_WORKTREE_af4c5abd/proofs/cbmc/mont_t3_p1_refinement/.litani_cache_dir,provenance/montgomery-reduce/worktree-deltas/MONT03-fqmul-algebra-delta/proofs/cbmc/mont_t3_p1_refinement/.litani_cache_dir
27d0cf3cf2fd35ad10bb3c57ae03dc05f1dd4d4bab8a78ed85074f81289426f1,130543,1,mlk_montgomery_cleanroom/MONT_WORKTREE_af4c5abd/proofs/cbmc/mont_t2a_p3_single_call_decomposition/gotos/mont_t2a_p3_single_call_decomposition_harness0400.goto,provenance/montgomery-reduce/source-snapshots/base-worktree-af4c5abd/proofs/cbmc/mont_t2a_p3_single_call_decomposition/gotos/mont_t2a_p3_single_call_decomposition_harness0400.goto
27fb982533f7521552c7d1be340b81313916c2d0c15b2e14adb9a4e71e349f9a,2494,3,mlk_montgomery_cleanroom/MONT_WORKTREE_af4c5abd/proofs/cbmc/indcpa_keypair_derand/Makefile,provenance/montgomery-reduce/source-snapshots/base-worktree-af4c5abd/proofs/cbmc/indcpa_keypair_derand/Makefile
282dca2ed3745e72b49afd87d2061ebdd0c39bd7216df579b6eb9ef30753a034,310,3,mlk_montgomery_cleanroom/MONT_WORKTREE_af4c5abd/proofs/cbmc/scalar_compress_d5/scalar_compress_d5_harness.c,provenance/montgomery-reduce/source-snapshots/base-worktree-af4c5abd/proofs/cbmc/scalar_compress_d5/scalar_compress_d5_harness.c
28efee5030e30a609c177835eaae31c0e3502156943792b7f029d5091ada23b5,75931,3,mlk_montgomery_cleanroom/MONT_WORKTREE_af4c5abd/proofs/hol_light/x86_64/proofs/rej_uniform_avx2_asm.ml,provenance/montgomery-reduce/source-snapshots/base-worktree-af4c5abd/proofs/hol_light/x86_64/proofs/rej_uniform_avx2_asm.ml
293da27ecc62219687fb4667dcfe2fc77b468be6b6b787b4736187a9a8606bc2,1895,3,mlk_montgomery_cleanroom/MONT_WORKTREE_af4c5abd/proofs/cbmc/scalar_decompress_d10/Makefile,provenance/montgomery-reduce/source-snapshots/base-worktree-af4c5abd/proofs/cbmc/scalar_decompress_d10/Makefile
2972c933b7dba42abe62b6ec6f8ffd172aa58e9587979e9c54e710ec9dc9b3eb,4380,1,mlk_montgomery_cleanroom/MONT03A_T3_PARALLEL_20260726T165032Z/T3_SEMANTIC_BUILD.log,experiments/montgomery-reduce/MONT03-normalized-fqmul-algebra/raw-runs/03-semantic-direct-run/MONT03A_T3_PARALLEL_20260726T165032Z/T3_SEMANTIC_BUILD.log
29739c4d124609e1d49b2e0df82ba11b87a72a499198476d646d143cd104b8d1,6000,3,mlk_montgomery_cleanroom/MONT_WORKTREE_af4c5abd/examples/monolithic_build_multilevel_native/main.c,provenance/montgomery-reduce/source-snapshots/base-worktree-af4c5abd/examples/monolithic_build_multilevel_native/main.c
298ddc4327c91ab9c91b46dcd47426a167833aeeb7160088c025e04efe823dc7,8178,3,mlk_montgomery_cleanroom/MONT_WORKTREE_af4c5abd/proofs/hol_light/x86_64/mlkem/poly_compress_d5_avx2_asm.S,provenance/montgomery-reduce/source-snapshots/base-worktree-af4c5abd/proofs/hol_light/x86_64/mlkem/poly_compress_d5_avx2_asm.S
29a3c9f82b92b5d8c6a126a19701abbfa04d098fc89f040a3e0622a93b3cc141,486,1,mlk_montgomery_cleanroom/MONT_WORKTREE_af4c5abd/proofs/cbmc/montgomery_reduce/logs/slice_global_inits-log.txt,provenance/montgomery-reduce/source-snapshots/base-worktree-af4c5abd/proofs/cbmc/montgomery_reduce/logs/slice_global_inits-log.txt
29a972350579f3826dd5a485882674212774e07eb9c03e4a63f370fd5b033d16,265,3,mlk_montgomery_cleanroom/MONT_WORKTREE_af4c5abd/proofs/cbmc/ct_cmask_nonzero_u8/ct_cmask_nonzero_u8_harness.c,provenance/montgomery-reduce/source-snapshots/base-worktree-af4c5abd/proofs/cbmc/ct_cmask_nonzero_u8/ct_cmask_nonzero_u8_harness.c
29cf28387fdee46a7527cbc427a1d40d0355c1dc7e418ffbc0a8421b4b455434,117798,1,mlk_montgomery_cleanroom/MONT_T3_WORKTREE_af4c5abd/proofs/cbmc/mont_t3_p4_montgomery_one/gotos/project0100.goto,provenance/montgomery-reduce/worktree-deltas/MONT03-fqmul-algebra-delta/proofs/cbmc/mont_t3_p4_montgomery_one/gotos/project0100.goto
29f797a1c7d31c0c056325d9be4d272df7b991cbe587ae89eeed7876bb28ed7e,430,1,mlk_montgomery_cleanroom/MONT_WORKTREE_af4c5abd/proofs/cbmc/montgomery_reduce/logs/restrict_function_pointer-log.txt,provenance/montgomery-reduce/source-snapshots/base-worktree-af4c5abd/proofs/cbmc/montgomery_reduce/logs/restrict_function_pointer-log.txt
2a292a911d2783d6cf4eac182aa0e262aedb787b0861df2496f3a85d50731b22,2057,3,mlk_montgomery_cleanroom/MONT_WORKTREE_af4c5abd/proofs/cbmc/poly_mulcache_compute/Makefile,provenance/montgomery-reduce/source-snapshots/base-worktree-af4c5abd/proofs/cbmc/poly_mulcache_compute/Makefile
2a3a8c460ed962353104a31ee045bb95365178beedb51547fd335b5dba3f68a3,508,1,mlk_montgomery_cleanroom/MONT_T3_WORKTREE_af4c5abd/proofs/cbmc/mont_t3_p1_refinement/logs/slice_global_inits-log.txt,provenance/montgomery-reduce/worktree-deltas/MONT03-fqmul-algebra-delta/proofs/cbmc/mont_t3_p1_refinement/logs/slice_global_inits-log.txt
2a4489df76b97cc03126f272f854bcfd3aa5b74f0268fffce77658d48a42194b,1224,1,mlk_montgomery_cleanroom/MONT_T4_WORKTREE_af4c5abd_20260726T225651Z/proofs/cbmc/mont_t4_p1_p4_roundtrip_zero/mont_t4_p1_p4_roundtrip_zero_harness.c,provenance/montgomery-reduce/worktree-deltas/MONT04-poly-tomont-delta/proofs/cbmc/mont_t4_p1_p4_roundtrip_zero/mont_t4_p1_p4_roundtrip_zero_harness.c
2a4b5b7c6b3179c95b5ac4c206aca82c62d71310603ca4116d1acedb7c8bd724,3758,3,mlk_montgomery_cleanroom/MONT_WORKTREE_af4c5abd/proofs/hol_light/aarch64/proofs/mlkem_utils.ml,provenance/montgomery-reduce/source-snapshots/base-worktree-af4c5abd/proofs/hol_light/aarch64/proofs/mlkem_utils.ml
2a83df86204cb9b3602a019619a26c24876b2921254caaae53080bff8889f7b2,4214,27,mlk_montgomery_cleanroom/MONT_WORKTREE_af4c5abd/examples/basic/mlkem_native/src/native/aarch64/meta.h,provenance/montgomery-reduce/source-snapshots/base-worktree-af4c5abd/examples/basic/mlkem_native/src/native/aarch64/meta.h
2ad10a83fd66b88cc012d206531d148d9f85625e969703a486591ccc0433c3d2,6534,3,mlk_montgomery_cleanroom/MONT_WORKTREE_af4c5abd/nix/util.nix,provenance/montgomery-reduce/source-snapshots/base-worktree-af4c5abd/nix/util.nix
2af78a85aa2811e4356026b7ed858db08aada4ec971c63873b99dd8d7950e0da,5370,3,mlk_montgomery_cleanroom/MONT_WORKTREE_af4c5abd/.github/workflows/integration-pavona.yml,provenance/montgomery-reduce/source-snapshots/base-worktree-af4c5abd/.github/workflows/integration-pavona.yml
2b392cb520706e848f3a417d417c08165044f9066c9dd1ded8f292280e513440,19359,27,mlk_montgomery_cleanroom/MONT_WORKTREE_af4c5abd/examples/basic/mlkem_native/src/native/x86_64/src/poly_compress_d11_avx2_asm.S,provenance/montgomery-reduce/source-snapshots/base-worktree-af4c5abd/examples/basic/mlkem_native/src/native/x86_64/src/poly_compress_d11_avx2_asm.S
2b6366af6ef9f732dff9e6213e801a443d37d73b3ab365156a8f7fd4ae542584,136153,3,mlk_montgomery_cleanroom/MONT_WORKTREE_af4c5abd/dev/aarch64_opt/src/ntt_aarch64_asm.S,provenance/montgomery-reduce/source-snapshots/base-worktree-af4c5abd/dev/aarch64_opt/src/ntt_aarch64_asm.S
2b659c9fa42c1ed8f407b5175436699b5484e2948ed59701348433042718ab75,367,1,mlk_montgomery_cleanroom/MONT_WORKTREE_af4c5abd/proofs/cbmc/mont_t2a_arbitrary_pair/logs/unwind_loops-log.txt,provenance/montgomery-reduce/source-snapshots/base-worktree-af4c5abd/proofs/cbmc/mont_t2a_arbitrary_pair/logs/unwind_loops-log.txt
2ba2dedfff9c3e118449cb15e884b76d235e88345a1d2721a5f559ec91ed6aa0,397,1,mlk_montgomery_cleanroom/MONT_T3_WORKTREE_af4c5abd/proofs/cbmc/mont_t3_p1_refinement/logs/linking-library-models-log.txt,provenance/montgomery-reduce/worktree-deltas/MONT03-fqmul-algebra-delta/proofs/cbmc/mont_t3_p1_refinement/logs/linking-library-models-log.txt
2ba70e8900250d9e2affba2304e81b40180ffd24e97b73509a79e9ebd3fb1da9,812,3,mlk_montgomery_cleanroom/MONT_WORKTREE_af4c5abd/nix/hol_light/hol_server.nix,provenance/montgomery-reduce/source-snapshots/base-worktree-af4c5abd/nix/hol_light/hol_server.nix
2bee4bbed28a072e2b36e5cee258a018fe58cbf705944f93c34d0bd1257dd5b6,284,6,mlk_montgomery_cleanroom/MONT_WORKTREE_af4c5abd/proofs/cbmc/poly_compress_d5/poly_compress_d5_harness.c,provenance/montgomery-reduce/source-snapshots/base-worktree-af4c5abd/proofs/cbmc/poly_compress_d5/poly_compress_d5_harness.c
2bfcf066dd68d747f3b283504be3e6aa9abb28d6d68a3cffcf4980706bdd349f,3253,3,mlk_montgomery_cleanroom/MONT_WORKTREE_af4c5abd/proofs/cbmc/README.md,provenance/montgomery-reduce/source-snapshots/base-worktree-af4c5abd/proofs/cbmc/README.md
2c0bbad8d5c217ecb7b853d5c86bbb2c59a4270356491ed5c5bd3ec8ce21325f,54,1,mlk_montgomery_cleanroom/MONT_WORKTREE_af4c5abd/proofs/cbmc/mont_t2_relational_fibre/.litani_cache_dir,provenance/montgomery-reduce/source-snapshots/base-worktree-af4c5abd/proofs/cbmc/mont_t2_relational_fibre/.litani_cache_dir
2c58087f72460b3f5b743866c40618affc144d5af511eba51daac9d70b95f912,1889,3,mlk_montgomery_cleanroom/MONT_WORKTREE_af4c5abd/proofs/cbmc/scalar_compress_d10/Makefile,provenance/montgomery-reduce/source-snapshots/base-worktree-af4c5abd/proofs/cbmc/scalar_compress_d10/Makefile
2cb357e210b92e457966d257cb3deda02bc327be090a7814b3bd2f22319ef893,2319,3,mlk_montgomery_cleanroom/MONT_WORKTREE_af4c5abd/dev/aarch64_clean/src/poly_tobytes_aarch64_asm.S,provenance/montgomery-reduce/source-snapshots/base-worktree-af4c5abd/dev/aarch64_clean/src/poly_tobytes_aarch64_asm.S
2cfb835bb54cdfd34b49d77c02013f31f3ade1330e1f12d2a448f6fbb558d6a1,205,1,mlk_montgomery_cleanroom/MONT02A_FULL_T2_FUNCTIONAL_20260726T170048Z/MONT02A_FULL_T2_CAPTURE_20260726T170048Z.txt.sha256,experiments/montgomery-reduce/MONT02-relational-low-word-laws/raw-runs/03-full-functional-cbmc-attempt-3/MONT02A_FULL_T2_FUNCTIONAL_20260726T170048Z/MONT02A_FULL_T2_CAPTURE_20260726T170048Z.txt.sha256
2d24b65460307a6a2d2810d1ad60a228d264af78213e505a2ac36bee797b11ff,1934,3,mlk_montgomery_cleanroom/MONT_WORKTREE_af4c5abd/test/abicheck/x86_64/checks/check_tomont_avx2_asm.c,provenance/montgomery-reduce/source-snapshots/base-worktree-af4c5abd/test/abicheck/x86_64/checks/check_tomont_avx2_asm.c
2d295246947c5316a9834fe52bf3ab14e42963dc269eaafd938ecadda9964d17,120626,1,mlk_montgomery_cleanroom/MONT_WORKTREE_af4c5abd/proofs/cbmc/mont_t2a_p3_witness_NN/gotos/project0200.goto,provenance/montgomery-reduce/source-snapshots/base-worktree-af4c5abd/proofs/cbmc/mont_t2a_p3_witness_NN/gotos/project0200.goto
2d4577beddac93f935875e252e06492305337947f56555ae7ac0acc2ac4bbc59,395,1,mlk_montgomery_cleanroom/MONT_WORKTREE_af4c5abd/proofs/cbmc/mont_t2a_p3_witness_PP/logs/linking-library-models-log.txt,provenance/montgomery-reduce/source-snapshots/base-worktree-af4c5abd/proofs/cbmc/mont_t2a_p3_witness_PP/logs/linking-library-models-log.txt
2d561aba2f49b6fa1db9f0053b1dce67bf795737d8085041bfbb30db0edeb2af,3119,3,mlk_montgomery_cleanroom/MONT_WORKTREE_af4c5abd/dev/README.md,provenance/montgomery-reduce/source-snapshots/base-worktree-af4c5abd/dev/README.md
2d741703ea932bf788aa1a7b0d942ee1c8ac3782ac6d826174ac7c5bf858f3e9,2441,3,mlk_montgomery_cleanroom/MONT_WORKTREE_af4c5abd/proofs/cbmc/poly_mulcache_compute_native_x86_64/Makefile,provenance/montgomery-reduce/source-snapshots/base-worktree-af4c5abd/proofs/cbmc/poly_mulcache_compute_native_x86_64/Makefile
2da438f0ec032188c36b8259bff3a89e4ec916276f3b31534029dca872fd5156,210,1,mlk_montgomery_cleanroom/MONT00A_SOURCE_NATIVE_ANALYSIS_20260726T133019Z/MONT00A_TERMINAL_CAPTURE_20260726T133019Z.txt.sha256,experiments/montgomery-reduce/00-campaign-context/source-analysis/MONT00A_SOURCE_NATIVE_ANALYSIS_20260726T133019Z/MONT00A_TERMINAL_CAPTURE_20260726T133019Z.txt.sha256
2da4dde9e0222528c7d78483952686ccd9b5738f1b389b4dfe7ed736978e5212,294,3,mlk_montgomery_cleanroom/MONT_WORKTREE_af4c5abd/proofs/cbmc/kem_enc/kem_enc_harness.c,provenance/montgomery-reduce/source-snapshots/base-worktree-af4c5abd/proofs/cbmc/kem_enc/kem_enc_harness.c
2daeb1924916fa2f6ddd8bd80971ca31a1c7f4bf3afa77d63194d0cc1a8c788d,305,12,mlk_montgomery_cleanroom/MONT_WORKTREE_af4c5abd/proofs/cbmc/keccak_f1600_x4_native_aarch64_v84a/keccak_f1600_x4_native_aarch64_v84a_harness.c,provenance/montgomery-reduce/source-snapshots/base-worktree-af4c5abd/proofs/cbmc/keccak_f1600_x4_native_aarch64_v84a/keccak_f1600_x4_native_aarch64_v84a_harness.c
2dbfa33ba88a2c62a9560f79a75f94730da921db74ac259691634f33564c131d,262,3,mlk_montgomery_cleanroom/MONT_WORKTREE_af4c5abd/proofs/cbmc/polyvec_frombytes/polyvec_frombytes_harness.c,provenance/montgomery-reduce/source-snapshots/base-worktree-af4c5abd/proofs/cbmc/polyvec_frombytes/polyvec_frombytes_harness.c
2ddfdb9cca21ee8d895b0dd6f89d453ba1c4ee274cdd734e276601c5ef83af80,445,1,mlk_montgomery_cleanroom/MONT02A_FULL_T2_FUNCTIONAL_20260726T192057Z/P3_PN/summary.txt,experiments/montgomery-reduce/MONT02-relational-low-word-laws/raw-runs/06-p3-sign-partition-complete/MONT02A_FULL_T2_FUNCTIONAL_20260726T192057Z/P3_PN/summary.txt
2df8847c7ad95cb2c8fb397821e689777243b6dcc3651b27b7fe48a838f8fb4d,54,1,mlk_montgomery_cleanroom/MONT_T3_WORKTREE_af4c5abd/proofs/cbmc/mont_t3_p4_montgomery_one/.litani_cache_dir,provenance/montgomery-reduce/worktree-deltas/MONT03-fqmul-algebra-delta/proofs/cbmc/mont_t3_p4_montgomery_one/.litani_cache_dir
2e2029b956f46f49b101f05f057aeaba4e8ea5ea498af4ee730e303d1ad88f3a,269,2,mlk_montgomery_cleanroom/MONT02A_FULL_T2_FUNCTIONAL_20260726T192057Z/P3_NP/build.log.clean,experiments/montgomery-reduce/MONT02-relational-low-word-laws/raw-runs/06-p3-sign-partition-complete/MONT02A_FULL_T2_FUNCTIONAL_20260726T192057Z/P3_NP/build.log.clean
2e481ccbafc00765b210725c8e454f2b4dc622844eccf6a0c1e025657fcb5fe8,7353,30,mlk_montgomery_cleanroom/MONT_WORKTREE_af4c5abd/examples/basic/mlkem_native/src/fips202/fips202x4.c,provenance/montgomery-reduce/source-snapshots/base-worktree-af4c5abd/examples/basic/mlkem_native/src/fips202/fips202x4.c
2e8291b48f81cb0093d9f31bf547e2572f411e33947312d21e817b6bf58974bd,357,3,mlk_montgomery_cleanroom/MONT_WORKTREE_af4c5abd/proofs/cbmc/sha3_256/sha3_256_harness.c,provenance/montgomery-reduce/source-snapshots/base-worktree-af4c5abd/proofs/cbmc/sha3_256/sha3_256_harness.c
2e8c619d2af18189e0decc36452bd886ccfca6541f97cdded4c7be1ce1dec0dd,369,1,mlk_montgomery_cleanroom/MONT_T4_WORKTREE_af4c5abd_20260726T225651Z/proofs/cbmc/mont_t4_p1_p4_roundtrip_zero/logs/remove_function_body-log.txt,provenance/montgomery-reduce/worktree-deltas/MONT04-poly-tomont-delta/proofs/cbmc/mont_t4_p1_p4_roundtrip_zero/logs/remove_function_body-log.txt
2eac1ade9b3b6248b54fa3db6da2bdbe778368fccb53f8b7dce8e99318c91eb0,1975,3,mlk_montgomery_cleanroom/MONT_WORKTREE_af4c5abd/examples/multilevel_build/README.md,provenance/montgomery-reduce/source-snapshots/base-worktree-af4c5abd/examples/multilevel_build/README.md
2f316ee190793ba5f7104b9eec34d75c52acec78f30e8babb66e6800d35035c6,1498,3,mlk_montgomery_cleanroom/MONT_WORKTREE_af4c5abd/test/baremetal/platform/avr/platform.mk,provenance/montgomery-reduce/source-snapshots/base-worktree-af4c5abd/test/baremetal/platform/avr/platform.mk
2f4ff710bb31e96c73a00c2348fcf5114e6fe4fa985be499edc490ce75c4525d,134476,1,mlk_montgomery_cleanroom/MONT_WORKTREE_af4c5abd/proofs/cbmc/mont_t2a_p3_witness_NN/gotos/mont_t2a_p3_witness_NN_harness0100.goto,provenance/montgomery-reduce/source-snapshots/base-worktree-af4c5abd/proofs/cbmc/mont_t2a_p3_witness_NN/gotos/mont_t2a_p3_witness_NN_harness0100.goto
2f512c46592931780db42d08881e70b1c6ef99e4ffe5f04b71e57f5f4aa85447,592,1,mlk_montgomery_cleanroom/MONT03C_FUNCTIONAL_NONVACUITY_20260726T223037Z/P23_FUNCTIONAL.log,experiments/montgomery-reduce/MONT03-normalized-fqmul-algebra/raw-runs/10-complete-functional-nonvacuity/MONT03C_FUNCTIONAL_NONVACUITY_20260726T223037Z/P23_FUNCTIONAL.log
2fc04fc910904e88cba8fef0a9f7ff9a4c0fe02042e79fc60bc03f4265fa3dab,858,1,mlk_montgomery_cleanroom/MONT02A_FULL_T2_FUNCTIONAL_20260726T175148Z/A_PROPERTY_LOGS/d7bd3860b4c67c49258b.log,experiments/montgomery-reduce/MONT02-relational-low-word-laws/raw-runs/04-sharded-property-run/MONT02A_FULL_T2_FUNCTIONAL_20260726T175148Z/A_PROPERTY_LOGS/d7bd3860b4c67c49258b.log
2fd59471ed0e76f9b9df2323a860d892a96bbb5727eacbea38c817196ce7a2c7,568,1,mlk_montgomery_cleanroom/MONT_T4_WORKTREE_af4c5abd_20260726T225651Z/proofs/cbmc/mont_t4_p2_p3_p5_bijection_locality/logs/drop_unused_functions-log.txt,provenance/montgomery-reduce/worktree-deltas/MONT04-poly-tomont-delta/proofs/cbmc/mont_t4_p2_p3_p5_bijection_locality/logs/drop_unused_functions-log.txt
2fd85c727b183fb87e8ab3bb66fccb080ee85fd8121f1d53d4c270743f24fac7,739,1,mlk_montgomery_cleanroom/MONT03C_FUNCTIONAL_NONVACUITY_20260726T222638Z/MONT03C_TERMINAL_CAPTURE_20260726T222638Z.txt,experiments/montgomery-reduce/MONT03-normalized-fqmul-algebra/raw-runs/08-nonvacuity-attempt-1/MONT03C_FUNCTIONAL_NONVACUITY_20260726T222638Z/MONT03C_TERMINAL_CAPTURE_20260726T222638Z.txt
2fe29cf85123a7c93fedf93af912fa5f5e29f288662ac178e929d62466506007,510,1,mlk_montgomery_cleanroom/MONT_WORKTREE_af4c5abd/proofs/cbmc/mont_t2a_arbitrary_pair/logs/slice_global_inits-log.txt,provenance/montgomery-reduce/source-snapshots/base-worktree-af4c5abd/proofs/cbmc/mont_t2a_arbitrary_pair/logs/slice_global_inits-log.txt
2fe4175d3d79e31b61d500f16402ecb33c07e1769e064862c61b8901aac12e9d,592,3,mlk_montgomery_cleanroom/MONT_WORKTREE_af4c5abd/test/baremetal/platform/avr/init7.S,provenance/montgomery-reduce/source-snapshots/base-worktree-af4c5abd/test/baremetal/platform/avr/init7.S
300725b916d1fa1895f4b194d2ffa2ca0c8316111cc9dbea21678c82505a05b5,1796,9,mlk_montgomery_cleanroom/MONT_WORKTREE_af4c5abd/examples/bring_your_own_fips202/custom_fips202/tiny_sha3/README.md,provenance/montgomery-reduce/source-snapshots/base-worktree-af4c5abd/examples/bring_your_own_fips202/custom_fips202/tiny_sha3/README.md
3007f17182521a1fb9c6c4804df133e0caa4703ef434648e5d461c28ad3e7ba7,4194,1,mlk_montgomery_cleanroom/MONT_T3_WORKTREE_af4c5abd/proofs/cbmc/mont_t3_p6_associativity/.ninja_log,provenance/montgomery-reduce/worktree-deltas/MONT03-fqmul-algebra-delta/proofs/cbmc/mont_t3_p6_associativity/.ninja_log
30250d74658768033e0e47e0ee69ebb9d130c09a2dbfbcce65e2c8e24cdd0aee,427,1,mlk_montgomery_cleanroom/MONT_T4_WORKTREE_af4c5abd_20260726T225651Z/proofs/cbmc/mont_t4_p1_p4_roundtrip_zero/logs/check_function_contracts-log.txt,provenance/montgomery-reduce/worktree-deltas/MONT04-poly-tomont-delta/proofs/cbmc/mont_t4_p1_p4_roundtrip_zero/logs/check_function_contracts-log.txt
303d1abccc4757d49a5c8df5f88080fefef617b7360056db5311bd94354096d4,1337,36,mlk_montgomery_cleanroom/MONT_WORKTREE_af4c5abd/examples/basic/mlkem_native/src/zetas.inc,provenance/montgomery-reduce/source-snapshots/base-worktree-af4c5abd/examples/basic/mlkem_native/src/zetas.inc
304480b2fac3fbc9ac027b7fc2875717a65cdd8bccd0e1f2ee74286b149c1786,47275,1,mlk_montgomery_cleanroom/MONT_WORKTREE_af4c5abd/proofs/cbmc/mont_t2a_p3_witness_PN/gotos/proof0100.goto,provenance/montgomery-reduce/source-snapshots/base-worktree-af4c5abd/proofs/cbmc/mont_t2a_p3_witness_PN/gotos/proof0100.goto
306e7db336168c35e696e5965d11c942669a490fbc27ca38fdbd8b9810734467,2031,1,mlk_montgomery_cleanroom/MONT_T3_WORKTREE_af4c5abd/proofs/cbmc/mont_t3_p2_p3_relational/Makefile,provenance/montgomery-reduce/worktree-deltas/MONT03-fqmul-algebra-delta/proofs/cbmc/mont_t3_p2_p3_relational/Makefile
3082531c73f6bb346f01762ec4f75ef8c86c1d8a93b5af9cc9d85b537d94eed9,133621,2,mlk_montgomery_cleanroom/MONT00B_MONT01A_20260726T134739Z/MONT_T1_PROOF_SNAPSHOT/gotos/mont_t1_exact_refinement_harness0200.goto,experiments/montgomery-reduce/MONT01-exact-refinement/raw-runs/00-theorem-freeze-and-initial-proof/MONT00B_MONT01A_20260726T134739Z/MONT_T1_PROOF_SNAPSHOT/gotos/mont_t1_exact_refinement_harness0200.goto
30a3679a885c5c6e6d7312b57ad5a55e8f666495e4f5526b5d400a903ebb6cec,21082,27,mlk_montgomery_cleanroom/MONT_WORKTREE_af4c5abd/examples/basic/mlkem_native/src/native/aarch64/src/intt_aarch64_asm.S,provenance/montgomery-reduce/source-snapshots/base-worktree-af4c5abd/examples/basic/mlkem_native/src/native/aarch64/src/intt_aarch64_asm.S
30aa6ddce6398b400244c747f6a5653e9ac7fc7f75b43ca07e274a31081dd6a8,904,24,mlk_montgomery_cleanroom/MONT_WORKTREE_af4c5abd/examples/basic/mlkem_native/src/fips202/native/x86_64/keccak_f1600_x4_avx2.h,provenance/montgomery-reduce/source-snapshots/base-worktree-af4c5abd/examples/basic/mlkem_native/src/fips202/native/x86_64/keccak_f1600_x4_avx2.h
30e2dfadbb24b48af99c2516feede3d9f4a5ffe167cd696349fb99723316589e,1886,3,mlk_montgomery_cleanroom/MONT_WORKTREE_af4c5abd/proofs/cbmc/scalar_compress_d4/Makefile,provenance/montgomery-reduce/source-snapshots/base-worktree-af4c5abd/proofs/cbmc/scalar_compress_d4/Makefile
313ac13240374c2c74f1c70ec3a861f331082c5c2d3d9f4ea2e04deb88a59a80,483,3,mlk_montgomery_cleanroom/MONT_WORKTREE_af4c5abd/proofs/cbmc/rej_uniform_c/rej_uniform_c_harness.c,provenance/montgomery-reduce/source-snapshots/base-worktree-af4c5abd/proofs/cbmc/rej_uniform_c/rej_uniform_c_harness.c
318daff8367947f35adf20e005cc2702d21b25f2a86560627b1cfba579fcf67d,1997,4,mlk_montgomery_cleanroom/MONT03B_HARNESS_FREEZE_20260726T222052Z/NATIVE_fqmul_Makefile,experiments/montgomery-reduce/MONT03-normalized-fqmul-algebra/raw-runs/07-frozen-harness-family/MONT03B_HARNESS_FREEZE_20260726T222052Z/NATIVE_fqmul_Makefile
31a5c395ec7a2fcf084fc64e9e5b36d9b57c60f52242453970888f99a8cd033f,765,24,mlk_montgomery_cleanroom/MONT_WORKTREE_af4c5abd/examples/basic/mlkem_native/src/fips202/native/aarch64/x1_scalar.h,provenance/montgomery-reduce/source-snapshots/base-worktree-af4c5abd/examples/basic/mlkem_native/src/fips202/native/aarch64/x1_scalar.h
31c01bed70c5c2354ec1a59ff1b5f4d6951bb03d54c25d7024453df3aa25ef62,2018,3,mlk_montgomery_cleanroom/MONT_WORKTREE_af4c5abd/test/baremetal/platform/avr/avr_wrapper.c,provenance/montgomery-reduce/source-snapshots/base-worktree-af4c5abd/test/baremetal/platform/avr/avr_wrapper.c
3200c6dea105102cf67246bf1392b708024e9b8419d097a87564fcf619f5d9ee,24162,9,mlk_montgomery_cleanroom/MONT_WORKTREE_af4c5abd/examples/monolithic_build_multilevel_native/mlkem_native/mlkem_native_asm.S,provenance/montgomery-reduce/source-snapshots/base-worktree-af4c5abd/examples/monolithic_build_multilevel_native/mlkem_native/mlkem_native_asm.S
325432866180367b5b82fc293635469866b0e01fecd7a3b02f31d5732b3a0f7c,31009,3,mlk_montgomery_cleanroom/MONT_WORKTREE_af4c5abd/proofs/hol_light/x86_64/proofs/nttfrombytes_avx2_asm.ml,provenance/montgomery-reduce/source-snapshots/base-worktree-af4c5abd/proofs/hol_light/x86_64/proofs/nttfrombytes_avx2_asm.ml
3296abec65e2342fbecbc904893402e7f03bb4004f8488f70150a9bc25886afb,410,3,mlk_montgomery_cleanroom/MONT_WORKTREE_af4c5abd/.github/actionlint.yaml,provenance/montgomery-reduce/source-snapshots/base-worktree-af4c5abd/.github/actionlint.yaml
33030255964bffb490c486c67955b87deadaa7e0c785a672d5b00ac927c715ca,7687,27,mlk_montgomery_cleanroom/MONT_WORKTREE_af4c5abd/examples/basic/mlkem_native/src/native/x86_64/src/poly_decompress_d5_avx2_asm.S,provenance/montgomery-reduce/source-snapshots/base-worktree-af4c5abd/examples/basic/mlkem_native/src/native/x86_64/src/poly_decompress_d5_avx2_asm.S
3325f77beed60a557c9e4c4ed98209f9f1bff69c7816820332aae40c74e94337,29489,3,mlk_montgomery_cleanroom/MONT_WORKTREE_af4c5abd/proofs/hol_light/x86_64/proofs/poly_decompress_d4_avx2_asm.ml,provenance/montgomery-reduce/source-snapshots/base-worktree-af4c5abd/proofs/hol_light/x86_64/proofs/poly_decompress_d4_avx2_asm.ml
33419ee44a60bae20433c55323ca9497be54f2e8174a7462333ad4e36029ec06,495,2,mlk_montgomery_cleanroom/MONT02A_FULL_T2_FUNCTIONAL_20260726T192057Z/P3_NN/cbmc.log,experiments/montgomery-reduce/MONT02-relational-low-word-laws/raw-runs/06-p3-sign-partition-complete/MONT02A_FULL_T2_FUNCTIONAL_20260726T192057Z/P3_NN/cbmc.log
3349be304076b8f9059fc26b8afd8bbe0074c0d25682b0b6f2328fc861fc3378,9992,3,mlk_montgomery_cleanroom/MONT_WORKTREE_af4c5abd/test/baremetal/platform/aarch64-virt/semihosting.c,provenance/montgomery-reduce/source-snapshots/base-worktree-af4c5abd/test/baremetal/platform/aarch64-virt/semihosting.c
336933c7dc844fc882aa60ce2458724ea509c9fbddc299fe06750d256947b608,13356,3,mlk_montgomery_cleanroom/MONT_WORKTREE_af4c5abd/README.md,provenance/montgomery-reduce/source-snapshots/base-worktree-af4c5abd/README.md
339400ccae1c35718af216c4bb743792826a454fd35dc07feafc6d0111c9faf7,321,1,mlk_montgomery_cleanroom/MONT_T3_WORKTREE_af4c5abd/proofs/cbmc/mont_t3_p1_refinement/logs/remove_function_body-log.txt,provenance/montgomery-reduce/worktree-deltas/MONT03-fqmul-algebra-delta/proofs/cbmc/mont_t3_p1_refinement/logs/remove_function_body-log.txt
33b59cb86c458335cef4a7ae06f3e4844d0cf90315349a52729b9bf9854ef47b,3567,3,mlk_montgomery_cleanroom/MONT_WORKTREE_af4c5abd/examples/basic_deterministic/main.c,provenance/montgomery-reduce/source-snapshots/base-worktree-af4c5abd/examples/basic_deterministic/main.c
33dc7e02f7e89d2f085ff2ed90a51c5e4683573442e1131095a60536cb015e9c,180208,1,mlk_montgomery_cleanroom/MONT_T3_WORKTREE_af4c5abd/proofs/cbmc/mont_t3_p4_montgomery_one/gotos/mont_t3_p4_montgomery_one_harness0600.goto,provenance/montgomery-reduce/worktree-deltas/MONT03-fqmul-algebra-delta/proofs/cbmc/mont_t3_p4_montgomery_one/gotos/mont_t3_p4_montgomery_one_harness0600.goto
340c681fa9fd1adf44ccf412b47ffdd8ae66efa9abd02d4245acf2c0636bd570,687,3,mlk_montgomery_cleanroom/MONT_WORKTREE_af4c5abd/.github/workflows/slothy.yml,provenance/montgomery-reduce/source-snapshots/base-worktree-af4c5abd/.github/workflows/slothy.yml
3421879c7c7c641c4b552a5ece00333394e3a133ae346818adc30300be82a841,180962,1,mlk_montgomery_cleanroom/MONT_T3_WORKTREE_af4c5abd/proofs/cbmc/mont_t3_p2_p3_relational/gotos/mont_t3_p2_p3_relational_harness0600.goto,provenance/montgomery-reduce/worktree-deltas/MONT03-fqmul-algebra-delta/proofs/cbmc/mont_t3_p2_p3_relational/gotos/mont_t3_p2_p3_relational_harness0600.goto
3490091ad94be87298fb976845a36234dbe2499f37e385ef49f1858790350c1f,974,1,mlk_montgomery_cleanroom/MONT_WORKTREE_af4c5abd/proofs/cbmc/mont_t2a_p3_witness_NP/logs/check_function_contracts-log.txt,provenance/montgomery-reduce/source-snapshots/base-worktree-af4c5abd/proofs/cbmc/mont_t2a_p3_witness_NP/logs/check_function_contracts-log.txt
3491f2f41fdf90d7bb5b8bc3f4abce4390477cd835cca417ef790656a52f7b48,2051,3,mlk_montgomery_cleanroom/MONT_WORKTREE_af4c5abd/proofs/cbmc/invntt_layer/Makefile,provenance/montgomery-reduce/source-snapshots/base-worktree-af4c5abd/proofs/cbmc/invntt_layer/Makefile
34cc976e0f1e6b02118dbd8229941dfd496b3d7b62d025cb458c7c0140ac7d88,2296,3,mlk_montgomery_cleanroom/MONT_WORKTREE_af4c5abd/proofs/cbmc/kem_dec/Makefile,provenance/montgomery-reduce/source-snapshots/base-worktree-af4c5abd/proofs/cbmc/kem_dec/Makefile
34ceb2ecb5cdc4f03b830029a31b06ba44efa6bc0e8e615d45277765c57388e4,1256,27,mlk_montgomery_cleanroom/MONT_WORKTREE_af4c5abd/examples/basic/mlkem_native/src/native/riscv64/src/rv64v_zetas.inc,provenance/montgomery-reduce/source-snapshots/base-worktree-af4c5abd/examples/basic/mlkem_native/src/native/riscv64/src/rv64v_zetas.inc
34d8a3219b2f44c803607e77f197e156add6ab820c7eb6e4f63aebdf8c0bc0b6,11770,3,mlk_montgomery_cleanroom/MONT_WORKTREE_af4c5abd/test/mk/components.mk,provenance/montgomery-reduce/source-snapshots/base-worktree-af4c5abd/test/mk/components.mk
34e3268fab7a959d9b1e32d63c8656271e6afddd7d430107ce4e647410d72624,132328,1,mlk_montgomery_cleanroom/MONT_T3_WORKTREE_af4c5abd/proofs/cbmc/mont_t3_p6_associativity/gotos/mont_t3_p6_associativity_harness0500.goto,provenance/montgomery-reduce/worktree-deltas/MONT03-fqmul-algebra-delta/proofs/cbmc/mont_t3_p6_associativity/gotos/mont_t3_p6_associativity_harness0500.goto
34ec430df3fd1e2c9503147cedd644e47490fe07a22adba1f5581ce27ab6fd9d,1895,3,mlk_montgomery_cleanroom/MONT_WORKTREE_af4c5abd/proofs/cbmc/scalar_decompress_d11/Makefile,provenance/montgomery-reduce/source-snapshots/base-worktree-af4c5abd/proofs/cbmc/scalar_decompress_d11/Makefile
351b0951910a5f2f4c9a53efe324d0c5171b0d8e70dd2c11cb2e08da2d189170,3543,3,mlk_montgomery_cleanroom/MONT_WORKTREE_af4c5abd/examples/monolithic_build_native/main.c,provenance/montgomery-reduce/source-snapshots/base-worktree-af4c5abd/examples/monolithic_build_native/main.c
354b594ca02c66ea56305cd65601450823c43b39469db3edd8abec8e6d20e6ef,3043,3,mlk_montgomery_cleanroom/MONT_WORKTREE_af4c5abd/test/abicheck/README.md,provenance/montgomery-reduce/source-snapshots/base-worktree-af4c5abd/test/abicheck/README.md
357e891022deb9377ca03caa695dcbacb6fb389824c771719715fd967598d2ce,2720,4,mlk_montgomery_cleanroom/MONT02A_FULL_T2_FUNCTIONAL_20260726T170048Z/MONT02A_FULL_T2_CAPTURE_20260726T170048Z.txt,experiments/montgomery-reduce/MONT02-relational-low-word-laws/raw-runs/03-full-functional-cbmc-attempt-3/MONT02A_FULL_T2_FUNCTIONAL_20260726T170048Z/MONT02A_FULL_T2_CAPTURE_20260726T170048Z.txt
3594d02ea75aac142fa65dd23ba617302f07eee80339f587ffd3bb9145945796,339,1,mlk_montgomery_cleanroom/MONT01A_D2_20260726T141230Z/FALSE_CONTROL_MAKE_CLEAN.log,experiments/montgomery-reduce/MONT01-exact-refinement/raw-runs/02-authoritative-proof-and-false-control/MONT01A_D2_20260726T141230Z/FALSE_CONTROL_MAKE_CLEAN.log
35ae85ca0f4c5bcf4dfd41cd28d7ad4477da6e904c4008c30c92f06207fb10dc,27685,3,mlk_montgomery_cleanroom/MONT_WORKTREE_af4c5abd/proofs/hol_light/x86_64/mlkem/polyvec_basemul_acc_montgomery_cached_k3_avx2_asm.S,provenance/montgomery-reduce/source-snapshots/base-worktree-af4c5abd/proofs/hol_light/x86_64/mlkem/polyvec_basemul_acc_montgomery_cached_k3_avx2_asm.S
35fb8681480f8d8fbbfc9bd167cbaf665a4ae8eef604be4a5313d1024b2c99c1,1907549,1,mlk_montgomery_cleanroom/MONT03B_HARNESS_FREEZE_20260726T222052Z/PREEXISTING_T3_PROTOTYPES_20260726T222052Z.tar.gz,experiments/montgomery-reduce/MONT03-normalized-fqmul-algebra/raw-runs/07-frozen-harness-family/MONT03B_HARNESS_FREEZE_20260726T222052Z/PREEXISTING_T3_PROTOTYPES_20260726T222052Z.tar.gz
3601f238829f584219de93a05fb899aa9dce088340c3c3b2ee182a3148af28e3,2030,3,mlk_montgomery_cleanroom/MONT_WORKTREE_af4c5abd/proofs/cbmc/poly_frombytes/Makefile,provenance/montgomery-reduce/source-snapshots/base-worktree-af4c5abd/proofs/cbmc/poly_frombytes/Makefile
362054e435a2624d097c6fe6f55e4f9a70142ad9a6b70896011328fa9e4327fc,130539,1,mlk_montgomery_cleanroom/MONT_T4_WORKTREE_af4c5abd_20260726T225651Z/proofs/cbmc/mont_t4_p1_p4_roundtrip_zero/gotos/mont_t4_p1_p4_roundtrip_zero_harness0100.goto,provenance/montgomery-reduce/worktree-deltas/MONT04-poly-tomont-delta/proofs/cbmc/mont_t4_p1_p4_roundtrip_zero/gotos/mont_t4_p1_p4_roundtrip_zero_harness0100.goto
36846d207b3b17a8ea27e4c59b03cf931738dc987054b3a685db2c2fa1d00c62,2565,3,mlk_montgomery_cleanroom/MONT_WORKTREE_af4c5abd/.github/workflows/all.yml,provenance/montgomery-reduce/source-snapshots/base-worktree-af4c5abd/.github/workflows/all.yml
36e2d46df5795c5f421654b0b3ac84484a5690fca39b545e563517912cdf1b5f,2378,3,mlk_montgomery_cleanroom/MONT_WORKTREE_af4c5abd/proofs/cbmc/poly_reduce_native_aarch64/Makefile,provenance/montgomery-reduce/source-snapshots/base-worktree-af4c5abd/proofs/cbmc/poly_reduce_native_aarch64/Makefile
36efebf3af547925b28bb93498e99501583927e7056ed96ba8de09c12a8b934f,888,3,mlk_montgomery_cleanroom/MONT_WORKTREE_af4c5abd/.github/mlc_config.json,provenance/montgomery-reduce/source-snapshots/base-worktree-af4c5abd/.github/mlc_config.json
36fa0ed7d092a5c04bff34d0f1d97372ebc604d2d3c5588a23ce53c7966e30bc,2382,3,mlk_montgomery_cleanroom/MONT_WORKTREE_af4c5abd/test/abicheck/x86_64/checks/check_poly_decompress_d5_avx2_asm.c,provenance/montgomery-reduce/source-snapshots/base-worktree-af4c5abd/test/abicheck/x86_64/checks/check_poly_decompress_d5_avx2_asm.c
370bd50411c9ddc51e44f14c92eb8e80a7bdca2361d88421ab4081ac827a1280,325,1,mlk_montgomery_cleanroom/MONT_WORKTREE_af4c5abd/proofs/cbmc/mont_t2b_fibre_translation/logs/remove_function_body-log.txt,provenance/montgomery-reduce/source-snapshots/base-worktree-af4c5abd/proofs/cbmc/mont_t2b_fibre_translation/logs/remove_function_body-log.txt
375fa9b2468aa7813a4a7b1b0b8f51b2508f711165fd318a514f6041e70875fc,4686,3,mlk_montgomery_cleanroom/MONT_WORKTREE_af4c5abd/test/wycheproof/wycheproof_mlkem.c,provenance/montgomery-reduce/source-snapshots/base-worktree-af4c5abd/test/wycheproof/wycheproof_mlkem.c
37a0b576d9e7031be318b2439096b3636d975d2b5031d659e77ff60fb040b6d9,21881,2,mlk_montgomery_cleanroom/MONT01A_D2_20260726T141230Z/MONT_T1_AUTHORITATIVE_SNAPSHOT/logs/result.xml,experiments/montgomery-reduce/MONT01-exact-refinement/raw-runs/02-authoritative-proof-and-false-control/MONT01A_D2_20260726T141230Z/MONT_T1_AUTHORITATIVE_SNAPSHOT/logs/result.xml
37f1e1f046253d301ded2a55a4f575b7ecf47312d6d0af56007bcbc8ab896842,35695,3,mlk_montgomery_cleanroom/MONT_WORKTREE_af4c5abd/dev/aarch64_opt/src/polyvec_basemul_acc_montgomery_cached_k2_aarch64_asm.S,provenance/montgomery-reduce/source-snapshots/base-worktree-af4c5abd/dev/aarch64_opt/src/polyvec_basemul_acc_montgomery_cached_k2_aarch64_asm.S
3811acce65572d0ae2fe516a1190197d3688976195c2ac68121681a6c0fffc5d,2372,3,mlk_montgomery_cleanroom/MONT_WORKTREE_af4c5abd/proofs/cbmc/poly_decompress_d10_native_x86_64/Makefile,provenance/montgomery-reduce/source-snapshots/base-worktree-af4c5abd/proofs/cbmc/poly_decompress_d10_native_x86_64/Makefile
383dca1dc0542ae975018c433ee1066464da9a5c9282e56085d480ca5122df16,10862,3,mlk_montgomery_cleanroom/MONT_WORKTREE_af4c5abd/proofs/hol_light/aarch64/proofs/mlkem_zetas.ml,provenance/montgomery-reduce/source-snapshots/base-worktree-af4c5abd/proofs/hol_light/aarch64/proofs/mlkem_zetas.ml
38589257afb6afa9eaa2c38562b6f0d67eddfe32606b49ff7c824cd942cfeb89,502,2,mlk_montgomery_cleanroom/MONT01A_D2_20260726T141230Z/MONT_T1_FALSE_CONTROL_SNAPSHOT/logs/slice_global_inits-log.txt,experiments/montgomery-reduce/MONT01-exact-refinement/raw-runs/02-authoritative-proof-and-false-control/MONT01A_D2_20260726T141230Z/MONT_T1_FALSE_CONTROL_SNAPSHOT/logs/slice_global_inits-log.txt
3892e75344394cfc1e9a67df07dd17f5da95ff4a721989f5731ec9f424093d12,4130,1,mlk_montgomery_cleanroom/MONT_WORKTREE_af4c5abd/proofs/cbmc/mont_t2a_p3_witness_NP/.ninja_log,provenance/montgomery-reduce/source-snapshots/base-worktree-af4c5abd/proofs/cbmc/mont_t2a_p3_witness_NP/.ninja_log
38a0dac595f6edd2d70d8ad3d0885ba2694730c9357675c6519ba094ef1d5b4c,3317,1,mlk_montgomery_cleanroom/MONT03C_FUNCTIONAL_NONVACUITY_20260726T223037Z/MONT03C_TERMINAL_CAPTURE_20260726T223037Z.txt,experiments/montgomery-reduce/MONT03-normalized-fqmul-algebra/raw-runs/10-complete-functional-nonvacuity/MONT03C_FUNCTIONAL_NONVACUITY_20260726T223037Z/MONT03C_TERMINAL_CAPTURE_20260726T223037Z.txt
38ae3d03ae0a0c739c5f43d2a59c52d3167e74031742b50a9d8aeebb7c2c5511,22297,3,mlk_montgomery_cleanroom/MONT_WORKTREE_af4c5abd/test/configs/no_asm_config.h,provenance/montgomery-reduce/source-snapshots/base-worktree-af4c5abd/test/configs/no_asm_config.h
38cd179b9cbb9a7f0d4250a36ae0a6b6630ae560f2148146f7f80c47de3fc75a,414,3,mlk_montgomery_cleanroom/MONT_WORKTREE_af4c5abd/proofs/cbmc/poly_decompress_d11_c/poly_decompress_d11_c_harness.c,provenance/montgomery-reduce/source-snapshots/base-worktree-af4c5abd/proofs/cbmc/poly_decompress_d11_c/poly_decompress_d11_c_harness.c
38d9c36128dac13efef24396d4ff827e0e0665bd49e2ade4cb6331d9c192be9a,132779,1,mlk_montgomery_cleanroom/MONT_WORKTREE_af4c5abd/proofs/cbmc/mont_t2b_fibre_translation/gotos/mont_t2b_fibre_translation_harness0500.goto,provenance/montgomery-reduce/source-snapshots/base-worktree-af4c5abd/proofs/cbmc/mont_t2b_fibre_translation/gotos/mont_t2b_fibre_translation_harness0500.goto
39691061b4f9be370b38b6a51aa86deb7783d72c608997a22d995e1d9bade3c8,41231,3,mlk_montgomery_cleanroom/MONT_WORKTREE_af4c5abd/proofs/hol_light/aarch64/proofs/ntt_aarch64_asm.ml,provenance/montgomery-reduce/source-snapshots/base-worktree-af4c5abd/proofs/hol_light/aarch64/proofs/ntt_aarch64_asm.ml
398574016c8c8a88320bd12f82a797a46374f1f38d2ea3c5d7e30d7ef52e9259,70197,2,mlk_montgomery_cleanroom/MONT01A_D2_20260726T141230Z/MONT_T1_FALSE_CONTROL_SNAPSHOT/logs/result.xml,experiments/montgomery-reduce/MONT01-exact-refinement/raw-runs/02-authoritative-proof-and-false-control/MONT01A_D2_20260726T141230Z/MONT_T1_FALSE_CONTROL_SNAPSHOT/logs/result.xml
39a09f51f8db8687f6fa7a6288dd53f86c7ddeb7f1294f999298eebd835753a6,1146,1,mlk_montgomery_cleanroom/MONT_T3_WORKTREE_af4c5abd/proofs/cbmc/mont_t3_p1_refinement/mont_t3_p1_refinement_harness.c,provenance/montgomery-reduce/worktree-deltas/MONT03-fqmul-algebra-delta/proofs/cbmc/mont_t3_p1_refinement/mont_t3_p1_refinement_harness.c
3a05d5c7ce24773bc5c7e0a63f7decace71cf996dca2ebc0e65ea83a6ee7c6ad,5938,6,mlk_montgomery_cleanroom/MONT_WORKTREE_af4c5abd/examples/monolithic_build_multilevel/main.c,provenance/montgomery-reduce/source-snapshots/base-worktree-af4c5abd/examples/monolithic_build_multilevel/main.c
3a27c2d20b9ed3314ffa38b92e1910a6fcf731f4e66a37d286b55c1102f18c32,847,1,mlk_montgomery_cleanroom/MONT02A_FULL_T2_FUNCTIONAL_20260726T175148Z/A_PROPERTY_LOGS/0ec25f3250e82f2036c3.log,experiments/montgomery-reduce/MONT02-relational-low-word-laws/raw-runs/04-sharded-property-run/MONT02A_FULL_T2_FUNCTIONAL_20260726T175148Z/A_PROPERTY_LOGS/0ec25f3250e82f2036c3.log
3a30eb883aa030130c290f6830450200dad5076668caf081349fc0303670b917,4217,1,mlk_montgomery_cleanroom/MONT_T3_WORKTREE_af4c5abd/proofs/cbmc/mont_t3_p4_montgomery_one/.ninja_log,provenance/montgomery-reduce/worktree-deltas/MONT03-fqmul-algebra-delta/proofs/cbmc/mont_t3_p4_montgomery_one/.ninja_log
3a55363b5aacacc8028748f83856020fa8cc8178e9c8422c48f73ab5df23ce42,357,1,mlk_montgomery_cleanroom/MONT02A_FULL_T2_FUNCTIONAL_20260726T164826Z/A_BUILD.log,experiments/montgomery-reduce/MONT02-relational-low-word-laws/raw-runs/01-full-functional-build-attempt-1/MONT02A_FULL_T2_FUNCTIONAL_20260726T164826Z/A_BUILD.log
3a6194b2787992287ca77403d0f5f28d6f907837cd7a83cb171cff6cff267564,92159,2,mlk_montgomery_cleanroom/MONT_T4_WORKTREE_af4c5abd_20260726T225651Z/proofs/cbmc/mont_t4_p2_p3_p5_bijection_locality/gotos/mont_t4_p2_p3_p5_bijection_locality_harness.goto,provenance/montgomery-reduce/worktree-deltas/MONT04-poly-tomont-delta/proofs/cbmc/mont_t4_p2_p3_p5_bijection_locality/gotos/mont_t4_p2_p3_p5_bijection_locality_harness.goto
3a8ac7a9e8f0e2a100e98508f22d0250e4632fce81b0902c91050cf76a14411e,1666,3,mlk_montgomery_cleanroom/MONT_WORKTREE_af4c5abd/dev/fips202/x86_64/src/fips202_native_x86_64.h,provenance/montgomery-reduce/source-snapshots/base-worktree-af4c5abd/dev/fips202/x86_64/src/fips202_native_x86_64.h
3a9b3fc0005d1d448c165b6c46702e823c16c8a7bce6b05e68da65eb2dc5a0c7,131439,1,mlk_montgomery_cleanroom/MONT_T4_WORKTREE_af4c5abd_20260726T225651Z/proofs/cbmc/mont_t4_p2_p3_p5_bijection_locality/gotos/mont_t4_p2_p3_p5_bijection_locality_harness0200.goto,provenance/montgomery-reduce/worktree-deltas/MONT04-poly-tomont-delta/proofs/cbmc/mont_t4_p2_p3_p5_bijection_locality/gotos/mont_t4_p2_p3_p5_bijection_locality_harness0200.goto
3ac6e2a9c5ee75cd25d0fee158592e09ff658939c8388aeffad113c87fa0cc5d,2484,3,mlk_montgomery_cleanroom/MONT_WORKTREE_af4c5abd/proofs/cbmc/poly_mulcache_compute_native_aarch64/Makefile,provenance/montgomery-reduce/source-snapshots/base-worktree-af4c5abd/proofs/cbmc/poly_mulcache_compute_native_aarch64/Makefile
3acc419fb4ae4d888e54b5cbb542b8cd50fec3f835a9fc79aeff5646facbdfcc,131136,1,mlk_montgomery_cleanroom/MONT_T3_WORKTREE_af4c5abd/proofs/cbmc/mont_t3_p1_refinement/gotos/mont_t3_p1_refinement_harness0100.goto,provenance/montgomery-reduce/worktree-deltas/MONT03-fqmul-algebra-delta/proofs/cbmc/mont_t3_p1_refinement/gotos/mont_t3_p1_refinement_harness0100.goto
3b66fd2a3fdd7448cf12241519219625affec57ac65748824137befd996204be,65,1,mlk_montgomery_cleanroom/MONT04B_T4_HARNESS_FREEZE_20260726T225651Z/H14_GOTO.sha256,experiments/montgomery-reduce/MONT04-poly-tomont-roundtrip-locality/raw-runs/01-frozen-harness-family/MONT04B_T4_HARNESS_FREEZE_20260726T225651Z/H14_GOTO.sha256
3b7448f37adad8e31d50450b454e5ad8fa4fe5038ea69c697b35b7febb378f11,2230,3,mlk_montgomery_cleanroom/MONT_WORKTREE_af4c5abd/proofs/cbmc/poly_rej_uniform_x4/Makefile,provenance/montgomery-reduce/source-snapshots/base-worktree-af4c5abd/proofs/cbmc/poly_rej_uniform_x4/Makefile
3b91b805538de0042628204f56a4161d3504db83bebfc618d26404060bd43a6a,51762,3,mlk_montgomery_cleanroom/MONT_WORKTREE_af4c5abd/scripts/tests,provenance/montgomery-reduce/source-snapshots/base-worktree-af4c5abd/scripts/tests
3baad89795d649d0a5e56781cbca21220945b37ea92165275949a732d2fe993d,70594,3,mlk_montgomery_cleanroom/MONT_WORKTREE_af4c5abd/proofs/hol_light/common/mlkem_specs.ml,provenance/montgomery-reduce/source-snapshots/base-worktree-af4c5abd/proofs/hol_light/common/mlkem_specs.ml
3bbb76b8b7017cfcf71982933bdbedb11f84910a59c2a78be3fd205cb18c3fe8,1856,3,mlk_montgomery_cleanroom/MONT_WORKTREE_af4c5abd/test/abicheck/ppc64le/checks/check_poly_tomont_ppc_asm.c,provenance/montgomery-reduce/source-snapshots/base-worktree-af4c5abd/test/abicheck/ppc64le/checks/check_poly_tomont_ppc_asm.c
3be1317fb3f8ea3f27204f741884037347a4811b6bb9fa0cdaad4a105291c673,395,1,mlk_montgomery_cleanroom/MONT_WORKTREE_af4c5abd/proofs/cbmc/mont_t2a_p3_witness_PN/logs/linking-library-models-log.txt,provenance/montgomery-reduce/source-snapshots/base-worktree-af4c5abd/proofs/cbmc/mont_t2a_p3_witness_PN/logs/linking-library-models-log.txt
3c0937295ec9224d88af367637a57fa5bfeec5d6de765b97de87942fb40b6bc6,5845,3,mlk_montgomery_cleanroom/MONT_WORKTREE_af4c5abd/.github/scripts/check-wycheproof-updates.py,provenance/montgomery-reduce/source-snapshots/base-worktree-af4c5abd/.github/scripts/check-wycheproof-updates.py
3c28f6341f1a009888eddebf9dc462ddaa86128181f24f75990230f842ffce0b,30933,1,mlk_montgomery_cleanroom/MONT_WORKTREE_af4c5abd/proofs/cbmc/mont_t2_relational_fibre/logs/coverage.xml,provenance/montgomery-reduce/source-snapshots/base-worktree-af4c5abd/proofs/cbmc/mont_t2_relational_fibre/logs/coverage.xml
3c2f41bb7dfc42c43c0702b15f87387b07cdf686f75b84c8d1671c4216a5b4e6,279,1,mlk_montgomery_cleanroom/MONT03B_HARNESS_FREEZE_20260726T222052Z/P23_CLEAN.log,experiments/montgomery-reduce/MONT03-normalized-fqmul-algebra/raw-runs/07-frozen-harness-family/MONT03B_HARNESS_FREEZE_20260726T222052Z/P23_CLEAN.log
3c6d1d377e3bf907feea41075d5699933d482f366092596bf946d4456507c984,132169,1,mlk_montgomery_cleanroom/MONT_T4_WORKTREE_af4c5abd_20260726T225651Z/proofs/cbmc/mont_t4_p2_p3_p5_bijection_locality/gotos/mont_t4_p2_p3_p5_bijection_locality_harness0100.goto,provenance/montgomery-reduce/worktree-deltas/MONT04-poly-tomont-delta/proofs/cbmc/mont_t4_p2_p3_p5_bijection_locality/gotos/mont_t4_p2_p3_p5_bijection_locality_harness0100.goto
3cba169a39e31cdf640518161fc3dfb83fe780bec63b39de67aa6a739b7e0764,2353,3,mlk_montgomery_cleanroom/MONT_WORKTREE_af4c5abd/test/abicheck/x86_64/checks/check_rej_uniform_avx2_asm.c,provenance/montgomery-reduce/source-snapshots/base-worktree-af4c5abd/test/abicheck/x86_64/checks/check_rej_uniform_avx2_asm.c
3d351317c6324958ec0ceef67990068d57fd8a8b4a352b0edcc840a8c0467e70,15544,3,mlk_montgomery_cleanroom/MONT_WORKTREE_af4c5abd/test/abicheck/ppc64le/callstub_ppc64le.S,provenance/montgomery-reduce/source-snapshots/base-worktree-af4c5abd/test/abicheck/ppc64le/callstub_ppc64le.S
3d5488354836a92e2257d623303806d5c26cd75176942c7714bf71dc5b8c45aa,249,6,mlk_montgomery_cleanroom/MONT_WORKTREE_af4c5abd/proofs/cbmc/keccakf1600_permute/keccakf1600_permute_harness.c,provenance/montgomery-reduce/source-snapshots/base-worktree-af4c5abd/proofs/cbmc/keccakf1600_permute/keccakf1600_permute_harness.c
3d58ce57e594a1fcfd80763d80cd02b0be38b6161c6fbfa3fb3a1965f3fbf745,6511,1,mlk_montgomery_cleanroom/MONT01B_R1_M2_M3_20260726T151104Z/MONT01B_R1_FILE_MANIFEST.sha256,experiments/montgomery-reduce/MONT01-exact-refinement/raw-runs/03-mutation-sensitivity/04-complete-three-mutant-run/MONT01B_R1_M2_M3_20260726T151104Z/MONT01B_R1_FILE_MANIFEST.sha256
3d7ce8fe0230c2f786eaea6b5134efbc898e0e5f6dedf0865a3a98bdab8c3424,2374,3,mlk_montgomery_cleanroom/MONT_WORKTREE_af4c5abd/test/abicheck/x86_64/checks/check_poly_compress_d11_avx2_asm.c,provenance/montgomery-reduce/source-snapshots/base-worktree-af4c5abd/test/abicheck/x86_64/checks/check_poly_compress_d11_avx2_asm.c
3d8712b9b0057841a76e60791ac731836a6b692c25c1ba941a784ed3311de809,1139,3,mlk_montgomery_cleanroom/MONT_WORKTREE_af4c5abd/proofs/cbmc/keccakf1600x4_xor_bytes_native/Makefile,provenance/montgomery-reduce/source-snapshots/base-worktree-af4c5abd/proofs/cbmc/keccakf1600x4_xor_bytes_native/Makefile
3d8b880f5ac7c74d488c2dd46474fc969897b85e5b3d91a5e5799d0b643ab83f,2009,3,mlk_montgomery_cleanroom/MONT_WORKTREE_af4c5abd/proofs/cbmc/ntt_layer/Makefile,provenance/montgomery-reduce/source-snapshots/base-worktree-af4c5abd/proofs/cbmc/ntt_layer/Makefile
3e1c3bd38c235b0eb65c8caa2c39a7c62a4daea32cce411ee9055e4aa9b18af2,32004,3,mlk_montgomery_cleanroom/MONT_WORKTREE_af4c5abd/proofs/hol_light/x86_64/mlkem/intt_avx2_asm.S,provenance/montgomery-reduce/source-snapshots/base-worktree-af4c5abd/proofs/hol_light/x86_64/mlkem/intt_avx2_asm.S
3e294184af7729482b78161b7553509942706a76f45237e6068f089db426c293,769,3,mlk_montgomery_cleanroom/MONT_WORKTREE_af4c5abd/proofs/cbmc/keccakf1600x4_extract_bytes_c/keccakf1600x4_extract_bytes_c_harness.c,provenance/montgomery-reduce/source-snapshots/base-worktree-af4c5abd/proofs/cbmc/keccakf1600x4_extract_bytes_c/keccakf1600x4_extract_bytes_c_harness.c
3e4d589b9f4af7456be8fd74ca015f3495a9eb955ec32f0c41c989315c7e3046,5679,1,mlk_montgomery_cleanroom/MONT02A_FULL_T2_FUNCTIONAL_20260726T175148Z/A_PROPERTY_LOGS/results.json,experiments/montgomery-reduce/MONT02-relational-low-word-laws/raw-runs/04-sharded-property-run/MONT02A_FULL_T2_FUNCTIONAL_20260726T175148Z/A_PROPERTY_LOGS/results.json
3e5d4d07d60e68a5995b8cdae787dada2b78c0355a336bac788c2001bab0a61e,3271,3,mlk_montgomery_cleanroom/MONT_WORKTREE_af4c5abd/test/abicheck/x86_64/checks_x86_64_all.h,provenance/montgomery-reduce/source-snapshots/base-worktree-af4c5abd/test/abicheck/x86_64/checks_x86_64_all.h
3e656fedeaf8534dc9cd19250b559cd7ca4def24a976ed70b88f7b5013305398,313,3,mlk_montgomery_cleanroom/MONT_WORKTREE_af4c5abd/proofs/cbmc/poly_tomsg/poly_tomsg_harness.c,provenance/montgomery-reduce/source-snapshots/base-worktree-af4c5abd/proofs/cbmc/poly_tomsg/poly_tomsg_harness.c
3e950ada2f4acf748466eeba102a60e05210f527439e5dbde8ac4e4e185b4b80,494,1,mlk_montgomery_cleanroom/MONT_T3_WORKTREE_af4c5abd/proofs/cbmc/mont_t3_p5_distributivity/logs/drop_unused_functions-log.txt,provenance/montgomery-reduce/worktree-deltas/MONT03-fqmul-algebra-delta/proofs/cbmc/mont_t3_p5_distributivity/logs/drop_unused_functions-log.txt
3ea15c917733b3ed28f3d30d17a1ae8276c90b76dac10361b916f0e8199f44b4,837,1,mlk_montgomery_cleanroom/MONT02A_FULL_T2_FUNCTIONAL_20260726T194555Z/BACKENDS/PROBE_CPROVER_SMT2.log,experiments/montgomery-reduce/MONT02-relational-low-word-laws/raw-runs/07-solver-backend-probes/MONT02A_FULL_T2_FUNCTIONAL_20260726T194555Z/BACKENDS/PROBE_CPROVER_SMT2.log
3ea5c3632f64b1c4f2fb411dbfe70abd5bb91113c535826b0866bb2b748cb38e,698,1,mlk_montgomery_cleanroom/MONT02A_FULL_T2_FUNCTIONAL_20260726T175148Z/A_PROPERTY_LOGS/c80f07d7711fbfc26dc8.log,experiments/montgomery-reduce/MONT02-relational-low-word-laws/raw-runs/04-sharded-property-run/MONT02A_FULL_T2_FUNCTIONAL_20260726T175148Z/A_PROPERTY_LOGS/c80f07d7711fbfc26dc8.log
3eb90bc6092a41ec15b7e74ed427a269535a656a39b7a2178fcd337436fb4a31,151,3,mlk_montgomery_cleanroom/MONT_WORKTREE_af4c5abd/test/zephyr/app/prj.conf,provenance/montgomery-reduce/source-snapshots/base-worktree-af4c5abd/test/zephyr/app/prj.conf
3f0f7ab75a8f05523451e2a10b4a8c7daed43a48975896fa265f1acc5527f2f2,1786,3,mlk_montgomery_cleanroom/MONT_WORKTREE_af4c5abd/dev/x86_64/src/polyvec_basemul_acc_montgomery_cached_k2_avx2_asm.S,provenance/montgomery-reduce/source-snapshots/base-worktree-af4c5abd/dev/x86_64/src/polyvec_basemul_acc_montgomery_cached_k2_avx2_asm.S
3f5870f1277ce3b68277e915b4cbc50db356ec1beeaf1d9429946a8d73adf433,342,3,mlk_montgomery_cleanroom/MONT_WORKTREE_af4c5abd/proofs/cbmc/poly_reduce_native_aarch64/poly_reduce_native_aarch64_harness.c,provenance/montgomery-reduce/source-snapshots/base-worktree-af4c5abd/proofs/cbmc/poly_reduce_native_aarch64/poly_reduce_native_aarch64_harness.c
3f5c48c3b3dd108995929abf43f4920228adfe9a9f5ba7be6cdca380925bd0ee,8986,24,mlk_montgomery_cleanroom/MONT_WORKTREE_af4c5abd/examples/basic/mlkem_native/src/fips202/native/aarch64/src/keccak_f1600_x2_v84a_aarch64_asm.S,provenance/montgomery-reduce/source-snapshots/base-worktree-af4c5abd/examples/basic/mlkem_native/src/fips202/native/aarch64/src/keccak_f1600_x2_v84a_aarch64_asm.S
3f879f4170c9a1e22c7adf9ef827214c829f8fb26148d00bc97e6760dbe1af04,2338,3,mlk_montgomery_cleanroom/MONT_WORKTREE_af4c5abd/proofs/cbmc/poly_reduce_native_x86_64/Makefile,provenance/montgomery-reduce/source-snapshots/base-worktree-af4c5abd/proofs/cbmc/poly_reduce_native_x86_64/Makefile
3fa8224a9c798b77d61c3b87a375c7c5e9815642bb11cfb68f9eb6ae98105838,1217,3,mlk_montgomery_cleanroom/MONT_WORKTREE_af4c5abd/proofs/cbmc/rej_uniform_c/Makefile,provenance/montgomery-reduce/source-snapshots/base-worktree-af4c5abd/proofs/cbmc/rej_uniform_c/Makefile
3fad90c5bcc5a809ef822e9eaf145b62a95ca28f0b1cde29c64c3f392e5dd562,43672,27,mlk_montgomery_cleanroom/MONT_WORKTREE_af4c5abd/examples/basic/mlkem_native/src/native/ppc64le/src/ntt_ppc_asm.S,provenance/montgomery-reduce/source-snapshots/base-worktree-af4c5abd/examples/basic/mlkem_native/src/native/ppc64le/src/ntt_ppc_asm.S
3fbba9844cdec12bb5b9aad2210fcc6a890d0367c17c825dcf2bf1ebe3588759,470,3,mlk_montgomery_cleanroom/MONT_WORKTREE_af4c5abd/proofs/cbmc/shake128x4_squeezeblocks/shake128x4_squeezeblocks_harness.c,provenance/montgomery-reduce/source-snapshots/base-worktree-af4c5abd/proofs/cbmc/shake128x4_squeezeblocks/shake128x4_squeezeblocks_harness.c
3ff4eff2b6a8f00a85aee844599cf85f8744fbda4f86ac4aefa39c9937a55b4d,2111,3,mlk_montgomery_cleanroom/MONT_WORKTREE_af4c5abd/proofs/cbmc/polyvec_invntt_tomont/Makefile,provenance/montgomery-reduce/source-snapshots/base-worktree-af4c5abd/proofs/cbmc/polyvec_invntt_tomont/Makefile
3ffbd569c2201d03c7fb7171cb09c171275f02479627755c81b74495da158e81,1889,3,mlk_montgomery_cleanroom/MONT_WORKTREE_af4c5abd/proofs/cbmc/scalar_compress_d11/Makefile,provenance/montgomery-reduce/source-snapshots/base-worktree-af4c5abd/proofs/cbmc/scalar_compress_d11/Makefile
403850102597a6257754e572ccb8f507d1a7538d7af7efbf54768956d5703ad7,120626,1,mlk_montgomery_cleanroom/MONT_WORKTREE_af4c5abd/proofs/cbmc/mont_t2a_p3_witness_NP/gotos/project0200.goto,provenance/montgomery-reduce/source-snapshots/base-worktree-af4c5abd/proofs/cbmc/mont_t2a_p3_witness_NP/gotos/project0200.goto
403a7d79d75258987224739963c878689f794684b09edf18401ac340d8228780,2455,3,mlk_montgomery_cleanroom/MONT_WORKTREE_af4c5abd/proofs/cbmc/enc_getnoise_eta1_eta2/Makefile,provenance/montgomery-reduce/source-snapshots/base-worktree-af4c5abd/proofs/cbmc/enc_getnoise_eta1_eta2/Makefile
403b38f37fc9fa8ca5eafe7e8ca981a2e6fdd3b5f4d348622207b6ca022c3378,329,3,mlk_montgomery_cleanroom/MONT_WORKTREE_af4c5abd/proofs/cbmc/kem_enc_derand/kem_enc_derand_harness.c,provenance/montgomery-reduce/source-snapshots/base-worktree-af4c5abd/proofs/cbmc/kem_enc_derand/kem_enc_derand_harness.c
40427ea075474ddfd1a79502b90502bcb76fd8b3d73a9801f79984cec41b0a52,199,1,mlk_montgomery_cleanroom/MONT01B_R1_M2_M3_20260726T151104Z/MONT01B_R1_TERMINAL_CAPTURE_20260726T151104Z.txt.sha256,experiments/montgomery-reduce/MONT01-exact-refinement/raw-runs/03-mutation-sensitivity/04-complete-three-mutant-run/MONT01B_R1_M2_M3_20260726T151104Z/MONT01B_R1_TERMINAL_CAPTURE_20260726T151104Z.txt.sha256
404c11722ef402f06973916a4a07b394a456108edb78a75790fca9754d4f577e,761,13,mlk_montgomery_cleanroom/MONT01A_D2_20260726T141230Z/Makefile.POST_D2,experiments/montgomery-reduce/MONT01-exact-refinement/raw-runs/02-authoritative-proof-and-false-control/MONT01A_D2_20260726T141230Z/Makefile.POST_D2
4075402e9df2c46009a44b7d28be9c7711091fd6fca89d925bb2bde0bf690e12,1505,3,mlk_montgomery_cleanroom/MONT_WORKTREE_af4c5abd/proofs/cbmc/poly_compress_d5_native/Makefile,provenance/montgomery-reduce/source-snapshots/base-worktree-af4c5abd/proofs/cbmc/poly_compress_d5_native/Makefile
407b1be38632f34961cff5c4a53a1c290b2e4c1091757667eb1421c4fc3a525d,7828,1,mlk_montgomery_cleanroom/MONT03C_FUNCTIONAL_NONVACUITY_20260726T223037Z/P4_FUNCTIONAL.log,experiments/montgomery-reduce/MONT03-normalized-fqmul-algebra/raw-runs/10-complete-functional-nonvacuity/MONT03C_FUNCTIONAL_NONVACUITY_20260726T223037Z/P4_FUNCTIONAL.log
40d41ea18e0a50380cbb9ae9a0396b883601acd55286345c25d42b60cd8eb591,18741,3,mlk_montgomery_cleanroom/MONT_WORKTREE_af4c5abd/proofs/hol_light/x86_64/mlkem/polyvec_basemul_acc_montgomery_cached_k2_avx2_asm.S,provenance/montgomery-reduce/source-snapshots/base-worktree-af4c5abd/proofs/hol_light/x86_64/mlkem/polyvec_basemul_acc_montgomery_cached_k2_avx2_asm.S
40d8f659f5c31947261102b23a2d83070f6d7a810abbea2b8f1768d03fb65aef,164025,1,mlk_montgomery_cleanroom/MONT01B_R1_M2_M3_20260726T151104Z/M3_SHIFT_BY_15/mont_t1_exact_refinement_harness.goto,experiments/montgomery-reduce/MONT01-exact-refinement/raw-runs/03-mutation-sensitivity/04-complete-three-mutant-run/MONT01B_R1_M2_M3_20260726T151104Z/M3_SHIFT_BY_15/mont_t1_exact_refinement_harness.goto
4107fba525fa7577c7a9adf8fdad88e846d1fa3b33ea95794fe1ec40bb8e8a91,2374,3,mlk_montgomery_cleanroom/MONT_WORKTREE_af4c5abd/test/abicheck/x86_64/checks/check_poly_compress_d10_avx2_asm.c,provenance/montgomery-reduce/source-snapshots/base-worktree-af4c5abd/test/abicheck/x86_64/checks/check_poly_compress_d10_avx2_asm.c
411ecc87330dffaa55225c4bb55f86eba4b69abc4a1a38f2eabf75e8a1f93959,2092,3,mlk_montgomery_cleanroom/MONT_WORKTREE_af4c5abd/test/abicheck/aarch64/checks/check_rej_uniform_aarch64_asm.c,provenance/montgomery-reduce/source-snapshots/base-worktree-af4c5abd/test/abicheck/aarch64/checks/check_rej_uniform_aarch64_asm.c
412568f2076af1fa9582293ad6fa6d48d716fcce459882fb18c4682fc1317b93,184705,1,mlk_montgomery_cleanroom/MONT_T3_WORKTREE_af4c5abd/proofs/cbmc/mont_t3_p5_distributivity/gotos/mont_t3_p5_distributivity_harness0600.goto,provenance/montgomery-reduce/worktree-deltas/MONT03-fqmul-algebra-delta/proofs/cbmc/mont_t3_p5_distributivity/gotos/mont_t3_p5_distributivity_harness0600.goto
4140de64ccf325e67ad3010876a9b14aaaa0e829700ecff15e931faa82855474,509,3,mlk_montgomery_cleanroom/MONT_WORKTREE_af4c5abd/proofs/cbmc/shake256x4/shake256x4_harness.c,provenance/montgomery-reduce/source-snapshots/base-worktree-af4c5abd/proofs/cbmc/shake256x4/shake256x4_harness.c
41a026e8203c7b043456da03ce195dc1eb55a1d8ab1583b40cdae87492b420ca,1207,1,mlk_montgomery_cleanroom/MONT_T3_WORKTREE_af4c5abd/proofs/cbmc/mont_t3_p6_associativity/mont_t3_p6_associativity_harness.c,provenance/montgomery-reduce/worktree-deltas/MONT03-fqmul-algebra-delta/proofs/cbmc/mont_t3_p6_associativity/mont_t3_p6_associativity_harness.c
41bd81a1588f2a24c0e08f5346799a3a8903996e8b9e8e51a2d4c5304e3f9e99,87,1,mlk_montgomery_cleanroom/MONT_T3_WORKTREE_af4c5abd/.git,provenance/montgomery-reduce/quarantined-git-pointers/MONT_T3_WORKTREE_af4c5abd/git-worktree-pointer.txt
41e2feec45d09094f74c1aef6970f86e6afd757ec5a3571114da7f0ae37724f9,2585,3,mlk_montgomery_cleanroom/MONT_WORKTREE_af4c5abd/proofs/cbmc/polyvec_basemul_acc_montgomery_cached_k3_native_aarch64/Makefile,provenance/montgomery-reduce/source-snapshots/base-worktree-af4c5abd/proofs/cbmc/polyvec_basemul_acc_montgomery_cached_k3_native_aarch64/Makefile
41f6583e92dc7ad78a76c397ecc014dddbaeaa465ae08fcdf009aaafc32bd21a,1992,3,mlk_montgomery_cleanroom/MONT_WORKTREE_af4c5abd/proofs/cbmc/polyvec_add/Makefile,provenance/montgomery-reduce/source-snapshots/base-worktree-af4c5abd/proofs/cbmc/polyvec_add/Makefile
4209d68b609b4d65ce7acb3b2cb3dce4a43f3c1989bd701763a7a95a3f418cdc,514,1,mlk_montgomery_cleanroom/MONT_T4_WORKTREE_af4c5abd_20260726T225651Z/proofs/cbmc/mont_t4_p1_p4_roundtrip_zero/logs/restrict_function_pointer-log.txt,provenance/montgomery-reduce/worktree-deltas/MONT04-poly-tomont-delta/proofs/cbmc/mont_t4_p1_p4_roundtrip_zero/logs/restrict_function_pointer-log.txt
422d8bda32008a1d99732999147f75230e7efab61e1716986ef5259ee02dd412,154151,2,mlk_montgomery_cleanroom/MONT_WORKTREE_af4c5abd/proofs/cbmc/mont_t2a_arbitrary_pair/gotos/mont_t2a_arbitrary_pair_harness.goto,provenance/montgomery-reduce/source-snapshots/base-worktree-af4c5abd/proofs/cbmc/mont_t2a_arbitrary_pair/gotos/mont_t2a_arbitrary_pair_harness.goto
4246761d445c1a0726e9798cf0b79dee9766b7c06e7462f78ede935acc7b14f6,22432,3,mlk_montgomery_cleanroom/MONT_WORKTREE_af4c5abd/test/configs/custom_memset_config.h,provenance/montgomery-reduce/source-snapshots/base-worktree-af4c5abd/test/configs/custom_memset_config.h
4248b09c0d673e3b0df7c846e5f17c609cd17282a0e81e51d13234572e2f0998,330,3,mlk_montgomery_cleanroom/MONT_WORKTREE_af4c5abd/proofs/cbmc/kem_keypair_derand/kem_keypair_derand_harness.c,provenance/montgomery-reduce/source-snapshots/base-worktree-af4c5abd/proofs/cbmc/kem_keypair_derand/kem_keypair_derand_harness.c
427eb86ecd734c306e6aa9bbe03094bca0feefb0716afe950d375d52ab9c2757,62284,3,mlk_montgomery_cleanroom/MONT_WORKTREE_af4c5abd/dev/aarch64_opt/src/polyvec_basemul_acc_montgomery_cached_k4_aarch64_asm.S,provenance/montgomery-reduce/source-snapshots/base-worktree-af4c5abd/dev/aarch64_opt/src/polyvec_basemul_acc_montgomery_cached_k4_aarch64_asm.S
428ec7cc8925f9a079c4e6669c420c4e5fbc8bf0560548233e76af2bfb091b3d,2111,3,mlk_montgomery_cleanroom/MONT_WORKTREE_af4c5abd/proofs/cbmc/keccakf1600_xor_bytes_BE/Makefile,provenance/montgomery-reduce/source-snapshots/base-worktree-af4c5abd/proofs/cbmc/keccakf1600_xor_bytes_BE/Makefile
42993ee8d80fb1b91df2312134a960165de3e0949d0e34ecda83b107d41f8e7c,1975,3,mlk_montgomery_cleanroom/MONT_WORKTREE_af4c5abd/test/abicheck/x86_64/checks/check_nttunpack_avx2_asm.c,provenance/montgomery-reduce/source-snapshots/base-worktree-af4c5abd/test/abicheck/x86_64/checks/check_nttunpack_avx2_asm.c
42aec78a028117210d3b86150eed701b4d21d1e0805a624cbb8bde7fa27541a7,4728,3,mlk_montgomery_cleanroom/MONT_WORKTREE_af4c5abd/dev/aarch64_opt/src/Makefile,provenance/montgomery-reduce/source-snapshots/base-worktree-af4c5abd/dev/aarch64_opt/src/Makefile
42f1e95a672e5fdd4488dbf12bf9761ccd39b14d98a095dae52cec338493274f,1163,3,mlk_montgomery_cleanroom/MONT_WORKTREE_af4c5abd/proofs/cbmc/keccakf1600x4_extract_bytes_native/Makefile,provenance/montgomery-reduce/source-snapshots/base-worktree-af4c5abd/proofs/cbmc/keccakf1600x4_extract_bytes_native/Makefile
4313ac1436bfdc8fd8a14d496cbaac49c0c29b499fcfb04abbff1509c77c5469,6725,3,mlk_montgomery_cleanroom/MONT_WORKTREE_af4c5abd/BIBLIOGRAPHY.yml,provenance/montgomery-reduce/source-snapshots/base-worktree-af4c5abd/BIBLIOGRAPHY.yml
432c5d3ebab4d39d0380baa45580502f84434b76d4f803f9d96704d2858f5c4b,2033,1,mlk_montgomery_cleanroom/MONT_T3_WORKTREE_af4c5abd/proofs/cbmc/mont_t3_p5_distributivity/Makefile,provenance/montgomery-reduce/worktree-deltas/MONT03-fqmul-algebra-delta/proofs/cbmc/mont_t3_p5_distributivity/Makefile
435aaeb0eabccaf585079a6051301a0847f5e6da4236e8b20fce65ddd3b8a49d,8480,27,mlk_montgomery_cleanroom/MONT_WORKTREE_af4c5abd/examples/basic/mlkem_native/src/native/x86_64/src/poly_compress_d5_avx2_asm.S,provenance/montgomery-reduce/source-snapshots/base-worktree-af4c5abd/examples/basic/mlkem_native/src/native/x86_64/src/poly_compress_d5_avx2_asm.S
43855e347be504e3489133e6349cdef8e903646c06d08718ce4addf84e8e79c8,3133,27,mlk_montgomery_cleanroom/MONT_WORKTREE_af4c5abd/examples/basic/mlkem_native/src/native/riscv64/src/rv64v_debug.c,provenance/montgomery-reduce/source-snapshots/base-worktree-af4c5abd/examples/basic/mlkem_native/src/native/riscv64/src/rv64v_debug.c
43e60c6f41c15e85e1a4d41c294d97f2f5b6f2c111cd23a6dde809860e4d417d,7563,3,mlk_montgomery_cleanroom/MONT_WORKTREE_af4c5abd/proofs/hol_light/aarch64/proofs/subroutine_signatures.ml,provenance/montgomery-reduce/source-snapshots/base-worktree-af4c5abd/proofs/hol_light/aarch64/proofs/subroutine_signatures.ml
43fb22cc09af215c6bdf966bab188df99cb70953b13aba57c2d0b46b2a7a5cde,2778,3,mlk_montgomery_cleanroom/MONT_WORKTREE_af4c5abd/test/zephyr/README.md,provenance/montgomery-reduce/source-snapshots/base-worktree-af4c5abd/test/zephyr/README.md
4415010b04c7dd706b891968cc10cbcfc9791c164fcd8414d3bdf51900818978,500,3,mlk_montgomery_cleanroom/MONT_WORKTREE_af4c5abd/proofs/cbmc/poly_decompress_d11_native_x86_64/poly_decompress_d11_native_x86_64_harness.c,provenance/montgomery-reduce/source-snapshots/base-worktree-af4c5abd/proofs/cbmc/poly_decompress_d11_native_x86_64/poly_decompress_d11_native_x86_64_harness.c
4465a7dd6f5d67459128a1e00f41ab1328a2b70d244af68abdc8fc5dbebf6e07,205,1,mlk_montgomery_cleanroom/MONT04A_T4_SOURCE_CAPTURE_20260726T224714Z/MONT04A_TERMINAL_CAPTURE_20260726T224714Z.txt.sha256,experiments/montgomery-reduce/MONT04-poly-tomont-roundtrip-locality/raw-runs/00-source-capture/MONT04A_T4_SOURCE_CAPTURE_20260726T224714Z/MONT04A_TERMINAL_CAPTURE_20260726T224714Z.txt.sha256
44bd8f88267453122d59fbdb65195b953ffa258879bd54ec4154fd195a366070,5261,3,mlk_montgomery_cleanroom/MONT_WORKTREE_af4c5abd/.github/actions/functest/action.yml,provenance/montgomery-reduce/source-snapshots/base-worktree-af4c5abd/.github/actions/functest/action.yml
44dd8afde0678ea2c0cc2e066c68b0fd0765351d3701e9a5c9e1351b8166f07a,2311,3,mlk_montgomery_cleanroom/MONT_WORKTREE_af4c5abd/dev/x86_64/src/nttunpack_avx2_asm.S,provenance/montgomery-reduce/source-snapshots/base-worktree-af4c5abd/dev/x86_64/src/nttunpack_avx2_asm.S
44ff76dcc464e00fa7e71cac01b517ba3ed1587841212a999af08c2e687c6939,156158,1,mlk_montgomery_cleanroom/MONT_WORKTREE_af4c5abd/proofs/cbmc/mont_t2a_p3_witness_PP/gotos/mont_t2a_p3_witness_PP_harness0700.goto,provenance/montgomery-reduce/source-snapshots/base-worktree-af4c5abd/proofs/cbmc/mont_t2a_p3_witness_PP/gotos/mont_t2a_p3_witness_PP_harness0700.goto
450b5b5fa50bd729f52fb7ab34f2e7351056c17fc3367cb6901ae5b1f2299709,427,6,mlk_montgomery_cleanroom/MONT_WORKTREE_af4c5abd/proofs/cbmc/keccakf1600x4_xor_bytes/keccakf1600x4_xor_bytes_harness.c,provenance/montgomery-reduce/source-snapshots/base-worktree-af4c5abd/proofs/cbmc/keccakf1600x4_xor_bytes/keccakf1600x4_xor_bytes_harness.c
450fe3e0e50496921920473ae4321660f178c23d51f1453f3c537ee63c4158cb,2566,36,mlk_montgomery_cleanroom/MONT_WORKTREE_af4c5abd/examples/basic/mlkem_native/src/params.h,provenance/montgomery-reduce/source-snapshots/base-worktree-af4c5abd/examples/basic/mlkem_native/src/params.h
451788547142ab61d2c17439d3e110991f336d90bd432fcd4b04e88c7989fefc,1675,24,mlk_montgomery_cleanroom/MONT_WORKTREE_af4c5abd/examples/basic/mlkem_native/src/fips202/native/x86_64/src/fips202_native_x86_64.h,provenance/montgomery-reduce/source-snapshots/base-worktree-af4c5abd/examples/basic/mlkem_native/src/fips202/native/x86_64/src/fips202_native_x86_64.h
45190c13cd3079b8bac79f8c6321be6786cb383ae3ebeef05f7fc79018701ad1,11155,27,mlk_montgomery_cleanroom/MONT_WORKTREE_af4c5abd/examples/basic/mlkem_native/src/native/x86_64/src/poly_decompress_d11_avx2_asm.S,provenance/montgomery-reduce/source-snapshots/base-worktree-af4c5abd/examples/basic/mlkem_native/src/native/x86_64/src/poly_decompress_d11_avx2_asm.S
45732260fdebfa14d5b7272c770256e9c6dee5e90747922d0538e4b0a30dd730,371,1,mlk_montgomery_cleanroom/MONT_WORKTREE_af4c5abd/proofs/cbmc/mont_t2_relational_fibre/logs/unwind_loops-log.txt,provenance/montgomery-reduce/source-snapshots/base-worktree-af4c5abd/proofs/cbmc/mont_t2_relational_fibre/logs/unwind_loops-log.txt
458b153b637e49f93ccee39f6c12c379d4fd982125eceb68e01307d277662b70,8656,27,mlk_montgomery_cleanroom/MONT_WORKTREE_af4c5abd/examples/basic/mlkem_native/src/native/aarch64/src/polyvec_basemul_acc_montgomery_cached_k2_aarch64_asm.S,provenance/montgomery-reduce/source-snapshots/base-worktree-af4c5abd/examples/basic/mlkem_native/src/native/aarch64/src/polyvec_basemul_acc_montgomery_cached_k2_aarch64_asm.S
458b1cb7ef38a4cfb0fa2143f46ca55dba6c0a6bc6754d58fd4b79f4fd5a2399,2505,1,mlk_montgomery_cleanroom/MONT02A_T2_20260726T152258Z/MONT02A_T2_TERMINAL_CAPTURE_20260726T152258Z.txt,experiments/montgomery-reduce/MONT02-relational-low-word-laws/raw-runs/00-theorem-registry-and-initial-run/MONT02A_T2_20260726T152258Z/MONT02A_T2_TERMINAL_CAPTURE_20260726T152258Z.txt
459855f032dc08dd6112f535601f8b510692bafb7c7431e3a6018c84ee483d36,14850,27,mlk_montgomery_cleanroom/MONT_WORKTREE_af4c5abd/examples/basic/mlkem_native/src/native/x86_64/src/poly_compress_d10_avx2_asm.S,provenance/montgomery-reduce/source-snapshots/base-worktree-af4c5abd/examples/basic/mlkem_native/src/native/x86_64/src/poly_compress_d10_avx2_asm.S
45d6390b400fef4cc7bd82459f319b71c7af327e06396a046333033b82b164bf,921,3,mlk_montgomery_cleanroom/MONT_WORKTREE_af4c5abd/test/abicheck/ppc64le/checks_ppc64le_all.h,provenance/montgomery-reduce/source-snapshots/base-worktree-af4c5abd/test/abicheck/ppc64le/checks_ppc64le_all.h
4630a866855c0806afb02f62302fa9af3b689e2594c661b4b4d15ecae61749aa,163793,4,mlk_montgomery_cleanroom/MONT01A_D2_20260726T141230Z/MONT_T1_AUTHORITATIVE_SNAPSHOT/gotos/mont_t1_exact_refinement_harness.goto,experiments/montgomery-reduce/MONT01-exact-refinement/raw-runs/02-authoritative-proof-and-false-control/MONT01A_D2_20260726T141230Z/MONT_T1_AUTHORITATIVE_SNAPSHOT/gotos/mont_t1_exact_refinement_harness.goto
466230396188d7f9b32bb6f9b4eb254e704e2cc57e9fe006fd77221b0741202c,11324,3,mlk_montgomery_cleanroom/MONT_WORKTREE_af4c5abd/.github/workflows/hol_light.yml,provenance/montgomery-reduce/source-snapshots/base-worktree-af4c5abd/.github/workflows/hol_light.yml
46aaa181ab2675a5e7383de1527c1a88d62d99f7b0e40f04244d0f59be47794b,2095,3,mlk_montgomery_cleanroom/MONT_WORKTREE_af4c5abd/.github/workflows/zephyr.yml,provenance/montgomery-reduce/source-snapshots/base-worktree-af4c5abd/.github/workflows/zephyr.yml
46ce8b5df14695a335acc3dcc2a07aba79918b32a8cef2ad0084631356b404c9,16075,3,mlk_montgomery_cleanroom/MONT_WORKTREE_af4c5abd/proofs/cbmc/run-cbmc-proofs.py,provenance/montgomery-reduce/source-snapshots/base-worktree-af4c5abd/proofs/cbmc/run-cbmc-proofs.py
46ff5acec3393c0ca1863ce6fd7552305f56ae7f764dbdbef5a27f81364b3761,593,3,mlk_montgomery_cleanroom/MONT_WORKTREE_af4c5abd/proofs/cbmc/polyvec_basemul_acc_montgomery_cached_k3_native_aarch64/polyvec_basemul_acc_montgomery_cached_k3_native_aarch64_harness.c,provenance/montgomery-reduce/source-snapshots/base-worktree-af4c5abd/proofs/cbmc/polyvec_basemul_acc_montgomery_cached_k3_native_aarch64/polyvec_basemul_acc_montgomery_cached_k3_native_aarch64_harness.c
47398ee21bacfb24dda7b4f4b87028f7fb4e7c7071156e14ae982438444fc3a6,2326,3,mlk_montgomery_cleanroom/MONT_WORKTREE_af4c5abd/proofs/cbmc/keccak_f1600_x4_native_aarch64_v84a/Makefile,provenance/montgomery-reduce/source-snapshots/base-worktree-af4c5abd/proofs/cbmc/keccak_f1600_x4_native_aarch64_v84a/Makefile
4782492a58d8cc5f3864e17385ab765c5370cad4f10b4e8e47ba9eb259d5a366,1789,1,mlk_montgomery_cleanroom/MONT02A_T2_20260726T152258Z/T2_MAKE.log,experiments/montgomery-reduce/MONT02-relational-low-word-laws/raw-runs/00-theorem-registry-and-initial-run/MONT02A_T2_20260726T152258Z/T2_MAKE.log
47d2949f3ff3656d4acf2484bc97c7cd6c0ac147dc06831f921177f5c1382c70,44294,1,mlk_montgomery_cleanroom/MONT_T3_WORKTREE_af4c5abd/proofs/cbmc/mont_t3_p2_p3_relational/gotos/proof0100.goto,provenance/montgomery-reduce/worktree-deltas/MONT03-fqmul-algebra-delta/proofs/cbmc/mont_t3_p2_p3_relational/gotos/proof0100.goto
48af086ceaa63d77ee0b8c9dbd587edd1d5e0607fb1322ac71fff8ece0155ca0,35814,2,mlk_montgomery_cleanroom/MONT01A_D2_20260726T141230Z/MONT_T1_AUTHORITATIVE_SNAPSHOT/logs/coverage.xml,experiments/montgomery-reduce/MONT01-exact-refinement/raw-runs/02-authoritative-proof-and-false-control/MONT01A_D2_20260726T141230Z/MONT_T1_AUTHORITATIVE_SNAPSHOT/logs/coverage.xml
48dbf4158c994170be9e5ba0944dd01b546da4c073e676693e225f1a13fbe449,2422,3,mlk_montgomery_cleanroom/MONT_WORKTREE_af4c5abd/proofs/cbmc/poly_getnoise_eta2/Makefile,provenance/montgomery-reduce/source-snapshots/base-worktree-af4c5abd/proofs/cbmc/poly_getnoise_eta2/Makefile
48fa7886ac09ed9593469ad5e5901f6d3c2994f2c8ec9713df852cad0842ec1f,120659,1,mlk_montgomery_cleanroom/MONT_T3_WORKTREE_af4c5abd/proofs/cbmc/mont_t3_p4_montgomery_one/gotos/project0200.goto,provenance/montgomery-reduce/worktree-deltas/MONT03-fqmul-algebra-delta/proofs/cbmc/mont_t3_p4_montgomery_one/gotos/project0200.goto
48faa9817891a18a812a58bf234aaa94b277f211b0293f34f2304e917f47f892,6723,3,mlk_montgomery_cleanroom/MONT_WORKTREE_af4c5abd/proofs/hol_light/x86_64/mlkem/poly_decompress_d4_avx2_asm.S,provenance/montgomery-reduce/source-snapshots/base-worktree-af4c5abd/proofs/hol_light/x86_64/mlkem/poly_decompress_d4_avx2_asm.S
4918e565d09650ecfcef710e29114e36ad110efacc56eabcaf2ef0fdcb12cdde,798,3,mlk_montgomery_cleanroom/MONT_WORKTREE_af4c5abd/test/abicheck/armv81m/checks_armv81m_all.h,provenance/montgomery-reduce/source-snapshots/base-worktree-af4c5abd/test/abicheck/armv81m/checks_armv81m_all.h
49675ce1abb3fbd14468878c26042b97239e55aa44e9b3c6e757a15c6be6798a,8795,3,mlk_montgomery_cleanroom/MONT_WORKTREE_af4c5abd/proofs/hol_light/x86_64/mlkem/poly_decompress_d10_avx2_asm.S,provenance/montgomery-reduce/source-snapshots/base-worktree-af4c5abd/proofs/hol_light/x86_64/mlkem/poly_decompress_d10_avx2_asm.S
49af16db78deb06b21d23d4b31d875fac0aa0b2c5c746c98fcbea3347dd32ae9,363,1,mlk_montgomery_cleanroom/MONT_WORKTREE_af4c5abd/proofs/cbmc/mont_t2a_p3_witness_NP/logs/unwind_loops-log.txt,provenance/montgomery-reduce/source-snapshots/base-worktree-af4c5abd/proofs/cbmc/mont_t2a_p3_witness_NP/logs/unwind_loops-log.txt
4a065e3c6397680ce62e7d68ece553c91d12433570ed6b94647fb710dd5efe4e,979,1,mlk_montgomery_cleanroom/MONT_WORKTREE_af4c5abd/proofs/cbmc/mont_t2b_fibre_translation/logs/check_function_contracts-log.txt,provenance/montgomery-reduce/source-snapshots/base-worktree-af4c5abd/proofs/cbmc/mont_t2b_fibre_translation/logs/check_function_contracts-log.txt
4a3d13e99734e7c838462b3416b8e6e047ae495638c8fd48e66e1a1db3934b10,522,3,mlk_montgomery_cleanroom/MONT_WORKTREE_af4c5abd/proofs/cbmc/poly_compress_d10_native_x86_64/poly_compress_d10_native_x86_64_harness.c,provenance/montgomery-reduce/source-snapshots/base-worktree-af4c5abd/proofs/cbmc/poly_compress_d10_native_x86_64/poly_compress_d10_native_x86_64_harness.c
4ac0be3a3972f060701f26cb6eed9d5b8e076caba7cc1a296add6ed7ac373f9b,2366,3,mlk_montgomery_cleanroom/MONT_WORKTREE_af4c5abd/proofs/cbmc/poly_decompress_d5_native_x86_64/Makefile,provenance/montgomery-reduce/source-snapshots/base-worktree-af4c5abd/proofs/cbmc/poly_decompress_d5_native_x86_64/Makefile
4b0f7e5f7b2807c5c18f4e4efb404ccfc375cf57471c86a948211329359d27d1,678,1,mlk_montgomery_cleanroom/MONT04C_R3_T4_NONVACUITY_20260727T004348Z/MONT04C_R3_TERMINAL_CAPTURE_20260727T004348Z.txt,experiments/montgomery-reduce/MONT04-poly-tomont-roundtrip-locality/raw-runs/06-t4-nonvacuity-final/MONT04C_R3_T4_NONVACUITY_20260727T004348Z/MONT04C_R3_TERMINAL_CAPTURE_20260727T004348Z.txt
4b3215a99410e5b92b8f59452930e2b60f059f02888bcd27b9328409b5c17c98,262,3,mlk_montgomery_cleanroom/MONT_WORKTREE_af4c5abd/proofs/cbmc/value_barrier_i32/value_barrier_i32_harness.c,provenance/montgomery-reduce/source-snapshots/base-worktree-af4c5abd/proofs/cbmc/value_barrier_i32/value_barrier_i32_harness.c
4b355b7d568fbba04e6c89750f35edc8c4121be8b57cc8351728016f15999eed,22307,3,mlk_montgomery_cleanroom/MONT_WORKTREE_af4c5abd/examples/basic_deterministic/mlkem_native/mlkem_native_config.h,provenance/montgomery-reduce/source-snapshots/base-worktree-af4c5abd/examples/basic_deterministic/mlkem_native/mlkem_native_config.h
4b5b98ddffa67442614701d6fa9bc5222afd3ac4f1566d29444b5e358b4f5171,2072,3,mlk_montgomery_cleanroom/MONT_WORKTREE_af4c5abd/proofs/cbmc/value_barrier_u8/Makefile,provenance/montgomery-reduce/source-snapshots/base-worktree-af4c5abd/proofs/cbmc/value_barrier_u8/Makefile
4b75f21e28302bd57c29b68344c232d3739181269240e0bdc6f7dafa905bd7c5,4210,1,mlk_montgomery_cleanroom/MONT_WORKTREE_af4c5abd/proofs/cbmc/mont_t2b_fibre_translation/.ninja_log,provenance/montgomery-reduce/source-snapshots/base-worktree-af4c5abd/proofs/cbmc/mont_t2b_fibre_translation/.ninja_log
4b7a5e12148cca566bfa3667bdf3f1200f4e122ca495336f076bcc48aa5aafc8,2072,3,mlk_montgomery_cleanroom/MONT_WORKTREE_af4c5abd/test/abicheck/aarch64/checks/check_keccak_f1600_x4_v8a_scalar_hybrid_aarch64_asm.c,provenance/montgomery-reduce/source-snapshots/base-worktree-af4c5abd/test/abicheck/aarch64/checks/check_keccak_f1600_x4_v8a_scalar_hybrid_aarch64_asm.c
4b7c254cfce65a8a2af80f8c82022e2ea3cf4af589ea143ff32feff649dc0d8c,27963,27,mlk_montgomery_cleanroom/MONT_WORKTREE_af4c5abd/examples/basic/mlkem_native/src/native/x86_64/src/polyvec_basemul_acc_montgomery_cached_k3_avx2_asm.S,provenance/montgomery-reduce/source-snapshots/base-worktree-af4c5abd/examples/basic/mlkem_native/src/native/x86_64/src/polyvec_basemul_acc_montgomery_cached_k3_avx2_asm.S
4b9400cf96af15e6f0f4dc71056e407b70fa8a4c73e34cce18f522520b9a45fe,32726,1,mlk_montgomery_cleanroom/MONT00B_MONT01A_20260726T134739Z/MONT_T1_PROOF_SNAPSHOT/logs/coverage.xml,experiments/montgomery-reduce/MONT01-exact-refinement/raw-runs/00-theorem-freeze-and-initial-proof/MONT00B_MONT01A_20260726T134739Z/MONT_T1_PROOF_SNAPSHOT/logs/coverage.xml
4bbb920bcad7cfb9ed14ea33e1b078ffd4342be678102487ca57de480c5b66d5,514,3,mlk_montgomery_cleanroom/MONT01A_D2_20260726T141230Z/MONT_T1_AUTHORITATIVE_SNAPSHOT/logs/slice_global_inits-log.txt,experiments/montgomery-reduce/MONT01-exact-refinement/raw-runs/02-authoritative-proof-and-false-control/MONT01A_D2_20260726T141230Z/MONT_T1_AUTHORITATIVE_SNAPSHOT/logs/slice_global_inits-log.txt
4c049a3d97737851f6138846a321ccf8187f8bd5125182a9bd7d01a41700a1c8,35818,2,mlk_montgomery_cleanroom/MONT01A_D2_20260726T141230Z/MONT_T1_FALSE_CONTROL_SNAPSHOT/logs/coverage.xml,experiments/montgomery-reduce/MONT01-exact-refinement/raw-runs/02-authoritative-proof-and-false-control/MONT01A_D2_20260726T141230Z/MONT_T1_FALSE_CONTROL_SNAPSHOT/logs/coverage.xml
4c07554e0dc295505fb18d61a0ae905939076d0034f67a0c6eb8c9ac2a8e9cc6,6038,3,mlk_montgomery_cleanroom/MONT_WORKTREE_af4c5abd/proofs/hol_light/x86_64/mlkem/poly_compress_d4_avx2_asm.S,provenance/montgomery-reduce/source-snapshots/base-worktree-af4c5abd/proofs/hol_light/x86_64/mlkem/poly_compress_d4_avx2_asm.S
4c4a7e995e9ba47503e8de88d036a0e4200e4a1eb198cd35a354a63c811bda3f,54,1,mlk_montgomery_cleanroom/MONT_WORKTREE_af4c5abd/proofs/cbmc/montgomery_reduce/.litani_cache_dir,provenance/montgomery-reduce/source-snapshots/base-worktree-af4c5abd/proofs/cbmc/montgomery_reduce/.litani_cache_dir
4c4b6fb60a268fccbb37b7ff57704b5c12baf373b5cef5aa2292b2b9035a88f1,411,1,mlk_montgomery_cleanroom/MONT_WORKTREE_af4c5abd/proofs/cbmc/mont_t2b_fibre_translation/logs/linking-library-models-log.txt,provenance/montgomery-reduce/source-snapshots/base-worktree-af4c5abd/proofs/cbmc/mont_t2b_fibre_translation/logs/linking-library-models-log.txt
4c804881fa8ad4d43398726770bc13eb944eb0c9f629587693905f71662fb872,154,3,mlk_montgomery_cleanroom/MONT_WORKTREE_af4c5abd/proofs/cbmc/lib/z3_bv_sort,provenance/montgomery-reduce/source-snapshots/base-worktree-af4c5abd/proofs/cbmc/lib/z3_bv_sort
4c9c0ce45f54beff0a981a840ecdf9cc7a414c20a159ad36df620db11646fa84,2308,3,mlk_montgomery_cleanroom/MONT_WORKTREE_af4c5abd/.github/workflows/scorecard.yaml,provenance/montgomery-reduce/source-snapshots/base-worktree-af4c5abd/.github/workflows/scorecard.yaml
4ca00658bddd2ca9944b94084822ecf702d7961e65d97a6440380d580f864d63,2100,3,mlk_montgomery_cleanroom/MONT_WORKTREE_af4c5abd/proofs/cbmc/ct_cmask_nonzero_u8/Makefile,provenance/montgomery-reduce/source-snapshots/base-worktree-af4c5abd/proofs/cbmc/ct_cmask_nonzero_u8/Makefile
4cc7260f1529cc63546f24485646279d9887eaa1eb4b940aae1b988fa65a9b2d,2067,3,mlk_montgomery_cleanroom/MONT_WORKTREE_af4c5abd/proofs/cbmc/sha3_512/Makefile,provenance/montgomery-reduce/source-snapshots/base-worktree-af4c5abd/proofs/cbmc/sha3_512/Makefile
4d208ba2539c3e3e607f02effbd66cae7dd8dc1518afe3eacda56fb1039b7523,509,3,mlk_montgomery_cleanroom/MONT_WORKTREE_af4c5abd/proofs/hol_light/aarch64/list_thms.sh,provenance/montgomery-reduce/source-snapshots/base-worktree-af4c5abd/proofs/hol_light/aarch64/list_thms.sh
4d409587541e5f9068441b63b174e2cf74aebe1fa0d922fb71af01122874fb72,10228,3,mlk_montgomery_cleanroom/MONT_WORKTREE_af4c5abd/proofs/hol_light/x86_64/mlkem/ntttobytes_avx2_asm.S,provenance/montgomery-reduce/source-snapshots/base-worktree-af4c5abd/proofs/hol_light/x86_64/mlkem/ntttobytes_avx2_asm.S
4d771a2c189c1de66b0486971f92f966f9811ed2e41080dbad8c7cd782de07e9,346,6,mlk_montgomery_cleanroom/MONT_WORKTREE_af4c5abd/proofs/cbmc/keccakf1600_extract_bytes/keccakf1600_extract_bytes_harness.c,provenance/montgomery-reduce/source-snapshots/base-worktree-af4c5abd/proofs/cbmc/keccakf1600_extract_bytes/keccakf1600_extract_bytes_harness.c
4e0c356027ee67f82c6b51ed12613f3a4fe14835cc4469695a4681bbd9454ea2,2198,3,mlk_montgomery_cleanroom/MONT_WORKTREE_af4c5abd/scripts/format,provenance/montgomery-reduce/source-snapshots/base-worktree-af4c5abd/scripts/format
4e2ec969821e4144c70e40ea74eadbeb579c95e4181b1448814c736edbb5238e,2383,3,mlk_montgomery_cleanroom/MONT_WORKTREE_af4c5abd/proofs/cbmc/poly_tobytes_native_aarch64/Makefile,provenance/montgomery-reduce/source-snapshots/base-worktree-af4c5abd/proofs/cbmc/poly_tobytes_native_aarch64/Makefile
4e33790efcf2ac98e99abd3f736f342df1910c654c9646038121095aae97a9a4,6366,3,mlk_montgomery_cleanroom/MONT_WORKTREE_af4c5abd/proofs/hol_light/aarch64/mlkem/rej_uniform_aarch64_asm.S,provenance/montgomery-reduce/source-snapshots/base-worktree-af4c5abd/proofs/hol_light/aarch64/mlkem/rej_uniform_aarch64_asm.S
4e6f566969bbeb986bc5a546c05e7046b66e9ed34a6a438a586de248aae4feeb,383,3,mlk_montgomery_cleanroom/MONT_WORKTREE_af4c5abd/test/abicheck/selftest.h,provenance/montgomery-reduce/source-snapshots/base-worktree-af4c5abd/test/abicheck/selftest.h
4e871e99079704c94b01baad132cc2bb680f35333980d2a7cdb1f25a188cfc67,1295,3,mlk_montgomery_cleanroom/MONT_WORKTREE_af4c5abd/proofs/cbmc/poly_compress_d4_c/Makefile,provenance/montgomery-reduce/source-snapshots/base-worktree-af4c5abd/proofs/cbmc/poly_compress_d4_c/Makefile
4e8f9e419b009202fafc66024e8009c91d5fc7c21f28bac58f3afa9df179356c,3831,1,mlk_montgomery_cleanroom/MONT01A_D1_20260726T135526Z/T1_REBUILD.log,experiments/montgomery-reduce/MONT01-exact-refinement/raw-runs/01-development-repair/MONT01A_D1_20260726T135526Z/T1_REBUILD.log
4eb1820a2439c4035ee6b93dd451aefb6101958a68dc1d86c433d7368f358e5b,11397,3,mlk_montgomery_cleanroom/MONT_WORKTREE_af4c5abd/test/wycheproof/wycheproof_client.py,provenance/montgomery-reduce/source-snapshots/base-worktree-af4c5abd/test/wycheproof/wycheproof_client.py
4ed6c7919d1cd769b13b969c4bf5276cd65f477b820e4a9551e85b04ebd8e6ba,11150,3,mlk_montgomery_cleanroom/MONT_WORKTREE_af4c5abd/dev/fips202/aarch64/src/keccak_f1600_x1_v84a_aarch64_asm.S,provenance/montgomery-reduce/source-snapshots/base-worktree-af4c5abd/dev/fips202/aarch64/src/keccak_f1600_x1_v84a_aarch64_asm.S
4eeb9d700d85741bbb0d1b171397bd782353aa477a42c50f3654580856482ebf,21689,3,mlk_montgomery_cleanroom/MONT_WORKTREE_af4c5abd/proofs/hol_light/aarch64/proofs/keccak_f1600_x2_v84a_aarch64_asm.ml,provenance/montgomery-reduce/source-snapshots/base-worktree-af4c5abd/proofs/hol_light/aarch64/proofs/keccak_f1600_x2_v84a_aarch64_asm.ml
4f114bb3b5321d1bf5e4a42325fb79e4e8b07da998d36966890338143a32bd66,342,6,mlk_montgomery_cleanroom/MONT_WORKTREE_af4c5abd/proofs/cbmc/poly_tomont_native_aarch64/poly_tomont_native_aarch64_harness.c,provenance/montgomery-reduce/source-snapshots/base-worktree-af4c5abd/proofs/cbmc/poly_tomont_native_aarch64/poly_tomont_native_aarch64_harness.c
4f646be3522d44a3a7a10e29a126348333a71f3a38e12ce05a47c42a6ae7eb79,1458,3,mlk_montgomery_cleanroom/MONT_WORKTREE_af4c5abd/STDLIB.md,provenance/montgomery-reduce/source-snapshots/base-worktree-af4c5abd/STDLIB.md
4f6eaf0ca83985094ed942473cc43f3f330592df25a9025e829e471a9b79d5fc,13974,3,mlk_montgomery_cleanroom/MONT_WORKTREE_af4c5abd/proofs/hol_light/aarch64/proofs/poly_tobytes_aarch64_asm.ml,provenance/montgomery-reduce/source-snapshots/base-worktree-af4c5abd/proofs/hol_light/aarch64/proofs/poly_tobytes_aarch64_asm.ml
4f8ad53d8cc1dd226a414266c625da6ecdc46264c9f68503885ace37d2d0e64d,135035,2,mlk_montgomery_cleanroom/MONT01A_D2_20260726T141230Z/MONT_T1_FALSE_CONTROL_SNAPSHOT/gotos/mont_t1_false_control_harness0100.goto,experiments/montgomery-reduce/MONT01-exact-refinement/raw-runs/02-authoritative-proof-and-false-control/MONT01A_D2_20260726T141230Z/MONT_T1_FALSE_CONTROL_SNAPSHOT/gotos/mont_t1_false_control_harness0100.goto
500422028a26dc684e8ccf0672c256edef7e6a59b13a07206c88ec2f8568cbf3,43317,1,mlk_montgomery_cleanroom/MONT_T3_WORKTREE_af4c5abd/proofs/cbmc/mont_t3_p4_montgomery_one/gotos/proof0100.goto,provenance/montgomery-reduce/worktree-deltas/MONT03-fqmul-algebra-delta/proofs/cbmc/mont_t3_p4_montgomery_one/gotos/proof0100.goto
500a934d7e90923c6c106a3903b992d416e903e893f2c9b222e255a7290dcffc,6335,3,mlk_montgomery_cleanroom/MONT_WORKTREE_af4c5abd/dev/x86_64/src/rej_uniform_avx2_asm.S,provenance/montgomery-reduce/source-snapshots/base-worktree-af4c5abd/dev/x86_64/src/rej_uniform_avx2_asm.S
50228eab18af1b94b2859ef43f7d887e1ec98831f8ce1c210130ffa2ca2cf742,683,3,mlk_montgomery_cleanroom/MONT_WORKTREE_af4c5abd/proofs/hol_light/x86_64/proofs/keccak_f1600_x4_avx2_constants.ml,provenance/montgomery-reduce/source-snapshots/base-worktree-af4c5abd/proofs/hol_light/x86_64/proofs/keccak_f1600_x4_avx2_constants.ml
50c5f44d3a677becc5e018da38f0c5b07d5b5b988de2fee4e255ac9a5b4e9307,21417,24,mlk_montgomery_cleanroom/MONT_WORKTREE_af4c5abd/examples/basic/mlkem_native/src/fips202/native/armv81m/src/keccak_f1600_x4_mve.S,provenance/montgomery-reduce/source-snapshots/base-worktree-af4c5abd/examples/basic/mlkem_native/src/fips202/native/armv81m/src/keccak_f1600_x4_mve.S
50cafde274f9334fa02dc50a0815bba53edff93c453066af60e5b8903e2b1dde,213,1,mlk_montgomery_cleanroom/MONT02A_FULL_T2_FUNCTIONAL_20260726T192057Z/MONT02A_R2_P3_FINALIZER_CAPTURE_20260726T192057Z.txt.sha256,experiments/montgomery-reduce/MONT02-relational-low-word-laws/raw-runs/06-p3-sign-partition-complete/MONT02A_FULL_T2_FUNCTIONAL_20260726T192057Z/MONT02A_R2_P3_FINALIZER_CAPTURE_20260726T192057Z.txt.sha256
5177e1bdfd24c068ef28326e9ab7e2eafc532b13f2c039d05ffa8903afb97768,1998,1,mlk_montgomery_cleanroom/MONT_T4_WORKTREE_af4c5abd_20260726T225651Z/proofs/cbmc/mont_t4_p1_p4_roundtrip_zero/Makefile,provenance/montgomery-reduce/worktree-deltas/MONT04-poly-tomont-delta/proofs/cbmc/mont_t4_p1_p4_roundtrip_zero/Makefile
51b8eabfcf16043f26551dbc89619dc0d5dbf0e34ba1a3f144d5c41a4c902a14,2472,3,mlk_montgomery_cleanroom/MONT_WORKTREE_af4c5abd/examples/custom_backend/README.md,provenance/montgomery-reduce/source-snapshots/base-worktree-af4c5abd/examples/custom_backend/README.md
51c57baea093ea829eda462cfea4c4cab721de0fdc9a812e71f604e2130a6af0,2086,3,mlk_montgomery_cleanroom/MONT_WORKTREE_af4c5abd/proofs/cbmc/keccakf1600x4_xor_bytes/Makefile,provenance/montgomery-reduce/source-snapshots/base-worktree-af4c5abd/proofs/cbmc/keccakf1600x4_xor_bytes/Makefile
52193489611884a1c8ac905c0a2a482c1a2efd9cc8c054bc799b198d469111b3,130678,1,mlk_montgomery_cleanroom/MONT_T3_WORKTREE_af4c5abd/proofs/cbmc/mont_t3_p4_montgomery_one/gotos/mont_t3_p4_montgomery_one_harness0100.goto,provenance/montgomery-reduce/worktree-deltas/MONT03-fqmul-algebra-delta/proofs/cbmc/mont_t3_p4_montgomery_one/gotos/mont_t3_p4_montgomery_one_harness0100.goto
5294f922b0295a00285b33c1ca482983c70cf8b30e30aaaf1ef2b4193d9ca9d1,961,1,mlk_montgomery_cleanroom/MONT_T3_WORKTREE_af4c5abd/proofs/cbmc/mont_t3_p2_p3_relational/mont_t3_p2_p3_relational_harness.c,provenance/montgomery-reduce/worktree-deltas/MONT03-fqmul-algebra-delta/proofs/cbmc/mont_t3_p2_p3_relational/mont_t3_p2_p3_relational_harness.c
52e46538cc893aeb9c6c3b77937d1f72ac9db295cd6d96fe77bb3756adbf1be6,527,1,mlk_montgomery_cleanroom/MONT04C_T4_FUNCTIONAL_NONVACUITY_20260726T231555Z/H14_FUNCTIONAL.log,experiments/montgomery-reduce/MONT04-poly-tomont-roundtrip-locality/raw-runs/02-functional-nonvacuity/MONT04C_T4_FUNCTIONAL_NONVACUITY_20260726T231555Z/H14_FUNCTIONAL.log
53305ae7b3a40188a201ff17f54c68f65e6484e397b1377ca6c349f1dc5e4252,29079,1,mlk_montgomery_cleanroom/MONT00B_MONT01A_20260726T134739Z/MONT_T1_PROOF_SNAPSHOT/logs/property.xml,experiments/montgomery-reduce/MONT01-exact-refinement/raw-runs/00-theorem-freeze-and-initial-proof/MONT00B_MONT01A_20260726T134739Z/MONT_T1_PROOF_SNAPSHOT/logs/property.xml
5360a0b4533c7062eaceea0b1881ac0e2c05d0e7a746406f24a9a3dff0126fdf,279,1,mlk_montgomery_cleanroom/MONT03B_HARNESS_FREEZE_20260726T222052Z/P6_CLEAN.log,experiments/montgomery-reduce/MONT03-normalized-fqmul-algebra/raw-runs/07-frozen-harness-family/MONT03B_HARNESS_FREEZE_20260726T222052Z/P6_CLEAN.log
537b5cb4a05f13619081136aafa58416b56d235113c639723fa93f48db190fb9,202,1,mlk_montgomery_cleanroom/MONT03B_HARNESS_FREEZE_20260726T221902Z/MONT03B_TERMINAL_CAPTURE_20260726T221902Z.txt.sha256,experiments/montgomery-reduce/MONT03-normalized-fqmul-algebra/raw-runs/06-harness-freeze-attempt-2/MONT03B_HARNESS_FREEZE_20260726T221902Z/MONT03B_TERMINAL_CAPTURE_20260726T221902Z.txt.sha256
53c234e5e8472b6ac51c1ae1cab3fe06fad053beb8ebfd8977b010655bfdd3c3,2,2,mlk_montgomery_cleanroom/MONT02A_FULL_T2_FUNCTIONAL_20260726T164826Z/A_BUILD.rc,experiments/montgomery-reduce/MONT02-relational-low-word-laws/raw-runs/01-full-functional-build-attempt-1/MONT02A_FULL_T2_FUNCTIONAL_20260726T164826Z/A_BUILD.rc
53eadc28faefe507900fe2f44cdf6ec93ce26b3e42de6482dbb4710c96701176,312,3,mlk_montgomery_cleanroom/MONT_WORKTREE_af4c5abd/proofs/cbmc/scalar_compress_d11/scalar_compress_d11_harness.c,provenance/montgomery-reduce/source-snapshots/base-worktree-af4c5abd/proofs/cbmc/scalar_compress_d11/scalar_compress_d11_harness.c
54363687178a8a717fd78ce9204a5eb592de99a628b9ef5dc973418fe746fbf8,446,2,mlk_montgomery_cleanroom/MONT01A_D2_20260726T141230Z/MONT_T1_FALSE_CONTROL_SNAPSHOT/logs/restrict_function_pointer-log.txt,experiments/montgomery-reduce/MONT01-exact-refinement/raw-runs/02-authoritative-proof-and-false-control/MONT01A_D2_20260726T141230Z/MONT_T1_FALSE_CONTROL_SNAPSHOT/logs/restrict_function_pointer-log.txt
5447ae7c95ec15723f9508e5629f9bacc1b2cd81e7ee0253e91fbaacaffb88b5,551,1,mlk_montgomery_cleanroom/MONT02A_FULL_T2_FUNCTIONAL_20260726T194555Z/BACKENDS/P3_REFINE_ARITH.log,experiments/montgomery-reduce/MONT02-relational-low-word-laws/raw-runs/07-solver-backend-probes/MONT02A_FULL_T2_FUNCTIONAL_20260726T194555Z/BACKENDS/P3_REFINE_ARITH.log
54538fb38bc2918eb0f263ba1fc0b4c023f4abbab1761db38afc038311bfcda9,22367,3,mlk_montgomery_cleanroom/MONT_WORKTREE_af4c5abd/examples/bring_your_own_fips202/mlkem_native/mlkem_native_config.h,provenance/montgomery-reduce/source-snapshots/base-worktree-af4c5abd/examples/bring_your_own_fips202/mlkem_native/mlkem_native_config.h
54b93ede40c79c0701888ab6fcb355381b84327dade9280dfb34d792481c7016,1730,3,mlk_montgomery_cleanroom/MONT_WORKTREE_af4c5abd/examples/monolithic_build/README.md,provenance/montgomery-reduce/source-snapshots/base-worktree-af4c5abd/examples/monolithic_build/README.md
54cc0fa7899237ee94705a77bf3982a549b6ec9e3d345829867f83e61d1f6dd8,863,1,mlk_montgomery_cleanroom/MONT02A_FULL_T2_FUNCTIONAL_20260726T175148Z/A_PROPERTY_LOGS/649045e176bb7057699d.log,experiments/montgomery-reduce/MONT02-relational-low-word-laws/raw-runs/04-sharded-property-run/MONT02A_FULL_T2_FUNCTIONAL_20260726T175148Z/A_PROPERTY_LOGS/649045e176bb7057699d.log
54cc26868281616cb5380f5545d09362a8d11b22e40e36e808a51449b47e6a3b,317,1,mlk_montgomery_cleanroom/MONT_WORKTREE_af4c5abd/proofs/cbmc/mont_t2a_p3_witness_NP/logs/remove_function_body-log.txt,provenance/montgomery-reduce/source-snapshots/base-worktree-af4c5abd/proofs/cbmc/mont_t2a_p3_witness_NP/logs/remove_function_body-log.txt
54dd51aa542cf4d3e021ca5b63e94e446a68c7f5d4839e9671027ae5e4e95b74,429,6,mlk_montgomery_cleanroom/MONT_WORKTREE_af4c5abd/proofs/cbmc/keccakf1600x4_extract_bytes/keccakf1600x4_extract_bytes_harness.c,provenance/montgomery-reduce/source-snapshots/base-worktree-af4c5abd/proofs/cbmc/keccakf1600x4_extract_bytes/keccakf1600x4_extract_bytes_harness.c
54f554e8b055a8d251390b6e305f1f42008682963c082ad297b4c042075ba0d3,17656,1,mlk_montgomery_cleanroom/MONT01A_D2_20260726T141230Z/FALSE_CONTROL_DIRECT_CBMC.log,experiments/montgomery-reduce/MONT01-exact-refinement/raw-runs/02-authoritative-proof-and-false-control/MONT01A_D2_20260726T141230Z/FALSE_CONTROL_DIRECT_CBMC.log
5557b6d2a7a7a9e6180b35a98c44b5fb1410fdd8a3307d39e7b8ae22613364b6,1386,3,mlk_montgomery_cleanroom/MONT_WORKTREE_af4c5abd/test/baremetal/platform/aarch64-virt/virt.ld,provenance/montgomery-reduce/source-snapshots/base-worktree-af4c5abd/test/baremetal/platform/aarch64-virt/virt.ld
55a002bca199b1b02e3529ee15fac0278e99ac980846d88fb5a562bb4270dab9,851,2,mlk_montgomery_cleanroom/MONT02A_FULL_T2_FUNCTIONAL_20260726T192057Z/MONT02A_P3_ENCODING_REGISTRY.md,experiments/montgomery-reduce/MONT02-relational-low-word-laws/raw-runs/06-p3-sign-partition-complete/MONT02A_FULL_T2_FUNCTIONAL_20260726T192057Z/MONT02A_P3_ENCODING_REGISTRY.md
5610fedff3fdc502ba971824ed300f0ad49c7d60ae3ad707c90fa1d815d652a3,8775,27,mlk_montgomery_cleanroom/MONT_WORKTREE_af4c5abd/examples/basic/mlkem_native/src/native/x86_64/meta.h,provenance/montgomery-reduce/source-snapshots/base-worktree-af4c5abd/examples/basic/mlkem_native/src/native/x86_64/meta.h
562965e31635041e2133ccc7602b6185bdce5472541f3b54ac72795fb6bc98f2,4105,30,mlk_montgomery_cleanroom/MONT_WORKTREE_af4c5abd/dev/x86_64/src/compress_consts.c,provenance/montgomery-reduce/source-snapshots/base-worktree-af4c5abd/dev/x86_64/src/compress_consts.c
563aec58a2187de8afa94b339e56fbed9b497fa9af1b359638a83c5d9b548fa4,795,1,mlk_montgomery_cleanroom/MONT02A_FULL_T2_FUNCTIONAL_20260726T194555Z/BACKENDS/PROBE_Z3.log,experiments/montgomery-reduce/MONT02-relational-low-word-laws/raw-runs/07-solver-backend-probes/MONT02A_FULL_T2_FUNCTIONAL_20260726T194555Z/BACKENDS/PROBE_Z3.log
564a396e12bafcd53fb8b68e10422b1299ae8f9a6b2b6ba4a26c4fd0dd3e8899,134267,1,mlk_montgomery_cleanroom/MONT_WORKTREE_af4c5abd/proofs/cbmc/mont_t2a_p3_witness_NP/gotos/mont_t2a_p3_witness_NP_harness0400.goto,provenance/montgomery-reduce/source-snapshots/base-worktree-af4c5abd/proofs/cbmc/mont_t2a_p3_witness_NP/gotos/mont_t2a_p3_witness_NP_harness0400.goto
567d318ccd1869c1f0978441ba1c8f8deed71b9b953e46300a195c8e6b9a6c22,134403,2,mlk_montgomery_cleanroom/MONT_WORKTREE_af4c5abd/proofs/cbmc/mont_t2a_p3_witness_NP/gotos/mont_t2a_p3_witness_NP_harness0200.goto,provenance/montgomery-reduce/source-snapshots/base-worktree-af4c5abd/proofs/cbmc/mont_t2a_p3_witness_NP/gotos/mont_t2a_p3_witness_NP_harness0200.goto
56a5859c29d8e1272373a4a00b36324d4562abf69c6b3ea1c2d89496b705d038,117794,1,mlk_montgomery_cleanroom/MONT_T3_WORKTREE_af4c5abd/proofs/cbmc/mont_t3_p1_refinement/gotos/project0100.goto,provenance/montgomery-reduce/worktree-deltas/MONT03-fqmul-algebra-delta/proofs/cbmc/mont_t3_p1_refinement/gotos/project0100.goto
56aac0661059df9ec2f4ff827a12ade7234c7c001072055a55308afe15c5153b,404,1,mlk_montgomery_cleanroom/MONT02A_FULL_T2_FUNCTIONAL_20260726T184223Z/P3_PN/summary.txt,experiments/montgomery-reduce/MONT02-relational-low-word-laws/raw-runs/05-p3-sign-partition-attempt/MONT02A_FULL_T2_FUNCTIONAL_20260726T184223Z/P3_PN/summary.txt
56c8d27ed33f6834946009dc3305586a4194210fb3c07dbf8ab57ebf08171fa6,500,3,mlk_montgomery_cleanroom/MONT_WORKTREE_af4c5abd/proofs/cbmc/poly_decompress_d10_native_x86_64/poly_decompress_d10_native_x86_64_harness.c,provenance/montgomery-reduce/source-snapshots/base-worktree-af4c5abd/proofs/cbmc/poly_decompress_d10_native_x86_64/poly_decompress_d10_native_x86_64_harness.c
56debda63f58640943bd868e6e9dda7ecf793f75c1ec6af2a693efe2a54ec32b,2239,3,mlk_montgomery_cleanroom/MONT_WORKTREE_af4c5abd/proofs/cbmc/gen_matrix/Makefile,provenance/montgomery-reduce/source-snapshots/base-worktree-af4c5abd/proofs/cbmc/gen_matrix/Makefile
5707fd906cdbd95739ea9f0f3c99ed4d9edad4fb71039d35f08bf0244e825559,285,3,mlk_montgomery_cleanroom/MONT_WORKTREE_af4c5abd/proofs/cbmc/kem_check_sk/kem_check_sk_harness.c,provenance/montgomery-reduce/source-snapshots/base-worktree-af4c5abd/proofs/cbmc/kem_check_sk/kem_check_sk_harness.c
570863436b766af32879ba79dc9432457663a1c01bf41dfbd66e7b3d66a1f82a,172398,2,mlk_montgomery_cleanroom/MONT_T3_WORKTREE_af4c5abd/proofs/cbmc/mont_t3_p4_montgomery_one/gotos/mont_t3_p4_montgomery_one_harness.goto,provenance/montgomery-reduce/worktree-deltas/MONT03-fqmul-algebra-delta/proofs/cbmc/mont_t3_p4_montgomery_one/gotos/mont_t3_p4_montgomery_one_harness.goto
5708cd32de5e087abbceaa0c4e4d9eb1d40a8b3ccdbf63672c2446bb86d31f85,661,3,mlk_montgomery_cleanroom/MONT_WORKTREE_af4c5abd/test/baremetal/platform/avr/README.md,provenance/montgomery-reduce/source-snapshots/base-worktree-af4c5abd/test/baremetal/platform/avr/README.md
570ce1e9a7ae3117b7540e12bda15b592f77b6412d0d57847d7925009e6b1f82,529,3,mlk_montgomery_cleanroom/MONT_WORKTREE_af4c5abd/nix/legacy/module.nix,provenance/montgomery-reduce/source-snapshots/base-worktree-af4c5abd/nix/legacy/module.nix
57132412ef78c13623989238d8e6d2c3482659f5ac6f8af15c72b89ecc52c45f,2156,3,mlk_montgomery_cleanroom/MONT_WORKTREE_af4c5abd/examples/bring_your_own_fips202/README.md,provenance/montgomery-reduce/source-snapshots/base-worktree-af4c5abd/examples/bring_your_own_fips202/README.md
57235615bba57b6cebe0d8eed11bae85091edf4d7798aa6a33f29a80c36641a7,23243,3,mlk_montgomery_cleanroom/MONT_WORKTREE_af4c5abd/test/configs/custom_native_capability_config_CPUID_AVX2.h,provenance/montgomery-reduce/source-snapshots/base-worktree-af4c5abd/test/configs/custom_native_capability_config_CPUID_AVX2.h
57596a314406068775605d6dab637603bbb612e03422c3e9ccf3a9c2983b3116,423,6,mlk_montgomery_cleanroom/MONT_WORKTREE_af4c5abd/proofs/cbmc/poly_tobytes_native_aarch64/poly_tobytes_native_aarch64_harness.c,provenance/montgomery-reduce/source-snapshots/base-worktree-af4c5abd/proofs/cbmc/poly_tobytes_native_aarch64/poly_tobytes_native_aarch64_harness.c
57dfcd18bba5d6dddac64d9fdb11afe8b6a1071c3dbd89257a799cac48a8b707,1809,3,mlk_montgomery_cleanroom/MONT_WORKTREE_af4c5abd/proofs/cbmc/poly_compress_dv/Makefile,provenance/montgomery-reduce/source-snapshots/base-worktree-af4c5abd/proofs/cbmc/poly_compress_dv/Makefile
583d4be5635f2082a85dc7f44f990ac46b8c7a460e70689c7ec804a92468bb49,3059,3,mlk_montgomery_cleanroom/MONT_WORKTREE_af4c5abd/examples/monolithic_build_multilevel_native/README.md,provenance/montgomery-reduce/source-snapshots/base-worktree-af4c5abd/examples/monolithic_build_multilevel_native/README.md
5879f4fa29081163f73d0d01675ae0169fcc82b2119a0a7b2c7731b774fef7d6,2174,3,mlk_montgomery_cleanroom/MONT_WORKTREE_af4c5abd/proofs/cbmc/kem_check_pk/Makefile,provenance/montgomery-reduce/source-snapshots/base-worktree-af4c5abd/proofs/cbmc/kem_check_pk/Makefile
589f4f3cdddf33aa0750adb9ffb38ba9bfde467c77dafa90efdf4e90099178b2,132867,1,mlk_montgomery_cleanroom/MONT_WORKTREE_af4c5abd/proofs/cbmc/mont_t2a_arbitrary_pair/gotos/mont_t2a_arbitrary_pair_harness0400.goto,provenance/montgomery-reduce/source-snapshots/base-worktree-af4c5abd/proofs/cbmc/mont_t2a_arbitrary_pair/gotos/mont_t2a_arbitrary_pair_harness0400.goto
58c41e38ec087af622b386f7fb09c909960ede756b295895d853b7870f13cdb9,1506,3,mlk_montgomery_cleanroom/MONT_WORKTREE_af4c5abd/proofs/cbmc/poly_compress_d4_native/Makefile,provenance/montgomery-reduce/source-snapshots/base-worktree-af4c5abd/proofs/cbmc/poly_compress_d4_native/Makefile
58d10a1a48fcccf36d743fdffd3d6333a68cf2709079c280f6b55df8a2e7e870,138262,3,mlk_montgomery_cleanroom/MONT_WORKTREE_af4c5abd/proofs/hol_light/x86_64/proofs/polyvec_basemul_acc_montgomery_cached_k4_avx2_asm.ml,provenance/montgomery-reduce/source-snapshots/base-worktree-af4c5abd/proofs/hol_light/x86_64/proofs/polyvec_basemul_acc_montgomery_cached_k4_avx2_asm.ml
590e5d36ce4e9d699501b458ea0653a365e12bbd9f63a6abc7bbdaab2d6b2cfd,742,24,mlk_montgomery_cleanroom/MONT_WORKTREE_af4c5abd/examples/basic/mlkem_native/src/fips202/native/auto.h,provenance/montgomery-reduce/source-snapshots/base-worktree-af4c5abd/examples/basic/mlkem_native/src/fips202/native/auto.h
59437d9dab8e969f7eb9655b1df12834897957967abf2cd74e8c8101282a7390,2333,3,mlk_montgomery_cleanroom/MONT_WORKTREE_af4c5abd/proofs/cbmc/polyvec_basemul_acc_montgomery_cached_native/Makefile,provenance/montgomery-reduce/source-snapshots/base-worktree-af4c5abd/proofs/cbmc/polyvec_basemul_acc_montgomery_cached_native/Makefile
59962bfe29c558c7d7fdcd7e002defa6b25e6bdfd0dd640c0a8be22f95d9e4ec,10888,24,mlk_montgomery_cleanroom/MONT_WORKTREE_af4c5abd/examples/basic/mlkem_native/src/fips202/native/armv81m/src/state_extract_bytes_x4_mve.S,provenance/montgomery-reduce/source-snapshots/base-worktree-af4c5abd/examples/basic/mlkem_native/src/fips202/native/armv81m/src/state_extract_bytes_x4_mve.S
59963fb54af67d45463616ac56c579f113ce5193dd74aa694c9dada7e997c214,237,27,mlk_montgomery_cleanroom/MONT_WORKTREE_af4c5abd/examples/basic/mlkem_native/src/native/x86_64/README.md,provenance/montgomery-reduce/source-snapshots/base-worktree-af4c5abd/examples/basic/mlkem_native/src/native/x86_64/README.md
59af1e11e7ef2e8b5ce4567d879917170fc3784e32a2e72471c7be7630479d1e,1303,3,mlk_montgomery_cleanroom/MONT_WORKTREE_af4c5abd/proofs/cbmc/poly_decompress_d4_c/Makefile,provenance/montgomery-reduce/source-snapshots/base-worktree-af4c5abd/proofs/cbmc/poly_decompress_d4_c/Makefile
59cace313192248ad9b43d6743a9cacd76b750c5ea1693fd1c7ed580c1fa5ec4,18506,3,mlk_montgomery_cleanroom/MONT_WORKTREE_af4c5abd/proofs/hol_light/aarch64/mlkem/ntt_aarch64_asm.S,provenance/montgomery-reduce/source-snapshots/base-worktree-af4c5abd/proofs/hol_light/aarch64/mlkem/ntt_aarch64_asm.S
59e5a43ea1ac62117ff0aea9421722bc219bcb7f67e5478e0a2eeefed106fcda,202,1,mlk_montgomery_cleanroom/MONT03A_SOURCE_CAPTURE_20260726T221050Z/MONT03A_TERMINAL_CAPTURE_20260726T221050Z.txt.sha256,experiments/montgomery-reduce/MONT03-normalized-fqmul-algebra/raw-runs/01-final-source-capture/MONT03A_SOURCE_CAPTURE_20260726T221050Z/MONT03A_TERMINAL_CAPTURE_20260726T221050Z.txt.sha256
59ff8b20ad745598d62f2eb6f9aa694e4610ea314f495edf15a676c95e4f6452,129728,1,mlk_montgomery_cleanroom/MONT_T4_WORKTREE_af4c5abd_20260726T225651Z/proofs/cbmc/mont_t4_p1_p4_roundtrip_zero/gotos/mont_t4_p1_p4_roundtrip_zero_harness0600.goto,provenance/montgomery-reduce/worktree-deltas/MONT04-poly-tomont-delta/proofs/cbmc/mont_t4_p1_p4_roundtrip_zero/gotos/mont_t4_p1_p4_roundtrip_zero_harness0600.goto
5a061d1fe3ef396bc656df358e040236266d5531a91d1359cb34fd5924598e7e,1643,3,mlk_montgomery_cleanroom/MONT_WORKTREE_af4c5abd/test/abicheck/x86_64/abicheck_x86_64.c,provenance/montgomery-reduce/source-snapshots/base-worktree-af4c5abd/test/abicheck/x86_64/abicheck_x86_64.c
5a2c257cc425a801f47478c0ca4d272403317ada0db509a957b6c12484ef8454,327,1,mlk_montgomery_cleanroom/MONT_T3_WORKTREE_af4c5abd/proofs/cbmc/mont_t3_p2_p3_relational/logs/remove_function_body-log.txt,provenance/montgomery-reduce/worktree-deltas/MONT03-fqmul-algebra-delta/proofs/cbmc/mont_t3_p2_p3_relational/logs/remove_function_body-log.txt
5a3095b3019e315c0c4c6e360e9597d3531d5394a8433bd15fcb42912197f5e9,137561,1,mlk_montgomery_cleanroom/MONT_WORKTREE_af4c5abd/proofs/cbmc/mont_t2_relational_fibre/gotos/mont_t2_relational_fibre_harness0400.goto,provenance/montgomery-reduce/source-snapshots/base-worktree-af4c5abd/proofs/cbmc/mont_t2_relational_fibre/gotos/mont_t2_relational_fibre_harness0400.goto
5a85403d7cbb190523b9370f857546929be715bcae55fcad427a831128062717,345,2,mlk_montgomery_cleanroom/MONT01A_D1_20260726T135526Z/T1_REBUILD_CLEAN.log,experiments/montgomery-reduce/MONT01-exact-refinement/raw-runs/01-development-repair/MONT01A_D1_20260726T135526Z/T1_REBUILD_CLEAN.log
5adc8e258e8f6b0e64dc8f097838f3f8177fa2edd0a2307eeeeef83c6a12ff4c,566,1,mlk_montgomery_cleanroom/MONT_WORKTREE_af4c5abd/proofs/cbmc/mont_t2a_p3_single_call_decomposition/logs/slice_global_inits-log.txt,provenance/montgomery-reduce/source-snapshots/base-worktree-af4c5abd/proofs/cbmc/mont_t2a_p3_single_call_decomposition/logs/slice_global_inits-log.txt
5b2527cd31d6d7312acb2f380a23190f3c63804ce4e23379a2cec9d12dba90e8,404,1,mlk_montgomery_cleanroom/MONT02A_FULL_T2_FUNCTIONAL_20260726T184223Z/P3_NP/summary.txt,experiments/montgomery-reduce/MONT02-relational-low-word-laws/raw-runs/05-p3-sign-partition-attempt/MONT02A_FULL_T2_FUNCTIONAL_20260726T184223Z/P3_NP/summary.txt
5b6ca781f4bcd12f2477068140fae5d2aace592ef5f4e856b0f1e0783ff9fbcc,363,1,mlk_montgomery_cleanroom/MONT_WORKTREE_af4c5abd/proofs/cbmc/mont_t2a_p3_witness_PP/logs/unwind_loops-log.txt,provenance/montgomery-reduce/source-snapshots/base-worktree-af4c5abd/proofs/cbmc/mont_t2a_p3_witness_PP/logs/unwind_loops-log.txt
5b823634f70b126d56747d3d60fea111addbfa5d9fcd3f4515cd0abbd0ab3ee9,2067,3,mlk_montgomery_cleanroom/MONT_WORKTREE_af4c5abd/proofs/cbmc/sha3_256/Makefile,provenance/montgomery-reduce/source-snapshots/base-worktree-af4c5abd/proofs/cbmc/sha3_256/Makefile
5b86d4a3d515fb56bf555a443d523ab0a8b816de3846f4ee94ff410aa75dd30c,1759,3,mlk_montgomery_cleanroom/MONT_WORKTREE_af4c5abd/examples/monolithic_build_native/README.md,provenance/montgomery-reduce/source-snapshots/base-worktree-af4c5abd/examples/monolithic_build_native/README.md
5b90bbca0fb94b68a9b2bc561339603a119750410915741aed1cdb11e5884313,54,1,mlk_montgomery_cleanroom/MONT_WORKTREE_af4c5abd/proofs/cbmc/mont_t2a_p3_witness_NP/.litani_cache_dir,provenance/montgomery-reduce/source-snapshots/base-worktree-af4c5abd/proofs/cbmc/mont_t2a_p3_witness_NP/.litani_cache_dir
5b92e893adda1e0e788debec1642cadfec891540bf39beea4d7984b015deeb81,456,1,mlk_montgomery_cleanroom/MONT_WORKTREE_af4c5abd/proofs/cbmc/montgomery_reduce/logs/drop_unused_functions-log.txt,provenance/montgomery-reduce/source-snapshots/base-worktree-af4c5abd/proofs/cbmc/montgomery_reduce/logs/drop_unused_functions-log.txt
5ba187f6f0eb3e0a212da00647bcc42ddf84b4e7cb1066b6b4ed173dfcff437a,8582,3,mlk_montgomery_cleanroom/MONT_WORKTREE_af4c5abd/dev/aarch64_clean/src/arith_native_aarch64.h,provenance/montgomery-reduce/source-snapshots/base-worktree-af4c5abd/dev/aarch64_clean/src/arith_native_aarch64.h
5bc356695fb5684f9c4ba5a7698acbcb409e46b5f657f52a969d3ec1047ebe59,47275,1,mlk_montgomery_cleanroom/MONT_WORKTREE_af4c5abd/proofs/cbmc/mont_t2a_p3_witness_PP/gotos/proof0100.goto,provenance/montgomery-reduce/source-snapshots/base-worktree-af4c5abd/proofs/cbmc/mont_t2a_p3_witness_PP/gotos/proof0100.goto
5bfa8eb5a15a4bbf7018ca65c5e382dce2a062796af610086150687e659a8a64,519,1,mlk_montgomery_cleanroom/MONT02A_FULL_T2_FUNCTIONAL_20260726T175148Z/A_PROPERTY_LOGS/01670716cb14a5a099b5.log,experiments/montgomery-reduce/MONT02-relational-low-word-laws/raw-runs/04-sharded-property-run/MONT02A_FULL_T2_FUNCTIONAL_20260726T175148Z/A_PROPERTY_LOGS/01670716cb14a5a099b5.log
5c6c2282f35bc9bfb44e02bfaadbe7b541f1efdbb5c335c6c9db9da26a1f72b0,4808,1,mlk_montgomery_cleanroom/MONT_WORKTREE_af4c5abd/proofs/cbmc/mont_t2_relational_fibre/.ninja_log,provenance/montgomery-reduce/source-snapshots/base-worktree-af4c5abd/proofs/cbmc/mont_t2_relational_fibre/.ninja_log
5c6ee049c926eb32fa857ea7320242736f1581731063c32bcd6f85b957871827,1001,1,mlk_montgomery_cleanroom/MONT_T3_WORKTREE_af4c5abd/proofs/cbmc/mont_t3_p1_refinement/logs/check_function_contracts-log.txt,provenance/montgomery-reduce/worktree-deltas/MONT03-fqmul-algebra-delta/proofs/cbmc/mont_t3_p1_refinement/logs/check_function_contracts-log.txt
5c9da77d44a5414feff176697c987f0f4879399b1142467fd9bec5914bf14a16,383,3,mlk_montgomery_cleanroom/MONT_WORKTREE_af4c5abd/dev/fips202/armv81m/README.md,provenance/montgomery-reduce/source-snapshots/base-worktree-af4c5abd/dev/fips202/armv81m/README.md
5d7bee7aecd73de78c761da569e634c490206eae299358a777d64f42b6fc91a9,269,2,mlk_montgomery_cleanroom/MONT02A_FULL_T2_FUNCTIONAL_20260726T192057Z/P3_PN/build.log.clean,experiments/montgomery-reduce/MONT02-relational-low-word-laws/raw-runs/06-p3-sign-partition-complete/MONT02A_FULL_T2_FUNCTIONAL_20260726T192057Z/P3_PN/build.log.clean
5d87add15f6c667df8e98fff8900c01700e47faf4ddb96c5412cfb659e3b2da6,4436,3,mlk_montgomery_cleanroom/MONT_WORKTREE_af4c5abd/test/abicheck/x86_64/callstub_x86_64.S,provenance/montgomery-reduce/source-snapshots/base-worktree-af4c5abd/test/abicheck/x86_64/callstub_x86_64.S
5d8b8474f6ca7aa34ba970987109f14bac85a9e11c0fc1488ccca561bfa37b2d,299,1,mlk_montgomery_cleanroom/MONT02A_FULL_T2_FUNCTIONAL_20260726T201553Z/L1_BUILD.log.clean,experiments/montgomery-reduce/MONT02-relational-low-word-laws/raw-runs/08-compositional-p3-completion/MONT02A_FULL_T2_FUNCTIONAL_20260726T201553Z/L1_BUILD.log.clean
5d9a567d9d06273d69ada1c5470fc8af5b28b7652e9f04dead5456692d633725,2185,3,mlk_montgomery_cleanroom/MONT_WORKTREE_af4c5abd/proofs/cbmc/poly_tobytes_native/Makefile,provenance/montgomery-reduce/source-snapshots/base-worktree-af4c5abd/proofs/cbmc/poly_tobytes_native/Makefile
5e01d6c364c460b834d96cda59ecdd5c3e8c59892ea833696fec2b880b25afbf,865,1,mlk_montgomery_cleanroom/MONT02A_FULL_T2_FUNCTIONAL_20260726T175148Z/A_PROPERTY_LOGS/04e13429dbde26950c27.log,experiments/montgomery-reduce/MONT02-relational-low-word-laws/raw-runs/04-sharded-property-run/MONT02A_FULL_T2_FUNCTIONAL_20260726T175148Z/A_PROPERTY_LOGS/04e13429dbde26950c27.log
5e47a9b92d525406e9b39bb90a5f6e635d937c71f003ab45287ca8442252ba6a,84,1,mlk_montgomery_cleanroom/MONT_WORKTREE_af4c5abd/.git,provenance/montgomery-reduce/quarantined-git-pointers/MONT_WORKTREE_af4c5abd/git-worktree-pointer.txt
5e78ef42bbb69566677bbf087c0933c67e611a7112b28b1412a28607885a00d4,271,3,mlk_montgomery_cleanroom/MONT02A_FULL_T2_FUNCTIONAL_20260726T170048Z/A_BUILD.log.clean,experiments/montgomery-reduce/MONT02-relational-low-word-laws/raw-runs/03-full-functional-cbmc-attempt-3/MONT02A_FULL_T2_FUNCTIONAL_20260726T170048Z/A_BUILD.log.clean
5ed62d46877909cea8e01daad1715f6684ff9d779226c98d2d47b5688f629932,18506,27,mlk_montgomery_cleanroom/MONT_WORKTREE_af4c5abd/examples/basic/mlkem_native/src/native/ppc64le/src/reduce_ppc_asm.S,provenance/montgomery-reduce/source-snapshots/base-worktree-af4c5abd/examples/basic/mlkem_native/src/native/ppc64le/src/reduce_ppc_asm.S
5ee1dae587f9972ade6c56db8f0c0a39bf4fa97a97f7aa82e6cbfddf8c26a841,202,1,mlk_montgomery_cleanroom/MONT03B_HARNESS_FREEZE_20260726T222052Z/MONT03B_TERMINAL_CAPTURE_20260726T222052Z.txt.sha256,experiments/montgomery-reduce/MONT03-normalized-fqmul-algebra/raw-runs/07-frozen-harness-family/MONT03B_HARNESS_FREEZE_20260726T222052Z/MONT03B_TERMINAL_CAPTURE_20260726T222052Z.txt.sha256
5f05b6f314076bfcc8dd8ad0f6d1794ef468d35888afbf171ff342fed7ddd148,1091,3,mlk_montgomery_cleanroom/MONT_WORKTREE_af4c5abd/nix/hol_light/hol-server.sh,provenance/montgomery-reduce/source-snapshots/base-worktree-af4c5abd/nix/hol_light/hol-server.sh
5f621c73ec653e05b2381740dea51fa8bdef25b689310fc18beb61a4260727eb,542,1,mlk_montgomery_cleanroom/MONT_T4_WORKTREE_af4c5abd_20260726T225651Z/proofs/cbmc/mont_t4_p2_p3_p5_bijection_locality/logs/restrict_function_pointer-log.txt,provenance/montgomery-reduce/worktree-deltas/MONT04-poly-tomont-delta/proofs/cbmc/mont_t4_p2_p3_p5_bijection_locality/logs/restrict_function_pointer-log.txt
5f9e75216fc53746bab18aeb1a0963e92eae109d3c129c2c8f3c1729ece6914c,129347,1,mlk_montgomery_cleanroom/MONT_T3_WORKTREE_af4c5abd/proofs/cbmc/mont_t3_p4_montgomery_one/gotos/mont_t3_p4_montgomery_one_harness0500.goto,provenance/montgomery-reduce/worktree-deltas/MONT03-fqmul-algebra-delta/proofs/cbmc/mont_t3_p4_montgomery_one/gotos/mont_t3_p4_montgomery_one_harness0500.goto
5fd0da08ad04bf2c7aa8429a9e70be083d7822137dbef07b831fc5e3d98ea686,181008,3,mlk_montgomery_cleanroom/MONT_WORKTREE_af4c5abd/dev/aarch64_opt/src/intt_aarch64_asm.S,provenance/montgomery-reduce/source-snapshots/base-worktree-af4c5abd/dev/aarch64_opt/src/intt_aarch64_asm.S
5fd749be1c8a77be8cbe71d85f55675bb2ee627c7146261af4dc62243c302f72,122407,1,mlk_montgomery_cleanroom/MONT_WORKTREE_af4c5abd/proofs/cbmc/montgomery_reduce/gotos/montgomery_reduce_harness0100.goto,provenance/montgomery-reduce/source-snapshots/base-worktree-af4c5abd/proofs/cbmc/montgomery_reduce/gotos/montgomery_reduce_harness0100.goto
5feceb66ffc86f38d952786c6d696c79c2dbc239dd4e91b46729d73a27fb57e9,1,1,mlk_montgomery_cleanroom/MONT02A_FULL_T2_FUNCTIONAL_20260726T194555Z/BACKENDS/PROBE_REFINE_ARITH.rc,experiments/montgomery-reduce/MONT02-relational-low-word-laws/raw-runs/07-solver-backend-probes/MONT02A_FULL_T2_FUNCTIONAL_20260726T194555Z/BACKENDS/PROBE_REFINE_ARITH.rc
605b1ea38ca45e7f8a4d0b44029a84a3477e087a26bc664c5b1b8c099885f39a,2205,3,mlk_montgomery_cleanroom/MONT_WORKTREE_af4c5abd/proofs/cbmc/gen_matrix_serial/Makefile,provenance/montgomery-reduce/source-snapshots/base-worktree-af4c5abd/proofs/cbmc/gen_matrix_serial/Makefile
606469cdd0f4a0867dd121fef2bb5195410b0854e5cc13a0be130f5ad3722f74,953,1,mlk_montgomery_cleanroom/MONT02A_FULL_T2_FUNCTIONAL_20260726T194555Z/BACKENDS/PROBE_REFINE_ARITH.log,experiments/montgomery-reduce/MONT02-relational-low-word-laws/raw-runs/07-solver-backend-probes/MONT02A_FULL_T2_FUNCTIONAL_20260726T194555Z/BACKENDS/PROBE_REFINE_ARITH.log
6073bea5cd5ed95774590cef1a8b5b88b93b8f4f293e2ed53badb2a5db2ce707,895,3,mlk_montgomery_cleanroom/MONT_WORKTREE_af4c5abd/dev/fips202/x86_64/keccak_f1600_x4_avx2.h,provenance/montgomery-reduce/source-snapshots/base-worktree-af4c5abd/dev/fips202/x86_64/keccak_f1600_x4_avx2.h
60b43149f1fa523659a5d5fc55b1ecdf6d2f44f0c2988f8903b699bbf3e23672,2002,3,mlk_montgomery_cleanroom/MONT_WORKTREE_af4c5abd/proofs/cbmc/barrett_reduce/Makefile,provenance/montgomery-reduce/source-snapshots/base-worktree-af4c5abd/proofs/cbmc/barrett_reduce/Makefile
60c543e4ec5b6829cd6e62be12e198bd24fa44a7b030a2aec3d1abfcf07746c2,4969,1,mlk_montgomery_cleanroom/MONT01B_R1_M2_M3_20260726T150507Z/MONT01B_R1_FILE_MANIFEST.sha256,experiments/montgomery-reduce/MONT01-exact-refinement/raw-runs/03-mutation-sensitivity/03-retry-m2-partial/MONT01B_R1_M2_M3_20260726T150507Z/MONT01B_R1_FILE_MANIFEST.sha256
60c5e7a0ce1320dacc016a369f924f7de5caf5bcd071d9eed1aadffaa4ee7923,261,3,mlk_montgomery_cleanroom/MONT_WORKTREE_af4c5abd/proofs/cbmc/poly_frommsg/poly_frommsg_harness.c,provenance/montgomery-reduce/source-snapshots/base-worktree-af4c5abd/proofs/cbmc/poly_frommsg/poly_frommsg_harness.c
6120d1577750df7aeecaf9f3d3fea662b3fa3e2ad977c7a01d1ec6d3e4550c12,5838,3,mlk_montgomery_cleanroom/MONT_WORKTREE_af4c5abd/examples/bring_your_own_fips202_static/custom_fips202/fips202.h,provenance/montgomery-reduce/source-snapshots/base-worktree-af4c5abd/examples/bring_your_own_fips202_static/custom_fips202/fips202.h
6147ba73605cbddc422748b0afc117089d263c301e3bca8825876bd07fd7a7e5,757,1,mlk_montgomery_cleanroom/MONT_WORKTREE_af4c5abd/proofs/cbmc/mont_t2a_p3_witness_PN/Makefile,provenance/montgomery-reduce/source-snapshots/base-worktree-af4c5abd/proofs/cbmc/mont_t2a_p3_witness_PN/Makefile
61938d121821d5c5203739027a85e2760447bf638f0531d6d8eebb1f49fe154a,129951,1,mlk_montgomery_cleanroom/MONT_T3_WORKTREE_af4c5abd/proofs/cbmc/mont_t3_p4_montgomery_one/gotos/mont_t3_p4_montgomery_one_harness0400.goto,provenance/montgomery-reduce/worktree-deltas/MONT03-fqmul-algebra-delta/proofs/cbmc/mont_t3_p4_montgomery_one/gotos/mont_t3_p4_montgomery_one_harness0400.goto
61b0f852ae68d93edd7a8213fe96b946744063fcff682690a76d98bbbefe2f2e,3712,3,mlk_montgomery_cleanroom/MONT_WORKTREE_af4c5abd/proofs/hol_light/aarch64/mlkem/poly_mulcache_compute_aarch64_asm.S,provenance/montgomery-reduce/source-snapshots/base-worktree-af4c5abd/proofs/hol_light/aarch64/mlkem/poly_mulcache_compute_aarch64_asm.S
62206b37f5b204a37521af3d0798bd4938bdc6e643c714c0755a821f5d406e2f,277,3,mlk_montgomery_cleanroom/MONT02A_FULL_T2_FUNCTIONAL_20260726T170048Z/B_BUILD.log.clean,experiments/montgomery-reduce/MONT02-relational-low-word-laws/raw-runs/03-full-functional-cbmc-attempt-3/MONT02A_FULL_T2_FUNCTIONAL_20260726T170048Z/B_BUILD.log.clean
6223727c15b3433d3c4fb4e41a3eeb0e33f8ec9c1c1ec5f1a373e416fcd13fa3,1020,1,mlk_montgomery_cleanroom/MONT_WORKTREE_af4c5abd/proofs/cbmc/mont_t2a_p3_single_call_decomposition/mont_t2a_p3_single_call_decomposition_harness.c,provenance/montgomery-reduce/source-snapshots/base-worktree-af4c5abd/proofs/cbmc/mont_t2a_p3_single_call_decomposition/mont_t2a_p3_single_call_decomposition_harness.c
6229a3f279e8d4fe7c60ab5773e3ea4947976774113880530e84a00ae520afd1,120628,3,mlk_montgomery_cleanroom/MONT01A_D2_20260726T141230Z/MONT_T1_AUTHORITATIVE_SNAPSHOT/gotos/project0200.goto,experiments/montgomery-reduce/MONT01-exact-refinement/raw-runs/02-authoritative-proof-and-false-control/MONT01A_D2_20260726T141230Z/MONT_T1_AUTHORITATIVE_SNAPSHOT/gotos/project0200.goto
6256919b7510a45553494a2c399412a94cbd172706e5b3b69b3dd22e097077a4,2086,3,mlk_montgomery_cleanroom/MONT_WORKTREE_af4c5abd/proofs/cbmc/shake128x4_squeezeblocks/Makefile,provenance/montgomery-reduce/source-snapshots/base-worktree-af4c5abd/proofs/cbmc/shake128x4_squeezeblocks/Makefile
6263eff8adf1cd4f6c50b545cd23633bbf78b6dfc78a8a523b4eb21aa4343197,2106,3,mlk_montgomery_cleanroom/MONT_WORKTREE_af4c5abd/proofs/cbmc/keccakf1600x4_extract_bytes/Makefile,provenance/montgomery-reduce/source-snapshots/base-worktree-af4c5abd/proofs/cbmc/keccakf1600x4_extract_bytes/Makefile
6264216a29647f2f6ef8cde0be7a9e685795a002ce8c3cba8e6c714bd647e516,1787,3,mlk_montgomery_cleanroom/MONT_WORKTREE_af4c5abd/dev/x86_64/src/polyvec_basemul_acc_montgomery_cached_k4_avx2_asm.S,provenance/montgomery-reduce/source-snapshots/base-worktree-af4c5abd/dev/x86_64/src/polyvec_basemul_acc_montgomery_cached_k4_avx2_asm.S
626b95b3bd3c0340f6e1ab425aad57bad6c95bc44ba4cef7137e474cf9660d0b,593,6,mlk_montgomery_cleanroom/MONT_WORKTREE_af4c5abd/proofs/cbmc/polyvec_basemul_acc_montgomery_cached_k4_native_aarch64/polyvec_basemul_acc_montgomery_cached_k4_native_aarch64_harness.c,provenance/montgomery-reduce/source-snapshots/base-worktree-af4c5abd/proofs/cbmc/polyvec_basemul_acc_montgomery_cached_k4_native_aarch64/polyvec_basemul_acc_montgomery_cached_k4_native_aarch64_harness.c
627a584e5248714990a266ae26373deb7fae0410b1a0d1dd7d26aaa10be8dc74,22793,3,mlk_montgomery_cleanroom/MONT_WORKTREE_af4c5abd/examples/monolithic_build_multilevel_native/mlkem_native/mlkem_native_config.h,provenance/montgomery-reduce/source-snapshots/base-worktree-af4c5abd/examples/monolithic_build_multilevel_native/mlkem_native/mlkem_native_config.h
62aab62077fea158c599a6440a549d7c4a39efdd0f265636fa2afe4eff1df97c,2363,3,mlk_montgomery_cleanroom/MONT_WORKTREE_af4c5abd/test/abicheck/x86_64/checks/check_poly_compress_d4_avx2_asm.c,provenance/montgomery-reduce/source-snapshots/base-worktree-af4c5abd/test/abicheck/x86_64/checks/check_poly_compress_d4_avx2_asm.c
62bf475e3ecbc2e9da4f6318f031822a100f292a5084cc4ba0ecb29f453e32e5,135224,1,mlk_montgomery_cleanroom/MONT_WORKTREE_af4c5abd/proofs/cbmc/mont_t2a_p3_witness_PN/gotos/mont_t2a_p3_witness_PN_harness0500.goto,provenance/montgomery-reduce/source-snapshots/base-worktree-af4c5abd/proofs/cbmc/mont_t2a_p3_witness_PN/gotos/mont_t2a_p3_witness_PN_harness0500.goto
62ef0b9fe79a543b80ab8d6176bf9da57fb42c3bd680ce3361b5bb97c8dd2f05,2058,3,mlk_montgomery_cleanroom/MONT_WORKTREE_af4c5abd/proofs/cbmc/kem_enc/Makefile,provenance/montgomery-reduce/source-snapshots/base-worktree-af4c5abd/proofs/cbmc/kem_enc/Makefile
62f9cb4818681b8dda354e973fa4929b141f336129a9b33a3d8003dbf5ebc50f,447,1,mlk_montgomery_cleanroom/MONT03A_T3_PARALLEL_20260726T155405Z/T3_SEMANTIC_BUILD.log,experiments/montgomery-reduce/MONT03-normalized-fqmul-algebra/raw-runs/02-parallel-build-attempt/MONT03A_T3_PARALLEL_20260726T155405Z/T3_SEMANTIC_BUILD.log
635d1698043189438d4563398cd9fd4e56465c8a0a810a23303e4408cffde1e7,4810,1,mlk_montgomery_cleanroom/MONT00B_MONT01A_20260726T134739Z/MONT_T1_PROOF_SNAPSHOT/.ninja_log,experiments/montgomery-reduce/MONT01-exact-refinement/raw-runs/00-theorem-freeze-and-initial-proof/MONT00B_MONT01A_20260726T134739Z/MONT_T1_PROOF_SNAPSHOT/.ninja_log
638920649f10b54ca2ad9b3fe98f5c24726271a223b2d9539dec0f2ac42d7076,281,1,mlk_montgomery_cleanroom/MONT03B_HARNESS_FREEZE_20260726T222052Z/P4_CLEAN.log,experiments/montgomery-reduce/MONT03-normalized-fqmul-algebra/raw-runs/07-frozen-harness-family/MONT03B_HARNESS_FREEZE_20260726T222052Z/P4_CLEAN.log
6393331d41b9fed47a9e18d21b9b844ae8e76bcad8b6da45604c132ae13f3029,15350,3,mlk_montgomery_cleanroom/MONT_WORKTREE_af4c5abd/LICENSE,provenance/montgomery-reduce/source-snapshots/base-worktree-af4c5abd/LICENSE
63fbfc29a50a7f3babb7ec0e00dbc4d8d3bd87f1622e320ec38461e3628050d6,592,3,mlk_montgomery_cleanroom/MONT_WORKTREE_af4c5abd/proofs/cbmc/polyvec_basemul_acc_montgomery_cached_k3_native_x86_64/polyvec_basemul_acc_montgomery_cached_k3_native_x86_64_harness.c,provenance/montgomery-reduce/source-snapshots/base-worktree-af4c5abd/proofs/cbmc/polyvec_basemul_acc_montgomery_cached_k3_native_x86_64/polyvec_basemul_acc_montgomery_cached_k3_native_x86_64_harness.c
6408f76c5dc2effd5064c9f294ff39dfe060ac1426a3a9af55a9090336167cb8,2952,3,mlk_montgomery_cleanroom/MONT_WORKTREE_af4c5abd/examples/basic/Makefile,provenance/montgomery-reduce/source-snapshots/base-worktree-af4c5abd/examples/basic/Makefile
644f5a138c1c30aa626f000577a03690e4e771111fb6fc9fab0bbe0cd43f4bf3,3842,3,mlk_montgomery_cleanroom/MONT_WORKTREE_af4c5abd/.github/workflows/integration-liboqs.yml,provenance/montgomery-reduce/source-snapshots/base-worktree-af4c5abd/.github/workflows/integration-liboqs.yml
64dae10011cfde69469954bf21a5c42f80b012e393d93ddde7a4ea27168126fd,2067,3,mlk_montgomery_cleanroom/MONT_WORKTREE_af4c5abd/proofs/cbmc/poly_frommsg/Makefile,provenance/montgomery-reduce/source-snapshots/base-worktree-af4c5abd/proofs/cbmc/poly_frommsg/Makefile
64fd6c18f4df960ad8ae21e0cb92b5e1d8d246f7cca041be5afca8f8841df725,2007,4,mlk_montgomery_cleanroom/MONT04B_T4_HARNESS_FREEZE_20260726T225651Z/NATIVE_poly_tomont_c_Makefile,experiments/montgomery-reduce/MONT04-poly-tomont-roundtrip-locality/raw-runs/01-frozen-harness-family/MONT04B_T4_HARNESS_FREEZE_20260726T225651Z/NATIVE_poly_tomont_c_Makefile
650760301347c8b329e7187375ac9e1207a0ae62ca7c591e03a5324849197135,404,1,mlk_montgomery_cleanroom/MONT02A_FULL_T2_FUNCTIONAL_20260726T184223Z/P3_PP/summary.txt,experiments/montgomery-reduce/MONT02-relational-low-word-laws/raw-runs/05-p3-sign-partition-attempt/MONT02A_FULL_T2_FUNCTIONAL_20260726T184223Z/P3_PP/summary.txt
651e2401c7b63e97442f08d3f6ea422fd425ec85ca47dcfdd02d9f5fa78e5ae9,28338,27,mlk_montgomery_cleanroom/MONT_WORKTREE_af4c5abd/examples/basic/mlkem_native/src/native/api.h,provenance/montgomery-reduce/source-snapshots/base-worktree-af4c5abd/examples/basic/mlkem_native/src/native/api.h
65770564ec922faca7ec072eefc16bfdba2495a20d51cae0f6cce207835cdd7e,15788,30,mlk_montgomery_cleanroom/MONT_WORKTREE_af4c5abd/examples/basic/mlkem_native/src/fips202/keccakf1600.c,provenance/montgomery-reduce/source-snapshots/base-worktree-af4c5abd/examples/basic/mlkem_native/src/fips202/keccakf1600.c
65abb17c24a8e1d6ba2edc7c53e204fc2f4be762f6d9def7daf31baff7bf94e5,1609,3,mlk_montgomery_cleanroom/MONT_WORKTREE_af4c5abd/test/abicheck/armv81m/abicheck_armv81m.h,provenance/montgomery-reduce/source-snapshots/base-worktree-af4c5abd/test/abicheck/armv81m/abicheck_armv81m.h
65c028d6ae4099b8684671dbd07bd82408ca5807e659277f9a387ef33cc510f6,2424,3,mlk_montgomery_cleanroom/MONT_WORKTREE_af4c5abd/test/abicheck/x86_64/checks/check_poly_mulcache_compute_avx2_asm.c,provenance/montgomery-reduce/source-snapshots/base-worktree-af4c5abd/test/abicheck/x86_64/checks/check_poly_mulcache_compute_avx2_asm.c
65d0ef9aa5e4cedbab613932dc6ee9fcad7ce84924284f37661160e35834ab2e,2074,3,mlk_montgomery_cleanroom/MONT_WORKTREE_af4c5abd/proofs/cbmc/kem_check_sk/Makefile,provenance/montgomery-reduce/source-snapshots/base-worktree-af4c5abd/proofs/cbmc/kem_check_sk/Makefile
65d48744a040657940439ebb8b78faf717c3a8e0aa339d058251616ca6507923,395,1,mlk_montgomery_cleanroom/MONT_WORKTREE_af4c5abd/proofs/cbmc/mont_t2a_p3_witness_NN/logs/linking-library-models-log.txt,provenance/montgomery-reduce/source-snapshots/base-worktree-af4c5abd/proofs/cbmc/mont_t2a_p3_witness_NN/logs/linking-library-models-log.txt
65da89708a75f32a668a4a2551771b7f7fd00886f2a68ea562db9bbf6f7db919,2663,3,mlk_montgomery_cleanroom/MONT_WORKTREE_af4c5abd/scripts/check-hol-light-imports,provenance/montgomery-reduce/source-snapshots/base-worktree-af4c5abd/scripts/check-hol-light-imports
65f98fe017981b612b3cc5b9d2e4b811da1032f7cec10218816a34fc380c650a,1229,3,mlk_montgomery_cleanroom/MONT_WORKTREE_af4c5abd/proofs/cbmc/poly_frombytes_c/Makefile,provenance/montgomery-reduce/source-snapshots/base-worktree-af4c5abd/proofs/cbmc/poly_frombytes_c/Makefile
662833d466cd95d4433f2d6931d4238cef9537b6d85ccefcb7351db9ffbe2ad1,324,3,mlk_montgomery_cleanroom/MONT_WORKTREE_af4c5abd/proofs/cbmc/indcpa_enc/indcpa_enc_harness.c,provenance/montgomery-reduce/source-snapshots/base-worktree-af4c5abd/proofs/cbmc/indcpa_enc/indcpa_enc_harness.c
662a52e12e01ceeae630b2ea31e678465bba65cf34392fcc8e900198ee933d16,1458,1,mlk_montgomery_cleanroom/MONT_T4_WORKTREE_af4c5abd_20260726T225651Z/proofs/cbmc/mont_t4_p2_p3_p5_bijection_locality/mont_t4_p2_p3_p5_bijection_locality_harness.c,provenance/montgomery-reduce/worktree-deltas/MONT04-poly-tomont-delta/proofs/cbmc/mont_t4_p2_p3_p5_bijection_locality/mont_t4_p2_p3_p5_bijection_locality_harness.c
662ba0d26dabc8fe4ceb3f242fed251a7bb53692fded593247315e268b87eda1,450,3,mlk_montgomery_cleanroom/MONT_WORKTREE_af4c5abd/dev/x86_64/README.md,provenance/montgomery-reduce/source-snapshots/base-worktree-af4c5abd/dev/x86_64/README.md
66a5e62ef17cf2ef661ccd3cffed573b57797e685f4a617c18d007f7e3dbf793,3501,3,mlk_montgomery_cleanroom/MONT_WORKTREE_af4c5abd/examples/monolithic_build/main.c,provenance/montgomery-reduce/source-snapshots/base-worktree-af4c5abd/examples/monolithic_build/main.c
66b15ade2a323ac321a0d4d87a1785558e7d05350e5e54635c34b81fbd9b6b15,2077,3,mlk_montgomery_cleanroom/MONT_WORKTREE_af4c5abd/proofs/cbmc/value_barrier_u32/Makefile,provenance/montgomery-reduce/source-snapshots/base-worktree-af4c5abd/proofs/cbmc/value_barrier_u32/Makefile
67725a2ae45779fa72e85c549f2d4fc14da60db520986a1a85b3119853ec7440,274,3,mlk_montgomery_cleanroom/MONT_WORKTREE_af4c5abd/proofs/cbmc/poly_compress_du/poly_compress_du_harness.c,provenance/montgomery-reduce/source-snapshots/base-worktree-af4c5abd/proofs/cbmc/poly_compress_du/poly_compress_du_harness.c
67a81881eb27422fb5b6779633533b86068f73acbaa27db7c7201aded59c2c70,130649,1,mlk_montgomery_cleanroom/MONT_WORKTREE_af4c5abd/proofs/cbmc/mont_t2a_p3_single_call_decomposition/gotos/mont_t2a_p3_single_call_decomposition_harness0500.goto,provenance/montgomery-reduce/source-snapshots/base-worktree-af4c5abd/proofs/cbmc/mont_t2a_p3_single_call_decomposition/gotos/mont_t2a_p3_single_call_decomposition_harness0500.goto
67d1b299a58b24ead6d4d057f6273e2948dbc255c3fedeabefdc494418546737,85312,3,mlk_montgomery_cleanroom/MONT_WORKTREE_af4c5abd/proofs/hol_light/aarch64/proofs/keccak_f1600_x4_v8a_scalar_hybrid_aarch64_asm.ml,provenance/montgomery-reduce/source-snapshots/base-worktree-af4c5abd/proofs/hol_light/aarch64/proofs/keccak_f1600_x4_v8a_scalar_hybrid_aarch64_asm.ml
67f7036e24743a850c679a25acf1350d832360287eeaa4eb29a2d8b7933744d0,250,6,mlk_montgomery_cleanroom/MONT_WORKTREE_af4c5abd/proofs/cbmc/poly_tomont/poly_tomont_harness.c,provenance/montgomery-reduce/source-snapshots/base-worktree-af4c5abd/proofs/cbmc/poly_tomont/poly_tomont_harness.c
682b8bebff6edf5d51dd846557ce4e6d91fc8265dc1f5c8c2d0237e2fc5aef79,5059,2,mlk_montgomery_cleanroom/MONT01A_D2_20260726T141230Z/MONT_T1_FALSE_CONTROL_SNAPSHOT/.ninja_log,experiments/montgomery-reduce/MONT01-exact-refinement/raw-runs/02-authoritative-proof-and-false-control/MONT01A_D2_20260726T141230Z/MONT_T1_FALSE_CONTROL_SNAPSHOT/.ninja_log
6867a3421c376721693b0b6a854a3a95ac34d1254a0c65a91630c40588f03164,476,1,mlk_montgomery_cleanroom/MONT_WORKTREE_af4c5abd/proofs/cbmc/mont_t2a_p3_witness_PN/logs/drop_unused_functions-log.txt,provenance/montgomery-reduce/source-snapshots/base-worktree-af4c5abd/proofs/cbmc/mont_t2a_p3_witness_PN/logs/drop_unused_functions-log.txt
68693f9d96cc3893d8633455b4e4c5b5d70ffdfd81b1da67f3c9b82aaf9d8589,4223,3,mlk_montgomery_cleanroom/MONT_WORKTREE_af4c5abd/dev/aarch64_clean/meta.h,provenance/montgomery-reduce/source-snapshots/base-worktree-af4c5abd/dev/aarch64_clean/meta.h
686f4ae3634c2503164bb9d362992abbbdc3b8b65e06d88bd9174b4ee0402fb5,1212,1,mlk_montgomery_cleanroom/MONT03C_FUNCTIONAL_NONVACUITY_20260726T222928Z/MONT03C_TERMINAL_CAPTURE_20260726T222928Z.txt,experiments/montgomery-reduce/MONT03-normalized-fqmul-algebra/raw-runs/09-nonvacuity-attempt-2/MONT03C_FUNCTIONAL_NONVACUITY_20260726T222928Z/MONT03C_TERMINAL_CAPTURE_20260726T222928Z.txt
68737e2f50d26737ac46753cc03abb14f71bb7f5c11aa092e7df64aa7add4fc5,137840,2,mlk_montgomery_cleanroom/MONT_WORKTREE_af4c5abd/proofs/cbmc/mont_t2_relational_fibre/gotos/mont_t2_relational_fibre_harness0200.goto,provenance/montgomery-reduce/source-snapshots/base-worktree-af4c5abd/proofs/cbmc/mont_t2_relational_fibre/gotos/mont_t2_relational_fibre_harness0200.goto
6873ff038db7ed3bdc54acf6a6bd3f7ddc39f8af5b409167970988e078427282,450,1,mlk_montgomery_cleanroom/MONT_WORKTREE_af4c5abd/proofs/cbmc/mont_t2a_p3_witness_PN/logs/restrict_function_pointer-log.txt,provenance/montgomery-reduce/source-snapshots/base-worktree-af4c5abd/proofs/cbmc/mont_t2a_p3_witness_PN/logs/restrict_function_pointer-log.txt
68c72cae06e3309cc9af3dbdd1ca21e4e053a463df891d69a5947233c0f35103,298,3,mlk_montgomery_cleanroom/MONT_WORKTREE_af4c5abd/proofs/cbmc/polyvec_compress_du/polyvec_compress_du_harness.c,provenance/montgomery-reduce/source-snapshots/base-worktree-af4c5abd/proofs/cbmc/polyvec_compress_du/polyvec_compress_du_harness.c
696195008871a682c338331dce7f604be05b361a6d2d575ee75113990a894922,317,3,mlk_montgomery_cleanroom/MONT_WORKTREE_af4c5abd/proofs/cbmc/.gitignore,provenance/montgomery-reduce/source-snapshots/base-worktree-af4c5abd/proofs/cbmc/.gitignore
699b2c3a52ed70042d098efaf2b43f9eda041d8524369272813572f4ae8d658e,5651,3,mlk_montgomery_cleanroom/MONT_WORKTREE_af4c5abd/integration/liboqs/ML-KEM-512_META.yml,provenance/montgomery-reduce/source-snapshots/base-worktree-af4c5abd/integration/liboqs/ML-KEM-512_META.yml
699b8fd2492c285f7c3fa50828b410b39c7de86a77fc14bda4710c950f3c8137,594,1,mlk_montgomery_cleanroom/MONT03C_FUNCTIONAL_NONVACUITY_20260726T223037Z/P5_FUNCTIONAL.log,experiments/montgomery-reduce/MONT03-normalized-fqmul-algebra/raw-runs/10-complete-functional-nonvacuity/MONT03C_FUNCTIONAL_NONVACUITY_20260726T223037Z/P5_FUNCTIONAL.log
6a7b13cde1287eca869d2795beb3b656cb0d00cd8da9bb7a07f9784f8c1d7f39,595,3,mlk_montgomery_cleanroom/MONT_WORKTREE_af4c5abd/proofs/cbmc/matvec_mul/matvec_mul_harness.c,provenance/montgomery-reduce/source-snapshots/base-worktree-af4c5abd/proofs/cbmc/matvec_mul/matvec_mul_harness.c
6a9fd41aaee16d8a5a02c54ebfd530b8fd4031d1241e60c45a1cd40615af5a2d,329,1,mlk_montgomery_cleanroom/MONT_T3_WORKTREE_af4c5abd/proofs/cbmc/mont_t3_p4_montgomery_one/logs/remove_function_body-log.txt,provenance/montgomery-reduce/worktree-deltas/MONT03-fqmul-algebra-delta/proofs/cbmc/mont_t3_p4_montgomery_one/logs/remove_function_body-log.txt
6ad334856b03fb2a557a9e537b688cb5f0055ce5d88ac960a9b09b113474caae,94,3,mlk_montgomery_cleanroom/MONT_WORKTREE_af4c5abd/proofs/hol_light/.gitignore,provenance/montgomery-reduce/source-snapshots/base-worktree-af4c5abd/proofs/hol_light/.gitignore
6ae62f22969af7e7eb1eec7a048ab94d7351a1c360bcff36397888dbcf4673dd,775,1,mlk_montgomery_cleanroom/MONT_WORKTREE_af4c5abd/proofs/cbmc/mont_t2_relational_fibre/Makefile,provenance/montgomery-reduce/source-snapshots/base-worktree-af4c5abd/proofs/cbmc/mont_t2_relational_fibre/Makefile
6affdae3b3c1aa6aa7689e9b6a7b3225a636aa1ac0025f490cca1285ceaf1487,3,1,mlk_montgomery_cleanroom/MONT02A_FULL_T2_FUNCTIONAL_20260726T194555Z/BACKENDS/P3_REFINE_ARITH.rc,experiments/montgomery-reduce/MONT02-relational-low-word-laws/raw-runs/07-solver-backend-probes/MONT02A_FULL_T2_FUNCTIONAL_20260726T194555Z/BACKENDS/P3_REFINE_ARITH.rc
6b06b17f124e1da26d3ad66bb363770d71edd43f946400f9f1f8bbc22651333d,716,1,mlk_montgomery_cleanroom/MONT02A_FULL_T2_FUNCTIONAL_20260726T175148Z/A_PROPERTY_LOGS/17efb483ab3a0544798f.log,experiments/montgomery-reduce/MONT02-relational-low-word-laws/raw-runs/04-sharded-property-run/MONT02A_FULL_T2_FUNCTIONAL_20260726T175148Z/A_PROPERTY_LOGS/17efb483ab3a0544798f.log
6b06e0ecfb01b88bcfc2b9612bfc19d252e2c04d2ec6cc106cc6f16c5c105702,2177,3,mlk_montgomery_cleanroom/MONT_WORKTREE_af4c5abd/proofs/cbmc/poly_rej_uniform/Makefile,provenance/montgomery-reduce/source-snapshots/base-worktree-af4c5abd/proofs/cbmc/poly_rej_uniform/Makefile
6b4a750ea601489e900d978d65cb84625918cb355d8a717b79750f6624e114cf,403,3,mlk_montgomery_cleanroom/MONT_WORKTREE_af4c5abd/proofs/cbmc/poly_rej_uniform_x4/poly_rej_uniform_x4_harness.c,provenance/montgomery-reduce/source-snapshots/base-worktree-af4c5abd/proofs/cbmc/poly_rej_uniform_x4/poly_rej_uniform_x4_harness.c
6b86d0de3a71ad47ee83c00e6458552c243c318ec0a35486f7aa94b5e3cf3a04,17784,3,mlk_montgomery_cleanroom/MONT_WORKTREE_af4c5abd/scripts/simpasm,provenance/montgomery-reduce/source-snapshots/base-worktree-af4c5abd/scripts/simpasm
6bb68d2f8a323ee8a229112a9bb74a1fd49767df4cc98eb476b36c0f04156f0c,3925,3,mlk_montgomery_cleanroom/MONT_WORKTREE_af4c5abd/test/mk/rules.mk,provenance/montgomery-reduce/source-snapshots/base-worktree-af4c5abd/test/mk/rules.mk
6bd6e70eddbc42e4b63005a2892acf4fb36ef8fcc98a120968655bf401056543,884,3,mlk_montgomery_cleanroom/MONT_WORKTREE_af4c5abd/examples/monolithic_build_multilevel_native/mlkem_native_all.c,provenance/montgomery-reduce/source-snapshots/base-worktree-af4c5abd/examples/monolithic_build_multilevel_native/mlkem_native_all.c
6c40148aacf831eb0d902fe93ae4c0f95a2d36875c7d216a34afe1be948e1797,2734,3,mlk_montgomery_cleanroom/MONT_WORKTREE_af4c5abd/test/abicheck/abicheck_common.h,provenance/montgomery-reduce/source-snapshots/base-worktree-af4c5abd/test/abicheck/abicheck_common.h
6c5396ec716037d74cc1a721cddc5142c3d532e72f2b4782d69064acbb867568,404,1,mlk_montgomery_cleanroom/MONT02A_FULL_T2_FUNCTIONAL_20260726T184223Z/P3_NN/summary.txt,experiments/montgomery-reduce/MONT02-relational-low-word-laws/raw-runs/05-p3-sign-partition-attempt/MONT02A_FULL_T2_FUNCTIONAL_20260726T184223Z/P3_NN/summary.txt
6c6ec57de9f82ef42d82760f144a4571cb16b3cd6de33aaa7aa9fd65e8ab1fa1,38,3,mlk_montgomery_cleanroom/MONT_WORKTREE_af4c5abd/proofs/cbmc/lib/__init__.py,provenance/montgomery-reduce/source-snapshots/base-worktree-af4c5abd/proofs/cbmc/lib/__init__.py
6c73cbefef9303ab6d08c3dcbfb14d4d3b9815c9b57970ae3f25c10d2248b5e8,65,1,mlk_montgomery_cleanroom/MONT03B_HARNESS_FREEZE_20260726T222052Z/P23_GOTO.sha256,experiments/montgomery-reduce/MONT03-normalized-fqmul-algebra/raw-runs/07-frozen-harness-family/MONT03B_HARNESS_FREEZE_20260726T222052Z/P23_GOTO.sha256
6c9aba90c63eef3f095dd030ce21c4b68953e2d011c9708b21f96a60dcfaf7e0,2357,3,mlk_montgomery_cleanroom/MONT_WORKTREE_af4c5abd/proofs/cbmc/intt_native_x86_64/Makefile,provenance/montgomery-reduce/source-snapshots/base-worktree-af4c5abd/proofs/cbmc/intt_native_x86_64/Makefile
6cc2271a4f49fa875328feede8959fdd406980e9bdced45b93931f2acd4380a5,15439,3,mlk_montgomery_cleanroom/MONT_WORKTREE_af4c5abd/Makefile.Microsoft_nmake,provenance/montgomery-reduce/source-snapshots/base-worktree-af4c5abd/Makefile.Microsoft_nmake
6cdca02751372a01f4d6e6a547c747644ff8aa8421280b80a0a7f064aa2f762e,877,1,mlk_montgomery_cleanroom/MONT02A_FULL_T2_FUNCTIONAL_20260726T175148Z/A_PROPERTY_LOGS/c2fa18bc17459837f40d.log,experiments/montgomery-reduce/MONT02-relational-low-word-laws/raw-runs/04-sharded-property-run/MONT02A_FULL_T2_FUNCTIONAL_20260726T175148Z/A_PROPERTY_LOGS/c2fa18bc17459837f40d.log
6ce5420cc18dc4f60af6e936569f685248c8dcfa120f89f87b64a5474e5cb37c,1749,1,mlk_montgomery_cleanroom/MONT03B_HARNESS_FREEZE_20260726T222052Z/P5_BUILD.log,experiments/montgomery-reduce/MONT03-normalized-fqmul-algebra/raw-runs/07-frozen-harness-family/MONT03B_HARNESS_FREEZE_20260726T222052Z/P5_BUILD.log
6cfea0fe4afff472b56d9f06933cb04cc8e06243b1ebcb6872b0c6bd73ebb926,2314,3,mlk_montgomery_cleanroom/MONT_WORKTREE_af4c5abd/proofs/cbmc/keccak_f1600_x1_native_aarch64_v84a/Makefile,provenance/montgomery-reduce/source-snapshots/base-worktree-af4c5abd/proofs/cbmc/keccak_f1600_x1_native_aarch64_v84a/Makefile
6d160c7df3deb1aa74999beddb018ed97b68b8c1e986ee87ed29a662ede426a6,7423,6,mlk_montgomery_cleanroom/MONT01A_D2_20260726T141230Z/T1_DIRECT_CBMC.log,experiments/montgomery-reduce/MONT01-exact-refinement/raw-runs/02-authoritative-proof-and-false-control/MONT01A_D2_20260726T141230Z/T1_DIRECT_CBMC.log
6d27ce7a850a07b14c9cb9f73bcaff0bb7fca02c29f500d72d05f715c1e78b55,3851,3,mlk_montgomery_cleanroom/MONT_WORKTREE_af4c5abd/test/abicheck/ppc64le/selftest_ppc64le.S,provenance/montgomery-reduce/source-snapshots/base-worktree-af4c5abd/test/abicheck/ppc64le/selftest_ppc64le.S
6d4b6ede9aa27cd8877f17e054e3e681bbaf5445c3eb7a4c08cf4cc25f84345c,20911,3,mlk_montgomery_cleanroom/MONT_WORKTREE_af4c5abd/proofs/hol_light/aarch64/mlkem/intt_aarch64_asm.S,provenance/montgomery-reduce/source-snapshots/base-worktree-af4c5abd/proofs/hol_light/aarch64/mlkem/intt_aarch64_asm.S
6d5f39ecaa80c0e1a6ec4dd896792c397eea505537fc69765557a2e3a11489a4,999,2,mlk_montgomery_cleanroom/MONT01A_D2_20260726T141230Z/MONT_T1_FALSE_CONTROL_SNAPSHOT/logs/check_function_contracts-log.txt,experiments/montgomery-reduce/MONT01-exact-refinement/raw-runs/02-authoritative-proof-and-false-control/MONT01A_D2_20260726T141230Z/MONT_T1_FALSE_CONTROL_SNAPSHOT/logs/check_function_contracts-log.txt
6d89e39fbdaafa070d5de356da471f09f0733153b30a64327bb85f0a22feb38b,407,3,mlk_montgomery_cleanroom/MONT_WORKTREE_af4c5abd/proofs/cbmc/shake128x4_absorb_once/shake128x4_absorb_once_harness.c,provenance/montgomery-reduce/source-snapshots/base-worktree-af4c5abd/proofs/cbmc/shake128x4_absorb_once/shake128x4_absorb_once_harness.c
6d8c05f5b8f5aa3c53ee7d44c75cdf85dc67657d0ca172342fb67b2352e4cb18,261,3,mlk_montgomery_cleanroom/MONT_WORKTREE_af4c5abd/proofs/cbmc/value_barrier_u8/value_barrier_u8_harness.c,provenance/montgomery-reduce/source-snapshots/base-worktree-af4c5abd/proofs/cbmc/value_barrier_u8/value_barrier_u8_harness.c
6da6e56d8fee54fa7c9185817371d08c65e47a1944ee8becd1cadd77fcce9fbe,1539,3,mlk_montgomery_cleanroom/MONT_WORKTREE_af4c5abd/.github/actions/lint/action.yml,provenance/montgomery-reduce/source-snapshots/base-worktree-af4c5abd/.github/actions/lint/action.yml
6da9424313bb9fbb1c0f366df9c058e6464023732c09185be5f829791b6cf12e,985,27,mlk_montgomery_cleanroom/MONT_WORKTREE_af4c5abd/examples/basic/mlkem_native/src/native/ppc64le/src/consts.h,provenance/montgomery-reduce/source-snapshots/base-worktree-af4c5abd/examples/basic/mlkem_native/src/native/ppc64le/src/consts.h
6dc668faceb87e8e83f58eed508ada947b06f63f77d946a0e37dbeac2f247523,501,3,mlk_montgomery_cleanroom/MONT_WORKTREE_af4c5abd/test/zephyr/app/Kconfig,provenance/montgomery-reduce/source-snapshots/base-worktree-af4c5abd/test/zephyr/app/Kconfig
6dedb381b37d6a6116a619d7e1056ca89a880776caf1a4d335585003745a8ffd,20877,3,mlk_montgomery_cleanroom/MONT_WORKTREE_af4c5abd/.github/workflows/legacy-compilers.yml,provenance/montgomery-reduce/source-snapshots/base-worktree-af4c5abd/.github/workflows/legacy-compilers.yml
6e038d5a0c4bebbbe85e40872bf139eacebd484e9a4b1f80080a817e4672f9ca,163473,1,mlk_montgomery_cleanroom/MONT00B_MONT01A_20260726T134739Z/MONT_T1_PROOF_SNAPSHOT/gotos/mont_t1_exact_refinement_harness0700.goto,experiments/montgomery-reduce/MONT01-exact-refinement/raw-runs/00-theorem-freeze-and-initial-proof/MONT00B_MONT01A_20260726T134739Z/MONT_T1_PROOF_SNAPSHOT/gotos/mont_t1_exact_refinement_harness0700.goto
6e039b38fd6e080387ad9ef0e4782c11cd8587ed40cbb6d5a39e2d40150f873c,757,1,mlk_montgomery_cleanroom/MONT_WORKTREE_af4c5abd/proofs/cbmc/mont_t2a_p3_witness_NP/Makefile,provenance/montgomery-reduce/source-snapshots/base-worktree-af4c5abd/proofs/cbmc/mont_t2a_p3_witness_NP/Makefile
6e14b950cdddc5678a18d8891005b5d24e346c4f6a54ab0d487d903b6915c7cc,2106,3,mlk_montgomery_cleanroom/MONT_WORKTREE_af4c5abd/proofs/cbmc/keccakf1600x4_extract_bytes_c/Makefile,provenance/montgomery-reduce/source-snapshots/base-worktree-af4c5abd/proofs/cbmc/keccakf1600x4_extract_bytes_c/Makefile
6e36c5d9400151bffeca05b9f73ac7dab2fd0eb492e1cfd31354848d859722d0,16293,3,mlk_montgomery_cleanroom/MONT_WORKTREE_af4c5abd/dev/fips202/aarch64_symbolic/keccak_f1600_x1_scalar_symbolic.S,provenance/montgomery-reduce/source-snapshots/base-worktree-af4c5abd/dev/fips202/aarch64_symbolic/keccak_f1600_x1_scalar_symbolic.S
6e39768bb1987d7676fb7a62288e189b6e82c6f119678d0e9353c8e74bbbb7c0,18322,1,mlk_montgomery_cleanroom/MONT_WORKTREE_af4c5abd/proofs/cbmc/mont_t2_relational_fibre/logs/property.xml,provenance/montgomery-reduce/source-snapshots/base-worktree-af4c5abd/proofs/cbmc/mont_t2_relational_fibre/logs/property.xml
6e44d25c14b24ce123cf3ea1f3182e502d32311652b82cf0afc72b3fb33368d8,2192,3,mlk_montgomery_cleanroom/MONT_WORKTREE_af4c5abd/proofs/cbmc/poly_invntt_tomont_native/Makefile,provenance/montgomery-reduce/source-snapshots/base-worktree-af4c5abd/proofs/cbmc/poly_invntt_tomont_native/Makefile
6e5922dcf17b8c0a5d56bda2d936dfb6384d7e1b673de9b731f815a2829ea4b2,496,3,mlk_montgomery_cleanroom/MONT_WORKTREE_af4c5abd/proofs/cbmc/poly_decompress_d5_native_x86_64/poly_decompress_d5_native_x86_64_harness.c,provenance/montgomery-reduce/source-snapshots/base-worktree-af4c5abd/proofs/cbmc/poly_decompress_d5_native_x86_64/poly_decompress_d5_native_x86_64_harness.c
6e7459b283764294b12771b84955892b4a9d6b2f0e82361af61e854e1f00ba25,348,6,mlk_montgomery_cleanroom/MONT_WORKTREE_af4c5abd/proofs/cbmc/keccakf1600_xor_bytes/keccakf1600_xor_bytes_harness.c,provenance/montgomery-reduce/source-snapshots/base-worktree-af4c5abd/proofs/cbmc/keccakf1600_xor_bytes/keccakf1600_xor_bytes_harness.c
6e84e94b62302da32f35b7e44de57a936cef12a328eb630b9ced7a21506ff318,8961,1,mlk_montgomery_cleanroom/MONT_WORKTREE_af4c5abd/proofs/cbmc/montgomery_reduce/gotos/proof0100.goto,provenance/montgomery-reduce/source-snapshots/base-worktree-af4c5abd/proofs/cbmc/montgomery_reduce/gotos/proof0100.goto
6eb81dbd07ded73a621a320b52c23af6ac7af5042d6ac824e33dba263d4d349a,32970,3,mlk_montgomery_cleanroom/MONT_WORKTREE_af4c5abd/proofs/hol_light/aarch64/mlkem/keccak_f1600_x4_v8a_v84a_scalar_hybrid_aarch64_asm.S,provenance/montgomery-reduce/source-snapshots/base-worktree-af4c5abd/proofs/hol_light/aarch64/mlkem/keccak_f1600_x4_v8a_v84a_scalar_hybrid_aarch64_asm.S
6eb8d453a49ca2363797ba033c4627e0b92116c2d0000073970630870625b6b3,132,16,mlk_montgomery_cleanroom/MONT01B_R1_M2_M3_20260726T151104Z/M3_SHIFT_BY_15/worktree-add.log,experiments/montgomery-reduce/MONT01-exact-refinement/raw-runs/03-mutation-sensitivity/04-complete-three-mutant-run/MONT01B_R1_M2_M3_20260726T151104Z/M3_SHIFT_BY_15/worktree-add.log
6ec58c890ce36b509e8a3bdb68f91491999375dd483eda795aecc570204830b2,276,3,mlk_montgomery_cleanroom/MONT_WORKTREE_af4c5abd/proofs/cbmc/poly_decompress_dv/poly_decompress_dv_harness.c,provenance/montgomery-reduce/source-snapshots/base-worktree-af4c5abd/proofs/cbmc/poly_decompress_dv/poly_decompress_dv_harness.c
6ec5ff24af95e300f1567e15371a4f64be24e4383963cf94944cd1c0e4ceb072,305,6,mlk_montgomery_cleanroom/MONT_WORKTREE_af4c5abd/proofs/cbmc/keccak_f1600_x1_native_aarch64/keccak_f1600_x1_native_aarch64_harness.c,provenance/montgomery-reduce/source-snapshots/base-worktree-af4c5abd/proofs/cbmc/keccak_f1600_x1_native_aarch64/keccak_f1600_x1_native_aarch64_harness.c
6f13510cb44b936d51129ecb71419e11cc6630578e4593027aa06a4a2e54dfd4,456,6,mlk_montgomery_cleanroom/MONT_WORKTREE_af4c5abd/proofs/cbmc/rej_uniform_native_aarch64/rej_uniform_native_aarch64_harness.c,provenance/montgomery-reduce/source-snapshots/base-worktree-af4c5abd/proofs/cbmc/rej_uniform_native_aarch64/rej_uniform_native_aarch64_harness.c
6f3e51d5c0bac6c10a608d702ebebc53c1c75bb5f9227d40f16d3760354c9552,487,3,mlk_montgomery_cleanroom/MONT_WORKTREE_af4c5abd/proofs/cbmc/keccak_squeezeblocks/keccak_squeezeblocks_harness.c,provenance/montgomery-reduce/source-snapshots/base-worktree-af4c5abd/proofs/cbmc/keccak_squeezeblocks/keccak_squeezeblocks_harness.c
6f5bc47ccc4b2d357d5aabffed4ae58ee5927415ce14a35169e2e96830c2e1d0,28791,27,mlk_montgomery_cleanroom/MONT_WORKTREE_af4c5abd/examples/basic/mlkem_native/src/native/riscv64/src/rv64v_poly.c,provenance/montgomery-reduce/source-snapshots/base-worktree-af4c5abd/examples/basic/mlkem_native/src/native/riscv64/src/rv64v_poly.c
6f683fdb835d642288a4162d486b01d4800f7d1694d2427933383631a7aee4bb,622,3,mlk_montgomery_cleanroom/MONT_WORKTREE_af4c5abd/proofs/cbmc/enc_getnoise_eta1_eta2/enc_getnoise_eta1_eta2_harness.c,provenance/montgomery-reduce/source-snapshots/base-worktree-af4c5abd/proofs/cbmc/enc_getnoise_eta1_eta2/enc_getnoise_eta1_eta2_harness.c
6faae96d9b009e1b1b0388d78d84c721b0ef75a09b73d47a7e75bd1beca31db4,363,1,mlk_montgomery_cleanroom/MONT_WORKTREE_af4c5abd/proofs/cbmc/mont_t2a_p3_witness_NN/logs/unwind_loops-log.txt,provenance/montgomery-reduce/source-snapshots/base-worktree-af4c5abd/proofs/cbmc/mont_t2a_p3_witness_NN/logs/unwind_loops-log.txt
6fb32a5790fadccaa0a102aa68be2f45f658881539a7e298f1716c3d41109744,120832,1,mlk_montgomery_cleanroom/MONT_T4_WORKTREE_af4c5abd_20260726T225651Z/proofs/cbmc/mont_t4_p1_p4_roundtrip_zero/gotos/project0200.goto,provenance/montgomery-reduce/worktree-deltas/MONT04-poly-tomont-delta/proofs/cbmc/mont_t4_p1_p4_roundtrip_zero/gotos/project0200.goto
6fbe5f3b9607bf318a8e74d22452bce5890832b5048fdb952842f929036d7586,11586,24,mlk_montgomery_cleanroom/MONT_WORKTREE_af4c5abd/examples/basic/mlkem_native/src/fips202/native/aarch64/src/keccak_f1600_x1_scalar_aarch64_asm.S,provenance/montgomery-reduce/source-snapshots/base-worktree-af4c5abd/examples/basic/mlkem_native/src/fips202/native/aarch64/src/keccak_f1600_x1_scalar_aarch64_asm.S
6fcf42b53523836859ced61f3758e648b7be79040562f5c19a64817c0162e3ae,1892,3,mlk_montgomery_cleanroom/MONT_WORKTREE_af4c5abd/proofs/cbmc/scalar_decompress_d4/Makefile,provenance/montgomery-reduce/source-snapshots/base-worktree-af4c5abd/proofs/cbmc/scalar_decompress_d4/Makefile
6febca21704c67e3a5ec62fb531616f095b8641390cfc9cfca476dcae9b74bcb,1918,3,mlk_montgomery_cleanroom/MONT_WORKTREE_af4c5abd/dev/fips202/armv81m/mve.h,provenance/montgomery-reduce/source-snapshots/base-worktree-af4c5abd/dev/fips202/armv81m/mve.h
6ff7935129a471a3460879e61acd74f33312de145f6873c72c0f3acb7c829cd5,117764,2,mlk_montgomery_cleanroom/MONT01A_D2_20260726T141230Z/MONT_T1_FALSE_CONTROL_SNAPSHOT/gotos/project0100.goto,experiments/montgomery-reduce/MONT01-exact-refinement/raw-runs/02-authoritative-proof-and-false-control/MONT01A_D2_20260726T141230Z/MONT_T1_FALSE_CONTROL_SNAPSHOT/gotos/project0100.goto
6ffb65f2a98f95cd3ff7766d5b6942cf093de428d368229272acf7334bf15b9a,10952,3,mlk_montgomery_cleanroom/MONT_WORKTREE_af4c5abd/.github/workflows/base.yml,provenance/montgomery-reduce/source-snapshots/base-worktree-af4c5abd/.github/workflows/base.yml
6ffcd01b440924698a857730185d07fc29f868de611db3555ccd00b2486a4b65,1211,27,mlk_montgomery_cleanroom/MONT_WORKTREE_af4c5abd/examples/basic/mlkem_native/src/native/aarch64/README.md,provenance/montgomery-reduce/source-snapshots/base-worktree-af4c5abd/examples/basic/mlkem_native/src/native/aarch64/README.md
700dfbc651a6cb5ab61f3afa18fd2aa9c9521c1e2f7776ac44bc03f7bd76f303,2051,3,mlk_montgomery_cleanroom/MONT_WORKTREE_af4c5abd/proofs/cbmc/polyvec_ntt/Makefile,provenance/montgomery-reduce/source-snapshots/base-worktree-af4c5abd/proofs/cbmc/polyvec_ntt/Makefile
70189e909194b3afbfcd3c009826bc881e9457c68a737f6d22fcfc8aeb617914,5794,3,mlk_montgomery_cleanroom/MONT_WORKTREE_af4c5abd/test/zephyr/app/shim_nucleo_n657x0_q.c,provenance/montgomery-reduce/source-snapshots/base-worktree-af4c5abd/test/zephyr/app/shim_nucleo_n657x0_q.c
70416a0ad9998fc2f3f0d662f1b4d692f234cadc83ac3ba81ca501c3d636d26c,28634,27,mlk_montgomery_cleanroom/MONT_WORKTREE_af4c5abd/examples/basic/mlkem_native/src/native/x86_64/src/ntt_avx2_asm.S,provenance/montgomery-reduce/source-snapshots/base-worktree-af4c5abd/examples/basic/mlkem_native/src/native/x86_64/src/ntt_avx2_asm.S
70503519737dc8957de2e4a24c3de66887c647f834c2cbc8911b342415abd87b,181031,1,mlk_montgomery_cleanroom/MONT_T3_WORKTREE_af4c5abd/proofs/cbmc/mont_t3_p1_refinement/gotos/mont_t3_p1_refinement_harness0600.goto,provenance/montgomery-reduce/worktree-deltas/MONT03-fqmul-algebra-delta/proofs/cbmc/mont_t3_p1_refinement/gotos/mont_t3_p1_refinement_harness0600.goto
705a0504564f3976b2767096e1f5ff74e0b90f90de8696e4110a73f085e9f5d8,6476,1,mlk_montgomery_cleanroom/MONT02A_FULL_T2_FUNCTIONAL_20260726T192057Z/P3_NN/properties.txt,experiments/montgomery-reduce/MONT02-relational-low-word-laws/raw-runs/06-p3-sign-partition-complete/MONT02A_FULL_T2_FUNCTIONAL_20260726T192057Z/P3_NN/properties.txt
70abfb8c0a8d4a231fed3f0612ea9f4d6a95a8c5a1bb85cc20e1d9ec7961237b,26293,3,mlk_montgomery_cleanroom/MONT_WORKTREE_af4c5abd/proofs/hol_light/aarch64/proofs/polyvec_basemul_acc_montgomery_cached_k2_aarch64_asm.ml,provenance/montgomery-reduce/source-snapshots/base-worktree-af4c5abd/proofs/hol_light/aarch64/proofs/polyvec_basemul_acc_montgomery_cached_k2_aarch64_asm.ml
70b7c2edd20951dcd8bee44ae114567ac406083a28eb127afd2d57e8b16a2bd8,1248,6,mlk_montgomery_cleanroom/MONT_WORKTREE_af4c5abd/examples/bring_your_own_fips202/custom_fips202/tiny_sha3/sha3.h,provenance/montgomery-reduce/source-snapshots/base-worktree-af4c5abd/examples/bring_your_own_fips202/custom_fips202/tiny_sha3/sha3.h
70d4c38a42df001fa7bc2757668cdcf35f311d9c83b6e0e2a6b02c8e2af85384,117760,1,mlk_montgomery_cleanroom/MONT_WORKTREE_af4c5abd/proofs/cbmc/montgomery_reduce/gotos/project0100.goto,provenance/montgomery-reduce/source-snapshots/base-worktree-af4c5abd/proofs/cbmc/montgomery_reduce/gotos/project0100.goto
70d845da1c0d0e71cc08cb92e686767cd561deb338d7e4fbe56426884ee5a0aa,21491,6,mlk_montgomery_cleanroom/MONT_WORKTREE_af4c5abd/proofs/hol_light/aarch64/proofs/mlkem_rej_uniform_table.ml,provenance/montgomery-reduce/source-snapshots/base-worktree-af4c5abd/proofs/hol_light/aarch64/proofs/mlkem_rej_uniform_table.ml
712ec8d2780308b3ec9b36128719c00ee8ba6070b8749f3d264328dc5758f4a8,135224,1,mlk_montgomery_cleanroom/MONT_WORKTREE_af4c5abd/proofs/cbmc/mont_t2a_p3_witness_NP/gotos/mont_t2a_p3_witness_NP_harness0500.goto,provenance/montgomery-reduce/source-snapshots/base-worktree-af4c5abd/proofs/cbmc/mont_t2a_p3_witness_NP/gotos/mont_t2a_p3_witness_NP_harness0500.goto
717173c9caefa585baf1e68fda84d0d62c481c107087dedf986205b17766343a,850,1,mlk_montgomery_cleanroom/MONT02A_FULL_T2_FUNCTIONAL_20260726T175148Z/A_PROPERTY_LOGS/7186820348ada2e567ed.log,experiments/montgomery-reduce/MONT02-relational-low-word-laws/raw-runs/04-sharded-property-run/MONT02A_FULL_T2_FUNCTIONAL_20260726T175148Z/A_PROPERTY_LOGS/7186820348ada2e567ed.log
718662ab6bffc7aeed7e62230b69c1af7fcfeeacf5d61af334a8fc844d59c4fd,209,1,mlk_montgomery_cleanroom/MONT03C_FUNCTIONAL_NONVACUITY_20260726T222928Z/MONT03C_TERMINAL_CAPTURE_20260726T222928Z.txt.sha256,experiments/montgomery-reduce/MONT03-normalized-fqmul-algebra/raw-runs/09-nonvacuity-attempt-2/MONT03C_FUNCTIONAL_NONVACUITY_20260726T222928Z/MONT03C_TERMINAL_CAPTURE_20260726T222928Z.txt.sha256
718fd2f6a91b0c867090d47ee584d60ded4880b4f457f8eabac7e100dd975f61,5361,3,mlk_montgomery_cleanroom/MONT_WORKTREE_af4c5abd/examples/custom_backend/mlkem_native/src/fips202/native/custom/src/sha3.c,provenance/montgomery-reduce/source-snapshots/base-worktree-af4c5abd/examples/custom_backend/mlkem_native/src/fips202/native/custom/src/sha3.c
71a514bf36b7893d0190b0b2f476b11083978630b5d27e01dc5015f07fdb5efe,992,3,mlk_montgomery_cleanroom/MONT_WORKTREE_af4c5abd/.github/actions/setup-oqs/action.yml,provenance/montgomery-reduce/source-snapshots/base-worktree-af4c5abd/.github/actions/setup-oqs/action.yml
71acd3b130b5c374d554092b7a1ee73396feea5a55d3458d002eb514e572f7a4,54,2,mlk_montgomery_cleanroom/MONT01A_D2_20260726T141230Z/MONT_T1_AUTHORITATIVE_SNAPSHOT/.litani_cache_dir,experiments/montgomery-reduce/MONT01-exact-refinement/raw-runs/02-authoritative-proof-and-false-control/MONT01A_D2_20260726T141230Z/MONT_T1_AUTHORITATIVE_SNAPSHOT/.litani_cache_dir
71b3d1081ad5ffb4cfaa48ae6becb088efe1d2a8e0afa02abbc2697fa2a16fdb,975,1,mlk_montgomery_cleanroom/MONT02A_T2_20260726T152258Z/MONT02A_T2_THEOREM_REGISTRY.md,experiments/montgomery-reduce/MONT02-relational-low-word-laws/raw-runs/00-theorem-registry-and-initial-run/MONT02A_T2_20260726T152258Z/MONT02A_T2_THEOREM_REGISTRY.md
71ecafe83460393fb260811a61535874a41027fa55e7a4a7f39a70f1721eca74,12065,3,mlk_montgomery_cleanroom/MONT_WORKTREE_af4c5abd/dev/aarch64_opt/src/poly_tomont_aarch64_asm.S,provenance/montgomery-reduce/source-snapshots/base-worktree-af4c5abd/dev/aarch64_opt/src/poly_tomont_aarch64_asm.S
7233606c180060385cf03f0ac282494576a75041724988a8a3c8228014baa2be,7538,3,mlk_montgomery_cleanroom/MONT_WORKTREE_af4c5abd/test/abicheck/aarch64/callstub_aarch64.S,provenance/montgomery-reduce/source-snapshots/base-worktree-af4c5abd/test/abicheck/aarch64/callstub_aarch64.S
724007976dde8989f5c10b8f9883fdd2de254fb04febcd806879825c8fe0dbf0,46131,1,mlk_montgomery_cleanroom/MONT_T4_WORKTREE_af4c5abd_20260726T225651Z/proofs/cbmc/mont_t4_p2_p3_p5_bijection_locality/gotos/proof0100.goto,provenance/montgomery-reduce/worktree-deltas/MONT04-poly-tomont-delta/proofs/cbmc/mont_t4_p2_p3_p5_bijection_locality/gotos/proof0100.goto
72656f5050e8160721cd76d2c31decfbd85fd82ebb9c8f8469a9901899edfb93,3387,3,mlk_montgomery_cleanroom/MONT_WORKTREE_af4c5abd/.github/workflows/ct-tests.yml,provenance/montgomery-reduce/source-snapshots/base-worktree-af4c5abd/.github/workflows/ct-tests.yml
729e07660a90dd11dbd5d534f800b69544f2561bc767975f33ee8ec57e440b8b,315,1,mlk_montgomery_cleanroom/MONT01B_R1_M2_M3_20260726T150200Z/M3_SHIFT_BY_15/make-clean.log,experiments/montgomery-reduce/MONT01-exact-refinement/raw-runs/03-mutation-sensitivity/02-retry-m3-partial/MONT01B_R1_M2_M3_20260726T150200Z/M3_SHIFT_BY_15/make-clean.log
72cd033ff3a5140e9bbbf611f06a5270d938461000180aab9914736aa1f818b7,2144,3,mlk_montgomery_cleanroom/MONT_WORKTREE_af4c5abd/proofs/cbmc/sys_check_capability/Makefile,provenance/montgomery-reduce/source-snapshots/base-worktree-af4c5abd/proofs/cbmc/sys_check_capability/Makefile
72e772de58fb24f63ce6519478b1ced46b1a0dcb2f375e7d813e48bcc39d38a0,119998,1,mlk_montgomery_cleanroom/MONT_WORKTREE_af4c5abd/proofs/cbmc/montgomery_reduce/gotos/montgomery_reduce_harness0500.goto,provenance/montgomery-reduce/source-snapshots/base-worktree-af4c5abd/proofs/cbmc/montgomery_reduce/gotos/montgomery_reduce_harness0500.goto
72ebadaf64255b590a3e16ff47ae64c391ac829acf83cbc5f320df448e070c00,6188,3,mlk_montgomery_cleanroom/MONT_WORKTREE_af4c5abd/test/src/test_mlkem.c,provenance/montgomery-reduce/source-snapshots/base-worktree-af4c5abd/test/src/test_mlkem.c
73326d4adc74568fc1976582f23ed5fd83ab66085ae9384eaf04f41f5373fcce,285,3,mlk_montgomery_cleanroom/MONT_WORKTREE_af4c5abd/proofs/cbmc/kem_check_pk/kem_check_pk_harness.c,provenance/montgomery-reduce/source-snapshots/base-worktree-af4c5abd/proofs/cbmc/kem_check_pk/kem_check_pk_harness.c
738753871686e9e7e596bdf7fb19e445b24191265f265d54f328e3cf94087a14,261,3,mlk_montgomery_cleanroom/MONT_WORKTREE_af4c5abd/proofs/cbmc/sys_check_capability/sys_check_capability_harness.c,provenance/montgomery-reduce/source-snapshots/base-worktree-af4c5abd/proofs/cbmc/sys_check_capability/sys_check_capability_harness.c
739a2a8ea69da4253edb75b3597acf7ccab0b23f28cb6a7878193ac9113d9859,2112,3,mlk_montgomery_cleanroom/MONT_WORKTREE_af4c5abd/proofs/cbmc/kem_keypair_derand/Makefile,provenance/montgomery-reduce/source-snapshots/base-worktree-af4c5abd/proofs/cbmc/kem_keypair_derand/Makefile
74372bedd91980757ab8c3e30885c4ca2a2ec8b2383f8d42c8c89b4b327e30fe,2585,3,mlk_montgomery_cleanroom/MONT_WORKTREE_af4c5abd/proofs/cbmc/polyvec_basemul_acc_montgomery_cached_k4_native_aarch64/Makefile,provenance/montgomery-reduce/source-snapshots/base-worktree-af4c5abd/proofs/cbmc/polyvec_basemul_acc_montgomery_cached_k4_native_aarch64/Makefile
7439e706299cfa447d54e733b6136cba25102a0bd71334a62bd467fd707d4a05,2550,3,mlk_montgomery_cleanroom/MONT_WORKTREE_af4c5abd/proofs/cbmc/polyvec_basemul_acc_montgomery_cached_k2_native_x86_64/Makefile,provenance/montgomery-reduce/source-snapshots/base-worktree-af4c5abd/proofs/cbmc/polyvec_basemul_acc_montgomery_cached_k2_native_x86_64/Makefile
746975ddb719d014d111e8bf48e2e105f3d46cc2ecd3f126299acdda719dd9f0,891,3,mlk_montgomery_cleanroom/MONT_WORKTREE_af4c5abd/nix/cbmc/litani.nix,provenance/montgomery-reduce/source-snapshots/base-worktree-af4c5abd/nix/cbmc/litani.nix
7495a4b3eb8eccc7e99e605c0f090c002458b853be39358b6f22e346c3c0050c,133926,2,mlk_montgomery_cleanroom/MONT01A_D2_20260726T141230Z/MONT_T1_AUTHORITATIVE_SNAPSHOT/gotos/mont_t1_exact_refinement_harness0400.goto,experiments/montgomery-reduce/MONT01-exact-refinement/raw-runs/02-authoritative-proof-and-false-control/MONT01A_D2_20260726T141230Z/MONT_T1_AUTHORITATIVE_SNAPSHOT/gotos/mont_t1_exact_refinement_harness0400.goto
74a276530a076efd5fa35a2936d3555860ceeca408d7fdce4725228009f90422,428,3,mlk_montgomery_cleanroom/MONT_WORKTREE_af4c5abd/proofs/cbmc/polymat_permute_bitrev_to_custom/polymat_permute_bitrev_to_custom_harness.c,provenance/montgomery-reduce/source-snapshots/base-worktree-af4c5abd/proofs/cbmc/polymat_permute_bitrev_to_custom/polymat_permute_bitrev_to_custom_harness.c
74a5d62cee4a16df1708d7abbd3b1cc91cfbebaa892f5cdc3d36c7ba1b490461,202,1,mlk_montgomery_cleanroom/MONT03B_HARNESS_FREEZE_20260726T221716Z/MONT03B_TERMINAL_CAPTURE_20260726T221716Z.txt.sha256,experiments/montgomery-reduce/MONT03-normalized-fqmul-algebra/raw-runs/05-harness-freeze-attempt-1/MONT03B_HARNESS_FREEZE_20260726T221716Z/MONT03B_TERMINAL_CAPTURE_20260726T221716Z.txt.sha256
74c7fb9794843628123074a8dd770715007a3da16ffa3245bb8763f5d4b331b7,17152,3,mlk_montgomery_cleanroom/MONT_WORKTREE_af4c5abd/test/zephyr/nucleo_n657x0_q/exec_wrapper.py,provenance/montgomery-reduce/source-snapshots/base-worktree-af4c5abd/test/zephyr/nucleo_n657x0_q/exec_wrapper.py
74ddc52cb8ef9a186452b1dba2858fc8243e6778d662308c92a5a001395f7f51,269,2,mlk_montgomery_cleanroom/MONT02A_FULL_T2_FUNCTIONAL_20260726T192057Z/P3_NN/build.log.clean,experiments/montgomery-reduce/MONT02-relational-low-word-laws/raw-runs/06-p3-sign-partition-complete/MONT02A_FULL_T2_FUNCTIONAL_20260726T192057Z/P3_NN/build.log.clean
74f0eb0db5e4187250a46d6e5ed3f4b8e65efe446881419b20482e5473e5cdf1,2062,3,mlk_montgomery_cleanroom/MONT_WORKTREE_af4c5abd/proofs/cbmc/keccakf1600_permute/Makefile,provenance/montgomery-reduce/source-snapshots/base-worktree-af4c5abd/proofs/cbmc/keccakf1600_permute/Makefile
7502012a2b054914ed49bfb497e529fe018f9552f14100ffb29b0279632b3183,209,1,mlk_montgomery_cleanroom/MONT03C_FUNCTIONAL_NONVACUITY_20260726T222638Z/MONT03C_TERMINAL_CAPTURE_20260726T222638Z.txt.sha256,experiments/montgomery-reduce/MONT03-normalized-fqmul-algebra/raw-runs/08-nonvacuity-attempt-1/MONT03C_FUNCTIONAL_NONVACUITY_20260726T222638Z/MONT03C_TERMINAL_CAPTURE_20260726T222638Z.txt.sha256
7505981d90efc5fd1debf4bb693da074bcc94c2450cf2a78f4feb413d0892548,5371,3,mlk_montgomery_cleanroom/MONT_WORKTREE_af4c5abd/scripts/check-magic,provenance/montgomery-reduce/source-snapshots/base-worktree-af4c5abd/scripts/check-magic
756c79b597838ec695b646181969be9f7962a5346fd67b11ef5d412f8d50e04c,134350,2,mlk_montgomery_cleanroom/MONT_T3_WORKTREE_af4c5abd/proofs/cbmc/mont_t3_p5_distributivity/gotos/mont_t3_p5_distributivity_harness0200.goto,provenance/montgomery-reduce/worktree-deltas/MONT03-fqmul-algebra-delta/proofs/cbmc/mont_t3_p5_distributivity/gotos/mont_t3_p5_distributivity_harness0200.goto
758b20e78fe9caed845e68b83fc8aa7d4646047bb91524aac9c025e9a0d1803c,36630,3,mlk_montgomery_cleanroom/MONT_WORKTREE_af4c5abd/proofs/hol_light/x86_64/mlkem/polyvec_basemul_acc_montgomery_cached_k4_avx2_asm.S,provenance/montgomery-reduce/source-snapshots/base-worktree-af4c5abd/proofs/hol_light/x86_64/mlkem/polyvec_basemul_acc_montgomery_cached_k4_avx2_asm.S
75982685ed968b852037950968eeeacc63edad3b87b2c65bb610ab1ec1aecb20,2011,3,mlk_montgomery_cleanroom/MONT_WORKTREE_af4c5abd/proofs/cbmc/polyvec_tobytes/Makefile,provenance/montgomery-reduce/source-snapshots/base-worktree-af4c5abd/proofs/cbmc/polyvec_tobytes/Makefile
75a8d85185e78ae4164a5b45168838ad1d5b4da4a593127e079e2769f1a367f5,393,3,mlk_montgomery_cleanroom/MONT_WORKTREE_af4c5abd/nix/avr/simavr-16k-eeprom.patch,provenance/montgomery-reduce/source-snapshots/base-worktree-af4c5abd/nix/avr/simavr-16k-eeprom.patch
75f352eaf1cb258d6f98e06a37c931b73500e03f685aca3e638cfb6bf10a414f,2828,3,mlk_montgomery_cleanroom/MONT_WORKTREE_af4c5abd/test/abicheck/aarch64/selftest_aarch64.S,provenance/montgomery-reduce/source-snapshots/base-worktree-af4c5abd/test/abicheck/aarch64/selftest_aarch64.S
76112296d3debd105bd3ac0c458ef8bd935ea521bbecc8de24d230b4c71df264,141838,3,mlk_montgomery_cleanroom/MONT_WORKTREE_af4c5abd/proofs/hol_light/aarch64/proofs/rej_uniform_aarch64_asm.ml,provenance/montgomery-reduce/source-snapshots/base-worktree-af4c5abd/proofs/hol_light/aarch64/proofs/rej_uniform_aarch64_asm.ml
765f4c444b8e4257fb4110187c94f50d75e41cf37f83676f1c118a69fae497ec,125585,1,mlk_montgomery_cleanroom/MONT_T4_WORKTREE_af4c5abd_20260726T225651Z/proofs/cbmc/mont_t4_p1_p4_roundtrip_zero/gotos/mont_t4_p1_p4_roundtrip_zero_harness0700.goto,provenance/montgomery-reduce/worktree-deltas/MONT04-poly-tomont-delta/proofs/cbmc/mont_t4_p1_p4_roundtrip_zero/gotos/mont_t4_p1_p4_roundtrip_zero_harness0700.goto
766d82cb4979340b9774c60798472043398c18e9ca34880fba157ecce89d79cc,315,1,mlk_montgomery_cleanroom/MONT01B_R1_M2_M3_20260726T151104Z/M3_SHIFT_BY_15/make-clean.log,experiments/montgomery-reduce/MONT01-exact-refinement/raw-runs/03-mutation-sensitivity/04-complete-three-mutant-run/MONT01B_R1_M2_M3_20260726T151104Z/M3_SHIFT_BY_15/make-clean.log
76b8ecf5540918f515c93f88ff67361611afb52f29883daa1df494666645abac,65,1,mlk_montgomery_cleanroom/MONT03B_HARNESS_FREEZE_20260726T222052Z/P4_GOTO.sha256,experiments/montgomery-reduce/MONT03-normalized-fqmul-algebra/raw-runs/07-frozen-harness-family/MONT03B_HARNESS_FREEZE_20260726T222052Z/P4_GOTO.sha256
76f1cd9df93bd940b50f1e8863a72ee58c261be7dd37ae3d696134cde0af6035,3421,24,mlk_montgomery_cleanroom/MONT_WORKTREE_af4c5abd/examples/basic/mlkem_native/src/fips202/native/aarch64/src/fips202_native_aarch64.h,provenance/montgomery-reduce/source-snapshots/base-worktree-af4c5abd/examples/basic/mlkem_native/src/fips202/native/aarch64/src/fips202_native_aarch64.h
7715c064bf9347134126d94bda033d53a57066d92ab49de1754668da34c09360,2362,3,mlk_montgomery_cleanroom/MONT_WORKTREE_af4c5abd/proofs/cbmc/poly_compress_d10_native_x86_64/Makefile,provenance/montgomery-reduce/source-snapshots/base-worktree-af4c5abd/proofs/cbmc/poly_compress_d10_native_x86_64/Makefile
776ca71f3c61cf9766ebc1558053556f486a23ec2171556cc200b6c0a12fc03b,5398,1,mlk_montgomery_cleanroom/MONT01B_R1_M2_M3_20260726T151104Z/M2_RECONSTRUCTION_SIGN/make.log,experiments/montgomery-reduce/MONT01-exact-refinement/raw-runs/03-mutation-sensitivity/04-complete-three-mutant-run/MONT01B_R1_M2_M3_20260726T151104Z/M2_RECONSTRUCTION_SIGN/make.log
777d723257a137112e9cf6ac812bbd93143f8893cd28d1da5f078005405e5850,1996,3,mlk_montgomery_cleanroom/MONT_WORKTREE_af4c5abd/proofs/cbmc/poly_ntt/Makefile,provenance/montgomery-reduce/source-snapshots/base-worktree-af4c5abd/proofs/cbmc/poly_ntt/Makefile
7829981af16e1853bb2fffae5bc622206df05e176631c38fc762ac6f803b4e35,5704,3,mlk_montgomery_cleanroom/MONT_WORKTREE_af4c5abd/proofs/hol_light/x86_64/proofs/mlkem_zetas.ml,provenance/montgomery-reduce/source-snapshots/base-worktree-af4c5abd/proofs/hol_light/x86_64/proofs/mlkem_zetas.ml
78654feefa1baede01f8933b86939e3d4cd292dc8af0dfe8fe25fa415afc9968,10233,3,mlk_montgomery_cleanroom/MONT_WORKTREE_af4c5abd/proofs/hol_light/aarch64/mlkem/polyvec_basemul_acc_montgomery_cached_k3_aarch64_asm.S,provenance/montgomery-reduce/source-snapshots/base-worktree-af4c5abd/proofs/hol_light/aarch64/mlkem/polyvec_basemul_acc_montgomery_cached_k3_aarch64_asm.S
786a7626ea0904c0ba5ba0143e5583aa737dfb3a1975d7d73e93e1ca0eb8d939,4130,1,mlk_montgomery_cleanroom/MONT_WORKTREE_af4c5abd/proofs/cbmc/mont_t2a_p3_witness_NN/.ninja_log,provenance/montgomery-reduce/source-snapshots/base-worktree-af4c5abd/proofs/cbmc/mont_t2a_p3_witness_NN/.ninja_log
787720e046f6439dde4cfb0e94cb2722d03bfbc75338355dc68efeab81b6d9e1,21759,3,mlk_montgomery_cleanroom/MONT_WORKTREE_af4c5abd/proofs/hol_light/x86_64/proofs/poly_mulcache_compute_avx2_asm.ml,provenance/montgomery-reduce/source-snapshots/base-worktree-af4c5abd/proofs/hol_light/x86_64/proofs/poly_mulcache_compute_avx2_asm.ml
78a490df11f02a2e2abedcb56760d4d250f5c8d6cb02c4bfabd3c5cfe2b57cef,48851,3,mlk_montgomery_cleanroom/MONT_WORKTREE_af4c5abd/dev/fips202/aarch64_symbolic/keccak_f1600_x4_v8a_scalar_hybrid_clean.S,provenance/montgomery-reduce/source-snapshots/base-worktree-af4c5abd/dev/fips202/aarch64_symbolic/keccak_f1600_x4_v8a_scalar_hybrid_clean.S
78e9b33622f28639b03a752d78ed81c9e3ebafd8f75b503312ae17d19d0e796b,315,2,mlk_montgomery_cleanroom/MONT01A_D2_20260726T141230Z/MONT_T1_FALSE_CONTROL_SNAPSHOT/logs/remove_function_body-log.txt,experiments/montgomery-reduce/MONT01-exact-refinement/raw-runs/02-authoritative-proof-and-false-control/MONT01A_D2_20260726T141230Z/MONT_T1_FALSE_CONTROL_SNAPSHOT/logs/remove_function_body-log.txt
79402d9b414d199c66b269241baa19262101eadbb9f5e9379c33173c36e25b4c,2068,3,mlk_montgomery_cleanroom/MONT_WORKTREE_af4c5abd/proofs/cbmc/keccakf1600x4_permute/Makefile,provenance/montgomery-reduce/source-snapshots/base-worktree-af4c5abd/proofs/cbmc/keccakf1600x4_permute/Makefile
794be7bf84506e26e46a3d62a177e100ef24747d918e24d7486d8efee065b33d,158982,1,mlk_montgomery_cleanroom/MONT_WORKTREE_af4c5abd/proofs/cbmc/mont_t2a_p3_single_call_decomposition/gotos/mont_t2a_p3_single_call_decomposition_harness0600.goto,provenance/montgomery-reduce/source-snapshots/base-worktree-af4c5abd/proofs/cbmc/mont_t2a_p3_single_call_decomposition/gotos/mont_t2a_p3_single_call_decomposition_harness0600.goto
798bfb37b3b161b3db76c0e479e7b292d1663885d346a29b993c51c58db0d6b4,3650,1,mlk_montgomery_cleanroom/MONT01B_MUTATION_PACKAGE_20260726T143223Z/MONT01B_FILE_MANIFEST.sha256,experiments/montgomery-reduce/MONT01-exact-refinement/raw-runs/03-mutation-sensitivity/00-initial-package/MONT01B_MUTATION_PACKAGE_20260726T143223Z/MONT01B_FILE_MANIFEST.sha256
79a80c4c7c8a6fc0863c5180fec57736cbc8ba8cbaa5c0c51cb6027d5936434a,2204,3,mlk_montgomery_cleanroom/MONT_WORKTREE_af4c5abd/proofs/cbmc/keccakf1600x4_permute_native_x4/Makefile,provenance/montgomery-reduce/source-snapshots/base-worktree-af4c5abd/proofs/cbmc/keccakf1600x4_permute_native_x4/Makefile
79aeba6be58c4126fb4ad80ea743af298396169b9d80ba699edee6b821592137,7307,3,mlk_montgomery_cleanroom/MONT_WORKTREE_af4c5abd/test/zephyr/platform.mk,provenance/montgomery-reduce/source-snapshots/base-worktree-af4c5abd/test/zephyr/platform.mk
79bd210aa6f66cd19c8042103251daafec97f3bcbe5e8b68f8a60802aaf8307a,47275,1,mlk_montgomery_cleanroom/MONT_WORKTREE_af4c5abd/proofs/cbmc/mont_t2a_p3_witness_NP/gotos/proof0100.goto,provenance/montgomery-reduce/source-snapshots/base-worktree-af4c5abd/proofs/cbmc/mont_t2a_p3_witness_NP/gotos/proof0100.goto
79ce7c38279195008678419a6dc80dad8ae10f448cfd18eb181001f217d32835,23977,3,mlk_montgomery_cleanroom/MONT_WORKTREE_af4c5abd/proofs/cbmc/proof_guide.md,provenance/montgomery-reduce/source-snapshots/base-worktree-af4c5abd/proofs/cbmc/proof_guide.md
79da7b99dd0e488523a858eacdc2c6eb9311233120fd44201855a555a995d535,2233,3,mlk_montgomery_cleanroom/MONT_WORKTREE_af4c5abd/test/abicheck/aarch64/checks/check_keccak_f1600_x1_v84a_aarch64_asm.c,provenance/montgomery-reduce/source-snapshots/base-worktree-af4c5abd/test/abicheck/aarch64/checks/check_keccak_f1600_x1_v84a_aarch64_asm.c
7a48df79e41953bbd694b1d809393d84223c73d13b5ea954a8b3484d8c58c4e9,3620,2,mlk_montgomery_cleanroom/MONT00B_MONT01A_20260726T134739Z/MONT_T1_PROOF_SNAPSHOT/mont_t1_exact_refinement_harness.c,experiments/montgomery-reduce/MONT01-exact-refinement/raw-runs/00-theorem-freeze-and-initial-proof/MONT00B_MONT01A_20260726T134739Z/MONT_T1_PROOF_SNAPSHOT/mont_t1_exact_refinement_harness.c
7a6d28163cf25da025eff48caa8665210e132d7722dce044d8f170e4f7b61294,1287,3,mlk_montgomery_cleanroom/MONT_WORKTREE_af4c5abd/examples/basic/README.md,provenance/montgomery-reduce/source-snapshots/base-worktree-af4c5abd/examples/basic/README.md
7a8863b27e8af16e21c559bdcc9ae576a708e3d8e8155c2191f755733d22096a,1214,3,mlk_montgomery_cleanroom/MONT_WORKTREE_af4c5abd/proofs/cbmc/poly_ntt_c/Makefile,provenance/montgomery-reduce/source-snapshots/base-worktree-af4c5abd/proofs/cbmc/poly_ntt_c/Makefile
7abe696da25c682ad3df28f8adf81c9b747921efe08c7f0ca902defa69922315,121497,1,mlk_montgomery_cleanroom/MONT_WORKTREE_af4c5abd/proofs/cbmc/montgomery_reduce/gotos/montgomery_reduce_harness0400.goto,provenance/montgomery-reduce/source-snapshots/base-worktree-af4c5abd/proofs/cbmc/montgomery_reduce/gotos/montgomery_reduce_harness0400.goto
7ad6b3c71e7ba8a0806be638b41b0bb6bcd6e8fbcf3ecd6f603fe82098b51244,2441,3,mlk_montgomery_cleanroom/MONT_WORKTREE_af4c5abd/proofs/cbmc/rej_uniform_native_aarch64/Makefile,provenance/montgomery-reduce/source-snapshots/base-worktree-af4c5abd/proofs/cbmc/rej_uniform_native_aarch64/Makefile
7b478dc4c2d4f0f8fd09c8897c32ea135efdd850e19eb0bbe1a5a5efebbd550e,3528,3,mlk_montgomery_cleanroom/MONT_WORKTREE_af4c5abd/proofs/hol_light/x86_64/mlkem/poly_mulcache_compute_avx2_asm.S,provenance/montgomery-reduce/source-snapshots/base-worktree-af4c5abd/proofs/hol_light/x86_64/mlkem/poly_mulcache_compute_avx2_asm.S
7b720c83b8f492b2ce186b20a709e8244226a3624e55adf3b1c93f609b7b07bf,104,1,mlk_montgomery_cleanroom/MONT_T4_WORKTREE_af4c5abd_20260726T225651Z/.git,provenance/montgomery-reduce/quarantined-git-pointers/MONT_T4_WORKTREE_af4c5abd_20260726T225651Z/git-worktree-pointer.txt
7b88229b6ee9882b5da1b389a47c62fc5df37a9d8f163aed8addc2491d4487e2,137728,1,mlk_montgomery_cleanroom/MONT_WORKTREE_af4c5abd/proofs/cbmc/mont_t2_relational_fibre/gotos/mont_t2_relational_fibre_harness0500.goto,provenance/montgomery-reduce/source-snapshots/base-worktree-af4c5abd/proofs/cbmc/mont_t2_relational_fibre/gotos/mont_t2_relational_fibre_harness0500.goto
7ba5ef70c8123b63bc40466953c6a7e6c78b8c1fc2c0a6944793f1d6bc8278bb,120641,1,mlk_montgomery_cleanroom/MONT_WORKTREE_af4c5abd/proofs/cbmc/mont_t2a_p3_single_call_decomposition/gotos/project0200.goto,provenance/montgomery-reduce/source-snapshots/base-worktree-af4c5abd/proofs/cbmc/mont_t2a_p3_single_call_decomposition/gotos/project0200.goto
7bdd61c2dbc092b1ffe0492a9e5d5c588e799f5c2ccd62c6ca2f13ca5cd1ea52,12084,3,mlk_montgomery_cleanroom/MONT_WORKTREE_af4c5abd/proofs/hol_light/aarch64/mlkem/polyvec_basemul_acc_montgomery_cached_k4_aarch64_asm.S,provenance/montgomery-reduce/source-snapshots/base-worktree-af4c5abd/proofs/hol_light/aarch64/mlkem/polyvec_basemul_acc_montgomery_cached_k4_aarch64_asm.S
7beb3bdcbc97bc5f6b21d00132a9f6de579d33cfc1f75adb2272cacf742719bd,1814,3,mlk_montgomery_cleanroom/MONT_WORKTREE_af4c5abd/test/abicheck/ppc64le/checks/check_intt_ppc_asm.c,provenance/montgomery-reduce/source-snapshots/base-worktree-af4c5abd/test/abicheck/ppc64le/checks/check_intt_ppc_asm.c
7c2ddea38e3d6abdfb5659459cf451e673d7e88da417db8491cd90c9b0236890,2007,3,mlk_montgomery_cleanroom/MONT_WORKTREE_af4c5abd/proofs/cbmc/poly_tomont/Makefile,provenance/montgomery-reduce/source-snapshots/base-worktree-af4c5abd/proofs/cbmc/poly_tomont/Makefile
7ca146a9c55d47d4503b850772c43d508465fab0314af865fca81e3948835410,1213,3,mlk_montgomery_cleanroom/MONT_WORKTREE_af4c5abd/dev/aarch64_opt/README.md,provenance/montgomery-reduce/source-snapshots/base-worktree-af4c5abd/dev/aarch64_opt/README.md
7cb98ddb9e4a39944dedb1b916307b62ac7ec0e4c93cd0141bd0cf42f30206c3,2630,3,mlk_montgomery_cleanroom/MONT_WORKTREE_af4c5abd/examples/basic_deterministic/Makefile,provenance/montgomery-reduce/source-snapshots/base-worktree-af4c5abd/examples/basic_deterministic/Makefile
7d125e8f29830d045136e317ee444ba08f43a9598e291c82310dec105f478b75,218,3,mlk_montgomery_cleanroom/MONT_WORKTREE_af4c5abd/.github/dependabot.yml,provenance/montgomery-reduce/source-snapshots/base-worktree-af4c5abd/.github/dependabot.yml
7d56000099d41a0c9c03fa54953ae695bcba05d2f0709a83abc43cf083f8ac9f,2410,3,mlk_montgomery_cleanroom/MONT_WORKTREE_af4c5abd/proofs/cbmc/keccak_f1600_x4_native_aarch64_v8a_v84a_scalar_hybrid/Makefile,provenance/montgomery-reduce/source-snapshots/base-worktree-af4c5abd/proofs/cbmc/keccak_f1600_x4_native_aarch64_v8a_v84a_scalar_hybrid/Makefile
7d74b6da1fec7b9aa072f1f379928def7110a3f201e62442ad9c89cf53353b58,1523,3,mlk_montgomery_cleanroom/MONT_WORKTREE_af4c5abd/proofs/cbmc/poly_decompress_d11_native/Makefile,provenance/montgomery-reduce/source-snapshots/base-worktree-af4c5abd/proofs/cbmc/poly_decompress_d11_native/Makefile
7db7bf729b7de84356645c4090739e6e20aa40543b788e6d1e68e4b794a6c276,794,27,mlk_montgomery_cleanroom/MONT_WORKTREE_af4c5abd/examples/basic/mlkem_native/src/native/ppc64le/src/arith_native_ppc64le.h,provenance/montgomery-reduce/source-snapshots/base-worktree-af4c5abd/examples/basic/mlkem_native/src/native/ppc64le/src/arith_native_ppc64le.h
7dea24a0591b0fb033f7a8be214d687fbde11541c274a114ac3067af12b87c32,17662,36,mlk_montgomery_cleanroom/MONT_WORKTREE_af4c5abd/examples/basic/mlkem_native/src/poly_k.c,provenance/montgomery-reduce/source-snapshots/base-worktree-af4c5abd/examples/basic/mlkem_native/src/poly_k.c
7e05a9487a3faa0f66bc8f7c48e0b031ac0bd0d4adf1fb5a29fcfa3a495cbb2e,2005,3,mlk_montgomery_cleanroom/MONT_WORKTREE_af4c5abd/test/abicheck/aarch64/checks/check_ntt_aarch64_asm.c,provenance/montgomery-reduce/source-snapshots/base-worktree-af4c5abd/test/abicheck/aarch64/checks/check_ntt_aarch64_asm.c
7e12fa80cb9aef2da68b14931745c241749c01f15c45b21892332c22c0248785,95325,1,mlk_montgomery_cleanroom/MONT01B_R1_M2_M3_20260726T151104Z/M3_SHIFT_BY_15/direct-cbmc.log,experiments/montgomery-reduce/MONT01-exact-refinement/raw-runs/03-mutation-sensitivity/04-complete-three-mutant-run/MONT01B_R1_M2_M3_20260726T151104Z/M3_SHIFT_BY_15/direct-cbmc.log
7e74eb164596e11c7e18b375b6a488855845393eaa8dd6bfc751b812d8b0ee5b,6257,3,mlk_montgomery_cleanroom/MONT_WORKTREE_af4c5abd/.github/workflows/integration-awslc.yml,provenance/montgomery-reduce/source-snapshots/base-worktree-af4c5abd/.github/workflows/integration-awslc.yml
7edbb3df773051030b534c607289dc0d2ea1802eeda04a66f7e1bdb0b260ae92,65,1,mlk_montgomery_cleanroom/MONT04B_T4_HARNESS_FREEZE_20260726T225651Z/H235_GOTO.sha256,experiments/montgomery-reduce/MONT04-poly-tomont-roundtrip-locality/raw-runs/01-frozen-harness-family/MONT04B_T4_HARNESS_FREEZE_20260726T225651Z/H235_GOTO.sha256
7f5a3cf34fd89f509748c4a1b8acee7c20d04008e8ec12d58910156c30b1155a,1352,3,mlk_montgomery_cleanroom/MONT_WORKTREE_af4c5abd/proofs/cbmc/poly_decompress_d10/Makefile,provenance/montgomery-reduce/source-snapshots/base-worktree-af4c5abd/proofs/cbmc/poly_decompress_d10/Makefile
7fd72a28b494a401eb632881e23d46c650d25bc821e01a463d29a744723308f1,22954,3,mlk_montgomery_cleanroom/MONT_WORKTREE_af4c5abd/scripts/cfify,provenance/montgomery-reduce/source-snapshots/base-worktree-af4c5abd/scripts/cfify
7fdfcbed24e35d8dd1d9082707d778b7ca72ad37e9f51c5c7269cbec759bee21,193,1,mlk_montgomery_cleanroom/MONT01A_D1_20260726T135526Z/MONT01A_D1_TERMINAL_CAPTURE_20260726T135526Z.txt.sha256,experiments/montgomery-reduce/MONT01-exact-refinement/raw-runs/01-development-repair/MONT01A_D1_20260726T135526Z/MONT01A_D1_TERMINAL_CAPTURE_20260726T135526Z.txt.sha256
7fe7a09fce4f0819e615e6a21b463f5829db2989b99136a1e1b9f1871d113036,3629,2,mlk_montgomery_cleanroom/MONT01A_D1_20260726T135526Z/mont_t1_exact_refinement_harness.POST_PATCH.c,experiments/montgomery-reduce/MONT01-exact-refinement/raw-runs/01-development-repair/MONT01A_D1_20260726T135526Z/mont_t1_exact_refinement_harness.POST_PATCH.c
7fec44c4ca710fa03fcc39e7c4320d0d209284896b8a722b9b17a61a876b7d9b,2675,3,mlk_montgomery_cleanroom/MONT_WORKTREE_af4c5abd/dev/x86_64/src/tomont_avx2_asm.S,provenance/montgomery-reduce/source-snapshots/base-worktree-af4c5abd/dev/x86_64/src/tomont_avx2_asm.S
7ff023497b2f98cd2d2b1505dd8478b8e8886ae5f9f0fb507050438f26e7ae5b,1786,3,mlk_montgomery_cleanroom/MONT_WORKTREE_af4c5abd/dev/x86_64/src/polyvec_basemul_acc_montgomery_cached_k3_avx2_asm.S,provenance/montgomery-reduce/source-snapshots/base-worktree-af4c5abd/dev/x86_64/src/polyvec_basemul_acc_montgomery_cached_k3_avx2_asm.S
7ffea6053332094c674ac1c503e94683b3e01d73fa19df11f10369d8e342beca,363,3,mlk_montgomery_cleanroom/MONT_WORKTREE_af4c5abd/proofs/hol_light/aarch64/list_proofs.sh,provenance/montgomery-reduce/source-snapshots/base-worktree-af4c5abd/proofs/hol_light/aarch64/list_proofs.sh
802162b9a2ff30a551540e91ee37f05c5089936583aab10e150d1b4f045ee9c9,2217,3,mlk_montgomery_cleanroom/MONT_WORKTREE_af4c5abd/proofs/cbmc/keccakf1600_permute_native/Makefile,provenance/montgomery-reduce/source-snapshots/base-worktree-af4c5abd/proofs/cbmc/keccakf1600_permute_native/Makefile
80824613d73c6472a337c9f703a43bbadc09c49f879c28cdd49ad64460517c06,154760,2,mlk_montgomery_cleanroom/MONT_WORKTREE_af4c5abd/proofs/cbmc/mont_t2a_p3_witness_NP/gotos/mont_t2a_p3_witness_NP_harness.goto,provenance/montgomery-reduce/source-snapshots/base-worktree-af4c5abd/proofs/cbmc/mont_t2a_p3_witness_NP/gotos/mont_t2a_p3_witness_NP_harness.goto
808e1089d26e7cf8939f2c7db2016ee30b22ca52188faf0ab77bf326cca5a5db,172068,2,mlk_montgomery_cleanroom/MONT_T3_WORKTREE_af4c5abd/proofs/cbmc/mont_t3_p1_refinement/gotos/mont_t3_p1_refinement_harness.goto,provenance/montgomery-reduce/worktree-deltas/MONT03-fqmul-algebra-delta/proofs/cbmc/mont_t3_p1_refinement/gotos/mont_t3_p1_refinement_harness.goto
80d50455459ea21042c9e12ca01e46f87803363366529a33d8abf8f6b71afedf,8766,3,mlk_montgomery_cleanroom/MONT_WORKTREE_af4c5abd/dev/x86_64/meta.h,provenance/montgomery-reduce/source-snapshots/base-worktree-af4c5abd/dev/x86_64/meta.h
80ddb0475ebf187ce3ebde81a156632b098f191b81b1ed922b54fe8aec35cfaf,22207,3,mlk_montgomery_cleanroom/MONT_WORKTREE_af4c5abd/proofs/cbmc/mlkem_native_config_cbmc.h,provenance/montgomery-reduce/source-snapshots/base-worktree-af4c5abd/proofs/cbmc/mlkem_native_config_cbmc.h
81225effda0ce313c32c6188887270e02cb8cf24b416bf61ff112e342e794305,31012,2,mlk_montgomery_cleanroom/MONT01A_D2_20260726T141230Z/MONT_T1_FALSE_CONTROL_SNAPSHOT/logs/property.xml,experiments/montgomery-reduce/MONT01-exact-refinement/raw-runs/02-authoritative-proof-and-false-control/MONT01A_D2_20260726T141230Z/MONT_T1_FALSE_CONTROL_SNAPSHOT/logs/property.xml
81235b6bc85cf711d4330284cb32cdf6ed5903c90eb20cc0dd50b42dd5fb6b88,3241,1,mlk_montgomery_cleanroom/MONT_WORKTREE_af4c5abd/proofs/cbmc/mont_t2_relational_fibre/mont_t2_relational_fibre_harness.c,provenance/montgomery-reduce/source-snapshots/base-worktree-af4c5abd/proofs/cbmc/mont_t2_relational_fibre/mont_t2_relational_fibre_harness.c
8164c2eb535453e285654a66a2b6698931b84dba02b4a159d5e1d5dd775998ff,509,1,mlk_montgomery_cleanroom/MONT03A_SOURCE_CAPTURE_20260726T220829Z/MONT03A_TERMINAL_CAPTURE_20260726T220829Z.txt,experiments/montgomery-reduce/MONT03-normalized-fqmul-algebra/raw-runs/00-source-capture-attempt/MONT03A_SOURCE_CAPTURE_20260726T220829Z/MONT03A_TERMINAL_CAPTURE_20260726T220829Z.txt
81c5db3a20c41cd0572105aed7a19fbd70ace1faa8954822d80e74e4f57b9273,1098,3,mlk_montgomery_cleanroom/MONT_WORKTREE_af4c5abd/test/zephyr/app/nucleo_n657x0_q.conf,provenance/montgomery-reduce/source-snapshots/base-worktree-af4c5abd/test/zephyr/app/nucleo_n657x0_q.conf
81e9992147d98bbf3c4d9e2a9329a5c6e76df30e83e7c6800b3e6dd421a2bc2c,2067,3,mlk_montgomery_cleanroom/MONT_WORKTREE_af4c5abd/proofs/cbmc/shake256/Makefile,provenance/montgomery-reduce/source-snapshots/base-worktree-af4c5abd/proofs/cbmc/shake256/Makefile
822fd0a3d8e6d4001b501ae434647744c4ab27b39c2a98cc9d466f6d762991e8,82091,3,mlk_montgomery_cleanroom/MONT_WORKTREE_af4c5abd/proofs/hol_light/x86_64/proofs/keccak_f1600_x4_avx2_asm.ml,provenance/montgomery-reduce/source-snapshots/base-worktree-af4c5abd/proofs/hol_light/x86_64/proofs/keccak_f1600_x4_avx2_asm.ml
8246ad0449b785689b32860b55b232830e42435aca8447d7b87c6c01ff4322da,2020,3,mlk_montgomery_cleanroom/MONT_WORKTREE_af4c5abd/proofs/cbmc/poly_tobytes/Makefile,provenance/montgomery-reduce/source-snapshots/base-worktree-af4c5abd/proofs/cbmc/poly_tobytes/Makefile
82610c6213efd3314555cabc24b24bcc4bb222e61768d5876c6c5ee55dac2779,286,6,mlk_montgomery_cleanroom/MONT_WORKTREE_af4c5abd/proofs/cbmc/poly_decompress_d5/poly_decompress_d5_harness.c,provenance/montgomery-reduce/source-snapshots/base-worktree-af4c5abd/proofs/cbmc/poly_decompress_d5/poly_decompress_d5_harness.c
827c8930659f1feb4e3bf38f49b42f264917b9ce3967c42fc89ed3de25794059,4130,1,mlk_montgomery_cleanroom/MONT_WORKTREE_af4c5abd/proofs/cbmc/mont_t2a_p3_witness_PP/.ninja_log,provenance/montgomery-reduce/source-snapshots/base-worktree-af4c5abd/proofs/cbmc/mont_t2a_p3_witness_PP/.ninja_log
829e9ff8f20c7b564aecb86e1317174f525de4546b8db4f37e141850a5f45b90,476,1,mlk_montgomery_cleanroom/MONT_WORKTREE_af4c5abd/proofs/cbmc/mont_t2a_p3_witness_NP/logs/drop_unused_functions-log.txt,provenance/montgomery-reduce/source-snapshots/base-worktree-af4c5abd/proofs/cbmc/mont_t2a_p3_witness_NP/logs/drop_unused_functions-log.txt
82ab77cc7b86c37e61aa9d47b02beb681e5413bcfbefbec477f84fd6ae942da4,735,3,mlk_montgomery_cleanroom/MONT01B_R1_M2_M3_20260726T150507Z/MONT01B_R1_FINAL_VERDICT.txt,experiments/montgomery-reduce/MONT01-exact-refinement/raw-runs/03-mutation-sensitivity/03-retry-m2-partial/MONT01B_R1_M2_M3_20260726T150507Z/MONT01B_R1_FINAL_VERDICT.txt
82ac5f96dedaaf9e0e9b9518d3eea52c778da4f83620310ce5e735a28483e149,130278,1,mlk_montgomery_cleanroom/MONT_T3_WORKTREE_af4c5abd/proofs/cbmc/mont_t3_p2_p3_relational/gotos/mont_t3_p2_p3_relational_harness0500.goto,provenance/montgomery-reduce/worktree-deltas/MONT03-fqmul-algebra-delta/proofs/cbmc/mont_t3_p2_p3_relational/gotos/mont_t3_p2_p3_relational_harness0500.goto
82d131d4563498da54625a428775283a48323ba6edeaa44c20e2b43a0649944c,538,5,mlk_montgomery_cleanroom/MONT01B_R1_M2_M3_20260726T151104Z/M1_QINV_PLUS_ONE_BOUND_EVIDENCE/source-mutation.diff,experiments/montgomery-reduce/MONT01-exact-refinement/raw-runs/03-mutation-sensitivity/04-complete-three-mutant-run/MONT01B_R1_M2_M3_20260726T151104Z/M1_QINV_PLUS_ONE_BOUND_EVIDENCE/source-mutation.diff
82dc88c1f2e5491e31666920028563e0c1cbbb924025f29ae3e31f8a8ddf3fac,205,1,mlk_montgomery_cleanroom/MONT02A_FULL_T2_FUNCTIONAL_20260726T164826Z/MONT02A_FULL_T2_CAPTURE_20260726T164826Z.txt.sha256,experiments/montgomery-reduce/MONT02-relational-low-word-laws/raw-runs/01-full-functional-build-attempt-1/MONT02A_FULL_T2_FUNCTIONAL_20260726T164826Z/MONT02A_FULL_T2_CAPTURE_20260726T164826Z.txt.sha256
832c2965a7fa662fbeba45c98fff017fa24cfc1b6f9bfee6d164c8fb4c1c26b7,557,3,mlk_montgomery_cleanroom/MONT_WORKTREE_af4c5abd/examples/custom_backend/mlkem_native/src/fips202/native/custom/custom.h,provenance/montgomery-reduce/source-snapshots/base-worktree-af4c5abd/examples/custom_backend/mlkem_native/src/fips202/native/custom/custom.h
83316cbd1e83d8397b61ef0f1829c0dc42d8c527bc6aeb86268620ae895dcc1c,2011,3,mlk_montgomery_cleanroom/MONT_WORKTREE_af4c5abd/proofs/cbmc/poly_reduce/Makefile,provenance/montgomery-reduce/source-snapshots/base-worktree-af4c5abd/proofs/cbmc/poly_reduce/Makefile
8345c4ff07dd8239cae28b702a460394d110e1d32b242c68e41c066bedcfe00e,22674,2,mlk_montgomery_cleanroom/MONT04C_R1_H14_SHARDS_20260727T000108Z/H14_SHOW_PROPERTIES.txt,experiments/montgomery-reduce/MONT04-poly-tomont-roundtrip-locality/raw-runs/04-h14-p1-shard-run/MONT04C_R1_H14_SHARDS_20260727T000108Z/H14_SHOW_PROPERTIES.txt
8359f13ea2a642bbd3d39991bf5471021345c20c5fd83e143d7d38efe940043b,4795,3,mlk_montgomery_cleanroom/MONT_WORKTREE_af4c5abd/.github/actions/setup-nix/action.yml,provenance/montgomery-reduce/source-snapshots/base-worktree-af4c5abd/.github/actions/setup-nix/action.yml
835c3afa95244eb1c23013bde5af4cb22a06a4bdc0e9a829e738840c42136714,11837,3,mlk_montgomery_cleanroom/MONT_WORKTREE_af4c5abd/integration/liboqs/config_x86_64.h,provenance/montgomery-reduce/source-snapshots/base-worktree-af4c5abd/integration/liboqs/config_x86_64.h
8375ba00811b729e81b6a2ca8304866638bf8581174e00c3c2d265cdc8bbb2fe,518512,1,mlk_montgomery_cleanroom/MONT00A_SOURCE_NATIVE_ANALYSIS_20260726T133019Z/MONT00A_TERMINAL_CAPTURE_20260726T133019Z.txt,experiments/montgomery-reduce/00-campaign-context/source-analysis/MONT00A_SOURCE_NATIVE_ANALYSIS_20260726T133019Z/MONT00A_TERMINAL_CAPTURE_20260726T133019Z.txt
8377e599e59464ad47c232cad9d30657dc34aafa76716e43015c17ea18649801,44100,1,mlk_montgomery_cleanroom/MONT_WORKTREE_af4c5abd/proofs/cbmc/mont_t2a_p3_single_call_decomposition/gotos/proof0100.goto,provenance/montgomery-reduce/source-snapshots/base-worktree-af4c5abd/proofs/cbmc/mont_t2a_p3_single_call_decomposition/gotos/proof0100.goto
83cdffebd0ced8e792010b707e4202a76bd0db4ed95adf00b0a11932e00bf144,120839,1,mlk_montgomery_cleanroom/MONT_T4_WORKTREE_af4c5abd_20260726T225651Z/proofs/cbmc/mont_t4_p2_p3_p5_bijection_locality/gotos/project0200.goto,provenance/montgomery-reduce/worktree-deltas/MONT04-poly-tomont-delta/proofs/cbmc/mont_t4_p2_p3_p5_bijection_locality/gotos/project0200.goto
83ce7d5857ff2af01810443820db4a0c11bc4423f6ae5dbbdd283ada4d6224cb,154760,2,mlk_montgomery_cleanroom/MONT_WORKTREE_af4c5abd/proofs/cbmc/mont_t2a_p3_witness_NN/gotos/mont_t2a_p3_witness_NN_harness.goto,provenance/montgomery-reduce/source-snapshots/base-worktree-af4c5abd/proofs/cbmc/mont_t2a_p3_witness_NN/gotos/mont_t2a_p3_witness_NN_harness.goto
8405231c41f7f3f527e210fde58422e743f724c30274c1b18416c3d9cb6abb21,768,2,mlk_montgomery_cleanroom/MONT00B_MONT01A_20260726T134739Z/MONT_T1_PROOF_SNAPSHOT/Makefile,experiments/montgomery-reduce/MONT01-exact-refinement/raw-runs/00-theorem-freeze-and-initial-proof/MONT00B_MONT01A_20260726T134739Z/MONT_T1_PROOF_SNAPSHOT/Makefile
840faf198befd354d2f2d87f7fa56cccc734d0a55afe38c6af88d5a49560498d,1713,1,mlk_montgomery_cleanroom/MONT02A_FULL_T2_FUNCTIONAL_20260726T164826Z/MONT02A_FULL_T2_CAPTURE_20260726T164826Z.txt,experiments/montgomery-reduce/MONT02-relational-low-word-laws/raw-runs/01-full-functional-build-attempt-1/MONT02A_FULL_T2_FUNCTIONAL_20260726T164826Z/MONT02A_FULL_T2_CAPTURE_20260726T164826Z.txt
8432ca69ec12d53410f6841382bef17af08108f54271a406359946881faf8b61,957,3,mlk_montgomery_cleanroom/MONT_WORKTREE_af4c5abd/META.yml,provenance/montgomery-reduce/source-snapshots/base-worktree-af4c5abd/META.yml
8435e347c0fb45614c93b60f87bfe363ba961756f114a93ddf6f1c3ead548520,2526,3,mlk_montgomery_cleanroom/MONT_WORKTREE_af4c5abd/dev/x86_64/src/reduce_avx2_asm.S,provenance/montgomery-reduce/source-snapshots/base-worktree-af4c5abd/dev/x86_64/src/reduce_avx2_asm.S
846766596c7bf076089811076f3d68bd7b1511d982b382a7c16e6609aee2f707,1512,3,mlk_montgomery_cleanroom/MONT_WORKTREE_af4c5abd/proofs/cbmc/poly_compress_d10_native/Makefile,provenance/montgomery-reduce/source-snapshots/base-worktree-af4c5abd/proofs/cbmc/poly_compress_d10_native/Makefile
8477942e898ad33f66759719a2cfd746faa561e34395879208cfdd746552dec4,560,3,mlk_montgomery_cleanroom/MONT_WORKTREE_af4c5abd/proofs/cbmc/poly_cbd_eta2/poly_cbd_eta2_harness.c,provenance/montgomery-reduce/source-snapshots/base-worktree-af4c5abd/proofs/cbmc/poly_cbd_eta2/poly_cbd_eta2_harness.c
847c8bd61b5d95170a10ca77ba11f89e8c85c0ef12f6ca4f38c20cd36394180e,976,3,mlk_montgomery_cleanroom/MONT_WORKTREE_af4c5abd/dev/ppc64le/src/consts.h,provenance/montgomery-reduce/source-snapshots/base-worktree-af4c5abd/dev/ppc64le/src/consts.h
84a95e8deabb6a2b6b1aef884a025b8cb3af814545d50c5b990bdd9622b141c3,511,3,mlk_montgomery_cleanroom/MONT_WORKTREE_af4c5abd/proofs/cbmc/keccak_absorb_once/keccak_absorb_once_harness.c,provenance/montgomery-reduce/source-snapshots/base-worktree-af4c5abd/proofs/cbmc/keccak_absorb_once/keccak_absorb_once_harness.c
84c9eb1762f7a4090c334380960af285f7195d41e9e3a4b230e6e42ef82f1d06,381,1,mlk_montgomery_cleanroom/MONT_T3_WORKTREE_af4c5abd/proofs/cbmc/mont_t3_p5_distributivity/logs/unwind_loops-log.txt,provenance/montgomery-reduce/worktree-deltas/MONT03-fqmul-algebra-delta/proofs/cbmc/mont_t3_p5_distributivity/logs/unwind_loops-log.txt
84dcbcc1cf5f3f1cc486b2ef72bc98c6e828c678814a9a8c4c797e8e0af631b1,54,1,mlk_montgomery_cleanroom/MONT_WORKTREE_af4c5abd/proofs/cbmc/mont_t2b_fibre_translation/.litani_cache_dir,provenance/montgomery-reduce/source-snapshots/base-worktree-af4c5abd/proofs/cbmc/mont_t2b_fibre_translation/.litani_cache_dir
84e43ff7bc999f84e219f1a91f877b6faaabdf6e5e719012d46fdee10d684c1e,8686,1,mlk_montgomery_cleanroom/MONT_WORKTREE_af4c5abd/proofs/cbmc/montgomery_reduce/logs/result.xml,provenance/montgomery-reduce/source-snapshots/base-worktree-af4c5abd/proofs/cbmc/montgomery_reduce/logs/result.xml
851f4b251c9b0820f27a8c16e5c71cefc2df9b96b2583d81787fce058dcefb86,22478,3,mlk_montgomery_cleanroom/MONT_WORKTREE_af4c5abd/test/configs/custom_memcpy_config.h,provenance/montgomery-reduce/source-snapshots/base-worktree-af4c5abd/test/configs/custom_memcpy_config.h
853a5368f3d3617432daf2c741ce1f832d56aafd678c863b15750c6c431473f8,506,1,mlk_montgomery_cleanroom/MONT_WORKTREE_af4c5abd/proofs/cbmc/mont_t2a_p3_witness_NN/logs/slice_global_inits-log.txt,provenance/montgomery-reduce/source-snapshots/base-worktree-af4c5abd/proofs/cbmc/mont_t2a_p3_witness_NN/logs/slice_global_inits-log.txt
8582b1938d4947af19f15625409a42e2ea3a57ed1580f39e2af46be87b5df604,191413,3,mlk_montgomery_cleanroom/MONT_WORKTREE_af4c5abd/scripts/autogen,provenance/montgomery-reduce/source-snapshots/base-worktree-af4c5abd/scripts/autogen
85dcce6bfd8e5f05830cffb2a953b9620a15c696771d1c1357eda69a27b680bf,131278,1,mlk_montgomery_cleanroom/MONT_T4_WORKTREE_af4c5abd_20260726T225651Z/proofs/cbmc/mont_t4_p2_p3_p5_bijection_locality/gotos/mont_t4_p2_p3_p5_bijection_locality_harness0600.goto,provenance/montgomery-reduce/worktree-deltas/MONT04-poly-tomont-delta/proofs/cbmc/mont_t4_p2_p3_p5_bijection_locality/gotos/mont_t4_p2_p3_p5_bijection_locality_harness0600.goto
86134c7b9d4c7c15628c10d92dfc61d0187b97de29afa2412ed88eb2e7a1e519,11876,3,mlk_montgomery_cleanroom/MONT_WORKTREE_af4c5abd/Makefile,provenance/montgomery-reduce/source-snapshots/base-worktree-af4c5abd/Makefile
866ba00a16a8d46595c4abe04456f7f3360600ac0c34ad826a34741c035b8813,20885,4,mlk_montgomery_cleanroom/MONT01B_R1_M2_M3_20260726T151104Z/MONT01B_R1_TERMINAL_CAPTURE_20260726T151104Z.txt,experiments/montgomery-reduce/MONT01-exact-refinement/raw-runs/03-mutation-sensitivity/04-complete-three-mutant-run/MONT01B_R1_M2_M3_20260726T151104Z/MONT01B_R1_TERMINAL_CAPTURE_20260726T151104Z.txt
86819cdcf53f228e902415cabd027f385ffee1c3f9b5380416df498604ba2858,199,1,mlk_montgomery_cleanroom/MONT01B_R1_M2_M3_20260726T144730Z/MONT01B_R1_TERMINAL_CAPTURE_20260726T144730Z.txt.sha256,experiments/montgomery-reduce/MONT01-exact-refinement/raw-runs/03-mutation-sensitivity/01-retry-m3-partial/MONT01B_R1_M2_M3_20260726T144730Z/MONT01B_R1_TERMINAL_CAPTURE_20260726T144730Z.txt.sha256
86f0b14a22c8cb0b7817adba4c40ea34da4ae5eb06dba5c7f10d0b03252a4663,452,1,mlk_montgomery_cleanroom/MONT_T3_WORKTREE_af4c5abd/proofs/cbmc/mont_t3_p1_refinement/logs/restrict_function_pointer-log.txt,provenance/montgomery-reduce/worktree-deltas/MONT03-fqmul-algebra-delta/proofs/cbmc/mont_t3_p1_refinement/logs/restrict_function_pointer-log.txt
8707c33c282159b0379af07b0079225906b71cda38f12349e4d5fd7d0dfa9a76,2749,3,mlk_montgomery_cleanroom/MONT_WORKTREE_af4c5abd/dev/aarch64_clean/src/poly_reduce_aarch64_asm.S,provenance/montgomery-reduce/source-snapshots/base-worktree-af4c5abd/dev/aarch64_clean/src/poly_reduce_aarch64_asm.S
871a9ce36ff5d4194f6f5374451b1abff5c26bf15ad871269baca5f4bfbba102,974,1,mlk_montgomery_cleanroom/MONT_WORKTREE_af4c5abd/proofs/cbmc/mont_t2a_p3_witness_NN/logs/check_function_contracts-log.txt,provenance/montgomery-reduce/source-snapshots/base-worktree-af4c5abd/proofs/cbmc/mont_t2a_p3_witness_NN/logs/check_function_contracts-log.txt
87648e9085bf7a2be94f71e9c4545b53c4c32ff93c55166e186ca13c164a60f5,2553,3,mlk_montgomery_cleanroom/MONT_WORKTREE_af4c5abd/proofs/hol_light/aarch64/proofs/build-proof.sh,provenance/montgomery-reduce/source-snapshots/base-worktree-af4c5abd/proofs/hol_light/aarch64/proofs/build-proof.sh
87792018070b5663c258e4ca897a954fcf48265dfba0112632622d4ddd7a5f7e,1165,3,mlk_montgomery_cleanroom/MONT_WORKTREE_af4c5abd/test/abicheck/ppc64le/abicheck_ppc64le.mk,provenance/montgomery-reduce/source-snapshots/base-worktree-af4c5abd/test/abicheck/ppc64le/abicheck_ppc64le.mk
879df6dd26a383709805dd627aa65d9c8384986c61ef689a2417493112ed84e4,2219,3,mlk_montgomery_cleanroom/MONT_WORKTREE_af4c5abd/examples/monolithic_build_multilevel/Makefile,provenance/montgomery-reduce/source-snapshots/base-worktree-af4c5abd/examples/monolithic_build_multilevel/Makefile
87a3af5d5cac84806a060bc01c074861d11306e45c58fd5fc9e4a47d64a4aaf1,379,1,mlk_montgomery_cleanroom/MONT_WORKTREE_af4c5abd/proofs/cbmc/mont_t2b_fibre_translation/logs/unwind_loops-log.txt,provenance/montgomery-reduce/source-snapshots/base-worktree-af4c5abd/proofs/cbmc/mont_t2b_fibre_translation/logs/unwind_loops-log.txt
87be74b83ed95f303dca7e4a2007a1b714fe6f60bb2cfb61daba63972059dcb6,46899,1,mlk_montgomery_cleanroom/MONT_T3_WORKTREE_af4c5abd/proofs/cbmc/mont_t3_p5_distributivity/gotos/proof0100.goto,provenance/montgomery-reduce/worktree-deltas/MONT03-fqmul-algebra-delta/proofs/cbmc/mont_t3_p5_distributivity/gotos/proof0100.goto
8852b35d4938aee6b26ef9217084cc56adda5120de9db052a6cef0ea1ba6ced6,34991,3,mlk_montgomery_cleanroom/MONT_WORKTREE_af4c5abd/proofs/hol_light/x86_64/proofs/poly_decompress_d10_avx2_asm.ml,provenance/montgomery-reduce/source-snapshots/base-worktree-af4c5abd/proofs/hol_light/x86_64/proofs/poly_decompress_d10_avx2_asm.ml
885e7096fda3d606b82849cc76edab13af67affa489eae9576167bedf3ffebbc,1725,1,mlk_montgomery_cleanroom/MONT02A_FULL_T2_FUNCTIONAL_20260726T192057Z/P3_NN/build.log,experiments/montgomery-reduce/MONT02-relational-low-word-laws/raw-runs/06-p3-sign-partition-complete/MONT02A_FULL_T2_FUNCTIONAL_20260726T192057Z/P3_NN/build.log
88c06d4c546f46920a65001bcfad8cabb6173fb01ae071e02412c46043bdf54f,4385,30,mlk_montgomery_cleanroom/MONT_WORKTREE_af4c5abd/examples/basic/mlkem_native/src/fips202/keccakf1600.h,provenance/montgomery-reduce/source-snapshots/base-worktree-af4c5abd/examples/basic/mlkem_native/src/fips202/keccakf1600.h
88c6b5a2b8acfb1e5b37d147066325f9264ed0fb774b5ce90b41e9f645ed5d91,10473,3,mlk_montgomery_cleanroom/MONT_WORKTREE_af4c5abd/flake.nix,provenance/montgomery-reduce/source-snapshots/base-worktree-af4c5abd/flake.nix
8931b2e672014262c85d6c728bc8ab887bddc31ee5f5e53b033b1583d14b609e,117767,3,mlk_montgomery_cleanroom/MONT01A_D2_20260726T141230Z/MONT_T1_AUTHORITATIVE_SNAPSHOT/gotos/project0100.goto,experiments/montgomery-reduce/MONT01-exact-refinement/raw-runs/02-authoritative-proof-and-false-control/MONT01A_D2_20260726T141230Z/MONT_T1_AUTHORITATIVE_SNAPSHOT/gotos/project0100.goto
8935b2a616e053ecec54d41849b3a6d93aed0ae1c53ec7af0b1a34a8b02533a3,156158,1,mlk_montgomery_cleanroom/MONT_WORKTREE_af4c5abd/proofs/cbmc/mont_t2a_p3_witness_NP/gotos/mont_t2a_p3_witness_NP_harness0700.goto,provenance/montgomery-reduce/source-snapshots/base-worktree-af4c5abd/proofs/cbmc/mont_t2a_p3_witness_NP/gotos/mont_t2a_p3_witness_NP_harness0700.goto
8976c9b0524ca24e14e7efc36645b358d8fc8a7c5b7d8f64524d8bd032e707d4,1959,1,mlk_montgomery_cleanroom/MONT03B_HARNESS_FREEZE_20260726T221902Z/MONT03B_TERMINAL_CAPTURE_20260726T221902Z.txt,experiments/montgomery-reduce/MONT03-normalized-fqmul-algebra/raw-runs/06-harness-freeze-attempt-2/MONT03B_HARNESS_FREEZE_20260726T221902Z/MONT03B_TERMINAL_CAPTURE_20260726T221902Z.txt
89c1c81bfaae8117431d5be6526e77a47140e816382a9c9bebc8fac473191123,10117,1,mlk_montgomery_cleanroom/MONT01B_R1_M2_M3_20260726T151104Z/M2_RECONSTRUCTION_SIGN/poly.h.MUTATED,experiments/montgomery-reduce/MONT01-exact-refinement/raw-runs/03-mutation-sensitivity/04-complete-three-mutant-run/MONT01B_R1_M2_M3_20260726T151104Z/M2_RECONSTRUCTION_SIGN/poly.h.MUTATED
8a2e3ac51db15d865f108ed4abc7a8b6c3e3f302e2c5e21ff3231f4b5cd7fdeb,811,1,mlk_montgomery_cleanroom/MONT02A_FULL_T2_FUNCTIONAL_20260726T194555Z/BACKENDS/PROBE_CVC5.log,experiments/montgomery-reduce/MONT02-relational-low-word-laws/raw-runs/07-solver-backend-probes/MONT02A_FULL_T2_FUNCTIONAL_20260726T194555Z/BACKENDS/PROBE_CVC5.log
8a30e88c919aa2f80c6f6d134b5869cc172add0aea0d15c8efd92b19b22d9ae8,1084,1,mlk_montgomery_cleanroom/MONT_T3_WORKTREE_af4c5abd/proofs/cbmc/mont_t3_p5_distributivity/logs/check_function_contracts-log.txt,provenance/montgomery-reduce/worktree-deltas/MONT03-fqmul-algebra-delta/proofs/cbmc/mont_t3_p5_distributivity/logs/check_function_contracts-log.txt
8a5aa0efe04dc77244be5100d7592a265cb0211466915d4c197bba99c0c12b17,478,1,mlk_montgomery_cleanroom/MONT_T3_WORKTREE_af4c5abd/proofs/cbmc/mont_t3_p1_refinement/logs/drop_unused_functions-log.txt,provenance/montgomery-reduce/worktree-deltas/MONT03-fqmul-algebra-delta/proofs/cbmc/mont_t3_p1_refinement/logs/drop_unused_functions-log.txt
8a6ee84987fc2b579f94ab286907f2e9990eb52957b47151f3e384a625cce673,3048,3,mlk_montgomery_cleanroom/MONT_WORKTREE_af4c5abd/test/zephyr/nucleo_n657x0_q/nucleo_host/results.py,provenance/montgomery-reduce/source-snapshots/base-worktree-af4c5abd/test/zephyr/nucleo_n657x0_q/nucleo_host/results.py
8ae670c0043819264e184321d22c6bf2de218d832f60b3d24d944f8c26b3b5f1,1013,1,mlk_montgomery_cleanroom/MONT_T3_WORKTREE_af4c5abd/proofs/cbmc/mont_t3_p2_p3_relational/logs/check_function_contracts-log.txt,provenance/montgomery-reduce/worktree-deltas/MONT03-fqmul-algebra-delta/proofs/cbmc/mont_t3_p2_p3_relational/logs/check_function_contracts-log.txt
8af79257d6de6ec42d6bdb653b6a21047acf1ee62dd5a998aa63902366494fe8,517,3,mlk_montgomery_cleanroom/MONT_WORKTREE_af4c5abd/proofs/cbmc/poly_compress_d5_native_x86_64/poly_compress_d5_native_x86_64_harness.c,provenance/montgomery-reduce/source-snapshots/base-worktree-af4c5abd/proofs/cbmc/poly_compress_d5_native_x86_64/poly_compress_d5_native_x86_64_harness.c
8b206d56d276c1082a5f610e3267101d1a9f9e7ff0c6f5f4bc960ed31c56ca29,7516,3,mlk_montgomery_cleanroom/MONT_WORKTREE_af4c5abd/.github/workflows/bench.yml,provenance/montgomery-reduce/source-snapshots/base-worktree-af4c5abd/.github/workflows/bench.yml
8b540ec68b3c2d8e6547a8d6ca0c1f2f6573edaadb05c822c09095c42afa8ea0,355,3,mlk_montgomery_cleanroom/MONT03A_T3_PARALLEL_20260726T202205Z/T3_ALGEBRA_BUILD.log.clean,experiments/montgomery-reduce/MONT03-normalized-fqmul-algebra/raw-runs/04-complete-parallel-run/MONT03A_T3_PARALLEL_20260726T202205Z/T3_ALGEBRA_BUILD.log.clean
8b6190b3e07c36b92b4b58a3c361844cd96351998ba4a94162a431d6f72c905a,490,1,mlk_montgomery_cleanroom/MONT_T3_WORKTREE_af4c5abd/proofs/cbmc/mont_t3_p2_p3_relational/logs/drop_unused_functions-log.txt,provenance/montgomery-reduce/worktree-deltas/MONT03-fqmul-algebra-delta/proofs/cbmc/mont_t3_p2_p3_relational/logs/drop_unused_functions-log.txt
8b73aa9735bb08775df6face2779d8b1363ccf3fafc9eddcef50c0eb38977b60,506,1,mlk_montgomery_cleanroom/MONT_WORKTREE_af4c5abd/proofs/cbmc/mont_t2a_p3_witness_PN/logs/slice_global_inits-log.txt,provenance/montgomery-reduce/source-snapshots/base-worktree-af4c5abd/proofs/cbmc/mont_t2a_p3_witness_PN/logs/slice_global_inits-log.txt
8bb83a9f9725a2b39c6a2ff81f8619879b6890e98576400bbf72016ce87d4fa1,623,3,mlk_montgomery_cleanroom/MONT_WORKTREE_af4c5abd/proofs/cbmc/polyvec_basemul_acc_montgomery_cached_c/polyvec_basemul_acc_montgomery_cached_c_harness.c,provenance/montgomery-reduce/source-snapshots/base-worktree-af4c5abd/proofs/cbmc/polyvec_basemul_acc_montgomery_cached_c/polyvec_basemul_acc_montgomery_cached_c_harness.c
8bdb8d7af26085f4b2994ef9cc5337364a32b8bbff21534f0a7b448eeb41af9f,29799,3,mlk_montgomery_cleanroom/MONT_WORKTREE_af4c5abd/proofs/hol_light/aarch64/proofs/keccak_f1600_x1_scalar_aarch64_asm.ml,provenance/montgomery-reduce/source-snapshots/base-worktree-af4c5abd/proofs/hol_light/aarch64/proofs/keccak_f1600_x1_scalar_aarch64_asm.ml
8be3505b2dc483c027065efd44ff4c1ab056a908c812705227c0b135a9291219,2405,3,mlk_montgomery_cleanroom/MONT_WORKTREE_af4c5abd/proofs/cbmc/rej_uniform_native_x86_64/Makefile,provenance/montgomery-reduce/source-snapshots/base-worktree-af4c5abd/proofs/cbmc/rej_uniform_native_x86_64/Makefile
8bea3457844033e0a790512dfc10cb7c1fc6a33a697f791c051171bb96067920,162420,1,mlk_montgomery_cleanroom/MONT_WORKTREE_af4c5abd/proofs/cbmc/mont_t2a_arbitrary_pair/gotos/mont_t2a_arbitrary_pair_harness0600.goto,provenance/montgomery-reduce/source-snapshots/base-worktree-af4c5abd/proofs/cbmc/mont_t2a_arbitrary_pair/gotos/mont_t2a_arbitrary_pair_harness0600.goto
8c39fef87dc62ec8ee98d30cbc73633a1c14e780d1e54a74baf4ca78f8c65791,20857,24,mlk_montgomery_cleanroom/MONT_WORKTREE_af4c5abd/examples/basic/mlkem_native/src/fips202/native/x86_64/src/keccak_f1600_x4_avx2_asm.S,provenance/montgomery-reduce/source-snapshots/base-worktree-af4c5abd/examples/basic/mlkem_native/src/fips202/native/x86_64/src/keccak_f1600_x4_avx2_asm.S
8c563aeeaeff727ac8538c220c450aa3142727e8d7fc99600216d284fa438195,1180,3,mlk_montgomery_cleanroom/MONT_WORKTREE_af4c5abd/test/abicheck/aarch64/abicheck_aarch64.h,provenance/montgomery-reduce/source-snapshots/base-worktree-af4c5abd/test/abicheck/aarch64/abicheck_aarch64.h
8c581f31248d20ca87a314c9aa6e41eb8a69a715cffc6166f957ce39f1d10eda,217,3,mlk_montgomery_cleanroom/MONT_WORKTREE_af4c5abd/.gitignore,provenance/montgomery-reduce/source-snapshots/base-worktree-af4c5abd/.gitignore
8c5ab3c55d6292895de1034d4d943ac450cc4e1d88236f61a61c1dca2977d0ed,171980,1,mlk_montgomery_cleanroom/MONT_T3_WORKTREE_af4c5abd/proofs/cbmc/mont_t3_p4_montgomery_one/gotos/mont_t3_p4_montgomery_one_harness0700.goto,provenance/montgomery-reduce/worktree-deltas/MONT03-fqmul-algebra-delta/proofs/cbmc/mont_t3_p4_montgomery_one/gotos/mont_t3_p4_montgomery_one_harness0700.goto
8c5b21795b856f3dfc7bf33df220f1ad2bbfecd6b20b058ee0778f2f8e8f5469,450,1,mlk_montgomery_cleanroom/MONT_WORKTREE_af4c5abd/proofs/cbmc/mont_t2a_p3_witness_NP/logs/restrict_function_pointer-log.txt,provenance/montgomery-reduce/source-snapshots/base-worktree-af4c5abd/proofs/cbmc/mont_t2a_p3_witness_NP/logs/restrict_function_pointer-log.txt
8c6105c9d781162db89b239bd67fc3c1e3c539940427963e98120bba09965817,264,3,mlk_montgomery_cleanroom/MONT_WORKTREE_af4c5abd/proofs/cbmc/scalar_decompress_d11/scalar_decompress_d11_harness.c,provenance/montgomery-reduce/source-snapshots/base-worktree-af4c5abd/proofs/cbmc/scalar_decompress_d11/scalar_decompress_d11_harness.c
8c9922b570eabb5cc17fbe357ad075a4b0c9ade51352af6423f9e576549c30a2,11004,3,mlk_montgomery_cleanroom/MONT_WORKTREE_af4c5abd/test/acvp/acvp_mlkem.c,provenance/montgomery-reduce/source-snapshots/base-worktree-af4c5abd/test/acvp/acvp_mlkem.c
8cb645b3b46398fdcb019b9dcb01e6adc7494b5ac8f7f39fab72a1f2aa35ca9a,464,1,mlk_montgomery_cleanroom/MONT_T3_WORKTREE_af4c5abd/proofs/cbmc/mont_t3_p6_associativity/logs/restrict_function_pointer-log.txt,provenance/montgomery-reduce/worktree-deltas/MONT03-fqmul-algebra-delta/proofs/cbmc/mont_t3_p6_associativity/logs/restrict_function_pointer-log.txt
8cc11b6ab17d172d45e098532ac3351b4475c5aa028eb5219a8bfef5a02a01f4,156158,1,mlk_montgomery_cleanroom/MONT_WORKTREE_af4c5abd/proofs/cbmc/mont_t2a_p3_witness_PN/gotos/mont_t2a_p3_witness_PN_harness0700.goto,provenance/montgomery-reduce/source-snapshots/base-worktree-af4c5abd/proofs/cbmc/mont_t2a_p3_witness_PN/gotos/mont_t2a_p3_witness_PN_harness0700.goto
8cd5bd1808eabb07f68021617f2c6193b7e366c066306ed4ecaf90bd8727d213,1501,1,mlk_montgomery_cleanroom/MONT_T3_WORKTREE_af4c5abd/proofs/cbmc/mont_t3_p5_distributivity/mont_t3_p5_distributivity_harness.c,provenance/montgomery-reduce/worktree-deltas/MONT03-fqmul-algebra-delta/proofs/cbmc/mont_t3_p5_distributivity/mont_t3_p5_distributivity_harness.c
8ce709fd519677ef9bcffddf1b3b10eafb4b5c3368e97b20ee274dd53f661976,306,3,mlk_montgomery_cleanroom/MONT_WORKTREE_af4c5abd/proofs/cbmc/ntt_layer/ntt_layer_harness.c,provenance/montgomery-reduce/source-snapshots/base-worktree-af4c5abd/proofs/cbmc/ntt_layer/ntt_layer_harness.c
8d73a991cbcfb54f6e78e13668bd3b3b65465490960960a9342f34f6cce1750f,205,1,mlk_montgomery_cleanroom/MONT04B_T4_HARNESS_FREEZE_20260726T225651Z/MONT04B_TERMINAL_CAPTURE_20260726T225651Z.txt.sha256,experiments/montgomery-reduce/MONT04-poly-tomont-roundtrip-locality/raw-runs/01-frozen-harness-family/MONT04B_T4_HARNESS_FREEZE_20260726T225651Z/MONT04B_TERMINAL_CAPTURE_20260726T225651Z.txt.sha256
8d8974a476193ad5111f06d397e23c5b0204579833608227982a2bc88ca3c064,6692,3,mlk_montgomery_cleanroom/MONT_WORKTREE_af4c5abd/proofs/hol_light/aarch64/mlkem/keccak_f1600_x1_v84a_aarch64_asm.S,provenance/montgomery-reduce/source-snapshots/base-worktree-af4c5abd/proofs/hol_light/aarch64/mlkem/keccak_f1600_x1_v84a_aarch64_asm.S
8d8cbcfb02d34e966a5b40e162b9f0ec451230c29d43db857982f8481e0026c4,2104,3,mlk_montgomery_cleanroom/MONT_WORKTREE_af4c5abd/proofs/cbmc/ct_cmask_nonzero_u16/Makefile,provenance/montgomery-reduce/source-snapshots/base-worktree-af4c5abd/proofs/cbmc/ct_cmask_nonzero_u16/Makefile
8d9d6442b4b0550d97a547e88efc3a1fad5500b6afe6f04b89ee385f8240503d,117765,1,mlk_montgomery_cleanroom/MONT_WORKTREE_af4c5abd/proofs/cbmc/mont_t2a_p3_witness_NN/gotos/project0100.goto,provenance/montgomery-reduce/source-snapshots/base-worktree-af4c5abd/proofs/cbmc/mont_t2a_p3_witness_NN/gotos/project0100.goto
8def98a7d627b9f6d3a7b4aa8776bc8622815f10706f1e3a371879161b7b3e35,284,6,mlk_montgomery_cleanroom/MONT_WORKTREE_af4c5abd/proofs/cbmc/poly_compress_d4/poly_compress_d4_harness.c,provenance/montgomery-reduce/source-snapshots/base-worktree-af4c5abd/proofs/cbmc/poly_compress_d4/poly_compress_d4_harness.c
8e417faf0e756b2cc01c4cd165662bc06742813639fa2b07eca5137d1eb16786,3252,4,mlk_montgomery_cleanroom/MONT02A_FULL_T2_FUNCTIONAL_20260726T175148Z/MONT02A_R1_SHARDED_CAPTURE_20260726T175148Z.txt,experiments/montgomery-reduce/MONT02-relational-low-word-laws/raw-runs/04-sharded-property-run/MONT02A_FULL_T2_FUNCTIONAL_20260726T175148Z/MONT02A_R1_SHARDED_CAPTURE_20260726T175148Z.txt
8e6ba85d02a6f89c6ebf57f3c23810e0749681a1bd522794c876e3ab5a246fcc,162265,1,mlk_montgomery_cleanroom/MONT_WORKTREE_af4c5abd/proofs/cbmc/mont_t2b_fibre_translation/gotos/mont_t2b_fibre_translation_harness0600.goto,provenance/montgomery-reduce/source-snapshots/base-worktree-af4c5abd/proofs/cbmc/mont_t2b_fibre_translation/gotos/mont_t2b_fibre_translation_harness0600.goto
8e74b508436ee5f644013bdc3e8e708c529d8fa6f1858041c6fd4d9b30327d61,273,3,mlk_montgomery_cleanroom/MONT_WORKTREE_af4c5abd/.envrc,provenance/montgomery-reduce/source-snapshots/base-worktree-af4c5abd/.envrc
8ea5e1c4c6f8779f0c91460a98bcc78389f3f6daa86b874ef31f8461624ca7c2,1302,3,mlk_montgomery_cleanroom/MONT_WORKTREE_af4c5abd/proofs/cbmc/poly_decompress_d5_c/Makefile,provenance/montgomery-reduce/source-snapshots/base-worktree-af4c5abd/proofs/cbmc/poly_decompress_d5_c/Makefile
8ef5a334fe5c63e5199aadf1b6045519be143c5dfbb3b7bf306f76eb32b4ba04,2231,3,mlk_montgomery_cleanroom/MONT_WORKTREE_af4c5abd/proofs/cbmc/poly_mulcache_compute_native/Makefile,provenance/montgomery-reduce/source-snapshots/base-worktree-af4c5abd/proofs/cbmc/poly_mulcache_compute_native/Makefile
8f0f25ee45ff7a9783cd5c4b9f0916ecefc15aba6c6d6f5af8a42ae40d18478a,3833,3,mlk_montgomery_cleanroom/MONT_WORKTREE_af4c5abd/.github/actions/bench/action.yml,provenance/montgomery-reduce/source-snapshots/base-worktree-af4c5abd/.github/actions/bench/action.yml
8f1304a854ddb3c9fefe6f101364b455bbb157a647991cd36b34f4bd7b24604e,1231,1,mlk_montgomery_cleanroom/MONT04B_T4_HARNESS_FREEZE_20260726T225651Z/MONT04B_T4_FREEZE_BINDING.env,experiments/montgomery-reduce/MONT04-poly-tomont-roundtrip-locality/raw-runs/01-frozen-harness-family/MONT04B_T4_HARNESS_FREEZE_20260726T225651Z/MONT04B_T4_FREEZE_BINDING.env
8f1762cc57561256465ef3b467f44b99b606c3b196870b81a329b8de0cebdd69,1606,3,mlk_montgomery_cleanroom/MONT_WORKTREE_af4c5abd/flake.lock,provenance/montgomery-reduce/source-snapshots/base-worktree-af4c5abd/flake.lock
8f9235baea99aae43e984710f429b296edcc4bba77ef23648a81b9e7c4af8ade,40756,3,mlk_montgomery_cleanroom/MONT_WORKTREE_af4c5abd/proofs/hol_light/x86_64/proofs/poly_decompress_d11_avx2_asm.ml,provenance/montgomery-reduce/source-snapshots/base-worktree-af4c5abd/proofs/hol_light/x86_64/proofs/poly_decompress_d11_avx2_asm.ml
8f95326d9315df43b3dcbc36b8f6ee1fe073a8520956355ca917d4cedcf25d19,2179,3,mlk_montgomery_cleanroom/MONT_WORKTREE_af4c5abd/proofs/cbmc/polyvec_permute_bitrev_to_custom_native/Makefile,provenance/montgomery-reduce/source-snapshots/base-worktree-af4c5abd/proofs/cbmc/polyvec_permute_bitrev_to_custom_native/Makefile
8fa0a4f7cdb28048a7d1d3740b03652ef153d37f66902b9a646a85038224a321,3326,3,mlk_montgomery_cleanroom/MONT_WORKTREE_af4c5abd/proofs/hol_light/aarch64/mlkem/poly_tobytes_aarch64_asm.S,provenance/montgomery-reduce/source-snapshots/base-worktree-af4c5abd/proofs/hol_light/aarch64/mlkem/poly_tobytes_aarch64_asm.S
8fdde216ac26f7e265a5078fb67277f2ad4de8a362bf0877d21d4bdc6b33e0ce,54,1,mlk_montgomery_cleanroom/MONT_T3_WORKTREE_af4c5abd/proofs/cbmc/mont_t3_p2_p3_relational/.litani_cache_dir,provenance/montgomery-reduce/worktree-deltas/MONT03-fqmul-algebra-delta/proofs/cbmc/mont_t3_p2_p3_relational/.litani_cache_dir
8ff218380247822e3b035bb5a24e106022706203bd9f7d4deb47edab4d881426,286,6,mlk_montgomery_cleanroom/MONT_WORKTREE_af4c5abd/proofs/cbmc/poly_decompress_d4/poly_decompress_d4_harness.c,provenance/montgomery-reduce/source-snapshots/base-worktree-af4c5abd/proofs/cbmc/poly_decompress_d4/poly_decompress_d4_harness.c
905ce9edf808e7072e397c116b6c18d1f16423eb5a6c79fe4c2c2a974d987f9d,2552,3,mlk_montgomery_cleanroom/MONT_WORKTREE_af4c5abd/proofs/hol_light/x86_64/proofs/build-proof.sh,provenance/montgomery-reduce/source-snapshots/base-worktree-af4c5abd/proofs/hol_light/x86_64/proofs/build-proof.sh
9077fc47d3cd882ff980bbae174998b16b0f20bee662e5ef95bc5777ffb72ba9,757,1,mlk_montgomery_cleanroom/MONT_WORKTREE_af4c5abd/proofs/cbmc/mont_t2a_p3_witness_PP/Makefile,provenance/montgomery-reduce/source-snapshots/base-worktree-af4c5abd/proofs/cbmc/mont_t2a_p3_witness_PP/Makefile
90ca0f8076c0b3c1849562a12c0df6877ae21b5e7c79be2e92ab3f5c356009c3,757,1,mlk_montgomery_cleanroom/MONT_WORKTREE_af4c5abd/proofs/cbmc/mont_t2a_p3_witness_NN/Makefile,provenance/montgomery-reduce/source-snapshots/base-worktree-af4c5abd/proofs/cbmc/mont_t2a_p3_witness_NN/Makefile
90ccb9a2eaffa3146717e216341bf0bf63b11f77d5ed3054f33bd5bce1fc9a96,508,2,mlk_montgomery_cleanroom/MONT03A_T3_PARALLEL_20260726T202205Z/T3_SEMANTIC_DIRECT_CBMC.log,experiments/montgomery-reduce/MONT03-normalized-fqmul-algebra/raw-runs/04-complete-parallel-run/MONT03A_T3_PARALLEL_20260726T202205Z/T3_SEMANTIC_DIRECT_CBMC.log
90fed7f96d6b1d9bb7952682d2d93fdd47ab17c7146cbe2d1d734fa211c66d81,4185,3,mlk_montgomery_cleanroom/MONT_WORKTREE_af4c5abd/dev/x86_64/src/poly_compress_d4_avx2_asm.S,provenance/montgomery-reduce/source-snapshots/base-worktree-af4c5abd/dev/x86_64/src/poly_compress_d4_avx2_asm.S
91195648f21066152b24c08006e8321da611dd328ea20556be0b1269a83f7014,231,6,mlk_montgomery_cleanroom/MONT_WORKTREE_af4c5abd/proofs/cbmc/poly_ntt/poly_ntt_harness.c,provenance/montgomery-reduce/source-snapshots/base-worktree-af4c5abd/proofs/cbmc/poly_ntt/poly_ntt_harness.c
9119d73ba60d16ccfa7a260574307f4a3d8b544b33b2d3c7adee44895e1eb650,891,3,mlk_montgomery_cleanroom/MONT_WORKTREE_af4c5abd/dev/x86_64/src/fq.inc,provenance/montgomery-reduce/source-snapshots/base-worktree-af4c5abd/dev/x86_64/src/fq.inc
9193505d58c2e8c0a577c03b8a840badc84dcd2c7d7bab551e3ca76d5d1f2fb9,5358,3,mlk_montgomery_cleanroom/MONT_WORKTREE_af4c5abd/proofs/hol_light/common/keccak_spec.ml,provenance/montgomery-reduce/source-snapshots/base-worktree-af4c5abd/proofs/hol_light/common/keccak_spec.ml
91b5b3be69f09d8a65ef293cbeb258f6bb606e3905d56c3824bd377a35df7a58,2077,3,mlk_montgomery_cleanroom/MONT_WORKTREE_af4c5abd/proofs/cbmc/value_barrier_i32/Makefile,provenance/montgomery-reduce/source-snapshots/base-worktree-af4c5abd/proofs/cbmc/value_barrier_i32/Makefile
91ceea5db91e0a075d1435f375c77fc403d97f23e6ae9e84a85ec3463606e0fd,1886,3,mlk_montgomery_cleanroom/MONT_WORKTREE_af4c5abd/proofs/cbmc/scalar_compress_d5/Makefile,provenance/montgomery-reduce/source-snapshots/base-worktree-af4c5abd/proofs/cbmc/scalar_compress_d5/Makefile
91d33797fdc349d2f61f35dbd0a2ade278d18f2d859960e1839519b1d18d6108,1046,1,mlk_montgomery_cleanroom/MONT_T3_WORKTREE_af4c5abd/proofs/cbmc/mont_t3_p6_associativity/logs/check_function_contracts-log.txt,provenance/montgomery-reduce/worktree-deltas/MONT03-fqmul-algebra-delta/proofs/cbmc/mont_t3_p6_associativity/logs/check_function_contracts-log.txt
9201bea6ddd1d7622cc6496d2f745fee52397d203392f75a3d6e52a400de5bad,24427,36,mlk_montgomery_cleanroom/MONT_WORKTREE_af4c5abd/examples/basic/mlkem_native/src/compress.c,provenance/montgomery-reduce/source-snapshots/base-worktree-af4c5abd/examples/basic/mlkem_native/src/compress.c
924a5e4b317d14bc625a83c5fb0db5a16fb4f69eb2fc5c557dce2a352686be87,553,3,mlk_montgomery_cleanroom/MONT_WORKTREE_af4c5abd/nix/s2n_bignum/default.nix,provenance/montgomery-reduce/source-snapshots/base-worktree-af4c5abd/nix/s2n_bignum/default.nix
92501263f89afc3d6a5f06079bacbe1dfd5ba6db744c887e08cc1c521c0030eb,3853,36,mlk_montgomery_cleanroom/MONT_WORKTREE_af4c5abd/examples/basic/mlkem_native/src/sampling.h,provenance/montgomery-reduce/source-snapshots/base-worktree-af4c5abd/examples/basic/mlkem_native/src/sampling.h
9256c91b1eb1e48f6f764cbfbe1780d3b18cbe5197ee9d584f1df957fd5ab2c6,16274,3,mlk_montgomery_cleanroom/MONT_WORKTREE_af4c5abd/dev/ppc64le/src/reduce_ppc_asm.S,provenance/montgomery-reduce/source-snapshots/base-worktree-af4c5abd/dev/ppc64le/src/reduce_ppc_asm.S
925af2035e63f5c8866cd83361ad666e4d442a666aef485eba2790d0d2f613b5,3489,27,mlk_montgomery_cleanroom/MONT_WORKTREE_af4c5abd/examples/basic/mlkem_native/src/native/aarch64/src/poly_tobytes_aarch64_asm.S,provenance/montgomery-reduce/source-snapshots/base-worktree-af4c5abd/examples/basic/mlkem_native/src/native/aarch64/src/poly_tobytes_aarch64_asm.S
928fbd8b2666d5b6eec6284211742ba96ce70bc8061b0e93557e5ecee73ad3b9,2862,27,mlk_montgomery_cleanroom/MONT_WORKTREE_af4c5abd/examples/basic/mlkem_native/src/native/aarch64/src/poly_tomont_aarch64_asm.S,provenance/montgomery-reduce/source-snapshots/base-worktree-af4c5abd/examples/basic/mlkem_native/src/native/aarch64/src/poly_tomont_aarch64_asm.S
929c26c5f040334cbe0d375a780acc378d0bfad75915c1109d210f9a266fdac3,1584,3,mlk_montgomery_cleanroom/MONT_WORKTREE_af4c5abd/.github/actions/setup-shell/action.yml,provenance/montgomery-reduce/source-snapshots/base-worktree-af4c5abd/.github/actions/setup-shell/action.yml
92b37dd2361425c2816f624a982b64bbb4b4a7563f02604470c7541a83acf435,5940,30,mlk_montgomery_cleanroom/MONT_WORKTREE_af4c5abd/dev/x86_64/src/consts.c,provenance/montgomery-reduce/source-snapshots/base-worktree-af4c5abd/dev/x86_64/src/consts.c
92f8c921c8fcf90bf75140457a222147b9b2316bc8dbf49c5a5b8310eaa1cebb,345,3,mlk_montgomery_cleanroom/MONT03A_T3_PARALLEL_20260726T202205Z/T3_CONTROL_BUILD.log.clean,experiments/montgomery-reduce/MONT03-normalized-fqmul-algebra/raw-runs/04-complete-parallel-run/MONT03A_T3_PARALLEL_20260726T202205Z/T3_CONTROL_BUILD.log.clean
931601c4ae43cdebdba029c5178c5d04eda0e165ddbb99865c91ca2e543837b7,3914,3,mlk_montgomery_cleanroom/MONT_WORKTREE_af4c5abd/dev/x86_64/src/poly_decompress_d11_avx2_asm.S,provenance/montgomery-reduce/source-snapshots/base-worktree-af4c5abd/dev/x86_64/src/poly_decompress_d11_avx2_asm.S
93371b0e4e2db49cb88bd8316be864cbd37900f7f405d779f940fa36e5188b2c,2346,3,mlk_montgomery_cleanroom/MONT_WORKTREE_af4c5abd/proofs/cbmc/poly_tobytes_native_x86_64/Makefile,provenance/montgomery-reduce/source-snapshots/base-worktree-af4c5abd/proofs/cbmc/poly_tobytes_native_x86_64/Makefile
934404f3e176c7865d77493c7b3e2d14934bbef3c88db8c46010a157dcf99846,204,2,mlk_montgomery_cleanroom/MONT02A_FULL_T2_FUNCTIONAL_20260726T170048Z/B_BUILD.log.target,experiments/montgomery-reduce/MONT02-relational-low-word-laws/raw-runs/03-full-functional-cbmc-attempt-3/MONT02A_FULL_T2_FUNCTIONAL_20260726T170048Z/B_BUILD.log.target
9430e32bf3e7d645683c8962345d48043fc69aefbb5d4c9d86e3e8ff96167c48,10124,3,mlk_montgomery_cleanroom/MONT_WORKTREE_af4c5abd/dev/fips202/aarch64/src/keccak_f1600_x2_v84a_aarch64_asm.S,provenance/montgomery-reduce/source-snapshots/base-worktree-af4c5abd/dev/fips202/aarch64/src/keccak_f1600_x2_v84a_aarch64_asm.S
94365d793e6e7b355eec2352846543c6e3801f49a68235a0a0193a77c160bef7,3457,6,mlk_montgomery_cleanroom/MONT_WORKTREE_af4c5abd/examples/bring_your_own_fips202/main.c,provenance/montgomery-reduce/source-snapshots/base-worktree-af4c5abd/examples/bring_your_own_fips202/main.c
94375c7fda6ab94f44c5c9bbb5f2e94a6bb36faecc7775effa3a08ea9aabb52f,4482,3,mlk_montgomery_cleanroom/MONT_WORKTREE_af4c5abd/test/test_bounds.py,provenance/montgomery-reduce/source-snapshots/base-worktree-af4c5abd/test/test_bounds.py
9452dc21e0e05a6e56468b07b02b01d220cb269e5148b9cad738416dd33cfbf8,135128,4,mlk_montgomery_cleanroom/MONT01A_D2_20260726T141230Z/MONT_T1_AUTHORITATIVE_SNAPSHOT/gotos/mont_t1_exact_refinement_harness0200.goto,experiments/montgomery-reduce/MONT01-exact-refinement/raw-runs/02-authoritative-proof-and-false-control/MONT01A_D2_20260726T141230Z/MONT_T1_AUTHORITATIVE_SNAPSHOT/gotos/mont_t1_exact_refinement_harness0200.goto
94701710ee42bde8958a969ea64637bc36e76d793551eda059be19e89b33fcc7,4633,1,mlk_montgomery_cleanroom/MONT_T4_WORKTREE_af4c5abd_20260726T225651Z/proofs/cbmc/mont_t4_p2_p3_p5_bijection_locality/.ninja_log,provenance/montgomery-reduce/worktree-deltas/MONT04-poly-tomont-delta/proofs/cbmc/mont_t4_p2_p3_p5_bijection_locality/.ninja_log
948f3c660f90c158e4d4248855adae42bcaf3c8eb62c780edd7b6f40d5da4082,5937,3,mlk_montgomery_cleanroom/MONT_WORKTREE_af4c5abd/examples/multilevel_build/main.c,provenance/montgomery-reduce/source-snapshots/base-worktree-af4c5abd/examples/multilevel_build/main.c
9497ea752c0a3a041e86e9be9e6f2033df6ff61945fda61dc23390c315cbcec3,2045,3,mlk_montgomery_cleanroom/MONT_WORKTREE_af4c5abd/proofs/cbmc/keypair_getnoise_eta1/Makefile,provenance/montgomery-reduce/source-snapshots/base-worktree-af4c5abd/proofs/cbmc/keypair_getnoise_eta1/Makefile
94af346a357dacd06dffedf40353bca8e2410532add22cbff610f174539069e6,549,3,mlk_montgomery_cleanroom/MONT_WORKTREE_af4c5abd/nix/hol_light/default.nix,provenance/montgomery-reduce/source-snapshots/base-worktree-af4c5abd/nix/hol_light/default.nix
94c6f1457386b13ab11c2ae60ba805259c515ae7c236acd88610334e4e98fef1,413,1,mlk_montgomery_cleanroom/MONT_T3_WORKTREE_af4c5abd/proofs/cbmc/mont_t3_p4_montgomery_one/logs/linking-library-models-log.txt,provenance/montgomery-reduce/worktree-deltas/MONT03-fqmul-algebra-delta/proofs/cbmc/mont_t3_p4_montgomery_one/logs/linking-library-models-log.txt
94d30cd6b369e31b25e4bab6b268a9b0497c0c72db774c5953cb4242b2d918dc,1958,3,mlk_montgomery_cleanroom/MONT_WORKTREE_af4c5abd/.github/workflows/cbmc.yml,provenance/montgomery-reduce/source-snapshots/base-worktree-af4c5abd/.github/workflows/cbmc.yml
94d662154f18e2f37ac886f94dbfc01ddd2e9787619cb66555c3c7b7d9674dfc,408,3,mlk_montgomery_cleanroom/MONT_WORKTREE_af4c5abd/proofs/cbmc/poly_compress_d11_c/poly_compress_d11_c_harness.c,provenance/montgomery-reduce/source-snapshots/base-worktree-af4c5abd/proofs/cbmc/poly_compress_d11_c/poly_compress_d11_c_harness.c
94df593eea7d80e686711c593fd50c4194dbfcc1a3eb229a88bddc553778edb9,131219,1,mlk_montgomery_cleanroom/MONT_T4_WORKTREE_af4c5abd_20260726T225651Z/proofs/cbmc/mont_t4_p1_p4_roundtrip_zero/gotos/mont_t4_p1_p4_roundtrip_zero_harness0200.goto,provenance/montgomery-reduce/worktree-deltas/MONT04-poly-tomont-delta/proofs/cbmc/mont_t4_p1_p4_roundtrip_zero/gotos/mont_t4_p1_p4_roundtrip_zero_harness0200.goto
9512773ee6aacbf29fdb5a1ddef397f6e06a39af0f9e8c6d76ffcbd52287f1f3,4272,1,mlk_montgomery_cleanroom/MONT03A_T3_PARALLEL_20260726T165032Z/T3_CONTROL_BUILD.log,experiments/montgomery-reduce/MONT03-normalized-fqmul-algebra/raw-runs/03-semantic-direct-run/MONT03A_T3_PARALLEL_20260726T165032Z/T3_CONTROL_BUILD.log
95210a285ac86fb92a34052c52b0ed30b8de3e5f680c78a533a33fe95ae9ca73,25746,3,mlk_montgomery_cleanroom/MONT_WORKTREE_af4c5abd/dev/ppc64le/src/ntt_ppc_asm.S,provenance/montgomery-reduce/source-snapshots/base-worktree-af4c5abd/dev/ppc64le/src/ntt_ppc_asm.S
954b16f4efa54731faadb6f6b2b5d0d6732bb14ce44824bcd3a2baba8b2c16f4,329,1,mlk_montgomery_cleanroom/MONT_T3_WORKTREE_af4c5abd/proofs/cbmc/mont_t3_p5_distributivity/logs/remove_function_body-log.txt,provenance/montgomery-reduce/worktree-deltas/MONT03-fqmul-algebra-delta/proofs/cbmc/mont_t3_p5_distributivity/logs/remove_function_body-log.txt
956aaaf76833e108296ae1f94b4a74331a8bd073b5e11aa93ccabf55a7931811,410,3,mlk_montgomery_cleanroom/MONT_WORKTREE_af4c5abd/proofs/cbmc/poly_decompress_d5_c/poly_decompress_d5_c_harness.c,provenance/montgomery-reduce/source-snapshots/base-worktree-af4c5abd/proofs/cbmc/poly_decompress_d5_c/poly_decompress_d5_c_harness.c
9581f5220f5e8a14a6379280b1156dc036fa2d1e06703f8672b99c70d7adb2d5,1228,3,mlk_montgomery_cleanroom/MONT_WORKTREE_af4c5abd/.github/actions/setup-os/action.yml,provenance/montgomery-reduce/source-snapshots/base-worktree-af4c5abd/.github/actions/setup-os/action.yml
958d88045f232ffd5274337d646fa38634577ae2d8f6a91e0f34622e10d178cc,4361,1,mlk_montgomery_cleanroom/MONT03A_T3_PARALLEL_20260726T202205Z/T3_ALGEBRA_BUILD.log,experiments/montgomery-reduce/MONT03-normalized-fqmul-algebra/raw-runs/04-complete-parallel-run/MONT03A_T3_PARALLEL_20260726T202205Z/T3_ALGEBRA_BUILD.log
95bee96c167ee3c318c477eca6b64f665fbbbc0523229706f2236c3fc15471fa,10736,3,mlk_montgomery_cleanroom/MONT_WORKTREE_af4c5abd/proofs/hol_light/x86_64/mlkem/nttfrombytes_avx2_asm.S,provenance/montgomery-reduce/source-snapshots/base-worktree-af4c5abd/proofs/hol_light/x86_64/mlkem/nttfrombytes_avx2_asm.S
95f5c637a6f66006d4671d7b05d4eede93d31439de31cb47b74edbd87e3436b1,166590,1,mlk_montgomery_cleanroom/MONT_WORKTREE_af4c5abd/proofs/cbmc/mont_t2_relational_fibre/gotos/mont_t2_relational_fibre_harness0600.goto,provenance/montgomery-reduce/source-snapshots/base-worktree-af4c5abd/proofs/cbmc/mont_t2_relational_fibre/gotos/mont_t2_relational_fibre_harness0600.goto
95fd52281f1c9d7b040c1cda7f2219cd1c9be483126e2d062bb8eed1f68dd1ca,163803,2,mlk_montgomery_cleanroom/MONT01A_D2_20260726T141230Z/MONT_T1_FALSE_CONTROL_SNAPSHOT/gotos/mont_t1_false_control_harness0700.goto,experiments/montgomery-reduce/MONT01-exact-refinement/raw-runs/02-authoritative-proof-and-false-control/MONT01A_D2_20260726T141230Z/MONT_T1_FALSE_CONTROL_SNAPSHOT/gotos/mont_t1_false_control_harness0700.goto
962ba1a753fa9ec615c657fe13a041ac3f5ee6c46eb1d8a99255b1650869dba8,80190,3,mlk_montgomery_cleanroom/MONT_WORKTREE_af4c5abd/proofs/hol_light/aarch64/proofs/keccak_f1600_x4_v8a_v84a_scalar_hybrid_aarch64_asm.ml,provenance/montgomery-reduce/source-snapshots/base-worktree-af4c5abd/proofs/hol_light/aarch64/proofs/keccak_f1600_x4_v8a_v84a_scalar_hybrid_aarch64_asm.ml
962c7eba477b1f328d9a82daa0cce9ddc6577779faeac12f176de4fe62e84ae2,406,3,mlk_montgomery_cleanroom/MONT_WORKTREE_af4c5abd/examples/bring_your_own_fips202/custom_fips202/README.md,provenance/montgomery-reduce/source-snapshots/base-worktree-af4c5abd/examples/bring_your_own_fips202/custom_fips202/README.md
96562d9281e558a43bd137085bc14a2cac452b80ceb5d454ac031086f265efd5,409,1,mlk_montgomery_cleanroom/MONT_T3_WORKTREE_af4c5abd/proofs/cbmc/mont_t3_p6_associativity/logs/linking-library-models-log.txt,provenance/montgomery-reduce/worktree-deltas/MONT03-fqmul-algebra-delta/proofs/cbmc/mont_t3_p6_associativity/logs/linking-library-models-log.txt
96f924f7b2120d3430625cf14f363bb2033057ad3ee8d825a9a29c7393f5ad8c,8388,3,mlk_montgomery_cleanroom/MONT_WORKTREE_af4c5abd/proofs/hol_light/aarch64/mlkem/polyvec_basemul_acc_montgomery_cached_k2_aarch64_asm.S,provenance/montgomery-reduce/source-snapshots/base-worktree-af4c5abd/proofs/hol_light/aarch64/mlkem/polyvec_basemul_acc_montgomery_cached_k2_aarch64_asm.S
97113f3ae01a5894460eede18be78b036b58dd4277bcb28b397da2e85418eb30,2278,3,mlk_montgomery_cleanroom/MONT_WORKTREE_af4c5abd/proofs/cbmc/keccak_f1600_x4_native_avx2/Makefile,provenance/montgomery-reduce/source-snapshots/base-worktree-af4c5abd/proofs/cbmc/keccak_f1600_x4_native_avx2/Makefile
972abfb6c6a10d73789e675acdfac76692ecca568cd9ce5d4b4a68c257ead656,445,1,mlk_montgomery_cleanroom/MONT02A_FULL_T2_FUNCTIONAL_20260726T192057Z/P3_NP/summary.txt,experiments/montgomery-reduce/MONT02-relational-low-word-laws/raw-runs/06-p3-sign-partition-complete/MONT02A_FULL_T2_FUNCTIONAL_20260726T192057Z/P3_NP/summary.txt
97706a6bfd24f4a03729e8f9a9bed6d5baa46ddc99647bb921df0ade6d325e1a,120658,1,mlk_montgomery_cleanroom/MONT_T3_WORKTREE_af4c5abd/proofs/cbmc/mont_t3_p2_p3_relational/gotos/project0200.goto,provenance/montgomery-reduce/worktree-deltas/MONT03-fqmul-algebra-delta/proofs/cbmc/mont_t3_p2_p3_relational/gotos/project0200.goto
977933c187e1e5f62a2a8f6ed7491bbeeab8f15367e7bb644c5891e24c742d10,5178,3,mlk_montgomery_cleanroom/MONT_WORKTREE_af4c5abd/.github/workflows/nix.yml,provenance/montgomery-reduce/source-snapshots/base-worktree-af4c5abd/.github/workflows/nix.yml
978c970f8caf977a5a96a6cd4c9460815be9a7a018dc8a0b1399b872edbc6acb,1313,3,mlk_montgomery_cleanroom/MONT_WORKTREE_af4c5abd/examples/custom_backend/mlkem_native/src/fips202/native/custom/src/sha3.h,provenance/montgomery-reduce/source-snapshots/base-worktree-af4c5abd/examples/custom_backend/mlkem_native/src/fips202/native/custom/src/sha3.h
97971f41694084d9ef85bdf2b88f78f5cf27630a6c34f2fc60127307336fedcf,1860,3,mlk_montgomery_cleanroom/MONT_WORKTREE_af4c5abd/proofs/cbmc/lib/print_tool_versions.py,provenance/montgomery-reduce/source-snapshots/base-worktree-af4c5abd/proofs/cbmc/lib/print_tool_versions.py
97eef83984599d8933158e080d8822f2b925d0cf5a64b51c568d2dbe59097cb3,4360,27,mlk_montgomery_cleanroom/MONT_WORKTREE_af4c5abd/examples/basic/mlkem_native/src/native/x86_64/src/rej_uniform_avx2_asm.S,provenance/montgomery-reduce/source-snapshots/base-worktree-af4c5abd/examples/basic/mlkem_native/src/native/x86_64/src/rej_uniform_avx2_asm.S
97f085667f1ec443a237c6f4b7a781084c0cf2f7526885c8eff0008fbb2f6eab,18393,3,mlk_montgomery_cleanroom/MONT_WORKTREE_af4c5abd/test/configs/configs.yml,provenance/montgomery-reduce/source-snapshots/base-worktree-af4c5abd/test/configs/configs.yml
97f6785957a0adda2b3774e62813fce2f38007b067289d822614ce8b1c5e22e0,1341,3,mlk_montgomery_cleanroom/MONT_WORKTREE_af4c5abd/proofs/cbmc/poly_compress_d11/Makefile,provenance/montgomery-reduce/source-snapshots/base-worktree-af4c5abd/proofs/cbmc/poly_compress_d11/Makefile
98213639bd08991f026c525cb7b99e19aa322690ec9408c75d3141752d58222c,315,1,mlk_montgomery_cleanroom/MONT01B_R1_M2_M3_20260726T150507Z/M3_SHIFT_BY_15/make-clean.log,experiments/montgomery-reduce/MONT01-exact-refinement/raw-runs/03-mutation-sensitivity/03-retry-m2-partial/MONT01B_R1_M2_M3_20260726T150507Z/M3_SHIFT_BY_15/make-clean.log
982db7fce65d0304e9c40a681318e040aab2ce45defdfbd1ba92025fd0eebc4a,3118,3,mlk_montgomery_cleanroom/MONT_WORKTREE_af4c5abd/proofs/hol_light/x86_64/proofs/mlkem_compress_consts.ml,provenance/montgomery-reduce/source-snapshots/base-worktree-af4c5abd/proofs/hol_light/x86_64/proofs/mlkem_compress_consts.ml
989403f073603939ad7fce3f42dd55bd10bc4c57ed89beaf9c1de9fd18f9dbb9,2086,3,mlk_montgomery_cleanroom/MONT_WORKTREE_af4c5abd/proofs/cbmc/keccakf1600x4_xor_bytes_c/Makefile,provenance/montgomery-reduce/source-snapshots/base-worktree-af4c5abd/proofs/cbmc/keccakf1600x4_xor_bytes_c/Makefile
98aa8f89f296799caed9b3e0525984bb49d7c437c797f81a115c8f7ec9be17c5,1119,3,mlk_montgomery_cleanroom/MONT_WORKTREE_af4c5abd/dev/x86_64/src/shuffle.inc,provenance/montgomery-reduce/source-snapshots/base-worktree-af4c5abd/dev/x86_64/src/shuffle.inc
992845549f6be1941a933726b6d16435852cd35b82be96994fb9fc1b778df625,2140,3,mlk_montgomery_cleanroom/MONT_WORKTREE_af4c5abd/proofs/cbmc/polyvec_basemul_acc_montgomery_cached/Makefile,provenance/montgomery-reduce/source-snapshots/base-worktree-af4c5abd/proofs/cbmc/polyvec_basemul_acc_montgomery_cached/Makefile
994b17ba778fc66976aee251dd79ee5c2581632fe94296c8c965ef22db7c1012,495,2,mlk_montgomery_cleanroom/MONT02A_FULL_T2_FUNCTIONAL_20260726T192057Z/P3_PP/cbmc.log,experiments/montgomery-reduce/MONT02-relational-low-word-laws/raw-runs/06-p3-sign-partition-complete/MONT02A_FULL_T2_FUNCTIONAL_20260726T192057Z/P3_PP/cbmc.log
997272e9a709075c170d2638b1c324da82e55c1c3e807efac34d67a18ca54f2a,756,3,mlk_montgomery_cleanroom/MONT_WORKTREE_af4c5abd/dev/fips202/aarch64/x4_v8a_scalar.h,provenance/montgomery-reduce/source-snapshots/base-worktree-af4c5abd/dev/fips202/aarch64/x4_v8a_scalar.h
99a8cad75b4f67a8ba3fbc884280f06101d8b728fd3658b4a31a3883fcdc3995,2091,3,mlk_montgomery_cleanroom/MONT_WORKTREE_af4c5abd/proofs/cbmc/ct_get_optblocker_u8/Makefile,provenance/montgomery-reduce/source-snapshots/base-worktree-af4c5abd/proofs/cbmc/ct_get_optblocker_u8/Makefile
99bd346a36353c426479241eb2ae5d3372392fa4a889335afb216f7b8a7f8e7a,3392,3,mlk_montgomery_cleanroom/MONT_WORKTREE_af4c5abd/examples/monolithic_build/Makefile,provenance/montgomery-reduce/source-snapshots/base-worktree-af4c5abd/examples/monolithic_build/Makefile
99defa752239f3e1a572e65a3bef7c6198eca746ec74daea267cc238bce25742,1067,1,mlk_montgomery_cleanroom/MONT03B_HARNESS_FREEZE_20260726T221716Z/MONT03B_TERMINAL_CAPTURE_20260726T221716Z.txt,experiments/montgomery-reduce/MONT03-normalized-fqmul-algebra/raw-runs/05-harness-freeze-attempt-1/MONT03B_HARNESS_FREEZE_20260726T221716Z/MONT03B_TERMINAL_CAPTURE_20260726T221716Z.txt
9a0ac2dd53f22d2a2e9b5995de871395cdc4e060b1cc2959713ce137b25fe864,1800,3,mlk_montgomery_cleanroom/MONT_WORKTREE_af4c5abd/mlkem/README.md,provenance/montgomery-reduce/source-snapshots/base-worktree-af4c5abd/mlkem/README.md
9a271f2a916b0b6ee6cecb2426f0b3206ef074578be55d9bc94f6f3fe3ab86aa,2,23,mlk_montgomery_cleanroom/MONT02A_FULL_T2_FUNCTIONAL_20260726T170048Z/A_BUILD.rc,experiments/montgomery-reduce/MONT02-relational-low-word-laws/raw-runs/03-full-functional-cbmc-attempt-3/MONT02A_FULL_T2_FUNCTIONAL_20260726T170048Z/A_BUILD.rc
9a58088b7f7fb603b4d30772de626a16f2b5f9099009a334107022505a660c67,1580,3,mlk_montgomery_cleanroom/MONT_WORKTREE_af4c5abd/dev/x86_64/src/compress_consts.h,provenance/montgomery-reduce/source-snapshots/base-worktree-af4c5abd/dev/x86_64/src/compress_consts.h
9af34a7bf99b8db58b78e632da7f171a4efa2b255cde441f2361a770e159bbc8,1050,1,mlk_montgomery_cleanroom/MONT_T3_WORKTREE_af4c5abd/proofs/cbmc/mont_t3_p4_montgomery_one/logs/check_function_contracts-log.txt,provenance/montgomery-reduce/worktree-deltas/MONT03-fqmul-algebra-delta/proofs/cbmc/mont_t3_p4_montgomery_one/logs/check_function_contracts-log.txt
9afe1a455c89e28e595e0bc51f997f086e466e69d178066f15d8fb26943a2857,91934,2,mlk_montgomery_cleanroom/MONT_T4_WORKTREE_af4c5abd_20260726T225651Z/proofs/cbmc/mont_t4_p1_p4_roundtrip_zero/gotos/mont_t4_p1_p4_roundtrip_zero_harness.goto,provenance/montgomery-reduce/worktree-deltas/MONT04-poly-tomont-delta/proofs/cbmc/mont_t4_p1_p4_roundtrip_zero/gotos/mont_t4_p1_p4_roundtrip_zero_harness.goto
9b12179135d0cf6b7e1d79e5ab5883bd376228f9672b8dbf4ad7039125df944d,399,3,mlk_montgomery_cleanroom/MONT_WORKTREE_af4c5abd/proofs/cbmc/montgomery_reduce/montgomery_reduce_harness.c,provenance/montgomery-reduce/source-snapshots/base-worktree-af4c5abd/proofs/cbmc/montgomery_reduce/montgomery_reduce_harness.c
9b1465a119418ce2dc94b5275270f80a5d3c7beaae5a59cd852ee2397bc68a2b,459,3,mlk_montgomery_cleanroom/MONT_WORKTREE_af4c5abd/proofs/cbmc/nttunpack_native_x86_64/nttunpack_native_x86_64_harness.c,provenance/montgomery-reduce/source-snapshots/base-worktree-af4c5abd/proofs/cbmc/nttunpack_native_x86_64/nttunpack_native_x86_64_harness.c
9b1c3a7d2725814b55ac9ca932c2de8f07e083c9223f116829ae8da0cd6797cd,8845,3,mlk_montgomery_cleanroom/MONT_WORKTREE_af4c5abd/.github/actions/cbmc/report.py,provenance/montgomery-reduce/source-snapshots/base-worktree-af4c5abd/.github/actions/cbmc/report.py
9b23010d1ccff5293faf48fbec40425898ba144d3fa5281a869d05f805e688c8,264,3,mlk_montgomery_cleanroom/MONT_WORKTREE_af4c5abd/proofs/cbmc/polyvec_invntt_tomont/polyvec_invntt_tomont_harness.c,provenance/montgomery-reduce/source-snapshots/base-worktree-af4c5abd/proofs/cbmc/polyvec_invntt_tomont/polyvec_invntt_tomont_harness.c
9b6c32d4df13525e7366c5b45d4fe5ccc8c15a21343375cf94a5cb8bbcb3b04a,151267,2,mlk_montgomery_cleanroom/MONT_WORKTREE_af4c5abd/proofs/cbmc/mont_t2a_p3_single_call_decomposition/gotos/mont_t2a_p3_single_call_decomposition_harness.goto,provenance/montgomery-reduce/source-snapshots/base-worktree-af4c5abd/proofs/cbmc/mont_t2a_p3_single_call_decomposition/gotos/mont_t2a_p3_single_call_decomposition_harness.goto
9bb84ba9dcbbe5f401e9a616aba1b15517510ca60bfef0815ebcf9fb677ebcac,1700,1,mlk_montgomery_cleanroom/MONT00B_MONT01A_20260726T134739Z/MONT00B_THEOREM_REGISTRY.md,experiments/montgomery-reduce/MONT01-exact-refinement/raw-runs/00-theorem-freeze-and-initial-proof/MONT00B_MONT01A_20260726T134739Z/MONT00B_THEOREM_REGISTRY.md
9bec7fe5db7489563ac18c12652e4c98b2aa515eb64c23940d804a862ff8916f,273,1,mlk_montgomery_cleanroom/MONT03B_HARNESS_FREEZE_20260726T222052Z/P1_CLEAN.log,experiments/montgomery-reduce/MONT03-normalized-fqmul-algebra/raw-runs/07-frozen-harness-family/MONT03B_HARNESS_FREEZE_20260726T222052Z/P1_CLEAN.log
9bf8187fceae7fbfdcb5e35d9222707066b7e5b6d1079cda46eca078ac813864,5475,27,mlk_montgomery_cleanroom/MONT_WORKTREE_af4c5abd/examples/basic/mlkem_native/src/native/x86_64/src/tomont_avx2_asm.S,provenance/montgomery-reduce/source-snapshots/base-worktree-af4c5abd/examples/basic/mlkem_native/src/native/x86_64/src/tomont_avx2_asm.S
9c3145261e895a6ae7afa507a1859c6d1ba8d44b0b8343da7d4011f240b527d9,740,3,mlk_montgomery_cleanroom/MONT_WORKTREE_af4c5abd/dev/x86_64/src/consts.h,provenance/montgomery-reduce/source-snapshots/base-worktree-af4c5abd/dev/x86_64/src/consts.h
9d334f611c0690f5f37a4835540563339619416db24b1e6c05bad58cbc009ef2,262,3,mlk_montgomery_cleanroom/MONT_WORKTREE_af4c5abd/proofs/cbmc/scalar_decompress_d4/scalar_decompress_d4_harness.c,provenance/montgomery-reduce/source-snapshots/base-worktree-af4c5abd/proofs/cbmc/scalar_decompress_d4/scalar_decompress_d4_harness.c
9d4dde60ec53d704696ecd1a14c9317f5bcf1970111de752a9235ed5444bb295,117797,1,mlk_montgomery_cleanroom/MONT_T3_WORKTREE_af4c5abd/proofs/cbmc/mont_t3_p6_associativity/gotos/project0100.goto,provenance/montgomery-reduce/worktree-deltas/MONT03-fqmul-algebra-delta/proofs/cbmc/mont_t3_p6_associativity/gotos/project0100.goto
9d6afd2a1cdc93484ce4304c48c1e8b57ff642868667570606c40d82d2b1fa25,256,3,mlk_montgomery_cleanroom/MONT_WORKTREE_af4c5abd/proofs/cbmc/ct_get_optblocker_u32/ct_get_optblocker_u32_harness.c,provenance/montgomery-reduce/source-snapshots/base-worktree-af4c5abd/proofs/cbmc/ct_get_optblocker_u32/ct_get_optblocker_u32_harness.c
9d74ed9696bad5f5ed3f25d884d602101986b3f8757e7fb3c71ef610181db0a4,4588,3,mlk_montgomery_cleanroom/MONT_WORKTREE_af4c5abd/proofs/hol_light/aarch64/mlkem/poly_reduce_aarch64_asm.S,provenance/montgomery-reduce/source-snapshots/base-worktree-af4c5abd/proofs/hol_light/aarch64/mlkem/poly_reduce_aarch64_asm.S
9d8c5e5ad606861356d324d03349d547e7fb862cb119504eaafec44e51bd1077,508,3,mlk_montgomery_cleanroom/MONT_WORKTREE_af4c5abd/proofs/hol_light/x86_64/list_thms.sh,provenance/montgomery-reduce/source-snapshots/base-worktree-af4c5abd/proofs/hol_light/x86_64/list_thms.sh
9d96867c1ae63dae2f7107e4e956571d0c9cc3ddd7ef75db48c9629f769d5d7e,2532,3,mlk_montgomery_cleanroom/MONT_WORKTREE_af4c5abd/proofs/cbmc/indcpa_dec/Makefile,provenance/montgomery-reduce/source-snapshots/base-worktree-af4c5abd/proofs/cbmc/indcpa_dec/Makefile
9d98a59c3bfd8477c8bab413464b0247c597f71224d05c9130c960760f238731,47129,1,mlk_montgomery_cleanroom/MONT_WORKTREE_af4c5abd/proofs/cbmc/mont_t2a_arbitrary_pair/gotos/proof0100.goto,provenance/montgomery-reduce/source-snapshots/base-worktree-af4c5abd/proofs/cbmc/mont_t2a_arbitrary_pair/gotos/proof0100.goto
9e09e40ce6b43a7aeb8f41c8e74dd8f83e2bff7d4db72936abf637b840663cac,734,3,mlk_montgomery_cleanroom/MONT_WORKTREE_af4c5abd/nix/avr/simavr-uart-output-fix.patch,provenance/montgomery-reduce/source-snapshots/base-worktree-af4c5abd/nix/avr/simavr-uart-output-fix.patch
9e1bb6d300a4c4d9f975c4f6e0d1493926eb79fd4bf272e04faa4f682a53ecdd,454,1,mlk_montgomery_cleanroom/MONT_WORKTREE_af4c5abd/proofs/cbmc/mont_t2a_arbitrary_pair/logs/restrict_function_pointer-log.txt,provenance/montgomery-reduce/source-snapshots/base-worktree-af4c5abd/proofs/cbmc/mont_t2a_arbitrary_pair/logs/restrict_function_pointer-log.txt
9e4cdb00eac5a3d1553e64a02dcba66300302f17f1f0d4f3bba64b65c1f53a90,1834,36,mlk_montgomery_cleanroom/MONT_WORKTREE_af4c5abd/examples/basic/mlkem_native/src/context.h,provenance/montgomery-reduce/source-snapshots/base-worktree-af4c5abd/examples/basic/mlkem_native/src/context.h
9e6166f55ee61d7e92735f467f77c944c8e0e9f9df39a8def2d5cecb087e8865,2628,3,mlk_montgomery_cleanroom/MONT_WORKTREE_af4c5abd/examples/monolithic_build_multilevel_native/Makefile,provenance/montgomery-reduce/source-snapshots/base-worktree-af4c5abd/examples/monolithic_build_multilevel_native/Makefile
9ec86c2f2b5ec19fcb9d60f0181a96299fc20a0cc386cba96f47c9ef017e81d7,467360,3,mlk_montgomery_cleanroom/MONT_WORKTREE_af4c5abd/dev/fips202/aarch64/src/keccak_f1600_x4_v8a_scalar_hybrid_aarch64_asm.S,provenance/montgomery-reduce/source-snapshots/base-worktree-af4c5abd/dev/fips202/aarch64/src/keccak_f1600_x4_v8a_scalar_hybrid_aarch64_asm.S
9eeeb2c58389228e061edbe90c114e3ac87092b6f1371c829e6e0ff444fe8e14,1725,2,mlk_montgomery_cleanroom/MONT02A_FULL_T2_FUNCTIONAL_20260726T192057Z/P3_PN/build.log,experiments/montgomery-reduce/MONT02-relational-low-word-laws/raw-runs/06-p3-sign-partition-complete/MONT02A_FULL_T2_FUNCTIONAL_20260726T192057Z/P3_PN/build.log
9f0db56232e9c62065518bcdcb837b5efcf2181fa0ef00ffa669df003bf85c6f,383,1,mlk_montgomery_cleanroom/MONT_T4_WORKTREE_af4c5abd_20260726T225651Z/proofs/cbmc/mont_t4_p2_p3_p5_bijection_locality/logs/remove_function_body-log.txt,provenance/montgomery-reduce/worktree-deltas/MONT04-poly-tomont-delta/proofs/cbmc/mont_t4_p2_p3_p5_bijection_locality/logs/remove_function_body-log.txt
9f2c928bc763aaaecd77520042aac8db78a0bfcefd3c4f579d41220592159fc4,1994,3,mlk_montgomery_cleanroom/MONT_WORKTREE_af4c5abd/proofs/cbmc/poly_tomsg/Makefile,provenance/montgomery-reduce/source-snapshots/base-worktree-af4c5abd/proofs/cbmc/poly_tomsg/Makefile
9f411c529a9972a082422e0d495190cfc3bbeaaa29176d1f2a60a6fcc38c1f0f,137212,1,mlk_montgomery_cleanroom/MONT_WORKTREE_af4c5abd/proofs/cbmc/mont_t2_relational_fibre/gotos/mont_t2_relational_fibre_harness0100.goto,provenance/montgomery-reduce/source-snapshots/base-worktree-af4c5abd/proofs/cbmc/mont_t2_relational_fibre/gotos/mont_t2_relational_fibre_harness0100.goto
9f468beedadba9ad963f93f2aa01c21e4f82a41b59d26c63bb2e36ea2b8ca478,403,3,mlk_montgomery_cleanroom/MONT01A_D2_20260726T141230Z/MONT_T1_AUTHORITATIVE_SNAPSHOT/logs/linking-library-models-log.txt,experiments/montgomery-reduce/MONT01-exact-refinement/raw-runs/02-authoritative-proof-and-false-control/MONT01A_D2_20260726T141230Z/MONT_T1_AUTHORITATIVE_SNAPSHOT/logs/linking-library-models-log.txt
9f768bd79bdaaaa485bd019704a08dd6808ec8465e84a5d5eaad2bd23dc000dd,641,3,mlk_montgomery_cleanroom/MONT_WORKTREE_af4c5abd/nix/avr/simavr-32kb-ram.patch,provenance/montgomery-reduce/source-snapshots/base-worktree-af4c5abd/nix/avr/simavr-32kb-ram.patch
9fc0aeb0b6da93c9a22b1d36fd478665eda208d5774311355400f3af2521b4a1,163288,2,mlk_montgomery_cleanroom/MONT01A_D2_20260726T141230Z/MONT_T1_AUTHORITATIVE_SNAPSHOT/gotos/mont_t1_exact_refinement_harness0700.goto,experiments/montgomery-reduce/MONT01-exact-refinement/raw-runs/02-authoritative-proof-and-false-control/MONT01A_D2_20260726T141230Z/MONT_T1_AUTHORITATIVE_SNAPSHOT/gotos/mont_t1_exact_refinement_harness0700.goto
9fc962c9a09f661b3c17fe0cf147b92de93a5fd6d0ba50c4894d86a977c7705d,2133,3,mlk_montgomery_cleanroom/MONT_WORKTREE_af4c5abd/test/abicheck/x86_64/abicheck_x86_64.mk,provenance/montgomery-reduce/source-snapshots/base-worktree-af4c5abd/test/abicheck/x86_64/abicheck_x86_64.mk
9ff6c644fac3e64caff67b6c1d03552ef8a55db96d560de625ec7bbe4a559c82,2287,3,mlk_montgomery_cleanroom/MONT_WORKTREE_af4c5abd/proofs/cbmc/keccak_f1600_x1_native_aarch64/Makefile,provenance/montgomery-reduce/source-snapshots/base-worktree-af4c5abd/proofs/cbmc/keccak_f1600_x1_native_aarch64/Makefile
a01c0948612bf393e6ba1e1db603474d929245be4a273a7b874b491f0e23e22b,1808,27,mlk_montgomery_cleanroom/MONT_WORKTREE_af4c5abd/dev/fips202/armv81m/src/keccakf1600_round_constants.c,provenance/montgomery-reduce/source-snapshots/base-worktree-af4c5abd/dev/fips202/armv81m/src/keccakf1600_round_constants.c
a0459c1cded7c664a93e93924d06febd7a6524ed5f8f3055e4e1908969f7aac4,817,3,mlk_montgomery_cleanroom/MONT_WORKTREE_af4c5abd/proofs/hol_light/s2n_bignum_allowlist.txt,provenance/montgomery-reduce/source-snapshots/base-worktree-af4c5abd/proofs/hol_light/s2n_bignum_allowlist.txt
a047d258f8e6e63736f35d5c187b36cc7694310e82afc389d812e1217eec6185,2024,3,mlk_montgomery_cleanroom/MONT_WORKTREE_af4c5abd/test/abicheck/aarch64/checks/check_intt_aarch64_asm.c,provenance/montgomery-reduce/source-snapshots/base-worktree-af4c5abd/test/abicheck/aarch64/checks/check_intt_aarch64_asm.c
a05569d1bba30ec36c0ea1f8b5089887ac1b4191f6165e899f0f2380776c3ec5,120621,1,mlk_montgomery_cleanroom/MONT_WORKTREE_af4c5abd/proofs/cbmc/montgomery_reduce/gotos/project0200.goto,provenance/montgomery-reduce/source-snapshots/base-worktree-af4c5abd/proofs/cbmc/montgomery_reduce/gotos/project0200.goto
a05671547ce363bd0909ad7756759dc1935a5cca8ebc9903e8a3c18cc504e24b,2069,3,mlk_montgomery_cleanroom/MONT_WORKTREE_af4c5abd/proofs/cbmc/polyvec_reduce/Makefile,provenance/montgomery-reduce/source-snapshots/base-worktree-af4c5abd/proofs/cbmc/polyvec_reduce/Makefile
a08315e572a0a7b73aa64296ee07fed76e85d350f44225d57675f471dd717cd6,510,3,mlk_montgomery_cleanroom/MONT_WORKTREE_af4c5abd/ruff.toml,provenance/montgomery-reduce/source-snapshots/base-worktree-af4c5abd/ruff.toml
a0ab9d8c2fb6f6be2affcceaece14d39bdd00b3bc739d2cc6f0beef6da32e376,132829,2,mlk_montgomery_cleanroom/MONT_T3_WORKTREE_af4c5abd/proofs/cbmc/mont_t3_p6_associativity/gotos/mont_t3_p6_associativity_harness0200.goto,provenance/montgomery-reduce/worktree-deltas/MONT03-fqmul-algebra-delta/proofs/cbmc/mont_t3_p6_associativity/gotos/mont_t3_p6_associativity_harness0200.goto
a0c147e3dc50889e1acf527610951b84b0d2fead2cf3ebac0f581019bef03e9c,6944,24,mlk_montgomery_cleanroom/MONT_WORKTREE_af4c5abd/examples/basic/mlkem_native/src/fips202/native/aarch64/src/keccak_f1600_x1_v84a_aarch64_asm.S,provenance/montgomery-reduce/source-snapshots/base-worktree-af4c5abd/examples/basic/mlkem_native/src/fips202/native/aarch64/src/keccak_f1600_x1_v84a_aarch64_asm.S
a0cd09a6182401c4d6218f0147e8693357ccc16bd016bdff219449e0ae2f94a4,385151,3,mlk_montgomery_cleanroom/MONT_WORKTREE_af4c5abd/dev/fips202/aarch64/src/keccak_f1600_x4_v8a_v84a_scalar_hybrid_aarch64_asm.S,provenance/montgomery-reduce/source-snapshots/base-worktree-af4c5abd/dev/fips202/aarch64/src/keccak_f1600_x4_v8a_v84a_scalar_hybrid_aarch64_asm.S
a0d7bcfa9ebbd7c7c7dc3c1a23027e6500b1b25abf8c0d8290726589e40fd84f,1347,3,mlk_montgomery_cleanroom/MONT_WORKTREE_af4c5abd/proofs/cbmc/poly_decompress_d4/Makefile,provenance/montgomery-reduce/source-snapshots/base-worktree-af4c5abd/proofs/cbmc/poly_decompress_d4/Makefile
a11629c3372cd8b1ceb7ac6df80b9e1344c63b1df2f55a0d7d1cea2b34ddc12f,2013,33,mlk_montgomery_cleanroom/MONT_WORKTREE_af4c5abd/examples/basic/test_only_rng/notrandombytes.c,provenance/montgomery-reduce/source-snapshots/base-worktree-af4c5abd/examples/basic/test_only_rng/notrandombytes.c
a1443a3f2fc24ee441a7ecff92001ba3e72402bceb6e711de4cb860cc0fee533,586,1,mlk_montgomery_cleanroom/MONT03C_FUNCTIONAL_NONVACUITY_20260726T223037Z/P1_FUNCTIONAL.log,experiments/montgomery-reduce/MONT03-normalized-fqmul-algebra/raw-runs/10-complete-functional-nonvacuity/MONT03C_FUNCTIONAL_NONVACUITY_20260726T223037Z/P1_FUNCTIONAL.log
a1654cf7c65219ffb3e1aaa57f918157e45fc657def87a6ba56672627c245b9c,45330,3,mlk_montgomery_cleanroom/MONT_WORKTREE_af4c5abd/proofs/hol_light/aarch64/proofs/intt_aarch64_asm.ml,provenance/montgomery-reduce/source-snapshots/base-worktree-af4c5abd/proofs/hol_light/aarch64/proofs/intt_aarch64_asm.ml
a16ce390164578975ec29da9b161ac23ca477f6b6b8fc8f5b051bda34e3b01ac,59,33,mlk_montgomery_cleanroom/MONT_WORKTREE_af4c5abd/examples/basic/.gitignore,provenance/montgomery-reduce/source-snapshots/base-worktree-af4c5abd/examples/basic/.gitignore
a17756f307c353f9aa2ab6fc3b00717609426468c6e1fe7707b8d461b0c18855,12351,27,mlk_montgomery_cleanroom/MONT_WORKTREE_af4c5abd/examples/basic/mlkem_native/src/native/aarch64/src/polyvec_basemul_acc_montgomery_cached_k4_aarch64_asm.S,provenance/montgomery-reduce/source-snapshots/base-worktree-af4c5abd/examples/basic/mlkem_native/src/native/aarch64/src/polyvec_basemul_acc_montgomery_cached_k4_aarch64_asm.S
a179c534302db5bb71212e83679a2d6a79f93e0e5406d8416c73be97dfaaee37,21666,3,mlk_montgomery_cleanroom/MONT_WORKTREE_af4c5abd/dev/aarch64_opt/src/poly_reduce_aarch64_asm.S,provenance/montgomery-reduce/source-snapshots/base-worktree-af4c5abd/dev/aarch64_opt/src/poly_reduce_aarch64_asm.S
a17e5e370b3ff348a49c8a7c366be6b0850fb4fc3b6eaa008b6dae5e92ffcaab,45164,3,mlk_montgomery_cleanroom/MONT_WORKTREE_af4c5abd/proofs/cbmc/Makefile.common,provenance/montgomery-reduce/source-snapshots/base-worktree-af4c5abd/proofs/cbmc/Makefile.common
a1825f011d2cf0f961c29cd82c816e026318776db88320d5b754c2c6d62db84c,2235,3,mlk_montgomery_cleanroom/MONT_WORKTREE_af4c5abd/proofs/cbmc/poly_frombytes_native_x86_64/Makefile,provenance/montgomery-reduce/source-snapshots/base-worktree-af4c5abd/proofs/cbmc/poly_frombytes_native_x86_64/Makefile
a1cdc42f1c352fc50c3e8666336e7c68d8a00c62f522ee3cbee08ec994d84d1b,254,3,mlk_montgomery_cleanroom/MONT_WORKTREE_af4c5abd/proofs/cbmc/polyvec_ntt/polyvec_ntt_harness.c,provenance/montgomery-reduce/source-snapshots/base-worktree-af4c5abd/proofs/cbmc/polyvec_ntt/polyvec_ntt_harness.c
a1da5666025805b84c6a37f316a2e3d4659ad68e32b25d3f802699313f0b8776,21897,6,mlk_montgomery_cleanroom/MONT_WORKTREE_af4c5abd/examples/basic/mlkem_native/mlkem_native_config.h,provenance/montgomery-reduce/source-snapshots/base-worktree-af4c5abd/examples/basic/mlkem_native/mlkem_native_config.h
a1ec4d58621032f2e5ab0c444c99bb29ccce1315f4a706b24d819bd3c676e27d,54,1,mlk_montgomery_cleanroom/MONT_WORKTREE_af4c5abd/proofs/cbmc/mont_t2a_p3_single_call_decomposition/.litani_cache_dir,provenance/montgomery-reduce/source-snapshots/base-worktree-af4c5abd/proofs/cbmc/mont_t2a_p3_single_call_decomposition/.litani_cache_dir
a1f30e32636463dbc1cb5355731ab153ff001ad129c6f50b8381d0ece0bdbc1e,1931,3,mlk_montgomery_cleanroom/MONT_WORKTREE_af4c5abd/test/abicheck/aarch64/checks/check_keccak_f1600_x1_scalar_aarch64_asm.c,provenance/montgomery-reduce/source-snapshots/base-worktree-af4c5abd/test/abicheck/aarch64/checks/check_keccak_f1600_x1_scalar_aarch64_asm.c
a212faaa21da82b9c569a8a7b2422d1ec82e23e502b75521ff8b9ab4b76c59e0,44235,1,mlk_montgomery_cleanroom/MONT_T3_WORKTREE_af4c5abd/proofs/cbmc/mont_t3_p1_refinement/gotos/proof0100.goto,provenance/montgomery-reduce/worktree-deltas/MONT03-fqmul-algebra-delta/proofs/cbmc/mont_t3_p1_refinement/gotos/proof0100.goto
a21b30c0db379a73606854d06a3a929cd91a6822a6043999edf241e80c14593a,2099,3,mlk_montgomery_cleanroom/MONT_WORKTREE_af4c5abd/proofs/cbmc/polymat_permute_bitrev_to_custom/Makefile,provenance/montgomery-reduce/source-snapshots/base-worktree-af4c5abd/proofs/cbmc/polymat_permute_bitrev_to_custom/Makefile
a266a0749df278e0ecd85af801b5ca6761b492a6e1ecbc374ffe3115fda42b12,20690,3,mlk_montgomery_cleanroom/MONT_WORKTREE_af4c5abd/proofs/hol_light/x86_64/mlkem/keccak_f1600_x4_avx2_asm.S,provenance/montgomery-reduce/source-snapshots/base-worktree-af4c5abd/proofs/hol_light/x86_64/mlkem/keccak_f1600_x4_avx2_asm.S
a26c2f0f44deb3fa24bdfb8a33294bb9d2eb2bfdcd6bcfd9d5807a2236ec9b4a,5360,3,mlk_montgomery_cleanroom/MONT_WORKTREE_af4c5abd/proofs/hol_light/x86_64/Makefile,provenance/montgomery-reduce/source-snapshots/base-worktree-af4c5abd/proofs/hol_light/x86_64/Makefile
a26e4ad4397208c1b294461bdfcac5e7225597180166504c1a2f11838ed1e4a1,10117,4,mlk_montgomery_cleanroom/MONT01B_R1_M2_M3_20260726T151104Z/M3_SHIFT_BY_15/poly.h.MUTATED,experiments/montgomery-reduce/MONT01-exact-refinement/raw-runs/03-mutation-sensitivity/04-complete-three-mutant-run/MONT01B_R1_M2_M3_20260726T151104Z/M3_SHIFT_BY_15/poly.h.MUTATED
a2828917c9059c8b946d67fda24b174c444df9fec7a56e92959a866d041a66b1,3413,3,mlk_montgomery_cleanroom/MONT_WORKTREE_af4c5abd/examples/basic/main.c,provenance/montgomery-reduce/source-snapshots/base-worktree-af4c5abd/examples/basic/main.c
a2b1718b79c8d0f0c9766acb81deebc1a8da5ea102518aaaa23a2928f050024a,130978,1,mlk_montgomery_cleanroom/MONT_WORKTREE_af4c5abd/proofs/cbmc/mont_t2a_p3_single_call_decomposition/gotos/mont_t2a_p3_single_call_decomposition_harness0100.goto,provenance/montgomery-reduce/source-snapshots/base-worktree-af4c5abd/proofs/cbmc/mont_t2a_p3_single_call_decomposition/gotos/mont_t2a_p3_single_call_decomposition_harness0100.goto
a2f667ac193f132fa5e54d37c64e659e21d9673202811d221be0f83f0935befe,133729,1,mlk_montgomery_cleanroom/MONT_WORKTREE_af4c5abd/proofs/cbmc/mont_t2b_fibre_translation/gotos/mont_t2b_fibre_translation_harness0100.goto,provenance/montgomery-reduce/source-snapshots/base-worktree-af4c5abd/proofs/cbmc/mont_t2b_fibre_translation/gotos/mont_t2b_fibre_translation_harness0100.goto
a2f86d2661c5e49b8a72b62bef93c6b3dae5287b6db8fe297bfcd3f01a29dc18,570,1,mlk_montgomery_cleanroom/MONT_T4_WORKTREE_af4c5abd_20260726T225651Z/proofs/cbmc/mont_t4_p1_p4_roundtrip_zero/logs/slice_global_inits-log.txt,provenance/montgomery-reduce/worktree-deltas/MONT04-poly-tomont-delta/proofs/cbmc/mont_t4_p1_p4_roundtrip_zero/logs/slice_global_inits-log.txt
a3015a57a9a00bd2d23a376d90f5f6915bbe6f540619678b78c2de813f66cc8f,18714,5,mlk_montgomery_cleanroom/MONT01B_MUTATION_PACKAGE_20260726T143223Z/MONT01B_TERMINAL_CAPTURE_20260726T143223Z.txt,experiments/montgomery-reduce/MONT01-exact-refinement/raw-runs/03-mutation-sensitivity/00-initial-package/MONT01B_MUTATION_PACKAGE_20260726T143223Z/MONT01B_TERMINAL_CAPTURE_20260726T143223Z.txt
a30f9a6147c389d35d7159fac33d5a0c46f638f80dc6511ed2175b7d696625a6,542,3,mlk_montgomery_cleanroom/MONT_WORKTREE_af4c5abd/.github/workflows/lint_markdown.yml,provenance/montgomery-reduce/source-snapshots/base-worktree-af4c5abd/.github/workflows/lint_markdown.yml
a32389edf6d2ed30761b1bd7b86cad54bd582bb76f5c1b1dbd9618cfa5617756,7048,3,mlk_montgomery_cleanroom/MONT_WORKTREE_af4c5abd/dev/ppc64le/src/poly_tomont_ppc_asm.S,provenance/montgomery-reduce/source-snapshots/base-worktree-af4c5abd/dev/ppc64le/src/poly_tomont_ppc_asm.S
a331858481df8932734484e58eda7a8c2e13c8f8c4fa526a5a5950592365b728,1351,3,mlk_montgomery_cleanroom/MONT_WORKTREE_af4c5abd/proofs/cbmc/poly_decompress_d11/Makefile,provenance/montgomery-reduce/source-snapshots/base-worktree-af4c5abd/proofs/cbmc/poly_decompress_d11/Makefile
a33a9a640095e434c490e7777c244af9ca473cbba43cf023da878e792424e425,618,6,mlk_montgomery_cleanroom/MONT_WORKTREE_af4c5abd/examples/multilevel_build/mlkem_native_all.h,provenance/montgomery-reduce/source-snapshots/base-worktree-af4c5abd/examples/multilevel_build/mlkem_native_all.h
a33e5db5298f4ffc842a7278d001feab3334c41bc4b84ac2158708d7ef5bd2c2,62,1,mlk_montgomery_cleanroom/MONT02A_FULL_T2_FUNCTIONAL_20260726T194555Z/BACKENDS/P3_REFINE_ARITH.summary,experiments/montgomery-reduce/MONT02-relational-low-word-laws/raw-runs/07-solver-backend-probes/MONT02A_FULL_T2_FUNCTIONAL_20260726T194555Z/BACKENDS/P3_REFINE_ARITH.summary
a3591bcb122df2ebf4b1e680ac9758d77f57a4b3745c2032e17f54122d896760,381,1,mlk_montgomery_cleanroom/MONT_T3_WORKTREE_af4c5abd/proofs/cbmc/mont_t3_p4_montgomery_one/logs/unwind_loops-log.txt,provenance/montgomery-reduce/worktree-deltas/MONT03-fqmul-algebra-delta/proofs/cbmc/mont_t3_p4_montgomery_one/logs/unwind_loops-log.txt
a367397c100a7bb99923b3e7e60c6a0d31c11ff404a0f2d2fd5594b945ea1e4e,134090,1,mlk_montgomery_cleanroom/MONT_WORKTREE_af4c5abd/proofs/cbmc/mont_t2a_arbitrary_pair/gotos/mont_t2a_arbitrary_pair_harness0100.goto,provenance/montgomery-reduce/source-snapshots/base-worktree-af4c5abd/proofs/cbmc/mont_t2a_arbitrary_pair/gotos/mont_t2a_arbitrary_pair_harness0100.goto
a385b88b6ba73d28d4f89b54875cf6a51a5aabb100b9ad6026de7b6b1c713bf7,522,3,mlk_montgomery_cleanroom/MONT_WORKTREE_af4c5abd/proofs/cbmc/poly_compress_d11_native_x86_64/poly_compress_d11_native_x86_64_harness.c,provenance/montgomery-reduce/source-snapshots/base-worktree-af4c5abd/proofs/cbmc/poly_compress_d11_native_x86_64/poly_compress_d11_native_x86_64_harness.c
a3d9a7c3df2cb7449b813fb5ab3846c2d10251d0c13d8dd0daa057e975044993,175979,1,mlk_montgomery_cleanroom/MONT_T3_WORKTREE_af4c5abd/proofs/cbmc/mont_t3_p6_associativity/gotos/mont_t3_p6_associativity_harness0700.goto,provenance/montgomery-reduce/worktree-deltas/MONT03-fqmul-algebra-delta/proofs/cbmc/mont_t3_p6_associativity/gotos/mont_t3_p6_associativity_harness0700.goto
a40dbac02d68e190db7aafdc5849cd561cd6e7db47b35879a0730b35b14e2619,120626,1,mlk_montgomery_cleanroom/MONT_WORKTREE_af4c5abd/proofs/cbmc/mont_t2a_p3_witness_PN/gotos/project0200.goto,provenance/montgomery-reduce/source-snapshots/base-worktree-af4c5abd/proofs/cbmc/mont_t2a_p3_witness_PN/gotos/project0200.goto
a423735d7056d251b1110b2b5716bba8257a97626e0802f42be61d113bb06f50,135224,1,mlk_montgomery_cleanroom/MONT_WORKTREE_af4c5abd/proofs/cbmc/mont_t2a_p3_witness_NN/gotos/mont_t2a_p3_witness_NN_harness0500.goto,provenance/montgomery-reduce/source-snapshots/base-worktree-af4c5abd/proofs/cbmc/mont_t2a_p3_witness_NN/gotos/mont_t2a_p3_witness_NN_harness0500.goto
a42eeb11594b01a0c4e47c5d4ed02339c0b9ec367f1e7cbcc3f42b0618d74b6b,458,1,mlk_montgomery_cleanroom/MONT_WORKTREE_af4c5abd/proofs/cbmc/mont_t2_relational_fibre/logs/restrict_function_pointer-log.txt,provenance/montgomery-reduce/source-snapshots/base-worktree-af4c5abd/proofs/cbmc/mont_t2_relational_fibre/logs/restrict_function_pointer-log.txt
a43655b78f5fb1c04ad7a96ab19b90bbcb3ac7ac2bbf2991ced363b3494c4ac4,660,1,mlk_montgomery_cleanroom/MONT04C_R2_H235_SHARDS_20260727T004306Z/MONT04C_R2_TERMINAL_CAPTURE_20260727T004306Z.txt,experiments/montgomery-reduce/MONT04-poly-tomont-roundtrip-locality/raw-runs/05-h235-shards/MONT04C_R2_H235_SHARDS_20260727T004306Z/MONT04C_R2_TERMINAL_CAPTURE_20260727T004306Z.txt
a43ed289b061d47fdd39f8379912132d803f67cacca95feafdd9028b7f20ad6a,242,3,mlk_montgomery_cleanroom/MONT_WORKTREE_af4c5abd/proofs/cbmc/polyvec_tomont/polyvec_tomont_harness.c,provenance/montgomery-reduce/source-snapshots/base-worktree-af4c5abd/proofs/cbmc/polyvec_tomont/polyvec_tomont_harness.c
a466830d2932f858a4a8d2b491c5424498f68367f223da356e3077ee2e8cff36,45638,1,mlk_montgomery_cleanroom/MONT_T3_WORKTREE_af4c5abd/proofs/cbmc/mont_t3_p6_associativity/gotos/proof0100.goto,provenance/montgomery-reduce/worktree-deltas/MONT03-fqmul-algebra-delta/proofs/cbmc/mont_t3_p6_associativity/gotos/proof0100.goto
a4b4786fbe8d9de53e3d7480ff048ba2a2b7c5c5da911a66417050b7396ff7e1,1733,1,mlk_montgomery_cleanroom/MONT03B_HARNESS_FREEZE_20260726T222052Z/P1_BUILD.log,experiments/montgomery-reduce/MONT03-normalized-fqmul-algebra/raw-runs/07-frozen-harness-family/MONT03B_HARNESS_FREEZE_20260726T222052Z/P1_BUILD.log
a4d54c0645b55ed633430f6e90aee901f49a04213541d69d4721b7702bd8bb0a,1342,3,mlk_montgomery_cleanroom/MONT_WORKTREE_af4c5abd/proofs/cbmc/poly_compress_d10/Makefile,provenance/montgomery-reduce/source-snapshots/base-worktree-af4c5abd/proofs/cbmc/poly_compress_d10/Makefile
a4f354a4cdbf3f3859fd03dd0f6c91eaeea1b60f65b8d90aed90e2442af82265,182946,1,mlk_montgomery_cleanroom/MONT_T3_WORKTREE_af4c5abd/proofs/cbmc/mont_t3_p6_associativity/gotos/mont_t3_p6_associativity_harness0600.goto,provenance/montgomery-reduce/worktree-deltas/MONT03-fqmul-algebra-delta/proofs/cbmc/mont_t3_p6_associativity/gotos/mont_t3_p6_associativity_harness0600.goto
a51b7f6ed9944aea2ac55f4eaf4fa9116d6c0648c976b1564e8b7937a16a1165,9576,3,mlk_montgomery_cleanroom/MONT_WORKTREE_af4c5abd/dev/aarch64_clean/src/ntt_aarch64_asm.S,provenance/montgomery-reduce/source-snapshots/base-worktree-af4c5abd/dev/aarch64_clean/src/ntt_aarch64_asm.S
a53c2c79382a50564af84c3ce4cc0432f604b6daa9ea461b24c57835a127dd54,2156,3,mlk_montgomery_cleanroom/MONT_WORKTREE_af4c5abd/proofs/cbmc/polyvec_mulcache_compute/Makefile,provenance/montgomery-reduce/source-snapshots/base-worktree-af4c5abd/proofs/cbmc/polyvec_mulcache_compute/Makefile
a55666564ee3ecf8c8d65a407973114cf15c3d7c7daa5e399ebf2535fc4e148b,3509,3,mlk_montgomery_cleanroom/MONT_WORKTREE_af4c5abd/examples/custom_backend/main.c,provenance/montgomery-reduce/source-snapshots/base-worktree-af4c5abd/examples/custom_backend/main.c
a5a540bd2cd7e35952f5bbceb0559f3b34c3966d3f5a88207a19d2cf9000289c,683,3,mlk_montgomery_cleanroom/MONT_WORKTREE_af4c5abd/.github/actions/setup-yum/action.yml,provenance/montgomery-reduce/source-snapshots/base-worktree-af4c5abd/.github/actions/setup-yum/action.yml
a5afc8218ddec34bfc1752ceb944a92fdbcff3e3c9f9b7ce4eadaf5589d6dd27,468,6,mlk_montgomery_cleanroom/MONT_WORKTREE_af4c5abd/proofs/cbmc/rej_uniform/rej_uniform_harness.c,provenance/montgomery-reduce/source-snapshots/base-worktree-af4c5abd/proofs/cbmc/rej_uniform/rej_uniform_harness.c
a5b54c2340e07d861ee2defc713a23d61d97d92aba268edb9a5c507ae5988a6e,1221,3,mlk_montgomery_cleanroom/MONT_WORKTREE_af4c5abd/proofs/cbmc/poly_tobytes_c/Makefile,provenance/montgomery-reduce/source-snapshots/base-worktree-af4c5abd/proofs/cbmc/poly_tobytes_c/Makefile
a5b6d2c043f55e0221099d8aae9915978e0b2adb7c29f06911efc1b496527014,6445,3,mlk_montgomery_cleanroom/MONT_WORKTREE_af4c5abd/test/zephyr/nucleo_n657x0_q/nucleo_host/openocd_tools.py,provenance/montgomery-reduce/source-snapshots/base-worktree-af4c5abd/test/zephyr/nucleo_n657x0_q/nucleo_host/openocd_tools.py
a5eaed22970ab46cc9882380a3cd046ea2ef638131c10fb89c907aba6288760c,2031,1,mlk_montgomery_cleanroom/MONT_T3_WORKTREE_af4c5abd/proofs/cbmc/mont_t3_p6_associativity/Makefile,provenance/montgomery-reduce/worktree-deltas/MONT03-fqmul-algebra-delta/proofs/cbmc/mont_t3_p6_associativity/Makefile
a659079e5298fc99c408ccada099770832281b37fd7e5959e8908299a440ce05,6535,27,mlk_montgomery_cleanroom/MONT_WORKTREE_af4c5abd/examples/basic/mlkem_native/src/native/aarch64/src/rej_uniform_aarch64_asm.S,provenance/montgomery-reduce/source-snapshots/base-worktree-af4c5abd/examples/basic/mlkem_native/src/native/aarch64/src/rej_uniform_aarch64_asm.S
a6f485e76ffe275579b5a559722409e1e2afbc4c99fcf17f1c7ada3a1bf61c5c,2109,3,mlk_montgomery_cleanroom/MONT_WORKTREE_af4c5abd/test/abicheck/x86_64/checks/check_invntt_avx2_asm.c,provenance/montgomery-reduce/source-snapshots/base-worktree-af4c5abd/test/abicheck/x86_64/checks/check_invntt_avx2_asm.c
a726268a0b1ca111a956237239f537d427d5df35efd5ddb95e6a1720d257b640,490,1,mlk_montgomery_cleanroom/MONT_T3_WORKTREE_af4c5abd/proofs/cbmc/mont_t3_p6_associativity/logs/drop_unused_functions-log.txt,provenance/montgomery-reduce/worktree-deltas/MONT03-fqmul-algebra-delta/proofs/cbmc/mont_t3_p6_associativity/logs/drop_unused_functions-log.txt
a7415a6c23affeeab6855c65bda4a4737a261e6d46d932d8e8f21575b7358d09,450,1,mlk_montgomery_cleanroom/MONT_WORKTREE_af4c5abd/proofs/cbmc/mont_t2a_p3_witness_PP/logs/restrict_function_pointer-log.txt,provenance/montgomery-reduce/source-snapshots/base-worktree-af4c5abd/proofs/cbmc/mont_t2a_p3_witness_PP/logs/restrict_function_pointer-log.txt
a7756eb11fd26eaa8b9fdb0338656f04139722b0d1ab53eb9809ef7b5ade88ae,10515,3,mlk_montgomery_cleanroom/MONT_WORKTREE_af4c5abd/proofs/hol_light/x86_64/proofs/subroutine_signatures.ml,provenance/montgomery-reduce/source-snapshots/base-worktree-af4c5abd/proofs/hol_light/x86_64/proofs/subroutine_signatures.ml
a77b7eef15dd8499d48519f53077c77495a262860d533e8b618fa94e44ad4c9c,866,1,mlk_montgomery_cleanroom/MONT02A_FULL_T2_FUNCTIONAL_20260726T175148Z/A_PROPERTY_LOGS/c899a4bc81cd5f304688.log,experiments/montgomery-reduce/MONT02-relational-low-word-laws/raw-runs/04-sharded-property-run/MONT02A_FULL_T2_FUNCTIONAL_20260726T175148Z/A_PROPERTY_LOGS/c899a4bc81cd5f304688.log
a7a637ace4f247dee826af313165d30f891e575de66c578be4074331f93b4146,4488,1,mlk_montgomery_cleanroom/MONT_T4_WORKTREE_af4c5abd_20260726T225651Z/proofs/cbmc/mont_t4_p1_p4_roundtrip_zero/.ninja_log,provenance/montgomery-reduce/worktree-deltas/MONT04-poly-tomont-delta/proofs/cbmc/mont_t4_p1_p4_roundtrip_zero/.ninja_log
a7da957c7103f1ad824571b9c78de6bc11e3e71171e3c91c95c24ddc47bf6ed7,120655,1,mlk_montgomery_cleanroom/MONT_T3_WORKTREE_af4c5abd/proofs/cbmc/mont_t3_p1_refinement/gotos/project0200.goto,provenance/montgomery-reduce/worktree-deltas/MONT03-fqmul-algebra-delta/proofs/cbmc/mont_t3_p1_refinement/gotos/project0200.goto
a806746d87e63c2895b76075e339308b1eaed30df11d0143f1459dfe4db76a46,22341,3,mlk_montgomery_cleanroom/MONT_WORKTREE_af4c5abd/test/configs/custom_native_capability_config_0.h,provenance/montgomery-reduce/source-snapshots/base-worktree-af4c5abd/test/configs/custom_native_capability_config_0.h
a84a049094659323a0b14a390c26d74e550addc9b6fb62055c144550143dd5bd,30887,2,mlk_montgomery_cleanroom/MONT01A_D2_20260726T141230Z/MONT_T1_AUTHORITATIVE_SNAPSHOT/logs/property.xml,experiments/montgomery-reduce/MONT01-exact-refinement/raw-runs/02-authoritative-proof-and-false-control/MONT01A_D2_20260726T141230Z/MONT_T1_AUTHORITATIVE_SNAPSHOT/logs/property.xml
a84fb89aac1d99a3fa038f598c898e346a5726d75eec4db5ebc4278750fd90b7,2698,3,mlk_montgomery_cleanroom/MONT_WORKTREE_af4c5abd/proofs/hol_light/aarch64/mlkem/poly_tomont_aarch64_asm.S,provenance/montgomery-reduce/source-snapshots/base-worktree-af4c5abd/proofs/hol_light/aarch64/mlkem/poly_tomont_aarch64_asm.S
a884ed671cffc39204b1267db715d6897fa121a4a1c035605abff3f3d16e686c,403,1,mlk_montgomery_cleanroom/MONT_WORKTREE_af4c5abd/proofs/cbmc/mont_t2_relational_fibre/logs/linking-library-models-log.txt,provenance/montgomery-reduce/source-snapshots/base-worktree-af4c5abd/proofs/cbmc/mont_t2_relational_fibre/logs/linking-library-models-log.txt
a8a3649b4f067b6d9e4177d84ae7539a2a1007b27c6822ed8f0c54edc688ad6a,366,1,mlk_montgomery_cleanroom/MONT02A_FULL_T2_FUNCTIONAL_20260726T164826Z/B_BUILD.log,experiments/montgomery-reduce/MONT02-relational-low-word-laws/raw-runs/01-full-functional-build-attempt-1/MONT02A_FULL_T2_FUNCTIONAL_20260726T164826Z/B_BUILD.log
a8a8bc6b50f98ead9e20bfb55ac11114c0515f0225ec68a8a9f370443a38b5ce,32189,27,mlk_montgomery_cleanroom/MONT_WORKTREE_af4c5abd/examples/basic/mlkem_native/src/native/x86_64/src/intt_avx2_asm.S,provenance/montgomery-reduce/source-snapshots/base-worktree-af4c5abd/examples/basic/mlkem_native/src/native/x86_64/src/intt_avx2_asm.S
a8c1c04b45b99e1b592183e8744f3674fada6a09692377b9c46cbc44fa7327ec,2534,3,mlk_montgomery_cleanroom/MONT_WORKTREE_af4c5abd/scripts/check-namespace,provenance/montgomery-reduce/source-snapshots/base-worktree-af4c5abd/scripts/check-namespace
a8c237020400d9bb68adf85daa2eb602b7328a9e9e436a354faad5ac90ec8ed8,520,1,mlk_montgomery_cleanroom/MONT_T3_WORKTREE_af4c5abd/proofs/cbmc/mont_t3_p2_p3_relational/logs/slice_global_inits-log.txt,provenance/montgomery-reduce/worktree-deltas/MONT03-fqmul-algebra-delta/proofs/cbmc/mont_t3_p2_p3_relational/logs/slice_global_inits-log.txt
a8d3a45b5e21477496232430029b6b9393db119624c1755561ba06e023d8408f,11630,3,mlk_montgomery_cleanroom/MONT_WORKTREE_af4c5abd/test/acvp/acvp_client.py,provenance/montgomery-reduce/source-snapshots/base-worktree-af4c5abd/test/acvp/acvp_client.py
a8d4f21585ab9174d95f66f7f6e59da06d5871a331d6c711088bc92e0640794d,171031,2,mlk_montgomery_cleanroom/MONT01A_D2_20260726T141230Z/MONT_T1_AUTHORITATIVE_SNAPSHOT/gotos/mont_t1_exact_refinement_harness0600.goto,experiments/montgomery-reduce/MONT01-exact-refinement/raw-runs/02-authoritative-proof-and-false-control/MONT01A_D2_20260726T141230Z/MONT_T1_AUTHORITATIVE_SNAPSHOT/gotos/mont_t1_exact_refinement_harness0600.goto
a8dce674ab9650a95cf6d1190176dfbced183aecb00488471a18b645c935a080,22241,3,mlk_montgomery_cleanroom/MONT_WORKTREE_af4c5abd/examples/custom_backend/mlkem_native/mlkem_native_config.h,provenance/montgomery-reduce/source-snapshots/base-worktree-af4c5abd/examples/custom_backend/mlkem_native/mlkem_native_config.h
a8df67be09ff703c45186d27b983b88334efb61d73f8e37518dc20e824b1d5e3,95325,1,mlk_montgomery_cleanroom/MONT01B_R1_M2_M3_20260726T144730Z/M3_SHIFT_BY_15/direct-cbmc.log,experiments/montgomery-reduce/MONT01-exact-refinement/raw-runs/03-mutation-sensitivity/01-retry-m3-partial/MONT01B_R1_M2_M3_20260726T144730Z/M3_SHIFT_BY_15/direct-cbmc.log
a8f0ad44e3b9db484a98190405f60c6b7907b10c750a7b6a2912d42e18282fb8,2128,3,mlk_montgomery_cleanroom/MONT_WORKTREE_af4c5abd/proofs/cbmc/keccakf1600_extract_bytes_BE/Makefile,provenance/montgomery-reduce/source-snapshots/base-worktree-af4c5abd/proofs/cbmc/keccakf1600_extract_bytes_BE/Makefile
a8fab99363e2a03f5da8a6d9b1c08d8fc899e799a13b2b3b1ac9738b525b9e26,301,3,mlk_montgomery_cleanroom/MONT_WORKTREE_af4c5abd/proofs/cbmc/keccakf1600_permute_c/keccakf1600_permute_c_harness.c,provenance/montgomery-reduce/source-snapshots/base-worktree-af4c5abd/proofs/cbmc/keccakf1600_permute_c/keccakf1600_permute_c_harness.c
a9039f9c0cba1d3f1d6d14903dbb9b25bd9ca40e8e89306c3596c238c4224fdb,756,3,mlk_montgomery_cleanroom/MONT_WORKTREE_af4c5abd/dev/fips202/aarch64/x1_scalar.h,provenance/montgomery-reduce/source-snapshots/base-worktree-af4c5abd/dev/fips202/aarch64/x1_scalar.h
a92a0df2cc285eeb8e83aa534f6513e9aace56e6c094f6b7524d577c6dbf5b36,88604,1,mlk_montgomery_cleanroom/MONT01B_R1_M2_M3_20260726T151104Z/M2_RECONSTRUCTION_SIGN/direct-cbmc.log,experiments/montgomery-reduce/MONT01-exact-refinement/raw-runs/03-mutation-sensitivity/04-complete-three-mutant-run/MONT01B_R1_M2_M3_20260726T151104Z/M2_RECONSTRUCTION_SIGN/direct-cbmc.log
a92f5c45fcf7e4ec34260d4103d24cbabf98630cee6d5d0f8ecf9aa707de6307,90187,5,mlk_montgomery_cleanroom/MONT01B_R1_M2_M3_20260726T151104Z/M1_QINV_PLUS_ONE_BOUND_EVIDENCE/direct-cbmc.log,experiments/montgomery-reduce/MONT01-exact-refinement/raw-runs/03-mutation-sensitivity/04-complete-three-mutant-run/MONT01B_R1_M2_M3_20260726T151104Z/M1_QINV_PLUS_ONE_BOUND_EVIDENCE/direct-cbmc.log
a9630beda6c1275124933d061a10f49ca35e338a0674eb623d2866c0879821aa,166267,1,mlk_montgomery_cleanroom/MONT_WORKTREE_af4c5abd/proofs/cbmc/montgomery_reduce/gotos/montgomery_reduce_harness0600.goto,provenance/montgomery-reduce/source-snapshots/base-worktree-af4c5abd/proofs/cbmc/montgomery_reduce/gotos/montgomery_reduce_harness0600.goto
a9bc49f7f9052a6565aa385036b719a5b812fe4b73ead0990472543e427a58e0,4038,3,mlk_montgomery_cleanroom/MONT02A_FULL_T2_FUNCTIONAL_20260726T170048Z/B_CBMC.log,experiments/montgomery-reduce/MONT02-relational-low-word-laws/raw-runs/03-full-functional-cbmc-attempt-3/MONT02A_FULL_T2_FUNCTIONAL_20260726T170048Z/B_CBMC.log
a9f112b116590136bafe7b3d54bdcef90e5289583ab037c981501db6bea24b90,2367,3,mlk_montgomery_cleanroom/MONT_WORKTREE_af4c5abd/proofs/cbmc/poly_decompress_d4_native_x86_64/Makefile,provenance/montgomery-reduce/source-snapshots/base-worktree-af4c5abd/proofs/cbmc/poly_decompress_d4_native_x86_64/Makefile
aa143ad606cff4f07884cb0d973152ed87421e4ae29d99646af2e79db856d1f8,2045,3,mlk_montgomery_cleanroom/MONT_WORKTREE_af4c5abd/proofs/cbmc/keccakf1600_permute_c/Makefile,provenance/montgomery-reduce/source-snapshots/base-worktree-af4c5abd/proofs/cbmc/keccakf1600_permute_c/Makefile
aa1e43e4c33707446b22ac2d93516001bd56f76a202d890423603b0f1a3b6ab9,423,1,mlk_montgomery_cleanroom/MONT_WORKTREE_af4c5abd/proofs/cbmc/mont_t2a_p3_single_call_decomposition/logs/unwind_loops-log.txt,provenance/montgomery-reduce/source-snapshots/base-worktree-af4c5abd/proofs/cbmc/mont_t2a_p3_single_call_decomposition/logs/unwind_loops-log.txt
aa3fc38ebaf14281b0dd0f0e9c0c180f00834631ff060173d56b1cfcf75ef952,495,2,mlk_montgomery_cleanroom/MONT02A_FULL_T2_FUNCTIONAL_20260726T192057Z/P3_PN/cbmc.log,experiments/montgomery-reduce/MONT02-relational-low-word-laws/raw-runs/06-p3-sign-partition-complete/MONT02A_FULL_T2_FUNCTIONAL_20260726T192057Z/P3_PN/cbmc.log
aa8b8dbade59f1589cbb144cd6cd28ce2c612c55ec870f17a820ef938af6a72a,45566,1,mlk_montgomery_cleanroom/MONT_T4_WORKTREE_af4c5abd_20260726T225651Z/proofs/cbmc/mont_t4_p1_p4_roundtrip_zero/gotos/proof0100.goto,provenance/montgomery-reduce/worktree-deltas/MONT04-poly-tomont-delta/proofs/cbmc/mont_t4_p1_p4_roundtrip_zero/gotos/proof0100.goto
aabdc10fe72ac722ba923e1b4a75fed8f9369faa303a659d74e550ed3d1e137b,198,2,mlk_montgomery_cleanroom/MONT02A_FULL_T2_FUNCTIONAL_20260726T170048Z/A_BUILD.log.target,experiments/montgomery-reduce/MONT02-relational-low-word-laws/raw-runs/03-full-functional-cbmc-attempt-3/MONT02A_FULL_T2_FUNCTIONAL_20260726T170048Z/A_BUILD.log.target
ab409e7991521c6f26c1e1e6bee8da30f622a27085e0fb0847e38f9144a3a57f,17320,3,mlk_montgomery_cleanroom/MONT_WORKTREE_af4c5abd/dev/fips202/armv81m/src/state_xor_bytes_x4_mve.S,provenance/montgomery-reduce/source-snapshots/base-worktree-af4c5abd/dev/fips202/armv81m/src/state_xor_bytes_x4_mve.S
ab4e8c7a2e17706673eda399a31f899ee6bbf09bacb981102299833c728fdceb,2025,1,mlk_montgomery_cleanroom/MONT_T3_WORKTREE_af4c5abd/proofs/cbmc/mont_t3_p1_refinement/Makefile,provenance/montgomery-reduce/worktree-deltas/MONT03-fqmul-algebra-delta/proofs/cbmc/mont_t3_p1_refinement/Makefile
ab6e3085b34466fc32689ebbe8d30487db37846b6dc8c2ff36e4e8b36b022bf6,291,3,mlk_montgomery_cleanroom/MONT_WORKTREE_af4c5abd/proofs/cbmc/kem_keypair/kem_keypair_harness.c,provenance/montgomery-reduce/source-snapshots/base-worktree-af4c5abd/proofs/cbmc/kem_keypair/kem_keypair_harness.c
ab7e8fc64a480725266bb477f6ca67524ee2692232fbe0c859ed83eded29c554,2350,3,mlk_montgomery_cleanroom/MONT_WORKTREE_af4c5abd/proofs/cbmc/ntt_native_x86_64/Makefile,provenance/montgomery-reduce/source-snapshots/base-worktree-af4c5abd/proofs/cbmc/ntt_native_x86_64/Makefile
abac101cd177190494338bbceb76fa25f41af172df094a3ec79074114ce96e84,404,3,mlk_montgomery_cleanroom/MONT_WORKTREE_af4c5abd/proofs/cbmc/poly_compress_d5_c/poly_compress_d5_c_harness.c,provenance/montgomery-reduce/source-snapshots/base-worktree-af4c5abd/proofs/cbmc/poly_compress_d5_c/poly_compress_d5_c_harness.c
abb9831b710d5ed850984240af5f5cff7596caee01fa93ed622cbe6a880c8408,1541,3,mlk_montgomery_cleanroom/MONT_WORKTREE_af4c5abd/.github/actions/ct-test/action.yml,provenance/montgomery-reduce/source-snapshots/base-worktree-af4c5abd/.github/actions/ct-test/action.yml
abc8351e9131f842635b753092e0aff35e5e395508f9d6bae3e2e25b1a70221f,1126,1,mlk_montgomery_cleanroom/MONT04C_R1_H14_SHARDS_20260726T235819Z/MONT04C_R1_TERMINAL_CAPTURE_20260726T235819Z.txt,experiments/montgomery-reduce/MONT04-poly-tomont-roundtrip-locality/raw-runs/03-h14-shards-attempt/MONT04C_R1_H14_SHARDS_20260726T235819Z/MONT04C_R1_TERMINAL_CAPTURE_20260726T235819Z.txt
abdddabf2838fed139a1747b8d8e82b5aa3d6ca180f5533d8e12f7210aed7f29,5678,3,mlk_montgomery_cleanroom/MONT_WORKTREE_af4c5abd/integration/liboqs/ML-KEM-1024_META.yml,provenance/montgomery-reduce/source-snapshots/base-worktree-af4c5abd/integration/liboqs/ML-KEM-1024_META.yml
abdec34255a17be7ffff05caeece5ae623f84d2a81693f579d0d843a0cbfdc4e,744,3,mlk_montgomery_cleanroom/MONT_WORKTREE_af4c5abd/test/zephyr/app/nucleo_n657x0_q.overlay,provenance/montgomery-reduce/source-snapshots/base-worktree-af4c5abd/test/zephyr/app/nucleo_n657x0_q.overlay
ad7ed45633b7b56cb27d8ca21f8d100315b36a8ee0305d6476025d602bb6e139,794,1,mlk_montgomery_cleanroom/MONT_WORKTREE_af4c5abd/proofs/cbmc/mont_t2a_p3_single_call_decomposition/Makefile,provenance/montgomery-reduce/source-snapshots/base-worktree-af4c5abd/proofs/cbmc/mont_t2a_p3_single_call_decomposition/Makefile
ada445fb2d1648d66f4b6d495067615698f28004d1ecf0b367a8462702b31dd4,164951,4,mlk_montgomery_cleanroom/MONT01A_D2_20260726T141230Z/MONT_T1_FALSE_CONTROL_SNAPSHOT/gotos/mont_t1_false_control_harness.goto,experiments/montgomery-reduce/MONT01-exact-refinement/raw-runs/02-authoritative-proof-and-false-control/MONT01A_D2_20260726T141230Z/MONT_T1_FALSE_CONTROL_SNAPSHOT/gotos/mont_t1_false_control_harness.goto
ada767e0e8b7fbe178a0bebb098a169dba41391759814bafd127673f5e7c6e37,2094,1,mlk_montgomery_cleanroom/MONT00A_SOURCE_NATIVE_ANALYSIS_20260726T133019Z/relevant_files.txt,experiments/montgomery-reduce/00-campaign-context/source-analysis/MONT00A_SOURCE_NATIVE_ANALYSIS_20260726T133019Z/relevant_files.txt
add14c682fc9bbaad04591fdfbc54cdb9ac7d2fd8063fe7f94ae86c7ee0d9fff,130080,1,mlk_montgomery_cleanroom/MONT_T3_WORKTREE_af4c5abd/proofs/cbmc/mont_t3_p1_refinement/gotos/mont_t3_p1_refinement_harness0400.goto,provenance/montgomery-reduce/worktree-deltas/MONT03-fqmul-algebra-delta/proofs/cbmc/mont_t3_p1_refinement/gotos/mont_t3_p1_refinement_harness0400.goto
ae067d3b4331387e974066486f8db9403c55dff34a3f9c770d3d86a25e0c57cd,11446,24,mlk_montgomery_cleanroom/MONT_WORKTREE_af4c5abd/examples/basic/mlkem_native/src/fips202/native/armv81m/src/state_xor_bytes_x4_mve.S,provenance/montgomery-reduce/source-snapshots/base-worktree-af4c5abd/examples/basic/mlkem_native/src/fips202/native/armv81m/src/state_xor_bytes_x4_mve.S
ae1a4992f2aa19b969d1d3a06fc6aff9549629f596662c948e31cc116c075d66,2550,3,mlk_montgomery_cleanroom/MONT_WORKTREE_af4c5abd/proofs/cbmc/polyvec_basemul_acc_montgomery_cached_k4_native_x86_64/Makefile,provenance/montgomery-reduce/source-snapshots/base-worktree-af4c5abd/proofs/cbmc/polyvec_basemul_acc_montgomery_cached_k4_native_x86_64/Makefile
ae6bad13b7a2f499ff878e31f2ca375f5e3782361a41908c41fd8bdd1b44d2f1,2382,3,mlk_montgomery_cleanroom/MONT_WORKTREE_af4c5abd/test/abicheck/x86_64/checks/check_poly_decompress_d4_avx2_asm.c,provenance/montgomery-reduce/source-snapshots/base-worktree-af4c5abd/test/abicheck/x86_64/checks/check_poly_decompress_d4_avx2_asm.c
ae7372a14b0c804f182b6ca050be6494a5503e57acb0ced49487222772fe29c6,332360,5,mlk_montgomery_cleanroom/MONT01B_R1_M2_M3_20260726T151104Z/M1_QINV_PLUS_ONE_BOUND_EVIDENCE/result.xml,experiments/montgomery-reduce/MONT01-exact-refinement/raw-runs/03-mutation-sensitivity/04-complete-three-mutant-run/MONT01B_R1_M2_M3_20260726T151104Z/M1_QINV_PLUS_ONE_BOUND_EVIDENCE/result.xml
ae77631908fc59e4c6fad80d861fbadf920212631394319a04c18bfe14c91764,13552,27,mlk_montgomery_cleanroom/MONT_WORKTREE_af4c5abd/examples/basic/mlkem_native/src/native/x86_64/src/arith_native_x86_64.h,provenance/montgomery-reduce/source-snapshots/base-worktree-af4c5abd/examples/basic/mlkem_native/src/native/x86_64/src/arith_native_x86_64.h
aef1a6c6f54d17ac492fa088167b46053a30152942c1dce5eb9c4c7bd078fb98,54,1,mlk_montgomery_cleanroom/MONT_WORKTREE_af4c5abd/proofs/cbmc/mont_t2a_p3_witness_NN/.litani_cache_dir,provenance/montgomery-reduce/source-snapshots/base-worktree-af4c5abd/proofs/cbmc/mont_t2a_p3_witness_NN/.litani_cache_dir
af16e048da60454ae457d8519adf37c1e1ccf5decb455158d6a829be6a030f20,999,24,mlk_montgomery_cleanroom/MONT_WORKTREE_af4c5abd/examples/basic/mlkem_native/src/fips202/native/aarch64/x4_v8a_v84a_scalar.h,provenance/montgomery-reduce/source-snapshots/base-worktree-af4c5abd/examples/basic/mlkem_native/src/fips202/native/aarch64/x4_v8a_v84a_scalar.h
af1ffc4d999128b466303ae6d00afee4039929ec3cb1a4382f02227737813313,2118,3,mlk_montgomery_cleanroom/MONT_WORKTREE_af4c5abd/proofs/cbmc/keccak_squeeze_once/Makefile,provenance/montgomery-reduce/source-snapshots/base-worktree-af4c5abd/proofs/cbmc/keccak_squeeze_once/Makefile
af28f3cbc4f78f8cb5b07c984e09ec4e20b47eba3e9015b52e00d2be4ba9f4a8,2302,3,mlk_montgomery_cleanroom/MONT_WORKTREE_af4c5abd/test/abicheck/aarch64/checks/check_polyvec_basemul_acc_montgomery_cached_k3_aarch64_asm.c,provenance/montgomery-reduce/source-snapshots/base-worktree-af4c5abd/test/abicheck/aarch64/checks/check_polyvec_basemul_acc_montgomery_cached_k3_aarch64_asm.c
af2f8b2693a3a5cb9d050dc841255b8a23e2d4eea0651a2bbfadef46a66d3062,2175,3,mlk_montgomery_cleanroom/MONT_WORKTREE_af4c5abd/proofs/cbmc/poly_reduce_native/Makefile,provenance/montgomery-reduce/source-snapshots/base-worktree-af4c5abd/proofs/cbmc/poly_reduce_native/Makefile
af38430802d5e5127fcdad262673315986e95e6c0851411c30f0d114214664af,6808,3,mlk_montgomery_cleanroom/MONT_WORKTREE_af4c5abd/dev/aarch64_clean/src/polyvec_basemul_acc_montgomery_cached_k2_aarch64_asm.S,provenance/montgomery-reduce/source-snapshots/base-worktree-af4c5abd/dev/aarch64_clean/src/polyvec_basemul_acc_montgomery_cached_k2_aarch64_asm.S
af61845330ec27afcf2946bf6682924396fb8990cb174109c3bdc773bb0a2554,262,3,mlk_montgomery_cleanroom/MONT_WORKTREE_af4c5abd/proofs/cbmc/scalar_decompress_d5/scalar_decompress_d5_harness.c,provenance/montgomery-reduce/source-snapshots/base-worktree-af4c5abd/proofs/cbmc/scalar_decompress_d5/scalar_decompress_d5_harness.c
af749aaa5ddcb8ab13cfc66bf21c0f6292d0b4919c589b5861d55dbc11ec14c7,1337,3,mlk_montgomery_cleanroom/MONT_WORKTREE_af4c5abd/proofs/cbmc/poly_compress_d4/Makefile,provenance/montgomery-reduce/source-snapshots/base-worktree-af4c5abd/proofs/cbmc/poly_compress_d4/Makefile
afdebffa18bc862a8d3a2907d18efb98eac04b9cb40e439238c3064da4d1c69d,375,3,mlk_montgomery_cleanroom/MONT_WORKTREE_af4c5abd/proofs/cbmc/shake128_absorb_once/shake128_absorb_once_harness.c,provenance/montgomery-reduce/source-snapshots/base-worktree-af4c5abd/proofs/cbmc/shake128_absorb_once/shake128_absorb_once_harness.c
afdfa10bad34e4332667876be69ac06c2c2979fc36a6cf596892fe142d282ba5,40476,1,mlk_montgomery_cleanroom/MONT01A_D1_20260726T135526Z/MONT01A_D1_TERMINAL_CAPTURE_20260726T135526Z.txt,experiments/montgomery-reduce/MONT01-exact-refinement/raw-runs/01-development-repair/MONT01A_D1_20260726T135526Z/MONT01A_D1_TERMINAL_CAPTURE_20260726T135526Z.txt
afe2b968e35cdf15f00a1e1be57a51346e348ef0e21430009c11f9fabfa53284,2056,3,mlk_montgomery_cleanroom/MONT_WORKTREE_af4c5abd/test/zephyr/app/shim.c,provenance/montgomery-reduce/source-snapshots/base-worktree-af4c5abd/test/zephyr/app/shim.c
b03317c7ef33915d22716c496cb1eafcab95fc19acda17b5c728853b9689154f,131474,1,mlk_montgomery_cleanroom/MONT_T3_WORKTREE_af4c5abd/proofs/cbmc/mont_t3_p6_associativity/gotos/mont_t3_p6_associativity_harness0400.goto,provenance/montgomery-reduce/worktree-deltas/MONT03-fqmul-algebra-delta/proofs/cbmc/mont_t3_p6_associativity/gotos/mont_t3_p6_associativity_harness0400.goto
b03b722e44d3b6bf18cb4dd82c5166c074a29ed0f54c9c90eacb8e80f376093a,320,4,mlk_montgomery_cleanroom/MONT03B_HARNESS_FREEZE_20260726T222052Z/NATIVE_fqmul_harness.c,experiments/montgomery-reduce/MONT03-normalized-fqmul-algebra/raw-runs/07-frozen-harness-family/MONT03B_HARNESS_FREEZE_20260726T222052Z/NATIVE_fqmul_harness.c
b03c1aec13c8d79e9428d16345862537c4aa5d501cce4a2407255f9ef229e71f,559,1,mlk_montgomery_cleanroom/MONT04C_R1_H14_SHARDS_20260727T000108Z/T4_P1_SHARD.log,experiments/montgomery-reduce/MONT04-poly-tomont-roundtrip-locality/raw-runs/04-h14-p1-shard-run/MONT04C_R1_H14_SHARDS_20260727T000108Z/T4_P1_SHARD.log
b051f30935145c34d2a1e30722be5da0a2a587d7c8dac97188747afed66a416a,199,1,mlk_montgomery_cleanroom/MONT01B_R1_M2_M3_20260726T150200Z/MONT01B_R1_TERMINAL_CAPTURE_20260726T150200Z.txt.sha256,experiments/montgomery-reduce/MONT01-exact-refinement/raw-runs/03-mutation-sensitivity/02-retry-m3-partial/MONT01B_R1_M2_M3_20260726T150200Z/MONT01B_R1_TERMINAL_CAPTURE_20260726T150200Z.txt.sha256
b064da266ec575af8c6bd42c6a2d06304968452d476fed210d964071c521434c,30492,3,mlk_montgomery_cleanroom/MONT_WORKTREE_af4c5abd/dev/fips202/x86_64/src/keccak_f1600_x4_avx2_asm.S,provenance/montgomery-reduce/source-snapshots/base-worktree-af4c5abd/dev/fips202/x86_64/src/keccak_f1600_x4_avx2_asm.S
b0957e8e6ed1c3da95aacea2701154276b51535a5b7406b0ab952846e1f6a2ef,204,1,mlk_montgomery_cleanroom/MONT01B_MUTATION_PACKAGE_20260726T143223Z/MONT01B_TERMINAL_CAPTURE_20260726T143223Z.txt.sha256,experiments/montgomery-reduce/MONT01-exact-refinement/raw-runs/03-mutation-sensitivity/00-initial-package/MONT01B_MUTATION_PACKAGE_20260726T143223Z/MONT01B_TERMINAL_CAPTURE_20260726T143223Z.txt.sha256
b0c79a0ff9db62c85406f65deac9f45733585e9c5008d1850317c01d5a23d296,164025,1,mlk_montgomery_cleanroom/MONT01B_R1_M2_M3_20260726T150200Z/M3_SHIFT_BY_15/mont_t1_exact_refinement_harness.goto,experiments/montgomery-reduce/MONT01-exact-refinement/raw-runs/03-mutation-sensitivity/02-retry-m3-partial/MONT01B_R1_M2_M3_20260726T150200Z/M3_SHIFT_BY_15/mont_t1_exact_refinement_harness.goto
b0ed3944a0b39a48e9879a0db5be5fddf994c93a98d125a8119d7beece4e77bb,13662,3,mlk_montgomery_cleanroom/MONT_WORKTREE_af4c5abd/test/bench/bench_components_mlkem.c,provenance/montgomery-reduce/source-snapshots/base-worktree-af4c5abd/test/bench/bench_components_mlkem.c
b11c1e006420aede5e0d9a00455b74969296227d667d9cacefedc049254d7d79,12019,1,mlk_montgomery_cleanroom/MONT_WORKTREE_af4c5abd/proofs/cbmc/montgomery_reduce/logs/property.xml,provenance/montgomery-reduce/source-snapshots/base-worktree-af4c5abd/proofs/cbmc/montgomery_reduce/logs/property.xml
b11eb567319f4587498bccf8225e669de39961762b2da082cf5def6760bd787c,1806,3,mlk_montgomery_cleanroom/MONT_WORKTREE_af4c5abd/test/abicheck/ppc64le/abicheck_ppc64le.h,provenance/montgomery-reduce/source-snapshots/base-worktree-af4c5abd/test/abicheck/ppc64le/abicheck_ppc64le.h
b1449296f00603ecefd47245fae88fcb43e79219026a0c7832bc92d739858234,579,3,mlk_montgomery_cleanroom/MONT_WORKTREE_af4c5abd/integration/pavona/add_context.patch,provenance/montgomery-reduce/source-snapshots/base-worktree-af4c5abd/integration/pavona/add_context.patch
b15b33db4bc3f81da791fc11928780a0491b8939ea807d7636ad08f7cc656bf8,453,3,mlk_montgomery_cleanroom/MONT_WORKTREE_af4c5abd/.github/workflows/integration-awslc-main.yml,provenance/montgomery-reduce/source-snapshots/base-worktree-af4c5abd/.github/workflows/integration-awslc-main.yml
b167b9a5bcbe3274df4e9da8c20f7dc773f39a6a05ae6dd908a873b576af8392,2811,3,mlk_montgomery_cleanroom/MONT_WORKTREE_af4c5abd/proofs/cbmc/indcpa_enc/Makefile,provenance/montgomery-reduce/source-snapshots/base-worktree-af4c5abd/proofs/cbmc/indcpa_enc/Makefile
b1a4f92a93dc16642469674d8caca58da0419cfcf19c8ee88faaa830069b661f,2303,3,mlk_montgomery_cleanroom/MONT_WORKTREE_af4c5abd/test/abicheck/aarch64/checks/check_poly_mulcache_compute_aarch64_asm.c,provenance/montgomery-reduce/source-snapshots/base-worktree-af4c5abd/test/abicheck/aarch64/checks/check_poly_mulcache_compute_aarch64_asm.c
b1a66b5605f3197976b9e86336f15889411fd8568622c975665ea474d1c5608b,1745,1,mlk_montgomery_cleanroom/MONT03B_HARNESS_FREEZE_20260726T222052Z/P23_BUILD.log,experiments/montgomery-reduce/MONT03-normalized-fqmul-algebra/raw-runs/07-frozen-harness-family/MONT03B_HARNESS_FREEZE_20260726T222052Z/P23_BUILD.log
b1b6627c615ae6115b35338a73c4a9e961ef92f26581db0541d634c8f6dca4c6,254,3,mlk_montgomery_cleanroom/MONT_WORKTREE_af4c5abd/proofs/cbmc/ct_get_optblocker_u8/ct_get_optblocker_u8_harness.c,provenance/montgomery-reduce/source-snapshots/base-worktree-af4c5abd/proofs/cbmc/ct_get_optblocker_u8/ct_get_optblocker_u8_harness.c
b1cdb183bbe2f51605fe1a9aebea5e78f8171c4e4cb7c3f11ca7bc6a93330e4b,657,3,mlk_montgomery_cleanroom/MONT_WORKTREE_af4c5abd/.github/actions/setup-brew/action.yml,provenance/montgomery-reduce/source-snapshots/base-worktree-af4c5abd/.github/actions/setup-brew/action.yml
b1fe22ba71a98812cb04b9c2c9e20d49245904ff881b74cb33b6263cf5dc2d30,2141,3,mlk_montgomery_cleanroom/MONT_WORKTREE_af4c5abd/proofs/cbmc/poly_ntt_native/Makefile,provenance/montgomery-reduce/source-snapshots/base-worktree-af4c5abd/proofs/cbmc/poly_ntt_native/Makefile
b23afa7f67330d8451592518f8727e8d83bcb2ca996ad218ecfb0178461e3ba0,212,1,mlk_montgomery_cleanroom/MONT02A_FULL_T2_FUNCTIONAL_20260726T194555Z/MONT02A_R3_SOLVER_RACE_CAPTURE_20260726T194555Z.txt.sha256,experiments/montgomery-reduce/MONT02-relational-low-word-laws/raw-runs/07-solver-backend-probes/MONT02A_FULL_T2_FUNCTIONAL_20260726T194555Z/MONT02A_R3_SOLVER_RACE_CAPTURE_20260726T194555Z.txt.sha256
b28356fcd3a4fb74aa309a1aacbef04f0f8f91f618fc8c1b43911805d8911889,6476,1,mlk_montgomery_cleanroom/MONT02A_FULL_T2_FUNCTIONAL_20260726T192057Z/P3_PP/properties.txt,experiments/montgomery-reduce/MONT02-relational-low-word-laws/raw-runs/06-p3-sign-partition-complete/MONT02A_FULL_T2_FUNCTIONAL_20260726T192057Z/P3_PP/properties.txt
b28457e7a5b9d1236b7c97d0aa3159db7034dc8687a2c4c2ce4fe011d61432dd,154760,2,mlk_montgomery_cleanroom/MONT_WORKTREE_af4c5abd/proofs/cbmc/mont_t2a_p3_witness_PN/gotos/mont_t2a_p3_witness_PN_harness.goto,provenance/montgomery-reduce/source-snapshots/base-worktree-af4c5abd/proofs/cbmc/mont_t2a_p3_witness_PN/gotos/mont_t2a_p3_witness_PN_harness.goto
b2903903f86ce058f60530dc41b93295cd26ad288e52de0e6a395ca78174891a,1287,1,mlk_montgomery_cleanroom/MONT01B_MUTATION_PACKAGE_20260726T143223Z/MONT01B_MUTATION_REGISTRY.md,experiments/montgomery-reduce/MONT01-exact-refinement/raw-runs/03-mutation-sensitivity/00-initial-package/MONT01B_MUTATION_PACKAGE_20260726T143223Z/MONT01B_MUTATION_REGISTRY.md
b2f51c17a5e64343e72be775b49b4337a947dd1a5386c54edcb9a6fa88689cf0,133771,1,mlk_montgomery_cleanroom/MONT_T3_WORKTREE_af4c5abd/proofs/cbmc/mont_t3_p5_distributivity/gotos/mont_t3_p5_distributivity_harness0100.goto,provenance/montgomery-reduce/worktree-deltas/MONT03-fqmul-algebra-delta/proofs/cbmc/mont_t3_p5_distributivity/gotos/mont_t3_p5_distributivity_harness0100.goto
b30aa2f1ca0f48f8fd7e9b0698e06b0d5b245a6a07ba5266cc49ca2dd77e436e,54,1,mlk_montgomery_cleanroom/MONT_WORKTREE_af4c5abd/proofs/cbmc/mont_t2a_arbitrary_pair/.litani_cache_dir,provenance/montgomery-reduce/source-snapshots/base-worktree-af4c5abd/proofs/cbmc/mont_t2a_arbitrary_pair/.litani_cache_dir
b316f5489d1d1dc4c352b40352954cbdb7975aea86a4721fb712dfb0954bfec2,1676,3,mlk_montgomery_cleanroom/MONT_WORKTREE_af4c5abd/test/abicheck/aarch64/checks/check_poly_reduce_aarch64_asm.c,provenance/montgomery-reduce/source-snapshots/base-worktree-af4c5abd/test/abicheck/aarch64/checks/check_poly_reduce_aarch64_asm.c
b340a67f20c4b12770dfbf0d440dac30401c54b92e4a7718c2bf557afe76f154,390,3,mlk_montgomery_cleanroom/MONT_WORKTREE_af4c5abd/proofs/cbmc/poly_frombytes_c/poly_frombytes_c_harness.c,provenance/montgomery-reduce/source-snapshots/base-worktree-af4c5abd/proofs/cbmc/poly_frombytes_c/poly_frombytes_c_harness.c
b34a750fd37e6d2714268ca81c426b2f0f38081ebb8c95db9a97db2ec1bb0ab8,540,1,mlk_montgomery_cleanroom/MONT_T4_WORKTREE_af4c5abd_20260726T225651Z/proofs/cbmc/mont_t4_p1_p4_roundtrip_zero/logs/drop_unused_functions-log.txt,provenance/montgomery-reduce/worktree-deltas/MONT04-poly-tomont-delta/proofs/cbmc/mont_t4_p1_p4_roundtrip_zero/logs/drop_unused_functions-log.txt
b36d18acf342c984b2c9e1edb03c5a9c8c6adb227bdc535d4d31b4df3747569b,10123,5,mlk_montgomery_cleanroom/MONT01B_R1_M2_M3_20260726T151104Z/M1_QINV_PLUS_ONE_BOUND_EVIDENCE/poly.h.MUTATED,experiments/montgomery-reduce/MONT01-exact-refinement/raw-runs/03-mutation-sensitivity/04-complete-three-mutant-run/MONT01B_R1_M2_M3_20260726T151104Z/M1_QINV_PLUS_ONE_BOUND_EVIDENCE/poly.h.MUTATED
b36e7014b49d2a66310b216ee9a095a5537fc326d87a9975c50070835439babb,2083,3,mlk_montgomery_cleanroom/MONT_WORKTREE_af4c5abd/test/abicheck/ppc64le/abicheck_ppc64le.c,provenance/montgomery-reduce/source-snapshots/base-worktree-af4c5abd/test/abicheck/ppc64le/abicheck_ppc64le.c
b373a96df6e6448a99bc68eb840846f096e69d55040911b3858e2d40cbfda32d,174020,1,mlk_montgomery_cleanroom/MONT_T3_WORKTREE_af4c5abd/proofs/cbmc/mont_t3_p2_p3_relational/gotos/mont_t3_p2_p3_relational_harness0700.goto,provenance/montgomery-reduce/worktree-deltas/MONT03-fqmul-algebra-delta/proofs/cbmc/mont_t3_p2_p3_relational/gotos/mont_t3_p2_p3_relational_harness0700.goto
b37b0631402783aee2fc41221be6b4fff14076707e5a677075e62320bc4975f6,694,1,mlk_montgomery_cleanroom/MONT02A_FULL_T2_FUNCTIONAL_20260726T175148Z/A_PROPERTY_IDS.txt,experiments/montgomery-reduce/MONT02-relational-low-word-laws/raw-runs/04-sharded-property-run/MONT02A_FULL_T2_FUNCTIONAL_20260726T175148Z/A_PROPERTY_IDS.txt
b39eeeb508d4a96bbd7c4831966740f72ec2bd4365801f6170f19fedefa0eb39,484,1,mlk_montgomery_cleanroom/MONT_WORKTREE_af4c5abd/proofs/cbmc/mont_t2_relational_fibre/logs/drop_unused_functions-log.txt,provenance/montgomery-reduce/source-snapshots/base-worktree-af4c5abd/proofs/cbmc/mont_t2_relational_fibre/logs/drop_unused_functions-log.txt
b3a46147965dbce7adc55be889d17c6f672c6d468aafb152010bf7e73264ad60,593,6,mlk_montgomery_cleanroom/MONT_WORKTREE_af4c5abd/proofs/cbmc/polyvec_basemul_acc_montgomery_cached_k2_native_aarch64/polyvec_basemul_acc_montgomery_cached_k2_native_aarch64_harness.c,provenance/montgomery-reduce/source-snapshots/base-worktree-af4c5abd/proofs/cbmc/polyvec_basemul_acc_montgomery_cached_k2_native_aarch64/polyvec_basemul_acc_montgomery_cached_k2_native_aarch64_harness.c
b3b17dcdc5f003a1597490b5d29c17fe777a2e7e456e3a06f8bc7bf53a99f075,2108,3,mlk_montgomery_cleanroom/MONT_WORKTREE_af4c5abd/.github/workflows/bench_ec2_any.yml,provenance/montgomery-reduce/source-snapshots/base-worktree-af4c5abd/.github/workflows/bench_ec2_any.yml
b3de1f7602b10c6033eee8b235138190ed09df917ec9326c2b38ce1083c541ce,13814,36,mlk_montgomery_cleanroom/MONT_WORKTREE_af4c5abd/examples/basic/mlkem_native/src/kem.c,provenance/montgomery-reduce/source-snapshots/base-worktree-af4c5abd/examples/basic/mlkem_native/src/kem.c
b41042e11fb524b0ae26365acb383d73e99ba0e163123c8bae120cf9e4800426,14865,3,mlk_montgomery_cleanroom/MONT_WORKTREE_af4c5abd/dev/fips202/armv81m/src/state_extract_bytes_x4_mve.S,provenance/montgomery-reduce/source-snapshots/base-worktree-af4c5abd/dev/fips202/armv81m/src/state_extract_bytes_x4_mve.S
b41e2d59505b0079474a657b1f6b1954806f89876044ec0aeaa1ffd0c8a5b5f5,202,1,mlk_montgomery_cleanroom/MONT03A_T3_PARALLEL_20260726T155405Z/MONT03A_T3_TERMINAL_CAPTURE_20260726T155405Z.txt.sha256,experiments/montgomery-reduce/MONT03-normalized-fqmul-algebra/raw-runs/02-parallel-build-attempt/MONT03A_T3_PARALLEL_20260726T155405Z/MONT03A_T3_TERMINAL_CAPTURE_20260726T155405Z.txt.sha256
b424978a810b4389c4997a0e14cdb4b36e52adc70a5eda492d4fe59650b411c3,120625,2,mlk_montgomery_cleanroom/MONT01A_D2_20260726T141230Z/MONT_T1_FALSE_CONTROL_SNAPSHOT/gotos/project0200.goto,experiments/montgomery-reduce/MONT01-exact-refinement/raw-runs/02-authoritative-proof-and-false-control/MONT01A_D2_20260726T141230Z/MONT_T1_FALSE_CONTROL_SNAPSHOT/gotos/project0200.goto
b42a1a606cb7023d23e549a479dc6765ba0fbe6b515f19fcdb2846c4761ecce8,728,1,mlk_montgomery_cleanroom/MONT_T3_WORKTREE_af4c5abd/proofs/cbmc/mont_t3_p4_montgomery_one/mont_t3_p4_montgomery_one_harness.c,provenance/montgomery-reduce/worktree-deltas/MONT03-fqmul-algebra-delta/proofs/cbmc/mont_t3_p4_montgomery_one/mont_t3_p4_montgomery_one_harness.c
b42f535b130922f4ba8e891d0c1fae2322cc1652d3d2522a9a853ca8fa5f99d8,134933,2,mlk_montgomery_cleanroom/MONT01A_D2_20260726T141230Z/MONT_T1_AUTHORITATIVE_SNAPSHOT/gotos/mont_t1_exact_refinement_harness0500.goto,experiments/montgomery-reduce/MONT01-exact-refinement/raw-runs/02-authoritative-proof-and-false-control/MONT01A_D2_20260726T141230Z/MONT_T1_AUTHORITATIVE_SNAPSHOT/gotos/mont_t1_exact_refinement_harness0500.goto
b48d60e228d9330fd7eb6ed5d392f1c5412337b4bde168cc529af4fcf845399e,4143,1,mlk_montgomery_cleanroom/MONT_WORKTREE_af4c5abd/proofs/cbmc/mont_t2a_arbitrary_pair/.ninja_log,provenance/montgomery-reduce/source-snapshots/base-worktree-af4c5abd/proofs/cbmc/mont_t2a_arbitrary_pair/.ninja_log
b491ab41a7945f5dcbe34bfdbecaf5c5a9ce9ffb9916b8f825c1aa25946faf58,476,1,mlk_montgomery_cleanroom/MONT_WORKTREE_af4c5abd/proofs/cbmc/mont_t2a_p3_witness_PP/logs/drop_unused_functions-log.txt,provenance/montgomery-reduce/source-snapshots/base-worktree-af4c5abd/proofs/cbmc/mont_t2a_p3_witness_PP/logs/drop_unused_functions-log.txt
b4ce17057839b7e4e76e5c517c2a6638a483dca4c08379c37e5f3c7c88d10ef9,4669,3,mlk_montgomery_cleanroom/MONT_WORKTREE_af4c5abd/dev/x86_64/src/poly_compress_d11_avx2_asm.S,provenance/montgomery-reduce/source-snapshots/base-worktree-af4c5abd/dev/x86_64/src/poly_compress_d11_avx2_asm.S
b512ea40ea52efefaa6f16f7ea15bdc288d52c474bf58c73852f63903755276a,135,3,mlk_montgomery_cleanroom/MONT_WORKTREE_af4c5abd/CODEOWNERS,provenance/montgomery-reduce/source-snapshots/base-worktree-af4c5abd/CODEOWNERS
b55ffd57a6683f7c186538a098a4cf4487c6e7894f586a79a92acecd043ccef8,611,3,mlk_montgomery_cleanroom/MONT_WORKTREE_af4c5abd/.github/ISSUE_TEMPLATE/feature_request.md,provenance/montgomery-reduce/source-snapshots/base-worktree-af4c5abd/.github/ISSUE_TEMPLATE/feature_request.md
b58e9ce14244f053684098b33868715946dca42e611a19efd1dc550f29788c11,753,1,mlk_montgomery_cleanroom/MONT_WORKTREE_af4c5abd/proofs/cbmc/mont_t2b_fibre_translation/Makefile,provenance/montgomery-reduce/source-snapshots/base-worktree-af4c5abd/proofs/cbmc/mont_t2b_fibre_translation/Makefile
b58fcfb14392ce97497a53779c4a20f0a8cc21711aafb2706e915480eec236c1,365,1,mlk_montgomery_cleanroom/MONT03C_FUNCTIONAL_NONVACUITY_20260726T223037Z/MONT03B_SEMANTIC_REATTESTATION.env,experiments/montgomery-reduce/MONT03-normalized-fqmul-algebra/raw-runs/10-complete-functional-nonvacuity/MONT03C_FUNCTIONAL_NONVACUITY_20260726T223037Z/MONT03B_SEMANTIC_REATTESTATION.env
b5b9d7721cefc0016f52aae138ae629b124733f958cf89e3683ddd6ff0f47a63,1676,3,mlk_montgomery_cleanroom/MONT_WORKTREE_af4c5abd/test/abicheck/aarch64/checks/check_poly_tomont_aarch64_asm.c,provenance/montgomery-reduce/source-snapshots/base-worktree-af4c5abd/test/abicheck/aarch64/checks/check_poly_tomont_aarch64_asm.c
b5ddd39d8ca92daefc6942ac5ff921b45abe1f8e9c422d150215ecae2bb17b7b,7293,1,mlk_montgomery_cleanroom/MONT00B_MONT01A_20260726T134739Z/MONT00B_MONT01A_FILE_MANIFEST.sha256,experiments/montgomery-reduce/MONT01-exact-refinement/raw-runs/00-theorem-freeze-and-initial-proof/MONT00B_MONT01A_20260726T134739Z/MONT00B_MONT01A_FILE_MANIFEST.sha256
b6185a71e686a674b2bf57f57b1dceb1d4d2876f4da7ea7010d27fcca5533d6d,2786,3,mlk_montgomery_cleanroom/MONT_WORKTREE_af4c5abd/examples/custom_backend/Makefile,provenance/montgomery-reduce/source-snapshots/base-worktree-af4c5abd/examples/custom_backend/Makefile
b61960917c2d14087078cab7127e3779ca0ccced0c6a39b8784223f1c2ad7428,205,1,mlk_montgomery_cleanroom/MONT04C_R2_H235_SHARDS_20260727T004306Z/MONT04C_R2_TERMINAL_CAPTURE_20260727T004306Z.txt.sha256,experiments/montgomery-reduce/MONT04-poly-tomont-roundtrip-locality/raw-runs/05-h235-shards/MONT04C_R2_H235_SHARDS_20260727T004306Z/MONT04C_R2_TERMINAL_CAPTURE_20260727T004306Z.txt.sha256
b622bb7ca8bd348c8781bb0b29ec89b12c290a6fe2f5b3376d84dda285a39f9b,736,3,mlk_montgomery_cleanroom/MONT_WORKTREE_af4c5abd/integration/liboqs/fips202x4_glue.h,provenance/montgomery-reduce/source-snapshots/base-worktree-af4c5abd/integration/liboqs/fips202x4_glue.h
b63d2c34e4395de62e71484d6e46462c028962750afbbd2cd1f2dd12420e7144,1692,1,mlk_montgomery_cleanroom/MONT_WORKTREE_af4c5abd/proofs/cbmc/mont_t2a_arbitrary_pair/mont_t2a_arbitrary_pair_harness.c,provenance/montgomery-reduce/source-snapshots/base-worktree-af4c5abd/proofs/cbmc/mont_t2a_arbitrary_pair/mont_t2a_arbitrary_pair_harness.c
b6bf589caff09c029fff99d1e7199e0592846a935bf33c29945683e6402b798a,133306,1,mlk_montgomery_cleanroom/MONT00B_MONT01A_20260726T134739Z/MONT_T1_PROOF_SNAPSHOT/gotos/mont_t1_exact_refinement_harness0400.goto,experiments/montgomery-reduce/MONT01-exact-refinement/raw-runs/00-theorem-freeze-and-initial-proof/MONT00B_MONT01A_20260726T134739Z/MONT_T1_PROOF_SNAPSHOT/gotos/mont_t1_exact_refinement_harness0400.goto
b6c6ef527d9c1a4abfc1b4849fc286855994ac59e3cb8689d727868f0d34a21d,2017,3,mlk_montgomery_cleanroom/MONT_WORKTREE_af4c5abd/proofs/cbmc/matvec_mul/Makefile,provenance/montgomery-reduce/source-snapshots/base-worktree-af4c5abd/proofs/cbmc/matvec_mul/Makefile
b6c86a7a16f4b82473bef4d5ad713660d063e14794b7e29e6ecd9f830d14a53c,120627,1,mlk_montgomery_cleanroom/MONT_WORKTREE_af4c5abd/proofs/cbmc/mont_t2a_arbitrary_pair/gotos/project0200.goto,provenance/montgomery-reduce/source-snapshots/base-worktree-af4c5abd/proofs/cbmc/mont_t2a_arbitrary_pair/gotos/project0200.goto
b6dcaa7b508d321c575935c2da7502a8a936f65243a4bbd68d34bd4604eeb5a1,860,1,mlk_montgomery_cleanroom/MONT02A_FULL_T2_FUNCTIONAL_20260726T175148Z/A_PROPERTY_LOGS/3f2cf17cd76da7a47fc8.log,experiments/montgomery-reduce/MONT02-relational-low-word-laws/raw-runs/04-sharded-property-run/MONT02A_FULL_T2_FUNCTIONAL_20260726T175148Z/A_PROPERTY_LOGS/3f2cf17cd76da7a47fc8.log
b7308b590b9d7bd57e9b6b37cbd5e0d1c2a6174926cefff72bbf4f90045cfd2b,674,33,mlk_montgomery_cleanroom/MONT_WORKTREE_af4c5abd/examples/basic/test_only_rng/notrandombytes.h,provenance/montgomery-reduce/source-snapshots/base-worktree-af4c5abd/examples/basic/test_only_rng/notrandombytes.h
b74029aef97be4c562a419370d8adc48e8e029363657d1ca08f527dd88cd1755,2489,3,mlk_montgomery_cleanroom/MONT_WORKTREE_af4c5abd/test/abicheck/armv81m/checks/check_keccak_f1600_x4_mve_asm.c,provenance/montgomery-reduce/source-snapshots/base-worktree-af4c5abd/test/abicheck/armv81m/checks/check_keccak_f1600_x4_mve_asm.c
b782dba5a45d298a90e90f419f3b95e750562c9d4a5ab1c6094960316c05dc28,289,3,mlk_montgomery_cleanroom/MONT_WORKTREE_af4c5abd/proofs/cbmc/poly_reduce_native/poly_reduce_native_harness.c,provenance/montgomery-reduce/source-snapshots/base-worktree-af4c5abd/proofs/cbmc/poly_reduce_native/poly_reduce_native_harness.c
b787ba32e9ac1078ed8d149ad289007b08abd73d9262b1e1e42805716df9d16f,133884,1,mlk_montgomery_cleanroom/MONT_WORKTREE_af4c5abd/proofs/cbmc/mont_t2a_arbitrary_pair/gotos/mont_t2a_arbitrary_pair_harness0500.goto,provenance/montgomery-reduce/source-snapshots/base-worktree-af4c5abd/proofs/cbmc/mont_t2a_arbitrary_pair/gotos/mont_t2a_arbitrary_pair_harness0500.goto
b78a35672cadbdcd0673f388dac829139988f1db134c499ef085ee68ccc01206,164072,5,mlk_montgomery_cleanroom/MONT01B_R1_M2_M3_20260726T151104Z/M1_QINV_PLUS_ONE_BOUND_EVIDENCE/mont_t1_exact_refinement_harness.goto,experiments/montgomery-reduce/MONT01-exact-refinement/raw-runs/03-mutation-sensitivity/04-complete-three-mutant-run/MONT01B_R1_M2_M3_20260726T151104Z/M1_QINV_PLUS_ONE_BOUND_EVIDENCE/mont_t1_exact_refinement_harness.goto
b7c603fa24214b8e33bc7606ab968b9d9213964723492aad004e47bff70f9af7,699,1,mlk_montgomery_cleanroom/MONT02A_FULL_T2_FUNCTIONAL_20260726T175148Z/A_PROPERTY_LOGS/3df9e22a56591853dda6.log,experiments/montgomery-reduce/MONT02-relational-low-word-laws/raw-runs/04-sharded-property-run/MONT02A_FULL_T2_FUNCTIONAL_20260726T175148Z/A_PROPERTY_LOGS/3df9e22a56591853dda6.log
b7cddff33af9e06ce6b51e149dbf768c263f48847ea16196648652876f85c481,18350,3,mlk_montgomery_cleanroom/MONT_WORKTREE_af4c5abd/test/src/test_alloc.c,provenance/montgomery-reduce/source-snapshots/base-worktree-af4c5abd/test/src/test_alloc.c
b807790d0a087f00a733989aab9f482a7523842959545aca34b67cbb47a8777c,2300,3,mlk_montgomery_cleanroom/MONT_WORKTREE_af4c5abd/proofs/cbmc/kem_enc_derand/Makefile,provenance/montgomery-reduce/source-snapshots/base-worktree-af4c5abd/proofs/cbmc/kem_enc_derand/Makefile
b81dddd63984b5750f2cddc5a4ccc6b5e3ed7f541a15a62f1cd375bc819dd9d3,33242,24,mlk_montgomery_cleanroom/MONT_WORKTREE_af4c5abd/examples/basic/mlkem_native/src/fips202/native/aarch64/src/keccak_f1600_x4_v8a_v84a_scalar_hybrid_aarch64_asm.S,provenance/montgomery-reduce/source-snapshots/base-worktree-af4c5abd/examples/basic/mlkem_native/src/fips202/native/aarch64/src/keccak_f1600_x4_v8a_v84a_scalar_hybrid_aarch64_asm.S
b83010738d13419a602fb524db3dfc7fdaac54297e36345c83fc2010d43fa87c,1099,3,mlk_montgomery_cleanroom/MONT_WORKTREE_af4c5abd/test/baremetal/platform/aarch64-virt/exec_wrapper.py,provenance/montgomery-reduce/source-snapshots/base-worktree-af4c5abd/test/baremetal/platform/aarch64-virt/exec_wrapper.py
b85a561e0b5340e70cea5668bfcf925850ea5da1a1c30782fb25d8b27728f3d2,209,1,mlk_montgomery_cleanroom/MONT03C_FUNCTIONAL_NONVACUITY_20260726T223037Z/MONT03C_TERMINAL_CAPTURE_20260726T223037Z.txt.sha256,experiments/montgomery-reduce/MONT03-normalized-fqmul-algebra/raw-runs/10-complete-functional-nonvacuity/MONT03C_FUNCTIONAL_NONVACUITY_20260726T223037Z/MONT03C_TERMINAL_CAPTURE_20260726T223037Z.txt.sha256
b8671ab1963c648aa8ecbe2b863d6577724ff9c89fa47094db0cbc835be1aa0b,746,1,mlk_montgomery_cleanroom/MONT01B_MUTATION_PACKAGE_20260726T143223Z/MONT01B_FINAL_VERDICT.txt,experiments/montgomery-reduce/MONT01-exact-refinement/raw-runs/03-mutation-sensitivity/00-initial-package/MONT01B_MUTATION_PACKAGE_20260726T143223Z/MONT01B_FINAL_VERDICT.txt
b8d79f729aee8ea2758206c4567673c992a615b52141e42e79611f5955630b24,1745,1,mlk_montgomery_cleanroom/MONT03B_HARNESS_FREEZE_20260726T222052Z/P6_BUILD.log,experiments/montgomery-reduce/MONT03-normalized-fqmul-algebra/raw-runs/07-frozen-harness-family/MONT03B_HARNESS_FREEZE_20260726T222052Z/P6_BUILD.log
b8ee020f3e3db1bd20b7d3263124bc1ad5014c6b40be0e84a94157eca39dcfbe,1741,2,mlk_montgomery_cleanroom/MONT02A_FULL_T2_FUNCTIONAL_20260726T170048Z/B_BUILD.log,experiments/montgomery-reduce/MONT02-relational-low-word-laws/raw-runs/03-full-functional-cbmc-attempt-3/MONT02A_FULL_T2_FUNCTIONAL_20260726T170048Z/B_BUILD.log
b938e09a2db097b33b17eba50e3ab105cffa274641d68363faf2b443e1564093,4009,3,mlk_montgomery_cleanroom/MONT_WORKTREE_af4c5abd/proofs/hol_light/aarch64/proofs/dump_bytecode.ml,provenance/montgomery-reduce/source-snapshots/base-worktree-af4c5abd/proofs/hol_light/aarch64/proofs/dump_bytecode.ml
b963423619b5c1d901997f01c2b82ca8608658902f79e484dfd333af1fe1330e,1857,1,mlk_montgomery_cleanroom/MONT04B_T4_HARNESS_FREEZE_20260726T225651Z/H235_BUILD.log,experiments/montgomery-reduce/MONT04-poly-tomont-roundtrip-locality/raw-runs/01-frozen-harness-family/MONT04B_T4_HARNESS_FREEZE_20260726T225651Z/H235_BUILD.log
b9f18987a444be19907f677b91186f17f784f12755cd396b330f92bf3054d655,4272,1,mlk_montgomery_cleanroom/MONT03A_T3_PARALLEL_20260726T202205Z/T3_CONTROL_BUILD.log,experiments/montgomery-reduce/MONT03-normalized-fqmul-algebra/raw-runs/04-complete-parallel-run/MONT03A_T3_PARALLEL_20260726T202205Z/T3_CONTROL_BUILD.log
b9fcb51805ca90457d72a647b2b3efae61fe9d04b4839d3e78f911ba3ca3563c,1939,3,mlk_montgomery_cleanroom/MONT_WORKTREE_af4c5abd/test/abicheck/abicheck.c,provenance/montgomery-reduce/source-snapshots/base-worktree-af4c5abd/test/abicheck/abicheck.c
ba2df8971ed7511a45a1eddba2a126fac2271c59cfe3c39fff6e27aa97bf29ec,1825,3,mlk_montgomery_cleanroom/MONT_WORKTREE_af4c5abd/test/abicheck/aarch64/checks/check_poly_tobytes_aarch64_asm.c,provenance/montgomery-reduce/source-snapshots/base-worktree-af4c5abd/test/abicheck/aarch64/checks/check_poly_tobytes_aarch64_asm.c
ba52aa5ae647283f4cfce9957f6640655f4b329e992f066c57f29f2ffcdb419a,134267,1,mlk_montgomery_cleanroom/MONT_WORKTREE_af4c5abd/proofs/cbmc/mont_t2a_p3_witness_PN/gotos/mont_t2a_p3_witness_PN_harness0400.goto,provenance/montgomery-reduce/source-snapshots/base-worktree-af4c5abd/proofs/cbmc/mont_t2a_p3_witness_PN/gotos/mont_t2a_p3_witness_PN_harness0400.goto
ba6ae33ac36c1b6d7ab0791ed29bc63faf77674a6a073c7a64a40399f3b2f1b0,54,2,mlk_montgomery_cleanroom/MONT01A_D2_20260726T141230Z/MONT_T1_FALSE_CONTROL_SNAPSHOT/.litani_cache_dir,experiments/montgomery-reduce/MONT01-exact-refinement/raw-runs/02-authoritative-proof-and-false-control/MONT01A_D2_20260726T141230Z/MONT_T1_FALSE_CONTROL_SNAPSHOT/.litani_cache_dir
ba70ce367cf5932d7c301bba9e9d41f114675a9d1168740f440a6784ece4a5e6,28661,3,mlk_montgomery_cleanroom/MONT_WORKTREE_af4c5abd/proofs/hol_light/x86_64/proofs/ntttobytes_avx2_asm.ml,provenance/montgomery-reduce/source-snapshots/base-worktree-af4c5abd/proofs/hol_light/x86_64/proofs/ntttobytes_avx2_asm.ml
ba7a87f04fc45269d77ee6035f5daf39e24d6e3b5c3921617677554e920e99e5,184,3,mlk_montgomery_cleanroom/MONT_WORKTREE_af4c5abd/proofs/cbmc/Makefile_params.common,provenance/montgomery-reduce/source-snapshots/base-worktree-af4c5abd/proofs/cbmc/Makefile_params.common
ba7aa005f34f4cfdead81067223a35b968ed46eca942c350c6ae48bbaa1f341d,3977,13,mlk_montgomery_cleanroom/MONT01A_D2_20260726T141230Z/mont_t1_exact_refinement_harness.POST_D2.c,experiments/montgomery-reduce/MONT01-exact-refinement/raw-runs/02-authoritative-proof-and-false-control/MONT01A_D2_20260726T141230Z/mont_t1_exact_refinement_harness.POST_D2.c
badca28b5480ca23bdc78a531c1aa15002faa4a53b92db171a42d0dc3d7fd681,598,1,mlk_montgomery_cleanroom/MONT_T4_WORKTREE_af4c5abd_20260726T225651Z/proofs/cbmc/mont_t4_p2_p3_p5_bijection_locality/logs/slice_global_inits-log.txt,provenance/montgomery-reduce/worktree-deltas/MONT04-poly-tomont-delta/proofs/cbmc/mont_t4_p2_p3_p5_bijection_locality/logs/slice_global_inits-log.txt
badd0dceca088d3749b92b385a6b5a7bae57004866e0398113937bf414341641,6221,3,mlk_montgomery_cleanroom/MONT_WORKTREE_af4c5abd/scripts/check-contracts,provenance/montgomery-reduce/source-snapshots/base-worktree-af4c5abd/scripts/check-contracts
bb4025e8cfede81589013766016d0bb40223628516cdf8dba395a3f22bbb6fc9,49368,3,mlk_montgomery_cleanroom/MONT_WORKTREE_af4c5abd/dev/fips202/aarch64_symbolic/keccak_f1600_x4_v8a_v84a_scalar_hybrid_clean.S,provenance/montgomery-reduce/source-snapshots/base-worktree-af4c5abd/dev/fips202/aarch64_symbolic/keccak_f1600_x4_v8a_v84a_scalar_hybrid_clean.S
bbb6d90ff6f46fc0f77c2b9ecfd62ae357c4d1338e0225cc5862f306ddc85ccb,1785,3,mlk_montgomery_cleanroom/MONT_WORKTREE_af4c5abd/.github/actions/setup-pavona/action.yml,provenance/montgomery-reduce/source-snapshots/base-worktree-af4c5abd/.github/actions/setup-pavona/action.yml
bbdff8b3af068889c257189edeb18d28ba041e6c16a4744e1464e3f6e005e980,24438,1,mlk_montgomery_cleanroom/MONT_WORKTREE_af4c5abd/proofs/cbmc/montgomery_reduce/logs/coverage.xml,provenance/montgomery-reduce/source-snapshots/base-worktree-af4c5abd/proofs/cbmc/montgomery_reduce/logs/coverage.xml
bbff4737681141d70d68c5e6c886e2f139525787c9ca6b7597c3c1b00223d0a8,2868,3,mlk_montgomery_cleanroom/MONT_WORKTREE_af4c5abd/test/src/gen_KAT.c,provenance/montgomery-reduce/source-snapshots/base-worktree-af4c5abd/test/src/gen_KAT.c
bc3e55f5f867609dfb3e5d83a7eb456372e06106037f5114b01876885865952c,809,1,mlk_montgomery_cleanroom/MONT02A_FULL_T2_FUNCTIONAL_20260726T194555Z/BACKENDS/PROBE_BOOLECTOR.log,experiments/montgomery-reduce/MONT02-relational-low-word-laws/raw-runs/07-solver-backend-probes/MONT02A_FULL_T2_FUNCTIONAL_20260726T194555Z/BACKENDS/PROBE_BOOLECTOR.log
bc80c62f03431b8b11da10521fc8b1c68895ab004826611b5e0a7adbfee7a4af,134918,1,mlk_montgomery_cleanroom/MONT00B_MONT01A_20260726T134739Z/MONT_T1_PROOF_SNAPSHOT/gotos/mont_t1_exact_refinement_harness0100.goto,experiments/montgomery-reduce/MONT01-exact-refinement/raw-runs/00-theorem-freeze-and-initial-proof/MONT00B_MONT01A_20260726T134739Z/MONT_T1_PROOF_SNAPSHOT/gotos/mont_t1_exact_refinement_harness0100.goto
bcb24730a673b002de4fac44495bb09d0aefd9ed3d7e42388b8c8831d0c8314f,134898,4,mlk_montgomery_cleanroom/MONT01A_D2_20260726T141230Z/MONT_T1_FALSE_CONTROL_SNAPSHOT/gotos/mont_t1_false_control_harness0200.goto,experiments/montgomery-reduce/MONT01-exact-refinement/raw-runs/02-authoritative-proof-and-false-control/MONT01A_D2_20260726T141230Z/MONT_T1_FALSE_CONTROL_SNAPSHOT/gotos/mont_t1_false_control_harness0200.goto
bcc218f1279844e1dbf90b2a10aea3703c63cffe36860d25487e14cbe578c138,2585,3,mlk_montgomery_cleanroom/MONT_WORKTREE_af4c5abd/proofs/cbmc/polyvec_basemul_acc_montgomery_cached_k2_native_aarch64/Makefile,provenance/montgomery-reduce/source-snapshots/base-worktree-af4c5abd/proofs/cbmc/polyvec_basemul_acc_montgomery_cached_k2_native_aarch64/Makefile
bccd5b25b55cf31ac97f384f5510a87e47105611f1da137ef7afe6444f8d8388,22276,3,mlk_montgomery_cleanroom/MONT_WORKTREE_af4c5abd/test/configs/custom_zeroize_config.h,provenance/montgomery-reduce/source-snapshots/base-worktree-af4c5abd/test/configs/custom_zeroize_config.h
bce59d9b341dcc09f26b7f682185e93d796e689d58ff2f9a54317e4ba0b6155f,497,2,mlk_montgomery_cleanroom/MONT02A_FULL_T2_FUNCTIONAL_20260726T170048Z/A_CBMC.log,experiments/montgomery-reduce/MONT02-relational-low-word-laws/raw-runs/03-full-functional-cbmc-attempt-3/MONT02A_FULL_T2_FUNCTIONAL_20260726T170048Z/A_CBMC.log
bd322901de8df3ddc6fb489f8cc63d44e49ae4c7a232ffa046a70cc2236f8615,162901,1,mlk_montgomery_cleanroom/MONT_WORKTREE_af4c5abd/proofs/cbmc/mont_t2a_p3_witness_PN/gotos/mont_t2a_p3_witness_PN_harness0600.goto,provenance/montgomery-reduce/source-snapshots/base-worktree-af4c5abd/proofs/cbmc/mont_t2a_p3_witness_PN/gotos/mont_t2a_p3_witness_PN_harness0600.goto
bd43b88b392e4f7f58d619d9404b2feaa2560e50fc97811df8541ce109aa3f84,316,3,mlk_montgomery_cleanroom/MONT_WORKTREE_af4c5abd/proofs/cbmc/dummy_backend_fips202_x1.h,provenance/montgomery-reduce/source-snapshots/base-worktree-af4c5abd/proofs/cbmc/dummy_backend_fips202_x1.h
bd44942ac9f5b7e1dd00577c3a4f66466004d84186bfeb12e8ac03eb7bc8e45b,331,4,mlk_montgomery_cleanroom/MONT04B_T4_HARNESS_FREEZE_20260726T225651Z/NATIVE_poly_tomont_c_harness.c,experiments/montgomery-reduce/MONT04-poly-tomont-roundtrip-locality/raw-runs/01-frozen-harness-family/MONT04B_T4_HARNESS_FREEZE_20260726T225651Z/NATIVE_poly_tomont_c_harness.c
bd6a986fdc7dda93f1e51480927f6c92dcd166146a59a4bbcafedd6cf6ded66c,1011,2,mlk_montgomery_cleanroom/MONT01A_D2_20260726T141230Z/MONT_T1_AUTHORITATIVE_SNAPSHOT/logs/check_function_contracts-log.txt,experiments/montgomery-reduce/MONT01-exact-refinement/raw-runs/02-authoritative-proof-and-false-control/MONT01A_D2_20260726T141230Z/MONT_T1_AUTHORITATIVE_SNAPSHOT/logs/check_function_contracts-log.txt
bd844a55020f1ea844c6222f4e4c24a83056d6cbd5acacee2ca57286ca38b1ef,4828,3,mlk_montgomery_cleanroom/MONT_WORKTREE_af4c5abd/dev/x86_64/src/poly_compress_d10_avx2_asm.S,provenance/montgomery-reduce/source-snapshots/base-worktree-af4c5abd/dev/x86_64/src/poly_compress_d10_avx2_asm.S
bdac87b97c284cfa8cc606d134ec9495431c9e4bcffb6cf0d2a57d3fa03829d5,967,1,mlk_montgomery_cleanroom/MONT_WORKTREE_af4c5abd/proofs/cbmc/mont_t2a_arbitrary_pair/logs/check_function_contracts-log.txt,provenance/montgomery-reduce/source-snapshots/base-worktree-af4c5abd/proofs/cbmc/mont_t2a_arbitrary_pair/logs/check_function_contracts-log.txt
be0470ee1b1ed03d46cc788ee92e75cf547a952445a5f8e45fc9eec5ebbac9f0,1189,3,mlk_montgomery_cleanroom/MONT_WORKTREE_af4c5abd/examples/monolithic_build_multilevel/mlkem_native_all.c,provenance/montgomery-reduce/source-snapshots/base-worktree-af4c5abd/examples/monolithic_build_multilevel/mlkem_native_all.c
be04980f31e05ed6d651f4ba19e05cde6222dad0017b4ef60b4077434af5d9af,1262,3,mlk_montgomery_cleanroom/MONT_WORKTREE_af4c5abd/proofs/cbmc/poly_mulcache_compute_c/Makefile,provenance/montgomery-reduce/source-snapshots/base-worktree-af4c5abd/proofs/cbmc/poly_mulcache_compute_c/Makefile
be229945a155b352cc5b46a563113d96321b44b0fcf7e44e03014d5ca5d23a81,117765,1,mlk_montgomery_cleanroom/MONT_WORKTREE_af4c5abd/proofs/cbmc/mont_t2a_p3_witness_PP/gotos/project0100.goto,provenance/montgomery-reduce/source-snapshots/base-worktree-af4c5abd/proofs/cbmc/mont_t2a_p3_witness_PP/gotos/project0100.goto
be3402ae9ce334e7b6fc53e832e4993ab6611d893039982b446822e31cd9b408,413,1,mlk_montgomery_cleanroom/MONT_T3_WORKTREE_af4c5abd/proofs/cbmc/mont_t3_p5_distributivity/logs/linking-library-models-log.txt,provenance/montgomery-reduce/worktree-deltas/MONT03-fqmul-algebra-delta/proofs/cbmc/mont_t3_p5_distributivity/logs/linking-library-models-log.txt
be662d58c00fdfc8dfa14bdaf580f7af0c21ffb3211eba5e6a89654ab34afa22,27658,30,mlk_montgomery_cleanroom/MONT_WORKTREE_af4c5abd/dev/x86_64/src/rej_uniform_table.c,provenance/montgomery-reduce/source-snapshots/base-worktree-af4c5abd/dev/x86_64/src/rej_uniform_table.c
bea04cbfd2eeff047d23f6bfcc9cdd64d0f3557402f7f11d204f99a1022588f5,2077,3,mlk_montgomery_cleanroom/MONT_WORKTREE_af4c5abd/proofs/cbmc/scalar_signed_to_unsigned_q/Makefile,provenance/montgomery-reduce/source-snapshots/base-worktree-af4c5abd/proofs/cbmc/scalar_signed_to_unsigned_q/Makefile
beadf31620e8118e45153d7f65e69667fde5da8c8b26aa18d6a46aa1253da46f,2045,3,mlk_montgomery_cleanroom/MONT_WORKTREE_af4c5abd/proofs/cbmc/montgomery_reduce/Makefile,provenance/montgomery-reduce/source-snapshots/base-worktree-af4c5abd/proofs/cbmc/montgomery_reduce/Makefile
bee1111207fcaf0b53f816cf03c75b98c1a14faa8344e1c39edd7e3f850399e2,2031,3,mlk_montgomery_cleanroom/MONT_WORKTREE_af4c5abd/proofs/cbmc/poly_cbd_eta1/Makefile,provenance/montgomery-reduce/source-snapshots/base-worktree-af4c5abd/proofs/cbmc/poly_cbd_eta1/Makefile
bee9cb56a17cdbe21bd7a57e5f2605e13329399bb38b58869a72973fc5883d07,1813,3,mlk_montgomery_cleanroom/MONT_WORKTREE_af4c5abd/proofs/cbmc/poly_compress_du/Makefile,provenance/montgomery-reduce/source-snapshots/base-worktree-af4c5abd/proofs/cbmc/poly_compress_du/Makefile
beec18c9ae20ed0dfbe0f00bc0c0a41d51354127b0f443b5f9c9131878717e02,375,1,mlk_montgomery_cleanroom/MONT_WORKTREE_af4c5abd/proofs/cbmc/montgomery_reduce/logs/linking-library-models-log.txt,provenance/montgomery-reduce/source-snapshots/base-worktree-af4c5abd/proofs/cbmc/montgomery_reduce/logs/linking-library-models-log.txt
bef0cf45ac2cc8338fa05ce0deb478c7d077f46f0ee59b24d03daa983ac56a45,21926,15,mlk_montgomery_cleanroom/MONT_WORKTREE_af4c5abd/examples/monolithic_build/mlkem_native/mlkem_native.c,provenance/montgomery-reduce/source-snapshots/base-worktree-af4c5abd/examples/monolithic_build/mlkem_native/mlkem_native.c
bf184dfc052bb78a7146d26541d97166ce547c3872e7bc846afba3d1f84cbf87,2033,3,mlk_montgomery_cleanroom/MONT_WORKTREE_af4c5abd/proofs/cbmc/polyvec_permute_bitrev_to_custom/Makefile,provenance/montgomery-reduce/source-snapshots/base-worktree-af4c5abd/proofs/cbmc/polyvec_permute_bitrev_to_custom/Makefile
bf61fcbada52fa123afded01336118b1c5868f3323240fdbad7921f587e25237,293,3,mlk_montgomery_cleanroom/MONT_WORKTREE_af4c5abd/proofs/cbmc/ct_cmov_zero/ct_cmov_zero_harness.c,provenance/montgomery-reduce/source-snapshots/base-worktree-af4c5abd/proofs/cbmc/ct_cmov_zero/ct_cmov_zero_harness.c
bf680ac731280d04dad6fd18d58de3428fbb6cebaf3d8dd622e1d67c97b884fe,3891,3,mlk_montgomery_cleanroom/MONT_WORKTREE_af4c5abd/proofs/hol_light/aarch64/proofs/keccak_utils.ml,provenance/montgomery-reduce/source-snapshots/base-worktree-af4c5abd/proofs/hol_light/aarch64/proofs/keccak_utils.ml
bffb1b4a0b48d933d99185767ef74982a020564672de33cdb0da743b3d6344a6,6730,2,mlk_montgomery_cleanroom/MONT02A_FULL_T2_FUNCTIONAL_20260726T175148Z/A_SHOW_PROPERTIES.log,experiments/montgomery-reduce/MONT02-relational-low-word-laws/raw-runs/04-sharded-property-run/MONT02A_FULL_T2_FUNCTIONAL_20260726T175148Z/A_SHOW_PROPERTIES.log
c09e193d7e57dd42cf884c105eedfaec472ed1826b268287b20d3b9a54d8a7e7,134476,1,mlk_montgomery_cleanroom/MONT_WORKTREE_af4c5abd/proofs/cbmc/mont_t2a_p3_witness_PN/gotos/mont_t2a_p3_witness_PN_harness0100.goto,provenance/montgomery-reduce/source-snapshots/base-worktree-af4c5abd/proofs/cbmc/mont_t2a_p3_witness_PN/gotos/mont_t2a_p3_witness_PN_harness0100.goto
c1418a61801656ffe6bd934dc32fbcbfb4ec348e6a40f5363508f5451be061dc,350,6,mlk_montgomery_cleanroom/MONT_WORKTREE_af4c5abd/proofs/cbmc/polyvec_basemul_acc_montgomery_cached/polyvec_basemul_acc_montgomery_cached_harness.c,provenance/montgomery-reduce/source-snapshots/base-worktree-af4c5abd/proofs/cbmc/polyvec_basemul_acc_montgomery_cached/polyvec_basemul_acc_montgomery_cached_harness.c
c14813e6231c4be2a340474fc7926dc995ffc3b356ff03214471359f863db1da,164025,1,mlk_montgomery_cleanroom/MONT01B_R1_M2_M3_20260726T150507Z/M3_SHIFT_BY_15/mont_t1_exact_refinement_harness.goto,experiments/montgomery-reduce/MONT01-exact-refinement/raw-runs/03-mutation-sensitivity/03-retry-m2-partial/MONT01B_R1_M2_M3_20260726T150507Z/M3_SHIFT_BY_15/mont_t1_exact_refinement_harness.goto
c15cc14fdd142d6713cd61ffe480403a72f992f36cca218aa575b42b6f800beb,1402,1,mlk_montgomery_cleanroom/MONT01A_D1_20260726T135526Z/MONT01A_D1_FILE_MANIFEST.sha256,experiments/montgomery-reduce/MONT01-exact-refinement/raw-runs/01-development-repair/MONT01A_D1_20260726T135526Z/MONT01A_D1_FILE_MANIFEST.sha256
c198132daa873f2747ca919455f2228c45dfc4425297485ba5aefc9189d663d4,5246,1,mlk_montgomery_cleanroom/MONT01B_R1_M2_M3_20260726T144730Z/M3_SHIFT_BY_15/make.log,experiments/montgomery-reduce/MONT01-exact-refinement/raw-runs/03-mutation-sensitivity/01-retry-m3-partial/MONT01B_R1_M2_M3_20260726T144730Z/M3_SHIFT_BY_15/make.log
c1a1201cf729670fbac19a344871ccd3a40114cbd88f34162ed4ffe026416393,779,3,mlk_montgomery_cleanroom/MONT02A_FULL_T2_FUNCTIONAL_20260726T170048Z/MONT02_FULL_T2_REGISTRY.md,experiments/montgomery-reduce/MONT02-relational-low-word-laws/raw-runs/03-full-functional-cbmc-attempt-3/MONT02A_FULL_T2_FUNCTIONAL_20260726T170048Z/MONT02_FULL_T2_REGISTRY.md
c1a99a6a4a28d271d87f386b1d66e8c1bcca4e3ff90d9f6b64fc9323676335f3,17270,3,mlk_montgomery_cleanroom/MONT_WORKTREE_af4c5abd/proofs/hol_light/aarch64/proofs/keccak_f1600_x1_v84a_aarch64_asm.ml,provenance/montgomery-reduce/source-snapshots/base-worktree-af4c5abd/proofs/hol_light/aarch64/proofs/keccak_f1600_x1_v84a_aarch64_asm.ml
c1b277f21b44c1413babf12e6b9ecd601d184e63287ebcf1cf8c4dd453852b6c,2049,3,mlk_montgomery_cleanroom/MONT_WORKTREE_af4c5abd/proofs/cbmc/keccakf1600_xor_bytes/Makefile,provenance/montgomery-reduce/source-snapshots/base-worktree-af4c5abd/proofs/cbmc/keccakf1600_xor_bytes/Makefile
c1ba86469b14b646e40c92f679e5deb13c93ae9c1ef284096230beeb8934cdde,2095,3,mlk_montgomery_cleanroom/MONT_WORKTREE_af4c5abd/proofs/cbmc/check_pct/Makefile,provenance/montgomery-reduce/source-snapshots/base-worktree-af4c5abd/proofs/cbmc/check_pct/Makefile
c1e659e7bd2c8444f6b82b107f95de196fcf490f7c25d64ba2dc0d392ce2c48e,2058,3,mlk_montgomery_cleanroom/MONT_WORKTREE_af4c5abd/proofs/cbmc/ct_memcmp/Makefile,provenance/montgomery-reduce/source-snapshots/base-worktree-af4c5abd/proofs/cbmc/ct_memcmp/Makefile
c1ffbb4c312a2f0d6c516c2d9b4ced640084313bec81c6fb32fe18274a16760f,20505,1,mlk_montgomery_cleanroom/MONT00B_MONT01A_20260726T134739Z/MONT_T1_PROOF_SNAPSHOT/logs/result.xml,experiments/montgomery-reduce/MONT01-exact-refinement/raw-runs/00-theorem-freeze-and-initial-proof/MONT00B_MONT01A_20260726T134739Z/MONT_T1_PROOF_SNAPSHOT/logs/result.xml
c26b86910c06eae5ca6af5e5d351e8e28d27ec064aef8906e28c81cd8c6cd79e,346,3,mlk_montgomery_cleanroom/MONT_WORKTREE_af4c5abd/proofs/cbmc/list_proofs.sh,provenance/montgomery-reduce/source-snapshots/base-worktree-af4c5abd/proofs/cbmc/list_proofs.sh
c283ba7bdc1690fbfd6a830c9e47b6af8aab45ef693b9262c47d55b6e40094dc,4223,2,mlk_montgomery_cleanroom/MONT01A_D2_20260726T141230Z/MONT_T1_FALSE_CONTROL_SNAPSHOT/mont_t1_false_control_harness.c,experiments/montgomery-reduce/MONT01-exact-refinement/raw-runs/02-authoritative-proof-and-false-control/MONT01A_D2_20260726T141230Z/MONT_T1_FALSE_CONTROL_SNAPSHOT/mont_t1_false_control_harness.c
c2959b16b1d30ff24aba3f7ab0d50b4a8d0f8248bf90049265b7599136229ad3,427,1,mlk_montgomery_cleanroom/MONT_T4_WORKTREE_af4c5abd_20260726T225651Z/proofs/cbmc/mont_t4_p1_p4_roundtrip_zero/logs/nondet_static-log.txt,provenance/montgomery-reduce/worktree-deltas/MONT04-poly-tomont-delta/proofs/cbmc/mont_t4_p1_p4_roundtrip_zero/logs/nondet_static-log.txt
c29cb81b0ef08dac343b347c8cf78e4ae61ec221d7060a7b101f091f4a92cc1a,524,1,mlk_montgomery_cleanroom/MONT_T3_WORKTREE_af4c5abd/proofs/cbmc/mont_t3_p4_montgomery_one/logs/slice_global_inits-log.txt,provenance/montgomery-reduce/worktree-deltas/MONT03-fqmul-algebra-delta/proofs/cbmc/mont_t3_p4_montgomery_one/logs/slice_global_inits-log.txt
c2a529c3b4cc08e63e93909a9b5cd064f8ce717dc246101b85a84877e762b3d7,2385,3,mlk_montgomery_cleanroom/MONT_WORKTREE_af4c5abd/examples/multilevel_build_native/README.md,provenance/montgomery-reduce/source-snapshots/base-worktree-af4c5abd/examples/multilevel_build_native/README.md
c2b163607fcb1a389f01d9ec8122e5013699b2bb474699592886534572417170,7164,3,mlk_montgomery_cleanroom/MONT_WORKTREE_af4c5abd/test/abicheck/armv81m/callstub_armv81m.S,provenance/montgomery-reduce/source-snapshots/base-worktree-af4c5abd/test/abicheck/armv81m/callstub_armv81m.S
c2bb9aca094546fdc1cb327b6e0371a78a08bd354e19b522522607fe51fee59d,1518,3,mlk_montgomery_cleanroom/MONT_WORKTREE_af4c5abd/proofs/cbmc/poly_decompress_d4_native/Makefile,provenance/montgomery-reduce/source-snapshots/base-worktree-af4c5abd/proofs/cbmc/poly_decompress_d4_native/Makefile
c302cd1dbbd99c1f6e770cf51a713a45cdc2ccb14e7cdaccf508509776ace043,54,1,mlk_montgomery_cleanroom/MONT_T3_WORKTREE_af4c5abd/proofs/cbmc/mont_t3_p5_distributivity/.litani_cache_dir,provenance/montgomery-reduce/worktree-deltas/MONT03-fqmul-algebra-delta/proofs/cbmc/mont_t3_p5_distributivity/.litani_cache_dir
c32302629549cc7b296db15ef08c9232cf367d30623b1d81ebbd1d843ed22667,2448,3,mlk_montgomery_cleanroom/MONT_WORKTREE_af4c5abd/examples/README.md,provenance/montgomery-reduce/source-snapshots/base-worktree-af4c5abd/examples/README.md
c3509c8b1839f56375f0c722486465e47bbdf9cc1f6fff96939385d0563f3d1b,5459,1,mlk_montgomery_cleanroom/MONT03B_HARNESS_FREEZE_20260726T222052Z/MONT03B_TERMINAL_CAPTURE_20260726T222052Z.txt,experiments/montgomery-reduce/MONT03-normalized-fqmul-algebra/raw-runs/07-frozen-harness-family/MONT03B_HARNESS_FREEZE_20260726T222052Z/MONT03B_TERMINAL_CAPTURE_20260726T222052Z.txt
c36ef7115693aabb546b4a575029f5033f6f29fe6ecdbf1ee93cf50e51eeb7af,494,1,mlk_montgomery_cleanroom/MONT_T3_WORKTREE_af4c5abd/proofs/cbmc/mont_t3_p4_montgomery_one/logs/drop_unused_functions-log.txt,provenance/montgomery-reduce/worktree-deltas/MONT03-fqmul-algebra-delta/proofs/cbmc/mont_t3_p4_montgomery_one/logs/drop_unused_functions-log.txt
c3784925c79832593b7627da7d8fe83fa2258f46614c6ff40cfcd54aa1d2ab37,831,3,mlk_montgomery_cleanroom/MONT_WORKTREE_af4c5abd/proofs/README.md,provenance/montgomery-reduce/source-snapshots/base-worktree-af4c5abd/proofs/README.md
c39dff36181d89347d8e4aa6b2a4644c2fe927ef220c9914c88d4d604f2f68b7,2389,3,mlk_montgomery_cleanroom/MONT_WORKTREE_af4c5abd/test/abicheck/x86_64/checks/check_poly_decompress_d11_avx2_asm.c,provenance/montgomery-reduce/source-snapshots/base-worktree-af4c5abd/test/abicheck/x86_64/checks/check_poly_decompress_d11_avx2_asm.c
c3c2222b1a47112df089e93ffabd4fd019744d0be6ea5a9c3d15eadd637bab37,83617,27,mlk_montgomery_cleanroom/MONT_WORKTREE_af4c5abd/examples/basic/mlkem_native/src/native/ppc64le/src/intt_ppc_asm.S,provenance/montgomery-reduce/source-snapshots/base-worktree-af4c5abd/examples/basic/mlkem_native/src/native/ppc64le/src/intt_ppc_asm.S
c3c7c8e78161faba5565e00a93c55e69c0754d3fb9ab1f5c0733c3b23788994a,117765,1,mlk_montgomery_cleanroom/MONT_WORKTREE_af4c5abd/proofs/cbmc/mont_t2a_p3_witness_NP/gotos/project0100.goto,provenance/montgomery-reduce/source-snapshots/base-worktree-af4c5abd/proofs/cbmc/mont_t2a_p3_witness_NP/gotos/project0100.goto
c3f5fa06b7443fbf0e46f2e59a67dbfe8db18a5be1188ac23fc38f88c27cca0a,162901,1,mlk_montgomery_cleanroom/MONT_WORKTREE_af4c5abd/proofs/cbmc/mont_t2a_p3_witness_NN/gotos/mont_t2a_p3_witness_NN_harness0600.goto,provenance/montgomery-reduce/source-snapshots/base-worktree-af4c5abd/proofs/cbmc/mont_t2a_p3_witness_NN/gotos/mont_t2a_p3_witness_NN_harness0600.goto
c40024c2d681198bc8c35f844aef8e17f9de4c23b50af7fcc742ef879e9fb769,468,1,mlk_montgomery_cleanroom/MONT_T3_WORKTREE_af4c5abd/proofs/cbmc/mont_t3_p5_distributivity/logs/restrict_function_pointer-log.txt,provenance/montgomery-reduce/worktree-deltas/MONT03-fqmul-algebra-delta/proofs/cbmc/mont_t3_p5_distributivity/logs/restrict_function_pointer-log.txt
c44a805f3e9b3eeeda2a63abacb3d1312f53b1d2283386dfad5a6ae9a5c824c8,19058,3,mlk_montgomery_cleanroom/MONT_WORKTREE_af4c5abd/proofs/hol_light/x86_64/mlkem/poly_compress_d11_avx2_asm.S,provenance/montgomery-reduce/source-snapshots/base-worktree-af4c5abd/proofs/hol_light/x86_64/mlkem/poly_compress_d11_avx2_asm.S
c48cb41cbb58d49aef228ee3dae3247c501400496a9831258ed0a13a18388c8d,1780,3,mlk_montgomery_cleanroom/MONT_WORKTREE_af4c5abd/.clang-tidy,provenance/montgomery-reduce/source-snapshots/base-worktree-af4c5abd/.clang-tidy
c491d487c3e1db96e7348b631540ecdff78fada143f8853fccb3fe58899f3bbb,2289,3,mlk_montgomery_cleanroom/MONT_WORKTREE_af4c5abd/proofs/cbmc/poly_getnoise_eta1122_4x/Makefile,provenance/montgomery-reduce/source-snapshots/base-worktree-af4c5abd/proofs/cbmc/poly_getnoise_eta1122_4x/Makefile
c4a29bffeda44901e567e176e027cfb6b3257cd8e48f7cd69b3bbf9da7cb5c92,42621,1,mlk_montgomery_cleanroom/MONT04A_T4_SOURCE_CAPTURE_20260726T224714Z/MONT04A_TERMINAL_CAPTURE_20260726T224714Z.txt,experiments/montgomery-reduce/MONT04-poly-tomont-roundtrip-locality/raw-runs/00-source-capture/MONT04A_T4_SOURCE_CAPTURE_20260726T224714Z/MONT04A_TERMINAL_CAPTURE_20260726T224714Z.txt
c4ad2278ef016d2816b8d1049b73fd42e5a0f4acc3dd4dba3c969a94d80a2034,226,27,mlk_montgomery_cleanroom/MONT_WORKTREE_af4c5abd/examples/basic/mlkem_native/src/native/ppc64le/README.md,provenance/montgomery-reduce/source-snapshots/base-worktree-af4c5abd/examples/basic/mlkem_native/src/native/ppc64le/README.md
c4d7ab8a6e977538980bce0e9f8550d0abdb1966e78cf2c2572e83efd203180b,287,6,mlk_montgomery_cleanroom/MONT_WORKTREE_af4c5abd/proofs/cbmc/poly_decompress_d10/poly_decompress_d10_harness.c,provenance/montgomery-reduce/source-snapshots/base-worktree-af4c5abd/proofs/cbmc/poly_decompress_d10/poly_decompress_d10_harness.c
c4e555f8280d189d9e69716ade91758a6c658cab8d0fb8e4c18c5844be8bf0a6,506,1,mlk_montgomery_cleanroom/MONT_WORKTREE_af4c5abd/proofs/cbmc/mont_t2a_p3_witness_PP/logs/slice_global_inits-log.txt,provenance/montgomery-reduce/source-snapshots/base-worktree-af4c5abd/proofs/cbmc/mont_t2a_p3_witness_PP/logs/slice_global_inits-log.txt
c50149029c2beabb68bdcbc0bc776d09e5d68a128e242b9b863d465f59ccd122,134531,2,mlk_montgomery_cleanroom/MONT01A_D2_20260726T141230Z/MONT_T1_AUTHORITATIVE_SNAPSHOT/gotos/mont_t1_exact_refinement_harness0100.goto,experiments/montgomery-reduce/MONT01-exact-refinement/raw-runs/02-authoritative-proof-and-false-control/MONT01A_D2_20260726T141230Z/MONT_T1_AUTHORITATIVE_SNAPSHOT/gotos/mont_t1_exact_refinement_harness0100.goto
c57ee830cbc3aa2daf8cdc0df8b7911477d9478a0019a1f2b94bf393289a5353,131329,2,mlk_montgomery_cleanroom/MONT_WORKTREE_af4c5abd/proofs/cbmc/mont_t2a_p3_single_call_decomposition/gotos/mont_t2a_p3_single_call_decomposition_harness0200.goto,provenance/montgomery-reduce/source-snapshots/base-worktree-af4c5abd/proofs/cbmc/mont_t2a_p3_single_call_decomposition/gotos/mont_t2a_p3_single_call_decomposition_harness0200.goto
c5b9053e3268c6648ee77f4452b8b834a53008bdda09eef9b6bf5c4958c7c0bf,464,1,mlk_montgomery_cleanroom/MONT_T3_WORKTREE_af4c5abd/proofs/cbmc/mont_t3_p2_p3_relational/logs/restrict_function_pointer-log.txt,provenance/montgomery-reduce/worktree-deltas/MONT03-fqmul-algebra-delta/proofs/cbmc/mont_t3_p2_p3_relational/logs/restrict_function_pointer-log.txt
c5dc297f5566f5705c9dafe839623831b20b2dc2b463f556d2bdc9ae046bc67c,713,1,mlk_montgomery_cleanroom/MONT02A_FULL_T2_FUNCTIONAL_20260726T175148Z/A_PROPERTY_LOGS/7fea34afc08c4fd3442b.log,experiments/montgomery-reduce/MONT02-relational-low-word-laws/raw-runs/04-sharded-property-run/MONT02A_FULL_T2_FUNCTIONAL_20260726T175148Z/A_PROPERTY_LOGS/7fea34afc08c4fd3442b.log
c5ebc5c092628cbb9018d4b73d7330ffc84e3f44576c1bddcd884c3e5158a18c,1138,9,mlk_montgomery_cleanroom/MONT_WORKTREE_af4c5abd/examples/bring_your_own_fips202/custom_fips202/tiny_sha3/LICENSE,provenance/montgomery-reduce/source-snapshots/base-worktree-af4c5abd/examples/bring_your_own_fips202/custom_fips202/tiny_sha3/LICENSE
c65d35856df727693be84bdfe48d62408dca16a8cc335c090f470eeb3ae62f7e,298,3,mlk_montgomery_cleanroom/MONT_WORKTREE_af4c5abd/proofs/cbmc/polyvec_mulcache_compute/polyvec_mulcache_compute_harness.c,provenance/montgomery-reduce/source-snapshots/base-worktree-af4c5abd/proofs/cbmc/polyvec_mulcache_compute/polyvec_mulcache_compute_harness.c
c674c90a2b8890dc256cfd93b0e8128133e82e593e035ac6b1d3e8638fdb4974,9470,3,mlk_montgomery_cleanroom/MONT_WORKTREE_af4c5abd/RELEASE.md,provenance/montgomery-reduce/source-snapshots/base-worktree-af4c5abd/RELEASE.md
c67b37655157a17be5688b66540b2f00e7f5a08e6594da2154c22aca954c742c,974,1,mlk_montgomery_cleanroom/MONT_WORKTREE_af4c5abd/proofs/cbmc/mont_t2a_p3_witness_PP/logs/check_function_contracts-log.txt,provenance/montgomery-reduce/source-snapshots/base-worktree-af4c5abd/proofs/cbmc/mont_t2a_p3_witness_PP/logs/check_function_contracts-log.txt
c72868830c06e3df8ca86df88e873e960d0596a5d3a92d17a9848e76a9e6d32c,8734,3,mlk_montgomery_cleanroom/MONT_WORKTREE_af4c5abd/proofs/hol_light/aarch64/mlkem/keccak_f1600_x2_v84a_aarch64_asm.S,provenance/montgomery-reduce/source-snapshots/base-worktree-af4c5abd/proofs/hol_light/aarch64/mlkem/keccak_f1600_x2_v84a_aarch64_asm.S
c7503836f6acb3e595d9a028d34dcd6b8b981687e299fff7ab33c543458745f9,19019,27,mlk_montgomery_cleanroom/MONT_WORKTREE_af4c5abd/examples/basic/mlkem_native/src/native/x86_64/src/polyvec_basemul_acc_montgomery_cached_k2_avx2_asm.S,provenance/montgomery-reduce/source-snapshots/base-worktree-af4c5abd/examples/basic/mlkem_native/src/native/x86_64/src/polyvec_basemul_acc_montgomery_cached_k2_avx2_asm.S
c7c790a4fbfe4dc6776a118013c4e84562f73ff6908fa008b2f1f459fc0accd6,130615,2,mlk_montgomery_cleanroom/MONT_T3_WORKTREE_af4c5abd/proofs/cbmc/mont_t3_p4_montgomery_one/gotos/mont_t3_p4_montgomery_one_harness0200.goto,provenance/montgomery-reduce/worktree-deltas/MONT03-fqmul-algebra-delta/proofs/cbmc/mont_t3_p4_montgomery_one/gotos/mont_t3_p4_montgomery_one_harness0200.goto
c7d8526b8a50668cdd38fa246ab733af2fdf204b2ef5ddc18e04f212d69eef1c,4613,3,mlk_montgomery_cleanroom/MONT_WORKTREE_af4c5abd/dev/x86_64/src/poly_compress_d5_avx2_asm.S,provenance/montgomery-reduce/source-snapshots/base-worktree-af4c5abd/dev/x86_64/src/poly_compress_d5_avx2_asm.S
c7edc717d7e7d7411b13f6776f386fffa52b4b9252da9f9f9b48df6a29cb4602,410,3,mlk_montgomery_cleanroom/MONT_WORKTREE_af4c5abd/proofs/cbmc/poly_decompress_d4_c/poly_decompress_d4_c_harness.c,provenance/montgomery-reduce/source-snapshots/base-worktree-af4c5abd/proofs/cbmc/poly_decompress_d4_c/poly_decompress_d4_c_harness.c
c7fbe60bf4ae1a561de43ba91d987848c7fb06307dedd7e1973c5b227222477d,21073,1,mlk_montgomery_cleanroom/MONT03B_HARNESS_FREEZE_20260726T222052Z/PREEXISTING_T3_PROTOTYPES_20260726T222052Z.manifest,experiments/montgomery-reduce/MONT03-normalized-fqmul-algebra/raw-runs/07-frozen-harness-family/MONT03B_HARNESS_FREEZE_20260726T222052Z/PREEXISTING_T3_PROTOTYPES_20260726T222052Z.manifest
c80b4ec5b5ab6e1b8b9d3c3a21fa90437a3061ed7f5f71304271011feda4bee4,2384,3,mlk_montgomery_cleanroom/MONT_WORKTREE_af4c5abd/.github/actions/cbmc/action.yml,provenance/montgomery-reduce/source-snapshots/base-worktree-af4c5abd/.github/actions/cbmc/action.yml
c822f78458fa18c1087bd3b34315ad50f04369a4ee8573817bfa55e77ede5cc1,2357,3,mlk_montgomery_cleanroom/MONT_WORKTREE_af4c5abd/proofs/cbmc/poly_compress_d4_native_x86_64/Makefile,provenance/montgomery-reduce/source-snapshots/base-worktree-af4c5abd/proofs/cbmc/poly_compress_d4_native_x86_64/Makefile
c8261a1a45d49eeeeb3f365368cb14d99e789bf5b3e8e2e1f28387eef4bdba63,3834,1,mlk_montgomery_cleanroom/MONT01A_D1_20260726T135526Z/NATIVE_DIRECT_CBMC.log,experiments/montgomery-reduce/MONT01-exact-refinement/raw-runs/01-development-repair/MONT01A_D1_20260726T135526Z/NATIVE_DIRECT_CBMC.log
c83ee4b0dafec7f8de2aa0237ce2db63396cfe0d4283de8db1b828bd53310b20,35985,3,mlk_montgomery_cleanroom/MONT_WORKTREE_af4c5abd/proofs/hol_light/aarch64/proofs/polyvec_basemul_acc_montgomery_cached_k4_aarch64_asm.ml,provenance/montgomery-reduce/source-snapshots/base-worktree-af4c5abd/proofs/hol_light/aarch64/proofs/polyvec_basemul_acc_montgomery_cached_k4_aarch64_asm.ml
c85b804c91d63c1ec60e33b93590fbdf50fed8f3ffc8e686842bb294c97679cf,317,1,mlk_montgomery_cleanroom/MONT_WORKTREE_af4c5abd/proofs/cbmc/mont_t2a_p3_witness_NN/logs/remove_function_body-log.txt,provenance/montgomery-reduce/source-snapshots/base-worktree-af4c5abd/proofs/cbmc/mont_t2a_p3_witness_NN/logs/remove_function_body-log.txt
c85fdae9263977362a78964cd86d534416a5f1170dc0c1771be6c7eb3f9bbcfc,255,3,mlk_montgomery_cleanroom/MONT_WORKTREE_af4c5abd/proofs/cbmc/ct_get_optblocker_i32/ct_get_optblocker_i32_harness.c,provenance/montgomery-reduce/source-snapshots/base-worktree-af4c5abd/proofs/cbmc/ct_get_optblocker_i32/ct_get_optblocker_i32_harness.c
c8602b7a9b0902e655ab30efc6210566585e2bb5f4269f2e1d26f0c501c48871,843,1,mlk_montgomery_cleanroom/MONT02A_FULL_T2_FUNCTIONAL_20260726T175148Z/A_PROPERTY_LOGS/09dfe87919a13f6394be.log,experiments/montgomery-reduce/MONT02-relational-low-word-laws/raw-runs/04-sharded-property-run/MONT02A_FULL_T2_FUNCTIONAL_20260726T175148Z/A_PROPERTY_LOGS/09dfe87919a13f6394be.log
c889770dfeeeef25a6f083836648f230c84a068aaec35eabb5320ea0056afc49,315,1,mlk_montgomery_cleanroom/MONT01B_R1_M2_M3_20260726T144730Z/M3_SHIFT_BY_15/make-clean.log,experiments/montgomery-reduce/MONT01-exact-refinement/raw-runs/03-mutation-sensitivity/01-retry-m3-partial/MONT01B_R1_M2_M3_20260726T144730Z/M3_SHIFT_BY_15/make-clean.log
c8cab649cf4740131b9c5e5e1671033c0095bc3a5073ea2e896308733ccaa669,2043,3,mlk_montgomery_cleanroom/MONT_WORKTREE_af4c5abd/proofs/cbmc/poly_invntt_tomont/Makefile,provenance/montgomery-reduce/source-snapshots/base-worktree-af4c5abd/proofs/cbmc/poly_invntt_tomont/Makefile
c8d2e50f7ccce19822030786a1a99f0892db63ebe5b020fa91a5383c9700dd22,3156,30,mlk_montgomery_cleanroom/MONT_WORKTREE_af4c5abd/examples/basic/mlkem_native/src/fips202/fips202x4.h,provenance/montgomery-reduce/source-snapshots/base-worktree-af4c5abd/examples/basic/mlkem_native/src/fips202/fips202x4.h
c8e00b41573a69f0e55b54ffa9210a6fe59ca31630bbe5796799f30abc5008a5,134267,1,mlk_montgomery_cleanroom/MONT_WORKTREE_af4c5abd/proofs/cbmc/mont_t2a_p3_witness_PP/gotos/mont_t2a_p3_witness_PP_harness0400.goto,provenance/montgomery-reduce/source-snapshots/base-worktree-af4c5abd/proofs/cbmc/mont_t2a_p3_witness_PP/gotos/mont_t2a_p3_witness_PP_harness0400.goto
c9fc8cbcc4a7c6310ed2cc33be7661931a530296b44b8bbc52f37ba7433233d1,1136,3,mlk_montgomery_cleanroom/MONT_WORKTREE_af4c5abd/examples/basic_deterministic/README.md,provenance/montgomery-reduce/source-snapshots/base-worktree-af4c5abd/examples/basic_deterministic/README.md
ca10985cf0c5f52aa78a520a077a683112f8b26d8602bfc6bdddec5f63e73524,321,1,mlk_montgomery_cleanroom/MONT04B_T4_HARNESS_FREEZE_20260726T225651Z/H14_CLEAN.log,experiments/montgomery-reduce/MONT04-poly-tomont-roundtrip-locality/raw-runs/01-frozen-harness-family/MONT04B_T4_HARNESS_FREEZE_20260726T225651Z/H14_CLEAN.log
ca26af0242b3909d82a41581384bf8bd660f5fe84b09a80e4b94addb735f054c,1702,24,mlk_montgomery_cleanroom/MONT_WORKTREE_af4c5abd/examples/basic/mlkem_native/src/fips202/native/armv81m/src/fips202_native_armv81m.h,provenance/montgomery-reduce/source-snapshots/base-worktree-af4c5abd/examples/basic/mlkem_native/src/fips202/native/armv81m/src/fips202_native_armv81m.h
ca2ebdf97d7469496b1f4b78958f9dc8447efdcb623953fee7b6996b762f6fff,4,14,mlk_montgomery_cleanroom/MONT02A_FULL_T2_FUNCTIONAL_20260726T170048Z/A_CBMC.rc,experiments/montgomery-reduce/MONT02-relational-low-word-laws/raw-runs/03-full-functional-cbmc-attempt-3/MONT02A_FULL_T2_FUNCTIONAL_20260726T170048Z/A_CBMC.rc
ca333878fa4f9dd65f477cf6d1304a43686f8dad18e2a84c1cfbe3fa751ce171,5653,3,mlk_montgomery_cleanroom/MONT_WORKTREE_af4c5abd/integration/liboqs/ML-KEM-768_META.yml,provenance/montgomery-reduce/source-snapshots/base-worktree-af4c5abd/integration/liboqs/ML-KEM-768_META.yml
ca485705ed13888726c8ddd568be32612c4e118aeaf01e4e2642e17ac138dd78,1858,27,mlk_montgomery_cleanroom/MONT_WORKTREE_af4c5abd/examples/basic/mlkem_native/src/native/ppc64le/meta.h,provenance/montgomery-reduce/source-snapshots/base-worktree-af4c5abd/examples/basic/mlkem_native/src/native/ppc64le/meta.h
ca6ed15b059cea8821e7126cdbf10c99a5fa63cee1564ac8564841f885ebe1a0,3028,3,mlk_montgomery_cleanroom/MONT_WORKTREE_af4c5abd/examples/bring_your_own_fips202/custom_fips202/fips202x4.h,provenance/montgomery-reduce/source-snapshots/base-worktree-af4c5abd/examples/bring_your_own_fips202/custom_fips202/fips202x4.h
ca8f627fab6afd6f35c1fcca2960468a8ab8fb67001628158a8d2e6d60d24f63,592,1,mlk_montgomery_cleanroom/MONT03C_FUNCTIONAL_NONVACUITY_20260726T223037Z/P6_FUNCTIONAL.log,experiments/montgomery-reduce/MONT03-normalized-fqmul-algebra/raw-runs/10-complete-functional-nonvacuity/MONT03C_FUNCTIONAL_NONVACUITY_20260726T223037Z/P6_FUNCTIONAL.log
cab7cd1096e2d19499635f35f425d9f424a6bef6f77b471dbffc370490a5ff7f,522,1,mlk_montgomery_cleanroom/MONT_WORKTREE_af4c5abd/proofs/cbmc/mont_t2b_fibre_translation/logs/slice_global_inits-log.txt,provenance/montgomery-reduce/source-snapshots/base-worktree-af4c5abd/proofs/cbmc/mont_t2b_fibre_translation/logs/slice_global_inits-log.txt
cad68aaacc2f3511f0a5a0c70f7ac827e76c78e862f1c5616de2b74c8b96a4a5,4922,30,mlk_montgomery_cleanroom/MONT_WORKTREE_af4c5abd/examples/basic/mlkem_native/src/fips202/fips202.h,provenance/montgomery-reduce/source-snapshots/base-worktree-af4c5abd/examples/basic/mlkem_native/src/fips202/fips202.h
cada9c8537341c7116930f2d50113a3011f82a1737b0c3f411a2aad85198bb04,204,1,mlk_montgomery_cleanroom/MONT04C_R1_H14_SHARDS_20260726T235819Z/MONT04C_R1_TERMINAL_CAPTURE_20260726T235819Z.txt.sha256,experiments/montgomery-reduce/MONT04-poly-tomont-roundtrip-locality/raw-runs/03-h14-shards-attempt/MONT04C_R1_H14_SHARDS_20260726T235819Z/MONT04C_R1_TERMINAL_CAPTURE_20260726T235819Z.txt.sha256
cb71d47547dbe2e21335a1741f0015b5f0f2f58ba8bbf9b41839cac01cfbfd2b,476,1,mlk_montgomery_cleanroom/MONT_WORKTREE_af4c5abd/proofs/cbmc/mont_t2a_p3_witness_NN/logs/drop_unused_functions-log.txt,provenance/montgomery-reduce/source-snapshots/base-worktree-af4c5abd/proofs/cbmc/mont_t2a_p3_witness_NN/logs/drop_unused_functions-log.txt
cbbeffee3bfa5b58c8b0b07099633fb8e5f3f88fd1540a07d512eef4f5f09e42,2528,3,mlk_montgomery_cleanroom/MONT_WORKTREE_af4c5abd/test/zephyr/nucleo_n657x0_q/nucleo_host/symbols.py,provenance/montgomery-reduce/source-snapshots/base-worktree-af4c5abd/test/zephyr/nucleo_n657x0_q/nucleo_host/symbols.py
cbd817865b79f232fe1d2629d425ce9cc46f56dc6068faa17f8d77516f4cdc1f,2906,6,mlk_montgomery_cleanroom/MONT_WORKTREE_af4c5abd/examples/bring_your_own_fips202/Makefile,provenance/montgomery-reduce/source-snapshots/base-worktree-af4c5abd/examples/bring_your_own_fips202/Makefile
cbdfa787abf79439afb36943aef140760a02b7dd97ae5dc205e33d73cd18e4d6,1033,3,mlk_montgomery_cleanroom/MONT_WORKTREE_af4c5abd/test/zephyr/exec_wrapper.py,provenance/montgomery-reduce/source-snapshots/base-worktree-af4c5abd/test/zephyr/exec_wrapper.py
cc1cfa350508bee748e150fc3d932ab62ec6da21842de73824afe57200609f8e,785,3,mlk_montgomery_cleanroom/MONT_WORKTREE_af4c5abd/dev/ppc64le/src/arith_native_ppc64le.h,provenance/montgomery-reduce/source-snapshots/base-worktree-af4c5abd/dev/ppc64le/src/arith_native_ppc64le.h
cc2f5a32ae2c5256088e17e04f89529ca3985baa6813ef4d2f0a971d8698a666,1281,27,mlk_montgomery_cleanroom/MONT_WORKTREE_af4c5abd/dev/fips202/armv81m/src/keccak_f1600_x4_mve.c,provenance/montgomery-reduce/source-snapshots/base-worktree-af4c5abd/dev/fips202/armv81m/src/keccak_f1600_x4_mve.c
cc48998e9595ec4e59a3aa53d6be9e55ecccb3cdc047e661ccd94fa99955d675,9434,36,mlk_montgomery_cleanroom/MONT_WORKTREE_af4c5abd/examples/basic/mlkem_native/src/common.h,provenance/montgomery-reduce/source-snapshots/base-worktree-af4c5abd/examples/basic/mlkem_native/src/common.h
cc8a354ecbf09f5e490b643440a52d6a33118e04191e3ab8c6754e49aa03ed1b,495,27,mlk_montgomery_cleanroom/MONT_WORKTREE_af4c5abd/examples/basic/mlkem_native/src/native/riscv64/README.md,provenance/montgomery-reduce/source-snapshots/base-worktree-af4c5abd/examples/basic/mlkem_native/src/native/riscv64/README.md
cc8a6267dad27e7b8024d0cf0035af5e7694032605a2175da51fb54319d8c7ff,408,3,mlk_montgomery_cleanroom/MONT_WORKTREE_af4c5abd/proofs/cbmc/poly_compress_d10_c/poly_compress_d10_c_harness.c,provenance/montgomery-reduce/source-snapshots/base-worktree-af4c5abd/proofs/cbmc/poly_compress_d10_c/poly_compress_d10_c_harness.c
ccb6bb4d400be76de56e220ccd5dd8444603b82a933a349eaa3a7b2ec38dc602,2128,3,mlk_montgomery_cleanroom/MONT_WORKTREE_af4c5abd/proofs/cbmc/poly_getnoise_eta1_4x/Makefile,provenance/montgomery-reduce/source-snapshots/base-worktree-af4c5abd/proofs/cbmc/poly_getnoise_eta1_4x/Makefile
cd0ce34fffb989cf76ba72035b14ad71487fb3b7b9c9cd06879e12442b575e83,7912,3,mlk_montgomery_cleanroom/MONT_WORKTREE_af4c5abd/dev/x86_64/src/ntt_avx2_asm.S,provenance/montgomery-reduce/source-snapshots/base-worktree-af4c5abd/dev/x86_64/src/ntt_avx2_asm.S
cddaed6d1489902fa292099330a3f0c540b0156d6d5d3ed68b978e0dcdcb246f,1295,3,mlk_montgomery_cleanroom/MONT_WORKTREE_af4c5abd/proofs/cbmc/poly_invntt_tomont_c/Makefile,provenance/montgomery-reduce/source-snapshots/base-worktree-af4c5abd/proofs/cbmc/poly_invntt_tomont_c/Makefile
cddc19831f7546c5525cc3f76330039701bf2d7984310224051138cd707c7cae,2278,1,mlk_montgomery_cleanroom/MONT03B_HARNESS_FREEZE_20260726T222052Z/MONT03B_T3_THEOREM_REGISTRY.txt,experiments/montgomery-reduce/MONT03-normalized-fqmul-algebra/raw-runs/07-frozen-harness-family/MONT03B_HARNESS_FREEZE_20260726T222052Z/MONT03B_T3_THEOREM_REGISTRY.txt
cde9b5cf4292bdf4ab016f2f5132234cc5115ad0c9f7135b5a6de8387896b671,10645,3,mlk_montgomery_cleanroom/MONT_WORKTREE_af4c5abd/dev/x86_64/src/intt_avx2_asm.S,provenance/montgomery-reduce/source-snapshots/base-worktree-af4c5abd/dev/x86_64/src/intt_avx2_asm.S
cdf533585d2adb81ec30cb1ae312a11a6319d10fbd449a1c961108af7a98f19e,2848,3,mlk_montgomery_cleanroom/MONT_WORKTREE_af4c5abd/REFERENCE.md,provenance/montgomery-reduce/source-snapshots/base-worktree-af4c5abd/REFERENCE.md
ce047652781b05fdb892fd85d30ac7713952374876455eb5bdcff8eee734f4d9,2274,1,mlk_montgomery_cleanroom/MONT04A_T4_SOURCE_CAPTURE_20260726T224714Z/MONT04A_T4_FROZEN_REGISTRY.txt,experiments/montgomery-reduce/MONT04-poly-tomont-roundtrip-locality/raw-runs/00-source-capture/MONT04A_T4_SOURCE_CAPTURE_20260726T224714Z/MONT04A_T4_FROZEN_REGISTRY.txt
ce12c7bf13256f1ac9f421aa92ad965a05e78102108a26b81f0bc32e1eb52609,1307,3,mlk_montgomery_cleanroom/MONT_WORKTREE_af4c5abd/proofs/cbmc/poly_decompress_d10_c/Makefile,provenance/montgomery-reduce/source-snapshots/base-worktree-af4c5abd/proofs/cbmc/poly_decompress_d10_c/Makefile
ce325d887d7f288c71043e90674f0df55b1f49d1ee1d7cd436053cc62907daf4,16531,3,mlk_montgomery_cleanroom/MONT_WORKTREE_af4c5abd/test/abicheck/selftest.c,provenance/montgomery-reduce/source-snapshots/base-worktree-af4c5abd/test/abicheck/selftest.c
ce690d3fcb16e3cfb017f9af9e65995c816286578454b5f5e068f8b78d098e3c,2370,3,mlk_montgomery_cleanroom/MONT_WORKTREE_af4c5abd/proofs/cbmc/poly_getnoise_eta1122_4x_native/Makefile,provenance/montgomery-reduce/source-snapshots/base-worktree-af4c5abd/proofs/cbmc/poly_getnoise_eta1122_4x_native/Makefile
ce6d5a142c8ba4e22f577a6046a759114f8b887841075dd875e64ba8e6dc7a85,733,1,mlk_montgomery_cleanroom/MONT01B_R1_M2_M3_20260726T151104Z/MONT01B_R1_FINAL_VERDICT.txt,experiments/montgomery-reduce/MONT01-exact-refinement/raw-runs/03-mutation-sensitivity/04-complete-three-mutant-run/MONT01B_R1_M2_M3_20260726T151104Z/MONT01B_R1_FINAL_VERDICT.txt
cea42f214349c1ef6ee07b9bd49e98e4bacf48b16fe2550e307c99c3de2104da,418,3,mlk_montgomery_cleanroom/MONT_WORKTREE_af4c5abd/proofs/hol_light/x86_64/proofs/mlkem_utils.ml,provenance/montgomery-reduce/source-snapshots/base-worktree-af4c5abd/proofs/hol_light/x86_64/proofs/mlkem_utils.ml
cea8a31cdac31aae7c62e02d8ee8b223d51fc8e48fd9f0059bed33e2e09476ac,1099,24,mlk_montgomery_cleanroom/MONT_WORKTREE_af4c5abd/examples/basic/mlkem_native/src/fips202/native/aarch64/x2_v84a.h,provenance/montgomery-reduce/source-snapshots/base-worktree-af4c5abd/examples/basic/mlkem_native/src/fips202/native/aarch64/x2_v84a.h
cef1588e3939a2fa5f6558cd49618cdd89996a2c64d9dbabe3836e5999a67d94,134476,1,mlk_montgomery_cleanroom/MONT_WORKTREE_af4c5abd/proofs/cbmc/mont_t2a_p3_witness_NP/gotos/mont_t2a_p3_witness_NP_harness0100.goto,provenance/montgomery-reduce/source-snapshots/base-worktree-af4c5abd/proofs/cbmc/mont_t2a_p3_witness_NP/gotos/mont_t2a_p3_witness_NP_harness0100.goto
cef5836ae92cbec3ad9116a0b20fdd7031319933bc88fbe870bbd00b960fce9a,176223,2,mlk_montgomery_cleanroom/MONT_T3_WORKTREE_af4c5abd/proofs/cbmc/mont_t3_p5_distributivity/gotos/mont_t3_p5_distributivity_harness.goto,provenance/montgomery-reduce/worktree-deltas/MONT03-fqmul-algebra-delta/proofs/cbmc/mont_t3_p5_distributivity/gotos/mont_t3_p5_distributivity_harness.goto
cefc5805f7976989d478d6b3b038157cd6b13d0ccb8b062fe7f721e88bf3a87f,1725,2,mlk_montgomery_cleanroom/MONT02A_FULL_T2_FUNCTIONAL_20260726T192057Z/P3_NP/build.log,experiments/montgomery-reduce/MONT02-relational-low-word-laws/raw-runs/06-p3-sign-partition-complete/MONT02A_FULL_T2_FUNCTIONAL_20260726T192057Z/P3_NP/build.log
cf3f258e98e21d3db85b6a543677c592e1bdc0cb9e88df647cd85ccd46b71b15,8573,27,mlk_montgomery_cleanroom/MONT_WORKTREE_af4c5abd/examples/basic/mlkem_native/src/native/aarch64/src/arith_native_aarch64.h,provenance/montgomery-reduce/source-snapshots/base-worktree-af4c5abd/examples/basic/mlkem_native/src/native/aarch64/src/arith_native_aarch64.h
cf780a0e9ca67cbde19a53f6efdfd4f87d19c751b04019aebd7ff23c67e1631b,2371,3,mlk_montgomery_cleanroom/MONT_WORKTREE_af4c5abd/proofs/cbmc/poly_decompress_d11_native_x86_64/Makefile,provenance/montgomery-reduce/source-snapshots/base-worktree-af4c5abd/proofs/cbmc/poly_decompress_d11_native_x86_64/Makefile
cf9149d2237ba3dc65a8ff2c020f87e8ea9309fe1de7bae3c048937080c2f5a5,131226,2,mlk_montgomery_cleanroom/MONT_T3_WORKTREE_af4c5abd/proofs/cbmc/mont_t3_p2_p3_relational/gotos/mont_t3_p2_p3_relational_harness0200.goto,provenance/montgomery-reduce/worktree-deltas/MONT03-fqmul-algebra-delta/proofs/cbmc/mont_t3_p2_p3_relational/gotos/mont_t3_p2_p3_relational_harness0200.goto
cfa125771247f984cecc743e43ade83e32692277237fb9d3f6817d75357e2541,120628,1,mlk_montgomery_cleanroom/MONT_WORKTREE_af4c5abd/proofs/cbmc/mont_t2_relational_fibre/gotos/project0200.goto,provenance/montgomery-reduce/source-snapshots/base-worktree-af4c5abd/proofs/cbmc/mont_t2_relational_fibre/gotos/project0200.goto
cfa19b8c601bfc7c12726cb551d4fbb6fa8ce8ac4bb0a85a3384c27539bee643,1156,3,mlk_montgomery_cleanroom/MONT_WORKTREE_af4c5abd/test/abicheck/armv81m/abicheck_armv81m.mk,provenance/montgomery-reduce/source-snapshots/base-worktree-af4c5abd/test/abicheck/armv81m/abicheck_armv81m.mk
cfc0a179346a215d67e8fb8c79d80a1868ac872d16b6f15484056787cadf11da,517,3,mlk_montgomery_cleanroom/MONT_WORKTREE_af4c5abd/proofs/cbmc/poly_compress_d4_native_x86_64/poly_compress_d4_native_x86_64_harness.c,provenance/montgomery-reduce/source-snapshots/base-worktree-af4c5abd/proofs/cbmc/poly_compress_d4_native_x86_64/poly_compress_d4_native_x86_64_harness.c
cff967b8c2f62fd29331e33d2910a00251350f310451b756ec91056d4a3ad90a,1063,1,mlk_montgomery_cleanroom/MONT02A_FULL_T2_FUNCTIONAL_20260726T201553Z/MONT02A_R4_P3_PROOF_REGISTRY.md,experiments/montgomery-reduce/MONT02-relational-low-word-laws/raw-runs/08-compositional-p3-completion/MONT02A_FULL_T2_FUNCTIONAL_20260726T201553Z/MONT02A_R4_P3_PROOF_REGISTRY.md
cffe65c7bef4789bbaf10d017b744c4dd06aaa44d1659fac4bbd1af23fa52c83,363,1,mlk_montgomery_cleanroom/MONT_WORKTREE_af4c5abd/proofs/cbmc/mont_t2a_p3_witness_PN/logs/unwind_loops-log.txt,provenance/montgomery-reduce/source-snapshots/base-worktree-af4c5abd/proofs/cbmc/mont_t2a_p3_witness_PN/logs/unwind_loops-log.txt
d062bb20bccb57d3e691b486bb47f2d359d8662838bf6abd4ea49d83d2e9d9a3,2338,3,mlk_montgomery_cleanroom/MONT_WORKTREE_af4c5abd/proofs/cbmc/poly_tomont_native_x86_64/Makefile,provenance/montgomery-reduce/source-snapshots/base-worktree-af4c5abd/proofs/cbmc/poly_tomont_native_x86_64/Makefile
d0812932f720ea634a8ffb4f0923f8b388256b2081e5944e0d0f65a7829081c8,7642,27,mlk_montgomery_cleanroom/MONT_WORKTREE_af4c5abd/examples/basic/mlkem_native/src/native/x86_64/src/reduce_avx2_asm.S,provenance/montgomery-reduce/source-snapshots/base-worktree-af4c5abd/examples/basic/mlkem_native/src/native/x86_64/src/reduce_avx2_asm.S
d0b23c6e108c7565c0859d9a50260a0528eeb402c128c350bc77408e380413c5,339,3,mlk_montgomery_cleanroom/MONT_WORKTREE_af4c5abd/proofs/cbmc/indcpa_keypair_derand/indcpa_keypair_derand_harness.c,provenance/montgomery-reduce/source-snapshots/base-worktree-af4c5abd/proofs/cbmc/indcpa_keypair_derand/indcpa_keypair_derand_harness.c
d0be9b0942e90efdbad4fc38334cf9f8ca03c9ffee3926475e7ee00b5f3cde5d,905,1,mlk_montgomery_cleanroom/MONT02A_FULL_T2_FUNCTIONAL_20260726T175148Z/A_PROPERTY_LOGS/acf5bad8d1810bec7867.log,experiments/montgomery-reduce/MONT02-relational-low-word-laws/raw-runs/04-sharded-property-run/MONT02A_FULL_T2_FUNCTIONAL_20260726T175148Z/A_PROPERTY_LOGS/acf5bad8d1810bec7867.log
d0fcc1c7fcaadf4412a348d446f6992076957e9fdc3cd8db318b4ae3e84ec56d,1639,1,mlk_montgomery_cleanroom/MONT03D_SEQUENTIAL_FUNCTIONAL_RECOVERY_20260727T000733Z/MONT03D_TERMINAL_CAPTURE_20260727T000733Z.txt,experiments/montgomery-reduce/MONT03-normalized-fqmul-algebra/raw-runs/11-sequential-functional-recovery/MONT03D_SEQUENTIAL_FUNCTIONAL_RECOVERY_20260727T000733Z/MONT03D_TERMINAL_CAPTURE_20260727T000733Z.txt
d0fecf4900c11fcb913358da857460ae565bffc178d35edadfc2d133a4126024,218,1,mlk_montgomery_cleanroom/MONT03D_SEQUENTIAL_FUNCTIONAL_RECOVERY_20260727T000733Z/MONT03D_TERMINAL_CAPTURE_20260727T000733Z.txt.sha256,experiments/montgomery-reduce/MONT03-normalized-fqmul-algebra/raw-runs/11-sequential-functional-recovery/MONT03D_SEQUENTIAL_FUNCTIONAL_RECOVERY_20260727T000733Z/MONT03D_TERMINAL_CAPTURE_20260727T000733Z.txt.sha256
d10197b35f9c5a9206e1cc584881f01c4edf5424a156a0017da4611855977821,492,1,mlk_montgomery_cleanroom/MONT_WORKTREE_af4c5abd/proofs/cbmc/mont_t2b_fibre_translation/logs/drop_unused_functions-log.txt,provenance/montgomery-reduce/source-snapshots/base-worktree-af4c5abd/proofs/cbmc/mont_t2b_fibre_translation/logs/drop_unused_functions-log.txt
d107a2930608c4db802aab6840d901769937ec63abc5851d522dba554a2f44c7,455,1,mlk_montgomery_cleanroom/MONT_T4_WORKTREE_af4c5abd_20260726T225651Z/proofs/cbmc/mont_t4_p2_p3_p5_bijection_locality/logs/nondet_static-log.txt,provenance/montgomery-reduce/worktree-deltas/MONT04-poly-tomont-delta/proofs/cbmc/mont_t4_p2_p3_p5_bijection_locality/logs/nondet_static-log.txt
d12c8f70f3c7932a0d06c7faae3b827b021956037a7cd401ac09efbcc7e02b98,1347,3,mlk_montgomery_cleanroom/MONT_WORKTREE_af4c5abd/test/abicheck/x86_64/abicheck_x86_64.h,provenance/montgomery-reduce/source-snapshots/base-worktree-af4c5abd/test/abicheck/x86_64/abicheck_x86_64.h
d14d982dbf973015a4413a059c5049f8b241a1834d628f53e68a999f395f2847,481,3,mlk_montgomery_cleanroom/MONT_WORKTREE_af4c5abd/proofs/cbmc/keccak_squeeze_once/keccak_squeeze_once_harness.c,provenance/montgomery-reduce/source-snapshots/base-worktree-af4c5abd/proofs/cbmc/keccak_squeeze_once/keccak_squeeze_once_harness.c
d1865ba26a1a03273d885a84ba1a5d102ed8a58d3c41aa03ebbe174110feeb31,49033,3,mlk_montgomery_cleanroom/MONT_WORKTREE_af4c5abd/dev/aarch64_opt/src/polyvec_basemul_acc_montgomery_cached_k3_aarch64_asm.S,provenance/montgomery-reduce/source-snapshots/base-worktree-af4c5abd/dev/aarch64_opt/src/polyvec_basemul_acc_montgomery_cached_k3_aarch64_asm.S
d19a9c0e06fbfc11336ca29afd1e79bca127c8d76a1163cc4c3a90a5c82ab1ae,15567,3,mlk_montgomery_cleanroom/MONT_WORKTREE_af4c5abd/dev/aarch64_opt/src/poly_mulcache_compute_aarch64_asm.S,provenance/montgomery-reduce/source-snapshots/base-worktree-af4c5abd/dev/aarch64_opt/src/poly_mulcache_compute_aarch64_asm.S
d1a68c178a29228fa1c50f693c387f3dfe18ba37edada44b52dfe6221e1cd172,28446,3,mlk_montgomery_cleanroom/MONT_WORKTREE_af4c5abd/proofs/hol_light/x86_64/mlkem/ntt_avx2_asm.S,provenance/montgomery-reduce/source-snapshots/base-worktree-af4c5abd/proofs/hol_light/x86_64/mlkem/ntt_avx2_asm.S
d1d3f43d390c1a9d24efa809f74f0227a1dddd7c8463c3ebb12f7c3cd119859c,6476,1,mlk_montgomery_cleanroom/MONT02A_FULL_T2_FUNCTIONAL_20260726T192057Z/P3_PN/properties.txt,experiments/montgomery-reduce/MONT02-relational-low-word-laws/raw-runs/06-p3-sign-partition-complete/MONT02A_FULL_T2_FUNCTIONAL_20260726T192057Z/P3_PN/properties.txt
d1db50617aaa0b3a7fb6c3874098ebf329710b030c3a0e4ed3d0532841e6d0b8,290,3,mlk_montgomery_cleanroom/MONT_WORKTREE_af4c5abd/proofs/cbmc/poly_rej_uniform/poly_rej_uniform_harness.c,provenance/montgomery-reduce/source-snapshots/base-worktree-af4c5abd/proofs/cbmc/poly_rej_uniform/poly_rej_uniform_harness.c
d1fab329b439fc6dd9c4234f3fe053e74b000d416e0f4e4464542813667f3750,4740,36,mlk_montgomery_cleanroom/MONT_WORKTREE_af4c5abd/examples/basic/mlkem_native/src/debug.h,provenance/montgomery-reduce/source-snapshots/base-worktree-af4c5abd/examples/basic/mlkem_native/src/debug.h
d24918e44a50da0e55dff15a04442883dd889aede6bcaf48b4db2948b77a0b5e,9063,3,mlk_montgomery_cleanroom/MONT_WORKTREE_af4c5abd/.github/workflows/ci_ec2_container.yml,provenance/montgomery-reduce/source-snapshots/base-worktree-af4c5abd/.github/workflows/ci_ec2_container.yml
d28f3c42ef84a3507bd3e2bacfc774c01bea233470b7ee77adecbc262d5e5777,125770,1,mlk_montgomery_cleanroom/MONT_T4_WORKTREE_af4c5abd_20260726T225651Z/proofs/cbmc/mont_t4_p2_p3_p5_bijection_locality/gotos/mont_t4_p2_p3_p5_bijection_locality_harness0700.goto,provenance/montgomery-reduce/worktree-deltas/MONT04-poly-tomont-delta/proofs/cbmc/mont_t4_p2_p3_p5_bijection_locality/gotos/mont_t4_p2_p3_p5_bijection_locality_harness0700.goto
d2912240c1edbd5a012b3e2dfbd33685114fe87f89fbd674677ae1d447ca4c01,4353,1,mlk_montgomery_cleanroom/MONT02A_FULL_T2_FUNCTIONAL_20260726T192057Z/MONT02A_R2_P3_FINALIZER_CAPTURE_20260726T192057Z.txt,experiments/montgomery-reduce/MONT02-relational-low-word-laws/raw-runs/06-p3-sign-partition-complete/MONT02A_FULL_T2_FUNCTIONAL_20260726T192057Z/MONT02A_R2_P3_FINALIZER_CAPTURE_20260726T192057Z.txt
d29ca53fe5a70fcc2dcb3227bff3d92c37e0c35f14f995635026effc7f612422,1256,27,mlk_montgomery_cleanroom/MONT_WORKTREE_af4c5abd/examples/basic/mlkem_native/src/native/riscv64/src/rv64v_izetas.inc,provenance/montgomery-reduce/source-snapshots/base-worktree-af4c5abd/examples/basic/mlkem_native/src/native/riscv64/src/rv64v_izetas.inc
d2ad03151e8671da73900559e1f22b61327209dcd748a2dbc1209a494439c7db,10409,27,mlk_montgomery_cleanroom/MONT_WORKTREE_af4c5abd/examples/basic/mlkem_native/src/native/x86_64/src/ntttobytes_avx2_asm.S,provenance/montgomery-reduce/source-snapshots/base-worktree-af4c5abd/examples/basic/mlkem_native/src/native/x86_64/src/ntttobytes_avx2_asm.S
d2bf1e2368f27c8c65327a35a82f46d32a7ca0b0f66184fee5e0de72224f340e,4217,1,mlk_montgomery_cleanroom/MONT_T3_WORKTREE_af4c5abd/proofs/cbmc/mont_t3_p5_distributivity/.ninja_log,provenance/montgomery-reduce/worktree-deltas/MONT03-fqmul-algebra-delta/proofs/cbmc/mont_t3_p5_distributivity/.ninja_log
d2c48f733061392e35f1c82058b86435651008c7ca1f08a781fab5a90079ae7d,33035,3,mlk_montgomery_cleanroom/MONT_WORKTREE_af4c5abd/dev/ppc64le/src/intt_ppc_asm.S,provenance/montgomery-reduce/source-snapshots/base-worktree-af4c5abd/dev/ppc64le/src/intt_ppc_asm.S
d2c9c2a07145a0a705e9bb800083c838481ef4250781d239363edb5d229bce3a,1041,1,mlk_montgomery_cleanroom/MONT_WORKTREE_af4c5abd/proofs/cbmc/mont_t2a_p3_single_call_decomposition/logs/check_function_contracts-log.txt,provenance/montgomery-reduce/source-snapshots/base-worktree-af4c5abd/proofs/cbmc/mont_t2a_p3_single_call_decomposition/logs/check_function_contracts-log.txt
d2fd119e2a173ae6c7e4ff7debc44b28df2a5362eb8f7b102998d135e88e5612,382,3,mlk_montgomery_cleanroom/MONT_WORKTREE_af4c5abd/proofs/cbmc/shake256/shake256_harness.c,provenance/montgomery-reduce/source-snapshots/base-worktree-af4c5abd/proofs/cbmc/shake256/shake256_harness.c
d3424467659425031ea4e0b5dba60b9708ab0fae8df0d3fb6e989e865ed85ed2,331,6,mlk_montgomery_cleanroom/MONT_WORKTREE_af4c5abd/proofs/cbmc/intt_native_aarch64/intt_native_aarch64_harness.c,provenance/montgomery-reduce/source-snapshots/base-worktree-af4c5abd/proofs/cbmc/intt_native_aarch64/intt_native_aarch64_harness.c
d3b7cffea29ca6ab90a62d68d626c71ef6fb3b9b1a62a00653020c6ebcdd6945,132868,1,mlk_montgomery_cleanroom/MONT_T3_WORKTREE_af4c5abd/proofs/cbmc/mont_t3_p5_distributivity/gotos/mont_t3_p5_distributivity_harness0400.goto,provenance/montgomery-reduce/worktree-deltas/MONT03-fqmul-algebra-delta/proofs/cbmc/mont_t3_p5_distributivity/gotos/mont_t3_p5_distributivity_harness0400.goto
d413e142b74251e79e9e4314e6df9298fc4d6c32b54a4031d9db22dc539814ac,49888,2,mlk_montgomery_cleanroom/MONT01A_D2_20260726T141230Z/MONT_T1_FALSE_CONTROL_SNAPSHOT/gotos/proof0100.goto,experiments/montgomery-reduce/MONT01-exact-refinement/raw-runs/02-authoritative-proof-and-false-control/MONT01A_D2_20260726T141230Z/MONT_T1_FALSE_CONTROL_SNAPSHOT/gotos/proof0100.goto
d4626b7b96b5fa9fd68a59e7d324dd876a9e6752f382e53f4db493aefb05982f,313,5,mlk_montgomery_cleanroom/MONT01B_R1_M2_M3_20260726T151104Z/M1_QINV_PLUS_ONE_BOUND_EVIDENCE/make-clean.log,experiments/montgomery-reduce/MONT01-exact-refinement/raw-runs/03-mutation-sensitivity/04-complete-three-mutant-run/MONT01B_R1_M2_M3_20260726T151104Z/M1_QINV_PLUS_ONE_BOUND_EVIDENCE/make-clean.log
d471b49938070bdbfd1a787c9fa4f9fc2552487571bc34f1859b6d8580fa9d54,455,1,mlk_montgomery_cleanroom/MONT_T4_WORKTREE_af4c5abd_20260726T225651Z/proofs/cbmc/mont_t4_p2_p3_p5_bijection_locality/logs/check_function_contracts-log.txt,provenance/montgomery-reduce/worktree-deltas/MONT04-poly-tomont-delta/proofs/cbmc/mont_t4_p2_p3_p5_bijection_locality/logs/check_function_contracts-log.txt
d4949dd1b654bd5c1c3b3e3b525a83afc20d7510958f0c6776da5825c01f2460,10481,2,mlk_montgomery_cleanroom/MONT01A_D2_20260726T141230Z/MONT01A_D2_TERMINAL_CAPTURE_20260726T141230Z.txt,experiments/montgomery-reduce/MONT01-exact-refinement/raw-runs/02-authoritative-proof-and-false-control/MONT01A_D2_20260726T141230Z/MONT01A_D2_TERMINAL_CAPTURE_20260726T141230Z.txt
d4b2a6ca5222a062a68f891b24b7d2ccde009df5ad6acd105070a0ffc4f5e25e,7019,3,mlk_montgomery_cleanroom/MONT_WORKTREE_af4c5abd/dev/aarch64_clean/src/polyvec_basemul_acc_montgomery_cached_k3_aarch64_asm.S,provenance/montgomery-reduce/source-snapshots/base-worktree-af4c5abd/dev/aarch64_clean/src/polyvec_basemul_acc_montgomery_cached_k3_aarch64_asm.S
d4d8734a33d4b91e4ff53955751943ba60ea89a3b9da94a1f8bd42f1b4ee9c86,5069,27,mlk_montgomery_cleanroom/MONT_WORKTREE_af4c5abd/examples/basic/mlkem_native/src/fips202/native/api.h,provenance/montgomery-reduce/source-snapshots/base-worktree-af4c5abd/examples/basic/mlkem_native/src/fips202/native/api.h
d4fa9e633088c653871a702b3652748fa69cf61c24e627cd3c70dcbd89842e83,10312,3,mlk_montgomery_cleanroom/MONT_WORKTREE_af4c5abd/proofs/hol_light/README.md,provenance/montgomery-reduce/source-snapshots/base-worktree-af4c5abd/proofs/hol_light/README.md
d542a07f754c4fa5902ed3757577d5cbff2efc0456b16e96752a44ed73241bdc,135173,2,mlk_montgomery_cleanroom/MONT01A_D2_20260726T141230Z/MONT_T1_FALSE_CONTROL_SNAPSHOT/gotos/mont_t1_false_control_harness0400.goto,experiments/montgomery-reduce/MONT01-exact-refinement/raw-runs/02-authoritative-proof-and-false-control/MONT01A_D2_20260726T141230Z/MONT_T1_FALSE_CONTROL_SNAPSHOT/gotos/mont_t1_false_control_harness0400.goto
d54b140f2bacaea91470940a963950b7126685810df2192640cd103328b421f4,36011,3,mlk_montgomery_cleanroom/MONT_WORKTREE_af4c5abd/nix/valgrind/valgrind-varlat-patch-20240808.txt,provenance/montgomery-reduce/source-snapshots/base-worktree-af4c5abd/nix/valgrind/valgrind-varlat-patch-20240808.txt
d576e9ca8f1c952e79ae0b21d93b768a9d0d14b38584e76e953a800253afece8,1978,3,mlk_montgomery_cleanroom/MONT_WORKTREE_af4c5abd/proofs/cbmc/poly_sub/Makefile,provenance/montgomery-reduce/source-snapshots/base-worktree-af4c5abd/proofs/cbmc/poly_sub/Makefile
d59524be1588b115050da971e26fbaa8d0766b4162565970be0b53fd954e3976,399,3,mlk_montgomery_cleanroom/MONT_WORKTREE_af4c5abd/proofs/cbmc/gen_matrix_serial/gen_matrix_serial_harness.c,provenance/montgomery-reduce/source-snapshots/base-worktree-af4c5abd/proofs/cbmc/gen_matrix_serial/gen_matrix_serial_harness.c
d5c56dd44f5936368ec2a1f54cd1a6436675396571e765c4899113ce04e36e6e,2670,3,mlk_montgomery_cleanroom/MONT_WORKTREE_af4c5abd/test/abicheck/x86_64/checks/check_polyvec_basemul_acc_montgomery_cached_k2_avx2_asm.c,provenance/montgomery-reduce/source-snapshots/base-worktree-af4c5abd/test/abicheck/x86_64/checks/check_polyvec_basemul_acc_montgomery_cached_k2_avx2_asm.c
d5e7dc9c5419927afabd2ac6ca51f86e1198bf4e546180f61133a781e6b8d7e1,13553,3,mlk_montgomery_cleanroom/MONT_WORKTREE_af4c5abd/proofs/hol_light/aarch64/proofs/poly_tomont_aarch64_asm.ml,provenance/montgomery-reduce/source-snapshots/base-worktree-af4c5abd/proofs/hol_light/aarch64/proofs/poly_tomont_aarch64_asm.ml
d66952d2938ca6b747987569e7835870ac03eae003fe31ae525e0bdd23cc9635,484,3,mlk_montgomery_cleanroom/MONT01A_D2_20260726T141230Z/MONT_T1_AUTHORITATIVE_SNAPSHOT/logs/drop_unused_functions-log.txt,experiments/montgomery-reduce/MONT01-exact-refinement/raw-runs/02-authoritative-proof-and-false-control/MONT01A_D2_20260726T141230Z/MONT_T1_AUTHORITATIVE_SNAPSHOT/logs/drop_unused_functions-log.txt
d66aaf515aaff3da763ab7f636812e7444501f85d8441c4d1acb23fa4820de5e,1849,27,mlk_montgomery_cleanroom/MONT_WORKTREE_af4c5abd/examples/basic/mlkem_native/src/native/riscv64/src/arith_native_riscv64.h,provenance/montgomery-reduce/source-snapshots/base-worktree-af4c5abd/examples/basic/mlkem_native/src/native/riscv64/src/arith_native_riscv64.h
d6a293fdbb535323feebf64ad14c0a0a6abedad7466e993e3aa96f332f04e346,1131,3,mlk_montgomery_cleanroom/MONT_WORKTREE_af4c5abd/test/abicheck/x86_64/selftest_x86_64.S,provenance/montgomery-reduce/source-snapshots/base-worktree-af4c5abd/test/abicheck/x86_64/selftest_x86_64.S
d6ba017de742fb604a191a7f5d20449ac66beec77770aaf6fcd4c84aa0418efc,22793,3,mlk_montgomery_cleanroom/MONT_WORKTREE_af4c5abd/test/configs/custom_heap_alloc_config.h,provenance/montgomery-reduce/source-snapshots/base-worktree-af4c5abd/test/configs/custom_heap_alloc_config.h
d6d3e18744717b1e55aa87cc639a4c6a74da36b485cfd8b33eb0acbd040df7e6,78071,3,mlk_montgomery_cleanroom/MONT_WORKTREE_af4c5abd/proofs/hol_light/x86_64/proofs/ntt_avx2_asm.ml,provenance/montgomery-reduce/source-snapshots/base-worktree-af4c5abd/proofs/hol_light/x86_64/proofs/ntt_avx2_asm.ml
d6f4b8d4e9ed83a6ef245f1544c035c1d1e4d8faca31644cfdd42dc30acc1d8a,1132,3,mlk_montgomery_cleanroom/MONT_WORKTREE_af4c5abd/test/abicheck/aarch64/abicheck_aarch64.mk,provenance/montgomery-reduce/source-snapshots/base-worktree-af4c5abd/test/abicheck/aarch64/abicheck_aarch64.mk
d722eea45d6640d87f0dd6328edf71064a290e70b38032338fc264f00a96e46d,1989,1,mlk_montgomery_cleanroom/MONT_WORKTREE_af4c5abd/proofs/cbmc/mont_t2a_p3_witness_PN/mont_t2a_p3_witness_PN_harness.c,provenance/montgomery-reduce/source-snapshots/base-worktree-af4c5abd/proofs/cbmc/mont_t2a_p3_witness_PN/mont_t2a_p3_witness_PN_harness.c
d789c9c5e7014d252047596786e7d5161c1eb122dbf61a7819ee4ab04abbe8a2,2550,3,mlk_montgomery_cleanroom/MONT_WORKTREE_af4c5abd/proofs/cbmc/polyvec_basemul_acc_montgomery_cached_k3_native_x86_64/Makefile,provenance/montgomery-reduce/source-snapshots/base-worktree-af4c5abd/proofs/cbmc/polyvec_basemul_acc_montgomery_cached_k3_native_x86_64/Makefile
d7b311ef1cf76d70edc522da44995c482731e7c7de2fccf10f8d64da78c80318,81692,3,mlk_montgomery_cleanroom/MONT_WORKTREE_af4c5abd/proofs/hol_light/x86_64/proofs/intt_avx2_asm.ml,provenance/montgomery-reduce/source-snapshots/base-worktree-af4c5abd/proofs/hol_light/x86_64/proofs/intt_avx2_asm.ml
d7f34fafd3a51aaa93985f9b59a9586913f8046a30be78dc2213157856b12e0a,506,3,mlk_montgomery_cleanroom/MONT_WORKTREE_af4c5abd/proofs/cbmc/check_pct/check_pct_harness.c,provenance/montgomery-reduce/source-snapshots/base-worktree-af4c5abd/proofs/cbmc/check_pct/check_pct_harness.c
d7f625f1488f40ed5db555f3d4fa772a12c17b1b29e2922a539691184179d494,9138,27,mlk_montgomery_cleanroom/MONT_WORKTREE_af4c5abd/examples/basic/mlkem_native/src/native/x86_64/src/poly_decompress_d10_avx2_asm.S,provenance/montgomery-reduce/source-snapshots/base-worktree-af4c5abd/examples/basic/mlkem_native/src/native/x86_64/src/poly_decompress_d10_avx2_asm.S
d828e5317538c510388be42fa2dc29e3cf332dce7f547736b4f27854d62e3eaf,134327,2,mlk_montgomery_cleanroom/MONT01A_D2_20260726T141230Z/MONT_T1_FALSE_CONTROL_SNAPSHOT/gotos/mont_t1_false_control_harness0500.goto,experiments/montgomery-reduce/MONT01-exact-refinement/raw-runs/02-authoritative-proof-and-false-control/MONT01A_D2_20260726T141230Z/MONT_T1_FALSE_CONTROL_SNAPSHOT/gotos/mont_t1_false_control_harness0500.goto
d8399983f6d8eed9651b76059c01c7ed3e76a569525f5ff474172631bcb29a24,1892,3,mlk_montgomery_cleanroom/MONT_WORKTREE_af4c5abd/proofs/cbmc/scalar_decompress_d5/Makefile,provenance/montgomery-reduce/source-snapshots/base-worktree-af4c5abd/proofs/cbmc/scalar_decompress_d5/Makefile
d85f06f525a9f96e06c8700589c62d640c987393d9194404940a1ca8d666b827,14696,1,mlk_montgomery_cleanroom/MONT01B_R1_M2_M3_20260726T144730Z/MONT01B_R1_TERMINAL_CAPTURE_20260726T144730Z.txt,experiments/montgomery-reduce/MONT01-exact-refinement/raw-runs/03-mutation-sensitivity/01-retry-m3-partial/MONT01B_R1_M2_M3_20260726T144730Z/MONT01B_R1_TERMINAL_CAPTURE_20260726T144730Z.txt
d93a7cc48ce5ad1bcc2b42eaef726d0c678915bdc2b45c3928cf621131fa0024,1298,3,mlk_montgomery_cleanroom/MONT_WORKTREE_af4c5abd/proofs/cbmc/poly_compress_d11_c/Makefile,provenance/montgomery-reduce/source-snapshots/base-worktree-af4c5abd/proofs/cbmc/poly_compress_d11_c/Makefile
d98b3854df020da2877b131ff9d1434a41368846f1267b4db0b71d1bf733366d,75225,3,mlk_montgomery_cleanroom/MONT_WORKTREE_af4c5abd/proofs/hol_light/x86_64/proofs/polyvec_basemul_acc_montgomery_cached_k2_avx2_asm.ml,provenance/montgomery-reduce/source-snapshots/base-worktree-af4c5abd/proofs/hol_light/x86_64/proofs/polyvec_basemul_acc_montgomery_cached_k2_avx2_asm.ml
d9b7dda33701a4b704daa9cbe8c41568ad0c9b89a49c79beffaaf9793902c414,321,3,mlk_montgomery_cleanroom/MONT01A_D2_20260726T141230Z/MONT_T1_AUTHORITATIVE_SNAPSHOT/logs/remove_function_body-log.txt,experiments/montgomery-reduce/MONT01-exact-refinement/raw-runs/02-authoritative-proof-and-false-control/MONT01A_D2_20260726T141230Z/MONT_T1_AUTHORITATIVE_SNAPSHOT/logs/remove_function_body-log.txt
d9bccec1634bd856418edb5becc17fc414673bdf3b1941972ef4960c1c8796e5,269,2,mlk_montgomery_cleanroom/MONT02A_FULL_T2_FUNCTIONAL_20260726T192057Z/P3_PP/build.log.clean,experiments/montgomery-reduce/MONT02-relational-low-word-laws/raw-runs/06-p3-sign-partition-complete/MONT02A_FULL_T2_FUNCTIONAL_20260726T192057Z/P3_PP/build.log.clean
d9bfb9b361d32af9ec472b530f2f6f54db8d085561ba442f7447f64bd57b9230,3412,3,mlk_montgomery_cleanroom/MONT_WORKTREE_af4c5abd/dev/fips202/aarch64/src/fips202_native_aarch64.h,provenance/montgomery-reduce/source-snapshots/base-worktree-af4c5abd/dev/fips202/aarch64/src/fips202_native_aarch64.h
d9c1fc30ec475e8ed9f9ef6e8e8fc48f1edb5438c7fa0648f044ef843e5737c7,294,3,mlk_montgomery_cleanroom/MONT_WORKTREE_af4c5abd/proofs/cbmc/kem_dec/kem_dec_harness.c,provenance/montgomery-reduce/source-snapshots/base-worktree-af4c5abd/proofs/cbmc/kem_dec/kem_dec_harness.c
d9c28a6493c6a62203ac684097c483bd258a7608222794d9b811b08c37426c76,396,3,mlk_montgomery_cleanroom/MONT_WORKTREE_af4c5abd/MAINTAINERS.md,provenance/montgomery-reduce/source-snapshots/base-worktree-af4c5abd/MAINTAINERS.md
d9d4effcc7a7adbf4c432e3fe63c22fd22dfaf9db767c65299f988d5df91bdbb,579,3,mlk_montgomery_cleanroom/MONT_WORKTREE_af4c5abd/examples/monolithic_build_multilevel/mlkem_native_all.h,provenance/montgomery-reduce/source-snapshots/base-worktree-af4c5abd/examples/monolithic_build_multilevel/mlkem_native_all.h
da0abcba3f9397405accdd2b891ae2ff3ab1bf3a83bad7e010ee395faa4bc944,120658,1,mlk_montgomery_cleanroom/MONT_T3_WORKTREE_af4c5abd/proofs/cbmc/mont_t3_p6_associativity/gotos/project0200.goto,provenance/montgomery-reduce/worktree-deltas/MONT03-fqmul-algebra-delta/proofs/cbmc/mont_t3_p6_associativity/gotos/project0200.goto
da28716e0e29fbf93048135f61ea47e3a20fe298525ca8147359196bb109cf74,549,3,mlk_montgomery_cleanroom/MONT_WORKTREE_af4c5abd/nix/valgrind/README.md,provenance/montgomery-reduce/source-snapshots/base-worktree-af4c5abd/nix/valgrind/README.md
daa1fce2b18ece1f0158e5600dac6faff39389f80dd4d5a16bebb0cd41a24959,61721,3,mlk_montgomery_cleanroom/MONT_WORKTREE_af4c5abd/proofs/hol_light/x86_64/proofs/poly_compress_d11_avx2_asm.ml,provenance/montgomery-reduce/source-snapshots/base-worktree-af4c5abd/proofs/hol_light/x86_64/proofs/poly_compress_d11_avx2_asm.ml
dae16469290837e13d29fc49688a8bc75c2362a87f201886771da59fadb92807,310,3,mlk_montgomery_cleanroom/MONT_WORKTREE_af4c5abd/proofs/cbmc/scalar_compress_d4/scalar_compress_d4_harness.c,provenance/montgomery-reduce/source-snapshots/base-worktree-af4c5abd/proofs/cbmc/scalar_compress_d4/scalar_compress_d4_harness.c
dafc919536edb89a848eb13227f66d8ebe1d59172d11363f6244f3e67145ba5c,1011,1,mlk_montgomery_cleanroom/MONT00B_MONT01A_20260726T134739Z/MONT_T1_PROOF_SNAPSHOT/logs/check_function_contracts-log.txt,experiments/montgomery-reduce/MONT01-exact-refinement/raw-runs/00-theorem-freeze-and-initial-proof/MONT00B_MONT01A_20260726T134739Z/MONT_T1_PROOF_SNAPSHOT/logs/check_function_contracts-log.txt
db059c559d2ad2c63b9ed8a5a64ba85701c5a6e5e2c2b0c4f71174df2fd2babd,405,3,mlk_montgomery_cleanroom/MONT_WORKTREE_af4c5abd/proofs/cbmc/scalar_signed_to_unsigned_q/scalar_signed_to_unsigned_q_harness.c,provenance/montgomery-reduce/source-snapshots/base-worktree-af4c5abd/proofs/cbmc/scalar_signed_to_unsigned_q/scalar_signed_to_unsigned_q_harness.c
db0816c3bb43c9523f2d3265c9bc905965d77fc83bb1311f83262e0522fa1472,1227,3,mlk_montgomery_cleanroom/MONT_WORKTREE_af4c5abd/dev/aarch64_clean/README.md,provenance/montgomery-reduce/source-snapshots/base-worktree-af4c5abd/dev/aarch64_clean/README.md
db0a2324fefd0858cef94b0ee3d5cd781c0fd2569e4089d435f498e811cc8f50,8332,3,mlk_montgomery_cleanroom/MONT_WORKTREE_af4c5abd/integration/pavona/derand-only.patch,provenance/montgomery-reduce/source-snapshots/base-worktree-af4c5abd/integration/pavona/derand-only.patch
db50e878ddb8eb46bbfdfcc4d7ce6fbbb6fe7eed0b7a66b494024b8cdd45488a,2171,3,mlk_montgomery_cleanroom/MONT_WORKTREE_af4c5abd/proofs/cbmc/rej_uniform_native/Makefile,provenance/montgomery-reduce/source-snapshots/base-worktree-af4c5abd/proofs/cbmc/rej_uniform_native/Makefile
db682e165ad3ce12e863b5a9154058646ed429a606f3d9ac5cd7bf1f92fd6786,2670,3,mlk_montgomery_cleanroom/MONT_WORKTREE_af4c5abd/test/abicheck/x86_64/checks/check_polyvec_basemul_acc_montgomery_cached_k3_avx2_asm.c,provenance/montgomery-reduce/source-snapshots/base-worktree-af4c5abd/test/abicheck/x86_64/checks/check_polyvec_basemul_acc_montgomery_cached_k3_avx2_asm.c
db8ae0984ec4f49b2cd182c5a99d19690af092f8eb0ade7aae9ce2ef49e74655,395,1,mlk_montgomery_cleanroom/MONT_WORKTREE_af4c5abd/proofs/cbmc/mont_t2a_p3_witness_NP/logs/linking-library-models-log.txt,provenance/montgomery-reduce/source-snapshots/base-worktree-af4c5abd/proofs/cbmc/mont_t2a_p3_witness_NP/logs/linking-library-models-log.txt
dbaae9902286baf318e9dfaceaaa5fac897ceaf11e36d1c779c007dc888a683a,297,3,mlk_montgomery_cleanroom/MONT_WORKTREE_af4c5abd/proofs/cbmc/ct_memcmp/ct_memcmp_harness.c,provenance/montgomery-reduce/source-snapshots/base-worktree-af4c5abd/proofs/cbmc/ct_memcmp/ct_memcmp_harness.c
dbb0d0284338f7de96fbe15d606b0944581d3cd72051491d11ecfedc191b81ba,3697,3,mlk_montgomery_cleanroom/MONT_WORKTREE_af4c5abd/test/zephyr/nucleo_n657x0_q/nucleo_host/gdb_script.py,provenance/montgomery-reduce/source-snapshots/base-worktree-af4c5abd/test/zephyr/nucleo_n657x0_q/nucleo_host/gdb_script.py
dbdc4c37aa8203bc4139535d50853e9007bb488ae631b95a6fb226f8a2e22a72,133517,1,mlk_montgomery_cleanroom/MONT_T3_WORKTREE_af4c5abd/proofs/cbmc/mont_t3_p5_distributivity/gotos/mont_t3_p5_distributivity_harness0500.goto,provenance/montgomery-reduce/worktree-deltas/MONT03-fqmul-algebra-delta/proofs/cbmc/mont_t3_p5_distributivity/gotos/mont_t3_p5_distributivity_harness0500.goto
dc389f0d1f8b677c37737608f706292f985e328bd72e668d1c974c8cfbf47793,35953,24,mlk_montgomery_cleanroom/MONT_WORKTREE_af4c5abd/examples/basic/mlkem_native/src/fips202/native/aarch64/src/keccak_f1600_x4_v8a_scalar_hybrid_aarch64_asm.S,provenance/montgomery-reduce/source-snapshots/base-worktree-af4c5abd/examples/basic/mlkem_native/src/fips202/native/aarch64/src/keccak_f1600_x4_v8a_scalar_hybrid_aarch64_asm.S
dc419d322945f43e0c3f9575f364a6f209302ca0e7e7c704bb8061295323539a,5102,3,mlk_montgomery_cleanroom/MONT_WORKTREE_af4c5abd/proofs/hol_light/x86_64/proofs/dump_bytecode.ml,provenance/montgomery-reduce/source-snapshots/base-worktree-af4c5abd/proofs/hol_light/x86_64/proofs/dump_bytecode.ml
dc5ff23e7af7579f6a6baeea3a4a1bb38e030a5a4fd7e2d0d6da053bc9cd5f51,285,3,mlk_montgomery_cleanroom/MONT_WORKTREE_af4c5abd/proofs/cbmc/poly_reduce/poly_reduce_harness.c,provenance/montgomery-reduce/source-snapshots/base-worktree-af4c5abd/proofs/cbmc/poly_reduce/poly_reduce_harness.c
dc6c47f277f6b6a8f56fa0b64818f178da48e58b5f8c7e6f20a37e57c096a7ca,965,1,mlk_montgomery_cleanroom/MONT_WORKTREE_af4c5abd/proofs/cbmc/montgomery_reduce/logs/check_function_contracts-log.txt,provenance/montgomery-reduce/source-snapshots/base-worktree-af4c5abd/proofs/cbmc/montgomery_reduce/logs/check_function_contracts-log.txt
dc6e39b3a8df4424feeb870c200956856602447eef8d93d2d9d8b7c0192289d5,307,1,mlk_montgomery_cleanroom/MONT_WORKTREE_af4c5abd/proofs/cbmc/montgomery_reduce/logs/remove_function_body-log.txt,provenance/montgomery-reduce/source-snapshots/base-worktree-af4c5abd/proofs/cbmc/montgomery_reduce/logs/remove_function_body-log.txt
dc9e85630815d79311b0d91e9777bf8817524d389a2e2167f0b21d7cf835cef3,347,1,mlk_montgomery_cleanroom/MONT_WORKTREE_af4c5abd/proofs/cbmc/mont_t2a_p3_single_call_decomposition/logs/remove_function_body-log.txt,provenance/montgomery-reduce/source-snapshots/base-worktree-af4c5abd/proofs/cbmc/mont_t2a_p3_single_call_decomposition/logs/remove_function_body-log.txt
dcb1b7483b0953269f85c15d8dc46902f9758eb682b083c8dd82d56935a7d3bb,2087,3,mlk_montgomery_cleanroom/MONT_WORKTREE_af4c5abd/proofs/cbmc/polyvec_frombytes/Makefile,provenance/montgomery-reduce/source-snapshots/base-worktree-af4c5abd/proofs/cbmc/polyvec_frombytes/Makefile
dce26ca356762c85fc1a3a529d488b00694a7c0a4c1cfc05cfdab76dd8c3377b,4731,6,mlk_montgomery_cleanroom/MONT_WORKTREE_af4c5abd/examples/bring_your_own_fips202/custom_fips202/tiny_sha3/sha3.c,provenance/montgomery-reduce/source-snapshots/base-worktree-af4c5abd/examples/bring_your_own_fips202/custom_fips202/tiny_sha3/sha3.c
dcf46e4a9b0cc3af0ebfd4851c3da7763a3a23f10bf057e9ebd9917a20ca542d,7046,3,mlk_montgomery_cleanroom/MONT_WORKTREE_af4c5abd/proofs/cbmc/lib/summarize.py,provenance/montgomery-reduce/source-snapshots/base-worktree-af4c5abd/proofs/cbmc/lib/summarize.py
dd519920e3ca01a2cee08a21a6f6c6c2a5736c81150a7b4cf48d7eba9f179d0e,2015,3,mlk_montgomery_cleanroom/MONT_WORKTREE_af4c5abd/proofs/cbmc/rej_uniform/Makefile,provenance/montgomery-reduce/source-snapshots/base-worktree-af4c5abd/proofs/cbmc/rej_uniform/Makefile
dd7ccad9fb60c92d745ccc5f043e0061ee2e3951a199e9f6400504afad7def10,2033,1,mlk_montgomery_cleanroom/MONT_T3_WORKTREE_af4c5abd/proofs/cbmc/mont_t3_p4_montgomery_one/Makefile,provenance/montgomery-reduce/worktree-deltas/MONT03-fqmul-algebra-delta/proofs/cbmc/mont_t3_p4_montgomery_one/Makefile
dd7f10b104a15f1fbe3c83f03569f614afa4c2df558b5d180a65c7acec22ee2b,2910,3,mlk_montgomery_cleanroom/MONT_WORKTREE_af4c5abd/dev/x86_64/src/ntttobytes_avx2_asm.S,provenance/montgomery-reduce/source-snapshots/base-worktree-af4c5abd/dev/x86_64/src/ntttobytes_avx2_asm.S
dda0aa8f701311918cb3e9320c4f73b546713a11e61fca972af08f4c88ae4fe2,754,2,mlk_montgomery_cleanroom/MONT01A_D2_20260726T141230Z/MONT_T1_FALSE_CONTROL_SNAPSHOT/Makefile,experiments/montgomery-reduce/MONT01-exact-refinement/raw-runs/02-authoritative-proof-and-false-control/MONT01A_D2_20260726T141230Z/MONT_T1_FALSE_CONTROL_SNAPSHOT/Makefile
dde5c684bdb8351f24d6abd9986bba3d25d40da55575b202d77970cf62ca204c,22707,3,mlk_montgomery_cleanroom/MONT_WORKTREE_af4c5abd/test/configs/test_alloc_config.h,provenance/montgomery-reduce/source-snapshots/base-worktree-af4c5abd/test/configs/test_alloc_config.h
de5bebae348011d425238fadd6082a2f3cd67cf5aed073fc24d0621a3c8e566d,1057,3,mlk_montgomery_cleanroom/MONT_WORKTREE_af4c5abd/proofs/hol_light/common/keccak_constants.ml,provenance/montgomery-reduce/source-snapshots/base-worktree-af4c5abd/proofs/hol_light/common/keccak_constants.ml
dec32b887922c6feb12fbbe0f319aac5d96c555a1e2e6c134e6cb40a9a1015f4,2095,3,mlk_montgomery_cleanroom/MONT_WORKTREE_af4c5abd/proofs/cbmc/ct_get_optblocker_i32/Makefile,provenance/montgomery-reduce/source-snapshots/base-worktree-af4c5abd/proofs/cbmc/ct_get_optblocker_i32/Makefile
dec9907b690fdfd06f63e3d32818a48f5bc00ddf98d7700291da8d06e270df70,2356,3,mlk_montgomery_cleanroom/MONT_WORKTREE_af4c5abd/proofs/cbmc/poly_compress_d5_native_x86_64/Makefile,provenance/montgomery-reduce/source-snapshots/base-worktree-af4c5abd/proofs/cbmc/poly_compress_d5_native_x86_64/Makefile
dee8b0da4ca812cf3e06ab1180ba5325fe5f2f59dc175be0a85f16bca795e52c,18678,27,mlk_montgomery_cleanroom/MONT_WORKTREE_af4c5abd/examples/basic/mlkem_native/src/native/aarch64/src/ntt_aarch64_asm.S,provenance/montgomery-reduce/source-snapshots/base-worktree-af4c5abd/examples/basic/mlkem_native/src/native/aarch64/src/ntt_aarch64_asm.S
df1322d101b8718c71bdc53c870f30f1bde0b932dc08994e0017c2e1f6d95365,472,2,mlk_montgomery_cleanroom/MONT01A_D2_20260726T141230Z/MONT_T1_FALSE_CONTROL_SNAPSHOT/logs/drop_unused_functions-log.txt,experiments/montgomery-reduce/MONT01-exact-refinement/raw-runs/02-authoritative-proof-and-false-control/MONT01A_D2_20260726T141230Z/MONT_T1_FALSE_CONTROL_SNAPSHOT/logs/drop_unused_functions-log.txt
df582b5462c592df89f0f8764af073acaa968086dc61e6c2d5cd6b12ac43c1b1,19752,36,mlk_montgomery_cleanroom/MONT_WORKTREE_af4c5abd/examples/basic/mlkem_native/mlkem_native.h,provenance/montgomery-reduce/source-snapshots/base-worktree-af4c5abd/examples/basic/mlkem_native/mlkem_native.h
df58711ce3b7e6670621775e894c165a2c64b6fe7a16f9c37f4643d2b1f975eb,394,3,mlk_montgomery_cleanroom/MONT_WORKTREE_af4c5abd/proofs/cbmc/poly_frombytes_native_x86_64/poly_frombytes_native_x86_64_harness.c,provenance/montgomery-reduce/source-snapshots/base-worktree-af4c5abd/proofs/cbmc/poly_frombytes_native_x86_64/poly_frombytes_native_x86_64_harness.c
df5f6c4eb03a3c34de8b5aa4bab1ca2b0b912eab11754bdc0fcdc0e2f4bac304,357,3,mlk_montgomery_cleanroom/MONT03A_T3_PARALLEL_20260726T202205Z/T3_SEMANTIC_BUILD.log.clean,experiments/montgomery-reduce/MONT03-normalized-fqmul-algebra/raw-runs/04-complete-parallel-run/MONT03A_T3_PARALLEL_20260726T202205Z/T3_SEMANTIC_BUILD.log.clean
dfa02acbcb2952c6edc42e128d99861f1d9879b8ed3bfd3f065ff9c2ffbd42fe,3386,3,mlk_montgomery_cleanroom/MONT_WORKTREE_af4c5abd/integration/aws-lc/pre_import.patch,provenance/montgomery-reduce/source-snapshots/base-worktree-af4c5abd/integration/aws-lc/pre_import.patch
dfc92ba0a3c1d0c5e1de829302194ba8010f5b78473288ce309eb18b4f1f642d,13387,3,mlk_montgomery_cleanroom/MONT_WORKTREE_af4c5abd/.github/actions/config-variations/action.yml,provenance/montgomery-reduce/source-snapshots/base-worktree-af4c5abd/.github/actions/config-variations/action.yml
dfeb023560d4c6bcd437710db3908cd27ddf492b365ef4650147133172c14961,162901,1,mlk_montgomery_cleanroom/MONT_WORKTREE_af4c5abd/proofs/cbmc/mont_t2a_p3_witness_NP/gotos/mont_t2a_p3_witness_NP_harness0600.goto,provenance/montgomery-reduce/source-snapshots/base-worktree-af4c5abd/proofs/cbmc/mont_t2a_p3_witness_NP/gotos/mont_t2a_p3_witness_NP_harness0600.goto
e016914efdf1f90bd892d808102bff3050a732a0045702452ce17ccb278d482a,1517,3,mlk_montgomery_cleanroom/MONT_WORKTREE_af4c5abd/proofs/cbmc/poly_decompress_d5_native/Makefile,provenance/montgomery-reduce/source-snapshots/base-worktree-af4c5abd/proofs/cbmc/poly_decompress_d5_native/Makefile
e01a0abbc9571bf3407fc25382131bf307ac9c94f0e5c00b6cecc2ae7b41a256,758,3,mlk_montgomery_cleanroom/MONT_WORKTREE_af4c5abd/integration/liboqs/fips202_glue.h,provenance/montgomery-reduce/source-snapshots/base-worktree-af4c5abd/integration/liboqs/fips202_glue.h
e0627461ae344d2d51bcee96b2f95d3673b0a933fa1edfc3314b12923b85479e,10221,3,mlk_montgomery_cleanroom/MONT_WORKTREE_af4c5abd/test/hal/hal.c,provenance/montgomery-reduce/source-snapshots/base-worktree-af4c5abd/test/hal/hal.c
e0cca063ed78cc48f0d0fad8acd1aebc126d18912166687a6169708fd2630050,445,1,mlk_montgomery_cleanroom/MONT02A_FULL_T2_FUNCTIONAL_20260726T192057Z/P3_PP/summary.txt,experiments/montgomery-reduce/MONT02-relational-low-word-laws/raw-runs/06-p3-sign-partition-complete/MONT02A_FULL_T2_FUNCTIONAL_20260726T192057Z/P3_PP/summary.txt
e0f9e3e437eee7ce11a3d1fefa805290465e44f5895331dc3dc9abd7947bf9de,13365,1,mlk_montgomery_cleanroom/MONT01A_D1_20260726T135526Z/T1_DIRECT_CBMC.log,experiments/montgomery-reduce/MONT01-exact-refinement/raw-runs/01-development-repair/MONT01A_D1_20260726T135526Z/T1_DIRECT_CBMC.log
e10802a1ccf404afdee4648ff0b73950b9135a9c83428a37c395511303a2b42f,11300,3,mlk_montgomery_cleanroom/MONT_WORKTREE_af4c5abd/proofs/hol_light/x86_64/mlkem/nttunpack_avx2_asm.S,provenance/montgomery-reduce/source-snapshots/base-worktree-af4c5abd/proofs/hol_light/x86_64/mlkem/nttunpack_avx2_asm.S
e11c0ce142b11ea5ee06f7e15c6d62558fd071f4419ea347c5f035ee8e892334,667,3,mlk_montgomery_cleanroom/MONT_WORKTREE_af4c5abd/.github/workflows/wycheproof-updates.yml,provenance/montgomery-reduce/source-snapshots/base-worktree-af4c5abd/.github/workflows/wycheproof-updates.yml
e128dcc6ffefe06006a543f95e74763e174bf376d98303c8fe2f6fededb884fd,467,3,mlk_montgomery_cleanroom/MONT_WORKTREE_af4c5abd/proofs/cbmc/gen_matrix/gen_matrix_harness.c,provenance/montgomery-reduce/source-snapshots/base-worktree-af4c5abd/proofs/cbmc/gen_matrix/gen_matrix_harness.c
e1355402a0b350de1546c31fb62139ba679d7baf2363d49c140f989c52b944e6,172236,2,mlk_montgomery_cleanroom/MONT_T3_WORKTREE_af4c5abd/proofs/cbmc/mont_t3_p2_p3_relational/gotos/mont_t3_p2_p3_relational_harness.goto,provenance/montgomery-reduce/worktree-deltas/MONT03-fqmul-algebra-delta/proofs/cbmc/mont_t3_p2_p3_relational/gotos/mont_t3_p2_p3_relational_harness.goto
e13703eed0d0c9232fe88ee5cf7ff6a30f5e666f279449eab1187ce8d8866287,3682,3,mlk_montgomery_cleanroom/MONT_WORKTREE_af4c5abd/dev/x86_64/src/poly_decompress_d10_avx2_asm.S,provenance/montgomery-reduce/source-snapshots/base-worktree-af4c5abd/dev/x86_64/src/poly_decompress_d10_avx2_asm.S
e152624ca07bfbe9e3f048dc867fddd5a0e7d45535dc83f634113ec51e5f8ab3,2210,3,mlk_montgomery_cleanroom/MONT_WORKTREE_af4c5abd/.github/workflows/ci_ec2_any.yml,provenance/montgomery-reduce/source-snapshots/base-worktree-af4c5abd/.github/workflows/ci_ec2_any.yml
e16edbff8578504d93a551e2ff4f8c4ec681cd6379451ae51c519ccef6a7c19e,303,3,mlk_montgomery_cleanroom/MONT_WORKTREE_af4c5abd/proofs/cbmc/poly_invntt_tomont_c/poly_invntt_tomont_c_harness.c,provenance/montgomery-reduce/source-snapshots/base-worktree-af4c5abd/proofs/cbmc/poly_invntt_tomont_c/poly_invntt_tomont_c_harness.c
e1783332d6248856c4b53d4b777b50fd4ab0eab409ea1c2722ecfc7b6b8809ac,1676,27,mlk_montgomery_cleanroom/MONT_WORKTREE_af4c5abd/dev/fips202/x86_64/src/keccakf1600_constants.c,provenance/montgomery-reduce/source-snapshots/base-worktree-af4c5abd/dev/fips202/x86_64/src/keccakf1600_constants.c
e19a40e149838a550d29808955b2821d6540ebc407dafa61b4c43046c88c2268,2128,3,mlk_montgomery_cleanroom/MONT_WORKTREE_af4c5abd/proofs/cbmc/keccak_absorb_once_x4/Makefile,provenance/montgomery-reduce/source-snapshots/base-worktree-af4c5abd/proofs/cbmc/keccak_absorb_once_x4/Makefile
e1ea9cedff44b769cf5fce72af6549651b1b6b9b02ec910b7a03be8a2c98ccb6,133526,1,mlk_montgomery_cleanroom/MONT_WORKTREE_af4c5abd/proofs/cbmc/mont_t2b_fibre_translation/gotos/mont_t2b_fibre_translation_harness0400.goto,provenance/montgomery-reduce/source-snapshots/base-worktree-af4c5abd/proofs/cbmc/mont_t2b_fibre_translation/gotos/mont_t2b_fibre_translation_harness0400.goto
e239f5d705fca7729e7838e836aa2fab814ddc4ffbaf7eeb73a32242b15d960d,13133,36,mlk_montgomery_cleanroom/MONT_WORKTREE_af4c5abd/examples/basic/mlkem_native/src/kem.h,provenance/montgomery-reduce/source-snapshots/base-worktree-af4c5abd/examples/basic/mlkem_native/src/kem.h
e23eaf928dd3fad0bf7efe8e2a0f7b80d66cc1086445b31c73db9bfa0ccfa4f5,47275,1,mlk_montgomery_cleanroom/MONT_WORKTREE_af4c5abd/proofs/cbmc/mont_t2a_p3_witness_NN/gotos/proof0100.goto,provenance/montgomery-reduce/source-snapshots/base-worktree-af4c5abd/proofs/cbmc/mont_t2a_p3_witness_NN/gotos/proof0100.goto
e240fb54983cac8cb0ff5cd82861c44dcd0b9947d2f621c3c89b05c8b09d8939,134754,2,mlk_montgomery_cleanroom/MONT_WORKTREE_af4c5abd/proofs/cbmc/mont_t2a_arbitrary_pair/gotos/mont_t2a_arbitrary_pair_harness0200.goto,provenance/montgomery-reduce/source-snapshots/base-worktree-af4c5abd/proofs/cbmc/mont_t2a_arbitrary_pair/gotos/mont_t2a_arbitrary_pair_harness0200.goto
e268e1eceee475df9deb5003601cdecc3fc32a5ddb2c6891bef36ac1c1ad172a,329,6,mlk_montgomery_cleanroom/MONT_WORKTREE_af4c5abd/proofs/cbmc/ntt_native_aarch64/ntt_native_aarch64_harness.c,provenance/montgomery-reduce/source-snapshots/base-worktree-af4c5abd/proofs/cbmc/ntt_native_aarch64/ntt_native_aarch64_harness.c
e29beb32307d5ea4547a414887446c4de92ca997e0596d290978989ed04ca8ea,54,1,mlk_montgomery_cleanroom/MONT_T3_WORKTREE_af4c5abd/proofs/cbmc/mont_t3_p6_associativity/.litani_cache_dir,provenance/montgomery-reduce/worktree-deltas/MONT03-fqmul-algebra-delta/proofs/cbmc/mont_t3_p6_associativity/.litani_cache_dir
e2b6a6ff91ed35fc97503c141baba4ccd9d2a0102463a2e38cc02d5ffd43d00b,155034,1,mlk_montgomery_cleanroom/MONT_WORKTREE_af4c5abd/proofs/cbmc/mont_t2a_arbitrary_pair/gotos/mont_t2a_arbitrary_pair_harness0700.goto,provenance/montgomery-reduce/source-snapshots/base-worktree-af4c5abd/proofs/cbmc/mont_t2a_arbitrary_pair/gotos/mont_t2a_arbitrary_pair_harness0700.goto
e2e561c6b856b2c18af3fddfb804aeef8611173468536dc7cb08d1b7a8e18c5e,5583,3,mlk_montgomery_cleanroom/MONT_WORKTREE_af4c5abd/proofs/hol_light/aarch64/Makefile,provenance/montgomery-reduce/source-snapshots/base-worktree-af4c5abd/proofs/hol_light/aarch64/Makefile
e3cb204537aeb5c6139367b692d8ded17a484b7d478a044a52401675fb95edc8,2613,3,mlk_montgomery_cleanroom/MONT_WORKTREE_af4c5abd/test/abicheck/x86_64/checks/check_keccak_f1600_x4_avx2_asm.c,provenance/montgomery-reduce/source-snapshots/base-worktree-af4c5abd/test/abicheck/x86_64/checks/check_keccak_f1600_x4_avx2_asm.c
e3f917f53319f50a346278ef65b97e0e693bdc0dc237ed054aa0da388a93424f,300,3,mlk_montgomery_cleanroom/MONT_WORKTREE_af4c5abd/proofs/cbmc/polyvec_decompress_du/polyvec_decompress_du_harness.c,provenance/montgomery-reduce/source-snapshots/base-worktree-af4c5abd/proofs/cbmc/polyvec_decompress_du/polyvec_decompress_du_harness.c
e412df69361fa769903a1357c4e26600a1e24adc6ad22516accc944816aba0d1,365,1,mlk_montgomery_cleanroom/MONT_T3_WORKTREE_af4c5abd/proofs/cbmc/mont_t3_p1_refinement/logs/unwind_loops-log.txt,provenance/montgomery-reduce/worktree-deltas/MONT03-fqmul-algebra-delta/proofs/cbmc/mont_t3_p1_refinement/logs/unwind_loops-log.txt
e467153a7c219afa6bc9a1d3c96277ee06531464e330bcdb3b3f834c6ca84dec,313,6,mlk_montgomery_cleanroom/MONT_WORKTREE_af4c5abd/proofs/cbmc/poly_frombytes/poly_frombytes_harness.c,provenance/montgomery-reduce/source-snapshots/base-worktree-af4c5abd/proofs/cbmc/poly_frombytes/poly_frombytes_harness.c
e47939c03998bb2a6e01e8c7cef7c34ecbdaeca437192c78683abe1364c68d20,798,3,mlk_montgomery_cleanroom/MONT_WORKTREE_af4c5abd/.github/actions/setup-apt/action.yml,provenance/montgomery-reduce/source-snapshots/base-worktree-af4c5abd/.github/actions/setup-apt/action.yml
e4b4643ee75f886c65bb8de85c7b2e30da7063c7297e1e37518804ac7476c8cd,54,1,mlk_montgomery_cleanroom/MONT00B_MONT01A_20260726T134739Z/MONT_T1_PROOF_SNAPSHOT/.litani_cache_dir,experiments/montgomery-reduce/MONT01-exact-refinement/raw-runs/00-theorem-freeze-and-initial-proof/MONT00B_MONT01A_20260726T134739Z/MONT_T1_PROOF_SNAPSHOT/.litani_cache_dir
e4bbf4a97f30beb8f36976826d957d30c8a0d7dda02039ad78631bcc59da2ea7,2423,1,mlk_montgomery_cleanroom/MONT02A_FULL_T2_FUNCTIONAL_20260726T184223Z/MONT02A_R2_P3_FINALIZER_CAPTURE_20260726T184223Z.txt,experiments/montgomery-reduce/MONT02-relational-low-word-laws/raw-runs/05-p3-sign-partition-attempt/MONT02A_FULL_T2_FUNCTIONAL_20260726T184223Z/MONT02A_R2_P3_FINALIZER_CAPTURE_20260726T184223Z.txt
e4d1c95cda7255dbf571be797464e02913230e0929e363349ce91bed1557eb2f,5246,1,mlk_montgomery_cleanroom/MONT01B_R1_M2_M3_20260726T150507Z/M3_SHIFT_BY_15/make.log,experiments/montgomery-reduce/MONT01-exact-refinement/raw-runs/03-mutation-sensitivity/03-retry-m2-partial/MONT01B_R1_M2_M3_20260726T150507Z/M3_SHIFT_BY_15/make.log
e4d57b8c9814ff683c9edb84c17eafb4de2a9e2d9e0c48171b3b2876158d1d7b,117766,1,mlk_montgomery_cleanroom/MONT_WORKTREE_af4c5abd/proofs/cbmc/mont_t2a_arbitrary_pair/gotos/project0100.goto,provenance/montgomery-reduce/source-snapshots/base-worktree-af4c5abd/proofs/cbmc/mont_t2a_arbitrary_pair/gotos/project0100.goto
e4f400655da441655cb3bf99a00a29384804f9ae30dd6ddb45480a25fcef9265,22292,3,mlk_montgomery_cleanroom/MONT_WORKTREE_af4c5abd/examples/multilevel_build/mlkem_native/mlkem_native_config.h,provenance/montgomery-reduce/source-snapshots/base-worktree-af4c5abd/examples/multilevel_build/mlkem_native/mlkem_native_config.h
e53300647fbe16583774d443800005320f8ec7e2e6378520b26137cdaf29d3f2,2030,3,mlk_montgomery_cleanroom/MONT_WORKTREE_af4c5abd/proofs/cbmc/ct_cmov_zero/Makefile,provenance/montgomery-reduce/source-snapshots/base-worktree-af4c5abd/proofs/cbmc/ct_cmov_zero/Makefile
e5794b2574edd1871e270e11a9ac45c49958d9e7810a1e5d757442cf47ad4196,371,3,mlk_montgomery_cleanroom/MONT01A_D2_20260726T141230Z/MONT_T1_AUTHORITATIVE_SNAPSHOT/logs/unwind_loops-log.txt,experiments/montgomery-reduce/MONT01-exact-refinement/raw-runs/02-authoritative-proof-and-false-control/MONT01A_D2_20260726T141230Z/MONT_T1_AUTHORITATIVE_SNAPSHOT/logs/unwind_loops-log.txt
e5a6c16de3c646d0f5dcf19d8d0a763ab8cb4d8df57625337e81331f5443f994,10567,3,mlk_montgomery_cleanroom/MONT_WORKTREE_af4c5abd/.github/workflows/ci_ec2_reusable.yml,provenance/montgomery-reduce/source-snapshots/base-worktree-af4c5abd/.github/workflows/ci_ec2_reusable.yml
e5cd9875c092d872e33930ff03dbc3d3e00e52a293271fe3ea6722ca45c0c224,171919,2,mlk_montgomery_cleanroom/MONT01A_D2_20260726T141230Z/MONT_T1_FALSE_CONTROL_SNAPSHOT/gotos/mont_t1_false_control_harness0600.goto,experiments/montgomery-reduce/MONT01-exact-refinement/raw-runs/02-authoritative-proof-and-false-control/MONT01A_D2_20260726T141230Z/MONT_T1_FALSE_CONTROL_SNAPSHOT/gotos/mont_t1_false_control_harness0600.goto
e5ddd2b144d4006bc515a7259dc85be96f2029bcff1ab8802e8aa683767adeb9,2165,27,mlk_montgomery_cleanroom/MONT_WORKTREE_af4c5abd/dev/fips202/aarch64/src/keccakf1600_round_constants.c,provenance/montgomery-reduce/source-snapshots/base-worktree-af4c5abd/dev/fips202/aarch64/src/keccakf1600_round_constants.c
e630ab09acca294530b71d574d37fb39e13583425fe87f2beb8db69b24a5743d,985,3,mlk_montgomery_cleanroom/MONT03A_T3_PARALLEL_20260726T202205Z/MONT03A_T3_THEOREM_REGISTRY.md,experiments/montgomery-reduce/MONT03-normalized-fqmul-algebra/raw-runs/04-complete-parallel-run/MONT03A_T3_PARALLEL_20260726T202205Z/MONT03A_T3_THEOREM_REGISTRY.md
e632f739b762015059d96db2447db30b33dc94aee353b9503ee40f286becf7d9,177235,1,mlk_montgomery_cleanroom/MONT_T3_WORKTREE_af4c5abd/proofs/cbmc/mont_t3_p5_distributivity/gotos/mont_t3_p5_distributivity_harness0700.goto,provenance/montgomery-reduce/worktree-deltas/MONT03-fqmul-algebra-delta/proofs/cbmc/mont_t3_p5_distributivity/gotos/mont_t3_p5_distributivity_harness0700.goto
e6b0ea04bcc67716a73be26246b2e7ce420dfdedab46d163dfe4e8b112f56a99,506,4,mlk_montgomery_cleanroom/MONT01B_R1_M2_M3_20260726T151104Z/M3_SHIFT_BY_15/source-mutation.diff,experiments/montgomery-reduce/MONT01-exact-refinement/raw-runs/03-mutation-sensitivity/04-complete-three-mutant-run/MONT01B_R1_M2_M3_20260726T151104Z/M3_SHIFT_BY_15/source-mutation.diff
e6c30c493f7e9ef80b9838285fa698423f4cdbd53e560737a530c75b86938852,596,1,mlk_montgomery_cleanroom/MONT03A_T3_PARALLEL_20260726T202205Z/T3_ALGEBRA_DIRECT_CBMC.log,experiments/montgomery-reduce/MONT03-normalized-fqmul-algebra/raw-runs/04-complete-parallel-run/MONT03A_T3_PARALLEL_20260726T202205Z/T3_ALGEBRA_DIRECT_CBMC.log
e6ce3f2f43908915b1e1c54518e610d9745830f4fe11abd4522dc1abb90fcf2a,362,3,mlk_montgomery_cleanroom/MONT_WORKTREE_af4c5abd/proofs/hol_light/x86_64/list_proofs.sh,provenance/montgomery-reduce/source-snapshots/base-worktree-af4c5abd/proofs/hol_light/x86_64/list_proofs.sh
e6cee5b0ba7bc2dd4755731d855afcc57e974d545345de7b774dc9b4c6c2f14b,22294,3,mlk_montgomery_cleanroom/MONT_WORKTREE_af4c5abd/test/configs/custom_randombytes_config.h,provenance/montgomery-reduce/source-snapshots/base-worktree-af4c5abd/test/configs/custom_randombytes_config.h
e6dd272206bc17c2769fc2d9dd859885bf970ae31470bfb45af9ec0bccb82d00,162901,1,mlk_montgomery_cleanroom/MONT_WORKTREE_af4c5abd/proofs/cbmc/mont_t2a_p3_witness_PP/gotos/mont_t2a_p3_witness_PP_harness0600.goto,provenance/montgomery-reduce/source-snapshots/base-worktree-af4c5abd/proofs/cbmc/mont_t2a_p3_witness_PP/gotos/mont_t2a_p3_witness_PP_harness0600.goto
e6e238ad82d3373f1dba7129c08913f1b767bc401c3078231e9f94e72264fd9f,496,3,mlk_montgomery_cleanroom/MONT_WORKTREE_af4c5abd/proofs/cbmc/poly_decompress_d4_native_x86_64/poly_decompress_d4_native_x86_64_harness.c,provenance/montgomery-reduce/source-snapshots/base-worktree-af4c5abd/proofs/cbmc/poly_decompress_d4_native_x86_64/poly_decompress_d4_native_x86_64_harness.c
e764fe3115cab2093bec75c23498ede4fa6648de8eb10ad9f704a5c617fa69b5,134476,1,mlk_montgomery_cleanroom/MONT_WORKTREE_af4c5abd/proofs/cbmc/mont_t2a_p3_witness_PP/gotos/mont_t2a_p3_witness_PP_harness0100.goto,provenance/montgomery-reduce/source-snapshots/base-worktree-af4c5abd/proofs/cbmc/mont_t2a_p3_witness_PP/gotos/mont_t2a_p3_witness_PP_harness0100.goto
e7833b1ae30cec2623a28ac033bfce90c9eb492cf8ecbcd6bb4f6ccd2f80b72b,134403,2,mlk_montgomery_cleanroom/MONT_WORKTREE_af4c5abd/proofs/cbmc/mont_t2a_p3_witness_PN/gotos/mont_t2a_p3_witness_PN_harness0200.goto,provenance/montgomery-reduce/source-snapshots/base-worktree-af4c5abd/proofs/cbmc/mont_t2a_p3_witness_PN/gotos/mont_t2a_p3_witness_PN_harness0200.goto
e7f6c011776e8db7cd330b54174fd76f7d0216b612387a5ffcfb81e6f0919683,1,5,mlk_montgomery_cleanroom/MONT02A_FULL_T2_FUNCTIONAL_20260726T194555Z/BACKENDS/PROBE_BITWUZLA.rc,experiments/montgomery-reduce/MONT02-relational-low-word-laws/raw-runs/07-solver-backend-probes/MONT02A_FULL_T2_FUNCTIONAL_20260726T194555Z/BACKENDS/PROBE_BITWUZLA.rc
e80c69e2e9bb747e3821b5a5500d515468f8a588fc00211440f618685f37d8ee,317,1,mlk_montgomery_cleanroom/MONT_WORKTREE_af4c5abd/proofs/cbmc/mont_t2a_p3_witness_PN/logs/remove_function_body-log.txt,provenance/montgomery-reduce/source-snapshots/base-worktree-af4c5abd/proofs/cbmc/mont_t2a_p3_witness_PN/logs/remove_function_body-log.txt
e8207c332522362c04999d36a2365096cd83bfbfe7b949b8570722cfa4758855,2012,1,mlk_montgomery_cleanroom/MONT_T4_WORKTREE_af4c5abd_20260726T225651Z/proofs/cbmc/mont_t4_p2_p3_p5_bijection_locality/Makefile,provenance/montgomery-reduce/worktree-deltas/MONT04-poly-tomont-delta/proofs/cbmc/mont_t4_p2_p3_p5_bijection_locality/Makefile
e84d06933a033de2ec76d2a719ad072416890df3b23a56f692323506890e8f07,1971,3,mlk_montgomery_cleanroom/MONT_WORKTREE_af4c5abd/FIPS202.md,provenance/montgomery-reduce/source-snapshots/base-worktree-af4c5abd/FIPS202.md
ea5a2c936cee3d8e7cac0b14d59058d47795ff94d2571c2c9edf2ce5efce2f65,510,1,mlk_montgomery_cleanroom/MONT_WORKTREE_af4c5abd/proofs/cbmc/mont_t2a_p3_single_call_decomposition/logs/restrict_function_pointer-log.txt,provenance/montgomery-reduce/source-snapshots/base-worktree-af4c5abd/proofs/cbmc/mont_t2a_p3_single_call_decomposition/logs/restrict_function_pointer-log.txt
ea76138bb7a1c0fb4d20784daed7eb84d7f8e815dfe19df4ddb2de80c0991397,401,6,mlk_montgomery_cleanroom/MONT_WORKTREE_af4c5abd/proofs/cbmc/poly_getnoise_eta1_4x/poly_getnoise_eta1_4x_harness.c,provenance/montgomery-reduce/source-snapshots/base-worktree-af4c5abd/proofs/cbmc/poly_getnoise_eta1_4x/poly_getnoise_eta1_4x_harness.c
ea7d0f717b21481e2d0e3dfe8c0018c44e3ed4acec06f5d7ebc03779259fccc4,16070,1,mlk_montgomery_cleanroom/MONT01A_D2_20260726T141230Z/MONT01A_D2_FILE_MANIFEST.sha256,experiments/montgomery-reduce/MONT01-exact-refinement/raw-runs/02-authoritative-proof-and-false-control/MONT01A_D2_20260726T141230Z/MONT01A_D2_FILE_MANIFEST.sha256
eaa0861b41de7973ccba8ec0dc79ab40871f821f3746a0114892c54194dbb3e6,52862,1,mlk_montgomery_cleanroom/MONT03A_SOURCE_CAPTURE_20260726T221050Z/MONT03A_TERMINAL_CAPTURE_20260726T221050Z.txt,experiments/montgomery-reduce/MONT03-normalized-fqmul-algebra/raw-runs/01-final-source-capture/MONT03A_SOURCE_CAPTURE_20260726T221050Z/MONT03A_TERMINAL_CAPTURE_20260726T221050Z.txt
eadd33a23d93440740b783f180c4a5d32a4ae4b542dca445bc2c5d4a35296f6a,22921,3,mlk_montgomery_cleanroom/MONT_WORKTREE_af4c5abd/test/configs/custom_native_capability_config_ID_AA64PFR1_EL1.h,provenance/montgomery-reduce/source-snapshots/base-worktree-af4c5abd/test/configs/custom_native_capability_config_ID_AA64PFR1_EL1.h
eb30d087373d9f809ef8bcbf5396e68e79f0b210efd9436c47f9c5dd2b07a089,604,27,mlk_montgomery_cleanroom/MONT_WORKTREE_af4c5abd/examples/basic/mlkem_native/src/native/meta.h,provenance/montgomery-reduce/source-snapshots/base-worktree-af4c5abd/examples/basic/mlkem_native/src/native/meta.h
eb3b7b1212c1506e30e593f408f60de0cdfe76912a42be7890e1fd0c79673be7,6476,1,mlk_montgomery_cleanroom/MONT02A_FULL_T2_FUNCTIONAL_20260726T192057Z/P3_NP/properties.txt,experiments/montgomery-reduce/MONT02-relational-low-word-laws/raw-runs/06-p3-sign-partition-complete/MONT02A_FULL_T2_FUNCTIONAL_20260726T192057Z/P3_NP/properties.txt
eb4e32f368c82798bcee3a2a21d53f5c9b5f32baaa6c654fb80bbc82be5b9a73,2163,1,mlk_montgomery_cleanroom/MONT04B_T4_HARNESS_FREEZE_20260726T225651Z/MONT04B_T4_THEOREM_REGISTRY.txt,experiments/montgomery-reduce/MONT04-poly-tomont-roundtrip-locality/raw-runs/01-frozen-harness-family/MONT04B_T4_HARNESS_FREEZE_20260726T225651Z/MONT04B_T4_THEOREM_REGISTRY.txt
eb680baa155f54fb8f7da9a07ff607385b726f781043203ccc88ce6dd155e4b6,2171,3,mlk_montgomery_cleanroom/MONT_WORKTREE_af4c5abd/proofs/cbmc/poly_tomont_native/Makefile,provenance/montgomery-reduce/source-snapshots/base-worktree-af4c5abd/proofs/cbmc/poly_tomont_native/Makefile
eb7e69e2b95422539c311de5a0a1c0515209e2feda10b8098d8b618ea8bf3d08,3638,3,mlk_montgomery_cleanroom/MONT_WORKTREE_af4c5abd/BUILDING.md,provenance/montgomery-reduce/source-snapshots/base-worktree-af4c5abd/BUILDING.md
eb878ba67049bfec1d734be5b6d68061d91d097c86fe701eb40331f6ea2cb260,11050,3,mlk_montgomery_cleanroom/MONT_WORKTREE_af4c5abd/dev/aarch64_clean/src/intt_aarch64_asm.S,provenance/montgomery-reduce/source-snapshots/base-worktree-af4c5abd/dev/aarch64_clean/src/intt_aarch64_asm.S
ebcc04c8b0c7d8ffb084be4e15a64b90820b1240358261b15c4ac099bd740797,414,3,mlk_montgomery_cleanroom/MONT_WORKTREE_af4c5abd/proofs/cbmc/poly_decompress_d10_c/poly_decompress_d10_c_harness.c,provenance/montgomery-reduce/source-snapshots/base-worktree-af4c5abd/proofs/cbmc/poly_decompress_d10_c/poly_decompress_d10_c_harness.c
ebe874d641ee999fa1534e62b50e4f4f470984e5ef11b6a182b100e4a2e63943,4891,3,mlk_montgomery_cleanroom/MONT_WORKTREE_af4c5abd/test/bench/bench_mlkem.c,provenance/montgomery-reduce/source-snapshots/base-worktree-af4c5abd/test/bench/bench_mlkem.c
ebeeddc7b5cbe9c3019af890b00b204d297392e437eb241a3294b46aa6e083cb,276,3,mlk_montgomery_cleanroom/MONT_WORKTREE_af4c5abd/proofs/cbmc/ct_sel_uint8/ct_sel_uint8_harness.c,provenance/montgomery-reduce/source-snapshots/base-worktree-af4c5abd/proofs/cbmc/ct_sel_uint8/ct_sel_uint8_harness.c
ec34b5dd10eb5e51e31537721653b43d7c958e23431fd950eb1edece6c99d990,2084,3,mlk_montgomery_cleanroom/MONT_WORKTREE_af4c5abd/proofs/cbmc/shake256x4/Makefile,provenance/montgomery-reduce/source-snapshots/base-worktree-af4c5abd/proofs/cbmc/shake256x4/Makefile
ec4dfc382efc7e2816ba0771b0d081a34e542ae485311bb06f395d3e1470b769,1822,3,mlk_montgomery_cleanroom/MONT_WORKTREE_af4c5abd/test/abicheck/ppc64le/checks/check_reduce_ppc_asm.c,provenance/montgomery-reduce/source-snapshots/base-worktree-af4c5abd/test/abicheck/ppc64le/checks/check_reduce_ppc_asm.c
ec5e855f1647839273d0b8e74aa0e9c7afc123edfc04c5a31f8c17bdb8a26343,2393,3,mlk_montgomery_cleanroom/MONT_WORKTREE_af4c5abd/proofs/cbmc/ntt_native_aarch64/Makefile,provenance/montgomery-reduce/source-snapshots/base-worktree-af4c5abd/proofs/cbmc/ntt_native_aarch64/Makefile
ec8c179209886541496fddffdb34982a2339b0f7f67b2c6c664cbd17c392ffbc,11842,3,mlk_montgomery_cleanroom/MONT_WORKTREE_af4c5abd/integration/liboqs/config_ppc64le.h,provenance/montgomery-reduce/source-snapshots/base-worktree-af4c5abd/integration/liboqs/config_ppc64le.h
ecaf5448c575edeefe39020e995a620be555b1633600916733b675fa8d4f5e2a,120630,1,mlk_montgomery_cleanroom/MONT_WORKTREE_af4c5abd/proofs/cbmc/mont_t2b_fibre_translation/gotos/project0200.goto,provenance/montgomery-reduce/source-snapshots/base-worktree-af4c5abd/proofs/cbmc/mont_t2b_fibre_translation/gotos/project0200.goto
ecd0c9d152b3e782a3cc76b8f76a7c680e3e0bf5431992cb2c5ec7512615e478,335,1,mlk_montgomery_cleanroom/MONT04B_T4_HARNESS_FREEZE_20260726T225651Z/H235_CLEAN.log,experiments/montgomery-reduce/MONT04-poly-tomont-roundtrip-locality/raw-runs/01-frozen-harness-family/MONT04B_T4_HARNESS_FREEZE_20260726T225651Z/H235_CLEAN.log
ed084cb7528983eab53c59316083af2ed9fb6acfd8788e43d6f33c5f21630145,22345,3,mlk_montgomery_cleanroom/MONT_WORKTREE_af4c5abd/examples/monolithic_build_multilevel/mlkem_native/mlkem_native_config.h,provenance/montgomery-reduce/source-snapshots/base-worktree-af4c5abd/examples/monolithic_build_multilevel/mlkem_native/mlkem_native_config.h
ed4c17ae22cc5a609cf32016abc762e198c0c5682aff027e180e65c19b2c1e40,4938,1,mlk_montgomery_cleanroom/MONT01A_D2_20260726T141230Z/FALSE_CONTROL_MAKE.log,experiments/montgomery-reduce/MONT01-exact-refinement/raw-runs/02-authoritative-proof-and-false-control/MONT01A_D2_20260726T141230Z/FALSE_CONTROL_MAKE.log
ed51c8991a39d7857cdccb7f6e1bc5135ce372e15450b4122f6a7a4bf9d0c47f,4358,3,mlk_montgomery_cleanroom/MONT_WORKTREE_af4c5abd/dev/fips202/aarch64/src/Makefile,provenance/montgomery-reduce/source-snapshots/base-worktree-af4c5abd/dev/fips202/aarch64/src/Makefile
ed7b14ce5df0145e4b3857211c99f7979b113373c0a9ffd86869329c24962ba0,302,3,mlk_montgomery_cleanroom/MONT_WORKTREE_af4c5abd/proofs/cbmc/indcpa_dec/indcpa_dec_harness.c,provenance/montgomery-reduce/source-snapshots/base-worktree-af4c5abd/proofs/cbmc/indcpa_dec/indcpa_dec_harness.c
eda221773a14b92352ecf380ba3071115c1dbf2e206a503acabf81e952ebc83a,3704,3,mlk_montgomery_cleanroom/MONT_WORKTREE_af4c5abd/dev/aarch64_clean/src/poly_mulcache_compute_aarch64_asm.S,provenance/montgomery-reduce/source-snapshots/base-worktree-af4c5abd/dev/aarch64_clean/src/poly_mulcache_compute_aarch64_asm.S
edaea50424b0b77d8579b97c4fcc199cb01a739aa2a05ff086a5878eb293433b,7457,3,mlk_montgomery_cleanroom/MONT_WORKTREE_af4c5abd/proofs/hol_light/x86_64/mlkem/reduce_avx2_asm.S,provenance/montgomery-reduce/source-snapshots/base-worktree-af4c5abd/proofs/hol_light/x86_64/mlkem/reduce_avx2_asm.S
edf40eb236394804a6cfd62dedd9ef442e59488aae34a3be99102a25289e200c,207,1,mlk_montgomery_cleanroom/MONT04C_R3_T4_NONVACUITY_20260727T004348Z/MONT04C_R3_TERMINAL_CAPTURE_20260727T004348Z.txt.sha256,experiments/montgomery-reduce/MONT04-poly-tomont-roundtrip-locality/raw-runs/06-t4-nonvacuity-final/MONT04C_R3_T4_NONVACUITY_20260727T004348Z/MONT04C_R3_TERMINAL_CAPTURE_20260727T004348Z.txt.sha256
ee1301478ce47c0b7406e715bee392d11137cd8cf474ae94a53f0f088bdfd0f0,2378,3,mlk_montgomery_cleanroom/MONT_WORKTREE_af4c5abd/proofs/cbmc/poly_tomont_native_aarch64/Makefile,provenance/montgomery-reduce/source-snapshots/base-worktree-af4c5abd/proofs/cbmc/poly_tomont_native_aarch64/Makefile
ee291d57f3cb843e0ccc698ba80761cc73e4a00504a0bdd2c8ca9aa96b774b36,65,1,mlk_montgomery_cleanroom/MONT03B_HARNESS_FREEZE_20260726T222052Z/P1_GOTO.sha256,experiments/montgomery-reduce/MONT03-normalized-fqmul-algebra/raw-runs/07-frozen-harness-family/MONT03B_HARNESS_FREEZE_20260726T222052Z/P1_GOTO.sha256
ee3aee3fd2dd7fb25e6e073380484f7427dcb0be56fc2ce547fdfa8f8cec7c4c,10856,3,mlk_montgomery_cleanroom/MONT_WORKTREE_af4c5abd/proofs/hol_light/x86_64/mlkem/poly_decompress_d11_avx2_asm.S,provenance/montgomery-reduce/source-snapshots/base-worktree-af4c5abd/proofs/hol_light/x86_64/mlkem/poly_decompress_d11_avx2_asm.S
ee3f99592a07e6d9f4218337ab4feed3a2ba397588b18acda14d5825796e83e7,54,1,mlk_montgomery_cleanroom/MONT_WORKTREE_af4c5abd/proofs/cbmc/mont_t2a_p3_witness_PN/.litani_cache_dir,provenance/montgomery-reduce/source-snapshots/base-worktree-af4c5abd/proofs/cbmc/mont_t2a_p3_witness_PN/.litani_cache_dir
ee533355a8c366827eecb181862a92f0aad2d2c852aaf5ca8a94e07be54eed44,154760,2,mlk_montgomery_cleanroom/MONT_WORKTREE_af4c5abd/proofs/cbmc/mont_t2a_p3_witness_PP/gotos/mont_t2a_p3_witness_PP_harness.goto,provenance/montgomery-reduce/source-snapshots/base-worktree-af4c5abd/proofs/cbmc/mont_t2a_p3_witness_PP/gotos/mont_t2a_p3_witness_PP_harness.goto
ee71f626d0cb67ecdb2c390a337d176abc4dcb169a42fe8b1386c957fd40105c,1299,3,mlk_montgomery_cleanroom/MONT_WORKTREE_af4c5abd/proofs/cbmc/poly_compress_d10_c/Makefile,provenance/montgomery-reduce/source-snapshots/base-worktree-af4c5abd/proofs/cbmc/poly_compress_d10_c/Makefile
ee97ea4374c99d6433242b51d74c2cf004f1cd242288d8aadded3683ec6fa8c0,203,1,mlk_montgomery_cleanroom/MONT00B_MONT01A_20260726T134739Z/MONT00B_MONT01A_TERMINAL_CAPTURE_20260726T134739Z.txt.sha256,experiments/montgomery-reduce/MONT01-exact-refinement/raw-runs/00-theorem-freeze-and-initial-proof/MONT00B_MONT01A_20260726T134739Z/MONT00B_MONT01A_TERMINAL_CAPTURE_20260726T134739Z.txt.sha256
eeaea83dbf813c5bc3abb07153da84451f20749c76dd986c7f6acb5d6ace2207,1849,3,mlk_montgomery_cleanroom/MONT_WORKTREE_af4c5abd/dev/ppc64le/meta.h,provenance/montgomery-reduce/source-snapshots/base-worktree-af4c5abd/dev/ppc64le/meta.h
eeb7bb1c75e18d2521b1095e12aafb7020cf709149a6c5c1cf4ed0390f86c014,134099,1,mlk_montgomery_cleanroom/MONT00B_MONT01A_20260726T134739Z/MONT_T1_PROOF_SNAPSHOT/gotos/mont_t1_exact_refinement_harness0500.goto,experiments/montgomery-reduce/MONT01-exact-refinement/raw-runs/00-theorem-freeze-and-initial-proof/MONT00B_MONT01A_20260726T134739Z/MONT_T1_PROOF_SNAPSHOT/gotos/mont_t1_exact_refinement_harness0500.goto
eef0fa76a1459a1ec828bc97e424a35d058baaa1ad53bf52aef21ef7bb9b0c46,212,1,mlk_montgomery_cleanroom/MONT04C_T4_FUNCTIONAL_NONVACUITY_20260726T231555Z/MONT04C_TERMINAL_CAPTURE_20260726T231555Z.txt.sha256,experiments/montgomery-reduce/MONT04-poly-tomont-roundtrip-locality/raw-runs/02-functional-nonvacuity/MONT04C_T4_FUNCTIONAL_NONVACUITY_20260726T231555Z/MONT04C_TERMINAL_CAPTURE_20260726T231555Z.txt.sha256
ef19c7a53f9f6b4e0aafc56df81c8db45709e5da5cec6ee4e0577e04d14eef97,377,1,mlk_montgomery_cleanroom/MONT_T3_WORKTREE_af4c5abd/proofs/cbmc/mont_t3_p2_p3_relational/logs/unwind_loops-log.txt,provenance/montgomery-reduce/worktree-deltas/MONT03-fqmul-algebra-delta/proofs/cbmc/mont_t3_p2_p3_relational/logs/unwind_loops-log.txt
ef1a0ded024f74fec1db704f00a3daa041fbc1ab3ccf113fd223be83d7de6c1e,155,3,mlk_montgomery_cleanroom/MONT_WORKTREE_af4c5abd/proofs/cbmc/lib/z3_smt_only,provenance/montgomery-reduce/source-snapshots/base-worktree-af4c5abd/proofs/cbmc/lib/z3_smt_only
ef2b4b07e1703dfe35c5bae2a19cd95352c98b7d104d87ea4db0f8285e182879,120874,2,mlk_montgomery_cleanroom/MONT_WORKTREE_af4c5abd/proofs/cbmc/montgomery_reduce/gotos/montgomery_reduce_harness0200.goto,provenance/montgomery-reduce/source-snapshots/base-worktree-af4c5abd/proofs/cbmc/montgomery_reduce/gotos/montgomery_reduce_harness0200.goto
ef30066eee64f817541f627510aeb8872d9c3b599215c24f0068bbdba57e8e20,1989,1,mlk_montgomery_cleanroom/MONT_WORKTREE_af4c5abd/proofs/cbmc/mont_t2a_p3_witness_NP/mont_t2a_p3_witness_NP_harness.c,provenance/montgomery-reduce/source-snapshots/base-worktree-af4c5abd/proofs/cbmc/mont_t2a_p3_witness_NP/mont_t2a_p3_witness_NP_harness.c
ef41c9e748a12dac3da3c0a7d9a890115886ee0a1bb8d7141fb76f28fd9e8668,483,24,mlk_montgomery_cleanroom/MONT_WORKTREE_af4c5abd/examples/basic/mlkem_native/src/fips202/native/armv81m/README.md,provenance/montgomery-reduce/source-snapshots/base-worktree-af4c5abd/examples/basic/mlkem_native/src/fips202/native/armv81m/README.md
ef6335daa46e5567950b226bb2d267a35704b85d23bb6f09d2f5810e3d9a4026,2112,3,mlk_montgomery_cleanroom/MONT_WORKTREE_af4c5abd/proofs/cbmc/polyvec_decompress_du/Makefile,provenance/montgomery-reduce/source-snapshots/base-worktree-af4c5abd/proofs/cbmc/polyvec_decompress_du/Makefile
efa957cd2dfc0585379bb963091977e2f52656304d220ee7c0bebf3279698f61,710130,3,mlk_montgomery_cleanroom/MONT_WORKTREE_af4c5abd/dev/fips202/armv81m/src/keccak_f1600_x4_mve.S,provenance/montgomery-reduce/source-snapshots/base-worktree-af4c5abd/dev/fips202/armv81m/src/keccak_f1600_x4_mve.S
eff0e1684826839d863157e2ccced21ded1074aef744a7087be293e6b6b12a47,444,1,mlk_montgomery_cleanroom/MONT03A_T3_PARALLEL_20260726T155405Z/T3_ALGEBRA_BUILD.log,experiments/montgomery-reduce/MONT03-normalized-fqmul-algebra/raw-runs/02-parallel-build-attempt/MONT03A_T3_PARALLEL_20260726T155405Z/T3_ALGEBRA_BUILD.log
eff1b557cb4963c29eb3eb316fa98f219dae129204838a7ae3dba8fea5cc0956,565,3,mlk_montgomery_cleanroom/MONT_WORKTREE_af4c5abd/test/abicheck/abicheck.mk,provenance/montgomery-reduce/source-snapshots/base-worktree-af4c5abd/test/abicheck/abicheck.mk
f0046a67ebd4195f6180b179c0fe329c1bbfddc37203825a5ebf0dffa7991e15,749,27,mlk_montgomery_cleanroom/MONT_WORKTREE_af4c5abd/examples/basic/mlkem_native/src/native/x86_64/src/consts.h,provenance/montgomery-reduce/source-snapshots/base-worktree-af4c5abd/examples/basic/mlkem_native/src/native/x86_64/src/consts.h
f03e60418098cda7d60dc73675d2917ce84bd23ce9faec8f848e4da7fe7198e3,5007,1,mlk_montgomery_cleanroom/MONT01A_D2_20260726T141230Z/T1_MAKE.log,experiments/montgomery-reduce/MONT01-exact-refinement/raw-runs/02-authoritative-proof-and-false-control/MONT01A_D2_20260726T141230Z/T1_MAKE.log
f084bd259a5b148c612f0eccc557240e8568cc03e31122e1329ded70339a6468,5160,1,mlk_montgomery_cleanroom/MONT03A_T3_PARALLEL_20260726T202205Z/MONT03A_T3_TERMINAL_CAPTURE_20260726T202205Z.txt,experiments/montgomery-reduce/MONT03-normalized-fqmul-algebra/raw-runs/04-complete-parallel-run/MONT03A_T3_PARALLEL_20260726T202205Z/MONT03A_T3_TERMINAL_CAPTURE_20260726T202205Z.txt
f0a6969572a559c854e5492651b1e98d2d011bbdd177442458bc67ebb7e54f90,2069,3,mlk_montgomery_cleanroom/MONT_WORKTREE_af4c5abd/proofs/cbmc/polyvec_tomont/Makefile,provenance/montgomery-reduce/source-snapshots/base-worktree-af4c5abd/proofs/cbmc/polyvec_tomont/Makefile
f0cf4706dd6b1233c688723ef740c882b276cd832af47e434ad08a626be89e6b,22695,3,mlk_montgomery_cleanroom/MONT_WORKTREE_af4c5abd/test/configs/custom_stdlib_config.h,provenance/montgomery-reduce/source-snapshots/base-worktree-af4c5abd/test/configs/custom_stdlib_config.h
f0e2f82cbcd6f9cd4c0c810201ac196a3f5d65129cc63adbeb673c8a47d3278b,4361,1,mlk_montgomery_cleanroom/MONT03A_T3_PARALLEL_20260726T165032Z/T3_ALGEBRA_BUILD.log,experiments/montgomery-reduce/MONT03-normalized-fqmul-algebra/raw-runs/03-semantic-direct-run/MONT03A_T3_PARALLEL_20260726T165032Z/T3_ALGEBRA_BUILD.log
f0f90f4c6cfde0368175118c3d1d9a856e32771d584245e5835ecc099323d17c,273,1,mlk_montgomery_cleanroom/MONT02A_T2_20260726T152258Z/T2_MAKE_CLEAN.log,experiments/montgomery-reduce/MONT02-relational-low-word-laws/raw-runs/00-theorem-registry-and-initial-run/MONT02A_T2_20260726T152258Z/T2_MAKE_CLEAN.log
f133ca5a0999e53469996f97c1b2ab520a85fb7e6e9394094fec8a5506b88ffd,2188,3,mlk_montgomery_cleanroom/MONT_WORKTREE_af4c5abd/proofs/cbmc/poly_cbd_eta2/Makefile,provenance/montgomery-reduce/source-snapshots/base-worktree-af4c5abd/proofs/cbmc/poly_cbd_eta2/Makefile
f157750b6776410316bd39b594974d8024eab778e20707dc5ccf3148e2c781af,54,1,mlk_montgomery_cleanroom/MONT_WORKTREE_af4c5abd/proofs/cbmc/mont_t2a_p3_witness_PP/.litani_cache_dir,provenance/montgomery-reduce/source-snapshots/base-worktree-af4c5abd/proofs/cbmc/mont_t2a_p3_witness_PP/.litani_cache_dir
f1b3bd57a88301310c27ac69c2e86a83a86bd045914203a8127660b9d1d34521,458,3,mlk_montgomery_cleanroom/MONT01A_D2_20260726T141230Z/MONT_T1_AUTHORITATIVE_SNAPSHOT/logs/restrict_function_pointer-log.txt,experiments/montgomery-reduce/MONT01-exact-refinement/raw-runs/02-authoritative-proof-and-false-control/MONT01A_D2_20260726T141230Z/MONT_T1_AUTHORITATIVE_SNAPSHOT/logs/restrict_function_pointer-log.txt
f1b809e5e634fbf54dc94020412edab60aa5d0cf10f8f2d8d01d596868d62fce,1401,3,mlk_montgomery_cleanroom/MONT_WORKTREE_af4c5abd/proofs/cbmc/poly_decompress_du/Makefile,provenance/montgomery-reduce/source-snapshots/base-worktree-af4c5abd/proofs/cbmc/poly_decompress_du/Makefile
f1d78eab5ac6e3988a706ccc5e64a0450a8128d93df6acf8df9e2be2c80bb67c,2155,3,mlk_montgomery_cleanroom/MONT_WORKTREE_af4c5abd/test/abicheck/x86_64/checks/check_nttfrombytes_avx2_asm.c,provenance/montgomery-reduce/source-snapshots/base-worktree-af4c5abd/test/abicheck/x86_64/checks/check_nttfrombytes_avx2_asm.c
f1e970928f03a8c2285b5024c9965d307d80db1b7e3ff893b014cc382a0454be,2075,3,mlk_montgomery_cleanroom/MONT_WORKTREE_af4c5abd/proofs/cbmc/ct_sel_int16/Makefile,provenance/montgomery-reduce/source-snapshots/base-worktree-af4c5abd/proofs/cbmc/ct_sel_int16/Makefile
f243dbca522ce0f4ff0749835e0409a5e6e26ad17678f02f24910c6255d4d60d,309,3,mlk_montgomery_cleanroom/MONT_WORKTREE_af4c5abd/proofs/cbmc/poly_ntt_c/poly_ntt_c_harness.c,provenance/montgomery-reduce/source-snapshots/base-worktree-af4c5abd/proofs/cbmc/poly_ntt_c/poly_ntt_c_harness.c
f2484c121f479cdf6bdb374cae6fafbeb7720ca69826910275771cbbdfbf4760,763,1,mlk_montgomery_cleanroom/MONT_WORKTREE_af4c5abd/proofs/cbmc/mont_t2a_arbitrary_pair/Makefile,provenance/montgomery-reduce/source-snapshots/base-worktree-af4c5abd/proofs/cbmc/mont_t2a_arbitrary_pair/Makefile
f24dcd429f1881e4903c26af17ee4fe9ca3966e47753f9875fc854d837f641c6,990,3,mlk_montgomery_cleanroom/MONT_WORKTREE_af4c5abd/dev/fips202/aarch64/x4_v8a_v84a_scalar.h,provenance/montgomery-reduce/source-snapshots/base-worktree-af4c5abd/dev/fips202/aarch64/x4_v8a_v84a_scalar.h
f24f980110953c1d361e04137e13e2f85f76db776903f85c98f24900e85f7aef,10117,36,mlk_montgomery_cleanroom/MONT_WORKTREE_af4c5abd/examples/basic/mlkem_native/src/poly.h,provenance/montgomery-reduce/source-snapshots/base-worktree-af4c5abd/examples/basic/mlkem_native/src/poly.h
f254d432c3ad7e9f05b462ccc7c280efeca13af963cd208d62a80c1cdb592517,11373,33,mlk_montgomery_cleanroom/MONT_WORKTREE_af4c5abd/dev/aarch64_clean/src/aarch64_zetas.c,provenance/montgomery-reduce/source-snapshots/base-worktree-af4c5abd/dev/aarch64_clean/src/aarch64_zetas.c
f27d876e73eecb74c60a5fe5c2a98aa1af8750d05ec9a7c4935830c4ab3fadcc,159061,2,mlk_montgomery_cleanroom/MONT_WORKTREE_af4c5abd/proofs/cbmc/mont_t2_relational_fibre/gotos/mont_t2_relational_fibre_harness.goto,provenance/montgomery-reduce/source-snapshots/base-worktree-af4c5abd/proofs/cbmc/mont_t2_relational_fibre/gotos/mont_t2_relational_fibre_harness.goto
f2c9aa2accf73b138c35cbd5c48d2d6dd57be07792d8e14541b4c0d357ca3dbb,2063,3,mlk_montgomery_cleanroom/MONT_WORKTREE_af4c5abd/proofs/cbmc/shake128_absorb_once/Makefile,provenance/montgomery-reduce/source-snapshots/base-worktree-af4c5abd/proofs/cbmc/shake128_absorb_once/Makefile
f3237d410a9ac62a6d01915d0c136b490303a4eb77ed36e6cd1aff23b7507b05,427,3,mlk_montgomery_cleanroom/MONT_WORKTREE_af4c5abd/proofs/cbmc/poly_tobytes_c/poly_tobytes_c_harness.c,provenance/montgomery-reduce/source-snapshots/base-worktree-af4c5abd/proofs/cbmc/poly_tobytes_c/poly_tobytes_c_harness.c
f3d8cbe1be640f5240378f82bda135e8772843ca301849fc0816468c962bb4e8,27490,3,mlk_montgomery_cleanroom/MONT_WORKTREE_af4c5abd/BIBLIOGRAPHY.md,provenance/montgomery-reduce/source-snapshots/base-worktree-af4c5abd/BIBLIOGRAPHY.md
f4172a222efb1faf826c9e2e0c6e51daaf6a2528ff437985052779dfedff935d,1511,3,mlk_montgomery_cleanroom/MONT_WORKTREE_af4c5abd/proofs/cbmc/poly_compress_d11_native/Makefile,provenance/montgomery-reduce/source-snapshots/base-worktree-af4c5abd/proofs/cbmc/poly_compress_d11_native/Makefile
f41df3bd80f00208a8a544a5672787df30e62a7b83b89756abb6255a8f1e8545,2088,3,mlk_montgomery_cleanroom/MONT_WORKTREE_af4c5abd/proofs/cbmc/ct_cmask_neg_i16/Makefile,provenance/montgomery-reduce/source-snapshots/base-worktree-af4c5abd/proofs/cbmc/ct_cmask_neg_i16/Makefile
f427dda46e29d53d3e33d683c9a8483bade3568eff43fb97b868a21bfd07c722,18569,36,mlk_montgomery_cleanroom/MONT_WORKTREE_af4c5abd/examples/basic/mlkem_native/src/poly.c,provenance/montgomery-reduce/source-snapshots/base-worktree-af4c5abd/examples/basic/mlkem_native/src/poly.c
f43e488a9433b2aac36dd68512a58c7175bf365f80c2c3e9f1d62a5e15c8f906,4085,3,mlk_montgomery_cleanroom/MONT_WORKTREE_af4c5abd/test/zephyr/nucleo_n657x0_q/nucleo_host/flexmem_configure.py,provenance/montgomery-reduce/source-snapshots/base-worktree-af4c5abd/test/zephyr/nucleo_n657x0_q/nucleo_host/flexmem_configure.py
f449bc8191eac212d9d13356ec38417cbdfd47793566638d38dafb848d71a957,974,1,mlk_montgomery_cleanroom/MONT_WORKTREE_af4c5abd/proofs/cbmc/mont_t2a_p3_witness_PN/logs/check_function_contracts-log.txt,provenance/montgomery-reduce/source-snapshots/base-worktree-af4c5abd/proofs/cbmc/mont_t2a_p3_witness_PN/logs/check_function_contracts-log.txt
f488376ce997c5001003110e53a869e5f3b9d9391e7b8b2b342e5303a29f2517,22305,3,mlk_montgomery_cleanroom/MONT_WORKTREE_af4c5abd/test/configs/custom_native_capability_config_1.h,provenance/montgomery-reduce/source-snapshots/base-worktree-af4c5abd/test/configs/custom_native_capability_config_1.h
f4f62a01b4920e99cfb7028d8e2d5af607cfdea0262d8a77ebd5d7e8a2e1b81a,117765,1,mlk_montgomery_cleanroom/MONT_WORKTREE_af4c5abd/proofs/cbmc/mont_t2a_p3_witness_PN/gotos/project0100.goto,provenance/montgomery-reduce/source-snapshots/base-worktree-af4c5abd/proofs/cbmc/mont_t2a_p3_witness_PN/gotos/project0100.goto
f4f730169179e4eb95e507e1377e5646a05ea426d155122ac92647e380067c02,134267,1,mlk_montgomery_cleanroom/MONT_WORKTREE_af4c5abd/proofs/cbmc/mont_t2a_p3_witness_NN/gotos/mont_t2a_p3_witness_NN_harness0400.goto,provenance/montgomery-reduce/source-snapshots/base-worktree-af4c5abd/proofs/cbmc/mont_t2a_p3_witness_NN/gotos/mont_t2a_p3_witness_NN_harness0400.goto
f4fcc1351d09a503dd8b73e9b0b18b4ffe49cc01fbb3611e204c06a621798c95,10500,27,mlk_montgomery_cleanroom/MONT_WORKTREE_af4c5abd/examples/basic/mlkem_native/src/native/aarch64/src/polyvec_basemul_acc_montgomery_cached_k3_aarch64_asm.S,provenance/montgomery-reduce/source-snapshots/base-worktree-af4c5abd/examples/basic/mlkem_native/src/native/aarch64/src/polyvec_basemul_acc_montgomery_cached_k3_aarch64_asm.S
f50f68e1128e20b03ac5190ddb3369151e4d5b4cda289394c7ad3c08f1a4d203,281,1,mlk_montgomery_cleanroom/MONT03B_HARNESS_FREEZE_20260726T222052Z/P5_CLEAN.log,experiments/montgomery-reduce/MONT03-normalized-fqmul-algebra/raw-runs/07-frozen-harness-family/MONT03B_HARNESS_FREEZE_20260726T222052Z/P5_CLEAN.log
f50f76ecd8396ea36441802c518e3e50700131b2aba592bed2175248502a8764,2803,3,mlk_montgomery_cleanroom/MONT_WORKTREE_af4c5abd/.github/workflows/baremetal.yml,provenance/montgomery-reduce/source-snapshots/base-worktree-af4c5abd/.github/workflows/baremetal.yml
f51790533604fa194afe940cf719bbe6ac6f17fbebf24029bbece425b7b3de02,4380,1,mlk_montgomery_cleanroom/MONT03A_T3_PARALLEL_20260726T202205Z/T3_SEMANTIC_BUILD.log,experiments/montgomery-reduce/MONT03-normalized-fqmul-algebra/raw-runs/04-complete-parallel-run/MONT03A_T3_PARALLEL_20260726T202205Z/T3_SEMANTIC_BUILD.log
f52b8d5bee0497542175bdec844a6a506452825da55e49f8b0c49c3c9786824a,520,6,mlk_montgomery_cleanroom/MONT_WORKTREE_af4c5abd/proofs/cbmc/poly_getnoise_eta1122_4x/poly_getnoise_eta1122_4x_harness.c,provenance/montgomery-reduce/source-snapshots/base-worktree-af4c5abd/proofs/cbmc/poly_getnoise_eta1122_4x/poly_getnoise_eta1122_4x_harness.c
f54f6ba5d3d5e51e21d184cddc6a6f896b60914d42fe765e89af37de5a8bf048,1141,3,mlk_montgomery_cleanroom/MONT_WORKTREE_af4c5abd/scripts/Doxyfile.lint,provenance/montgomery-reduce/source-snapshots/base-worktree-af4c5abd/scripts/Doxyfile.lint
f57ef4658a69e1e8d06e6d201d16d59b90ff1d50e9a18b6addaf836c089138ef,2617,3,mlk_montgomery_cleanroom/MONT_WORKTREE_af4c5abd/dev/aarch64_clean/src/poly_tomont_aarch64_asm.S,provenance/montgomery-reduce/source-snapshots/base-worktree-af4c5abd/dev/aarch64_clean/src/poly_tomont_aarch64_asm.S
f589ac7e4847a3cfcaee07f8737290c6d57a1022118d1fc883363fa84eca2b93,4008,27,mlk_montgomery_cleanroom/MONT_WORKTREE_af4c5abd/examples/basic/mlkem_native/src/native/riscv64/meta.h,provenance/montgomery-reduce/source-snapshots/base-worktree-af4c5abd/examples/basic/mlkem_native/src/native/riscv64/meta.h
f5d75d87cccaf69b3732d07eef668c3caabab0a902d6cee9595a7fa3d1dcd4a8,4622,1,mlk_montgomery_cleanroom/MONT03A_T3_PARALLEL_20260726T155405Z/MONT03A_T3_TERMINAL_CAPTURE_20260726T155405Z.txt,experiments/montgomery-reduce/MONT03-normalized-fqmul-algebra/raw-runs/02-parallel-build-attempt/MONT03A_T3_PARALLEL_20260726T155405Z/MONT03A_T3_TERMINAL_CAPTURE_20260726T155405Z.txt
f5de8d5dbc374d2704cc624d34833e081759e49f170c71804577bab2c52ee375,2151,3,mlk_montgomery_cleanroom/MONT_WORKTREE_af4c5abd/test/abicheck/x86_64/checks/check_ntttobytes_avx2_asm.c,provenance/montgomery-reduce/source-snapshots/base-worktree-af4c5abd/test/abicheck/x86_64/checks/check_ntttobytes_avx2_asm.c
f5e9dd96130c8321bea6ddbf89f580ab67c42dc0d8f08e3e34a86d3e07e961e5,408,3,mlk_montgomery_cleanroom/MONT_WORKTREE_af4c5abd/proofs/cbmc/dummy_backend_fips202_x4.h,provenance/montgomery-reduce/source-snapshots/base-worktree-af4c5abd/proofs/cbmc/dummy_backend_fips202_x4.h
f651fcd8d1c53f645cb9ef4a17a86575c787fa0e9cdf3b31c10417f20bcbfe98,15486,30,mlk_montgomery_cleanroom/MONT_WORKTREE_af4c5abd/dev/ppc64le/src/consts.c,provenance/montgomery-reduce/source-snapshots/base-worktree-af4c5abd/dev/ppc64le/src/consts.c
f691116b85aca3a233a783a9f560d6a1daa2adf876b8795bbcd97b9a1c9969e1,3524,3,mlk_montgomery_cleanroom/MONT_WORKTREE_af4c5abd/examples/multilevel_build_native/Makefile,provenance/montgomery-reduce/source-snapshots/base-worktree-af4c5abd/examples/multilevel_build_native/Makefile
f6f37fe9d19f88b1d52e1fe8611b5e9173e0128166041054039ea06f8017ff0d,2110,3,mlk_montgomery_cleanroom/MONT_WORKTREE_af4c5abd/proofs/cbmc/keccak_absorb_once/Makefile,provenance/montgomery-reduce/source-snapshots/base-worktree-af4c5abd/proofs/cbmc/keccak_absorb_once/Makefile
f6f7e2a60372ace3dd428443c4d3f02fdadc3cbf60ac134ebb82ff6734b67248,2122,3,mlk_montgomery_cleanroom/MONT_WORKTREE_af4c5abd/proofs/cbmc/keccak_squeezeblocks/Makefile,provenance/montgomery-reduce/source-snapshots/base-worktree-af4c5abd/proofs/cbmc/keccak_squeezeblocks/Makefile
f7088ae5b250c15f9c324a02329b66f2a9d64d6e69063eeb490a880fe92677a6,35889,3,mlk_montgomery_cleanroom/MONT_WORKTREE_af4c5abd/SOUNDNESS.md,provenance/montgomery-reduce/source-snapshots/base-worktree-af4c5abd/SOUNDNESS.md
f74077517cb38e902d2dd99d5560d1761acabf3c25f8f808980d5d6843e5da53,1661,1,mlk_montgomery_cleanroom/MONT02A_FULL_T2_FUNCTIONAL_20260726T165700Z/MONT02A_FULL_T2_CAPTURE_20260726T165700Z.txt,experiments/montgomery-reduce/MONT02-relational-low-word-laws/raw-runs/02-full-functional-cbmc-attempt-2/MONT02A_FULL_T2_FUNCTIONAL_20260726T165700Z/MONT02A_FULL_T2_CAPTURE_20260726T165700Z.txt
f776797ffac9902e20a6ed258635d7e19128f12ba3bc40550a34e978b2c8ed48,22406,3,mlk_montgomery_cleanroom/MONT_WORKTREE_af4c5abd/examples/bring_your_own_fips202_static/mlkem_native/mlkem_native_config.h,provenance/montgomery-reduce/source-snapshots/base-worktree-af4c5abd/examples/bring_your_own_fips202_static/mlkem_native/mlkem_native_config.h
f77b03ab2fc27cc8a1cd805e5cc49498a2ac552a9d83c4ca1778d3b47158caa2,276,3,mlk_montgomery_cleanroom/MONT_WORKTREE_af4c5abd/proofs/cbmc/poly_decompress_du/poly_decompress_du_harness.c,provenance/montgomery-reduce/source-snapshots/base-worktree-af4c5abd/proofs/cbmc/poly_decompress_du/poly_decompress_du_harness.c
f7b0a4c4f3c19cd92b251f879db78d59449a925363a30c5b86433d1678597bc2,2398,3,mlk_montgomery_cleanroom/MONT_WORKTREE_af4c5abd/proofs/cbmc/intt_native_aarch64/Makefile,provenance/montgomery-reduce/source-snapshots/base-worktree-af4c5abd/proofs/cbmc/intt_native_aarch64/Makefile
f7cc950236e7f475efa04915c7981c6d6df49af60f2f8cf253535852e488908d,176485,2,mlk_montgomery_cleanroom/MONT_T3_WORKTREE_af4c5abd/proofs/cbmc/mont_t3_p6_associativity/gotos/mont_t3_p6_associativity_harness.goto,provenance/montgomery-reduce/worktree-deltas/MONT03-fqmul-algebra-delta/proofs/cbmc/mont_t3_p6_associativity/gotos/mont_t3_p6_associativity_harness.goto
f7f5c4abb9100a79eb1ee27c1f8e91fd55490a8ded4ee4daf48403d0c0a21f4a,2264,3,mlk_montgomery_cleanroom/MONT_WORKTREE_af4c5abd/test/abicheck/aarch64/checks/check_keccak_f1600_x2_v84a_aarch64_asm.c,provenance/montgomery-reduce/source-snapshots/base-worktree-af4c5abd/test/abicheck/aarch64/checks/check_keccak_f1600_x2_v84a_aarch64_asm.c
f8203d0063cd2a58996255d1bcf27b164f996b47c5c8bd62cfa10eabf1319e1b,3947,3,mlk_montgomery_cleanroom/MONT_WORKTREE_af4c5abd/test/zephyr/app/CMakeLists.txt,provenance/montgomery-reduce/source-snapshots/base-worktree-af4c5abd/test/zephyr/app/CMakeLists.txt
f870dbfa45c75cdac6804a497f1663769a33a31519a3d8be51060c0e891c54ed,14212,1,mlk_montgomery_cleanroom/MONT01B_R1_M2_M3_20260726T150200Z/MONT01B_R1_TERMINAL_CAPTURE_20260726T150200Z.txt,experiments/montgomery-reduce/MONT01-exact-refinement/raw-runs/03-mutation-sensitivity/02-retry-m3-partial/MONT01B_R1_M2_M3_20260726T150200Z/MONT01B_R1_TERMINAL_CAPTURE_20260726T150200Z.txt
f897f512b832d854066570df8957d0023dcc50159be247a0b8b78b30f1a60bb0,14727,2,mlk_montgomery_cleanroom/MONT01A_D2_20260726T141230Z/MONT_T1_AUTHORITATIVE_SNAPSHOT/.ninja_log,experiments/montgomery-reduce/MONT01-exact-refinement/raw-runs/02-authoritative-proof-and-false-control/MONT01A_D2_20260726T141230Z/MONT_T1_AUTHORITATIVE_SNAPSHOT/.ninja_log
f8a68c5f4e6c1843fd995a852c374d139d5c1d60d358f8b856838e908069e428,574,3,mlk_montgomery_cleanroom/MONT_WORKTREE_af4c5abd/nix/slothy/default.nix,provenance/montgomery-reduce/source-snapshots/base-worktree-af4c5abd/nix/slothy/default.nix
f8a92c73c668a202487a493fa3054cdc64a0f8edb609598863fdf9536166bb91,117767,1,mlk_montgomery_cleanroom/MONT_WORKTREE_af4c5abd/proofs/cbmc/mont_t2_relational_fibre/gotos/project0100.goto,provenance/montgomery-reduce/source-snapshots/base-worktree-af4c5abd/proofs/cbmc/mont_t2_relational_fibre/gotos/project0100.goto
f8c7ad14abcf6d7d6e69441586b83542c9c3691baffa2f04cc3600dc7f3f4d2c,455,1,mlk_montgomery_cleanroom/MONT_WORKTREE_af4c5abd/proofs/cbmc/mont_t2a_p3_single_call_decomposition/logs/linking-library-models-log.txt,provenance/montgomery-reduce/source-snapshots/base-worktree-af4c5abd/proofs/cbmc/mont_t2a_p3_single_call_decomposition/logs/linking-library-models-log.txt
f8dd012f3e60602e76cc929096f349f2413e2670186b089eafd004a6b1d23e6d,170871,1,mlk_montgomery_cleanroom/MONT00B_MONT01A_20260726T134739Z/MONT_T1_PROOF_SNAPSHOT/gotos/mont_t1_exact_refinement_harness0600.goto,experiments/montgomery-reduce/MONT01-exact-refinement/raw-runs/00-theorem-freeze-and-initial-proof/MONT00B_MONT01A_20260726T134739Z/MONT_T1_PROOF_SNAPSHOT/gotos/mont_t1_exact_refinement_harness0600.goto
f8e82ca1a6bcd050f9778611670d1b4d8233f9ae7c04103a464e7849f952de23,2100,3,mlk_montgomery_cleanroom/MONT_WORKTREE_af4c5abd/proofs/cbmc/polyvec_compress_du/Makefile,provenance/montgomery-reduce/source-snapshots/base-worktree-af4c5abd/proofs/cbmc/polyvec_compress_du/Makefile
f8f89f1b8c8e5811ce134c0d90fb7828027336afeed231dc3ccb7ee6b73b9335,622,36,mlk_montgomery_cleanroom/MONT_WORKTREE_af4c5abd/examples/basic/mlkem_native/src/verify.c,provenance/montgomery-reduce/source-snapshots/base-worktree-af4c5abd/examples/basic/mlkem_native/src/verify.c
f8fdddd95e62082f6f24a8e4b5bbc3fcd12ac96767f267c31f6d5b302942e881,131350,2,mlk_montgomery_cleanroom/MONT_T3_WORKTREE_af4c5abd/proofs/cbmc/mont_t3_p1_refinement/gotos/mont_t3_p1_refinement_harness0200.goto,provenance/montgomery-reduce/worktree-deltas/MONT03-fqmul-algebra-delta/proofs/cbmc/mont_t3_p1_refinement/gotos/mont_t3_p1_refinement_harness0200.goto
f90fcf5ac2a89359d61bb13468907ed6a7b90badef633b104e753ab97c53bd14,1774,1,mlk_montgomery_cleanroom/MONT02A_FULL_T2_FUNCTIONAL_20260726T194555Z/MONT02A_R3_SOLVER_RACE_CAPTURE_20260726T194555Z.txt,experiments/montgomery-reduce/MONT02-relational-low-word-laws/raw-runs/07-solver-backend-probes/MONT02A_FULL_T2_FUNCTIONAL_20260726T194555Z/MONT02A_R3_SOLVER_RACE_CAPTURE_20260726T194555Z.txt
f922779a165cd7daa437ac0e320f5898d5fc0bd0620c3dcb70842c5ca7e1aaca,986,1,mlk_montgomery_cleanroom/MONT_WORKTREE_af4c5abd/proofs/cbmc/mont_t2_relational_fibre/logs/check_function_contracts-log.txt,provenance/montgomery-reduce/source-snapshots/base-worktree-af4c5abd/proofs/cbmc/mont_t2_relational_fibre/logs/check_function_contracts-log.txt
f928373fbc75a6d2d1217db1ab645a13fa472d4e5abcc7dcd1ca32e15d6e4959,8856,3,mlk_montgomery_cleanroom/MONT_WORKTREE_af4c5abd/scripts/stack,provenance/montgomery-reduce/source-snapshots/base-worktree-af4c5abd/scripts/stack
f935e6e17c9e61facb71a39f5a21154b9d2681c243df0c0f69dad1d89dc88188,4131,1,mlk_montgomery_cleanroom/MONT_T3_WORKTREE_af4c5abd/proofs/cbmc/mont_t3_p1_refinement/.ninja_log,provenance/montgomery-reduce/worktree-deltas/MONT03-fqmul-algebra-delta/proofs/cbmc/mont_t3_p1_refinement/.ninja_log
f9aa33f2b3bbfd8721775ed2aa7103a85e18ca0baffd8d9f174281ee05361bd0,22252,3,mlk_montgomery_cleanroom/MONT_WORKTREE_af4c5abd/examples/multilevel_build_native/mlkem_native/mlkem_native_config.h,provenance/montgomery-reduce/source-snapshots/base-worktree-af4c5abd/examples/multilevel_build_native/mlkem_native/mlkem_native_config.h
f9c2ad96cc0b2871c7ea8b7417289527474aae5da7046e5431a0f1ef97c34aba,447,6,mlk_montgomery_cleanroom/MONT_WORKTREE_af4c5abd/proofs/cbmc/poly_mulcache_compute_native_aarch64/poly_mulcache_compute_native_aarch64_harness.c,provenance/montgomery-reduce/source-snapshots/base-worktree-af4c5abd/proofs/cbmc/poly_mulcache_compute_native_aarch64/poly_mulcache_compute_native_aarch64_harness.c
fa0171270781879ec505337394b0afb1e7b1ef7c278d126ce6c4a7cd99b476e7,7387,3,mlk_montgomery_cleanroom/MONT_WORKTREE_af4c5abd/proofs/hol_light/x86_64/mlkem/poly_decompress_d5_avx2_asm.S,provenance/montgomery-reduce/source-snapshots/base-worktree-af4c5abd/proofs/hol_light/x86_64/mlkem/poly_decompress_d5_avx2_asm.S
fa25a022150365c9e0f3c3c749886e54311c217e6c7398ffbe9fb0242932b239,319,1,mlk_montgomery_cleanroom/MONT_WORKTREE_af4c5abd/proofs/cbmc/mont_t2a_arbitrary_pair/logs/remove_function_body-log.txt,provenance/montgomery-reduce/source-snapshots/base-worktree-af4c5abd/proofs/cbmc/mont_t2a_arbitrary_pair/logs/remove_function_body-log.txt
fa62c54e7d0effaa54262333ffb4a79bf4fc5a78d925e6f7099d6cc990ac59be,1071,3,mlk_montgomery_cleanroom/MONT_WORKTREE_af4c5abd/test/baremetal/platform/aarch64-virt/platform.mk,provenance/montgomery-reduce/source-snapshots/base-worktree-af4c5abd/test/baremetal/platform/aarch64-virt/platform.mk
fa816535c81db5f13da3ba82209862a7d13a56ec2577b4921fc006bfe23c163f,131623,3,mlk_montgomery_cleanroom/MONT_T4_WORKTREE_af4c5abd_20260726T225651Z/proofs/cbmc/mont_t4_p2_p3_p5_bijection_locality/gotos/mont_t4_p2_p3_p5_bijection_locality_harness0300.goto,provenance/montgomery-reduce/worktree-deltas/MONT04-poly-tomont-delta/proofs/cbmc/mont_t4_p2_p3_p5_bijection_locality/gotos/mont_t4_p2_p3_p5_bijection_locality_harness0300.goto
fa91905412f65a46e3949f461c75846094c849f17c14ce77d3631869537ae577,1914,3,mlk_montgomery_cleanroom/MONT_WORKTREE_af4c5abd/META.py,provenance/montgomery-reduce/source-snapshots/base-worktree-af4c5abd/META.py
fadc9424cb8af4e0164137f7c5477afa8b1f56041be7cf9818ecdf94f8977e35,4126,1,mlk_montgomery_cleanroom/MONT_WORKTREE_af4c5abd/proofs/cbmc/mont_t2a_p3_witness_PN/.ninja_log,provenance/montgomery-reduce/source-snapshots/base-worktree-af4c5abd/proofs/cbmc/mont_t2a_p3_witness_PN/.ninja_log
fae049245d4c5faaa37702b85365fb24f1c9201d63bbfcccea650af8d3e921d5,312,3,mlk_montgomery_cleanroom/MONT_WORKTREE_af4c5abd/proofs/cbmc/scalar_compress_d10/scalar_compress_d10_harness.c,provenance/montgomery-reduce/source-snapshots/base-worktree-af4c5abd/proofs/cbmc/scalar_compress_d10/scalar_compress_d10_harness.c
fafc433773e16504ab4a33e7a308d4dcd8e4de22ff24a263427f912bd0922895,15440,3,mlk_montgomery_cleanroom/MONT_WORKTREE_af4c5abd/proofs/hol_light/aarch64/proofs/poly_mulcache_compute_aarch64_asm.ml,provenance/montgomery-reduce/source-snapshots/base-worktree-af4c5abd/proofs/hol_light/aarch64/proofs/poly_mulcache_compute_aarch64_asm.ml
fb01c0befe76b05118ab59cf5558f620746871b5f0a809912cf14f18bbf653b3,95325,1,mlk_montgomery_cleanroom/MONT01B_R1_M2_M3_20260726T150200Z/M3_SHIFT_BY_15/direct-cbmc.log,experiments/montgomery-reduce/MONT01-exact-refinement/raw-runs/03-mutation-sensitivity/02-retry-m3-partial/MONT01B_R1_M2_M3_20260726T150200Z/M3_SHIFT_BY_15/direct-cbmc.log
fb053360a86900064c48b46427726f7d295304751c9deca21771cf457fe8c7bb,2197,3,mlk_montgomery_cleanroom/MONT_WORKTREE_af4c5abd/proofs/cbmc/poly_frombytes_native/Makefile,provenance/montgomery-reduce/source-snapshots/base-worktree-af4c5abd/proofs/cbmc/poly_frombytes_native/Makefile
fb0654c0b33c45c929fdb2af2287807a7b8f312ac7f3baa3ddfaef0c030ef0b2,7438,30,mlk_montgomery_cleanroom/MONT_WORKTREE_af4c5abd/examples/basic/mlkem_native/src/fips202/fips202.c,provenance/montgomery-reduce/source-snapshots/base-worktree-af4c5abd/examples/basic/mlkem_native/src/fips202/fips202.c
fb8ef8311c180d948b0dee957254971a92ecd4a1ce64e0f93d28569fdda3a7fc,463,3,mlk_montgomery_cleanroom/MONT_WORKTREE_af4c5abd/proofs/cbmc/ntt_butterfly_block/ntt_butterfly_block_harness.c,provenance/montgomery-reduce/source-snapshots/base-worktree-af4c5abd/proofs/cbmc/ntt_butterfly_block/ntt_butterfly_block_harness.c
fbb33fa341654ed9fc0da7ebf8961aef386c04103a93eae69b1b7fea9fcc408d,495,2,mlk_montgomery_cleanroom/MONT02A_FULL_T2_FUNCTIONAL_20260726T192057Z/P3_NP/cbmc.log,experiments/montgomery-reduce/MONT02-relational-low-word-laws/raw-runs/06-p3-sign-partition-complete/MONT02A_FULL_T2_FUNCTIONAL_20260726T192057Z/P3_NP/cbmc.log
fbbbff324804f5bb1941b11900d5b4a93e8fa3ca9d1d1304921b871643de0105,480,1,mlk_montgomery_cleanroom/MONT_WORKTREE_af4c5abd/proofs/cbmc/mont_t2a_arbitrary_pair/logs/drop_unused_functions-log.txt,provenance/montgomery-reduce/source-snapshots/base-worktree-af4c5abd/proofs/cbmc/mont_t2a_arbitrary_pair/logs/drop_unused_functions-log.txt
fbcc796f045cd413178fdfeccc090b22d40c1861a0d596383624b42c99c0827d,327,1,mlk_montgomery_cleanroom/MONT_T3_WORKTREE_af4c5abd/proofs/cbmc/mont_t3_p6_associativity/logs/remove_function_body-log.txt,provenance/montgomery-reduce/worktree-deltas/MONT03-fqmul-algebra-delta/proofs/cbmc/mont_t3_p6_associativity/logs/remove_function_body-log.txt
fbec40baffe2de13f6ffbc2945788cb6b900e716bb3a79ba44116a0bba351a58,31079,3,mlk_montgomery_cleanroom/MONT_WORKTREE_af4c5abd/proofs/hol_light/aarch64/proofs/polyvec_basemul_acc_montgomery_cached_k3_aarch64_asm.ml,provenance/montgomery-reduce/source-snapshots/base-worktree-af4c5abd/proofs/hol_light/aarch64/proofs/polyvec_basemul_acc_montgomery_cached_k3_aarch64_asm.ml
fc00b6d67806074264ec9793b580c8919a0fb4f40a1598848cca1fa3a43edd9c,331,1,mlk_montgomery_cleanroom/MONT01B_R1_M2_M3_20260726T151104Z/M2_RECONSTRUCTION_SIGN/make-clean.log,experiments/montgomery-reduce/MONT01-exact-refinement/raw-runs/03-mutation-sensitivity/04-complete-three-mutant-run/MONT01B_R1_M2_M3_20260726T151104Z/M2_RECONSTRUCTION_SIGN/make-clean.log
fc1ba65c9557eddad623ec15e193fa8ff18d970cd348ecd736bed092c5f4f5e2,765,24,mlk_montgomery_cleanroom/MONT_WORKTREE_af4c5abd/examples/basic/mlkem_native/src/fips202/native/aarch64/x4_v8a_scalar.h,provenance/montgomery-reduce/source-snapshots/base-worktree-af4c5abd/examples/basic/mlkem_native/src/fips202/native/aarch64/x4_v8a_scalar.h
fc56e07809fd44ed5fa698d1783d19e1868841ad291574af67e64ddddff56a39,391,2,mlk_montgomery_cleanroom/MONT01A_D2_20260726T141230Z/MONT_T1_FALSE_CONTROL_SNAPSHOT/logs/linking-library-models-log.txt,experiments/montgomery-reduce/MONT01-exact-refinement/raw-runs/02-authoritative-proof-and-false-control/MONT01A_D2_20260726T141230Z/MONT_T1_FALSE_CONTROL_SNAPSHOT/logs/linking-library-models-log.txt
fc9a4d7dd9c191c8421cdf977ce64dad3aea9adfb3e3187f1d34671fb98d49c3,256,6,mlk_montgomery_cleanroom/MONT_WORKTREE_af4c5abd/proofs/cbmc/poly_invntt_tomont/poly_invntt_tomont_harness.c,provenance/montgomery-reduce/source-snapshots/base-worktree-af4c5abd/proofs/cbmc/poly_invntt_tomont/poly_invntt_tomont_harness.c
fca370d454921f52dfb88962203508fff56e363dde6dfce9faecdd992a8937c0,702,1,mlk_montgomery_cleanroom/MONT02A_FULL_T2_FUNCTIONAL_20260726T175148Z/A_PROPERTY_LOGS/b3bd7232bad8c8cb8f9a.log,experiments/montgomery-reduce/MONT02-relational-low-word-laws/raw-runs/04-sharded-property-run/MONT02A_FULL_T2_FUNCTIONAL_20260726T175148Z/A_PROPERTY_LOGS/b3bd7232bad8c8cb8f9a.log
fca6a8e67ab99177d6bd0fdcb055c034e1da56d730c5b5bb1041a7a3b59658d5,1346,3,mlk_montgomery_cleanroom/MONT_WORKTREE_af4c5abd/proofs/cbmc/poly_decompress_d5/Makefile,provenance/montgomery-reduce/source-snapshots/base-worktree-af4c5abd/proofs/cbmc/poly_decompress_d5/Makefile
fd0518f8746d13ef1b6c9181c023ee255c0ad2d17e8246ade75220b98558d84a,343,1,mlk_montgomery_cleanroom/MONT_WORKTREE_af4c5abd/proofs/cbmc/montgomery_reduce/logs/unwind_loops-log.txt,provenance/montgomery-reduce/source-snapshots/base-worktree-af4c5abd/proofs/cbmc/montgomery_reduce/logs/unwind_loops-log.txt
fd08cbb8c466feb6a1af5de00fd28e95dbe487df3c36292249505b689d81b234,10169,3,mlk_montgomery_cleanroom/MONT_WORKTREE_af4c5abd/integration/liboqs/config_c.h,provenance/montgomery-reduce/source-snapshots/base-worktree-af4c5abd/integration/liboqs/config_c.h
fd0dec736bf29270081ad4bc70cb7a68288bd3632794d29f388ee57f4b7f14de,29726,3,mlk_montgomery_cleanroom/MONT_WORKTREE_af4c5abd/proofs/hol_light/x86_64/proofs/poly_compress_d4_avx2_asm.ml,provenance/montgomery-reduce/source-snapshots/base-worktree-af4c5abd/proofs/hol_light/x86_64/proofs/poly_compress_d4_avx2_asm.ml
fd5b7bbcc59981be7583286bd67a4dc6fcf0c048db32799e18dcb0734b791369,2193,3,mlk_montgomery_cleanroom/MONT_WORKTREE_af4c5abd/RELICENSE.md,provenance/montgomery-reduce/source-snapshots/base-worktree-af4c5abd/RELICENSE.md
fd6795bfce0e542c93ee82df44ea4609ad521ec4f1f89a1fb5d5d4151db44e30,321,1,mlk_montgomery_cleanroom/MONT_WORKTREE_af4c5abd/proofs/cbmc/mont_t2_relational_fibre/logs/remove_function_body-log.txt,provenance/montgomery-reduce/source-snapshots/base-worktree-af4c5abd/proofs/cbmc/mont_t2_relational_fibre/logs/remove_function_body-log.txt
fd79e638e1193c28dbf7c3af896dfd063396d8abbc11b572836570bfa9eacb81,2348,3,mlk_montgomery_cleanroom/MONT_WORKTREE_af4c5abd/proofs/cbmc/nttunpack_native_x86_64/Makefile,provenance/montgomery-reduce/source-snapshots/base-worktree-af4c5abd/proofs/cbmc/nttunpack_native_x86_64/Makefile
fd96189141a839c07acfb64e4460841e999716730be080376b2604d0aa709687,923,24,mlk_montgomery_cleanroom/MONT_WORKTREE_af4c5abd/examples/basic/mlkem_native/src/fips202/native/aarch64/x1_v84a.h,provenance/montgomery-reduce/source-snapshots/base-worktree-af4c5abd/examples/basic/mlkem_native/src/fips202/native/aarch64/x1_v84a.h
fde83bd12ae9c76aa65dc05b872fcf122175f44028354ff1e9ccbc994ea44071,466,1,mlk_montgomery_cleanroom/MONT_WORKTREE_af4c5abd/proofs/cbmc/mont_t2b_fibre_translation/logs/restrict_function_pointer-log.txt,provenance/montgomery-reduce/source-snapshots/base-worktree-af4c5abd/proofs/cbmc/mont_t2b_fibre_translation/logs/restrict_function_pointer-log.txt
fdf3936778341b3ea519fc565bffab3cf77f2e1baaef3e136967c4149f0eb01b,2671,3,mlk_montgomery_cleanroom/MONT_WORKTREE_af4c5abd/test/abicheck/x86_64/checks/check_polyvec_basemul_acc_montgomery_cached_k4_avx2_asm.c,provenance/montgomery-reduce/source-snapshots/base-worktree-af4c5abd/test/abicheck/x86_64/checks/check_polyvec_basemul_acc_montgomery_cached_k4_avx2_asm.c
fe8dd49d7839897eec41fd8b0584d4d6a463a2404f92881aacd44d910ce06123,5227,5,mlk_montgomery_cleanroom/MONT01B_R1_M2_M3_20260726T151104Z/M1_QINV_PLUS_ONE_BOUND_EVIDENCE/make.log,experiments/montgomery-reduce/MONT01-exact-refinement/raw-runs/03-mutation-sensitivity/04-complete-three-mutant-run/MONT01B_R1_M2_M3_20260726T151104Z/M1_QINV_PLUS_ONE_BOUND_EVIDENCE/make.log
fec48c354e6fb60b10e442307808bee5db8b4693203585dc22e7e239bbce4012,11842,3,mlk_montgomery_cleanroom/MONT_WORKTREE_af4c5abd/integration/liboqs/config_aarch64.h,provenance/montgomery-reduce/source-snapshots/base-worktree-af4c5abd/integration/liboqs/config_aarch64.h
fedc3d1f008de34a75ac8e60ea05bb48c63668b66c355dfe2da95b7a1f92ada9,13954,6,mlk_montgomery_cleanroom/MONT_WORKTREE_af4c5abd/dev/aarch64_clean/src/rej_uniform_aarch64_asm.S,provenance/montgomery-reduce/source-snapshots/base-worktree-af4c5abd/dev/aarch64_clean/src/rej_uniform_aarch64_asm.S
feee09affc723ef655d94d5c0d822f3600d117035d9cf966fb45aed58b4f0e24,199,1,mlk_montgomery_cleanroom/MONT01B_R1_M2_M3_20260726T150507Z/MONT01B_R1_TERMINAL_CAPTURE_20260726T150507Z.txt.sha256,experiments/montgomery-reduce/MONT01-exact-refinement/raw-runs/03-mutation-sensitivity/03-retry-m2-partial/MONT01B_R1_M2_M3_20260726T150507Z/MONT01B_R1_TERMINAL_CAPTURE_20260726T150507Z.txt.sha256
ff4c40902b23a6a30c717f9381be5d5ba65cb027ed07489311ce4720c6bb9188,253,3,mlk_montgomery_cleanroom/MONT_WORKTREE_af4c5abd/proofs/cbmc/poly_add/poly_add_harness.c,provenance/montgomery-reduce/source-snapshots/base-worktree-af4c5abd/proofs/cbmc/poly_add/poly_add_harness.c
ff6a7ffefe25c3ffcdb7fcfd464ed020ccc4003b5a2c36e9ed6bd316a661a4ef,131607,1,mlk_montgomery_cleanroom/MONT_T3_WORKTREE_af4c5abd/proofs/cbmc/mont_t3_p2_p3_relational/gotos/mont_t3_p2_p3_relational_harness0100.goto,provenance/montgomery-reduce/worktree-deltas/MONT03-fqmul-algebra-delta/proofs/cbmc/mont_t3_p2_p3_relational/gotos/mont_t3_p2_p3_relational_harness0100.goto
ffa2c16055d48d5b08e916c486832bb14cef8c55103500a0c7ea1f7a75bea944,117978,1,mlk_montgomery_cleanroom/MONT_T4_WORKTREE_af4c5abd_20260726T225651Z/proofs/cbmc/mont_t4_p2_p3_p5_bijection_locality/gotos/project0100.goto,provenance/montgomery-reduce/worktree-deltas/MONT04-poly-tomont-delta/proofs/cbmc/mont_t4_p2_p3_p5_bijection_locality/gotos/project0100.goto
ffc9cd09fb9a5926c8540b52181b064e7ae46b3d117e10ca51ac0d0ca940f6bd,23665,36,mlk_montgomery_cleanroom/MONT_WORKTREE_af4c5abd/examples/basic/mlkem_native/src/indcpa.c,provenance/montgomery-reduce/source-snapshots/base-worktree-af4c5abd/examples/basic/mlkem_native/src/indcpa.c
ffd3430b4126b3eca17189c362a08999140f4ebf0f04afd01342ec5a05e811ed,3866,27,mlk_montgomery_cleanroom/MONT_WORKTREE_af4c5abd/examples/basic/mlkem_native/src/native/aarch64/src/poly_mulcache_compute_aarch64_asm.S,provenance/montgomery-reduce/source-snapshots/base-worktree-af4c5abd/examples/basic/mlkem_native/src/native/aarch64/src/poly_mulcache_compute_aarch64_asm.S
