omitted_original_path	canonical_original_path	retained_destination	size_bytes	sha256	mirror_identity
EXPIREMENTS/MLK_POLY_SUB/SUB00A_d9613cf60de3/03_HARNESS_FREEZE/frozen_harness_family_v1/SUB_T6_B6_3_ARTIFACT_MANIFEST.sha256	EXPIREMENTS/MLK_POLY_SUB/SUB00A_d9613cf60de3/SUB00R_BATCH6_T6_CALLSITE_INTEGRATION/03_HARNESS_FREEZE/frozen_harness_family_v1/SUB_T6_B6_3_ARTIFACT_MANIFEST.sha256	experiments/poly-sub/T06-callsite-integration/raw-evidence/SUB00R_BATCH6_T6_CALLSITE_INTEGRATION/03_HARNESS_FREEZE/frozen_harness_family_v1/SUB_T6_B6_3_ARTIFACT_MANIFEST.sha256	1396	d303f1415f07a9e394f0899d1078fd9bd5c625bfb773eaeb5b8935148dae7c1f	"[""t6-authoritative-tree"", ""03_HARNESS_FREEZE/frozen_harness_family_v1/SUB_T6_B6_3_ARTIFACT_MANIFEST.sha256""]"
EXPIREMENTS/MLK_POLY_SUB/SUB00A_d9613cf60de3/03_HARNESS_FREEZE/frozen_harness_family_v1/SUB_T6_B6_3_BUILD_PLAN.md	EXPIREMENTS/MLK_POLY_SUB/SUB00A_d9613cf60de3/SUB00R_BATCH6_T6_CALLSITE_INTEGRATION/03_HARNESS_FREEZE/frozen_harness_family_v1/SUB_T6_B6_3_BUILD_PLAN.md	experiments/poly-sub/T06-callsite-integration/raw-evidence/SUB00R_BATCH6_T6_CALLSITE_INTEGRATION/03_HARNESS_FREEZE/frozen_harness_family_v1/SUB_T6_B6_3_BUILD_PLAN.md	496	9e9cd1e8faf6ec3e2c05b70087b5beda7bd31acfc910fc7850b5163ecb3793da	"[""t6-authoritative-tree"", ""03_HARNESS_FREEZE/frozen_harness_family_v1/SUB_T6_B6_3_BUILD_PLAN.md""]"
EXPIREMENTS/MLK_POLY_SUB/SUB00A_d9613cf60de3/03_HARNESS_FREEZE/frozen_harness_family_v1/SUB_T6_B6_3_HARNESS_FAMILY_FREEZE.md	EXPIREMENTS/MLK_POLY_SUB/SUB00A_d9613cf60de3/SUB00R_BATCH6_T6_CALLSITE_INTEGRATION/03_HARNESS_FREEZE/frozen_harness_family_v1/SUB_T6_B6_3_HARNESS_FAMILY_FREEZE.md	experiments/poly-sub/T06-callsite-integration/raw-evidence/SUB00R_BATCH6_T6_CALLSITE_INTEGRATION/03_HARNESS_FREEZE/frozen_harness_family_v1/SUB_T6_B6_3_HARNESS_FAMILY_FREEZE.md	1330	55fccc70d70eec5798088899d879179e0746f86b3590e15e9df28cd9c8724c2c	"[""t6-authoritative-tree"", ""03_HARNESS_FREEZE/frozen_harness_family_v1/SUB_T6_B6_3_HARNESS_FAMILY_FREEZE.md""]"
EXPIREMENTS/MLK_POLY_SUB/SUB00A_d9613cf60de3/03_HARNESS_FREEZE/frozen_harness_family_v1/SUB_T6_B6_3_SUPPORT_PROVENANCE.txt	EXPIREMENTS/MLK_POLY_SUB/SUB00A_d9613cf60de3/SUB00R_BATCH6_T6_CALLSITE_INTEGRATION/03_HARNESS_FREEZE/frozen_harness_family_v1/SUB_T6_B6_3_SUPPORT_PROVENANCE.txt	experiments/poly-sub/T06-callsite-integration/raw-evidence/SUB00R_BATCH6_T6_CALLSITE_INTEGRATION/03_HARNESS_FREEZE/frozen_harness_family_v1/SUB_T6_B6_3_SUPPORT_PROVENANCE.txt	554	12af6db72a6ed3ff3871c328dacafa2f4be4520c86c022eb2e422757a8663aa2	"[""t6-authoritative-tree"", ""03_HARNESS_FREEZE/frozen_harness_family_v1/SUB_T6_B6_3_SUPPORT_PROVENANCE.txt""]"
EXPIREMENTS/MLK_POLY_SUB/SUB00A_d9613cf60de3/03_HARNESS_FREEZE/frozen_harness_family_v1/harnesses/sub_t6_callsite_exactness_harness.c	EXPIREMENTS/MLK_POLY_SUB/SUB00A_d9613cf60de3/SUB00R_BATCH6_T6_CALLSITE_INTEGRATION/03_HARNESS_FREEZE/frozen_harness_family_v1/harnesses/sub_t6_callsite_exactness_harness.c	experiments/poly-sub/T06-callsite-integration/raw-evidence/SUB00R_BATCH6_T6_CALLSITE_INTEGRATION/03_HARNESS_FREEZE/frozen_harness_family_v1/harnesses/sub_t6_callsite_exactness_harness.c	638	5f7b2d5e3d422b723e047025da9586df8ca1788be054096eab40f2a382176222	"[""t6-authoritative-tree"", ""03_HARNESS_FREEZE/frozen_harness_family_v1/harnesses/sub_t6_callsite_exactness_harness.c""]"
EXPIREMENTS/MLK_POLY_SUB/SUB00A_d9613cf60de3/03_HARNESS_FREEZE/frozen_harness_family_v1/harnesses/sub_t6_callsite_frame_harness.c	EXPIREMENTS/MLK_POLY_SUB/SUB00A_d9613cf60de3/SUB00R_BATCH6_T6_CALLSITE_INTEGRATION/03_HARNESS_FREEZE/frozen_harness_family_v1/harnesses/sub_t6_callsite_frame_harness.c	experiments/poly-sub/T06-callsite-integration/raw-evidence/SUB00R_BATCH6_T6_CALLSITE_INTEGRATION/03_HARNESS_FREEZE/frozen_harness_family_v1/harnesses/sub_t6_callsite_frame_harness.c	1271	43c810f384ad93269e03d2f950c4b26a17e0df9a8fc9547d81cdba5c4534fd21	"[""t6-authoritative-tree"", ""03_HARNESS_FREEZE/frozen_harness_family_v1/harnesses/sub_t6_callsite_frame_harness.c""]"
EXPIREMENTS/MLK_POLY_SUB/SUB00A_d9613cf60de3/03_HARNESS_FREEZE/frozen_harness_family_v1/harnesses/sub_t6_callsite_precondition_harness.c	EXPIREMENTS/MLK_POLY_SUB/SUB00A_d9613cf60de3/SUB00R_BATCH6_T6_CALLSITE_INTEGRATION/03_HARNESS_FREEZE/frozen_harness_family_v1/harnesses/sub_t6_callsite_precondition_harness.c	experiments/poly-sub/T06-callsite-integration/raw-evidence/SUB00R_BATCH6_T6_CALLSITE_INTEGRATION/03_HARNESS_FREEZE/frozen_harness_family_v1/harnesses/sub_t6_callsite_precondition_harness.c	1336	cbf53757ca9b341d89d096b24fd9be65df85d09237c82eae68e23db6c894c640	"[""t6-authoritative-tree"", ""03_HARNESS_FREEZE/frozen_harness_family_v1/harnesses/sub_t6_callsite_precondition_harness.c""]"
EXPIREMENTS/MLK_POLY_SUB/SUB00A_d9613cf60de3/03_HARNESS_FREEZE/frozen_harness_family_v1/harnesses/sub_t6_sub_reduce_handoff_harness.c	EXPIREMENTS/MLK_POLY_SUB/SUB00A_d9613cf60de3/SUB00R_BATCH6_T6_CALLSITE_INTEGRATION/03_HARNESS_FREEZE/frozen_harness_family_v1/harnesses/sub_t6_sub_reduce_handoff_harness.c	experiments/poly-sub/T06-callsite-integration/raw-evidence/SUB00R_BATCH6_T6_CALLSITE_INTEGRATION/03_HARNESS_FREEZE/frozen_harness_family_v1/harnesses/sub_t6_sub_reduce_handoff_harness.c	1004	6528f9fb3ef3c105138d04bc3a48b4a9bca5686d7f6e7e6a764daafb047b50f8	"[""t6-authoritative-tree"", ""03_HARNESS_FREEZE/frozen_harness_family_v1/harnesses/sub_t6_sub_reduce_handoff_harness.c""]"
EXPIREMENTS/MLK_POLY_SUB/SUB00A_d9613cf60de3/03_HARNESS_FREEZE/frozen_harness_family_v1/harnesses/sub_t6_tomsg_precondition_harness.c	EXPIREMENTS/MLK_POLY_SUB/SUB00A_d9613cf60de3/SUB00R_BATCH6_T6_CALLSITE_INTEGRATION/03_HARNESS_FREEZE/frozen_harness_family_v1/harnesses/sub_t6_tomsg_precondition_harness.c	experiments/poly-sub/T06-callsite-integration/raw-evidence/SUB00R_BATCH6_T6_CALLSITE_INTEGRATION/03_HARNESS_FREEZE/frozen_harness_family_v1/harnesses/sub_t6_tomsg_precondition_harness.c	1304	53e2df8b966595a2374ab5c604b4144944304faefcbfbf96c2ede2435779484b	"[""t6-authoritative-tree"", ""03_HARNESS_FREEZE/frozen_harness_family_v1/harnesses/sub_t6_tomsg_precondition_harness.c""]"
EXPIREMENTS/MLK_POLY_SUB/SUB00A_d9613cf60de3/03_HARNESS_FREEZE/frozen_harness_family_v1/scripts/validate_frozen_family.sh	EXPIREMENTS/MLK_POLY_SUB/SUB00A_d9613cf60de3/SUB00R_BATCH6_T6_CALLSITE_INTEGRATION/03_HARNESS_FREEZE/frozen_harness_family_v1/scripts/validate_frozen_family.sh	experiments/poly-sub/T06-callsite-integration/raw-evidence/SUB00R_BATCH6_T6_CALLSITE_INTEGRATION/03_HARNESS_FREEZE/frozen_harness_family_v1/scripts/validate_frozen_family.sh	2385	0041007c7510ebc34fdd60a67167c22ddd461c73c573189ebe8316a9670bf518	"[""t6-authoritative-tree"", ""03_HARNESS_FREEZE/frozen_harness_family_v1/scripts/validate_frozen_family.sh""]"
EXPIREMENTS/MLK_POLY_SUB/SUB00A_d9613cf60de3/03_HARNESS_FREEZE/frozen_harness_family_v1/support/sub00r_b6_fail_closed_zeroize.h	EXPIREMENTS/MLK_POLY_SUB/SUB00A_d9613cf60de3/SUB00R_BATCH6_T6_CALLSITE_INTEGRATION/03_HARNESS_FREEZE/frozen_harness_family_v1/support/sub00r_b6_fail_closed_zeroize.h	experiments/poly-sub/T06-callsite-integration/raw-evidence/SUB00R_BATCH6_T6_CALLSITE_INTEGRATION/03_HARNESS_FREEZE/frozen_harness_family_v1/support/sub00r_b6_fail_closed_zeroize.h	328	643493b138edd833c3f2f547e215836923523241f6ae260aaace9d929166f0c4	"[""t6-authoritative-tree"", ""03_HARNESS_FREEZE/frozen_harness_family_v1/support/sub00r_b6_fail_closed_zeroize.h""]"
EXPIREMENTS/MLK_POLY_SUB/SUB00A_d9613cf60de3/03_HARNESS_FREEZE/frozen_harness_family_v1/support/sub00r_b6_harness_common.h	EXPIREMENTS/MLK_POLY_SUB/SUB00A_d9613cf60de3/SUB00R_BATCH6_T6_CALLSITE_INTEGRATION/03_HARNESS_FREEZE/frozen_harness_family_v1/support/sub00r_b6_harness_common.h	experiments/poly-sub/T06-callsite-integration/raw-evidence/SUB00R_BATCH6_T6_CALLSITE_INTEGRATION/03_HARNESS_FREEZE/frozen_harness_family_v1/support/sub00r_b6_harness_common.h	2071	36ab8d9071b1a51b591ea3f46f7b72039e8ed92d28950ba1040458af1575526a	"[""t6-authoritative-tree"", ""03_HARNESS_FREEZE/frozen_harness_family_v1/support/sub00r_b6_harness_common.h""]"
EXPIREMENTS/MLK_POLY_SUB/SUB00A_d9613cf60de3/03_HARNESS_FREEZE/frozen_harness_family_v1/support/sub00r_b6_optblocker_zero.c	EXPIREMENTS/MLK_POLY_SUB/SUB00A_d9613cf60de3/SUB00R_BATCH6_T6_CALLSITE_INTEGRATION/03_HARNESS_FREEZE/frozen_harness_family_v1/support/sub00r_b6_optblocker_zero.c	experiments/poly-sub/T06-callsite-integration/raw-evidence/SUB00R_BATCH6_T6_CALLSITE_INTEGRATION/03_HARNESS_FREEZE/frozen_harness_family_v1/support/sub00r_b6_optblocker_zero.c	260	3338ed52257c20fe3edb62bf0a4ceb16680c20332b04d19e1a2fdbf6dc3aefb2	"[""t6-authoritative-tree"", ""03_HARNESS_FREEZE/frozen_harness_family_v1/support/sub00r_b6_optblocker_zero.c""]"
EXPIREMENTS/MLK_POLY_SUB/SUB00A_d9613cf60de3/03_HARNESS_FREEZE/frozen_harness_family_v1/support/sub00r_b6_verify_pragma_scope.h	EXPIREMENTS/MLK_POLY_SUB/SUB00A_d9613cf60de3/SUB00R_BATCH6_T6_CALLSITE_INTEGRATION/03_HARNESS_FREEZE/frozen_harness_family_v1/support/sub00r_b6_verify_pragma_scope.h	experiments/poly-sub/T06-callsite-integration/raw-evidence/SUB00R_BATCH6_T6_CALLSITE_INTEGRATION/03_HARNESS_FREEZE/frozen_harness_family_v1/support/sub00r_b6_verify_pragma_scope.h	292	4c74db3813ba322eb2abecae49187014dbc8ae078557313d2dee7148ecc47acf	"[""t6-authoritative-tree"", ""03_HARNESS_FREEZE/frozen_harness_family_v1/support/sub00r_b6_verify_pragma_scope.h""]"
EXPIREMENTS/MLK_POLY_SUB/SUB00A_d9613cf60de3/04_GOTO_PREFLIGHT/B6_4_GOTO_PREFLIGHT_MLKEM768/SUB_T6_B6_4_ARTIFACT_MANIFEST.sha256	EXPIREMENTS/MLK_POLY_SUB/SUB00A_d9613cf60de3/SUB00R_BATCH6_T6_CALLSITE_INTEGRATION/04_GOTO_PREFLIGHT/B6_4_GOTO_PREFLIGHT_MLKEM768/SUB_T6_B6_4_ARTIFACT_MANIFEST.sha256	experiments/poly-sub/T06-callsite-integration/raw-evidence/SUB00R_BATCH6_T6_CALLSITE_INTEGRATION/04_GOTO_PREFLIGHT/B6_4_GOTO_PREFLIGHT_MLKEM768/SUB_T6_B6_4_ARTIFACT_MANIFEST.sha256	10906	8f8cd78fcd4fe0b89bc8642d8164d49e2e4fa9cdc94365eaec28b57cbcaac9c3	"[""t6-authoritative-tree"", ""04_GOTO_PREFLIGHT/B6_4_GOTO_PREFLIGHT_MLKEM768/SUB_T6_B6_4_ARTIFACT_MANIFEST.sha256""]"
EXPIREMENTS/MLK_POLY_SUB/SUB00A_d9613cf60de3/04_GOTO_PREFLIGHT/B6_4_GOTO_PREFLIGHT_MLKEM768/SUB_T6_B6_4_EXECUTION_INPUT_FREEZE.md	EXPIREMENTS/MLK_POLY_SUB/SUB00A_d9613cf60de3/SUB00R_BATCH6_T6_CALLSITE_INTEGRATION/04_GOTO_PREFLIGHT/B6_4_GOTO_PREFLIGHT_MLKEM768/SUB_T6_B6_4_EXECUTION_INPUT_FREEZE.md	experiments/poly-sub/T06-callsite-integration/raw-evidence/SUB00R_BATCH6_T6_CALLSITE_INTEGRATION/04_GOTO_PREFLIGHT/B6_4_GOTO_PREFLIGHT_MLKEM768/SUB_T6_B6_4_EXECUTION_INPUT_FREEZE.md	1231	e514e0fc99bd52b3c8d2f9f2be7305239d22fb7869edd60aa69b894d1b2fc0ce	"[""t6-authoritative-tree"", ""04_GOTO_PREFLIGHT/B6_4_GOTO_PREFLIGHT_MLKEM768/SUB_T6_B6_4_EXECUTION_INPUT_FREEZE.md""]"
EXPIREMENTS/MLK_POLY_SUB/SUB00A_d9613cf60de3/04_GOTO_PREFLIGHT/B6_4_GOTO_PREFLIGHT_MLKEM768/SUB_T6_B6_4_PREFLIGHT_SUMMARY.txt	EXPIREMENTS/MLK_POLY_SUB/SUB00A_d9613cf60de3/SUB00R_BATCH6_T6_CALLSITE_INTEGRATION/04_GOTO_PREFLIGHT/B6_4_GOTO_PREFLIGHT_MLKEM768/SUB_T6_B6_4_PREFLIGHT_SUMMARY.txt	experiments/poly-sub/T06-callsite-integration/raw-evidence/SUB00R_BATCH6_T6_CALLSITE_INTEGRATION/04_GOTO_PREFLIGHT/B6_4_GOTO_PREFLIGHT_MLKEM768/SUB_T6_B6_4_PREFLIGHT_SUMMARY.txt	2623	c238e3c11cf02d730da7f261bb8d79c9b31f0b1fd73f2da5df09819f614b379a	"[""t6-authoritative-tree"", ""04_GOTO_PREFLIGHT/B6_4_GOTO_PREFLIGHT_MLKEM768/SUB_T6_B6_4_PREFLIGHT_SUMMARY.txt""]"
EXPIREMENTS/MLK_POLY_SUB/SUB00A_d9613cf60de3/04_GOTO_PREFLIGHT/B6_4_GOTO_PREFLIGHT_MLKEM768/build/callsite_exactness.goto	EXPIREMENTS/MLK_POLY_SUB/SUB00A_d9613cf60de3/SUB00R_BATCH6_T6_CALLSITE_INTEGRATION/04_GOTO_PREFLIGHT/B6_4_GOTO_PREFLIGHT_MLKEM768/build/callsite_exactness.goto	experiments/poly-sub/T06-callsite-integration/raw-evidence/SUB00R_BATCH6_T6_CALLSITE_INTEGRATION/04_GOTO_PREFLIGHT/B6_4_GOTO_PREFLIGHT_MLKEM768/build/callsite_exactness.goto	53398	85f6d0b545207959143f21a493c8567bc698ad2b940ff25af953827b33633742	"[""t6-authoritative-tree"", ""04_GOTO_PREFLIGHT/B6_4_GOTO_PREFLIGHT_MLKEM768/build/callsite_exactness.goto""]"
EXPIREMENTS/MLK_POLY_SUB/SUB00A_d9613cf60de3/04_GOTO_PREFLIGHT/B6_4_GOTO_PREFLIGHT_MLKEM768/build/callsite_exactness.goto.sha256	EXPIREMENTS/MLK_POLY_SUB/SUB00A_d9613cf60de3/SUB00R_BATCH6_T6_CALLSITE_INTEGRATION/04_GOTO_PREFLIGHT/B6_4_GOTO_PREFLIGHT_MLKEM768/build/callsite_exactness.goto.sha256	experiments/poly-sub/T06-callsite-integration/raw-evidence/SUB00R_BATCH6_T6_CALLSITE_INTEGRATION/04_GOTO_PREFLIGHT/B6_4_GOTO_PREFLIGHT_MLKEM768/build/callsite_exactness.goto.sha256	249	427b0384734edfa578a9e43824b59b2c0407bba1c922cdbbac0cb2c6a4dc095f	"[""t6-authoritative-tree"", ""04_GOTO_PREFLIGHT/B6_4_GOTO_PREFLIGHT_MLKEM768/build/callsite_exactness.goto.sha256""]"
EXPIREMENTS/MLK_POLY_SUB/SUB00A_d9613cf60de3/04_GOTO_PREFLIGHT/B6_4_GOTO_PREFLIGHT_MLKEM768/build/callsite_frame.goto	EXPIREMENTS/MLK_POLY_SUB/SUB00A_d9613cf60de3/SUB00R_BATCH6_T6_CALLSITE_INTEGRATION/04_GOTO_PREFLIGHT/B6_4_GOTO_PREFLIGHT_MLKEM768/build/callsite_frame.goto	experiments/poly-sub/T06-callsite-integration/raw-evidence/SUB00R_BATCH6_T6_CALLSITE_INTEGRATION/04_GOTO_PREFLIGHT/B6_4_GOTO_PREFLIGHT_MLKEM768/build/callsite_frame.goto	55666	b8813ddca9fba49261f8cfcfb8151d5bf991d58eaaaa31ae4e183ae4545b4503	"[""t6-authoritative-tree"", ""04_GOTO_PREFLIGHT/B6_4_GOTO_PREFLIGHT_MLKEM768/build/callsite_frame.goto""]"
EXPIREMENTS/MLK_POLY_SUB/SUB00A_d9613cf60de3/04_GOTO_PREFLIGHT/B6_4_GOTO_PREFLIGHT_MLKEM768/build/callsite_frame.goto.sha256	EXPIREMENTS/MLK_POLY_SUB/SUB00A_d9613cf60de3/SUB00R_BATCH6_T6_CALLSITE_INTEGRATION/04_GOTO_PREFLIGHT/B6_4_GOTO_PREFLIGHT_MLKEM768/build/callsite_frame.goto.sha256	experiments/poly-sub/T06-callsite-integration/raw-evidence/SUB00R_BATCH6_T6_CALLSITE_INTEGRATION/04_GOTO_PREFLIGHT/B6_4_GOTO_PREFLIGHT_MLKEM768/build/callsite_frame.goto.sha256	245	6dee4d671f2911b123b8d94ac5b5f5953c7e50c06fa51a780d290e94dcc79d2e	"[""t6-authoritative-tree"", ""04_GOTO_PREFLIGHT/B6_4_GOTO_PREFLIGHT_MLKEM768/build/callsite_frame.goto.sha256""]"
EXPIREMENTS/MLK_POLY_SUB/SUB00A_d9613cf60de3/04_GOTO_PREFLIGHT/B6_4_GOTO_PREFLIGHT_MLKEM768/build/callsite_precondition.goto	EXPIREMENTS/MLK_POLY_SUB/SUB00A_d9613cf60de3/SUB00R_BATCH6_T6_CALLSITE_INTEGRATION/04_GOTO_PREFLIGHT/B6_4_GOTO_PREFLIGHT_MLKEM768/build/callsite_precondition.goto	experiments/poly-sub/T06-callsite-integration/raw-evidence/SUB00R_BATCH6_T6_CALLSITE_INTEGRATION/04_GOTO_PREFLIGHT/B6_4_GOTO_PREFLIGHT_MLKEM768/build/callsite_precondition.goto	55380	f0c4fe559b030aa1c65712987e1186c859abae3967490a0a6c27f91aa1929510	"[""t6-authoritative-tree"", ""04_GOTO_PREFLIGHT/B6_4_GOTO_PREFLIGHT_MLKEM768/build/callsite_precondition.goto""]"
EXPIREMENTS/MLK_POLY_SUB/SUB00A_d9613cf60de3/04_GOTO_PREFLIGHT/B6_4_GOTO_PREFLIGHT_MLKEM768/build/callsite_precondition.goto.sha256	EXPIREMENTS/MLK_POLY_SUB/SUB00A_d9613cf60de3/SUB00R_BATCH6_T6_CALLSITE_INTEGRATION/04_GOTO_PREFLIGHT/B6_4_GOTO_PREFLIGHT_MLKEM768/build/callsite_precondition.goto.sha256	experiments/poly-sub/T06-callsite-integration/raw-evidence/SUB00R_BATCH6_T6_CALLSITE_INTEGRATION/04_GOTO_PREFLIGHT/B6_4_GOTO_PREFLIGHT_MLKEM768/build/callsite_precondition.goto.sha256	252	d77f2bb9136f738f374914945c688ccb9f224effb7f94c9e312fdb0b2567cbf0	"[""t6-authoritative-tree"", ""04_GOTO_PREFLIGHT/B6_4_GOTO_PREFLIGHT_MLKEM768/build/callsite_precondition.goto.sha256""]"
EXPIREMENTS/MLK_POLY_SUB/SUB00A_d9613cf60de3/04_GOTO_PREFLIGHT/B6_4_GOTO_PREFLIGHT_MLKEM768/build/sub_reduce_handoff.goto	EXPIREMENTS/MLK_POLY_SUB/SUB00A_d9613cf60de3/SUB00R_BATCH6_T6_CALLSITE_INTEGRATION/04_GOTO_PREFLIGHT/B6_4_GOTO_PREFLIGHT_MLKEM768/build/sub_reduce_handoff.goto	experiments/poly-sub/T06-callsite-integration/raw-evidence/SUB00R_BATCH6_T6_CALLSITE_INTEGRATION/04_GOTO_PREFLIGHT/B6_4_GOTO_PREFLIGHT_MLKEM768/build/sub_reduce_handoff.goto	54844	345337b29379e1e14203ee61c99360291e842d4dca5a5cf7e9383a65ab29a2bb	"[""t6-authoritative-tree"", ""04_GOTO_PREFLIGHT/B6_4_GOTO_PREFLIGHT_MLKEM768/build/sub_reduce_handoff.goto""]"
EXPIREMENTS/MLK_POLY_SUB/SUB00A_d9613cf60de3/04_GOTO_PREFLIGHT/B6_4_GOTO_PREFLIGHT_MLKEM768/build/sub_reduce_handoff.goto.sha256	EXPIREMENTS/MLK_POLY_SUB/SUB00A_d9613cf60de3/SUB00R_BATCH6_T6_CALLSITE_INTEGRATION/04_GOTO_PREFLIGHT/B6_4_GOTO_PREFLIGHT_MLKEM768/build/sub_reduce_handoff.goto.sha256	experiments/poly-sub/T06-callsite-integration/raw-evidence/SUB00R_BATCH6_T6_CALLSITE_INTEGRATION/04_GOTO_PREFLIGHT/B6_4_GOTO_PREFLIGHT_MLKEM768/build/sub_reduce_handoff.goto.sha256	249	d6de031562f8a9e86915f8fd52738bd4fd479c516c5526f11778a2de5c5f77c3	"[""t6-authoritative-tree"", ""04_GOTO_PREFLIGHT/B6_4_GOTO_PREFLIGHT_MLKEM768/build/sub_reduce_handoff.goto.sha256""]"
EXPIREMENTS/MLK_POLY_SUB/SUB00A_d9613cf60de3/04_GOTO_PREFLIGHT/B6_4_GOTO_PREFLIGHT_MLKEM768/build/tomsg_precondition.goto	EXPIREMENTS/MLK_POLY_SUB/SUB00A_d9613cf60de3/SUB00R_BATCH6_T6_CALLSITE_INTEGRATION/04_GOTO_PREFLIGHT/B6_4_GOTO_PREFLIGHT_MLKEM768/build/tomsg_precondition.goto	experiments/poly-sub/T06-callsite-integration/raw-evidence/SUB00R_BATCH6_T6_CALLSITE_INTEGRATION/04_GOTO_PREFLIGHT/B6_4_GOTO_PREFLIGHT_MLKEM768/build/tomsg_precondition.goto	92302	6bbf0c4b128941cf9042b6ee42dd20302393780e0e1d8ffe54c4c79600f72b3b	"[""t6-authoritative-tree"", ""04_GOTO_PREFLIGHT/B6_4_GOTO_PREFLIGHT_MLKEM768/build/tomsg_precondition.goto""]"
EXPIREMENTS/MLK_POLY_SUB/SUB00A_d9613cf60de3/04_GOTO_PREFLIGHT/B6_4_GOTO_PREFLIGHT_MLKEM768/build/tomsg_precondition.goto.sha256	EXPIREMENTS/MLK_POLY_SUB/SUB00A_d9613cf60de3/SUB00R_BATCH6_T6_CALLSITE_INTEGRATION/04_GOTO_PREFLIGHT/B6_4_GOTO_PREFLIGHT_MLKEM768/build/tomsg_precondition.goto.sha256	experiments/poly-sub/T06-callsite-integration/raw-evidence/SUB00R_BATCH6_T6_CALLSITE_INTEGRATION/04_GOTO_PREFLIGHT/B6_4_GOTO_PREFLIGHT_MLKEM768/build/tomsg_precondition.goto.sha256	249	faa741bfbacd70661b9a4f47ef76c8ad5f01da5a341958460a611f9d81ddb372	"[""t6-authoritative-tree"", ""04_GOTO_PREFLIGHT/B6_4_GOTO_PREFLIGHT_MLKEM768/build/tomsg_precondition.goto.sha256""]"
EXPIREMENTS/MLK_POLY_SUB/SUB00A_d9613cf60de3/04_GOTO_PREFLIGHT/B6_4_GOTO_PREFLIGHT_MLKEM768/commands/callsite_exactness_goto_build_command.txt	EXPIREMENTS/MLK_POLY_SUB/SUB00A_d9613cf60de3/SUB00R_BATCH6_T6_CALLSITE_INTEGRATION/04_GOTO_PREFLIGHT/B6_4_GOTO_PREFLIGHT_MLKEM768/commands/callsite_exactness_goto_build_command.txt	experiments/poly-sub/T06-callsite-integration/raw-evidence/SUB00R_BATCH6_T6_CALLSITE_INTEGRATION/04_GOTO_PREFLIGHT/B6_4_GOTO_PREFLIGHT_MLKEM768/commands/callsite_exactness_goto_build_command.txt	1536	a1f36d75e179fb07e660b2c6615383f1272a60b672ffd9e5fae602d871e8bf74	"[""t6-authoritative-tree"", ""04_GOTO_PREFLIGHT/B6_4_GOTO_PREFLIGHT_MLKEM768/commands/callsite_exactness_goto_build_command.txt""]"
EXPIREMENTS/MLK_POLY_SUB/SUB00A_d9613cf60de3/04_GOTO_PREFLIGHT/B6_4_GOTO_PREFLIGHT_MLKEM768/commands/callsite_exactness_show_properties_command.txt	EXPIREMENTS/MLK_POLY_SUB/SUB00A_d9613cf60de3/SUB00R_BATCH6_T6_CALLSITE_INTEGRATION/04_GOTO_PREFLIGHT/B6_4_GOTO_PREFLIGHT_MLKEM768/commands/callsite_exactness_show_properties_command.txt	experiments/poly-sub/T06-callsite-integration/raw-evidence/SUB00R_BATCH6_T6_CALLSITE_INTEGRATION/04_GOTO_PREFLIGHT/B6_4_GOTO_PREFLIGHT_MLKEM768/commands/callsite_exactness_show_properties_command.txt	555	2bd6f1726a6d33da4c4dbdd8d3326f0135c1283d06043bb5313b217ed3977570	"[""t6-authoritative-tree"", ""04_GOTO_PREFLIGHT/B6_4_GOTO_PREFLIGHT_MLKEM768/commands/callsite_exactness_show_properties_command.txt""]"
EXPIREMENTS/MLK_POLY_SUB/SUB00A_d9613cf60de3/04_GOTO_PREFLIGHT/B6_4_GOTO_PREFLIGHT_MLKEM768/commands/callsite_frame_goto_build_command.txt	EXPIREMENTS/MLK_POLY_SUB/SUB00A_d9613cf60de3/SUB00R_BATCH6_T6_CALLSITE_INTEGRATION/04_GOTO_PREFLIGHT/B6_4_GOTO_PREFLIGHT_MLKEM768/commands/callsite_frame_goto_build_command.txt	experiments/poly-sub/T06-callsite-integration/raw-evidence/SUB00R_BATCH6_T6_CALLSITE_INTEGRATION/04_GOTO_PREFLIGHT/B6_4_GOTO_PREFLIGHT_MLKEM768/commands/callsite_frame_goto_build_command.txt	1528	581a324fcccb2bc52df632dffcf056af9ed7097d3556d06ab3a9af9fda3d7538	"[""t6-authoritative-tree"", ""04_GOTO_PREFLIGHT/B6_4_GOTO_PREFLIGHT_MLKEM768/commands/callsite_frame_goto_build_command.txt""]"
EXPIREMENTS/MLK_POLY_SUB/SUB00A_d9613cf60de3/04_GOTO_PREFLIGHT/B6_4_GOTO_PREFLIGHT_MLKEM768/commands/callsite_frame_show_properties_command.txt	EXPIREMENTS/MLK_POLY_SUB/SUB00A_d9613cf60de3/SUB00R_BATCH6_T6_CALLSITE_INTEGRATION/04_GOTO_PREFLIGHT/B6_4_GOTO_PREFLIGHT_MLKEM768/commands/callsite_frame_show_properties_command.txt	experiments/poly-sub/T06-callsite-integration/raw-evidence/SUB00R_BATCH6_T6_CALLSITE_INTEGRATION/04_GOTO_PREFLIGHT/B6_4_GOTO_PREFLIGHT_MLKEM768/commands/callsite_frame_show_properties_command.txt	563	d32ae9bacb3f062f63b2aefcfb6b3a39282944da0d4d6989d6cfa08f8d61f2fe	"[""t6-authoritative-tree"", ""04_GOTO_PREFLIGHT/B6_4_GOTO_PREFLIGHT_MLKEM768/commands/callsite_frame_show_properties_command.txt""]"
EXPIREMENTS/MLK_POLY_SUB/SUB00A_d9613cf60de3/04_GOTO_PREFLIGHT/B6_4_GOTO_PREFLIGHT_MLKEM768/commands/callsite_precondition_goto_build_command.txt	EXPIREMENTS/MLK_POLY_SUB/SUB00A_d9613cf60de3/SUB00R_BATCH6_T6_CALLSITE_INTEGRATION/04_GOTO_PREFLIGHT/B6_4_GOTO_PREFLIGHT_MLKEM768/commands/callsite_precondition_goto_build_command.txt	experiments/poly-sub/T06-callsite-integration/raw-evidence/SUB00R_BATCH6_T6_CALLSITE_INTEGRATION/04_GOTO_PREFLIGHT/B6_4_GOTO_PREFLIGHT_MLKEM768/commands/callsite_precondition_goto_build_command.txt	1542	c836d58ffd86bdb69b25b1a9f0cfe294fe04ee10609b489babf338e6da6296aa	"[""t6-authoritative-tree"", ""04_GOTO_PREFLIGHT/B6_4_GOTO_PREFLIGHT_MLKEM768/commands/callsite_precondition_goto_build_command.txt""]"
EXPIREMENTS/MLK_POLY_SUB/SUB00A_d9613cf60de3/04_GOTO_PREFLIGHT/B6_4_GOTO_PREFLIGHT_MLKEM768/commands/callsite_precondition_show_properties_command.txt	EXPIREMENTS/MLK_POLY_SUB/SUB00A_d9613cf60de3/SUB00R_BATCH6_T6_CALLSITE_INTEGRATION/04_GOTO_PREFLIGHT/B6_4_GOTO_PREFLIGHT_MLKEM768/commands/callsite_precondition_show_properties_command.txt	experiments/poly-sub/T06-callsite-integration/raw-evidence/SUB00R_BATCH6_T6_CALLSITE_INTEGRATION/04_GOTO_PREFLIGHT/B6_4_GOTO_PREFLIGHT_MLKEM768/commands/callsite_precondition_show_properties_command.txt	570	4e0a2338e2d7fc3777f78d89338abbb6e96f540b74fb525f6b1bd83c53036dea	"[""t6-authoritative-tree"", ""04_GOTO_PREFLIGHT/B6_4_GOTO_PREFLIGHT_MLKEM768/commands/callsite_precondition_show_properties_command.txt""]"
EXPIREMENTS/MLK_POLY_SUB/SUB00A_d9613cf60de3/04_GOTO_PREFLIGHT/B6_4_GOTO_PREFLIGHT_MLKEM768/commands/sub_reduce_handoff_goto_build_command.txt	EXPIREMENTS/MLK_POLY_SUB/SUB00A_d9613cf60de3/SUB00R_BATCH6_T6_CALLSITE_INTEGRATION/04_GOTO_PREFLIGHT/B6_4_GOTO_PREFLIGHT_MLKEM768/commands/sub_reduce_handoff_goto_build_command.txt	experiments/poly-sub/T06-callsite-integration/raw-evidence/SUB00R_BATCH6_T6_CALLSITE_INTEGRATION/04_GOTO_PREFLIGHT/B6_4_GOTO_PREFLIGHT_MLKEM768/commands/sub_reduce_handoff_goto_build_command.txt	1536	0a51c9cf5ddd040721634640d0ce2a2a8db3e7e6ffd9fae3a2b346d145b5673d	"[""t6-authoritative-tree"", ""04_GOTO_PREFLIGHT/B6_4_GOTO_PREFLIGHT_MLKEM768/commands/sub_reduce_handoff_goto_build_command.txt""]"
EXPIREMENTS/MLK_POLY_SUB/SUB00A_d9613cf60de3/04_GOTO_PREFLIGHT/B6_4_GOTO_PREFLIGHT_MLKEM768/commands/sub_reduce_handoff_show_properties_command.txt	EXPIREMENTS/MLK_POLY_SUB/SUB00A_d9613cf60de3/SUB00R_BATCH6_T6_CALLSITE_INTEGRATION/04_GOTO_PREFLIGHT/B6_4_GOTO_PREFLIGHT_MLKEM768/commands/sub_reduce_handoff_show_properties_command.txt	experiments/poly-sub/T06-callsite-integration/raw-evidence/SUB00R_BATCH6_T6_CALLSITE_INTEGRATION/04_GOTO_PREFLIGHT/B6_4_GOTO_PREFLIGHT_MLKEM768/commands/sub_reduce_handoff_show_properties_command.txt	721	f98635a3efd2eae3cc77c61e92997671c62959159e25ebf93597408fa169d315	"[""t6-authoritative-tree"", ""04_GOTO_PREFLIGHT/B6_4_GOTO_PREFLIGHT_MLKEM768/commands/sub_reduce_handoff_show_properties_command.txt""]"
EXPIREMENTS/MLK_POLY_SUB/SUB00A_d9613cf60de3/04_GOTO_PREFLIGHT/B6_4_GOTO_PREFLIGHT_MLKEM768/commands/tomsg_precondition_goto_build_command.txt	EXPIREMENTS/MLK_POLY_SUB/SUB00A_d9613cf60de3/SUB00R_BATCH6_T6_CALLSITE_INTEGRATION/04_GOTO_PREFLIGHT/B6_4_GOTO_PREFLIGHT_MLKEM768/commands/tomsg_precondition_goto_build_command.txt	experiments/poly-sub/T06-callsite-integration/raw-evidence/SUB00R_BATCH6_T6_CALLSITE_INTEGRATION/04_GOTO_PREFLIGHT/B6_4_GOTO_PREFLIGHT_MLKEM768/commands/tomsg_precondition_goto_build_command.txt	1632	699928a65f3fe3edcf067ffc4c7a1f6dc5d25994382f7d82df4239f2832b2bf4	"[""t6-authoritative-tree"", ""04_GOTO_PREFLIGHT/B6_4_GOTO_PREFLIGHT_MLKEM768/commands/tomsg_precondition_goto_build_command.txt""]"
EXPIREMENTS/MLK_POLY_SUB/SUB00A_d9613cf60de3/04_GOTO_PREFLIGHT/B6_4_GOTO_PREFLIGHT_MLKEM768/commands/tomsg_precondition_show_properties_command.txt	EXPIREMENTS/MLK_POLY_SUB/SUB00A_d9613cf60de3/SUB00R_BATCH6_T6_CALLSITE_INTEGRATION/04_GOTO_PREFLIGHT/B6_4_GOTO_PREFLIGHT_MLKEM768/commands/tomsg_precondition_show_properties_command.txt	experiments/poly-sub/T06-callsite-integration/raw-evidence/SUB00R_BATCH6_T6_CALLSITE_INTEGRATION/04_GOTO_PREFLIGHT/B6_4_GOTO_PREFLIGHT_MLKEM768/commands/tomsg_precondition_show_properties_command.txt	829	4959de078ddac2ff5c741aac875e134932568d3f5bb40c15b4d7cec25db544d1	"[""t6-authoritative-tree"", ""04_GOTO_PREFLIGHT/B6_4_GOTO_PREFLIGHT_MLKEM768/commands/tomsg_precondition_show_properties_command.txt""]"
EXPIREMENTS/MLK_POLY_SUB/SUB00A_d9613cf60de3/04_GOTO_PREFLIGHT/B6_4_GOTO_PREFLIGHT_MLKEM768/executed_recovery_runner.sh	EXPIREMENTS/MLK_POLY_SUB/SUB00A_d9613cf60de3/SUB00R_BATCH6_T6_CALLSITE_INTEGRATION/04_GOTO_PREFLIGHT/B6_4_GOTO_PREFLIGHT_MLKEM768/executed_recovery_runner.sh	experiments/poly-sub/T06-callsite-integration/raw-evidence/SUB00R_BATCH6_T6_CALLSITE_INTEGRATION/04_GOTO_PREFLIGHT/B6_4_GOTO_PREFLIGHT_MLKEM768/executed_recovery_runner.sh	22184	93b49a66571bdadd6edae9e504b087090ef803eb35e29b0b24a2bad7141a75c1	"[""t6-authoritative-tree"", ""04_GOTO_PREFLIGHT/B6_4_GOTO_PREFLIGHT_MLKEM768/executed_recovery_runner.sh""]"
EXPIREMENTS/MLK_POLY_SUB/SUB00A_d9613cf60de3/04_GOTO_PREFLIGHT/B6_4_GOTO_PREFLIGHT_MLKEM768/exit_codes/callsite_exactness_goto_build_exit_code.txt	EXPIREMENTS/MLK_POLY_SUB/SUB00A_d9613cf60de3/SUB00R_BATCH6_T6_CALLSITE_INTEGRATION/04_GOTO_PREFLIGHT/B6_4_GOTO_PREFLIGHT_MLKEM768/exit_codes/callsite_exactness_goto_build_exit_code.txt	experiments/poly-sub/T06-callsite-integration/raw-evidence/SUB00R_BATCH6_T6_CALLSITE_INTEGRATION/04_GOTO_PREFLIGHT/B6_4_GOTO_PREFLIGHT_MLKEM768/exit_codes/callsite_exactness_goto_build_exit_code.txt	2	9a271f2a916b0b6ee6cecb2426f0b3206ef074578be55d9bc94f6f3fe3ab86aa	"[""t6-authoritative-tree"", ""04_GOTO_PREFLIGHT/B6_4_GOTO_PREFLIGHT_MLKEM768/exit_codes/callsite_exactness_goto_build_exit_code.txt""]"
EXPIREMENTS/MLK_POLY_SUB/SUB00A_d9613cf60de3/04_GOTO_PREFLIGHT/B6_4_GOTO_PREFLIGHT_MLKEM768/exit_codes/callsite_frame_goto_build_exit_code.txt	EXPIREMENTS/MLK_POLY_SUB/SUB00A_d9613cf60de3/SUB00R_BATCH6_T6_CALLSITE_INTEGRATION/04_GOTO_PREFLIGHT/B6_4_GOTO_PREFLIGHT_MLKEM768/exit_codes/callsite_frame_goto_build_exit_code.txt	experiments/poly-sub/T06-callsite-integration/raw-evidence/SUB00R_BATCH6_T6_CALLSITE_INTEGRATION/04_GOTO_PREFLIGHT/B6_4_GOTO_PREFLIGHT_MLKEM768/exit_codes/callsite_frame_goto_build_exit_code.txt	2	9a271f2a916b0b6ee6cecb2426f0b3206ef074578be55d9bc94f6f3fe3ab86aa	"[""t6-authoritative-tree"", ""04_GOTO_PREFLIGHT/B6_4_GOTO_PREFLIGHT_MLKEM768/exit_codes/callsite_frame_goto_build_exit_code.txt""]"
EXPIREMENTS/MLK_POLY_SUB/SUB00A_d9613cf60de3/04_GOTO_PREFLIGHT/B6_4_GOTO_PREFLIGHT_MLKEM768/exit_codes/callsite_precondition_goto_build_exit_code.txt	EXPIREMENTS/MLK_POLY_SUB/SUB00A_d9613cf60de3/SUB00R_BATCH6_T6_CALLSITE_INTEGRATION/04_GOTO_PREFLIGHT/B6_4_GOTO_PREFLIGHT_MLKEM768/exit_codes/callsite_precondition_goto_build_exit_code.txt	experiments/poly-sub/T06-callsite-integration/raw-evidence/SUB00R_BATCH6_T6_CALLSITE_INTEGRATION/04_GOTO_PREFLIGHT/B6_4_GOTO_PREFLIGHT_MLKEM768/exit_codes/callsite_precondition_goto_build_exit_code.txt	2	9a271f2a916b0b6ee6cecb2426f0b3206ef074578be55d9bc94f6f3fe3ab86aa	"[""t6-authoritative-tree"", ""04_GOTO_PREFLIGHT/B6_4_GOTO_PREFLIGHT_MLKEM768/exit_codes/callsite_precondition_goto_build_exit_code.txt""]"
EXPIREMENTS/MLK_POLY_SUB/SUB00A_d9613cf60de3/04_GOTO_PREFLIGHT/B6_4_GOTO_PREFLIGHT_MLKEM768/exit_codes/sub_reduce_handoff_goto_build_exit_code.txt	EXPIREMENTS/MLK_POLY_SUB/SUB00A_d9613cf60de3/SUB00R_BATCH6_T6_CALLSITE_INTEGRATION/04_GOTO_PREFLIGHT/B6_4_GOTO_PREFLIGHT_MLKEM768/exit_codes/sub_reduce_handoff_goto_build_exit_code.txt	experiments/poly-sub/T06-callsite-integration/raw-evidence/SUB00R_BATCH6_T6_CALLSITE_INTEGRATION/04_GOTO_PREFLIGHT/B6_4_GOTO_PREFLIGHT_MLKEM768/exit_codes/sub_reduce_handoff_goto_build_exit_code.txt	2	9a271f2a916b0b6ee6cecb2426f0b3206ef074578be55d9bc94f6f3fe3ab86aa	"[""t6-authoritative-tree"", ""04_GOTO_PREFLIGHT/B6_4_GOTO_PREFLIGHT_MLKEM768/exit_codes/sub_reduce_handoff_goto_build_exit_code.txt""]"
EXPIREMENTS/MLK_POLY_SUB/SUB00A_d9613cf60de3/04_GOTO_PREFLIGHT/B6_4_GOTO_PREFLIGHT_MLKEM768/exit_codes/tomsg_precondition_goto_build_exit_code.txt	EXPIREMENTS/MLK_POLY_SUB/SUB00A_d9613cf60de3/SUB00R_BATCH6_T6_CALLSITE_INTEGRATION/04_GOTO_PREFLIGHT/B6_4_GOTO_PREFLIGHT_MLKEM768/exit_codes/tomsg_precondition_goto_build_exit_code.txt	experiments/poly-sub/T06-callsite-integration/raw-evidence/SUB00R_BATCH6_T6_CALLSITE_INTEGRATION/04_GOTO_PREFLIGHT/B6_4_GOTO_PREFLIGHT_MLKEM768/exit_codes/tomsg_precondition_goto_build_exit_code.txt	2	9a271f2a916b0b6ee6cecb2426f0b3206ef074578be55d9bc94f6f3fe3ab86aa	"[""t6-authoritative-tree"", ""04_GOTO_PREFLIGHT/B6_4_GOTO_PREFLIGHT_MLKEM768/exit_codes/tomsg_precondition_goto_build_exit_code.txt""]"
EXPIREMENTS/MLK_POLY_SUB/SUB00A_d9613cf60de3/04_GOTO_PREFLIGHT/B6_4_GOTO_PREFLIGHT_MLKEM768/inspection/callsite_exactness_calls_and_arguments.txt	EXPIREMENTS/MLK_POLY_SUB/SUB00A_d9613cf60de3/SUB00R_BATCH6_T6_CALLSITE_INTEGRATION/04_GOTO_PREFLIGHT/B6_4_GOTO_PREFLIGHT_MLKEM768/inspection/callsite_exactness_calls_and_arguments.txt	experiments/poly-sub/T06-callsite-integration/raw-evidence/SUB00R_BATCH6_T6_CALLSITE_INTEGRATION/04_GOTO_PREFLIGHT/B6_4_GOTO_PREFLIGHT_MLKEM768/inspection/callsite_exactness_calls_and_arguments.txt	2659	320c3d4149d10e6a01a19439cdaeb7210a762a85c4353bc1563e8a5f0a1ea4b3	"[""t6-authoritative-tree"", ""04_GOTO_PREFLIGHT/B6_4_GOTO_PREFLIGHT_MLKEM768/inspection/callsite_exactness_calls_and_arguments.txt""]"
EXPIREMENTS/MLK_POLY_SUB/SUB00A_d9613cf60de3/04_GOTO_PREFLIGHT/B6_4_GOTO_PREFLIGHT_MLKEM768/inspection/callsite_exactness_frozen_unwindset.txt	EXPIREMENTS/MLK_POLY_SUB/SUB00A_d9613cf60de3/SUB00R_BATCH6_T6_CALLSITE_INTEGRATION/04_GOTO_PREFLIGHT/B6_4_GOTO_PREFLIGHT_MLKEM768/inspection/callsite_exactness_frozen_unwindset.txt	experiments/poly-sub/T06-callsite-integration/raw-evidence/SUB00R_BATCH6_T6_CALLSITE_INTEGRATION/04_GOTO_PREFLIGHT/B6_4_GOTO_PREFLIGHT_MLKEM768/inspection/callsite_exactness_frozen_unwindset.txt	76	3a0f55b2ced8db9a8fd1b34417c9d515a49a2e9b2e9b96463f5f19ccdf2fcfcc	"[""t6-authoritative-tree"", ""04_GOTO_PREFLIGHT/B6_4_GOTO_PREFLIGHT_MLKEM768/inspection/callsite_exactness_frozen_unwindset.txt""]"
EXPIREMENTS/MLK_POLY_SUB/SUB00A_d9613cf60de3/04_GOTO_PREFLIGHT/B6_4_GOTO_PREFLIGHT_MLKEM768/inspection/callsite_exactness_list_goto_functions.txt	EXPIREMENTS/MLK_POLY_SUB/SUB00A_d9613cf60de3/SUB00R_BATCH6_T6_CALLSITE_INTEGRATION/04_GOTO_PREFLIGHT/B6_4_GOTO_PREFLIGHT_MLKEM768/inspection/callsite_exactness_list_goto_functions.txt	experiments/poly-sub/T06-callsite-integration/raw-evidence/SUB00R_BATCH6_T6_CALLSITE_INTEGRATION/04_GOTO_PREFLIGHT/B6_4_GOTO_PREFLIGHT_MLKEM768/inspection/callsite_exactness_list_goto_functions.txt	2596	091c613c0817cc3563441d30574cb33f1103e49b32cd0391c1428998baa6be11	"[""t6-authoritative-tree"", ""04_GOTO_PREFLIGHT/B6_4_GOTO_PREFLIGHT_MLKEM768/inspection/callsite_exactness_list_goto_functions.txt""]"
EXPIREMENTS/MLK_POLY_SUB/SUB00A_d9613cf60de3/04_GOTO_PREFLIGHT/B6_4_GOTO_PREFLIGHT_MLKEM768/inspection/callsite_exactness_reachable_call_graph.txt	EXPIREMENTS/MLK_POLY_SUB/SUB00A_d9613cf60de3/SUB00R_BATCH6_T6_CALLSITE_INTEGRATION/04_GOTO_PREFLIGHT/B6_4_GOTO_PREFLIGHT_MLKEM768/inspection/callsite_exactness_reachable_call_graph.txt	experiments/poly-sub/T06-callsite-integration/raw-evidence/SUB00R_BATCH6_T6_CALLSITE_INTEGRATION/04_GOTO_PREFLIGHT/B6_4_GOTO_PREFLIGHT_MLKEM768/inspection/callsite_exactness_reachable_call_graph.txt	468	3aa87bfbfebbc5c32955a4810a4a5d61a1fc7f67d26ac71f514f463e4773e67b	"[""t6-authoritative-tree"", ""04_GOTO_PREFLIGHT/B6_4_GOTO_PREFLIGHT_MLKEM768/inspection/callsite_exactness_reachable_call_graph.txt""]"
EXPIREMENTS/MLK_POLY_SUB/SUB00A_d9613cf60de3/04_GOTO_PREFLIGHT/B6_4_GOTO_PREFLIGHT_MLKEM768/inspection/callsite_exactness_reachable_functions.txt	EXPIREMENTS/MLK_POLY_SUB/SUB00A_d9613cf60de3/SUB00R_BATCH6_T6_CALLSITE_INTEGRATION/04_GOTO_PREFLIGHT/B6_4_GOTO_PREFLIGHT_MLKEM768/inspection/callsite_exactness_reachable_functions.txt	experiments/poly-sub/T06-callsite-integration/raw-evidence/SUB00R_BATCH6_T6_CALLSITE_INTEGRATION/04_GOTO_PREFLIGHT/B6_4_GOTO_PREFLIGHT_MLKEM768/inspection/callsite_exactness_reachable_functions.txt	85	6d7655fe59235f9408a76154d528448a88d892808a40e11a09cc4bef58ae55bf	"[""t6-authoritative-tree"", ""04_GOTO_PREFLIGHT/B6_4_GOTO_PREFLIGHT_MLKEM768/inspection/callsite_exactness_reachable_functions.txt""]"
EXPIREMENTS/MLK_POLY_SUB/SUB00A_d9613cf60de3/04_GOTO_PREFLIGHT/B6_4_GOTO_PREFLIGHT_MLKEM768/inspection/callsite_exactness_reachable_loops.tsv	EXPIREMENTS/MLK_POLY_SUB/SUB00A_d9613cf60de3/SUB00R_BATCH6_T6_CALLSITE_INTEGRATION/04_GOTO_PREFLIGHT/B6_4_GOTO_PREFLIGHT_MLKEM768/inspection/callsite_exactness_reachable_loops.tsv	experiments/poly-sub/T06-callsite-integration/raw-evidence/SUB00R_BATCH6_T6_CALLSITE_INTEGRATION/04_GOTO_PREFLIGHT/B6_4_GOTO_PREFLIGHT_MLKEM768/inspection/callsite_exactness_reachable_loops.tsv	145	23890d1874b5a9b9bd38ebe2e69da06adf6f678cbe546f97f6bec5db49a6accb	"[""t6-authoritative-tree"", ""04_GOTO_PREFLIGHT/B6_4_GOTO_PREFLIGHT_MLKEM768/inspection/callsite_exactness_reachable_loops.tsv""]"
EXPIREMENTS/MLK_POLY_SUB/SUB00A_d9613cf60de3/04_GOTO_PREFLIGHT/B6_4_GOTO_PREFLIGHT_MLKEM768/inspection/callsite_exactness_show_loops.txt	EXPIREMENTS/MLK_POLY_SUB/SUB00A_d9613cf60de3/SUB00R_BATCH6_T6_CALLSITE_INTEGRATION/04_GOTO_PREFLIGHT/B6_4_GOTO_PREFLIGHT_MLKEM768/inspection/callsite_exactness_show_loops.txt	experiments/poly-sub/T06-callsite-integration/raw-evidence/SUB00R_BATCH6_T6_CALLSITE_INTEGRATION/04_GOTO_PREFLIGHT/B6_4_GOTO_PREFLIGHT_MLKEM768/inspection/callsite_exactness_show_loops.txt	4729	28bcbd8646a2345d0d407d7646c0fc3f8ef2d1dc9fbe5dfacb3f83091e21c4a2	"[""t6-authoritative-tree"", ""04_GOTO_PREFLIGHT/B6_4_GOTO_PREFLIGHT_MLKEM768/inspection/callsite_exactness_show_loops.txt""]"
EXPIREMENTS/MLK_POLY_SUB/SUB00A_d9613cf60de3/04_GOTO_PREFLIGHT/B6_4_GOTO_PREFLIGHT_MLKEM768/inspection/callsite_exactness_show_properties.txt	EXPIREMENTS/MLK_POLY_SUB/SUB00A_d9613cf60de3/SUB00R_BATCH6_T6_CALLSITE_INTEGRATION/04_GOTO_PREFLIGHT/B6_4_GOTO_PREFLIGHT_MLKEM768/inspection/callsite_exactness_show_properties.txt	experiments/poly-sub/T06-callsite-integration/raw-evidence/SUB00R_BATCH6_T6_CALLSITE_INTEGRATION/04_GOTO_PREFLIGHT/B6_4_GOTO_PREFLIGHT_MLKEM768/inspection/callsite_exactness_show_properties.txt	128946	a04aa6a4f09f069c7b0d3ee0dd63ee9dc5282a98736ede1a132c6a0a3a76932e	"[""t6-authoritative-tree"", ""04_GOTO_PREFLIGHT/B6_4_GOTO_PREFLIGHT_MLKEM768/inspection/callsite_exactness_show_properties.txt""]"
EXPIREMENTS/MLK_POLY_SUB/SUB00A_d9613cf60de3/04_GOTO_PREFLIGHT/B6_4_GOTO_PREFLIGHT_MLKEM768/inspection/callsite_exactness_show_properties_stderr.txt	EXPIREMENTS/MLK_POLY_SUB/SUB00A_d9613cf60de3/SUB00R_BATCH6_T6_CALLSITE_INTEGRATION/04_GOTO_PREFLIGHT/B6_4_GOTO_PREFLIGHT_MLKEM768/inspection/callsite_exactness_show_properties_stderr.txt	experiments/poly-sub/T06-callsite-integration/raw-evidence/SUB00R_BATCH6_T6_CALLSITE_INTEGRATION/04_GOTO_PREFLIGHT/B6_4_GOTO_PREFLIGHT_MLKEM768/inspection/callsite_exactness_show_properties_stderr.txt	0	e3b0c44298fc1c149afbf4c8996fb92427ae41e4649b934ca495991b7852b855	"[""t6-authoritative-tree"", ""04_GOTO_PREFLIGHT/B6_4_GOTO_PREFLIGHT_MLKEM768/inspection/callsite_exactness_show_properties_stderr.txt""]"
EXPIREMENTS/MLK_POLY_SUB/SUB00A_d9613cf60de3/04_GOTO_PREFLIGHT/B6_4_GOTO_PREFLIGHT_MLKEM768/inspection/callsite_exactness_undefined_functions.txt	EXPIREMENTS/MLK_POLY_SUB/SUB00A_d9613cf60de3/SUB00R_BATCH6_T6_CALLSITE_INTEGRATION/04_GOTO_PREFLIGHT/B6_4_GOTO_PREFLIGHT_MLKEM768/inspection/callsite_exactness_undefined_functions.txt	experiments/poly-sub/T06-callsite-integration/raw-evidence/SUB00R_BATCH6_T6_CALLSITE_INTEGRATION/04_GOTO_PREFLIGHT/B6_4_GOTO_PREFLIGHT_MLKEM768/inspection/callsite_exactness_undefined_functions.txt	409	6a76925a57b8213918faa9076de6e766bd63412c604390e433b689e5cb0820cb	"[""t6-authoritative-tree"", ""04_GOTO_PREFLIGHT/B6_4_GOTO_PREFLIGHT_MLKEM768/inspection/callsite_exactness_undefined_functions.txt""]"
EXPIREMENTS/MLK_POLY_SUB/SUB00A_d9613cf60de3/04_GOTO_PREFLIGHT/B6_4_GOTO_PREFLIGHT_MLKEM768/inspection/callsite_exactness_validate_goto_binary.txt	EXPIREMENTS/MLK_POLY_SUB/SUB00A_d9613cf60de3/SUB00R_BATCH6_T6_CALLSITE_INTEGRATION/04_GOTO_PREFLIGHT/B6_4_GOTO_PREFLIGHT_MLKEM768/inspection/callsite_exactness_validate_goto_binary.txt	experiments/poly-sub/T06-callsite-integration/raw-evidence/SUB00R_BATCH6_T6_CALLSITE_INTEGRATION/04_GOTO_PREFLIGHT/B6_4_GOTO_PREFLIGHT_MLKEM768/inspection/callsite_exactness_validate_goto_binary.txt	211	e460807bd738b9f4a46062f3e9850682384d07495eafb60f1c7e77444a592072	"[""t6-authoritative-tree"", ""04_GOTO_PREFLIGHT/B6_4_GOTO_PREFLIGHT_MLKEM768/inspection/callsite_exactness_validate_goto_binary.txt""]"
EXPIREMENTS/MLK_POLY_SUB/SUB00A_d9613cf60de3/04_GOTO_PREFLIGHT/B6_4_GOTO_PREFLIGHT_MLKEM768/inspection/callsite_frame_calls_and_arguments.txt	EXPIREMENTS/MLK_POLY_SUB/SUB00A_d9613cf60de3/SUB00R_BATCH6_T6_CALLSITE_INTEGRATION/04_GOTO_PREFLIGHT/B6_4_GOTO_PREFLIGHT_MLKEM768/inspection/callsite_frame_calls_and_arguments.txt	experiments/poly-sub/T06-callsite-integration/raw-evidence/SUB00R_BATCH6_T6_CALLSITE_INTEGRATION/04_GOTO_PREFLIGHT/B6_4_GOTO_PREFLIGHT_MLKEM768/inspection/callsite_frame_calls_and_arguments.txt	2655	caa618b0c500aeeceace57a1395542b3e5d2b6870e3d6b48d69683127ef3c833	"[""t6-authoritative-tree"", ""04_GOTO_PREFLIGHT/B6_4_GOTO_PREFLIGHT_MLKEM768/inspection/callsite_frame_calls_and_arguments.txt""]"
EXPIREMENTS/MLK_POLY_SUB/SUB00A_d9613cf60de3/04_GOTO_PREFLIGHT/B6_4_GOTO_PREFLIGHT_MLKEM768/inspection/callsite_frame_frozen_unwindset.txt	EXPIREMENTS/MLK_POLY_SUB/SUB00A_d9613cf60de3/SUB00R_BATCH6_T6_CALLSITE_INTEGRATION/04_GOTO_PREFLIGHT/B6_4_GOTO_PREFLIGHT_MLKEM768/inspection/callsite_frame_frozen_unwindset.txt	experiments/poly-sub/T06-callsite-integration/raw-evidence/SUB00R_BATCH6_T6_CALLSITE_INTEGRATION/04_GOTO_PREFLIGHT/B6_4_GOTO_PREFLIGHT_MLKEM768/inspection/callsite_frame_frozen_unwindset.txt	87	fefc5fcad2de80487653aecc9edadc2805df19249ad74d857bf75fac8c97f3d3	"[""t6-authoritative-tree"", ""04_GOTO_PREFLIGHT/B6_4_GOTO_PREFLIGHT_MLKEM768/inspection/callsite_frame_frozen_unwindset.txt""]"
EXPIREMENTS/MLK_POLY_SUB/SUB00A_d9613cf60de3/04_GOTO_PREFLIGHT/B6_4_GOTO_PREFLIGHT_MLKEM768/inspection/callsite_frame_list_goto_functions.txt	EXPIREMENTS/MLK_POLY_SUB/SUB00A_d9613cf60de3/SUB00R_BATCH6_T6_CALLSITE_INTEGRATION/04_GOTO_PREFLIGHT/B6_4_GOTO_PREFLIGHT_MLKEM768/inspection/callsite_frame_list_goto_functions.txt	experiments/poly-sub/T06-callsite-integration/raw-evidence/SUB00R_BATCH6_T6_CALLSITE_INTEGRATION/04_GOTO_PREFLIGHT/B6_4_GOTO_PREFLIGHT_MLKEM768/inspection/callsite_frame_list_goto_functions.txt	2592	4d59aeda8e193d4aa2359f2c05a27be713cceb58fc639155520494437bccdc71	"[""t6-authoritative-tree"", ""04_GOTO_PREFLIGHT/B6_4_GOTO_PREFLIGHT_MLKEM768/inspection/callsite_frame_list_goto_functions.txt""]"
EXPIREMENTS/MLK_POLY_SUB/SUB00A_d9613cf60de3/04_GOTO_PREFLIGHT/B6_4_GOTO_PREFLIGHT_MLKEM768/inspection/callsite_frame_reachable_call_graph.txt	EXPIREMENTS/MLK_POLY_SUB/SUB00A_d9613cf60de3/SUB00R_BATCH6_T6_CALLSITE_INTEGRATION/04_GOTO_PREFLIGHT/B6_4_GOTO_PREFLIGHT_MLKEM768/inspection/callsite_frame_reachable_call_graph.txt	experiments/poly-sub/T06-callsite-integration/raw-evidence/SUB00R_BATCH6_T6_CALLSITE_INTEGRATION/04_GOTO_PREFLIGHT/B6_4_GOTO_PREFLIGHT_MLKEM768/inspection/callsite_frame_reachable_call_graph.txt	464	0f1d803e52e83712db12a1e65964e502251d80c99e01faf5afc7c7aa8ba2a56b	"[""t6-authoritative-tree"", ""04_GOTO_PREFLIGHT/B6_4_GOTO_PREFLIGHT_MLKEM768/inspection/callsite_frame_reachable_call_graph.txt""]"
EXPIREMENTS/MLK_POLY_SUB/SUB00A_d9613cf60de3/04_GOTO_PREFLIGHT/B6_4_GOTO_PREFLIGHT_MLKEM768/inspection/callsite_frame_reachable_functions.txt	EXPIREMENTS/MLK_POLY_SUB/SUB00A_d9613cf60de3/SUB00R_BATCH6_T6_CALLSITE_INTEGRATION/04_GOTO_PREFLIGHT/B6_4_GOTO_PREFLIGHT_MLKEM768/inspection/callsite_frame_reachable_functions.txt	experiments/poly-sub/T06-callsite-integration/raw-evidence/SUB00R_BATCH6_T6_CALLSITE_INTEGRATION/04_GOTO_PREFLIGHT/B6_4_GOTO_PREFLIGHT_MLKEM768/inspection/callsite_frame_reachable_functions.txt	85	6d7655fe59235f9408a76154d528448a88d892808a40e11a09cc4bef58ae55bf	"[""t6-authoritative-tree"", ""04_GOTO_PREFLIGHT/B6_4_GOTO_PREFLIGHT_MLKEM768/inspection/callsite_frame_reachable_functions.txt""]"
EXPIREMENTS/MLK_POLY_SUB/SUB00A_d9613cf60de3/04_GOTO_PREFLIGHT/B6_4_GOTO_PREFLIGHT_MLKEM768/inspection/callsite_frame_reachable_loops.tsv	EXPIREMENTS/MLK_POLY_SUB/SUB00A_d9613cf60de3/SUB00R_BATCH6_T6_CALLSITE_INTEGRATION/04_GOTO_PREFLIGHT/B6_4_GOTO_PREFLIGHT_MLKEM768/inspection/callsite_frame_reachable_loops.tsv	experiments/poly-sub/T06-callsite-integration/raw-evidence/SUB00R_BATCH6_T6_CALLSITE_INTEGRATION/04_GOTO_PREFLIGHT/B6_4_GOTO_PREFLIGHT_MLKEM768/inspection/callsite_frame_reachable_loops.tsv	157	45d243dc1596cad9d962fe9e7d4224d91584c3a58bbe98cb31046fc261fcb235	"[""t6-authoritative-tree"", ""04_GOTO_PREFLIGHT/B6_4_GOTO_PREFLIGHT_MLKEM768/inspection/callsite_frame_reachable_loops.tsv""]"
EXPIREMENTS/MLK_POLY_SUB/SUB00A_d9613cf60de3/04_GOTO_PREFLIGHT/B6_4_GOTO_PREFLIGHT_MLKEM768/inspection/callsite_frame_show_loops.txt	EXPIREMENTS/MLK_POLY_SUB/SUB00A_d9613cf60de3/SUB00R_BATCH6_T6_CALLSITE_INTEGRATION/04_GOTO_PREFLIGHT/B6_4_GOTO_PREFLIGHT_MLKEM768/inspection/callsite_frame_show_loops.txt	experiments/poly-sub/T06-callsite-integration/raw-evidence/SUB00R_BATCH6_T6_CALLSITE_INTEGRATION/04_GOTO_PREFLIGHT/B6_4_GOTO_PREFLIGHT_MLKEM768/inspection/callsite_frame_show_loops.txt	4955	7da065d02ad345c67ee76d66af85eaa88a853a1bdcb4dfed78aa5e66f74b8005	"[""t6-authoritative-tree"", ""04_GOTO_PREFLIGHT/B6_4_GOTO_PREFLIGHT_MLKEM768/inspection/callsite_frame_show_loops.txt""]"
EXPIREMENTS/MLK_POLY_SUB/SUB00A_d9613cf60de3/04_GOTO_PREFLIGHT/B6_4_GOTO_PREFLIGHT_MLKEM768/inspection/callsite_frame_show_properties.txt	EXPIREMENTS/MLK_POLY_SUB/SUB00A_d9613cf60de3/SUB00R_BATCH6_T6_CALLSITE_INTEGRATION/04_GOTO_PREFLIGHT/B6_4_GOTO_PREFLIGHT_MLKEM768/inspection/callsite_frame_show_properties.txt	experiments/poly-sub/T06-callsite-integration/raw-evidence/SUB00R_BATCH6_T6_CALLSITE_INTEGRATION/04_GOTO_PREFLIGHT/B6_4_GOTO_PREFLIGHT_MLKEM768/inspection/callsite_frame_show_properties.txt	133279	aff2e9ecbce5d460ac70688b88d02e3c6479170f258de9d7c4f965daea3b9876	"[""t6-authoritative-tree"", ""04_GOTO_PREFLIGHT/B6_4_GOTO_PREFLIGHT_MLKEM768/inspection/callsite_frame_show_properties.txt""]"
EXPIREMENTS/MLK_POLY_SUB/SUB00A_d9613cf60de3/04_GOTO_PREFLIGHT/B6_4_GOTO_PREFLIGHT_MLKEM768/inspection/callsite_frame_show_properties_stderr.txt	EXPIREMENTS/MLK_POLY_SUB/SUB00A_d9613cf60de3/SUB00R_BATCH6_T6_CALLSITE_INTEGRATION/04_GOTO_PREFLIGHT/B6_4_GOTO_PREFLIGHT_MLKEM768/inspection/callsite_frame_show_properties_stderr.txt	experiments/poly-sub/T06-callsite-integration/raw-evidence/SUB00R_BATCH6_T6_CALLSITE_INTEGRATION/04_GOTO_PREFLIGHT/B6_4_GOTO_PREFLIGHT_MLKEM768/inspection/callsite_frame_show_properties_stderr.txt	0	e3b0c44298fc1c149afbf4c8996fb92427ae41e4649b934ca495991b7852b855	"[""t6-authoritative-tree"", ""04_GOTO_PREFLIGHT/B6_4_GOTO_PREFLIGHT_MLKEM768/inspection/callsite_frame_show_properties_stderr.txt""]"
EXPIREMENTS/MLK_POLY_SUB/SUB00A_d9613cf60de3/04_GOTO_PREFLIGHT/B6_4_GOTO_PREFLIGHT_MLKEM768/inspection/callsite_frame_undefined_functions.txt	EXPIREMENTS/MLK_POLY_SUB/SUB00A_d9613cf60de3/SUB00R_BATCH6_T6_CALLSITE_INTEGRATION/04_GOTO_PREFLIGHT/B6_4_GOTO_PREFLIGHT_MLKEM768/inspection/callsite_frame_undefined_functions.txt	experiments/poly-sub/T06-callsite-integration/raw-evidence/SUB00R_BATCH6_T6_CALLSITE_INTEGRATION/04_GOTO_PREFLIGHT/B6_4_GOTO_PREFLIGHT_MLKEM768/inspection/callsite_frame_undefined_functions.txt	405	8994fe2168ebb7122eb439361406e42b5050c9c76dd45dfbdb95afe4f0671b0e	"[""t6-authoritative-tree"", ""04_GOTO_PREFLIGHT/B6_4_GOTO_PREFLIGHT_MLKEM768/inspection/callsite_frame_undefined_functions.txt""]"
EXPIREMENTS/MLK_POLY_SUB/SUB00A_d9613cf60de3/04_GOTO_PREFLIGHT/B6_4_GOTO_PREFLIGHT_MLKEM768/inspection/callsite_frame_validate_goto_binary.txt	EXPIREMENTS/MLK_POLY_SUB/SUB00A_d9613cf60de3/SUB00R_BATCH6_T6_CALLSITE_INTEGRATION/04_GOTO_PREFLIGHT/B6_4_GOTO_PREFLIGHT_MLKEM768/inspection/callsite_frame_validate_goto_binary.txt	experiments/poly-sub/T06-callsite-integration/raw-evidence/SUB00R_BATCH6_T6_CALLSITE_INTEGRATION/04_GOTO_PREFLIGHT/B6_4_GOTO_PREFLIGHT_MLKEM768/inspection/callsite_frame_validate_goto_binary.txt	207	2e82059a219fc93618eff4ba4e89491b29e6a479dcfd347cf029ad4eeb21d993	"[""t6-authoritative-tree"", ""04_GOTO_PREFLIGHT/B6_4_GOTO_PREFLIGHT_MLKEM768/inspection/callsite_frame_validate_goto_binary.txt""]"
EXPIREMENTS/MLK_POLY_SUB/SUB00A_d9613cf60de3/04_GOTO_PREFLIGHT/B6_4_GOTO_PREFLIGHT_MLKEM768/inspection/callsite_precondition_calls_and_arguments.txt	EXPIREMENTS/MLK_POLY_SUB/SUB00A_d9613cf60de3/SUB00R_BATCH6_T6_CALLSITE_INTEGRATION/04_GOTO_PREFLIGHT/B6_4_GOTO_PREFLIGHT_MLKEM768/inspection/callsite_precondition_calls_and_arguments.txt	experiments/poly-sub/T06-callsite-integration/raw-evidence/SUB00R_BATCH6_T6_CALLSITE_INTEGRATION/04_GOTO_PREFLIGHT/B6_4_GOTO_PREFLIGHT_MLKEM768/inspection/callsite_precondition_calls_and_arguments.txt	2662	45fdeffad0fa3bef5661aced690ab4adc2d061bd0c2c250f25ca7f495a1f537d	"[""t6-authoritative-tree"", ""04_GOTO_PREFLIGHT/B6_4_GOTO_PREFLIGHT_MLKEM768/inspection/callsite_precondition_calls_and_arguments.txt""]"
EXPIREMENTS/MLK_POLY_SUB/SUB00A_d9613cf60de3/04_GOTO_PREFLIGHT/B6_4_GOTO_PREFLIGHT_MLKEM768/inspection/callsite_precondition_frozen_unwindset.txt	EXPIREMENTS/MLK_POLY_SUB/SUB00A_d9613cf60de3/SUB00R_BATCH6_T6_CALLSITE_INTEGRATION/04_GOTO_PREFLIGHT/B6_4_GOTO_PREFLIGHT_MLKEM768/inspection/callsite_precondition_frozen_unwindset.txt	experiments/poly-sub/T06-callsite-integration/raw-evidence/SUB00R_BATCH6_T6_CALLSITE_INTEGRATION/04_GOTO_PREFLIGHT/B6_4_GOTO_PREFLIGHT_MLKEM768/inspection/callsite_precondition_frozen_unwindset.txt	87	fefc5fcad2de80487653aecc9edadc2805df19249ad74d857bf75fac8c97f3d3	"[""t6-authoritative-tree"", ""04_GOTO_PREFLIGHT/B6_4_GOTO_PREFLIGHT_MLKEM768/inspection/callsite_precondition_frozen_unwindset.txt""]"
EXPIREMENTS/MLK_POLY_SUB/SUB00A_d9613cf60de3/04_GOTO_PREFLIGHT/B6_4_GOTO_PREFLIGHT_MLKEM768/inspection/callsite_precondition_list_goto_functions.txt	EXPIREMENTS/MLK_POLY_SUB/SUB00A_d9613cf60de3/SUB00R_BATCH6_T6_CALLSITE_INTEGRATION/04_GOTO_PREFLIGHT/B6_4_GOTO_PREFLIGHT_MLKEM768/inspection/callsite_precondition_list_goto_functions.txt	experiments/poly-sub/T06-callsite-integration/raw-evidence/SUB00R_BATCH6_T6_CALLSITE_INTEGRATION/04_GOTO_PREFLIGHT/B6_4_GOTO_PREFLIGHT_MLKEM768/inspection/callsite_precondition_list_goto_functions.txt	2599	680ce0f7a23c302e1a757faa9fd8b67f9ce7a59822ff2518e361cb3cf1960c37	"[""t6-authoritative-tree"", ""04_GOTO_PREFLIGHT/B6_4_GOTO_PREFLIGHT_MLKEM768/inspection/callsite_precondition_list_goto_functions.txt""]"
EXPIREMENTS/MLK_POLY_SUB/SUB00A_d9613cf60de3/04_GOTO_PREFLIGHT/B6_4_GOTO_PREFLIGHT_MLKEM768/inspection/callsite_precondition_reachable_call_graph.txt	EXPIREMENTS/MLK_POLY_SUB/SUB00A_d9613cf60de3/SUB00R_BATCH6_T6_CALLSITE_INTEGRATION/04_GOTO_PREFLIGHT/B6_4_GOTO_PREFLIGHT_MLKEM768/inspection/callsite_precondition_reachable_call_graph.txt	experiments/poly-sub/T06-callsite-integration/raw-evidence/SUB00R_BATCH6_T6_CALLSITE_INTEGRATION/04_GOTO_PREFLIGHT/B6_4_GOTO_PREFLIGHT_MLKEM768/inspection/callsite_precondition_reachable_call_graph.txt	471	b481c54029d041f5e14f1b2b3dc3c50f655df72d311c823fc6c4c7fcf510c3ad	"[""t6-authoritative-tree"", ""04_GOTO_PREFLIGHT/B6_4_GOTO_PREFLIGHT_MLKEM768/inspection/callsite_precondition_reachable_call_graph.txt""]"
EXPIREMENTS/MLK_POLY_SUB/SUB00A_d9613cf60de3/04_GOTO_PREFLIGHT/B6_4_GOTO_PREFLIGHT_MLKEM768/inspection/callsite_precondition_reachable_functions.txt	EXPIREMENTS/MLK_POLY_SUB/SUB00A_d9613cf60de3/SUB00R_BATCH6_T6_CALLSITE_INTEGRATION/04_GOTO_PREFLIGHT/B6_4_GOTO_PREFLIGHT_MLKEM768/inspection/callsite_precondition_reachable_functions.txt	experiments/poly-sub/T06-callsite-integration/raw-evidence/SUB00R_BATCH6_T6_CALLSITE_INTEGRATION/04_GOTO_PREFLIGHT/B6_4_GOTO_PREFLIGHT_MLKEM768/inspection/callsite_precondition_reachable_functions.txt	85	6d7655fe59235f9408a76154d528448a88d892808a40e11a09cc4bef58ae55bf	"[""t6-authoritative-tree"", ""04_GOTO_PREFLIGHT/B6_4_GOTO_PREFLIGHT_MLKEM768/inspection/callsite_precondition_reachable_functions.txt""]"
EXPIREMENTS/MLK_POLY_SUB/SUB00A_d9613cf60de3/04_GOTO_PREFLIGHT/B6_4_GOTO_PREFLIGHT_MLKEM768/inspection/callsite_precondition_reachable_loops.tsv	EXPIREMENTS/MLK_POLY_SUB/SUB00A_d9613cf60de3/SUB00R_BATCH6_T6_CALLSITE_INTEGRATION/04_GOTO_PREFLIGHT/B6_4_GOTO_PREFLIGHT_MLKEM768/inspection/callsite_precondition_reachable_loops.tsv	experiments/poly-sub/T06-callsite-integration/raw-evidence/SUB00R_BATCH6_T6_CALLSITE_INTEGRATION/04_GOTO_PREFLIGHT/B6_4_GOTO_PREFLIGHT_MLKEM768/inspection/callsite_precondition_reachable_loops.tsv	157	45d243dc1596cad9d962fe9e7d4224d91584c3a58bbe98cb31046fc261fcb235	"[""t6-authoritative-tree"", ""04_GOTO_PREFLIGHT/B6_4_GOTO_PREFLIGHT_MLKEM768/inspection/callsite_precondition_reachable_loops.tsv""]"
EXPIREMENTS/MLK_POLY_SUB/SUB00A_d9613cf60de3/04_GOTO_PREFLIGHT/B6_4_GOTO_PREFLIGHT_MLKEM768/inspection/callsite_precondition_show_loops.txt	EXPIREMENTS/MLK_POLY_SUB/SUB00A_d9613cf60de3/SUB00R_BATCH6_T6_CALLSITE_INTEGRATION/04_GOTO_PREFLIGHT/B6_4_GOTO_PREFLIGHT_MLKEM768/inspection/callsite_precondition_show_loops.txt	experiments/poly-sub/T06-callsite-integration/raw-evidence/SUB00R_BATCH6_T6_CALLSITE_INTEGRATION/04_GOTO_PREFLIGHT/B6_4_GOTO_PREFLIGHT_MLKEM768/inspection/callsite_precondition_show_loops.txt	4976	0a900b58dfabda55d7976e6c0dc26f2261a7ab729a03172b8571bc8d38f730bd	"[""t6-authoritative-tree"", ""04_GOTO_PREFLIGHT/B6_4_GOTO_PREFLIGHT_MLKEM768/inspection/callsite_precondition_show_loops.txt""]"
EXPIREMENTS/MLK_POLY_SUB/SUB00A_d9613cf60de3/04_GOTO_PREFLIGHT/B6_4_GOTO_PREFLIGHT_MLKEM768/inspection/callsite_precondition_show_properties.txt	EXPIREMENTS/MLK_POLY_SUB/SUB00A_d9613cf60de3/SUB00R_BATCH6_T6_CALLSITE_INTEGRATION/04_GOTO_PREFLIGHT/B6_4_GOTO_PREFLIGHT_MLKEM768/inspection/callsite_precondition_show_properties.txt	experiments/poly-sub/T06-callsite-integration/raw-evidence/SUB00R_BATCH6_T6_CALLSITE_INTEGRATION/04_GOTO_PREFLIGHT/B6_4_GOTO_PREFLIGHT_MLKEM768/inspection/callsite_precondition_show_properties.txt	132240	43417b079d03919bd20e6dcc6a0f87525f2bf59a510d14fe10ef6ad49c40bc04	"[""t6-authoritative-tree"", ""04_GOTO_PREFLIGHT/B6_4_GOTO_PREFLIGHT_MLKEM768/inspection/callsite_precondition_show_properties.txt""]"
EXPIREMENTS/MLK_POLY_SUB/SUB00A_d9613cf60de3/04_GOTO_PREFLIGHT/B6_4_GOTO_PREFLIGHT_MLKEM768/inspection/callsite_precondition_show_properties_stderr.txt	EXPIREMENTS/MLK_POLY_SUB/SUB00A_d9613cf60de3/SUB00R_BATCH6_T6_CALLSITE_INTEGRATION/04_GOTO_PREFLIGHT/B6_4_GOTO_PREFLIGHT_MLKEM768/inspection/callsite_precondition_show_properties_stderr.txt	experiments/poly-sub/T06-callsite-integration/raw-evidence/SUB00R_BATCH6_T6_CALLSITE_INTEGRATION/04_GOTO_PREFLIGHT/B6_4_GOTO_PREFLIGHT_MLKEM768/inspection/callsite_precondition_show_properties_stderr.txt	0	e3b0c44298fc1c149afbf4c8996fb92427ae41e4649b934ca495991b7852b855	"[""t6-authoritative-tree"", ""04_GOTO_PREFLIGHT/B6_4_GOTO_PREFLIGHT_MLKEM768/inspection/callsite_precondition_show_properties_stderr.txt""]"
EXPIREMENTS/MLK_POLY_SUB/SUB00A_d9613cf60de3/04_GOTO_PREFLIGHT/B6_4_GOTO_PREFLIGHT_MLKEM768/inspection/callsite_precondition_undefined_functions.txt	EXPIREMENTS/MLK_POLY_SUB/SUB00A_d9613cf60de3/SUB00R_BATCH6_T6_CALLSITE_INTEGRATION/04_GOTO_PREFLIGHT/B6_4_GOTO_PREFLIGHT_MLKEM768/inspection/callsite_precondition_undefined_functions.txt	experiments/poly-sub/T06-callsite-integration/raw-evidence/SUB00R_BATCH6_T6_CALLSITE_INTEGRATION/04_GOTO_PREFLIGHT/B6_4_GOTO_PREFLIGHT_MLKEM768/inspection/callsite_precondition_undefined_functions.txt	412	c4bfc3d769e9060d732310d00ddc60856f12be9b3ce055a00fd5252accd53481	"[""t6-authoritative-tree"", ""04_GOTO_PREFLIGHT/B6_4_GOTO_PREFLIGHT_MLKEM768/inspection/callsite_precondition_undefined_functions.txt""]"
EXPIREMENTS/MLK_POLY_SUB/SUB00A_d9613cf60de3/04_GOTO_PREFLIGHT/B6_4_GOTO_PREFLIGHT_MLKEM768/inspection/callsite_precondition_validate_goto_binary.txt	EXPIREMENTS/MLK_POLY_SUB/SUB00A_d9613cf60de3/SUB00R_BATCH6_T6_CALLSITE_INTEGRATION/04_GOTO_PREFLIGHT/B6_4_GOTO_PREFLIGHT_MLKEM768/inspection/callsite_precondition_validate_goto_binary.txt	experiments/poly-sub/T06-callsite-integration/raw-evidence/SUB00R_BATCH6_T6_CALLSITE_INTEGRATION/04_GOTO_PREFLIGHT/B6_4_GOTO_PREFLIGHT_MLKEM768/inspection/callsite_precondition_validate_goto_binary.txt	214	f430c329d4af1b88a0e300faac9dc24a0c5eb76e5086fe7acb0e29bfb765998c	"[""t6-authoritative-tree"", ""04_GOTO_PREFLIGHT/B6_4_GOTO_PREFLIGHT_MLKEM768/inspection/callsite_precondition_validate_goto_binary.txt""]"
EXPIREMENTS/MLK_POLY_SUB/SUB00A_d9613cf60de3/04_GOTO_PREFLIGHT/B6_4_GOTO_PREFLIGHT_MLKEM768/inspection/sub_reduce_handoff_calls_and_arguments.txt	EXPIREMENTS/MLK_POLY_SUB/SUB00A_d9613cf60de3/SUB00R_BATCH6_T6_CALLSITE_INTEGRATION/04_GOTO_PREFLIGHT/B6_4_GOTO_PREFLIGHT_MLKEM768/inspection/sub_reduce_handoff_calls_and_arguments.txt	experiments/poly-sub/T06-callsite-integration/raw-evidence/SUB00R_BATCH6_T6_CALLSITE_INTEGRATION/04_GOTO_PREFLIGHT/B6_4_GOTO_PREFLIGHT_MLKEM768/inspection/sub_reduce_handoff_calls_and_arguments.txt	2717	d5e664ae3ea649d810876e650576d093be2fc52ac5d132584c930eee0d83342c	"[""t6-authoritative-tree"", ""04_GOTO_PREFLIGHT/B6_4_GOTO_PREFLIGHT_MLKEM768/inspection/sub_reduce_handoff_calls_and_arguments.txt""]"
EXPIREMENTS/MLK_POLY_SUB/SUB00A_d9613cf60de3/04_GOTO_PREFLIGHT/B6_4_GOTO_PREFLIGHT_MLKEM768/inspection/sub_reduce_handoff_frozen_unwindset.txt	EXPIREMENTS/MLK_POLY_SUB/SUB00A_d9613cf60de3/SUB00R_BATCH6_T6_CALLSITE_INTEGRATION/04_GOTO_PREFLIGHT/B6_4_GOTO_PREFLIGHT_MLKEM768/inspection/sub_reduce_handoff_frozen_unwindset.txt	experiments/poly-sub/T06-callsite-integration/raw-evidence/SUB00R_BATCH6_T6_CALLSITE_INTEGRATION/04_GOTO_PREFLIGHT/B6_4_GOTO_PREFLIGHT_MLKEM768/inspection/sub_reduce_handoff_frozen_unwindset.txt	236	8a015a0c47308175f0e7690993eec5d9e0246f7e330f83b113145bf154fc14b0	"[""t6-authoritative-tree"", ""04_GOTO_PREFLIGHT/B6_4_GOTO_PREFLIGHT_MLKEM768/inspection/sub_reduce_handoff_frozen_unwindset.txt""]"
EXPIREMENTS/MLK_POLY_SUB/SUB00A_d9613cf60de3/04_GOTO_PREFLIGHT/B6_4_GOTO_PREFLIGHT_MLKEM768/inspection/sub_reduce_handoff_list_goto_functions.txt	EXPIREMENTS/MLK_POLY_SUB/SUB00A_d9613cf60de3/SUB00R_BATCH6_T6_CALLSITE_INTEGRATION/04_GOTO_PREFLIGHT/B6_4_GOTO_PREFLIGHT_MLKEM768/inspection/sub_reduce_handoff_list_goto_functions.txt	experiments/poly-sub/T06-callsite-integration/raw-evidence/SUB00R_BATCH6_T6_CALLSITE_INTEGRATION/04_GOTO_PREFLIGHT/B6_4_GOTO_PREFLIGHT_MLKEM768/inspection/sub_reduce_handoff_list_goto_functions.txt	2596	79b838565a0465665ed604f38e10a63c192bd0ca2b41de9bb52e48f1aed40bd6	"[""t6-authoritative-tree"", ""04_GOTO_PREFLIGHT/B6_4_GOTO_PREFLIGHT_MLKEM768/inspection/sub_reduce_handoff_list_goto_functions.txt""]"
EXPIREMENTS/MLK_POLY_SUB/SUB00A_d9613cf60de3/04_GOTO_PREFLIGHT/B6_4_GOTO_PREFLIGHT_MLKEM768/inspection/sub_reduce_handoff_reachable_call_graph.txt	EXPIREMENTS/MLK_POLY_SUB/SUB00A_d9613cf60de3/SUB00R_BATCH6_T6_CALLSITE_INTEGRATION/04_GOTO_PREFLIGHT/B6_4_GOTO_PREFLIGHT_MLKEM768/inspection/sub_reduce_handoff_reachable_call_graph.txt	experiments/poly-sub/T06-callsite-integration/raw-evidence/SUB00R_BATCH6_T6_CALLSITE_INTEGRATION/04_GOTO_PREFLIGHT/B6_4_GOTO_PREFLIGHT_MLKEM768/inspection/sub_reduce_handoff_reachable_call_graph.txt	1340	31a77dd67f5e5f7a228e5ce0bda75521277e7f5bb6553568ebae5454e82d51be	"[""t6-authoritative-tree"", ""04_GOTO_PREFLIGHT/B6_4_GOTO_PREFLIGHT_MLKEM768/inspection/sub_reduce_handoff_reachable_call_graph.txt""]"
EXPIREMENTS/MLK_POLY_SUB/SUB00A_d9613cf60de3/04_GOTO_PREFLIGHT/B6_4_GOTO_PREFLIGHT_MLKEM768/inspection/sub_reduce_handoff_reachable_functions.txt	EXPIREMENTS/MLK_POLY_SUB/SUB00A_d9613cf60de3/SUB00R_BATCH6_T6_CALLSITE_INTEGRATION/04_GOTO_PREFLIGHT/B6_4_GOTO_PREFLIGHT_MLKEM768/inspection/sub_reduce_handoff_reachable_functions.txt	experiments/poly-sub/T06-callsite-integration/raw-evidence/SUB00R_BATCH6_T6_CALLSITE_INTEGRATION/04_GOTO_PREFLIGHT/B6_4_GOTO_PREFLIGHT_MLKEM768/inspection/sub_reduce_handoff_reachable_functions.txt	392	8566eb9c3e02e19fdc5be2b6fdd8fdcacbe2911f88ec672fe4530033a838f4f3	"[""t6-authoritative-tree"", ""04_GOTO_PREFLIGHT/B6_4_GOTO_PREFLIGHT_MLKEM768/inspection/sub_reduce_handoff_reachable_functions.txt""]"
EXPIREMENTS/MLK_POLY_SUB/SUB00A_d9613cf60de3/04_GOTO_PREFLIGHT/B6_4_GOTO_PREFLIGHT_MLKEM768/inspection/sub_reduce_handoff_reachable_loops.tsv	EXPIREMENTS/MLK_POLY_SUB/SUB00A_d9613cf60de3/SUB00R_BATCH6_T6_CALLSITE_INTEGRATION/04_GOTO_PREFLIGHT/B6_4_GOTO_PREFLIGHT_MLKEM768/inspection/sub_reduce_handoff_reachable_loops.tsv	experiments/poly-sub/T06-callsite-integration/raw-evidence/SUB00R_BATCH6_T6_CALLSITE_INTEGRATION/04_GOTO_PREFLIGHT/B6_4_GOTO_PREFLIGHT_MLKEM768/inspection/sub_reduce_handoff_reachable_loops.tsv	405	103e7ce55728bee9b46a100c87d8104ada7a0ae7aaadb19296905ef9092bbc9a	"[""t6-authoritative-tree"", ""04_GOTO_PREFLIGHT/B6_4_GOTO_PREFLIGHT_MLKEM768/inspection/sub_reduce_handoff_reachable_loops.tsv""]"
EXPIREMENTS/MLK_POLY_SUB/SUB00A_d9613cf60de3/04_GOTO_PREFLIGHT/B6_4_GOTO_PREFLIGHT_MLKEM768/inspection/sub_reduce_handoff_show_loops.txt	EXPIREMENTS/MLK_POLY_SUB/SUB00A_d9613cf60de3/SUB00R_BATCH6_T6_CALLSITE_INTEGRATION/04_GOTO_PREFLIGHT/B6_4_GOTO_PREFLIGHT_MLKEM768/inspection/sub_reduce_handoff_show_loops.txt	experiments/poly-sub/T06-callsite-integration/raw-evidence/SUB00R_BATCH6_T6_CALLSITE_INTEGRATION/04_GOTO_PREFLIGHT/B6_4_GOTO_PREFLIGHT_MLKEM768/inspection/sub_reduce_handoff_show_loops.txt	4967	9ab2b41f4863d8c0c4c9fb95375628059b151e62b684828548dbf8cbbe113466	"[""t6-authoritative-tree"", ""04_GOTO_PREFLIGHT/B6_4_GOTO_PREFLIGHT_MLKEM768/inspection/sub_reduce_handoff_show_loops.txt""]"
EXPIREMENTS/MLK_POLY_SUB/SUB00A_d9613cf60de3/04_GOTO_PREFLIGHT/B6_4_GOTO_PREFLIGHT_MLKEM768/inspection/sub_reduce_handoff_show_properties.txt	EXPIREMENTS/MLK_POLY_SUB/SUB00A_d9613cf60de3/SUB00R_BATCH6_T6_CALLSITE_INTEGRATION/04_GOTO_PREFLIGHT/B6_4_GOTO_PREFLIGHT_MLKEM768/inspection/sub_reduce_handoff_show_properties.txt	experiments/poly-sub/T06-callsite-integration/raw-evidence/SUB00R_BATCH6_T6_CALLSITE_INTEGRATION/04_GOTO_PREFLIGHT/B6_4_GOTO_PREFLIGHT_MLKEM768/inspection/sub_reduce_handoff_show_properties.txt	130371	21b7d87e06d0fb169d1953aec45f50e24d494b79773498be0b8c01e14475b8fc	"[""t6-authoritative-tree"", ""04_GOTO_PREFLIGHT/B6_4_GOTO_PREFLIGHT_MLKEM768/inspection/sub_reduce_handoff_show_properties.txt""]"
EXPIREMENTS/MLK_POLY_SUB/SUB00A_d9613cf60de3/04_GOTO_PREFLIGHT/B6_4_GOTO_PREFLIGHT_MLKEM768/inspection/sub_reduce_handoff_show_properties_stderr.txt	EXPIREMENTS/MLK_POLY_SUB/SUB00A_d9613cf60de3/SUB00R_BATCH6_T6_CALLSITE_INTEGRATION/04_GOTO_PREFLIGHT/B6_4_GOTO_PREFLIGHT_MLKEM768/inspection/sub_reduce_handoff_show_properties_stderr.txt	experiments/poly-sub/T06-callsite-integration/raw-evidence/SUB00R_BATCH6_T6_CALLSITE_INTEGRATION/04_GOTO_PREFLIGHT/B6_4_GOTO_PREFLIGHT_MLKEM768/inspection/sub_reduce_handoff_show_properties_stderr.txt	0	e3b0c44298fc1c149afbf4c8996fb92427ae41e4649b934ca495991b7852b855	"[""t6-authoritative-tree"", ""04_GOTO_PREFLIGHT/B6_4_GOTO_PREFLIGHT_MLKEM768/inspection/sub_reduce_handoff_show_properties_stderr.txt""]"
EXPIREMENTS/MLK_POLY_SUB/SUB00A_d9613cf60de3/04_GOTO_PREFLIGHT/B6_4_GOTO_PREFLIGHT_MLKEM768/inspection/sub_reduce_handoff_undefined_functions.txt	EXPIREMENTS/MLK_POLY_SUB/SUB00A_d9613cf60de3/SUB00R_BATCH6_T6_CALLSITE_INTEGRATION/04_GOTO_PREFLIGHT/B6_4_GOTO_PREFLIGHT_MLKEM768/inspection/sub_reduce_handoff_undefined_functions.txt	experiments/poly-sub/T06-callsite-integration/raw-evidence/SUB00R_BATCH6_T6_CALLSITE_INTEGRATION/04_GOTO_PREFLIGHT/B6_4_GOTO_PREFLIGHT_MLKEM768/inspection/sub_reduce_handoff_undefined_functions.txt	409	c2bfadac119af612601741a8f9f4d203f35c27db2f65f8744ed905467075b1bf	"[""t6-authoritative-tree"", ""04_GOTO_PREFLIGHT/B6_4_GOTO_PREFLIGHT_MLKEM768/inspection/sub_reduce_handoff_undefined_functions.txt""]"
EXPIREMENTS/MLK_POLY_SUB/SUB00A_d9613cf60de3/04_GOTO_PREFLIGHT/B6_4_GOTO_PREFLIGHT_MLKEM768/inspection/sub_reduce_handoff_validate_goto_binary.txt	EXPIREMENTS/MLK_POLY_SUB/SUB00A_d9613cf60de3/SUB00R_BATCH6_T6_CALLSITE_INTEGRATION/04_GOTO_PREFLIGHT/B6_4_GOTO_PREFLIGHT_MLKEM768/inspection/sub_reduce_handoff_validate_goto_binary.txt	experiments/poly-sub/T06-callsite-integration/raw-evidence/SUB00R_BATCH6_T6_CALLSITE_INTEGRATION/04_GOTO_PREFLIGHT/B6_4_GOTO_PREFLIGHT_MLKEM768/inspection/sub_reduce_handoff_validate_goto_binary.txt	211	3f49abe75f451b7f06a9ccbcbc515aa9940232cb8e0ba01e58b5945f5f209e78	"[""t6-authoritative-tree"", ""04_GOTO_PREFLIGHT/B6_4_GOTO_PREFLIGHT_MLKEM768/inspection/sub_reduce_handoff_validate_goto_binary.txt""]"
EXPIREMENTS/MLK_POLY_SUB/SUB00A_d9613cf60de3/04_GOTO_PREFLIGHT/B6_4_GOTO_PREFLIGHT_MLKEM768/inspection/tomsg_precondition_calls_and_arguments.txt	EXPIREMENTS/MLK_POLY_SUB/SUB00A_d9613cf60de3/SUB00R_BATCH6_T6_CALLSITE_INTEGRATION/04_GOTO_PREFLIGHT/B6_4_GOTO_PREFLIGHT_MLKEM768/inspection/tomsg_precondition_calls_and_arguments.txt	experiments/poly-sub/T06-callsite-integration/raw-evidence/SUB00R_BATCH6_T6_CALLSITE_INTEGRATION/04_GOTO_PREFLIGHT/B6_4_GOTO_PREFLIGHT_MLKEM768/inspection/tomsg_precondition_calls_and_arguments.txt	4585	1d70f821e349a81b3e1d0998a6afb06e7a77ebc38d2e7d10cda0ed5fcc5f69de	"[""t6-authoritative-tree"", ""04_GOTO_PREFLIGHT/B6_4_GOTO_PREFLIGHT_MLKEM768/inspection/tomsg_precondition_calls_and_arguments.txt""]"
EXPIREMENTS/MLK_POLY_SUB/SUB00A_d9613cf60de3/04_GOTO_PREFLIGHT/B6_4_GOTO_PREFLIGHT_MLKEM768/inspection/tomsg_precondition_frozen_unwindset.txt	EXPIREMENTS/MLK_POLY_SUB/SUB00A_d9613cf60de3/SUB00R_BATCH6_T6_CALLSITE_INTEGRATION/04_GOTO_PREFLIGHT/B6_4_GOTO_PREFLIGHT_MLKEM768/inspection/tomsg_precondition_frozen_unwindset.txt	experiments/poly-sub/T06-callsite-integration/raw-evidence/SUB00R_BATCH6_T6_CALLSITE_INTEGRATION/04_GOTO_PREFLIGHT/B6_4_GOTO_PREFLIGHT_MLKEM768/inspection/tomsg_precondition_frozen_unwindset.txt	340	b01e5ebe61c7d950434dfed0f3646150bff6dee6099a4959f8a2cd0d0497c804	"[""t6-authoritative-tree"", ""04_GOTO_PREFLIGHT/B6_4_GOTO_PREFLIGHT_MLKEM768/inspection/tomsg_precondition_frozen_unwindset.txt""]"
EXPIREMENTS/MLK_POLY_SUB/SUB00A_d9613cf60de3/04_GOTO_PREFLIGHT/B6_4_GOTO_PREFLIGHT_MLKEM768/inspection/tomsg_precondition_list_goto_functions.txt	EXPIREMENTS/MLK_POLY_SUB/SUB00A_d9613cf60de3/SUB00R_BATCH6_T6_CALLSITE_INTEGRATION/04_GOTO_PREFLIGHT/B6_4_GOTO_PREFLIGHT_MLKEM768/inspection/tomsg_precondition_list_goto_functions.txt	experiments/poly-sub/T06-callsite-integration/raw-evidence/SUB00R_BATCH6_T6_CALLSITE_INTEGRATION/04_GOTO_PREFLIGHT/B6_4_GOTO_PREFLIGHT_MLKEM768/inspection/tomsg_precondition_list_goto_functions.txt	4315	9c54fca75d6713dd0879526127511adf49121318f8cc2528370303b4e11ec5eb	"[""t6-authoritative-tree"", ""04_GOTO_PREFLIGHT/B6_4_GOTO_PREFLIGHT_MLKEM768/inspection/tomsg_precondition_list_goto_functions.txt""]"
EXPIREMENTS/MLK_POLY_SUB/SUB00A_d9613cf60de3/04_GOTO_PREFLIGHT/B6_4_GOTO_PREFLIGHT_MLKEM768/inspection/tomsg_precondition_reachable_call_graph.txt	EXPIREMENTS/MLK_POLY_SUB/SUB00A_d9613cf60de3/SUB00R_BATCH6_T6_CALLSITE_INTEGRATION/04_GOTO_PREFLIGHT/B6_4_GOTO_PREFLIGHT_MLKEM768/inspection/tomsg_precondition_reachable_call_graph.txt	experiments/poly-sub/T06-callsite-integration/raw-evidence/SUB00R_BATCH6_T6_CALLSITE_INTEGRATION/04_GOTO_PREFLIGHT/B6_4_GOTO_PREFLIGHT_MLKEM768/inspection/tomsg_precondition_reachable_call_graph.txt	1424	04037d2e5b357e0177c0cbf2928b23a50492a6b0271f83430f4e5c817ee4e60e	"[""t6-authoritative-tree"", ""04_GOTO_PREFLIGHT/B6_4_GOTO_PREFLIGHT_MLKEM768/inspection/tomsg_precondition_reachable_call_graph.txt""]"
EXPIREMENTS/MLK_POLY_SUB/SUB00A_d9613cf60de3/04_GOTO_PREFLIGHT/B6_4_GOTO_PREFLIGHT_MLKEM768/inspection/tomsg_precondition_reachable_functions.txt	EXPIREMENTS/MLK_POLY_SUB/SUB00A_d9613cf60de3/SUB00R_BATCH6_T6_CALLSITE_INTEGRATION/04_GOTO_PREFLIGHT/B6_4_GOTO_PREFLIGHT_MLKEM768/inspection/tomsg_precondition_reachable_functions.txt	experiments/poly-sub/T06-callsite-integration/raw-evidence/SUB00R_BATCH6_T6_CALLSITE_INTEGRATION/04_GOTO_PREFLIGHT/B6_4_GOTO_PREFLIGHT_MLKEM768/inspection/tomsg_precondition_reachable_functions.txt	440	eabfcc02a804ac4ba1704175a9dece93ae0415d301bf9382fea38cc752227145	"[""t6-authoritative-tree"", ""04_GOTO_PREFLIGHT/B6_4_GOTO_PREFLIGHT_MLKEM768/inspection/tomsg_precondition_reachable_functions.txt""]"
EXPIREMENTS/MLK_POLY_SUB/SUB00A_d9613cf60de3/04_GOTO_PREFLIGHT/B6_4_GOTO_PREFLIGHT_MLKEM768/inspection/tomsg_precondition_reachable_loops.tsv	EXPIREMENTS/MLK_POLY_SUB/SUB00A_d9613cf60de3/SUB00R_BATCH6_T6_CALLSITE_INTEGRATION/04_GOTO_PREFLIGHT/B6_4_GOTO_PREFLIGHT_MLKEM768/inspection/tomsg_precondition_reachable_loops.tsv	experiments/poly-sub/T06-callsite-integration/raw-evidence/SUB00R_BATCH6_T6_CALLSITE_INTEGRATION/04_GOTO_PREFLIGHT/B6_4_GOTO_PREFLIGHT_MLKEM768/inspection/tomsg_precondition_reachable_loops.tsv	573	6c0d962d794ca6b3a85490b3028cea1f6f40652cb078f7636935c43649df384d	"[""t6-authoritative-tree"", ""04_GOTO_PREFLIGHT/B6_4_GOTO_PREFLIGHT_MLKEM768/inspection/tomsg_precondition_reachable_loops.tsv""]"
EXPIREMENTS/MLK_POLY_SUB/SUB00A_d9613cf60de3/04_GOTO_PREFLIGHT/B6_4_GOTO_PREFLIGHT_MLKEM768/inspection/tomsg_precondition_show_loops.txt	EXPIREMENTS/MLK_POLY_SUB/SUB00A_d9613cf60de3/SUB00R_BATCH6_T6_CALLSITE_INTEGRATION/04_GOTO_PREFLIGHT/B6_4_GOTO_PREFLIGHT_MLKEM768/inspection/tomsg_precondition_show_loops.txt	experiments/poly-sub/T06-callsite-integration/raw-evidence/SUB00R_BATCH6_T6_CALLSITE_INTEGRATION/04_GOTO_PREFLIGHT/B6_4_GOTO_PREFLIGHT_MLKEM768/inspection/tomsg_precondition_show_loops.txt	8942	e4fface350bbf68f98d6d3393d230d4136aa57a417f9bf9843290082b3a5d2f6	"[""t6-authoritative-tree"", ""04_GOTO_PREFLIGHT/B6_4_GOTO_PREFLIGHT_MLKEM768/inspection/tomsg_precondition_show_loops.txt""]"
EXPIREMENTS/MLK_POLY_SUB/SUB00A_d9613cf60de3/04_GOTO_PREFLIGHT/B6_4_GOTO_PREFLIGHT_MLKEM768/inspection/tomsg_precondition_show_properties.txt	EXPIREMENTS/MLK_POLY_SUB/SUB00A_d9613cf60de3/SUB00R_BATCH6_T6_CALLSITE_INTEGRATION/04_GOTO_PREFLIGHT/B6_4_GOTO_PREFLIGHT_MLKEM768/inspection/tomsg_precondition_show_properties.txt	experiments/poly-sub/T06-callsite-integration/raw-evidence/SUB00R_BATCH6_T6_CALLSITE_INTEGRATION/04_GOTO_PREFLIGHT/B6_4_GOTO_PREFLIGHT_MLKEM768/inspection/tomsg_precondition_show_properties.txt	323404	28e42c053f4a38f41676240a9337619537a448def5a3207a5a5168a3778e5bdd	"[""t6-authoritative-tree"", ""04_GOTO_PREFLIGHT/B6_4_GOTO_PREFLIGHT_MLKEM768/inspection/tomsg_precondition_show_properties.txt""]"
EXPIREMENTS/MLK_POLY_SUB/SUB00A_d9613cf60de3/04_GOTO_PREFLIGHT/B6_4_GOTO_PREFLIGHT_MLKEM768/inspection/tomsg_precondition_show_properties_stderr.txt	EXPIREMENTS/MLK_POLY_SUB/SUB00A_d9613cf60de3/SUB00R_BATCH6_T6_CALLSITE_INTEGRATION/04_GOTO_PREFLIGHT/B6_4_GOTO_PREFLIGHT_MLKEM768/inspection/tomsg_precondition_show_properties_stderr.txt	experiments/poly-sub/T06-callsite-integration/raw-evidence/SUB00R_BATCH6_T6_CALLSITE_INTEGRATION/04_GOTO_PREFLIGHT/B6_4_GOTO_PREFLIGHT_MLKEM768/inspection/tomsg_precondition_show_properties_stderr.txt	0	e3b0c44298fc1c149afbf4c8996fb92427ae41e4649b934ca495991b7852b855	"[""t6-authoritative-tree"", ""04_GOTO_PREFLIGHT/B6_4_GOTO_PREFLIGHT_MLKEM768/inspection/tomsg_precondition_show_properties_stderr.txt""]"
EXPIREMENTS/MLK_POLY_SUB/SUB00A_d9613cf60de3/04_GOTO_PREFLIGHT/B6_4_GOTO_PREFLIGHT_MLKEM768/inspection/tomsg_precondition_undefined_functions.txt	EXPIREMENTS/MLK_POLY_SUB/SUB00A_d9613cf60de3/SUB00R_BATCH6_T6_CALLSITE_INTEGRATION/04_GOTO_PREFLIGHT/B6_4_GOTO_PREFLIGHT_MLKEM768/inspection/tomsg_precondition_undefined_functions.txt	experiments/poly-sub/T06-callsite-integration/raw-evidence/SUB00R_BATCH6_T6_CALLSITE_INTEGRATION/04_GOTO_PREFLIGHT/B6_4_GOTO_PREFLIGHT_MLKEM768/inspection/tomsg_precondition_undefined_functions.txt	409	3911ea0c7de781e51915a6018d0ee722942152205d02d0f2e2dcccdfb376e482	"[""t6-authoritative-tree"", ""04_GOTO_PREFLIGHT/B6_4_GOTO_PREFLIGHT_MLKEM768/inspection/tomsg_precondition_undefined_functions.txt""]"
EXPIREMENTS/MLK_POLY_SUB/SUB00A_d9613cf60de3/04_GOTO_PREFLIGHT/B6_4_GOTO_PREFLIGHT_MLKEM768/inspection/tomsg_precondition_validate_goto_binary.txt	EXPIREMENTS/MLK_POLY_SUB/SUB00A_d9613cf60de3/SUB00R_BATCH6_T6_CALLSITE_INTEGRATION/04_GOTO_PREFLIGHT/B6_4_GOTO_PREFLIGHT_MLKEM768/inspection/tomsg_precondition_validate_goto_binary.txt	experiments/poly-sub/T06-callsite-integration/raw-evidence/SUB00R_BATCH6_T6_CALLSITE_INTEGRATION/04_GOTO_PREFLIGHT/B6_4_GOTO_PREFLIGHT_MLKEM768/inspection/tomsg_precondition_validate_goto_binary.txt	211	ea474804d202c98e4b9d4a4fbe9c824c2c4117a1a1c236bb75d23fa13aa8a658	"[""t6-authoritative-tree"", ""04_GOTO_PREFLIGHT/B6_4_GOTO_PREFLIGHT_MLKEM768/inspection/tomsg_precondition_validate_goto_binary.txt""]"
EXPIREMENTS/MLK_POLY_SUB/SUB00A_d9613cf60de3/04_GOTO_PREFLIGHT/B6_4_GOTO_PREFLIGHT_MLKEM768/logs/callsite_exactness_goto_build_stderr.txt	EXPIREMENTS/MLK_POLY_SUB/SUB00A_d9613cf60de3/SUB00R_BATCH6_T6_CALLSITE_INTEGRATION/04_GOTO_PREFLIGHT/B6_4_GOTO_PREFLIGHT_MLKEM768/logs/callsite_exactness_goto_build_stderr.txt	experiments/poly-sub/T06-callsite-integration/raw-evidence/SUB00R_BATCH6_T6_CALLSITE_INTEGRATION/04_GOTO_PREFLIGHT/B6_4_GOTO_PREFLIGHT_MLKEM768/logs/callsite_exactness_goto_build_stderr.txt	0	e3b0c44298fc1c149afbf4c8996fb92427ae41e4649b934ca495991b7852b855	"[""t6-authoritative-tree"", ""04_GOTO_PREFLIGHT/B6_4_GOTO_PREFLIGHT_MLKEM768/logs/callsite_exactness_goto_build_stderr.txt""]"
EXPIREMENTS/MLK_POLY_SUB/SUB00A_d9613cf60de3/04_GOTO_PREFLIGHT/B6_4_GOTO_PREFLIGHT_MLKEM768/logs/callsite_exactness_goto_build_stdout.txt	EXPIREMENTS/MLK_POLY_SUB/SUB00A_d9613cf60de3/SUB00R_BATCH6_T6_CALLSITE_INTEGRATION/04_GOTO_PREFLIGHT/B6_4_GOTO_PREFLIGHT_MLKEM768/logs/callsite_exactness_goto_build_stdout.txt	experiments/poly-sub/T06-callsite-integration/raw-evidence/SUB00R_BATCH6_T6_CALLSITE_INTEGRATION/04_GOTO_PREFLIGHT/B6_4_GOTO_PREFLIGHT_MLKEM768/logs/callsite_exactness_goto_build_stdout.txt	0	e3b0c44298fc1c149afbf4c8996fb92427ae41e4649b934ca495991b7852b855	"[""t6-authoritative-tree"", ""04_GOTO_PREFLIGHT/B6_4_GOTO_PREFLIGHT_MLKEM768/logs/callsite_exactness_goto_build_stdout.txt""]"
EXPIREMENTS/MLK_POLY_SUB/SUB00A_d9613cf60de3/04_GOTO_PREFLIGHT/B6_4_GOTO_PREFLIGHT_MLKEM768/logs/callsite_frame_goto_build_stderr.txt	EXPIREMENTS/MLK_POLY_SUB/SUB00A_d9613cf60de3/SUB00R_BATCH6_T6_CALLSITE_INTEGRATION/04_GOTO_PREFLIGHT/B6_4_GOTO_PREFLIGHT_MLKEM768/logs/callsite_frame_goto_build_stderr.txt	experiments/poly-sub/T06-callsite-integration/raw-evidence/SUB00R_BATCH6_T6_CALLSITE_INTEGRATION/04_GOTO_PREFLIGHT/B6_4_GOTO_PREFLIGHT_MLKEM768/logs/callsite_frame_goto_build_stderr.txt	0	e3b0c44298fc1c149afbf4c8996fb92427ae41e4649b934ca495991b7852b855	"[""t6-authoritative-tree"", ""04_GOTO_PREFLIGHT/B6_4_GOTO_PREFLIGHT_MLKEM768/logs/callsite_frame_goto_build_stderr.txt""]"
EXPIREMENTS/MLK_POLY_SUB/SUB00A_d9613cf60de3/04_GOTO_PREFLIGHT/B6_4_GOTO_PREFLIGHT_MLKEM768/logs/callsite_frame_goto_build_stdout.txt	EXPIREMENTS/MLK_POLY_SUB/SUB00A_d9613cf60de3/SUB00R_BATCH6_T6_CALLSITE_INTEGRATION/04_GOTO_PREFLIGHT/B6_4_GOTO_PREFLIGHT_MLKEM768/logs/callsite_frame_goto_build_stdout.txt	experiments/poly-sub/T06-callsite-integration/raw-evidence/SUB00R_BATCH6_T6_CALLSITE_INTEGRATION/04_GOTO_PREFLIGHT/B6_4_GOTO_PREFLIGHT_MLKEM768/logs/callsite_frame_goto_build_stdout.txt	0	e3b0c44298fc1c149afbf4c8996fb92427ae41e4649b934ca495991b7852b855	"[""t6-authoritative-tree"", ""04_GOTO_PREFLIGHT/B6_4_GOTO_PREFLIGHT_MLKEM768/logs/callsite_frame_goto_build_stdout.txt""]"
EXPIREMENTS/MLK_POLY_SUB/SUB00A_d9613cf60de3/04_GOTO_PREFLIGHT/B6_4_GOTO_PREFLIGHT_MLKEM768/logs/callsite_precondition_goto_build_stderr.txt	EXPIREMENTS/MLK_POLY_SUB/SUB00A_d9613cf60de3/SUB00R_BATCH6_T6_CALLSITE_INTEGRATION/04_GOTO_PREFLIGHT/B6_4_GOTO_PREFLIGHT_MLKEM768/logs/callsite_precondition_goto_build_stderr.txt	experiments/poly-sub/T06-callsite-integration/raw-evidence/SUB00R_BATCH6_T6_CALLSITE_INTEGRATION/04_GOTO_PREFLIGHT/B6_4_GOTO_PREFLIGHT_MLKEM768/logs/callsite_precondition_goto_build_stderr.txt	0	e3b0c44298fc1c149afbf4c8996fb92427ae41e4649b934ca495991b7852b855	"[""t6-authoritative-tree"", ""04_GOTO_PREFLIGHT/B6_4_GOTO_PREFLIGHT_MLKEM768/logs/callsite_precondition_goto_build_stderr.txt""]"
EXPIREMENTS/MLK_POLY_SUB/SUB00A_d9613cf60de3/04_GOTO_PREFLIGHT/B6_4_GOTO_PREFLIGHT_MLKEM768/logs/callsite_precondition_goto_build_stdout.txt	EXPIREMENTS/MLK_POLY_SUB/SUB00A_d9613cf60de3/SUB00R_BATCH6_T6_CALLSITE_INTEGRATION/04_GOTO_PREFLIGHT/B6_4_GOTO_PREFLIGHT_MLKEM768/logs/callsite_precondition_goto_build_stdout.txt	experiments/poly-sub/T06-callsite-integration/raw-evidence/SUB00R_BATCH6_T6_CALLSITE_INTEGRATION/04_GOTO_PREFLIGHT/B6_4_GOTO_PREFLIGHT_MLKEM768/logs/callsite_precondition_goto_build_stdout.txt	0	e3b0c44298fc1c149afbf4c8996fb92427ae41e4649b934ca495991b7852b855	"[""t6-authoritative-tree"", ""04_GOTO_PREFLIGHT/B6_4_GOTO_PREFLIGHT_MLKEM768/logs/callsite_precondition_goto_build_stdout.txt""]"
EXPIREMENTS/MLK_POLY_SUB/SUB00A_d9613cf60de3/04_GOTO_PREFLIGHT/B6_4_GOTO_PREFLIGHT_MLKEM768/logs/sub_reduce_handoff_goto_build_stderr.txt	EXPIREMENTS/MLK_POLY_SUB/SUB00A_d9613cf60de3/SUB00R_BATCH6_T6_CALLSITE_INTEGRATION/04_GOTO_PREFLIGHT/B6_4_GOTO_PREFLIGHT_MLKEM768/logs/sub_reduce_handoff_goto_build_stderr.txt	experiments/poly-sub/T06-callsite-integration/raw-evidence/SUB00R_BATCH6_T6_CALLSITE_INTEGRATION/04_GOTO_PREFLIGHT/B6_4_GOTO_PREFLIGHT_MLKEM768/logs/sub_reduce_handoff_goto_build_stderr.txt	0	e3b0c44298fc1c149afbf4c8996fb92427ae41e4649b934ca495991b7852b855	"[""t6-authoritative-tree"", ""04_GOTO_PREFLIGHT/B6_4_GOTO_PREFLIGHT_MLKEM768/logs/sub_reduce_handoff_goto_build_stderr.txt""]"
EXPIREMENTS/MLK_POLY_SUB/SUB00A_d9613cf60de3/04_GOTO_PREFLIGHT/B6_4_GOTO_PREFLIGHT_MLKEM768/logs/sub_reduce_handoff_goto_build_stdout.txt	EXPIREMENTS/MLK_POLY_SUB/SUB00A_d9613cf60de3/SUB00R_BATCH6_T6_CALLSITE_INTEGRATION/04_GOTO_PREFLIGHT/B6_4_GOTO_PREFLIGHT_MLKEM768/logs/sub_reduce_handoff_goto_build_stdout.txt	experiments/poly-sub/T06-callsite-integration/raw-evidence/SUB00R_BATCH6_T6_CALLSITE_INTEGRATION/04_GOTO_PREFLIGHT/B6_4_GOTO_PREFLIGHT_MLKEM768/logs/sub_reduce_handoff_goto_build_stdout.txt	0	e3b0c44298fc1c149afbf4c8996fb92427ae41e4649b934ca495991b7852b855	"[""t6-authoritative-tree"", ""04_GOTO_PREFLIGHT/B6_4_GOTO_PREFLIGHT_MLKEM768/logs/sub_reduce_handoff_goto_build_stdout.txt""]"
EXPIREMENTS/MLK_POLY_SUB/SUB00A_d9613cf60de3/04_GOTO_PREFLIGHT/B6_4_GOTO_PREFLIGHT_MLKEM768/logs/tomsg_precondition_goto_build_stderr.txt	EXPIREMENTS/MLK_POLY_SUB/SUB00A_d9613cf60de3/SUB00R_BATCH6_T6_CALLSITE_INTEGRATION/04_GOTO_PREFLIGHT/B6_4_GOTO_PREFLIGHT_MLKEM768/logs/tomsg_precondition_goto_build_stderr.txt	experiments/poly-sub/T06-callsite-integration/raw-evidence/SUB00R_BATCH6_T6_CALLSITE_INTEGRATION/04_GOTO_PREFLIGHT/B6_4_GOTO_PREFLIGHT_MLKEM768/logs/tomsg_precondition_goto_build_stderr.txt	0	e3b0c44298fc1c149afbf4c8996fb92427ae41e4649b934ca495991b7852b855	"[""t6-authoritative-tree"", ""04_GOTO_PREFLIGHT/B6_4_GOTO_PREFLIGHT_MLKEM768/logs/tomsg_precondition_goto_build_stderr.txt""]"
EXPIREMENTS/MLK_POLY_SUB/SUB00A_d9613cf60de3/04_GOTO_PREFLIGHT/B6_4_GOTO_PREFLIGHT_MLKEM768/logs/tomsg_precondition_goto_build_stdout.txt	EXPIREMENTS/MLK_POLY_SUB/SUB00A_d9613cf60de3/SUB00R_BATCH6_T6_CALLSITE_INTEGRATION/04_GOTO_PREFLIGHT/B6_4_GOTO_PREFLIGHT_MLKEM768/logs/tomsg_precondition_goto_build_stdout.txt	experiments/poly-sub/T06-callsite-integration/raw-evidence/SUB00R_BATCH6_T6_CALLSITE_INTEGRATION/04_GOTO_PREFLIGHT/B6_4_GOTO_PREFLIGHT_MLKEM768/logs/tomsg_precondition_goto_build_stdout.txt	0	e3b0c44298fc1c149afbf4c8996fb92427ae41e4649b934ca495991b7852b855	"[""t6-authoritative-tree"", ""04_GOTO_PREFLIGHT/B6_4_GOTO_PREFLIGHT_MLKEM768/logs/tomsg_precondition_goto_build_stdout.txt""]"
EXPIREMENTS/MLK_POLY_SUB/SUB00A_d9613cf60de3/06_REACHABILITY/B6_6_REACHABILITY_MLKEM768_RUN1/SUB_T6_B6_6_ARTIFACT_MANIFEST.sha256	EXPIREMENTS/MLK_POLY_SUB/SUB00A_d9613cf60de3/SUB00R_BATCH6_T6_CALLSITE_INTEGRATION/06_REACHABILITY/B6_6_REACHABILITY_MLKEM768_RUN1/SUB_T6_B6_6_ARTIFACT_MANIFEST.sha256	experiments/poly-sub/T06-callsite-integration/raw-evidence/SUB00R_BATCH6_T6_CALLSITE_INTEGRATION/06_REACHABILITY/B6_6_REACHABILITY_MLKEM768_RUN1/SUB_T6_B6_6_ARTIFACT_MANIFEST.sha256	6093	f84884b7795912a810007a9d08daaddccba053a9791fd7ccb15b9faa070a20f5	"[""t6-authoritative-tree"", ""06_REACHABILITY/B6_6_REACHABILITY_MLKEM768_RUN1/SUB_T6_B6_6_ARTIFACT_MANIFEST.sha256""]"
EXPIREMENTS/MLK_POLY_SUB/SUB00A_d9613cf60de3/06_REACHABILITY/B6_6_REACHABILITY_MLKEM768_RUN1/SUB_T6_B6_6_REACHABILITY_SUMMARY.txt	EXPIREMENTS/MLK_POLY_SUB/SUB00A_d9613cf60de3/SUB00R_BATCH6_T6_CALLSITE_INTEGRATION/06_REACHABILITY/B6_6_REACHABILITY_MLKEM768_RUN1/SUB_T6_B6_6_REACHABILITY_SUMMARY.txt	experiments/poly-sub/T06-callsite-integration/raw-evidence/SUB00R_BATCH6_T6_CALLSITE_INTEGRATION/06_REACHABILITY/B6_6_REACHABILITY_MLKEM768_RUN1/SUB_T6_B6_6_REACHABILITY_SUMMARY.txt	1122	e066e1089330ecb400f763b0f14eeb99cc238acaedbdf6cb3bdae97612860396	"[""t6-authoritative-tree"", ""06_REACHABILITY/B6_6_REACHABILITY_MLKEM768_RUN1/SUB_T6_B6_6_REACHABILITY_SUMMARY.txt""]"
EXPIREMENTS/MLK_POLY_SUB/SUB00A_d9613cf60de3/06_REACHABILITY/B6_6_REACHABILITY_MLKEM768_RUN1/build/reachability_companion.goto	EXPIREMENTS/MLK_POLY_SUB/SUB00A_d9613cf60de3/SUB00R_BATCH6_T6_CALLSITE_INTEGRATION/06_REACHABILITY/B6_6_REACHABILITY_MLKEM768_RUN1/build/reachability_companion.goto	experiments/poly-sub/T06-callsite-integration/raw-evidence/SUB00R_BATCH6_T6_CALLSITE_INTEGRATION/06_REACHABILITY/B6_6_REACHABILITY_MLKEM768_RUN1/build/reachability_companion.goto	56330	1e85d47f1c8ba2f18d860f36c2075c34883e2372ec1dcd75c5bee131bc288dcb	"[""t6-authoritative-tree"", ""06_REACHABILITY/B6_6_REACHABILITY_MLKEM768_RUN1/build/reachability_companion.goto""]"
EXPIREMENTS/MLK_POLY_SUB/SUB00A_d9613cf60de3/06_REACHABILITY/B6_6_REACHABILITY_MLKEM768_RUN1/build/reachability_companion.goto.sha256	EXPIREMENTS/MLK_POLY_SUB/SUB00A_d9613cf60de3/SUB00R_BATCH6_T6_CALLSITE_INTEGRATION/06_REACHABILITY/B6_6_REACHABILITY_MLKEM768_RUN1/build/reachability_companion.goto.sha256	experiments/poly-sub/T06-callsite-integration/raw-evidence/SUB00R_BATCH6_T6_CALLSITE_INTEGRATION/06_REACHABILITY/B6_6_REACHABILITY_MLKEM768_RUN1/build/reachability_companion.goto.sha256	254	7083767fa2a11edd99af9608f56362878c2e592319f9351f0f4743b2ec7fe667	"[""t6-authoritative-tree"", ""06_REACHABILITY/B6_6_REACHABILITY_MLKEM768_RUN1/build/reachability_companion.goto.sha256""]"
EXPIREMENTS/MLK_POLY_SUB/SUB00A_d9613cf60de3/06_REACHABILITY/B6_6_REACHABILITY_MLKEM768_RUN1/build/reachability_original.goto	EXPIREMENTS/MLK_POLY_SUB/SUB00A_d9613cf60de3/SUB00R_BATCH6_T6_CALLSITE_INTEGRATION/06_REACHABILITY/B6_6_REACHABILITY_MLKEM768_RUN1/build/reachability_original.goto	experiments/poly-sub/T06-callsite-integration/raw-evidence/SUB00R_BATCH6_T6_CALLSITE_INTEGRATION/06_REACHABILITY/B6_6_REACHABILITY_MLKEM768_RUN1/build/reachability_original.goto	58932	8a9ed4c0ed9b2d8035af62d98f5850de6a8db8f2ba49527f2e732cf47fc90ca8	"[""t6-authoritative-tree"", ""06_REACHABILITY/B6_6_REACHABILITY_MLKEM768_RUN1/build/reachability_original.goto""]"
EXPIREMENTS/MLK_POLY_SUB/SUB00A_d9613cf60de3/06_REACHABILITY/B6_6_REACHABILITY_MLKEM768_RUN1/build/reachability_original.goto.sha256	EXPIREMENTS/MLK_POLY_SUB/SUB00A_d9613cf60de3/SUB00R_BATCH6_T6_CALLSITE_INTEGRATION/06_REACHABILITY/B6_6_REACHABILITY_MLKEM768_RUN1/build/reachability_original.goto.sha256	experiments/poly-sub/T06-callsite-integration/raw-evidence/SUB00R_BATCH6_T6_CALLSITE_INTEGRATION/06_REACHABILITY/B6_6_REACHABILITY_MLKEM768_RUN1/build/reachability_original.goto.sha256	253	ecf09789daba17991f3f061350efb827c9684237c1f1715a496e238cf8e4cd6b	"[""t6-authoritative-tree"", ""06_REACHABILITY/B6_6_REACHABILITY_MLKEM768_RUN1/build/reachability_original.goto.sha256""]"
EXPIREMENTS/MLK_POLY_SUB/SUB00A_d9613cf60de3/06_REACHABILITY/B6_6_REACHABILITY_MLKEM768_RUN1/commands/reachability_companion_build_command.txt	EXPIREMENTS/MLK_POLY_SUB/SUB00A_d9613cf60de3/SUB00R_BATCH6_T6_CALLSITE_INTEGRATION/06_REACHABILITY/B6_6_REACHABILITY_MLKEM768_RUN1/commands/reachability_companion_build_command.txt	experiments/poly-sub/T06-callsite-integration/raw-evidence/SUB00R_BATCH6_T6_CALLSITE_INTEGRATION/06_REACHABILITY/B6_6_REACHABILITY_MLKEM768_RUN1/commands/reachability_companion_build_command.txt	1777	268ad9495bcadcdffd03f411fcbc3e228f2e85d42feb47c730e25eb457072d90	"[""t6-authoritative-tree"", ""06_REACHABILITY/B6_6_REACHABILITY_MLKEM768_RUN1/commands/reachability_companion_build_command.txt""]"
EXPIREMENTS/MLK_POLY_SUB/SUB00A_d9613cf60de3/06_REACHABILITY/B6_6_REACHABILITY_MLKEM768_RUN1/commands/reachability_companion_cbmc_command.txt	EXPIREMENTS/MLK_POLY_SUB/SUB00A_d9613cf60de3/SUB00R_BATCH6_T6_CALLSITE_INTEGRATION/06_REACHABILITY/B6_6_REACHABILITY_MLKEM768_RUN1/commands/reachability_companion_cbmc_command.txt	experiments/poly-sub/T06-callsite-integration/raw-evidence/SUB00R_BATCH6_T6_CALLSITE_INTEGRATION/06_REACHABILITY/B6_6_REACHABILITY_MLKEM768_RUN1/commands/reachability_companion_cbmc_command.txt	764	fca4f287e118940433ff80a16d526dc82504d2da895fde759ec9aa39a0441e2f	"[""t6-authoritative-tree"", ""06_REACHABILITY/B6_6_REACHABILITY_MLKEM768_RUN1/commands/reachability_companion_cbmc_command.txt""]"
EXPIREMENTS/MLK_POLY_SUB/SUB00A_d9613cf60de3/06_REACHABILITY/B6_6_REACHABILITY_MLKEM768_RUN1/commands/reachability_coverage_command.txt	EXPIREMENTS/MLK_POLY_SUB/SUB00A_d9613cf60de3/SUB00R_BATCH6_T6_CALLSITE_INTEGRATION/06_REACHABILITY/B6_6_REACHABILITY_MLKEM768_RUN1/commands/reachability_coverage_command.txt	experiments/poly-sub/T06-callsite-integration/raw-evidence/SUB00R_BATCH6_T6_CALLSITE_INTEGRATION/06_REACHABILITY/B6_6_REACHABILITY_MLKEM768_RUN1/commands/reachability_coverage_command.txt	736	ff883c24e4471c5680dc5a43fd25f1b2da84343f974473b7a6d646487daab217	"[""t6-authoritative-tree"", ""06_REACHABILITY/B6_6_REACHABILITY_MLKEM768_RUN1/commands/reachability_coverage_command.txt""]"
EXPIREMENTS/MLK_POLY_SUB/SUB00A_d9613cf60de3/06_REACHABILITY/B6_6_REACHABILITY_MLKEM768_RUN1/commands/reachability_original_build_command.txt	EXPIREMENTS/MLK_POLY_SUB/SUB00A_d9613cf60de3/SUB00R_BATCH6_T6_CALLSITE_INTEGRATION/06_REACHABILITY/B6_6_REACHABILITY_MLKEM768_RUN1/commands/reachability_original_build_command.txt	experiments/poly-sub/T06-callsite-integration/raw-evidence/SUB00R_BATCH6_T6_CALLSITE_INTEGRATION/06_REACHABILITY/B6_6_REACHABILITY_MLKEM768_RUN1/commands/reachability_original_build_command.txt	1554	5465d661538dd4be683cbd3def87c246b6955191806b1060050a03a741b32d7c	"[""t6-authoritative-tree"", ""06_REACHABILITY/B6_6_REACHABILITY_MLKEM768_RUN1/commands/reachability_original_build_command.txt""]"
EXPIREMENTS/MLK_POLY_SUB/SUB00A_d9613cf60de3/06_REACHABILITY/B6_6_REACHABILITY_MLKEM768_RUN1/companion_results/reachability_companion_marker_audit.txt	EXPIREMENTS/MLK_POLY_SUB/SUB00A_d9613cf60de3/SUB00R_BATCH6_T6_CALLSITE_INTEGRATION/06_REACHABILITY/B6_6_REACHABILITY_MLKEM768_RUN1/companion_results/reachability_companion_marker_audit.txt	experiments/poly-sub/T06-callsite-integration/raw-evidence/SUB00R_BATCH6_T6_CALLSITE_INTEGRATION/06_REACHABILITY/B6_6_REACHABILITY_MLKEM768_RUN1/companion_results/reachability_companion_marker_audit.txt	96	bfe10464e9c43dce8cf784258a94bb56710a4c1912507fa5fe678d9bd2211509	"[""t6-authoritative-tree"", ""06_REACHABILITY/B6_6_REACHABILITY_MLKEM768_RUN1/companion_results/reachability_companion_marker_audit.txt""]"
EXPIREMENTS/MLK_POLY_SUB/SUB00A_d9613cf60de3/06_REACHABILITY/B6_6_REACHABILITY_MLKEM768_RUN1/companion_results/reachability_companion_parsed.txt	EXPIREMENTS/MLK_POLY_SUB/SUB00A_d9613cf60de3/SUB00R_BATCH6_T6_CALLSITE_INTEGRATION/06_REACHABILITY/B6_6_REACHABILITY_MLKEM768_RUN1/companion_results/reachability_companion_parsed.txt	experiments/poly-sub/T06-callsite-integration/raw-evidence/SUB00R_BATCH6_T6_CALLSITE_INTEGRATION/06_REACHABILITY/B6_6_REACHABILITY_MLKEM768_RUN1/companion_results/reachability_companion_parsed.txt	52230	2c8046e28a700c59f86dc79f1eaacf202774bb7fda5dba2edca283e5a2715d33	"[""t6-authoritative-tree"", ""06_REACHABILITY/B6_6_REACHABILITY_MLKEM768_RUN1/companion_results/reachability_companion_parsed.txt""]"
EXPIREMENTS/MLK_POLY_SUB/SUB00A_d9613cf60de3/06_REACHABILITY/B6_6_REACHABILITY_MLKEM768_RUN1/companion_results/reachability_companion_result.json	EXPIREMENTS/MLK_POLY_SUB/SUB00A_d9613cf60de3/SUB00R_BATCH6_T6_CALLSITE_INTEGRATION/06_REACHABILITY/B6_6_REACHABILITY_MLKEM768_RUN1/companion_results/reachability_companion_result.json	experiments/poly-sub/T06-callsite-integration/raw-evidence/SUB00R_BATCH6_T6_CALLSITE_INTEGRATION/06_REACHABILITY/B6_6_REACHABILITY_MLKEM768_RUN1/companion_results/reachability_companion_result.json	435985	3c895f6aedf35b102204395d61e1c09c14e648150e6aea47c5e154a74f10b05e	"[""t6-authoritative-tree"", ""06_REACHABILITY/B6_6_REACHABILITY_MLKEM768_RUN1/companion_results/reachability_companion_result.json""]"
EXPIREMENTS/MLK_POLY_SUB/SUB00A_d9613cf60de3/06_REACHABILITY/B6_6_REACHABILITY_MLKEM768_RUN1/companion_results/reachability_companion_result.json.sha256	EXPIREMENTS/MLK_POLY_SUB/SUB00A_d9613cf60de3/SUB00R_BATCH6_T6_CALLSITE_INTEGRATION/06_REACHABILITY/B6_6_REACHABILITY_MLKEM768_RUN1/companion_results/reachability_companion_result.json.sha256	experiments/poly-sub/T06-callsite-integration/raw-evidence/SUB00R_BATCH6_T6_CALLSITE_INTEGRATION/06_REACHABILITY/B6_6_REACHABILITY_MLKEM768_RUN1/companion_results/reachability_companion_result.json.sha256	273	041e7068b9a4fb08da81b43d4ecc4469490eecf31c581252e51025fb5ca12991	"[""t6-authoritative-tree"", ""06_REACHABILITY/B6_6_REACHABILITY_MLKEM768_RUN1/companion_results/reachability_companion_result.json.sha256""]"
EXPIREMENTS/MLK_POLY_SUB/SUB00A_d9613cf60de3/06_REACHABILITY/B6_6_REACHABILITY_MLKEM768_RUN1/control_family/SUB_T6_B6_6_CONTROL_FAMILY_FREEZE.md	EXPIREMENTS/MLK_POLY_SUB/SUB00A_d9613cf60de3/SUB00R_BATCH6_T6_CALLSITE_INTEGRATION/06_REACHABILITY/B6_6_REACHABILITY_MLKEM768_RUN1/control_family/SUB_T6_B6_6_CONTROL_FAMILY_FREEZE.md	experiments/poly-sub/T06-callsite-integration/raw-evidence/SUB00R_BATCH6_T6_CALLSITE_INTEGRATION/06_REACHABILITY/B6_6_REACHABILITY_MLKEM768_RUN1/control_family/SUB_T6_B6_6_CONTROL_FAMILY_FREEZE.md	293	7d5f73fba4a1eb86e26f3aeb963e3f7ae428a57be3f7fccb7190d46afe934a56	"[""t6-authoritative-tree"", ""06_REACHABILITY/B6_6_REACHABILITY_MLKEM768_RUN1/control_family/SUB_T6_B6_6_CONTROL_FAMILY_FREEZE.md""]"
EXPIREMENTS/MLK_POLY_SUB/SUB00A_d9613cf60de3/06_REACHABILITY/B6_6_REACHABILITY_MLKEM768_RUN1/control_family/SUB_T6_B6_6_CONTROL_FAMILY_MANIFEST.sha256	EXPIREMENTS/MLK_POLY_SUB/SUB00A_d9613cf60de3/SUB00R_BATCH6_T6_CALLSITE_INTEGRATION/06_REACHABILITY/B6_6_REACHABILITY_MLKEM768_RUN1/control_family/SUB_T6_B6_6_CONTROL_FAMILY_MANIFEST.sha256	experiments/poly-sub/T06-callsite-integration/raw-evidence/SUB00R_BATCH6_T6_CALLSITE_INTEGRATION/06_REACHABILITY/B6_6_REACHABILITY_MLKEM768_RUN1/control_family/SUB_T6_B6_6_CONTROL_FAMILY_MANIFEST.sha256	325	472672cecf229f054e70c7ae9571d4ee4eec529563d8fe4180c3eaaf1f8fe1fd	"[""t6-authoritative-tree"", ""06_REACHABILITY/B6_6_REACHABILITY_MLKEM768_RUN1/control_family/SUB_T6_B6_6_CONTROL_FAMILY_MANIFEST.sha256""]"
EXPIREMENTS/MLK_POLY_SUB/SUB00A_d9613cf60de3/06_REACHABILITY/B6_6_REACHABILITY_MLKEM768_RUN1/control_family/harnesses/sub_t6_reachability_harness.c	EXPIREMENTS/MLK_POLY_SUB/SUB00A_d9613cf60de3/SUB00R_BATCH6_T6_CALLSITE_INTEGRATION/06_REACHABILITY/B6_6_REACHABILITY_MLKEM768_RUN1/control_family/harnesses/sub_t6_reachability_harness.c	experiments/poly-sub/T06-callsite-integration/raw-evidence/SUB00R_BATCH6_T6_CALLSITE_INTEGRATION/06_REACHABILITY/B6_6_REACHABILITY_MLKEM768_RUN1/control_family/harnesses/sub_t6_reachability_harness.c	1892	bb400a542f955c2fa50b19a29dae1c8b4cc06c27c208ab04c60a5741b1adefa6	"[""t6-authoritative-tree"", ""06_REACHABILITY/B6_6_REACHABILITY_MLKEM768_RUN1/control_family/harnesses/sub_t6_reachability_harness.c""]"
EXPIREMENTS/MLK_POLY_SUB/SUB00A_d9613cf60de3/06_REACHABILITY/B6_6_REACHABILITY_MLKEM768_RUN1/control_family/support/sub00r_b6_cover_neutral_companion.h	EXPIREMENTS/MLK_POLY_SUB/SUB00A_d9613cf60de3/SUB00R_BATCH6_T6_CALLSITE_INTEGRATION/06_REACHABILITY/B6_6_REACHABILITY_MLKEM768_RUN1/control_family/support/sub00r_b6_cover_neutral_companion.h	experiments/poly-sub/T06-callsite-integration/raw-evidence/SUB00R_BATCH6_T6_CALLSITE_INTEGRATION/06_REACHABILITY/B6_6_REACHABILITY_MLKEM768_RUN1/control_family/support/sub00r_b6_cover_neutral_companion.h	253	efefaa47b90298f1cc520f932736128b1d51ba0265fda8ec2f3ea8744b8caf86	"[""t6-authoritative-tree"", ""06_REACHABILITY/B6_6_REACHABILITY_MLKEM768_RUN1/control_family/support/sub00r_b6_cover_neutral_companion.h""]"
EXPIREMENTS/MLK_POLY_SUB/SUB00A_d9613cf60de3/06_REACHABILITY/B6_6_REACHABILITY_MLKEM768_RUN1/coverage_results/reachability_coverage_parsed.txt	EXPIREMENTS/MLK_POLY_SUB/SUB00A_d9613cf60de3/SUB00R_BATCH6_T6_CALLSITE_INTEGRATION/06_REACHABILITY/B6_6_REACHABILITY_MLKEM768_RUN1/coverage_results/reachability_coverage_parsed.txt	experiments/poly-sub/T06-callsite-integration/raw-evidence/SUB00R_BATCH6_T6_CALLSITE_INTEGRATION/06_REACHABILITY/B6_6_REACHABILITY_MLKEM768_RUN1/coverage_results/reachability_coverage_parsed.txt	76	b4548511f8d5ae49db2af6ea10de49126c4ea2dda8745184c80eb5309d4673b2	"[""t6-authoritative-tree"", ""06_REACHABILITY/B6_6_REACHABILITY_MLKEM768_RUN1/coverage_results/reachability_coverage_parsed.txt""]"
EXPIREMENTS/MLK_POLY_SUB/SUB00A_d9613cf60de3/06_REACHABILITY/B6_6_REACHABILITY_MLKEM768_RUN1/coverage_results/reachability_coverage_result.txt	EXPIREMENTS/MLK_POLY_SUB/SUB00A_d9613cf60de3/SUB00R_BATCH6_T6_CALLSITE_INTEGRATION/06_REACHABILITY/B6_6_REACHABILITY_MLKEM768_RUN1/coverage_results/reachability_coverage_result.txt	experiments/poly-sub/T06-callsite-integration/raw-evidence/SUB00R_BATCH6_T6_CALLSITE_INTEGRATION/06_REACHABILITY/B6_6_REACHABILITY_MLKEM768_RUN1/coverage_results/reachability_coverage_result.txt	5485	f9f1041c625a3e2fcac4b196ab0a062cb1a318fae21119f3bd5d86990db31c55	"[""t6-authoritative-tree"", ""06_REACHABILITY/B6_6_REACHABILITY_MLKEM768_RUN1/coverage_results/reachability_coverage_result.txt""]"
EXPIREMENTS/MLK_POLY_SUB/SUB00A_d9613cf60de3/06_REACHABILITY/B6_6_REACHABILITY_MLKEM768_RUN1/coverage_results/reachability_coverage_result.txt.sha256	EXPIREMENTS/MLK_POLY_SUB/SUB00A_d9613cf60de3/SUB00R_BATCH6_T6_CALLSITE_INTEGRATION/06_REACHABILITY/B6_6_REACHABILITY_MLKEM768_RUN1/coverage_results/reachability_coverage_result.txt.sha256	experiments/poly-sub/T06-callsite-integration/raw-evidence/SUB00R_BATCH6_T6_CALLSITE_INTEGRATION/06_REACHABILITY/B6_6_REACHABILITY_MLKEM768_RUN1/coverage_results/reachability_coverage_result.txt.sha256	270	2178c23e844d71ee0b0dbfbb2ffdf56737e0d3caf269d90357029ab2777c55d2	"[""t6-authoritative-tree"", ""06_REACHABILITY/B6_6_REACHABILITY_MLKEM768_RUN1/coverage_results/reachability_coverage_result.txt.sha256""]"
EXPIREMENTS/MLK_POLY_SUB/SUB00A_d9613cf60de3/06_REACHABILITY/B6_6_REACHABILITY_MLKEM768_RUN1/executed_runner.sh	EXPIREMENTS/MLK_POLY_SUB/SUB00A_d9613cf60de3/SUB00R_BATCH6_T6_CALLSITE_INTEGRATION/06_REACHABILITY/B6_6_REACHABILITY_MLKEM768_RUN1/executed_runner.sh	experiments/poly-sub/T06-callsite-integration/raw-evidence/SUB00R_BATCH6_T6_CALLSITE_INTEGRATION/06_REACHABILITY/B6_6_REACHABILITY_MLKEM768_RUN1/executed_runner.sh	52878	95e8436cd00445bac4c91023e4e9abe88eb118f1267373e37717a79b6fab01e4	"[""t6-authoritative-tree"", ""06_REACHABILITY/B6_6_REACHABILITY_MLKEM768_RUN1/executed_runner.sh""]"
EXPIREMENTS/MLK_POLY_SUB/SUB00A_d9613cf60de3/06_REACHABILITY/B6_6_REACHABILITY_MLKEM768_RUN1/exit_codes/reachability_companion_build_exit_code.txt	EXPIREMENTS/MLK_POLY_SUB/SUB00A_d9613cf60de3/SUB00R_BATCH6_T6_CALLSITE_INTEGRATION/06_REACHABILITY/B6_6_REACHABILITY_MLKEM768_RUN1/exit_codes/reachability_companion_build_exit_code.txt	experiments/poly-sub/T06-callsite-integration/raw-evidence/SUB00R_BATCH6_T6_CALLSITE_INTEGRATION/06_REACHABILITY/B6_6_REACHABILITY_MLKEM768_RUN1/exit_codes/reachability_companion_build_exit_code.txt	2	9a271f2a916b0b6ee6cecb2426f0b3206ef074578be55d9bc94f6f3fe3ab86aa	"[""t6-authoritative-tree"", ""06_REACHABILITY/B6_6_REACHABILITY_MLKEM768_RUN1/exit_codes/reachability_companion_build_exit_code.txt""]"
EXPIREMENTS/MLK_POLY_SUB/SUB00A_d9613cf60de3/06_REACHABILITY/B6_6_REACHABILITY_MLKEM768_RUN1/exit_codes/reachability_companion_exit_code.txt	EXPIREMENTS/MLK_POLY_SUB/SUB00A_d9613cf60de3/SUB00R_BATCH6_T6_CALLSITE_INTEGRATION/06_REACHABILITY/B6_6_REACHABILITY_MLKEM768_RUN1/exit_codes/reachability_companion_exit_code.txt	experiments/poly-sub/T06-callsite-integration/raw-evidence/SUB00R_BATCH6_T6_CALLSITE_INTEGRATION/06_REACHABILITY/B6_6_REACHABILITY_MLKEM768_RUN1/exit_codes/reachability_companion_exit_code.txt	2	9a271f2a916b0b6ee6cecb2426f0b3206ef074578be55d9bc94f6f3fe3ab86aa	"[""t6-authoritative-tree"", ""06_REACHABILITY/B6_6_REACHABILITY_MLKEM768_RUN1/exit_codes/reachability_companion_exit_code.txt""]"
EXPIREMENTS/MLK_POLY_SUB/SUB00A_d9613cf60de3/06_REACHABILITY/B6_6_REACHABILITY_MLKEM768_RUN1/exit_codes/reachability_coverage_exit_code.txt	EXPIREMENTS/MLK_POLY_SUB/SUB00A_d9613cf60de3/SUB00R_BATCH6_T6_CALLSITE_INTEGRATION/06_REACHABILITY/B6_6_REACHABILITY_MLKEM768_RUN1/exit_codes/reachability_coverage_exit_code.txt	experiments/poly-sub/T06-callsite-integration/raw-evidence/SUB00R_BATCH6_T6_CALLSITE_INTEGRATION/06_REACHABILITY/B6_6_REACHABILITY_MLKEM768_RUN1/exit_codes/reachability_coverage_exit_code.txt	2	9a271f2a916b0b6ee6cecb2426f0b3206ef074578be55d9bc94f6f3fe3ab86aa	"[""t6-authoritative-tree"", ""06_REACHABILITY/B6_6_REACHABILITY_MLKEM768_RUN1/exit_codes/reachability_coverage_exit_code.txt""]"
EXPIREMENTS/MLK_POLY_SUB/SUB00A_d9613cf60de3/06_REACHABILITY/B6_6_REACHABILITY_MLKEM768_RUN1/exit_codes/reachability_original_build_exit_code.txt	EXPIREMENTS/MLK_POLY_SUB/SUB00A_d9613cf60de3/SUB00R_BATCH6_T6_CALLSITE_INTEGRATION/06_REACHABILITY/B6_6_REACHABILITY_MLKEM768_RUN1/exit_codes/reachability_original_build_exit_code.txt	experiments/poly-sub/T06-callsite-integration/raw-evidence/SUB00R_BATCH6_T6_CALLSITE_INTEGRATION/06_REACHABILITY/B6_6_REACHABILITY_MLKEM768_RUN1/exit_codes/reachability_original_build_exit_code.txt	2	9a271f2a916b0b6ee6cecb2426f0b3206ef074578be55d9bc94f6f3fe3ab86aa	"[""t6-authoritative-tree"", ""06_REACHABILITY/B6_6_REACHABILITY_MLKEM768_RUN1/exit_codes/reachability_original_build_exit_code.txt""]"
EXPIREMENTS/MLK_POLY_SUB/SUB00A_d9613cf60de3/06_REACHABILITY/B6_6_REACHABILITY_MLKEM768_RUN1/frozen_inputs/SUB_T6_B6_5_POSITIVE_RECOVERY_ARTIFACT_MANIFEST.sha256	EXPIREMENTS/MLK_POLY_SUB/SUB00A_d9613cf60de3/SUB00R_BATCH6_T6_CALLSITE_INTEGRATION/06_REACHABILITY/B6_6_REACHABILITY_MLKEM768_RUN1/frozen_inputs/SUB_T6_B6_5_POSITIVE_RECOVERY_ARTIFACT_MANIFEST.sha256	experiments/poly-sub/T06-callsite-integration/raw-evidence/SUB00R_BATCH6_T6_CALLSITE_INTEGRATION/06_REACHABILITY/B6_6_REACHABILITY_MLKEM768_RUN1/frozen_inputs/SUB_T6_B6_5_POSITIVE_RECOVERY_ARTIFACT_MANIFEST.sha256	9420	6f0dcf8e696299a5e411c2ee0b32fcf9ccf131dbcd2d85a0a2e5ec8389e55404	"[""t6-authoritative-tree"", ""06_REACHABILITY/B6_6_REACHABILITY_MLKEM768_RUN1/frozen_inputs/SUB_T6_B6_5_POSITIVE_RECOVERY_ARTIFACT_MANIFEST.sha256""]"
EXPIREMENTS/MLK_POLY_SUB/SUB00A_d9613cf60de3/06_REACHABILITY/B6_6_REACHABILITY_MLKEM768_RUN1/frozen_inputs/SUB_T6_B6_5_POSITIVE_RECOVERY_SUMMARY.txt	EXPIREMENTS/MLK_POLY_SUB/SUB00A_d9613cf60de3/SUB00R_BATCH6_T6_CALLSITE_INTEGRATION/06_REACHABILITY/B6_6_REACHABILITY_MLKEM768_RUN1/frozen_inputs/SUB_T6_B6_5_POSITIVE_RECOVERY_SUMMARY.txt	experiments/poly-sub/T06-callsite-integration/raw-evidence/SUB00R_BATCH6_T6_CALLSITE_INTEGRATION/06_REACHABILITY/B6_6_REACHABILITY_MLKEM768_RUN1/frozen_inputs/SUB_T6_B6_5_POSITIVE_RECOVERY_SUMMARY.txt	2431	99d34f34e9e39672260c4f8b67db5c5a6c31850780783774f348cf21f381e24b	"[""t6-authoritative-tree"", ""06_REACHABILITY/B6_6_REACHABILITY_MLKEM768_RUN1/frozen_inputs/SUB_T6_B6_5_POSITIVE_RECOVERY_SUMMARY.txt""]"
EXPIREMENTS/MLK_POLY_SUB/SUB00A_d9613cf60de3/06_REACHABILITY/B6_6_REACHABILITY_MLKEM768_RUN1/inspection/companion_parser_output.txt	EXPIREMENTS/MLK_POLY_SUB/SUB00A_d9613cf60de3/SUB00R_BATCH6_T6_CALLSITE_INTEGRATION/06_REACHABILITY/B6_6_REACHABILITY_MLKEM768_RUN1/inspection/companion_parser_output.txt	experiments/poly-sub/T06-callsite-integration/raw-evidence/SUB00R_BATCH6_T6_CALLSITE_INTEGRATION/06_REACHABILITY/B6_6_REACHABILITY_MLKEM768_RUN1/inspection/companion_parser_output.txt	414	ded479aedcdeadf866351e565a7585f3e25e7e0e80f50fc63e8c2792bd926acd	"[""t6-authoritative-tree"", ""06_REACHABILITY/B6_6_REACHABILITY_MLKEM768_RUN1/inspection/companion_parser_output.txt""]"
EXPIREMENTS/MLK_POLY_SUB/SUB00A_d9613cf60de3/06_REACHABILITY/B6_6_REACHABILITY_MLKEM768_RUN1/inspection/companion_reachable_call_graph.txt	EXPIREMENTS/MLK_POLY_SUB/SUB00A_d9613cf60de3/SUB00R_BATCH6_T6_CALLSITE_INTEGRATION/06_REACHABILITY/B6_6_REACHABILITY_MLKEM768_RUN1/inspection/companion_reachable_call_graph.txt	experiments/poly-sub/T06-callsite-integration/raw-evidence/SUB00R_BATCH6_T6_CALLSITE_INTEGRATION/06_REACHABILITY/B6_6_REACHABILITY_MLKEM768_RUN1/inspection/companion_reachable_call_graph.txt	1345	f95526526a2ef77c42fe6a18febcff278953892cbc2619f1280bf0ce88b0a3f0	"[""t6-authoritative-tree"", ""06_REACHABILITY/B6_6_REACHABILITY_MLKEM768_RUN1/inspection/companion_reachable_call_graph.txt""]"
EXPIREMENTS/MLK_POLY_SUB/SUB00A_d9613cf60de3/06_REACHABILITY/B6_6_REACHABILITY_MLKEM768_RUN1/inspection/companion_reachable_functions.txt	EXPIREMENTS/MLK_POLY_SUB/SUB00A_d9613cf60de3/SUB00R_BATCH6_T6_CALLSITE_INTEGRATION/06_REACHABILITY/B6_6_REACHABILITY_MLKEM768_RUN1/inspection/companion_reachable_functions.txt	experiments/poly-sub/T06-callsite-integration/raw-evidence/SUB00R_BATCH6_T6_CALLSITE_INTEGRATION/06_REACHABILITY/B6_6_REACHABILITY_MLKEM768_RUN1/inspection/companion_reachable_functions.txt	392	8566eb9c3e02e19fdc5be2b6fdd8fdcacbe2911f88ec672fe4530033a838f4f3	"[""t6-authoritative-tree"", ""06_REACHABILITY/B6_6_REACHABILITY_MLKEM768_RUN1/inspection/companion_reachable_functions.txt""]"
EXPIREMENTS/MLK_POLY_SUB/SUB00A_d9613cf60de3/06_REACHABILITY/B6_6_REACHABILITY_MLKEM768_RUN1/inspection/companion_reachable_loops.tsv	EXPIREMENTS/MLK_POLY_SUB/SUB00A_d9613cf60de3/SUB00R_BATCH6_T6_CALLSITE_INTEGRATION/06_REACHABILITY/B6_6_REACHABILITY_MLKEM768_RUN1/inspection/companion_reachable_loops.tsv	experiments/poly-sub/T06-callsite-integration/raw-evidence/SUB00R_BATCH6_T6_CALLSITE_INTEGRATION/06_REACHABILITY/B6_6_REACHABILITY_MLKEM768_RUN1/inspection/companion_reachable_loops.tsv	405	103e7ce55728bee9b46a100c87d8104ada7a0ae7aaadb19296905ef9092bbc9a	"[""t6-authoritative-tree"", ""06_REACHABILITY/B6_6_REACHABILITY_MLKEM768_RUN1/inspection/companion_reachable_loops.tsv""]"
EXPIREMENTS/MLK_POLY_SUB/SUB00A_d9613cf60de3/06_REACHABILITY/B6_6_REACHABILITY_MLKEM768_RUN1/inspection/companion_show_loops.txt	EXPIREMENTS/MLK_POLY_SUB/SUB00A_d9613cf60de3/SUB00R_BATCH6_T6_CALLSITE_INTEGRATION/06_REACHABILITY/B6_6_REACHABILITY_MLKEM768_RUN1/inspection/companion_show_loops.txt	experiments/poly-sub/T06-callsite-integration/raw-evidence/SUB00R_BATCH6_T6_CALLSITE_INTEGRATION/06_REACHABILITY/B6_6_REACHABILITY_MLKEM768_RUN1/inspection/companion_show_loops.txt	5000	d54b7b6c1d114a6f73dbe37042a922542808026b1b0c38eb8b3e7e5e6ae42ca8	"[""t6-authoritative-tree"", ""06_REACHABILITY/B6_6_REACHABILITY_MLKEM768_RUN1/inspection/companion_show_loops.txt""]"
EXPIREMENTS/MLK_POLY_SUB/SUB00A_d9613cf60de3/06_REACHABILITY/B6_6_REACHABILITY_MLKEM768_RUN1/inspection/companion_undefined_functions.txt	EXPIREMENTS/MLK_POLY_SUB/SUB00A_d9613cf60de3/SUB00R_BATCH6_T6_CALLSITE_INTEGRATION/06_REACHABILITY/B6_6_REACHABILITY_MLKEM768_RUN1/inspection/companion_undefined_functions.txt	experiments/poly-sub/T06-callsite-integration/raw-evidence/SUB00R_BATCH6_T6_CALLSITE_INTEGRATION/06_REACHABILITY/B6_6_REACHABILITY_MLKEM768_RUN1/inspection/companion_undefined_functions.txt	430	46e4115081d8ae719b5df7bc0c22760ba61e55fd569fd303203656abb4e49373	"[""t6-authoritative-tree"", ""06_REACHABILITY/B6_6_REACHABILITY_MLKEM768_RUN1/inspection/companion_undefined_functions.txt""]"
EXPIREMENTS/MLK_POLY_SUB/SUB00A_d9613cf60de3/06_REACHABILITY/B6_6_REACHABILITY_MLKEM768_RUN1/inspection/companion_unwindset.txt	EXPIREMENTS/MLK_POLY_SUB/SUB00A_d9613cf60de3/SUB00R_BATCH6_T6_CALLSITE_INTEGRATION/06_REACHABILITY/B6_6_REACHABILITY_MLKEM768_RUN1/inspection/companion_unwindset.txt	experiments/poly-sub/T06-callsite-integration/raw-evidence/SUB00R_BATCH6_T6_CALLSITE_INTEGRATION/06_REACHABILITY/B6_6_REACHABILITY_MLKEM768_RUN1/inspection/companion_unwindset.txt	236	8a015a0c47308175f0e7690993eec5d9e0246f7e330f83b113145bf154fc14b0	"[""t6-authoritative-tree"", ""06_REACHABILITY/B6_6_REACHABILITY_MLKEM768_RUN1/inspection/companion_unwindset.txt""]"
EXPIREMENTS/MLK_POLY_SUB/SUB00A_d9613cf60de3/06_REACHABILITY/B6_6_REACHABILITY_MLKEM768_RUN1/inspection/companion_validate.txt	EXPIREMENTS/MLK_POLY_SUB/SUB00A_d9613cf60de3/SUB00R_BATCH6_T6_CALLSITE_INTEGRATION/06_REACHABILITY/B6_6_REACHABILITY_MLKEM768_RUN1/inspection/companion_validate.txt	experiments/poly-sub/T06-callsite-integration/raw-evidence/SUB00R_BATCH6_T6_CALLSITE_INTEGRATION/06_REACHABILITY/B6_6_REACHABILITY_MLKEM768_RUN1/inspection/companion_validate.txt	216	6fa7285f4e23010808ae7d68fec86e0fc241f59ae89f15d55d275b904b505cb8	"[""t6-authoritative-tree"", ""06_REACHABILITY/B6_6_REACHABILITY_MLKEM768_RUN1/inspection/companion_validate.txt""]"
EXPIREMENTS/MLK_POLY_SUB/SUB00A_d9613cf60de3/06_REACHABILITY/B6_6_REACHABILITY_MLKEM768_RUN1/inspection/original_parser_output.txt	EXPIREMENTS/MLK_POLY_SUB/SUB00A_d9613cf60de3/SUB00R_BATCH6_T6_CALLSITE_INTEGRATION/06_REACHABILITY/B6_6_REACHABILITY_MLKEM768_RUN1/inspection/original_parser_output.txt	experiments/poly-sub/T06-callsite-integration/raw-evidence/SUB00R_BATCH6_T6_CALLSITE_INTEGRATION/06_REACHABILITY/B6_6_REACHABILITY_MLKEM768_RUN1/inspection/original_parser_output.txt	414	c019b39f1e7e0308dbd37871424858574645ec271d7e1920077697605bf4b61d	"[""t6-authoritative-tree"", ""06_REACHABILITY/B6_6_REACHABILITY_MLKEM768_RUN1/inspection/original_parser_output.txt""]"
EXPIREMENTS/MLK_POLY_SUB/SUB00A_d9613cf60de3/06_REACHABILITY/B6_6_REACHABILITY_MLKEM768_RUN1/inspection/original_reachable_call_graph.txt	EXPIREMENTS/MLK_POLY_SUB/SUB00A_d9613cf60de3/SUB00R_BATCH6_T6_CALLSITE_INTEGRATION/06_REACHABILITY/B6_6_REACHABILITY_MLKEM768_RUN1/inspection/original_reachable_call_graph.txt	experiments/poly-sub/T06-callsite-integration/raw-evidence/SUB00R_BATCH6_T6_CALLSITE_INTEGRATION/06_REACHABILITY/B6_6_REACHABILITY_MLKEM768_RUN1/inspection/original_reachable_call_graph.txt	1632	0ffcc7755bc8e025f9b64b8daf67c0c506b9913f85ba2ae5992ced35fa31aa7c	"[""t6-authoritative-tree"", ""06_REACHABILITY/B6_6_REACHABILITY_MLKEM768_RUN1/inspection/original_reachable_call_graph.txt""]"
EXPIREMENTS/MLK_POLY_SUB/SUB00A_d9613cf60de3/06_REACHABILITY/B6_6_REACHABILITY_MLKEM768_RUN1/inspection/original_reachable_functions.txt	EXPIREMENTS/MLK_POLY_SUB/SUB00A_d9613cf60de3/SUB00R_BATCH6_T6_CALLSITE_INTEGRATION/06_REACHABILITY/B6_6_REACHABILITY_MLKEM768_RUN1/inspection/original_reachable_functions.txt	experiments/poly-sub/T06-callsite-integration/raw-evidence/SUB00R_BATCH6_T6_CALLSITE_INTEGRATION/06_REACHABILITY/B6_6_REACHABILITY_MLKEM768_RUN1/inspection/original_reachable_functions.txt	408	2d8496ccdc9c742be84fe44d25d6d06833d46a3dd34828c7b1e7516222580d74	"[""t6-authoritative-tree"", ""06_REACHABILITY/B6_6_REACHABILITY_MLKEM768_RUN1/inspection/original_reachable_functions.txt""]"
EXPIREMENTS/MLK_POLY_SUB/SUB00A_d9613cf60de3/06_REACHABILITY/B6_6_REACHABILITY_MLKEM768_RUN1/inspection/original_reachable_loops.tsv	EXPIREMENTS/MLK_POLY_SUB/SUB00A_d9613cf60de3/SUB00R_BATCH6_T6_CALLSITE_INTEGRATION/06_REACHABILITY/B6_6_REACHABILITY_MLKEM768_RUN1/inspection/original_reachable_loops.tsv	experiments/poly-sub/T06-callsite-integration/raw-evidence/SUB00R_BATCH6_T6_CALLSITE_INTEGRATION/06_REACHABILITY/B6_6_REACHABILITY_MLKEM768_RUN1/inspection/original_reachable_loops.tsv	405	103e7ce55728bee9b46a100c87d8104ada7a0ae7aaadb19296905ef9092bbc9a	"[""t6-authoritative-tree"", ""06_REACHABILITY/B6_6_REACHABILITY_MLKEM768_RUN1/inspection/original_reachable_loops.tsv""]"
EXPIREMENTS/MLK_POLY_SUB/SUB00A_d9613cf60de3/06_REACHABILITY/B6_6_REACHABILITY_MLKEM768_RUN1/inspection/original_show_loops.txt	EXPIREMENTS/MLK_POLY_SUB/SUB00A_d9613cf60de3/SUB00R_BATCH6_T6_CALLSITE_INTEGRATION/06_REACHABILITY/B6_6_REACHABILITY_MLKEM768_RUN1/inspection/original_show_loops.txt	experiments/poly-sub/T06-callsite-integration/raw-evidence/SUB00R_BATCH6_T6_CALLSITE_INTEGRATION/06_REACHABILITY/B6_6_REACHABILITY_MLKEM768_RUN1/inspection/original_show_loops.txt	4999	e3e2f1cb7fb1757baaea07893fd68ed2b42cd003165cc87a89d61c6cde0dbb40	"[""t6-authoritative-tree"", ""06_REACHABILITY/B6_6_REACHABILITY_MLKEM768_RUN1/inspection/original_show_loops.txt""]"
EXPIREMENTS/MLK_POLY_SUB/SUB00A_d9613cf60de3/06_REACHABILITY/B6_6_REACHABILITY_MLKEM768_RUN1/inspection/original_undefined_functions.txt	EXPIREMENTS/MLK_POLY_SUB/SUB00A_d9613cf60de3/SUB00R_BATCH6_T6_CALLSITE_INTEGRATION/06_REACHABILITY/B6_6_REACHABILITY_MLKEM768_RUN1/inspection/original_undefined_functions.txt	experiments/poly-sub/T06-callsite-integration/raw-evidence/SUB00R_BATCH6_T6_CALLSITE_INTEGRATION/06_REACHABILITY/B6_6_REACHABILITY_MLKEM768_RUN1/inspection/original_undefined_functions.txt	445	14bba0e2c5b56b86da79b1a8097cf8067211af7c688987c18579374ea4f58f27	"[""t6-authoritative-tree"", ""06_REACHABILITY/B6_6_REACHABILITY_MLKEM768_RUN1/inspection/original_undefined_functions.txt""]"
EXPIREMENTS/MLK_POLY_SUB/SUB00A_d9613cf60de3/06_REACHABILITY/B6_6_REACHABILITY_MLKEM768_RUN1/inspection/original_unwindset.txt	EXPIREMENTS/MLK_POLY_SUB/SUB00A_d9613cf60de3/SUB00R_BATCH6_T6_CALLSITE_INTEGRATION/06_REACHABILITY/B6_6_REACHABILITY_MLKEM768_RUN1/inspection/original_unwindset.txt	experiments/poly-sub/T06-callsite-integration/raw-evidence/SUB00R_BATCH6_T6_CALLSITE_INTEGRATION/06_REACHABILITY/B6_6_REACHABILITY_MLKEM768_RUN1/inspection/original_unwindset.txt	236	8a015a0c47308175f0e7690993eec5d9e0246f7e330f83b113145bf154fc14b0	"[""t6-authoritative-tree"", ""06_REACHABILITY/B6_6_REACHABILITY_MLKEM768_RUN1/inspection/original_unwindset.txt""]"
EXPIREMENTS/MLK_POLY_SUB/SUB00A_d9613cf60de3/06_REACHABILITY/B6_6_REACHABILITY_MLKEM768_RUN1/inspection/original_validate.txt	EXPIREMENTS/MLK_POLY_SUB/SUB00A_d9613cf60de3/SUB00R_BATCH6_T6_CALLSITE_INTEGRATION/06_REACHABILITY/B6_6_REACHABILITY_MLKEM768_RUN1/inspection/original_validate.txt	experiments/poly-sub/T06-callsite-integration/raw-evidence/SUB00R_BATCH6_T6_CALLSITE_INTEGRATION/06_REACHABILITY/B6_6_REACHABILITY_MLKEM768_RUN1/inspection/original_validate.txt	215	fb300c42cfe3cde508155ee12f1bfde5b6d443addd675cdc6c0602ffd0e5cd2d	"[""t6-authoritative-tree"", ""06_REACHABILITY/B6_6_REACHABILITY_MLKEM768_RUN1/inspection/original_validate.txt""]"
EXPIREMENTS/MLK_POLY_SUB/SUB00A_d9613cf60de3/06_REACHABILITY/B6_6_REACHABILITY_MLKEM768_RUN1/inspection/unwindset_comparison.txt	EXPIREMENTS/MLK_POLY_SUB/SUB00A_d9613cf60de3/SUB00R_BATCH6_T6_CALLSITE_INTEGRATION/06_REACHABILITY/B6_6_REACHABILITY_MLKEM768_RUN1/inspection/unwindset_comparison.txt	experiments/poly-sub/T06-callsite-integration/raw-evidence/SUB00R_BATCH6_T6_CALLSITE_INTEGRATION/06_REACHABILITY/B6_6_REACHABILITY_MLKEM768_RUN1/inspection/unwindset_comparison.txt	0	e3b0c44298fc1c149afbf4c8996fb92427ae41e4649b934ca495991b7852b855	"[""t6-authoritative-tree"", ""06_REACHABILITY/B6_6_REACHABILITY_MLKEM768_RUN1/inspection/unwindset_comparison.txt""]"
EXPIREMENTS/MLK_POLY_SUB/SUB00A_d9613cf60de3/06_REACHABILITY/B6_6_REACHABILITY_MLKEM768_RUN1/logs/reachability_companion_build_stderr.txt	EXPIREMENTS/MLK_POLY_SUB/SUB00A_d9613cf60de3/SUB00R_BATCH6_T6_CALLSITE_INTEGRATION/06_REACHABILITY/B6_6_REACHABILITY_MLKEM768_RUN1/logs/reachability_companion_build_stderr.txt	experiments/poly-sub/T06-callsite-integration/raw-evidence/SUB00R_BATCH6_T6_CALLSITE_INTEGRATION/06_REACHABILITY/B6_6_REACHABILITY_MLKEM768_RUN1/logs/reachability_companion_build_stderr.txt	0	e3b0c44298fc1c149afbf4c8996fb92427ae41e4649b934ca495991b7852b855	"[""t6-authoritative-tree"", ""06_REACHABILITY/B6_6_REACHABILITY_MLKEM768_RUN1/logs/reachability_companion_build_stderr.txt""]"
EXPIREMENTS/MLK_POLY_SUB/SUB00A_d9613cf60de3/06_REACHABILITY/B6_6_REACHABILITY_MLKEM768_RUN1/logs/reachability_companion_build_stdout.txt	EXPIREMENTS/MLK_POLY_SUB/SUB00A_d9613cf60de3/SUB00R_BATCH6_T6_CALLSITE_INTEGRATION/06_REACHABILITY/B6_6_REACHABILITY_MLKEM768_RUN1/logs/reachability_companion_build_stdout.txt	experiments/poly-sub/T06-callsite-integration/raw-evidence/SUB00R_BATCH6_T6_CALLSITE_INTEGRATION/06_REACHABILITY/B6_6_REACHABILITY_MLKEM768_RUN1/logs/reachability_companion_build_stdout.txt	0	e3b0c44298fc1c149afbf4c8996fb92427ae41e4649b934ca495991b7852b855	"[""t6-authoritative-tree"", ""06_REACHABILITY/B6_6_REACHABILITY_MLKEM768_RUN1/logs/reachability_companion_build_stdout.txt""]"
EXPIREMENTS/MLK_POLY_SUB/SUB00A_d9613cf60de3/06_REACHABILITY/B6_6_REACHABILITY_MLKEM768_RUN1/logs/reachability_companion_stderr.txt	EXPIREMENTS/MLK_POLY_SUB/SUB00A_d9613cf60de3/SUB00R_BATCH6_T6_CALLSITE_INTEGRATION/06_REACHABILITY/B6_6_REACHABILITY_MLKEM768_RUN1/logs/reachability_companion_stderr.txt	experiments/poly-sub/T06-callsite-integration/raw-evidence/SUB00R_BATCH6_T6_CALLSITE_INTEGRATION/06_REACHABILITY/B6_6_REACHABILITY_MLKEM768_RUN1/logs/reachability_companion_stderr.txt	0	e3b0c44298fc1c149afbf4c8996fb92427ae41e4649b934ca495991b7852b855	"[""t6-authoritative-tree"", ""06_REACHABILITY/B6_6_REACHABILITY_MLKEM768_RUN1/logs/reachability_companion_stderr.txt""]"
EXPIREMENTS/MLK_POLY_SUB/SUB00A_d9613cf60de3/06_REACHABILITY/B6_6_REACHABILITY_MLKEM768_RUN1/logs/reachability_coverage_stderr.txt	EXPIREMENTS/MLK_POLY_SUB/SUB00A_d9613cf60de3/SUB00R_BATCH6_T6_CALLSITE_INTEGRATION/06_REACHABILITY/B6_6_REACHABILITY_MLKEM768_RUN1/logs/reachability_coverage_stderr.txt	experiments/poly-sub/T06-callsite-integration/raw-evidence/SUB00R_BATCH6_T6_CALLSITE_INTEGRATION/06_REACHABILITY/B6_6_REACHABILITY_MLKEM768_RUN1/logs/reachability_coverage_stderr.txt	182	66a70e890cc0d750d327c1f8604970007efffcabee3fedcaf6931edfabfb7230	"[""t6-authoritative-tree"", ""06_REACHABILITY/B6_6_REACHABILITY_MLKEM768_RUN1/logs/reachability_coverage_stderr.txt""]"
EXPIREMENTS/MLK_POLY_SUB/SUB00A_d9613cf60de3/06_REACHABILITY/B6_6_REACHABILITY_MLKEM768_RUN1/logs/reachability_original_build_stderr.txt	EXPIREMENTS/MLK_POLY_SUB/SUB00A_d9613cf60de3/SUB00R_BATCH6_T6_CALLSITE_INTEGRATION/06_REACHABILITY/B6_6_REACHABILITY_MLKEM768_RUN1/logs/reachability_original_build_stderr.txt	experiments/poly-sub/T06-callsite-integration/raw-evidence/SUB00R_BATCH6_T6_CALLSITE_INTEGRATION/06_REACHABILITY/B6_6_REACHABILITY_MLKEM768_RUN1/logs/reachability_original_build_stderr.txt	0	e3b0c44298fc1c149afbf4c8996fb92427ae41e4649b934ca495991b7852b855	"[""t6-authoritative-tree"", ""06_REACHABILITY/B6_6_REACHABILITY_MLKEM768_RUN1/logs/reachability_original_build_stderr.txt""]"
EXPIREMENTS/MLK_POLY_SUB/SUB00A_d9613cf60de3/06_REACHABILITY/B6_6_REACHABILITY_MLKEM768_RUN1/logs/reachability_original_build_stdout.txt	EXPIREMENTS/MLK_POLY_SUB/SUB00A_d9613cf60de3/SUB00R_BATCH6_T6_CALLSITE_INTEGRATION/06_REACHABILITY/B6_6_REACHABILITY_MLKEM768_RUN1/logs/reachability_original_build_stdout.txt	experiments/poly-sub/T06-callsite-integration/raw-evidence/SUB00R_BATCH6_T6_CALLSITE_INTEGRATION/06_REACHABILITY/B6_6_REACHABILITY_MLKEM768_RUN1/logs/reachability_original_build_stdout.txt	0	e3b0c44298fc1c149afbf4c8996fb92427ae41e4649b934ca495991b7852b855	"[""t6-authoritative-tree"", ""06_REACHABILITY/B6_6_REACHABILITY_MLKEM768_RUN1/logs/reachability_original_build_stdout.txt""]"
EXPIREMENTS/MLK_POLY_SUB/SUB00A_d9613cf60de3/06_REACHABILITY/B6_6_REACHABILITY_MLKEM768_RUN1/resource_usage/reachability_companion_resource.txt	EXPIREMENTS/MLK_POLY_SUB/SUB00A_d9613cf60de3/SUB00R_BATCH6_T6_CALLSITE_INTEGRATION/06_REACHABILITY/B6_6_REACHABILITY_MLKEM768_RUN1/resource_usage/reachability_companion_resource.txt	experiments/poly-sub/T06-callsite-integration/raw-evidence/SUB00R_BATCH6_T6_CALLSITE_INTEGRATION/06_REACHABILITY/B6_6_REACHABILITY_MLKEM768_RUN1/resource_usage/reachability_companion_resource.txt	1518	2975e653bb219aac38d0341bb694eb796e3350dd34f902890e9ccab7ee31bdd7	"[""t6-authoritative-tree"", ""06_REACHABILITY/B6_6_REACHABILITY_MLKEM768_RUN1/resource_usage/reachability_companion_resource.txt""]"
EXPIREMENTS/MLK_POLY_SUB/SUB00A_d9613cf60de3/06_REACHABILITY/B6_6_REACHABILITY_MLKEM768_RUN1/resource_usage/reachability_coverage_resource.txt	EXPIREMENTS/MLK_POLY_SUB/SUB00A_d9613cf60de3/SUB00R_BATCH6_T6_CALLSITE_INTEGRATION/06_REACHABILITY/B6_6_REACHABILITY_MLKEM768_RUN1/resource_usage/reachability_coverage_resource.txt	experiments/poly-sub/T06-callsite-integration/raw-evidence/SUB00R_BATCH6_T6_CALLSITE_INTEGRATION/06_REACHABILITY/B6_6_REACHABILITY_MLKEM768_RUN1/resource_usage/reachability_coverage_resource.txt	1484	0eea3b0cd3f6cf68719af1dd2d7d4be0cc327c9d5850578c9988509101fe2d30	"[""t6-authoritative-tree"", ""06_REACHABILITY/B6_6_REACHABILITY_MLKEM768_RUN1/resource_usage/reachability_coverage_resource.txt""]"
EXPIREMENTS/MLK_POLY_SUB/SUB00A_d9613cf60de3/06_REACHABILITY/B6_6_REACHABILITY_MLKEM768_RUN1/support/audit_positive_json.py	EXPIREMENTS/MLK_POLY_SUB/SUB00A_d9613cf60de3/SUB00R_BATCH6_T6_CALLSITE_INTEGRATION/06_REACHABILITY/B6_6_REACHABILITY_MLKEM768_RUN1/support/audit_positive_json.py	experiments/poly-sub/T06-callsite-integration/raw-evidence/SUB00R_BATCH6_T6_CALLSITE_INTEGRATION/06_REACHABILITY/B6_6_REACHABILITY_MLKEM768_RUN1/support/audit_positive_json.py	1568	16fc55700cd90c9ed271c2daf516282001083f67ee004ef32df9b300cfa16bd3	"[""t6-authoritative-tree"", ""06_REACHABILITY/B6_6_REACHABILITY_MLKEM768_RUN1/support/audit_positive_json.py""]"
EXPIREMENTS/MLK_POLY_SUB/SUB00A_d9613cf60de3/06_REACHABILITY/B6_6_REACHABILITY_MLKEM768_RUN1/support/derive_reachable_unwindset.py	EXPIREMENTS/MLK_POLY_SUB/SUB00A_d9613cf60de3/SUB00R_BATCH6_T6_CALLSITE_INTEGRATION/06_REACHABILITY/B6_6_REACHABILITY_MLKEM768_RUN1/support/derive_reachable_unwindset.py	experiments/poly-sub/T06-callsite-integration/raw-evidence/SUB00R_BATCH6_T6_CALLSITE_INTEGRATION/06_REACHABILITY/B6_6_REACHABILITY_MLKEM768_RUN1/support/derive_reachable_unwindset.py	3817	8ea33fcb5d99db403f757a322365846ff20e0fe57244b60677c392005d3b8c8f	"[""t6-authoritative-tree"", ""06_REACHABILITY/B6_6_REACHABILITY_MLKEM768_RUN1/support/derive_reachable_unwindset.py""]"
EXPIREMENTS/MLK_POLY_SUB/SUB00A_d9613cf60de3/07_EXPECTED_FAILURES/B6_7_EXPECTED_FAILURES_MLKEM768_RUN1/SUB_T6_B6_7_ARTIFACT_MANIFEST.sha256	EXPIREMENTS/MLK_POLY_SUB/SUB00A_d9613cf60de3/SUB00R_BATCH6_T6_CALLSITE_INTEGRATION/07_EXPECTED_FAILURES/B6_7_EXPECTED_FAILURES_MLKEM768_RUN1/SUB_T6_B6_7_ARTIFACT_MANIFEST.sha256	experiments/poly-sub/T06-callsite-integration/raw-evidence/SUB00R_BATCH6_T6_CALLSITE_INTEGRATION/07_EXPECTED_FAILURES/B6_7_EXPECTED_FAILURES_MLKEM768_RUN1/SUB_T6_B6_7_ARTIFACT_MANIFEST.sha256	13319	81ab55fc5dcef848c97284fd4ce90d93fbae9c3040977e7bcbe28f02554796b4	"[""t6-authoritative-tree"", ""07_EXPECTED_FAILURES/B6_7_EXPECTED_FAILURES_MLKEM768_RUN1/SUB_T6_B6_7_ARTIFACT_MANIFEST.sha256""]"
EXPIREMENTS/MLK_POLY_SUB/SUB00A_d9613cf60de3/07_EXPECTED_FAILURES/B6_7_EXPECTED_FAILURES_MLKEM768_RUN1/SUB_T6_B6_7_EXPECTED_FAILURE_SUMMARY.txt	EXPIREMENTS/MLK_POLY_SUB/SUB00A_d9613cf60de3/SUB00R_BATCH6_T6_CALLSITE_INTEGRATION/07_EXPECTED_FAILURES/B6_7_EXPECTED_FAILURES_MLKEM768_RUN1/SUB_T6_B6_7_EXPECTED_FAILURE_SUMMARY.txt	experiments/poly-sub/T06-callsite-integration/raw-evidence/SUB00R_BATCH6_T6_CALLSITE_INTEGRATION/07_EXPECTED_FAILURES/B6_7_EXPECTED_FAILURES_MLKEM768_RUN1/SUB_T6_B6_7_EXPECTED_FAILURE_SUMMARY.txt	1056	26afa8e5f665b09d75e44403da54ebd335baebe2d31082a9140e9b142959cc01	"[""t6-authoritative-tree"", ""07_EXPECTED_FAILURES/B6_7_EXPECTED_FAILURES_MLKEM768_RUN1/SUB_T6_B6_7_EXPECTED_FAILURE_SUMMARY.txt""]"
EXPIREMENTS/MLK_POLY_SUB/SUB00A_d9613cf60de3/07_EXPECTED_FAILURES/B6_7_EXPECTED_FAILURES_MLKEM768_RUN1/build/ef_false_canonicalisation_failure.goto	EXPIREMENTS/MLK_POLY_SUB/SUB00A_d9613cf60de3/SUB00R_BATCH6_T6_CALLSITE_INTEGRATION/07_EXPECTED_FAILURES/B6_7_EXPECTED_FAILURES_MLKEM768_RUN1/build/ef_false_canonicalisation_failure.goto	experiments/poly-sub/T06-callsite-integration/raw-evidence/SUB00R_BATCH6_T6_CALLSITE_INTEGRATION/07_EXPECTED_FAILURES/B6_7_EXPECTED_FAILURES_MLKEM768_RUN1/build/ef_false_canonicalisation_failure.goto	54132	4cbff0fd4e065c549c16daf9c0d6ff9c9fb21d6ea53be48bc4295a1c63140e5a	"[""t6-authoritative-tree"", ""07_EXPECTED_FAILURES/B6_7_EXPECTED_FAILURES_MLKEM768_RUN1/build/ef_false_canonicalisation_failure.goto""]"
EXPIREMENTS/MLK_POLY_SUB/SUB00A_d9613cf60de3/07_EXPECTED_FAILURES/B6_7_EXPECTED_FAILURES_MLKEM768_RUN1/build/ef_false_canonicalisation_failure.goto.sha256	EXPIREMENTS/MLK_POLY_SUB/SUB00A_d9613cf60de3/SUB00R_BATCH6_T6_CALLSITE_INTEGRATION/07_EXPECTED_FAILURES/B6_7_EXPECTED_FAILURES_MLKEM768_RUN1/build/ef_false_canonicalisation_failure.goto.sha256	experiments/poly-sub/T06-callsite-integration/raw-evidence/SUB00R_BATCH6_T6_CALLSITE_INTEGRATION/07_EXPECTED_FAILURES/B6_7_EXPECTED_FAILURES_MLKEM768_RUN1/build/ef_false_canonicalisation_failure.goto.sha256	275	d1a1c641bff7733ffc0a74416819e0195356b1b93f3d989870878b05e549dd85	"[""t6-authoritative-tree"", ""07_EXPECTED_FAILURES/B6_7_EXPECTED_FAILURES_MLKEM768_RUN1/build/ef_false_canonicalisation_failure.goto.sha256""]"
EXPIREMENTS/MLK_POLY_SUB/SUB00A_d9613cf60de3/07_EXPECTED_FAILURES/B6_7_EXPECTED_FAILURES_MLKEM768_RUN1/build/ef_false_overflow.goto	EXPIREMENTS/MLK_POLY_SUB/SUB00A_d9613cf60de3/SUB00R_BATCH6_T6_CALLSITE_INTEGRATION/07_EXPECTED_FAILURES/B6_7_EXPECTED_FAILURES_MLKEM768_RUN1/build/ef_false_overflow.goto	experiments/poly-sub/T06-callsite-integration/raw-evidence/SUB00R_BATCH6_T6_CALLSITE_INTEGRATION/07_EXPECTED_FAILURES/B6_7_EXPECTED_FAILURES_MLKEM768_RUN1/build/ef_false_overflow.goto	55203	f880d3ed2c7421cc5ff11b8a8cb1bbe36599d86c47e414983dd1301cfae88cec	"[""t6-authoritative-tree"", ""07_EXPECTED_FAILURES/B6_7_EXPECTED_FAILURES_MLKEM768_RUN1/build/ef_false_overflow.goto""]"
EXPIREMENTS/MLK_POLY_SUB/SUB00A_d9613cf60de3/07_EXPECTED_FAILURES/B6_7_EXPECTED_FAILURES_MLKEM768_RUN1/build/ef_false_overflow.goto.sha256	EXPIREMENTS/MLK_POLY_SUB/SUB00A_d9613cf60de3/SUB00R_BATCH6_T6_CALLSITE_INTEGRATION/07_EXPECTED_FAILURES/B6_7_EXPECTED_FAILURES_MLKEM768_RUN1/build/ef_false_overflow.goto.sha256	experiments/poly-sub/T06-callsite-integration/raw-evidence/SUB00R_BATCH6_T6_CALLSITE_INTEGRATION/07_EXPECTED_FAILURES/B6_7_EXPECTED_FAILURES_MLKEM768_RUN1/build/ef_false_overflow.goto.sha256	259	0ba35c76516bf31641e820c43b8bace694f4597674b46e8008e9ab4d97ceb56c	"[""t6-authoritative-tree"", ""07_EXPECTED_FAILURES/B6_7_EXPECTED_FAILURES_MLKEM768_RUN1/build/ef_false_overflow.goto.sha256""]"
EXPIREMENTS/MLK_POLY_SUB/SUB00A_d9613cf60de3/07_EXPECTED_FAILURES/B6_7_EXPECTED_FAILURES_MLKEM768_RUN1/build/ef_false_tomsg_incompatibility.goto	EXPIREMENTS/MLK_POLY_SUB/SUB00A_d9613cf60de3/SUB00R_BATCH6_T6_CALLSITE_INTEGRATION/07_EXPECTED_FAILURES/B6_7_EXPECTED_FAILURES_MLKEM768_RUN1/build/ef_false_tomsg_incompatibility.goto	experiments/poly-sub/T06-callsite-integration/raw-evidence/SUB00R_BATCH6_T6_CALLSITE_INTEGRATION/07_EXPECTED_FAILURES/B6_7_EXPECTED_FAILURES_MLKEM768_RUN1/build/ef_false_tomsg_incompatibility.goto	92000	e00be75bb247a91566c0a14caf9de7033f0ed227f94bbb1c47fe57bf4326bac8	"[""t6-authoritative-tree"", ""07_EXPECTED_FAILURES/B6_7_EXPECTED_FAILURES_MLKEM768_RUN1/build/ef_false_tomsg_incompatibility.goto""]"
EXPIREMENTS/MLK_POLY_SUB/SUB00A_d9613cf60de3/07_EXPECTED_FAILURES/B6_7_EXPECTED_FAILURES_MLKEM768_RUN1/build/ef_false_tomsg_incompatibility.goto.sha256	EXPIREMENTS/MLK_POLY_SUB/SUB00A_d9613cf60de3/SUB00R_BATCH6_T6_CALLSITE_INTEGRATION/07_EXPECTED_FAILURES/B6_7_EXPECTED_FAILURES_MLKEM768_RUN1/build/ef_false_tomsg_incompatibility.goto.sha256	experiments/poly-sub/T06-callsite-integration/raw-evidence/SUB00R_BATCH6_T6_CALLSITE_INTEGRATION/07_EXPECTED_FAILURES/B6_7_EXPECTED_FAILURES_MLKEM768_RUN1/build/ef_false_tomsg_incompatibility.goto.sha256	272	0b370798b92f40493c04342b67557d30fa520894b21cb5fa3aa1783b378a9df0	"[""t6-authoritative-tree"", ""07_EXPECTED_FAILURES/B6_7_EXPECTED_FAILURES_MLKEM768_RUN1/build/ef_false_tomsg_incompatibility.goto.sha256""]"
EXPIREMENTS/MLK_POLY_SUB/SUB00A_d9613cf60de3/07_EXPECTED_FAILURES/B6_7_EXPECTED_FAILURES_MLKEM768_RUN1/commands/ef_false_canonicalisation_failure_full_command.txt	EXPIREMENTS/MLK_POLY_SUB/SUB00A_d9613cf60de3/SUB00R_BATCH6_T6_CALLSITE_INTEGRATION/07_EXPECTED_FAILURES/B6_7_EXPECTED_FAILURES_MLKEM768_RUN1/commands/ef_false_canonicalisation_failure_full_command.txt	experiments/poly-sub/T06-callsite-integration/raw-evidence/SUB00R_BATCH6_T6_CALLSITE_INTEGRATION/07_EXPECTED_FAILURES/B6_7_EXPECTED_FAILURES_MLKEM768_RUN1/commands/ef_false_canonicalisation_failure_full_command.txt	773	8a57e34c920f45601aa14ccc530f114792d79773a798061056b1cc7d5f79b6e8	"[""t6-authoritative-tree"", ""07_EXPECTED_FAILURES/B6_7_EXPECTED_FAILURES_MLKEM768_RUN1/commands/ef_false_canonicalisation_failure_full_command.txt""]"
EXPIREMENTS/MLK_POLY_SUB/SUB00A_d9613cf60de3/07_EXPECTED_FAILURES/B6_7_EXPECTED_FAILURES_MLKEM768_RUN1/commands/ef_false_canonicalisation_failure_goto_build_command.txt	EXPIREMENTS/MLK_POLY_SUB/SUB00A_d9613cf60de3/SUB00R_BATCH6_T6_CALLSITE_INTEGRATION/07_EXPECTED_FAILURES/B6_7_EXPECTED_FAILURES_MLKEM768_RUN1/commands/ef_false_canonicalisation_failure_goto_build_command.txt	experiments/poly-sub/T06-callsite-integration/raw-evidence/SUB00R_BATCH6_T6_CALLSITE_INTEGRATION/07_EXPECTED_FAILURES/B6_7_EXPECTED_FAILURES_MLKEM768_RUN1/commands/ef_false_canonicalisation_failure_goto_build_command.txt	1796	72dab293a5d676a1c4bb1a3fe6c720b29c2eab8490415e7616f4b2168e0b76a8	"[""t6-authoritative-tree"", ""07_EXPECTED_FAILURES/B6_7_EXPECTED_FAILURES_MLKEM768_RUN1/commands/ef_false_canonicalisation_failure_goto_build_command.txt""]"
EXPIREMENTS/MLK_POLY_SUB/SUB00A_d9613cf60de3/07_EXPECTED_FAILURES/B6_7_EXPECTED_FAILURES_MLKEM768_RUN1/commands/ef_false_canonicalisation_failure_show_properties_command.txt	EXPIREMENTS/MLK_POLY_SUB/SUB00A_d9613cf60de3/SUB00R_BATCH6_T6_CALLSITE_INTEGRATION/07_EXPECTED_FAILURES/B6_7_EXPECTED_FAILURES_MLKEM768_RUN1/commands/ef_false_canonicalisation_failure_show_properties_command.txt	experiments/poly-sub/T06-callsite-integration/raw-evidence/SUB00R_BATCH6_T6_CALLSITE_INTEGRATION/07_EXPECTED_FAILURES/B6_7_EXPECTED_FAILURES_MLKEM768_RUN1/commands/ef_false_canonicalisation_failure_show_properties_command.txt	735	da6963904185712d5754d8739a65f15176cf096a2b93310df625a88d3c1e593d	"[""t6-authoritative-tree"", ""07_EXPECTED_FAILURES/B6_7_EXPECTED_FAILURES_MLKEM768_RUN1/commands/ef_false_canonicalisation_failure_show_properties_command.txt""]"
EXPIREMENTS/MLK_POLY_SUB/SUB00A_d9613cf60de3/07_EXPECTED_FAILURES/B6_7_EXPECTED_FAILURES_MLKEM768_RUN1/commands/ef_false_canonicalisation_failure_witness_command.txt	EXPIREMENTS/MLK_POLY_SUB/SUB00A_d9613cf60de3/SUB00R_BATCH6_T6_CALLSITE_INTEGRATION/07_EXPECTED_FAILURES/B6_7_EXPECTED_FAILURES_MLKEM768_RUN1/commands/ef_false_canonicalisation_failure_witness_command.txt	experiments/poly-sub/T06-callsite-integration/raw-evidence/SUB00R_BATCH6_T6_CALLSITE_INTEGRATION/07_EXPECTED_FAILURES/B6_7_EXPECTED_FAILURES_MLKEM768_RUN1/commands/ef_false_canonicalisation_failure_witness_command.txt	791	be2d5d8012e4a99c9e862f72952740cfbabb07c06aef6d3a2fa138a200002d5d	"[""t6-authoritative-tree"", ""07_EXPECTED_FAILURES/B6_7_EXPECTED_FAILURES_MLKEM768_RUN1/commands/ef_false_canonicalisation_failure_witness_command.txt""]"
EXPIREMENTS/MLK_POLY_SUB/SUB00A_d9613cf60de3/07_EXPECTED_FAILURES/B6_7_EXPECTED_FAILURES_MLKEM768_RUN1/commands/ef_false_overflow_full_command.txt	EXPIREMENTS/MLK_POLY_SUB/SUB00A_d9613cf60de3/SUB00R_BATCH6_T6_CALLSITE_INTEGRATION/07_EXPECTED_FAILURES/B6_7_EXPECTED_FAILURES_MLKEM768_RUN1/commands/ef_false_overflow_full_command.txt	experiments/poly-sub/T06-callsite-integration/raw-evidence/SUB00R_BATCH6_T6_CALLSITE_INTEGRATION/07_EXPECTED_FAILURES/B6_7_EXPECTED_FAILURES_MLKEM768_RUN1/commands/ef_false_overflow_full_command.txt	615	f2b2557b90586f83d1e24708d8522c16988b03064e2f6996b5733bb9221b81ed	"[""t6-authoritative-tree"", ""07_EXPECTED_FAILURES/B6_7_EXPECTED_FAILURES_MLKEM768_RUN1/commands/ef_false_overflow_full_command.txt""]"
EXPIREMENTS/MLK_POLY_SUB/SUB00A_d9613cf60de3/07_EXPECTED_FAILURES/B6_7_EXPECTED_FAILURES_MLKEM768_RUN1/commands/ef_false_overflow_goto_build_command.txt	EXPIREMENTS/MLK_POLY_SUB/SUB00A_d9613cf60de3/SUB00R_BATCH6_T6_CALLSITE_INTEGRATION/07_EXPECTED_FAILURES/B6_7_EXPECTED_FAILURES_MLKEM768_RUN1/commands/ef_false_overflow_goto_build_command.txt	experiments/poly-sub/T06-callsite-integration/raw-evidence/SUB00R_BATCH6_T6_CALLSITE_INTEGRATION/07_EXPECTED_FAILURES/B6_7_EXPECTED_FAILURES_MLKEM768_RUN1/commands/ef_false_overflow_goto_build_command.txt	1764	113ed3b762913afbb6687f329fba6384be175c569a7649cce294d07dcb56c246	"[""t6-authoritative-tree"", ""07_EXPECTED_FAILURES/B6_7_EXPECTED_FAILURES_MLKEM768_RUN1/commands/ef_false_overflow_goto_build_command.txt""]"
EXPIREMENTS/MLK_POLY_SUB/SUB00A_d9613cf60de3/07_EXPECTED_FAILURES/B6_7_EXPECTED_FAILURES_MLKEM768_RUN1/commands/ef_false_overflow_show_properties_command.txt	EXPIREMENTS/MLK_POLY_SUB/SUB00A_d9613cf60de3/SUB00R_BATCH6_T6_CALLSITE_INTEGRATION/07_EXPECTED_FAILURES/B6_7_EXPECTED_FAILURES_MLKEM768_RUN1/commands/ef_false_overflow_show_properties_command.txt	experiments/poly-sub/T06-callsite-integration/raw-evidence/SUB00R_BATCH6_T6_CALLSITE_INTEGRATION/07_EXPECTED_FAILURES/B6_7_EXPECTED_FAILURES_MLKEM768_RUN1/commands/ef_false_overflow_show_properties_command.txt	577	21876fb9116e098b5c2e754adc67e5ac7fff0dde86df6a7e6adfdb7123aede87	"[""t6-authoritative-tree"", ""07_EXPECTED_FAILURES/B6_7_EXPECTED_FAILURES_MLKEM768_RUN1/commands/ef_false_overflow_show_properties_command.txt""]"
EXPIREMENTS/MLK_POLY_SUB/SUB00A_d9613cf60de3/07_EXPECTED_FAILURES/B6_7_EXPECTED_FAILURES_MLKEM768_RUN1/commands/ef_false_overflow_witness_command.txt	EXPIREMENTS/MLK_POLY_SUB/SUB00A_d9613cf60de3/SUB00R_BATCH6_T6_CALLSITE_INTEGRATION/07_EXPECTED_FAILURES/B6_7_EXPECTED_FAILURES_MLKEM768_RUN1/commands/ef_false_overflow_witness_command.txt	experiments/poly-sub/T06-callsite-integration/raw-evidence/SUB00R_BATCH6_T6_CALLSITE_INTEGRATION/07_EXPECTED_FAILURES/B6_7_EXPECTED_FAILURES_MLKEM768_RUN1/commands/ef_false_overflow_witness_command.txt	633	3f719b56a36f6cee4c22db18a2de3b282d14f62200f308e6b9d805fcdd59e8d3	"[""t6-authoritative-tree"", ""07_EXPECTED_FAILURES/B6_7_EXPECTED_FAILURES_MLKEM768_RUN1/commands/ef_false_overflow_witness_command.txt""]"
EXPIREMENTS/MLK_POLY_SUB/SUB00A_d9613cf60de3/07_EXPECTED_FAILURES/B6_7_EXPECTED_FAILURES_MLKEM768_RUN1/commands/ef_false_tomsg_incompatibility_full_command.txt	EXPIREMENTS/MLK_POLY_SUB/SUB00A_d9613cf60de3/SUB00R_BATCH6_T6_CALLSITE_INTEGRATION/07_EXPECTED_FAILURES/B6_7_EXPECTED_FAILURES_MLKEM768_RUN1/commands/ef_false_tomsg_incompatibility_full_command.txt	experiments/poly-sub/T06-callsite-integration/raw-evidence/SUB00R_BATCH6_T6_CALLSITE_INTEGRATION/07_EXPECTED_FAILURES/B6_7_EXPECTED_FAILURES_MLKEM768_RUN1/commands/ef_false_tomsg_incompatibility_full_command.txt	878	7299b619d48b88a162d65d220580865c0b8eb214cd9c4d9518b3be26e53ea30a	"[""t6-authoritative-tree"", ""07_EXPECTED_FAILURES/B6_7_EXPECTED_FAILURES_MLKEM768_RUN1/commands/ef_false_tomsg_incompatibility_full_command.txt""]"
EXPIREMENTS/MLK_POLY_SUB/SUB00A_d9613cf60de3/07_EXPECTED_FAILURES/B6_7_EXPECTED_FAILURES_MLKEM768_RUN1/commands/ef_false_tomsg_incompatibility_goto_build_command.txt	EXPIREMENTS/MLK_POLY_SUB/SUB00A_d9613cf60de3/SUB00R_BATCH6_T6_CALLSITE_INTEGRATION/07_EXPECTED_FAILURES/B6_7_EXPECTED_FAILURES_MLKEM768_RUN1/commands/ef_false_tomsg_incompatibility_goto_build_command.txt	experiments/poly-sub/T06-callsite-integration/raw-evidence/SUB00R_BATCH6_T6_CALLSITE_INTEGRATION/07_EXPECTED_FAILURES/B6_7_EXPECTED_FAILURES_MLKEM768_RUN1/commands/ef_false_tomsg_incompatibility_goto_build_command.txt	2123	1580f0e204423ea6e078f0ee8c1730084ebc21245ad25fe761df3fdf13491803	"[""t6-authoritative-tree"", ""07_EXPECTED_FAILURES/B6_7_EXPECTED_FAILURES_MLKEM768_RUN1/commands/ef_false_tomsg_incompatibility_goto_build_command.txt""]"
EXPIREMENTS/MLK_POLY_SUB/SUB00A_d9613cf60de3/07_EXPECTED_FAILURES/B6_7_EXPECTED_FAILURES_MLKEM768_RUN1/commands/ef_false_tomsg_incompatibility_show_properties_command.txt	EXPIREMENTS/MLK_POLY_SUB/SUB00A_d9613cf60de3/SUB00R_BATCH6_T6_CALLSITE_INTEGRATION/07_EXPECTED_FAILURES/B6_7_EXPECTED_FAILURES_MLKEM768_RUN1/commands/ef_false_tomsg_incompatibility_show_properties_command.txt	experiments/poly-sub/T06-callsite-integration/raw-evidence/SUB00R_BATCH6_T6_CALLSITE_INTEGRATION/07_EXPECTED_FAILURES/B6_7_EXPECTED_FAILURES_MLKEM768_RUN1/commands/ef_false_tomsg_incompatibility_show_properties_command.txt	840	f0f8e00ad76a8b2c42d4cc80a0571b3f0b2a2d08167635d42dd60db0107349d7	"[""t6-authoritative-tree"", ""07_EXPECTED_FAILURES/B6_7_EXPECTED_FAILURES_MLKEM768_RUN1/commands/ef_false_tomsg_incompatibility_show_properties_command.txt""]"
EXPIREMENTS/MLK_POLY_SUB/SUB00A_d9613cf60de3/07_EXPECTED_FAILURES/B6_7_EXPECTED_FAILURES_MLKEM768_RUN1/commands/ef_false_tomsg_incompatibility_witness_command.txt	EXPIREMENTS/MLK_POLY_SUB/SUB00A_d9613cf60de3/SUB00R_BATCH6_T6_CALLSITE_INTEGRATION/07_EXPECTED_FAILURES/B6_7_EXPECTED_FAILURES_MLKEM768_RUN1/commands/ef_false_tomsg_incompatibility_witness_command.txt	experiments/poly-sub/T06-callsite-integration/raw-evidence/SUB00R_BATCH6_T6_CALLSITE_INTEGRATION/07_EXPECTED_FAILURES/B6_7_EXPECTED_FAILURES_MLKEM768_RUN1/commands/ef_false_tomsg_incompatibility_witness_command.txt	896	2e212a987f76bd9cea68dbdae10facfa8b264c99f776b4075a8373a5408b99d6	"[""t6-authoritative-tree"", ""07_EXPECTED_FAILURES/B6_7_EXPECTED_FAILURES_MLKEM768_RUN1/commands/ef_false_tomsg_incompatibility_witness_command.txt""]"
EXPIREMENTS/MLK_POLY_SUB/SUB00A_d9613cf60de3/07_EXPECTED_FAILURES/B6_7_EXPECTED_FAILURES_MLKEM768_RUN1/control_family/SUB_T6_B6_7_CONTROL_FAMILY_FREEZE.md	EXPIREMENTS/MLK_POLY_SUB/SUB00A_d9613cf60de3/SUB00R_BATCH6_T6_CALLSITE_INTEGRATION/07_EXPECTED_FAILURES/B6_7_EXPECTED_FAILURES_MLKEM768_RUN1/control_family/SUB_T6_B6_7_CONTROL_FAMILY_FREEZE.md	experiments/poly-sub/T06-callsite-integration/raw-evidence/SUB00R_BATCH6_T6_CALLSITE_INTEGRATION/07_EXPECTED_FAILURES/B6_7_EXPECTED_FAILURES_MLKEM768_RUN1/control_family/SUB_T6_B6_7_CONTROL_FAMILY_FREEZE.md	491	47a42ccfe0011b300e15738a89ba33ebe874c7ad0679597d3219770354a507ff	"[""t6-authoritative-tree"", ""07_EXPECTED_FAILURES/B6_7_EXPECTED_FAILURES_MLKEM768_RUN1/control_family/SUB_T6_B6_7_CONTROL_FAMILY_FREEZE.md""]"
EXPIREMENTS/MLK_POLY_SUB/SUB00A_d9613cf60de3/07_EXPECTED_FAILURES/B6_7_EXPECTED_FAILURES_MLKEM768_RUN1/control_family/SUB_T6_B6_7_CONTROL_FAMILY_MANIFEST.sha256	EXPIREMENTS/MLK_POLY_SUB/SUB00A_d9613cf60de3/SUB00R_BATCH6_T6_CALLSITE_INTEGRATION/07_EXPECTED_FAILURES/B6_7_EXPECTED_FAILURES_MLKEM768_RUN1/control_family/SUB_T6_B6_7_CONTROL_FAMILY_MANIFEST.sha256	experiments/poly-sub/T06-callsite-integration/raw-evidence/SUB00R_BATCH6_T6_CALLSITE_INTEGRATION/07_EXPECTED_FAILURES/B6_7_EXPECTED_FAILURES_MLKEM768_RUN1/control_family/SUB_T6_B6_7_CONTROL_FAMILY_MANIFEST.sha256	590	cdfe73575738226e3c18d0f31decd6c5e3376d1d4d69a401590b80638a45db6c	"[""t6-authoritative-tree"", ""07_EXPECTED_FAILURES/B6_7_EXPECTED_FAILURES_MLKEM768_RUN1/control_family/SUB_T6_B6_7_CONTROL_FAMILY_MANIFEST.sha256""]"
EXPIREMENTS/MLK_POLY_SUB/SUB00A_d9613cf60de3/07_EXPECTED_FAILURES/B6_7_EXPECTED_FAILURES_MLKEM768_RUN1/control_family/harnesses/sub_t6_ef_false_canonicalisation_failure_harness.c	EXPIREMENTS/MLK_POLY_SUB/SUB00A_d9613cf60de3/SUB00R_BATCH6_T6_CALLSITE_INTEGRATION/07_EXPECTED_FAILURES/B6_7_EXPECTED_FAILURES_MLKEM768_RUN1/control_family/harnesses/sub_t6_ef_false_canonicalisation_failure_harness.c	experiments/poly-sub/T06-callsite-integration/raw-evidence/SUB00R_BATCH6_T6_CALLSITE_INTEGRATION/07_EXPECTED_FAILURES/B6_7_EXPECTED_FAILURES_MLKEM768_RUN1/control_family/harnesses/sub_t6_ef_false_canonicalisation_failure_harness.c	815	d8c859c0f3f984bb82c0d6fe3cc577713778834e7f837f3198788fad440734de	"[""t6-authoritative-tree"", ""07_EXPECTED_FAILURES/B6_7_EXPECTED_FAILURES_MLKEM768_RUN1/control_family/harnesses/sub_t6_ef_false_canonicalisation_failure_harness.c""]"
EXPIREMENTS/MLK_POLY_SUB/SUB00A_d9613cf60de3/07_EXPECTED_FAILURES/B6_7_EXPECTED_FAILURES_MLKEM768_RUN1/control_family/harnesses/sub_t6_ef_false_overflow_harness.c	EXPIREMENTS/MLK_POLY_SUB/SUB00A_d9613cf60de3/SUB00R_BATCH6_T6_CALLSITE_INTEGRATION/07_EXPECTED_FAILURES/B6_7_EXPECTED_FAILURES_MLKEM768_RUN1/control_family/harnesses/sub_t6_ef_false_overflow_harness.c	experiments/poly-sub/T06-callsite-integration/raw-evidence/SUB00R_BATCH6_T6_CALLSITE_INTEGRATION/07_EXPECTED_FAILURES/B6_7_EXPECTED_FAILURES_MLKEM768_RUN1/control_family/harnesses/sub_t6_ef_false_overflow_harness.c	969	10a88fd94597891928aeb49cf02ea047817f9a17df0cc6c6d9a45edd6117d45b	"[""t6-authoritative-tree"", ""07_EXPECTED_FAILURES/B6_7_EXPECTED_FAILURES_MLKEM768_RUN1/control_family/harnesses/sub_t6_ef_false_overflow_harness.c""]"
EXPIREMENTS/MLK_POLY_SUB/SUB00A_d9613cf60de3/07_EXPECTED_FAILURES/B6_7_EXPECTED_FAILURES_MLKEM768_RUN1/control_family/harnesses/sub_t6_ef_false_tomsg_incompatibility_harness.c	EXPIREMENTS/MLK_POLY_SUB/SUB00A_d9613cf60de3/SUB00R_BATCH6_T6_CALLSITE_INTEGRATION/07_EXPECTED_FAILURES/B6_7_EXPECTED_FAILURES_MLKEM768_RUN1/control_family/harnesses/sub_t6_ef_false_tomsg_incompatibility_harness.c	experiments/poly-sub/T06-callsite-integration/raw-evidence/SUB00R_BATCH6_T6_CALLSITE_INTEGRATION/07_EXPECTED_FAILURES/B6_7_EXPECTED_FAILURES_MLKEM768_RUN1/control_family/harnesses/sub_t6_ef_false_tomsg_incompatibility_harness.c	1122	97d0486dc9115e75d4bcaafd4d1fa32a6461feea15f6c335e1d4be90659da62b	"[""t6-authoritative-tree"", ""07_EXPECTED_FAILURES/B6_7_EXPECTED_FAILURES_MLKEM768_RUN1/control_family/harnesses/sub_t6_ef_false_tomsg_incompatibility_harness.c""]"
EXPIREMENTS/MLK_POLY_SUB/SUB00A_d9613cf60de3/07_EXPECTED_FAILURES/B6_7_EXPECTED_FAILURES_MLKEM768_RUN1/control_family/support/sub00r_b6_compress_intended_wrap_scope.h	EXPIREMENTS/MLK_POLY_SUB/SUB00A_d9613cf60de3/SUB00R_BATCH6_T6_CALLSITE_INTEGRATION/07_EXPECTED_FAILURES/B6_7_EXPECTED_FAILURES_MLKEM768_RUN1/control_family/support/sub00r_b6_compress_intended_wrap_scope.h	experiments/poly-sub/T06-callsite-integration/raw-evidence/SUB00R_BATCH6_T6_CALLSITE_INTEGRATION/07_EXPECTED_FAILURES/B6_7_EXPECTED_FAILURES_MLKEM768_RUN1/control_family/support/sub00r_b6_compress_intended_wrap_scope.h	909	07c413524d7186cbfdddac9f73a0182214ff06a887e2f383c5b8d39a0e185547	"[""t6-authoritative-tree"", ""07_EXPECTED_FAILURES/B6_7_EXPECTED_FAILURES_MLKEM768_RUN1/control_family/support/sub00r_b6_compress_intended_wrap_scope.h""]"
EXPIREMENTS/MLK_POLY_SUB/SUB00A_d9613cf60de3/07_EXPECTED_FAILURES/B6_7_EXPECTED_FAILURES_MLKEM768_RUN1/executed_runner.sh	EXPIREMENTS/MLK_POLY_SUB/SUB00A_d9613cf60de3/SUB00R_BATCH6_T6_CALLSITE_INTEGRATION/07_EXPECTED_FAILURES/B6_7_EXPECTED_FAILURES_MLKEM768_RUN1/executed_runner.sh	experiments/poly-sub/T06-callsite-integration/raw-evidence/SUB00R_BATCH6_T6_CALLSITE_INTEGRATION/07_EXPECTED_FAILURES/B6_7_EXPECTED_FAILURES_MLKEM768_RUN1/executed_runner.sh	52878	95e8436cd00445bac4c91023e4e9abe88eb118f1267373e37717a79b6fab01e4	"[""t6-authoritative-tree"", ""07_EXPECTED_FAILURES/B6_7_EXPECTED_FAILURES_MLKEM768_RUN1/executed_runner.sh""]"
EXPIREMENTS/MLK_POLY_SUB/SUB00A_d9613cf60de3/07_EXPECTED_FAILURES/B6_7_EXPECTED_FAILURES_MLKEM768_RUN1/exit_codes/ef_false_canonicalisation_failure_full_exit_code.txt	EXPIREMENTS/MLK_POLY_SUB/SUB00A_d9613cf60de3/SUB00R_BATCH6_T6_CALLSITE_INTEGRATION/07_EXPECTED_FAILURES/B6_7_EXPECTED_FAILURES_MLKEM768_RUN1/exit_codes/ef_false_canonicalisation_failure_full_exit_code.txt	experiments/poly-sub/T06-callsite-integration/raw-evidence/SUB00R_BATCH6_T6_CALLSITE_INTEGRATION/07_EXPECTED_FAILURES/B6_7_EXPECTED_FAILURES_MLKEM768_RUN1/exit_codes/ef_false_canonicalisation_failure_full_exit_code.txt	3	917df3320d778ddbaa5c5c7742bc4046bf803c36ed2b050f30844ed206783469	"[""t6-authoritative-tree"", ""07_EXPECTED_FAILURES/B6_7_EXPECTED_FAILURES_MLKEM768_RUN1/exit_codes/ef_false_canonicalisation_failure_full_exit_code.txt""]"
EXPIREMENTS/MLK_POLY_SUB/SUB00A_d9613cf60de3/07_EXPECTED_FAILURES/B6_7_EXPECTED_FAILURES_MLKEM768_RUN1/exit_codes/ef_false_canonicalisation_failure_goto_build_exit_code.txt	EXPIREMENTS/MLK_POLY_SUB/SUB00A_d9613cf60de3/SUB00R_BATCH6_T6_CALLSITE_INTEGRATION/07_EXPECTED_FAILURES/B6_7_EXPECTED_FAILURES_MLKEM768_RUN1/exit_codes/ef_false_canonicalisation_failure_goto_build_exit_code.txt	experiments/poly-sub/T06-callsite-integration/raw-evidence/SUB00R_BATCH6_T6_CALLSITE_INTEGRATION/07_EXPECTED_FAILURES/B6_7_EXPECTED_FAILURES_MLKEM768_RUN1/exit_codes/ef_false_canonicalisation_failure_goto_build_exit_code.txt	2	9a271f2a916b0b6ee6cecb2426f0b3206ef074578be55d9bc94f6f3fe3ab86aa	"[""t6-authoritative-tree"", ""07_EXPECTED_FAILURES/B6_7_EXPECTED_FAILURES_MLKEM768_RUN1/exit_codes/ef_false_canonicalisation_failure_goto_build_exit_code.txt""]"
EXPIREMENTS/MLK_POLY_SUB/SUB00A_d9613cf60de3/07_EXPECTED_FAILURES/B6_7_EXPECTED_FAILURES_MLKEM768_RUN1/exit_codes/ef_false_canonicalisation_failure_witness_exit_code.txt	EXPIREMENTS/MLK_POLY_SUB/SUB00A_d9613cf60de3/SUB00R_BATCH6_T6_CALLSITE_INTEGRATION/07_EXPECTED_FAILURES/B6_7_EXPECTED_FAILURES_MLKEM768_RUN1/exit_codes/ef_false_canonicalisation_failure_witness_exit_code.txt	experiments/poly-sub/T06-callsite-integration/raw-evidence/SUB00R_BATCH6_T6_CALLSITE_INTEGRATION/07_EXPECTED_FAILURES/B6_7_EXPECTED_FAILURES_MLKEM768_RUN1/exit_codes/ef_false_canonicalisation_failure_witness_exit_code.txt	3	917df3320d778ddbaa5c5c7742bc4046bf803c36ed2b050f30844ed206783469	"[""t6-authoritative-tree"", ""07_EXPECTED_FAILURES/B6_7_EXPECTED_FAILURES_MLKEM768_RUN1/exit_codes/ef_false_canonicalisation_failure_witness_exit_code.txt""]"
EXPIREMENTS/MLK_POLY_SUB/SUB00A_d9613cf60de3/07_EXPECTED_FAILURES/B6_7_EXPECTED_FAILURES_MLKEM768_RUN1/exit_codes/ef_false_overflow_full_exit_code.txt	EXPIREMENTS/MLK_POLY_SUB/SUB00A_d9613cf60de3/SUB00R_BATCH6_T6_CALLSITE_INTEGRATION/07_EXPECTED_FAILURES/B6_7_EXPECTED_FAILURES_MLKEM768_RUN1/exit_codes/ef_false_overflow_full_exit_code.txt	experiments/poly-sub/T06-callsite-integration/raw-evidence/SUB00R_BATCH6_T6_CALLSITE_INTEGRATION/07_EXPECTED_FAILURES/B6_7_EXPECTED_FAILURES_MLKEM768_RUN1/exit_codes/ef_false_overflow_full_exit_code.txt	3	917df3320d778ddbaa5c5c7742bc4046bf803c36ed2b050f30844ed206783469	"[""t6-authoritative-tree"", ""07_EXPECTED_FAILURES/B6_7_EXPECTED_FAILURES_MLKEM768_RUN1/exit_codes/ef_false_overflow_full_exit_code.txt""]"
EXPIREMENTS/MLK_POLY_SUB/SUB00A_d9613cf60de3/07_EXPECTED_FAILURES/B6_7_EXPECTED_FAILURES_MLKEM768_RUN1/exit_codes/ef_false_overflow_goto_build_exit_code.txt	EXPIREMENTS/MLK_POLY_SUB/SUB00A_d9613cf60de3/SUB00R_BATCH6_T6_CALLSITE_INTEGRATION/07_EXPECTED_FAILURES/B6_7_EXPECTED_FAILURES_MLKEM768_RUN1/exit_codes/ef_false_overflow_goto_build_exit_code.txt	experiments/poly-sub/T06-callsite-integration/raw-evidence/SUB00R_BATCH6_T6_CALLSITE_INTEGRATION/07_EXPECTED_FAILURES/B6_7_EXPECTED_FAILURES_MLKEM768_RUN1/exit_codes/ef_false_overflow_goto_build_exit_code.txt	2	9a271f2a916b0b6ee6cecb2426f0b3206ef074578be55d9bc94f6f3fe3ab86aa	"[""t6-authoritative-tree"", ""07_EXPECTED_FAILURES/B6_7_EXPECTED_FAILURES_MLKEM768_RUN1/exit_codes/ef_false_overflow_goto_build_exit_code.txt""]"
EXPIREMENTS/MLK_POLY_SUB/SUB00A_d9613cf60de3/07_EXPECTED_FAILURES/B6_7_EXPECTED_FAILURES_MLKEM768_RUN1/exit_codes/ef_false_overflow_witness_exit_code.txt	EXPIREMENTS/MLK_POLY_SUB/SUB00A_d9613cf60de3/SUB00R_BATCH6_T6_CALLSITE_INTEGRATION/07_EXPECTED_FAILURES/B6_7_EXPECTED_FAILURES_MLKEM768_RUN1/exit_codes/ef_false_overflow_witness_exit_code.txt	experiments/poly-sub/T06-callsite-integration/raw-evidence/SUB00R_BATCH6_T6_CALLSITE_INTEGRATION/07_EXPECTED_FAILURES/B6_7_EXPECTED_FAILURES_MLKEM768_RUN1/exit_codes/ef_false_overflow_witness_exit_code.txt	3	917df3320d778ddbaa5c5c7742bc4046bf803c36ed2b050f30844ed206783469	"[""t6-authoritative-tree"", ""07_EXPECTED_FAILURES/B6_7_EXPECTED_FAILURES_MLKEM768_RUN1/exit_codes/ef_false_overflow_witness_exit_code.txt""]"
EXPIREMENTS/MLK_POLY_SUB/SUB00A_d9613cf60de3/07_EXPECTED_FAILURES/B6_7_EXPECTED_FAILURES_MLKEM768_RUN1/exit_codes/ef_false_tomsg_incompatibility_full_exit_code.txt	EXPIREMENTS/MLK_POLY_SUB/SUB00A_d9613cf60de3/SUB00R_BATCH6_T6_CALLSITE_INTEGRATION/07_EXPECTED_FAILURES/B6_7_EXPECTED_FAILURES_MLKEM768_RUN1/exit_codes/ef_false_tomsg_incompatibility_full_exit_code.txt	experiments/poly-sub/T06-callsite-integration/raw-evidence/SUB00R_BATCH6_T6_CALLSITE_INTEGRATION/07_EXPECTED_FAILURES/B6_7_EXPECTED_FAILURES_MLKEM768_RUN1/exit_codes/ef_false_tomsg_incompatibility_full_exit_code.txt	3	917df3320d778ddbaa5c5c7742bc4046bf803c36ed2b050f30844ed206783469	"[""t6-authoritative-tree"", ""07_EXPECTED_FAILURES/B6_7_EXPECTED_FAILURES_MLKEM768_RUN1/exit_codes/ef_false_tomsg_incompatibility_full_exit_code.txt""]"
EXPIREMENTS/MLK_POLY_SUB/SUB00A_d9613cf60de3/07_EXPECTED_FAILURES/B6_7_EXPECTED_FAILURES_MLKEM768_RUN1/exit_codes/ef_false_tomsg_incompatibility_goto_build_exit_code.txt	EXPIREMENTS/MLK_POLY_SUB/SUB00A_d9613cf60de3/SUB00R_BATCH6_T6_CALLSITE_INTEGRATION/07_EXPECTED_FAILURES/B6_7_EXPECTED_FAILURES_MLKEM768_RUN1/exit_codes/ef_false_tomsg_incompatibility_goto_build_exit_code.txt	experiments/poly-sub/T06-callsite-integration/raw-evidence/SUB00R_BATCH6_T6_CALLSITE_INTEGRATION/07_EXPECTED_FAILURES/B6_7_EXPECTED_FAILURES_MLKEM768_RUN1/exit_codes/ef_false_tomsg_incompatibility_goto_build_exit_code.txt	2	9a271f2a916b0b6ee6cecb2426f0b3206ef074578be55d9bc94f6f3fe3ab86aa	"[""t6-authoritative-tree"", ""07_EXPECTED_FAILURES/B6_7_EXPECTED_FAILURES_MLKEM768_RUN1/exit_codes/ef_false_tomsg_incompatibility_goto_build_exit_code.txt""]"
EXPIREMENTS/MLK_POLY_SUB/SUB00A_d9613cf60de3/07_EXPECTED_FAILURES/B6_7_EXPECTED_FAILURES_MLKEM768_RUN1/exit_codes/ef_false_tomsg_incompatibility_witness_exit_code.txt	EXPIREMENTS/MLK_POLY_SUB/SUB00A_d9613cf60de3/SUB00R_BATCH6_T6_CALLSITE_INTEGRATION/07_EXPECTED_FAILURES/B6_7_EXPECTED_FAILURES_MLKEM768_RUN1/exit_codes/ef_false_tomsg_incompatibility_witness_exit_code.txt	experiments/poly-sub/T06-callsite-integration/raw-evidence/SUB00R_BATCH6_T6_CALLSITE_INTEGRATION/07_EXPECTED_FAILURES/B6_7_EXPECTED_FAILURES_MLKEM768_RUN1/exit_codes/ef_false_tomsg_incompatibility_witness_exit_code.txt	3	917df3320d778ddbaa5c5c7742bc4046bf803c36ed2b050f30844ed206783469	"[""t6-authoritative-tree"", ""07_EXPECTED_FAILURES/B6_7_EXPECTED_FAILURES_MLKEM768_RUN1/exit_codes/ef_false_tomsg_incompatibility_witness_exit_code.txt""]"
EXPIREMENTS/MLK_POLY_SUB/SUB00A_d9613cf60de3/07_EXPECTED_FAILURES/B6_7_EXPECTED_FAILURES_MLKEM768_RUN1/frozen_inputs/B6_5_KNOWN_GOOD_WRAP_ADAPTER.h	EXPIREMENTS/MLK_POLY_SUB/SUB00A_d9613cf60de3/SUB00R_BATCH6_T6_CALLSITE_INTEGRATION/07_EXPECTED_FAILURES/B6_7_EXPECTED_FAILURES_MLKEM768_RUN1/frozen_inputs/B6_5_KNOWN_GOOD_WRAP_ADAPTER.h	experiments/poly-sub/T06-callsite-integration/raw-evidence/SUB00R_BATCH6_T6_CALLSITE_INTEGRATION/07_EXPECTED_FAILURES/B6_7_EXPECTED_FAILURES_MLKEM768_RUN1/frozen_inputs/B6_5_KNOWN_GOOD_WRAP_ADAPTER.h	909	07c413524d7186cbfdddac9f73a0182214ff06a887e2f383c5b8d39a0e185547	"[""t6-authoritative-tree"", ""07_EXPECTED_FAILURES/B6_7_EXPECTED_FAILURES_MLKEM768_RUN1/frozen_inputs/B6_5_KNOWN_GOOD_WRAP_ADAPTER.h""]"
EXPIREMENTS/MLK_POLY_SUB/SUB00A_d9613cf60de3/07_EXPECTED_FAILURES/B6_7_EXPECTED_FAILURES_MLKEM768_RUN1/frozen_inputs/SUB_T6_B6_5_POSITIVE_RECOVERY_ARTIFACT_MANIFEST.sha256	EXPIREMENTS/MLK_POLY_SUB/SUB00A_d9613cf60de3/SUB00R_BATCH6_T6_CALLSITE_INTEGRATION/07_EXPECTED_FAILURES/B6_7_EXPECTED_FAILURES_MLKEM768_RUN1/frozen_inputs/SUB_T6_B6_5_POSITIVE_RECOVERY_ARTIFACT_MANIFEST.sha256	experiments/poly-sub/T06-callsite-integration/raw-evidence/SUB00R_BATCH6_T6_CALLSITE_INTEGRATION/07_EXPECTED_FAILURES/B6_7_EXPECTED_FAILURES_MLKEM768_RUN1/frozen_inputs/SUB_T6_B6_5_POSITIVE_RECOVERY_ARTIFACT_MANIFEST.sha256	9420	6f0dcf8e696299a5e411c2ee0b32fcf9ccf131dbcd2d85a0a2e5ec8389e55404	"[""t6-authoritative-tree"", ""07_EXPECTED_FAILURES/B6_7_EXPECTED_FAILURES_MLKEM768_RUN1/frozen_inputs/SUB_T6_B6_5_POSITIVE_RECOVERY_ARTIFACT_MANIFEST.sha256""]"
EXPIREMENTS/MLK_POLY_SUB/SUB00A_d9613cf60de3/07_EXPECTED_FAILURES/B6_7_EXPECTED_FAILURES_MLKEM768_RUN1/frozen_inputs/SUB_T6_B6_5_POSITIVE_RECOVERY_SUMMARY.txt	EXPIREMENTS/MLK_POLY_SUB/SUB00A_d9613cf60de3/SUB00R_BATCH6_T6_CALLSITE_INTEGRATION/07_EXPECTED_FAILURES/B6_7_EXPECTED_FAILURES_MLKEM768_RUN1/frozen_inputs/SUB_T6_B6_5_POSITIVE_RECOVERY_SUMMARY.txt	experiments/poly-sub/T06-callsite-integration/raw-evidence/SUB00R_BATCH6_T6_CALLSITE_INTEGRATION/07_EXPECTED_FAILURES/B6_7_EXPECTED_FAILURES_MLKEM768_RUN1/frozen_inputs/SUB_T6_B6_5_POSITIVE_RECOVERY_SUMMARY.txt	2431	99d34f34e9e39672260c4f8b67db5c5a6c31850780783774f348cf21f381e24b	"[""t6-authoritative-tree"", ""07_EXPECTED_FAILURES/B6_7_EXPECTED_FAILURES_MLKEM768_RUN1/frozen_inputs/SUB_T6_B6_5_POSITIVE_RECOVERY_SUMMARY.txt""]"
EXPIREMENTS/MLK_POLY_SUB/SUB00A_d9613cf60de3/07_EXPECTED_FAILURES/B6_7_EXPECTED_FAILURES_MLKEM768_RUN1/full_results/ef_false_canonicalisation_failure_full_result.json	EXPIREMENTS/MLK_POLY_SUB/SUB00A_d9613cf60de3/SUB00R_BATCH6_T6_CALLSITE_INTEGRATION/07_EXPECTED_FAILURES/B6_7_EXPECTED_FAILURES_MLKEM768_RUN1/full_results/ef_false_canonicalisation_failure_full_result.json	experiments/poly-sub/T06-callsite-integration/raw-evidence/SUB00R_BATCH6_T6_CALLSITE_INTEGRATION/07_EXPECTED_FAILURES/B6_7_EXPECTED_FAILURES_MLKEM768_RUN1/full_results/ef_false_canonicalisation_failure_full_result.json	34590673	6a3ad4658360558e9b8eb477db01e328b4ab0abb8122167c3a2bb0109974f001	"[""t6-authoritative-tree"", ""07_EXPECTED_FAILURES/B6_7_EXPECTED_FAILURES_MLKEM768_RUN1/full_results/ef_false_canonicalisation_failure_full_result.json""]"
EXPIREMENTS/MLK_POLY_SUB/SUB00A_d9613cf60de3/07_EXPECTED_FAILURES/B6_7_EXPECTED_FAILURES_MLKEM768_RUN1/full_results/ef_false_canonicalisation_failure_full_result.json.sha256	EXPIREMENTS/MLK_POLY_SUB/SUB00A_d9613cf60de3/SUB00R_BATCH6_T6_CALLSITE_INTEGRATION/07_EXPECTED_FAILURES/B6_7_EXPECTED_FAILURES_MLKEM768_RUN1/full_results/ef_false_canonicalisation_failure_full_result.json.sha256	experiments/poly-sub/T06-callsite-integration/raw-evidence/SUB00R_BATCH6_T6_CALLSITE_INTEGRATION/07_EXPECTED_FAILURES/B6_7_EXPECTED_FAILURES_MLKEM768_RUN1/full_results/ef_false_canonicalisation_failure_full_result.json.sha256	294	baf808d379d7305e671d166da94b728dba9d364c3f636c9fe77f728eb9d5cab5	"[""t6-authoritative-tree"", ""07_EXPECTED_FAILURES/B6_7_EXPECTED_FAILURES_MLKEM768_RUN1/full_results/ef_false_canonicalisation_failure_full_result.json.sha256""]"
EXPIREMENTS/MLK_POLY_SUB/SUB00A_d9613cf60de3/07_EXPECTED_FAILURES/B6_7_EXPECTED_FAILURES_MLKEM768_RUN1/full_results/ef_false_canonicalisation_failure_isolation_audit.txt	EXPIREMENTS/MLK_POLY_SUB/SUB00A_d9613cf60de3/SUB00R_BATCH6_T6_CALLSITE_INTEGRATION/07_EXPECTED_FAILURES/B6_7_EXPECTED_FAILURES_MLKEM768_RUN1/full_results/ef_false_canonicalisation_failure_isolation_audit.txt	experiments/poly-sub/T06-callsite-integration/raw-evidence/SUB00R_BATCH6_T6_CALLSITE_INTEGRATION/07_EXPECTED_FAILURES/B6_7_EXPECTED_FAILURES_MLKEM768_RUN1/full_results/ef_false_canonicalisation_failure_isolation_audit.txt	115	16c3a6add138838118fc79491aa69ab96c121a44599d961a295e6b74ff44c013	"[""t6-authoritative-tree"", ""07_EXPECTED_FAILURES/B6_7_EXPECTED_FAILURES_MLKEM768_RUN1/full_results/ef_false_canonicalisation_failure_isolation_audit.txt""]"
EXPIREMENTS/MLK_POLY_SUB/SUB00A_d9613cf60de3/07_EXPECTED_FAILURES/B6_7_EXPECTED_FAILURES_MLKEM768_RUN1/full_results/ef_false_canonicalisation_failure_parsed.txt	EXPIREMENTS/MLK_POLY_SUB/SUB00A_d9613cf60de3/SUB00R_BATCH6_T6_CALLSITE_INTEGRATION/07_EXPECTED_FAILURES/B6_7_EXPECTED_FAILURES_MLKEM768_RUN1/full_results/ef_false_canonicalisation_failure_parsed.txt	experiments/poly-sub/T06-callsite-integration/raw-evidence/SUB00R_BATCH6_T6_CALLSITE_INTEGRATION/07_EXPECTED_FAILURES/B6_7_EXPECTED_FAILURES_MLKEM768_RUN1/full_results/ef_false_canonicalisation_failure_parsed.txt	51859	9ba827169c9fff11b5718da99230698dc8f9a094a1798d6ffb2d95ff6030b580	"[""t6-authoritative-tree"", ""07_EXPECTED_FAILURES/B6_7_EXPECTED_FAILURES_MLKEM768_RUN1/full_results/ef_false_canonicalisation_failure_parsed.txt""]"
EXPIREMENTS/MLK_POLY_SUB/SUB00A_d9613cf60de3/07_EXPECTED_FAILURES/B6_7_EXPECTED_FAILURES_MLKEM768_RUN1/full_results/ef_false_overflow_full_result.json	EXPIREMENTS/MLK_POLY_SUB/SUB00A_d9613cf60de3/SUB00R_BATCH6_T6_CALLSITE_INTEGRATION/07_EXPECTED_FAILURES/B6_7_EXPECTED_FAILURES_MLKEM768_RUN1/full_results/ef_false_overflow_full_result.json	experiments/poly-sub/T06-callsite-integration/raw-evidence/SUB00R_BATCH6_T6_CALLSITE_INTEGRATION/07_EXPECTED_FAILURES/B6_7_EXPECTED_FAILURES_MLKEM768_RUN1/full_results/ef_false_overflow_full_result.json	5413100	bd74e0b284b6e88ce0451f1ba93661115897248e66b4489ba971a8531e46d080	"[""t6-authoritative-tree"", ""07_EXPECTED_FAILURES/B6_7_EXPECTED_FAILURES_MLKEM768_RUN1/full_results/ef_false_overflow_full_result.json""]"
EXPIREMENTS/MLK_POLY_SUB/SUB00A_d9613cf60de3/07_EXPECTED_FAILURES/B6_7_EXPECTED_FAILURES_MLKEM768_RUN1/full_results/ef_false_overflow_full_result.json.sha256	EXPIREMENTS/MLK_POLY_SUB/SUB00A_d9613cf60de3/SUB00R_BATCH6_T6_CALLSITE_INTEGRATION/07_EXPECTED_FAILURES/B6_7_EXPECTED_FAILURES_MLKEM768_RUN1/full_results/ef_false_overflow_full_result.json.sha256	experiments/poly-sub/T06-callsite-integration/raw-evidence/SUB00R_BATCH6_T6_CALLSITE_INTEGRATION/07_EXPECTED_FAILURES/B6_7_EXPECTED_FAILURES_MLKEM768_RUN1/full_results/ef_false_overflow_full_result.json.sha256	278	aa902b9604389b01cf4cba3c780d8fec2fa6de190a09cf6bea4dbb3ae4622891	"[""t6-authoritative-tree"", ""07_EXPECTED_FAILURES/B6_7_EXPECTED_FAILURES_MLKEM768_RUN1/full_results/ef_false_overflow_full_result.json.sha256""]"
EXPIREMENTS/MLK_POLY_SUB/SUB00A_d9613cf60de3/07_EXPECTED_FAILURES/B6_7_EXPECTED_FAILURES_MLKEM768_RUN1/full_results/ef_false_overflow_isolation_audit.txt	EXPIREMENTS/MLK_POLY_SUB/SUB00A_d9613cf60de3/SUB00R_BATCH6_T6_CALLSITE_INTEGRATION/07_EXPECTED_FAILURES/B6_7_EXPECTED_FAILURES_MLKEM768_RUN1/full_results/ef_false_overflow_isolation_audit.txt	experiments/poly-sub/T06-callsite-integration/raw-evidence/SUB00R_BATCH6_T6_CALLSITE_INTEGRATION/07_EXPECTED_FAILURES/B6_7_EXPECTED_FAILURES_MLKEM768_RUN1/full_results/ef_false_overflow_isolation_audit.txt	115	6d40f51f1562cdf09f847712608325a4981b0c91b3fea60897dd40b45dff45b8	"[""t6-authoritative-tree"", ""07_EXPECTED_FAILURES/B6_7_EXPECTED_FAILURES_MLKEM768_RUN1/full_results/ef_false_overflow_isolation_audit.txt""]"
EXPIREMENTS/MLK_POLY_SUB/SUB00A_d9613cf60de3/07_EXPECTED_FAILURES/B6_7_EXPECTED_FAILURES_MLKEM768_RUN1/full_results/ef_false_overflow_parsed.txt	EXPIREMENTS/MLK_POLY_SUB/SUB00A_d9613cf60de3/SUB00R_BATCH6_T6_CALLSITE_INTEGRATION/07_EXPECTED_FAILURES/B6_7_EXPECTED_FAILURES_MLKEM768_RUN1/full_results/ef_false_overflow_parsed.txt	experiments/poly-sub/T06-callsite-integration/raw-evidence/SUB00R_BATCH6_T6_CALLSITE_INTEGRATION/07_EXPECTED_FAILURES/B6_7_EXPECTED_FAILURES_MLKEM768_RUN1/full_results/ef_false_overflow_parsed.txt	52485	d7c85d12d2f675a26df764aaf6c0d50a54135429355aa1152fa2f299a321c830	"[""t6-authoritative-tree"", ""07_EXPECTED_FAILURES/B6_7_EXPECTED_FAILURES_MLKEM768_RUN1/full_results/ef_false_overflow_parsed.txt""]"
EXPIREMENTS/MLK_POLY_SUB/SUB00A_d9613cf60de3/07_EXPECTED_FAILURES/B6_7_EXPECTED_FAILURES_MLKEM768_RUN1/full_results/ef_false_tomsg_incompatibility_full_result.json	EXPIREMENTS/MLK_POLY_SUB/SUB00A_d9613cf60de3/SUB00R_BATCH6_T6_CALLSITE_INTEGRATION/07_EXPECTED_FAILURES/B6_7_EXPECTED_FAILURES_MLKEM768_RUN1/full_results/ef_false_tomsg_incompatibility_full_result.json	experiments/poly-sub/T06-callsite-integration/raw-evidence/SUB00R_BATCH6_T6_CALLSITE_INTEGRATION/07_EXPECTED_FAILURES/B6_7_EXPECTED_FAILURES_MLKEM768_RUN1/full_results/ef_false_tomsg_incompatibility_full_result.json	38618113	7f50b53fa78e0093405fce5894d41809334c1462452fa7c14ab884ea9ee24111	"[""t6-authoritative-tree"", ""07_EXPECTED_FAILURES/B6_7_EXPECTED_FAILURES_MLKEM768_RUN1/full_results/ef_false_tomsg_incompatibility_full_result.json""]"
EXPIREMENTS/MLK_POLY_SUB/SUB00A_d9613cf60de3/07_EXPECTED_FAILURES/B6_7_EXPECTED_FAILURES_MLKEM768_RUN1/full_results/ef_false_tomsg_incompatibility_full_result.json.sha256	EXPIREMENTS/MLK_POLY_SUB/SUB00A_d9613cf60de3/SUB00R_BATCH6_T6_CALLSITE_INTEGRATION/07_EXPECTED_FAILURES/B6_7_EXPECTED_FAILURES_MLKEM768_RUN1/full_results/ef_false_tomsg_incompatibility_full_result.json.sha256	experiments/poly-sub/T06-callsite-integration/raw-evidence/SUB00R_BATCH6_T6_CALLSITE_INTEGRATION/07_EXPECTED_FAILURES/B6_7_EXPECTED_FAILURES_MLKEM768_RUN1/full_results/ef_false_tomsg_incompatibility_full_result.json.sha256	291	1c34311983ea0178d6b5c458cdfc510c0878b5cf15e12d3cc23f16a36c265752	"[""t6-authoritative-tree"", ""07_EXPECTED_FAILURES/B6_7_EXPECTED_FAILURES_MLKEM768_RUN1/full_results/ef_false_tomsg_incompatibility_full_result.json.sha256""]"
EXPIREMENTS/MLK_POLY_SUB/SUB00A_d9613cf60de3/07_EXPECTED_FAILURES/B6_7_EXPECTED_FAILURES_MLKEM768_RUN1/full_results/ef_false_tomsg_incompatibility_isolation_audit.txt	EXPIREMENTS/MLK_POLY_SUB/SUB00A_d9613cf60de3/SUB00R_BATCH6_T6_CALLSITE_INTEGRATION/07_EXPECTED_FAILURES/B6_7_EXPECTED_FAILURES_MLKEM768_RUN1/full_results/ef_false_tomsg_incompatibility_isolation_audit.txt	experiments/poly-sub/T06-callsite-integration/raw-evidence/SUB00R_BATCH6_T6_CALLSITE_INTEGRATION/07_EXPECTED_FAILURES/B6_7_EXPECTED_FAILURES_MLKEM768_RUN1/full_results/ef_false_tomsg_incompatibility_isolation_audit.txt	115	187ee16e4246190d12f0feccd0c914470d8eb04c7dda437b9f8cf0a10225d58b	"[""t6-authoritative-tree"", ""07_EXPECTED_FAILURES/B6_7_EXPECTED_FAILURES_MLKEM768_RUN1/full_results/ef_false_tomsg_incompatibility_isolation_audit.txt""]"
EXPIREMENTS/MLK_POLY_SUB/SUB00A_d9613cf60de3/07_EXPECTED_FAILURES/B6_7_EXPECTED_FAILURES_MLKEM768_RUN1/full_results/ef_false_tomsg_incompatibility_parsed.txt	EXPIREMENTS/MLK_POLY_SUB/SUB00A_d9613cf60de3/SUB00R_BATCH6_T6_CALLSITE_INTEGRATION/07_EXPECTED_FAILURES/B6_7_EXPECTED_FAILURES_MLKEM768_RUN1/full_results/ef_false_tomsg_incompatibility_parsed.txt	experiments/poly-sub/T06-callsite-integration/raw-evidence/SUB00R_BATCH6_T6_CALLSITE_INTEGRATION/07_EXPECTED_FAILURES/B6_7_EXPECTED_FAILURES_MLKEM768_RUN1/full_results/ef_false_tomsg_incompatibility_parsed.txt	134376	4b260a37f93892a74c2ce778d703a86723b703a7efd6d6a002f7b5b7df5e4884	"[""t6-authoritative-tree"", ""07_EXPECTED_FAILURES/B6_7_EXPECTED_FAILURES_MLKEM768_RUN1/full_results/ef_false_tomsg_incompatibility_parsed.txt""]"
EXPIREMENTS/MLK_POLY_SUB/SUB00A_d9613cf60de3/07_EXPECTED_FAILURES/B6_7_EXPECTED_FAILURES_MLKEM768_RUN1/inspection/ef_false_canonicalisation_failure_parser_output.txt	EXPIREMENTS/MLK_POLY_SUB/SUB00A_d9613cf60de3/SUB00R_BATCH6_T6_CALLSITE_INTEGRATION/07_EXPECTED_FAILURES/B6_7_EXPECTED_FAILURES_MLKEM768_RUN1/inspection/ef_false_canonicalisation_failure_parser_output.txt	experiments/poly-sub/T06-callsite-integration/raw-evidence/SUB00R_BATCH6_T6_CALLSITE_INTEGRATION/07_EXPECTED_FAILURES/B6_7_EXPECTED_FAILURES_MLKEM768_RUN1/inspection/ef_false_canonicalisation_failure_parser_output.txt	403	cbda2837545752c852af447da3afa8dc3bc3ea3c3df273bab5cbd9d381f206e7	"[""t6-authoritative-tree"", ""07_EXPECTED_FAILURES/B6_7_EXPECTED_FAILURES_MLKEM768_RUN1/inspection/ef_false_canonicalisation_failure_parser_output.txt""]"
EXPIREMENTS/MLK_POLY_SUB/SUB00A_d9613cf60de3/07_EXPECTED_FAILURES/B6_7_EXPECTED_FAILURES_MLKEM768_RUN1/inspection/ef_false_canonicalisation_failure_reachable_call_graph.txt	EXPIREMENTS/MLK_POLY_SUB/SUB00A_d9613cf60de3/SUB00R_BATCH6_T6_CALLSITE_INTEGRATION/07_EXPECTED_FAILURES/B6_7_EXPECTED_FAILURES_MLKEM768_RUN1/inspection/ef_false_canonicalisation_failure_reachable_call_graph.txt	experiments/poly-sub/T06-callsite-integration/raw-evidence/SUB00R_BATCH6_T6_CALLSITE_INTEGRATION/07_EXPECTED_FAILURES/B6_7_EXPECTED_FAILURES_MLKEM768_RUN1/inspection/ef_false_canonicalisation_failure_reachable_call_graph.txt	1366	293fa1f151163282caa384b32b2f59c5c493bae664110c27160344b5544bdbe7	"[""t6-authoritative-tree"", ""07_EXPECTED_FAILURES/B6_7_EXPECTED_FAILURES_MLKEM768_RUN1/inspection/ef_false_canonicalisation_failure_reachable_call_graph.txt""]"
EXPIREMENTS/MLK_POLY_SUB/SUB00A_d9613cf60de3/07_EXPECTED_FAILURES/B6_7_EXPECTED_FAILURES_MLKEM768_RUN1/inspection/ef_false_canonicalisation_failure_reachable_functions.txt	EXPIREMENTS/MLK_POLY_SUB/SUB00A_d9613cf60de3/SUB00R_BATCH6_T6_CALLSITE_INTEGRATION/07_EXPECTED_FAILURES/B6_7_EXPECTED_FAILURES_MLKEM768_RUN1/inspection/ef_false_canonicalisation_failure_reachable_functions.txt	experiments/poly-sub/T06-callsite-integration/raw-evidence/SUB00R_BATCH6_T6_CALLSITE_INTEGRATION/07_EXPECTED_FAILURES/B6_7_EXPECTED_FAILURES_MLKEM768_RUN1/inspection/ef_false_canonicalisation_failure_reachable_functions.txt	392	8566eb9c3e02e19fdc5be2b6fdd8fdcacbe2911f88ec672fe4530033a838f4f3	"[""t6-authoritative-tree"", ""07_EXPECTED_FAILURES/B6_7_EXPECTED_FAILURES_MLKEM768_RUN1/inspection/ef_false_canonicalisation_failure_reachable_functions.txt""]"
EXPIREMENTS/MLK_POLY_SUB/SUB00A_d9613cf60de3/07_EXPECTED_FAILURES/B6_7_EXPECTED_FAILURES_MLKEM768_RUN1/inspection/ef_false_canonicalisation_failure_reachable_loops.tsv	EXPIREMENTS/MLK_POLY_SUB/SUB00A_d9613cf60de3/SUB00R_BATCH6_T6_CALLSITE_INTEGRATION/07_EXPECTED_FAILURES/B6_7_EXPECTED_FAILURES_MLKEM768_RUN1/inspection/ef_false_canonicalisation_failure_reachable_loops.tsv	experiments/poly-sub/T06-callsite-integration/raw-evidence/SUB00R_BATCH6_T6_CALLSITE_INTEGRATION/07_EXPECTED_FAILURES/B6_7_EXPECTED_FAILURES_MLKEM768_RUN1/inspection/ef_false_canonicalisation_failure_reachable_loops.tsv	393	f6da27eee7092a4771bcd853f281fe1e100ecbc8cce7c72c931c428c1929bf58	"[""t6-authoritative-tree"", ""07_EXPECTED_FAILURES/B6_7_EXPECTED_FAILURES_MLKEM768_RUN1/inspection/ef_false_canonicalisation_failure_reachable_loops.tsv""]"
EXPIREMENTS/MLK_POLY_SUB/SUB00A_d9613cf60de3/07_EXPECTED_FAILURES/B6_7_EXPECTED_FAILURES_MLKEM768_RUN1/inspection/ef_false_canonicalisation_failure_show_loops.txt	EXPIREMENTS/MLK_POLY_SUB/SUB00A_d9613cf60de3/SUB00R_BATCH6_T6_CALLSITE_INTEGRATION/07_EXPECTED_FAILURES/B6_7_EXPECTED_FAILURES_MLKEM768_RUN1/inspection/ef_false_canonicalisation_failure_show_loops.txt	experiments/poly-sub/T06-callsite-integration/raw-evidence/SUB00R_BATCH6_T6_CALLSITE_INTEGRATION/07_EXPECTED_FAILURES/B6_7_EXPECTED_FAILURES_MLKEM768_RUN1/inspection/ef_false_canonicalisation_failure_show_loops.txt	4800	f117285e3ea42338e21febefbd5f78c0ab453b691ff8fd6300116037c0d33f1c	"[""t6-authoritative-tree"", ""07_EXPECTED_FAILURES/B6_7_EXPECTED_FAILURES_MLKEM768_RUN1/inspection/ef_false_canonicalisation_failure_show_loops.txt""]"
EXPIREMENTS/MLK_POLY_SUB/SUB00A_d9613cf60de3/07_EXPECTED_FAILURES/B6_7_EXPECTED_FAILURES_MLKEM768_RUN1/inspection/ef_false_canonicalisation_failure_show_properties.txt	EXPIREMENTS/MLK_POLY_SUB/SUB00A_d9613cf60de3/SUB00R_BATCH6_T6_CALLSITE_INTEGRATION/07_EXPECTED_FAILURES/B6_7_EXPECTED_FAILURES_MLKEM768_RUN1/inspection/ef_false_canonicalisation_failure_show_properties.txt	experiments/poly-sub/T06-callsite-integration/raw-evidence/SUB00R_BATCH6_T6_CALLSITE_INTEGRATION/07_EXPECTED_FAILURES/B6_7_EXPECTED_FAILURES_MLKEM768_RUN1/inspection/ef_false_canonicalisation_failure_show_properties.txt	129519	c92506c37dba6f5cd1190502434e048bd2f44eb4d13355814a5f457485290077	"[""t6-authoritative-tree"", ""07_EXPECTED_FAILURES/B6_7_EXPECTED_FAILURES_MLKEM768_RUN1/inspection/ef_false_canonicalisation_failure_show_properties.txt""]"
EXPIREMENTS/MLK_POLY_SUB/SUB00A_d9613cf60de3/07_EXPECTED_FAILURES/B6_7_EXPECTED_FAILURES_MLKEM768_RUN1/inspection/ef_false_canonicalisation_failure_show_properties_stderr.txt	EXPIREMENTS/MLK_POLY_SUB/SUB00A_d9613cf60de3/SUB00R_BATCH6_T6_CALLSITE_INTEGRATION/07_EXPECTED_FAILURES/B6_7_EXPECTED_FAILURES_MLKEM768_RUN1/inspection/ef_false_canonicalisation_failure_show_properties_stderr.txt	experiments/poly-sub/T06-callsite-integration/raw-evidence/SUB00R_BATCH6_T6_CALLSITE_INTEGRATION/07_EXPECTED_FAILURES/B6_7_EXPECTED_FAILURES_MLKEM768_RUN1/inspection/ef_false_canonicalisation_failure_show_properties_stderr.txt	0	e3b0c44298fc1c149afbf4c8996fb92427ae41e4649b934ca495991b7852b855	"[""t6-authoritative-tree"", ""07_EXPECTED_FAILURES/B6_7_EXPECTED_FAILURES_MLKEM768_RUN1/inspection/ef_false_canonicalisation_failure_show_properties_stderr.txt""]"
EXPIREMENTS/MLK_POLY_SUB/SUB00A_d9613cf60de3/07_EXPECTED_FAILURES/B6_7_EXPECTED_FAILURES_MLKEM768_RUN1/inspection/ef_false_canonicalisation_failure_undefined_functions.txt	EXPIREMENTS/MLK_POLY_SUB/SUB00A_d9613cf60de3/SUB00R_BATCH6_T6_CALLSITE_INTEGRATION/07_EXPECTED_FAILURES/B6_7_EXPECTED_FAILURES_MLKEM768_RUN1/inspection/ef_false_canonicalisation_failure_undefined_functions.txt	experiments/poly-sub/T06-callsite-integration/raw-evidence/SUB00R_BATCH6_T6_CALLSITE_INTEGRATION/07_EXPECTED_FAILURES/B6_7_EXPECTED_FAILURES_MLKEM768_RUN1/inspection/ef_false_canonicalisation_failure_undefined_functions.txt	435	78a772300b2dc8cc82842844922a73e3f2c49731b18c4cc096e8290752a8b729	"[""t6-authoritative-tree"", ""07_EXPECTED_FAILURES/B6_7_EXPECTED_FAILURES_MLKEM768_RUN1/inspection/ef_false_canonicalisation_failure_undefined_functions.txt""]"
EXPIREMENTS/MLK_POLY_SUB/SUB00A_d9613cf60de3/07_EXPECTED_FAILURES/B6_7_EXPECTED_FAILURES_MLKEM768_RUN1/inspection/ef_false_canonicalisation_failure_unwindset.txt	EXPIREMENTS/MLK_POLY_SUB/SUB00A_d9613cf60de3/SUB00R_BATCH6_T6_CALLSITE_INTEGRATION/07_EXPECTED_FAILURES/B6_7_EXPECTED_FAILURES_MLKEM768_RUN1/inspection/ef_false_canonicalisation_failure_unwindset.txt	experiments/poly-sub/T06-callsite-integration/raw-evidence/SUB00R_BATCH6_T6_CALLSITE_INTEGRATION/07_EXPECTED_FAILURES/B6_7_EXPECTED_FAILURES_MLKEM768_RUN1/inspection/ef_false_canonicalisation_failure_unwindset.txt	225	31c3868c7903712b8ee35d463463057692a58832b51479c8e6a69ceece55bc80	"[""t6-authoritative-tree"", ""07_EXPECTED_FAILURES/B6_7_EXPECTED_FAILURES_MLKEM768_RUN1/inspection/ef_false_canonicalisation_failure_unwindset.txt""]"
EXPIREMENTS/MLK_POLY_SUB/SUB00A_d9613cf60de3/07_EXPECTED_FAILURES/B6_7_EXPECTED_FAILURES_MLKEM768_RUN1/inspection/ef_false_canonicalisation_failure_validate.txt	EXPIREMENTS/MLK_POLY_SUB/SUB00A_d9613cf60de3/SUB00R_BATCH6_T6_CALLSITE_INTEGRATION/07_EXPECTED_FAILURES/B6_7_EXPECTED_FAILURES_MLKEM768_RUN1/inspection/ef_false_canonicalisation_failure_validate.txt	experiments/poly-sub/T06-callsite-integration/raw-evidence/SUB00R_BATCH6_T6_CALLSITE_INTEGRATION/07_EXPECTED_FAILURES/B6_7_EXPECTED_FAILURES_MLKEM768_RUN1/inspection/ef_false_canonicalisation_failure_validate.txt	237	a73224633df8b206a75de5e69185a5f8cee516ee79f2435c56151cc1e64bd748	"[""t6-authoritative-tree"", ""07_EXPECTED_FAILURES/B6_7_EXPECTED_FAILURES_MLKEM768_RUN1/inspection/ef_false_canonicalisation_failure_validate.txt""]"
EXPIREMENTS/MLK_POLY_SUB/SUB00A_d9613cf60de3/07_EXPECTED_FAILURES/B6_7_EXPECTED_FAILURES_MLKEM768_RUN1/inspection/ef_false_overflow_parser_output.txt	EXPIREMENTS/MLK_POLY_SUB/SUB00A_d9613cf60de3/SUB00R_BATCH6_T6_CALLSITE_INTEGRATION/07_EXPECTED_FAILURES/B6_7_EXPECTED_FAILURES_MLKEM768_RUN1/inspection/ef_false_overflow_parser_output.txt	experiments/poly-sub/T06-callsite-integration/raw-evidence/SUB00R_BATCH6_T6_CALLSITE_INTEGRATION/07_EXPECTED_FAILURES/B6_7_EXPECTED_FAILURES_MLKEM768_RUN1/inspection/ef_false_overflow_parser_output.txt	264	c20abf26a45261534eb3dc6307e0d604538b8e7f6cb2bf5592bd4b019570fa45	"[""t6-authoritative-tree"", ""07_EXPECTED_FAILURES/B6_7_EXPECTED_FAILURES_MLKEM768_RUN1/inspection/ef_false_overflow_parser_output.txt""]"
EXPIREMENTS/MLK_POLY_SUB/SUB00A_d9613cf60de3/07_EXPECTED_FAILURES/B6_7_EXPECTED_FAILURES_MLKEM768_RUN1/inspection/ef_false_overflow_reachable_call_graph.txt	EXPIREMENTS/MLK_POLY_SUB/SUB00A_d9613cf60de3/SUB00R_BATCH6_T6_CALLSITE_INTEGRATION/07_EXPECTED_FAILURES/B6_7_EXPECTED_FAILURES_MLKEM768_RUN1/inspection/ef_false_overflow_reachable_call_graph.txt	experiments/poly-sub/T06-callsite-integration/raw-evidence/SUB00R_BATCH6_T6_CALLSITE_INTEGRATION/07_EXPECTED_FAILURES/B6_7_EXPECTED_FAILURES_MLKEM768_RUN1/inspection/ef_false_overflow_reachable_call_graph.txt	478	4f0672ec5e8e8009acc66da7a808370707151808e3c0ce0d424520615daa0365	"[""t6-authoritative-tree"", ""07_EXPECTED_FAILURES/B6_7_EXPECTED_FAILURES_MLKEM768_RUN1/inspection/ef_false_overflow_reachable_call_graph.txt""]"
EXPIREMENTS/MLK_POLY_SUB/SUB00A_d9613cf60de3/07_EXPECTED_FAILURES/B6_7_EXPECTED_FAILURES_MLKEM768_RUN1/inspection/ef_false_overflow_reachable_functions.txt	EXPIREMENTS/MLK_POLY_SUB/SUB00A_d9613cf60de3/SUB00R_BATCH6_T6_CALLSITE_INTEGRATION/07_EXPECTED_FAILURES/B6_7_EXPECTED_FAILURES_MLKEM768_RUN1/inspection/ef_false_overflow_reachable_functions.txt	experiments/poly-sub/T06-callsite-integration/raw-evidence/SUB00R_BATCH6_T6_CALLSITE_INTEGRATION/07_EXPECTED_FAILURES/B6_7_EXPECTED_FAILURES_MLKEM768_RUN1/inspection/ef_false_overflow_reachable_functions.txt	85	6d7655fe59235f9408a76154d528448a88d892808a40e11a09cc4bef58ae55bf	"[""t6-authoritative-tree"", ""07_EXPECTED_FAILURES/B6_7_EXPECTED_FAILURES_MLKEM768_RUN1/inspection/ef_false_overflow_reachable_functions.txt""]"
EXPIREMENTS/MLK_POLY_SUB/SUB00A_d9613cf60de3/07_EXPECTED_FAILURES/B6_7_EXPECTED_FAILURES_MLKEM768_RUN1/inspection/ef_false_overflow_reachable_loops.tsv	EXPIREMENTS/MLK_POLY_SUB/SUB00A_d9613cf60de3/SUB00R_BATCH6_T6_CALLSITE_INTEGRATION/07_EXPECTED_FAILURES/B6_7_EXPECTED_FAILURES_MLKEM768_RUN1/inspection/ef_false_overflow_reachable_loops.tsv	experiments/poly-sub/T06-callsite-integration/raw-evidence/SUB00R_BATCH6_T6_CALLSITE_INTEGRATION/07_EXPECTED_FAILURES/B6_7_EXPECTED_FAILURES_MLKEM768_RUN1/inspection/ef_false_overflow_reachable_loops.tsv	157	45d243dc1596cad9d962fe9e7d4224d91584c3a58bbe98cb31046fc261fcb235	"[""t6-authoritative-tree"", ""07_EXPECTED_FAILURES/B6_7_EXPECTED_FAILURES_MLKEM768_RUN1/inspection/ef_false_overflow_reachable_loops.tsv""]"
EXPIREMENTS/MLK_POLY_SUB/SUB00A_d9613cf60de3/07_EXPECTED_FAILURES/B6_7_EXPECTED_FAILURES_MLKEM768_RUN1/inspection/ef_false_overflow_show_loops.txt	EXPIREMENTS/MLK_POLY_SUB/SUB00A_d9613cf60de3/SUB00R_BATCH6_T6_CALLSITE_INTEGRATION/07_EXPECTED_FAILURES/B6_7_EXPECTED_FAILURES_MLKEM768_RUN1/inspection/ef_false_overflow_show_loops.txt	experiments/poly-sub/T06-callsite-integration/raw-evidence/SUB00R_BATCH6_T6_CALLSITE_INTEGRATION/07_EXPECTED_FAILURES/B6_7_EXPECTED_FAILURES_MLKEM768_RUN1/inspection/ef_false_overflow_show_loops.txt	5035	f517f81da22234171106a00aa12811697208bba66969b8879e5a7033642edef0	"[""t6-authoritative-tree"", ""07_EXPECTED_FAILURES/B6_7_EXPECTED_FAILURES_MLKEM768_RUN1/inspection/ef_false_overflow_show_loops.txt""]"
EXPIREMENTS/MLK_POLY_SUB/SUB00A_d9613cf60de3/07_EXPECTED_FAILURES/B6_7_EXPECTED_FAILURES_MLKEM768_RUN1/inspection/ef_false_overflow_show_properties.txt	EXPIREMENTS/MLK_POLY_SUB/SUB00A_d9613cf60de3/SUB00R_BATCH6_T6_CALLSITE_INTEGRATION/07_EXPECTED_FAILURES/B6_7_EXPECTED_FAILURES_MLKEM768_RUN1/inspection/ef_false_overflow_show_properties.txt	experiments/poly-sub/T06-callsite-integration/raw-evidence/SUB00R_BATCH6_T6_CALLSITE_INTEGRATION/07_EXPECTED_FAILURES/B6_7_EXPECTED_FAILURES_MLKEM768_RUN1/inspection/ef_false_overflow_show_properties.txt	131171	f324de6d6ea2b7ad59ba387a5746a0b3e8fade4daee39d2793ce16b2f3b99eb4	"[""t6-authoritative-tree"", ""07_EXPECTED_FAILURES/B6_7_EXPECTED_FAILURES_MLKEM768_RUN1/inspection/ef_false_overflow_show_properties.txt""]"
EXPIREMENTS/MLK_POLY_SUB/SUB00A_d9613cf60de3/07_EXPECTED_FAILURES/B6_7_EXPECTED_FAILURES_MLKEM768_RUN1/inspection/ef_false_overflow_show_properties_stderr.txt	EXPIREMENTS/MLK_POLY_SUB/SUB00A_d9613cf60de3/SUB00R_BATCH6_T6_CALLSITE_INTEGRATION/07_EXPECTED_FAILURES/B6_7_EXPECTED_FAILURES_MLKEM768_RUN1/inspection/ef_false_overflow_show_properties_stderr.txt	experiments/poly-sub/T06-callsite-integration/raw-evidence/SUB00R_BATCH6_T6_CALLSITE_INTEGRATION/07_EXPECTED_FAILURES/B6_7_EXPECTED_FAILURES_MLKEM768_RUN1/inspection/ef_false_overflow_show_properties_stderr.txt	0	e3b0c44298fc1c149afbf4c8996fb92427ae41e4649b934ca495991b7852b855	"[""t6-authoritative-tree"", ""07_EXPECTED_FAILURES/B6_7_EXPECTED_FAILURES_MLKEM768_RUN1/inspection/ef_false_overflow_show_properties_stderr.txt""]"
EXPIREMENTS/MLK_POLY_SUB/SUB00A_d9613cf60de3/07_EXPECTED_FAILURES/B6_7_EXPECTED_FAILURES_MLKEM768_RUN1/inspection/ef_false_overflow_undefined_functions.txt	EXPIREMENTS/MLK_POLY_SUB/SUB00A_d9613cf60de3/SUB00R_BATCH6_T6_CALLSITE_INTEGRATION/07_EXPECTED_FAILURES/B6_7_EXPECTED_FAILURES_MLKEM768_RUN1/inspection/ef_false_overflow_undefined_functions.txt	experiments/poly-sub/T06-callsite-integration/raw-evidence/SUB00R_BATCH6_T6_CALLSITE_INTEGRATION/07_EXPECTED_FAILURES/B6_7_EXPECTED_FAILURES_MLKEM768_RUN1/inspection/ef_false_overflow_undefined_functions.txt	419	7052ca63a41d26051b48e8e93387ce74bac8c7f74512ccb5b39c6dc154bf90dc	"[""t6-authoritative-tree"", ""07_EXPECTED_FAILURES/B6_7_EXPECTED_FAILURES_MLKEM768_RUN1/inspection/ef_false_overflow_undefined_functions.txt""]"
EXPIREMENTS/MLK_POLY_SUB/SUB00A_d9613cf60de3/07_EXPECTED_FAILURES/B6_7_EXPECTED_FAILURES_MLKEM768_RUN1/inspection/ef_false_overflow_unwindset.txt	EXPIREMENTS/MLK_POLY_SUB/SUB00A_d9613cf60de3/SUB00R_BATCH6_T6_CALLSITE_INTEGRATION/07_EXPECTED_FAILURES/B6_7_EXPECTED_FAILURES_MLKEM768_RUN1/inspection/ef_false_overflow_unwindset.txt	experiments/poly-sub/T06-callsite-integration/raw-evidence/SUB00R_BATCH6_T6_CALLSITE_INTEGRATION/07_EXPECTED_FAILURES/B6_7_EXPECTED_FAILURES_MLKEM768_RUN1/inspection/ef_false_overflow_unwindset.txt	87	fefc5fcad2de80487653aecc9edadc2805df19249ad74d857bf75fac8c97f3d3	"[""t6-authoritative-tree"", ""07_EXPECTED_FAILURES/B6_7_EXPECTED_FAILURES_MLKEM768_RUN1/inspection/ef_false_overflow_unwindset.txt""]"
EXPIREMENTS/MLK_POLY_SUB/SUB00A_d9613cf60de3/07_EXPECTED_FAILURES/B6_7_EXPECTED_FAILURES_MLKEM768_RUN1/inspection/ef_false_overflow_validate.txt	EXPIREMENTS/MLK_POLY_SUB/SUB00A_d9613cf60de3/SUB00R_BATCH6_T6_CALLSITE_INTEGRATION/07_EXPECTED_FAILURES/B6_7_EXPECTED_FAILURES_MLKEM768_RUN1/inspection/ef_false_overflow_validate.txt	experiments/poly-sub/T06-callsite-integration/raw-evidence/SUB00R_BATCH6_T6_CALLSITE_INTEGRATION/07_EXPECTED_FAILURES/B6_7_EXPECTED_FAILURES_MLKEM768_RUN1/inspection/ef_false_overflow_validate.txt	221	74725fdbbeb74bdcb2f87fad25c4d3d52ebd7c805e3c3f87eff3b551ea95bf1f	"[""t6-authoritative-tree"", ""07_EXPECTED_FAILURES/B6_7_EXPECTED_FAILURES_MLKEM768_RUN1/inspection/ef_false_overflow_validate.txt""]"
EXPIREMENTS/MLK_POLY_SUB/SUB00A_d9613cf60de3/07_EXPECTED_FAILURES/B6_7_EXPECTED_FAILURES_MLKEM768_RUN1/inspection/ef_false_tomsg_incompatibility_parser_output.txt	EXPIREMENTS/MLK_POLY_SUB/SUB00A_d9613cf60de3/SUB00R_BATCH6_T6_CALLSITE_INTEGRATION/07_EXPECTED_FAILURES/B6_7_EXPECTED_FAILURES_MLKEM768_RUN1/inspection/ef_false_tomsg_incompatibility_parser_output.txt	experiments/poly-sub/T06-callsite-integration/raw-evidence/SUB00R_BATCH6_T6_CALLSITE_INTEGRATION/07_EXPECTED_FAILURES/B6_7_EXPECTED_FAILURES_MLKEM768_RUN1/inspection/ef_false_tomsg_incompatibility_parser_output.txt	508	865db43281346d9adafded96f4616ee49eca699e9df1955e599114ee62855195	"[""t6-authoritative-tree"", ""07_EXPECTED_FAILURES/B6_7_EXPECTED_FAILURES_MLKEM768_RUN1/inspection/ef_false_tomsg_incompatibility_parser_output.txt""]"
EXPIREMENTS/MLK_POLY_SUB/SUB00A_d9613cf60de3/07_EXPECTED_FAILURES/B6_7_EXPECTED_FAILURES_MLKEM768_RUN1/inspection/ef_false_tomsg_incompatibility_reachable_call_graph.txt	EXPIREMENTS/MLK_POLY_SUB/SUB00A_d9613cf60de3/SUB00R_BATCH6_T6_CALLSITE_INTEGRATION/07_EXPECTED_FAILURES/B6_7_EXPECTED_FAILURES_MLKEM768_RUN1/inspection/ef_false_tomsg_incompatibility_reachable_call_graph.txt	experiments/poly-sub/T06-callsite-integration/raw-evidence/SUB00R_BATCH6_T6_CALLSITE_INTEGRATION/07_EXPECTED_FAILURES/B6_7_EXPECTED_FAILURES_MLKEM768_RUN1/inspection/ef_false_tomsg_incompatibility_reachable_call_graph.txt	1447	b90d14728d05f16cf727c85e0694780a4e99b89efd257e931c89bf13a7e5ed6d	"[""t6-authoritative-tree"", ""07_EXPECTED_FAILURES/B6_7_EXPECTED_FAILURES_MLKEM768_RUN1/inspection/ef_false_tomsg_incompatibility_reachable_call_graph.txt""]"
EXPIREMENTS/MLK_POLY_SUB/SUB00A_d9613cf60de3/07_EXPECTED_FAILURES/B6_7_EXPECTED_FAILURES_MLKEM768_RUN1/inspection/ef_false_tomsg_incompatibility_reachable_functions.txt	EXPIREMENTS/MLK_POLY_SUB/SUB00A_d9613cf60de3/SUB00R_BATCH6_T6_CALLSITE_INTEGRATION/07_EXPECTED_FAILURES/B6_7_EXPECTED_FAILURES_MLKEM768_RUN1/inspection/ef_false_tomsg_incompatibility_reachable_functions.txt	experiments/poly-sub/T06-callsite-integration/raw-evidence/SUB00R_BATCH6_T6_CALLSITE_INTEGRATION/07_EXPECTED_FAILURES/B6_7_EXPECTED_FAILURES_MLKEM768_RUN1/inspection/ef_false_tomsg_incompatibility_reachable_functions.txt	440	eabfcc02a804ac4ba1704175a9dece93ae0415d301bf9382fea38cc752227145	"[""t6-authoritative-tree"", ""07_EXPECTED_FAILURES/B6_7_EXPECTED_FAILURES_MLKEM768_RUN1/inspection/ef_false_tomsg_incompatibility_reachable_functions.txt""]"
EXPIREMENTS/MLK_POLY_SUB/SUB00A_d9613cf60de3/07_EXPECTED_FAILURES/B6_7_EXPECTED_FAILURES_MLKEM768_RUN1/inspection/ef_false_tomsg_incompatibility_reachable_loops.tsv	EXPIREMENTS/MLK_POLY_SUB/SUB00A_d9613cf60de3/SUB00R_BATCH6_T6_CALLSITE_INTEGRATION/07_EXPECTED_FAILURES/B6_7_EXPECTED_FAILURES_MLKEM768_RUN1/inspection/ef_false_tomsg_incompatibility_reachable_loops.tsv	experiments/poly-sub/T06-callsite-integration/raw-evidence/SUB00R_BATCH6_T6_CALLSITE_INTEGRATION/07_EXPECTED_FAILURES/B6_7_EXPECTED_FAILURES_MLKEM768_RUN1/inspection/ef_false_tomsg_incompatibility_reachable_loops.tsv	561	1510fc54bcb96b0ccc0c83db9723ac952b418eb578415f63c76b63efaf6d8b55	"[""t6-authoritative-tree"", ""07_EXPECTED_FAILURES/B6_7_EXPECTED_FAILURES_MLKEM768_RUN1/inspection/ef_false_tomsg_incompatibility_reachable_loops.tsv""]"
EXPIREMENTS/MLK_POLY_SUB/SUB00A_d9613cf60de3/07_EXPECTED_FAILURES/B6_7_EXPECTED_FAILURES_MLKEM768_RUN1/inspection/ef_false_tomsg_incompatibility_scalar_scope_audit.txt	EXPIREMENTS/MLK_POLY_SUB/SUB00A_d9613cf60de3/SUB00R_BATCH6_T6_CALLSITE_INTEGRATION/07_EXPECTED_FAILURES/B6_7_EXPECTED_FAILURES_MLKEM768_RUN1/inspection/ef_false_tomsg_incompatibility_scalar_scope_audit.txt	experiments/poly-sub/T06-callsite-integration/raw-evidence/SUB00R_BATCH6_T6_CALLSITE_INTEGRATION/07_EXPECTED_FAILURES/B6_7_EXPECTED_FAILURES_MLKEM768_RUN1/inspection/ef_false_tomsg_incompatibility_scalar_scope_audit.txt	133	fa5a1755b9768de4974fc544883d9d3cf470d54d32b1be08afc58bb8af123c31	"[""t6-authoritative-tree"", ""07_EXPECTED_FAILURES/B6_7_EXPECTED_FAILURES_MLKEM768_RUN1/inspection/ef_false_tomsg_incompatibility_scalar_scope_audit.txt""]"
EXPIREMENTS/MLK_POLY_SUB/SUB00A_d9613cf60de3/07_EXPECTED_FAILURES/B6_7_EXPECTED_FAILURES_MLKEM768_RUN1/inspection/ef_false_tomsg_incompatibility_show_loops.txt	EXPIREMENTS/MLK_POLY_SUB/SUB00A_d9613cf60de3/SUB00R_BATCH6_T6_CALLSITE_INTEGRATION/07_EXPECTED_FAILURES/B6_7_EXPECTED_FAILURES_MLKEM768_RUN1/inspection/ef_false_tomsg_incompatibility_show_loops.txt	experiments/poly-sub/T06-callsite-integration/raw-evidence/SUB00R_BATCH6_T6_CALLSITE_INTEGRATION/07_EXPECTED_FAILURES/B6_7_EXPECTED_FAILURES_MLKEM768_RUN1/inspection/ef_false_tomsg_incompatibility_show_loops.txt	8811	2aa7a4066facaa73693cb33fd71549d74f10ebf85cc3a7c8e2ec6b117e81650e	"[""t6-authoritative-tree"", ""07_EXPECTED_FAILURES/B6_7_EXPECTED_FAILURES_MLKEM768_RUN1/inspection/ef_false_tomsg_incompatibility_show_loops.txt""]"
EXPIREMENTS/MLK_POLY_SUB/SUB00A_d9613cf60de3/07_EXPECTED_FAILURES/B6_7_EXPECTED_FAILURES_MLKEM768_RUN1/inspection/ef_false_tomsg_incompatibility_show_properties.txt	EXPIREMENTS/MLK_POLY_SUB/SUB00A_d9613cf60de3/SUB00R_BATCH6_T6_CALLSITE_INTEGRATION/07_EXPECTED_FAILURES/B6_7_EXPECTED_FAILURES_MLKEM768_RUN1/inspection/ef_false_tomsg_incompatibility_show_properties.txt	experiments/poly-sub/T06-callsite-integration/raw-evidence/SUB00R_BATCH6_T6_CALLSITE_INTEGRATION/07_EXPECTED_FAILURES/B6_7_EXPECTED_FAILURES_MLKEM768_RUN1/inspection/ef_false_tomsg_incompatibility_show_properties.txt	319247	12f994f9e75eae51c34e0f2197e963fd0b9bb1b6206661af74d47a490a19e244	"[""t6-authoritative-tree"", ""07_EXPECTED_FAILURES/B6_7_EXPECTED_FAILURES_MLKEM768_RUN1/inspection/ef_false_tomsg_incompatibility_show_properties.txt""]"
EXPIREMENTS/MLK_POLY_SUB/SUB00A_d9613cf60de3/07_EXPECTED_FAILURES/B6_7_EXPECTED_FAILURES_MLKEM768_RUN1/inspection/ef_false_tomsg_incompatibility_show_properties_stderr.txt	EXPIREMENTS/MLK_POLY_SUB/SUB00A_d9613cf60de3/SUB00R_BATCH6_T6_CALLSITE_INTEGRATION/07_EXPECTED_FAILURES/B6_7_EXPECTED_FAILURES_MLKEM768_RUN1/inspection/ef_false_tomsg_incompatibility_show_properties_stderr.txt	experiments/poly-sub/T06-callsite-integration/raw-evidence/SUB00R_BATCH6_T6_CALLSITE_INTEGRATION/07_EXPECTED_FAILURES/B6_7_EXPECTED_FAILURES_MLKEM768_RUN1/inspection/ef_false_tomsg_incompatibility_show_properties_stderr.txt	0	e3b0c44298fc1c149afbf4c8996fb92427ae41e4649b934ca495991b7852b855	"[""t6-authoritative-tree"", ""07_EXPECTED_FAILURES/B6_7_EXPECTED_FAILURES_MLKEM768_RUN1/inspection/ef_false_tomsg_incompatibility_show_properties_stderr.txt""]"
EXPIREMENTS/MLK_POLY_SUB/SUB00A_d9613cf60de3/07_EXPECTED_FAILURES/B6_7_EXPECTED_FAILURES_MLKEM768_RUN1/inspection/ef_false_tomsg_incompatibility_undefined_functions.txt	EXPIREMENTS/MLK_POLY_SUB/SUB00A_d9613cf60de3/SUB00R_BATCH6_T6_CALLSITE_INTEGRATION/07_EXPECTED_FAILURES/B6_7_EXPECTED_FAILURES_MLKEM768_RUN1/inspection/ef_false_tomsg_incompatibility_undefined_functions.txt	experiments/poly-sub/T06-callsite-integration/raw-evidence/SUB00R_BATCH6_T6_CALLSITE_INTEGRATION/07_EXPECTED_FAILURES/B6_7_EXPECTED_FAILURES_MLKEM768_RUN1/inspection/ef_false_tomsg_incompatibility_undefined_functions.txt	432	e23aa14e3540c93c061a22774064ad47f8a01f0d2ffe4e528298a954ee234143	"[""t6-authoritative-tree"", ""07_EXPECTED_FAILURES/B6_7_EXPECTED_FAILURES_MLKEM768_RUN1/inspection/ef_false_tomsg_incompatibility_undefined_functions.txt""]"
EXPIREMENTS/MLK_POLY_SUB/SUB00A_d9613cf60de3/07_EXPECTED_FAILURES/B6_7_EXPECTED_FAILURES_MLKEM768_RUN1/inspection/ef_false_tomsg_incompatibility_unwindset.txt	EXPIREMENTS/MLK_POLY_SUB/SUB00A_d9613cf60de3/SUB00R_BATCH6_T6_CALLSITE_INTEGRATION/07_EXPECTED_FAILURES/B6_7_EXPECTED_FAILURES_MLKEM768_RUN1/inspection/ef_false_tomsg_incompatibility_unwindset.txt	experiments/poly-sub/T06-callsite-integration/raw-evidence/SUB00R_BATCH6_T6_CALLSITE_INTEGRATION/07_EXPECTED_FAILURES/B6_7_EXPECTED_FAILURES_MLKEM768_RUN1/inspection/ef_false_tomsg_incompatibility_unwindset.txt	329	4fde33d342b5e8ef2eaff3150c26cd5f6d0b87935d2fa06a845cf8422d62e615	"[""t6-authoritative-tree"", ""07_EXPECTED_FAILURES/B6_7_EXPECTED_FAILURES_MLKEM768_RUN1/inspection/ef_false_tomsg_incompatibility_unwindset.txt""]"
EXPIREMENTS/MLK_POLY_SUB/SUB00A_d9613cf60de3/07_EXPECTED_FAILURES/B6_7_EXPECTED_FAILURES_MLKEM768_RUN1/inspection/ef_false_tomsg_incompatibility_validate.txt	EXPIREMENTS/MLK_POLY_SUB/SUB00A_d9613cf60de3/SUB00R_BATCH6_T6_CALLSITE_INTEGRATION/07_EXPECTED_FAILURES/B6_7_EXPECTED_FAILURES_MLKEM768_RUN1/inspection/ef_false_tomsg_incompatibility_validate.txt	experiments/poly-sub/T06-callsite-integration/raw-evidence/SUB00R_BATCH6_T6_CALLSITE_INTEGRATION/07_EXPECTED_FAILURES/B6_7_EXPECTED_FAILURES_MLKEM768_RUN1/inspection/ef_false_tomsg_incompatibility_validate.txt	234	b04d9a6d7756715d8860a1129aa5f273fccb77df9f2d6d17c9e8897fcff02d37	"[""t6-authoritative-tree"", ""07_EXPECTED_FAILURES/B6_7_EXPECTED_FAILURES_MLKEM768_RUN1/inspection/ef_false_tomsg_incompatibility_validate.txt""]"
EXPIREMENTS/MLK_POLY_SUB/SUB00A_d9613cf60de3/07_EXPECTED_FAILURES/B6_7_EXPECTED_FAILURES_MLKEM768_RUN1/logs/ef_false_canonicalisation_failure_full_stderr.txt	EXPIREMENTS/MLK_POLY_SUB/SUB00A_d9613cf60de3/SUB00R_BATCH6_T6_CALLSITE_INTEGRATION/07_EXPECTED_FAILURES/B6_7_EXPECTED_FAILURES_MLKEM768_RUN1/logs/ef_false_canonicalisation_failure_full_stderr.txt	experiments/poly-sub/T06-callsite-integration/raw-evidence/SUB00R_BATCH6_T6_CALLSITE_INTEGRATION/07_EXPECTED_FAILURES/B6_7_EXPECTED_FAILURES_MLKEM768_RUN1/logs/ef_false_canonicalisation_failure_full_stderr.txt	0	e3b0c44298fc1c149afbf4c8996fb92427ae41e4649b934ca495991b7852b855	"[""t6-authoritative-tree"", ""07_EXPECTED_FAILURES/B6_7_EXPECTED_FAILURES_MLKEM768_RUN1/logs/ef_false_canonicalisation_failure_full_stderr.txt""]"
EXPIREMENTS/MLK_POLY_SUB/SUB00A_d9613cf60de3/07_EXPECTED_FAILURES/B6_7_EXPECTED_FAILURES_MLKEM768_RUN1/logs/ef_false_canonicalisation_failure_goto_build_stderr.txt	EXPIREMENTS/MLK_POLY_SUB/SUB00A_d9613cf60de3/SUB00R_BATCH6_T6_CALLSITE_INTEGRATION/07_EXPECTED_FAILURES/B6_7_EXPECTED_FAILURES_MLKEM768_RUN1/logs/ef_false_canonicalisation_failure_goto_build_stderr.txt	experiments/poly-sub/T06-callsite-integration/raw-evidence/SUB00R_BATCH6_T6_CALLSITE_INTEGRATION/07_EXPECTED_FAILURES/B6_7_EXPECTED_FAILURES_MLKEM768_RUN1/logs/ef_false_canonicalisation_failure_goto_build_stderr.txt	0	e3b0c44298fc1c149afbf4c8996fb92427ae41e4649b934ca495991b7852b855	"[""t6-authoritative-tree"", ""07_EXPECTED_FAILURES/B6_7_EXPECTED_FAILURES_MLKEM768_RUN1/logs/ef_false_canonicalisation_failure_goto_build_stderr.txt""]"
EXPIREMENTS/MLK_POLY_SUB/SUB00A_d9613cf60de3/07_EXPECTED_FAILURES/B6_7_EXPECTED_FAILURES_MLKEM768_RUN1/logs/ef_false_canonicalisation_failure_goto_build_stdout.txt	EXPIREMENTS/MLK_POLY_SUB/SUB00A_d9613cf60de3/SUB00R_BATCH6_T6_CALLSITE_INTEGRATION/07_EXPECTED_FAILURES/B6_7_EXPECTED_FAILURES_MLKEM768_RUN1/logs/ef_false_canonicalisation_failure_goto_build_stdout.txt	experiments/poly-sub/T06-callsite-integration/raw-evidence/SUB00R_BATCH6_T6_CALLSITE_INTEGRATION/07_EXPECTED_FAILURES/B6_7_EXPECTED_FAILURES_MLKEM768_RUN1/logs/ef_false_canonicalisation_failure_goto_build_stdout.txt	0	e3b0c44298fc1c149afbf4c8996fb92427ae41e4649b934ca495991b7852b855	"[""t6-authoritative-tree"", ""07_EXPECTED_FAILURES/B6_7_EXPECTED_FAILURES_MLKEM768_RUN1/logs/ef_false_canonicalisation_failure_goto_build_stdout.txt""]"
EXPIREMENTS/MLK_POLY_SUB/SUB00A_d9613cf60de3/07_EXPECTED_FAILURES/B6_7_EXPECTED_FAILURES_MLKEM768_RUN1/logs/ef_false_canonicalisation_failure_witness_stderr.txt	EXPIREMENTS/MLK_POLY_SUB/SUB00A_d9613cf60de3/SUB00R_BATCH6_T6_CALLSITE_INTEGRATION/07_EXPECTED_FAILURES/B6_7_EXPECTED_FAILURES_MLKEM768_RUN1/logs/ef_false_canonicalisation_failure_witness_stderr.txt	experiments/poly-sub/T06-callsite-integration/raw-evidence/SUB00R_BATCH6_T6_CALLSITE_INTEGRATION/07_EXPECTED_FAILURES/B6_7_EXPECTED_FAILURES_MLKEM768_RUN1/logs/ef_false_canonicalisation_failure_witness_stderr.txt	0	e3b0c44298fc1c149afbf4c8996fb92427ae41e4649b934ca495991b7852b855	"[""t6-authoritative-tree"", ""07_EXPECTED_FAILURES/B6_7_EXPECTED_FAILURES_MLKEM768_RUN1/logs/ef_false_canonicalisation_failure_witness_stderr.txt""]"
EXPIREMENTS/MLK_POLY_SUB/SUB00A_d9613cf60de3/07_EXPECTED_FAILURES/B6_7_EXPECTED_FAILURES_MLKEM768_RUN1/logs/ef_false_overflow_full_stderr.txt	EXPIREMENTS/MLK_POLY_SUB/SUB00A_d9613cf60de3/SUB00R_BATCH6_T6_CALLSITE_INTEGRATION/07_EXPECTED_FAILURES/B6_7_EXPECTED_FAILURES_MLKEM768_RUN1/logs/ef_false_overflow_full_stderr.txt	experiments/poly-sub/T06-callsite-integration/raw-evidence/SUB00R_BATCH6_T6_CALLSITE_INTEGRATION/07_EXPECTED_FAILURES/B6_7_EXPECTED_FAILURES_MLKEM768_RUN1/logs/ef_false_overflow_full_stderr.txt	0	e3b0c44298fc1c149afbf4c8996fb92427ae41e4649b934ca495991b7852b855	"[""t6-authoritative-tree"", ""07_EXPECTED_FAILURES/B6_7_EXPECTED_FAILURES_MLKEM768_RUN1/logs/ef_false_overflow_full_stderr.txt""]"
EXPIREMENTS/MLK_POLY_SUB/SUB00A_d9613cf60de3/07_EXPECTED_FAILURES/B6_7_EXPECTED_FAILURES_MLKEM768_RUN1/logs/ef_false_overflow_goto_build_stderr.txt	EXPIREMENTS/MLK_POLY_SUB/SUB00A_d9613cf60de3/SUB00R_BATCH6_T6_CALLSITE_INTEGRATION/07_EXPECTED_FAILURES/B6_7_EXPECTED_FAILURES_MLKEM768_RUN1/logs/ef_false_overflow_goto_build_stderr.txt	experiments/poly-sub/T06-callsite-integration/raw-evidence/SUB00R_BATCH6_T6_CALLSITE_INTEGRATION/07_EXPECTED_FAILURES/B6_7_EXPECTED_FAILURES_MLKEM768_RUN1/logs/ef_false_overflow_goto_build_stderr.txt	0	e3b0c44298fc1c149afbf4c8996fb92427ae41e4649b934ca495991b7852b855	"[""t6-authoritative-tree"", ""07_EXPECTED_FAILURES/B6_7_EXPECTED_FAILURES_MLKEM768_RUN1/logs/ef_false_overflow_goto_build_stderr.txt""]"
EXPIREMENTS/MLK_POLY_SUB/SUB00A_d9613cf60de3/07_EXPECTED_FAILURES/B6_7_EXPECTED_FAILURES_MLKEM768_RUN1/logs/ef_false_overflow_goto_build_stdout.txt	EXPIREMENTS/MLK_POLY_SUB/SUB00A_d9613cf60de3/SUB00R_BATCH6_T6_CALLSITE_INTEGRATION/07_EXPECTED_FAILURES/B6_7_EXPECTED_FAILURES_MLKEM768_RUN1/logs/ef_false_overflow_goto_build_stdout.txt	experiments/poly-sub/T06-callsite-integration/raw-evidence/SUB00R_BATCH6_T6_CALLSITE_INTEGRATION/07_EXPECTED_FAILURES/B6_7_EXPECTED_FAILURES_MLKEM768_RUN1/logs/ef_false_overflow_goto_build_stdout.txt	0	e3b0c44298fc1c149afbf4c8996fb92427ae41e4649b934ca495991b7852b855	"[""t6-authoritative-tree"", ""07_EXPECTED_FAILURES/B6_7_EXPECTED_FAILURES_MLKEM768_RUN1/logs/ef_false_overflow_goto_build_stdout.txt""]"
EXPIREMENTS/MLK_POLY_SUB/SUB00A_d9613cf60de3/07_EXPECTED_FAILURES/B6_7_EXPECTED_FAILURES_MLKEM768_RUN1/logs/ef_false_overflow_witness_stderr.txt	EXPIREMENTS/MLK_POLY_SUB/SUB00A_d9613cf60de3/SUB00R_BATCH6_T6_CALLSITE_INTEGRATION/07_EXPECTED_FAILURES/B6_7_EXPECTED_FAILURES_MLKEM768_RUN1/logs/ef_false_overflow_witness_stderr.txt	experiments/poly-sub/T06-callsite-integration/raw-evidence/SUB00R_BATCH6_T6_CALLSITE_INTEGRATION/07_EXPECTED_FAILURES/B6_7_EXPECTED_FAILURES_MLKEM768_RUN1/logs/ef_false_overflow_witness_stderr.txt	0	e3b0c44298fc1c149afbf4c8996fb92427ae41e4649b934ca495991b7852b855	"[""t6-authoritative-tree"", ""07_EXPECTED_FAILURES/B6_7_EXPECTED_FAILURES_MLKEM768_RUN1/logs/ef_false_overflow_witness_stderr.txt""]"
EXPIREMENTS/MLK_POLY_SUB/SUB00A_d9613cf60de3/07_EXPECTED_FAILURES/B6_7_EXPECTED_FAILURES_MLKEM768_RUN1/logs/ef_false_tomsg_incompatibility_full_stderr.txt	EXPIREMENTS/MLK_POLY_SUB/SUB00A_d9613cf60de3/SUB00R_BATCH6_T6_CALLSITE_INTEGRATION/07_EXPECTED_FAILURES/B6_7_EXPECTED_FAILURES_MLKEM768_RUN1/logs/ef_false_tomsg_incompatibility_full_stderr.txt	experiments/poly-sub/T06-callsite-integration/raw-evidence/SUB00R_BATCH6_T6_CALLSITE_INTEGRATION/07_EXPECTED_FAILURES/B6_7_EXPECTED_FAILURES_MLKEM768_RUN1/logs/ef_false_tomsg_incompatibility_full_stderr.txt	0	e3b0c44298fc1c149afbf4c8996fb92427ae41e4649b934ca495991b7852b855	"[""t6-authoritative-tree"", ""07_EXPECTED_FAILURES/B6_7_EXPECTED_FAILURES_MLKEM768_RUN1/logs/ef_false_tomsg_incompatibility_full_stderr.txt""]"
EXPIREMENTS/MLK_POLY_SUB/SUB00A_d9613cf60de3/07_EXPECTED_FAILURES/B6_7_EXPECTED_FAILURES_MLKEM768_RUN1/logs/ef_false_tomsg_incompatibility_goto_build_stderr.txt	EXPIREMENTS/MLK_POLY_SUB/SUB00A_d9613cf60de3/SUB00R_BATCH6_T6_CALLSITE_INTEGRATION/07_EXPECTED_FAILURES/B6_7_EXPECTED_FAILURES_MLKEM768_RUN1/logs/ef_false_tomsg_incompatibility_goto_build_stderr.txt	experiments/poly-sub/T06-callsite-integration/raw-evidence/SUB00R_BATCH6_T6_CALLSITE_INTEGRATION/07_EXPECTED_FAILURES/B6_7_EXPECTED_FAILURES_MLKEM768_RUN1/logs/ef_false_tomsg_incompatibility_goto_build_stderr.txt	0	e3b0c44298fc1c149afbf4c8996fb92427ae41e4649b934ca495991b7852b855	"[""t6-authoritative-tree"", ""07_EXPECTED_FAILURES/B6_7_EXPECTED_FAILURES_MLKEM768_RUN1/logs/ef_false_tomsg_incompatibility_goto_build_stderr.txt""]"
EXPIREMENTS/MLK_POLY_SUB/SUB00A_d9613cf60de3/07_EXPECTED_FAILURES/B6_7_EXPECTED_FAILURES_MLKEM768_RUN1/logs/ef_false_tomsg_incompatibility_goto_build_stdout.txt	EXPIREMENTS/MLK_POLY_SUB/SUB00A_d9613cf60de3/SUB00R_BATCH6_T6_CALLSITE_INTEGRATION/07_EXPECTED_FAILURES/B6_7_EXPECTED_FAILURES_MLKEM768_RUN1/logs/ef_false_tomsg_incompatibility_goto_build_stdout.txt	experiments/poly-sub/T06-callsite-integration/raw-evidence/SUB00R_BATCH6_T6_CALLSITE_INTEGRATION/07_EXPECTED_FAILURES/B6_7_EXPECTED_FAILURES_MLKEM768_RUN1/logs/ef_false_tomsg_incompatibility_goto_build_stdout.txt	0	e3b0c44298fc1c149afbf4c8996fb92427ae41e4649b934ca495991b7852b855	"[""t6-authoritative-tree"", ""07_EXPECTED_FAILURES/B6_7_EXPECTED_FAILURES_MLKEM768_RUN1/logs/ef_false_tomsg_incompatibility_goto_build_stdout.txt""]"
EXPIREMENTS/MLK_POLY_SUB/SUB00A_d9613cf60de3/07_EXPECTED_FAILURES/B6_7_EXPECTED_FAILURES_MLKEM768_RUN1/logs/ef_false_tomsg_incompatibility_witness_stderr.txt	EXPIREMENTS/MLK_POLY_SUB/SUB00A_d9613cf60de3/SUB00R_BATCH6_T6_CALLSITE_INTEGRATION/07_EXPECTED_FAILURES/B6_7_EXPECTED_FAILURES_MLKEM768_RUN1/logs/ef_false_tomsg_incompatibility_witness_stderr.txt	experiments/poly-sub/T06-callsite-integration/raw-evidence/SUB00R_BATCH6_T6_CALLSITE_INTEGRATION/07_EXPECTED_FAILURES/B6_7_EXPECTED_FAILURES_MLKEM768_RUN1/logs/ef_false_tomsg_incompatibility_witness_stderr.txt	0	e3b0c44298fc1c149afbf4c8996fb92427ae41e4649b934ca495991b7852b855	"[""t6-authoritative-tree"", ""07_EXPECTED_FAILURES/B6_7_EXPECTED_FAILURES_MLKEM768_RUN1/logs/ef_false_tomsg_incompatibility_witness_stderr.txt""]"
EXPIREMENTS/MLK_POLY_SUB/SUB00A_d9613cf60de3/07_EXPECTED_FAILURES/B6_7_EXPECTED_FAILURES_MLKEM768_RUN1/resource_usage/ef_false_canonicalisation_failure_full_resource.txt	EXPIREMENTS/MLK_POLY_SUB/SUB00A_d9613cf60de3/SUB00R_BATCH6_T6_CALLSITE_INTEGRATION/07_EXPECTED_FAILURES/B6_7_EXPECTED_FAILURES_MLKEM768_RUN1/resource_usage/ef_false_canonicalisation_failure_full_resource.txt	experiments/poly-sub/T06-callsite-integration/raw-evidence/SUB00R_BATCH6_T6_CALLSITE_INTEGRATION/07_EXPECTED_FAILURES/B6_7_EXPECTED_FAILURES_MLKEM768_RUN1/resource_usage/ef_false_canonicalisation_failure_full_resource.txt	1570	972852c7986d5da27e59f8e997eec91eb70ee41078471d5b957e50a3002f81c2	"[""t6-authoritative-tree"", ""07_EXPECTED_FAILURES/B6_7_EXPECTED_FAILURES_MLKEM768_RUN1/resource_usage/ef_false_canonicalisation_failure_full_resource.txt""]"
EXPIREMENTS/MLK_POLY_SUB/SUB00A_d9613cf60de3/07_EXPECTED_FAILURES/B6_7_EXPECTED_FAILURES_MLKEM768_RUN1/resource_usage/ef_false_canonicalisation_failure_witness_resource.txt	EXPIREMENTS/MLK_POLY_SUB/SUB00A_d9613cf60de3/SUB00R_BATCH6_T6_CALLSITE_INTEGRATION/07_EXPECTED_FAILURES/B6_7_EXPECTED_FAILURES_MLKEM768_RUN1/resource_usage/ef_false_canonicalisation_failure_witness_resource.txt	experiments/poly-sub/T06-callsite-integration/raw-evidence/SUB00R_BATCH6_T6_CALLSITE_INTEGRATION/07_EXPECTED_FAILURES/B6_7_EXPECTED_FAILURES_MLKEM768_RUN1/resource_usage/ef_false_canonicalisation_failure_witness_resource.txt	1583	f282cb313aff2cc0a62549100bee676b345575549616111923efbb3e3a079f8c	"[""t6-authoritative-tree"", ""07_EXPECTED_FAILURES/B6_7_EXPECTED_FAILURES_MLKEM768_RUN1/resource_usage/ef_false_canonicalisation_failure_witness_resource.txt""]"
EXPIREMENTS/MLK_POLY_SUB/SUB00A_d9613cf60de3/07_EXPECTED_FAILURES/B6_7_EXPECTED_FAILURES_MLKEM768_RUN1/resource_usage/ef_false_overflow_full_resource.txt	EXPIREMENTS/MLK_POLY_SUB/SUB00A_d9613cf60de3/SUB00R_BATCH6_T6_CALLSITE_INTEGRATION/07_EXPECTED_FAILURES/B6_7_EXPECTED_FAILURES_MLKEM768_RUN1/resource_usage/ef_false_overflow_full_resource.txt	experiments/poly-sub/T06-callsite-integration/raw-evidence/SUB00R_BATCH6_T6_CALLSITE_INTEGRATION/07_EXPECTED_FAILURES/B6_7_EXPECTED_FAILURES_MLKEM768_RUN1/resource_usage/ef_false_overflow_full_resource.txt	1413	56be0d6d7f50e4507d90193f04b57a6bf134a4af6f0180615a3390a0dcfa8d3e	"[""t6-authoritative-tree"", ""07_EXPECTED_FAILURES/B6_7_EXPECTED_FAILURES_MLKEM768_RUN1/resource_usage/ef_false_overflow_full_resource.txt""]"
EXPIREMENTS/MLK_POLY_SUB/SUB00A_d9613cf60de3/07_EXPECTED_FAILURES/B6_7_EXPECTED_FAILURES_MLKEM768_RUN1/resource_usage/ef_false_overflow_witness_resource.txt	EXPIREMENTS/MLK_POLY_SUB/SUB00A_d9613cf60de3/SUB00R_BATCH6_T6_CALLSITE_INTEGRATION/07_EXPECTED_FAILURES/B6_7_EXPECTED_FAILURES_MLKEM768_RUN1/resource_usage/ef_false_overflow_witness_resource.txt	experiments/poly-sub/T06-callsite-integration/raw-evidence/SUB00R_BATCH6_T6_CALLSITE_INTEGRATION/07_EXPECTED_FAILURES/B6_7_EXPECTED_FAILURES_MLKEM768_RUN1/resource_usage/ef_false_overflow_witness_resource.txt	1428	e758ea4016e22ad64587bc19a4534e2727676f754dd46e1f560fdd0dbd6dedec	"[""t6-authoritative-tree"", ""07_EXPECTED_FAILURES/B6_7_EXPECTED_FAILURES_MLKEM768_RUN1/resource_usage/ef_false_overflow_witness_resource.txt""]"
EXPIREMENTS/MLK_POLY_SUB/SUB00A_d9613cf60de3/07_EXPECTED_FAILURES/B6_7_EXPECTED_FAILURES_MLKEM768_RUN1/resource_usage/ef_false_tomsg_incompatibility_full_resource.txt	EXPIREMENTS/MLK_POLY_SUB/SUB00A_d9613cf60de3/SUB00R_BATCH6_T6_CALLSITE_INTEGRATION/07_EXPECTED_FAILURES/B6_7_EXPECTED_FAILURES_MLKEM768_RUN1/resource_usage/ef_false_tomsg_incompatibility_full_resource.txt	experiments/poly-sub/T06-callsite-integration/raw-evidence/SUB00R_BATCH6_T6_CALLSITE_INTEGRATION/07_EXPECTED_FAILURES/B6_7_EXPECTED_FAILURES_MLKEM768_RUN1/resource_usage/ef_false_tomsg_incompatibility_full_resource.txt	1672	99b5181374c559c678950426e89c953457385e3afcd3d7b1f1ae0d6a6df1dd69	"[""t6-authoritative-tree"", ""07_EXPECTED_FAILURES/B6_7_EXPECTED_FAILURES_MLKEM768_RUN1/resource_usage/ef_false_tomsg_incompatibility_full_resource.txt""]"
EXPIREMENTS/MLK_POLY_SUB/SUB00A_d9613cf60de3/07_EXPECTED_FAILURES/B6_7_EXPECTED_FAILURES_MLKEM768_RUN1/resource_usage/ef_false_tomsg_incompatibility_witness_resource.txt	EXPIREMENTS/MLK_POLY_SUB/SUB00A_d9613cf60de3/SUB00R_BATCH6_T6_CALLSITE_INTEGRATION/07_EXPECTED_FAILURES/B6_7_EXPECTED_FAILURES_MLKEM768_RUN1/resource_usage/ef_false_tomsg_incompatibility_witness_resource.txt	experiments/poly-sub/T06-callsite-integration/raw-evidence/SUB00R_BATCH6_T6_CALLSITE_INTEGRATION/07_EXPECTED_FAILURES/B6_7_EXPECTED_FAILURES_MLKEM768_RUN1/resource_usage/ef_false_tomsg_incompatibility_witness_resource.txt	1684	c9a365ae8b97911097b69ac14ec87859b8260c50836805a26835614e225fc923	"[""t6-authoritative-tree"", ""07_EXPECTED_FAILURES/B6_7_EXPECTED_FAILURES_MLKEM768_RUN1/resource_usage/ef_false_tomsg_incompatibility_witness_resource.txt""]"
EXPIREMENTS/MLK_POLY_SUB/SUB00A_d9613cf60de3/07_EXPECTED_FAILURES/B6_7_EXPECTED_FAILURES_MLKEM768_RUN1/support/audit_expected_failure_json.py	EXPIREMENTS/MLK_POLY_SUB/SUB00A_d9613cf60de3/SUB00R_BATCH6_T6_CALLSITE_INTEGRATION/07_EXPECTED_FAILURES/B6_7_EXPECTED_FAILURES_MLKEM768_RUN1/support/audit_expected_failure_json.py	experiments/poly-sub/T06-callsite-integration/raw-evidence/SUB00R_BATCH6_T6_CALLSITE_INTEGRATION/07_EXPECTED_FAILURES/B6_7_EXPECTED_FAILURES_MLKEM768_RUN1/support/audit_expected_failure_json.py	2247	427848d1ca89595f1b8473a63f625043f5cf531584f0d50b825d2f60ab389c03	"[""t6-authoritative-tree"", ""07_EXPECTED_FAILURES/B6_7_EXPECTED_FAILURES_MLKEM768_RUN1/support/audit_expected_failure_json.py""]"
EXPIREMENTS/MLK_POLY_SUB/SUB00A_d9613cf60de3/07_EXPECTED_FAILURES/B6_7_EXPECTED_FAILURES_MLKEM768_RUN1/support/derive_reachable_unwindset.py	EXPIREMENTS/MLK_POLY_SUB/SUB00A_d9613cf60de3/SUB00R_BATCH6_T6_CALLSITE_INTEGRATION/07_EXPECTED_FAILURES/B6_7_EXPECTED_FAILURES_MLKEM768_RUN1/support/derive_reachable_unwindset.py	experiments/poly-sub/T06-callsite-integration/raw-evidence/SUB00R_BATCH6_T6_CALLSITE_INTEGRATION/07_EXPECTED_FAILURES/B6_7_EXPECTED_FAILURES_MLKEM768_RUN1/support/derive_reachable_unwindset.py	3817	8ea33fcb5d99db403f757a322365846ff20e0fe57244b60677c392005d3b8c8f	"[""t6-authoritative-tree"", ""07_EXPECTED_FAILURES/B6_7_EXPECTED_FAILURES_MLKEM768_RUN1/support/derive_reachable_unwindset.py""]"
EXPIREMENTS/MLK_POLY_SUB/SUB00A_d9613cf60de3/07_EXPECTED_FAILURES/B6_7_EXPECTED_FAILURES_MLKEM768_RUN1/witnesses/ef_false_canonicalisation_failure_witness.txt	EXPIREMENTS/MLK_POLY_SUB/SUB00A_d9613cf60de3/SUB00R_BATCH6_T6_CALLSITE_INTEGRATION/07_EXPECTED_FAILURES/B6_7_EXPECTED_FAILURES_MLKEM768_RUN1/witnesses/ef_false_canonicalisation_failure_witness.txt	experiments/poly-sub/T06-callsite-integration/raw-evidence/SUB00R_BATCH6_T6_CALLSITE_INTEGRATION/07_EXPECTED_FAILURES/B6_7_EXPECTED_FAILURES_MLKEM768_RUN1/witnesses/ef_false_canonicalisation_failure_witness.txt	4500638	35bde28eec239f674e1d507d2e7f1e9eb51eeb64be4db13a527b1bd6cd3c1af8	"[""t6-authoritative-tree"", ""07_EXPECTED_FAILURES/B6_7_EXPECTED_FAILURES_MLKEM768_RUN1/witnesses/ef_false_canonicalisation_failure_witness.txt""]"
EXPIREMENTS/MLK_POLY_SUB/SUB00A_d9613cf60de3/07_EXPECTED_FAILURES/B6_7_EXPECTED_FAILURES_MLKEM768_RUN1/witnesses/ef_false_canonicalisation_failure_witness.txt.sha256	EXPIREMENTS/MLK_POLY_SUB/SUB00A_d9613cf60de3/SUB00R_BATCH6_T6_CALLSITE_INTEGRATION/07_EXPECTED_FAILURES/B6_7_EXPECTED_FAILURES_MLKEM768_RUN1/witnesses/ef_false_canonicalisation_failure_witness.txt.sha256	experiments/poly-sub/T06-callsite-integration/raw-evidence/SUB00R_BATCH6_T6_CALLSITE_INTEGRATION/07_EXPECTED_FAILURES/B6_7_EXPECTED_FAILURES_MLKEM768_RUN1/witnesses/ef_false_canonicalisation_failure_witness.txt.sha256	286	1b498bc92856f8ec0c67e39a9fd1711d0735780275ce77ded3f976248d0702cf	"[""t6-authoritative-tree"", ""07_EXPECTED_FAILURES/B6_7_EXPECTED_FAILURES_MLKEM768_RUN1/witnesses/ef_false_canonicalisation_failure_witness.txt.sha256""]"
EXPIREMENTS/MLK_POLY_SUB/SUB00A_d9613cf60de3/07_EXPECTED_FAILURES/B6_7_EXPECTED_FAILURES_MLKEM768_RUN1/witnesses/ef_false_overflow_witness.txt	EXPIREMENTS/MLK_POLY_SUB/SUB00A_d9613cf60de3/SUB00R_BATCH6_T6_CALLSITE_INTEGRATION/07_EXPECTED_FAILURES/B6_7_EXPECTED_FAILURES_MLKEM768_RUN1/witnesses/ef_false_overflow_witness.txt	experiments/poly-sub/T06-callsite-integration/raw-evidence/SUB00R_BATCH6_T6_CALLSITE_INTEGRATION/07_EXPECTED_FAILURES/B6_7_EXPECTED_FAILURES_MLKEM768_RUN1/witnesses/ef_false_overflow_witness.txt	788946	e66a07ab88166d8d01670f01a7f1bb9a3102e8f87ad629f6a9943be021baf517	"[""t6-authoritative-tree"", ""07_EXPECTED_FAILURES/B6_7_EXPECTED_FAILURES_MLKEM768_RUN1/witnesses/ef_false_overflow_witness.txt""]"
EXPIREMENTS/MLK_POLY_SUB/SUB00A_d9613cf60de3/07_EXPECTED_FAILURES/B6_7_EXPECTED_FAILURES_MLKEM768_RUN1/witnesses/ef_false_overflow_witness.txt.sha256	EXPIREMENTS/MLK_POLY_SUB/SUB00A_d9613cf60de3/SUB00R_BATCH6_T6_CALLSITE_INTEGRATION/07_EXPECTED_FAILURES/B6_7_EXPECTED_FAILURES_MLKEM768_RUN1/witnesses/ef_false_overflow_witness.txt.sha256	experiments/poly-sub/T06-callsite-integration/raw-evidence/SUB00R_BATCH6_T6_CALLSITE_INTEGRATION/07_EXPECTED_FAILURES/B6_7_EXPECTED_FAILURES_MLKEM768_RUN1/witnesses/ef_false_overflow_witness.txt.sha256	270	15b7f6e77f868631dbc2fae6bc38138f9391f2f4e62f7dd560ff625aced139b6	"[""t6-authoritative-tree"", ""07_EXPECTED_FAILURES/B6_7_EXPECTED_FAILURES_MLKEM768_RUN1/witnesses/ef_false_overflow_witness.txt.sha256""]"
EXPIREMENTS/MLK_POLY_SUB/SUB00A_d9613cf60de3/07_EXPECTED_FAILURES/B6_7_EXPECTED_FAILURES_MLKEM768_RUN1/witnesses/ef_false_tomsg_incompatibility_witness.txt	EXPIREMENTS/MLK_POLY_SUB/SUB00A_d9613cf60de3/SUB00R_BATCH6_T6_CALLSITE_INTEGRATION/07_EXPECTED_FAILURES/B6_7_EXPECTED_FAILURES_MLKEM768_RUN1/witnesses/ef_false_tomsg_incompatibility_witness.txt	experiments/poly-sub/T06-callsite-integration/raw-evidence/SUB00R_BATCH6_T6_CALLSITE_INTEGRATION/07_EXPECTED_FAILURES/B6_7_EXPECTED_FAILURES_MLKEM768_RUN1/witnesses/ef_false_tomsg_incompatibility_witness.txt	4500611	387bb37b55c332c1699634ee9b161642983139347030fad3c049074431096eb9	"[""t6-authoritative-tree"", ""07_EXPECTED_FAILURES/B6_7_EXPECTED_FAILURES_MLKEM768_RUN1/witnesses/ef_false_tomsg_incompatibility_witness.txt""]"
EXPIREMENTS/MLK_POLY_SUB/SUB00A_d9613cf60de3/07_EXPECTED_FAILURES/B6_7_EXPECTED_FAILURES_MLKEM768_RUN1/witnesses/ef_false_tomsg_incompatibility_witness.txt.sha256	EXPIREMENTS/MLK_POLY_SUB/SUB00A_d9613cf60de3/SUB00R_BATCH6_T6_CALLSITE_INTEGRATION/07_EXPECTED_FAILURES/B6_7_EXPECTED_FAILURES_MLKEM768_RUN1/witnesses/ef_false_tomsg_incompatibility_witness.txt.sha256	experiments/poly-sub/T06-callsite-integration/raw-evidence/SUB00R_BATCH6_T6_CALLSITE_INTEGRATION/07_EXPECTED_FAILURES/B6_7_EXPECTED_FAILURES_MLKEM768_RUN1/witnesses/ef_false_tomsg_incompatibility_witness.txt.sha256	283	fc065f4ea2147749b721b751a5a527b73fe32d7c0925fd0dd6da4b3481c8e2d0	"[""t6-authoritative-tree"", ""07_EXPECTED_FAILURES/B6_7_EXPECTED_FAILURES_MLKEM768_RUN1/witnesses/ef_false_tomsg_incompatibility_witness.txt.sha256""]"
EXPIREMENTS/MLK_POLY_SUB/SUB00A_d9613cf60de3/B6_5_POSITIVE_EXECUTION_MLKEM768_RUN4_TOMSG_PRAGMA_RECOVERY_V3/SUB_T6_B6_5_POSITIVE_RECOVERY_ARTIFACT_MANIFEST.sha256	EXPIREMENTS/MLK_POLY_SUB/SUB00A_d9613cf60de3/SUB00R_BATCH6_T6_CALLSITE_INTEGRATION/05_POSITIVE_EXECUTION/B6_5_POSITIVE_EXECUTION_MLKEM768_RUN4_TOMSG_PRAGMA_RECOVERY_V3/SUB_T6_B6_5_POSITIVE_RECOVERY_ARTIFACT_MANIFEST.sha256	experiments/poly-sub/T06-callsite-integration/raw-evidence/SUB00R_BATCH6_T6_CALLSITE_INTEGRATION/05_POSITIVE_EXECUTION/B6_5_POSITIVE_EXECUTION_MLKEM768_RUN4_TOMSG_PRAGMA_RECOVERY_V3/SUB_T6_B6_5_POSITIVE_RECOVERY_ARTIFACT_MANIFEST.sha256	9420	6f0dcf8e696299a5e411c2ee0b32fcf9ccf131dbcd2d85a0a2e5ec8389e55404	"[""t6-authoritative-tree"", ""05_POSITIVE_EXECUTION/B6_5_POSITIVE_EXECUTION_MLKEM768_RUN4_TOMSG_PRAGMA_RECOVERY_V3/SUB_T6_B6_5_POSITIVE_RECOVERY_ARTIFACT_MANIFEST.sha256""]"
EXPIREMENTS/MLK_POLY_SUB/SUB00A_d9613cf60de3/B6_5_POSITIVE_EXECUTION_MLKEM768_RUN4_TOMSG_PRAGMA_RECOVERY_V3/SUB_T6_B6_5_POSITIVE_RECOVERY_SUMMARY.txt	EXPIREMENTS/MLK_POLY_SUB/SUB00A_d9613cf60de3/SUB00R_BATCH6_T6_CALLSITE_INTEGRATION/05_POSITIVE_EXECUTION/B6_5_POSITIVE_EXECUTION_MLKEM768_RUN4_TOMSG_PRAGMA_RECOVERY_V3/SUB_T6_B6_5_POSITIVE_RECOVERY_SUMMARY.txt	experiments/poly-sub/T06-callsite-integration/raw-evidence/SUB00R_BATCH6_T6_CALLSITE_INTEGRATION/05_POSITIVE_EXECUTION/B6_5_POSITIVE_EXECUTION_MLKEM768_RUN4_TOMSG_PRAGMA_RECOVERY_V3/SUB_T6_B6_5_POSITIVE_RECOVERY_SUMMARY.txt	2431	99d34f34e9e39672260c4f8b67db5c5a6c31850780783774f348cf21f381e24b	"[""t6-authoritative-tree"", ""05_POSITIVE_EXECUTION/B6_5_POSITIVE_EXECUTION_MLKEM768_RUN4_TOMSG_PRAGMA_RECOVERY_V3/SUB_T6_B6_5_POSITIVE_RECOVERY_SUMMARY.txt""]"
EXPIREMENTS/MLK_POLY_SUB/SUB00A_d9613cf60de3/B6_5_POSITIVE_EXECUTION_MLKEM768_RUN4_TOMSG_PRAGMA_RECOVERY_V3/SUB_T6_B6_5_RECOVERY_RATIONALE.md	EXPIREMENTS/MLK_POLY_SUB/SUB00A_d9613cf60de3/SUB00R_BATCH6_T6_CALLSITE_INTEGRATION/05_POSITIVE_EXECUTION/B6_5_POSITIVE_EXECUTION_MLKEM768_RUN4_TOMSG_PRAGMA_RECOVERY_V3/SUB_T6_B6_5_RECOVERY_RATIONALE.md	experiments/poly-sub/T06-callsite-integration/raw-evidence/SUB00R_BATCH6_T6_CALLSITE_INTEGRATION/05_POSITIVE_EXECUTION/B6_5_POSITIVE_EXECUTION_MLKEM768_RUN4_TOMSG_PRAGMA_RECOVERY_V3/SUB_T6_B6_5_RECOVERY_RATIONALE.md	1088	40518ef54536900d45f76873926bf95977cf9658c82b69c154f7212786919b92	"[""t6-authoritative-tree"", ""05_POSITIVE_EXECUTION/B6_5_POSITIVE_EXECUTION_MLKEM768_RUN4_TOMSG_PRAGMA_RECOVERY_V3/SUB_T6_B6_5_RECOVERY_RATIONALE.md""]"
EXPIREMENTS/MLK_POLY_SUB/SUB00A_d9613cf60de3/B6_5_POSITIVE_EXECUTION_MLKEM768_RUN4_TOMSG_PRAGMA_RECOVERY_V3/carried_forward_run1/CARRIED_FORWARD_PROVENANCE.txt	EXPIREMENTS/MLK_POLY_SUB/SUB00A_d9613cf60de3/SUB00R_BATCH6_T6_CALLSITE_INTEGRATION/05_POSITIVE_EXECUTION/B6_5_POSITIVE_EXECUTION_MLKEM768_RUN4_TOMSG_PRAGMA_RECOVERY_V3/carried_forward_run1/CARRIED_FORWARD_PROVENANCE.txt	experiments/poly-sub/T06-callsite-integration/raw-evidence/SUB00R_BATCH6_T6_CALLSITE_INTEGRATION/05_POSITIVE_EXECUTION/B6_5_POSITIVE_EXECUTION_MLKEM768_RUN4_TOMSG_PRAGMA_RECOVERY_V3/carried_forward_run1/CARRIED_FORWARD_PROVENANCE.txt	439	54129de202b4696bf4785f9818b218c53b2bcf7a1b56d7a8d207cd4e36137fa2	"[""t6-authoritative-tree"", ""05_POSITIVE_EXECUTION/B6_5_POSITIVE_EXECUTION_MLKEM768_RUN4_TOMSG_PRAGMA_RECOVERY_V3/carried_forward_run1/CARRIED_FORWARD_PROVENANCE.txt""]"
EXPIREMENTS/MLK_POLY_SUB/SUB00A_d9613cf60de3/B6_5_POSITIVE_EXECUTION_MLKEM768_RUN4_TOMSG_PRAGMA_RECOVERY_V3/carried_forward_run1/commands/callsite_exactness_cbmc_command.txt	EXPIREMENTS/MLK_POLY_SUB/SUB00A_d9613cf60de3/SUB00R_BATCH6_T6_CALLSITE_INTEGRATION/05_POSITIVE_EXECUTION/B6_5_POSITIVE_EXECUTION_MLKEM768_RUN4_TOMSG_PRAGMA_RECOVERY_V3/carried_forward_run1/commands/callsite_exactness_cbmc_command.txt	experiments/poly-sub/T06-callsite-integration/raw-evidence/SUB00R_BATCH6_T6_CALLSITE_INTEGRATION/05_POSITIVE_EXECUTION/B6_5_POSITIVE_EXECUTION_MLKEM768_RUN4_TOMSG_PRAGMA_RECOVERY_V3/carried_forward_run1/commands/callsite_exactness_cbmc_command.txt	593	92d8de226e4733d1de84fd33ca9b8c4fa37d48e9e60e8d59ea943723965a6d8c	"[""t6-authoritative-tree"", ""05_POSITIVE_EXECUTION/B6_5_POSITIVE_EXECUTION_MLKEM768_RUN4_TOMSG_PRAGMA_RECOVERY_V3/carried_forward_run1/commands/callsite_exactness_cbmc_command.txt""]"
EXPIREMENTS/MLK_POLY_SUB/SUB00A_d9613cf60de3/B6_5_POSITIVE_EXECUTION_MLKEM768_RUN4_TOMSG_PRAGMA_RECOVERY_V3/carried_forward_run1/commands/callsite_frame_cbmc_command.txt	EXPIREMENTS/MLK_POLY_SUB/SUB00A_d9613cf60de3/SUB00R_BATCH6_T6_CALLSITE_INTEGRATION/05_POSITIVE_EXECUTION/B6_5_POSITIVE_EXECUTION_MLKEM768_RUN4_TOMSG_PRAGMA_RECOVERY_V3/carried_forward_run1/commands/callsite_frame_cbmc_command.txt	experiments/poly-sub/T06-callsite-integration/raw-evidence/SUB00R_BATCH6_T6_CALLSITE_INTEGRATION/05_POSITIVE_EXECUTION/B6_5_POSITIVE_EXECUTION_MLKEM768_RUN4_TOMSG_PRAGMA_RECOVERY_V3/carried_forward_run1/commands/callsite_frame_cbmc_command.txt	601	b327caecfe1bce990a302f626c5bf9be116f9c59ac707fbc253cda7ebd33615a	"[""t6-authoritative-tree"", ""05_POSITIVE_EXECUTION/B6_5_POSITIVE_EXECUTION_MLKEM768_RUN4_TOMSG_PRAGMA_RECOVERY_V3/carried_forward_run1/commands/callsite_frame_cbmc_command.txt""]"
EXPIREMENTS/MLK_POLY_SUB/SUB00A_d9613cf60de3/B6_5_POSITIVE_EXECUTION_MLKEM768_RUN4_TOMSG_PRAGMA_RECOVERY_V3/carried_forward_run1/commands/callsite_precondition_cbmc_command.txt	EXPIREMENTS/MLK_POLY_SUB/SUB00A_d9613cf60de3/SUB00R_BATCH6_T6_CALLSITE_INTEGRATION/05_POSITIVE_EXECUTION/B6_5_POSITIVE_EXECUTION_MLKEM768_RUN4_TOMSG_PRAGMA_RECOVERY_V3/carried_forward_run1/commands/callsite_precondition_cbmc_command.txt	experiments/poly-sub/T06-callsite-integration/raw-evidence/SUB00R_BATCH6_T6_CALLSITE_INTEGRATION/05_POSITIVE_EXECUTION/B6_5_POSITIVE_EXECUTION_MLKEM768_RUN4_TOMSG_PRAGMA_RECOVERY_V3/carried_forward_run1/commands/callsite_precondition_cbmc_command.txt	608	db64c11c958ce5ae4f9cbb66a1e590e7edaca61b68ac0f00eb32b9400e5b6ee3	"[""t6-authoritative-tree"", ""05_POSITIVE_EXECUTION/B6_5_POSITIVE_EXECUTION_MLKEM768_RUN4_TOMSG_PRAGMA_RECOVERY_V3/carried_forward_run1/commands/callsite_precondition_cbmc_command.txt""]"
EXPIREMENTS/MLK_POLY_SUB/SUB00A_d9613cf60de3/B6_5_POSITIVE_EXECUTION_MLKEM768_RUN4_TOMSG_PRAGMA_RECOVERY_V3/carried_forward_run1/commands/sub_reduce_handoff_cbmc_command.txt	EXPIREMENTS/MLK_POLY_SUB/SUB00A_d9613cf60de3/SUB00R_BATCH6_T6_CALLSITE_INTEGRATION/05_POSITIVE_EXECUTION/B6_5_POSITIVE_EXECUTION_MLKEM768_RUN4_TOMSG_PRAGMA_RECOVERY_V3/carried_forward_run1/commands/sub_reduce_handoff_cbmc_command.txt	experiments/poly-sub/T06-callsite-integration/raw-evidence/SUB00R_BATCH6_T6_CALLSITE_INTEGRATION/05_POSITIVE_EXECUTION/B6_5_POSITIVE_EXECUTION_MLKEM768_RUN4_TOMSG_PRAGMA_RECOVERY_V3/carried_forward_run1/commands/sub_reduce_handoff_cbmc_command.txt	759	fba06ca09554eeec6892ef19a2edda99c7bc0fec2cb26a042d56f17339059fa0	"[""t6-authoritative-tree"", ""05_POSITIVE_EXECUTION/B6_5_POSITIVE_EXECUTION_MLKEM768_RUN4_TOMSG_PRAGMA_RECOVERY_V3/carried_forward_run1/commands/sub_reduce_handoff_cbmc_command.txt""]"
EXPIREMENTS/MLK_POLY_SUB/SUB00A_d9613cf60de3/B6_5_POSITIVE_EXECUTION_MLKEM768_RUN4_TOMSG_PRAGMA_RECOVERY_V3/carried_forward_run1/exit_codes/callsite_exactness_cbmc_exit_code.txt	EXPIREMENTS/MLK_POLY_SUB/SUB00A_d9613cf60de3/SUB00R_BATCH6_T6_CALLSITE_INTEGRATION/05_POSITIVE_EXECUTION/B6_5_POSITIVE_EXECUTION_MLKEM768_RUN4_TOMSG_PRAGMA_RECOVERY_V3/carried_forward_run1/exit_codes/callsite_exactness_cbmc_exit_code.txt	experiments/poly-sub/T06-callsite-integration/raw-evidence/SUB00R_BATCH6_T6_CALLSITE_INTEGRATION/05_POSITIVE_EXECUTION/B6_5_POSITIVE_EXECUTION_MLKEM768_RUN4_TOMSG_PRAGMA_RECOVERY_V3/carried_forward_run1/exit_codes/callsite_exactness_cbmc_exit_code.txt	2	9a271f2a916b0b6ee6cecb2426f0b3206ef074578be55d9bc94f6f3fe3ab86aa	"[""t6-authoritative-tree"", ""05_POSITIVE_EXECUTION/B6_5_POSITIVE_EXECUTION_MLKEM768_RUN4_TOMSG_PRAGMA_RECOVERY_V3/carried_forward_run1/exit_codes/callsite_exactness_cbmc_exit_code.txt""]"
EXPIREMENTS/MLK_POLY_SUB/SUB00A_d9613cf60de3/B6_5_POSITIVE_EXECUTION_MLKEM768_RUN4_TOMSG_PRAGMA_RECOVERY_V3/carried_forward_run1/exit_codes/callsite_frame_cbmc_exit_code.txt	EXPIREMENTS/MLK_POLY_SUB/SUB00A_d9613cf60de3/SUB00R_BATCH6_T6_CALLSITE_INTEGRATION/05_POSITIVE_EXECUTION/B6_5_POSITIVE_EXECUTION_MLKEM768_RUN4_TOMSG_PRAGMA_RECOVERY_V3/carried_forward_run1/exit_codes/callsite_frame_cbmc_exit_code.txt	experiments/poly-sub/T06-callsite-integration/raw-evidence/SUB00R_BATCH6_T6_CALLSITE_INTEGRATION/05_POSITIVE_EXECUTION/B6_5_POSITIVE_EXECUTION_MLKEM768_RUN4_TOMSG_PRAGMA_RECOVERY_V3/carried_forward_run1/exit_codes/callsite_frame_cbmc_exit_code.txt	2	9a271f2a916b0b6ee6cecb2426f0b3206ef074578be55d9bc94f6f3fe3ab86aa	"[""t6-authoritative-tree"", ""05_POSITIVE_EXECUTION/B6_5_POSITIVE_EXECUTION_MLKEM768_RUN4_TOMSG_PRAGMA_RECOVERY_V3/carried_forward_run1/exit_codes/callsite_frame_cbmc_exit_code.txt""]"
EXPIREMENTS/MLK_POLY_SUB/SUB00A_d9613cf60de3/B6_5_POSITIVE_EXECUTION_MLKEM768_RUN4_TOMSG_PRAGMA_RECOVERY_V3/carried_forward_run1/exit_codes/callsite_precondition_cbmc_exit_code.txt	EXPIREMENTS/MLK_POLY_SUB/SUB00A_d9613cf60de3/SUB00R_BATCH6_T6_CALLSITE_INTEGRATION/05_POSITIVE_EXECUTION/B6_5_POSITIVE_EXECUTION_MLKEM768_RUN4_TOMSG_PRAGMA_RECOVERY_V3/carried_forward_run1/exit_codes/callsite_precondition_cbmc_exit_code.txt	experiments/poly-sub/T06-callsite-integration/raw-evidence/SUB00R_BATCH6_T6_CALLSITE_INTEGRATION/05_POSITIVE_EXECUTION/B6_5_POSITIVE_EXECUTION_MLKEM768_RUN4_TOMSG_PRAGMA_RECOVERY_V3/carried_forward_run1/exit_codes/callsite_precondition_cbmc_exit_code.txt	2	9a271f2a916b0b6ee6cecb2426f0b3206ef074578be55d9bc94f6f3fe3ab86aa	"[""t6-authoritative-tree"", ""05_POSITIVE_EXECUTION/B6_5_POSITIVE_EXECUTION_MLKEM768_RUN4_TOMSG_PRAGMA_RECOVERY_V3/carried_forward_run1/exit_codes/callsite_precondition_cbmc_exit_code.txt""]"
EXPIREMENTS/MLK_POLY_SUB/SUB00A_d9613cf60de3/B6_5_POSITIVE_EXECUTION_MLKEM768_RUN4_TOMSG_PRAGMA_RECOVERY_V3/carried_forward_run1/exit_codes/sub_reduce_handoff_cbmc_exit_code.txt	EXPIREMENTS/MLK_POLY_SUB/SUB00A_d9613cf60de3/SUB00R_BATCH6_T6_CALLSITE_INTEGRATION/05_POSITIVE_EXECUTION/B6_5_POSITIVE_EXECUTION_MLKEM768_RUN4_TOMSG_PRAGMA_RECOVERY_V3/carried_forward_run1/exit_codes/sub_reduce_handoff_cbmc_exit_code.txt	experiments/poly-sub/T06-callsite-integration/raw-evidence/SUB00R_BATCH6_T6_CALLSITE_INTEGRATION/05_POSITIVE_EXECUTION/B6_5_POSITIVE_EXECUTION_MLKEM768_RUN4_TOMSG_PRAGMA_RECOVERY_V3/carried_forward_run1/exit_codes/sub_reduce_handoff_cbmc_exit_code.txt	2	9a271f2a916b0b6ee6cecb2426f0b3206ef074578be55d9bc94f6f3fe3ab86aa	"[""t6-authoritative-tree"", ""05_POSITIVE_EXECUTION/B6_5_POSITIVE_EXECUTION_MLKEM768_RUN4_TOMSG_PRAGMA_RECOVERY_V3/carried_forward_run1/exit_codes/sub_reduce_handoff_cbmc_exit_code.txt""]"
EXPIREMENTS/MLK_POLY_SUB/SUB00A_d9613cf60de3/B6_5_POSITIVE_EXECUTION_MLKEM768_RUN4_TOMSG_PRAGMA_RECOVERY_V3/carried_forward_run1/logs/callsite_exactness_cbmc_stderr.txt	EXPIREMENTS/MLK_POLY_SUB/SUB00A_d9613cf60de3/SUB00R_BATCH6_T6_CALLSITE_INTEGRATION/05_POSITIVE_EXECUTION/B6_5_POSITIVE_EXECUTION_MLKEM768_RUN4_TOMSG_PRAGMA_RECOVERY_V3/carried_forward_run1/logs/callsite_exactness_cbmc_stderr.txt	experiments/poly-sub/T06-callsite-integration/raw-evidence/SUB00R_BATCH6_T6_CALLSITE_INTEGRATION/05_POSITIVE_EXECUTION/B6_5_POSITIVE_EXECUTION_MLKEM768_RUN4_TOMSG_PRAGMA_RECOVERY_V3/carried_forward_run1/logs/callsite_exactness_cbmc_stderr.txt	0	e3b0c44298fc1c149afbf4c8996fb92427ae41e4649b934ca495991b7852b855	"[""t6-authoritative-tree"", ""05_POSITIVE_EXECUTION/B6_5_POSITIVE_EXECUTION_MLKEM768_RUN4_TOMSG_PRAGMA_RECOVERY_V3/carried_forward_run1/logs/callsite_exactness_cbmc_stderr.txt""]"
EXPIREMENTS/MLK_POLY_SUB/SUB00A_d9613cf60de3/B6_5_POSITIVE_EXECUTION_MLKEM768_RUN4_TOMSG_PRAGMA_RECOVERY_V3/carried_forward_run1/logs/callsite_frame_cbmc_stderr.txt	EXPIREMENTS/MLK_POLY_SUB/SUB00A_d9613cf60de3/SUB00R_BATCH6_T6_CALLSITE_INTEGRATION/05_POSITIVE_EXECUTION/B6_5_POSITIVE_EXECUTION_MLKEM768_RUN4_TOMSG_PRAGMA_RECOVERY_V3/carried_forward_run1/logs/callsite_frame_cbmc_stderr.txt	experiments/poly-sub/T06-callsite-integration/raw-evidence/SUB00R_BATCH6_T6_CALLSITE_INTEGRATION/05_POSITIVE_EXECUTION/B6_5_POSITIVE_EXECUTION_MLKEM768_RUN4_TOMSG_PRAGMA_RECOVERY_V3/carried_forward_run1/logs/callsite_frame_cbmc_stderr.txt	0	e3b0c44298fc1c149afbf4c8996fb92427ae41e4649b934ca495991b7852b855	"[""t6-authoritative-tree"", ""05_POSITIVE_EXECUTION/B6_5_POSITIVE_EXECUTION_MLKEM768_RUN4_TOMSG_PRAGMA_RECOVERY_V3/carried_forward_run1/logs/callsite_frame_cbmc_stderr.txt""]"
EXPIREMENTS/MLK_POLY_SUB/SUB00A_d9613cf60de3/B6_5_POSITIVE_EXECUTION_MLKEM768_RUN4_TOMSG_PRAGMA_RECOVERY_V3/carried_forward_run1/logs/callsite_precondition_cbmc_stderr.txt	EXPIREMENTS/MLK_POLY_SUB/SUB00A_d9613cf60de3/SUB00R_BATCH6_T6_CALLSITE_INTEGRATION/05_POSITIVE_EXECUTION/B6_5_POSITIVE_EXECUTION_MLKEM768_RUN4_TOMSG_PRAGMA_RECOVERY_V3/carried_forward_run1/logs/callsite_precondition_cbmc_stderr.txt	experiments/poly-sub/T06-callsite-integration/raw-evidence/SUB00R_BATCH6_T6_CALLSITE_INTEGRATION/05_POSITIVE_EXECUTION/B6_5_POSITIVE_EXECUTION_MLKEM768_RUN4_TOMSG_PRAGMA_RECOVERY_V3/carried_forward_run1/logs/callsite_precondition_cbmc_stderr.txt	0	e3b0c44298fc1c149afbf4c8996fb92427ae41e4649b934ca495991b7852b855	"[""t6-authoritative-tree"", ""05_POSITIVE_EXECUTION/B6_5_POSITIVE_EXECUTION_MLKEM768_RUN4_TOMSG_PRAGMA_RECOVERY_V3/carried_forward_run1/logs/callsite_precondition_cbmc_stderr.txt""]"
EXPIREMENTS/MLK_POLY_SUB/SUB00A_d9613cf60de3/B6_5_POSITIVE_EXECUTION_MLKEM768_RUN4_TOMSG_PRAGMA_RECOVERY_V3/carried_forward_run1/logs/sub_reduce_handoff_cbmc_stderr.txt	EXPIREMENTS/MLK_POLY_SUB/SUB00A_d9613cf60de3/SUB00R_BATCH6_T6_CALLSITE_INTEGRATION/05_POSITIVE_EXECUTION/B6_5_POSITIVE_EXECUTION_MLKEM768_RUN4_TOMSG_PRAGMA_RECOVERY_V3/carried_forward_run1/logs/sub_reduce_handoff_cbmc_stderr.txt	experiments/poly-sub/T06-callsite-integration/raw-evidence/SUB00R_BATCH6_T6_CALLSITE_INTEGRATION/05_POSITIVE_EXECUTION/B6_5_POSITIVE_EXECUTION_MLKEM768_RUN4_TOMSG_PRAGMA_RECOVERY_V3/carried_forward_run1/logs/sub_reduce_handoff_cbmc_stderr.txt	0	e3b0c44298fc1c149afbf4c8996fb92427ae41e4649b934ca495991b7852b855	"[""t6-authoritative-tree"", ""05_POSITIVE_EXECUTION/B6_5_POSITIVE_EXECUTION_MLKEM768_RUN4_TOMSG_PRAGMA_RECOVERY_V3/carried_forward_run1/logs/sub_reduce_handoff_cbmc_stderr.txt""]"
EXPIREMENTS/MLK_POLY_SUB/SUB00A_d9613cf60de3/B6_5_POSITIVE_EXECUTION_MLKEM768_RUN4_TOMSG_PRAGMA_RECOVERY_V3/carried_forward_run1/resource_usage/callsite_exactness_resource_usage.txt	EXPIREMENTS/MLK_POLY_SUB/SUB00A_d9613cf60de3/SUB00R_BATCH6_T6_CALLSITE_INTEGRATION/05_POSITIVE_EXECUTION/B6_5_POSITIVE_EXECUTION_MLKEM768_RUN4_TOMSG_PRAGMA_RECOVERY_V3/carried_forward_run1/resource_usage/callsite_exactness_resource_usage.txt	experiments/poly-sub/T06-callsite-integration/raw-evidence/SUB00R_BATCH6_T6_CALLSITE_INTEGRATION/05_POSITIVE_EXECUTION/B6_5_POSITIVE_EXECUTION_MLKEM768_RUN4_TOMSG_PRAGMA_RECOVERY_V3/carried_forward_run1/resource_usage/callsite_exactness_resource_usage.txt	1350	f0f583895cd8ec7f7c8eb8ca1da39813bd2a1d226b0007c03822b340800eef76	"[""t6-authoritative-tree"", ""05_POSITIVE_EXECUTION/B6_5_POSITIVE_EXECUTION_MLKEM768_RUN4_TOMSG_PRAGMA_RECOVERY_V3/carried_forward_run1/resource_usage/callsite_exactness_resource_usage.txt""]"
EXPIREMENTS/MLK_POLY_SUB/SUB00A_d9613cf60de3/B6_5_POSITIVE_EXECUTION_MLKEM768_RUN4_TOMSG_PRAGMA_RECOVERY_V3/carried_forward_run1/resource_usage/callsite_frame_resource_usage.txt	EXPIREMENTS/MLK_POLY_SUB/SUB00A_d9613cf60de3/SUB00R_BATCH6_T6_CALLSITE_INTEGRATION/05_POSITIVE_EXECUTION/B6_5_POSITIVE_EXECUTION_MLKEM768_RUN4_TOMSG_PRAGMA_RECOVERY_V3/carried_forward_run1/resource_usage/callsite_frame_resource_usage.txt	experiments/poly-sub/T06-callsite-integration/raw-evidence/SUB00R_BATCH6_T6_CALLSITE_INTEGRATION/05_POSITIVE_EXECUTION/B6_5_POSITIVE_EXECUTION_MLKEM768_RUN4_TOMSG_PRAGMA_RECOVERY_V3/carried_forward_run1/resource_usage/callsite_frame_resource_usage.txt	1357	cc5818681b5a72833439db9a5dbad880d7505c720e61e89fa5a72a8831e9f8b6	"[""t6-authoritative-tree"", ""05_POSITIVE_EXECUTION/B6_5_POSITIVE_EXECUTION_MLKEM768_RUN4_TOMSG_PRAGMA_RECOVERY_V3/carried_forward_run1/resource_usage/callsite_frame_resource_usage.txt""]"
EXPIREMENTS/MLK_POLY_SUB/SUB00A_d9613cf60de3/B6_5_POSITIVE_EXECUTION_MLKEM768_RUN4_TOMSG_PRAGMA_RECOVERY_V3/carried_forward_run1/resource_usage/callsite_precondition_resource_usage.txt	EXPIREMENTS/MLK_POLY_SUB/SUB00A_d9613cf60de3/SUB00R_BATCH6_T6_CALLSITE_INTEGRATION/05_POSITIVE_EXECUTION/B6_5_POSITIVE_EXECUTION_MLKEM768_RUN4_TOMSG_PRAGMA_RECOVERY_V3/carried_forward_run1/resource_usage/callsite_precondition_resource_usage.txt	experiments/poly-sub/T06-callsite-integration/raw-evidence/SUB00R_BATCH6_T6_CALLSITE_INTEGRATION/05_POSITIVE_EXECUTION/B6_5_POSITIVE_EXECUTION_MLKEM768_RUN4_TOMSG_PRAGMA_RECOVERY_V3/carried_forward_run1/resource_usage/callsite_precondition_resource_usage.txt	1365	48bde38794b5338e4027d8f03884dae8bfa4d635788b25e91e91b9c4ed7055b9	"[""t6-authoritative-tree"", ""05_POSITIVE_EXECUTION/B6_5_POSITIVE_EXECUTION_MLKEM768_RUN4_TOMSG_PRAGMA_RECOVERY_V3/carried_forward_run1/resource_usage/callsite_precondition_resource_usage.txt""]"
EXPIREMENTS/MLK_POLY_SUB/SUB00A_d9613cf60de3/B6_5_POSITIVE_EXECUTION_MLKEM768_RUN4_TOMSG_PRAGMA_RECOVERY_V3/carried_forward_run1/resource_usage/sub_reduce_handoff_resource_usage.txt	EXPIREMENTS/MLK_POLY_SUB/SUB00A_d9613cf60de3/SUB00R_BATCH6_T6_CALLSITE_INTEGRATION/05_POSITIVE_EXECUTION/B6_5_POSITIVE_EXECUTION_MLKEM768_RUN4_TOMSG_PRAGMA_RECOVERY_V3/carried_forward_run1/resource_usage/sub_reduce_handoff_resource_usage.txt	experiments/poly-sub/T06-callsite-integration/raw-evidence/SUB00R_BATCH6_T6_CALLSITE_INTEGRATION/05_POSITIVE_EXECUTION/B6_5_POSITIVE_EXECUTION_MLKEM768_RUN4_TOMSG_PRAGMA_RECOVERY_V3/carried_forward_run1/resource_usage/sub_reduce_handoff_resource_usage.txt	1513	ebd65ff558848c44ac132a825607e91ec713302f306990bad21d53194cb95e83	"[""t6-authoritative-tree"", ""05_POSITIVE_EXECUTION/B6_5_POSITIVE_EXECUTION_MLKEM768_RUN4_TOMSG_PRAGMA_RECOVERY_V3/carried_forward_run1/resource_usage/sub_reduce_handoff_resource_usage.txt""]"
EXPIREMENTS/MLK_POLY_SUB/SUB00A_d9613cf60de3/B6_5_POSITIVE_EXECUTION_MLKEM768_RUN4_TOMSG_PRAGMA_RECOVERY_V3/carried_forward_run1/results/callsite_exactness_cbmc_result.json	EXPIREMENTS/MLK_POLY_SUB/SUB00A_d9613cf60de3/SUB00R_BATCH6_T6_CALLSITE_INTEGRATION/05_POSITIVE_EXECUTION/B6_5_POSITIVE_EXECUTION_MLKEM768_RUN4_TOMSG_PRAGMA_RECOVERY_V3/carried_forward_run1/results/callsite_exactness_cbmc_result.json	experiments/poly-sub/T06-callsite-integration/raw-evidence/SUB00R_BATCH6_T6_CALLSITE_INTEGRATION/05_POSITIVE_EXECUTION/B6_5_POSITIVE_EXECUTION_MLKEM768_RUN4_TOMSG_PRAGMA_RECOVERY_V3/carried_forward_run1/results/callsite_exactness_cbmc_result.json	431447	f65dbb73890bd6542c1ac9f3612e92a9447fcd9db850f95027585407ce68122b	"[""t6-authoritative-tree"", ""05_POSITIVE_EXECUTION/B6_5_POSITIVE_EXECUTION_MLKEM768_RUN4_TOMSG_PRAGMA_RECOVERY_V3/carried_forward_run1/results/callsite_exactness_cbmc_result.json""]"
EXPIREMENTS/MLK_POLY_SUB/SUB00A_d9613cf60de3/B6_5_POSITIVE_EXECUTION_MLKEM768_RUN4_TOMSG_PRAGMA_RECOVERY_V3/carried_forward_run1/results/callsite_exactness_cbmc_result.json.sha256	EXPIREMENTS/MLK_POLY_SUB/SUB00A_d9613cf60de3/SUB00R_BATCH6_T6_CALLSITE_INTEGRATION/05_POSITIVE_EXECUTION/B6_5_POSITIVE_EXECUTION_MLKEM768_RUN4_TOMSG_PRAGMA_RECOVERY_V3/carried_forward_run1/results/callsite_exactness_cbmc_result.json.sha256	experiments/poly-sub/T06-callsite-integration/raw-evidence/SUB00R_BATCH6_T6_CALLSITE_INTEGRATION/05_POSITIVE_EXECUTION/B6_5_POSITIVE_EXECUTION_MLKEM768_RUN4_TOMSG_PRAGMA_RECOVERY_V3/carried_forward_run1/results/callsite_exactness_cbmc_result.json.sha256	300	effd3acfdabbdf0fd060c08bea65ba091c3cd5ecf6b60b00476a0d8ced5c81b9	"[""t6-authoritative-tree"", ""05_POSITIVE_EXECUTION/B6_5_POSITIVE_EXECUTION_MLKEM768_RUN4_TOMSG_PRAGMA_RECOVERY_V3/carried_forward_run1/results/callsite_exactness_cbmc_result.json.sha256""]"
EXPIREMENTS/MLK_POLY_SUB/SUB00A_d9613cf60de3/B6_5_POSITIVE_EXECUTION_MLKEM768_RUN4_TOMSG_PRAGMA_RECOVERY_V3/carried_forward_run1/results/callsite_exactness_reparsed_result.txt	EXPIREMENTS/MLK_POLY_SUB/SUB00A_d9613cf60de3/SUB00R_BATCH6_T6_CALLSITE_INTEGRATION/05_POSITIVE_EXECUTION/B6_5_POSITIVE_EXECUTION_MLKEM768_RUN4_TOMSG_PRAGMA_RECOVERY_V3/carried_forward_run1/results/callsite_exactness_reparsed_result.txt	experiments/poly-sub/T06-callsite-integration/raw-evidence/SUB00R_BATCH6_T6_CALLSITE_INTEGRATION/05_POSITIVE_EXECUTION/B6_5_POSITIVE_EXECUTION_MLKEM768_RUN4_TOMSG_PRAGMA_RECOVERY_V3/carried_forward_run1/results/callsite_exactness_reparsed_result.txt	51782	b24a78edd20bc9a402b71ea9b5c1297195c54d51f89bc12ff2cf1e4e9e1139da	"[""t6-authoritative-tree"", ""05_POSITIVE_EXECUTION/B6_5_POSITIVE_EXECUTION_MLKEM768_RUN4_TOMSG_PRAGMA_RECOVERY_V3/carried_forward_run1/results/callsite_exactness_reparsed_result.txt""]"
EXPIREMENTS/MLK_POLY_SUB/SUB00A_d9613cf60de3/B6_5_POSITIVE_EXECUTION_MLKEM768_RUN4_TOMSG_PRAGMA_RECOVERY_V3/carried_forward_run1/results/callsite_frame_cbmc_result.json	EXPIREMENTS/MLK_POLY_SUB/SUB00A_d9613cf60de3/SUB00R_BATCH6_T6_CALLSITE_INTEGRATION/05_POSITIVE_EXECUTION/B6_5_POSITIVE_EXECUTION_MLKEM768_RUN4_TOMSG_PRAGMA_RECOVERY_V3/carried_forward_run1/results/callsite_frame_cbmc_result.json	experiments/poly-sub/T06-callsite-integration/raw-evidence/SUB00R_BATCH6_T6_CALLSITE_INTEGRATION/05_POSITIVE_EXECUTION/B6_5_POSITIVE_EXECUTION_MLKEM768_RUN4_TOMSG_PRAGMA_RECOVERY_V3/carried_forward_run1/results/callsite_frame_cbmc_result.json	445314	3ab34363f7c37221c649e14c0f9de8348c7a7078208a4674376664adb9c3a1ce	"[""t6-authoritative-tree"", ""05_POSITIVE_EXECUTION/B6_5_POSITIVE_EXECUTION_MLKEM768_RUN4_TOMSG_PRAGMA_RECOVERY_V3/carried_forward_run1/results/callsite_frame_cbmc_result.json""]"
EXPIREMENTS/MLK_POLY_SUB/SUB00A_d9613cf60de3/B6_5_POSITIVE_EXECUTION_MLKEM768_RUN4_TOMSG_PRAGMA_RECOVERY_V3/carried_forward_run1/results/callsite_frame_cbmc_result.json.sha256	EXPIREMENTS/MLK_POLY_SUB/SUB00A_d9613cf60de3/SUB00R_BATCH6_T6_CALLSITE_INTEGRATION/05_POSITIVE_EXECUTION/B6_5_POSITIVE_EXECUTION_MLKEM768_RUN4_TOMSG_PRAGMA_RECOVERY_V3/carried_forward_run1/results/callsite_frame_cbmc_result.json.sha256	experiments/poly-sub/T06-callsite-integration/raw-evidence/SUB00R_BATCH6_T6_CALLSITE_INTEGRATION/05_POSITIVE_EXECUTION/B6_5_POSITIVE_EXECUTION_MLKEM768_RUN4_TOMSG_PRAGMA_RECOVERY_V3/carried_forward_run1/results/callsite_frame_cbmc_result.json.sha256	296	3039d48e710dfc2677a231e3af2b2819959fea933280d2870fa281327d63731f	"[""t6-authoritative-tree"", ""05_POSITIVE_EXECUTION/B6_5_POSITIVE_EXECUTION_MLKEM768_RUN4_TOMSG_PRAGMA_RECOVERY_V3/carried_forward_run1/results/callsite_frame_cbmc_result.json.sha256""]"
EXPIREMENTS/MLK_POLY_SUB/SUB00A_d9613cf60de3/B6_5_POSITIVE_EXECUTION_MLKEM768_RUN4_TOMSG_PRAGMA_RECOVERY_V3/carried_forward_run1/results/callsite_frame_reparsed_result.txt	EXPIREMENTS/MLK_POLY_SUB/SUB00A_d9613cf60de3/SUB00R_BATCH6_T6_CALLSITE_INTEGRATION/05_POSITIVE_EXECUTION/B6_5_POSITIVE_EXECUTION_MLKEM768_RUN4_TOMSG_PRAGMA_RECOVERY_V3/carried_forward_run1/results/callsite_frame_reparsed_result.txt	experiments/poly-sub/T06-callsite-integration/raw-evidence/SUB00R_BATCH6_T6_CALLSITE_INTEGRATION/05_POSITIVE_EXECUTION/B6_5_POSITIVE_EXECUTION_MLKEM768_RUN4_TOMSG_PRAGMA_RECOVERY_V3/carried_forward_run1/results/callsite_frame_reparsed_result.txt	53207	157f1ca0ff48474b2ca7878cc893d6226b8030e0c153c1793a29bb3c46dc7043	"[""t6-authoritative-tree"", ""05_POSITIVE_EXECUTION/B6_5_POSITIVE_EXECUTION_MLKEM768_RUN4_TOMSG_PRAGMA_RECOVERY_V3/carried_forward_run1/results/callsite_frame_reparsed_result.txt""]"
EXPIREMENTS/MLK_POLY_SUB/SUB00A_d9613cf60de3/B6_5_POSITIVE_EXECUTION_MLKEM768_RUN4_TOMSG_PRAGMA_RECOVERY_V3/carried_forward_run1/results/callsite_precondition_cbmc_result.json	EXPIREMENTS/MLK_POLY_SUB/SUB00A_d9613cf60de3/SUB00R_BATCH6_T6_CALLSITE_INTEGRATION/05_POSITIVE_EXECUTION/B6_5_POSITIVE_EXECUTION_MLKEM768_RUN4_TOMSG_PRAGMA_RECOVERY_V3/carried_forward_run1/results/callsite_precondition_cbmc_result.json	experiments/poly-sub/T06-callsite-integration/raw-evidence/SUB00R_BATCH6_T6_CALLSITE_INTEGRATION/05_POSITIVE_EXECUTION/B6_5_POSITIVE_EXECUTION_MLKEM768_RUN4_TOMSG_PRAGMA_RECOVERY_V3/carried_forward_run1/results/callsite_precondition_cbmc_result.json	441350	d6b43f66b266a2fddcc5b80fed099e1001ac4e3539b33246e6d63b9a8c27ebf4	"[""t6-authoritative-tree"", ""05_POSITIVE_EXECUTION/B6_5_POSITIVE_EXECUTION_MLKEM768_RUN4_TOMSG_PRAGMA_RECOVERY_V3/carried_forward_run1/results/callsite_precondition_cbmc_result.json""]"
EXPIREMENTS/MLK_POLY_SUB/SUB00A_d9613cf60de3/B6_5_POSITIVE_EXECUTION_MLKEM768_RUN4_TOMSG_PRAGMA_RECOVERY_V3/carried_forward_run1/results/callsite_precondition_cbmc_result.json.sha256	EXPIREMENTS/MLK_POLY_SUB/SUB00A_d9613cf60de3/SUB00R_BATCH6_T6_CALLSITE_INTEGRATION/05_POSITIVE_EXECUTION/B6_5_POSITIVE_EXECUTION_MLKEM768_RUN4_TOMSG_PRAGMA_RECOVERY_V3/carried_forward_run1/results/callsite_precondition_cbmc_result.json.sha256	experiments/poly-sub/T06-callsite-integration/raw-evidence/SUB00R_BATCH6_T6_CALLSITE_INTEGRATION/05_POSITIVE_EXECUTION/B6_5_POSITIVE_EXECUTION_MLKEM768_RUN4_TOMSG_PRAGMA_RECOVERY_V3/carried_forward_run1/results/callsite_precondition_cbmc_result.json.sha256	303	7e9594dd4f902c487e5e347f3e7188c8fdc07168162ab952929766ea8f1d6297	"[""t6-authoritative-tree"", ""05_POSITIVE_EXECUTION/B6_5_POSITIVE_EXECUTION_MLKEM768_RUN4_TOMSG_PRAGMA_RECOVERY_V3/carried_forward_run1/results/callsite_precondition_cbmc_result.json.sha256""]"
EXPIREMENTS/MLK_POLY_SUB/SUB00A_d9613cf60de3/B6_5_POSITIVE_EXECUTION_MLKEM768_RUN4_TOMSG_PRAGMA_RECOVERY_V3/carried_forward_run1/results/callsite_precondition_reparsed_result.txt	EXPIREMENTS/MLK_POLY_SUB/SUB00A_d9613cf60de3/SUB00R_BATCH6_T6_CALLSITE_INTEGRATION/05_POSITIVE_EXECUTION/B6_5_POSITIVE_EXECUTION_MLKEM768_RUN4_TOMSG_PRAGMA_RECOVERY_V3/carried_forward_run1/results/callsite_precondition_reparsed_result.txt	experiments/poly-sub/T06-callsite-integration/raw-evidence/SUB00R_BATCH6_T6_CALLSITE_INTEGRATION/05_POSITIVE_EXECUTION/B6_5_POSITIVE_EXECUTION_MLKEM768_RUN4_TOMSG_PRAGMA_RECOVERY_V3/carried_forward_run1/results/callsite_precondition_reparsed_result.txt	52824	2fdc63ee2dd6b1460794dc0707a652e971df64414874c92cd5a3f9fa987dd7bc	"[""t6-authoritative-tree"", ""05_POSITIVE_EXECUTION/B6_5_POSITIVE_EXECUTION_MLKEM768_RUN4_TOMSG_PRAGMA_RECOVERY_V3/carried_forward_run1/results/callsite_precondition_reparsed_result.txt""]"
EXPIREMENTS/MLK_POLY_SUB/SUB00A_d9613cf60de3/B6_5_POSITIVE_EXECUTION_MLKEM768_RUN4_TOMSG_PRAGMA_RECOVERY_V3/carried_forward_run1/results/sub_reduce_handoff_cbmc_result.json	EXPIREMENTS/MLK_POLY_SUB/SUB00A_d9613cf60de3/SUB00R_BATCH6_T6_CALLSITE_INTEGRATION/05_POSITIVE_EXECUTION/B6_5_POSITIVE_EXECUTION_MLKEM768_RUN4_TOMSG_PRAGMA_RECOVERY_V3/carried_forward_run1/results/sub_reduce_handoff_cbmc_result.json	experiments/poly-sub/T06-callsite-integration/raw-evidence/SUB00R_BATCH6_T6_CALLSITE_INTEGRATION/05_POSITIVE_EXECUTION/B6_5_POSITIVE_EXECUTION_MLKEM768_RUN4_TOMSG_PRAGMA_RECOVERY_V3/carried_forward_run1/results/sub_reduce_handoff_cbmc_result.json	435832	6ef622acf4b13a99799435f8a520f1538a9a7f1a91f309c3dd317b44a4249451	"[""t6-authoritative-tree"", ""05_POSITIVE_EXECUTION/B6_5_POSITIVE_EXECUTION_MLKEM768_RUN4_TOMSG_PRAGMA_RECOVERY_V3/carried_forward_run1/results/sub_reduce_handoff_cbmc_result.json""]"
EXPIREMENTS/MLK_POLY_SUB/SUB00A_d9613cf60de3/B6_5_POSITIVE_EXECUTION_MLKEM768_RUN4_TOMSG_PRAGMA_RECOVERY_V3/carried_forward_run1/results/sub_reduce_handoff_cbmc_result.json.sha256	EXPIREMENTS/MLK_POLY_SUB/SUB00A_d9613cf60de3/SUB00R_BATCH6_T6_CALLSITE_INTEGRATION/05_POSITIVE_EXECUTION/B6_5_POSITIVE_EXECUTION_MLKEM768_RUN4_TOMSG_PRAGMA_RECOVERY_V3/carried_forward_run1/results/sub_reduce_handoff_cbmc_result.json.sha256	experiments/poly-sub/T06-callsite-integration/raw-evidence/SUB00R_BATCH6_T6_CALLSITE_INTEGRATION/05_POSITIVE_EXECUTION/B6_5_POSITIVE_EXECUTION_MLKEM768_RUN4_TOMSG_PRAGMA_RECOVERY_V3/carried_forward_run1/results/sub_reduce_handoff_cbmc_result.json.sha256	300	2f10804429d277a929e1594a11a27e0ff30fd8508d5eda7c13959d5942c7bc5b	"[""t6-authoritative-tree"", ""05_POSITIVE_EXECUTION/B6_5_POSITIVE_EXECUTION_MLKEM768_RUN4_TOMSG_PRAGMA_RECOVERY_V3/carried_forward_run1/results/sub_reduce_handoff_cbmc_result.json.sha256""]"
EXPIREMENTS/MLK_POLY_SUB/SUB00A_d9613cf60de3/B6_5_POSITIVE_EXECUTION_MLKEM768_RUN4_TOMSG_PRAGMA_RECOVERY_V3/carried_forward_run1/results/sub_reduce_handoff_reparsed_result.txt	EXPIREMENTS/MLK_POLY_SUB/SUB00A_d9613cf60de3/SUB00R_BATCH6_T6_CALLSITE_INTEGRATION/05_POSITIVE_EXECUTION/B6_5_POSITIVE_EXECUTION_MLKEM768_RUN4_TOMSG_PRAGMA_RECOVERY_V3/carried_forward_run1/results/sub_reduce_handoff_reparsed_result.txt	experiments/poly-sub/T06-callsite-integration/raw-evidence/SUB00R_BATCH6_T6_CALLSITE_INTEGRATION/05_POSITIVE_EXECUTION/B6_5_POSITIVE_EXECUTION_MLKEM768_RUN4_TOMSG_PRAGMA_RECOVERY_V3/carried_forward_run1/results/sub_reduce_handoff_reparsed_result.txt	52226	c21efc4f83abf29e4f798f0f955636ac7d74d23d77373a7a215635daf4e35b5e	"[""t6-authoritative-tree"", ""05_POSITIVE_EXECUTION/B6_5_POSITIVE_EXECUTION_MLKEM768_RUN4_TOMSG_PRAGMA_RECOVERY_V3/carried_forward_run1/results/sub_reduce_handoff_reparsed_result.txt""]"
EXPIREMENTS/MLK_POLY_SUB/SUB00A_d9613cf60de3/B6_5_POSITIVE_EXECUTION_MLKEM768_RUN4_TOMSG_PRAGMA_RECOVERY_V3/executed_recovery_runner.sh	EXPIREMENTS/MLK_POLY_SUB/SUB00A_d9613cf60de3/SUB00R_BATCH6_T6_CALLSITE_INTEGRATION/05_POSITIVE_EXECUTION/B6_5_POSITIVE_EXECUTION_MLKEM768_RUN4_TOMSG_PRAGMA_RECOVERY_V3/executed_recovery_runner.sh	experiments/poly-sub/T06-callsite-integration/raw-evidence/SUB00R_BATCH6_T6_CALLSITE_INTEGRATION/05_POSITIVE_EXECUTION/B6_5_POSITIVE_EXECUTION_MLKEM768_RUN4_TOMSG_PRAGMA_RECOVERY_V3/executed_recovery_runner.sh	33825	4799c9651131ea55e46525e0beff3e83ae71184e908acdc6a524ef97f74c8515	"[""t6-authoritative-tree"", ""05_POSITIVE_EXECUTION/B6_5_POSITIVE_EXECUTION_MLKEM768_RUN4_TOMSG_PRAGMA_RECOVERY_V3/executed_recovery_runner.sh""]"
EXPIREMENTS/MLK_POLY_SUB/SUB00A_d9613cf60de3/B6_5_POSITIVE_EXECUTION_MLKEM768_RUN4_TOMSG_PRAGMA_RECOVERY_V3/frozen_inputs/SUB_T6_B6_3_ARTIFACT_MANIFEST.sha256	EXPIREMENTS/MLK_POLY_SUB/SUB00A_d9613cf60de3/SUB00R_BATCH6_T6_CALLSITE_INTEGRATION/05_POSITIVE_EXECUTION/B6_5_POSITIVE_EXECUTION_MLKEM768_RUN4_TOMSG_PRAGMA_RECOVERY_V3/frozen_inputs/SUB_T6_B6_3_ARTIFACT_MANIFEST.sha256	experiments/poly-sub/T06-callsite-integration/raw-evidence/SUB00R_BATCH6_T6_CALLSITE_INTEGRATION/05_POSITIVE_EXECUTION/B6_5_POSITIVE_EXECUTION_MLKEM768_RUN4_TOMSG_PRAGMA_RECOVERY_V3/frozen_inputs/SUB_T6_B6_3_ARTIFACT_MANIFEST.sha256	1396	d303f1415f07a9e394f0899d1078fd9bd5c625bfb773eaeb5b8935148dae7c1f	"[""t6-authoritative-tree"", ""05_POSITIVE_EXECUTION/B6_5_POSITIVE_EXECUTION_MLKEM768_RUN4_TOMSG_PRAGMA_RECOVERY_V3/frozen_inputs/SUB_T6_B6_3_ARTIFACT_MANIFEST.sha256""]"
EXPIREMENTS/MLK_POLY_SUB/SUB00A_d9613cf60de3/B6_5_POSITIVE_EXECUTION_MLKEM768_RUN4_TOMSG_PRAGMA_RECOVERY_V3/frozen_inputs/SUB_T6_B6_4_ARTIFACT_MANIFEST.sha256	EXPIREMENTS/MLK_POLY_SUB/SUB00A_d9613cf60de3/SUB00R_BATCH6_T6_CALLSITE_INTEGRATION/05_POSITIVE_EXECUTION/B6_5_POSITIVE_EXECUTION_MLKEM768_RUN4_TOMSG_PRAGMA_RECOVERY_V3/frozen_inputs/SUB_T6_B6_4_ARTIFACT_MANIFEST.sha256	experiments/poly-sub/T06-callsite-integration/raw-evidence/SUB00R_BATCH6_T6_CALLSITE_INTEGRATION/05_POSITIVE_EXECUTION/B6_5_POSITIVE_EXECUTION_MLKEM768_RUN4_TOMSG_PRAGMA_RECOVERY_V3/frozen_inputs/SUB_T6_B6_4_ARTIFACT_MANIFEST.sha256	10906	8f8cd78fcd4fe0b89bc8642d8164d49e2e4fa9cdc94365eaec28b57cbcaac9c3	"[""t6-authoritative-tree"", ""05_POSITIVE_EXECUTION/B6_5_POSITIVE_EXECUTION_MLKEM768_RUN4_TOMSG_PRAGMA_RECOVERY_V3/frozen_inputs/SUB_T6_B6_4_ARTIFACT_MANIFEST.sha256""]"
EXPIREMENTS/MLK_POLY_SUB/SUB00A_d9613cf60de3/B6_5_POSITIVE_EXECUTION_MLKEM768_RUN4_TOMSG_PRAGMA_RECOVERY_V3/frozen_inputs/SUB_T6_B6_4_PREFLIGHT_SUMMARY.txt	EXPIREMENTS/MLK_POLY_SUB/SUB00A_d9613cf60de3/SUB00R_BATCH6_T6_CALLSITE_INTEGRATION/05_POSITIVE_EXECUTION/B6_5_POSITIVE_EXECUTION_MLKEM768_RUN4_TOMSG_PRAGMA_RECOVERY_V3/frozen_inputs/SUB_T6_B6_4_PREFLIGHT_SUMMARY.txt	experiments/poly-sub/T06-callsite-integration/raw-evidence/SUB00R_BATCH6_T6_CALLSITE_INTEGRATION/05_POSITIVE_EXECUTION/B6_5_POSITIVE_EXECUTION_MLKEM768_RUN4_TOMSG_PRAGMA_RECOVERY_V3/frozen_inputs/SUB_T6_B6_4_PREFLIGHT_SUMMARY.txt	2623	c238e3c11cf02d730da7f261bb8d79c9b31f0b1fd73f2da5df09819f614b379a	"[""t6-authoritative-tree"", ""05_POSITIVE_EXECUTION/B6_5_POSITIVE_EXECUTION_MLKEM768_RUN4_TOMSG_PRAGMA_RECOVERY_V3/frozen_inputs/SUB_T6_B6_4_PREFLIGHT_SUMMARY.txt""]"
EXPIREMENTS/MLK_POLY_SUB/SUB00A_d9613cf60de3/B6_5_POSITIVE_EXECUTION_MLKEM768_RUN4_TOMSG_PRAGMA_RECOVERY_V3/frozen_inputs/tomsg_precondition_frozen_unwindset.txt	EXPIREMENTS/MLK_POLY_SUB/SUB00A_d9613cf60de3/SUB00R_BATCH6_T6_CALLSITE_INTEGRATION/05_POSITIVE_EXECUTION/B6_5_POSITIVE_EXECUTION_MLKEM768_RUN4_TOMSG_PRAGMA_RECOVERY_V3/frozen_inputs/tomsg_precondition_frozen_unwindset.txt	experiments/poly-sub/T06-callsite-integration/raw-evidence/SUB00R_BATCH6_T6_CALLSITE_INTEGRATION/05_POSITIVE_EXECUTION/B6_5_POSITIVE_EXECUTION_MLKEM768_RUN4_TOMSG_PRAGMA_RECOVERY_V3/frozen_inputs/tomsg_precondition_frozen_unwindset.txt	340	b01e5ebe61c7d950434dfed0f3646150bff6dee6099a4959f8a2cd0d0497c804	"[""t6-authoritative-tree"", ""05_POSITIVE_EXECUTION/B6_5_POSITIVE_EXECUTION_MLKEM768_RUN4_TOMSG_PRAGMA_RECOVERY_V3/frozen_inputs/tomsg_precondition_frozen_unwindset.txt""]"
EXPIREMENTS/MLK_POLY_SUB/SUB00A_d9613cf60de3/B6_5_POSITIVE_EXECUTION_MLKEM768_RUN4_TOMSG_PRAGMA_RECOVERY_V3/original_failure_control/ORIGINAL_TOMSG_FAILURE_CLASSIFICATION.txt	EXPIREMENTS/MLK_POLY_SUB/SUB00A_d9613cf60de3/SUB00R_BATCH6_T6_CALLSITE_INTEGRATION/05_POSITIVE_EXECUTION/B6_5_POSITIVE_EXECUTION_MLKEM768_RUN4_TOMSG_PRAGMA_RECOVERY_V3/original_failure_control/ORIGINAL_TOMSG_FAILURE_CLASSIFICATION.txt	experiments/poly-sub/T06-callsite-integration/raw-evidence/SUB00R_BATCH6_T6_CALLSITE_INTEGRATION/05_POSITIVE_EXECUTION/B6_5_POSITIVE_EXECUTION_MLKEM768_RUN4_TOMSG_PRAGMA_RECOVERY_V3/original_failure_control/ORIGINAL_TOMSG_FAILURE_CLASSIFICATION.txt	372	a14cc7aa4f8edbabd46dd52d9b6af1c13046135383f6fb9a4f66fc79978bcd1a	"[""t6-authoritative-tree"", ""05_POSITIVE_EXECUTION/B6_5_POSITIVE_EXECUTION_MLKEM768_RUN4_TOMSG_PRAGMA_RECOVERY_V3/original_failure_control/ORIGINAL_TOMSG_FAILURE_CLASSIFICATION.txt""]"
EXPIREMENTS/MLK_POLY_SUB/SUB00A_d9613cf60de3/B6_5_POSITIVE_EXECUTION_MLKEM768_RUN4_TOMSG_PRAGMA_RECOVERY_V3/original_failure_control/PRODUCTION_PRAGMA_EVIDENCE.txt	EXPIREMENTS/MLK_POLY_SUB/SUB00A_d9613cf60de3/SUB00R_BATCH6_T6_CALLSITE_INTEGRATION/05_POSITIVE_EXECUTION/B6_5_POSITIVE_EXECUTION_MLKEM768_RUN4_TOMSG_PRAGMA_RECOVERY_V3/original_failure_control/PRODUCTION_PRAGMA_EVIDENCE.txt	experiments/poly-sub/T06-callsite-integration/raw-evidence/SUB00R_BATCH6_T6_CALLSITE_INTEGRATION/05_POSITIVE_EXECUTION/B6_5_POSITIVE_EXECUTION_MLKEM768_RUN4_TOMSG_PRAGMA_RECOVERY_V3/original_failure_control/PRODUCTION_PRAGMA_EVIDENCE.txt	397	19fad15183bdb0249aa113beef6d9afe4961f27d66e05b58331f14d9250ffc4b	"[""t6-authoritative-tree"", ""05_POSITIVE_EXECUTION/B6_5_POSITIVE_EXECUTION_MLKEM768_RUN4_TOMSG_PRAGMA_RECOVERY_V3/original_failure_control/PRODUCTION_PRAGMA_EVIDENCE.txt""]"
EXPIREMENTS/MLK_POLY_SUB/SUB00A_d9613cf60de3/B6_5_POSITIVE_EXECUTION_MLKEM768_RUN4_TOMSG_PRAGMA_RECOVERY_V3/original_failure_control/tomsg_precondition_cbmc_command.txt	EXPIREMENTS/MLK_POLY_SUB/SUB00A_d9613cf60de3/SUB00R_BATCH6_T6_CALLSITE_INTEGRATION/05_POSITIVE_EXECUTION/B6_5_POSITIVE_EXECUTION_MLKEM768_RUN4_TOMSG_PRAGMA_RECOVERY_V3/original_failure_control/tomsg_precondition_cbmc_command.txt	experiments/poly-sub/T06-callsite-integration/raw-evidence/SUB00R_BATCH6_T6_CALLSITE_INTEGRATION/05_POSITIVE_EXECUTION/B6_5_POSITIVE_EXECUTION_MLKEM768_RUN4_TOMSG_PRAGMA_RECOVERY_V3/original_failure_control/tomsg_precondition_cbmc_command.txt	867	578c5c06fcacf05f9e6372f8c6eed3d71a47361abd018c8c504cd22ead49c25e	"[""t6-authoritative-tree"", ""05_POSITIVE_EXECUTION/B6_5_POSITIVE_EXECUTION_MLKEM768_RUN4_TOMSG_PRAGMA_RECOVERY_V3/original_failure_control/tomsg_precondition_cbmc_command.txt""]"
EXPIREMENTS/MLK_POLY_SUB/SUB00A_d9613cf60de3/B6_5_POSITIVE_EXECUTION_MLKEM768_RUN4_TOMSG_PRAGMA_RECOVERY_V3/original_failure_control/tomsg_precondition_original_failure.json	EXPIREMENTS/MLK_POLY_SUB/SUB00A_d9613cf60de3/SUB00R_BATCH6_T6_CALLSITE_INTEGRATION/05_POSITIVE_EXECUTION/B6_5_POSITIVE_EXECUTION_MLKEM768_RUN4_TOMSG_PRAGMA_RECOVERY_V3/original_failure_control/tomsg_precondition_original_failure.json	experiments/poly-sub/T06-callsite-integration/raw-evidence/SUB00R_BATCH6_T6_CALLSITE_INTEGRATION/05_POSITIVE_EXECUTION/B6_5_POSITIVE_EXECUTION_MLKEM768_RUN4_TOMSG_PRAGMA_RECOVERY_V3/original_failure_control/tomsg_precondition_original_failure.json	36076598	a7ef6b491716764d8dd33d8c25c53c4aab7815af9e92eb177f35d4a0d4aa2c9a	"[""t6-authoritative-tree"", ""05_POSITIVE_EXECUTION/B6_5_POSITIVE_EXECUTION_MLKEM768_RUN4_TOMSG_PRAGMA_RECOVERY_V3/original_failure_control/tomsg_precondition_original_failure.json""]"
EXPIREMENTS/MLK_POLY_SUB/SUB00A_d9613cf60de3/B6_5_POSITIVE_EXECUTION_MLKEM768_RUN4_TOMSG_PRAGMA_RECOVERY_V3/original_failure_control/tomsg_precondition_original_failure.json.sha256	EXPIREMENTS/MLK_POLY_SUB/SUB00A_d9613cf60de3/SUB00R_BATCH6_T6_CALLSITE_INTEGRATION/05_POSITIVE_EXECUTION/B6_5_POSITIVE_EXECUTION_MLKEM768_RUN4_TOMSG_PRAGMA_RECOVERY_V3/original_failure_control/tomsg_precondition_original_failure.json.sha256	experiments/poly-sub/T06-callsite-integration/raw-evidence/SUB00R_BATCH6_T6_CALLSITE_INTEGRATION/05_POSITIVE_EXECUTION/B6_5_POSITIVE_EXECUTION_MLKEM768_RUN4_TOMSG_PRAGMA_RECOVERY_V3/original_failure_control/tomsg_precondition_original_failure.json.sha256	323	c65e5301e823bbbcf59c01c5d8a18e2f19ac254432cf5807c4604cc259db8c68	"[""t6-authoritative-tree"", ""05_POSITIVE_EXECUTION/B6_5_POSITIVE_EXECUTION_MLKEM768_RUN4_TOMSG_PRAGMA_RECOVERY_V3/original_failure_control/tomsg_precondition_original_failure.json.sha256""]"
EXPIREMENTS/MLK_POLY_SUB/SUB00A_d9613cf60de3/B6_5_POSITIVE_EXECUTION_MLKEM768_RUN4_TOMSG_PRAGMA_RECOVERY_V3/original_failure_control/tomsg_precondition_resource_usage.txt	EXPIREMENTS/MLK_POLY_SUB/SUB00A_d9613cf60de3/SUB00R_BATCH6_T6_CALLSITE_INTEGRATION/05_POSITIVE_EXECUTION/B6_5_POSITIVE_EXECUTION_MLKEM768_RUN4_TOMSG_PRAGMA_RECOVERY_V3/original_failure_control/tomsg_precondition_resource_usage.txt	experiments/poly-sub/T06-callsite-integration/raw-evidence/SUB00R_BATCH6_T6_CALLSITE_INTEGRATION/05_POSITIVE_EXECUTION/B6_5_POSITIVE_EXECUTION_MLKEM768_RUN4_TOMSG_PRAGMA_RECOVERY_V3/original_failure_control/tomsg_precondition_resource_usage.txt	1661	a44fe38e2cb57a9517d0a96981742432d9e6212b8662803b906dd21468559f2b	"[""t6-authoritative-tree"", ""05_POSITIVE_EXECUTION/B6_5_POSITIVE_EXECUTION_MLKEM768_RUN4_TOMSG_PRAGMA_RECOVERY_V3/original_failure_control/tomsg_precondition_resource_usage.txt""]"
EXPIREMENTS/MLK_POLY_SUB/SUB00A_d9613cf60de3/B6_5_POSITIVE_EXECUTION_MLKEM768_RUN4_TOMSG_PRAGMA_RECOVERY_V3/recovery_build/tomsg_precondition_corrected.goto	EXPIREMENTS/MLK_POLY_SUB/SUB00A_d9613cf60de3/SUB00R_BATCH6_T6_CALLSITE_INTEGRATION/05_POSITIVE_EXECUTION/B6_5_POSITIVE_EXECUTION_MLKEM768_RUN4_TOMSG_PRAGMA_RECOVERY_V3/recovery_build/tomsg_precondition_corrected.goto	experiments/poly-sub/T06-callsite-integration/raw-evidence/SUB00R_BATCH6_T6_CALLSITE_INTEGRATION/05_POSITIVE_EXECUTION/B6_5_POSITIVE_EXECUTION_MLKEM768_RUN4_TOMSG_PRAGMA_RECOVERY_V3/recovery_build/tomsg_precondition_corrected.goto	92528	6a66992a511863251d5bee0b8e29c5b3f14589493fee07aa5abb24508a69fc59	"[""t6-authoritative-tree"", ""05_POSITIVE_EXECUTION/B6_5_POSITIVE_EXECUTION_MLKEM768_RUN4_TOMSG_PRAGMA_RECOVERY_V3/recovery_build/tomsg_precondition_corrected.goto""]"
EXPIREMENTS/MLK_POLY_SUB/SUB00A_d9613cf60de3/B6_5_POSITIVE_EXECUTION_MLKEM768_RUN4_TOMSG_PRAGMA_RECOVERY_V3/recovery_build/tomsg_precondition_corrected.goto.sha256	EXPIREMENTS/MLK_POLY_SUB/SUB00A_d9613cf60de3/SUB00R_BATCH6_T6_CALLSITE_INTEGRATION/05_POSITIVE_EXECUTION/B6_5_POSITIVE_EXECUTION_MLKEM768_RUN4_TOMSG_PRAGMA_RECOVERY_V3/recovery_build/tomsg_precondition_corrected.goto.sha256	experiments/poly-sub/T06-callsite-integration/raw-evidence/SUB00R_BATCH6_T6_CALLSITE_INTEGRATION/05_POSITIVE_EXECUTION/B6_5_POSITIVE_EXECUTION_MLKEM768_RUN4_TOMSG_PRAGMA_RECOVERY_V3/recovery_build/tomsg_precondition_corrected.goto.sha256	306	00a4f08fbbaaf0d56f54bb3b932ce532fcaa27887b9e7dbba61a64664ce15e62	"[""t6-authoritative-tree"", ""05_POSITIVE_EXECUTION/B6_5_POSITIVE_EXECUTION_MLKEM768_RUN4_TOMSG_PRAGMA_RECOVERY_V3/recovery_build/tomsg_precondition_corrected.goto.sha256""]"
EXPIREMENTS/MLK_POLY_SUB/SUB00A_d9613cf60de3/B6_5_POSITIVE_EXECUTION_MLKEM768_RUN4_TOMSG_PRAGMA_RECOVERY_V3/recovery_commands/tomsg_corrected_goto_build_command.txt	EXPIREMENTS/MLK_POLY_SUB/SUB00A_d9613cf60de3/SUB00R_BATCH6_T6_CALLSITE_INTEGRATION/05_POSITIVE_EXECUTION/B6_5_POSITIVE_EXECUTION_MLKEM768_RUN4_TOMSG_PRAGMA_RECOVERY_V3/recovery_commands/tomsg_corrected_goto_build_command.txt	experiments/poly-sub/T06-callsite-integration/raw-evidence/SUB00R_BATCH6_T6_CALLSITE_INTEGRATION/05_POSITIVE_EXECUTION/B6_5_POSITIVE_EXECUTION_MLKEM768_RUN4_TOMSG_PRAGMA_RECOVERY_V3/recovery_commands/tomsg_corrected_goto_build_command.txt	2157	04c65187069dfb5342334d24e9fbc03f76837851dd69d22898b1108296123bb2	"[""t6-authoritative-tree"", ""05_POSITIVE_EXECUTION/B6_5_POSITIVE_EXECUTION_MLKEM768_RUN4_TOMSG_PRAGMA_RECOVERY_V3/recovery_commands/tomsg_corrected_goto_build_command.txt""]"
EXPIREMENTS/MLK_POLY_SUB/SUB00A_d9613cf60de3/B6_5_POSITIVE_EXECUTION_MLKEM768_RUN4_TOMSG_PRAGMA_RECOVERY_V3/recovery_commands/tomsg_corrected_show_properties_command.txt	EXPIREMENTS/MLK_POLY_SUB/SUB00A_d9613cf60de3/SUB00R_BATCH6_T6_CALLSITE_INTEGRATION/05_POSITIVE_EXECUTION/B6_5_POSITIVE_EXECUTION_MLKEM768_RUN4_TOMSG_PRAGMA_RECOVERY_V3/recovery_commands/tomsg_corrected_show_properties_command.txt	experiments/poly-sub/T06-callsite-integration/raw-evidence/SUB00R_BATCH6_T6_CALLSITE_INTEGRATION/05_POSITIVE_EXECUTION/B6_5_POSITIVE_EXECUTION_MLKEM768_RUN4_TOMSG_PRAGMA_RECOVERY_V3/recovery_commands/tomsg_corrected_show_properties_command.txt	886	27908c4a64662b3c6c515a38f730c06e06e4434bb22228d25739f82e23b8d3c3	"[""t6-authoritative-tree"", ""05_POSITIVE_EXECUTION/B6_5_POSITIVE_EXECUTION_MLKEM768_RUN4_TOMSG_PRAGMA_RECOVERY_V3/recovery_commands/tomsg_corrected_show_properties_command.txt""]"
EXPIREMENTS/MLK_POLY_SUB/SUB00A_d9613cf60de3/B6_5_POSITIVE_EXECUTION_MLKEM768_RUN4_TOMSG_PRAGMA_RECOVERY_V3/recovery_commands/tomsg_precondition_corrected_cbmc_command.txt	EXPIREMENTS/MLK_POLY_SUB/SUB00A_d9613cf60de3/SUB00R_BATCH6_T6_CALLSITE_INTEGRATION/05_POSITIVE_EXECUTION/B6_5_POSITIVE_EXECUTION_MLKEM768_RUN4_TOMSG_PRAGMA_RECOVERY_V3/recovery_commands/tomsg_precondition_corrected_cbmc_command.txt	experiments/poly-sub/T06-callsite-integration/raw-evidence/SUB00R_BATCH6_T6_CALLSITE_INTEGRATION/05_POSITIVE_EXECUTION/B6_5_POSITIVE_EXECUTION_MLKEM768_RUN4_TOMSG_PRAGMA_RECOVERY_V3/recovery_commands/tomsg_precondition_corrected_cbmc_command.txt	924	d79c5f6e9e4f90a701dabaa2d9690bbebb125dc3dfdfc245828bbf162c04acda	"[""t6-authoritative-tree"", ""05_POSITIVE_EXECUTION/B6_5_POSITIVE_EXECUTION_MLKEM768_RUN4_TOMSG_PRAGMA_RECOVERY_V3/recovery_commands/tomsg_precondition_corrected_cbmc_command.txt""]"
EXPIREMENTS/MLK_POLY_SUB/SUB00A_d9613cf60de3/B6_5_POSITIVE_EXECUTION_MLKEM768_RUN4_TOMSG_PRAGMA_RECOVERY_V3/recovery_exit_codes/tomsg_corrected_goto_build_exit_code.txt	EXPIREMENTS/MLK_POLY_SUB/SUB00A_d9613cf60de3/SUB00R_BATCH6_T6_CALLSITE_INTEGRATION/05_POSITIVE_EXECUTION/B6_5_POSITIVE_EXECUTION_MLKEM768_RUN4_TOMSG_PRAGMA_RECOVERY_V3/recovery_exit_codes/tomsg_corrected_goto_build_exit_code.txt	experiments/poly-sub/T06-callsite-integration/raw-evidence/SUB00R_BATCH6_T6_CALLSITE_INTEGRATION/05_POSITIVE_EXECUTION/B6_5_POSITIVE_EXECUTION_MLKEM768_RUN4_TOMSG_PRAGMA_RECOVERY_V3/recovery_exit_codes/tomsg_corrected_goto_build_exit_code.txt	2	9a271f2a916b0b6ee6cecb2426f0b3206ef074578be55d9bc94f6f3fe3ab86aa	"[""t6-authoritative-tree"", ""05_POSITIVE_EXECUTION/B6_5_POSITIVE_EXECUTION_MLKEM768_RUN4_TOMSG_PRAGMA_RECOVERY_V3/recovery_exit_codes/tomsg_corrected_goto_build_exit_code.txt""]"
EXPIREMENTS/MLK_POLY_SUB/SUB00A_d9613cf60de3/B6_5_POSITIVE_EXECUTION_MLKEM768_RUN4_TOMSG_PRAGMA_RECOVERY_V3/recovery_exit_codes/tomsg_precondition_corrected_cbmc_exit_code.txt	EXPIREMENTS/MLK_POLY_SUB/SUB00A_d9613cf60de3/SUB00R_BATCH6_T6_CALLSITE_INTEGRATION/05_POSITIVE_EXECUTION/B6_5_POSITIVE_EXECUTION_MLKEM768_RUN4_TOMSG_PRAGMA_RECOVERY_V3/recovery_exit_codes/tomsg_precondition_corrected_cbmc_exit_code.txt	experiments/poly-sub/T06-callsite-integration/raw-evidence/SUB00R_BATCH6_T6_CALLSITE_INTEGRATION/05_POSITIVE_EXECUTION/B6_5_POSITIVE_EXECUTION_MLKEM768_RUN4_TOMSG_PRAGMA_RECOVERY_V3/recovery_exit_codes/tomsg_precondition_corrected_cbmc_exit_code.txt	2	9a271f2a916b0b6ee6cecb2426f0b3206ef074578be55d9bc94f6f3fe3ab86aa	"[""t6-authoritative-tree"", ""05_POSITIVE_EXECUTION/B6_5_POSITIVE_EXECUTION_MLKEM768_RUN4_TOMSG_PRAGMA_RECOVERY_V3/recovery_exit_codes/tomsg_precondition_corrected_cbmc_exit_code.txt""]"
EXPIREMENTS/MLK_POLY_SUB/SUB00A_d9613cf60de3/B6_5_POSITIVE_EXECUTION_MLKEM768_RUN4_TOMSG_PRAGMA_RECOVERY_V3/recovery_inspection/tomsg_corrected_reachability_parser_output.txt	EXPIREMENTS/MLK_POLY_SUB/SUB00A_d9613cf60de3/SUB00R_BATCH6_T6_CALLSITE_INTEGRATION/05_POSITIVE_EXECUTION/B6_5_POSITIVE_EXECUTION_MLKEM768_RUN4_TOMSG_PRAGMA_RECOVERY_V3/recovery_inspection/tomsg_corrected_reachability_parser_output.txt	experiments/poly-sub/T06-callsite-integration/raw-evidence/SUB00R_BATCH6_T6_CALLSITE_INTEGRATION/05_POSITIVE_EXECUTION/B6_5_POSITIVE_EXECUTION_MLKEM768_RUN4_TOMSG_PRAGMA_RECOVERY_V3/recovery_inspection/tomsg_corrected_reachability_parser_output.txt	534	80ea86c228e089a9cd390b552fe8c205fad050e81149d95b8a712750f3e0acb9	"[""t6-authoritative-tree"", ""05_POSITIVE_EXECUTION/B6_5_POSITIVE_EXECUTION_MLKEM768_RUN4_TOMSG_PRAGMA_RECOVERY_V3/recovery_inspection/tomsg_corrected_reachability_parser_output.txt""]"
EXPIREMENTS/MLK_POLY_SUB/SUB00A_d9613cf60de3/B6_5_POSITIVE_EXECUTION_MLKEM768_RUN4_TOMSG_PRAGMA_RECOVERY_V3/recovery_inspection/tomsg_corrected_reachable_call_graph.txt	EXPIREMENTS/MLK_POLY_SUB/SUB00A_d9613cf60de3/SUB00R_BATCH6_T6_CALLSITE_INTEGRATION/05_POSITIVE_EXECUTION/B6_5_POSITIVE_EXECUTION_MLKEM768_RUN4_TOMSG_PRAGMA_RECOVERY_V3/recovery_inspection/tomsg_corrected_reachable_call_graph.txt	experiments/poly-sub/T06-callsite-integration/raw-evidence/SUB00R_BATCH6_T6_CALLSITE_INTEGRATION/05_POSITIVE_EXECUTION/B6_5_POSITIVE_EXECUTION_MLKEM768_RUN4_TOMSG_PRAGMA_RECOVERY_V3/recovery_inspection/tomsg_corrected_reachable_call_graph.txt	1481	1859300a52b4e7ca17935758e7c46b8090425980c0ec90c10ea8b4c8df690498	"[""t6-authoritative-tree"", ""05_POSITIVE_EXECUTION/B6_5_POSITIVE_EXECUTION_MLKEM768_RUN4_TOMSG_PRAGMA_RECOVERY_V3/recovery_inspection/tomsg_corrected_reachable_call_graph.txt""]"
EXPIREMENTS/MLK_POLY_SUB/SUB00A_d9613cf60de3/B6_5_POSITIVE_EXECUTION_MLKEM768_RUN4_TOMSG_PRAGMA_RECOVERY_V3/recovery_inspection/tomsg_corrected_reachable_functions.txt	EXPIREMENTS/MLK_POLY_SUB/SUB00A_d9613cf60de3/SUB00R_BATCH6_T6_CALLSITE_INTEGRATION/05_POSITIVE_EXECUTION/B6_5_POSITIVE_EXECUTION_MLKEM768_RUN4_TOMSG_PRAGMA_RECOVERY_V3/recovery_inspection/tomsg_corrected_reachable_functions.txt	experiments/poly-sub/T06-callsite-integration/raw-evidence/SUB00R_BATCH6_T6_CALLSITE_INTEGRATION/05_POSITIVE_EXECUTION/B6_5_POSITIVE_EXECUTION_MLKEM768_RUN4_TOMSG_PRAGMA_RECOVERY_V3/recovery_inspection/tomsg_corrected_reachable_functions.txt	440	eabfcc02a804ac4ba1704175a9dece93ae0415d301bf9382fea38cc752227145	"[""t6-authoritative-tree"", ""05_POSITIVE_EXECUTION/B6_5_POSITIVE_EXECUTION_MLKEM768_RUN4_TOMSG_PRAGMA_RECOVERY_V3/recovery_inspection/tomsg_corrected_reachable_functions.txt""]"
EXPIREMENTS/MLK_POLY_SUB/SUB00A_d9613cf60de3/B6_5_POSITIVE_EXECUTION_MLKEM768_RUN4_TOMSG_PRAGMA_RECOVERY_V3/recovery_inspection/tomsg_corrected_reachable_loops.tsv	EXPIREMENTS/MLK_POLY_SUB/SUB00A_d9613cf60de3/SUB00R_BATCH6_T6_CALLSITE_INTEGRATION/05_POSITIVE_EXECUTION/B6_5_POSITIVE_EXECUTION_MLKEM768_RUN4_TOMSG_PRAGMA_RECOVERY_V3/recovery_inspection/tomsg_corrected_reachable_loops.tsv	experiments/poly-sub/T06-callsite-integration/raw-evidence/SUB00R_BATCH6_T6_CALLSITE_INTEGRATION/05_POSITIVE_EXECUTION/B6_5_POSITIVE_EXECUTION_MLKEM768_RUN4_TOMSG_PRAGMA_RECOVERY_V3/recovery_inspection/tomsg_corrected_reachable_loops.tsv	573	6c0d962d794ca6b3a85490b3028cea1f6f40652cb078f7636935c43649df384d	"[""t6-authoritative-tree"", ""05_POSITIVE_EXECUTION/B6_5_POSITIVE_EXECUTION_MLKEM768_RUN4_TOMSG_PRAGMA_RECOVERY_V3/recovery_inspection/tomsg_corrected_reachable_loops.tsv""]"
EXPIREMENTS/MLK_POLY_SUB/SUB00A_d9613cf60de3/B6_5_POSITIVE_EXECUTION_MLKEM768_RUN4_TOMSG_PRAGMA_RECOVERY_V3/recovery_inspection/tomsg_corrected_scalar_compress_scope_audit.txt	EXPIREMENTS/MLK_POLY_SUB/SUB00A_d9613cf60de3/SUB00R_BATCH6_T6_CALLSITE_INTEGRATION/05_POSITIVE_EXECUTION/B6_5_POSITIVE_EXECUTION_MLKEM768_RUN4_TOMSG_PRAGMA_RECOVERY_V3/recovery_inspection/tomsg_corrected_scalar_compress_scope_audit.txt	experiments/poly-sub/T06-callsite-integration/raw-evidence/SUB00R_BATCH6_T6_CALLSITE_INTEGRATION/05_POSITIVE_EXECUTION/B6_5_POSITIVE_EXECUTION_MLKEM768_RUN4_TOMSG_PRAGMA_RECOVERY_V3/recovery_inspection/tomsg_corrected_scalar_compress_scope_audit.txt	156	5dbe4883de15846ac6de5ad24502df25f5a0b87b6c6a03aa67af98654ca99e8d	"[""t6-authoritative-tree"", ""05_POSITIVE_EXECUTION/B6_5_POSITIVE_EXECUTION_MLKEM768_RUN4_TOMSG_PRAGMA_RECOVERY_V3/recovery_inspection/tomsg_corrected_scalar_compress_scope_audit.txt""]"
EXPIREMENTS/MLK_POLY_SUB/SUB00A_d9613cf60de3/B6_5_POSITIVE_EXECUTION_MLKEM768_RUN4_TOMSG_PRAGMA_RECOVERY_V3/recovery_inspection/tomsg_corrected_show_loops.txt	EXPIREMENTS/MLK_POLY_SUB/SUB00A_d9613cf60de3/SUB00R_BATCH6_T6_CALLSITE_INTEGRATION/05_POSITIVE_EXECUTION/B6_5_POSITIVE_EXECUTION_MLKEM768_RUN4_TOMSG_PRAGMA_RECOVERY_V3/recovery_inspection/tomsg_corrected_show_loops.txt	experiments/poly-sub/T06-callsite-integration/raw-evidence/SUB00R_BATCH6_T6_CALLSITE_INTEGRATION/05_POSITIVE_EXECUTION/B6_5_POSITIVE_EXECUTION_MLKEM768_RUN4_TOMSG_PRAGMA_RECOVERY_V3/recovery_inspection/tomsg_corrected_show_loops.txt	8999	210d9d940c410cd6062d3e75d323aba5cb36051240656efd7b2db956849993de	"[""t6-authoritative-tree"", ""05_POSITIVE_EXECUTION/B6_5_POSITIVE_EXECUTION_MLKEM768_RUN4_TOMSG_PRAGMA_RECOVERY_V3/recovery_inspection/tomsg_corrected_show_loops.txt""]"
EXPIREMENTS/MLK_POLY_SUB/SUB00A_d9613cf60de3/B6_5_POSITIVE_EXECUTION_MLKEM768_RUN4_TOMSG_PRAGMA_RECOVERY_V3/recovery_inspection/tomsg_corrected_show_properties.txt	EXPIREMENTS/MLK_POLY_SUB/SUB00A_d9613cf60de3/SUB00R_BATCH6_T6_CALLSITE_INTEGRATION/05_POSITIVE_EXECUTION/B6_5_POSITIVE_EXECUTION_MLKEM768_RUN4_TOMSG_PRAGMA_RECOVERY_V3/recovery_inspection/tomsg_corrected_show_properties.txt	experiments/poly-sub/T06-callsite-integration/raw-evidence/SUB00R_BATCH6_T6_CALLSITE_INTEGRATION/05_POSITIVE_EXECUTION/B6_5_POSITIVE_EXECUTION_MLKEM768_RUN4_TOMSG_PRAGMA_RECOVERY_V3/recovery_inspection/tomsg_corrected_show_properties.txt	319994	ee12cca9b8a1c977735f3f2ec3742a32c1d6bcdcc78105e7c9c387a9405b99fb	"[""t6-authoritative-tree"", ""05_POSITIVE_EXECUTION/B6_5_POSITIVE_EXECUTION_MLKEM768_RUN4_TOMSG_PRAGMA_RECOVERY_V3/recovery_inspection/tomsg_corrected_show_properties.txt""]"
EXPIREMENTS/MLK_POLY_SUB/SUB00A_d9613cf60de3/B6_5_POSITIVE_EXECUTION_MLKEM768_RUN4_TOMSG_PRAGMA_RECOVERY_V3/recovery_inspection/tomsg_corrected_show_properties_stderr.txt	EXPIREMENTS/MLK_POLY_SUB/SUB00A_d9613cf60de3/SUB00R_BATCH6_T6_CALLSITE_INTEGRATION/05_POSITIVE_EXECUTION/B6_5_POSITIVE_EXECUTION_MLKEM768_RUN4_TOMSG_PRAGMA_RECOVERY_V3/recovery_inspection/tomsg_corrected_show_properties_stderr.txt	experiments/poly-sub/T06-callsite-integration/raw-evidence/SUB00R_BATCH6_T6_CALLSITE_INTEGRATION/05_POSITIVE_EXECUTION/B6_5_POSITIVE_EXECUTION_MLKEM768_RUN4_TOMSG_PRAGMA_RECOVERY_V3/recovery_inspection/tomsg_corrected_show_properties_stderr.txt	0	e3b0c44298fc1c149afbf4c8996fb92427ae41e4649b934ca495991b7852b855	"[""t6-authoritative-tree"", ""05_POSITIVE_EXECUTION/B6_5_POSITIVE_EXECUTION_MLKEM768_RUN4_TOMSG_PRAGMA_RECOVERY_V3/recovery_inspection/tomsg_corrected_show_properties_stderr.txt""]"
EXPIREMENTS/MLK_POLY_SUB/SUB00A_d9613cf60de3/B6_5_POSITIVE_EXECUTION_MLKEM768_RUN4_TOMSG_PRAGMA_RECOVERY_V3/recovery_inspection/tomsg_corrected_undefined_functions.txt	EXPIREMENTS/MLK_POLY_SUB/SUB00A_d9613cf60de3/SUB00R_BATCH6_T6_CALLSITE_INTEGRATION/05_POSITIVE_EXECUTION/B6_5_POSITIVE_EXECUTION_MLKEM768_RUN4_TOMSG_PRAGMA_RECOVERY_V3/recovery_inspection/tomsg_corrected_undefined_functions.txt	experiments/poly-sub/T06-callsite-integration/raw-evidence/SUB00R_BATCH6_T6_CALLSITE_INTEGRATION/05_POSITIVE_EXECUTION/B6_5_POSITIVE_EXECUTION_MLKEM768_RUN4_TOMSG_PRAGMA_RECOVERY_V3/recovery_inspection/tomsg_corrected_undefined_functions.txt	466	cf2865fb246ac36dee8f16b41c68fb0a36dd2381f545dabbaf4cbf4cedf5cdea	"[""t6-authoritative-tree"", ""05_POSITIVE_EXECUTION/B6_5_POSITIVE_EXECUTION_MLKEM768_RUN4_TOMSG_PRAGMA_RECOVERY_V3/recovery_inspection/tomsg_corrected_undefined_functions.txt""]"
EXPIREMENTS/MLK_POLY_SUB/SUB00A_d9613cf60de3/B6_5_POSITIVE_EXECUTION_MLKEM768_RUN4_TOMSG_PRAGMA_RECOVERY_V3/recovery_inspection/tomsg_corrected_unwindset.txt	EXPIREMENTS/MLK_POLY_SUB/SUB00A_d9613cf60de3/SUB00R_BATCH6_T6_CALLSITE_INTEGRATION/05_POSITIVE_EXECUTION/B6_5_POSITIVE_EXECUTION_MLKEM768_RUN4_TOMSG_PRAGMA_RECOVERY_V3/recovery_inspection/tomsg_corrected_unwindset.txt	experiments/poly-sub/T06-callsite-integration/raw-evidence/SUB00R_BATCH6_T6_CALLSITE_INTEGRATION/05_POSITIVE_EXECUTION/B6_5_POSITIVE_EXECUTION_MLKEM768_RUN4_TOMSG_PRAGMA_RECOVERY_V3/recovery_inspection/tomsg_corrected_unwindset.txt	340	b01e5ebe61c7d950434dfed0f3646150bff6dee6099a4959f8a2cd0d0497c804	"[""t6-authoritative-tree"", ""05_POSITIVE_EXECUTION/B6_5_POSITIVE_EXECUTION_MLKEM768_RUN4_TOMSG_PRAGMA_RECOVERY_V3/recovery_inspection/tomsg_corrected_unwindset.txt""]"
EXPIREMENTS/MLK_POLY_SUB/SUB00A_d9613cf60de3/B6_5_POSITIVE_EXECUTION_MLKEM768_RUN4_TOMSG_PRAGMA_RECOVERY_V3/recovery_inspection/tomsg_corrected_validate_goto_binary.txt	EXPIREMENTS/MLK_POLY_SUB/SUB00A_d9613cf60de3/SUB00R_BATCH6_T6_CALLSITE_INTEGRATION/05_POSITIVE_EXECUTION/B6_5_POSITIVE_EXECUTION_MLKEM768_RUN4_TOMSG_PRAGMA_RECOVERY_V3/recovery_inspection/tomsg_corrected_validate_goto_binary.txt	experiments/poly-sub/T06-callsite-integration/raw-evidence/SUB00R_BATCH6_T6_CALLSITE_INTEGRATION/05_POSITIVE_EXECUTION/B6_5_POSITIVE_EXECUTION_MLKEM768_RUN4_TOMSG_PRAGMA_RECOVERY_V3/recovery_inspection/tomsg_corrected_validate_goto_binary.txt	268	fc08657416a30637efcc4e7a8815ed5e15ab0f759cd930e73b224f67086ec38a	"[""t6-authoritative-tree"", ""05_POSITIVE_EXECUTION/B6_5_POSITIVE_EXECUTION_MLKEM768_RUN4_TOMSG_PRAGMA_RECOVERY_V3/recovery_inspection/tomsg_corrected_validate_goto_binary.txt""]"
EXPIREMENTS/MLK_POLY_SUB/SUB00A_d9613cf60de3/B6_5_POSITIVE_EXECUTION_MLKEM768_RUN4_TOMSG_PRAGMA_RECOVERY_V3/recovery_inspection/tomsg_unwindset_comparison.txt	EXPIREMENTS/MLK_POLY_SUB/SUB00A_d9613cf60de3/SUB00R_BATCH6_T6_CALLSITE_INTEGRATION/05_POSITIVE_EXECUTION/B6_5_POSITIVE_EXECUTION_MLKEM768_RUN4_TOMSG_PRAGMA_RECOVERY_V3/recovery_inspection/tomsg_unwindset_comparison.txt	experiments/poly-sub/T06-callsite-integration/raw-evidence/SUB00R_BATCH6_T6_CALLSITE_INTEGRATION/05_POSITIVE_EXECUTION/B6_5_POSITIVE_EXECUTION_MLKEM768_RUN4_TOMSG_PRAGMA_RECOVERY_V3/recovery_inspection/tomsg_unwindset_comparison.txt	0	e3b0c44298fc1c149afbf4c8996fb92427ae41e4649b934ca495991b7852b855	"[""t6-authoritative-tree"", ""05_POSITIVE_EXECUTION/B6_5_POSITIVE_EXECUTION_MLKEM768_RUN4_TOMSG_PRAGMA_RECOVERY_V3/recovery_inspection/tomsg_unwindset_comparison.txt""]"
EXPIREMENTS/MLK_POLY_SUB/SUB00A_d9613cf60de3/B6_5_POSITIVE_EXECUTION_MLKEM768_RUN4_TOMSG_PRAGMA_RECOVERY_V3/recovery_logs/tomsg_corrected_goto_build_stderr.txt	EXPIREMENTS/MLK_POLY_SUB/SUB00A_d9613cf60de3/SUB00R_BATCH6_T6_CALLSITE_INTEGRATION/05_POSITIVE_EXECUTION/B6_5_POSITIVE_EXECUTION_MLKEM768_RUN4_TOMSG_PRAGMA_RECOVERY_V3/recovery_logs/tomsg_corrected_goto_build_stderr.txt	experiments/poly-sub/T06-callsite-integration/raw-evidence/SUB00R_BATCH6_T6_CALLSITE_INTEGRATION/05_POSITIVE_EXECUTION/B6_5_POSITIVE_EXECUTION_MLKEM768_RUN4_TOMSG_PRAGMA_RECOVERY_V3/recovery_logs/tomsg_corrected_goto_build_stderr.txt	0	e3b0c44298fc1c149afbf4c8996fb92427ae41e4649b934ca495991b7852b855	"[""t6-authoritative-tree"", ""05_POSITIVE_EXECUTION/B6_5_POSITIVE_EXECUTION_MLKEM768_RUN4_TOMSG_PRAGMA_RECOVERY_V3/recovery_logs/tomsg_corrected_goto_build_stderr.txt""]"
EXPIREMENTS/MLK_POLY_SUB/SUB00A_d9613cf60de3/B6_5_POSITIVE_EXECUTION_MLKEM768_RUN4_TOMSG_PRAGMA_RECOVERY_V3/recovery_logs/tomsg_corrected_goto_build_stdout.txt	EXPIREMENTS/MLK_POLY_SUB/SUB00A_d9613cf60de3/SUB00R_BATCH6_T6_CALLSITE_INTEGRATION/05_POSITIVE_EXECUTION/B6_5_POSITIVE_EXECUTION_MLKEM768_RUN4_TOMSG_PRAGMA_RECOVERY_V3/recovery_logs/tomsg_corrected_goto_build_stdout.txt	experiments/poly-sub/T06-callsite-integration/raw-evidence/SUB00R_BATCH6_T6_CALLSITE_INTEGRATION/05_POSITIVE_EXECUTION/B6_5_POSITIVE_EXECUTION_MLKEM768_RUN4_TOMSG_PRAGMA_RECOVERY_V3/recovery_logs/tomsg_corrected_goto_build_stdout.txt	0	e3b0c44298fc1c149afbf4c8996fb92427ae41e4649b934ca495991b7852b855	"[""t6-authoritative-tree"", ""05_POSITIVE_EXECUTION/B6_5_POSITIVE_EXECUTION_MLKEM768_RUN4_TOMSG_PRAGMA_RECOVERY_V3/recovery_logs/tomsg_corrected_goto_build_stdout.txt""]"
EXPIREMENTS/MLK_POLY_SUB/SUB00A_d9613cf60de3/B6_5_POSITIVE_EXECUTION_MLKEM768_RUN4_TOMSG_PRAGMA_RECOVERY_V3/recovery_logs/tomsg_precondition_corrected_cbmc_stderr.txt	EXPIREMENTS/MLK_POLY_SUB/SUB00A_d9613cf60de3/SUB00R_BATCH6_T6_CALLSITE_INTEGRATION/05_POSITIVE_EXECUTION/B6_5_POSITIVE_EXECUTION_MLKEM768_RUN4_TOMSG_PRAGMA_RECOVERY_V3/recovery_logs/tomsg_precondition_corrected_cbmc_stderr.txt	experiments/poly-sub/T06-callsite-integration/raw-evidence/SUB00R_BATCH6_T6_CALLSITE_INTEGRATION/05_POSITIVE_EXECUTION/B6_5_POSITIVE_EXECUTION_MLKEM768_RUN4_TOMSG_PRAGMA_RECOVERY_V3/recovery_logs/tomsg_precondition_corrected_cbmc_stderr.txt	0	e3b0c44298fc1c149afbf4c8996fb92427ae41e4649b934ca495991b7852b855	"[""t6-authoritative-tree"", ""05_POSITIVE_EXECUTION/B6_5_POSITIVE_EXECUTION_MLKEM768_RUN4_TOMSG_PRAGMA_RECOVERY_V3/recovery_logs/tomsg_precondition_corrected_cbmc_stderr.txt""]"
EXPIREMENTS/MLK_POLY_SUB/SUB00A_d9613cf60de3/B6_5_POSITIVE_EXECUTION_MLKEM768_RUN4_TOMSG_PRAGMA_RECOVERY_V3/recovery_resource_usage/tomsg_precondition_corrected_resource_usage.txt	EXPIREMENTS/MLK_POLY_SUB/SUB00A_d9613cf60de3/SUB00R_BATCH6_T6_CALLSITE_INTEGRATION/05_POSITIVE_EXECUTION/B6_5_POSITIVE_EXECUTION_MLKEM768_RUN4_TOMSG_PRAGMA_RECOVERY_V3/recovery_resource_usage/tomsg_precondition_corrected_resource_usage.txt	experiments/poly-sub/T06-callsite-integration/raw-evidence/SUB00R_BATCH6_T6_CALLSITE_INTEGRATION/05_POSITIVE_EXECUTION/B6_5_POSITIVE_EXECUTION_MLKEM768_RUN4_TOMSG_PRAGMA_RECOVERY_V3/recovery_resource_usage/tomsg_precondition_corrected_resource_usage.txt	1676	e69e5038fbb8840a51e5f1979c4fd78056a1bc28dff82241075cdc0e2d5d508d	"[""t6-authoritative-tree"", ""05_POSITIVE_EXECUTION/B6_5_POSITIVE_EXECUTION_MLKEM768_RUN4_TOMSG_PRAGMA_RECOVERY_V3/recovery_resource_usage/tomsg_precondition_corrected_resource_usage.txt""]"
EXPIREMENTS/MLK_POLY_SUB/SUB00A_d9613cf60de3/B6_5_POSITIVE_EXECUTION_MLKEM768_RUN4_TOMSG_PRAGMA_RECOVERY_V3/recovery_results/tomsg_precondition_corrected_cbmc_result.json	EXPIREMENTS/MLK_POLY_SUB/SUB00A_d9613cf60de3/SUB00R_BATCH6_T6_CALLSITE_INTEGRATION/05_POSITIVE_EXECUTION/B6_5_POSITIVE_EXECUTION_MLKEM768_RUN4_TOMSG_PRAGMA_RECOVERY_V3/recovery_results/tomsg_precondition_corrected_cbmc_result.json	experiments/poly-sub/T06-callsite-integration/raw-evidence/SUB00R_BATCH6_T6_CALLSITE_INTEGRATION/05_POSITIVE_EXECUTION/B6_5_POSITIVE_EXECUTION_MLKEM768_RUN4_TOMSG_PRAGMA_RECOVERY_V3/recovery_results/tomsg_precondition_corrected_cbmc_result.json	1054089	2bbfe38dc17c52a0c47d25cc11bcce00dc0254ad3baeb638496f9b7cf1897550	"[""t6-authoritative-tree"", ""05_POSITIVE_EXECUTION/B6_5_POSITIVE_EXECUTION_MLKEM768_RUN4_TOMSG_PRAGMA_RECOVERY_V3/recovery_results/tomsg_precondition_corrected_cbmc_result.json""]"
EXPIREMENTS/MLK_POLY_SUB/SUB00A_d9613cf60de3/B6_5_POSITIVE_EXECUTION_MLKEM768_RUN4_TOMSG_PRAGMA_RECOVERY_V3/recovery_results/tomsg_precondition_corrected_cbmc_result.json.sha256	EXPIREMENTS/MLK_POLY_SUB/SUB00A_d9613cf60de3/SUB00R_BATCH6_T6_CALLSITE_INTEGRATION/05_POSITIVE_EXECUTION/B6_5_POSITIVE_EXECUTION_MLKEM768_RUN4_TOMSG_PRAGMA_RECOVERY_V3/recovery_results/tomsg_precondition_corrected_cbmc_result.json.sha256	experiments/poly-sub/T06-callsite-integration/raw-evidence/SUB00R_BATCH6_T6_CALLSITE_INTEGRATION/05_POSITIVE_EXECUTION/B6_5_POSITIVE_EXECUTION_MLKEM768_RUN4_TOMSG_PRAGMA_RECOVERY_V3/recovery_results/tomsg_precondition_corrected_cbmc_result.json.sha256	320	801dac2e224c9cd7b05d8a0106b6ca7e38bc14eaf6fbb23617c2365fb376b9d7	"[""t6-authoritative-tree"", ""05_POSITIVE_EXECUTION/B6_5_POSITIVE_EXECUTION_MLKEM768_RUN4_TOMSG_PRAGMA_RECOVERY_V3/recovery_results/tomsg_precondition_corrected_cbmc_result.json.sha256""]"
EXPIREMENTS/MLK_POLY_SUB/SUB00A_d9613cf60de3/B6_5_POSITIVE_EXECUTION_MLKEM768_RUN4_TOMSG_PRAGMA_RECOVERY_V3/recovery_results/tomsg_precondition_corrected_marker_audit.txt	EXPIREMENTS/MLK_POLY_SUB/SUB00A_d9613cf60de3/SUB00R_BATCH6_T6_CALLSITE_INTEGRATION/05_POSITIVE_EXECUTION/B6_5_POSITIVE_EXECUTION_MLKEM768_RUN4_TOMSG_PRAGMA_RECOVERY_V3/recovery_results/tomsg_precondition_corrected_marker_audit.txt	experiments/poly-sub/T06-callsite-integration/raw-evidence/SUB00R_BATCH6_T6_CALLSITE_INTEGRATION/05_POSITIVE_EXECUTION/B6_5_POSITIVE_EXECUTION_MLKEM768_RUN4_TOMSG_PRAGMA_RECOVERY_V3/recovery_results/tomsg_precondition_corrected_marker_audit.txt	115	67c43336ea089613a73c90f4b1488d46ea8cd48123439383f4f2a121ba699c12	"[""t6-authoritative-tree"", ""05_POSITIVE_EXECUTION/B6_5_POSITIVE_EXECUTION_MLKEM768_RUN4_TOMSG_PRAGMA_RECOVERY_V3/recovery_results/tomsg_precondition_corrected_marker_audit.txt""]"
EXPIREMENTS/MLK_POLY_SUB/SUB00A_d9613cf60de3/B6_5_POSITIVE_EXECUTION_MLKEM768_RUN4_TOMSG_PRAGMA_RECOVERY_V3/recovery_results/tomsg_precondition_corrected_parsed_result.txt	EXPIREMENTS/MLK_POLY_SUB/SUB00A_d9613cf60de3/SUB00R_BATCH6_T6_CALLSITE_INTEGRATION/05_POSITIVE_EXECUTION/B6_5_POSITIVE_EXECUTION_MLKEM768_RUN4_TOMSG_PRAGMA_RECOVERY_V3/recovery_results/tomsg_precondition_corrected_parsed_result.txt	experiments/poly-sub/T06-callsite-integration/raw-evidence/SUB00R_BATCH6_T6_CALLSITE_INTEGRATION/05_POSITIVE_EXECUTION/B6_5_POSITIVE_EXECUTION_MLKEM768_RUN4_TOMSG_PRAGMA_RECOVERY_V3/recovery_results/tomsg_precondition_corrected_parsed_result.txt	134732	ff9589078753da2d25f5d984b2d22aa08422648158e58dfa4b3788d895c8702a	"[""t6-authoritative-tree"", ""05_POSITIVE_EXECUTION/B6_5_POSITIVE_EXECUTION_MLKEM768_RUN4_TOMSG_PRAGMA_RECOVERY_V3/recovery_results/tomsg_precondition_corrected_parsed_result.txt""]"
EXPIREMENTS/MLK_POLY_SUB/SUB00A_d9613cf60de3/B6_5_POSITIVE_EXECUTION_MLKEM768_RUN4_TOMSG_PRAGMA_RECOVERY_V3/recovery_support/audit_positive_json.py	EXPIREMENTS/MLK_POLY_SUB/SUB00A_d9613cf60de3/SUB00R_BATCH6_T6_CALLSITE_INTEGRATION/05_POSITIVE_EXECUTION/B6_5_POSITIVE_EXECUTION_MLKEM768_RUN4_TOMSG_PRAGMA_RECOVERY_V3/recovery_support/audit_positive_json.py	experiments/poly-sub/T06-callsite-integration/raw-evidence/SUB00R_BATCH6_T6_CALLSITE_INTEGRATION/05_POSITIVE_EXECUTION/B6_5_POSITIVE_EXECUTION_MLKEM768_RUN4_TOMSG_PRAGMA_RECOVERY_V3/recovery_support/audit_positive_json.py	1568	16fc55700cd90c9ed271c2daf516282001083f67ee004ef32df9b300cfa16bd3	"[""t6-authoritative-tree"", ""05_POSITIVE_EXECUTION/B6_5_POSITIVE_EXECUTION_MLKEM768_RUN4_TOMSG_PRAGMA_RECOVERY_V3/recovery_support/audit_positive_json.py""]"
EXPIREMENTS/MLK_POLY_SUB/SUB00A_d9613cf60de3/B6_5_POSITIVE_EXECUTION_MLKEM768_RUN4_TOMSG_PRAGMA_RECOVERY_V3/recovery_support/classify_original_tomsg_failure.py	EXPIREMENTS/MLK_POLY_SUB/SUB00A_d9613cf60de3/SUB00R_BATCH6_T6_CALLSITE_INTEGRATION/05_POSITIVE_EXECUTION/B6_5_POSITIVE_EXECUTION_MLKEM768_RUN4_TOMSG_PRAGMA_RECOVERY_V3/recovery_support/classify_original_tomsg_failure.py	experiments/poly-sub/T06-callsite-integration/raw-evidence/SUB00R_BATCH6_T6_CALLSITE_INTEGRATION/05_POSITIVE_EXECUTION/B6_5_POSITIVE_EXECUTION_MLKEM768_RUN4_TOMSG_PRAGMA_RECOVERY_V3/recovery_support/classify_original_tomsg_failure.py	2525	17f93783dcb5b201910ca3b100f41db960c3e9d25a42d9cc1de89d2f6a41bd06	"[""t6-authoritative-tree"", ""05_POSITIVE_EXECUTION/B6_5_POSITIVE_EXECUTION_MLKEM768_RUN4_TOMSG_PRAGMA_RECOVERY_V3/recovery_support/classify_original_tomsg_failure.py""]"
EXPIREMENTS/MLK_POLY_SUB/SUB00A_d9613cf60de3/B6_5_POSITIVE_EXECUTION_MLKEM768_RUN4_TOMSG_PRAGMA_RECOVERY_V3/recovery_support/derive_reachable_unwindset.py	EXPIREMENTS/MLK_POLY_SUB/SUB00A_d9613cf60de3/SUB00R_BATCH6_T6_CALLSITE_INTEGRATION/05_POSITIVE_EXECUTION/B6_5_POSITIVE_EXECUTION_MLKEM768_RUN4_TOMSG_PRAGMA_RECOVERY_V3/recovery_support/derive_reachable_unwindset.py	experiments/poly-sub/T06-callsite-integration/raw-evidence/SUB00R_BATCH6_T6_CALLSITE_INTEGRATION/05_POSITIVE_EXECUTION/B6_5_POSITIVE_EXECUTION_MLKEM768_RUN4_TOMSG_PRAGMA_RECOVERY_V3/recovery_support/derive_reachable_unwindset.py	3696	b22a82b6a9d5cd98bb35cf2fa03a181b3bf6e32c294a51b152485bcd8995278f	"[""t6-authoritative-tree"", ""05_POSITIVE_EXECUTION/B6_5_POSITIVE_EXECUTION_MLKEM768_RUN4_TOMSG_PRAGMA_RECOVERY_V3/recovery_support/derive_reachable_unwindset.py""]"
EXPIREMENTS/MLK_POLY_SUB/SUB00A_d9613cf60de3/B6_5_POSITIVE_EXECUTION_MLKEM768_RUN4_TOMSG_PRAGMA_RECOVERY_V3/recovery_support/sub00r_b6_compress_intended_wrap_scope.h	EXPIREMENTS/MLK_POLY_SUB/SUB00A_d9613cf60de3/SUB00R_BATCH6_T6_CALLSITE_INTEGRATION/05_POSITIVE_EXECUTION/B6_5_POSITIVE_EXECUTION_MLKEM768_RUN4_TOMSG_PRAGMA_RECOVERY_V3/recovery_support/sub00r_b6_compress_intended_wrap_scope.h	experiments/poly-sub/T06-callsite-integration/raw-evidence/SUB00R_BATCH6_T6_CALLSITE_INTEGRATION/05_POSITIVE_EXECUTION/B6_5_POSITIVE_EXECUTION_MLKEM768_RUN4_TOMSG_PRAGMA_RECOVERY_V3/recovery_support/sub00r_b6_compress_intended_wrap_scope.h	909	07c413524d7186cbfdddac9f73a0182214ff06a887e2f383c5b8d39a0e185547	"[""t6-authoritative-tree"", ""05_POSITIVE_EXECUTION/B6_5_POSITIVE_EXECUTION_MLKEM768_RUN4_TOMSG_PRAGMA_RECOVERY_V3/recovery_support/sub00r_b6_compress_intended_wrap_scope.h""]"
EXPIREMENTS/OUTPUT TXT FILES( POLY ADD, SUB)/source/mlkem/README.md	EXPIREMENTS/MLK_POLY_SUB/SUB00A_d9613cf60de3/source/mlkem/README.md	upstream/mlkem-native/tracked-source-snapshot/mlkem/README.md	1800	9a0ac2dd53f22d2a2e9b5995de871395cdc4e060b1cc2959713ce137b25fe864	"[""tracked-source"", ""mlkem/README.md""]"
EXPIREMENTS/OUTPUT TXT FILES( POLY ADD, SUB)/source/mlkem/mlkem_native.c	EXPIREMENTS/MLK_POLY_SUB/SUB00A_d9613cf60de3/source/mlkem/mlkem_native.c	upstream/mlkem-native/tracked-source-snapshot/mlkem/mlkem_native.c	21969	c09e20cd67f4d95ffab70da39d054c569b82572cc0e7d7784437d83420ed77a6	"[""tracked-source"", ""mlkem/mlkem_native.c""]"
EXPIREMENTS/OUTPUT TXT FILES( POLY ADD, SUB)/source/mlkem/mlkem_native.h	EXPIREMENTS/MLK_POLY_SUB/SUB00A_d9613cf60de3/source/mlkem/mlkem_native.h	upstream/mlkem-native/tracked-source-snapshot/mlkem/mlkem_native.h	19752	df582b5462c592df89f0f8764af073acaa968086dc61e6c2d5cd6b12ac43c1b1	"[""tracked-source"", ""mlkem/mlkem_native.h""]"
EXPIREMENTS/OUTPUT TXT FILES( POLY ADD, SUB)/source/mlkem/mlkem_native_asm.S	EXPIREMENTS/MLK_POLY_SUB/SUB00A_d9613cf60de3/source/mlkem/mlkem_native_asm.S	upstream/mlkem-native/tracked-source-snapshot/mlkem/mlkem_native_asm.S	24205	2e3c065128d7cc3fc33f33e70fcf26f85ebbbcba74dc14fd8b1564c157fdf52c	"[""tracked-source"", ""mlkem/mlkem_native_asm.S""]"
EXPIREMENTS/OUTPUT TXT FILES( POLY ADD, SUB)/source/mlkem/mlkem_native_config.h	EXPIREMENTS/MLK_POLY_SUB/SUB00A_d9613cf60de3/source/mlkem/mlkem_native_config.h	upstream/mlkem-native/tracked-source-snapshot/mlkem/mlkem_native_config.h	21897	a1da5666025805b84c6a37f316a2e3d4659ad68e32b25d3f802699313f0b8776	"[""tracked-source"", ""mlkem/mlkem_native_config.h""]"
EXPIREMENTS/OUTPUT TXT FILES( POLY ADD, SUB)/source/mlkem/src/cbmc.h	EXPIREMENTS/MLK_POLY_SUB/SUB00A_d9613cf60de3/source/mlkem/src/cbmc.h	upstream/mlkem-native/tracked-source-snapshot/mlkem/src/cbmc.h	7954	12fe62f76060aa2cdd41de6170e0c787c516ae753ed32579c9c39b1af55130fb	"[""tracked-source"", ""mlkem/src/cbmc.h""]"
EXPIREMENTS/OUTPUT TXT FILES( POLY ADD, SUB)/source/mlkem/src/common.h	EXPIREMENTS/MLK_POLY_SUB/SUB00A_d9613cf60de3/source/mlkem/src/common.h	upstream/mlkem-native/tracked-source-snapshot/mlkem/src/common.h	10680	5598905a5655ae8aa5215591d973c79db77dd8978c89bf715c2292f5c9a5be5f	"[""tracked-source"", ""mlkem/src/common.h""]"
EXPIREMENTS/OUTPUT TXT FILES( POLY ADD, SUB)/source/mlkem/src/compress.c	EXPIREMENTS/MLK_POLY_SUB/SUB00A_d9613cf60de3/source/mlkem/src/compress.c	upstream/mlkem-native/tracked-source-snapshot/mlkem/src/compress.c	24427	9201bea6ddd1d7622cc6496d2f745fee52397d203392f75a3d6e52a400de5bad	"[""tracked-source"", ""mlkem/src/compress.c""]"
EXPIREMENTS/OUTPUT TXT FILES( POLY ADD, SUB)/source/mlkem/src/compress.h	EXPIREMENTS/MLK_POLY_SUB/SUB00A_d9613cf60de3/source/mlkem/src/compress.h	upstream/mlkem-native/tracked-source-snapshot/mlkem/src/compress.h	20187	0f357a30e7ea37351854dc550e502e5a7eaf80184896bf92b40073175706e0dd	"[""tracked-source"", ""mlkem/src/compress.h""]"
EXPIREMENTS/OUTPUT TXT FILES( POLY ADD, SUB)/source/mlkem/src/debug.c	EXPIREMENTS/MLK_POLY_SUB/SUB00A_d9613cf60de3/source/mlkem/src/debug.c	upstream/mlkem-native/tracked-source-snapshot/mlkem/src/debug.c	1605	263ac19f2b2bf5c784cbf04fd4c968762abedc6961d44f507c8953b52a38827e	"[""tracked-source"", ""mlkem/src/debug.c""]"
EXPIREMENTS/OUTPUT TXT FILES( POLY ADD, SUB)/source/mlkem/src/debug.h	EXPIREMENTS/MLK_POLY_SUB/SUB00A_d9613cf60de3/source/mlkem/src/debug.h	upstream/mlkem-native/tracked-source-snapshot/mlkem/src/debug.h	4740	d1fab329b439fc6dd9c4234f3fe053e74b000d416e0f4e4464542813667f3750	"[""tracked-source"", ""mlkem/src/debug.h""]"
EXPIREMENTS/OUTPUT TXT FILES( POLY ADD, SUB)/source/mlkem/src/fips202/fips202.c	EXPIREMENTS/MLK_POLY_SUB/SUB00A_d9613cf60de3/source/mlkem/src/fips202/fips202.c	upstream/mlkem-native/tracked-source-snapshot/mlkem/src/fips202/fips202.c	7438	fb0654c0b33c45c929fdb2af2287807a7b8f312ac7f3baa3ddfaef0c030ef0b2	"[""tracked-source"", ""mlkem/src/fips202/fips202.c""]"
EXPIREMENTS/OUTPUT TXT FILES( POLY ADD, SUB)/source/mlkem/src/fips202/fips202.h	EXPIREMENTS/MLK_POLY_SUB/SUB00A_d9613cf60de3/source/mlkem/src/fips202/fips202.h	upstream/mlkem-native/tracked-source-snapshot/mlkem/src/fips202/fips202.h	4922	cad68aaacc2f3511f0a5a0c70f7ac827e76c78e862f1c5616de2b74c8b96a4a5	"[""tracked-source"", ""mlkem/src/fips202/fips202.h""]"
EXPIREMENTS/OUTPUT TXT FILES( POLY ADD, SUB)/source/mlkem/src/fips202/fips202x4.c	EXPIREMENTS/MLK_POLY_SUB/SUB00A_d9613cf60de3/source/mlkem/src/fips202/fips202x4.c	upstream/mlkem-native/tracked-source-snapshot/mlkem/src/fips202/fips202x4.c	7353	2e481ccbafc00765b210725c8e454f2b4dc622844eccf6a0c1e025657fcb5fe8	"[""tracked-source"", ""mlkem/src/fips202/fips202x4.c""]"
EXPIREMENTS/OUTPUT TXT FILES( POLY ADD, SUB)/source/mlkem/src/fips202/fips202x4.h	EXPIREMENTS/MLK_POLY_SUB/SUB00A_d9613cf60de3/source/mlkem/src/fips202/fips202x4.h	upstream/mlkem-native/tracked-source-snapshot/mlkem/src/fips202/fips202x4.h	3156	c8d2e50f7ccce19822030786a1a99f0892db63ebe5b020fa91a5383c9700dd22	"[""tracked-source"", ""mlkem/src/fips202/fips202x4.h""]"
EXPIREMENTS/OUTPUT TXT FILES( POLY ADD, SUB)/source/mlkem/src/fips202/keccakf1600.c	EXPIREMENTS/MLK_POLY_SUB/SUB00A_d9613cf60de3/source/mlkem/src/fips202/keccakf1600.c	upstream/mlkem-native/tracked-source-snapshot/mlkem/src/fips202/keccakf1600.c	15788	65770564ec922faca7ec072eefc16bfdba2495a20d51cae0f6cce207835cdd7e	"[""tracked-source"", ""mlkem/src/fips202/keccakf1600.c""]"
EXPIREMENTS/OUTPUT TXT FILES( POLY ADD, SUB)/source/mlkem/src/fips202/keccakf1600.h	EXPIREMENTS/MLK_POLY_SUB/SUB00A_d9613cf60de3/source/mlkem/src/fips202/keccakf1600.h	upstream/mlkem-native/tracked-source-snapshot/mlkem/src/fips202/keccakf1600.h	4385	88c06d4c546f46920a65001bcfad8cabb6173fb01ae071e02412c46043bdf54f	"[""tracked-source"", ""mlkem/src/fips202/keccakf1600.h""]"
EXPIREMENTS/OUTPUT TXT FILES( POLY ADD, SUB)/source/mlkem/src/fips202/native/aarch64/auto.h	EXPIREMENTS/MLK_POLY_SUB/SUB00A_d9613cf60de3/source/mlkem/src/fips202/native/aarch64/auto.h	upstream/mlkem-native/tracked-source-snapshot/mlkem/src/fips202/native/aarch64/auto.h	1947	f97a8f6dc8d311cf6ac19df59b94f6c9d6d2195077517a3260a75608f8e7e5f5	"[""tracked-source"", ""mlkem/src/fips202/native/aarch64/auto.h""]"
EXPIREMENTS/OUTPUT TXT FILES( POLY ADD, SUB)/source/mlkem/src/fips202/native/aarch64/src/fips202_native_aarch64.h	EXPIREMENTS/MLK_POLY_SUB/SUB00A_d9613cf60de3/source/mlkem/src/fips202/native/aarch64/src/fips202_native_aarch64.h	upstream/mlkem-native/tracked-source-snapshot/mlkem/src/fips202/native/aarch64/src/fips202_native_aarch64.h	3421	76f1cd9df93bd940b50f1e8863a72ee58c261be7dd37ae3d696134cde0af6035	"[""tracked-source"", ""mlkem/src/fips202/native/aarch64/src/fips202_native_aarch64.h""]"
EXPIREMENTS/OUTPUT TXT FILES( POLY ADD, SUB)/source/mlkem/src/fips202/native/aarch64/src/keccak_f1600_x1_scalar_aarch64_asm.S	EXPIREMENTS/MLK_POLY_SUB/SUB00A_d9613cf60de3/source/mlkem/src/fips202/native/aarch64/src/keccak_f1600_x1_scalar_aarch64_asm.S	upstream/mlkem-native/tracked-source-snapshot/mlkem/src/fips202/native/aarch64/src/keccak_f1600_x1_scalar_aarch64_asm.S	11529	e74ae617da4ddc5c3d46b67fcad9c4d977054df3107398795229e367c0743235	"[""tracked-source"", ""mlkem/src/fips202/native/aarch64/src/keccak_f1600_x1_scalar_aarch64_asm.S""]"
EXPIREMENTS/OUTPUT TXT FILES( POLY ADD, SUB)/source/mlkem/src/fips202/native/aarch64/src/keccak_f1600_x1_v84a_aarch64_asm.S	EXPIREMENTS/MLK_POLY_SUB/SUB00A_d9613cf60de3/source/mlkem/src/fips202/native/aarch64/src/keccak_f1600_x1_v84a_aarch64_asm.S	upstream/mlkem-native/tracked-source-snapshot/mlkem/src/fips202/native/aarch64/src/keccak_f1600_x1_v84a_aarch64_asm.S	6866	d5d463b3cf4ee7e6857045fdfccb9934a7c035c4eb4a003db4495c019f7374dd	"[""tracked-source"", ""mlkem/src/fips202/native/aarch64/src/keccak_f1600_x1_v84a_aarch64_asm.S""]"
EXPIREMENTS/OUTPUT TXT FILES( POLY ADD, SUB)/source/mlkem/src/fips202/native/aarch64/src/keccak_f1600_x2_v84a_aarch64_asm.S	EXPIREMENTS/MLK_POLY_SUB/SUB00A_d9613cf60de3/source/mlkem/src/fips202/native/aarch64/src/keccak_f1600_x2_v84a_aarch64_asm.S	upstream/mlkem-native/tracked-source-snapshot/mlkem/src/fips202/native/aarch64/src/keccak_f1600_x2_v84a_aarch64_asm.S	8908	946f3e57962359c45bac43c3d6ef6e5b9cc9c96ffb9529423e9bdcad1a6c48d5	"[""tracked-source"", ""mlkem/src/fips202/native/aarch64/src/keccak_f1600_x2_v84a_aarch64_asm.S""]"
EXPIREMENTS/OUTPUT TXT FILES( POLY ADD, SUB)/source/mlkem/src/fips202/native/aarch64/src/keccak_f1600_x4_v8a_scalar_hybrid_aarch64_asm.S	EXPIREMENTS/MLK_POLY_SUB/SUB00A_d9613cf60de3/source/mlkem/src/fips202/native/aarch64/src/keccak_f1600_x4_v8a_scalar_hybrid_aarch64_asm.S	upstream/mlkem-native/tracked-source-snapshot/mlkem/src/fips202/native/aarch64/src/keccak_f1600_x4_v8a_scalar_hybrid_aarch64_asm.S	35896	bfa152161e489d7657952261781fdabf20d7359758d99844cdce99b0d241ad37	"[""tracked-source"", ""mlkem/src/fips202/native/aarch64/src/keccak_f1600_x4_v8a_scalar_hybrid_aarch64_asm.S""]"
EXPIREMENTS/OUTPUT TXT FILES( POLY ADD, SUB)/source/mlkem/src/fips202/native/aarch64/src/keccak_f1600_x4_v8a_v84a_scalar_hybrid_aarch64_asm.S	EXPIREMENTS/MLK_POLY_SUB/SUB00A_d9613cf60de3/source/mlkem/src/fips202/native/aarch64/src/keccak_f1600_x4_v8a_v84a_scalar_hybrid_aarch64_asm.S	upstream/mlkem-native/tracked-source-snapshot/mlkem/src/fips202/native/aarch64/src/keccak_f1600_x4_v8a_v84a_scalar_hybrid_aarch64_asm.S	33164	c7249f421dd8602bb6da728061f99a304476ef041f218d3c775556a7460e5d27	"[""tracked-source"", ""mlkem/src/fips202/native/aarch64/src/keccak_f1600_x4_v8a_v84a_scalar_hybrid_aarch64_asm.S""]"
EXPIREMENTS/OUTPUT TXT FILES( POLY ADD, SUB)/source/mlkem/src/fips202/native/aarch64/src/keccakf1600_round_constants.c	EXPIREMENTS/MLK_POLY_SUB/SUB00A_d9613cf60de3/source/mlkem/src/fips202/native/aarch64/src/keccakf1600_round_constants.c	upstream/mlkem-native/tracked-source-snapshot/mlkem/src/fips202/native/aarch64/src/keccakf1600_round_constants.c	2165	e5ddd2b144d4006bc515a7259dc85be96f2029bcff1ab8802e8aa683767adeb9	"[""tracked-source"", ""mlkem/src/fips202/native/aarch64/src/keccakf1600_round_constants.c""]"
EXPIREMENTS/OUTPUT TXT FILES( POLY ADD, SUB)/source/mlkem/src/fips202/native/aarch64/x1_scalar.h	EXPIREMENTS/MLK_POLY_SUB/SUB00A_d9613cf60de3/source/mlkem/src/fips202/native/aarch64/x1_scalar.h	upstream/mlkem-native/tracked-source-snapshot/mlkem/src/fips202/native/aarch64/x1_scalar.h	765	31a5c395ec7a2fcf084fc64e9e5b36d9b57c60f52242453970888f99a8cd033f	"[""tracked-source"", ""mlkem/src/fips202/native/aarch64/x1_scalar.h""]"
EXPIREMENTS/OUTPUT TXT FILES( POLY ADD, SUB)/source/mlkem/src/fips202/native/aarch64/x1_v84a.h	EXPIREMENTS/MLK_POLY_SUB/SUB00A_d9613cf60de3/source/mlkem/src/fips202/native/aarch64/x1_v84a.h	upstream/mlkem-native/tracked-source-snapshot/mlkem/src/fips202/native/aarch64/x1_v84a.h	923	fd96189141a839c07acfb64e4460841e999716730be080376b2604d0aa709687	"[""tracked-source"", ""mlkem/src/fips202/native/aarch64/x1_v84a.h""]"
EXPIREMENTS/OUTPUT TXT FILES( POLY ADD, SUB)/source/mlkem/src/fips202/native/aarch64/x2_v84a.h	EXPIREMENTS/MLK_POLY_SUB/SUB00A_d9613cf60de3/source/mlkem/src/fips202/native/aarch64/x2_v84a.h	upstream/mlkem-native/tracked-source-snapshot/mlkem/src/fips202/native/aarch64/x2_v84a.h	1099	cea8a31cdac31aae7c62e02d8ee8b223d51fc8e48fd9f0059bed33e2e09476ac	"[""tracked-source"", ""mlkem/src/fips202/native/aarch64/x2_v84a.h""]"
EXPIREMENTS/OUTPUT TXT FILES( POLY ADD, SUB)/source/mlkem/src/fips202/native/aarch64/x4_v8a_scalar.h	EXPIREMENTS/MLK_POLY_SUB/SUB00A_d9613cf60de3/source/mlkem/src/fips202/native/aarch64/x4_v8a_scalar.h	upstream/mlkem-native/tracked-source-snapshot/mlkem/src/fips202/native/aarch64/x4_v8a_scalar.h	765	fc1ba65c9557eddad623ec15e193fa8ff18d970cd348ecd736bed092c5f4f5e2	"[""tracked-source"", ""mlkem/src/fips202/native/aarch64/x4_v8a_scalar.h""]"
EXPIREMENTS/OUTPUT TXT FILES( POLY ADD, SUB)/source/mlkem/src/fips202/native/aarch64/x4_v8a_v84a_scalar.h	EXPIREMENTS/MLK_POLY_SUB/SUB00A_d9613cf60de3/source/mlkem/src/fips202/native/aarch64/x4_v8a_v84a_scalar.h	upstream/mlkem-native/tracked-source-snapshot/mlkem/src/fips202/native/aarch64/x4_v8a_v84a_scalar.h	999	af16e048da60454ae457d8519adf37c1e1ccf5decb455158d6a829be6a030f20	"[""tracked-source"", ""mlkem/src/fips202/native/aarch64/x4_v8a_v84a_scalar.h""]"
EXPIREMENTS/OUTPUT TXT FILES( POLY ADD, SUB)/source/mlkem/src/fips202/native/api.h	EXPIREMENTS/MLK_POLY_SUB/SUB00A_d9613cf60de3/source/mlkem/src/fips202/native/api.h	upstream/mlkem-native/tracked-source-snapshot/mlkem/src/fips202/native/api.h	5069	d4d8734a33d4b91e4ff53955751943ba60ea89a3b9da94a1f8bd42f1b4ee9c86	"[""tracked-source"", ""mlkem/src/fips202/native/api.h""]"
EXPIREMENTS/OUTPUT TXT FILES( POLY ADD, SUB)/source/mlkem/src/fips202/native/armv81m/README.md	EXPIREMENTS/MLK_POLY_SUB/SUB00A_d9613cf60de3/source/mlkem/src/fips202/native/armv81m/README.md	upstream/mlkem-native/tracked-source-snapshot/mlkem/src/fips202/native/armv81m/README.md	483	ef41c9e748a12dac3da3c0a7d9a890115886ee0a1bb8d7141fb76f28fd9e8668	"[""tracked-source"", ""mlkem/src/fips202/native/armv81m/README.md""]"
EXPIREMENTS/OUTPUT TXT FILES( POLY ADD, SUB)/source/mlkem/src/fips202/native/armv81m/mve.h	EXPIREMENTS/MLK_POLY_SUB/SUB00A_d9613cf60de3/source/mlkem/src/fips202/native/armv81m/mve.h	upstream/mlkem-native/tracked-source-snapshot/mlkem/src/fips202/native/armv81m/mve.h	2712	ec2c40f1a020165ce5776373596e657acc4b1ca528236589ed76e6175e44e749	"[""tracked-source"", ""mlkem/src/fips202/native/armv81m/mve.h""]"
EXPIREMENTS/OUTPUT TXT FILES( POLY ADD, SUB)/source/mlkem/src/fips202/native/armv81m/src/fips202_native_armv81m.h	EXPIREMENTS/MLK_POLY_SUB/SUB00A_d9613cf60de3/source/mlkem/src/fips202/native/armv81m/src/fips202_native_armv81m.h	upstream/mlkem-native/tracked-source-snapshot/mlkem/src/fips202/native/armv81m/src/fips202_native_armv81m.h	1702	ca26af0242b3909d82a41581384bf8bd660f5fe84b09a80e4b94addb735f054c	"[""tracked-source"", ""mlkem/src/fips202/native/armv81m/src/fips202_native_armv81m.h""]"
EXPIREMENTS/OUTPUT TXT FILES( POLY ADD, SUB)/source/mlkem/src/fips202/native/armv81m/src/keccak_f1600_x4_mve.S	EXPIREMENTS/MLK_POLY_SUB/SUB00A_d9613cf60de3/source/mlkem/src/fips202/native/armv81m/src/keccak_f1600_x4_mve.S	upstream/mlkem-native/tracked-source-snapshot/mlkem/src/fips202/native/armv81m/src/keccak_f1600_x4_mve.S	21340	8602803d1605213b945d7c6a29b142e521900633751cff9457c0de544fb6f939	"[""tracked-source"", ""mlkem/src/fips202/native/armv81m/src/keccak_f1600_x4_mve.S""]"
EXPIREMENTS/OUTPUT TXT FILES( POLY ADD, SUB)/source/mlkem/src/fips202/native/armv81m/src/keccak_f1600_x4_mve.c	EXPIREMENTS/MLK_POLY_SUB/SUB00A_d9613cf60de3/source/mlkem/src/fips202/native/armv81m/src/keccak_f1600_x4_mve.c	upstream/mlkem-native/tracked-source-snapshot/mlkem/src/fips202/native/armv81m/src/keccak_f1600_x4_mve.c	1281	cc2f5a32ae2c5256088e17e04f89529ca3985baa6813ef4d2f0a971d8698a666	"[""tracked-source"", ""mlkem/src/fips202/native/armv81m/src/keccak_f1600_x4_mve.c""]"
EXPIREMENTS/OUTPUT TXT FILES( POLY ADD, SUB)/source/mlkem/src/fips202/native/armv81m/src/keccakf1600_round_constants.c	EXPIREMENTS/MLK_POLY_SUB/SUB00A_d9613cf60de3/source/mlkem/src/fips202/native/armv81m/src/keccakf1600_round_constants.c	upstream/mlkem-native/tracked-source-snapshot/mlkem/src/fips202/native/armv81m/src/keccakf1600_round_constants.c	1808	a01c0948612bf393e6ba1e1db603474d929245be4a273a7b874b491f0e23e22b	"[""tracked-source"", ""mlkem/src/fips202/native/armv81m/src/keccakf1600_round_constants.c""]"
EXPIREMENTS/OUTPUT TXT FILES( POLY ADD, SUB)/source/mlkem/src/fips202/native/armv81m/src/state_extract_bytes_x4_mve.S	EXPIREMENTS/MLK_POLY_SUB/SUB00A_d9613cf60de3/source/mlkem/src/fips202/native/armv81m/src/state_extract_bytes_x4_mve.S	upstream/mlkem-native/tracked-source-snapshot/mlkem/src/fips202/native/armv81m/src/state_extract_bytes_x4_mve.S	10888	59962bfe29c558c7d7fdcd7e002defa6b25e6bdfd0dd640c0a8be22f95d9e4ec	"[""tracked-source"", ""mlkem/src/fips202/native/armv81m/src/state_extract_bytes_x4_mve.S""]"
EXPIREMENTS/OUTPUT TXT FILES( POLY ADD, SUB)/source/mlkem/src/fips202/native/armv81m/src/state_xor_bytes_x4_mve.S	EXPIREMENTS/MLK_POLY_SUB/SUB00A_d9613cf60de3/source/mlkem/src/fips202/native/armv81m/src/state_xor_bytes_x4_mve.S	upstream/mlkem-native/tracked-source-snapshot/mlkem/src/fips202/native/armv81m/src/state_xor_bytes_x4_mve.S	11550	474c35db3dc49ca8de597c288ac25c849c33483e932b892828ca55d24a81eaf7	"[""tracked-source"", ""mlkem/src/fips202/native/armv81m/src/state_xor_bytes_x4_mve.S""]"
EXPIREMENTS/OUTPUT TXT FILES( POLY ADD, SUB)/source/mlkem/src/fips202/native/auto.h	EXPIREMENTS/MLK_POLY_SUB/SUB00A_d9613cf60de3/source/mlkem/src/fips202/native/auto.h	upstream/mlkem-native/tracked-source-snapshot/mlkem/src/fips202/native/auto.h	742	590e5d36ce4e9d699501b458ea0653a365e12bbd9f63a6abc7bbdaab2d6b2cfd	"[""tracked-source"", ""mlkem/src/fips202/native/auto.h""]"
EXPIREMENTS/OUTPUT TXT FILES( POLY ADD, SUB)/source/mlkem/src/fips202/native/x86_64/keccak_f1600_x4_avx2.h	EXPIREMENTS/MLK_POLY_SUB/SUB00A_d9613cf60de3/source/mlkem/src/fips202/native/x86_64/keccak_f1600_x4_avx2.h	upstream/mlkem-native/tracked-source-snapshot/mlkem/src/fips202/native/x86_64/keccak_f1600_x4_avx2.h	904	30aa6ddce6398b400244c747f6a5653e9ac7fc7f75b43ca07e274a31081dd6a8	"[""tracked-source"", ""mlkem/src/fips202/native/x86_64/keccak_f1600_x4_avx2.h""]"
EXPIREMENTS/OUTPUT TXT FILES( POLY ADD, SUB)/source/mlkem/src/fips202/native/x86_64/src/fips202_native_x86_64.h	EXPIREMENTS/MLK_POLY_SUB/SUB00A_d9613cf60de3/source/mlkem/src/fips202/native/x86_64/src/fips202_native_x86_64.h	upstream/mlkem-native/tracked-source-snapshot/mlkem/src/fips202/native/x86_64/src/fips202_native_x86_64.h	1675	451788547142ab61d2c17439d3e110991f336d90bd432fcd4b04e88c7989fefc	"[""tracked-source"", ""mlkem/src/fips202/native/x86_64/src/fips202_native_x86_64.h""]"
EXPIREMENTS/OUTPUT TXT FILES( POLY ADD, SUB)/source/mlkem/src/fips202/native/x86_64/src/keccak_f1600_x4_avx2_asm.S	EXPIREMENTS/MLK_POLY_SUB/SUB00A_d9613cf60de3/source/mlkem/src/fips202/native/x86_64/src/keccak_f1600_x4_avx2_asm.S	upstream/mlkem-native/tracked-source-snapshot/mlkem/src/fips202/native/x86_64/src/keccak_f1600_x4_avx2_asm.S	19794	14fae0e9c7cb7361df288069cabf521be59fdbe3c07f1cc5ed2362a4a0954bf2	"[""tracked-source"", ""mlkem/src/fips202/native/x86_64/src/keccak_f1600_x4_avx2_asm.S""]"
EXPIREMENTS/OUTPUT TXT FILES( POLY ADD, SUB)/source/mlkem/src/fips202/native/x86_64/src/keccakf1600_constants.c	EXPIREMENTS/MLK_POLY_SUB/SUB00A_d9613cf60de3/source/mlkem/src/fips202/native/x86_64/src/keccakf1600_constants.c	upstream/mlkem-native/tracked-source-snapshot/mlkem/src/fips202/native/x86_64/src/keccakf1600_constants.c	1676	e1783332d6248856c4b53d4b777b50fd4ab0eab409ea1c2722ecfc7b6b8809ac	"[""tracked-source"", ""mlkem/src/fips202/native/x86_64/src/keccakf1600_constants.c""]"
EXPIREMENTS/OUTPUT TXT FILES( POLY ADD, SUB)/source/mlkem/src/indcpa.c	EXPIREMENTS/MLK_POLY_SUB/SUB00A_d9613cf60de3/source/mlkem/src/indcpa.c	upstream/mlkem-native/tracked-source-snapshot/mlkem/src/indcpa.c	23665	ffc9cd09fb9a5926c8540b52181b064e7ae46b3d117e10ca51ac0d0ca940f6bd	"[""tracked-source"", ""mlkem/src/indcpa.c""]"
EXPIREMENTS/OUTPUT TXT FILES( POLY ADD, SUB)/source/mlkem/src/indcpa.h	EXPIREMENTS/MLK_POLY_SUB/SUB00A_d9613cf60de3/source/mlkem/src/indcpa.h	upstream/mlkem-native/tracked-source-snapshot/mlkem/src/indcpa.h	6836	25537257adf04a0db9764a1034f0f7af0be25ec0a37c47faff81fb32ee93c5f1	"[""tracked-source"", ""mlkem/src/indcpa.h""]"
EXPIREMENTS/OUTPUT TXT FILES( POLY ADD, SUB)/source/mlkem/src/kem.c	EXPIREMENTS/MLK_POLY_SUB/SUB00A_d9613cf60de3/source/mlkem/src/kem.c	upstream/mlkem-native/tracked-source-snapshot/mlkem/src/kem.c	13814	b3de1f7602b10c6033eee8b235138190ed09df917ec9326c2b38ce1083c541ce	"[""tracked-source"", ""mlkem/src/kem.c""]"
EXPIREMENTS/OUTPUT TXT FILES( POLY ADD, SUB)/source/mlkem/src/kem.h	EXPIREMENTS/MLK_POLY_SUB/SUB00A_d9613cf60de3/source/mlkem/src/kem.h	upstream/mlkem-native/tracked-source-snapshot/mlkem/src/kem.h	13133	e239f5d705fca7729e7838e836aa2fab814ddc4ffbaf7eeb73a32242b15d960d	"[""tracked-source"", ""mlkem/src/kem.h""]"
EXPIREMENTS/OUTPUT TXT FILES( POLY ADD, SUB)/source/mlkem/src/native/aarch64/README.md	EXPIREMENTS/MLK_POLY_SUB/SUB00A_d9613cf60de3/source/mlkem/src/native/aarch64/README.md	upstream/mlkem-native/tracked-source-snapshot/mlkem/src/native/aarch64/README.md	1211	6ffcd01b440924698a857730185d07fc29f868de611db3555ccd00b2486a4b65	"[""tracked-source"", ""mlkem/src/native/aarch64/README.md""]"
EXPIREMENTS/OUTPUT TXT FILES( POLY ADD, SUB)/source/mlkem/src/native/aarch64/meta.h	EXPIREMENTS/MLK_POLY_SUB/SUB00A_d9613cf60de3/source/mlkem/src/native/aarch64/meta.h	upstream/mlkem-native/tracked-source-snapshot/mlkem/src/native/aarch64/meta.h	4214	2a83df86204cb9b3602a019619a26c24876b2921254caaae53080bff8889f7b2	"[""tracked-source"", ""mlkem/src/native/aarch64/meta.h""]"
EXPIREMENTS/OUTPUT TXT FILES( POLY ADD, SUB)/source/mlkem/src/native/aarch64/src/aarch64_zetas.c	EXPIREMENTS/MLK_POLY_SUB/SUB00A_d9613cf60de3/source/mlkem/src/native/aarch64/src/aarch64_zetas.c	upstream/mlkem-native/tracked-source-snapshot/mlkem/src/native/aarch64/src/aarch64_zetas.c	11373	f254d432c3ad7e9f05b462ccc7c280efeca13af963cd208d62a80c1cdb592517	"[""tracked-source"", ""mlkem/src/native/aarch64/src/aarch64_zetas.c""]"
EXPIREMENTS/OUTPUT TXT FILES( POLY ADD, SUB)/source/mlkem/src/native/aarch64/src/arith_native_aarch64.h	EXPIREMENTS/MLK_POLY_SUB/SUB00A_d9613cf60de3/source/mlkem/src/native/aarch64/src/arith_native_aarch64.h	upstream/mlkem-native/tracked-source-snapshot/mlkem/src/native/aarch64/src/arith_native_aarch64.h	8573	cf3f258e98e21d3db85b6a543677c592e1bdc0cb9e88df647cd85ccd46b71b15	"[""tracked-source"", ""mlkem/src/native/aarch64/src/arith_native_aarch64.h""]"
EXPIREMENTS/OUTPUT TXT FILES( POLY ADD, SUB)/source/mlkem/src/native/aarch64/src/intt_aarch64_asm.S	EXPIREMENTS/MLK_POLY_SUB/SUB00A_d9613cf60de3/source/mlkem/src/native/aarch64/src/intt_aarch64_asm.S	upstream/mlkem-native/tracked-source-snapshot/mlkem/src/native/aarch64/src/intt_aarch64_asm.S	21027	a1eaa2b230ba436c66833f228b1415acde727b9529bdcb3a01c831f2bf909a86	"[""tracked-source"", ""mlkem/src/native/aarch64/src/intt_aarch64_asm.S""]"
EXPIREMENTS/OUTPUT TXT FILES( POLY ADD, SUB)/source/mlkem/src/native/aarch64/src/ntt_aarch64_asm.S	EXPIREMENTS/MLK_POLY_SUB/SUB00A_d9613cf60de3/source/mlkem/src/native/aarch64/src/ntt_aarch64_asm.S	upstream/mlkem-native/tracked-source-snapshot/mlkem/src/native/aarch64/src/ntt_aarch64_asm.S	18623	7a2d7d6cac61982b5948e800396cb9b7ca85d9917cbc357c6877c8961adce093	"[""tracked-source"", ""mlkem/src/native/aarch64/src/ntt_aarch64_asm.S""]"
EXPIREMENTS/OUTPUT TXT FILES( POLY ADD, SUB)/source/mlkem/src/native/aarch64/src/poly_mulcache_compute_aarch64_asm.S	EXPIREMENTS/MLK_POLY_SUB/SUB00A_d9613cf60de3/source/mlkem/src/native/aarch64/src/poly_mulcache_compute_aarch64_asm.S	upstream/mlkem-native/tracked-source-snapshot/mlkem/src/native/aarch64/src/poly_mulcache_compute_aarch64_asm.S	3809	630bf9c93c550df243b3fcb8d32fdb6bba7a1d3d3bc35ff2d66bb0d8f8855037	"[""tracked-source"", ""mlkem/src/native/aarch64/src/poly_mulcache_compute_aarch64_asm.S""]"
EXPIREMENTS/OUTPUT TXT FILES( POLY ADD, SUB)/source/mlkem/src/native/aarch64/src/poly_reduce_aarch64_asm.S	EXPIREMENTS/MLK_POLY_SUB/SUB00A_d9613cf60de3/source/mlkem/src/native/aarch64/src/poly_reduce_aarch64_asm.S	upstream/mlkem-native/tracked-source-snapshot/mlkem/src/native/aarch64/src/poly_reduce_aarch64_asm.S	4695	245f77fb9098c39a5ccd1c586d7194d132db99db6b2a92f6856a25203437c17d	"[""tracked-source"", ""mlkem/src/native/aarch64/src/poly_reduce_aarch64_asm.S""]"
EXPIREMENTS/OUTPUT TXT FILES( POLY ADD, SUB)/source/mlkem/src/native/aarch64/src/poly_tobytes_aarch64_asm.S	EXPIREMENTS/MLK_POLY_SUB/SUB00A_d9613cf60de3/source/mlkem/src/native/aarch64/src/poly_tobytes_aarch64_asm.S	upstream/mlkem-native/tracked-source-snapshot/mlkem/src/native/aarch64/src/poly_tobytes_aarch64_asm.S	3432	f0cb70b6c6ec47f51f5f113fac37468c71e93d0d60438597fc85fa5a69904984	"[""tracked-source"", ""mlkem/src/native/aarch64/src/poly_tobytes_aarch64_asm.S""]"
EXPIREMENTS/OUTPUT TXT FILES( POLY ADD, SUB)/source/mlkem/src/native/aarch64/src/poly_tomont_aarch64_asm.S	EXPIREMENTS/MLK_POLY_SUB/SUB00A_d9613cf60de3/source/mlkem/src/native/aarch64/src/poly_tomont_aarch64_asm.S	upstream/mlkem-native/tracked-source-snapshot/mlkem/src/native/aarch64/src/poly_tomont_aarch64_asm.S	2805	50f8cabcf3ed28f90348be98c25df8d737415e17169438fe03eada4020af1072	"[""tracked-source"", ""mlkem/src/native/aarch64/src/poly_tomont_aarch64_asm.S""]"
EXPIREMENTS/OUTPUT TXT FILES( POLY ADD, SUB)/source/mlkem/src/native/aarch64/src/polyvec_basemul_acc_montgomery_cached_k2_aarch64_asm.S	EXPIREMENTS/MLK_POLY_SUB/SUB00A_d9613cf60de3/source/mlkem/src/native/aarch64/src/polyvec_basemul_acc_montgomery_cached_k2_aarch64_asm.S	upstream/mlkem-native/tracked-source-snapshot/mlkem/src/native/aarch64/src/polyvec_basemul_acc_montgomery_cached_k2_aarch64_asm.S	8599	34c7a0c15ab0ac797ef4cd8e68909b301fc4c58b4160191a8175025561d00228	"[""tracked-source"", ""mlkem/src/native/aarch64/src/polyvec_basemul_acc_montgomery_cached_k2_aarch64_asm.S""]"
EXPIREMENTS/OUTPUT TXT FILES( POLY ADD, SUB)/source/mlkem/src/native/aarch64/src/polyvec_basemul_acc_montgomery_cached_k3_aarch64_asm.S	EXPIREMENTS/MLK_POLY_SUB/SUB00A_d9613cf60de3/source/mlkem/src/native/aarch64/src/polyvec_basemul_acc_montgomery_cached_k3_aarch64_asm.S	upstream/mlkem-native/tracked-source-snapshot/mlkem/src/native/aarch64/src/polyvec_basemul_acc_montgomery_cached_k3_aarch64_asm.S	10443	55dbf56dd5ad62f632cc012139ee9c18cadab5bdbd8b8e3f572006eaf5ef574f	"[""tracked-source"", ""mlkem/src/native/aarch64/src/polyvec_basemul_acc_montgomery_cached_k3_aarch64_asm.S""]"
EXPIREMENTS/OUTPUT TXT FILES( POLY ADD, SUB)/source/mlkem/src/native/aarch64/src/polyvec_basemul_acc_montgomery_cached_k4_aarch64_asm.S	EXPIREMENTS/MLK_POLY_SUB/SUB00A_d9613cf60de3/source/mlkem/src/native/aarch64/src/polyvec_basemul_acc_montgomery_cached_k4_aarch64_asm.S	upstream/mlkem-native/tracked-source-snapshot/mlkem/src/native/aarch64/src/polyvec_basemul_acc_montgomery_cached_k4_aarch64_asm.S	12294	b297e6e3fa544fa5571a706c5c81e29efa2cf1118525729ad8a0dc9cdcb297a6	"[""tracked-source"", ""mlkem/src/native/aarch64/src/polyvec_basemul_acc_montgomery_cached_k4_aarch64_asm.S""]"
EXPIREMENTS/OUTPUT TXT FILES( POLY ADD, SUB)/source/mlkem/src/native/aarch64/src/rej_uniform_aarch64_asm.S	EXPIREMENTS/MLK_POLY_SUB/SUB00A_d9613cf60de3/source/mlkem/src/native/aarch64/src/rej_uniform_aarch64_asm.S	upstream/mlkem-native/tracked-source-snapshot/mlkem/src/native/aarch64/src/rej_uniform_aarch64_asm.S	6566	95c9b75dc261730162bea1803a001ab65dee4c1d9013e0fe37277486fdc6cdb4	"[""tracked-source"", ""mlkem/src/native/aarch64/src/rej_uniform_aarch64_asm.S""]"
EXPIREMENTS/OUTPUT TXT FILES( POLY ADD, SUB)/source/mlkem/src/native/aarch64/src/rej_uniform_table.c	EXPIREMENTS/MLK_POLY_SUB/SUB00A_d9613cf60de3/source/mlkem/src/native/aarch64/src/rej_uniform_table.c	upstream/mlkem-native/tracked-source-snapshot/mlkem/src/native/aarch64/src/rej_uniform_table.c	27620	0f4e7024475acf7cc84adc8c013356fd650e312b9ea8855da32fa1531f4af7f7	"[""tracked-source"", ""mlkem/src/native/aarch64/src/rej_uniform_table.c""]"
EXPIREMENTS/OUTPUT TXT FILES( POLY ADD, SUB)/source/mlkem/src/native/api.h	EXPIREMENTS/MLK_POLY_SUB/SUB00A_d9613cf60de3/source/mlkem/src/native/api.h	upstream/mlkem-native/tracked-source-snapshot/mlkem/src/native/api.h	28338	651e2401c7b63e97442f08d3f6ea422fd425ec85ca47dcfdd02d9f5fa78e5ae9	"[""tracked-source"", ""mlkem/src/native/api.h""]"
EXPIREMENTS/OUTPUT TXT FILES( POLY ADD, SUB)/source/mlkem/src/native/meta.h	EXPIREMENTS/MLK_POLY_SUB/SUB00A_d9613cf60de3/source/mlkem/src/native/meta.h	upstream/mlkem-native/tracked-source-snapshot/mlkem/src/native/meta.h	604	eb30d087373d9f809ef8bcbf5396e68e79f0b210efd9436c47f9c5dd2b07a089	"[""tracked-source"", ""mlkem/src/native/meta.h""]"
EXPIREMENTS/OUTPUT TXT FILES( POLY ADD, SUB)/source/mlkem/src/native/ppc64le/README.md	EXPIREMENTS/MLK_POLY_SUB/SUB00A_d9613cf60de3/source/mlkem/src/native/ppc64le/README.md	upstream/mlkem-native/tracked-source-snapshot/mlkem/src/native/ppc64le/README.md	226	c4ad2278ef016d2816b8d1049b73fd42e5a0f4acc3dd4dba3c969a94d80a2034	"[""tracked-source"", ""mlkem/src/native/ppc64le/README.md""]"
EXPIREMENTS/OUTPUT TXT FILES( POLY ADD, SUB)/source/mlkem/src/native/ppc64le/meta.h	EXPIREMENTS/MLK_POLY_SUB/SUB00A_d9613cf60de3/source/mlkem/src/native/ppc64le/meta.h	upstream/mlkem-native/tracked-source-snapshot/mlkem/src/native/ppc64le/meta.h	1858	ca485705ed13888726c8ddd568be32612c4e118aeaf01e4e2642e17ac138dd78	"[""tracked-source"", ""mlkem/src/native/ppc64le/meta.h""]"
EXPIREMENTS/OUTPUT TXT FILES( POLY ADD, SUB)/source/mlkem/src/native/ppc64le/src/arith_native_ppc64le.h	EXPIREMENTS/MLK_POLY_SUB/SUB00A_d9613cf60de3/source/mlkem/src/native/ppc64le/src/arith_native_ppc64le.h	upstream/mlkem-native/tracked-source-snapshot/mlkem/src/native/ppc64le/src/arith_native_ppc64le.h	794	7db7bf729b7de84356645c4090739e6e20aa40543b788e6d1e68e4b794a6c276	"[""tracked-source"", ""mlkem/src/native/ppc64le/src/arith_native_ppc64le.h""]"
EXPIREMENTS/OUTPUT TXT FILES( POLY ADD, SUB)/source/mlkem/src/native/ppc64le/src/consts.c	EXPIREMENTS/MLK_POLY_SUB/SUB00A_d9613cf60de3/source/mlkem/src/native/ppc64le/src/consts.c	upstream/mlkem-native/tracked-source-snapshot/mlkem/src/native/ppc64le/src/consts.c	15486	f651fcd8d1c53f645cb9ef4a17a86575c787fa0e9cdf3b31c10417f20bcbfe98	"[""tracked-source"", ""mlkem/src/native/ppc64le/src/consts.c""]"
EXPIREMENTS/OUTPUT TXT FILES( POLY ADD, SUB)/source/mlkem/src/native/ppc64le/src/consts.h	EXPIREMENTS/MLK_POLY_SUB/SUB00A_d9613cf60de3/source/mlkem/src/native/ppc64le/src/consts.h	upstream/mlkem-native/tracked-source-snapshot/mlkem/src/native/ppc64le/src/consts.h	985	6da9424313bb9fbb1c0f366df9c058e6464023732c09185be5f829791b6cf12e	"[""tracked-source"", ""mlkem/src/native/ppc64le/src/consts.h""]"
EXPIREMENTS/OUTPUT TXT FILES( POLY ADD, SUB)/source/mlkem/src/native/ppc64le/src/intt_ppc_asm.S	EXPIREMENTS/MLK_POLY_SUB/SUB00A_d9613cf60de3/source/mlkem/src/native/ppc64le/src/intt_ppc_asm.S	upstream/mlkem-native/tracked-source-snapshot/mlkem/src/native/ppc64le/src/intt_ppc_asm.S	83045	94cc285e3d48683028abbc10a5c3f4a6d0b45ea7893803aa8a261aa2cc60fa05	"[""tracked-source"", ""mlkem/src/native/ppc64le/src/intt_ppc_asm.S""]"
EXPIREMENTS/OUTPUT TXT FILES( POLY ADD, SUB)/source/mlkem/src/native/ppc64le/src/ntt_ppc_asm.S	EXPIREMENTS/MLK_POLY_SUB/SUB00A_d9613cf60de3/source/mlkem/src/native/ppc64le/src/ntt_ppc_asm.S	upstream/mlkem-native/tracked-source-snapshot/mlkem/src/native/ppc64le/src/ntt_ppc_asm.S	43102	7d36665c569d02a01c5e8dd436526f7883b99e495553962a05c0dfea7c70445f	"[""tracked-source"", ""mlkem/src/native/ppc64le/src/ntt_ppc_asm.S""]"
EXPIREMENTS/OUTPUT TXT FILES( POLY ADD, SUB)/source/mlkem/src/native/ppc64le/src/poly_tomont_ppc_asm.S	EXPIREMENTS/MLK_POLY_SUB/SUB00A_d9613cf60de3/source/mlkem/src/native/ppc64le/src/poly_tomont_ppc_asm.S	upstream/mlkem-native/tracked-source-snapshot/mlkem/src/native/ppc64le/src/poly_tomont_ppc_asm.S	7637	32654b38a01d10a7bfcf51bfeb71e76cc2e50ea1afba7018cdac20a37f5499fe	"[""tracked-source"", ""mlkem/src/native/ppc64le/src/poly_tomont_ppc_asm.S""]"
EXPIREMENTS/OUTPUT TXT FILES( POLY ADD, SUB)/source/mlkem/src/native/ppc64le/src/reduce_ppc_asm.S	EXPIREMENTS/MLK_POLY_SUB/SUB00A_d9613cf60de3/source/mlkem/src/native/ppc64le/src/reduce_ppc_asm.S	upstream/mlkem-native/tracked-source-snapshot/mlkem/src/native/ppc64le/src/reduce_ppc_asm.S	17924	738c11216081a573954d1a2d6a7a5ca2c35c9e16a9ebe43d17210d8836d4da77	"[""tracked-source"", ""mlkem/src/native/ppc64le/src/reduce_ppc_asm.S""]"
EXPIREMENTS/OUTPUT TXT FILES( POLY ADD, SUB)/source/mlkem/src/native/riscv64/README.md	EXPIREMENTS/MLK_POLY_SUB/SUB00A_d9613cf60de3/source/mlkem/src/native/riscv64/README.md	upstream/mlkem-native/tracked-source-snapshot/mlkem/src/native/riscv64/README.md	495	cc8a354ecbf09f5e490b643440a52d6a33118e04191e3ab8c6754e49aa03ed1b	"[""tracked-source"", ""mlkem/src/native/riscv64/README.md""]"
EXPIREMENTS/OUTPUT TXT FILES( POLY ADD, SUB)/source/mlkem/src/native/riscv64/meta.h	EXPIREMENTS/MLK_POLY_SUB/SUB00A_d9613cf60de3/source/mlkem/src/native/riscv64/meta.h	upstream/mlkem-native/tracked-source-snapshot/mlkem/src/native/riscv64/meta.h	4008	f589ac7e4847a3cfcaee07f8737290c6d57a1022118d1fc883363fa84eca2b93	"[""tracked-source"", ""mlkem/src/native/riscv64/meta.h""]"
EXPIREMENTS/OUTPUT TXT FILES( POLY ADD, SUB)/source/mlkem/src/native/riscv64/src/arith_native_riscv64.h	EXPIREMENTS/MLK_POLY_SUB/SUB00A_d9613cf60de3/source/mlkem/src/native/riscv64/src/arith_native_riscv64.h	upstream/mlkem-native/tracked-source-snapshot/mlkem/src/native/riscv64/src/arith_native_riscv64.h	1849	d66aaf515aaff3da763ab7f636812e7444501f85d8441c4d1acb23fa4820de5e	"[""tracked-source"", ""mlkem/src/native/riscv64/src/arith_native_riscv64.h""]"
EXPIREMENTS/OUTPUT TXT FILES( POLY ADD, SUB)/source/mlkem/src/native/riscv64/src/rv64v_debug.c	EXPIREMENTS/MLK_POLY_SUB/SUB00A_d9613cf60de3/source/mlkem/src/native/riscv64/src/rv64v_debug.c	upstream/mlkem-native/tracked-source-snapshot/mlkem/src/native/riscv64/src/rv64v_debug.c	3133	43855e347be504e3489133e6349cdef8e903646c06d08718ce4addf84e8e79c8	"[""tracked-source"", ""mlkem/src/native/riscv64/src/rv64v_debug.c""]"
EXPIREMENTS/OUTPUT TXT FILES( POLY ADD, SUB)/source/mlkem/src/native/riscv64/src/rv64v_debug.h	EXPIREMENTS/MLK_POLY_SUB/SUB00A_d9613cf60de3/source/mlkem/src/native/riscv64/src/rv64v_debug.h	upstream/mlkem-native/tracked-source-snapshot/mlkem/src/native/riscv64/src/rv64v_debug.h	5860	213b1c5efc36ae5f94ed20a4cda43b9e905819283418b6cfac23e8ba5b449452	"[""tracked-source"", ""mlkem/src/native/riscv64/src/rv64v_debug.h""]"
EXPIREMENTS/OUTPUT TXT FILES( POLY ADD, SUB)/source/mlkem/src/native/riscv64/src/rv64v_izetas.inc	EXPIREMENTS/MLK_POLY_SUB/SUB00A_d9613cf60de3/source/mlkem/src/native/riscv64/src/rv64v_izetas.inc	upstream/mlkem-native/tracked-source-snapshot/mlkem/src/native/riscv64/src/rv64v_izetas.inc	1256	d29ca53fe5a70fcc2dcb3227bff3d92c37e0c35f14f995635026effc7f612422	"[""tracked-source"", ""mlkem/src/native/riscv64/src/rv64v_izetas.inc""]"
EXPIREMENTS/OUTPUT TXT FILES( POLY ADD, SUB)/source/mlkem/src/native/riscv64/src/rv64v_poly.c	EXPIREMENTS/MLK_POLY_SUB/SUB00A_d9613cf60de3/source/mlkem/src/native/riscv64/src/rv64v_poly.c	upstream/mlkem-native/tracked-source-snapshot/mlkem/src/native/riscv64/src/rv64v_poly.c	28791	6f5bc47ccc4b2d357d5aabffed4ae58ee5927415ce14a35169e2e96830c2e1d0	"[""tracked-source"", ""mlkem/src/native/riscv64/src/rv64v_poly.c""]"
EXPIREMENTS/OUTPUT TXT FILES( POLY ADD, SUB)/source/mlkem/src/native/riscv64/src/rv64v_zetas.inc	EXPIREMENTS/MLK_POLY_SUB/SUB00A_d9613cf60de3/source/mlkem/src/native/riscv64/src/rv64v_zetas.inc	upstream/mlkem-native/tracked-source-snapshot/mlkem/src/native/riscv64/src/rv64v_zetas.inc	1256	34ceb2ecb5cdc4f03b830029a31b06ba44efa6bc0e8e615d45277765c57388e4	"[""tracked-source"", ""mlkem/src/native/riscv64/src/rv64v_zetas.inc""]"
EXPIREMENTS/OUTPUT TXT FILES( POLY ADD, SUB)/source/mlkem/src/native/riscv64/src/rv64v_zetas_basemul.inc	EXPIREMENTS/MLK_POLY_SUB/SUB00A_d9613cf60de3/source/mlkem/src/native/riscv64/src/rv64v_zetas_basemul.inc	upstream/mlkem-native/tracked-source-snapshot/mlkem/src/native/riscv64/src/rv64v_zetas_basemul.inc	2203	093d13133e258b9c362e2db0fea19b1d201877a9e1e7e014174a693d9862f5df	"[""tracked-source"", ""mlkem/src/native/riscv64/src/rv64v_zetas_basemul.inc""]"
EXPIREMENTS/OUTPUT TXT FILES( POLY ADD, SUB)/source/mlkem/src/native/x86_64/README.md	EXPIREMENTS/MLK_POLY_SUB/SUB00A_d9613cf60de3/source/mlkem/src/native/x86_64/README.md	upstream/mlkem-native/tracked-source-snapshot/mlkem/src/native/x86_64/README.md	237	59963fb54af67d45463616ac56c579f113ce5193dd74aa694c9dada7e997c214	"[""tracked-source"", ""mlkem/src/native/x86_64/README.md""]"
EXPIREMENTS/OUTPUT TXT FILES( POLY ADD, SUB)/source/mlkem/src/native/x86_64/meta.h	EXPIREMENTS/MLK_POLY_SUB/SUB00A_d9613cf60de3/source/mlkem/src/native/x86_64/meta.h	upstream/mlkem-native/tracked-source-snapshot/mlkem/src/native/x86_64/meta.h	8775	5610fedff3fdc502ba971824ed300f0ad49c7d60ae3ad707c90fa1d815d652a3	"[""tracked-source"", ""mlkem/src/native/x86_64/meta.h""]"
EXPIREMENTS/OUTPUT TXT FILES( POLY ADD, SUB)/source/mlkem/src/native/x86_64/src/arith_native_x86_64.h	EXPIREMENTS/MLK_POLY_SUB/SUB00A_d9613cf60de3/source/mlkem/src/native/x86_64/src/arith_native_x86_64.h	upstream/mlkem-native/tracked-source-snapshot/mlkem/src/native/x86_64/src/arith_native_x86_64.h	13552	ae77631908fc59e4c6fad80d861fbadf920212631394319a04c18bfe14c91764	"[""tracked-source"", ""mlkem/src/native/x86_64/src/arith_native_x86_64.h""]"
EXPIREMENTS/OUTPUT TXT FILES( POLY ADD, SUB)/source/mlkem/src/native/x86_64/src/compress_consts.c	EXPIREMENTS/MLK_POLY_SUB/SUB00A_d9613cf60de3/source/mlkem/src/native/x86_64/src/compress_consts.c	upstream/mlkem-native/tracked-source-snapshot/mlkem/src/native/x86_64/src/compress_consts.c	4105	562965e31635041e2133ccc7602b6185bdce5472541f3b54ac72795fb6bc98f2	"[""tracked-source"", ""mlkem/src/native/x86_64/src/compress_consts.c""]"
EXPIREMENTS/OUTPUT TXT FILES( POLY ADD, SUB)/source/mlkem/src/native/x86_64/src/compress_consts.h	EXPIREMENTS/MLK_POLY_SUB/SUB00A_d9613cf60de3/source/mlkem/src/native/x86_64/src/compress_consts.h	upstream/mlkem-native/tracked-source-snapshot/mlkem/src/native/x86_64/src/compress_consts.h	1589	2748f5adee7f2a50008ba934459533e183b1cebe581eedcb85ece373516bd915	"[""tracked-source"", ""mlkem/src/native/x86_64/src/compress_consts.h""]"
EXPIREMENTS/OUTPUT TXT FILES( POLY ADD, SUB)/source/mlkem/src/native/x86_64/src/consts.c	EXPIREMENTS/MLK_POLY_SUB/SUB00A_d9613cf60de3/source/mlkem/src/native/x86_64/src/consts.c	upstream/mlkem-native/tracked-source-snapshot/mlkem/src/native/x86_64/src/consts.c	5940	92b37dd2361425c2816f624a982b64bbb4b4a7563f02604470c7541a83acf435	"[""tracked-source"", ""mlkem/src/native/x86_64/src/consts.c""]"
EXPIREMENTS/OUTPUT TXT FILES( POLY ADD, SUB)/source/mlkem/src/native/x86_64/src/consts.h	EXPIREMENTS/MLK_POLY_SUB/SUB00A_d9613cf60de3/source/mlkem/src/native/x86_64/src/consts.h	upstream/mlkem-native/tracked-source-snapshot/mlkem/src/native/x86_64/src/consts.h	749	f0046a67ebd4195f6180b179c0fe329c1bbfddc37203825a5ebf0dffa7991e15	"[""tracked-source"", ""mlkem/src/native/x86_64/src/consts.h""]"
EXPIREMENTS/OUTPUT TXT FILES( POLY ADD, SUB)/source/mlkem/src/native/x86_64/src/intt_avx2_asm.S	EXPIREMENTS/MLK_POLY_SUB/SUB00A_d9613cf60de3/source/mlkem/src/native/x86_64/src/intt_avx2_asm.S	upstream/mlkem-native/tracked-source-snapshot/mlkem/src/native/x86_64/src/intt_avx2_asm.S	31616	0c8e9e5f747ad741ccfb4eaa181dbd75451e892ef32defaf3671a27d5e13532f	"[""tracked-source"", ""mlkem/src/native/x86_64/src/intt_avx2_asm.S""]"
EXPIREMENTS/OUTPUT TXT FILES( POLY ADD, SUB)/source/mlkem/src/native/x86_64/src/ntt_avx2_asm.S	EXPIREMENTS/MLK_POLY_SUB/SUB00A_d9613cf60de3/source/mlkem/src/native/x86_64/src/ntt_avx2_asm.S	upstream/mlkem-native/tracked-source-snapshot/mlkem/src/native/x86_64/src/ntt_avx2_asm.S	28067	6b7894ce78137adc104c6a1bd99add231f8332df0961e0e38a5115ae47c716ec	"[""tracked-source"", ""mlkem/src/native/x86_64/src/ntt_avx2_asm.S""]"
EXPIREMENTS/OUTPUT TXT FILES( POLY ADD, SUB)/source/mlkem/src/native/x86_64/src/nttfrombytes_avx2_asm.S	EXPIREMENTS/MLK_POLY_SUB/SUB00A_d9613cf60de3/source/mlkem/src/native/x86_64/src/nttfrombytes_avx2_asm.S	upstream/mlkem-native/tracked-source-snapshot/mlkem/src/native/x86_64/src/nttfrombytes_avx2_asm.S	10313	6acd89086ed3936944191c4df76a9455c64f5e7101e0ef4727af71f753489229	"[""tracked-source"", ""mlkem/src/native/x86_64/src/nttfrombytes_avx2_asm.S""]"
EXPIREMENTS/OUTPUT TXT FILES( POLY ADD, SUB)/source/mlkem/src/native/x86_64/src/ntttobytes_avx2_asm.S	EXPIREMENTS/MLK_POLY_SUB/SUB00A_d9613cf60de3/source/mlkem/src/native/x86_64/src/ntttobytes_avx2_asm.S	upstream/mlkem-native/tracked-source-snapshot/mlkem/src/native/x86_64/src/ntttobytes_avx2_asm.S	9813	90a60f0f4083e2df320aaa3078ad062885eb1812dd596cedc22609cff8d299ab	"[""tracked-source"", ""mlkem/src/native/x86_64/src/ntttobytes_avx2_asm.S""]"
EXPIREMENTS/OUTPUT TXT FILES( POLY ADD, SUB)/source/mlkem/src/native/x86_64/src/nttunpack_avx2_asm.S	EXPIREMENTS/MLK_POLY_SUB/SUB00A_d9613cf60de3/source/mlkem/src/native/x86_64/src/nttunpack_avx2_asm.S	upstream/mlkem-native/tracked-source-snapshot/mlkem/src/native/x86_64/src/nttunpack_avx2_asm.S	11070	71d098aae93ea454c2ee63565feac4e0da8b5e44217ce2e35703f54873086a83	"[""tracked-source"", ""mlkem/src/native/x86_64/src/nttunpack_avx2_asm.S""]"
EXPIREMENTS/OUTPUT TXT FILES( POLY ADD, SUB)/source/mlkem/src/native/x86_64/src/poly_compress_d10_avx2_asm.S	EXPIREMENTS/MLK_POLY_SUB/SUB00A_d9613cf60de3/source/mlkem/src/native/x86_64/src/poly_compress_d10_avx2_asm.S	upstream/mlkem-native/tracked-source-snapshot/mlkem/src/native/x86_64/src/poly_compress_d10_avx2_asm.S	14071	5cbdf9abed600eaa0793b4d629f81257bb458c747719c1e45a5cbe412d031666	"[""tracked-source"", ""mlkem/src/native/x86_64/src/poly_compress_d10_avx2_asm.S""]"
EXPIREMENTS/OUTPUT TXT FILES( POLY ADD, SUB)/source/mlkem/src/native/x86_64/src/poly_compress_d11_avx2_asm.S	EXPIREMENTS/MLK_POLY_SUB/SUB00A_d9613cf60de3/source/mlkem/src/native/x86_64/src/poly_compress_d11_avx2_asm.S	upstream/mlkem-native/tracked-source-snapshot/mlkem/src/native/x86_64/src/poly_compress_d11_avx2_asm.S	18580	066ea6b1d85889494348e42469999d0fa8838ce5123c1464360f8b405fde7015	"[""tracked-source"", ""mlkem/src/native/x86_64/src/poly_compress_d11_avx2_asm.S""]"
EXPIREMENTS/OUTPUT TXT FILES( POLY ADD, SUB)/source/mlkem/src/native/x86_64/src/poly_compress_d4_avx2_asm.S	EXPIREMENTS/MLK_POLY_SUB/SUB00A_d9613cf60de3/source/mlkem/src/native/x86_64/src/poly_compress_d4_avx2_asm.S	upstream/mlkem-native/tracked-source-snapshot/mlkem/src/native/x86_64/src/poly_compress_d4_avx2_asm.S	5608	20a394ae4de9eb360208979b4ba54ee4984d31370619a521faf9d0377a9c7b4a	"[""tracked-source"", ""mlkem/src/native/x86_64/src/poly_compress_d4_avx2_asm.S""]"
EXPIREMENTS/OUTPUT TXT FILES( POLY ADD, SUB)/source/mlkem/src/native/x86_64/src/poly_compress_d5_avx2_asm.S	EXPIREMENTS/MLK_POLY_SUB/SUB00A_d9613cf60de3/source/mlkem/src/native/x86_64/src/poly_compress_d5_avx2_asm.S	upstream/mlkem-native/tracked-source-snapshot/mlkem/src/native/x86_64/src/poly_compress_d5_avx2_asm.S	7704	443cb27ab53815209a18fddb36b7f947bc50eb09285103421ee8fe93e12e0ef1	"[""tracked-source"", ""mlkem/src/native/x86_64/src/poly_compress_d5_avx2_asm.S""]"
EXPIREMENTS/OUTPUT TXT FILES( POLY ADD, SUB)/source/mlkem/src/native/x86_64/src/poly_decompress_d10_avx2_asm.S	EXPIREMENTS/MLK_POLY_SUB/SUB00A_d9613cf60de3/source/mlkem/src/native/x86_64/src/poly_decompress_d10_avx2_asm.S	upstream/mlkem-native/tracked-source-snapshot/mlkem/src/native/x86_64/src/poly_decompress_d10_avx2_asm.S	8351	296f8d0b644848ecbdbf2de6ca50afad0f6e804a63e29fbdd7e712a5c067ccce	"[""tracked-source"", ""mlkem/src/native/x86_64/src/poly_decompress_d10_avx2_asm.S""]"
EXPIREMENTS/OUTPUT TXT FILES( POLY ADD, SUB)/source/mlkem/src/native/x86_64/src/poly_decompress_d11_avx2_asm.S	EXPIREMENTS/MLK_POLY_SUB/SUB00A_d9613cf60de3/source/mlkem/src/native/x86_64/src/poly_decompress_d11_avx2_asm.S	upstream/mlkem-native/tracked-source-snapshot/mlkem/src/native/x86_64/src/poly_decompress_d11_avx2_asm.S	10367	528d9aa25da47a753f8599914023ed3d9938c4452b2d60d8d2a1bdd7fc5e90ef	"[""tracked-source"", ""mlkem/src/native/x86_64/src/poly_decompress_d11_avx2_asm.S""]"
EXPIREMENTS/OUTPUT TXT FILES( POLY ADD, SUB)/source/mlkem/src/native/x86_64/src/poly_decompress_d4_avx2_asm.S	EXPIREMENTS/MLK_POLY_SUB/SUB00A_d9613cf60de3/source/mlkem/src/native/x86_64/src/poly_decompress_d4_avx2_asm.S	upstream/mlkem-native/tracked-source-snapshot/mlkem/src/native/x86_64/src/poly_decompress_d4_avx2_asm.S	6283	9e8ecdc6220a4cd3609803febc1b92489a015ae96010358f3fb648f83700b697	"[""tracked-source"", ""mlkem/src/native/x86_64/src/poly_decompress_d4_avx2_asm.S""]"
EXPIREMENTS/OUTPUT TXT FILES( POLY ADD, SUB)/source/mlkem/src/native/x86_64/src/poly_decompress_d5_avx2_asm.S	EXPIREMENTS/MLK_POLY_SUB/SUB00A_d9613cf60de3/source/mlkem/src/native/x86_64/src/poly_decompress_d5_avx2_asm.S	upstream/mlkem-native/tracked-source-snapshot/mlkem/src/native/x86_64/src/poly_decompress_d5_avx2_asm.S	6903	6f9cb99244fc0abb0406a2dd1cb30483a38257b199e048e909d351fd55a8279b	"[""tracked-source"", ""mlkem/src/native/x86_64/src/poly_decompress_d5_avx2_asm.S""]"
EXPIREMENTS/OUTPUT TXT FILES( POLY ADD, SUB)/source/mlkem/src/native/x86_64/src/poly_mulcache_compute_avx2_asm.S	EXPIREMENTS/MLK_POLY_SUB/SUB00A_d9613cf60de3/source/mlkem/src/native/x86_64/src/poly_mulcache_compute_avx2_asm.S	upstream/mlkem-native/tracked-source-snapshot/mlkem/src/native/x86_64/src/poly_mulcache_compute_avx2_asm.S	2903	92447009530718247cc644d668b32f28e2bebf6744584d86935188490c7ff0e4	"[""tracked-source"", ""mlkem/src/native/x86_64/src/poly_mulcache_compute_avx2_asm.S""]"
EXPIREMENTS/OUTPUT TXT FILES( POLY ADD, SUB)/source/mlkem/src/native/x86_64/src/polyvec_basemul_acc_montgomery_cached_k2_avx2_asm.S	EXPIREMENTS/MLK_POLY_SUB/SUB00A_d9613cf60de3/source/mlkem/src/native/x86_64/src/polyvec_basemul_acc_montgomery_cached_k2_avx2_asm.S	upstream/mlkem-native/tracked-source-snapshot/mlkem/src/native/x86_64/src/polyvec_basemul_acc_montgomery_cached_k2_avx2_asm.S	17974	e18a9bfef13b9ba630ca93ee0ff282dc6f8edb522151037f44426aa3eff52961	"[""tracked-source"", ""mlkem/src/native/x86_64/src/polyvec_basemul_acc_montgomery_cached_k2_avx2_asm.S""]"
EXPIREMENTS/OUTPUT TXT FILES( POLY ADD, SUB)/source/mlkem/src/native/x86_64/src/polyvec_basemul_acc_montgomery_cached_k3_avx2_asm.S	EXPIREMENTS/MLK_POLY_SUB/SUB00A_d9613cf60de3/source/mlkem/src/native/x86_64/src/polyvec_basemul_acc_montgomery_cached_k3_avx2_asm.S	upstream/mlkem-native/tracked-source-snapshot/mlkem/src/native/x86_64/src/polyvec_basemul_acc_montgomery_cached_k3_avx2_asm.S	26918	3897c48ba6b22cadf6e98697d56f92a0f60187318eaa23ddbb0f9ad319327d96	"[""tracked-source"", ""mlkem/src/native/x86_64/src/polyvec_basemul_acc_montgomery_cached_k3_avx2_asm.S""]"
EXPIREMENTS/OUTPUT TXT FILES( POLY ADD, SUB)/source/mlkem/src/native/x86_64/src/polyvec_basemul_acc_montgomery_cached_k4_avx2_asm.S	EXPIREMENTS/MLK_POLY_SUB/SUB00A_d9613cf60de3/source/mlkem/src/native/x86_64/src/polyvec_basemul_acc_montgomery_cached_k4_avx2_asm.S	upstream/mlkem-native/tracked-source-snapshot/mlkem/src/native/x86_64/src/polyvec_basemul_acc_montgomery_cached_k4_avx2_asm.S	35862	60acb35e76b059965ee65550bc95e654fc468cd64e02bb72d3fd5f2efcb5a483	"[""tracked-source"", ""mlkem/src/native/x86_64/src/polyvec_basemul_acc_montgomery_cached_k4_avx2_asm.S""]"
EXPIREMENTS/OUTPUT TXT FILES( POLY ADD, SUB)/source/mlkem/src/native/x86_64/src/reduce_avx2_asm.S	EXPIREMENTS/MLK_POLY_SUB/SUB00A_d9613cf60de3/source/mlkem/src/native/x86_64/src/reduce_avx2_asm.S	upstream/mlkem-native/tracked-source-snapshot/mlkem/src/native/x86_64/src/reduce_avx2_asm.S	7262	7d15668d6ac67492b9ab00cd620b3d8718a2aa69aac1a0183a34a52bc2b07818	"[""tracked-source"", ""mlkem/src/native/x86_64/src/reduce_avx2_asm.S""]"
EXPIREMENTS/OUTPUT TXT FILES( POLY ADD, SUB)/source/mlkem/src/native/x86_64/src/rej_uniform_avx2_asm.S	EXPIREMENTS/MLK_POLY_SUB/SUB00A_d9613cf60de3/source/mlkem/src/native/x86_64/src/rej_uniform_avx2_asm.S	upstream/mlkem-native/tracked-source-snapshot/mlkem/src/native/x86_64/src/rej_uniform_avx2_asm.S	3421	0e3ec471d1bf4fd76969dc25c568117e40cf9c0525b667673e4229b01f1fa5cc	"[""tracked-source"", ""mlkem/src/native/x86_64/src/rej_uniform_avx2_asm.S""]"
EXPIREMENTS/OUTPUT TXT FILES( POLY ADD, SUB)/source/mlkem/src/native/x86_64/src/rej_uniform_table.c	EXPIREMENTS/MLK_POLY_SUB/SUB00A_d9613cf60de3/source/mlkem/src/native/x86_64/src/rej_uniform_table.c	upstream/mlkem-native/tracked-source-snapshot/mlkem/src/native/x86_64/src/rej_uniform_table.c	27658	be662d58c00fdfc8dfa14bdaf580f7af0c21ffb3211eba5e6a89654ab34afa22	"[""tracked-source"", ""mlkem/src/native/x86_64/src/rej_uniform_table.c""]"
EXPIREMENTS/OUTPUT TXT FILES( POLY ADD, SUB)/source/mlkem/src/native/x86_64/src/tomont_avx2_asm.S	EXPIREMENTS/MLK_POLY_SUB/SUB00A_d9613cf60de3/source/mlkem/src/native/x86_64/src/tomont_avx2_asm.S	upstream/mlkem-native/tracked-source-snapshot/mlkem/src/native/x86_64/src/tomont_avx2_asm.S	5091	f512253bb500143daa1262cbf81fe2fcd56292bb4da8754ddfdc36221fd7355c	"[""tracked-source"", ""mlkem/src/native/x86_64/src/tomont_avx2_asm.S""]"
EXPIREMENTS/OUTPUT TXT FILES( POLY ADD, SUB)/source/mlkem/src/params.h	EXPIREMENTS/MLK_POLY_SUB/SUB00A_d9613cf60de3/source/mlkem/src/params.h	upstream/mlkem-native/tracked-source-snapshot/mlkem/src/params.h	2566	450fe3e0e50496921920473ae4321660f178c23d51f1453f3c537ee63c4158cb	"[""tracked-source"", ""mlkem/src/params.h""]"
EXPIREMENTS/OUTPUT TXT FILES( POLY ADD, SUB)/source/mlkem/src/poly.c	EXPIREMENTS/MLK_POLY_SUB/SUB00A_d9613cf60de3/source/mlkem/src/poly.c	upstream/mlkem-native/tracked-source-snapshot/mlkem/src/poly.c	18569	f427dda46e29d53d3e33d683c9a8483bade3568eff43fb97b868a21bfd07c722	"[""tracked-source"", ""mlkem/src/poly.c""]"
EXPIREMENTS/OUTPUT TXT FILES( POLY ADD, SUB)/source/mlkem/src/poly.h	EXPIREMENTS/MLK_POLY_SUB/SUB00A_d9613cf60de3/source/mlkem/src/poly.h	upstream/mlkem-native/tracked-source-snapshot/mlkem/src/poly.h	10117	f24f980110953c1d361e04137e13e2f85f76db776903f85c98f24900e85f7aef	"[""tracked-source"", ""mlkem/src/poly.h""]"
EXPIREMENTS/OUTPUT TXT FILES( POLY ADD, SUB)/source/mlkem/src/poly_k.c	EXPIREMENTS/MLK_POLY_SUB/SUB00A_d9613cf60de3/source/mlkem/src/poly_k.c	upstream/mlkem-native/tracked-source-snapshot/mlkem/src/poly_k.c	17662	7dea24a0591b0fb033f7a8be214d687fbde11541c274a114ac3067af12b87c32	"[""tracked-source"", ""mlkem/src/poly_k.c""]"
EXPIREMENTS/OUTPUT TXT FILES( POLY ADD, SUB)/source/mlkem/src/poly_k.h	EXPIREMENTS/MLK_POLY_SUB/SUB00A_d9613cf60de3/source/mlkem/src/poly_k.h	upstream/mlkem-native/tracked-source-snapshot/mlkem/src/poly_k.h	22592	09bdfd4a19a9cb495832a78d0f099a6c949c40014472b33fb54d66bb56e660e0	"[""tracked-source"", ""mlkem/src/poly_k.h""]"
EXPIREMENTS/OUTPUT TXT FILES( POLY ADD, SUB)/source/mlkem/src/randombytes.h	EXPIREMENTS/MLK_POLY_SUB/SUB00A_d9613cf60de3/source/mlkem/src/randombytes.h	upstream/mlkem-native/tracked-source-snapshot/mlkem/src/randombytes.h	1649	137eb6e5854b8e58c2caec6eea86530c8e7495706f6f5b3e007e25a9875e164f	"[""tracked-source"", ""mlkem/src/randombytes.h""]"
EXPIREMENTS/OUTPUT TXT FILES( POLY ADD, SUB)/source/mlkem/src/sampling.c	EXPIREMENTS/MLK_POLY_SUB/SUB00A_d9613cf60de3/source/mlkem/src/sampling.c	upstream/mlkem-native/tracked-source-snapshot/mlkem/src/sampling.c	12913	0408bd0744346e2c59924ebc8a9a55e750a453b1595fc0fc85532f1626bdec0a	"[""tracked-source"", ""mlkem/src/sampling.c""]"
EXPIREMENTS/OUTPUT TXT FILES( POLY ADD, SUB)/source/mlkem/src/sampling.h	EXPIREMENTS/MLK_POLY_SUB/SUB00A_d9613cf60de3/source/mlkem/src/sampling.h	upstream/mlkem-native/tracked-source-snapshot/mlkem/src/sampling.h	3853	92501263f89afc3d6a5f06079bacbe1dfd5ba6db744c887e08cc1c521c0030eb	"[""tracked-source"", ""mlkem/src/sampling.h""]"
EXPIREMENTS/OUTPUT TXT FILES( POLY ADD, SUB)/source/mlkem/src/symmetric.h	EXPIREMENTS/MLK_POLY_SUB/SUB00A_d9613cf60de3/source/mlkem/src/symmetric.h	upstream/mlkem-native/tracked-source-snapshot/mlkem/src/symmetric.h	2596	168d0ec3bf50bd45cb0a103d7984e9ccf52f78697718b7e85efdf1beda7abc95	"[""tracked-source"", ""mlkem/src/symmetric.h""]"
EXPIREMENTS/OUTPUT TXT FILES( POLY ADD, SUB)/source/mlkem/src/sys.h	EXPIREMENTS/MLK_POLY_SUB/SUB00A_d9613cf60de3/source/mlkem/src/sys.h	upstream/mlkem-native/tracked-source-snapshot/mlkem/src/sys.h	9506	81aa3813cb517dc4c7a08e2523540a76d10fcb798ae4a8a4e13240809dca465b	"[""tracked-source"", ""mlkem/src/sys.h""]"
EXPIREMENTS/OUTPUT TXT FILES( POLY ADD, SUB)/source/mlkem/src/verify.c	EXPIREMENTS/MLK_POLY_SUB/SUB00A_d9613cf60de3/source/mlkem/src/verify.c	upstream/mlkem-native/tracked-source-snapshot/mlkem/src/verify.c	622	f8f89f1b8c8e5811ce134c0d90fb7828027336afeed231dc3ccb7ee6b73b9335	"[""tracked-source"", ""mlkem/src/verify.c""]"
EXPIREMENTS/OUTPUT TXT FILES( POLY ADD, SUB)/source/mlkem/src/verify.h	EXPIREMENTS/MLK_POLY_SUB/SUB00A_d9613cf60de3/source/mlkem/src/verify.h	upstream/mlkem-native/tracked-source-snapshot/mlkem/src/verify.h	15010	13f44749f65099bee5bc55be260932d5e832bbd091335f1e47c31df464c1881f	"[""tracked-source"", ""mlkem/src/verify.h""]"
EXPIREMENTS/OUTPUT TXT FILES( POLY ADD, SUB)/source/mlkem/src/zetas.inc	EXPIREMENTS/MLK_POLY_SUB/SUB00A_d9613cf60de3/source/mlkem/src/zetas.inc	upstream/mlkem-native/tracked-source-snapshot/mlkem/src/zetas.inc	1337	303d1abccc4757d49a5c8df5f88080fefef617b7360056db5311bd94354096d4	"[""tracked-source"", ""mlkem/src/zetas.inc""]"
